0;2023.03.31 14:00;4;22.625;21.875;22.125;335;202;0;
1;2023.03.31 14:15;4;22.625;22.3125;22.5625;335;202;0;
2;2023.03.31 14:30;4;23.125;22.5;22.75;337;202;0;
3;2023.03.31 14:45;4;22.875;22.6875;22.875;338;202;0;
4;2023.03.31 15:00;4;22.375;22.5;22.875;337;202;0;
5;2023.03.31 15:15;4;22.5;22.625;22.875;337;202;0;
6;2023.03.31 15:30;4;22;22.625;23;339;202;0;
7;2023.03.31 15:45;4;21.125;22;22.3125;336;202;0;
8;2023.03.31 16:00;4;20.9375;21.6875;21.9375;335;202;0;
9;2023.03.31 16:15;4;20.875;21.5;21.6875;334;202;0;
10;2023.03.31 16:30;4;20.875;21.375;21.5;334;202;0;
11;2023.03.31 16:45;4;21;21.375;21.375;333;202;0;
12;2023.03.31 17:00;4;20.875;21.25;21.25;333;202;0;
13;2023.03.31 17:15;4;20.75;21.1875;21.125;333;202;0;
14;2023.03.31 17:30;4;20.75;21.125;21.0625;332;202;0;
15;2023.03.31 17:45;4;20.75;21.0625;21;332;202;0;
16;2023.03.31 18:00;4;20.6875;21;20.9375;332;202;0;
17;2023.03.31 18:15;4;20.625;21;20.875;331;202;0;
18;2023.03.31 18:30;4;20.625;20.9375;20.8125;331;202;0;
19;2023.03.31 18:45;4;20.625;20.875;20.75;331;202;0;
20;2023.03.31 19:00;4;20.625;20.875;20.75;331;202;0;
21;2023.03.31 19:15;4;20.625;20.875;20.625;331;202;0;
22;2023.03.31 19:30;4;20.625;20.875;20.625;331;202;0;
23;2023.03.31 19:45;4;20.5625;20.8125;20.625;330;202;0;
24;2023.03.31 20:00;4;20.5625;20.75;20.5;330;202;0;
25;2023.03.31 20:15;4;20.5625;20.75;20.5;330;202;0;
26;2023.03.31 20:30;4;20.5;20.75;20.5;330;202;0;
27;2023.03.31 20:45;4;20.5;20.75;20.5;330;202;0;
28;2023.03.31 21:00;4;20.5;20.75;20.4375;330;202;0;
29;2023.03.31 21:15;4;20.5;20.75;20.375;330;202;0;
30;2023.03.31 21:30;4;20.5;20.6875;20.375;330;202;0;
31;2023.03.31 21:45;4;20.5;20.6875;20.375;329;202;0;
32;2023.03.31 22:00;4;20.5;20.6875;20.375;329;202;0;
33;2023.03.31 22:15;4;20.5;20.625;20.3125;329;202;0;
34;2023.03.31 22:30;4;20.5;20.625;20.3125;329;202;0;
35;2023.03.31 22:45;4;20.5;20.625;20.25;329;202;0;
36;2023.03.31 23:00;4;20.4375;20.625;20.25;329;202;0;
37;2023.03.31 23:15;4;20.4375;20.625;20.25;329;202;0;
38;2023.03.31 23:30;4;20.4375;20.625;20.25;329;202;0;
39;2023.03.31 23:45;4;20.4375;20.625;20.1875;329;202;0;
40;2023.04.01 00:00;4;20.4375;20.625;20.1875;329;202;0;
41;2023.04.01 00:15;4;20.375;20.625;20.1875;328;202;0;
42;2023.04.01 00:30;4;20.375;20.5625;20.125;328;202;0;
43;2023.04.01 00:45;4;20.375;20.5625;20.125;328;202;0;
44;2023.04.01 01:00;4;20.375;20.5625;20.125;328;202;0;
45;2023.04.01 01:15;4;20.375;20.5625;20.125;328;202;0;
46;2023.04.01 01:30;4;20.375;20.5625;20.125;328;202;0;
47;2023.04.01 01:45;4;20.375;20.5;20.125;328;202;0;
48;2023.04.01 02:00;4;20.375;20.5;20.0625;328;202;0;
49;2023.04.01 02:15;4;20.375;20.5;20.0625;328;202;0;
50;2023.04.01 02:30;4;20.375;20.5;20.0625;328;202;0;
51;2023.04.01 02:45;4;20.375;20.5;20.0625;328;202;0;
52;2023.04.01 03:00;4;20.375;20.5;20;328;202;0;
53;2023.04.01 03:15;4;20.375;20.5;20;328;202;0;
54;2023.04.01 03:30;4;20.375;20.5;20;328;202;0;
55;2023.04.01 03:45;4;20.375;20.5;20;327;202;0;
56;2023.04.01 04:00;4;20.375;20.5;20;327;202;0;
57;2023.04.01 04:15;4;20.375;20.5;20;327;202;0;
58;2023.04.01 04:30;4;20.375;20.5;20;327;202;0;
59;2023.04.01 04:45;4;20.375;20.5;20;327;202;0;
60;2023.04.01 05:00;4;20.375;20.5;20;327;202;0;
61;2023.04.01 05:15;4;20.375;20.5;20;327;202;0;
62;2023.04.01 05:30;4;20.375;20.5;19.9375;327;202;0;
63;2023.04.01 05:45;4;20.375;20.5;19.9375;327;202;0;
64;2023.04.01 06:00;4;20.375;20.4375;19.9375;327;202;0;
65;2023.04.01 06:15;4;20.375;20.4375;19.9375;327;202;0;
66;2023.04.01 06:30;4;20.375;20.4375;19.9375;327;202;0;
67;2023.04.01 06:45;4;20.3125;20.4375;19.9375;327;202;0;
68;2023.04.01 07:00;4;20.3125;20.4375;19.875;327;202;0;
69;2023.04.01 07:15;4;20.3125;20.4375;19.875;327;202;0;
70;2023.04.01 07:30;4;20.3125;20.4375;19.875;327;202;0;
71;2023.04.01 07:45;4;20.3125;20.4375;19.875;327;202;0;
72;2023.04.01 08:00;4;20.3125;20.375;19.875;327;202;0;
73;2023.04.01 08:15;4;20.3125;20.4375;19.875;327;202;0;
74;2023.04.01 08:30;4;20.3125;20.375;19.875;326;202;0;
75;2023.04.01 08:45;4;20.3125;20.375;19.875;326;202;0;
76;2023.04.01 09:00;4;20.3125;20.375;19.875;326;202;0;
77;2023.04.01 09:15;4;20.3125;20.375;19.875;326;202;0;
78;2023.04.01 09:30;4;20.3125;20.375;19.875;326;202;0;
79;2023.04.01 09:45;4;20.3125;20.375;19.875;326;202;0;
80;2023.04.01 10:00;4;20.3125;20.375;19.875;326;202;0;
81;2023.04.01 10:15;4;20.3125;20.375;19.875;326;202;0;
82;2023.04.01 10:30;4;20.3125;20.375;19.875;326;202;0;
83;2023.04.01 10:45;4;20.3125;20.375;19.875;326;202;0;
84;2023.04.01 11:00;4;20.3125;20.375;19.875;326;202;0;
85;2023.04.01 11:15;4;20.3125;20.375;19.875;326;202;0;
86;2023.04.01 11:30;4;20.25;20.375;19.8125;326;202;0;
87;2023.04.01 11:45;4;20.25;20.375;19.8125;326;202;0;
88;2023.04.01 12:00;4;20.3125;20.375;19.8125;326;202;0;
89;2023.04.01 12:15;4;20.3125;20.375;19.8125;326;202;0;
90;2023.04.01 12:30;4;20.3125;20.375;19.8125;326;202;0;
91;2023.04.01 12:45;4;20.25;20.375;19.8125;326;202;0;
92;2023.04.01 13:00;4;20.25;20.375;19.8125;326;202;0;
93;2023.04.01 13:15;4;20.3125;20.375;19.8125;326;202;0;
94;2023.04.01 13:30;4;20.25;20.375;19.8125;326;202;0;
95;2023.04.01 13:45;4;20.25;20.375;19.8125;326;202;0;
96;2023.04.01 14:00;4;20.25;20.375;19.75;326;202;0;
97;2023.04.01 14:15;4;20.25;20.375;19.8125;326;202;0;
98;2023.04.01 14:30;4;20.3125;20.375;19.8125;326;202;0;
99;2023.04.01 14:45;4;20.25;20.375;19.75;326;202;0;
100;2023.04.01 15:00;4;20.25;20.375;19.75;325;202;0;
101;2023.04.01 15:15;4;20.25;20.375;19.75;325;202;0;
102;2023.04.01 15:30;4;20.25;20.375;19.75;325;202;0;
103;2023.04.01 15:45;4;20.25;20.375;19.75;325;202;0;
104;2023.04.01 16:00;4;20.25;20.375;19.75;325;202;0;
105;2023.04.01 16:15;4;20.25;20.375;19.75;325;202;0;
106;2023.04.01 16:30;4;20.25;20.375;19.75;325;202;0;
107;2023.04.01 16:45;4;20.25;20.375;19.75;325;202;0;
108;2023.04.01 17:00;4;20.25;20.375;19.75;325;202;0;
109;2023.04.01 17:15;4;20.25;20.375;19.75;325;202;0;
110;2023.04.01 17:30;4;20.25;20.375;19.75;325;202;0;
111;2023.04.01 17:45;4;20.25;20.375;19.75;325;202;0;
112;2023.04.01 18:00;4;20.25;20.375;19.75;325;202;0;
113;2023.04.01 18:15;4;20.25;20.375;19.75;325;202;0;
114;2023.04.01 18:30;4;20.25;20.375;19.75;325;202;0;
115;2023.04.01 18:45;4;20.25;20.375;19.75;325;202;0;
116;2023.04.01 19:00;4;20.25;20.375;19.75;325;202;0;
117;2023.04.01 19:15;4;20.25;20.375;19.75;325;202;0;
118;2023.04.01 19:30;4;20.25;20.375;19.75;325;202;0;
119;2023.04.01 19:45;4;20.25;20.375;19.75;325;202;0;
120;2023.04.01 20:00;4;20.25;20.375;19.75;325;202;0;
121;2023.04.01 20:15;4;20.25;20.375;19.75;325;202;0;
122;2023.04.01 20:30;4;20.25;20.375;19.75;325;202;0;
123;2023.04.01 20:45;4;20.25;20.3125;19.75;325;202;0;
124;2023.04.01 21:00;4;20.25;20.375;19.75;325;202;0;
125;2023.04.01 21:15;4;20.25;20.3125;19.75;325;202;0;
126;2023.04.01 21:30;4;20.25;20.3125;19.75;325;202;0;
127;2023.04.01 21:45;4;20.25;20.3125;19.75;325;202;0;
128;2023.04.01 22:00;4;20.25;20.3125;19.75;325;202;0;
129;2023.04.01 22:15;4;20.25;20.3125;19.75;325;202;0;
130;2023.04.01 22:30;4;20.25;20.3125;19.75;325;202;0;
131;2023.04.01 22:45;4;20.25;20.3125;19.75;325;202;0;
132;2023.04.01 23:00;4;20.25;20.3125;19.75;325;202;0;
133;2023.04.01 23:15;4;20.25;20.3125;19.75;325;202;0;
134;2023.04.01 23:30;4;20.25;20.3125;19.75;325;202;0;
135;2023.04.01 23:45;4;20.25;20.3125;19.75;324;202;0;
136;2023.04.02 00:00;4;20.25;20.3125;19.75;324;202;0;
137;2023.04.02 00:15;4;20.25;20.3125;19.75;324;202;0;
138;2023.04.02 00:30;4;20.25;20.3125;19.75;324;202;0;
139;2023.04.02 00:45;4;20.25;20.3125;19.75;324;202;0;
140;2023.04.02 01:00;4;20.25;20.25;19.75;324;202;0;
141;2023.04.02 01:15;4;20.25;20.25;19.75;324;202;0;
142;2023.04.02 01:30;4;20.25;20.25;19.75;324;202;0;
143;2023.04.02 01:45;4;20.25;20.25;19.75;324;202;0;
144;2023.04.02 02:00;4;20.25;20.25;19.75;324;202;0;
145;2023.04.02 02:15;4;20.25;20.25;19.75;324;202;0;
146;2023.04.02 02:30;4;20.25;20.25;19.75;324;202;0;
147;2023.04.02 02:45;4;20.25;20.25;19.75;324;202;0;
148;2023.04.02 03:00;4;20.25;20.25;19.6875;324;202;0;
149;2023.04.02 03:15;4;20.25;20.25;19.6875;324;202;0;
150;2023.04.02 03:30;4;20.25;20.25;19.6875;324;202;0;
151;2023.04.02 03:45;4;20.25;20.25;19.6875;324;202;0;
152;2023.04.02 04:00;4;20.25;20.25;19.6875;324;202;0;
153;2023.04.02 04:15;4;20.25;20.25;19.6875;324;202;0;
154;2023.04.02 04:30;4;20.25;20.25;19.6875;324;202;0;
155;2023.04.02 04:45;4;20.25;20.25;19.6875;324;202;0;
156;2023.04.02 05:00;4;20.25;20.25;19.6875;324;202;0;
157;2023.04.02 05:15;4;20.25;20.25;19.6875;324;202;0;
158;2023.04.02 05:30;4;20.25;20.25;19.6875;324;202;0;
159;2023.04.02 05:45;4;20.25;20.25;19.6875;324;202;0;
160;2023.04.02 06:00;4;20.25;20.25;19.6875;324;202;0;
161;2023.04.02 06:15;4;20.1875;20.25;19.6875;324;202;0;
162;2023.04.02 06:30;4;20.1875;20.25;19.6875;324;202;0;
163;2023.04.02 06:45;4;20.1875;20.25;19.625;324;202;0;
164;2023.04.02 07:00;4;20.1875;20.25;19.625;324;202;0;
165;2023.04.02 07:15;4;20.125;20.25;19.625;324;202;0;
166;2023.04.02 07:30;4;20.125;20.25;19.625;324;202;0;
167;2023.04.02 07:45;4;20.125;20.25;19.625;324;202;0;
168;2023.04.02 08:00;4;20.125;20.25;19.625;324;202;0;
169;2023.04.02 08:15;4;20.125;20.25;19.625;324;202;0;
170;2023.04.02 08:30;4;20.125;20.25;19.625;323;202;0;
171;2023.04.02 08:45;4;20.125;20.1875;19.625;323;202;0;
172;2023.04.02 09:00;4;20.125;20.1875;19.625;323;202;0;
173;2023.04.02 09:15;4;20.125;20.1875;19.625;323;202;0;
174;2023.04.02 09:30;4;20.125;20.1875;19.625;323;202;0;
175;2023.04.02 09:45;4;20.125;20.1875;19.625;323;202;0;
176;2023.04.02 10:00;4;20.125;20.1875;19.625;323;202;0;
177;2023.04.02 10:15;4;20.125;20.1875;19.625;323;202;0;
178;2023.04.02 10:30;4;20.125;20.1875;19.625;323;202;0;
179;2023.04.02 10:45;4;20.125;20.1875;19.625;323;202;0;
180;2023.04.02 11:00;4;20.125;20.1875;19.625;323;202;0;
181;2023.04.02 11:15;4;20.125;20.125;19.625;323;202;0;
182;2023.04.02 11:30;4;20.125;20.1875;19.625;323;202;0;
183;2023.04.02 11:45;4;20.125;20.125;19.625;323;202;0;
184;2023.04.02 12:00;4;20.125;20.125;19.625;323;202;0;
185;2023.04.02 12:15;4;20.125;20.125;19.625;323;202;0;
186;2023.04.02 12:30;4;20.125;20.125;19.625;323;202;0;
187;2023.04.02 12:45;4;20.125;20.125;19.625;323;202;0;
188;2023.04.02 13:00;4;20.125;20.125;19.625;323;202;0;
189;2023.04.02 13:15;4;20.125;20.125;19.625;323;202;0;
190;2023.04.02 13:30;4;20.125;20.125;19.625;323;202;0;
191;2023.04.02 13:45;4;20.125;20.125;19.625;323;202;0;
192;2023.04.02 14:00;4;20.125;20.125;19.625;323;202;0;
193;2023.04.02 14:15;4;20.125;20.125;19.625;323;202;0;
194;2023.04.02 14:30;4;20.125;20.125;19.625;323;202;0;
195;2023.04.02 14:45;4;20.0625;20.125;19.625;323;202;0;
196;2023.04.02 15:00;4;20.125;20.125;19.625;323;202;0;
197;2023.04.02 15:15;4;20.0625;20.125;19.5625;323;202;0;
198;2023.04.02 15:30;4;20.0625;20.125;19.5625;323;202;0;
199;2023.04.02 15:45;4;20.0625;20.125;19.5625;323;202;0;
200;2023.04.02 16:00;4;20.0625;20.125;19.5625;323;202;0;
201;2023.04.02 16:15;4;20.0625;20.125;19.5625;323;202;0;
202;2023.04.02 16:30;4;20.0625;20.125;19.5625;323;202;0;
203;2023.04.02 16:45;4;20.0625;20.125;19.5625;323;202;0;
204;2023.04.02 17:00;4;20;20.125;19.5625;322;202;0;
205;2023.04.02 17:15;4;20;20.125;19.5625;322;202;0;
206;2023.04.02 17:30;4;20;20.0625;19.5625;322;202;0;
207;2023.04.02 17:45;4;20;20.0625;19.5625;322;202;0;
208;2023.04.02 18:00;4;20;20.0625;19.5625;322;202;0;
209;2023.04.02 18:15;4;20;20.0625;19.5625;322;202;0;
210;2023.04.02 18:30;4;20;20.0625;19.5625;322;202;0;
211;2023.04.02 18:45;4;20;20.0625;19.5;322;202;0;
212;2023.04.02 19:00;4;20;20.0625;19.5;322;202;0;
213;2023.04.02 19:15;4;20;20.0625;19.5;322;202;0;
214;2023.04.02 19:30;4;20;20.0625;19.5;322;202;0;
215;2023.04.02 19:45;4;20;20;19.5;322;202;0;
216;2023.04.02 20:00;4;20;20;19.5;322;202;0;
217;2023.04.02 20:15;4;20;20;19.5;322;202;0;
218;2023.04.02 20:30;4;20;20;19.5;322;202;0;
219;2023.04.02 20:45;4;20;20;19.5;322;202;0;
220;2023.04.02 21:00;4;20;20;19.5;322;202;0;
221;2023.04.02 21:15;4;20;20;19.5;322;202;0;
222;2023.04.02 21:30;4;20;20;19.5;322;202;0;
223;2023.04.02 21:45;4;20;20;19.5;322;202;0;
224;2023.04.02 22:00;4;20;20;19.5;322;202;0;
225;2023.04.02 22:15;4;20;20;19.5;322;202;0;
226;2023.04.02 22:30;4;20;20;19.5;322;202;0;
227;2023.04.02 22:45;4;20;20;19.5;322;202;0;
228;2023.04.02 23:00;4;20;20;19.5;322;202;0;
229;2023.04.02 23:15;4;20;20;19.5;322;202;0;
230;2023.04.02 23:30;4;20;20;19.5;322;202;0;
231;2023.04.02 23:45;4;20;20;19.5;322;202;0;
232;2023.04.03 00:00;4;20;20;19.5;322;202;0;
233;2023.04.03 00:15;4;20;20;19.5;322;202;0;
234;2023.04.03 00:30;4;20;20;19.5;322;202;0;
235;2023.04.03 00:45;4;20;20;19.5;322;202;0;
236;2023.04.03 01:00;4;20;20;19.5;322;202;0;
237;2023.04.03 01:15;4;19.9375;20;19.5;322;202;0;
238;2023.04.03 01:30;4;20;20;19.5;322;202;0;
239;2023.04.03 01:45;4;19.9375;20;19.5;322;202;0;
240;2023.04.03 02:00;4;20;20;19.5;321;202;0;
241;2023.04.03 02:15;4;19.9375;20;19.5;321;202;0;
242;2023.04.03 02:30;4;19.9375;20;19.5;321;202;0;
243;2023.04.03 02:45;4;19.9375;20;19.5;321;202;0;
244;2023.04.03 03:00;4;19.9375;19.9375;19.5;321;202;0;
245;2023.04.03 03:15;4;19.875;19.9375;19.5;321;202;0;
246;2023.04.03 03:30;4;19.875;19.9375;19.5;321;202;0;
247;2023.04.03 03:45;4;19.875;19.9375;19.5;321;202;0;
248;2023.04.03 04:00;4;19.875;19.875;19.5;321;202;0;
249;2023.04.03 04:15;4;19.875;19.875;19.4375;321;202;0;
250;2023.04.03 04:30;4;19.875;19.875;19.4375;321;202;0;
251;2023.04.03 04:45;4;19.875;19.875;19.4375;321;202;0;
252;2023.04.03 05:00;4;19.875;19.875;19.4375;321;202;0;
253;2023.04.03 05:15;4;19.875;19.875;19.4375;321;202;0;
254;2023.04.03 05:30;4;19.875;19.875;19.4375;321;202;0;
255;2023.04.03 05:45;4;19.875;19.875;19.375;321;202;0;
256;2023.04.03 06:00;4;19.875;19.875;19.4375;321;202;0;
257;2023.04.03 06:15;4;19.875;19.875;19.4375;321;202;0;
258;2023.04.03 06:30;4;19.875;19.875;19.4375;321;202;0;
259;2023.04.03 06:45;4;19.875;19.875;19.375;321;202;0;
260;2023.04.03 07:00;4;19.875;19.875;19.375;321;202;0;
261;2023.04.03 07:15;4;19.8125;19.875;19.375;321;202;0;
262;2023.04.03 07:30;4;19.875;19.875;19.375;321;202;0;
263;2023.04.03 07:45;4;19.875;19.875;19.375;321;202;0;
264;2023.04.03 08:00;4;19.75;19.875;19.375;320;202;0;
265;2023.04.03 08:15;4;19.6875;19.75;19.375;320;202;0;
266;2023.04.03 08:30;4;19.625;19.75;19.375;320;202;0;
267;2023.04.03 08:45;4;19.75;19.75;19.3125;320;202;0;
268;2023.04.03 09:00;4;19.625;19.6875;19.3125;320;202;0;
269;2023.04.03 09:15;4;19.875;19.8125;19.3125;320;202;0;
270;2023.04.03 09:30;4;20;19.875;19.375;321;202;0;
271;2023.04.03 09:45;4;19.75;19.875;19.375;320;202;0;
272;2023.04.03 10:00;4;19.75;19.8125;19.375;320;202;0;
273;2023.04.03 10:15;4;19.75;19.75;19.375;320;202;0;
274;2023.04.03 10:30;4;19.75;19.75;19.3125;320;202;0;
275;2023.04.03 10:45;4;19.8125;19.8125;19.375;320;202;0;
276;2023.04.03 11:00;4;19.625;19.75;19.3125;319;202;0;
277;2023.04.03 11:15;4;19.75;19.75;19.3125;320;202;0;
278;2023.04.03 11:30;4;19.875;19.8125;19.3125;320;202;0;
279;2023.04.03 11:45;4;19.875;19.875;19.375;320;202;0;
280;2023.04.03 12:00;4;19.875;19.875;19.375;320;202;0;
281;2023.04.03 12:15;4;20;19.875;19.375;321;202;0;
282;2023.04.03 12:30;4;21.875;20.3125;19.625;328;202;0;
283;2023.04.03 12:45;4;23.625;22;20.5;332;202;0;
284;2023.04.03 13:00;4;23.75;22.875;21;335;202;0;
285;2023.04.03 13:15;4;22.5;22.6875;21.625;327;202;0;
286;2023.04.03 13:30;4;22.125;22.5;21.75;332;202;0;
287;2023.04.03 13:45;4;21.8125;22.375;21.625;331;202;0;
288;2023.04.03 14:00;4;21.5;22.125;21.5625;330;202;0;
289;2023.04.03 14:15;4;21.25;22;21.5;329;202;0;
290;2023.04.03 14:30;4;21;21.8125;21.375;328;202;0;
291;2023.04.03 14:45;4;20.6875;21.625;21.125;328;202;0;
292;2023.04.03 15:00;4;18.6875;20.75;19.3125;322;202;0;
293;2023.04.03 15:15;4;17.125;19.875;18;318;202;0;
294;2023.04.03 15:30;4;15.6875;18.9375;16.3125;313;202;0;
295;2023.04.03 15:45;4;15.8125;18.5625;16.75;312;202;0;
296;2023.04.03 16:00;4;16.125;18.375;16.8125;312;202;0;
297;2023.04.03 16:15;4;15.9375;18.125;16.25;310;202;0;
298;2023.04.03 16:30;4;15.375;17.6875;15.875;308;202;0;
299;2023.04.03 16:45;4;15.5;17.5;16.3125;308;202;0;
300;2023.04.03 17:00;4;15.875;17.5;16.3125;308;202;0;
301;2023.04.03 17:15;4;16.125;17.4375;16.4375;308;202;0;
302;2023.04.03 17:30;4;16.625;17.5;16.75;310;202;0;
303;2023.04.03 17:45;4;16.875;17.5625;17;311;202;0;
304;2023.04.03 18:00;4;17.125;17.625;17.125;312;202;0;
305;2023.04.03 18:15;4;17.1875;17.625;17.25;312;202;0;
306;2023.04.03 18:30;4;17.25;17.6875;17.375;312;202;0;
307;2023.04.03 18:45;4;17.25;17.6875;17.375;312;202;0;
308;2023.04.03 19:00;4;17.25;17.6875;17.375;312;202;0;
309;2023.04.03 19:15;4;17.25;17.625;17.375;312;202;0;
310;2023.04.03 19:30;4;17.25;17.625;17.375;312;202;0;
311;2023.04.03 19:45;4;17.25;17.625;17.3125;312;202;0;
312;2023.04.03 20:00;4;16.875;17.5;17.125;311;202;0;
313;2023.04.03 20:15;4;16.375;17.3125;16.8125;310;202;0;
314;2023.04.03 20:30;4;16;17.0625;16.5;309;202;0;
315;2023.04.03 20:45;4;15.625;16.8125;16.125;307;202;0;
316;2023.04.03 21:00;4;15.3125;16.5625;15.875;306;202;0;
317;2023.04.03 21:15;4;15;16.375;15.5;305;202;0;
318;2023.04.03 21:30;4;14.75;16.125;15.25;304;202;0;
319;2023.04.03 21:45;4;14.5625;15.875;15;303;202;0;
320;2023.04.03 22:00;4;14.375;15.625;14.75;302;202;0;
321;2023.04.03 22:15;4;14.125;15.4375;14.5;301;202;0;
322;2023.04.03 22:30;4;13.9375;15.25;14.25;301;202;0;
323;2023.04.03 22:45;4;13.75;15;14.125;300;202;0;
324;2023.04.03 23:00;4;13.625;14.875;13.875;299;202;0;
325;2023.04.03 23:15;4;13.4375;14.625;13.75;298;202;0;
326;2023.04.03 23:30;4;13.25;14.5;13.5;297;202;0;
327;2023.04.03 23:45;4;13.125;14.3125;13.375;297;202;0;
328;2023.04.04 00:00;4;13;14.125;13.25;296;202;0;
329;2023.04.04 00:15;4;12.875;14;13.0625;295;202;0;
330;2023.04.04 00:30;4;12.6875;13.875;12.875;295;202;0;
331;2023.04.04 00:45;4;12.5;13.6875;12.75;294;202;0;
332;2023.04.04 01:00;4;12.375;13.5;12.625;294;202;0;
333;2023.04.04 01:15;4;12.25;13.375;12.5;293;202;0;
334;2023.04.04 01:30;4;12.125;13.25;12.375;292;202;0;
335;2023.04.04 01:45;4;12;13.0625;12.25;292;202;0;
336;2023.04.04 02:00;4;11.875;12.9375;12.125;291;202;0;
337;2023.04.04 02:15;4;11.75;12.8125;12;290;202;0;
338;2023.04.04 02:30;4;11.625;12.625;11.875;290;202;0;
339;2023.04.04 02:45;4;11.5;12.5;11.75;289;202;0;
340;2023.04.04 03:00;4;11.375;12.375;11.625;289;202;0;
341;2023.04.04 03:15;4;11.25;12.25;11.5;288;202;0;
342;2023.04.04 03:30;4;11.125;12.125;11.375;288;202;0;
343;2023.04.04 03:45;4;11;12;11.25;287;202;0;
344;2023.04.04 04:00;4;10.875;11.875;11.125;287;202;0;
345;2023.04.04 04:15;4;10.75;11.75;11.0625;286;202;0;
346;2023.04.04 04:30;4;10.6875;11.625;10.9375;286;202;0;
347;2023.04.04 04:45;4;10.5625;11.5;10.875;285;202;0;
348;2023.04.04 05:00;4;10.4375;11.375;10.75;285;202;0;
349;2023.04.04 05:15;4;10.3125;11.25;10.625;284;202;0;
350;2023.04.04 05:30;4;10.1875;11.125;10.5;284;202;0;
351;2023.04.04 05:45;4;10.125;11;10.375;283;202;0;
352;2023.04.04 06:00;4;10;10.875;10.25;283;202;0;
353;2023.04.04 06:15;4;9.875;10.8125;10.125;282;202;0;
354;2023.04.04 06:30;4;9.75;10.6875;10;282;202;0;
355;2023.04.04 06:45;4;9.625;10.5625;9.9375;281;202;0;
356;2023.04.04 07:00;4;9.5;10.5;9.875;281;202;0;
357;2023.04.04 07:15;4;9.5;10.375;9.75;280;202;0;
358;2023.04.04 07:30;4;9.375;10.25;9.625;280;202;0;
359;2023.04.04 07:45;4;9.3125;10.125;9.625;280;202;0;
360;2023.04.04 08:00;4;9.25;10.0625;9.5;279;202;0;
361;2023.04.04 08:15;4;9.125;10;9.5;279;202;0;
362;2023.04.04 08:30;4;9.125;9.875;9.375;279;202;0;
363;2023.04.04 08:45;4;9.0625;9.8125;9.375;278;202;0;
364;2023.04.04 09:00;4;9;9.75;9.25;278;202;0;
365;2023.04.04 09:15;4;9;9.6875;9.25;278;202;0;
366;2023.04.04 09:30;4;8.9375;9.625;9.25;278;202;0;
367;2023.04.04 09:45;4;8.9375;9.5625;9.1875;277;202;0;
368;2023.04.04 10:00;4;8.875;9.5;9.125;277;202;0;
369;2023.04.04 10:15;4;8.875;9.5;9.125;277;202;0;
370;2023.04.04 10:30;4;8.875;9.4375;9.125;277;202;0;
371;2023.04.04 10:45;4;8.875;9.375;9.125;277;202;0;
372;2023.04.04 11:00;4;8.875;9.375;9.0625;277;202;0;
373;2023.04.04 11:15;4;8.875;9.375;9.125;277;202;0;
374;2023.04.04 11:30;4;8.875;9.3125;9.125;277;202;0;
375;2023.04.04 11:45;4;8.875;9.3125;9.125;277;202;0;
376;2023.04.04 12:00;4;8.9375;9.3125;9.125;277;202;0;
377;2023.04.04 12:15;4;9;9.25;9.125;277;202;0;
378;2023.04.04 12:30;4;9;9.25;9.125;277;202;0;
379;2023.04.04 12:45;4;9.0625;9.3125;9.25;276;202;0;
380;2023.04.04 13:00;4;9.6875;9.5;9.625;278;202;0;
381;2023.04.04 13:15;4;10.4375;9.875;10.125;280;202;0;
382;2023.04.04 13:30;4;11.0625;10.1875;10.625;281;202;0;
383;2023.04.04 13:45;4;11.625;10.5;11.125;283;202;0;
384;2023.04.04 14:00;4;12.0625;10.875;11.625;285;202;0;
385;2023.04.04 14:15;4;12.5;11.25;12;286;202;0;
386;2023.04.04 14:30;4;12.875;11.5;12.4375;288;202;0;
387;2023.04.04 14:45;4;13.125;11.875;12.8125;289;202;0;
388;2023.04.04 15:00;4;13.5;12.125;13.125;290;202;0;
389;2023.04.04 15:15;4;13.75;12.375;13.5;291;202;0;
390;2023.04.04 15:30;4;14;12.625;13.75;292;202;0;
391;2023.04.04 15:45;4;14.25;12.875;14;293;202;0;
392;2023.04.04 16:00;4;14.5;13.125;14.3125;294;202;0;
393;2023.04.04 16:15;4;14.6875;13.375;14.5;295;202;0;
394;2023.04.04 16:30;4;14.875;13.5625;14.75;296;202;0;
395;2023.04.04 16:45;4;14.8125;13.6875;14.75;296;202;0;
396;2023.04.04 17:00;4;14.75;13.75;14.8125;297;202;0;
397;2023.04.04 17:15;4;14.625;13.875;14.8125;297;202;0;
398;2023.04.04 17:30;4;14.375;13.75;14.625;296;202;0;
399;2023.04.04 17:45;4;13.625;13.5625;14.125;295;202;0;
400;2023.04.04 18:00;4;13;13.25;13.625;293;202;0;
401;2023.04.04 18:15;4;12.4375;13;13.125;292;202;0;
402;2023.04.04 18:30;4;12;12.6875;12.625;290;202;0;
403;2023.04.04 18:45;4;11.625;12.4375;12.25;289;202;0;
404;2023.04.04 19:00;4;11.25;12.125;11.875;288;202;0;
405;2023.04.04 19:15;4;11;11.875;11.5;287;202;0;
406;2023.04.04 19:30;4;10.9375;11.75;11.375;286;202;0;
407;2023.04.04 19:45;4;11.375;11.75;11.5;287;202;0;
408;2023.04.04 20:00;4;11.625;11.875;11.625;287;202;0;
409;2023.04.04 20:15;4;11.75;11.875;11.6875;287;202;0;
410;2023.04.04 20:30;4;11.875;11.9375;11.75;288;202;0;
411;2023.04.04 20:45;4;11.875;12;11.8125;288;202;0;
412;2023.04.04 21:00;4;11.875;12;11.8125;288;202;0;
413;2023.04.04 21:15;4;11.875;12;11.875;288;202;0;
414;2023.04.04 21:30;4;11.8125;11.9375;11.875;288;202;0;
415;2023.04.04 21:45;4;11.75;11.9375;11.8125;288;202;0;
416;2023.04.04 22:00;4;11.75;11.9375;11.8125;287;202;0;
417;2023.04.04 22:15;4;11.75;11.875;11.75;287;202;0;
418;2023.04.04 22:30;4;11.75;11.875;11.75;287;202;0;
419;2023.04.04 22:45;4;11.75;11.875;11.75;287;202;0;
420;2023.04.04 23:00;4;11.75;11.875;11.75;287;202;0;
421;2023.04.04 23:15;4;11.75;11.875;11.75;287;202;0;
422;2023.04.04 23:30;4;11.75;11.875;11.75;287;202;0;
423;2023.04.04 23:45;4;11.6875;11.8125;11.75;287;202;0;
424;2023.04.05 00:00;4;11.6875;11.8125;11.75;287;202;0;
425;2023.04.05 00:15;4;11.625;11.8125;11.6875;287;202;0;
426;2023.04.05 00:30;4;11.625;11.75;11.6875;287;202;0;
427;2023.04.05 00:45;4;11.625;11.75;11.625;287;202;0;
428;2023.04.05 01:00;4;11.5;11.75;11.625;286;202;0;
429;2023.04.05 01:15;4;11.5;11.6875;11.5625;286;202;0;
430;2023.04.05 01:30;4;11.5;11.625;11.5;286;202;0;
431;2023.04.05 01:45;4;11.5;11.625;11.5;286;202;0;
432;2023.04.05 02:00;4;11.5;11.625;11.5;286;202;0;
433;2023.04.05 02:15;4;11.5;11.625;11.5625;286;202;0;
434;2023.04.05 02:30;4;11.5;11.625;11.5625;286;202;0;
435;2023.04.05 02:45;4;11.5;11.625;11.5;286;202;0;
436;2023.04.05 03:00;4;11.5;11.625;11.5;286;202;0;
437;2023.04.05 03:15;4;11.4375;11.625;11.5;286;202;0;
438;2023.04.05 03:30;4;11.375;11.5625;11.5;286;202;0;
439;2023.04.05 03:45;4;11.375;11.5;11.4375;286;202;0;
440;2023.04.05 04:00;4;11.375;11.5;11.375;286;202;0;
441;2023.04.05 04:15;4;11.375;11.5;11.375;286;202;0;
442;2023.04.05 04:30;4;11.3125;11.5;11.375;285;202;0;
443;2023.04.05 04:45;4;11.375;11.5;11.375;286;202;0;
444;2023.04.05 05:00;4;11.625;11.5625;11.625;286;202;0;
445;2023.04.05 05:15;4;11.875;11.625;11.75;287;202;0;
446;2023.04.05 05:30;4;12.125;11.8125;12;287;202;0;
447;2023.04.05 05:45;4;12.5625;12;12.5;289;202;0;
448;2023.04.05 06:00;4;13.4375;12.4375;13.25;291;202;0;
449;2023.04.05 06:15;4;14.25;12.875;14;294;202;0;
450;2023.04.05 06:30;4;15;13.4375;14.875;296;202;0;
451;2023.04.05 06:45;4;15.625;13.9375;15.625;298;202;0;
452;2023.04.05 07:00;4;17.25;15;17.5;306;202;0;
453;2023.04.05 07:15;4;19;16.0625;19.125;310;202;0;
454;2023.04.05 07:30;4;19;16.5;19.5;314;202;0;
455;2023.04.05 07:45;4;18.875;16.75;19.75;313;202;0;
456;2023.04.05 08:00;4;18.75;17;19.875;314;202;0;
457;2023.04.05 08:15;4;18.625;17.125;20;314;202;0;
458;2023.04.05 08:30;4;18.4375;17.1875;19.875;314;202;0;
459;2023.04.05 08:45;4;18.125;17.1875;19.6875;313;202;0;
460;2023.04.05 09:00;4;17.875;17.125;19.5;313;202;0;
461;2023.04.05 09:15;4;17.75;17.1875;19.375;313;202;0;
462;2023.04.05 09:30;4;17.75;17.25;19.3125;313;202;0;
463;2023.04.05 09:45;4;17.75;17.25;19.25;313;202;0;
464;2023.04.05 10:00;4;17.875;17.3125;19.125;313;202;0;
465;2023.04.05 10:15;4;17.875;17.375;19.125;313;202;0;
466;2023.04.05 10:30;4;17.875;17.375;19;314;202;0;
467;2023.04.05 10:45;4;17.875;17.5;18.875;314;202;0;
468;2023.04.05 11:00;4;17.875;17.5;18.75;314;202;0;
469;2023.04.05 11:15;4;17.875;17.5;18.625;314;202;0;
470;2023.04.05 11:30;4;17.875;17.5;18.5;314;202;0;
471;2023.04.05 11:45;4;17.875;17.5625;18.375;314;202;0;
472;2023.04.05 12:00;4;17.9375;17.625;18.25;315;202;0;
473;2023.04.05 12:15;4;18;17.625;18.125;315;202;0;
474;2023.04.05 12:30;4;18;17.625;17.9375;315;202;0;
475;2023.04.05 12:45;4;18;17.625;17.6875;315;202;0;
476;2023.04.05 13:00;4;17.4375;17.5;16.9375;314;202;0;
477;2023.04.05 13:15;4;16.75;17.1875;16.125;312;202;0;
478;2023.04.05 13:30;4;16.125;16.875;15.375;311;202;0;
479;2023.04.05 13:45;4;15.625;16.5;14.6875;309;202;0;
480;2023.04.05 14:00;4;15.125;16.25;14.0625;308;202;0;
481;2023.04.05 14:15;4;14.75;15.875;13.5625;307;202;0;
482;2023.04.05 14:30;4;14.5;15.6875;13.25;305;202;0;
483;2023.04.05 14:45;4;14.375;15.5;13.0625;305;202;0;
484;2023.04.05 15:00;4;14.125;15.25;13.125;301;202;0;
485;2023.04.05 15:15;4;14.0625;15.0625;13.25;300;202;0;
486;2023.04.05 15:30;4;14;14.9375;13.3125;300;202;0;
487;2023.04.05 15:45;4;14;14.8125;13.375;299;202;0;
488;2023.04.05 16:00;4;13.875;14.6875;13.25;299;202;0;
489;2023.04.05 16:15;4;13.875;14.625;13.1875;298;202;0;
490;2023.04.05 16:30;4;13.6875;14.375;13.125;297;202;0;
491;2023.04.05 16:45;4;13.4375;14;13.0625;297;202;0;
492;2023.04.05 17:00;4;14.0625;14.1875;14;297;202;0;
493;2023.04.05 17:15;4;15.375;14.6875;15.125;299;202;0;
494;2023.04.05 17:30;4;17.125;15.5;16.125;318;202;0;
495;2023.04.05 17:45;4;18.5;16.75;17.1875;323;202;0;
496;2023.04.05 18:00;4;18.875;17.375;17.875;325;202;0;
497;2023.04.05 18:15;4;19;17.75;18.25;327;202;0;
498;2023.04.05 18:30;4;19.0625;18;18.5;320;202;0;
499;2023.04.05 18:45;4;19;18.25;18.6875;321;202;0;
500;2023.04.05 19:00;4;19.0625;18.375;18.875;321;202;0;
501;2023.04.05 19:15;4;19.125;18.5;19;321;202;0;
502;2023.04.05 19:30;4;19.125;18.625;19.0625;321;202;0;
503;2023.04.05 19:45;4;19.125;18.6875;19.125;322;202;0;
504;2023.04.05 20:00;4;19.125;18.75;19.125;322;202;0;
505;2023.04.05 20:15;4;19.125;18.8125;19.125;322;202;0;
506;2023.04.05 20:30;4;19.0625;18.875;19.125;322;202;0;
507;2023.04.05 20:45;4;19.0625;18.875;19.125;319;202;0;
508;2023.04.05 21:00;4;19.0625;18.875;19.125;319;202;0;
509;2023.04.05 21:15;4;19.0625;18.9375;19.125;319;202;0;
510;2023.04.05 21:30;4;19.0625;19;19.1875;319;202;0;
511;2023.04.05 21:45;4;19.0625;19;19.1875;319;202;0;
512;2023.04.05 22:00;4;19.0625;19;19.1875;319;202;0;
513;2023.04.05 22:15;4;19;19;19.1875;319;202;0;
514;2023.04.05 22:30;4;19;19;19.1875;319;202;0;
515;2023.04.05 22:45;4;19;19.0625;19.25;319;202;0;
516;2023.04.05 23:00;4;19.0625;19.0625;19.25;319;202;0;
517;2023.04.05 23:15;4;19.0625;19.0625;19.25;319;202;0;
518;2023.04.05 23:30;4;19.125;19.125;19.25;320;202;0;
519;2023.04.05 23:45;4;19.125;19.125;19.25;319;202;0;
520;2023.04.06 00:00;4;19.0625;19.125;19.25;319;202;0;
521;2023.04.06 00:15;4;19.0625;19.125;19.25;319;202;0;
522;2023.04.06 00:30;4;19;19.125;19.25;319;202;0;
523;2023.04.06 00:45;4;19;19.125;19.1875;319;202;0;
524;2023.04.06 01:00;4;19;19.125;19.1875;319;202;0;
525;2023.04.06 01:15;4;18.9375;19.125;19.125;319;202;0;
526;2023.04.06 01:30;4;18.875;19.125;19.125;319;202;0;
527;2023.04.06 01:45;4;18.875;19.0625;19.125;319;202;0;
528;2023.04.06 02:00;4;18.875;19.0625;19.0625;319;202;0;
529;2023.04.06 02:15;4;18.75;19;19;319;202;0;
530;2023.04.06 02:30;4;18.75;19;19;319;202;0;
531;2023.04.06 02:45;4;18.75;19;19;319;202;0;
532;2023.04.06 03:00;4;18.6875;19;18.9375;318;202;0;
533;2023.04.06 03:15;4;18.625;19;18.9375;318;202;0;
534;2023.04.06 03:30;4;18.625;18.9375;18.875;318;202;0;
535;2023.04.06 03:45;4;18.625;18.875;18.875;318;202;0;
536;2023.04.06 04:00;4;18.5625;18.875;18.875;318;202;0;
537;2023.04.06 04:15;4;18.5;18.875;18.8125;318;202;0;
538;2023.04.06 04:30;4;18.5;18.8125;18.75;318;202;0;
539;2023.04.06 04:45;4;18.5;18.8125;18.75;317;202;0;
540;2023.04.06 05:00;4;18.4375;18.75;18.75;317;202;0;
541;2023.04.06 05:15;4;18.375;18.75;18.6875;317;202;0;
542;2023.04.06 05:30;4;18.375;18.75;18.625;317;202;0;
543;2023.04.06 05:45;4;18.375;18.6875;18.625;317;202;0;
544;2023.04.06 06:00;4;18.3125;18.625;18.625;317;202;0;
545;2023.04.06 06:15;4;18.25;18.625;18.625;317;202;0;
546;2023.04.06 06:30;4;18.25;18.625;18.5625;317;202;0;
547;2023.04.06 06:45;4;18.25;18.625;18.5625;317;202;0;
548;2023.04.06 07:00;4;18.25;18.5625;18.5;316;202;0;
549;2023.04.06 07:15;4;18.1875;18.5;18.5;316;202;0;
550;2023.04.06 07:30;4;18.1875;18.5;18.5;316;202;0;
551;2023.04.06 07:45;4;18.125;18.5;18.5;316;202;0;
552;2023.04.06 08:00;4;18.125;18.5;18.4375;316;202;0;
553;2023.04.06 08:15;4;18.125;18.4375;18.4375;316;202;0;
554;2023.04.06 08:30;4;18.125;18.375;18.375;316;202;0;
555;2023.04.06 08:45;4;18.0625;18.375;18.375;316;202;0;
556;2023.04.06 09:00;4;18;18.375;18.375;316;202;0;
557;2023.04.06 09:15;4;18;18.375;18.375;315;202;0;
558;2023.04.06 09:30;4;18;18.3125;18.3125;315;202;0;
559;2023.04.06 09:45;4;18;18.25;18.25;315;202;0;
560;2023.04.06 10:00;4;17.9375;18.25;18.25;315;202;0;
561;2023.04.06 10:15;4;17.875;18.25;18.25;315;202;0;
562;2023.04.06 10:30;4;17.875;18.25;18.1875;315;202;0;
563;2023.04.06 10:45;4;17.875;18.1875;18.1875;315;202;0;
564;2023.04.06 11:00;4;17.8125;18.125;18.125;315;202;0;
565;2023.04.06 11:15;4;17.8125;18.125;18.125;314;202;0;
566;2023.04.06 11:30;4;17.75;18.125;18.125;314;202;0;
567;2023.04.06 11:45;4;17.75;18.125;18.0625;314;202;0;
568;2023.04.06 12:00;4;17.75;18.0625;18.0625;314;202;0;
569;2023.04.06 12:15;4;17.75;18;18;314;202;0;
570;2023.04.06 12:30;4;17.6875;18;18;314;202;0;
571;2023.04.06 12:45;4;17.625;18;18;314;202;0;
572;2023.04.06 13:00;4;17.625;18;18;314;202;0;
573;2023.04.06 13:15;4;17.625;17.9375;17.9375;314;202;0;
574;2023.04.06 13:30;4;17.625;17.875;17.875;314;202;0;
575;2023.04.06 13:45;4;17.5625;17.875;17.875;313;202;0;
576;2023.04.06 14:00;4;17.5;17.875;17.875;313;202;0;
577;2023.04.06 14:15;4;17.5;17.875;17.875;313;202;0;
578;2023.04.06 14:30;4;17.5;17.8125;17.8125;313;202;0;
579;2023.04.06 14:45;4;17.5;17.75;17.8125;313;202;0;
580;2023.04.06 15:00;4;17.5;17.75;17.75;313;202;0;
581;2023.04.06 15:15;4;17.5;17.75;17.75;313;202;0;
582;2023.04.06 15:30;4;17.5;17.75;17.75;313;202;0;
583;2023.04.06 15:45;4;17.4375;17.75;17.75;313;202;0;
584;2023.04.06 16:00;4;17.5;17.75;17.75;313;202;0;
585;2023.04.06 16:15;4;18.625;17.75;17.75;314;202;0;
586;2023.04.06 16:30;4;18.375;17.75;17.8125;314;202;0;
587;2023.04.06 16:45;4;18.25;17.8125;17.875;314;202;0;
588;2023.04.06 17:00;4;18.25;17.875;17.9375;314;202;0;
589;2023.04.06 17:15;4;18.3125;17.875;18;314;202;0;
590;2023.04.06 17:30;4;18.375;17.9375;18.0625;314;202;0;
591;2023.04.06 17:45;4;18.5;18;18.125;315;202;0;
592;2023.04.06 18:00;4;18.5;18;18.25;315;202;0;
593;2023.04.06 18:15;4;18.625;18.125;18.25;315;202;0;
594;2023.04.06 18:30;4;18.625;18.125;18.375;315;202;0;
595;2023.04.06 18:45;4;18.625;18.1875;18.375;315;202;0;
596;2023.04.06 19:00;4;18.625;18.25;18.4375;316;202;0;
597;2023.04.06 19:15;4;18.625;18.25;18.5;316;202;0;
598;2023.04.06 19:30;4;18.625;18.3125;18.5;316;202;0;
599;2023.04.06 19:45;4;18.625;18.375;18.5;316;202;0;
600;2023.04.06 20:00;4;18.625;18.375;18.5625;316;202;0;
601;2023.04.06 20:15;4;18.625;18.375;18.625;316;202;0;
602;2023.04.06 20:30;4;18.625;18.4375;18.625;316;202;0;
603;2023.04.06 20:45;4;18.625;18.5;18.625;316;202;0;
604;2023.04.06 21:00;4;18.625;18.5;18.625;316;202;0;
605;2023.04.06 21:15;4;18.625;18.5;18.625;316;202;0;
606;2023.04.06 21:30;4;18.625;18.5;18.6875;316;202;0;
607;2023.04.06 21:45;4;18.625;18.5;18.6875;316;202;0;
608;2023.04.06 22:00;4;18.625;18.5625;18.75;316;202;0;
609;2023.04.06 22:15;4;18.625;18.5625;18.75;316;202;0;
610;2023.04.06 22:30;4;18.625;18.625;18.75;316;202;0;
611;2023.04.06 22:45;4;18.625;18.625;18.75;316;202;0;
612;2023.04.06 23:00;4;18.625;18.625;18.75;316;202;0;
613;2023.04.06 23:15;4;18.625;18.625;18.75;316;202;0;
614;2023.04.06 23:30;4;18.625;18.625;18.75;316;202;0;
615;2023.04.06 23:45;4;18.625;18.625;18.75;317;202;0;
616;2023.04.07 00:00;4;18.625;18.625;18.8125;316;202;0;
617;2023.04.07 00:15;4;18.625;18.625;18.8125;317;202;0;
618;2023.04.07 00:30;4;18.625;18.625;18.8125;317;202;0;
619;2023.04.07 00:45;4;18.625;18.6875;18.8125;316;202;0;
620;2023.04.07 01:00;4;18.625;18.6875;18.8125;316;202;0;
621;2023.04.07 01:15;4;18.625;18.6875;18.8125;316;202;0;
622;2023.04.07 01:30;4;18.625;18.6875;18.8125;316;202;0;
623;2023.04.07 01:45;4;18.625;18.6875;18.8125;316;202;0;
624;2023.04.07 02:00;4;18.5625;18.6875;18.75;316;202;0;
625;2023.04.07 02:15;4;18.5625;18.6875;18.75;316;202;0;
626;2023.04.07 02:30;4;18.5;18.6875;18.75;316;202;0;
627;2023.04.07 02:45;4;18.5;18.6875;18.75;316;202;0;
628;2023.04.07 03:00;4;18.5;18.6875;18.75;316;202;0;
629;2023.04.07 03:15;4;18.5;18.6875;18.75;316;202;0;
630;2023.04.07 03:30;4;18.5;18.625;18.75;316;202;0;
631;2023.04.07 03:45;4;18.5;18.625;18.75;316;202;0;
632;2023.04.07 04:00;4;18.5;18.625;18.75;316;202;0;
633;2023.04.07 04:15;4;18.5;18.625;18.75;316;202;0;
634;2023.04.07 04:30;4;18.4375;18.625;18.75;316;202;0;
635;2023.04.07 04:45;4;18.4375;18.625;18.75;316;202;0;
636;2023.04.07 05:00;4;18.375;18.625;18.6875;316;202;0;
637;2023.04.07 05:15;4;18.375;18.625;18.6875;316;202;0;
638;2023.04.07 05:30;4;18.375;18.625;18.625;316;202;0;
639;2023.04.07 05:45;4;18.375;18.625;18.625;316;202;0;
640;2023.04.07 06:00;4;18.375;18.625;18.625;316;202;0;
641;2023.04.07 06:15;4;18.375;18.5625;18.625;316;202;0;
642;2023.04.07 06:30;4;18.3125;18.5;18.625;316;202;0;
643;2023.04.07 06:45;4;18.3125;18.5;18.625;315;202;0;
644;2023.04.07 07:00;4;18.25;18.5;18.5625;315;202;0;
645;2023.04.07 07:15;4;18.25;18.5;18.5625;315;202;0;
646;2023.04.07 07:30;4;18.25;18.5;18.5;315;202;0;
647;2023.04.07 07:45;4;18.25;18.5;18.5;315;202;0;
648;2023.04.07 08:00;4;18.25;18.5;18.5;315;202;0;
649;2023.04.07 08:15;4;18.1875;18.4375;18.5;315;202;0;
650;2023.04.07 08:30;4;18.1875;18.4375;18.5;315;202;0;
651;2023.04.07 08:45;4;18.125;18.375;18.5;315;202;0;
652;2023.04.07 09:00;4;18.125;18.375;18.5;315;202;0;
653;2023.04.07 09:15;4;18.125;18.375;18.4375;315;202;0;
654;2023.04.07 09:30;4;18.125;18.375;18.4375;315;202;0;
655;2023.04.07 09:45;4;18.125;18.375;18.375;315;202;0;
656;2023.04.07 10:00;4;18.125;18.375;18.375;315;202;0;
657;2023.04.07 10:15;4;18.125;18.375;18.375;315;202;0;
658;2023.04.07 10:30;4;18.0625;18.3125;18.375;315;202;0;
659;2023.04.07 10:45;4;18.0625;18.3125;18.375;315;202;0;
660;2023.04.07 11:00;4;18;18.25;18.375;314;202;0;
661;2023.04.07 11:15;4;18;18.25;18.375;314;202;0;
662;2023.04.07 11:30;4;18;18.25;18.375;314;202;0;
663;2023.04.07 11:45;4;18;18.25;18.3125;314;202;0;
664;2023.04.07 12:00;4;18;18.25;18.3125;314;202;0;
665;2023.04.07 12:15;4;18;18.25;18.3125;314;202;0;
666;2023.04.07 12:30;4;18;18.25;18.25;314;202;0;
667;2023.04.07 12:45;4;18;18.1875;18.25;314;202;0;
668;2023.04.07 13:00;4;17.9375;18.1875;18.25;314;202;0;
669;2023.04.07 13:15;4;17.9375;18.1875;18.25;314;202;0;
670;2023.04.07 13:30;4;17.875;18.125;18.25;314;202;0;
671;2023.04.07 13:45;4;17.875;18.125;18.25;314;202;0;
672;2023.04.07 14:00;4;17.875;18.125;18.25;314;202;0;
673;2023.04.07 14:15;4;17.875;18.125;18.25;314;202;0;
674;2023.04.07 14:30;4;17.875;18.125;18.25;314;202;0;
675;2023.04.07 14:45;4;17.875;18.125;18.25;314;202;0;
676;2023.04.07 15:00;4;17.875;18.125;18.1875;314;202;0;
677;2023.04.07 15:15;4;17.875;18.125;18.125;314;202;0;
678;2023.04.07 15:30;4;17.875;18.125;18.1875;314;202;0;
679;2023.04.07 15:45;4;17.875;18.0625;18.1875;314;202;0;
680;2023.04.07 16:00;4;18.0625;18.125;18.25;314;202;0;
681;2023.04.07 16:15;4;18.8125;18.125;18.25;315;202;0;
682;2023.04.07 16:30;4;18.75;18.1875;18.3125;315;202;0;
683;2023.04.07 16:45;4;18.6875;18.25;18.375;315;202;0;
684;2023.04.07 17:00;4;18.75;18.25;18.4375;315;202;0;
685;2023.04.07 17:15;4;18.75;18.3125;18.5;315;202;0;
686;2023.04.07 17:30;4;18.875;18.375;18.5625;316;202;0;
687;2023.04.07 17:45;4;18.875;18.4375;18.625;316;202;0;
688;2023.04.07 18:00;4;19;18.5;18.75;316;202;0;
689;2023.04.07 18:15;4;19;18.5;18.8125;316;202;0;
690;2023.04.07 18:30;4;19.125;18.625;18.875;317;202;0;
691;2023.04.07 18:45;4;19.125;18.625;18.875;317;202;0;
692;2023.04.07 19:00;4;19.125;18.75;19;317;202;0;
693;2023.04.07 19:15;4;19.125;18.75;19;317;202;0;
694;2023.04.07 19:30;4;19.1875;18.8125;19.0625;317;202;0;
695;2023.04.07 19:45;4;19.25;18.875;19.125;318;202;0;
696;2023.04.07 20:00;4;19.25;18.875;19.125;318;202;0;
697;2023.04.07 20:15;4;19.25;18.9375;19.1875;318;202;0;
698;2023.04.07 20:30;4;19.25;19;19.25;318;202;0;
699;2023.04.07 20:45;4;19.25;19;19.25;318;202;0;
700;2023.04.07 21:00;4;19.25;19;19.25;318;202;0;
701;2023.04.07 21:15;4;19.25;19.0625;19.25;318;202;0;
702;2023.04.07 21:30;4;19.25;19.125;19.25;318;202;0;
703;2023.04.07 21:45;4;19.25;19.125;19.3125;318;202;0;
704;2023.04.07 22:00;4;19.25;19.125;19.375;319;202;0;
705;2023.04.07 22:15;4;19.25;19.125;19.375;319;202;0;
706;2023.04.07 22:30;4;19.25;19.1875;19.375;319;202;0;
707;2023.04.07 22:45;4;19.25;19.1875;19.375;319;202;0;
708;2023.04.07 23:00;4;19.25;19.25;19.375;319;202;0;
709;2023.04.07 23:15;4;19.25;19.25;19.375;319;202;0;
710;2023.04.07 23:30;4;19.25;19.25;19.375;319;202;0;
711;2023.04.07 23:45;4;19.25;19.25;19.4375;319;202;0;
712;2023.04.08 00:00;4;19.25;19.25;19.4375;319;202;0;
713;2023.04.08 00:15;4;19.25;19.25;19.4375;319;202;0;
714;2023.04.08 00:30;4;19.25;19.25;19.4375;319;202;0;
715;2023.04.08 00:45;4;19.25;19.25;19.4375;319;202;0;
716;2023.04.08 01:00;4;19.25;19.25;19.4375;319;202;0;
717;2023.04.08 01:15;4;19.1875;19.25;19.4375;319;202;0;
718;2023.04.08 01:30;4;19.125;19.25;19.4375;319;202;0;
719;2023.04.08 01:45;4;19.125;19.25;19.375;319;202;0;
720;2023.04.08 02:00;4;19.125;19.25;19.375;319;202;0;
721;2023.04.08 02:15;4;19.125;19.25;19.375;319;202;0;
722;2023.04.08 02:30;4;19.0625;19.25;19.375;319;202;0;
723;2023.04.08 02:45;4;19;19.25;19.3125;319;202;0;
724;2023.04.08 03:00;4;19;19.25;19.3125;319;202;0;
725;2023.04.08 03:15;4;19;19.25;19.25;318;202;0;
726;2023.04.08 03:30;4;19;19.25;19.25;318;202;0;
727;2023.04.08 03:45;4;19;19.1875;19.25;318;202;0;
728;2023.04.08 04:00;4;18.9375;19.1875;19.25;318;202;0;
729;2023.04.08 04:15;4;18.875;19.125;19.25;318;202;0;
730;2023.04.08 04:30;4;18.875;19.125;19.1875;318;202;0;
731;2023.04.08 04:45;4;18.875;19.125;19.125;318;202;0;
732;2023.04.08 05:00;4;18.875;19.125;19.125;318;202;0;
733;2023.04.08 05:15;4;18.875;19.125;19.125;318;202;0;
734;2023.04.08 05:30;4;18.8125;19.0625;19.125;318;202;0;
735;2023.04.08 05:45;4;18.75;19.0625;19.125;318;202;0;
736;2023.04.08 06:00;4;18.75;19;19.125;318;202;0;
737;2023.04.08 06:15;4;18.75;19;19.125;318;202;0;
738;2023.04.08 06:30;4;18.75;19;19.125;318;202;0;
739;2023.04.08 06:45;4;18.75;19;19.0625;318;202;0;
740;2023.04.08 07:00;4;18.75;19;19.0625;318;202;0;
741;2023.04.08 07:15;4;18.75;19;19.0625;318;202;0;
742;2023.04.08 07:30;4;18.75;19;19.0625;318;202;0;
743;2023.04.08 07:45;4;18.75;19;19.0625;318;202;0;
744;2023.04.08 08:00;4;18.75;19;19.0625;318;202;0;
745;2023.04.08 08:15;4;18.75;18.9375;19;317;202;0;
746;2023.04.08 08:30;4;18.75;18.9375;19;317;202;0;
747;2023.04.08 08:45;4;18.6875;18.9375;19;317;202;0;
748;2023.04.08 09:00;4;18.6875;18.9375;19;317;202;0;
749;2023.04.08 09:15;4;18.625;18.875;19;317;202;0;
750;2023.04.08 09:30;4;18.625;18.875;19;317;202;0;
751;2023.04.08 09:45;4;18.625;18.875;19;317;202;0;
752;2023.04.08 10:00;4;18.625;18.875;19;317;202;0;
753;2023.04.08 10:15;4;18.625;18.875;19;317;202;0;
754;2023.04.08 10:30;4;18.625;18.875;18.9375;317;202;0;
755;2023.04.08 10:45;4;18.625;18.875;18.875;317;202;0;
756;2023.04.08 11:00;4;18.5625;18.875;18.875;317;202;0;
757;2023.04.08 11:15;4;18.5;18.8125;18.875;317;202;0;
758;2023.04.08 11:30;4;18.5;18.8125;18.875;317;202;0;
759;2023.04.08 11:45;4;18.5;18.75;18.875;317;202;0;
760;2023.04.08 12:00;4;18.5;18.75;18.8125;317;202;0;
761;2023.04.08 12:15;4;18.5;18.75;18.8125;317;202;0;
762;2023.04.08 12:30;4;18.4375;18.75;18.75;317;202;0;
763;2023.04.08 12:45;4;18.375;18.75;18.75;317;202;0;
764;2023.04.08 13:00;4;18.375;18.6875;18.75;317;202;0;
765;2023.04.08 13:15;4;18.375;18.6875;18.75;316;202;0;
766;2023.04.08 13:30;4;18.375;18.625;18.6875;316;202;0;
767;2023.04.08 13:45;4;18.3125;18.625;18.625;316;202;0;
768;2023.04.08 14:00;4;18.3125;18.625;18.625;316;202;0;
769;2023.04.08 14:15;4;18.25;18.625;18.625;316;202;0;
770;2023.04.08 14:30;4;18.25;18.5625;18.625;316;202;0;
771;2023.04.08 14:45;4;18.25;18.5625;18.625;316;202;0;
772;2023.04.08 15:00;4;18.25;18.5;18.5625;316;202;0;
773;2023.04.08 15:15;4;18.25;18.5;18.5625;316;202;0;
774;2023.04.08 15:30;4;18.25;18.5;18.5625;316;202;0;
775;2023.04.08 15:45;4;18.25;18.5;18.5625;316;202;0;
776;2023.04.08 16:00;4;18.5;18.5;18.5625;316;202;0;
777;2023.04.08 16:15;4;19.25;18.5625;18.625;317;202;0;
778;2023.04.08 16:30;4;19.125;18.625;18.625;317;202;0;
779;2023.04.08 16:45;4;19;18.625;18.6875;317;202;0;
780;2023.04.08 17:00;4;19;18.625;18.75;317;202;0;
781;2023.04.08 17:15;4;19.0625;18.75;18.875;317;202;0;
782;2023.04.08 17:30;4;19.125;18.75;18.875;318;202;0;
783;2023.04.08 17:45;4;19.1875;18.8125;19;318;202;0;
784;2023.04.08 18:00;4;19.25;18.875;19;318;202;0;
785;2023.04.08 18:15;4;19.25;18.875;19.125;318;202;0;
786;2023.04.08 18:30;4;19.25;18.9375;19.125;318;202;0;
787;2023.04.08 18:45;4;19.3125;19;19.1875;319;202;0;
788;2023.04.08 19:00;4;19.3125;19;19.25;319;202;0;
789;2023.04.08 19:15;4;19.3125;19.0625;19.25;319;202;0;
790;2023.04.08 19:30;4;19.3125;19.125;19.25;319;202;0;
791;2023.04.08 19:45;4;19.3125;19.125;19.3125;319;202;0;
792;2023.04.08 20:00;4;19.3125;19.125;19.375;319;202;0;
793;2023.04.08 20:15;4;19.3125;19.1875;19.375;319;202;0;
794;2023.04.08 20:30;4;19.3125;19.1875;19.375;319;202;0;
795;2023.04.08 20:45;4;19.3125;19.25;19.375;319;202;0;
796;2023.04.08 21:00;4;19.3125;19.25;19.375;320;202;0;
797;2023.04.08 21:15;4;19.375;19.25;19.4375;320;202;0;
798;2023.04.08 21:30;4;19.375;19.25;19.5;320;202;0;
799;2023.04.08 21:45;4;19.375;19.3125;19.5;320;202;0;
800;2023.04.08 22:00;4;19.375;19.3125;19.5;320;202;0;
801;2023.04.08 22:15;4;19.375;19.375;19.5;320;202;0;
802;2023.04.08 22:30;4;19.375;19.375;19.5625;320;202;0;
803;2023.04.08 22:45;4;19.375;19.375;19.625;320;202;0;
804;2023.04.08 23:00;4;19.375;19.375;19.625;320;202;0;
805;2023.04.08 23:15;4;19.4375;19.4375;19.625;320;202;0;
806;2023.04.08 23:30;4;19.4375;19.4375;19.625;320;202;0;
807;2023.04.08 23:45;4;19.4375;19.5;19.625;321;202;0;
808;2023.04.09 00:00;4;19.4375;19.5;19.6875;321;202;0;
809;2023.04.09 00:15;4;19.4375;19.5;19.6875;321;202;0;
810;2023.04.09 00:30;4;19.4375;19.5;19.6875;321;202;0;
811;2023.04.09 00:45;4;19.4375;19.5;19.6875;321;202;0;
812;2023.04.09 01:00;4;19.4375;19.5;19.6875;321;202;0;
813;2023.04.09 01:15;4;19.375;19.5;19.6875;321;202;0;
814;2023.04.09 01:30;4;19.375;19.5;19.6875;321;202;0;
815;2023.04.09 01:45;4;19.375;19.5625;19.6875;321;202;0;
816;2023.04.09 02:00;4;19.375;19.5625;19.6875;321;202;0;
817;2023.04.09 02:15;4;19.375;19.5625;19.6875;321;202;0;
818;2023.04.09 02:30;4;19.375;19.5625;19.6875;321;202;0;
819;2023.04.09 02:45;4;19.375;19.5625;19.6875;321;202;0;
820;2023.04.09 03:00;4;19.375;19.5625;19.6875;321;202;0;
821;2023.04.09 03:15;4;19.375;19.5625;19.6875;321;202;0;
822;2023.04.09 03:30;4;19.375;19.5625;19.625;321;202;0;
823;2023.04.09 03:45;4;19.375;19.5625;19.625;321;202;0;
824;2023.04.09 04:00;4;19.3125;19.5625;19.625;321;202;0;
825;2023.04.09 04:15;4;19.25;19.5;19.625;321;202;0;
826;2023.04.09 04:30;4;19.25;19.5;19.5625;321;202;0;
827;2023.04.09 04:45;4;19.25;19.5;19.5;321;202;0;
828;2023.04.09 05:00;4;19.25;19.5;19.5;321;202;0;
829;2023.04.09 05:15;4;19.1875;19.5;19.5;321;202;0;
830;2023.04.09 05:30;4;19.125;19.5;19.5;321;202;0;
831;2023.04.09 05:45;4;19.125;19.4375;19.4375;320;202;0;
832;2023.04.09 06:00;4;19.125;19.375;19.4375;320;202;0;
833;2023.04.09 06:15;4;19.125;19.375;19.375;320;202;0;
834;2023.04.09 06:30;4;19.0625;19.375;19.375;320;202;0;
835;2023.04.09 06:45;4;19;19.375;19.375;320;202;0;
836;2023.04.09 07:00;4;19;19.375;19.3125;320;202;0;
837;2023.04.09 07:15;4;19;19.3125;19.25;320;202;0;
838;2023.04.09 07:30;4;19;19.25;19.25;320;202;0;
839;2023.04.09 07:45;4;18.9375;19.25;19.25;320;202;0;
840;2023.04.09 08:00;4;18.875;19.25;19.25;320;202;0;
841;2023.04.09 08:15;4;18.875;19.25;19.1875;319;202;0;
842;2023.04.09 08:30;4;18.875;19.1875;19.125;319;202;0;
843;2023.04.09 08:45;4;18.8125;19.1875;19.125;319;202;0;
844;2023.04.09 09:00;4;18.8125;19.125;19.125;319;202;0;
845;2023.04.09 09:15;4;18.75;19.125;19.125;319;202;0;
846;2023.04.09 09:30;4;18.75;19.125;19.0625;319;202;0;
847;2023.04.09 09:45;4;18.75;19.0625;19;319;202;0;
848;2023.04.09 10:00;4;18.6875;19;19;319;202;0;
849;2023.04.09 10:15;4;18.6875;19;19;319;202;0;
850;2023.04.09 10:30;4;18.625;19;19;319;202;0;
851;2023.04.09 10:45;4;18.625;19;18.9375;319;202;0;
852;2023.04.09 11:00;4;18.625;18.9375;18.875;318;202;0;
853;2023.04.09 11:15;4;18.625;18.875;18.875;318;202;0;
854;2023.04.09 11:30;4;18.5625;18.875;18.875;318;202;0;
855;2023.04.09 11:45;4;18.5;18.875;18.875;318;202;0;
856;2023.04.09 12:00;4;18.5;18.875;18.8125;318;202;0;
857;2023.04.09 12:15;4;18.5;18.8125;18.75;318;202;0;
858;2023.04.09 12:30;4;18.5;18.75;18.75;318;202;0;
859;2023.04.09 12:45;4;18.4375;18.75;18.75;318;202;0;
860;2023.04.09 13:00;4;18.4375;18.75;18.75;318;202;0;
861;2023.04.09 13:15;4;18.375;18.75;18.6875;318;202;0;
862;2023.04.09 13:30;4;18.375;18.6875;18.6875;317;202;0;
863;2023.04.09 13:45;4;18.375;18.6875;18.625;317;202;0;
864;2023.04.09 14:00;4;18.375;18.625;18.625;317;202;0;
865;2023.04.09 14:15;4;18.3125;18.625;18.625;317;202;0;
866;2023.04.09 14:30;4;18.3125;18.625;18.625;317;202;0;
867;2023.04.09 14:45;4;18.3125;18.625;18.625;317;202;0;
868;2023.04.09 15:00;4;18.25;18.625;18.5625;317;202;0;
869;2023.04.09 15:15;4;18.25;18.5625;18.5625;317;202;0;
870;2023.04.09 15:30;4;18.25;18.5625;18.5625;317;202;0;
871;2023.04.09 15:45;4;18.25;18.5;18.5625;317;202;0;
872;2023.04.09 16:00;4;18.75;18.5625;18.5625;318;202;0;
873;2023.04.09 16:15;4;19.375;18.625;18.625;319;202;0;
874;2023.04.09 16:30;4;19.25;18.625;18.625;318;202;0;
875;2023.04.09 16:45;4;19.125;18.6875;18.6875;319;202;0;
876;2023.04.09 17:00;4;19.125;18.75;18.75;319;202;0;
877;2023.04.09 17:15;4;19.125;18.75;18.875;319;202;0;
878;2023.04.09 17:30;4;19.25;18.8125;18.9375;319;202;0;
879;2023.04.09 17:45;4;19.25;18.875;19;319;202;0;
880;2023.04.09 18:00;4;19.375;18.9375;19.125;320;202;0;
881;2023.04.09 18:15;4;19.375;19;19.125;320;202;0;
882;2023.04.09 18:30;4;19.375;19;19.25;320;202;0;
883;2023.04.09 18:45;4;19.4375;19.0625;19.25;320;202;0;
884;2023.04.09 19:00;4;19.5;19.125;19.3125;320;202;0;
885;2023.04.09 19:15;4;19.5;19.125;19.375;321;202;0;
886;2023.04.09 19:30;4;19.5;19.25;19.375;321;202;0;
887;2023.04.09 19:45;4;19.5;19.25;19.4375;321;202;0;
888;2023.04.09 20:00;4;19.5;19.25;19.5;321;202;0;
889;2023.04.09 20:15;4;19.5;19.3125;19.5;321;202;0;
890;2023.04.09 20:30;4;19.5;19.375;19.5;321;202;0;
891;2023.04.09 20:45;4;19.5;19.375;19.5625;321;202;0;
892;2023.04.09 21:00;4;19.5;19.375;19.625;322;202;0;
893;2023.04.09 21:15;4;19.5625;19.4375;19.625;322;202;0;
894;2023.04.09 21:30;4;19.5625;19.5;19.625;322;202;0;
895;2023.04.09 21:45;4;19.625;19.5;19.6875;322;202;0;
896;2023.04.09 22:00;4;19.625;19.5;19.75;322;202;0;
897;2023.04.09 22:15;4;19.625;19.5;19.75;322;202;0;
898;2023.04.09 22:30;4;19.625;19.5625;19.8125;322;202;0;
899;2023.04.09 22:45;4;19.625;19.625;19.8125;322;202;0;
900;2023.04.09 23:00;4;19.6875;19.625;19.875;322;202;0;
901;2023.04.09 23:15;4;19.75;19.625;19.875;323;202;0;
902;2023.04.09 23:30;4;19.75;19.6875;19.9375;323;202;0;
903;2023.04.09 23:45;4;19.75;19.75;20;323;202;0;
904;2023.04.10 00:00;4;19.75;19.75;20;323;202;0;
905;2023.04.10 00:15;4;19.8125;19.75;20;323;202;0;
906;2023.04.10 00:30;4;19.875;19.8125;20.0625;323;202;0;
907;2023.04.10 00:45;4;19.875;19.8125;20.0625;323;202;0;
908;2023.04.10 01:00;4;19.875;19.875;20.125;323;202;0;
909;2023.04.10 01:15;4;19.875;19.875;20.125;324;202;0;
910;2023.04.10 01:30;4;19.875;19.875;20.125;324;202;0;
911;2023.04.10 01:45;4;19.875;19.9375;20.125;324;202;0;
912;2023.04.10 02:00;4;19.875;19.9375;20.125;324;202;0;
913;2023.04.10 02:15;4;19.875;20;20.1875;324;202;0;
914;2023.04.10 02:30;4;19.875;20;20.1875;324;202;0;
915;2023.04.10 02:45;4;19.875;20;20.1875;324;202;0;
916;2023.04.10 03:00;4;19.875;20;20.1875;324;202;0;
917;2023.04.10 03:15;4;19.875;20;20.125;324;202;0;
918;2023.04.10 03:30;4;19.875;20;20.125;324;202;0;
919;2023.04.10 03:45;4;19.875;20;20.125;324;202;0;
920;2023.04.10 04:00;4;19.8125;20;20.125;324;202;0;
921;2023.04.10 04:15;4;19.8125;20;20.125;324;202;0;
922;2023.04.10 04:30;4;19.75;20;20.0625;324;202;0;
923;2023.04.10 04:45;4;19.75;20;20;324;202;0;
924;2023.04.10 05:00;4;19.75;20;20;324;202;0;
925;2023.04.10 05:15;4;19.6875;19.9375;20;324;202;0;
926;2023.04.10 05:30;4;19.625;19.9375;19.9375;324;202;0;
927;2023.04.10 05:45;4;19.625;19.875;19.875;323;202;0;
928;2023.04.10 06:00;4;19.625;19.875;19.875;323;202;0;
929;2023.04.10 06:15;4;19.5;19.875;19.875;323;202;0;
930;2023.04.10 06:30;4;19.5;19.875;19.8125;323;202;0;
931;2023.04.10 06:45;4;19.5;19.8125;19.75;323;202;0;
932;2023.04.10 07:00;4;19.4375;19.75;19.75;323;202;0;
933;2023.04.10 07:15;4;19.375;19.75;19.75;323;202;0;
934;2023.04.10 07:30;4;19.375;19.75;19.6875;323;202;0;
935;2023.04.10 07:45;4;19.375;19.6875;19.625;322;202;0;
936;2023.04.10 08:00;4;19.3125;19.625;19.625;322;202;0;
937;2023.04.10 08:15;4;19.3125;19.625;19.625;322;202;0;
938;2023.04.10 08:30;4;19.25;19.625;19.5625;322;202;0;
939;2023.04.10 08:45;4;19.25;19.625;19.5;322;202;0;
940;2023.04.10 09:00;4;19.25;19.5625;19.5;322;202;0;
941;2023.04.10 09:15;4;19.1875;19.5;19.5;322;202;0;
942;2023.04.10 09:30;4;19.125;19.5;19.5;322;202;0;
943;2023.04.10 09:45;4;19.125;19.5;19.4375;322;202;0;
944;2023.04.10 10:00;4;19.125;19.5;19.375;321;202;0;
945;2023.04.10 10:15;4;19.125;19.4375;19.375;321;202;0;
946;2023.04.10 10:30;4;19.0625;19.375;19.375;321;202;0;
947;2023.04.10 10:45;4;19;19.375;19.375;321;202;0;
948;2023.04.10 11:00;4;19;19.375;19.3125;321;202;0;
949;2023.04.10 11:15;4;19;19.3125;19.25;321;202;0;
950;2023.04.10 11:30;4;18.9375;19.25;19.25;321;202;0;
951;2023.04.10 11:45;4;18.875;19.25;19.25;321;202;0;
952;2023.04.10 12:00;4;18.875;19.25;19.25;321;202;0;
953;2023.04.10 12:15;4;18.875;19.25;19.1875;321;202;0;
954;2023.04.10 12:30;4;18.875;19.1875;19.125;320;202;0;
955;2023.04.10 12:45;4;18.8125;19.125;19.125;320;202;0;
956;2023.04.10 13:00;4;18.75;19.125;19.125;320;202;0;
957;2023.04.10 13:15;4;18.75;19.125;19.0625;320;202;0;
958;2023.04.10 13:30;4;18.75;19.125;19.0625;320;202;0;
959;2023.04.10 13:45;4;18.75;19.0625;19;320;202;0;
960;2023.04.10 14:00;4;18.6875;19;19;320;202;0;
961;2023.04.10 14:15;4;18.625;19;19;320;202;0;
962;2023.04.10 14:30;4;18.625;19;18.9375;320;202;0;
963;2023.04.10 14:45;4;18.625;19;18.9375;319;202;0;
964;2023.04.10 15:00;4;18.625;18.9375;18.875;319;202;0;
965;2023.04.10 15:15;4;18.625;18.875;18.875;319;202;0;
966;2023.04.10 15:30;4;18.625;18.875;18.875;319;202;0;
967;2023.04.10 15:45;4;18.625;18.875;18.875;319;202;0;
968;2023.04.10 16:00;4;19.125;18.875;18.875;320;202;0;
969;2023.04.10 16:15;4;19.625;18.9375;18.875;321;202;0;
970;2023.04.10 16:30;4;19.4375;19;19;321;202;0;
971;2023.04.10 16:45;4;19.375;19;19;321;202;0;
972;2023.04.10 17:00;4;19.375;19;19.125;321;202;0;
973;2023.04.10 17:15;4;19.5;19.0625;19.1875;321;202;0;
974;2023.04.10 17:30;4;19.5625;19.125;19.25;321;202;0;
975;2023.04.10 17:45;4;19.625;19.1875;19.375;322;202;0;
976;2023.04.10 18:00;4;19.75;19.25;19.5;322;202;0;
977;2023.04.10 18:15;4;19.8125;19.3125;19.5625;322;202;0;
978;2023.04.10 18:30;4;19.875;19.375;19.6875;323;202;0;
979;2023.04.10 18:45;4;20;19.5;19.75;323;202;0;
980;2023.04.10 19:00;4;20.0625;19.5;19.875;323;202;0;
981;2023.04.10 19:15;4;20.125;19.625;20;324;202;0;
982;2023.04.10 19:30;4;20.1875;19.6875;20.0625;324;202;0;
983;2023.04.10 19:45;4;20.25;19.75;20.125;324;202;0;
984;2023.04.10 20:00;4;20.25;19.8125;20.1875;325;202;0;
985;2023.04.10 20:15;4;20.3125;19.875;20.25;325;202;0;
986;2023.04.10 20:30;4;20.375;20;20.3125;325;202;0;
987;2023.04.10 20:45;4;20.4375;20;20.375;325;202;0;
988;2023.04.10 21:00;4;20.5;20.125;20.5;326;202;0;
989;2023.04.10 21:15;4;20.5625;20.125;20.5;326;202;0;
990;2023.04.10 21:30;4;20.625;20.25;20.625;326;202;0;
991;2023.04.10 21:45;4;20.625;20.25;20.625;326;202;0;
992;2023.04.10 22:00;4;20.6875;20.375;20.75;327;202;0;
993;2023.04.10 22:15;4;20.75;20.375;20.75;327;202;0;
994;2023.04.10 22:30;4;20.75;20.4375;20.8125;327;202;0;
995;2023.04.10 22:45;4;20.75;20.5;20.875;327;202;0;
996;2023.04.10 23:00;4;20.8125;20.5625;20.875;328;202;0;
997;2023.04.10 23:15;4;20.8125;20.625;20.875;328;202;0;
998;2023.04.10 23:30;4;20.8125;20.625;20.9375;328;202;0;
999;2023.04.10 23:45;4;20.8125;20.6875;20.9375;328;202;0;
1000;2023.04.11 00:00;4;20.875;20.6875;21;328;202;0;
1001;2023.04.11 00:15;4;20.875;20.75;21;328;202;0;
1002;2023.04.11 00:30;4;20.875;20.75;21;328;202;0;
1003;2023.04.11 00:45;4;20.875;20.75;21;328;202;0;
1004;2023.04.11 01:00;4;20.875;20.8125;21;329;202;0;
1005;2023.04.11 01:15;4;20.875;20.8125;21;329;202;0;
1006;2023.04.11 01:30;4;20.875;20.875;21;329;202;0;
1007;2023.04.11 01:45;4;20.8125;20.875;21;329;202;0;
1008;2023.04.11 02:00;4;20.75;20.875;21;329;202;0;
1009;2023.04.11 02:15;4;20.75;20.875;20.9375;329;202;0;
1010;2023.04.11 02:30;4;20.75;20.875;20.9375;329;202;0;
1011;2023.04.11 02:45;4;20.625;20.875;20.875;328;202;0;
1012;2023.04.11 03:00;4;20.625;20.8125;20.875;328;202;0;
1013;2023.04.11 03:15;4;20.625;20.75;20.8125;328;202;0;
1014;2023.04.11 03:30;4;20.5625;20.75;20.75;328;202;0;
1015;2023.04.11 03:45;4;20.5;20.75;20.75;328;202;0;
1016;2023.04.11 04:00;4;20.4375;20.75;20.6875;328;202;0;
1017;2023.04.11 04:15;4;20.375;20.6875;20.625;328;202;0;
1018;2023.04.11 04:30;4;20.375;20.6875;20.625;328;202;0;
1019;2023.04.11 04:45;4;20.25;20.625;20.5625;327;202;0;
1020;2023.04.11 05:00;4;20.25;20.625;20.5;327;202;0;
1021;2023.04.11 05:15;4;20.1875;20.5625;20.5;327;202;0;
1022;2023.04.11 05:30;4;20.125;20.5;20.375;327;202;0;
1023;2023.04.11 05:45;4;20.125;20.5;20.375;327;202;0;
1024;2023.04.11 06:00;4;20.0625;20.5;20.375;327;202;0;
1025;2023.04.11 06:15;4;20;20.375;20.3125;326;202;0;
1026;2023.04.11 06:30;4;20;20.375;20.25;326;202;0;
1027;2023.04.11 06:45;4;19.9375;20.375;20.25;326;202;0;
1028;2023.04.11 07:00;4;19.875;20.25;20.1875;326;202;0;
1029;2023.04.11 07:15;4;19.875;20.25;20.125;326;202;0;
1030;2023.04.11 07:30;4;19.75;20.25;20.125;326;202;0;
1031;2023.04.11 07:45;4;19.75;20.1875;20;325;202;0;
1032;2023.04.11 08:00;4;19.6875;20.125;20;325;202;0;
1033;2023.04.11 08:15;4;19.625;20.125;20;325;202;0;
1034;2023.04.11 08:30;4;19.625;20.0625;19.9375;325;202;0;
1035;2023.04.11 08:45;4;19.625;20;19.875;325;202;0;
1036;2023.04.11 09:00;4;19.5;20;19.875;324;202;0;
1037;2023.04.11 09:15;4;19.5;19.9375;19.8125;324;202;0;
1038;2023.04.11 09:30;4;19.5;19.875;19.75;324;202;0;
1039;2023.04.11 09:45;4;19.4375;19.875;19.75;324;202;0;
1040;2023.04.11 10:00;4;19.375;19.8125;19.75;324;202;0;
1041;2023.04.11 10:15;4;19.375;19.75;19.6875;324;202;0;
1042;2023.04.11 10:30;4;19.375;19.75;19.625;324;202;0;
1043;2023.04.11 10:45;4;19.3125;19.75;19.625;323;202;0;
1044;2023.04.11 11:00;4;19.25;19.6875;19.625;323;202;0;
1045;2023.04.11 11:15;4;19.25;19.625;19.5625;323;202;0;
1046;2023.04.11 11:30;4;19.25;19.625;19.5;323;202;0;
1047;2023.04.11 11:45;4;19.1875;19.5625;19.5;323;202;0;
1048;2023.04.11 12:00;4;19.1875;19.5;19.5;323;202;0;
1049;2023.04.11 12:15;4;19.125;19.5;19.5;323;202;0;
1050;2023.04.11 12:30;4;19.125;19.5;19.4375;323;202;0;
1051;2023.04.11 12:45;4;19.125;19.4375;19.375;322;202;0;
1052;2023.04.11 13:00;4;19.0625;19.4375;19.375;322;202;0;
1053;2023.04.11 13:15;4;19.0625;19.375;19.375;322;202;0;
1054;2023.04.11 13:30;4;19;19.375;19.375;322;202;0;
1055;2023.04.11 13:45;4;19;19.375;19.3125;322;202;0;
1056;2023.04.11 14:00;4;19;19.3125;19.3125;322;202;0;
1057;2023.04.11 14:15;4;19;19.25;19.25;322;202;0;
1058;2023.04.11 14:30;4;18.9375;19.25;19.25;322;202;0;
1059;2023.04.11 14:45;4;18.875;19.25;19.25;322;202;0;
1060;2023.04.11 15:00;4;18.875;19.25;19.25;321;202;0;
1061;2023.04.11 15:15;4;18.875;19.1875;19.25;321;202;0;
1062;2023.04.11 15:30;4;18.875;19.1875;19.1875;321;202;0;
1063;2023.04.11 15:45;4;18.9375;19.125;19.25;321;202;0;
1064;2023.04.11 16:00;4;19;19.1875;19.25;322;202;0;
1065;2023.04.11 16:15;4;19.125;19.1875;19.375;322;202;0;
1066;2023.04.11 16:30;4;19.375;19.25;19.5;322;202;0;
1067;2023.04.11 16:45;4;19.5;19.3125;19.625;323;202;0;
1068;2023.04.11 17:00;4;19.625;19.375;19.75;323;202;0;
1069;2023.04.11 17:15;4;19.8125;19.5;19.875;323;202;0;
1070;2023.04.11 17:30;4;20;19.625;20;333;202;0;
1071;2023.04.11 17:45;4;20.125;19.75;20.1875;334;202;0;
1072;2023.04.11 18:00;4;20.25;19.8125;20.3125;334;202;0;
1073;2023.04.11 18:15;4;20.3125;19.875;20.375;335;202;0;
1074;2023.04.11 18:30;4;20.375;20;20.5;335;202;0;
1075;2023.04.11 18:45;4;20.4375;20;20.5;335;202;0;
1076;2023.04.11 19:00;4;20.5;20.125;20.5625;336;202;0;
1077;2023.04.11 19:15;4;20.5;20.125;20.625;336;202;0;
1078;2023.04.11 19:30;4;20.5;20.25;20.625;336;202;0;
1079;2023.04.11 19:45;4;20.625;20.25;20.6875;336;202;0;
1080;2023.04.11 20:00;4;20.625;20.375;20.75;337;202;0;
1081;2023.04.11 20:15;4;20.625;20.375;20.75;337;202;0;
1082;2023.04.11 20:30;4;20.625;20.4375;20.75;337;202;0;
1083;2023.04.11 20:45;4;20.6875;20.5;20.8125;337;202;0;
1084;2023.04.11 21:00;4;20.75;20.5;20.875;337;202;0;
1085;2023.04.11 21:15;4;20.8125;20.625;20.875;329;202;0;
1086;2023.04.11 21:30;4;20.875;20.625;20.875;329;202;0;
1087;2023.04.11 21:45;4;20.875;20.625;20.875;329;202;0;
1088;2023.04.11 22:00;4;20.875;20.6875;20.9375;329;202;0;
1089;2023.04.11 22:15;4;20.875;20.75;21;329;202;0;
1090;2023.04.11 22:30;4;20.9375;20.75;21;330;202;0;
1091;2023.04.11 22:45;4;20.9375;20.8125;21;330;202;0;
1092;2023.04.11 23:00;4;21;20.875;21;330;202;0;
1093;2023.04.11 23:15;4;21;20.875;21.0625;330;202;0;
1094;2023.04.11 23:30;4;21.125;20.875;21.125;329;202;0;
1095;2023.04.11 23:45;4;21.125;20.9375;21.125;330;202;0;
1096;2023.04.12 00:00;4;21.125;21;21.125;330;202;0;
1097;2023.04.12 00:15;4;21.0625;21;21.125;330;202;0;
1098;2023.04.12 00:30;4;21.0625;21;21.125;330;202;0;
1099;2023.04.12 00:45;4;21.0625;21;21.125;330;202;0;
1100;2023.04.12 01:00;4;21;21;21.125;330;202;0;
1101;2023.04.12 01:15;4;20.9375;21;21.125;330;202;0;
1102;2023.04.12 01:30;4;20.875;21;21.125;330;202;0;
1103;2023.04.12 01:45;4;20.75;20.9375;21.0625;329;202;0;
1104;2023.04.12 02:00;4;20.6875;20.875;21;329;202;0;
1105;2023.04.12 02:15;4;20.625;20.875;20.9375;329;202;0;
1106;2023.04.12 02:30;4;20.5;20.8125;20.875;329;202;0;
1107;2023.04.12 02:45;4;20.5;20.75;20.875;329;202;0;
1108;2023.04.12 03:00;4;20.375;20.75;20.75;328;202;0;
1109;2023.04.12 03:15;4;20.375;20.6875;20.75;328;202;0;
1110;2023.04.12 03:30;4;20.25;20.625;20.625;328;202;0;
1111;2023.04.12 03:45;4;20.25;20.625;20.625;328;202;0;
1112;2023.04.12 04:00;4;20.1875;20.5625;20.5625;327;202;0;
1113;2023.04.12 04:15;4;20.125;20.5;20.5;327;202;0;
1114;2023.04.12 04:30;4;20.125;20.5;20.5;327;202;0;
1115;2023.04.12 04:45;4;20;20.4375;20.375;327;202;0;
1116;2023.04.12 05:00;4;20;20.375;20.375;327;202;0;
1117;2023.04.12 05:15;4;19.9375;20.375;20.3125;327;202;0;
1118;2023.04.12 05:30;4;19.875;20.25;20.25;326;202;0;
1119;2023.04.12 05:45;4;19.875;20.25;20.25;326;202;0;
1120;2023.04.12 06:00;4;19.75;20.1875;20.125;326;202;0;
1121;2023.04.12 06:15;4;19.75;20.125;20.125;326;202;0;
1122;2023.04.12 06:30;4;19.6875;20.125;20.0625;326;202;0;
1123;2023.04.12 06:45;4;19.625;20.0625;20;325;202;0;
1124;2023.04.12 07:00;4;19.625;20;20;325;202;0;
1125;2023.04.12 07:15;4;19.5625;20;19.9375;325;202;0;
1126;2023.04.12 07:30;4;19.5;19.9375;19.875;325;202;0;
1127;2023.04.12 07:45;4;19.5;19.875;19.875;325;202;0;
1128;2023.04.12 08:00;4;19.5;19.875;19.8125;325;202;0;
1129;2023.04.12 08:15;4;19.4375;19.8125;19.8125;324;202;0;
1130;2023.04.12 08:30;4;19.375;19.75;19.75;324;202;0;
1131;2023.04.12 08:45;4;19.375;19.75;19.75;324;202;0;
1132;2023.04.12 09:00;4;19.375;19.75;19.6875;324;202;0;
1133;2023.04.12 09:15;4;19.3125;19.6875;19.625;324;202;0;
1134;2023.04.12 09:30;4;19.25;19.625;19.625;324;202;0;
1135;2023.04.12 09:45;4;19.25;19.625;19.625;324;202;0;
1136;2023.04.12 10:00;4;19.25;19.625;19.5625;323;202;0;
1137;2023.04.12 10:15;4;19.1875;19.5;19.5;323;202;0;
1138;2023.04.12 10:30;4;19.125;19.5;19.5;323;202;0;
1139;2023.04.12 10:45;4;19.125;19.5;19.5;323;202;0;
1140;2023.04.12 11:00;4;19.125;19.5;19.5;323;202;0;
1141;2023.04.12 11:15;4;19.125;19.4375;19.4375;323;202;0;
1142;2023.04.12 11:30;4;19.0625;19.375;19.375;323;202;0;
1143;2023.04.12 11:45;4;19;19.375;19.375;323;202;0;
1144;2023.04.12 12:00;4;19;19.375;19.375;323;202;0;
1145;2023.04.12 12:15;4;19;19.375;19.375;323;202;0;
1146;2023.04.12 12:30;4;19;19.3125;19.3125;322;202;0;
1147;2023.04.12 12:45;4;19;19.25;19.3125;322;202;0;
1148;2023.04.12 13:00;4;18.9375;19.25;19.25;322;202;0;
1149;2023.04.12 13:15;4;18.9375;19.25;19.25;322;202;0;
1150;2023.04.12 13:30;4;18.875;19.25;19.25;322;202;0;
1151;2023.04.12 13:45;4;18.875;19.1875;19.25;322;202;0;
1152;2023.04.12 14:00;4;18.875;19.125;19.1875;322;202;0;
1153;2023.04.12 14:15;4;18.875;19.125;19.1875;322;202;0;
1154;2023.04.12 14:30;4;18.875;19.125;19.125;322;202;0;
1155;2023.04.12 14:45;4;18.8125;19.125;19.125;322;202;0;
1156;2023.04.12 15:00;4;18.8125;19.125;19.125;322;202;0;
1157;2023.04.12 15:15;4;18.75;19.0625;19.125;322;202;0;
1158;2023.04.12 15:30;4;18.75;19;19.125;322;202;0;
1159;2023.04.12 15:45;4;18.75;19;19.0625;321;202;0;
1160;2023.04.12 16:00;4;18.75;19;19.0625;321;202;0;
1161;2023.04.12 16:15;4;18.75;19;19;321;202;0;
1162;2023.04.12 16:30;4;18.75;19;19;321;202;0;
1163;2023.04.12 16:45;4;18.75;19;19;321;202;0;
1164;2023.04.12 17:00;4;18.75;18.9375;19;321;202;0;
1165;2023.04.12 17:15;4;18.6875;18.9375;19;321;202;0;
1166;2023.04.12 17:30;4;18.6875;18.9375;19;321;202;0;
1167;2023.04.12 17:45;4;18.6875;18.875;19;321;202;0;
1168;2023.04.12 18:00;4;18.625;18.875;19;321;202;0;
1169;2023.04.12 18:15;4;18.625;18.875;19;321;202;0;
1170;2023.04.12 18:30;4;18.625;18.875;19;321;202;0;
1171;2023.04.12 18:45;4;18.625;18.875;19;321;202;0;
1172;2023.04.12 19:00;4;18.6875;18.875;19;321;202;0;
1173;2023.04.12 19:15;4;18.6875;18.875;19;321;202;0;
1174;2023.04.12 19:30;4;18.6875;18.875;19;321;202;0;
1175;2023.04.12 19:45;4;18.6875;18.875;19;321;202;0;
1176;2023.04.12 20:00;4;18.6875;18.875;19;321;202;0;
1177;2023.04.12 20:15;4;18.6875;18.875;19;321;202;0;
1178;2023.04.12 20:30;4;18.6875;18.875;19;321;202;0;
1179;2023.04.12 20:45;4;18.6875;18.875;19;321;202;0;
1180;2023.04.12 21:00;4;18.75;18.875;19;321;202;0;
1181;2023.04.12 21:15;4;18.75;18.875;19;321;202;0;
1182;2023.04.12 21:30;4;18.75;18.875;19;321;202;0;
1183;2023.04.12 21:45;4;18.75;18.875;19;321;202;0;
1184;2023.04.12 22:00;4;18.75;18.875;19;321;202;0;
1185;2023.04.12 22:15;4;18.75;18.875;19;321;202;0;
1186;2023.04.12 22:30;4;18.75;18.875;19;321;202;0;
1187;2023.04.12 22:45;4;18.75;18.875;19;321;202;0;
1188;2023.04.12 23:00;4;18.75;18.875;19;321;202;0;
1189;2023.04.12 23:15;4;18.75;18.875;19;321;202;0;
1190;2023.04.12 23:30;4;18.75;18.875;19;321;202;0;
1191;2023.04.12 23:45;4;18.75;18.875;19;321;202;0;
1192;2023.04.13 00:00;4;18.75;18.875;19;321;202;0;
1193;2023.04.13 00:15;4;18.75;18.875;19;321;202;0;
1194;2023.04.13 00:30;4;18.6875;18.875;19;321;202;0;
1195;2023.04.13 00:45;4;18.6875;18.875;19;321;202;0;
1196;2023.04.13 01:00;4;18.6875;18.875;19;321;202;0;
1197;2023.04.13 01:15;4;18.625;18.875;19;321;202;0;
1198;2023.04.13 01:30;4;18.625;18.875;19;321;202;0;
1199;2023.04.13 01:45;4;18.625;18.875;19;321;202;0;
1200;2023.04.13 02:00;4;18.625;18.875;19;321;202;0;
1201;2023.04.13 02:15;4;18.625;18.875;19;321;202;0;
1202;2023.04.13 02:30;4;18.625;18.8125;18.9375;321;202;0;
1203;2023.04.13 02:45;4;18.625;18.8125;18.9375;321;202;0;
1204;2023.04.13 03:00;4;18.625;18.8125;18.9375;321;202;0;
1205;2023.04.13 03:15;4;18.5625;18.75;18.875;321;202;0;
1206;2023.04.13 03:30;4;18.5625;18.75;18.875;321;202;0;
1207;2023.04.13 03:45;4;18.5;18.75;18.875;321;202;0;
1208;2023.04.13 04:00;4;18.5;18.75;18.875;321;202;0;
1209;2023.04.13 04:15;4;18.5;18.75;18.875;321;202;0;
1210;2023.04.13 04:30;4;18.5;18.75;18.875;321;202;0;
1211;2023.04.13 04:45;4;18.5;18.75;18.875;320;202;0;
1212;2023.04.13 05:00;4;18.5;18.75;18.8125;320;202;0;
1213;2023.04.13 05:15;4;18.5;18.75;18.75;320;202;0;
1214;2023.04.13 05:30;4;18.4375;18.6875;18.75;320;202;0;
1215;2023.04.13 05:45;4;18.4375;18.625;18.75;320;202;0;
1216;2023.04.13 06:00;4;18.375;18.625;18.75;320;202;0;
1217;2023.04.13 06:15;4;18.375;18.625;18.75;320;202;0;
1218;2023.04.13 06:30;4;18.375;18.625;18.75;320;202;0;
1219;2023.04.13 06:45;4;18.375;18.625;18.6875;320;202;0;
1220;2023.04.13 07:00;4;18.375;18.625;18.6875;320;202;0;
1221;2023.04.13 07:15;4;18.375;18.625;18.625;320;202;0;
1222;2023.04.13 07:30;4;18.3125;18.5625;18.625;320;202;0;
1223;2023.04.13 07:45;4;18.3125;18.5625;18.625;320;202;0;
1224;2023.04.13 08:00;4;18.25;18.5;18.625;320;202;0;
1225;2023.04.13 08:15;4;18.25;18.5;18.625;320;202;0;
1226;2023.04.13 08:30;4;18.25;18.5;18.625;320;202;0;
1227;2023.04.13 08:45;4;18.25;18.5;18.5625;320;202;0;
1228;2023.04.13 09:00;4;18.25;18.5;18.5;320;202;0;
1229;2023.04.13 09:15;4;18.25;18.5;18.5;320;202;0;
1230;2023.04.13 09:30;4;18.1875;18.4375;18.5;319;202;0;
1231;2023.04.13 09:45;4;18.125;18.4375;18.5;319;202;0;
1232;2023.04.13 10:00;4;18.125;18.375;18.5;319;202;0;
1233;2023.04.13 10:15;4;18.125;18.375;18.5;319;202;0;
1234;2023.04.13 10:30;4;18.125;18.375;18.4375;319;202;0;
1235;2023.04.13 10:45;4;18.125;18.375;18.4375;319;202;0;
1236;2023.04.13 11:00;4;18.125;18.375;18.375;319;202;0;
1237;2023.04.13 11:15;4;18.125;18.375;18.375;319;202;0;
1238;2023.04.13 11:30;4;18.0625;18.3125;18.375;319;202;0;
1239;2023.04.13 11:45;4;18.0625;18.3125;18.375;319;202;0;
1240;2023.04.13 12:00;4;18;18.25;18.375;319;202;0;
1241;2023.04.13 12:15;4;18;18.25;18.375;319;202;0;
1242;2023.04.13 12:30;4;18;18.25;18.3125;319;202;0;
1243;2023.04.13 12:45;4;18;18.25;18.3125;319;202;0;
1244;2023.04.13 13:00;4;18;18.25;18.3125;319;202;0;
1245;2023.04.13 13:15;4;18;18.25;18.25;319;202;0;
1246;2023.04.13 13:30;4;18;18.25;18.25;319;202;0;
1247;2023.04.13 13:45;4;17.9375;18.1875;18.25;319;202;0;
1248;2023.04.13 14:00;4;17.9375;18.1875;18.25;318;202;0;
1249;2023.04.13 14:15;4;17.875;18.125;18.25;318;202;0;
1250;2023.04.13 14:30;4;17.875;18.125;18.25;318;202;0;
1251;2023.04.13 14:45;4;17.875;18.125;18.1875;318;202;0;
1252;2023.04.13 15:00;4;17.875;18.125;18.1875;318;202;0;
1253;2023.04.13 15:15;4;17.875;18.125;18.125;318;202;0;
1254;2023.04.13 15:30;4;17.875;18.125;18.125;318;202;0;
1255;2023.04.13 15:45;4;17.875;18.125;18.125;318;202;0;
1256;2023.04.13 16:00;4;17.875;18.0625;18.125;318;202;0;
1257;2023.04.13 16:15;4;17.875;18.0625;18.125;318;202;0;
1258;2023.04.13 16:30;4;17.8125;18.0625;18.125;318;202;0;
1259;2023.04.13 16:45;4;17.8125;18;18.125;318;202;0;
1260;2023.04.13 17:00;4;17.8125;18;18.125;318;202;0;
1261;2023.04.13 17:15;4;17.8125;18;18.125;318;202;0;
1262;2023.04.13 17:30;4;17.8125;18;18.125;318;202;0;
1263;2023.04.13 17:45;4;17.8125;18;18.125;318;202;0;
1264;2023.04.13 18:00;4;17.75;18;18.125;318;202;0;
1265;2023.04.13 18:15;4;17.8125;18;18.125;318;202;0;
1266;2023.04.13 18:30;4;17.8125;18;18.125;318;202;0;
1267;2023.04.13 18:45;4;17.8125;18;18.125;318;202;0;
1268;2023.04.13 19:00;4;17.75;18;18.125;318;202;0;
1269;2023.04.13 19:15;4;17.75;18;18.0625;318;202;0;
1270;2023.04.13 19:30;4;17.75;18;18.0625;318;202;0;
1271;2023.04.13 19:45;4;17.75;18;18.0625;318;202;0;
1272;2023.04.13 20:00;4;17.75;18;18.0625;318;202;0;
1273;2023.04.13 20:15;4;17.75;18;18.0625;318;202;0;
1274;2023.04.13 20:30;4;17.75;17.9375;18.0625;318;202;0;
1275;2023.04.13 20:45;4;17.75;17.9375;18.0625;318;202;0;
1276;2023.04.13 21:00;4;17.75;17.9375;18;318;202;0;
1277;2023.04.13 21:15;4;17.75;17.9375;18;318;202;0;
1278;2023.04.13 21:30;4;17.75;17.9375;18;318;202;0;
1279;2023.04.13 21:45;4;17.75;17.875;18;318;202;0;
1280;2023.04.13 22:00;4;17.75;17.875;18;318;202;0;
1281;2023.04.13 22:15;4;17.75;17.875;18;318;202;0;
1282;2023.04.13 22:30;4;17.6875;17.875;18;318;202;0;
1283;2023.04.13 22:45;4;17.6875;17.875;18;318;202;0;
1284;2023.04.13 23:00;4;17.6875;17.875;18;318;202;0;
1285;2023.04.13 23:15;4;17.6875;17.875;18;318;202;0;
1286;2023.04.13 23:30;4;17.625;17.875;18;317;202;0;
1287;2023.04.13 23:45;4;17.625;17.875;18;317;202;0;
1288;2023.04.14 00:00;4;17.625;17.875;18;317;202;0;
1289;2023.04.14 00:15;4;17.625;17.875;17.9375;317;202;0;
1290;2023.04.14 00:30;4;17.625;17.875;17.9375;317;202;0;
1291;2023.04.14 00:45;4;17.625;17.8125;17.875;317;202;0;
1292;2023.04.14 01:00;4;17.625;17.8125;17.875;317;202;0;
1293;2023.04.14 01:15;4;17.625;17.8125;17.875;317;202;0;
1294;2023.04.14 01:30;4;17.5625;17.75;17.875;317;202;0;
1295;2023.04.14 01:45;4;17.5625;17.75;17.875;317;202;0;
1296;2023.04.14 02:00;4;17.5625;17.75;17.875;317;202;0;
1297;2023.04.14 02:15;4;17.5;17.75;17.875;317;202;0;
1298;2023.04.14 02:30;4;17.5;17.75;17.875;317;202;0;
1299;2023.04.14 02:45;4;17.5;17.75;17.875;317;202;0;
1300;2023.04.14 03:00;4;17.5;17.75;17.8125;317;202;0;
1301;2023.04.14 03:15;4;17.5;17.75;17.8125;317;202;0;
1302;2023.04.14 03:30;4;17.5;17.6875;17.75;317;202;0;
1303;2023.04.14 03:45;4;17.5;17.6875;17.75;317;202;0;
1304;2023.04.14 04:00;4;17.5;17.6875;17.75;317;202;0;
1305;2023.04.14 04:15;4;17.4375;17.625;17.75;317;202;0;
1306;2023.04.14 04:30;4;17.4375;17.625;17.75;317;202;0;
1307;2023.04.14 04:45;4;17.4375;17.625;17.75;317;202;0;
1308;2023.04.14 05:00;4;17.375;17.625;17.75;317;202;0;
1309;2023.04.14 05:15;4;17.375;17.625;17.75;317;202;0;
1310;2023.04.14 05:30;4;17.375;17.625;17.6875;317;202;0;
1311;2023.04.14 05:45;4;17.375;17.625;17.6875;317;202;0;
1312;2023.04.14 06:00;4;17.375;17.625;17.6875;316;202;0;
1313;2023.04.14 06:15;4;17.375;17.625;17.625;316;202;0;
1314;2023.04.14 06:30;4;17.375;17.5625;17.625;316;202;0;
1315;2023.04.14 06:45;4;17.375;17.5625;17.625;316;202;0;
1316;2023.04.14 07:00;4;17.3125;17.5;17.625;316;202;0;
1317;2023.04.14 07:15;4;17.3125;17.5;17.625;316;202;0;
1318;2023.04.14 07:30;4;17.3125;17.5;17.625;316;202;0;
1319;2023.04.14 07:45;4;17.3125;17.5;17.625;316;202;0;
1320;2023.04.14 08:00;4;17.25;17.5;17.625;316;202;0;
1321;2023.04.14 08:15;4;17.25;17.5;17.625;316;202;0;
1322;2023.04.14 08:30;4;17.25;17.5;17.625;316;202;0;
1323;2023.04.14 08:45;4;17.25;17.5;17.5625;316;202;0;
1324;2023.04.14 09:00;4;17.25;17.5;17.5625;316;202;0;
1325;2023.04.14 09:15;4;17.25;17.5;17.5625;316;202;0;
1326;2023.04.14 09:30;4;17.25;17.4375;17.5;316;202;0;
1327;2023.04.14 09:45;4;17.25;17.4375;17.5;316;202;0;
1328;2023.04.14 10:00;4;17.25;17.4375;17.5;316;202;0;
1329;2023.04.14 10:15;4;17.25;17.4375;17.5;316;202;0;
1330;2023.04.14 10:30;4;17.1875;17.375;17.5;316;202;0;
1331;2023.04.14 10:45;4;17.1875;17.375;17.5;316;202;0;
1332;2023.04.14 11:00;4;17.1875;17.375;17.5;316;202;0;
1333;2023.04.14 11:15;4;17.1875;17.375;17.5;316;202;0;
1334;2023.04.14 11:30;4;17.125;17.375;17.5;316;202;0;
1335;2023.04.14 11:45;4;17.125;17.375;17.5;316;202;0;
1336;2023.04.14 12:00;4;17.125;17.375;17.5;316;202;0;
1337;2023.04.14 12:15;4;17.125;17.375;17.5;316;202;0;
1338;2023.04.14 12:30;4;17.125;17.375;17.4375;316;202;0;
1339;2023.04.14 12:45;4;17.125;17.375;17.4375;316;202;0;
1340;2023.04.14 13:00;4;17.125;17.3125;17.4375;316;202;0;
1341;2023.04.14 13:15;4;17.125;17.3125;17.375;315;202;0;
1342;2023.04.14 13:30;4;17.125;17.3125;17.375;315;202;0;
1343;2023.04.14 13:45;4;17.125;17.3125;17.375;315;202;0;
1344;2023.04.14 14:00;4;17.125;17.25;17.375;315;202;0;
1345;2023.04.14 14:15;4;17.125;17.25;17.375;315;202;0;
1346;2023.04.14 14:30;4;17.125;17.25;17.375;315;202;0;
1347;2023.04.14 14:45;4;17.0625;17.25;17.375;315;202;0;
1348;2023.04.14 15:00;4;17.0625;17.25;17.375;315;202;0;
1349;2023.04.14 15:15;4;17.125;17.25;17.375;315;202;0;
1350;2023.04.14 15:30;4;17.125;17.25;17.375;315;202;0;
1351;2023.04.14 15:45;4;17.125;17.25;17.375;315;202;0;
1352;2023.04.14 16:00;4;17.125;17.25;17.375;315;202;0;
1353;2023.04.14 16:15;4;17.125;17.25;17.375;315;202;0;
1354;2023.04.14 16:30;4;17.125;17.25;17.375;315;202;0;
1355;2023.04.14 16:45;4;17.125;17.25;17.375;316;202;0;
1356;2023.04.14 17:00;4;17.125;17.25;17.375;316;202;0;
1357;2023.04.14 17:15;4;17.125;17.25;17.375;316;202;0;
1358;2023.04.14 17:30;4;17.375;17.3125;17.4375;316;202;0;
1359;2023.04.14 17:45;4;17.375;17.375;17.5;316;202;0;
1360;2023.04.14 18:00;4;17.25;17.375;17.5;316;202;0;
1361;2023.04.14 18:15;4;17.25;17.375;17.5;316;202;0;
1362;2023.04.14 18:30;4;17.25;17.375;17.5;316;202;0;
1363;2023.04.14 18:45;4;17.25;17.375;17.5;316;202;0;
1364;2023.04.14 19:00;4;17.25;17.375;17.5;316;202;0;
1365;2023.04.14 19:15;4;17.25;17.375;17.5;316;202;0;
1366;2023.04.14 19:30;4;17.25;17.375;17.5;316;202;0;
1367;2023.04.14 19:45;4;17.25;17.375;17.5;316;202;0;
1368;2023.04.14 20:00;4;17.25;17.375;17.5;316;202;0;
1369;2023.04.14 20:15;4;17.3125;17.375;17.5;316;202;0;
1370;2023.04.14 20:30;4;17.25;17.375;17.5;316;202;0;
1371;2023.04.14 20:45;4;17.25;17.375;17.5;316;202;0;
1372;2023.04.14 21:00;4;17.3125;17.375;17.5625;316;202;0;
1373;2023.04.14 21:15;4;17.3125;17.375;17.5625;316;202;0;
1374;2023.04.14 21:30;4;17.3125;17.375;17.5625;316;202;0;
1375;2023.04.14 21:45;4;17.25;17.375;17.5625;316;202;0;
1376;2023.04.14 22:00;4;17.25;17.375;17.5625;316;202;0;
1377;2023.04.14 22:15;4;17.3125;17.375;17.625;316;202;0;
1378;2023.04.14 22:30;4;17.3125;17.375;17.625;316;202;0;
1379;2023.04.14 22:45;4;17.3125;17.4375;17.625;316;202;0;
1380;2023.04.14 23:00;4;17.3125;17.4375;17.625;316;202;0;
1381;2023.04.14 23:15;4;17.3125;17.4375;17.625;316;202;0;
1382;2023.04.14 23:30;4;17.3125;17.4375;17.625;316;202;0;
1383;2023.04.14 23:45;4;17.3125;17.4375;17.625;316;202;0;
1384;2023.04.15 00:00;4;17.3125;17.4375;17.625;316;202;0;
1385;2023.04.15 00:15;4;17.3125;17.4375;17.625;316;202;0;
1386;2023.04.15 00:30;4;17.3125;17.4375;17.625;316;202;0;
1387;2023.04.15 00:45;4;17.375;17.5;17.625;316;202;0;
1388;2023.04.15 01:00;4;17.375;17.5;17.625;316;202;0;
1389;2023.04.15 01:15;4;17.375;17.5;17.625;316;202;0;
1390;2023.04.15 01:30;4;17.375;17.5;17.625;316;202;0;
1391;2023.04.15 01:45;4;17.375;17.5;17.625;316;202;0;
1392;2023.04.15 02:00;4;17.375;17.5;17.625;316;202;0;
1393;2023.04.15 02:15;4;17.3125;17.5;17.625;316;202;0;
1394;2023.04.15 02:30;4;17.3125;17.5;17.625;316;202;0;
1395;2023.04.15 02:45;4;17.3125;17.5;17.625;316;202;0;
1396;2023.04.15 03:00;4;17.25;17.5;17.625;316;202;0;
1397;2023.04.15 03:15;4;17.25;17.5;17.625;316;202;0;
1398;2023.04.15 03:30;4;17.25;17.4375;17.625;316;202;0;
1399;2023.04.15 03:45;4;17.25;17.4375;17.625;316;202;0;
1400;2023.04.15 04:00;4;17.25;17.4375;17.625;316;202;0;
1401;2023.04.15 04:15;4;17.25;17.4375;17.5625;316;202;0;
1402;2023.04.15 04:30;4;17.25;17.4375;17.5625;316;202;0;
1403;2023.04.15 04:45;4;17.25;17.4375;17.5625;316;202;0;
1404;2023.04.15 05:00;4;17.25;17.375;17.5625;316;202;0;
1405;2023.04.15 05:15;4;17.25;17.375;17.5625;316;202;0;
1406;2023.04.15 05:30;4;17.25;17.375;17.5625;316;202;0;
1407;2023.04.15 05:45;4;17.25;17.375;17.5;316;202;0;
1408;2023.04.15 06:00;4;17.25;17.375;17.5;316;202;0;
1409;2023.04.15 06:15;4;17.1875;17.375;17.5;316;202;0;
1410;2023.04.15 06:30;4;17.1875;17.375;17.5;316;202;0;
1411;2023.04.15 06:45;4;17.1875;17.375;17.5;316;202;0;
1412;2023.04.15 07:00;4;17.125;17.375;17.5;316;202;0;
1413;2023.04.15 07:15;4;17.125;17.375;17.5;316;202;0;
1414;2023.04.15 07:30;4;17.125;17.375;17.5;316;202;0;
1415;2023.04.15 07:45;4;17.125;17.375;17.5;316;202;0;
1416;2023.04.15 08:00;4;17.125;17.3125;17.4375;316;202;0;
1417;2023.04.15 08:15;4;17.125;17.3125;17.4375;316;202;0;
1418;2023.04.15 08:30;4;17.125;17.3125;17.375;316;202;0;
1419;2023.04.15 08:45;4;17.0625;17.25;17.375;316;202;0;
1420;2023.04.15 09:00;4;17.0625;17.25;17.375;316;202;0;
1421;2023.04.15 09:15;4;17.0625;17.25;17.375;316;202;0;
1422;2023.04.15 09:30;4;17;17.25;17.375;315;202;0;
1423;2023.04.15 09:45;4;17;17.25;17.375;315;202;0;
1424;2023.04.15 10:00;4;17;17.25;17.375;315;202;0;
1425;2023.04.15 10:15;4;17;17.25;17.3125;315;202;0;
1426;2023.04.15 10:30;4;17;17.1875;17.25;315;202;0;
1427;2023.04.15 10:45;4;17;17.1875;17.25;315;202;0;
1428;2023.04.15 11:00;4;16.9375;17.1875;17.25;315;202;0;
1429;2023.04.15 11:15;4;16.9375;17.125;17.25;315;202;0;
1430;2023.04.15 11:30;4;16.875;17.125;17.25;315;202;0;
1431;2023.04.15 11:45;4;16.875;17.125;17.1875;315;202;0;
1432;2023.04.15 12:00;4;16.875;17.125;17.1875;315;202;0;
1433;2023.04.15 12:15;4;16.875;17.125;17.125;315;202;0;
1434;2023.04.15 12:30;4;16.875;17.125;17.125;315;202;0;
1435;2023.04.15 12:45;4;16.875;17.0625;17.125;315;202;0;
1436;2023.04.15 13:00;4;16.8125;17.0625;17.125;315;202;0;
1437;2023.04.15 13:15;4;16.8125;17;17.125;315;202;0;
1438;2023.04.15 13:30;4;16.75;17;17.125;315;202;0;
1439;2023.04.15 13:45;4;16.75;17;17.0625;314;202;0;
1440;2023.04.15 14:00;4;16.75;17;17.0625;314;202;0;
1441;2023.04.15 14:15;4;16.75;17;17;314;202;0;
1442;2023.04.15 14:30;4;16.75;17;17;314;202;0;
1443;2023.04.15 14:45;4;16.75;17;17;314;202;0;
1444;2023.04.15 15:00;4;16.75;17;17;314;202;0;
1445;2023.04.15 15:15;4;16.75;17;17;314;202;0;
1446;2023.04.15 15:30;4;16.8125;16.9375;17;314;202;0;
1447;2023.04.15 15:45;4;16.875;17;17;314;202;0;
1448;2023.04.15 16:00;4;18.4375;17.1875;17.0625;317;202;0;
1449;2023.04.15 16:15;4;17.5;17.125;17.125;316;202;0;
1450;2023.04.15 16:30;4;17.4375;17.125;17.1875;316;202;0;
1451;2023.04.15 16:45;4;17.5;17.25;17.25;316;202;0;
1452;2023.04.15 17:00;4;17.625;17.25;17.375;316;202;0;
1453;2023.04.15 17:15;4;17.75;17.375;17.5;317;202;0;
1454;2023.04.15 17:30;4;17.8125;17.375;17.5625;317;202;0;
1455;2023.04.15 17:45;4;17.875;17.5;17.625;317;202;0;
1456;2023.04.15 18:00;4;17.9375;17.5625;17.75;318;202;0;
1457;2023.04.15 18:15;4;18;17.625;17.75;318;202;0;
1458;2023.04.15 18:30;4;18;17.625;17.875;318;202;0;
1459;2023.04.15 18:45;4;18;17.6875;17.875;318;202;0;
1460;2023.04.15 19:00;4;18;17.75;18;318;202;0;
1461;2023.04.15 19:15;4;18;17.75;18;318;202;0;
1462;2023.04.15 19:30;4;18;17.8125;18;318;202;0;
1463;2023.04.15 19:45;4;18;17.875;18.125;319;202;0;
1464;2023.04.15 20:00;4;18;17.875;18.125;319;202;0;
1465;2023.04.15 20:15;4;18.0625;17.875;18.125;319;202;0;
1466;2023.04.15 20:30;4;18.125;17.9375;18.125;319;202;0;
1467;2023.04.15 20:45;4;18.125;18;18.1875;319;202;0;
1468;2023.04.15 21:00;4;18.125;18;18.25;319;202;0;
1469;2023.04.15 21:15;4;18.125;18;18.25;319;202;0;
1470;2023.04.15 21:30;4;18.125;18.0625;18.25;319;202;0;
1471;2023.04.15 21:45;4;18.1875;18.125;18.3125;319;202;0;
1472;2023.04.15 22:00;4;18.1875;18.125;18.375;320;202;0;
1473;2023.04.15 22:15;4;18.25;18.125;18.375;320;202;0;
1474;2023.04.15 22:30;4;18.25;18.125;18.375;320;202;0;
1475;2023.04.15 22:45;4;18.25;18.1875;18.375;320;202;0;
1476;2023.04.15 23:00;4;18.25;18.25;18.4375;320;202;0;
1477;2023.04.15 23:15;4;18.25;18.25;18.4375;320;202;0;
1478;2023.04.15 23:30;4;18.25;18.25;18.5;320;202;0;
1479;2023.04.15 23:45;4;18.25;18.25;18.5;320;202;0;
1480;2023.04.16 00:00;4;18.25;18.25;18.5;320;202;0;
1481;2023.04.16 00:15;4;18.25;18.25;18.5;320;202;0;
1482;2023.04.16 00:30;4;18.25;18.25;18.5;320;202;0;
1483;2023.04.16 00:45;4;18.25;18.3125;18.5;320;202;0;
1484;2023.04.16 01:00;4;18.25;18.3125;18.5;320;202;0;
1485;2023.04.16 01:15;4;18.25;18.3125;18.5;320;202;0;
1486;2023.04.16 01:30;4;18.25;18.3125;18.5;320;202;0;
1487;2023.04.16 01:45;4;18.25;18.3125;18.5;320;202;0;
1488;2023.04.16 02:00;4;18.1875;18.3125;18.5;320;202;0;
1489;2023.04.16 02:15;4;18.1875;18.3125;18.5;320;202;0;
1490;2023.04.16 02:30;4;18.125;18.3125;18.5;320;202;0;
1491;2023.04.16 02:45;4;18.125;18.3125;18.5;320;202;0;
1492;2023.04.16 03:00;4;18.125;18.25;18.4375;320;202;0;
1493;2023.04.16 03:15;4;18.125;18.25;18.4375;320;202;0;
1494;2023.04.16 03:30;4;18.125;18.25;18.375;320;202;0;
1495;2023.04.16 03:45;4;18.0625;18.25;18.375;320;202;0;
1496;2023.04.16 04:00;4;18;18.25;18.375;320;202;0;
1497;2023.04.16 04:15;4;18;18.25;18.375;320;202;0;
1498;2023.04.16 04:30;4;18;18.25;18.3125;320;202;0;
1499;2023.04.16 04:45;4;18;18.1875;18.3125;319;202;0;
1500;2023.04.16 05:00;4;17.9375;18.125;18.25;319;202;0;
1501;2023.04.16 05:15;4;17.875;18.125;18.25;319;202;0;
1502;2023.04.16 05:30;4;17.875;18.125;18.25;319;202;0;
1503;2023.04.16 05:45;4;17.875;18.125;18.25;319;202;0;
1504;2023.04.16 06:00;4;17.875;18.125;18.1875;319;202;0;
1505;2023.04.16 06:15;4;17.875;18.125;18.125;319;202;0;
1506;2023.04.16 06:30;4;17.8125;18.0625;18.125;319;202;0;
1507;2023.04.16 06:45;4;17.75;18;18.125;319;202;0;
1508;2023.04.16 07:00;4;17.75;18;18.125;319;202;0;
1509;2023.04.16 07:15;4;17.75;18;18.0625;319;202;0;
1510;2023.04.16 07:30;4;17.75;18;18;319;202;0;
1511;2023.04.16 07:45;4;17.75;18;18;319;202;0;
1512;2023.04.16 08:00;4;17.6875;17.9375;18;318;202;0;
1513;2023.04.16 08:15;4;17.6875;17.9375;18;318;202;0;
1514;2023.04.16 08:30;4;17.625;17.875;18;318;202;0;
1515;2023.04.16 08:45;4;17.625;17.875;17.9375;318;202;0;
1516;2023.04.16 09:00;4;17.625;17.875;17.9375;318;202;0;
1517;2023.04.16 09:15;4;17.625;17.875;17.875;318;202;0;
1518;2023.04.16 09:30;4;17.625;17.875;17.875;318;202;0;
1519;2023.04.16 09:45;4;17.625;17.8125;17.875;318;202;0;
1520;2023.04.16 10:00;4;17.5625;17.8125;17.875;318;202;0;
1521;2023.04.16 10:15;4;17.5;17.75;17.875;318;202;0;
1522;2023.04.16 10:30;4;17.5;17.75;17.875;318;202;0;
1523;2023.04.16 10:45;4;17.5;17.75;17.8125;318;202;0;
1524;2023.04.16 11:00;4;17.5;17.75;17.8125;318;202;0;
1525;2023.04.16 11:15;4;17.5;17.75;17.75;318;202;0;
1526;2023.04.16 11:30;4;17.5;17.6875;17.75;317;202;0;
1527;2023.04.16 11:45;4;17.4375;17.6875;17.75;317;202;0;
1528;2023.04.16 12:00;4;17.4375;17.625;17.75;317;202;0;
1529;2023.04.16 12:15;4;17.375;17.625;17.75;317;202;0;
1530;2023.04.16 12:30;4;17.375;17.625;17.6875;317;202;0;
1531;2023.04.16 12:45;4;17.375;17.625;17.6875;317;202;0;
1532;2023.04.16 13:00;4;17.375;17.625;17.625;317;202;0;
1533;2023.04.16 13:15;4;17.375;17.5625;17.625;317;202;0;
1534;2023.04.16 13:30;4;17.375;17.5625;17.625;317;202;0;
1535;2023.04.16 13:45;4;17.3125;17.5;17.625;317;202;0;
1536;2023.04.16 14:00;4;17.3125;17.5;17.625;317;202;0;
1537;2023.04.16 14:15;4;17.3125;17.5;17.5625;317;202;0;
1538;2023.04.16 14:30;4;17.3125;17.5;17.5625;317;202;0;
1539;2023.04.16 14:45;4;17.3125;17.5;17.5625;317;202;0;
1540;2023.04.16 15:00;4;17.3125;17.5;17.5625;317;202;0;
1541;2023.04.16 15:15;4;17.3125;17.5;17.5625;317;202;0;
1542;2023.04.16 15:30;4;17.375;17.5;17.5625;317;202;0;
1543;2023.04.16 15:45;4;17.5;17.5;17.5625;317;202;0;
1544;2023.04.16 16:00;4;17.875;17.5625;17.625;318;202;0;
1545;2023.04.16 16:15;4;17.75;17.5625;17.625;318;202;0;
1546;2023.04.16 16:30;4;17.75;17.625;17.6875;318;202;0;
1547;2023.04.16 16:45;4;17.875;17.625;17.75;318;202;0;
1548;2023.04.16 17:00;4;18;17.75;17.8125;318;202;0;
1549;2023.04.16 17:15;4;18.125;17.8125;17.875;319;202;0;
1550;2023.04.16 17:30;4;18.1875;17.875;18;319;202;0;
1551;2023.04.16 17:45;4;18.25;17.9375;18.0625;319;202;0;
1552;2023.04.16 18:00;4;18.25;18;18.125;319;202;0;
1553;2023.04.16 18:15;4;18.3125;18;18.25;320;202;0;
1554;2023.04.16 18:30;4;18.3125;18.0625;18.25;320;202;0;
1555;2023.04.16 18:45;4;18.375;18.125;18.3125;320;202;0;
1556;2023.04.16 19:00;4;18.375;18.125;18.375;320;202;0;
1557;2023.04.16 19:15;4;18.375;18.125;18.375;320;202;0;
1558;2023.04.16 19:30;4;18.375;18.1875;18.375;320;202;0;
1559;2023.04.16 19:45;4;18.375;18.25;18.4375;320;202;0;
1560;2023.04.16 20:00;4;18.375;18.25;18.5;320;202;0;
1561;2023.04.16 20:15;4;18.375;18.25;18.5;320;202;0;
1562;2023.04.16 20:30;4;18.375;18.25;18.5;320;202;0;
1563;2023.04.16 20:45;4;18.375;18.3125;18.5;321;202;0;
1564;2023.04.16 21:00;4;18.375;18.3125;18.5;321;202;0;
1565;2023.04.16 21:15;4;18.375;18.375;18.5625;321;202;0;
1566;2023.04.16 21:30;4;18.375;18.375;18.625;321;202;0;
1567;2023.04.16 21:45;4;18.375;18.375;18.625;321;202;0;
1568;2023.04.16 22:00;4;18.4375;18.375;18.625;321;202;0;
1569;2023.04.16 22:15;4;18.4375;18.375;18.625;321;202;0;
1570;2023.04.16 22:30;4;18.4375;18.4375;18.625;321;202;0;
1571;2023.04.16 22:45;4;18.4375;18.4375;18.625;321;202;0;
1572;2023.04.16 23:00;4;18.4375;18.5;18.6875;321;202;0;
1573;2023.04.16 23:15;4;18.4375;18.5;18.6875;321;202;0;
1574;2023.04.16 23:30;4;18.5;18.5;18.75;321;202;0;
1575;2023.04.16 23:45;4;18.5;18.5;18.75;321;202;0;
1576;2023.04.17 00:00;4;18.5;18.5;18.75;321;202;0;
1577;2023.04.17 00:15;4;18.5;18.5;18.75;321;202;0;
1578;2023.04.17 00:30;4;18.5;18.5625;18.75;322;202;0;
1579;2023.04.17 00:45;4;18.5;18.5625;18.75;322;202;0;
1580;2023.04.17 01:00;4;18.5;18.5625;18.75;322;202;0;
1581;2023.04.17 01:15;4;18.5;18.5625;18.75;322;202;0;
1582;2023.04.17 01:30;4;18.5;18.5625;18.75;322;202;0;
1583;2023.04.17 01:45;4;18.5;18.625;18.75;322;202;0;
1584;2023.04.17 02:00;4;18.5;18.5625;18.75;322;202;0;
1585;2023.04.17 02:15;4;18.4375;18.5625;18.75;322;202;0;
1586;2023.04.17 02:30;4;18.375;18.5625;18.75;322;202;0;
1587;2023.04.17 02:45;4;18.375;18.5625;18.75;321;202;0;
1588;2023.04.17 03:00;4;18.375;18.5;18.6875;321;202;0;
1589;2023.04.17 03:15;4;18.3125;18.5;18.6875;321;202;0;
1590;2023.04.17 03:30;4;18.3125;18.5;18.625;321;202;0;
1591;2023.04.17 03:45;4;18.25;18.5;18.625;321;202;0;
1592;2023.04.17 04:00;4;18.25;18.5;18.625;321;202;0;
1593;2023.04.17 04:15;4;18.25;18.5;18.625;321;202;0;
1594;2023.04.17 04:30;4;18.25;18.5;18.5625;321;202;0;
1595;2023.04.17 04:45;4;18.1875;18.4375;18.5;321;202;0;
1596;2023.04.17 05:00;4;18.125;18.375;18.5;321;202;0;
1597;2023.04.17 05:15;4;18.125;18.375;18.5;321;202;0;
1598;2023.04.17 05:30;4;18.125;18.375;18.5;321;202;0;
1599;2023.04.17 05:45;4;18.125;18.375;18.4375;321;202;0;
1600;2023.04.17 06:00;4;18.0625;18.375;18.375;321;202;0;
1601;2023.04.17 06:15;4;18.0625;18.3125;18.375;320;202;0;
1602;2023.04.17 06:30;4;18;18.25;18.375;320;202;0;
1603;2023.04.17 06:45;4;18;18.25;18.375;320;202;0;
1604;2023.04.17 07:00;4;18;18.25;18.3125;320;202;0;
1605;2023.04.17 07:15;4;17.9375;18.25;18.25;320;202;0;
1606;2023.04.17 07:30;4;17.9375;18.25;18.25;320;202;0;
1607;2023.04.17 07:45;4;17.875;18.1875;18.25;320;202;0;
1608;2023.04.17 08:00;4;17.875;18.125;18.25;320;202;0;
1609;2023.04.17 08:15;4;17.875;18.125;18.1875;320;202;0;
1610;2023.04.17 08:30;4;17.875;18.125;18.125;320;202;0;
1611;2023.04.17 08:45;4;17.875;18.125;18.125;320;202;0;
1612;2023.04.17 09:00;4;17.8125;18.125;18.125;319;202;0;
1613;2023.04.17 09:15;4;17.75;18.0625;18.125;319;202;0;
1614;2023.04.17 09:30;4;17.75;18;18.125;319;202;0;
1615;2023.04.17 09:45;4;17.75;18;18.0625;319;202;0;
1616;2023.04.17 10:00;4;17.75;18;18.0625;319;202;0;
1617;2023.04.17 10:15;4;17.75;18;18;319;202;0;
1618;2023.04.17 10:30;4;17.75;18;18;319;202;0;
1619;2023.04.17 10:45;4;17.75;17.9375;18;319;202;0;
1620;2023.04.17 11:00;4;17.6875;17.9375;18;319;202;0;
1621;2023.04.17 11:15;4;17.6875;17.9375;18;319;202;0;
1622;2023.04.17 11:30;4;17.625;17.875;18;319;202;0;
1623;2023.04.17 11:45;4;17.625;17.875;17.9375;319;202;0;
1624;2023.04.17 12:00;4;17.625;17.875;17.9375;319;202;0;
1625;2023.04.17 12:15;4;17.625;17.875;17.875;319;202;0;
1626;2023.04.17 12:30;4;17.625;17.875;17.875;319;202;0;
1627;2023.04.17 12:45;4;17.625;17.8125;17.875;319;202;0;
1628;2023.04.17 13:00;4;17.625;17.8125;17.875;319;202;0;
1629;2023.04.17 13:15;4;17.5625;17.8125;17.875;318;202;0;
1630;2023.04.17 13:30;4;17.5625;17.75;17.875;318;202;0;
1631;2023.04.17 13:45;4;17.5;17.75;17.875;318;202;0;
1632;2023.04.17 14:00;4;17.5;17.75;17.875;318;202;0;
1633;2023.04.17 14:15;4;17.5;17.75;17.8125;318;202;0;
1634;2023.04.17 14:30;4;17.5;17.75;17.8125;318;202;0;
1635;2023.04.17 14:45;4;17.5;17.75;17.8125;318;202;0;
1636;2023.04.17 15:00;4;17.5;17.75;17.75;318;202;0;
1637;2023.04.17 15:15;4;17.5;17.75;17.75;318;202;0;
1638;2023.04.17 15:30;4;17.5;17.6875;17.75;318;202;0;
1639;2023.04.17 15:45;4;17.5;17.6875;17.75;318;202;0;
1640;2023.04.17 16:00;4;17.5;17.6875;17.75;318;202;0;
1641;2023.04.17 16:15;4;17.5;17.6875;17.75;318;202;0;
1642;2023.04.17 16:30;4;17.5;17.625;17.75;318;202;0;
1643;2023.04.17 16:45;4;17.5;17.625;17.75;318;202;0;
1644;2023.04.17 17:00;4;17.5;17.625;17.75;318;202;0;
1645;2023.04.17 17:15;4;17.5;17.625;17.75;318;202;0;
1646;2023.04.17 17:30;4;17.5;17.625;17.75;318;202;0;
1647;2023.04.17 17:45;4;17.5;17.625;17.75;318;202;0;
1648;2023.04.17 18:00;4;17.5;17.625;17.75;318;202;0;
1649;2023.04.17 18:15;4;17.5;17.625;17.75;318;202;0;
1650;2023.04.17 18:30;4;17.5;17.625;17.75;318;202;0;
1651;2023.04.17 18:45;4;17.5;17.625;17.75;318;202;0;
1652;2023.04.17 19:00;4;17.5625;17.625;17.75;318;202;0;
1653;2023.04.17 19:15;4;17.5625;17.6875;17.75;318;202;0;
1654;2023.04.17 19:30;4;17.5625;17.6875;17.8125;318;202;0;
1655;2023.04.17 19:45;4;17.625;17.6875;17.8125;318;202;0;
1656;2023.04.17 20:00;4;17.625;17.6875;17.875;318;202;0;
1657;2023.04.17 20:15;4;17.625;17.75;17.875;318;202;0;
1658;2023.04.17 20:30;4;17.625;17.75;17.875;318;202;0;
1659;2023.04.17 20:45;4;17.625;17.75;17.875;318;202;0;
1660;2023.04.17 21:00;4;17.625;17.75;17.875;318;202;0;
1661;2023.04.17 21:15;4;17.6875;17.75;17.875;319;202;0;
1662;2023.04.17 21:30;4;17.6875;17.75;17.875;319;202;0;
1663;2023.04.17 21:45;4;17.6875;17.75;17.9375;319;202;0;
1664;2023.04.17 22:00;4;17.75;17.75;17.9375;319;202;0;
1665;2023.04.17 22:15;4;17.75;17.75;18;319;202;0;
1666;2023.04.17 22:30;4;17.75;17.8125;18;319;202;0;
1667;2023.04.17 22:45;4;17.75;17.8125;18;319;202;0;
1668;2023.04.17 23:00;4;17.75;17.875;18;319;202;0;
1669;2023.04.17 23:15;4;17.8125;17.875;18;319;202;0;
1670;2023.04.17 23:30;4;17.8125;17.875;18.0625;319;202;0;
1671;2023.04.17 23:45;4;17.8125;17.875;18.0625;319;202;0;
1672;2023.04.18 00:00;4;17.875;17.875;18.125;319;202;0;
1673;2023.04.18 00:15;4;17.875;17.875;18.125;319;202;0;
1674;2023.04.18 00:30;4;17.875;17.9375;18.125;319;202;0;
1675;2023.04.18 00:45;4;17.875;17.9375;18.125;319;202;0;
1676;2023.04.18 01:00;4;17.875;17.9375;18.125;319;202;0;
1677;2023.04.18 01:15;4;17.875;18;18.125;320;202;0;
1678;2023.04.18 01:30;4;17.875;18;18.125;320;202;0;
1679;2023.04.18 01:45;4;17.875;18;18.125;320;202;0;
1680;2023.04.18 02:00;4;17.875;18;18.1875;320;202;0;
1681;2023.04.18 02:15;4;17.875;18;18.125;320;202;0;
1682;2023.04.18 02:30;4;17.875;18;18.125;320;202;0;
1683;2023.04.18 02:45;4;17.875;18;18.125;320;202;0;
1684;2023.04.18 03:00;4;17.8125;18;18.125;320;202;0;
1685;2023.04.18 03:15;4;17.8125;18;18.125;319;202;0;
1686;2023.04.18 03:30;4;17.8125;18;18.125;319;202;0;
1687;2023.04.18 03:45;4;17.75;18;18.125;319;202;0;
1688;2023.04.18 04:00;4;17.75;18;18.125;319;202;0;
1689;2023.04.18 04:15;4;17.75;18;18.125;319;202;0;
1690;2023.04.18 04:30;4;17.75;18;18.125;319;202;0;
1691;2023.04.18 04:45;4;17.75;17.9375;18.125;319;202;0;
1692;2023.04.18 05:00;4;17.75;17.9375;18.0625;319;202;0;
1693;2023.04.18 05:15;4;17.75;17.9375;18.0625;319;202;0;
1694;2023.04.18 05:30;4;17.75;17.9375;18.0625;319;202;0;
1695;2023.04.18 05:45;4;17.75;17.875;18;319;202;0;
1696;2023.04.18 06:00;4;17.75;17.875;18;319;202;0;
1697;2023.04.18 06:15;4;17.6875;17.875;18;319;202;0;
1698;2023.04.18 06:30;4;17.6875;17.875;18;319;202;0;
1699;2023.04.18 06:45;4;17.6875;17.875;18;319;202;0;
1700;2023.04.18 07:00;4;17.625;17.875;18;319;202;0;
1701;2023.04.18 07:15;4;17.625;17.875;18;319;202;0;
1702;2023.04.18 07:30;4;17.625;17.875;18;319;202;0;
1703;2023.04.18 07:45;4;17.625;17.875;18;319;202;0;
1704;2023.04.18 08:00;4;17.625;17.875;18;319;202;0;
1705;2023.04.18 08:15;4;17.625;17.875;17.9375;319;202;0;
1706;2023.04.18 08:30;4;17.625;17.875;17.9375;319;202;0;
1707;2023.04.18 08:45;4;17.625;17.8125;17.9375;319;202;0;
1708;2023.04.18 09:00;4;17.625;17.8125;17.9375;319;202;0;
1709;2023.04.18 09:15;4;17.625;17.8125;17.875;319;202;0;
1710;2023.04.18 09:30;4;17.625;17.75;17.875;319;202;0;
1711;2023.04.18 09:45;4;17.5625;17.75;17.875;319;202;0;
1712;2023.04.18 10:00;4;17.5625;17.75;17.875;319;202;0;
1713;2023.04.18 10:15;4;17.5625;17.75;17.875;319;202;0;
1714;2023.04.18 10:30;4;17.5625;17.75;17.875;319;202;0;
1715;2023.04.18 10:45;4;17.5625;17.75;17.875;319;202;0;
1716;2023.04.18 11:00;4;17.5;17.75;17.875;319;202;0;
1717;2023.04.18 11:15;4;17.5;17.75;17.875;319;202;0;
1718;2023.04.18 11:30;4;17.5;17.75;17.875;318;202;0;
1719;2023.04.18 11:45;4;17.5;17.75;17.875;318;202;0;
1720;2023.04.18 12:00;4;17.5;17.75;17.8125;318;202;0;
1721;2023.04.18 12:15;4;17.5;17.75;17.8125;318;202;0;
1722;2023.04.18 12:30;4;17.5;17.6875;17.8125;318;202;0;
1723;2023.04.18 12:45;4;17.5;17.6875;17.8125;318;202;0;
1724;2023.04.18 13:00;4;17.5;17.6875;17.8125;318;202;0;
1725;2023.04.18 13:15;4;17.5;17.6875;17.75;318;202;0;
1726;2023.04.18 13:30;4;17.5;17.6875;17.75;318;202;0;
1727;2023.04.18 13:45;4;17.5;17.625;17.75;318;202;0;
1728;2023.04.18 14:00;4;17.5;17.625;17.75;318;202;0;
1729;2023.04.18 14:15;4;17.5;17.625;17.75;318;202;0;
1730;2023.04.18 14:30;4;17.5;17.625;17.75;318;202;0;
1731;2023.04.18 14:45;4;17.5;17.625;17.75;318;202;0;
1732;2023.04.18 15:00;4;17.5;17.625;17.75;318;202;0;
1733;2023.04.18 15:15;4;17.5;17.625;17.75;318;202;0;
1734;2023.04.18 15:30;4;17.5625;17.625;17.75;318;202;0;
1735;2023.04.18 15:45;4;17.625;17.625;17.75;318;202;0;
1736;2023.04.18 16:00;4;17.5625;17.6875;17.75;318;202;0;
1737;2023.04.18 16:15;4;17.5625;17.6875;17.8125;318;202;0;
1738;2023.04.18 16:30;4;17.625;17.6875;17.8125;319;202;0;
1739;2023.04.18 16:45;4;17.875;17.75;17.875;319;202;0;
1740;2023.04.18 17:00;4;17.75;17.75;17.875;319;202;0;
1741;2023.04.18 17:15;4;17.8125;17.75;17.9375;319;202;0;
1742;2023.04.18 17:30;4;17.75;17.75;17.9375;319;202;0;
1743;2023.04.18 17:45;4;17.8125;17.8125;18;319;202;0;
1744;2023.04.18 18:00;4;17.75;17.8125;18;319;202;0;
1745;2023.04.18 18:15;4;17.875;17.875;18;319;202;0;
1746;2023.04.18 18:30;4;17.9375;17.875;18;320;202;0;
1747;2023.04.18 18:45;4;18;17.875;18.0625;320;202;0;
1748;2023.04.18 19:00;4;18;17.9375;18.125;320;202;0;
1749;2023.04.18 19:15;4;18;17.9375;18.125;320;202;0;
1750;2023.04.18 19:30;4;18;18;18.125;320;202;0;
1751;2023.04.18 19:45;4;18;18;18.125;320;202;0;
1752;2023.04.18 20:00;4;18;18;18.1875;320;202;0;
1753;2023.04.18 20:15;4;18;18;18.1875;320;202;0;
1754;2023.04.18 20:30;4;18;18;18.1875;320;202;0;
1755;2023.04.18 20:45;4;18;18;18.25;320;202;0;
1756;2023.04.18 21:00;4;18;18.0625;18.25;320;202;0;
1757;2023.04.18 21:15;4;18.0625;18.0625;18.25;320;202;0;
1758;2023.04.18 21:30;4;18.0625;18.125;18.25;320;202;0;
1759;2023.04.18 21:45;4;18.125;18.125;18.25;320;202;0;
1760;2023.04.18 22:00;4;18.125;18.125;18.25;320;202;0;
1761;2023.04.18 22:15;4;18.125;18.125;18.25;320;202;0;
1762;2023.04.18 22:30;4;18.0625;18.125;18.25;320;202;0;
1763;2023.04.18 22:45;4;18.0625;18.125;18.3125;320;202;0;
1764;2023.04.18 23:00;4;18.0625;18.125;18.25;320;202;0;
1765;2023.04.18 23:15;4;18.0625;18.125;18.3125;320;202;0;
1766;2023.04.18 23:30;4;18;18.125;18.25;320;202;0;
1767;2023.04.18 23:45;4;18.0625;18.125;18.25;320;202;0;
1768;2023.04.19 00:00;4;18;18.125;18.25;320;202;0;
1769;2023.04.19 00:15;4;18;18.125;18.25;320;202;0;
1770;2023.04.19 00:30;4;18;18.125;18.25;320;202;0;
1771;2023.04.19 00:45;4;18;18.125;18.25;320;202;0;
1772;2023.04.19 01:00;4;18;18.125;18.25;320;202;0;
1773;2023.04.19 01:15;4;18;18.125;18.25;320;202;0;
1774;2023.04.19 01:30;4;18;18.125;18.25;320;202;0;
1775;2023.04.19 01:45;4;17.9375;18.125;18.25;320;202;0;
1776;2023.04.19 02:00;4;17.9375;18.125;18.25;320;202;0;
1777;2023.04.19 02:15;4;17.875;18.125;18.25;320;202;0;
1778;2023.04.19 02:30;4;17.875;18.0625;18.1875;320;202;0;
1779;2023.04.19 02:45;4;17.875;18.0625;18.125;320;202;0;
1780;2023.04.19 03:00;4;17.875;18.0625;18.125;320;202;0;
1781;2023.04.19 03:15;4;17.875;18;18.125;320;202;0;
1782;2023.04.19 03:30;4;17.8125;18;18.125;320;202;0;
1783;2023.04.19 03:45;4;17.8125;18;18.125;320;202;0;
1784;2023.04.19 04:00;4;17.75;18;18.125;319;202;0;
1785;2023.04.19 04:15;4;17.75;18;18.0625;319;202;0;
1786;2023.04.19 04:30;4;17.75;18;18.0625;319;202;0;
1787;2023.04.19 04:45;4;17.75;18;18;319;202;0;
1788;2023.04.19 05:00;4;17.75;17.9375;18;319;202;0;
1789;2023.04.19 05:15;4;17.75;17.9375;18;319;202;0;
1790;2023.04.19 05:30;4;17.6875;17.875;18;319;202;0;
1791;2023.04.19 05:45;4;17.6875;17.875;18;319;202;0;
1792;2023.04.19 06:00;4;17.625;17.875;18;319;202;0;
1793;2023.04.19 06:15;4;17.625;17.875;17.9375;319;202;0;
1794;2023.04.19 06:30;4;17.625;17.875;17.9375;319;202;0;
1795;2023.04.19 06:45;4;17.625;17.875;17.875;319;202;0;
1796;2023.04.19 07:00;4;17.625;17.8125;17.875;319;202;0;
1797;2023.04.19 07:15;4;17.5625;17.8125;17.875;319;202;0;
1798;2023.04.19 07:30;4;17.5625;17.8125;17.875;319;202;0;
1799;2023.04.19 07:45;4;17.5625;17.75;17.875;319;202;0;
1800;2023.04.19 08:00;4;17.5;17.75;17.8125;318;202;0;
1801;2023.04.19 08:15;4;17.5;17.75;17.8125;318;202;0;
1802;2023.04.19 08:30;4;17.5;17.75;17.75;318;202;0;
1803;2023.04.19 08:45;4;17.5;17.6875;17.75;318;202;0;
1804;2023.04.19 09:00;4;17.4375;17.6875;17.75;318;202;0;
1805;2023.04.19 09:15;4;17.4375;17.625;17.75;318;202;0;
1806;2023.04.19 09:30;4;17.375;17.625;17.6875;318;202;0;
1807;2023.04.19 09:45;4;17.375;17.625;17.6875;318;202;0;
1808;2023.04.19 10:00;4;17.4375;17.625;17.6875;318;202;0;
1809;2023.04.19 10:15;4;17.5;17.625;17.6875;318;202;0;
1810;2023.04.19 10:30;4;17.4375;17.625;17.625;318;202;0;
1811;2023.04.19 10:45;4;17.375;17.625;17.625;318;202;0;
1812;2023.04.19 11:00;4;17.375;17.5625;17.625;318;202;0;
1813;2023.04.19 11:15;4;17.375;17.5625;17.625;318;202;0;
1814;2023.04.19 11:30;4;17.3125;17.5;17.625;317;202;0;
1815;2023.04.19 11:45;4;17.25;17.5;17.5625;317;202;0;
1816;2023.04.19 12:00;4;17.25;17.5;17.5;317;202;0;
1817;2023.04.19 12:15;4;17.25;17.5;17.5;317;202;0;
1818;2023.04.19 12:30;4;17.25;17.5;17.5;317;202;0;
1819;2023.04.19 12:45;4;17.1875;17.4375;17.5;317;202;0;
1820;2023.04.19 13:00;4;17.1875;17.375;17.5;317;202;0;
1821;2023.04.19 13:15;4;17.125;17.375;17.4375;317;202;0;
1822;2023.04.19 13:30;4;17.125;17.375;17.4375;317;202;0;
1823;2023.04.19 13:45;4;17.125;17.375;17.375;317;202;0;
1824;2023.04.19 14:00;4;17.125;17.375;17.375;317;202;0;
1825;2023.04.19 14:15;4;17.125;17.375;17.375;317;202;0;
1826;2023.04.19 14:30;4;17.125;17.3125;17.375;317;202;0;
1827;2023.04.19 14:45;4;17.125;17.3125;17.375;317;202;0;
1828;2023.04.19 15:00;4;17.125;17.3125;17.375;317;202;0;
1829;2023.04.19 15:15;4;17.125;17.25;17.375;317;202;0;
1830;2023.04.19 15:30;4;17.125;17.25;17.375;317;202;0;
1831;2023.04.19 15:45;4;17.25;17.3125;17.375;317;202;0;
1832;2023.04.19 16:00;4;17.375;17.3125;17.375;317;202;0;
1833;2023.04.19 16:15;4;17.4375;17.375;17.375;317;202;0;
1834;2023.04.19 16:30;4;17.625;17.375;17.5;317;202;0;
1835;2023.04.19 16:45;4;17.6875;17.5;17.5625;318;202;0;
1836;2023.04.19 17:00;4;17.75;17.5;17.625;318;202;0;
1837;2023.04.19 17:15;4;17.75;17.5625;17.6875;318;202;0;
1838;2023.04.19 17:30;4;17.875;17.625;17.75;318;202;0;
1839;2023.04.19 17:45;4;17.9375;17.6875;17.875;319;202;0;
1840;2023.04.19 18:00;4;18;17.75;17.875;319;202;0;
1841;2023.04.19 18:15;4;18.0625;17.75;18;319;202;0;
1842;2023.04.19 18:30;4;18.125;17.875;18;319;202;0;
1843;2023.04.19 18:45;4;18.125;17.875;18.125;319;202;0;
1844;2023.04.19 19:00;4;18.125;17.875;18.125;320;202;0;
1845;2023.04.19 19:15;4;18.125;17.9375;18.125;320;202;0;
1846;2023.04.19 19:30;4;18.125;18;18.1875;320;202;0;
1847;2023.04.19 19:45;4;18.125;18;18.1875;320;202;0;
1848;2023.04.19 20:00;4;18.125;18;18.25;320;202;0;
1849;2023.04.19 20:15;4;18.125;18;18.25;320;202;0;
1850;2023.04.19 20:30;4;18.125;18;18.25;320;202;0;
1851;2023.04.19 20:45;4;18.125;18.0625;18.25;320;202;0;
1852;2023.04.19 21:00;4;18.125;18.125;18.25;320;202;0;
1853;2023.04.19 21:15;4;18.125;18.125;18.25;320;202;0;
1854;2023.04.19 21:30;4;18.125;18.125;18.25;320;202;0;
1855;2023.04.19 21:45;4;18.125;18.125;18.3125;320;202;0;
1856;2023.04.19 22:00;4;18.125;18.125;18.3125;320;202;0;
1857;2023.04.19 22:15;4;18.1875;18.125;18.375;320;202;0;
1858;2023.04.19 22:30;4;18.1875;18.1875;18.375;320;202;0;
1859;2023.04.19 22:45;4;18.1875;18.1875;18.375;320;202;0;
1860;2023.04.19 23:00;4;18.1875;18.25;18.375;320;202;0;
1861;2023.04.19 23:15;4;18.1875;18.25;18.375;320;202;0;
1862;2023.04.19 23:30;4;18.1875;18.25;18.375;320;202;0;
1863;2023.04.19 23:45;4;18.1875;18.25;18.375;320;202;0;
1864;2023.04.20 00:00;4;18.1875;18.25;18.375;320;202;0;
1865;2023.04.20 00:15;4;18.1875;18.25;18.375;320;202;0;
1866;2023.04.20 00:30;4;18.1875;18.25;18.375;320;202;0;
1867;2023.04.20 00:45;4;18.1875;18.25;18.375;320;202;0;
1868;2023.04.20 01:00;4;18.125;18.25;18.375;320;202;0;
1869;2023.04.20 01:15;4;18.125;18.25;18.375;320;202;0;
1870;2023.04.20 01:30;4;18.125;18.25;18.375;320;202;0;
1871;2023.04.20 01:45;4;18.125;18.25;18.375;320;202;0;
1872;2023.04.20 02:00;4;18.125;18.25;18.375;320;202;0;
1873;2023.04.20 02:15;4;18.125;18.25;18.375;320;202;0;
1874;2023.04.20 02:30;4;18.125;18.25;18.375;320;202;0;
1875;2023.04.20 02:45;4;18.125;18.25;18.375;320;202;0;
1876;2023.04.20 03:00;4;18.0625;18.25;18.3125;320;202;0;
1877;2023.04.20 03:15;4;18.0625;18.25;18.3125;320;202;0;
1878;2023.04.20 03:30;4;18;18.25;18.3125;320;202;0;
1879;2023.04.20 03:45;4;18;18.1875;18.25;320;202;0;
1880;2023.04.20 04:00;4;18;18.1875;18.25;320;202;0;
1881;2023.04.20 04:15;4;18;18.1875;18.25;320;202;0;
1882;2023.04.20 04:30;4;18;18.125;18.25;320;202;0;
1883;2023.04.20 04:45;4;18;18.125;18.25;319;202;0;
1884;2023.04.20 05:00;4;17.9375;18.125;18.25;319;202;0;
1885;2023.04.20 05:15;4;17.9375;18.125;18.25;319;202;0;
1886;2023.04.20 05:30;4;17.9375;18.125;18.1875;319;202;0;
1887;2023.04.20 05:45;4;17.875;18.125;18.1875;319;202;0;
1888;2023.04.20 06:00;4;17.875;18.125;18.125;319;202;0;
1889;2023.04.20 06:15;4;17.875;18.0625;18.125;319;202;0;
1890;2023.04.20 06:30;4;17.875;18.0625;18.125;319;202;0;
1891;2023.04.20 06:45;4;17.875;18.0625;18.125;319;202;0;
1892;2023.04.20 07:00;4;17.875;18;18.125;319;202;0;
1893;2023.04.20 07:15;4;17.8125;18;18.125;319;202;0;
1894;2023.04.20 07:30;4;17.8125;18;18.0625;319;202;0;
1895;2023.04.20 07:45;4;17.75;18;18.0625;319;202;0;
1896;2023.04.20 08:00;4;17.75;18;18;319;202;0;
1897;2023.04.20 08:15;4;17.75;18;18;319;202;0;
1898;2023.04.20 08:30;4;17.75;17.9375;18;318;202;0;
1899;2023.04.20 08:45;4;17.75;17.9375;18;318;202;0;
1900;2023.04.20 09:00;4;17.6875;17.875;18;318;202;0;
1901;2023.04.20 09:15;4;17.6875;17.875;17.9375;318;202;0;
1902;2023.04.20 09:30;4;17.625;17.875;17.9375;318;202;0;
1903;2023.04.20 09:45;4;17.625;17.875;17.875;318;202;0;
1904;2023.04.20 10:00;4;17.625;17.875;17.875;318;202;0;
1905;2023.04.20 10:15;4;17.625;17.8125;17.875;318;202;0;
1906;2023.04.20 10:30;4;17.5625;17.8125;17.875;318;202;0;
1907;2023.04.20 10:45;4;17.5625;17.75;17.8125;318;202;0;
1908;2023.04.20 11:00;4;17.5;17.75;17.8125;318;202;0;
1909;2023.04.20 11:15;4;17.5;17.75;17.75;318;202;0;
1910;2023.04.20 11:30;4;17.5;17.75;17.75;317;202;0;
1911;2023.04.20 11:45;4;17.5;17.75;17.75;317;202;0;
1912;2023.04.20 12:00;4;17.5;17.6875;17.75;317;202;0;
1913;2023.04.20 12:15;4;17.4375;17.625;17.6875;317;202;0;
1914;2023.04.20 12:30;4;17.4375;17.625;17.6875;317;202;0;
1915;2023.04.20 12:45;4;17.375;17.625;17.625;317;202;0;
1916;2023.04.20 13:00;4;17.375;17.625;17.625;317;202;0;
1917;2023.04.20 13:15;4;17.375;17.625;17.625;317;202;0;
1918;2023.04.20 13:30;4;17.375;17.625;17.625;317;202;0;
1919;2023.04.20 13:45;4;17.375;17.5625;17.625;317;202;0;
1920;2023.04.20 14:00;4;17.375;17.5625;17.625;317;202;0;
1921;2023.04.20 14:15;4;17.375;17.5;17.5625;317;202;0;
1922;2023.04.20 14:30;4;17.375;17.5;17.5625;317;202;0;
1923;2023.04.20 14:45;4;17.375;17.5;17.5625;317;202;0;
1924;2023.04.20 15:00;4;17.375;17.5;17.5625;317;202;0;
1925;2023.04.20 15:15;4;17.375;17.5;17.5625;316;202;0;
1926;2023.04.20 15:30;4;17.375;17.5;17.5625;317;202;0;
1927;2023.04.20 15:45;4;17.375;17.5;17.5625;317;202;0;
1928;2023.04.20 16:00;4;17.625;17.5;17.625;317;202;0;
1929;2023.04.20 16:15;4;17.625;17.625;17.625;317;202;0;
1930;2023.04.20 16:30;4;17.8125;17.625;17.75;317;202;0;
1931;2023.04.20 16:45;4;18;17.75;17.8125;318;202;0;
1932;2023.04.20 17:00;4;18.125;17.8125;17.875;318;202;0;
1933;2023.04.20 17:15;4;18.3125;17.875;18;319;202;0;
1934;2023.04.20 17:30;4;18.375;18;18.125;319;202;0;
1935;2023.04.20 17:45;4;18.5;18.125;18.25;320;202;0;
1936;2023.04.20 18:00;4;18.625;18.125;18.375;320;202;0;
1937;2023.04.20 18:15;4;18.625;18.25;18.375;320;202;0;
1938;2023.04.20 18:30;4;18.625;18.25;18.5;320;202;0;
1939;2023.04.20 18:45;4;18.6875;18.375;18.5625;320;202;0;
1940;2023.04.20 19:00;4;18.75;18.375;18.625;321;202;0;
1941;2023.04.20 19:15;4;18.75;18.4375;18.625;321;202;0;
1942;2023.04.20 19:30;4;18.75;18.5;18.6875;321;202;0;
1943;2023.04.20 19:45;4;18.75;18.5;18.75;321;202;0;
1944;2023.04.20 20:00;4;18.75;18.5625;18.75;321;202;0;
1945;2023.04.20 20:15;4;18.8125;18.625;18.75;321;202;0;
1946;2023.04.20 20:30;4;18.875;18.625;18.8125;321;202;0;
1947;2023.04.20 20:45;4;18.875;18.625;18.875;321;202;0;
1948;2023.04.20 21:00;4;18.875;18.75;18.875;322;202;0;
1949;2023.04.20 21:15;4;18.875;18.75;18.875;322;202;0;
1950;2023.04.20 21:30;4;18.875;18.75;18.9375;322;202;0;
1951;2023.04.20 21:45;4;18.875;18.75;19;322;202;0;
1952;2023.04.20 22:00;4;18.875;18.8125;19;322;202;0;
1953;2023.04.20 22:15;4;18.9375;18.875;19;322;202;0;
1954;2023.04.20 22:30;4;18.9375;18.875;19;322;202;0;
1955;2023.04.20 22:45;4;19;18.875;19.0625;322;202;0;
1956;2023.04.20 23:00;4;19;18.875;19.125;322;202;0;
1957;2023.04.20 23:15;4;19;19;19.125;322;202;0;
1958;2023.04.20 23:30;4;19.0625;19;19.125;322;202;0;
1959;2023.04.20 23:45;4;19.0625;19;19.1875;323;202;0;
1960;2023.04.21 00:00;4;19.125;19;19.25;323;202;0;
1961;2023.04.21 00:15;4;19.125;19.0625;19.25;323;202;0;
1962;2023.04.21 00:30;4;19.125;19.125;19.25;323;202;0;
1963;2023.04.21 00:45;4;19.125;19.125;19.25;323;202;0;
1964;2023.04.21 01:00;4;19.125;19.125;19.3125;323;202;0;
1965;2023.04.21 01:15;4;19.125;19.125;19.375;323;202;0;
1966;2023.04.21 01:30;4;19.1875;19.125;19.375;323;202;0;
1967;2023.04.21 01:45;4;19.1875;19.1875;19.375;323;202;0;
1968;2023.04.21 02:00;4;19.1875;19.1875;19.375;323;202;0;
1969;2023.04.21 02:15;4;19.1875;19.25;19.375;323;202;0;
1970;2023.04.21 02:30;4;19.1875;19.25;19.375;323;202;0;
1971;2023.04.21 02:45;4;19.25;19.25;19.375;323;202;0;
1972;2023.04.21 03:00;4;19.25;19.25;19.375;323;202;0;
1973;2023.04.21 03:15;4;19.1875;19.25;19.375;323;202;0;
1974;2023.04.21 03:30;4;19.1875;19.25;19.375;323;202;0;
1975;2023.04.21 03:45;4;19.1875;19.25;19.375;323;202;0;
1976;2023.04.21 04:00;4;19.1875;19.25;19.4375;323;202;0;
1977;2023.04.21 04:15;4;19.25;19.25;19.4375;323;202;0;
1978;2023.04.21 04:30;4;19.25;19.25;19.4375;323;202;0;
1979;2023.04.21 04:45;4;19.25;19.25;19.4375;323;202;0;
1980;2023.04.21 05:00;4;19.25;19.3125;19.4375;323;202;0;
1981;2023.04.21 05:15;4;19.1875;19.3125;19.4375;323;202;0;
1982;2023.04.21 05:30;4;19.1875;19.3125;19.4375;323;202;0;
1983;2023.04.21 05:45;4;19.1875;19.3125;19.4375;323;202;0;
1984;2023.04.21 06:00;4;19.125;19.3125;19.4375;323;202;0;
1985;2023.04.21 06:15;4;19.125;19.3125;19.4375;323;202;0;
1986;2023.04.21 06:30;4;19.125;19.25;19.375;323;202;0;
1987;2023.04.21 06:45;4;19.125;19.25;19.375;323;202;0;
1988;2023.04.21 07:00;4;19.125;19.25;19.375;323;202;0;
1989;2023.04.21 07:15;4;19.125;19.25;19.375;323;202;0;
1990;2023.04.21 07:30;4;19.125;19.25;19.375;323;202;0;
1991;2023.04.21 07:45;4;19.0625;19.25;19.375;323;202;0;
1992;2023.04.21 08:00;4;19.0625;19.25;19.375;323;202;0;
1993;2023.04.21 08:15;4;19;19.25;19.3125;323;202;0;
1994;2023.04.21 08:30;4;19;19.25;19.3125;323;202;0;
1995;2023.04.21 08:45;4;19;19.1875;19.25;323;202;0;
1996;2023.04.21 09:00;4;19;19.1875;19.25;323;202;0;
1997;2023.04.21 09:15;4;19;19.125;19.25;323;202;0;
1998;2023.04.21 09:30;4;18.875;19.125;19.25;323;202;0;
1999;2023.04.21 09:45;4;18.875;19.125;19.25;322;202;0;
2000;2023.04.21 10:00;4;19;19.125;19.1875;323;202;0;
2001;2023.04.21 10:15;4;19;19.125;19.1875;323;202;0;
2002;2023.04.21 10:30;4;19;19.125;19.25;323;202;0;
2003;2023.04.21 10:45;4;18.875;19.125;19.1875;322;202;0;
2004;2023.04.21 11:00;4;18.875;19.125;19.125;322;202;0;
2005;2023.04.21 11:15;4;18.875;19.125;19.125;322;202;0;
2006;2023.04.21 11:30;4;18.875;19.0625;19.125;322;202;0;
2007;2023.04.21 11:45;4;18.875;19.0625;19.125;322;202;0;
2008;2023.04.21 12:00;4;18.75;19;19.125;322;202;0;
2009;2023.04.21 12:15;4;18.75;19;19.0625;322;202;0;
2010;2023.04.21 12:30;4;18.75;19;19;322;202;0;
2011;2023.04.21 12:45;4;18.75;19;19;322;202;0;
2012;2023.04.21 13:00;4;18.6875;18.9375;19;322;202;0;
2013;2023.04.21 13:15;4;18.6875;18.9375;19;322;202;0;
2014;2023.04.21 13:30;4;18.625;18.875;19;322;202;0;
2015;2023.04.21 13:45;4;18.625;18.875;18.9375;321;202;0;
2016;2023.04.21 14:00;4;18.625;18.875;18.9375;321;202;0;
2017;2023.04.21 14:15;4;18.625;18.875;18.875;321;202;0;
2018;2023.04.21 14:30;4;18.625;18.875;18.875;321;202;0;
2019;2023.04.21 14:45;4;18.625;18.875;18.875;321;202;0;
2020;2023.04.21 15:00;4;18.625;18.875;18.875;321;202;0;
2021;2023.04.21 15:15;4;18.625;18.875;18.875;321;202;0;
2022;2023.04.21 15:30;4;18.625;18.875;18.875;321;202;0;
2023;2023.04.21 15:45;4;18.75;18.875;18.875;321;202;0;
2024;2023.04.21 16:00;4;18.875;18.875;18.875;322;202;0;
2025;2023.04.21 16:15;4;19;18.875;19;322;202;0;
2026;2023.04.21 16:30;4;19.125;19;19;322;202;0;
2027;2023.04.21 16:45;4;19.3125;19.0625;19.125;323;202;0;
2028;2023.04.21 17:00;4;19.5;19.125;19.25;323;202;0;
2029;2023.04.21 17:15;4;19.625;19.25;19.375;324;202;0;
2030;2023.04.21 17:30;4;19.75;19.375;19.5;324;202;0;
2031;2023.04.21 17:45;4;19.9375;19.4375;19.5625;325;202;0;
2032;2023.04.21 18:00;4;20;19.5;19.6875;325;202;0;
2033;2023.04.21 18:15;4;20.125;19.625;19.75;325;202;0;
2034;2023.04.21 18:30;4;20.125;19.625;19.875;325;202;0;
2035;2023.04.21 18:45;4;20.125;19.75;19.9375;326;202;0;
2036;2023.04.21 19:00;4;20.125;19.75;20;326;202;0;
2037;2023.04.21 19:15;4;20.1875;19.875;20.0625;326;202;0;
2038;2023.04.21 19:30;4;20.25;19.875;20.125;326;202;0;
2039;2023.04.21 19:45;4;20.25;19.9375;20.125;326;202;0;
2040;2023.04.21 20:00;4;20.25;20;20.1875;326;202;0;
2041;2023.04.21 20:15;4;20.25;20;20.25;326;202;0;
2042;2023.04.21 20:30;4;20.25;20.0625;20.25;326;202;0;
2043;2023.04.21 20:45;4;20.25;20.125;20.25;327;202;0;
2044;2023.04.21 21:00;4;20.25;20.125;20.25;327;202;0;
2045;2023.04.21 21:15;4;20.25;20.125;20.3125;327;202;0;
2046;2023.04.21 21:30;4;20.25;20.125;20.3125;327;202;0;
2047;2023.04.21 21:45;4;20.25;20.1875;20.375;327;202;0;
2048;2023.04.21 22:00;4;20.3125;20.25;20.375;327;202;0;
2049;2023.04.21 22:15;4;20.3125;20.25;20.375;327;202;0;
2050;2023.04.21 22:30;4;20.375;20.25;20.375;327;202;0;
2051;2023.04.21 22:45;4;20.375;20.25;20.375;327;202;0;
2052;2023.04.21 23:00;4;20.375;20.3125;20.4375;327;202;0;
2053;2023.04.21 23:15;4;20.375;20.375;20.5;327;202;0;
2054;2023.04.21 23:30;4;20.375;20.375;20.5;327;202;0;
2055;2023.04.21 23:45;4;20.4375;20.375;20.5;327;202;0;
2056;2023.04.22 00:00;4;20.4375;20.375;20.5;328;202;0;
2057;2023.04.22 00:15;4;20.5;20.4375;20.5;328;202;0;
2058;2023.04.22 00:30;4;20.5;20.4375;20.5625;328;202;0;
2059;2023.04.22 00:45;4;20.5;20.5;20.625;328;202;0;
2060;2023.04.22 01:00;4;20.5;20.5;20.625;328;202;0;
2061;2023.04.22 01:15;4;20.5;20.5;20.625;328;202;0;
2062;2023.04.22 01:30;4;20.5;20.5;20.625;328;202;0;
2063;2023.04.22 01:45;4;20.5;20.5;20.625;328;202;0;
2064;2023.04.22 02:00;4;20.5;20.5;20.625;328;202;0;
2065;2023.04.22 02:15;4;20.5;20.5625;20.625;328;202;0;
2066;2023.04.22 02:30;4;20.5;20.5625;20.625;328;202;0;
2067;2023.04.22 02:45;4;20.5;20.5625;20.6875;328;202;0;
2068;2023.04.22 03:00;4;20.5;20.625;20.6875;328;202;0;
2069;2023.04.22 03:15;4;20.5;20.625;20.75;328;202;0;
2070;2023.04.22 03:30;4;20.5;20.625;20.75;328;202;0;
2071;2023.04.22 03:45;4;20.5625;20.625;20.75;328;202;0;
2072;2023.04.22 04:00;4;20.5625;20.625;20.75;328;202;0;
2073;2023.04.22 04:15;4;20.5625;20.625;20.75;328;202;0;
2074;2023.04.22 04:30;4;20.5625;20.625;20.75;328;202;0;
2075;2023.04.22 04:45;4;20.5625;20.625;20.75;328;202;0;
2076;2023.04.22 05:00;4;20.5625;20.625;20.75;328;202;0;
2077;2023.04.22 05:15;4;20.5625;20.625;20.75;328;202;0;
2078;2023.04.22 05:30;4;20.5625;20.625;20.75;328;202;0;
2079;2023.04.22 05:45;4;20.5625;20.625;20.75;328;202;0;
2080;2023.04.22 06:00;4;20.5625;20.6875;20.75;328;202;0;
2081;2023.04.22 06:15;4;20.5625;20.625;20.75;328;202;0;
2082;2023.04.22 06:30;4;20.5625;20.6875;20.75;328;202;0;
2083;2023.04.22 06:45;4;20.5;20.625;20.75;328;202;0;
2084;2023.04.22 07:00;4;20.5;20.625;20.75;328;202;0;
2085;2023.04.22 07:15;4;20.5;20.625;20.75;328;202;0;
2086;2023.04.22 07:30;4;20.5;20.625;20.75;328;202;0;
2087;2023.04.22 07:45;4;20.5;20.625;20.75;328;202;0;
2088;2023.04.22 08:00;4;20.5;20.625;20.75;328;202;0;
2089;2023.04.22 08:15;4;20.5;20.625;20.75;328;202;0;
2090;2023.04.22 08:30;4;20.5;20.625;20.75;328;202;0;
2091;2023.04.22 08:45;4;20.4375;20.625;20.75;328;202;0;
2092;2023.04.22 09:00;4;20.4375;20.625;20.75;328;202;0;
2093;2023.04.22 09:15;4;20.375;20.625;20.6875;328;202;0;
2094;2023.04.22 09:30;4;20.375;20.625;20.6875;328;202;0;
2095;2023.04.22 09:45;4;20.375;20.625;20.625;328;202;0;
2096;2023.04.22 10:00;4;20.375;20.5625;20.625;328;202;0;
2097;2023.04.22 10:15;4;20.375;20.5625;20.625;328;202;0;
2098;2023.04.22 10:30;4;20.375;20.5;20.625;328;202;0;
2099;2023.04.22 10:45;4;20.3125;20.5;20.625;328;202;0;
2100;2023.04.22 11:00;4;20.25;20.5;20.625;328;202;0;
2101;2023.04.22 11:15;4;20.25;20.5;20.5625;327;202;0;
2102;2023.04.22 11:30;4;20.25;20.5;20.5;327;202;0;
2103;2023.04.22 11:45;4;20.25;20.5;20.5;327;202;0;
2104;2023.04.22 12:00;4;20.1875;20.4375;20.5;327;202;0;
2105;2023.04.22 12:15;4;20.125;20.375;20.5;327;202;0;
2106;2023.04.22 12:30;4;20.125;20.375;20.4375;327;202;0;
2107;2023.04.22 12:45;4;20.125;20.375;20.375;327;202;0;
2108;2023.04.22 13:00;4;20.0625;20.375;20.375;327;202;0;
2109;2023.04.22 13:15;4;20;20.3125;20.375;327;202;0;
2110;2023.04.22 13:30;4;20;20.3125;20.375;327;202;0;
2111;2023.04.22 13:45;4;20;20.25;20.3125;327;202;0;
2112;2023.04.22 14:00;4;20;20.25;20.25;326;202;0;
2113;2023.04.22 14:15;4;20;20.25;20.25;326;202;0;
2114;2023.04.22 14:30;4;20;20.25;20.25;326;202;0;
2115;2023.04.22 14:45;4;20;20.25;20.25;326;202;0;
2116;2023.04.22 15:00;4;20;20.1875;20.25;326;202;0;
2117;2023.04.22 15:15;4;20;20.1875;20.25;326;202;0;
2118;2023.04.22 15:30;4;20;20.1875;20.25;326;202;0;
2119;2023.04.22 15:45;4;20;20.1875;20.25;326;202;0;
2120;2023.04.22 16:00;4;20.125;20.25;20.25;327;202;0;
2121;2023.04.22 16:15;4;20.25;20.25;20.3125;327;202;0;
2122;2023.04.22 16:30;4;20.375;20.25;20.375;327;202;0;
2123;2023.04.22 16:45;4;20.5625;20.375;20.4375;328;202;0;
2124;2023.04.22 17:00;4;20.6875;20.4375;20.5;328;202;0;
2125;2023.04.22 17:15;4;20.8125;20.5;20.625;328;202;0;
2126;2023.04.22 17:30;4;20.875;20.5625;20.6875;329;202;0;
2127;2023.04.22 17:45;4;21;20.625;20.75;329;202;0;
2128;2023.04.22 18:00;4;21.125;20.75;20.875;329;202;0;
2129;2023.04.22 18:15;4;21.1875;20.8125;21;330;202;0;
2130;2023.04.22 18:30;4;21.1875;20.875;21;330;202;0;
2131;2023.04.22 18:45;4;21.25;20.9375;21.125;330;202;0;
2132;2023.04.22 19:00;4;21.25;21;21.125;330;202;0;
2133;2023.04.22 19:15;4;21.3125;21;21.25;330;202;0;
2134;2023.04.22 19:30;4;21.375;21.0625;21.25;331;202;0;
2135;2023.04.22 19:45;4;21.375;21.125;21.25;331;202;0;
2136;2023.04.22 20:00;4;21.375;21.125;21.3125;331;202;0;
2137;2023.04.22 20:15;4;21.375;21.1875;21.375;331;202;0;
2138;2023.04.22 20:30;4;21.375;21.25;21.375;331;202;0;
2139;2023.04.22 20:45;4;21.375;21.25;21.375;331;202;0;
2140;2023.04.22 21:00;4;21.375;21.25;21.4375;331;202;0;
2141;2023.04.22 21:15;4;21.375;21.25;21.4375;331;202;0;
2142;2023.04.22 21:30;4;21.375;21.3125;21.5;331;202;0;
2143;2023.04.22 21:45;4;21.375;21.375;21.5;331;202;0;
2144;2023.04.22 22:00;4;21.4375;21.375;21.5;331;202;0;
2145;2023.04.22 22:15;4;21.4375;21.375;21.5;331;202;0;
2146;2023.04.22 22:30;4;21.5;21.375;21.5625;332;202;0;
2147;2023.04.22 22:45;4;21.5;21.5;21.625;332;202;0;
2148;2023.04.22 23:00;4;21.5;21.5;21.625;332;202;0;
2149;2023.04.22 23:15;4;21.5;21.5;21.625;332;202;0;
2150;2023.04.22 23:30;4;21.5625;21.5;21.6875;332;202;0;
2151;2023.04.22 23:45;4;21.625;21.5625;21.75;332;202;0;
2152;2023.04.23 00:00;4;21.625;21.5625;21.75;332;202;0;
2153;2023.04.23 00:15;4;21.625;21.625;21.75;332;202;0;
2154;2023.04.23 00:30;4;21.625;21.625;21.75;332;202;0;
2155;2023.04.23 00:45;4;21.625;21.625;21.75;333;202;0;
2156;2023.04.23 01:00;4;21.625;21.625;21.8125;333;202;0;
2157;2023.04.23 01:15;4;21.625;21.625;21.8125;333;202;0;
2158;2023.04.23 01:30;4;21.625;21.6875;21.8125;333;202;0;
2159;2023.04.23 01:45;4;21.625;21.6875;21.8125;333;202;0;
2160;2023.04.23 02:00;4;21.625;21.6875;21.8125;333;202;0;
2161;2023.04.23 02:15;4;21.625;21.6875;21.8125;333;202;0;
2162;2023.04.23 02:30;4;21.625;21.6875;21.8125;333;202;0;
2163;2023.04.23 02:45;4;21.5625;21.6875;21.8125;333;202;0;
2164;2023.04.23 03:00;4;21.5625;21.6875;21.8125;333;202;0;
2165;2023.04.23 03:15;4;21.5;21.6875;21.8125;333;202;0;
2166;2023.04.23 03:30;4;21.5;21.6875;21.8125;333;202;0;
2167;2023.04.23 03:45;4;21.5;21.6875;21.75;333;202;0;
2168;2023.04.23 04:00;4;21.5;21.625;21.75;333;202;0;
2169;2023.04.23 04:15;4;21.5;21.625;21.75;333;202;0;
2170;2023.04.23 04:30;4;21.5;21.625;21.75;332;202;0;
2171;2023.04.23 04:45;4;21.4375;21.625;21.75;332;202;0;
2172;2023.04.23 05:00;4;21.375;21.625;21.75;332;202;0;
2173;2023.04.23 05:15;4;21.375;21.625;21.6875;332;202;0;
2174;2023.04.23 05:30;4;21.375;21.5625;21.625;332;202;0;
2175;2023.04.23 05:45;4;21.3125;21.5625;21.625;332;202;0;
2176;2023.04.23 06:00;4;21.25;21.5;21.625;332;202;0;
2177;2023.04.23 06:15;4;21.25;21.5;21.625;332;202;0;
2178;2023.04.23 06:30;4;21.25;21.5;21.5625;332;202;0;
2179;2023.04.23 06:45;4;21.25;21.5;21.5;332;202;0;
2180;2023.04.23 07:00;4;21.1875;21.5;21.5;332;202;0;
2181;2023.04.23 07:15;4;21.125;21.4375;21.5;332;202;0;
2182;2023.04.23 07:30;4;21.125;21.375;21.5;331;202;0;
2183;2023.04.23 07:45;4;21.125;21.375;21.4375;331;202;0;
2184;2023.04.23 08:00;4;21.0625;21.375;21.375;331;202;0;
2185;2023.04.23 08:15;4;21;21.375;21.375;331;202;0;
2186;2023.04.23 08:30;4;21;21.3125;21.375;331;202;0;
2187;2023.04.23 08:45;4;21;21.3125;21.3125;331;202;0;
2188;2023.04.23 09:00;4;21;21.25;21.3125;331;202;0;
2189;2023.04.23 09:15;4;20.9375;21.25;21.25;331;202;0;
2190;2023.04.23 09:30;4;20.875;21.25;21.25;331;202;0;
2191;2023.04.23 09:45;4;20.875;21.1875;21.25;331;202;0;
2192;2023.04.23 10:00;4;20.875;21.125;21.25;330;202;0;
2193;2023.04.23 10:15;4;20.8125;21.125;21.1875;330;202;0;
2194;2023.04.23 10:30;4;20.8125;21.125;21.125;330;202;0;
2195;2023.04.23 10:45;4;20.75;21.125;21.125;330;202;0;
2196;2023.04.23 11:00;4;20.75;21.0625;21.125;330;202;0;
2197;2023.04.23 11:15;4;20.75;21;21.0625;330;202;0;
2198;2023.04.23 11:30;4;20.6875;21;21.0625;330;202;0;
2199;2023.04.23 11:45;4;20.625;21;21;330;202;0;
2200;2023.04.23 12:00;4;20.625;21;21;330;202;0;
2201;2023.04.23 12:15;4;20.625;20.9375;21;330;202;0;
2202;2023.04.23 12:30;4;20.625;20.9375;21;330;202;0;
2203;2023.04.23 12:45;4;20.625;20.875;20.9375;329;202;0;
2204;2023.04.23 13:00;4;20.5625;20.875;20.875;329;202;0;
2205;2023.04.23 13:15;4;20.5;20.875;20.875;329;202;0;
2206;2023.04.23 13:30;4;20.5;20.8125;20.875;329;202;0;
2207;2023.04.23 13:45;4;20.5;20.75;20.8125;329;202;0;
2208;2023.04.23 14:00;4;20.4375;20.75;20.75;329;202;0;
2209;2023.04.23 14:15;4;20.375;20.75;20.75;329;202;0;
2210;2023.04.23 14:30;4;20.375;20.75;20.75;329;202;0;
2211;2023.04.23 14:45;4;20.375;20.6875;20.75;329;202;0;
2212;2023.04.23 15:00;4;20.375;20.6875;20.75;329;202;0;
2213;2023.04.23 15:15;4;20.375;20.625;20.6875;329;202;0;
2214;2023.04.23 15:30;4;20.375;20.625;20.6875;329;202;0;
2215;2023.04.23 15:45;4;20.4375;20.625;20.6875;329;202;0;
2216;2023.04.23 16:00;4;20.5;20.625;20.6875;329;202;0;
2217;2023.04.23 16:15;4;20.625;20.6875;20.75;329;202;0;
2218;2023.04.23 16:30;4;20.75;20.75;20.75;329;202;0;
2219;2023.04.23 16:45;4;20.875;20.75;20.875;330;202;0;
2220;2023.04.23 17:00;4;21;20.875;20.875;330;202;0;
2221;2023.04.23 17:15;4;21.125;20.9375;21;330;202;0;
2222;2023.04.23 17:30;4;21.1875;21;21.0625;331;202;0;
2223;2023.04.23 17:45;4;21.25;21;21.125;331;202;0;
2224;2023.04.23 18:00;4;21.375;21.125;21.25;331;202;0;
2225;2023.04.23 18:15;4;21.4375;21.125;21.25;332;202;0;
2226;2023.04.23 18:30;4;21.5;21.25;21.375;332;202;0;
2227;2023.04.23 18:45;4;21.5;21.25;21.375;332;202;0;
2228;2023.04.23 19:00;4;21.5;21.25;21.5;332;202;0;
2229;2023.04.23 19:15;4;21.5;21.3125;21.5;332;202;0;
2230;2023.04.23 19:30;4;21.5;21.375;21.5;332;202;0;
2231;2023.04.23 19:45;4;21.5;21.375;21.5625;332;202;0;
2232;2023.04.23 20:00;4;21.5;21.375;21.625;332;202;0;
2233;2023.04.23 20:15;4;21.5;21.4375;21.625;332;202;0;
2234;2023.04.23 20:30;4;21.5;21.4375;21.625;333;202;0;
2235;2023.04.23 20:45;4;21.5;21.5;21.625;333;202;0;
2236;2023.04.23 21:00;4;21.5;21.5;21.625;333;202;0;
2237;2023.04.23 21:15;4;21.5;21.5;21.625;333;202;0;
2238;2023.04.23 21:30;4;21.5;21.5;21.6875;333;202;0;
2239;2023.04.23 21:45;4;21.5;21.5;21.75;333;202;0;
2240;2023.04.23 22:00;4;21.5;21.5625;21.75;333;202;0;
2241;2023.04.23 22:15;4;21.5;21.5625;21.75;333;202;0;
2242;2023.04.23 22:30;4;21.5;21.5625;21.75;333;202;0;
2243;2023.04.23 22:45;4;21.5;21.625;21.75;333;202;0;
2244;2023.04.23 23:00;4;21.5;21.625;21.75;333;202;0;
2245;2023.04.23 23:15;4;21.5;21.625;21.75;333;202;0;
2246;2023.04.23 23:30;4;21.5;21.625;21.75;333;202;0;
2247;2023.04.23 23:45;4;21.5;21.625;21.75;333;202;0;
2248;2023.04.24 00:00;4;21.5;21.625;21.75;333;202;0;
2249;2023.04.24 00:15;4;21.5;21.625;21.75;333;202;0;
2250;2023.04.24 00:30;4;21.5;21.625;21.75;333;202;0;
2251;2023.04.24 00:45;4;21.5;21.625;21.75;333;202;0;
2252;2023.04.24 01:00;4;21.4375;21.625;21.75;333;202;0;
2253;2023.04.24 01:15;4;21.4375;21.625;21.75;333;202;0;
2254;2023.04.24 01:30;4;21.375;21.625;21.75;333;202;0;
2255;2023.04.24 01:45;4;21.375;21.625;21.75;333;202;0;
2256;2023.04.24 02:00;4;21.375;21.625;21.6875;333;202;0;
2257;2023.04.24 02:15;4;21.3125;21.5625;21.6875;333;202;0;
2258;2023.04.24 02:30;4;21.25;21.5625;21.625;333;202;0;
2259;2023.04.24 02:45;4;21.25;21.5;21.625;333;202;0;
2260;2023.04.24 03:00;4;21.25;21.5;21.625;333;202;0;
2261;2023.04.24 03:15;4;21.1875;21.5;21.5625;332;202;0;
2262;2023.04.24 03:30;4;21.125;21.5;21.5;332;202;0;
2263;2023.04.24 03:45;4;21.125;21.375;21.5;332;202;0;
2264;2023.04.24 04:00;4;21.0625;21.375;21.4375;332;202;0;
2265;2023.04.24 04:15;4;21;21.375;21.375;332;202;0;
2266;2023.04.24 04:30;4;21;21.3125;21.375;332;202;0;
2267;2023.04.24 04:45;4;20.9375;21.25;21.3125;332;202;0;
2268;2023.04.24 05:00;4;20.875;21.25;21.25;331;202;0;
2269;2023.04.24 05:15;4;20.875;21.25;21.25;331;202;0;
2270;2023.04.24 05:30;4;20.75;21.1875;21.1875;331;202;0;
2271;2023.04.24 05:45;4;20.75;21.125;21.125;331;202;0;
2272;2023.04.24 06:00;4;20.75;21.125;21.125;331;202;0;
2273;2023.04.24 06:15;4;20.75;21.0625;21.0625;331;202;0;
2274;2023.04.24 06:30;4;20.625;21;21;331;202;0;
2275;2023.04.24 06:45;4;20.625;21;21;330;202;0;
2276;2023.04.24 07:00;4;20.625;21;20.9375;330;202;0;
2277;2023.04.24 07:15;4;20.5625;20.9375;20.875;330;202;0;
2278;2023.04.24 07:30;4;20.5;20.875;20.875;330;202;0;
2279;2023.04.24 07:45;4;20.5;20.875;20.875;330;202;0;
2280;2023.04.24 08:00;4;20.4375;20.8125;20.8125;330;202;0;
2281;2023.04.24 08:15;4;20.375;20.75;20.75;330;202;0;
2282;2023.04.24 08:30;4;20.375;20.75;20.75;330;202;0;
2283;2023.04.24 08:45;4;20.375;20.75;20.75;329;202;0;
2284;2023.04.24 09:00;4;20.375;20.75;20.6875;329;202;0;
2285;2023.04.24 09:15;4;20.3125;20.625;20.625;329;202;0;
2286;2023.04.24 09:30;4;20.25;20.625;20.625;329;202;0;
2287;2023.04.24 09:45;4;20.25;20.625;20.625;329;202;0;
2288;2023.04.24 10:00;4;20.25;20.625;20.5625;329;202;0;
2289;2023.04.24 10:15;4;20.1875;20.5625;20.5625;329;202;0;
2290;2023.04.24 10:30;4;20.1875;20.5;20.5;329;202;0;
2291;2023.04.24 10:45;4;20.125;20.5;20.5;329;202;0;
2292;2023.04.24 11:00;4;20.125;20.5;20.5;328;202;0;
2293;2023.04.24 11:15;4;20.125;20.5;20.5;328;202;0;
2294;2023.04.24 11:30;4;20.125;20.4375;20.4375;328;202;0;
2295;2023.04.24 11:45;4;20.0625;20.375;20.375;328;202;0;
2296;2023.04.24 12:00;4;20;20.375;20.375;328;202;0;
2297;2023.04.24 12:15;4;20;20.375;20.375;328;202;0;
2298;2023.04.24 12:30;4;20;20.3125;20.375;328;202;0;
2299;2023.04.24 12:45;4;20;20.3125;20.3125;328;202;0;
2300;2023.04.24 13:00;4;20;20.25;20.3125;328;202;0;
2301;2023.04.24 13:15;4;19.9375;20.25;20.25;328;202;0;
2302;2023.04.24 13:30;4;19.875;20.25;20.25;328;202;0;
2303;2023.04.24 13:45;4;19.875;20.25;20.25;328;202;0;
2304;2023.04.24 14:00;4;19.875;20.25;20.25;327;202;0;
2305;2023.04.24 14:15;4;19.875;20.1875;20.25;327;202;0;
2306;2023.04.24 14:30;4;19.875;20.125;20.1875;327;202;0;
2307;2023.04.24 14:45;4;19.875;20.125;20.1875;327;202;0;
2308;2023.04.24 15:00;4;19.8125;20.125;20.125;327;202;0;
2309;2023.04.24 15:15;4;19.8125;20.125;20.125;327;202;0;
2310;2023.04.24 15:30;4;19.75;20.125;20.125;327;202;0;
2311;2023.04.24 15:45;4;19.75;20.0625;20.125;327;202;0;
2312;2023.04.24 16:00;4;19.75;20.0625;20.125;327;202;0;
2313;2023.04.24 16:15;4;19.75;20;20.125;327;202;0;
2314;2023.04.24 16:30;4;19.75;20;20.0625;327;202;0;
2315;2023.04.24 16:45;4;19.75;20;20.0625;327;202;0;
2316;2023.04.24 17:00;4;19.75;20;20.0625;327;202;0;
2317;2023.04.24 17:15;4;19.75;20;20;327;202;0;
2318;2023.04.24 17:30;4;19.75;20;20;327;202;0;
2319;2023.04.24 17:45;4;19.75;20;20;327;202;0;
2320;2023.04.24 18:00;4;19.75;20;20;327;202;0;
2321;2023.04.24 18:15;4;19.75;20;20;327;202;0;
2322;2023.04.24 18:30;4;19.8125;20;20;327;202;0;
2323;2023.04.24 18:45;4;19.875;20;20.0625;327;202;0;
2324;2023.04.24 19:00;4;19.875;20;20.0625;327;202;0;
2325;2023.04.24 19:15;4;19.875;20;20.0625;327;202;0;
2326;2023.04.24 19:30;4;19.875;20;20.125;327;202;0;
2327;2023.04.24 19:45;4;19.875;20;20.125;327;202;0;
2328;2023.04.24 20:00;4;19.875;20;20.125;327;202;0;
2329;2023.04.24 20:15;4;19.9375;20;20.125;327;202;0;
2330;2023.04.24 20:30;4;20;20.0625;20.125;327;202;0;
2331;2023.04.24 20:45;4;20;20.125;20.1875;327;202;0;
2332;2023.04.24 21:00;4;20;20.125;20.25;328;202;0;
2333;2023.04.24 21:15;4;20;20.125;20.25;328;202;0;
2334;2023.04.24 21:30;4;20.0625;20.125;20.25;328;202;0;
2335;2023.04.24 21:45;4;20.125;20.125;20.3125;328;202;0;
2336;2023.04.24 22:00;4;20.125;20.1875;20.375;328;202;0;
2337;2023.04.24 22:15;4;20.125;20.1875;20.375;328;202;0;
2338;2023.04.24 22:30;4;20.125;20.25;20.375;328;202;0;
2339;2023.04.24 22:45;4;20.125;20.25;20.375;328;202;0;
2340;2023.04.24 23:00;4;20.125;20.25;20.4375;328;202;0;
2341;2023.04.24 23:15;4;20.1875;20.25;20.4375;328;202;0;
2342;2023.04.24 23:30;4;20.25;20.25;20.5;328;202;0;
2343;2023.04.24 23:45;4;20.25;20.3125;20.5;328;202;0;
2344;2023.04.25 00:00;4;20.25;20.3125;20.5;329;202;0;
2345;2023.04.25 00:15;4;20.25;20.375;20.5;329;202;0;
2346;2023.04.25 00:30;4;20.25;20.375;20.5;329;202;0;
2347;2023.04.25 00:45;4;20.25;20.375;20.5625;329;202;0;
2348;2023.04.25 01:00;4;20.25;20.375;20.5625;329;202;0;
2349;2023.04.25 01:15;4;20.25;20.375;20.5625;329;202;0;
2350;2023.04.25 01:30;4;20.25;20.375;20.5625;329;202;0;
2351;2023.04.25 01:45;4;20.1875;20.375;20.5;329;202;0;
2352;2023.04.25 02:00;4;20.1875;20.375;20.5;329;202;0;
2353;2023.04.25 02:15;4;20.125;20.375;20.5;329;202;0;
2354;2023.04.25 02:30;4;20.125;20.375;20.5;329;202;0;
2355;2023.04.25 02:45;4;20.125;20.375;20.5;329;202;0;
2356;2023.04.25 03:00;4;20.125;20.3125;20.4375;329;202;0;
2357;2023.04.25 03:15;4;20.0625;20.3125;20.375;328;202;0;
2358;2023.04.25 03:30;4;20;20.25;20.375;328;202;0;
2359;2023.04.25 03:45;4;20;20.25;20.375;328;202;0;
2360;2023.04.25 04:00;4;20;20.25;20.375;328;202;0;
2361;2023.04.25 04:15;4;19.9375;20.25;20.3125;328;202;0;
2362;2023.04.25 04:30;4;19.875;20.25;20.25;328;202;0;
2363;2023.04.25 04:45;4;19.875;20.1875;20.25;328;202;0;
2364;2023.04.25 05:00;4;19.875;20.125;20.25;328;202;0;
2365;2023.04.25 05:15;4;19.8125;20.125;20.1875;328;202;0;
2366;2023.04.25 05:30;4;19.75;20.125;20.125;327;202;0;
2367;2023.04.25 05:45;4;19.75;20.0625;20.125;327;202;0;
2368;2023.04.25 06:00;4;19.75;20.0625;20.125;327;202;0;
2369;2023.04.25 06:15;4;19.6875;20;20.0625;327;202;0;
2370;2023.04.25 06:30;4;19.625;20;20;327;202;0;
2371;2023.04.25 06:45;4;19.625;20;20;327;202;0;
2372;2023.04.25 07:00;4;19.625;19.9375;20;327;202;0;
2373;2023.04.25 07:15;4;19.625;19.9375;20;327;202;0;
2374;2023.04.25 07:30;4;19.5625;19.875;19.9375;327;202;0;
2375;2023.04.25 07:45;4;19.5625;19.875;19.875;327;202;0;
2376;2023.04.25 08:00;4;19.5;19.875;19.875;327;202;0;
2377;2023.04.25 08:15;4;19.5;19.875;19.875;326;202;0;
2378;2023.04.25 08:30;4;19.5;19.8125;19.875;326;202;0;
2379;2023.04.25 08:45;4;19.5;19.8125;19.875;326;202;0;
2380;2023.04.25 09:00;4;19.5;19.75;19.8125;326;202;0;
2381;2023.04.25 09:15;4;19.4375;19.75;19.8125;326;202;0;
2382;2023.04.25 09:30;4;19.4375;19.75;19.75;326;202;0;
2383;2023.04.25 09:45;4;19.375;19.75;19.75;326;202;0;
2384;2023.04.25 10:00;4;19.375;19.75;19.75;326;202;0;
2385;2023.04.25 10:15;4;19.375;19.6875;19.75;326;202;0;
2386;2023.04.25 10:30;4;19.375;19.625;19.75;326;202;0;
2387;2023.04.25 10:45;4;19.375;19.625;19.6875;326;202;0;
2388;2023.04.25 11:00;4;19.3125;19.625;19.625;326;202;0;
2389;2023.04.25 11:15;4;19.3125;19.625;19.625;326;202;0;
2390;2023.04.25 11:30;4;19.25;19.625;19.625;326;202;0;
2391;2023.04.25 11:45;4;19.25;19.625;19.625;325;202;0;
2392;2023.04.25 12:00;4;19.25;19.5625;19.625;325;202;0;
2393;2023.04.25 12:15;4;19.25;19.5;19.625;325;202;0;
2394;2023.04.25 12:30;4;19.25;19.5;19.625;325;202;0;
2395;2023.04.25 12:45;4;19.25;19.5;19.5625;325;202;0;
2396;2023.04.25 13:00;4;19.25;19.5;19.5625;325;202;0;
2397;2023.04.25 13:15;4;19.1875;19.5;19.5;325;202;0;
2398;2023.04.25 13:30;4;19.1875;19.5;19.5;325;202;0;
2399;2023.04.25 13:45;4;19.1875;19.5;19.5;325;202;0;
2400;2023.04.25 14:00;4;19.125;19.4375;19.5;325;202;0;
2401;2023.04.25 14:15;4;19.125;19.4375;19.5;325;202;0;
2402;2023.04.25 14:30;4;19.125;19.375;19.5;325;202;0;
2403;2023.04.25 14:45;4;19.125;19.375;19.5;325;202;0;
2404;2023.04.25 15:00;4;19.125;19.375;19.5;325;202;0;
2405;2023.04.25 15:15;4;19.125;19.375;19.4375;325;202;0;
2406;2023.04.25 15:30;4;19.125;19.375;19.4375;325;202;0;
2407;2023.04.25 15:45;4;19.125;19.375;19.4375;325;202;0;
2408;2023.04.25 16:00;4;19.125;19.375;19.4375;325;202;0;
2409;2023.04.25 16:15;4;19.125;19.375;19.4375;325;202;0;
2410;2023.04.25 16:30;4;19.125;19.375;19.4375;325;202;0;
2411;2023.04.25 16:45;4;19.1875;19.375;19.4375;325;202;0;
2412;2023.04.25 17:00;4;19.1875;19.375;19.4375;325;202;0;
2413;2023.04.25 17:15;4;19.1875;19.375;19.4375;325;202;0;
2414;2023.04.25 17:30;4;19.1875;19.375;19.4375;325;202;0;
2415;2023.04.25 17:45;4;19.25;19.375;19.4375;325;202;0;
2416;2023.04.25 18:00;4;19.25;19.375;19.5;325;202;0;
2417;2023.04.25 18:15;4;19.25;19.375;19.5;325;202;0;
2418;2023.04.25 18:30;4;19.375;19.4375;19.5;325;202;0;
2419;2023.04.25 18:45;4;19.4375;19.5;19.5625;326;202;0;
2420;2023.04.25 19:00;4;19.5;19.5;19.625;326;202;0;
2421;2023.04.25 19:15;4;19.5;19.5;19.625;326;202;0;
2422;2023.04.25 19:30;4;19.5;19.5;19.6875;326;202;0;
2423;2023.04.25 19:45;4;19.5;19.5625;19.75;326;202;0;
2424;2023.04.25 20:00;4;19.5625;19.625;19.75;326;202;0;
2425;2023.04.25 20:15;4;19.625;19.625;19.75;326;202;0;
2426;2023.04.25 20:30;4;19.625;19.625;19.8125;326;202;0;
2427;2023.04.25 20:45;4;19.625;19.625;19.875;326;202;0;
2428;2023.04.25 21:00;4;19.625;19.625;19.875;326;202;0;
2429;2023.04.25 21:15;4;19.6875;19.6875;19.875;327;202;0;
2430;2023.04.25 21:30;4;19.75;19.75;19.9375;327;202;0;
2431;2023.04.25 21:45;4;19.75;19.75;20;327;202;0;
2432;2023.04.25 22:00;4;19.75;19.75;20;327;202;0;
2433;2023.04.25 22:15;4;19.75;19.75;20;327;202;0;
2434;2023.04.25 22:30;4;19.75;19.8125;20;327;202;0;
2435;2023.04.25 22:45;4;19.75;19.875;20.0625;327;202;0;
2436;2023.04.25 23:00;4;19.8125;19.875;20.0625;327;202;0;
2437;2023.04.25 23:15;4;19.8125;19.875;20.125;327;202;0;
2438;2023.04.25 23:30;4;19.8125;19.875;20.125;327;202;0;
2439;2023.04.25 23:45;4;19.875;19.875;20.125;327;202;0;
2440;2023.04.26 00:00;4;19.875;19.875;20.125;328;202;0;
2441;2023.04.26 00:15;4;19.875;19.9375;20.125;328;202;0;
2442;2023.04.26 00:30;4;19.875;19.9375;20.125;328;202;0;
2443;2023.04.26 00:45;4;19.875;20;20.125;328;202;0;
2444;2023.04.26 01:00;4;19.875;20;20.1875;328;202;0;
2445;2023.04.26 01:15;4;19.875;20;20.125;328;202;0;
2446;2023.04.26 01:30;4;19.875;20;20.125;328;202;0;
2447;2023.04.26 01:45;4;19.8125;20;20.125;328;202;0;
2448;2023.04.26 02:00;4;19.8125;20;20.125;328;202;0;
2449;2023.04.26 02:15;4;19.75;20;20.125;328;202;0;
2450;2023.04.26 02:30;4;19.75;20;20.125;328;202;0;
2451;2023.04.26 02:45;4;19.75;20;20.125;328;202;0;
2452;2023.04.26 03:00;4;19.75;19.9375;20.0625;327;202;0;
2453;2023.04.26 03:15;4;19.6875;19.9375;20.0625;327;202;0;
2454;2023.04.26 03:30;4;19.625;19.875;20;327;202;0;
2455;2023.04.26 03:45;4;19.625;19.875;20;327;202;0;
2456;2023.04.26 04:00;4;19.625;19.875;20;327;202;0;
2457;2023.04.26 04:15;4;19.625;19.875;20;327;202;0;
2458;2023.04.26 04:30;4;19.625;19.875;19.9375;327;202;0;
2459;2023.04.26 04:45;4;19.5625;19.8125;19.875;327;202;0;
2460;2023.04.26 05:00;4;19.5;19.8125;19.875;327;202;0;
2461;2023.04.26 05:15;4;19.5;19.75;19.875;327;202;0;
2462;2023.04.26 05:30;4;19.5;19.75;19.8125;327;202;0;
2463;2023.04.26 05:45;4;19.4375;19.75;19.75;327;202;0;
2464;2023.04.26 06:00;4;19.375;19.75;19.75;326;202;0;
2465;2023.04.26 06:15;4;19.375;19.6875;19.75;326;202;0;
2466;2023.04.26 06:30;4;19.375;19.625;19.6875;326;202;0;
2467;2023.04.26 06:45;4;19.3125;19.625;19.6875;326;202;0;
2468;2023.04.26 07:00;4;19.3125;19.625;19.625;326;202;0;
2469;2023.04.26 07:15;4;19.25;19.625;19.625;326;202;0;
2470;2023.04.26 07:30;4;19.25;19.5625;19.625;326;202;0;
2471;2023.04.26 07:45;4;19.25;19.5;19.5625;326;202;0;
2472;2023.04.26 08:00;4;19.25;19.5;19.5625;326;202;0;
2473;2023.04.26 08:15;4;19.1875;19.5;19.5;326;202;0;
2474;2023.04.26 08:30;4;19.125;19.5;19.5;325;202;0;
2475;2023.04.26 08:45;4;19.125;19.5;19.5;325;202;0;
2476;2023.04.26 09:00;4;19.125;19.4375;19.5;325;202;0;
2477;2023.04.26 09:15;4;19.125;19.375;19.4375;325;202;0;
2478;2023.04.26 09:30;4;19.0625;19.375;19.4375;325;202;0;
2479;2023.04.26 09:45;4;19.0625;19.375;19.375;325;202;0;
2480;2023.04.26 10:00;4;19;19.375;19.375;325;202;0;
2481;2023.04.26 10:15;4;19;19.3125;19.375;325;202;0;
2482;2023.04.26 10:30;4;19;19.25;19.375;325;202;0;
2483;2023.04.26 10:45;4;19;19.25;19.3125;325;202;0;
2484;2023.04.26 11:00;4;19;19.25;19.25;325;202;0;
2485;2023.04.26 11:15;4;18.9375;19.25;19.25;325;202;0;
2486;2023.04.26 11:30;4;18.875;19.25;19.25;324;202;0;
2487;2023.04.26 11:45;4;18.875;19.1875;19.25;324;202;0;
2488;2023.04.26 12:00;4;18.875;19.125;19.1875;324;202;0;
2489;2023.04.26 12:15;4;18.875;19.125;19.1875;324;202;0;
2490;2023.04.26 12:30;4;18.8125;19.125;19.125;324;202;0;
2491;2023.04.26 12:45;4;18.8125;19.125;19.125;324;202;0;
2492;2023.04.26 13:00;4;18.8125;19.125;19.125;324;202;0;
2493;2023.04.26 13:15;4;18.875;19.0625;19.125;324;202;0;
2494;2023.04.26 13:30;4;18.875;19.0625;19.125;324;202;0;
2495;2023.04.26 13:45;4;18.75;19;19.0625;324;202;0;
2496;2023.04.26 14:00;4;18.75;19;19;324;202;0;
2497;2023.04.26 14:15;4;18.75;19;19;324;202;0;
2498;2023.04.26 14:30;4;18.75;19;19;324;202;0;
2499;2023.04.26 14:45;4;18.75;19;19;324;202;0;
2500;2023.04.26 15:00;4;18.75;19;19;323;202;0;
2501;2023.04.26 15:15;4;18.75;18.9375;19;323;202;0;
2502;2023.04.26 15:30;4;18.75;18.9375;19;323;202;0;
2503;2023.04.26 15:45;4;18.75;18.9375;19;324;202;0;
2504;2023.04.26 16:00;4;18.875;19;19;324;202;0;
2505;2023.04.26 16:15;4;19;19;19;324;202;0;
2506;2023.04.26 16:30;4;19.125;19;19.125;324;202;0;
2507;2023.04.26 16:45;4;19.25;19.125;19.125;325;202;0;
2508;2023.04.26 17:00;4;19.375;19.125;19.25;325;202;0;
2509;2023.04.26 17:15;4;19.5;19.25;19.375;325;202;0;
2510;2023.04.26 17:30;4;19.625;19.3125;19.4375;326;202;0;
2511;2023.04.26 17:45;4;19.625;19.375;19.5;326;202;0;
2512;2023.04.26 18:00;4;19.75;19.4375;19.625;326;202;0;
2513;2023.04.26 18:15;4;19.75;19.5;19.625;327;202;0;
2514;2023.04.26 18:30;4;19.8125;19.5625;19.75;327;202;0;
2515;2023.04.26 18:45;4;19.875;19.625;19.8125;327;202;0;
2516;2023.04.26 19:00;4;19.875;19.625;19.875;327;202;0;
2517;2023.04.26 19:15;4;19.875;19.6875;19.875;327;202;0;
2518;2023.04.26 19:30;4;19.9375;19.75;20;328;202;0;
2519;2023.04.26 19:45;4;20;19.75;20;328;202;0;
2520;2023.04.26 20:00;4;20;19.875;20.125;328;202;0;
2521;2023.04.26 20:15;4;20.0625;19.875;20.125;328;202;0;
2522;2023.04.26 20:30;4;20.125;19.9375;20.1875;328;202;0;
2523;2023.04.26 20:45;4;20.125;20;20.25;328;202;0;
2524;2023.04.26 21:00;4;20.125;20;20.25;329;202;0;
2525;2023.04.26 21:15;4;20.125;20;20.25;329;202;0;
2526;2023.04.26 21:30;4;20.1875;20.125;20.3125;329;202;0;
2527;2023.04.26 21:45;4;20.1875;20.125;20.375;329;202;0;
2528;2023.04.26 22:00;4;20.25;20.125;20.375;329;202;0;
2529;2023.04.26 22:15;4;20.25;20.1875;20.375;329;202;0;
2530;2023.04.26 22:30;4;20.25;20.25;20.5;329;202;0;
2531;2023.04.26 22:45;4;20.25;20.25;20.5;330;202;0;
2532;2023.04.26 23:00;4;20.3125;20.25;20.5;330;202;0;
2533;2023.04.26 23:15;4;20.3125;20.3125;20.5;330;202;0;
2534;2023.04.26 23:30;4;20.375;20.3125;20.5;330;202;0;
2535;2023.04.26 23:45;4;20.375;20.375;20.5625;330;202;0;
2536;2023.04.27 00:00;4;20.375;20.375;20.625;330;202;0;
2537;2023.04.27 00:15;4;20.375;20.375;20.625;330;202;0;
2538;2023.04.27 00:30;4;20.375;20.375;20.625;330;202;0;
2539;2023.04.27 00:45;4;20.375;20.4375;20.625;330;202;0;
2540;2023.04.27 01:00;4;20.375;20.4375;20.625;330;202;0;
2541;2023.04.27 01:15;4;20.375;20.5;20.625;330;202;0;
2542;2023.04.27 01:30;4;20.375;20.5;20.6875;330;202;0;
2543;2023.04.27 01:45;4;20.375;20.5;20.6875;330;202;0;
2544;2023.04.27 02:00;4;20.375;20.5;20.6875;330;202;0;
2545;2023.04.27 02:15;4;20.375;20.5;20.6875;330;202;0;
2546;2023.04.27 02:30;4;20.375;20.5;20.6875;330;202;0;
2547;2023.04.27 02:45;4;20.375;20.5;20.6875;331;202;0;
2548;2023.04.27 03:00;4;20.375;20.5;20.6875;330;202;0;
2549;2023.04.27 03:15;4;20.375;20.5;20.625;330;202;0;
2550;2023.04.27 03:30;4;20.3125;20.5;20.625;330;202;0;
2551;2023.04.27 03:45;4;20.25;20.5;20.625;330;202;0;
2552;2023.04.27 04:00;4;20.25;20.5;20.625;330;202;0;
2553;2023.04.27 04:15;4;20.25;20.4375;20.5625;330;202;0;
2554;2023.04.27 04:30;4;20.1875;20.4375;20.5625;330;202;0;
2555;2023.04.27 04:45;4;20.125;20.375;20.5;330;202;0;
2556;2023.04.27 05:00;4;20.125;20.375;20.5;330;202;0;
2557;2023.04.27 05:15;4;20.125;20.375;20.5;330;202;0;
2558;2023.04.27 05:30;4;20;20.375;20.4375;330;202;0;
2559;2023.04.27 05:45;4;20;20.3125;20.375;330;202;0;
2560;2023.04.27 06:00;4;20;20.25;20.375;329;202;0;
2561;2023.04.27 06:15;4;19.9375;20.25;20.3125;329;202;0;
2562;2023.04.27 06:30;4;19.875;20.25;20.25;329;202;0;
2563;2023.04.27 06:45;4;19.875;20.25;20.25;329;202;0;
2564;2023.04.27 07:00;4;19.8125;20.125;20.1875;329;202;0;
2565;2023.04.27 07:15;4;19.75;20.125;20.125;329;202;0;
2566;2023.04.27 07:30;4;19.75;20.125;20.125;328;202;0;
2567;2023.04.27 07:45;4;19.6875;20.0625;20.125;328;202;0;
2568;2023.04.27 08:00;4;19.625;20;20;328;202;0;
2569;2023.04.27 08:15;4;19.625;20;20;328;202;0;
2570;2023.04.27 08:30;4;19.625;19.9375;20;328;202;0;
2571;2023.04.27 08:45;4;19.5;19.875;19.875;328;202;0;
2572;2023.04.27 09:00;4;19.5;19.875;19.875;328;202;0;
2573;2023.04.27 09:15;4;19.5;19.875;19.875;327;202;0;
2574;2023.04.27 09:30;4;19.4375;19.8125;19.8125;327;202;0;
2575;2023.04.27 09:45;4;19.375;19.75;19.75;327;202;0;
2576;2023.04.27 10:00;4;19.375;19.75;19.75;327;202;0;
2577;2023.04.27 10:15;4;19.375;19.6875;19.6875;327;202;0;
2578;2023.04.27 10:30;4;19.3125;19.6875;19.625;327;202;0;
2579;2023.04.27 10:45;4;19.25;19.625;19.625;327;202;0;
2580;2023.04.27 11:00;4;19.25;19.625;19.625;326;202;0;
2581;2023.04.27 11:15;4;19.25;19.5625;19.5625;326;202;0;
2582;2023.04.27 11:30;4;19.1875;19.5;19.5;326;202;0;
2583;2023.04.27 11:45;4;19.125;19.5;19.5;326;202;0;
2584;2023.04.27 12:00;4;19.125;19.5;19.5;326;202;0;
2585;2023.04.27 12:15;4;19.125;19.4375;19.4375;326;202;0;
2586;2023.04.27 12:30;4;19.125;19.4375;19.375;326;202;0;
2587;2023.04.27 12:45;4;19.0625;19.375;19.375;326;202;0;
2588;2023.04.27 13:00;4;19;19.375;19.375;326;202;0;
2589;2023.04.27 13:15;4;19;19.375;19.375;325;202;0;
2590;2023.04.27 13:30;4;19;19.3125;19.25;325;202;0;
2591;2023.04.27 13:45;4;19;19.25;19.25;325;202;0;
2592;2023.04.27 14:00;4;18.9375;19.25;19.25;325;202;0;
2593;2023.04.27 14:15;4;18.9375;19.25;19.25;325;202;0;
2594;2023.04.27 14:30;4;18.9375;19.25;19.25;325;202;0;
2595;2023.04.27 14:45;4;18.9375;19.25;19.25;325;202;0;
2596;2023.04.27 15:00;4;18.9375;19.1875;19.1875;325;202;0;
2597;2023.04.27 15:15;4;18.9375;19.1875;19.1875;325;202;0;
2598;2023.04.27 15:30;4;19;19.1875;19.1875;325;202;0;
2599;2023.04.27 15:45;4;19;19.125;19.1875;325;202;0;
2600;2023.04.27 16:00;4;19.0625;19.1875;19.25;325;202;0;
2601;2023.04.27 16:15;4;19.125;19.25;19.25;325;202;0;
2602;2023.04.27 16:30;4;19.3125;19.25;19.3125;326;202;0;
2603;2023.04.27 16:45;4;19.4375;19.3125;19.375;326;202;0;
2604;2023.04.27 17:00;4;19.625;19.375;19.4375;326;202;0;
2605;2023.04.27 17:15;4;19.6875;19.5;19.5;327;202;0;
2606;2023.04.27 17:30;4;19.75;19.5;19.625;327;202;0;
2607;2023.04.27 17:45;4;19.875;19.625;19.6875;327;202;0;
2608;2023.04.27 18:00;4;19.875;19.625;19.75;328;202;0;
2609;2023.04.27 18:15;4;19.9375;19.6875;19.875;328;202;0;
2610;2023.04.27 18:30;4;20;19.75;19.875;328;202;0;
2611;2023.04.27 18:45;4;20;19.75;19.9375;328;202;0;
2612;2023.04.27 19:00;4;20;19.8125;20;328;202;0;
2613;2023.04.27 19:15;4;20;19.875;20.0625;328;202;0;
2614;2023.04.27 19:30;4;20.0625;19.875;20.125;329;202;0;
2615;2023.04.27 19:45;4;20.0625;19.875;20.125;329;202;0;
2616;2023.04.27 20:00;4;20.0625;19.9375;20.125;329;202;0;
2617;2023.04.27 20:15;4;20.125;20;20.1875;329;202;0;
2618;2023.04.27 20:30;4;20.125;20;20.25;329;202;0;
2619;2023.04.27 20:45;4;20.125;20;20.25;329;202;0;
2620;2023.04.27 21:00;4;20.125;20.0625;20.25;329;202;0;
2621;2023.04.27 21:15;4;20.125;20.125;20.25;329;202;0;
2622;2023.04.27 21:30;4;20.125;20.125;20.3125;329;202;0;
2623;2023.04.27 21:45;4;20.125;20.125;20.375;329;202;0;
2624;2023.04.27 22:00;4;20.125;20.125;20.375;330;202;0;
2625;2023.04.27 22:15;4;20.1875;20.1875;20.375;330;202;0;
2626;2023.04.27 22:30;4;20.25;20.25;20.375;330;202;0;
2627;2023.04.27 22:45;4;20.25;20.25;20.4375;330;202;0;
2628;2023.04.27 23:00;4;20.25;20.25;20.5;330;202;0;
2629;2023.04.27 23:15;4;20.25;20.25;20.5;330;202;0;
2630;2023.04.27 23:30;4;20.25;20.3125;20.5;330;202;0;
2631;2023.04.27 23:45;4;20.3125;20.375;20.5;330;202;0;
2632;2023.04.28 00:00;4;20.3125;20.375;20.5;330;202;0;
2633;2023.04.28 00:15;4;20.3125;20.375;20.5625;330;202;0;
2634;2023.04.28 00:30;4;20.3125;20.375;20.5625;330;202;0;
2635;2023.04.28 00:45;4;20.375;20.375;20.5625;330;202;0;
2636;2023.04.28 01:00;4;20.375;20.375;20.625;330;202;0;
2637;2023.04.28 01:15;4;20.375;20.375;20.625;331;202;0;
2638;2023.04.28 01:30;4;20.375;20.4375;20.625;331;202;0;
2639;2023.04.28 01:45;4;20.375;20.4375;20.625;331;202;0;
2640;2023.04.28 02:00;4;20.3125;20.4375;20.625;331;202;0;
2641;2023.04.28 02:15;4;20.3125;20.4375;20.625;331;202;0;
2642;2023.04.28 02:30;4;20.25;20.4375;20.625;331;202;0;
2643;2023.04.28 02:45;4;20.25;20.4375;20.625;331;202;0;
2644;2023.04.28 03:00;4;20.25;20.4375;20.5625;330;202;0;
2645;2023.04.28 03:15;4;20.1875;20.375;20.5;330;202;0;
2646;2023.04.28 03:30;4;20.125;20.375;20.5;330;202;0;
2647;2023.04.28 03:45;4;20.125;20.375;20.5;330;202;0;
2648;2023.04.28 04:00;4;20.0625;20.3125;20.4375;330;202;0;
2649;2023.04.28 04:15;4;20;20.3125;20.375;330;202;0;
2650;2023.04.28 04:30;4;20;20.25;20.375;330;202;0;
2651;2023.04.28 04:45;4;19.9375;20.25;20.3125;330;202;0;
2652;2023.04.28 05:00;4;19.875;20.25;20.25;329;202;0;
2653;2023.04.28 05:15;4;19.875;20.1875;20.25;329;202;0;
2654;2023.04.28 05:30;4;19.8125;20.125;20.1875;329;202;0;
2655;2023.04.28 05:45;4;19.75;20.125;20.125;329;202;0;
2656;2023.04.28 06:00;4;19.75;20.0625;20.125;329;202;0;
2657;2023.04.28 06:15;4;19.6875;20;20.0625;329;202;0;
2658;2023.04.28 06:30;4;19.625;20;20;329;202;0;
2659;2023.04.28 06:45;4;19.625;20;20;328;202;0;
2660;2023.04.28 07:00;4;19.625;19.9375;20;328;202;0;
2661;2023.04.28 07:15;4;19.5625;19.875;19.875;328;202;0;
2662;2023.04.28 07:30;4;19.5;19.875;19.875;328;202;0;
2663;2023.04.28 07:45;4;19.5;19.875;19.875;328;202;0;
2664;2023.04.28 08:00;4;19.5;19.8125;19.8125;328;202;0;
2665;2023.04.28 08:15;4;19.4375;19.75;19.75;328;202;0;
2666;2023.04.28 08:30;4;19.375;19.75;19.75;327;202;0;
2667;2023.04.28 08:45;4;19.375;19.75;19.75;327;202;0;
2668;2023.04.28 09:00;4;19.375;19.6875;19.6875;327;202;0;
2669;2023.04.28 09:15;4;19.3125;19.625;19.625;327;202;0;
2670;2023.04.28 09:30;4;19.25;19.625;19.625;327;202;0;
2671;2023.04.28 09:45;4;19.25;19.625;19.625;327;202;0;
2672;2023.04.28 10:00;4;19.25;19.5625;19.5625;327;202;0;
2673;2023.04.28 10:15;4;19.1875;19.5;19.5;327;202;0;
2674;2023.04.28 10:30;4;19.1875;19.5;19.5;326;202;0;
2675;2023.04.28 10:45;4;19.125;19.5;19.5;326;202;0;
2676;2023.04.28 11:00;4;19.125;19.5;19.5;326;202;0;
2677;2023.04.28 11:15;4;19.125;19.4375;19.4375;326;202;0;
2678;2023.04.28 11:30;4;19.0625;19.375;19.375;326;202;0;
2679;2023.04.28 11:45;4;19.0625;19.375;19.375;326;202;0;
2680;2023.04.28 12:00;4;19;19.375;19.375;326;202;0;
2681;2023.04.28 12:15;4;19;19.3125;19.375;326;202;0;
2682;2023.04.28 12:30;4;19;19.3125;19.3125;326;202;0;
2683;2023.04.28 12:45;4;19;19.25;19.25;326;202;0;
2684;2023.04.28 13:00;4;19;19.25;19.25;326;202;0;
2685;2023.04.28 13:15;4;18.9375;19.25;19.25;325;202;0;
2686;2023.04.28 13:30;4;18.875;19.25;19.25;325;202;0;
2687;2023.04.28 13:45;4;18.875;19.1875;19.25;325;202;0;
2688;2023.04.28 14:00;4;18.875;19.125;19.1875;325;202;0;
2689;2023.04.28 14:15;4;18.875;19.125;19.1875;325;202;0;
2690;2023.04.28 14:30;4;18.875;19.125;19.125;325;202;0;
2691;2023.04.28 14:45;4;18.875;19.125;19.125;325;202;0;
2692;2023.04.28 15:00;4;18.875;19.125;19.125;325;202;0;
2693;2023.04.28 15:15;4;18.875;19.125;19.125;325;202;0;
2694;2023.04.28 15:30;4;18.9375;19.125;19.125;325;202;0;
2695;2023.04.28 15:45;4;19.0625;19.125;19.125;325;202;0;
2696;2023.04.28 16:00;4;19.125;19.125;19.1875;326;202;0;
2697;2023.04.28 16:15;4;19.25;19.1875;19.25;326;202;0;
2698;2023.04.28 16:30;4;19.375;19.25;19.25;326;202;0;
2699;2023.04.28 16:45;4;19.5;19.25;19.375;326;202;0;
2700;2023.04.28 17:00;4;19.625;19.375;19.4375;327;202;0;
2701;2023.04.28 17:15;4;19.75;19.5;19.5;327;202;0;
2702;2023.04.28 17:30;4;19.875;19.5;19.625;328;202;0;
2703;2023.04.28 17:45;4;20;19.625;19.75;328;202;0;
2704;2023.04.28 18:00;4;20.125;19.6875;19.875;328;202;0;
2705;2023.04.28 18:15;4;20.1875;19.75;19.9375;329;202;0;
2706;2023.04.28 18:30;4;20.25;19.875;20.0625;329;202;0;
2707;2023.04.28 18:45;4;20.375;19.9375;20.125;329;202;0;
2708;2023.04.28 19:00;4;20.375;20;20.25;330;202;0;
2709;2023.04.28 19:15;4;20.5;20.0625;20.3125;330;202;0;
2710;2023.04.28 19:30;4;20.5;20.125;20.375;330;202;0;
2711;2023.04.28 19:45;4;20.5625;20.25;20.5;331;202;0;
2712;2023.04.28 20:00;4;20.625;20.25;20.5625;331;202;0;
2713;2023.04.28 20:15;4;20.625;20.375;20.625;331;202;0;
2714;2023.04.28 20:30;4;20.75;20.375;20.625;331;202;0;
2715;2023.04.28 20:45;4;20.75;20.4375;20.75;331;202;0;
2716;2023.04.28 21:00;4;20.75;20.5;20.75;332;202;0;
2717;2023.04.28 21:15;4;20.75;20.5;20.75;332;202;0;
2718;2023.04.28 21:30;4;20.75;20.5;20.8125;332;202;0;
2719;2023.04.28 21:45;4;20.75;20.625;20.875;332;202;0;
2720;2023.04.28 22:00;4;20.875;20.625;20.875;332;202;0;
2721;2023.04.28 22:15;4;20.875;20.75;20.9375;333;202;0;
2722;2023.04.28 22:30;4;21;20.75;21;333;202;0;
2723;2023.04.28 22:45;4;21.0625;20.875;21.0625;333;202;0;
2724;2023.04.28 23:00;4;21.125;20.875;21.125;333;202;0;
2725;2023.04.28 23:15;4;21.125;20.9375;21.125;333;202;0;
2726;2023.04.28 23:30;4;21.125;21;21.1875;334;202;0;
2727;2023.04.28 23:45;4;21.125;21;21.25;334;202;0;
2728;2023.04.29 00:00;4;21.1875;21;21.25;334;202;0;
2729;2023.04.29 00:15;4;21.1875;21.125;21.25;334;202;0;
2730;2023.04.29 00:30;4;21.125;21.125;21.25;334;202;0;
2731;2023.04.29 00:45;4;21.125;21.125;21.25;334;202;0;
2732;2023.04.29 01:00;4;21.125;21.125;21.25;334;202;0;
2733;2023.04.29 01:15;4;21;21.125;21.25;334;202;0;
2734;2023.04.29 01:30;4;21;21.125;21.25;334;202;0;
2735;2023.04.29 01:45;4;20.9375;21.0625;21.1875;334;202;0;
2736;2023.04.29 02:00;4;20.875;21;21.125;333;202;0;
2737;2023.04.29 02:15;4;20.875;21;21.125;333;202;0;
2738;2023.04.29 02:30;4;20.8125;21;21.125;333;202;0;
2739;2023.04.29 02:45;4;20.75;21;21.0625;333;202;0;
2740;2023.04.29 03:00;4;20.75;20.9375;21;333;202;0;
2741;2023.04.29 03:15;4;20.625;20.9375;21;333;202;0;
2742;2023.04.29 03:30;4;20.625;20.875;20.875;333;202;0;
2743;2023.04.29 03:45;4;20.5;20.875;20.875;332;202;0;
2744;2023.04.29 04:00;4;20.5;20.8125;20.75;332;202;0;
2745;2023.04.29 04:15;4;20.375;20.75;20.75;332;202;0;
2746;2023.04.29 04:30;4;20.375;20.75;20.6875;332;202;0;
2747;2023.04.29 04:45;4;20.25;20.625;20.625;332;202;0;
2748;2023.04.29 05:00;4;20.1875;20.625;20.5;331;202;0;
2749;2023.04.29 05:15;4;20.125;20.5625;20.5;331;202;0;
2750;2023.04.29 05:30;4;20.125;20.5;20.375;331;202;0;
2751;2023.04.29 05:45;4;20;20.4375;20.375;331;202;0;
2752;2023.04.29 06:00;4;20;20.375;20.3125;330;202;0;
2753;2023.04.29 06:15;4;19.9375;20.375;20.25;330;202;0;
2754;2023.04.29 06:30;4;19.875;20.3125;20.25;330;202;0;
2755;2023.04.29 06:45;4;19.875;20.25;20.125;330;202;0;
2756;2023.04.29 07:00;4;19.75;20.25;20.125;330;202;0;
2757;2023.04.29 07:15;4;19.75;20.125;20.0625;329;202;0;
2758;2023.04.29 07:30;4;19.6875;20.125;20;329;202;0;
2759;2023.04.29 07:45;4;19.625;20.0625;20;329;202;0;
2760;2023.04.29 08:00;4;19.625;20;19.9375;329;202;0;
2761;2023.04.29 08:15;4;19.5;20;19.875;329;202;0;
2762;2023.04.29 08:30;4;19.5;19.9375;19.875;329;202;0;
2763;2023.04.29 08:45;4;19.5;19.875;19.8125;328;202;0;
2764;2023.04.29 09:00;4;19.375;19.875;19.75;328;202;0;
2765;2023.04.29 09:15;4;19.375;19.75;19.75;328;202;0;
2766;2023.04.29 09:30;4;19.3125;19.75;19.6875;328;202;0;
2767;2023.04.29 09:45;4;19.25;19.75;19.625;328;202;0;
2768;2023.04.29 10:00;4;19.25;19.625;19.625;327;202;0;
2769;2023.04.29 10:15;4;19.25;19.625;19.625;327;202;0;
2770;2023.04.29 10:30;4;19.125;19.625;19.5625;327;202;0;
2771;2023.04.29 10:45;4;19.125;19.5625;19.5;327;202;0;
2772;2023.04.29 11:00;4;19.125;19.5;19.5;327;202;0;
2773;2023.04.29 11:15;4;19.0625;19.5;19.5;327;202;0;
2774;2023.04.29 11:30;4;19;19.4375;19.4375;327;202;0;
2775;2023.04.29 11:45;4;19;19.375;19.375;326;202;0;
2776;2023.04.29 12:00;4;19;19.375;19.375;326;202;0;
2777;2023.04.29 12:15;4;19;19.375;19.375;326;202;0;
2778;2023.04.29 12:30;4;18.9375;19.3125;19.3125;326;202;0;
2779;2023.04.29 12:45;4;18.875;19.25;19.25;326;202;0;
2780;2023.04.29 13:00;4;18.875;19.25;19.25;326;202;0;
2781;2023.04.29 13:15;4;18.875;19.25;19.25;326;202;0;
2782;2023.04.29 13:30;4;18.875;19.25;19.25;326;202;0;
2783;2023.04.29 13:45;4;18.8125;19.1875;19.25;326;202;0;
2784;2023.04.29 14:00;4;18.8125;19.125;19.1875;326;202;0;
2785;2023.04.29 14:15;4;18.75;19.125;19.125;325;202;0;
2786;2023.04.29 14:30;4;18.75;19.125;19.125;325;202;0;
2787;2023.04.29 14:45;4;18.8125;19.125;19.125;325;202;0;
2788;2023.04.29 15:00;4;18.875;19.125;19.125;325;202;0;
2789;2023.04.29 15:15;4;18.875;19.125;19.125;325;202;0;
2790;2023.04.29 15:30;4;18.875;19.125;19.125;325;202;0;
2791;2023.04.29 15:45;4;18.875;19.125;19.125;325;202;0;
2792;2023.04.29 16:00;4;18.875;19.125;19.125;326;202;0;
2793;2023.04.29 16:15;4;18.875;19.125;19.1875;326;202;0;
2794;2023.04.29 16:30;4;19;19.125;19.25;326;202;0;
2795;2023.04.29 16:45;4;19.125;19.1875;19.25;326;202;0;
2796;2023.04.29 17:00;4;19.25;19.25;19.3125;326;202;0;
2797;2023.04.29 17:15;4;19.3125;19.3125;19.375;327;202;0;
2798;2023.04.29 17:30;4;19.375;19.375;19.5;327;202;0;
2799;2023.04.29 17:45;4;19.5;19.375;19.5;327;202;0;
2800;2023.04.29 18:00;4;19.5;19.5;19.625;327;202;0;
2801;2023.04.29 18:15;4;19.625;19.5;19.6875;328;202;0;
2802;2023.04.29 18:30;4;19.625;19.5625;19.75;328;202;0;
2803;2023.04.29 18:45;4;19.6875;19.625;19.8125;328;202;0;
2804;2023.04.29 19:00;4;19.75;19.625;19.875;328;202;0;
2805;2023.04.29 19:15;4;19.75;19.6875;19.9375;328;202;0;
2806;2023.04.29 19:30;4;19.8125;19.75;20;329;202;0;
2807;2023.04.29 19:45;4;19.875;19.75;20;329;202;0;
2808;2023.04.29 20:00;4;19.875;19.8125;20.0625;329;202;0;
2809;2023.04.29 20:15;4;20;19.875;20.125;329;202;0;
2810;2023.04.29 20:30;4;20;19.875;20.1875;330;202;0;
2811;2023.04.29 20:45;4;20.0625;20;20.25;330;202;0;
2812;2023.04.29 21:00;4;20.125;20;20.25;330;202;0;
2813;2023.04.29 21:15;4;20.125;20.0625;20.3125;330;202;0;
2814;2023.04.29 21:30;4;20.1875;20.125;20.375;330;202;0;
2815;2023.04.29 21:45;4;20.25;20.125;20.375;330;202;0;
2816;2023.04.29 22:00;4;20.25;20.1875;20.4375;331;202;0;
2817;2023.04.29 22:15;4;20.25;20.25;20.5;331;202;0;
2818;2023.04.29 22:30;4;20.3125;20.25;20.5;331;202;0;
2819;2023.04.29 22:45;4;20.3125;20.25;20.5625;331;202;0;
2820;2023.04.29 23:00;4;20.375;20.3125;20.625;331;202;0;
2821;2023.04.29 23:15;4;20.375;20.375;20.625;331;202;0;
2822;2023.04.29 23:30;4;20.375;20.375;20.625;331;202;0;
2823;2023.04.29 23:45;4;20.375;20.4375;20.625;332;202;0;
2824;2023.04.30 00:00;4;20.4375;20.4375;20.6875;332;202;0;
2825;2023.04.30 00:15;4;20.4375;20.5;20.6875;332;202;0;
2826;2023.04.30 00:30;4;20.4375;20.5;20.75;332;202;0;
2827;2023.04.30 00:45;4;20.4375;20.5;20.75;332;202;0;
2828;2023.04.30 01:00;4;20.4375;20.5;20.75;332;202;0;
2829;2023.04.30 01:15;4;20.375;20.5;20.75;332;202;0;
2830;2023.04.30 01:30;4;20.375;20.5;20.6875;332;202;0;
2831;2023.04.30 01:45;4;20.375;20.5;20.6875;332;202;0;
2832;2023.04.30 02:00;4;20.375;20.5;20.6875;332;202;0;
2833;2023.04.30 02:15;4;20.3125;20.5;20.625;332;202;0;
2834;2023.04.30 02:30;4;20.25;20.5;20.625;332;202;0;
2835;2023.04.30 02:45;4;20.25;20.5;20.625;331;202;0;
2836;2023.04.30 03:00;4;20.1875;20.4375;20.5;331;202;0;
2837;2023.04.30 03:15;4;20.125;20.4375;20.5;331;202;0;
2838;2023.04.30 03:30;4;20.125;20.375;20.4375;331;202;0;
2839;2023.04.30 03:45;4;20.0625;20.375;20.375;331;202;0;
2840;2023.04.30 04:00;4;20;20.3125;20.375;331;202;0;
2841;2023.04.30 04:15;4;19.9375;20.25;20.25;331;202;0;
2842;2023.04.30 04:30;4;19.875;20.25;20.25;330;202;0;
2843;2023.04.30 04:45;4;19.875;20.25;20.1875;331;202;0;
2844;2023.04.30 05:00;4;19.875;20.25;20.125;331;202;0;
2845;2023.04.30 05:15;4;19.8125;20.1875;20.125;331;202;0;
2846;2023.04.30 05:30;4;19.75;20.125;20;330;202;0;
2847;2023.04.30 05:45;4;19.6875;20.125;20;330;202;0;
2848;2023.04.30 06:00;4;19.625;20.125;20;330;202;0;
2849;2023.04.30 06:15;4;19.625;20.0625;19.875;330;202;0;
2850;2023.04.30 06:30;4;19.5625;20;19.875;330;202;0;
2851;2023.04.30 06:45;4;19.5;20;19.875;330;202;0;
2852;2023.04.30 07:00;4;19.5;20;19.75;330;202;0;
2853;2023.04.30 07:15;4;19.4375;19.875;19.75;329;202;0;
2854;2023.04.30 07:30;4;19.375;19.875;19.75;329;202;0;
2855;2023.04.30 07:45;4;19.375;19.875;19.6875;329;202;0;
2856;2023.04.30 08:00;4;19.3125;19.8125;19.625;329;202;0;
2857;2023.04.30 08:15;4;19.25;19.75;19.625;329;202;0;
2858;2023.04.30 08:30;4;19.25;19.75;19.5625;329;202;0;
2859;2023.04.30 08:45;4;19.25;19.6875;19.5;328;202;0;
2860;2023.04.30 09:00;4;19.1875;19.625;19.5;328;202;0;
2861;2023.04.30 09:15;4;19.125;19.625;19.5;328;202;0;
2862;2023.04.30 09:30;4;19.125;19.5625;19.4375;328;202;0;
2863;2023.04.30 09:45;4;19.125;19.5;19.375;328;202;0;
2864;2023.04.30 10:00;4;19.0625;19.5;19.375;328;202;0;
2865;2023.04.30 10:15;4;19;19.5;19.375;328;202;0;
2866;2023.04.30 10:30;4;19;19.4375;19.3125;327;202;0;
2867;2023.04.30 10:45;4;19;19.375;19.3125;327;202;0;
2868;2023.04.30 11:00;4;18.9375;19.375;19.25;327;202;0;
2869;2023.04.30 11:15;4;18.875;19.375;19.25;327;202;0;
2870;2023.04.30 11:30;4;18.875;19.3125;19.25;327;202;0;
2871;2023.04.30 11:45;4;18.875;19.25;19.25;327;202;0;
2872;2023.04.30 12:00;4;18.875;19.25;19.1875;327;202;0;
2873;2023.04.30 12:15;4;18.8125;19.25;19.125;327;202;0;
2874;2023.04.30 12:30;4;18.8125;19.1875;19.125;327;202;0;
2875;2023.04.30 12:45;4;18.75;19.125;19.125;326;202;0;
2876;2023.04.30 13:00;4;18.75;19.125;19.125;326;202;0;
2877;2023.04.30 13:15;4;18.75;19.125;19.0625;326;202;0;
2878;2023.04.30 13:30;4;18.75;19.125;19.0625;326;202;0;
2879;2023.04.30 13:45;4;18.75;19.0625;19.0625;326;202;0;
2880;2023.04.30 14:00;4;18.6875;19.0625;19;326;202;0;
2881;2023.04.30 14:15;4;18.6875;19;19;326;202;0;
2882;2023.04.30 14:30;4;18.6875;19;19;326;202;0;
2883;2023.04.30 14:45;4;18.625;19;19;326;202;0;
2884;2023.04.30 15:00;4;18.625;19;19;326;202;0;
2885;2023.04.30 15:15;4;18.625;19;19;326;202;0;
2886;2023.04.30 15:30;4;18.625;18.9375;19;326;202;0;
2887;2023.04.30 15:45;4;18.625;18.9375;18.9375;326;202;0;
2888;2023.04.30 16:00;4;18.625;18.875;18.9375;326;202;0;
2889;2023.04.30 16:15;4;18.75;18.875;19;326;202;0;
2890;2023.04.30 16:30;4;18.75;18.875;19;326;202;0;
2891;2023.04.30 16:45;4;18.875;18.875;19;326;202;0;
2892;2023.04.30 17:00;4;18.9375;18.9375;19.0625;326;202;0;
2893;2023.04.30 17:15;4;19;18.9375;19.125;326;202;0;
2894;2023.04.30 17:30;4;19.0625;19;19.125;326;202;0;
2895;2023.04.30 17:45;4;19.125;19;19.25;327;202;0;
2896;2023.04.30 18:00;4;19.125;19;19.25;327;202;0;
2897;2023.04.30 18:15;4;19.25;19.0625;19.3125;327;202;0;
2898;2023.04.30 18:30;4;19.25;19.125;19.375;327;202;0;
2899;2023.04.30 18:45;4;19.25;19.125;19.375;327;202;0;
2900;2023.04.30 19:00;4;19.3125;19.125;19.5;327;202;0;
2901;2023.04.30 19:15;4;19.3125;19.1875;19.5;328;202;0;
2902;2023.04.30 19:30;4;19.375;19.25;19.5;328;202;0;
2903;2023.04.30 19:45;4;19.375;19.25;19.625;328;202;0;
2904;2023.04.30 20:00;4;19.375;19.25;19.625;328;202;0;
2905;2023.04.30 20:15;4;19.4375;19.375;19.625;328;202;0;
2906;2023.04.30 20:30;4;19.4375;19.375;19.6875;328;202;0;
2907;2023.04.30 20:45;4;19.5;19.375;19.75;328;202;0;
2908;2023.04.30 21:00;4;19.5;19.375;19.75;329;202;0;
2909;2023.04.30 21:15;4;19.5;19.5;19.75;329;202;0;
2910;2023.04.30 21:30;4;19.5;19.5;19.8125;329;202;0;
2911;2023.04.30 21:45;4;19.5625;19.5;19.875;329;202;0;
2912;2023.04.30 22:00;4;19.625;19.5;19.875;329;202;0;
2913;2023.04.30 22:15;4;19.625;19.5625;19.875;329;202;0;
2914;2023.04.30 22:30;4;19.625;19.625;19.875;329;202;0;
2915;2023.04.30 22:45;4;19.625;19.625;19.9375;329;202;0;
2916;2023.04.30 23:00;4;19.625;19.625;20;329;202;0;
2917;2023.04.30 23:15;4;19.625;19.6875;20;329;202;0;
2918;2023.04.30 23:30;4;19.6875;19.75;20;330;202;0;
2919;2023.04.30 23:45;4;19.6875;19.75;20;330;202;0;
2920;2023.05.01 00:00;4;19.6875;19.75;20;330;202;0;
2921;2023.05.01 00:15;4;19.75;19.75;20;330;202;0;
2922;2023.05.01 00:30;4;19.75;19.75;20;330;202;0;
2923;2023.05.01 00:45;4;19.75;19.75;20;330;202;0;
2924;2023.05.01 01:00;4;19.6875;19.8125;20;330;202;0;
2925;2023.05.01 01:15;4;19.6875;19.8125;20;330;202;0;
2926;2023.05.01 01:30;4;19.6875;19.8125;20;330;202;0;
2927;2023.05.01 01:45;4;19.625;19.8125;20;330;202;0;
2928;2023.05.01 02:00;4;19.625;19.875;20;330;202;0;
2929;2023.05.01 02:15;4;19.625;19.8125;19.9375;330;202;0;
2930;2023.05.01 02:30;4;19.625;19.8125;19.875;330;202;0;
2931;2023.05.01 02:45;4;19.5625;19.8125;19.875;330;202;0;
2932;2023.05.01 03:00;4;19.5;19.8125;19.875;330;202;0;
2933;2023.05.01 03:15;4;19.5;19.75;19.8125;330;202;0;
2934;2023.05.01 03:30;4;19.5;19.75;19.75;330;202;0;
2935;2023.05.01 03:45;4;19.375;19.75;19.75;329;202;0;
2936;2023.05.01 04:00;4;19.375;19.75;19.75;329;202;0;
2937;2023.05.01 04:15;4;19.375;19.75;19.6875;329;202;0;
2938;2023.05.01 04:30;4;19.3125;19.6875;19.625;329;202;0;
2939;2023.05.01 04:45;4;19.25;19.625;19.625;329;202;0;
2940;2023.05.01 05:00;4;19.25;19.625;19.5625;329;202;0;
2941;2023.05.01 05:15;4;19.25;19.625;19.5;329;202;0;
2942;2023.05.01 05:30;4;19.125;19.5625;19.5;329;202;0;
2943;2023.05.01 05:45;4;19.125;19.5;19.5;329;202;0;
2944;2023.05.01 06:00;4;19.125;19.5;19.4375;328;202;0;
2945;2023.05.01 06:15;4;19.125;19.5;19.375;328;202;0;
2946;2023.05.01 06:30;4;19.0625;19.4375;19.375;328;202;0;
2947;2023.05.01 06:45;4;19;19.375;19.375;328;202;0;
2948;2023.05.01 07:00;4;19;19.375;19.3125;328;202;0;
2949;2023.05.01 07:15;4;19;19.375;19.25;328;202;0;
2950;2023.05.01 07:30;4;18.9375;19.375;19.25;328;202;0;
2951;2023.05.01 07:45;4;18.875;19.3125;19.25;328;202;0;
2952;2023.05.01 08:00;4;18.875;19.25;19.1875;327;202;0;
2953;2023.05.01 08:15;4;18.875;19.25;19.1875;327;202;0;
2954;2023.05.01 08:30;4;18.875;19.25;19.125;327;202;0;
2955;2023.05.01 08:45;4;18.8125;19.1875;19.125;327;202;0;
2956;2023.05.01 09:00;4;18.75;19.1875;19.125;327;202;0;
2957;2023.05.01 09:15;4;18.75;19.125;19.125;327;202;0;
2958;2023.05.01 09:30;4;18.75;19.125;19.0625;327;202;0;
2959;2023.05.01 09:45;4;18.75;19.125;19;327;202;0;
2960;2023.05.01 10:00;4;18.6875;19.0625;19;327;202;0;
2961;2023.05.01 10:15;4;18.625;19;19;327;202;0;
2962;2023.05.01 10:30;4;18.625;19;19;326;202;0;
2963;2023.05.01 10:45;4;18.625;19;18.9375;326;202;0;
2964;2023.05.01 11:00;4;18.625;19;18.9375;326;202;0;
2965;2023.05.01 11:15;4;18.5625;18.9375;18.875;326;202;0;
2966;2023.05.01 11:30;4;18.5;18.875;18.875;326;202;0;
2967;2023.05.01 11:45;4;18.5;18.875;18.875;326;202;0;
2968;2023.05.01 12:00;4;18.5;18.875;18.875;326;202;0;
2969;2023.05.01 12:15;4;18.5;18.875;18.8125;326;202;0;
2970;2023.05.01 12:30;4;18.5;18.8125;18.8125;326;202;0;
2971;2023.05.01 12:45;4;18.4375;18.75;18.75;326;202;0;
2972;2023.05.01 13:00;4;18.4375;18.75;18.75;326;202;0;
2973;2023.05.01 13:15;4;18.375;18.75;18.75;326;202;0;
2974;2023.05.01 13:30;4;18.375;18.75;18.75;325;202;0;
2975;2023.05.01 13:45;4;18.375;18.75;18.75;325;202;0;
2976;2023.05.01 14:00;4;18.375;18.625;18.625;325;202;0;
2977;2023.05.01 14:15;4;18.375;18.625;18.625;325;202;0;
2978;2023.05.01 14:30;4;18.375;18.625;18.625;325;202;0;
2979;2023.05.01 14:45;4;18.375;18.625;18.625;324;202;0;
2980;2023.05.01 15:00;4;18.375;18.625;18.625;325;202;0;
2981;2023.05.01 15:15;4;18.375;18.625;18.625;325;202;0;
2982;2023.05.01 15:30;4;18.3125;18.5625;18.5625;325;202;0;
2983;2023.05.01 15:45;4;18.3125;18.5;18.5;325;202;0;
2984;2023.05.01 16:00;4;18.25;18.5;18.5625;324;202;0;
2985;2023.05.01 16:15;4;18.3125;18.5;18.5625;324;202;0;
2986;2023.05.01 16:30;4;18.25;18.5;18.5;324;202;0;
2987;2023.05.01 16:45;4;18.25;18.5;18.5;327;202;0;
2988;2023.05.01 17:00;4;18.375;18.5;18.5;327;202;0;
2989;2023.05.01 17:15;4;18.375;18.5;18.5;327;202;0;
2990;2023.05.01 17:30;4;18.375;18.5;18.5;327;202;0;
2991;2023.05.01 17:45;4;18.375;18.5;18.5;327;202;0;
2992;2023.05.01 18:00;4;18.375;18.5;18.4375;327;202;0;
2993;2023.05.01 18:15;4;18.375;18.4375;18.375;327;202;0;
2994;2023.05.01 18:30;4;18.375;18.5;18.375;327;202;0;
2995;2023.05.01 18:45;4;18.375;18.4375;18.375;327;202;0;
2996;2023.05.01 19:00;4;18.4375;18.5;18.375;327;202;0;
2997;2023.05.01 19:15;4;18.5;18.5;18.375;327;202;0;
2998;2023.05.01 19:30;4;18.5;18.5;18.4375;327;202;0;
2999;2023.05.01 19:45;4;18.5;18.5;18.4375;327;202;0;
3000;2023.05.01 20:00;4;18.5;18.5;18.4375;327;202;0;
3001;2023.05.01 20:15;4;18.5;18.5;18.5;327;202;0;
3002;2023.05.01 20:30;4;18.5;18.5;18.5;327;202;0;
3003;2023.05.01 20:45;4;18.4375;18.5;18.5;327;202;0;
3004;2023.05.01 21:00;4;18.4375;18.5;18.5;327;202;0;
3005;2023.05.01 21:15;4;18.375;18.5;18.5;327;202;0;
3006;2023.05.01 21:30;4;18.375;18.5;18.5;327;202;0;
3007;2023.05.01 21:45;4;18.375;18.5;18.5;327;202;0;
3008;2023.05.01 22:00;4;18.5;18.5;18.5;327;202;0;
3009;2023.05.01 22:15;4;18.625;18.5625;18.625;328;202;0;
3010;2023.05.01 22:30;4;18.625;18.625;18.625;328;202;0;
3011;2023.05.01 22:45;4;18.625;18.625;18.625;328;202;0;
3012;2023.05.01 23:00;4;18.6875;18.625;18.625;328;202;0;
3013;2023.05.01 23:15;4;18.75;18.625;18.75;328;202;0;
3014;2023.05.01 23:30;4;18.75;18.6875;18.75;329;202;0;
3015;2023.05.01 23:45;4;18.8125;18.75;18.8125;329;202;0;
3016;2023.05.02 00:00;4;18.875;18.75;18.875;329;202;0;
3017;2023.05.02 00:15;4;18.875;18.75;18.875;329;202;0;
3018;2023.05.02 00:30;4;18.875;18.75;18.875;329;202;0;
3019;2023.05.02 00:45;4;18.875;18.8125;18.875;329;202;0;
3020;2023.05.02 01:00;4;18.875;18.875;18.9375;329;202;0;
3021;2023.05.02 01:15;4;18.9375;18.875;18.9375;329;202;0;
3022;2023.05.02 01:30;4;18.9375;18.875;19;329;202;0;
3023;2023.05.02 01:45;4;18.875;18.875;19;329;202;0;
3024;2023.05.02 02:00;4;18.875;18.875;19;329;202;0;
3025;2023.05.02 02:15;4;18.875;18.875;19;329;202;0;
3026;2023.05.02 02:30;4;18.75;18.875;18.9375;329;202;0;
3027;2023.05.02 02:45;4;18.6875;18.8125;18.875;329;202;0;
3028;2023.05.02 03:00;4;18.625;18.8125;18.875;329;202;0;
3029;2023.05.02 03:15;4;18.625;18.75;18.875;328;202;0;
3030;2023.05.02 03:30;4;18.5625;18.75;18.8125;328;202;0;
3031;2023.05.02 03:45;4;18.5;18.75;18.75;328;202;0;
3032;2023.05.02 04:00;4;18.5;18.75;18.75;328;202;0;
3033;2023.05.02 04:15;4;18.4375;18.625;18.75;328;202;0;
3034;2023.05.02 04:30;4;18.375;18.625;18.6875;328;202;0;
3035;2023.05.02 04:45;4;18.375;18.625;18.625;328;202;0;
3036;2023.05.02 05:00;4;18.375;18.625;18.625;328;202;0;
3037;2023.05.02 05:15;4;18.3125;18.5625;18.625;327;202;0;
3038;2023.05.02 05:30;4;18.25;18.5;18.5625;327;202;0;
3039;2023.05.02 05:45;4;18.25;18.5;18.5;327;202;0;
3040;2023.05.02 06:00;4;18.25;18.5;18.5;327;202;0;
3041;2023.05.02 06:15;4;18.25;18.5;18.5;327;202;0;
3042;2023.05.02 06:30;4;18.25;18.5;18.5;327;202;0;
3043;2023.05.02 06:45;4;18.1875;18.4375;18.4375;327;202;0;
3044;2023.05.02 07:00;4;18.125;18.375;18.4375;327;202;0;
3045;2023.05.02 07:15;4;18.125;18.375;18.375;327;202;0;
3046;2023.05.02 07:30;4;18.125;18.375;18.375;327;202;0;
3047;2023.05.02 07:45;4;18.125;18.375;18.375;327;202;0;
3048;2023.05.02 08:00;4;18.125;18.375;18.375;326;202;0;
3049;2023.05.02 08:15;4;18.0625;18.3125;18.3125;326;202;0;
3050;2023.05.02 08:30;4;18.0625;18.25;18.25;326;202;0;
3051;2023.05.02 08:45;4;18;18.25;18.25;326;202;0;
3052;2023.05.02 09:00;4;18;18.25;18.25;326;202;0;
3053;2023.05.02 09:15;4;18;18.25;18.25;326;202;0;
3054;2023.05.02 09:30;4;18;18.1875;18.25;326;202;0;
3055;2023.05.02 09:45;4;17.9375;18.1875;18.1875;326;202;0;
3056;2023.05.02 10:00;4;17.9375;18.125;18.125;326;202;0;
3057;2023.05.02 10:15;4;17.875;18.125;18.125;326;202;0;
3058;2023.05.02 10:30;4;17.875;18.125;18.125;326;202;0;
3059;2023.05.02 10:45;4;17.875;18.125;18.125;325;202;0;
3060;2023.05.02 11:00;4;17.875;18.0625;18.0625;325;202;0;
3061;2023.05.02 11:15;4;17.8125;18.0625;18.0625;325;202;0;
3062;2023.05.02 11:30;4;17.8125;18;18;325;202;0;
3063;2023.05.02 11:45;4;17.75;18;18;325;202;0;
3064;2023.05.02 12:00;4;17.75;18;18;325;202;0;
3065;2023.05.02 12:15;4;17.75;18;18;325;202;0;
3066;2023.05.02 12:30;4;17.75;17.9375;18;325;202;0;
3067;2023.05.02 12:45;4;17.75;17.9375;17.9375;325;202;0;
3068;2023.05.02 13:00;4;17.6875;17.875;17.875;325;202;0;
3069;2023.05.02 13:15;4;17.625;17.875;17.875;325;202;0;
3070;2023.05.02 13:30;4;17.625;17.875;17.875;325;202;0;
3071;2023.05.02 13:45;4;17.625;17.875;17.875;325;202;0;
3072;2023.05.02 14:00;4;17.625;17.875;17.875;324;202;0;
3073;2023.05.02 14:15;4;17.625;17.8125;17.875;324;202;0;
3074;2023.05.02 14:30;4;17.625;17.8125;17.8125;324;202;0;
3075;2023.05.02 14:45;4;17.625;17.75;17.8125;324;202;0;
3076;2023.05.02 15:00;4;17.625;17.75;17.8125;324;202;0;
3077;2023.05.02 15:15;4;17.625;17.75;17.75;324;202;0;
3078;2023.05.02 15:30;4;17.625;17.75;17.8125;324;202;0;
3079;2023.05.02 15:45;4;17.5625;17.75;17.75;324;202;0;
3080;2023.05.02 16:00;4;17.625;17.6875;17.625;323;202;0;
3081;2023.05.02 16:15;4;17.75;17.75;17.625;323;202;0;
3082;2023.05.02 16:30;4;17.875;17.75;17.75;324;202;0;
3083;2023.05.02 16:45;4;18.1875;17.875;17.875;324;202;0;
3084;2023.05.02 17:00;4;18.3125;18;18.0625;325;202;0;
3085;2023.05.02 17:15;4;18.375;18.125;18.25;325;202;0;
3086;2023.05.02 17:30;4;18.4375;18.25;18.3125;326;202;0;
3087;2023.05.02 17:45;4;18.5;18.3125;18.4375;326;202;0;
3088;2023.05.02 18:00;4;18.625;18.375;18.5;326;202;0;
3089;2023.05.02 18:15;4;18.75;18.5;18.625;327;202;0;
3090;2023.05.02 18:30;4;18.875;18.5625;18.75;327;202;0;
3091;2023.05.02 18:45;4;18.9375;18.625;18.875;327;202;0;
3092;2023.05.02 19:00;4;19;18.75;18.9375;328;202;0;
3093;2023.05.02 19:15;4;19;18.75;19;328;202;0;
3094;2023.05.02 19:30;4;19;18.8125;19.0625;328;202;0;
3095;2023.05.02 19:45;4;19.0625;18.875;19.125;328;202;0;
3096;2023.05.02 20:00;4;19.125;18.9375;19.125;328;202;0;
3097;2023.05.02 20:15;4;19.125;19;19.25;329;202;0;
3098;2023.05.02 20:30;4;19.125;19;19.25;329;202;0;
3099;2023.05.02 20:45;4;19.25;19.0625;19.3125;329;202;0;
3100;2023.05.02 21:00;4;19.25;19.125;19.375;329;202;0;
3101;2023.05.02 21:15;4;19.3125;19.125;19.375;329;202;0;
3102;2023.05.02 21:30;4;19.4375;19.25;19.4375;330;202;0;
3103;2023.05.02 21:45;4;19.4375;19.25;19.5;330;202;0;
3104;2023.05.02 22:00;4;19.375;19.25;19.5;330;202;0;
3105;2023.05.02 22:15;4;19.5;19.3125;19.5;330;202;0;
3106;2023.05.02 22:30;4;19.5;19.375;19.5;330;202;0;
3107;2023.05.02 22:45;4;19.625;19.375;19.5625;330;202;0;
3108;2023.05.02 23:00;4;19.625;19.4375;19.625;330;202;0;
3109;2023.05.02 23:15;4;19.6875;19.5;19.625;331;202;0;
3110;2023.05.02 23:30;4;19.75;19.5;19.6875;331;202;0;
3111;2023.05.02 23:45;4;19.75;19.5625;19.75;331;202;0;
3112;2023.05.03 00:00;4;19.75;19.625;19.75;331;202;0;
3113;2023.05.03 00:15;4;19.8125;19.625;19.75;331;202;0;
3114;2023.05.03 00:30;4;19.875;19.625;19.8125;331;202;0;
3115;2023.05.03 00:45;4;19.8125;19.6875;19.875;331;202;0;
3116;2023.05.03 01:00;4;19.75;19.6875;19.75;331;202;0;
3117;2023.05.03 01:15;4;19.6875;19.625;19.75;331;202;0;
3118;2023.05.03 01:30;4;19.75;19.6875;19.75;331;202;0;
3119;2023.05.03 01:45;4;19.75;19.6875;19.75;331;202;0;
3120;2023.05.03 02:00;4;19.6875;19.75;19.8125;331;202;0;
3121;2023.05.03 02:15;4;19.6875;19.75;19.8125;331;202;0;
3122;2023.05.03 02:30;4;19.6875;19.75;19.8125;331;202;0;
3123;2023.05.03 02:45;4;19.625;19.75;19.8125;331;202;0;
3124;2023.05.03 03:00;4;19.625;19.75;19.8125;331;202;0;
3125;2023.05.03 03:15;4;19.625;19.75;19.8125;331;202;0;
3126;2023.05.03 03:30;4;19.625;19.75;19.8125;331;202;0;
3127;2023.05.03 03:45;4;19.625;19.75;19.8125;331;202;0;
3128;2023.05.03 04:00;4;19.625;19.75;19.8125;331;202;0;
3129;2023.05.03 04:15;4;19.625;19.75;19.875;331;202;0;
3130;2023.05.03 04:30;4;19.625;19.75;19.875;331;202;0;
3131;2023.05.03 04:45;4;19.625;19.75;19.875;331;202;0;
3132;2023.05.03 05:00;4;19.625;19.75;19.875;331;202;0;
3133;2023.05.03 05:15;4;19.625;19.75;19.875;331;202;0;
3134;2023.05.03 05:30;4;19.625;19.75;19.875;331;202;0;
3135;2023.05.03 05:45;4;19.6875;19.75;19.875;331;202;0;
3136;2023.05.03 06:00;4;19.625;19.75;19.875;331;202;0;
3137;2023.05.03 06:15;4;19.625;19.75;19.875;331;202;0;
3138;2023.05.03 06:30;4;19.6875;19.75;19.875;331;202;0;
3139;2023.05.03 06:45;4;19.6875;19.75;19.875;331;202;0;
3140;2023.05.03 07:00;4;19.6875;19.75;19.875;331;202;0;
3141;2023.05.03 07:15;4;19.6875;19.75;19.875;331;202;0;
3142;2023.05.03 07:30;4;19.6875;19.75;19.875;331;202;0;
3143;2023.05.03 07:45;4;19.6875;19.75;19.875;331;202;0;
3144;2023.05.03 08:00;4;19.75;19.8125;19.875;332;202;0;
3145;2023.05.03 08:15;4;19.8125;19.8125;19.875;332;202;0;
3146;2023.05.03 08:30;4;19.8125;19.875;19.9375;332;202;0;
3147;2023.05.03 08:45;4;19.75;19.875;19.9375;332;202;0;
3148;2023.05.03 09:00;4;19.75;19.875;19.9375;332;202;0;
3149;2023.05.03 09:15;4;19.75;19.875;19.9375;332;202;0;
3150;2023.05.03 09:30;4;19.75;19.875;19.9375;332;202;0;
3151;2023.05.03 09:45;4;19.75;19.875;19.875;332;202;0;
3152;2023.05.03 10:00;4;19.75;19.875;19.875;332;202;0;
3153;2023.05.03 10:15;4;19.75;19.875;19.875;332;202;0;
3154;2023.05.03 10:30;4;19.75;19.8125;19.875;331;202;0;
3155;2023.05.03 10:45;4;19.6875;19.8125;19.875;331;202;0;
3156;2023.05.03 11:00;4;19.6875;19.8125;19.875;331;202;0;
3157;2023.05.03 11:15;4;19.6875;19.75;19.875;331;202;0;
3158;2023.05.03 11:30;4;19.625;19.8125;19.875;331;202;0;
3159;2023.05.03 11:45;4;19.625;19.75;19.875;331;202;0;
3160;2023.05.03 12:00;4;19.625;19.75;19.875;331;202;0;
3161;2023.05.03 12:15;4;19.625;19.75;19.875;331;202;0;
3162;2023.05.03 12:30;4;19.6875;19.75;19.875;331;202;0;
3163;2023.05.03 12:45;4;19.625;19.75;19.875;331;202;0;
3164;2023.05.03 13:00;4;19.625;19.75;19.875;331;202;0;
3165;2023.05.03 13:15;4;19.625;19.75;19.875;331;202;0;
3166;2023.05.03 13:30;4;19.6875;19.75;19.875;331;202;0;
3167;2023.05.03 13:45;4;19.6875;19.75;19.875;331;202;0;
3168;2023.05.03 14:00;4;19.75;19.8125;19.875;331;202;0;
3169;2023.05.03 14:15;4;19.75;19.8125;19.875;331;202;0;
3170;2023.05.03 14:30;4;19.875;19.875;19.875;332;202;0;
3171;2023.05.03 14:45;4;19.5;19.75;19.75;331;202;0;
3172;2023.05.03 15:00;4;19.3125;19.5625;19.5;330;202;0;
3173;2023.05.03 15:15;4;19.125;19.4375;19.25;330;202;0;
3174;2023.05.03 15:30;4;19.125;19.375;19.125;329;202;0;
3175;2023.05.03 15:45;4;19.4375;19.4375;19.1875;330;202;0;
3176;2023.05.03 16:00;4;19.375;19.375;19.125;330;202;0;
3177;2023.05.03 16:15;4;19.25;19.3125;19;329;202;0;
3178;2023.05.03 16:30;4;19.25;19.25;18.9375;328;202;0;
3179;2023.05.03 16:45;4;19.375;19.25;18.875;328;202;0;
3180;2023.05.03 17:00;4;19.5;19.3125;19;328;202;0;
3181;2023.05.03 17:15;4;19.375;19.25;19;328;202;0;
3182;2023.05.03 17:30;4;19.25;19.25;18.875;327;202;0;
3183;2023.05.03 17:45;4;19.375;19.25;19;328;202;0;
3184;2023.05.03 18:00;4;19.375;19.25;19;328;202;0;
3185;2023.05.03 18:15;4;19.375;19.25;19;328;202;0;
3186;2023.05.03 18:30;4;19.375;19.25;19.0625;328;202;0;
3187;2023.05.03 18:45;4;19.375;19.25;19.125;328;202;0;
3188;2023.05.03 19:00;4;19.25;19.25;19.125;328;202;0;
3189;2023.05.03 19:15;4;19.1875;19.1875;19.125;327;202;0;
3190;2023.05.03 19:30;4;19.125;19.125;19;327;202;0;
3191;2023.05.03 19:45;4;19;19.125;19;327;202;0;
3192;2023.05.03 20:00;4;19.125;19.125;19;327;202;0;
3193;2023.05.03 20:15;4;19.25;19.125;19.0625;327;202;0;
3194;2023.05.03 20:30;4;19.375;19.25;19.125;328;202;0;
3195;2023.05.03 20:45;4;19.5;19.3125;19.25;328;202;0;
3196;2023.05.03 21:00;4;19.5;19.375;19.3125;328;202;0;
3197;2023.05.03 21:15;4;19.5625;19.375;19.375;328;202;0;
3198;2023.05.03 21:30;4;19.625;19.4375;19.4375;328;202;0;
3199;2023.05.03 21:45;4;19.75;19.5;19.5;328;202;0;
3200;2023.05.03 22:00;4;19.75;19.625;19.625;329;202;0;
3201;2023.05.03 22:15;4;19.8125;19.625;19.6875;329;202;0;
3202;2023.05.03 22:30;4;19.8125;19.6875;19.75;329;202;0;
3203;2023.05.03 22:45;4;19.875;19.75;19.75;329;202;0;
3204;2023.05.03 23:00;4;19.875;19.75;19.75;329;202;0;
3205;2023.05.03 23:15;4;19.875;19.75;19.75;329;202;0;
3206;2023.05.03 23:30;4;19.75;19.75;19.75;329;202;0;
3207;2023.05.03 23:45;4;19.875;19.75;19.75;329;202;0;
3208;2023.05.04 00:00;4;19.75;19.75;19.75;329;202;0;
3209;2023.05.04 00:15;4;19.75;19.75;19.6875;329;202;0;
3210;2023.05.04 00:30;4;19.6875;19.75;19.625;329;202;0;
3211;2023.05.04 00:45;4;19.625;19.6875;19.625;329;202;0;
3212;2023.05.04 01:00;4;19.625;19.6875;19.5625;329;202;0;
3213;2023.05.04 01:15;4;19.75;19.75;19.625;329;202;0;
3214;2023.05.04 01:30;4;19.75;19.75;19.6875;329;202;0;
3215;2023.05.04 01:45;4;19.75;19.75;19.75;329;202;0;
3216;2023.05.04 02:00;4;19.75;19.75;19.8125;329;202;0;
3217;2023.05.04 02:15;4;19.75;19.8125;19.875;329;202;0;
3218;2023.05.04 02:30;4;19.75;19.8125;19.875;329;202;0;
3219;2023.05.04 02:45;4;19.8125;19.875;19.875;329;202;0;
3220;2023.05.04 03:00;4;19.8125;19.875;19.875;329;202;0;
3221;2023.05.04 03:15;4;19.8125;19.875;19.875;329;202;0;
3222;2023.05.04 03:30;4;19.875;19.875;19.9375;329;202;0;
3223;2023.05.04 03:45;4;19.875;19.875;19.9375;330;202;0;
3224;2023.05.04 04:00;4;19.875;19.875;20;330;202;0;
3225;2023.05.04 04:15;4;19.875;19.875;20;330;202;0;
3226;2023.05.04 04:30;4;19.875;19.9375;20;330;202;0;
3227;2023.05.04 04:45;4;19.875;19.9375;20;330;202;0;
3228;2023.05.04 05:00;4;19.875;20;20;330;202;0;
3229;2023.05.04 05:15;4;19.875;20;20.0625;330;202;0;
3230;2023.05.04 05:30;4;19.9375;20;20.0625;330;202;0;
3231;2023.05.04 05:45;4;19.9375;20;20.0625;330;202;0;
3232;2023.05.04 06:00;4;19.9375;20;20.125;330;202;0;
3233;2023.05.04 06:15;4;19.9375;20;20.125;330;202;0;
3234;2023.05.04 06:30;4;20;20;20.125;330;202;0;
3235;2023.05.04 06:45;4;20;20;20.125;330;202;0;
3236;2023.05.04 07:00;4;20;20.0625;20.125;330;202;0;
3237;2023.05.04 07:15;4;20;20.0625;20.125;330;202;0;
3238;2023.05.04 07:30;4;20.125;20.125;20.1875;330;202;0;
3239;2023.05.04 07:45;4;20.125;20.125;20.25;330;202;0;
3240;2023.05.04 08:00;4;20.125;20.125;20.25;331;202;0;
3241;2023.05.04 08:15;4;20.125;20.125;20.25;331;202;0;
3242;2023.05.04 08:30;4;20.125;20.125;20.25;331;202;0;
3243;2023.05.04 08:45;4;20.125;20.1875;20.25;331;202;0;
3244;2023.05.04 09:00;4;20.1875;20.25;20.25;331;202;0;
3245;2023.05.04 09:15;4;20.1875;20.25;20.3125;331;202;0;
3246;2023.05.04 09:30;4;20.1875;20.25;20.3125;331;202;0;
3247;2023.05.04 09:45;4;20.25;20.25;20.3125;331;202;0;
3248;2023.05.04 10:00;4;20.25;20.25;20.375;331;202;0;
3249;2023.05.04 10:15;4;20.25;20.25;20.375;331;202;0;
3250;2023.05.04 10:30;4;20.25;20.25;20.375;331;202;0;
3251;2023.05.04 10:45;4;20.25;20.25;20.375;331;202;0;
3252;2023.05.04 11:00;4;20.25;20.25;20.375;331;202;0;
3253;2023.05.04 11:15;4;20.25;20.25;20.375;331;202;0;
3254;2023.05.04 11:30;4;20.25;20.25;20.375;331;202;0;
3255;2023.05.04 11:45;4;20.25;20.3125;20.375;331;202;0;
3256;2023.05.04 12:00;4;20.25;20.3125;20.375;331;202;0;
3257;2023.05.04 12:15;4;20.25;20.3125;20.375;331;202;0;
3258;2023.05.04 12:30;4;20.25;20.3125;20.375;331;202;0;
3259;2023.05.04 12:45;4;20.25;20.375;20.375;331;202;0;
3260;2023.05.04 13:00;4;20.25;20.375;20.375;331;202;0;
3261;2023.05.04 13:15;4;20.25;20.375;20.375;331;202;0;
3262;2023.05.04 13:30;4;20.25;20.375;20.375;331;202;0;
3263;2023.05.04 13:45;4;20.25;20.375;20.375;331;202;0;
3264;2023.05.04 14:00;4;20.25;20.375;20.375;331;202;0;
3265;2023.05.04 14:15;4;20;20.25;20.1875;331;202;0;
3266;2023.05.04 14:30;4;19.6875;20.0625;19.875;330;202;0;
3267;2023.05.04 14:45;4;19.5;19.875;19.625;329;202;0;
3268;2023.05.04 15:00;4;19.375;19.75;19.4375;329;202;0;
3269;2023.05.04 15:15;4;19.25;19.625;19.25;328;202;0;
3270;2023.05.04 15:30;4;19.375;19.625;19.25;328;202;0;
3271;2023.05.04 15:45;4;19.25;19.5;19.125;328;202;0;
3272;2023.05.04 16:00;4;19.125;19.375;18.9375;327;202;0;
3273;2023.05.04 16:15;4;19;19.3125;18.75;327;202;0;
3274;2023.05.04 16:30;4;19;19.25;18.625;327;202;0;
3275;2023.05.04 16:45;4;18.875;19.125;18.5625;326;202;0;
3276;2023.05.04 17:00;4;19.25;19.1875;18.6875;327;202;0;
3277;2023.05.04 17:15;4;19.1875;19.1875;18.75;327;202;0;
3278;2023.05.04 17:30;4;19;19.125;18.625;326;202;0;
3279;2023.05.04 17:45;4;19.125;19.125;18.625;326;202;0;
3280;2023.05.04 18:00;4;19.1875;19.0625;18.625;326;202;0;
3281;2023.05.04 18:15;4;19.375;19.125;18.875;327;202;0;
3282;2023.05.04 18:30;4;19.5;19.25;19;327;202;0;
3283;2023.05.04 18:45;4;19.5;19.375;19.125;328;202;0;
3284;2023.05.04 19:00;4;19.5625;19.375;19.25;328;202;0;
3285;2023.05.04 19:15;4;19.5625;19.375;19.3125;328;202;0;
3286;2023.05.04 19:30;4;19.5625;19.4375;19.375;328;202;0;
3287;2023.05.04 19:45;4;19.5625;19.5;19.4375;328;202;0;
3288;2023.05.04 20:00;4;19.625;19.5;19.5;328;202;0;
3289;2023.05.04 20:15;4;19.6875;19.5;19.5;328;202;0;
3290;2023.05.04 20:30;4;19.75;19.625;19.625;329;202;0;
3291;2023.05.04 20:45;4;19.625;19.625;19.5625;328;202;0;
3292;2023.05.04 21:00;4;19.375;19.5;19.4375;328;202;0;
3293;2023.05.04 21:15;4;19.25;19.375;19.3125;327;202;0;
3294;2023.05.04 21:30;4;19.125;19.3125;19.1875;327;202;0;
3295;2023.05.04 21:45;4;19.125;19.25;19.1875;327;202;0;
3296;2023.05.04 22:00;4;19.125;19.25;19.1875;327;202;0;
3297;2023.05.04 22:15;4;19.125;19.25;19.125;327;202;0;
3298;2023.05.04 22:30;4;19;19.1875;19.125;326;202;0;
3299;2023.05.04 22:45;4;18.875;19.125;19.0625;326;202;0;
3300;2023.05.04 23:00;4;18.875;19.0625;19;326;202;0;
3301;2023.05.04 23:15;4;18.8125;19;19;326;202;0;
3302;2023.05.04 23:30;4;18.75;19;18.9375;325;202;0;
3303;2023.05.04 23:45;4;18.75;18.9375;18.875;325;202;0;
3304;2023.05.05 00:00;4;18.625;18.875;18.75;325;202;0;
3305;2023.05.05 00:15;4;18.625;18.875;18.75;325;202;0;
3306;2023.05.05 00:30;4;18.625;18.8125;18.6875;324;202;0;
3307;2023.05.05 00:45;4;18.5625;18.75;18.625;325;202;0;
3308;2023.05.05 01:00;4;18.5625;18.75;18.625;325;202;0;
3309;2023.05.05 01:15;4;18.5;18.75;18.625;325;202;0;
3310;2023.05.05 01:30;4;18.5;18.6875;18.5625;325;202;0;
3311;2023.05.05 01:45;4;18.375;18.625;18.5;324;202;0;
3312;2023.05.05 02:00;4;18.375;18.625;18.4375;324;202;0;
3313;2023.05.05 02:15;4;18.3125;18.625;18.375;324;202;0;
3314;2023.05.05 02:30;4;18.25;18.5;18.375;324;202;0;
3315;2023.05.05 02:45;4;18.25;18.5;18.375;324;202;0;
3316;2023.05.05 03:00;4;18.1875;18.5;18.375;324;202;0;
3317;2023.05.05 03:15;4;18.125;18.4375;18.3125;323;202;0;
3318;2023.05.05 03:30;4;18.125;18.375;18.25;323;202;0;
3319;2023.05.05 03:45;4;18.0625;18.375;18.25;323;202;0;
3320;2023.05.05 04:00;4;18;18.3125;18.25;323;202;0;
3321;2023.05.05 04:15;4;18;18.25;18.1875;323;202;0;
3322;2023.05.05 04:30;4;18;18.25;18.125;323;202;0;
3323;2023.05.05 04:45;4;17.9375;18.25;18.125;323;202;0;
3324;2023.05.05 05:00;4;17.875;18.1875;18.125;322;202;0;
3325;2023.05.05 05:15;4;17.875;18.125;18.125;322;202;0;
3326;2023.05.05 05:30;4;17.875;18.125;18.125;322;202;0;
3327;2023.05.05 05:45;4;17.875;18.125;18.0625;322;202;0;
3328;2023.05.05 06:00;4;17.875;18.125;18;322;202;0;
3329;2023.05.05 06:15;4;17.8125;18.0625;18;322;202;0;
3330;2023.05.05 06:30;4;17.75;18;18;322;202;0;
3331;2023.05.05 06:45;4;17.75;18;18;322;202;0;
3332;2023.05.05 07:00;4;17.75;18;18;322;202;0;
3333;2023.05.05 07:15;4;17.75;18;18;322;202;0;
3334;2023.05.05 07:30;4;17.75;18;17.9375;322;202;0;
3335;2023.05.05 07:45;4;17.75;17.9375;17.9375;322;202;0;
3336;2023.05.05 08:00;4;17.6875;17.9375;17.875;321;202;0;
3337;2023.05.05 08:15;4;17.6875;17.875;17.875;321;202;0;
3338;2023.05.05 08:30;4;17.625;17.875;17.875;321;202;0;
3339;2023.05.05 08:45;4;17.625;17.875;17.875;321;202;0;
3340;2023.05.05 09:00;4;17.625;17.875;17.875;321;202;0;
3341;2023.05.05 09:15;4;17.625;17.875;17.875;321;202;0;
3342;2023.05.05 09:30;4;17.625;17.8125;17.875;321;202;0;
3343;2023.05.05 09:45;4;17.625;17.8125;17.8125;321;202;0;
3344;2023.05.05 10:00;4;17.625;17.8125;17.8125;321;202;0;
3345;2023.05.05 10:15;4;17.5625;17.75;17.8125;321;202;0;
3346;2023.05.05 10:30;4;17.5625;17.75;17.8125;321;202;0;
3347;2023.05.05 10:45;4;17.5625;17.75;17.75;321;202;0;
3348;2023.05.05 11:00;4;17.5;17.75;17.75;321;202;0;
3349;2023.05.05 11:15;4;17.5;17.75;17.75;321;202;0;
3350;2023.05.05 11:30;4;17.5;17.75;17.75;321;202;0;
3351;2023.05.05 11:45;4;17.5;17.75;17.75;321;202;0;
3352;2023.05.05 12:00;4;17.5;17.6875;17.75;321;202;0;
3353;2023.05.05 12:15;4;17.5;17.6875;17.75;321;202;0;
3354;2023.05.05 12:30;4;17.4375;17.625;17.6875;321;202;0;
3355;2023.05.05 12:45;4;17.4375;17.625;17.6875;320;202;0;
3356;2023.05.05 13:00;4;17.375;17.625;17.6875;320;202;0;
3357;2023.05.05 13:15;4;17.375;17.625;17.625;320;202;0;
3358;2023.05.05 13:30;4;17.375;17.625;17.625;320;202;0;
3359;2023.05.05 13:45;4;17.375;17.625;17.625;320;202;0;
3360;2023.05.05 14:00;4;17.375;17.625;17.625;320;202;0;
3361;2023.05.05 14:15;4;17.375;17.5625;17.625;320;202;0;
3362;2023.05.05 14:30;4;17.375;17.5625;17.625;320;202;0;
3363;2023.05.05 14:45;4;17.375;17.5625;17.625;320;202;0;
3364;2023.05.05 15:00;4;17.375;17.5;17.5625;320;202;0;
3365;2023.05.05 15:15;4;17.375;17.5;17.5625;320;202;0;
3366;2023.05.05 15:30;4;17.4375;17.5625;17.625;320;202;0;
3367;2023.05.05 15:45;4;17.5;17.625;17.625;321;202;0;
3368;2023.05.05 16:00;4;17.5;17.625;17.625;321;202;0;
3369;2023.05.05 16:15;4;17.5;17.625;17.6875;321;202;0;
3370;2023.05.05 16:30;4;17.5;17.625;17.6875;321;202;0;
3371;2023.05.05 16:45;4;17.5;17.625;17.625;321;202;0;
3372;2023.05.05 17:00;4;17.5;17.625;17.625;321;202;0;
3373;2023.05.05 17:15;4;17.5;17.625;17.625;321;202;0;
3374;2023.05.05 17:30;4;17.5;17.625;17.5625;321;202;0;
3375;2023.05.05 17:45;4;17.5;17.625;17.625;321;202;0;
3376;2023.05.05 18:00;4;17.5625;17.625;17.625;321;202;0;
3377;2023.05.05 18:15;4;17.5625;17.625;17.625;321;202;0;
3378;2023.05.05 18:30;4;17.5625;17.625;17.6875;321;202;0;
3379;2023.05.05 18:45;4;17.5625;17.625;17.6875;321;202;0;
3380;2023.05.05 19:00;4;17.6875;17.625;17.75;321;202;0;
3381;2023.05.05 19:15;4;17.6875;17.6875;17.75;321;202;0;
3382;2023.05.05 19:30;4;17.75;17.75;17.75;321;202;0;
3383;2023.05.05 19:45;4;17.75;17.75;17.8125;321;202;0;
3384;2023.05.05 20:00;4;17.6875;17.75;17.8125;322;202;0;
3385;2023.05.05 20:15;4;17.8125;17.75;17.875;322;202;0;
3386;2023.05.05 20:30;4;18;17.875;18;322;202;0;
3387;2023.05.05 20:45;4;18.125;17.9375;18.0625;323;202;0;
3388;2023.05.05 21:00;4;18.25;18.0625;18.1875;323;202;0;
3389;2023.05.05 21:15;4;18.375;18.125;18.25;323;202;0;
3390;2023.05.05 21:30;4;18.4375;18.25;18.375;324;202;0;
3391;2023.05.05 21:45;4;18.5;18.3125;18.5;324;202;0;
3392;2023.05.05 22:00;4;18.5625;18.375;18.5625;324;202;0;
3393;2023.05.05 22:15;4;18.625;18.5;18.625;325;202;0;
3394;2023.05.05 22:30;4;18.6875;18.5;18.75;325;202;0;
3395;2023.05.05 22:45;4;18.75;18.625;18.75;325;202;0;
3396;2023.05.05 23:00;4;18.875;18.625;18.875;326;202;0;
3397;2023.05.05 23:15;4;19;18.75;18.9375;326;202;0;
3398;2023.05.05 23:30;4;19;18.8125;19;326;202;0;
3399;2023.05.05 23:45;4;19.125;18.875;19.125;327;202;0;
3400;2023.05.06 00:00;4;19.125;18.9375;19.125;327;202;0;
3401;2023.05.06 00:15;4;19.25;19;19.25;328;202;0;
3402;2023.05.06 00:30;4;19.1875;19;19.25;328;202;0;
3403;2023.05.06 00:45;4;19.125;19;19.25;328;202;0;
3404;2023.05.06 01:00;4;19;19;19.1875;327;202;0;
3405;2023.05.06 01:15;4;18.9375;19;19.125;327;202;0;
3406;2023.05.06 01:30;4;18.875;19;19.125;327;202;0;
3407;2023.05.06 01:45;4;18.875;18.9375;19;327;202;0;
3408;2023.05.06 02:00;4;18.8125;18.875;19;327;202;0;
3409;2023.05.06 02:15;4;18.75;18.875;18.875;327;202;0;
3410;2023.05.06 02:30;4;18.625;18.8125;18.875;326;202;0;
3411;2023.05.06 02:45;4;18.5625;18.75;18.75;326;202;0;
3412;2023.05.06 03:00;4;18.5;18.75;18.75;326;202;0;
3413;2023.05.06 03:15;4;18.4375;18.6875;18.6875;326;202;0;
3414;2023.05.06 03:30;4;18.375;18.625;18.625;325;202;0;
3415;2023.05.06 03:45;4;18.3125;18.625;18.5625;325;202;0;
3416;2023.05.06 04:00;4;18.25;18.5625;18.5;325;202;0;
3417;2023.05.06 04:15;4;18.25;18.5;18.5;325;202;0;
3418;2023.05.06 04:30;4;18.125;18.5;18.4375;325;202;0;
3419;2023.05.06 04:45;4;18.125;18.375;18.375;324;202;0;
3420;2023.05.06 05:00;4;18.125;18.375;18.375;324;202;0;
3421;2023.05.06 05:15;4;18;18.375;18.25;324;202;0;
3422;2023.05.06 05:30;4;18;18.3125;18.25;324;202;0;
3423;2023.05.06 05:45;4;18;18.25;18.25;324;202;0;
3424;2023.05.06 06:00;4;17.875;18.25;18.125;324;202;0;
3425;2023.05.06 06:15;4;17.875;18.1875;18.125;323;202;0;
3426;2023.05.06 06:30;4;17.875;18.125;18.125;323;202;0;
3427;2023.05.06 06:45;4;17.8125;18.125;18.0625;323;202;0;
3428;2023.05.06 07:00;4;17.75;18.0625;18;323;202;0;
3429;2023.05.06 07:15;4;17.75;18;18;323;202;0;
3430;2023.05.06 07:30;4;17.75;18;18;323;202;0;
3431;2023.05.06 07:45;4;17.6875;18;17.9375;322;202;0;
3432;2023.05.06 08:00;4;17.625;17.9375;17.875;322;202;0;
3433;2023.05.06 08:15;4;17.625;17.875;17.875;322;202;0;
3434;2023.05.06 08:30;4;17.625;17.875;17.875;322;202;0;
3435;2023.05.06 08:45;4;17.5625;17.875;17.8125;322;202;0;
3436;2023.05.06 09:00;4;17.5;17.8125;17.75;322;202;0;
3437;2023.05.06 09:15;4;17.5;17.75;17.75;322;202;0;
3438;2023.05.06 09:30;4;17.5;17.75;17.75;322;202;0;
3439;2023.05.06 09:45;4;17.4375;17.75;17.6875;321;202;0;
3440;2023.05.06 10:00;4;17.4375;17.6875;17.6875;321;202;0;
3441;2023.05.06 10:15;4;17.375;17.625;17.625;321;202;0;
3442;2023.05.06 10:30;4;17.375;17.625;17.625;321;202;0;
3443;2023.05.06 10:45;4;17.375;17.625;17.625;321;202;0;
3444;2023.05.06 11:00;4;17.375;17.625;17.625;321;202;0;
3445;2023.05.06 11:15;4;17.3125;17.5625;17.5625;321;202;0;
3446;2023.05.06 11:30;4;17.3125;17.5625;17.5625;321;202;0;
3447;2023.05.06 11:45;4;17.25;17.5;17.5;321;202;0;
3448;2023.05.06 12:00;4;17.25;17.5;17.5;321;202;0;
3449;2023.05.06 12:15;4;17.25;17.5;17.5;321;202;0;
3450;2023.05.06 12:30;4;17.25;17.5;17.5;320;202;0;
3451;2023.05.06 12:45;4;17.1875;17.4375;17.5;320;202;0;
3452;2023.05.06 13:00;4;17.1875;17.375;17.4375;320;202;0;
3453;2023.05.06 13:15;4;17.125;17.375;17.375;320;202;0;
3454;2023.05.06 13:30;4;17.125;17.375;17.375;320;202;0;
3455;2023.05.06 13:45;4;17.125;17.375;17.375;320;202;0;
3456;2023.05.06 14:00;4;17.125;17.375;17.375;320;202;0;
3457;2023.05.06 14:15;4;17.125;17.3125;17.375;320;202;0;
3458;2023.05.06 14:30;4;17.125;17.3125;17.3125;320;202;0;
3459;2023.05.06 14:45;4;17.125;17.25;17.3125;320;202;0;
3460;2023.05.06 15:00;4;17.125;17.25;17.3125;320;202;0;
3461;2023.05.06 15:15;4;17.125;17.25;17.3125;320;202;0;
3462;2023.05.06 15:30;4;17.125;17.25;17.3125;320;202;0;
3463;2023.05.06 15:45;4;17.125;17.25;17.375;320;202;0;
3464;2023.05.06 16:00;4;17.1875;17.25;17.375;320;202;0;
3465;2023.05.06 16:15;4;17.25;17.3125;17.375;320;202;0;
3466;2023.05.06 16:30;4;17.4375;17.375;17.4375;320;202;0;
3467;2023.05.06 16:45;4;17.5625;17.4375;17.5;321;202;0;
3468;2023.05.06 17:00;4;17.75;17.5;17.625;321;202;0;
3469;2023.05.06 17:15;4;17.875;17.625;17.6875;322;202;0;
3470;2023.05.06 17:30;4;18;17.6875;17.75;322;202;0;
3471;2023.05.06 17:45;4;18;17.75;17.875;322;202;0;
3472;2023.05.06 18:00;4;18.0625;17.8125;17.9375;323;202;0;
3473;2023.05.06 18:15;4;18.125;17.875;18;323;202;0;
3474;2023.05.06 18:30;4;18.125;17.875;18;323;202;0;
3475;2023.05.06 18:45;4;18.125;17.9375;18.0625;323;202;0;
3476;2023.05.06 19:00;4;18.125;18;18.125;323;202;0;
3477;2023.05.06 19:15;4;18.125;18;18.125;323;202;0;
3478;2023.05.06 19:30;4;18.125;18;18.125;323;202;0;
3479;2023.05.06 19:45;4;18.125;18;18.125;323;202;0;
3480;2023.05.06 20:00;4;18.125;18.0625;18.1875;324;202;0;
3481;2023.05.06 20:15;4;18.125;18.125;18.1875;324;202;0;
3482;2023.05.06 20:30;4;18.1875;18.125;18.25;324;202;0;
3483;2023.05.06 20:45;4;18.1875;18.125;18.25;324;202;0;
3484;2023.05.06 21:00;4;18.1875;18.125;18.25;324;202;0;
3485;2023.05.06 21:15;4;18.1875;18.1875;18.25;324;202;0;
3486;2023.05.06 21:30;4;18.1875;18.1875;18.25;324;202;0;
3487;2023.05.06 21:45;4;18.1875;18.1875;18.25;324;202;0;
3488;2023.05.06 22:00;4;18.1875;18.25;18.3125;324;202;0;
3489;2023.05.06 22:15;4;18.1875;18.25;18.3125;324;202;0;
3490;2023.05.06 22:30;4;18.1875;18.25;18.3125;324;202;0;
3491;2023.05.06 22:45;4;18.1875;18.25;18.3125;324;202;0;
3492;2023.05.06 23:00;4;18.1875;18.25;18.375;324;202;0;
3493;2023.05.06 23:15;4;18.1875;18.25;18.375;324;202;0;
3494;2023.05.06 23:30;4;18.125;18.25;18.375;324;202;0;
3495;2023.05.06 23:45;4;18.125;18.25;18.375;324;202;0;
3496;2023.05.07 00:00;4;18.125;18.25;18.375;324;202;0;
3497;2023.05.07 00:15;4;18.125;18.25;18.375;324;202;0;
3498;2023.05.07 00:30;4;18.125;18.25;18.3125;324;202;0;
3499;2023.05.07 00:45;4;18.125;18.25;18.3125;324;202;0;
3500;2023.05.07 01:00;4;18.125;18.25;18.3125;324;202;0;
3501;2023.05.07 01:15;4;18.125;18.25;18.3125;324;202;0;
3502;2023.05.07 01:30;4;18.0625;18.25;18.25;324;202;0;
3503;2023.05.07 01:45;4;18.0625;18.25;18.25;324;202;0;
3504;2023.05.07 02:00;4;18.0625;18.1875;18.25;324;202;0;
3505;2023.05.07 02:15;4;18;18.1875;18.25;324;202;0;
3506;2023.05.07 02:30;4;18;18.1875;18.25;324;202;0;
3507;2023.05.07 02:45;4;18;18.1875;18.25;324;202;0;
3508;2023.05.07 03:00;4;18;18.1875;18.25;323;202;0;
3509;2023.05.07 03:15;4;18;18.125;18.25;323;202;0;
3510;2023.05.07 03:30;4;18;18.125;18.25;323;202;0;
3511;2023.05.07 03:45;4;18;18.125;18.25;323;202;0;
3512;2023.05.07 04:00;4;17.9375;18.125;18.25;323;202;0;
3513;2023.05.07 04:15;4;17.9375;18.125;18.25;323;202;0;
3514;2023.05.07 04:30;4;17.875;18.125;18.1875;323;202;0;
3515;2023.05.07 04:45;4;17.875;18.125;18.1875;323;202;0;
3516;2023.05.07 05:00;4;17.875;18.125;18.125;323;202;0;
3517;2023.05.07 05:15;4;17.875;18.125;18.125;323;202;0;
3518;2023.05.07 05:30;4;17.875;18.0625;18.125;323;202;0;
3519;2023.05.07 05:45;4;17.875;18.0625;18.125;323;202;0;
3520;2023.05.07 06:00;4;17.8125;18;18.125;323;202;0;
3521;2023.05.07 06:15;4;17.75;18;18.125;323;202;0;
3522;2023.05.07 06:30;4;17.75;18;18.0625;323;202;0;
3523;2023.05.07 06:45;4;17.75;18;18.0625;323;202;0;
3524;2023.05.07 07:00;4;17.75;18;18;323;202;0;
3525;2023.05.07 07:15;4;17.75;18;18;323;202;0;
3526;2023.05.07 07:30;4;17.75;17.9375;18;323;202;0;
3527;2023.05.07 07:45;4;17.6875;17.9375;18;323;202;0;
3528;2023.05.07 08:00;4;17.6875;17.875;18;323;202;0;
3529;2023.05.07 08:15;4;17.625;17.875;17.9375;323;202;0;
3530;2023.05.07 08:30;4;17.625;17.875;17.875;322;202;0;
3531;2023.05.07 08:45;4;17.625;17.875;17.875;322;202;0;
3532;2023.05.07 09:00;4;17.625;17.875;17.875;322;202;0;
3533;2023.05.07 09:15;4;17.5625;17.8125;17.875;322;202;0;
3534;2023.05.07 09:30;4;17.5625;17.75;17.875;322;202;0;
3535;2023.05.07 09:45;4;17.5;17.75;17.8125;322;202;0;
3536;2023.05.07 10:00;4;17.5;17.75;17.8125;322;202;0;
3537;2023.05.07 10:15;4;17.5;17.75;17.75;322;202;0;
3538;2023.05.07 10:30;4;17.5;17.75;17.75;322;202;0;
3539;2023.05.07 10:45;4;17.5;17.75;17.75;322;202;0;
3540;2023.05.07 11:00;4;17.5;17.6875;17.75;322;202;0;
3541;2023.05.07 11:15;4;17.4375;17.6875;17.75;322;202;0;
3542;2023.05.07 11:30;4;17.4375;17.625;17.75;322;202;0;
3543;2023.05.07 11:45;4;17.4375;17.625;17.6875;322;202;0;
3544;2023.05.07 12:00;4;17.375;17.625;17.6875;322;202;0;
3545;2023.05.07 12:15;4;17.375;17.625;17.625;321;202;0;
3546;2023.05.07 12:30;4;17.375;17.625;17.625;321;202;0;
3547;2023.05.07 12:45;4;17.375;17.625;17.625;321;202;0;
3548;2023.05.07 13:00;4;17.375;17.5625;17.625;321;202;0;
3549;2023.05.07 13:15;4;17.3125;17.5;17.625;321;202;0;
3550;2023.05.07 13:30;4;17.3125;17.5;17.5625;321;202;0;
3551;2023.05.07 13:45;4;17.3125;17.5;17.5625;321;202;0;
3552;2023.05.07 14:00;4;17.25;17.5;17.5;321;202;0;
3553;2023.05.07 14:15;4;17.25;17.5;17.5;321;202;0;
3554;2023.05.07 14:30;4;17.25;17.5;17.5;321;202;0;
3555;2023.05.07 14:45;4;17.25;17.5;17.5;321;202;0;
3556;2023.05.07 15:00;4;17.25;17.5;17.5;321;202;0;
3557;2023.05.07 15:15;4;17.25;17.4375;17.5;321;202;0;
3558;2023.05.07 15:30;4;17.3125;17.4375;17.5;321;202;0;
3559;2023.05.07 15:45;4;17.375;17.5;17.5;321;202;0;
3560;2023.05.07 16:00;4;17.375;17.5;17.5;321;202;0;
3561;2023.05.07 16:15;4;17.5;17.5;17.5625;321;202;0;
3562;2023.05.07 16:30;4;17.625;17.5625;17.625;322;202;0;
3563;2023.05.07 16:45;4;17.75;17.625;17.75;322;202;0;
3564;2023.05.07 17:00;4;17.875;17.6875;17.75;322;202;0;
3565;2023.05.07 17:15;4;18;17.75;17.875;323;202;0;
3566;2023.05.07 17:30;4;18.0625;17.875;17.9375;323;202;0;
3567;2023.05.07 17:45;4;18.0625;17.875;18;323;202;0;
3568;2023.05.07 18:00;4;18.125;17.9375;18.0625;323;202;0;
3569;2023.05.07 18:15;4;18.1875;18;18.125;324;202;0;
3570;2023.05.07 18:30;4;18.1875;18;18.125;324;202;0;
3571;2023.05.07 18:45;4;18.25;18.0625;18.25;324;202;0;
3572;2023.05.07 19:00;4;18.25;18.125;18.25;324;202;0;
3573;2023.05.07 19:15;4;18.25;18.125;18.25;324;202;0;
3574;2023.05.07 19:30;4;18.25;18.1875;18.3125;324;202;0;
3575;2023.05.07 19:45;4;18.25;18.1875;18.375;324;202;0;
3576;2023.05.07 20:00;4;18.3125;18.25;18.375;325;202;0;
3577;2023.05.07 20:15;4;18.3125;18.25;18.375;325;202;0;
3578;2023.05.07 20:30;4;18.375;18.25;18.375;325;202;0;
3579;2023.05.07 20:45;4;18.375;18.3125;18.4375;325;202;0;
3580;2023.05.07 21:00;4;18.375;18.375;18.4375;325;202;0;
3581;2023.05.07 21:15;4;18.375;18.375;18.5;325;202;0;
3582;2023.05.07 21:30;4;18.4375;18.375;18.5;325;202;0;
3583;2023.05.07 21:45;4;18.4375;18.375;18.5;325;202;0;
3584;2023.05.07 22:00;4;18.4375;18.4375;18.5625;325;202;0;
3585;2023.05.07 22:15;4;18.4375;18.4375;18.5625;325;202;0;
3586;2023.05.07 22:30;4;18.4375;18.5;18.625;325;202;0;
3587;2023.05.07 22:45;4;18.5;18.5;18.625;326;202;0;
3588;2023.05.07 23:00;4;18.5;18.5;18.625;326;202;0;
3589;2023.05.07 23:15;4;18.5;18.5;18.625;326;202;0;
3590;2023.05.07 23:30;4;18.5;18.5;18.625;326;202;0;
3591;2023.05.07 23:45;4;18.5;18.5;18.625;326;202;0;
3592;2023.05.08 00:00;4;18.5;18.5;18.625;326;202;0;
3593;2023.05.08 00:15;4;18.5;18.5;18.625;326;202;0;
3594;2023.05.08 00:30;4;18.5;18.5;18.625;326;202;0;
3595;2023.05.08 00:45;4;18.4375;18.5625;18.625;326;202;0;
3596;2023.05.08 01:00;4;18.4375;18.5;18.625;326;202;0;
3597;2023.05.08 01:15;4;18.4375;18.5;18.625;326;202;0;
3598;2023.05.08 01:30;4;18.375;18.5;18.625;326;202;0;
3599;2023.05.08 01:45;4;18.375;18.5;18.625;325;202;0;
3600;2023.05.08 02:00;4;18.375;18.5;18.625;325;202;0;
3601;2023.05.08 02:15;4;18.375;18.5;18.625;325;202;0;
3602;2023.05.08 02:30;4;18.375;18.5;18.625;325;202;0;
3603;2023.05.08 02:45;4;18.3125;18.5;18.625;325;202;0;
3604;2023.05.08 03:00;4;18.3125;18.5;18.5625;325;202;0;
3605;2023.05.08 03:15;4;18.25;18.5;18.5625;325;202;0;
3606;2023.05.08 03:30;4;18.25;18.5;18.5625;325;202;0;
3607;2023.05.08 03:45;4;18.25;18.4375;18.5;325;202;0;
3608;2023.05.08 04:00;4;18.25;18.4375;18.5;325;202;0;
3609;2023.05.08 04:15;4;18.1875;18.4375;18.5;325;202;0;
3610;2023.05.08 04:30;4;18.1875;18.375;18.5;325;202;0;
3611;2023.05.08 04:45;4;18.125;18.375;18.4375;325;202;0;
3612;2023.05.08 05:00;4;18.125;18.375;18.4375;325;202;0;
3613;2023.05.08 05:15;4;18.125;18.375;18.375;325;202;0;
3614;2023.05.08 05:30;4;18.125;18.3125;18.375;325;202;0;
3615;2023.05.08 05:45;4;18.0625;18.25;18.375;325;202;0;
3616;2023.05.08 06:00;4;18;18.25;18.375;324;202;0;
3617;2023.05.08 06:15;4;18;18.25;18.3125;324;202;0;
3618;2023.05.08 06:30;4;18;18.25;18.3125;324;202;0;
3619;2023.05.08 06:45;4;18;18.25;18.25;324;202;0;
3620;2023.05.08 07:00;4;18;18.25;18.25;324;202;0;
3621;2023.05.08 07:15;4;17.9375;18.1875;18.25;324;202;0;
3622;2023.05.08 07:30;4;17.875;18.125;18.25;324;202;0;
3623;2023.05.08 07:45;4;17.875;18.125;18.1875;324;202;0;
3624;2023.05.08 08:00;4;17.875;18.125;18.1875;324;202;0;
3625;2023.05.08 08:15;4;17.875;18.125;18.125;324;202;0;
3626;2023.05.08 08:30;4;17.875;18.125;18.125;324;202;0;
3627;2023.05.08 08:45;4;17.875;18.0625;18.125;324;202;0;
3628;2023.05.08 09:00;4;17.8125;18.0625;18.125;324;202;0;
3629;2023.05.08 09:15;4;17.8125;18;18.125;324;202;0;
3630;2023.05.08 09:30;4;17.75;18;18.0625;323;202;0;
3631;2023.05.08 09:45;4;17.75;18;18;323;202;0;
3632;2023.05.08 10:00;4;17.75;18;18;323;202;0;
3633;2023.05.08 10:15;4;17.75;18;18;323;202;0;
3634;2023.05.08 10:30;4;17.6875;17.9375;18;323;202;0;
3635;2023.05.08 10:45;4;17.6875;17.9375;18;323;202;0;
3636;2023.05.08 11:00;4;17.625;17.875;17.9375;323;202;0;
3637;2023.05.08 11:15;4;17.625;17.875;17.9375;323;202;0;
3638;2023.05.08 11:30;4;17.625;17.875;17.875;323;202;0;
3639;2023.05.08 11:45;4;17.625;17.875;17.875;323;202;0;
3640;2023.05.08 12:00;4;17.625;17.875;17.875;323;202;0;
3641;2023.05.08 12:15;4;17.625;17.8125;17.875;323;202;0;
3642;2023.05.08 12:30;4;17.5625;17.8125;17.875;323;202;0;
3643;2023.05.08 12:45;4;17.5625;17.75;17.8125;323;202;0;
3644;2023.05.08 13:00;4;17.5625;17.75;17.8125;323;202;0;
3645;2023.05.08 13:15;4;17.5;17.75;17.8125;323;202;0;
3646;2023.05.08 13:30;4;17.5;17.75;17.75;322;202;0;
3647;2023.05.08 13:45;4;17.5;17.75;17.75;322;202;0;
3648;2023.05.08 14:00;4;17.5;17.75;17.75;322;202;0;
3649;2023.05.08 14:15;4;17.5;17.6875;17.75;322;202;0;
3650;2023.05.08 14:30;4;17.5;17.6875;17.75;322;202;0;
3651;2023.05.08 14:45;4;17.5625;17.6875;17.75;322;202;0;
3652;2023.05.08 15:00;4;17.625;17.75;17.75;322;202;0;
3653;2023.05.08 15:15;4;17.625;17.75;17.75;323;202;0;
3654;2023.05.08 15:30;4;17.625;17.75;17.75;323;202;0;
3655;2023.05.08 15:45;4;17.625;17.75;17.8125;323;202;0;
3656;2023.05.08 16:00;4;17.6875;17.75;17.8125;323;202;0;
3657;2023.05.08 16:15;4;17.75;17.75;17.875;323;202;0;
3658;2023.05.08 16:30;4;17.875;17.8125;17.875;323;202;0;
3659;2023.05.08 16:45;4;18;17.875;18;323;202;0;
3660;2023.05.08 17:00;4;18.125;17.9375;18;324;202;0;
3661;2023.05.08 17:15;4;18.25;18;18.125;324;202;0;
3662;2023.05.08 17:30;4;18.4375;18.125;18.25;325;202;0;
3663;2023.05.08 17:45;4;18.5625;18.1875;18.25;325;202;0;
3664;2023.05.08 18:00;4;18.625;18.25;18.375;326;202;0;
3665;2023.05.08 18:15;4;18.75;18.375;18.5;326;202;0;
3666;2023.05.08 18:30;4;18.75;18.4375;18.5625;326;202;0;
3667;2023.05.08 18:45;4;18.75;18.5;18.625;326;202;0;
3668;2023.05.08 19:00;4;18.875;18.5625;18.6875;327;202;0;
3669;2023.05.08 19:15;4;18.875;18.625;18.75;327;202;0;
3670;2023.05.08 19:30;4;19;18.6875;18.8125;327;202;0;
3671;2023.05.08 19:45;4;19;18.75;18.875;327;202;0;
3672;2023.05.08 20:00;4;19.0625;18.8125;18.875;328;202;0;
3673;2023.05.08 20:15;4;19.125;18.875;19;328;202;0;
3674;2023.05.08 20:30;4;19.125;18.875;19;328;202;0;
3675;2023.05.08 20:45;4;19.125;18.9375;19.0625;328;202;0;
3676;2023.05.08 21:00;4;19.1875;19;19.125;328;202;0;
3677;2023.05.08 21:15;4;19.25;19;19.125;329;202;0;
3678;2023.05.08 21:30;4;19.25;19.125;19.1875;329;202;0;
3679;2023.05.08 21:45;4;19.375;19.125;19.25;329;202;0;
3680;2023.05.08 22:00;4;19.375;19.25;19.3125;329;202;0;
3681;2023.05.08 22:15;4;19.375;19.25;19.375;329;202;0;
3682;2023.05.08 22:30;4;19.375;19.25;19.375;329;202;0;
3683;2023.05.08 22:45;4;19.375;19.25;19.375;329;202;0;
3684;2023.05.08 23:00;4;19.3125;19.3125;19.375;329;202;0;
3685;2023.05.08 23:15;4;19.25;19.3125;19.375;329;202;0;
3686;2023.05.08 23:30;4;19.25;19.3125;19.375;329;202;0;
3687;2023.05.08 23:45;4;19.25;19.3125;19.375;329;202;0;
3688;2023.05.09 00:00;4;19.25;19.3125;19.375;329;202;0;
3689;2023.05.09 00:15;4;19.1875;19.25;19.375;329;202;0;
3690;2023.05.09 00:30;4;19.25;19.3125;19.375;329;202;0;
3691;2023.05.09 00:45;4;19.375;19.375;19.375;329;202;0;
3692;2023.05.09 01:00;4;19.375;19.375;19.375;329;202;0;
3693;2023.05.09 01:15;4;19.375;19.375;19.375;329;202;0;
3694;2023.05.09 01:30;4;19.375;19.375;19.4375;329;202;0;
3695;2023.05.09 01:45;4;19.3125;19.375;19.375;329;202;0;
3696;2023.05.09 02:00;4;19.3125;19.375;19.375;329;202;0;
3697;2023.05.09 02:15;4;19.3125;19.375;19.375;329;202;0;
3698;2023.05.09 02:30;4;19.25;19.375;19.375;328;202;0;
3699;2023.05.09 02:45;4;19.25;19.375;19.375;328;202;0;
3700;2023.05.09 03:00;4;19.125;19.3125;19.375;328;202;0;
3701;2023.05.09 03:15;4;19.125;19.25;19.3125;328;202;0;
3702;2023.05.09 03:30;4;19;19.25;19.25;328;202;0;
3703;2023.05.09 03:45;4;19;19.1875;19.25;327;202;0;
3704;2023.05.09 04:00;4;18.9375;19.125;19.1875;327;202;0;
3705;2023.05.09 04:15;4;18.875;19.125;19.125;327;202;0;
3706;2023.05.09 04:30;4;18.875;19.125;19.125;327;202;0;
3707;2023.05.09 04:45;4;18.75;19.0625;19.125;327;202;0;
3708;2023.05.09 05:00;4;18.75;19;19.0625;327;202;0;
3709;2023.05.09 05:15;4;18.6875;19;19;326;202;0;
3710;2023.05.09 05:30;4;18.625;18.9375;19;326;202;0;
3711;2023.05.09 05:45;4;18.625;18.875;18.9375;326;202;0;
3712;2023.05.09 06:00;4;18.5625;18.875;18.875;326;202;0;
3713;2023.05.09 06:15;4;18.5;18.8125;18.875;326;202;0;
3714;2023.05.09 06:30;4;18.5;18.75;18.8125;326;202;0;
3715;2023.05.09 06:45;4;18.5;18.75;18.75;325;202;0;
3716;2023.05.09 07:00;4;18.4375;18.6875;18.75;325;202;0;
3717;2023.05.09 07:15;4;18.375;18.6875;18.75;325;202;0;
3718;2023.05.09 07:30;4;18.375;18.625;18.6875;325;202;0;
3719;2023.05.09 07:45;4;18.375;18.625;18.625;325;202;0;
3720;2023.05.09 08:00;4;18.3125;18.5625;18.625;325;202;0;
3721;2023.05.09 08:15;4;18.25;18.5;18.625;325;202;0;
3722;2023.05.09 08:30;4;18.25;18.5;18.5625;325;202;0;
3723;2023.05.09 08:45;4;18.25;18.5;18.5;324;202;0;
3724;2023.05.09 09:00;4;18.25;18.5;18.5;324;202;0;
3725;2023.05.09 09:15;4;18.1875;18.4375;18.5;324;202;0;
3726;2023.05.09 09:30;4;18.125;18.375;18.5;324;202;0;
3727;2023.05.09 09:45;4;18.125;18.375;18.4375;324;202;0;
3728;2023.05.09 10:00;4;18.125;18.375;18.375;324;202;0;
3729;2023.05.09 10:15;4;18.125;18.375;18.375;324;202;0;
3730;2023.05.09 10:30;4;18.0625;18.3125;18.375;324;202;0;
3731;2023.05.09 10:45;4;18;18.25;18.375;324;202;0;
3732;2023.05.09 11:00;4;18;18.25;18.375;324;202;0;
3733;2023.05.09 11:15;4;18;18.25;18.3125;323;202;0;
3734;2023.05.09 11:30;4;18;18.25;18.25;323;202;0;
3735;2023.05.09 11:45;4;18;18.1875;18.25;323;202;0;
3736;2023.05.09 12:00;4;17.9375;18.1875;18.25;323;202;0;
3737;2023.05.09 12:15;4;17.9375;18.125;18.25;323;202;0;
3738;2023.05.09 12:30;4;17.875;18.125;18.25;323;202;0;
3739;2023.05.09 12:45;4;17.875;18.125;18.25;323;202;0;
3740;2023.05.09 13:00;4;17.875;18.125;18.1875;323;202;0;
3741;2023.05.09 13:15;4;17.875;18.125;18.1875;323;202;0;
3742;2023.05.09 13:30;4;17.875;18.125;18.125;323;202;0;
3743;2023.05.09 13:45;4;17.875;18.125;18.125;323;202;0;
3744;2023.05.09 14:00;4;17.875;18.0625;18.125;323;202;0;
3745;2023.05.09 14:15;4;17.875;18.0625;18.125;323;202;0;
3746;2023.05.09 14:30;4;17.875;18;18.125;323;202;0;
3747;2023.05.09 14:45;4;17.875;18;18.125;323;202;0;
3748;2023.05.09 15:00;4;17.875;18;18.125;323;202;0;
3749;2023.05.09 15:15;4;17.875;18;18.125;323;202;0;
3750;2023.05.09 15:30;4;17.8125;18;18.125;323;202;0;
3751;2023.05.09 15:45;4;17.8125;18;18.125;323;202;0;
3752;2023.05.09 16:00;4;17.8125;18;18.125;323;202;0;
3753;2023.05.09 16:15;4;17.8125;18;18.125;323;202;0;
3754;2023.05.09 16:30;4;17.8125;18;18.125;323;202;0;
3755;2023.05.09 16:45;4;17.8125;18;18.0625;323;202;0;
3756;2023.05.09 17:00;4;17.8125;18;18.125;323;202;0;
3757;2023.05.09 17:15;4;17.875;18;18.125;323;202;0;
3758;2023.05.09 17:30;4;17.875;18;18.125;323;202;0;
3759;2023.05.09 17:45;4;17.875;18;18.125;323;202;0;
3760;2023.05.09 18:00;4;17.875;18;18.125;323;202;0;
3761;2023.05.09 18:15;4;17.875;18;18.125;323;202;0;
3762;2023.05.09 18:30;4;17.9375;18;18.125;323;202;0;
3763;2023.05.09 18:45;4;18;18.0625;18.125;323;202;0;
3764;2023.05.09 19:00;4;18;18.0625;18.1875;323;202;0;
3765;2023.05.09 19:15;4;18;18.125;18.1875;323;202;0;
3766;2023.05.09 19:30;4;18.0625;18.125;18.25;323;202;0;
3767;2023.05.09 19:45;4;18.125;18.125;18.25;324;202;0;
3768;2023.05.09 20:00;4;18.125;18.125;18.25;324;202;0;
3769;2023.05.09 20:15;4;18.125;18.1875;18.25;324;202;0;
3770;2023.05.09 20:30;4;18.125;18.1875;18.3125;324;202;0;
3771;2023.05.09 20:45;4;18.125;18.1875;18.3125;324;202;0;
3772;2023.05.09 21:00;4;18.125;18.25;18.375;324;202;0;
3773;2023.05.09 21:15;4;18.125;18.25;18.375;324;202;0;
3774;2023.05.09 21:30;4;18.125;18.25;18.375;324;202;0;
3775;2023.05.09 21:45;4;18.125;18.25;18.375;324;202;0;
3776;2023.05.09 22:00;4;18.1875;18.25;18.375;324;202;0;
3777;2023.05.09 22:15;4;18.1875;18.25;18.375;324;202;0;
3778;2023.05.09 22:30;4;18.25;18.3125;18.4375;324;202;0;
3779;2023.05.09 22:45;4;18.25;18.3125;18.4375;324;202;0;
3780;2023.05.09 23:00;4;18.25;18.3125;18.5;324;202;0;
3781;2023.05.09 23:15;4;18.25;18.375;18.5;324;202;0;
3782;2023.05.09 23:30;4;18.25;18.375;18.5;325;202;0;
3783;2023.05.09 23:45;4;18.25;18.375;18.5;325;202;0;
3784;2023.05.10 00:00;4;18.25;18.375;18.5;325;202;0;
3785;2023.05.10 00:15;4;18.25;18.375;18.5;325;202;0;
3786;2023.05.10 00:30;4;18.25;18.375;18.5;325;202;0;
3787;2023.05.10 00:45;4;18.25;18.375;18.5;325;202;0;
3788;2023.05.10 01:00;4;18.25;18.375;18.5;325;202;0;
3789;2023.05.10 01:15;4;18.25;18.375;18.5;325;202;0;
3790;2023.05.10 01:30;4;18.25;18.375;18.5;325;202;0;
3791;2023.05.10 01:45;4;18.25;18.375;18.5;325;202;0;
3792;2023.05.10 02:00;4;18.1875;18.375;18.5;325;202;0;
3793;2023.05.10 02:15;4;18.1875;18.375;18.5;324;202;0;
3794;2023.05.10 02:30;4;18.125;18.375;18.5;324;202;0;
3795;2023.05.10 02:45;4;18.125;18.3125;18.4375;324;202;0;
3796;2023.05.10 03:00;4;18.125;18.3125;18.4375;324;202;0;
3797;2023.05.10 03:15;4;18.125;18.25;18.375;324;202;0;
3798;2023.05.10 03:30;4;18.0625;18.25;18.375;324;202;0;
3799;2023.05.10 03:45;4;18;18.25;18.375;324;202;0;
3800;2023.05.10 04:00;4;18;18.25;18.3125;324;202;0;
3801;2023.05.10 04:15;4;18;18.1875;18.3125;324;202;0;
3802;2023.05.10 04:30;4;18;18.1875;18.25;324;202;0;
3803;2023.05.10 04:45;4;17.9375;18.125;18.25;324;202;0;
3804;2023.05.10 05:00;4;17.875;18.125;18.25;323;202;0;
3805;2023.05.10 05:15;4;17.875;18.125;18.1875;323;202;0;
3806;2023.05.10 05:30;4;17.875;18.125;18.1875;323;202;0;
3807;2023.05.10 05:45;4;17.875;18.0625;18.125;323;202;0;
3808;2023.05.10 06:00;4;17.875;18.0625;18.125;323;202;0;
3809;2023.05.10 06:15;4;17.875;18;18.125;323;202;0;
3810;2023.05.10 06:30;4;17.8125;18;18.125;323;202;0;
3811;2023.05.10 06:45;4;17.8125;18;18.125;323;202;0;
3812;2023.05.10 07:00;4;17.75;18;18.0625;323;202;0;
3813;2023.05.10 07:15;4;17.75;18;18.0625;323;202;0;
3814;2023.05.10 07:30;4;17.75;18;18;323;202;0;
3815;2023.05.10 07:45;4;17.75;18;18;323;202;0;
3816;2023.05.10 08:00;4;17.75;17.9375;18;323;202;0;
3817;2023.05.10 08:15;4;17.75;17.9375;18;322;202;0;
3818;2023.05.10 08:30;4;17.75;17.9375;18;323;202;0;
3819;2023.05.10 08:45;4;17.6875;17.875;18;322;202;0;
3820;2023.05.10 09:00;4;17.6875;17.875;18;322;202;0;
3821;2023.05.10 09:15;4;17.6875;17.875;18;322;202;0;
3822;2023.05.10 09:30;4;17.625;17.875;18;322;202;0;
3823;2023.05.10 09:45;4;17.625;17.875;17.9375;322;202;0;
3824;2023.05.10 10:00;4;17.625;17.875;17.9375;322;202;0;
3825;2023.05.10 10:15;4;17.625;17.875;17.9375;322;202;0;
3826;2023.05.10 10:30;4;17.625;17.875;17.875;322;202;0;
3827;2023.05.10 10:45;4;17.625;17.8125;17.875;322;202;0;
3828;2023.05.10 11:00;4;17.625;17.8125;17.875;322;202;0;
3829;2023.05.10 11:15;4;17.625;17.8125;17.875;322;202;0;
3830;2023.05.10 11:30;4;17.625;17.75;17.875;322;202;0;
3831;2023.05.10 11:45;4;17.625;17.75;17.875;322;202;0;
3832;2023.05.10 12:00;4;17.5625;17.75;17.875;322;202;0;
3833;2023.05.10 12:15;4;17.5625;17.75;17.875;322;202;0;
3834;2023.05.10 12:30;4;17.5625;17.75;17.875;322;202;0;
3835;2023.05.10 12:45;4;17.5625;17.75;17.875;322;202;0;
3836;2023.05.10 13:00;4;17.5;17.75;17.875;322;202;0;
3837;2023.05.10 13:15;4;17.5;17.75;17.8125;322;202;0;
3838;2023.05.10 13:30;4;17.6875;17.75;17.875;322;202;0;
3839;2023.05.10 13:45;4;17.875;17.875;18;322;202;0;
3840;2023.05.10 14:00;4;18;17.9375;18.0625;323;202;0;
3841;2023.05.10 14:15;4;18.125;18;18.125;323;202;0;
3842;2023.05.10 14:30;4;18.25;18.125;18.25;324;202;0;
3843;2023.05.10 14:45;4;18.4375;18.25;18.375;324;202;0;
3844;2023.05.10 15:00;4;18.5;18.375;18.5;325;202;0;
3845;2023.05.10 15:15;4;18.625;18.4375;18.5625;325;202;0;
3846;2023.05.10 15:30;4;18.625;18.5;18.625;325;202;0;
3847;2023.05.10 15:45;4;18.5;18.5;18.625;325;202;0;
3848;2023.05.10 16:00;4;18.375;18.4375;18.5;325;202;0;
3849;2023.05.10 16:15;4;18.4375;18.4375;18.5;325;202;0;
3850;2023.05.10 16:30;4;18.4375;18.4375;18.5;325;202;0;
3851;2023.05.10 16:45;4;18.5;18.5;18.5;325;202;0;
3852;2023.05.10 17:00;4;18.375;18.4375;18.5;325;202;0;
3853;2023.05.10 17:15;4;18.375;18.4375;18.5;325;202;0;
3854;2023.05.10 17:30;4;18.3125;18.375;18.5;325;202;0;
3855;2023.05.10 17:45;4;18.25;18.375;18.5;325;202;0;
3856;2023.05.10 18:00;4;18.25;18.375;18.5;325;202;0;
3857;2023.05.10 18:15;4;18.3125;18.375;18.4375;325;202;0;
3858;2023.05.10 18:30;4;18.375;18.375;18.5;325;202;0;
3859;2023.05.10 18:45;4;18.4375;18.4375;18.5;325;202;0;
3860;2023.05.10 19:00;4;18.5;18.5;18.5;325;202;0;
3861;2023.05.10 19:15;4;18.5;18.5;18.5625;325;202;0;
3862;2023.05.10 19:30;4;18.5;18.5;18.5625;325;202;0;
3863;2023.05.10 19:45;4;18.5;18.5;18.625;325;202;0;
3864;2023.05.10 20:00;4;18.5;18.5;18.625;325;202;0;
3865;2023.05.10 20:15;4;18.5;18.5;18.625;325;202;0;
3866;2023.05.10 20:30;4;18.5;18.5625;18.625;325;202;0;
3867;2023.05.10 20:45;4;18.5;18.5625;18.625;325;202;0;
3868;2023.05.10 21:00;4;18.5;18.5;18.625;325;202;0;
3869;2023.05.10 21:15;4;18.5;18.5625;18.625;325;202;0;
3870;2023.05.10 21:30;4;18.5;18.5625;18.625;325;202;0;
3871;2023.05.10 21:45;4;18.5;18.5625;18.625;325;202;0;
3872;2023.05.10 22:00;4;18.5625;18.625;18.625;326;202;0;
3873;2023.05.10 22:15;4;18.5;18.625;18.6875;326;202;0;
3874;2023.05.10 22:30;4;18.5;18.625;18.6875;326;202;0;
3875;2023.05.10 22:45;4;18.5;18.625;18.6875;326;202;0;
3876;2023.05.10 23:00;4;18.5;18.625;18.6875;326;202;0;
3877;2023.05.10 23:15;4;18.5;18.625;18.6875;325;202;0;
3878;2023.05.10 23:30;4;18.5;18.625;18.6875;326;202;0;
3879;2023.05.10 23:45;4;18.5;18.625;18.6875;326;202;0;
3880;2023.05.11 00:00;4;18.5625;18.625;18.75;325;202;0;
3881;2023.05.11 00:15;4;18.5;18.625;18.75;325;202;0;
3882;2023.05.11 00:30;4;18.5;18.625;18.75;325;202;0;
3883;2023.05.11 00:45;4;18.5;18.625;18.75;325;202;0;
3884;2023.05.11 01:00;4;18.5;18.625;18.75;325;202;0;
3885;2023.05.11 01:15;4;18.4375;18.625;18.6875;325;202;0;
3886;2023.05.11 01:30;4;18.375;18.625;18.6875;325;202;0;
3887;2023.05.11 01:45;4;18.375;18.625;18.6875;325;202;0;
3888;2023.05.11 02:00;4;18.375;18.5625;18.625;325;202;0;
3889;2023.05.11 02:15;4;18.375;18.5625;18.625;325;202;0;
3890;2023.05.11 02:30;4;18.375;18.5;18.625;325;202;0;
3891;2023.05.11 02:45;4;18.3125;18.5;18.625;325;202;0;
3892;2023.05.11 03:00;4;18.25;18.5;18.625;325;202;0;
3893;2023.05.11 03:15;4;18.25;18.5;18.625;324;202;0;
3894;2023.05.11 03:30;4;18.25;18.5;18.625;324;202;0;
3895;2023.05.11 03:45;4;18.25;18.5;18.5625;324;202;0;
3896;2023.05.11 04:00;4;18.25;18.4375;18.5625;324;202;0;
3897;2023.05.11 04:15;4;18.1875;18.4375;18.5;324;202;0;
3898;2023.05.11 04:30;4;18.125;18.375;18.5;324;202;0;
3899;2023.05.11 04:45;4;18.125;18.375;18.5;324;202;0;
3900;2023.05.11 05:00;4;18.125;18.375;18.5;324;202;0;
3901;2023.05.11 05:15;4;18.125;18.375;18.5;324;202;0;
3902;2023.05.11 05:30;4;18.125;18.375;18.5;324;202;0;
3903;2023.05.11 05:45;4;18.0625;18.3125;18.4375;324;202;0;
3904;2023.05.11 06:00;4;18.0625;18.3125;18.4375;324;202;0;
3905;2023.05.11 06:15;4;18;18.25;18.375;324;202;0;
3906;2023.05.11 06:30;4;18;18.25;18.375;324;202;0;
3907;2023.05.11 06:45;4;18;18.25;18.375;323;202;0;
3908;2023.05.11 07:00;4;18;18.25;18.375;323;202;0;
3909;2023.05.11 07:15;4;18;18.25;18.375;323;202;0;
3910;2023.05.11 07:30;4;17.9375;18.25;18.375;323;202;0;
3911;2023.05.11 07:45;4;17.875;18.1875;18.3125;323;202;0;
3912;2023.05.11 08:00;4;17.875;18.125;18.25;323;202;0;
3913;2023.05.11 08:15;4;17.875;18.125;18.25;323;202;0;
3914;2023.05.11 08:30;4;17.875;18.125;18.25;323;202;0;
3915;2023.05.11 08:45;4;17.875;18.125;18.25;323;202;0;
3916;2023.05.11 09:00;4;17.8125;18.125;18.1875;323;202;0;
3917;2023.05.11 09:15;4;17.8125;18.0625;18.1875;323;202;0;
3918;2023.05.11 09:30;4;17.75;18;18.125;323;202;0;
3919;2023.05.11 09:45;4;17.75;18;18.125;322;202;0;
3920;2023.05.11 10:00;4;17.75;18;18.125;322;202;0;
3921;2023.05.11 10:15;4;17.75;18;18.125;322;202;0;
3922;2023.05.11 10:30;4;17.75;18;18.125;322;202;0;
3923;2023.05.11 10:45;4;17.75;18;18.125;322;202;0;
3924;2023.05.11 11:00;4;17.6875;17.9375;18.0625;322;202;0;
3925;2023.05.11 11:15;4;17.6875;17.9375;18.0625;322;202;0;
3926;2023.05.11 11:30;4;17.6875;17.875;18;322;202;0;
3927;2023.05.11 11:45;4;17.625;17.875;18;322;202;0;
3928;2023.05.11 12:00;4;17.625;17.875;18;322;202;0;
3929;2023.05.11 12:15;4;17.625;17.875;18;322;202;0;
3930;2023.05.11 12:30;4;17.625;17.875;18;322;202;0;
3931;2023.05.11 12:45;4;17.625;17.875;18;322;202;0;
3932;2023.05.11 13:00;4;17.625;17.875;18;322;202;0;
3933;2023.05.11 13:15;4;17.625;17.875;17.9375;322;202;0;
3934;2023.05.11 13:30;4;17.625;17.8125;17.9375;322;202;0;
3935;2023.05.11 13:45;4;17.625;17.8125;17.9375;322;202;0;
3936;2023.05.11 14:00;4;17.5625;17.75;17.875;322;202;0;
3937;2023.05.11 14:15;4;17.5625;17.75;17.875;322;202;0;
3938;2023.05.11 14:30;4;17.5625;17.75;17.875;322;202;0;
3939;2023.05.11 14:45;4;17.5625;17.75;17.875;322;202;0;
3940;2023.05.11 15:00;4;17.625;17.75;17.875;322;202;0;
3941;2023.05.11 15:15;4;17.75;17.8125;17.875;322;202;0;
3942;2023.05.11 15:30;4;17.8125;17.875;17.9375;323;202;0;
3943;2023.05.11 15:45;4;17.9375;17.9375;18;323;202;0;
3944;2023.05.11 16:00;4;18.125;18;18.125;323;202;0;
3945;2023.05.11 16:15;4;18.25;18.125;18.25;324;202;0;
3946;2023.05.11 16:30;4;18.5;18.3125;18.375;325;202;0;
3947;2023.05.11 16:45;4;18.5625;18.375;18.5;325;202;0;
3948;2023.05.11 17:00;4;18.625;18.5;18.625;325;202;0;
3949;2023.05.11 17:15;4;18.625;18.5625;18.75;326;202;0;
3950;2023.05.11 17:30;4;18.75;18.625;18.75;326;202;0;
3951;2023.05.11 17:45;4;18.75;18.6875;18.875;326;202;0;
3952;2023.05.11 18:00;4;18.875;18.75;18.9375;326;202;0;
3953;2023.05.11 18:15;4;18.875;18.8125;19;327;202;0;
3954;2023.05.11 18:30;4;19;18.875;19.0625;327;202;0;
3955;2023.05.11 18:45;4;19.0625;18.9375;19.125;327;202;0;
3956;2023.05.11 19:00;4;19.125;19;19.25;328;202;0;
3957;2023.05.11 19:15;4;19.25;19.125;19.25;328;202;0;
3958;2023.05.11 19:30;4;19.375;19.1875;19.375;328;202;0;
3959;2023.05.11 19:45;4;19.5;19.25;19.5;329;202;0;
3960;2023.05.11 20:00;4;19.5;19.375;19.5625;329;202;0;
3961;2023.05.11 20:15;4;19.625;19.4375;19.625;329;202;0;
3962;2023.05.11 20:30;4;19.75;19.5;19.75;330;202;0;
3963;2023.05.11 20:45;4;19.75;19.625;19.75;330;202;0;
3964;2023.05.11 21:00;4;19.8125;19.625;19.875;330;202;0;
3965;2023.05.11 21:15;4;19.8125;19.6875;19.875;330;202;0;
3966;2023.05.11 21:30;4;19.875;19.75;19.9375;331;202;0;
3967;2023.05.11 21:45;4;19.875;19.75;20;331;202;0;
3968;2023.05.11 22:00;4;19.9375;19.8125;20;331;202;0;
3969;2023.05.11 22:15;4;20;19.875;20.0625;331;202;0;
3970;2023.05.11 22:30;4;20;19.875;20.125;331;202;0;
3971;2023.05.11 22:45;4;20;19.9375;20.125;331;202;0;
3972;2023.05.11 23:00;4;20;20;20.125;331;202;0;
3973;2023.05.11 23:15;4;20.0625;20;20.1875;332;202;0;
3974;2023.05.11 23:30;4;20.25;20.0625;20.25;333;202;0;
3975;2023.05.11 23:45;4;20.3125;20.125;20.3125;333;202;0;
3976;2023.05.12 00:00;4;20.375;20.25;20.375;334;202;0;
3977;2023.05.12 00:15;4;20.4375;20.25;20.4375;334;202;0;
3978;2023.05.12 00:30;4;20.5;20.375;20.5;334;202;0;
3979;2023.05.12 00:45;4;20.5;20.375;20.5;335;202;0;
3980;2023.05.12 01:00;4;20.5;20.4375;20.5;334;202;0;
3981;2023.05.12 01:15;4;20.5;20.4375;20.5;334;202;0;
3982;2023.05.12 01:30;4;20.375;20.375;20.5;334;202;0;
3983;2023.05.12 01:45;4;20.25;20.375;20.4375;334;202;0;
3984;2023.05.12 02:00;4;20.125;20.25;20.375;334;202;0;
3985;2023.05.12 02:15;4;20;20.25;20.25;333;202;0;
3986;2023.05.12 02:30;4;19.875;20.125;20.125;333;202;0;
3987;2023.05.12 02:45;4;19.8125;20.125;20.0625;333;202;0;
3988;2023.05.12 03:00;4;19.75;20;20;332;202;0;
3989;2023.05.12 03:15;4;19.625;19.9375;19.875;332;202;0;
3990;2023.05.12 03:30;4;19.5625;19.875;19.8125;332;202;0;
3991;2023.05.12 03:45;4;19.5;19.75;19.75;331;202;0;
3992;2023.05.12 04:00;4;19.375;19.75;19.625;331;202;0;
3993;2023.05.12 04:15;4;19.375;19.625;19.625;331;202;0;
3994;2023.05.12 04:30;4;19.25;19.625;19.5;330;202;0;
3995;2023.05.12 04:45;4;19.1875;19.5;19.5;330;202;0;
3996;2023.05.12 05:00;4;19.125;19.5;19.375;330;202;0;
3997;2023.05.12 05:15;4;19.125;19.4375;19.375;330;202;0;
3998;2023.05.12 05:30;4;19;19.375;19.25;329;202;0;
3999;2023.05.12 05:45;4;19;19.3125;19.25;329;202;0;
4000;2023.05.12 06:00;4;18.9375;19.25;19.1875;329;202;0;
4001;2023.05.12 06:15;4;18.875;19.25;19.125;329;202;0;
4002;2023.05.12 06:30;4;18.8125;19.125;19.125;329;202;0;
4003;2023.05.12 06:45;4;18.75;19.125;19;328;202;0;
4004;2023.05.12 07:00;4;18.75;19.0625;19;328;202;0;
4005;2023.05.12 07:15;4;18.6875;19;18.9375;328;202;0;
4006;2023.05.12 07:30;4;18.625;19;18.875;328;202;0;
4007;2023.05.12 07:45;4;18.625;18.9375;18.875;328;202;0;
4008;2023.05.12 08:00;4;18.5625;18.875;18.875;327;202;0;
4009;2023.05.12 08:15;4;18.5;18.875;18.75;327;202;0;
4010;2023.05.12 08:30;4;18.5;18.8125;18.75;327;202;0;
4011;2023.05.12 08:45;4;18.5;18.75;18.75;327;202;0;
4012;2023.05.12 09:00;4;18.4375;18.75;18.6875;327;202;0;
4013;2023.05.12 09:15;4;18.375;18.6875;18.625;327;202;0;
4014;2023.05.12 09:30;4;18.375;18.625;18.625;327;202;0;
4015;2023.05.12 09:45;4;18.375;18.625;18.625;326;202;0;
4016;2023.05.12 10:00;4;18.3125;18.625;18.5625;326;202;0;
4017;2023.05.12 10:15;4;18.25;18.5625;18.5;326;202;0;
4018;2023.05.12 10:30;4;18.25;18.5;18.5;326;202;0;
4019;2023.05.12 10:45;4;18.25;18.5;18.5;326;202;0;
4020;2023.05.12 11:00;4;18.1875;18.5;18.4375;326;202;0;
4021;2023.05.12 11:15;4;18.125;18.5;18.375;326;202;0;
4022;2023.05.12 11:30;4;18.125;18.4375;18.375;326;202;0;
4023;2023.05.12 11:45;4;18.125;18.375;18.375;325;202;0;
4024;2023.05.12 12:00;4;18.125;18.375;18.3125;325;202;0;
4025;2023.05.12 12:15;4;18.0625;18.375;18.3125;325;202;0;
4026;2023.05.12 12:30;4;18.0625;18.3125;18.25;325;202;0;
4027;2023.05.12 12:45;4;18;18.25;18.25;325;202;0;
4028;2023.05.12 13:00;4;18;18.25;18.25;325;202;0;
4029;2023.05.12 13:15;4;18;18.25;18.25;325;202;0;
4030;2023.05.12 13:30;4;18;18.25;18.1875;325;202;0;
4031;2023.05.12 13:45;4;18;18.1875;18.1875;325;202;0;
4032;2023.05.12 14:00;4;17.9375;18.1875;18.125;325;202;0;
4033;2023.05.12 14:15;4;17.9375;18.1875;18.125;325;202;0;
4034;2023.05.12 14:30;4;18;18.1875;18.125;325;202;0;
4035;2023.05.12 14:45;4;18.0625;18.25;18.1875;325;202;0;
4036;2023.05.12 15:00;4;18.125;18.25;18.125;322;202;0;
4037;2023.05.12 15:15;4;18.0625;18.25;18.125;322;202;0;
4038;2023.05.12 15:30;4;18.125;18.25;18.125;322;202;0;
4039;2023.05.12 15:45;4;18.1875;18.25;18.125;322;202;0;
4040;2023.05.12 16:00;4;18.25;18.25;18.25;322;202;0;
4041;2023.05.12 16:15;4;18.25;18.3125;18.25;322;202;0;
4042;2023.05.12 16:30;4;18.25;18.375;18.25;322;202;0;
4043;2023.05.12 16:45;4;18.25;18.375;18.25;322;202;0;
4044;2023.05.12 17:00;4;18.4375;18.375;18.375;323;202;0;
4045;2023.05.12 17:15;4;18.5625;18.5;18.4375;323;202;0;
4046;2023.05.12 17:30;4;18.6875;18.5625;18.5;324;202;0;
4047;2023.05.12 17:45;4;18.75;18.625;18.625;324;202;0;
4048;2023.05.12 18:00;4;18.9375;18.75;18.75;324;202;0;
4049;2023.05.12 18:15;4;19;18.875;18.875;325;202;0;
4050;2023.05.12 18:30;4;19.125;18.875;18.9375;325;202;0;
4051;2023.05.12 18:45;4;19.1875;19;19;325;202;0;
4052;2023.05.12 19:00;4;19.25;19.0625;19.125;326;202;0;
4053;2023.05.12 19:15;4;19.25;19.125;19.125;326;202;0;
4054;2023.05.12 19:30;4;19.3125;19.125;19.25;326;202;0;
4055;2023.05.12 19:45;4;19.25;19.25;19.25;326;202;0;
4056;2023.05.12 20:00;4;19.25;19.25;19.25;326;202;0;
4057;2023.05.12 20:15;4;19.5;19.3125;19.375;326;202;0;
4058;2023.05.12 20:30;4;19.5;19.375;19.375;326;202;0;
4059;2023.05.12 20:45;4;19.5625;19.4375;19.4375;326;202;0;
4060;2023.05.12 21:00;4;19.625;19.5;19.5;327;202;0;
4061;2023.05.12 21:15;4;19.625;19.5;19.5;327;202;0;
4062;2023.05.12 21:30;4;19.625;19.5625;19.5;327;202;0;
4063;2023.05.12 21:45;4;19.625;19.625;19.5625;327;202;0;
4064;2023.05.12 22:00;4;19.625;19.625;19.625;327;202;0;
4065;2023.05.12 22:15;4;19.625;19.625;19.625;327;202;0;
4066;2023.05.12 22:30;4;19.625;19.625;19.625;327;202;0;
4067;2023.05.12 22:45;4;19.6875;19.6875;19.75;327;202;0;
4068;2023.05.12 23:00;4;19.625;19.6875;19.75;327;202;0;
4069;2023.05.12 23:15;4;19.625;19.75;19.75;327;202;0;
4070;2023.05.12 23:30;4;19.625;19.75;19.75;327;202;0;
4071;2023.05.12 23:45;4;19.625;19.75;19.75;327;202;0;
4072;2023.05.13 00:00;4;19.625;19.75;19.75;327;202;0;
4073;2023.05.13 00:15;4;19.625;19.75;19.75;327;202;0;
4074;2023.05.13 00:30;4;19.625;19.75;19.75;327;202;0;
4075;2023.05.13 00:45;4;19.625;19.75;19.75;327;202;0;
4076;2023.05.13 01:00;4;19.625;19.75;19.75;327;202;0;
4077;2023.05.13 01:15;4;19.625;19.75;19.75;327;202;0;
4078;2023.05.13 01:30;4;19.625;19.75;19.75;327;202;0;
4079;2023.05.13 01:45;4;19.625;19.75;19.75;327;202;0;
4080;2023.05.13 02:00;4;19.625;19.75;19.75;327;202;0;
4081;2023.05.13 02:15;4;19.625;19.75;19.75;327;202;0;
4082;2023.05.13 02:30;4;19.625;19.75;19.75;327;202;0;
4083;2023.05.13 02:45;4;19.625;19.75;19.75;327;202;0;
4084;2023.05.13 03:00;4;19.5625;19.75;19.75;327;202;0;
4085;2023.05.13 03:15;4;19.5;19.75;19.75;327;202;0;
4086;2023.05.13 03:30;4;19.5;19.6875;19.625;327;202;0;
4087;2023.05.13 03:45;4;19.5;19.6875;19.625;327;202;0;
4088;2023.05.13 04:00;4;19.4375;19.625;19.625;327;202;0;
4089;2023.05.13 04:15;4;19.375;19.625;19.5;327;202;0;
4090;2023.05.13 04:30;4;19.375;19.625;19.5;327;202;0;
4091;2023.05.13 04:45;4;19.3125;19.625;19.5;327;202;0;
4092;2023.05.13 05:00;4;19.25;19.5625;19.4375;326;202;0;
4093;2023.05.13 05:15;4;19.25;19.5;19.375;326;202;0;
4094;2023.05.13 05:30;4;19.25;19.5;19.375;326;202;0;
4095;2023.05.13 05:45;4;19.1875;19.5;19.3125;326;202;0;
4096;2023.05.13 06:00;4;19.125;19.4375;19.25;326;202;0;
4097;2023.05.13 06:15;4;19.125;19.375;19.25;326;202;0;
4098;2023.05.13 06:30;4;19.125;19.375;19.25;326;202;0;
4099;2023.05.13 06:45;4;19.0625;19.375;19.1875;326;202;0;
4100;2023.05.13 07:00;4;19.0625;19.375;19.1875;326;202;0;
4101;2023.05.13 07:15;4;19;19.3125;19.125;325;202;0;
4102;2023.05.13 07:30;4;19;19.25;19.125;325;202;0;
4103;2023.05.13 07:45;4;19;19.25;19.125;325;202;0;
4104;2023.05.13 08:00;4;18.9375;19.25;19.0625;325;202;0;
4105;2023.05.13 08:15;4;18.875;19.1875;19;325;202;0;
4106;2023.05.13 08:30;4;18.875;19.1875;19;325;202;0;
4107;2023.05.13 08:45;4;18.875;19.125;19;325;202;0;
4108;2023.05.13 09:00;4;18.8125;19.125;18.9375;325;202;0;
4109;2023.05.13 09:15;4;18.8125;19.125;18.9375;325;202;0;
4110;2023.05.13 09:30;4;18.75;19.0625;18.875;324;202;0;
4111;2023.05.13 09:45;4;18.75;19;18.875;324;202;0;
4112;2023.05.13 10:00;4;18.75;19;18.875;324;202;0;
4113;2023.05.13 10:15;4;18.6875;19;18.875;324;202;0;
4114;2023.05.13 10:30;4;18.625;19;18.8125;324;202;0;
4115;2023.05.13 10:45;4;18.625;18.9375;18.75;324;202;0;
4116;2023.05.13 11:00;4;18.625;18.875;18.75;324;202;0;
4117;2023.05.13 11:15;4;18.625;18.875;18.75;324;202;0;
4118;2023.05.13 11:30;4;18.5625;18.875;18.75;324;202;0;
4119;2023.05.13 11:45;4;18.5625;18.875;18.75;323;202;0;
4120;2023.05.13 12:00;4;18.5;18.8125;18.6875;323;202;0;
4121;2023.05.13 12:15;4;18.5;18.75;18.6875;323;202;0;
4122;2023.05.13 12:30;4;18.5;18.75;18.625;323;202;0;
4123;2023.05.13 12:45;4;18.5;18.75;18.625;323;202;0;
4124;2023.05.13 13:00;4;18.4375;18.75;18.625;323;202;0;
4125;2023.05.13 13:15;4;18.4375;18.6875;18.625;323;202;0;
4126;2023.05.13 13:30;4;18.375;18.6875;18.625;323;202;0;
4127;2023.05.13 13:45;4;18.375;18.625;18.5625;323;202;0;
4128;2023.05.13 14:00;4;18.375;18.625;18.5625;323;202;0;
4129;2023.05.13 14:15;4;18.375;18.625;18.5625;323;202;0;
4130;2023.05.13 14:30;4;18.375;18.625;18.5625;323;202;0;
4131;2023.05.13 14:45;4;18.375;18.625;18.5;323;202;0;
4132;2023.05.13 15:00;4;18.375;18.625;18.5;323;202;0;
4133;2023.05.13 15:15;4;18.375;18.625;18.5;323;202;0;
4134;2023.05.13 15:30;4;18.375;18.625;18.5;323;202;0;
4135;2023.05.13 15:45;4;18.375;18.625;18.5625;323;202;0;
4136;2023.05.13 16:00;4;18.375;18.625;18.5625;323;202;0;
4137;2023.05.13 16:15;4;18.4375;18.625;18.625;323;202;0;
4138;2023.05.13 16:30;4;18.5;18.625;18.6875;323;202;0;
4139;2023.05.13 16:45;4;18.625;18.6875;18.75;323;202;0;
4140;2023.05.13 17:00;4;18.75;18.75;18.875;324;202;0;
4141;2023.05.13 17:15;4;18.8125;18.8125;19;324;202;0;
4142;2023.05.13 17:30;4;18.875;18.875;19.125;324;202;0;
4143;2023.05.13 17:45;4;19;19;19.25;325;202;0;
4144;2023.05.13 18:00;4;19.125;19;19.375;325;202;0;
4145;2023.05.13 18:15;4;19.1875;19.125;19.5;325;202;0;
4146;2023.05.13 18:30;4;19.25;19.1875;19.5625;326;202;0;
4147;2023.05.13 18:45;4;19.375;19.25;19.6875;326;202;0;
4148;2023.05.13 19:00;4;19.4375;19.375;19.75;326;202;0;
4149;2023.05.13 19:15;4;19.5;19.375;19.875;327;202;0;
4150;2023.05.13 19:30;4;19.5625;19.4375;19.875;327;202;0;
4151;2023.05.13 19:45;4;19.625;19.5;20;327;202;0;
4152;2023.05.13 20:00;4;19.625;19.5625;20;327;202;0;
4153;2023.05.13 20:15;4;19.6875;19.625;20;327;202;0;
4154;2023.05.13 20:30;4;19.75;19.625;20.0625;328;202;0;
4155;2023.05.13 20:45;4;19.75;19.6875;20.0625;328;202;0;
4156;2023.05.13 21:00;4;19.8125;19.75;20.125;328;202;0;
4157;2023.05.13 21:15;4;19.875;19.75;20.125;328;202;0;
4158;2023.05.13 21:30;4;19.875;19.875;20.1875;329;202;0;
4159;2023.05.13 21:45;4;19.9375;19.875;20.25;329;202;0;
4160;2023.05.13 22:00;4;20;19.875;20.25;329;202;0;
4161;2023.05.13 22:15;4;20;19.9375;20.25;329;202;0;
4162;2023.05.13 22:30;4;20;20;20.25;329;202;0;
4163;2023.05.13 22:45;4;20;20;20.3125;329;202;0;
4164;2023.05.13 23:00;4;20.0625;20;20.3125;329;202;0;
4165;2023.05.13 23:15;4;20.0625;20.0625;20.375;329;202;0;
4166;2023.05.13 23:30;4;20.0625;20.125;20.375;330;202;0;
4167;2023.05.13 23:45;4;20.125;20.125;20.375;330;202;0;
4168;2023.05.14 00:00;4;20.125;20.125;20.375;330;202;0;
4169;2023.05.14 00:15;4;20.125;20.125;20.375;330;202;0;
4170;2023.05.14 00:30;4;20.125;20.125;20.375;330;202;0;
4171;2023.05.14 00:45;4;20.125;20.1875;20.375;330;202;0;
4172;2023.05.14 01:00;4;20.125;20.1875;20.375;330;202;0;
4173;2023.05.14 01:15;4;20.125;20.1875;20.375;330;202;0;
4174;2023.05.14 01:30;4;20.125;20.1875;20.375;330;202;0;
4175;2023.05.14 01:45;4;20.125;20.1875;20.3125;330;202;0;
4176;2023.05.14 02:00;4;20.0625;20.1875;20.25;330;202;0;
4177;2023.05.14 02:15;4;20.0625;20.1875;20.25;330;202;0;
4178;2023.05.14 02:30;4;20;20.1875;20.25;330;202;0;
4179;2023.05.14 02:45;4;20;20.125;20.1875;330;202;0;
4180;2023.05.14 03:00;4;20;20.125;20.125;330;202;0;
4181;2023.05.14 03:15;4;19.9375;20.125;20.125;329;202;0;
4182;2023.05.14 03:30;4;19.875;20.125;20.125;329;202;0;
4183;2023.05.14 03:45;4;19.875;20.125;20.0625;329;202;0;
4184;2023.05.14 04:00;4;19.875;20.0625;20;329;202;0;
4185;2023.05.14 04:15;4;19.8125;20.0625;20;329;202;0;
4186;2023.05.14 04:30;4;19.75;20;19.9375;329;202;0;
4187;2023.05.14 04:45;4;19.75;20;19.875;329;202;0;
4188;2023.05.14 05:00;4;19.75;20;19.875;329;202;0;
4189;2023.05.14 05:15;4;19.6875;19.9375;19.8125;329;202;0;
4190;2023.05.14 05:30;4;19.625;19.9375;19.75;330;202;0;
4191;2023.05.14 05:45;4;19.625;19.875;19.75;329;202;0;
4192;2023.05.14 06:00;4;19.625;19.875;19.75;328;202;0;
4193;2023.05.14 06:15;4;19.5625;19.875;19.6875;328;202;0;
4194;2023.05.14 06:30;4;19.5;19.8125;19.625;328;202;0;
4195;2023.05.14 06:45;4;19.5;19.75;19.625;328;202;0;
4196;2023.05.14 07:00;4;19.5;19.75;19.625;328;202;0;
4197;2023.05.14 07:15;4;19.5;19.75;19.5625;328;202;0;
4198;2023.05.14 07:30;4;19.4375;19.75;19.5;327;202;0;
4199;2023.05.14 07:45;4;19.375;19.6875;19.5;327;202;0;
4200;2023.05.14 08:00;4;19.375;19.625;19.5;327;202;0;
4201;2023.05.14 08:15;4;19.375;19.625;19.4375;327;202;0;
4202;2023.05.14 08:30;4;19.3125;19.625;19.4375;327;202;0;
4203;2023.05.14 08:45;4;19.25;19.5625;19.375;327;202;0;
4204;2023.05.14 09:00;4;19.25;19.5;19.375;327;202;0;
4205;2023.05.14 09:15;4;19.25;19.5;19.375;327;202;0;
4206;2023.05.14 09:30;4;19.25;19.5;19.375;327;202;0;
4207;2023.05.14 09:45;4;19.25;19.5;19.375;327;202;0;
4208;2023.05.14 10:00;4;19.1875;19.5;19.3125;327;202;0;
4209;2023.05.14 10:15;4;19.125;19.4375;19.3125;326;202;0;
4210;2023.05.14 10:30;4;19.125;19.375;19.25;326;202;0;
4211;2023.05.14 10:45;4;19.125;19.375;19.25;326;202;0;
4212;2023.05.14 11:00;4;19.125;19.375;19.25;326;202;0;
4213;2023.05.14 11:15;4;19.125;19.375;19.25;326;202;0;
4214;2023.05.14 11:30;4;19.0625;19.375;19.25;326;202;0;
4215;2023.05.14 11:45;4;19.0625;19.3125;19.1875;326;202;0;
4216;2023.05.14 12:00;4;19;19.25;19.1875;326;202;0;
4217;2023.05.14 12:15;4;19;19.25;19.125;326;202;0;
4218;2023.05.14 12:30;4;19;19.25;19.125;326;202;0;
4219;2023.05.14 12:45;4;19;19.25;19.125;326;202;0;
4220;2023.05.14 13:00;4;19;19.25;19.125;326;202;0;
4221;2023.05.14 13:15;4;19;19.25;19.125;326;202;0;
4222;2023.05.14 13:30;4;18.9375;19.1875;19.125;325;202;0;
4223;2023.05.14 13:45;4;18.875;19.1875;19.125;325;202;0;
4224;2023.05.14 14:00;4;18.875;19.125;19.0625;325;202;0;
4225;2023.05.14 14:15;4;18.875;19.125;19.0625;325;202;0;
4226;2023.05.14 14:30;4;18.875;19.125;19;325;202;0;
4227;2023.05.14 14:45;4;18.875;19.125;19;325;202;0;
4228;2023.05.14 15:00;4;18.875;19.125;19;325;202;0;
4229;2023.05.14 15:15;4;18.875;19.125;19;325;202;0;
4230;2023.05.14 15:30;4;18.875;19.125;19;325;202;0;
4231;2023.05.14 15:45;4;18.875;19.0625;19;325;202;0;
4232;2023.05.14 16:00;4;18.8125;19.0625;19;325;202;0;
4233;2023.05.14 16:15;4;18.8125;19.0625;19;325;202;0;
4234;2023.05.14 16:30;4;18.8125;19;19;325;202;0;
4235;2023.05.14 16:45;4;18.8125;19;19;325;202;0;
4236;2023.05.14 17:00;4;18.875;19;19;325;202;0;
4237;2023.05.14 17:15;4;18.875;19.0625;19.0625;325;202;0;
4238;2023.05.14 17:30;4;19;19.125;19.125;325;202;0;
4239;2023.05.14 17:45;4;19.125;19.125;19.25;326;202;0;
4240;2023.05.14 18:00;4;19.125;19.25;19.375;326;202;0;
4241;2023.05.14 18:15;4;19.25;19.25;19.375;326;202;0;
4242;2023.05.14 18:30;4;19.25;19.25;19.5;326;202;0;
4243;2023.05.14 18:45;4;19.3125;19.375;19.5625;327;202;0;
4244;2023.05.14 19:00;4;19.375;19.375;19.625;327;202;0;
4245;2023.05.14 19:15;4;19.4375;19.4375;19.75;327;202;0;
4246;2023.05.14 19:30;4;19.5;19.5;19.75;327;202;0;
4247;2023.05.14 19:45;4;19.5;19.5;19.875;327;202;0;
4248;2023.05.14 20:00;4;19.625;19.5625;19.875;328;202;0;
4249;2023.05.14 20:15;4;19.625;19.625;19.9375;328;202;0;
4250;2023.05.14 20:30;4;19.625;19.625;20;328;202;0;
4251;2023.05.14 20:45;4;19.6875;19.6875;20;328;202;0;
4252;2023.05.14 21:00;4;19.75;19.75;20;328;202;0;
4253;2023.05.14 21:15;4;19.75;19.75;20.0625;328;202;0;
4254;2023.05.14 21:30;4;19.75;19.75;20.125;329;202;0;
4255;2023.05.14 21:45;4;19.875;19.875;20.125;329;202;0;
4256;2023.05.14 22:00;4;19.875;19.875;20.125;329;202;0;
4257;2023.05.14 22:15;4;19.875;19.875;20.1875;329;202;0;
4258;2023.05.14 22:30;4;19.9375;19.9375;20.25;329;202;0;
4259;2023.05.14 22:45;4;20;20;20.25;329;202;0;
4260;2023.05.14 23:00;4;20;20;20.25;330;202;0;
4261;2023.05.14 23:15;4;20;20;20.3125;330;202;0;
4262;2023.05.14 23:30;4;20.0625;20.0625;20.375;330;202;0;
4263;2023.05.14 23:45;4;20.125;20.125;20.375;330;202;0;
4264;2023.05.15 00:00;4;20.125;20.125;20.375;330;202;0;
4265;2023.05.15 00:15;4;20.125;20.125;20.375;330;202;0;
4266;2023.05.15 00:30;4;20.125;20.1875;20.4375;330;202;0;
4267;2023.05.15 00:45;4;20.125;20.1875;20.375;330;202;0;
4268;2023.05.15 01:00;4;20.125;20.25;20.375;330;202;0;
4269;2023.05.15 01:15;4;20.125;20.25;20.375;330;202;0;
4270;2023.05.15 01:30;4;20.125;20.25;20.375;330;202;0;
4271;2023.05.15 01:45;4;20.125;20.25;20.375;330;202;0;
4272;2023.05.15 02:00;4;20.125;20.25;20.375;330;202;0;
4273;2023.05.15 02:15;4;20.125;20.25;20.375;330;202;0;
4274;2023.05.15 02:30;4;20.0625;20.25;20.25;330;202;0;
4275;2023.05.15 02:45;4;20.0625;20.25;20.25;330;202;0;
4276;2023.05.15 03:00;4;20;20.1875;20.25;330;202;0;
4277;2023.05.15 03:15;4;20;20.1875;20.1875;330;202;0;
4278;2023.05.15 03:30;4;20;20.125;20.1875;330;202;0;
4279;2023.05.15 03:45;4;20;20.125;20.125;330;202;0;
4280;2023.05.15 04:00;4;19.875;20.125;20.125;330;202;0;
4281;2023.05.15 04:15;4;19.875;20.125;20.0625;330;202;0;
4282;2023.05.15 04:30;4;19.875;20.125;20;330;202;0;
4283;2023.05.15 04:45;4;19.875;20.0625;20;330;202;0;
4284;2023.05.15 05:00;4;19.8125;20.0625;19.9375;329;202;0;
4285;2023.05.15 05:15;4;19.75;20;19.875;329;202;0;
4286;2023.05.15 05:30;4;19.75;20;19.875;329;202;0;
4287;2023.05.15 05:45;4;19.75;20;19.875;329;202;0;
4288;2023.05.15 06:00;4;19.6875;20;19.875;329;202;0;
4289;2023.05.15 06:15;4;19.625;19.9375;19.75;329;202;0;
4290;2023.05.15 06:30;4;19.625;19.875;19.75;329;202;0;
4291;2023.05.15 06:45;4;19.625;19.875;19.75;329;202;0;
4292;2023.05.15 07:00;4;19.625;19.875;19.75;329;202;0;
4293;2023.05.15 07:15;4;19.5625;19.875;19.6875;329;202;0;
4294;2023.05.15 07:30;4;19.5;19.8125;19.6875;328;202;0;
4295;2023.05.15 07:45;4;19.5;19.75;19.625;328;202;0;
4296;2023.05.15 08:00;4;19.5;19.75;19.625;328;202;0;
4297;2023.05.15 08:15;4;19.5;19.75;19.625;328;202;0;
4298;2023.05.15 08:30;4;19.5;19.75;19.625;328;202;0;
4299;2023.05.15 08:45;4;19.4375;19.75;19.5625;328;202;0;
4300;2023.05.15 09:00;4;19.375;19.6875;19.5625;328;202;0;
4301;2023.05.15 09:15;4;19.375;19.625;19.5;328;202;0;
4302;2023.05.15 09:30;4;19.375;19.625;19.5;328;202;0;
4303;2023.05.15 09:45;4;19.375;19.625;19.5;328;202;0;
4304;2023.05.15 10:00;4;19.375;19.625;19.5;328;202;0;
4305;2023.05.15 10:15;4;19.3125;19.625;19.5;328;202;0;
4306;2023.05.15 10:30;4;19.3125;19.5625;19.5;327;202;0;
4307;2023.05.15 10:45;4;19.25;19.5625;19.4375;327;202;0;
4308;2023.05.15 11:00;4;19.25;19.5;19.4375;327;202;0;
4309;2023.05.15 11:15;4;19.25;19.5;19.375;327;202;0;
4310;2023.05.15 11:30;4;19.25;19.5;19.375;327;202;0;
4311;2023.05.15 11:45;4;19.25;19.5;19.375;327;202;0;
4312;2023.05.15 12:00;4;19.25;19.5;19.375;327;202;0;
4313;2023.05.15 12:15;4;19.1875;19.5;19.375;327;202;0;
4314;2023.05.15 12:30;4;19.1875;19.4375;19.375;327;202;0;
4315;2023.05.15 12:45;4;19.1875;19.4375;19.375;327;202;0;
4316;2023.05.15 13:00;4;19.125;19.375;19.3125;327;202;0;
4317;2023.05.15 13:15;4;19.125;19.375;19.3125;327;202;0;
4318;2023.05.15 13:30;4;19.125;19.375;19.3125;327;202;0;
4319;2023.05.15 13:45;4;19.125;19.375;19.3125;327;202;0;
4320;2023.05.15 14:00;4;19.125;19.375;19.25;327;202;0;
4321;2023.05.15 14:15;4;19.125;19.375;19.25;327;202;0;
4322;2023.05.15 14:30;4;19.125;19.375;19.25;327;202;0;
4323;2023.05.15 14:45;4;19.125;19.375;19.25;327;202;0;
4324;2023.05.15 15:00;4;19.125;19.375;19.25;327;202;0;
4325;2023.05.15 15:15;4;19.125;19.3125;19.25;327;202;0;
4326;2023.05.15 15:30;4;19.125;19.3125;19.25;327;202;0;
4327;2023.05.15 15:45;4;19.125;19.3125;19.25;327;202;0;
4328;2023.05.15 16:00;4;19.125;19.3125;19.25;327;202;0;
4329;2023.05.15 16:15;4;19.125;19.3125;19.25;327;202;0;
4330;2023.05.15 16:30;4;19.125;19.3125;19.3125;327;202;0;
4331;2023.05.15 16:45;4;19.1875;19.375;19.375;327;202;0;
4332;2023.05.15 17:00;4;19.25;19.375;19.4375;327;202;0;
4333;2023.05.15 17:15;4;19.5;19.5;19.5;328;202;0;
4334;2023.05.15 17:30;4;19.5625;19.5625;19.625;328;202;0;
4335;2023.05.15 17:45;4;19.625;19.625;19.75;328;202;0;
4336;2023.05.15 18:00;4;19.75;19.625;19.875;328;202;0;
4337;2023.05.15 18:15;4;19.8125;19.75;19.9375;329;202;0;
4338;2023.05.15 18:30;4;19.875;19.75;20.0625;329;202;0;
4339;2023.05.15 18:45;4;20;19.875;20.1875;330;202;0;
4340;2023.05.15 19:00;4;20;19.875;20.25;330;202;0;
4341;2023.05.15 19:15;4;20.125;20;20.375;330;202;0;
4342;2023.05.15 19:30;4;20.125;20;20.375;330;202;0;
4343;2023.05.15 19:45;4;20.25;20.0625;20.5;330;202;0;
4344;2023.05.15 20:00;4;20.25;20.125;20.5;331;202;0;
4345;2023.05.15 20:15;4;20.3125;20.125;20.625;331;202;0;
4346;2023.05.15 20:30;4;20.375;20.25;20.625;331;202;0;
4347;2023.05.15 20:45;4;20.4375;20.25;20.6875;331;202;0;
4348;2023.05.15 21:00;4;20.5;20.375;20.75;332;202;0;
4349;2023.05.15 21:15;4;20.5;20.375;20.75;332;202;0;
4350;2023.05.15 21:30;4;20.5;20.375;20.75;332;202;0;
4351;2023.05.15 21:45;4;20.625;20.5;20.875;332;202;0;
4352;2023.05.15 22:00;4;20.625;20.5;20.875;332;202;0;
4353;2023.05.15 22:15;4;20.6875;20.625;20.9375;333;202;0;
4354;2023.05.15 22:30;4;20.75;20.625;21;333;202;0;
4355;2023.05.15 22:45;4;20.75;20.6875;21;333;202;0;
4356;2023.05.15 23:00;4;20.875;20.75;21.125;333;202;0;
4357;2023.05.15 23:15;4;20.875;20.75;21.125;333;202;0;
4358;2023.05.15 23:30;4;20.9375;20.8125;21.125;334;202;0;
4359;2023.05.15 23:45;4;21;20.875;21.25;334;202;0;
4360;2023.05.16 00:00;4;21;20.9375;21.25;334;202;0;
4361;2023.05.16 00:15;4;21;21;21.25;334;202;0;
4362;2023.05.16 00:30;4;21;21;21.25;334;202;0;
4363;2023.05.16 00:45;4;21.0625;21;21.3125;335;202;0;
4364;2023.05.16 01:00;4;21.0625;21.0625;21.3125;335;202;0;
4365;2023.05.16 01:15;4;21;21.0625;21.25;335;202;0;
4366;2023.05.16 01:30;4;21;21.0625;21.25;335;202;0;
4367;2023.05.16 01:45;4;21;21.0625;21.25;335;202;0;
4368;2023.05.16 02:00;4;20.9375;21.0625;21.125;335;202;0;
4369;2023.05.16 02:15;4;20.875;21;21.125;335;202;0;
4370;2023.05.16 02:30;4;20.875;21;21.0625;334;202;0;
4371;2023.05.16 02:45;4;20.8125;21;21;334;202;0;
4372;2023.05.16 03:00;4;20.75;21;21;334;202;0;
4373;2023.05.16 03:15;4;20.75;20.9375;20.9375;334;202;0;
4374;2023.05.16 03:30;4;20.6875;20.875;20.875;334;202;0;
4375;2023.05.16 03:45;4;20.625;20.875;20.8125;334;202;0;
4376;2023.05.16 04:00;4;20.625;20.875;20.75;334;202;0;
4377;2023.05.16 04:15;4;20.5;20.8125;20.6875;333;202;0;
4378;2023.05.16 04:30;4;20.5;20.75;20.625;333;202;0;
4379;2023.05.16 04:45;4;20.4375;20.75;20.625;333;202;0;
4380;2023.05.16 05:00;4;20.375;20.6875;20.5;333;202;0;
4381;2023.05.16 05:15;4;20.375;20.625;20.5;333;202;0;
4382;2023.05.16 05:30;4;20.3125;20.625;20.4375;333;202;0;
4383;2023.05.16 05:45;4;20.25;20.5625;20.375;332;202;0;
4384;2023.05.16 06:00;4;20.25;20.5;20.375;332;202;0;
4385;2023.05.16 06:15;4;20.1875;20.5;20.25;332;202;0;
4386;2023.05.16 06:30;4;20.125;20.4375;20.25;332;202;0;
4387;2023.05.16 06:45;4;20.125;20.375;20.1875;332;202;0;
4388;2023.05.16 07:00;4;20;20.375;20.125;332;202;0;
4389;2023.05.16 07:15;4;20;20.3125;20.125;331;202;0;
4390;2023.05.16 07:30;4;20;20.25;20.0625;331;202;0;
4391;2023.05.16 07:45;4;19.9375;20.25;20;331;202;0;
4392;2023.05.16 08:00;4;19.875;20.1875;20;331;202;0;
4393;2023.05.16 08:15;4;19.875;20.125;20;331;202;0;
4394;2023.05.16 08:30;4;19.8125;20.125;19.875;331;202;0;
4395;2023.05.16 08:45;4;19.75;20.125;19.875;330;202;0;
4396;2023.05.16 09:00;4;19.75;20;19.875;330;202;0;
4397;2023.05.16 09:15;4;19.75;20;19.8125;330;202;0;
4398;2023.05.16 09:30;4;19.6875;20;19.8125;330;202;0;
4399;2023.05.16 09:45;4;19.625;19.9375;19.75;330;202;0;
4400;2023.05.16 10:00;4;19.625;19.875;19.75;330;202;0;
4401;2023.05.16 10:15;4;19.625;19.875;19.75;330;202;0;
4402;2023.05.16 10:30;4;19.5625;19.875;19.75;329;202;0;
4403;2023.05.16 10:45;4;19.5;19.8125;19.6875;329;202;0;
4404;2023.05.16 11:00;4;19.5;19.75;19.625;329;202;0;
4405;2023.05.16 11:15;4;19.5;19.75;19.625;329;202;0;
4406;2023.05.16 11:30;4;19.5;19.75;19.625;329;202;0;
4407;2023.05.16 11:45;4;19.4375;19.75;19.625;329;202;0;
4408;2023.05.16 12:00;4;19.375;19.625;19.5625;329;202;0;
4409;2023.05.16 12:15;4;19.375;19.625;19.5;329;202;0;
4410;2023.05.16 12:30;4;19.375;19.625;19.5;329;202;0;
4411;2023.05.16 12:45;4;19.375;19.625;19.5;328;202;0;
4412;2023.05.16 13:00;4;19.3125;19.5625;19.5;328;202;0;
4413;2023.05.16 13:15;4;19.25;19.5625;19.5;328;202;0;
4414;2023.05.16 13:30;4;19.25;19.5;19.4375;328;202;0;
4415;2023.05.16 13:45;4;19.25;19.5;19.375;328;202;0;
4416;2023.05.16 14:00;4;19.25;19.5;19.375;328;202;0;
4417;2023.05.16 14:15;4;19.25;19.5;19.375;328;202;0;
4418;2023.05.16 14:30;4;19.1875;19.4375;19.375;328;202;0;
4419;2023.05.16 14:45;4;19.25;19.4375;19.375;328;202;0;
4420;2023.05.16 15:00;4;19.25;19.4375;19.375;328;202;0;
4421;2023.05.16 15:15;4;19.25;19.5;19.375;328;202;0;
4422;2023.05.16 15:30;4;19.25;19.4375;19.4375;328;202;0;
4423;2023.05.16 15:45;4;19.3125;19.5;19.5;328;202;0;
4424;2023.05.16 16:00;4;19.375;19.5;19.5;328;202;0;
4425;2023.05.16 16:15;4;19.375;19.5;19.5625;328;202;0;
4426;2023.05.16 16:30;4;19.5;19.5;19.625;328;202;0;
4427;2023.05.16 16:45;4;19.625;19.625;19.6875;323;202;0;
4428;2023.05.16 17:00;4;23.375;21.5;20.625;339;202;0;
4429;2023.05.16 17:15;4;21.125;21;20.5625;342;202;0;
4430;2023.05.16 17:30;4;20.5625;20.6875;20.5;341;202;0;
4431;2023.05.16 17:45;4;20.5;20.625;20.4375;331;202;0;
4432;2023.05.16 18:00;4;20.3125;20.5;20.375;331;202;0;
4433;2023.05.16 18:15;4;20.25;20.5;20.375;331;202;0;
4434;2023.05.16 18:30;4;20.125;20.375;20.375;335;202;0;
4435;2023.05.16 18:45;4;20.125;20.375;20.3125;335;202;0;
4436;2023.05.16 19:00;4;20.125;20.375;20.3125;334;202;0;
4437;2023.05.16 19:15;4;20.0625;20.3125;20.3125;333;202;0;
4438;2023.05.16 19:30;4;20.125;20.25;20.375;334;202;0;
4439;2023.05.16 19:45;4;20.125;20.25;20.375;334;202;0;
4440;2023.05.16 20:00;4;20.125;20.25;20.375;334;202;0;
4441;2023.05.16 20:15;4;20.125;20.25;20.375;334;202;0;
4442;2023.05.16 20:30;4;20.1875;20.3125;20.4375;334;202;0;
4443;2023.05.16 20:45;4;20.1875;20.3125;20.4375;334;202;0;
4444;2023.05.16 21:00;4;20.25;20.3125;20.5;334;202;0;
4445;2023.05.16 21:15;4;20.25;20.375;20.5;334;202;0;
4446;2023.05.16 21:30;4;20.25;20.375;20.5;334;202;0;
4447;2023.05.16 21:45;4;20.25;20.375;20.5;334;202;0;
4448;2023.05.16 22:00;4;20.25;20.375;20.5;334;202;0;
4449;2023.05.16 22:15;4;20.3125;20.375;20.5;334;202;0;
4450;2023.05.16 22:30;4;20.3125;20.375;20.5;334;202;0;
4451;2023.05.16 22:45;4;20.375;20.375;20.5625;335;202;0;
4452;2023.05.16 23:00;4;20.375;20.375;20.5625;335;202;0;
4453;2023.05.16 23:15;4;20.375;20.4375;20.5625;335;202;0;
4454;2023.05.16 23:30;4;20.375;20.4375;20.625;335;202;0;
4455;2023.05.16 23:45;4;20.375;20.4375;20.625;335;202;0;
4456;2023.05.17 00:00;4;20.375;20.5;20.625;335;202;0;
4457;2023.05.17 00:15;4;20.4375;20.5;20.625;335;202;0;
4458;2023.05.17 00:30;4;20.375;20.5;20.625;336;202;0;
4459;2023.05.17 00:45;4;20.375;20.5;20.6875;336;202;0;
4460;2023.05.17 01:00;4;20.375;20.5;20.625;336;202;0;
4461;2023.05.17 01:15;4;20.375;20.5;20.6875;336;202;0;
4462;2023.05.17 01:30;4;20.375;20.5;20.625;336;202;0;
4463;2023.05.17 01:45;4;20.375;20.5;20.625;336;202;0;
4464;2023.05.17 02:00;4;20.375;20.5;20.625;336;202;0;
4465;2023.05.17 02:15;4;20.375;20.5;20.625;336;202;0;
4466;2023.05.17 02:30;4;20.375;20.5;20.625;336;202;0;
4467;2023.05.17 02:45;4;20.4375;20.5;20.625;336;202;0;
4468;2023.05.17 03:00;4;20.4375;20.5;20.625;336;202;0;
4469;2023.05.17 03:15;4;20.4375;20.5;20.625;336;202;0;
4470;2023.05.17 03:30;4;20.4375;20.5;20.625;336;202;0;
4471;2023.05.17 03:45;4;20.4375;20.5;20.625;336;202;0;
4472;2023.05.17 04:00;4;20.4375;20.5625;20.625;336;202;0;
4473;2023.05.17 04:15;4;20.4375;20.5625;20.5625;336;202;0;
4474;2023.05.17 04:30;4;20.4375;20.5625;20.5625;336;202;0;
4475;2023.05.17 04:45;4;20.4375;20.5625;20.5625;336;202;0;
4476;2023.05.17 05:00;4;20.4375;20.5625;20.5;336;202;0;
4477;2023.05.17 05:15;4;20.4375;20.5625;20.5;336;202;0;
4478;2023.05.17 05:30;4;20.4375;20.5625;20.5;336;202;0;
4479;2023.05.17 05:45;4;20.4375;20.5625;20.5;336;202;0;
4480;2023.05.17 06:00;4;20.375;20.625;20.5;336;202;0;
4481;2023.05.17 06:15;4;20.375;20.5625;20.5;336;202;0;
4482;2023.05.17 06:30;4;20.375;20.5625;20.5;336;202;0;
4483;2023.05.17 06:45;4;20.375;20.625;20.4375;336;202;0;
4484;2023.05.17 07:00;4;20.375;20.5625;20.375;336;202;0;
4485;2023.05.17 07:15;4;20.375;20.5625;20.375;336;202;0;
4486;2023.05.17 07:30;4;20.375;20.5625;20.375;336;202;0;
4487;2023.05.17 07:45;4;20.375;20.5625;20.375;336;202;0;
4488;2023.05.17 08:00;4;20.375;20.5625;20.375;336;202;0;
4489;2023.05.17 08:15;4;20.375;20.5625;20.375;336;202;0;
4490;2023.05.17 08:30;4;20.375;20.5625;20.3125;336;202;0;
4491;2023.05.17 08:45;4;20.3125;20.5625;20.25;336;202;0;
4492;2023.05.17 09:00;4;20.3125;20.5625;20.25;336;202;0;
4493;2023.05.17 09:15;4;20.3125;20.5;20.25;336;202;0;
4494;2023.05.17 09:30;4;20.25;20.5;20.25;336;202;0;
4495;2023.05.17 09:45;4;20.25;20.5;20.25;336;202;0;
4496;2023.05.17 10:00;4;20.25;20.5;20.25;336;202;0;
4497;2023.05.17 10:15;4;20.25;20.5;20.1875;336;202;0;
4498;2023.05.17 10:30;4;20.25;20.5;20.125;335;202;0;
4499;2023.05.17 10:45;4;20.25;20.5;20.125;335;202;0;
4500;2023.05.17 11:00;4;20.25;20.5;20.125;335;202;0;
4501;2023.05.17 11:15;4;20.1875;20.5;20.125;335;202;0;
4502;2023.05.17 11:30;4;20.125;20.4375;20.125;335;202;0;
4503;2023.05.17 11:45;4;20.125;20.4375;20.0625;335;202;0;
4504;2023.05.17 12:00;4;20.125;20.4375;20;335;202;0;
4505;2023.05.17 12:15;4;20.125;20.375;20;335;202;0;
4506;2023.05.17 12:30;4;20.125;20.375;20;335;202;0;
4507;2023.05.17 12:45;4;20.125;20.375;20;335;202;0;
4508;2023.05.17 13:00;4;20.0625;20.375;19.9375;335;202;0;
4509;2023.05.17 13:15;4;20.0625;20.375;19.9375;335;202;0;
4510;2023.05.17 13:30;4;20;20.375;19.875;335;202;0;
4511;2023.05.17 13:45;4;20;20.375;19.875;335;202;0;
4512;2023.05.17 14:00;4;20;20.3125;19.875;335;202;0;
4513;2023.05.17 14:15;4;20;20.25;19.875;335;202;0;
4514;2023.05.17 14:30;4;20;20.25;19.875;335;202;0;
4515;2023.05.17 14:45;4;19.9375;20.25;19.8125;335;202;0;
4516;2023.05.17 15:00;4;19.875;20.25;19.8125;334;202;0;
4517;2023.05.17 15:15;4;19.875;20.25;19.8125;334;202;0;
4518;2023.05.17 15:30;4;19.875;20.25;19.8125;334;202;0;
4519;2023.05.17 15:45;4;19.875;20.1875;19.8125;334;202;0;
4520;2023.05.17 16:00;4;19.8125;20.1875;19.8125;334;202;0;
4521;2023.05.17 16:15;4;19.8125;20.125;19.8125;334;202;0;
4522;2023.05.17 16:30;4;19.75;20.125;19.8125;334;202;0;
4523;2023.05.17 16:45;4;19.75;20.125;19.875;334;202;0;
4524;2023.05.17 17:00;4;19.75;20.125;19.875;334;202;0;
4525;2023.05.17 17:15;4;19.75;20.0625;19.875;334;202;0;
4526;2023.05.17 17:30;4;19.75;20.0625;19.875;334;202;0;
4527;2023.05.17 17:45;4;19.75;20;19.875;334;202;0;
4528;2023.05.17 18:00;4;19.75;20;19.875;334;202;0;
4529;2023.05.17 18:15;4;19.6875;20;19.875;334;202;0;
4530;2023.05.17 18:30;4;19.6875;20;19.875;334;202;0;
4531;2023.05.17 18:45;4;19.6875;20;19.875;334;202;0;
4532;2023.05.17 19:00;4;19.6875;20;19.875;334;202;0;
4533;2023.05.17 19:15;4;19.6875;20;19.9375;334;202;0;
4534;2023.05.17 19:30;4;19.6875;20;19.9375;334;202;0;
4535;2023.05.17 19:45;4;19.6875;20;20;334;202;0;
4536;2023.05.17 20:00;4;19.75;19.9375;20;334;202;0;
4537;2023.05.17 20:15;4;19.75;19.9375;20;334;202;0;
4538;2023.05.17 20:30;4;19.75;19.9375;20;334;202;0;
4539;2023.05.17 20:45;4;19.75;19.9375;20;334;202;0;
4540;2023.05.17 21:00;4;19.75;19.9375;20;334;202;0;
4541;2023.05.17 21:15;4;19.75;19.9375;20;334;202;0;
4542;2023.05.17 21:30;4;19.75;19.9375;20;334;202;0;
4543;2023.05.17 21:45;4;19.75;19.9375;20.0625;334;202;0;
4544;2023.05.17 22:00;4;19.75;19.9375;20.0625;334;202;0;
4545;2023.05.17 22:15;4;19.75;19.9375;20.125;334;202;0;
4546;2023.05.17 22:30;4;19.8125;20;20.125;334;202;0;
4547;2023.05.17 22:45;4;19.8125;20;20.125;334;202;0;
4548;2023.05.17 23:00;4;19.8125;20;20.125;334;202;0;
4549;2023.05.17 23:15;4;19.875;20;20.125;334;202;0;
4550;2023.05.17 23:30;4;19.875;20;20.1875;334;202;0;
4551;2023.05.17 23:45;4;19.875;20;20.1875;334;202;0;
4552;2023.05.18 00:00;4;19.875;20;20.25;334;202;0;
4553;2023.05.18 00:15;4;19.9375;20;20.25;334;202;0;
4554;2023.05.18 00:30;4;20;20;20.25;335;202;0;
4555;2023.05.18 00:45;4;20;20.0625;20.3125;335;202;0;
4556;2023.05.18 01:00;4;20;20.0625;20.375;335;202;0;
4557;2023.05.18 01:15;4;20.0625;20.0625;20.375;335;202;0;
4558;2023.05.18 01:30;4;20.0625;20.125;20.375;335;202;0;
4559;2023.05.18 01:45;4;20.125;20.125;20.375;335;202;0;
4560;2023.05.18 02:00;4;20.125;20.125;20.375;335;202;0;
4561;2023.05.18 02:15;4;20.125;20.125;20.4375;335;202;0;
4562;2023.05.18 02:30;4;20.125;20.125;20.5;335;202;0;
4563;2023.05.18 02:45;4;20.125;20.125;20.5;336;202;0;
4564;2023.05.18 03:00;4;20.125;20.1875;20.5;336;202;0;
4565;2023.05.18 03:15;4;20.125;20.1875;20.5;336;202;0;
4566;2023.05.18 03:30;4;20.1875;20.25;20.5;336;202;0;
4567;2023.05.18 03:45;4;20.1875;20.25;20.5;336;202;0;
4568;2023.05.18 04:00;4;20.25;20.25;20.5;336;202;0;
4569;2023.05.18 04:15;4;20.25;20.25;20.5;336;202;0;
4570;2023.05.18 04:30;4;20.25;20.25;20.5;336;202;0;
4571;2023.05.18 04:45;4;20.25;20.25;20.5;336;202;0;
4572;2023.05.18 05:00;4;20.25;20.3125;20.5;336;202;0;
4573;2023.05.18 05:15;4;20.25;20.3125;20.5;336;202;0;
4574;2023.05.18 05:30;4;20.25;20.375;20.5;336;202;0;
4575;2023.05.18 05:45;4;20.25;20.375;20.5;336;202;0;
4576;2023.05.18 06:00;4;20.25;20.375;20.5;336;202;0;
4577;2023.05.18 06:15;4;20.25;20.375;20.5;336;202;0;
4578;2023.05.18 06:30;4;20.25;20.375;20.5;336;202;0;
4579;2023.05.18 06:45;4;20.25;20.375;20.5;336;202;0;
4580;2023.05.18 07:00;4;20.25;20.375;20.5;337;202;0;
4581;2023.05.18 07:15;4;20.25;20.375;20.5;337;202;0;
4582;2023.05.18 07:30;4;20.25;20.375;20.5;337;202;0;
4583;2023.05.18 07:45;4;20.25;20.4375;20.5;337;202;0;
4584;2023.05.18 08:00;4;20.25;20.4375;20.5;337;202;0;
4585;2023.05.18 08:15;4;20.25;20.4375;20.5;337;202;0;
4586;2023.05.18 08:30;4;20.25;20.4375;20.5;337;202;0;
4587;2023.05.18 08:45;4;20.25;20.4375;20.5;337;202;0;
4588;2023.05.18 09:00;4;20.25;20.4375;20.5;337;202;0;
4589;2023.05.18 09:15;4;20.25;20.5;20.5;337;202;0;
4590;2023.05.18 09:30;4;20.25;20.4375;20.5;337;202;0;
4591;2023.05.18 09:45;4;20.25;20.4375;20.5;337;202;0;
4592;2023.05.18 10:00;4;20.25;20.5;20.5;337;202;0;
4593;2023.05.18 10:15;4;20.25;20.5;20.5;337;202;0;
4594;2023.05.18 10:30;4;20.25;20.5;20.5;337;202;0;
4595;2023.05.18 10:45;4;20.25;20.5;20.5;337;202;0;
4596;2023.05.18 11:00;4;20.25;20.5;20.5;337;202;0;
4597;2023.05.18 11:15;4;20.25;20.5;20.4375;337;202;0;
4598;2023.05.18 11:30;4;20.25;20.5;20.4375;337;202;0;
4599;2023.05.18 11:45;4;20.25;20.5;20.4375;337;202;0;
4600;2023.05.18 12:00;4;20.1875;20.4375;20.375;337;202;0;
4601;2023.05.18 12:15;4;20.1875;20.4375;20.375;337;202;0;
4602;2023.05.18 12:30;4;20.1875;20.4375;20.375;336;202;0;
4603;2023.05.18 12:45;4;20.1875;20.4375;20.375;336;202;0;
4604;2023.05.18 13:00;4;20.125;20.4375;20.375;336;202;0;
4605;2023.05.18 13:15;4;20.125;20.4375;20.375;336;202;0;
4606;2023.05.18 13:30;4;20.125;20.4375;20.375;336;202;0;
4607;2023.05.18 13:45;4;20.125;20.375;20.375;336;202;0;
4608;2023.05.18 14:00;4;20.125;20.375;20.375;336;202;0;
4609;2023.05.18 14:15;4;20.125;20.375;20.375;336;202;0;
4610;2023.05.18 14:30;4;20.125;20.375;20.375;336;202;0;
4611;2023.05.18 14:45;4;20.125;20.375;20.3125;336;202;0;
4612;2023.05.18 15:00;4;20.125;20.375;20.3125;336;202;0;
4613;2023.05.18 15:15;4;20.125;20.375;20.3125;336;202;0;
4614;2023.05.18 15:30;4;20.0625;20.375;20.25;336;202;0;
4615;2023.05.18 15:45;4;20.0625;20.375;20.25;336;202;0;
4616;2023.05.18 16:00;4;20.0625;20.375;20.25;336;202;0;
4617;2023.05.18 16:15;4;20.0625;20.375;20.25;336;202;0;
4618;2023.05.18 16:30;4;20;20.375;20.25;336;202;0;
4619;2023.05.18 16:45;4;20;20.3125;20.25;336;202;0;
4620;2023.05.18 17:00;4;20;20.3125;20.25;335;202;0;
4621;2023.05.18 17:15;4;20;20.3125;20.3125;337;202;0;
4622;2023.05.18 17:30;4;20;20.3125;20.375;337;202;0;
4623;2023.05.18 17:45;4;20.125;20.375;20.375;337;202;0;
4624;2023.05.18 18:00;4;20.125;20.375;20.375;337;202;0;
4625;2023.05.18 18:15;4;20.1875;20.375;20.375;337;202;0;
4626;2023.05.18 18:30;4;20.1875;20.375;20.4375;338;202;0;
4627;2023.05.18 18:45;4;20.25;20.375;20.4375;338;202;0;
4628;2023.05.18 19:00;4;20.25;20.375;20.5;338;202;0;
4629;2023.05.18 19:15;4;20.25;20.375;20.5;338;202;0;
4630;2023.05.18 19:30;4;20.25;20.375;20.5;338;202;0;
4631;2023.05.18 19:45;4;20.25;20.4375;20.5;338;202;0;
4632;2023.05.18 20:00;4;20.3125;20.4375;20.5;337;202;0;
4633;2023.05.18 20:15;4;21;20.6875;20.75;338;202;0;
4634;2023.05.18 20:30;4;21.625;21;21.125;339;202;0;
4635;2023.05.18 20:45;4;22;21.25;21.375;343;202;0;
4636;2023.05.18 21:00;4;22.1875;21.4375;21.625;343;202;0;
4637;2023.05.18 21:15;4;22.0625;21.5;21.75;344;202;0;
4638;2023.05.18 21:30;4;22.0625;21.5;21.875;344;202;0;
4639;2023.05.18 21:45;4;22.125;21.625;22;345;202;0;
4640;2023.05.18 22:00;4;22.125;21.625;22.1875;344;202;0;
4641;2023.05.18 22:15;4;22.125;21.6875;22.375;344;202;0;
4642;2023.05.18 22:30;4;22.1875;21.75;22.5;344;202;0;
4643;2023.05.18 22:45;4;22.375;21.875;22.625;344;202;0;
4644;2023.05.18 23:00;4;22.5;22;22.875;346;202;0;
4645;2023.05.18 23:15;4;22.5;22;22.9375;346;202;0;
4646;2023.05.18 23:30;4;22.625;22.125;23;346;202;0;
4647;2023.05.18 23:45;4;22.6875;22.1875;23.125;345;202;0;
4648;2023.05.19 00:00;4;22.5625;22.1875;23;344;202;0;
4649;2023.05.19 00:15;4;21.9375;21.9375;22.5625;343;202;0;
4650;2023.05.19 00:30;4;21;21.5;21.875;340;202;0;
4651;2023.05.19 00:45;4;20;20.9375;21.125;337;202;0;
4652;2023.05.19 01:00;4;19;20.375;20.25;334;202;0;
4653;2023.05.19 01:15;4;18;19.75;19.4375;332;202;0;
4654;2023.05.19 01:30;4;17.25;19.25;18.625;330;202;0;
4655;2023.05.19 01:45;4;17;18.875;18.25;329;202;0;
4656;2023.05.19 02:00;4;17.4375;18.9375;18.375;330;202;0;
4657;2023.05.19 02:15;4;18.625;19.3125;19.125;331;202;0;
4658;2023.05.19 02:30;4;19.625;19.8125;19.6875;335;202;0;
4659;2023.05.19 02:45;4;20.25;20.125;20.125;336;202;0;
4660;2023.05.19 03:00;4;20.625;20.375;20.5;337;202;0;
4661;2023.05.19 03:15;4;20.8125;20.625;20.6875;338;202;0;
4662;2023.05.19 03:30;4;20.9375;20.75;20.875;338;202;0;
4663;2023.05.19 03:45;4;21;20.8125;21;339;202;0;
4664;2023.05.19 04:00;4;21;20.875;21.0625;341;202;0;
4665;2023.05.19 04:15;4;21;20.875;21.125;341;202;0;
4666;2023.05.19 04:30;4;20.875;20.875;21.125;341;202;0;
4667;2023.05.19 04:45;4;20.875;20.875;21;339;202;0;
4668;2023.05.19 05:00;4;20.75;20.875;21;339;202;0;
4669;2023.05.19 05:15;4;20.5;20.75;20.75;339;202;0;
4670;2023.05.19 05:30;4;20.125;20.5;20.375;338;202;0;
4671;2023.05.19 05:45;4;19.5625;20.25;19.9375;336;202;0;
4672;2023.05.19 06:00;4;18.9375;19.875;19.375;334;202;0;
4673;2023.05.19 06:15;4;18.3125;19.5;18.875;332;202;0;
4674;2023.05.19 06:30;4;17.625;19.0625;18.25;330;202;0;
4675;2023.05.19 06:45;4;17;18.625;17.625;328;202;0;
4676;2023.05.19 07:00;4;16.5;18.25;17.0625;326;202;0;
4677;2023.05.19 07:15;4;15.9375;17.875;16.5;325;202;0;
4678;2023.05.19 07:30;4;15.5;17.5;16;323;202;0;
4679;2023.05.19 07:45;4;15.125;17.1875;15.625;324;202;0;
4680;2023.05.19 08:00;4;15.75;17.375;16;327;202;0;
4681;2023.05.19 08:15;4;16.5;17.625;16.4375;328;202;0;
4682;2023.05.19 08:30;4;16.8125;17.75;16.625;328;202;0;
4683;2023.05.19 08:45;4;16.9375;17.8125;16.625;328;202;0;
4684;2023.05.19 09:00;4;17.125;17.875;16.75;329;202;0;
4685;2023.05.19 09:15;4;17.25;18;16.875;329;202;0;
4686;2023.05.19 09:30;4;17.4375;18;17;330;202;0;
4687;2023.05.19 09:45;4;17.5;18.125;17;330;202;0;
4688;2023.05.19 10:00;4;17.625;18.125;17.125;330;202;0;
4689;2023.05.19 10:15;4;17.625;18.125;17.125;330;202;0;
4690;2023.05.19 10:30;4;17.6875;18.1875;17.25;330;202;0;
4691;2023.05.19 10:45;4;17.75;18.1875;17.25;330;202;0;
4692;2023.05.19 11:00;4;17.75;18.1875;17.25;331;202;0;
4693;2023.05.19 11:15;4;17.75;18.1875;17.3125;331;202;0;
4694;2023.05.19 11:30;4;17.75;18.1875;17.375;330;202;0;
4695;2023.05.19 11:45;4;17.75;18.1875;17.375;330;202;0;
4696;2023.05.19 12:00;4;17.6875;18.125;17.375;330;202;0;
4697;2023.05.19 12:15;4;17.6875;18.125;17.375;330;202;0;
4698;2023.05.19 12:30;4;17.625;18.125;17.375;330;202;0;
4699;2023.05.19 12:45;4;17.625;18.125;17.375;330;202;0;
4700;2023.05.19 13:00;4;17.625;18.125;17.375;330;202;0;
4701;2023.05.19 13:15;4;17.5625;18.0625;17.375;330;202;0;
4702;2023.05.19 13:30;4;17.5;18;17.375;330;202;0;
4703;2023.05.19 13:45;4;17.5;18;17.3125;330;202;0;
4704;2023.05.19 14:00;4;17.5;18;17.3125;330;202;0;
4705;2023.05.19 14:15;4;17.4375;17.9375;17.25;329;202;0;
4706;2023.05.19 14:30;4;17.375;17.875;17.25;329;202;0;
4707;2023.05.19 14:45;4;17.375;17.875;17.25;329;202;0;
4708;2023.05.19 15:00;4;17.375;17.875;17.25;329;202;0;
4709;2023.05.19 15:15;4;17.3125;17.875;17.1875;329;202;0;
4710;2023.05.19 15:30;4;17.25;17.8125;17.125;329;202;0;
4711;2023.05.19 15:45;4;17.25;17.75;17.125;329;202;0;
4712;2023.05.19 16:00;4;17.1875;17.75;17.125;329;202;0;
4713;2023.05.19 16:15;4;17.1875;17.75;17.125;328;202;0;
4714;2023.05.19 16:30;4;17.125;17.6875;17.0625;328;202;0;
4715;2023.05.19 16:45;4;17.125;17.625;17;328;202;0;
4716;2023.05.19 17:00;4;17.125;17.625;17;328;202;0;
4717;2023.05.19 17:15;4;17.0625;17.625;17;328;202;0;
4718;2023.05.19 17:30;4;17;17.5;16.9375;328;202;0;
4719;2023.05.19 17:45;4;16.875;17.5;16.875;328;202;0;
4720;2023.05.19 18:00;4;16.875;17.4375;16.875;327;202;0;
4721;2023.05.19 18:15;4;16.75;17.375;16.8125;327;202;0;
4722;2023.05.19 18:30;4;16.75;17.3125;16.75;327;202;0;
4723;2023.05.19 18:45;4;16.6875;17.25;16.75;327;202;0;
4724;2023.05.19 19:00;4;16.625;17.25;16.6875;327;202;0;
4725;2023.05.19 19:15;4;16.625;17.1875;16.625;326;202;0;
4726;2023.05.19 19:30;4;16.5;17.125;16.625;326;202;0;
4727;2023.05.19 19:45;4;16.5;17.125;16.625;326;202;0;
4728;2023.05.19 20:00;4;16.5;17.0625;16.5625;326;202;0;
4729;2023.05.19 20:15;4;16.4375;17;16.5625;323;202;0;
4730;2023.05.19 20:30;4;16.375;17;16.5;323;202;0;
4731;2023.05.19 20:45;4;16.375;16.9375;16.5;323;202;0;
4732;2023.05.19 21:00;4;16.375;16.875;16.5;323;202;0;
4733;2023.05.19 21:15;4;16.3125;16.875;16.5;323;202;0;
4734;2023.05.19 21:30;4;16.25;16.75;16.4375;323;202;0;
4735;2023.05.19 21:45;4;16.25;16.75;16.375;322;202;0;
4736;2023.05.19 22:00;4;16.25;16.75;16.375;322;202;0;
4737;2023.05.19 22:15;4;16.1875;16.625;16.375;322;202;0;
4738;2023.05.19 22:30;4;16.125;16.625;16.375;322;202;0;
4739;2023.05.19 22:45;4;16.125;16.625;16.375;322;202;0;
4740;2023.05.19 23:00;4;16.125;16.5625;16.375;322;202;0;
4741;2023.05.19 23:15;4;16.125;16.5;16.375;322;202;0;
4742;2023.05.19 23:30;4;16.125;16.5;16.375;321;202;0;
4743;2023.05.19 23:45;4;16.125;16.5;16.375;321;202;0;
4744;2023.05.20 00:00;4;16.125;16.4375;16.375;321;202;0;
4745;2023.05.20 00:15;4;16.0625;16.375;16.375;321;202;0;
4746;2023.05.20 00:30;4;16.0625;16.375;16.375;321;202;0;
4747;2023.05.20 00:45;4;16.0625;16.375;16.375;321;202;0;
4748;2023.05.20 01:00;4;16.0625;16.375;16.5;321;202;0;
4749;2023.05.20 01:15;4;16.125;16.375;16.5;321;202;0;
4750;2023.05.20 01:30;4;16.125;16.3125;16.625;321;202;0;
4751;2023.05.20 01:45;4;16.125;16.3125;16.625;321;202;0;
4752;2023.05.20 02:00;4;16.125;16.3125;16.75;321;202;0;
4753;2023.05.20 02:15;4;16.125;16.3125;16.75;321;202;0;
4754;2023.05.20 02:30;4;16.125;16.3125;16.875;321;202;0;
4755;2023.05.20 02:45;4;16.1875;16.3125;16.875;321;202;0;
4756;2023.05.20 03:00;4;16.1875;16.3125;16.9375;321;202;0;
4757;2023.05.20 03:15;4;16.25;16.3125;17;321;202;0;
4758;2023.05.20 03:30;4;16.25;16.3125;17;321;202;0;
4759;2023.05.20 03:45;4;16.25;16.375;17.125;321;202;0;
4760;2023.05.20 04:00;4;16.25;16.375;17.125;321;202;0;
4761;2023.05.20 04:15;4;16.3125;16.375;17.125;321;202;0;
4762;2023.05.20 04:30;4;16.375;16.375;17.1875;321;202;0;
4763;2023.05.20 04:45;4;16.375;16.375;17.25;321;202;0;
4764;2023.05.20 05:00;4;16.375;16.375;17.25;321;202;0;
4765;2023.05.20 05:15;4;16.375;16.4375;17.3125;321;202;0;
4766;2023.05.20 05:30;4;16.375;16.4375;17.3125;321;202;0;
4767;2023.05.20 05:45;4;16.4375;16.5;17.375;321;202;0;
4768;2023.05.20 06:00;4;16.5;16.5;17.375;321;202;0;
4769;2023.05.20 06:15;4;16.5;16.5;17.375;322;202;0;
4770;2023.05.20 06:30;4;16.5;16.5;17.4375;322;202;0;
4771;2023.05.20 06:45;4;16.5;16.5;17.5;322;202;0;
4772;2023.05.20 07:00;4;16.5625;16.5625;17.5;322;202;0;
4773;2023.05.20 07:15;4;16.5625;16.5625;17.5;322;202;0;
4774;2023.05.20 07:30;4;16.625;16.625;17.5;322;202;0;
4775;2023.05.20 07:45;4;16.625;16.625;17.5;322;202;0;
4776;2023.05.20 08:00;4;16.625;16.625;17.5625;322;202;0;
4777;2023.05.20 08:15;4;16.625;16.625;17.625;322;202;0;
4778;2023.05.20 08:30;4;16.6875;16.6875;17.625;322;202;0;
4779;2023.05.20 08:45;4;16.6875;16.6875;17.625;322;202;0;
4780;2023.05.20 09:00;4;16.75;16.75;17.625;322;202;0;
4781;2023.05.20 09:15;4;16.75;16.75;17.625;323;202;0;
4782;2023.05.20 09:30;4;16.75;16.75;17.625;323;202;0;
4783;2023.05.20 09:45;4;16.75;16.75;17.625;323;202;0;
4784;2023.05.20 10:00;4;16.75;16.8125;17.625;323;202;0;
4785;2023.05.20 10:15;4;16.8125;16.8125;17.6875;323;202;0;
4786;2023.05.20 10:30;4;16.8125;16.875;17.6875;323;202;0;
4787;2023.05.20 10:45;4;16.875;16.875;17.6875;323;202;0;
4788;2023.05.20 11:00;4;16.875;16.875;17.6875;323;202;0;
4789;2023.05.20 11:15;4;16.875;16.875;17.6875;323;202;0;
4790;2023.05.20 11:30;4;16.875;16.875;17.6875;323;202;0;
4791;2023.05.20 11:45;4;16.875;16.9375;17.6875;323;202;0;
4792;2023.05.20 12:00;4;16.875;16.9375;17.6875;323;202;0;
4793;2023.05.20 12:15;4;16.875;16.9375;17.6875;323;202;0;
4794;2023.05.20 12:30;4;16.875;17;17.6875;323;202;0;
4795;2023.05.20 12:45;4;16.875;17;17.6875;323;202;0;
4796;2023.05.20 13:00;4;16.9375;17;17.6875;323;202;0;
4797;2023.05.20 13:15;4;16.9375;17;17.6875;323;202;0;
4798;2023.05.20 13:30;4;16.9375;17;17.6875;323;202;0;
4799;2023.05.20 13:45;4;16.9375;17;17.625;324;202;0;
4800;2023.05.20 14:00;4;16.9375;17;17.6875;324;202;0;
4801;2023.05.20 14:15;4;16.9375;17;17.625;324;202;0;
4802;2023.05.20 14:30;4;16.9375;17;17.625;324;202;0;
4803;2023.05.20 14:45;4;16.9375;17;17.625;324;202;0;
4804;2023.05.20 15:00;4;16.9375;17;17.625;324;202;0;
4805;2023.05.20 15:15;4;16.9375;17.0625;17.625;324;202;0;
4806;2023.05.20 15:30;4;16.9375;17.0625;17.625;324;202;0;
4807;2023.05.20 15:45;4;16.9375;17.0625;17.625;324;202;0;
4808;2023.05.20 16:00;4;16.625;16.625;16.625;325;202;0;
4809;2023.05.20 16:15;4;17.25;16.625;16.75;322;202;0;
4810;2023.05.20 16:30;4;17.875;16.6875;17;322;202;0;
4811;2023.05.20 16:45;4;18.625;16.9375;17.25;324;202;0;
4812;2023.05.20 17:00;4;18.75;17.375;17.5625;325;202;0;
4813;2023.05.20 17:15;4;19;17.625;17.875;326;202;0;
4814;2023.05.20 17:30;-36;18.875;18.125;18.125;320;202;0;
4815;2023.05.20 17:45;-36;18.875;18.375;18.375;321;202;0;
4816;2023.05.20 18:00;-36;19;18.625;18.625;322;202;0;
4817;2023.05.20 18:15;-36;19.125;18.75;18.75;322;202;0;
4818;2023.05.20 18:30;-36;19.125;18.875;18.9375;323;202;0;
4819;2023.05.20 18:45;-36;19.25;18.9375;19.125;323;202;0;
4820;2023.05.20 19:00;-36;19.25;19;19.25;323;202;0;
4821;2023.05.20 19:15;-36;19.375;19.125;19.375;324;202;0;
4822;2023.05.20 19:30;-36;19.375;19.25;19.4375;324;202;0;
4823;2023.05.20 19:45;-36;19.5;19.25;19.5625;324;202;0;
4824;2023.05.20 20:00;-36;19.5;19.375;19.625;324;202;0;
4825;2023.05.20 20:15;-36;19.625;19.4375;19.75;325;202;0;
4826;2023.05.20 20:30;-36;19.625;19.5;19.8125;325;202;0;
4827;2023.05.20 20:45;-36;19.75;19.625;19.875;325;202;0;
4828;2023.05.20 21:00;-36;19.75;19.625;20;325;202;0;
4829;2023.05.20 21:15;-36;19.875;19.75;20;326;202;0;
4830;2023.05.20 21:30;-36;19.875;19.75;20.125;326;202;0;
4831;2023.05.20 21:45;-36;20;19.875;20.25;326;202;0;
4832;2023.05.20 22:00;-36;20.125;19.9375;20.3125;327;202;0;
4833;2023.05.20 22:15;-36;20.125;20;20.375;327;202;0;
4834;2023.05.20 22:30;-36;20.25;20.125;20.5;327;202;0;
4835;2023.05.20 22:45;-36;20.375;20.1875;20.625;327;202;0;
4836;2023.05.20 23:00;-36;20.375;20.25;20.6875;328;202;0;
4837;2023.05.20 23:15;-36;20.5;20.375;20.8125;328;202;0;
4838;2023.05.20 23:30;-36;20.625;20.4375;20.875;328;202;0;
4839;2023.05.20 23:45;-36;20.6875;20.5;21;329;202;0;
4840;2023.05.21 00:00;-36;20.75;20.625;21.125;329;202;0;
4841;2023.05.21 00:15;-36;20.875;20.75;21.25;330;202;0;
4842;2023.05.21 00:30;-36;20.9375;20.8125;21.3125;330;202;0;
4843;2023.05.21 00:45;-36;21;20.875;21.375;330;202;0;
4844;2023.05.21 01:00;-36;21.125;21;21.5;330;202;0;
4845;2023.05.21 01:15;-36;21.125;21;21.5625;331;202;0;
4846;2023.05.21 01:30;-36;21.25;21.125;21.625;331;202;0;
4847;2023.05.21 01:45;-36;21.25;21.1875;21.6875;331;202;0;
4848;2023.05.21 02:00;-36;21.375;21.25;21.75;332;202;0;
4849;2023.05.21 02:15;-36;21.375;21.375;21.75;332;202;0;
4850;2023.05.21 02:30;-36;21.4375;21.375;21.8125;332;202;0;
4851;2023.05.21 02:45;-36;21.5;21.4375;21.875;332;202;0;
4852;2023.05.21 03:00;-36;21.5;21.5;21.875;332;202;0;
4853;2023.05.21 03:15;-36;21.5625;21.5625;21.9375;333;202;0;
4854;2023.05.21 03:30;-36;21.625;21.625;22;333;202;0;
4855;2023.05.21 03:45;-36;21.625;21.625;22;333;202;0;
4856;2023.05.21 04:00;-36;21.625;21.75;22;333;202;0;
4857;2023.05.21 04:15;-36;21.6875;21.75;22;333;202;0;
4858;2023.05.21 04:30;-36;21.6875;21.75;22;333;202;0;
4859;2023.05.21 04:45;-36;21.6875;21.75;22;333;202;0;
4860;2023.05.21 05:00;-36;21.75;21.8125;22;333;202;0;
4861;2023.05.21 05:15;-36;21.75;21.8125;22;333;202;0;
4862;2023.05.21 05:30;-36;21.75;21.875;22;333;202;0;
4863;2023.05.21 05:45;-36;21.6875;21.875;22;333;202;0;
4864;2023.05.21 06:00;-36;21.6875;21.875;21.9375;333;202;0;
4865;2023.05.21 06:15;-36;21.625;21.875;21.875;333;202;0;
4866;2023.05.21 06:30;-36;21.625;21.875;21.875;333;202;0;
4867;2023.05.21 06:45;-36;21.625;21.8125;21.75;333;202;0;
4868;2023.05.21 07:00;-36;21.5625;21.8125;21.75;333;202;0;
4869;2023.05.21 07:15;-36;21.5;21.75;21.625;333;202;0;
4870;2023.05.21 07:30;-36;21.5;21.75;21.625;332;202;0;
4871;2023.05.21 07:45;-36;21.4375;21.75;21.5;332;202;0;
4872;2023.05.21 08:00;-36;21.375;21.6875;21.5;332;202;0;
4873;2023.05.21 08:15;-36;21.375;21.625;21.4375;332;202;0;
4874;2023.05.21 08:30;-36;21.375;21.625;21.375;332;202;0;
4875;2023.05.21 08:45;-36;21.25;21.625;21.375;332;202;0;
4876;2023.05.21 09:00;-36;21.25;21.5;21.25;331;202;0;
4877;2023.05.21 09:15;-36;21.1875;21.5;21.25;331;202;0;
4878;2023.05.21 09:30;-36;21.125;21.5;21.125;331;202;0;
4879;2023.05.21 09:45;-36;21.125;21.375;21.125;331;202;0;
4880;2023.05.21 10:00;-36;21;21.375;21.0625;330;202;0;
4881;2023.05.21 10:15;-36;21;21.3125;21;330;202;0;
4882;2023.05.21 10:30;-36;20.875;21.25;20.875;330;202;0;
4883;2023.05.21 10:45;-36;20.875;21.1875;20.875;330;202;0;
4884;2023.05.21 11:00;-36;20.75;21.125;20.75;329;202;0;
4885;2023.05.21 11:15;-36;20.75;21.125;20.6875;329;202;0;
4886;2023.05.21 11:30;-36;20.625;21;20.625;329;202;0;
4887;2023.05.21 11:45;-36;20.625;21;20.5;329;202;0;
4888;2023.05.21 12:00;-36;20.5;20.875;20.4375;328;202;0;
4889;2023.05.21 12:15;-36;20.5;20.875;20.375;328;202;0;
4890;2023.05.21 12:30;-36;20.375;20.75;20.25;328;202;0;
4891;2023.05.21 12:45;-36;20.3125;20.6875;20.1875;327;202;0;
4892;2023.05.21 13:00;-36;20.25;20.625;20.125;327;202;0;
4893;2023.05.21 13:15;-36;20.1875;20.5625;20;327;202;0;
4894;2023.05.21 13:30;-36;20.125;20.5;19.875;326;202;0;
4895;2023.05.21 13:45;-36;20;20.375;19.8125;326;202;0;
4896;2023.05.21 14:00;-36;19.875;20.3125;19.6875;326;202;0;
4897;2023.05.21 14:15;-36;19.75;20.25;19.5;325;202;0;
4898;2023.05.21 14:30;-36;19.625;20.125;19.3125;325;202;0;
4899;2023.05.21 14:45;-36;19.5;20;19.125;324;202;0;
4900;2023.05.21 15:00;-36;19.375;19.875;18.875;323;202;0;
4901;2023.05.21 15:15;-36;19.25;19.75;18.6875;323;202;0;
4902;2023.05.21 15:30;-36;19.125;19.625;18.5;322;202;0;
4903;2023.05.21 15:45;-36;18.9375;19.4375;18.3125;322;202;0;
4904;2023.05.21 16:00;-36;18.8125;19.3125;18.125;321;202;0;
4905;2023.05.21 16:15;-36;18.6875;19.1875;18;321;202;0;
4906;2023.05.21 16:30;-36;18.5625;19.0625;17.875;320;202;0;
4907;2023.05.21 16:45;-36;18.5;18.9375;17.75;320;202;0;
4908;2023.05.21 17:00;-36;18.375;18.8125;17.75;319;202;0;
4909;2023.05.21 17:15;-36;18.25;18.6875;17.625;319;202;0;
4910;2023.05.21 17:30;-36;18.1875;18.625;17.625;318;202;0;
4911;2023.05.21 17:45;-36;18.125;18.5;17.5625;318;202;0;
4912;2023.05.21 18:00;-36;18;18.375;17.5;317;202;0;
4913;2023.05.21 18:15;-36;18;18.375;17.5;317;202;0;
4914;2023.05.21 18:30;-36;17.875;18.25;17.5;317;202;0;
4915;2023.05.21 18:45;-36;17.875;18.1875;17.5;316;202;0;
4916;2023.05.21 19:00;-36;17.875;18.125;17.5;320;202;0;
4917;2023.05.21 19:15;-36;17.8125;18.0625;17.5;316;202;0;
4918;2023.05.21 19:30;-36;17.8125;18;17.5625;316;202;0;
4919;2023.05.21 19:45;-36;17.8125;18;17.625;316;202;0;
4920;2023.05.21 20:00;-36;17.875;18;17.6875;316;202;0;
4921;2023.05.21 20:15;-36;17.875;18;17.75;316;202;0;
4922;2023.05.21 20:30;-36;17.9375;18;17.875;316;202;0;
4923;2023.05.21 20:45;-36;18;18;18;316;202;0;
4924;2023.05.21 21:00;-36;18.125;18.0625;18.125;316;202;0;
4925;2023.05.21 21:15;-36;18.1875;18.125;18.25;317;202;0;
4926;2023.05.21 21:30;-36;18.3125;18.125;18.4375;317;202;0;
4927;2023.05.21 21:45;-36;18.4375;18.25;18.625;317;202;0;
4928;2023.05.21 22:00;-36;18.5625;18.375;18.75;318;202;0;
4929;2023.05.21 22:15;-36;18.6875;18.4375;19;318;202;0;
4930;2023.05.21 22:30;-36;18.8125;18.5625;19.125;319;202;0;
4931;2023.05.21 22:45;-36;19;18.6875;19.3125;319;202;0;
4932;2023.05.21 23:00;-36;19.125;18.75;19.5;320;202;0;
4933;2023.05.21 23:15;-36;19.25;18.9375;19.625;320;202;0;
4934;2023.05.21 23:30;-36;19.375;19.0625;19.75;321;202;0;
4935;2023.05.21 23:45;-36;19.5;19.1875;19.9375;321;202;0;
4936;2023.05.22 00:00;-36;19.625;19.3125;20.125;322;202;0;
4937;2023.05.22 00:15;-36;19.8125;19.5;20.3125;323;202;0;
4938;2023.05.22 00:30;-36;19.9375;19.625;20.5;323;202;0;
4939;2023.05.22 00:45;-36;20.125;19.75;20.625;324;202;0;
4940;2023.05.22 01:00;-36;20.25;19.875;20.75;324;202;0;
4941;2023.05.22 01:15;-36;20.375;20;20.875;325;202;0;
4942;2023.05.22 01:30;-36;20.4375;20.125;21;325;202;0;
4943;2023.05.22 01:45;-36;20.5;20.25;21.125;326;202;0;
4944;2023.05.22 02:00;-36;20.625;20.375;21.25;326;202;0;
4945;2023.05.22 02:15;-36;20.75;20.5;21.375;327;202;0;
4946;2023.05.22 02:30;-36;20.875;20.625;21.375;327;202;0;
4947;2023.05.22 02:45;-36;20.875;20.75;21.375;327;202;0;
4948;2023.05.22 03:00;-36;20.9375;20.8125;21.4375;328;202;0;
4949;2023.05.22 03:15;-36;21;20.875;21.375;328;202;0;
4950;2023.05.22 03:30;-36;21;20.9375;21.375;328;202;0;
4951;2023.05.22 03:45;-36;21;21;21.375;328;202;0;
4952;2023.05.22 04:00;-36;21;21.0625;21.3125;329;202;0;
4953;2023.05.22 04:15;-36;21;21.125;21.25;329;202;0;
4954;2023.05.22 04:30;-36;21;21.125;21.25;329;202;0;
4955;2023.05.22 04:45;-36;21;21.125;21.1875;329;202;0;
4956;2023.05.22 05:00;-36;21;21.125;21.1875;329;202;0;
4957;2023.05.22 05:15;-36;21;21.125;21.125;329;202;0;
4958;2023.05.22 05:30;-36;21;21.1875;21.125;329;202;0;
4959;2023.05.22 05:45;-36;21;21.1875;21.125;329;202;0;
4960;2023.05.22 06:00;-36;21;21.1875;21.0625;329;202;0;
4961;2023.05.22 06:15;-36;21;21.1875;21;329;202;0;
4962;2023.05.22 06:30;-36;21;21.125;21;329;202;0;
4963;2023.05.22 06:45;-36;21;21.125;20.875;329;202;0;
4964;2023.05.22 07:00;-36;20.875;21.125;20.8125;329;202;0;
4965;2023.05.22 07:15;-36;20.875;21.125;20.75;329;202;0;
4966;2023.05.22 07:30;-36;20.8125;21.125;20.625;328;202;0;
4967;2023.05.22 07:45;-36;20.75;21.0625;20.5625;328;202;0;
4968;2023.05.22 08:00;-36;20.75;21;20.5;328;202;0;
4969;2023.05.22 08:15;-36;20.625;21;20.4375;328;202;0;
4970;2023.05.22 08:30;-36;20.625;20.875;20.375;327;202;0;
4971;2023.05.22 08:45;-36;20.5;20.875;20.25;327;202;0;
4972;2023.05.22 09:00;-36;20.4375;20.75;20.125;327;202;0;
4973;2023.05.22 09:15;-36;20.375;20.6875;20;327;202;0;
4974;2023.05.22 09:30;-36;20.25;20.625;19.875;326;202;0;
4975;2023.05.22 09:45;-36;20.125;20.5;19.75;326;202;0;
4976;2023.05.22 10:00;-36;20;20.4375;19.6875;325;202;0;
4977;2023.05.22 10:15;-36;20;20.375;19.625;325;202;0;
4978;2023.05.22 10:30;-36;19.875;20.25;19.5;325;202;0;
4979;2023.05.22 10:45;-36;19.8125;20.1875;19.4375;324;202;0;
4980;2023.05.22 11:00;-36;19.75;20.125;19.375;324;202;0;
4981;2023.05.22 11:15;-36;19.625;20;19.25;324;202;0;
4982;2023.05.22 11:30;-36;19.5625;19.9375;19.25;323;202;0;
4983;2023.05.22 11:45;-36;19.5;19.875;19.125;323;202;0;
4984;2023.05.22 12:00;-36;19.375;19.75;19.125;323;202;0;
4985;2023.05.22 12:15;-36;19.375;19.75;19;322;202;0;
4986;2023.05.22 12:30;-36;19.25;19.625;18.9375;322;202;0;
4987;2023.05.22 12:45;-36;19.1875;19.5625;18.875;321;202;0;
4988;2023.05.22 13:00;-36;19.125;19.5;18.75;321;202;0;
4989;2023.05.22 13:15;-36;19;19.375;18.625;321;202;0;
4990;2023.05.22 13:30;-36;18.875;19.3125;18.5;320;202;0;
4991;2023.05.22 13:45;-36;18.75;19.1875;18.25;320;202;0;
4992;2023.05.22 14:00;-36;18.625;19.0625;18;319;202;0;
4993;2023.05.22 14:15;-36;18.5;18.9375;17.75;319;202;0;
4994;2023.05.22 14:30;-36;18.3125;18.8125;17.5;318;202;0;
4995;2023.05.22 14:45;-36;18.125;18.625;17.3125;318;202;0;
4996;2023.05.22 15:00;-36;18.0625;18.5;17.1875;317;202;0;
4997;2023.05.22 15:15;-36;18;18.375;17.125;317;202;0;
4998;2023.05.22 15:30;-36;17.875;18.3125;17;316;202;0;
4999;2023.05.22 15:45;-36;17.75;18.1875;17;316;202;0;
5000;2023.05.22 16:00;-36;17.75;18.125;17;315;202;0;
5001;2023.05.22 16:15;-36;17.625;18;17;315;202;0;
5002;2023.05.22 16:30;-36;17.5625;17.875;17;315;202;0;
5003;2023.05.22 16:45;-36;17.5;17.875;17;314;202;0;
5004;2023.05.22 17:00;-36;17.5;17.75;17;314;202;0;
5005;2023.05.22 17:15;-36;17.375;17.6875;17;314;202;0;
5006;2023.05.22 17:30;-36;17.375;17.625;17;313;202;0;
5007;2023.05.22 17:45;-36;17.3125;17.625;17;313;202;0;
5008;2023.05.22 18:00;-36;17.25;17.5;17;313;202;0;
5009;2023.05.22 18:15;-36;17.25;17.5;17;313;202;0;
5010;2023.05.22 18:30;-36;17.25;17.4375;17;313;202;0;
5011;2023.05.22 18:45;-36;17.1875;17.375;17;313;202;0;
5012;2023.05.22 19:00;-36;17.1875;17.375;17;312;202;0;
5013;2023.05.22 19:15;-36;17.125;17.375;17;312;202;0;
5014;2023.05.22 19:30;-36;17.125;17.3125;17;312;202;0;
5015;2023.05.22 19:45;-36;17.125;17.25;17;312;202;0;
5016;2023.05.22 20:00;-36;17.125;17.25;17;312;202;0;
5017;2023.05.22 20:15;-36;17.0625;17.25;17;312;202;0;
5018;2023.05.22 20:30;-36;17;17.25;17;312;202;0;
5019;2023.05.22 20:45;-36;17;17.1875;17;312;202;0;
5020;2023.05.22 21:00;-36;17;17.1875;17;312;202;0;
5021;2023.05.22 21:15;-36;17;17.125;17;312;202;0;
5022;2023.05.22 21:30;-36;17;17.125;17;312;202;0;
5023;2023.05.22 21:45;-36;17;17.125;17;311;202;0;
5024;2023.05.22 22:00;-36;17;17.125;17;311;202;0;
5025;2023.05.22 22:15;-36;17;17.125;17;311;202;0;
5026;2023.05.22 22:30;-36;17;17.125;17.0625;311;202;0;
5027;2023.05.22 22:45;-36;17;17.125;17.0625;311;202;0;
5028;2023.05.22 23:00;-36;17;17.125;17.0625;311;202;0;
5029;2023.05.22 23:15;-36;17;17.125;17.125;311;202;0;
5030;2023.05.22 23:30;-36;17;17.125;17.125;311;202;0;
5031;2023.05.22 23:45;-36;17;17.125;17.125;311;202;0;
5032;2023.05.23 00:00;-36;17.0625;17.125;17.125;311;202;0;
5033;2023.05.23 00:15;-36;17.125;17.125;17.1875;311;202;0;
5034;2023.05.23 00:30;-36;17.125;17.125;17.25;312;202;0;
5035;2023.05.23 00:45;-36;17.125;17.1875;17.25;312;202;0;
5036;2023.05.23 01:00;-36;17.125;17.1875;17.3125;312;202;0;
5037;2023.05.23 01:15;-36;17.25;17.25;17.375;312;202;0;
5038;2023.05.23 01:30;-36;17.25;17.25;17.375;312;202;0;
5039;2023.05.23 01:45;-36;17.25;17.25;17.4375;312;202;0;
5040;2023.05.23 02:00;-36;17.3125;17.3125;17.5;312;202;0;
5041;2023.05.23 02:15;-36;17.375;17.375;17.5;312;202;0;
5042;2023.05.23 02:30;-36;17.375;17.375;17.5625;313;202;0;
5043;2023.05.23 02:45;-36;17.375;17.375;17.625;313;202;0;
5044;2023.05.23 03:00;-36;17.4375;17.4375;17.625;313;202;0;
5045;2023.05.23 03:15;-36;17.5;17.5;17.6875;313;202;0;
5046;2023.05.23 03:30;-36;17.5;17.5;17.6875;313;202;0;
5047;2023.05.23 03:45;-36;17.5;17.5;17.75;313;202;0;
5048;2023.05.23 04:00;-36;17.5;17.5;17.75;313;202;0;
5049;2023.05.23 04:15;-36;17.5;17.5625;17.75;313;202;0;
5050;2023.05.23 04:30;-36;17.5625;17.625;17.75;313;202;0;
5051;2023.05.23 04:45;-36;17.5625;17.625;17.75;313;202;0;
5052;2023.05.23 05:00;-36;17.5625;17.625;17.75;313;202;0;
5053;2023.05.23 05:15;-36;17.5625;17.625;17.75;313;202;0;
5054;2023.05.23 05:30;-36;17.5625;17.625;17.75;313;202;0;
5055;2023.05.23 05:45;-36;17.5625;17.625;17.75;313;202;0;
5056;2023.05.23 06:00;-36;17.5625;17.6875;17.75;313;202;0;
5057;2023.05.23 06:15;-36;17.5;17.6875;17.75;314;202;0;
5058;2023.05.23 06:30;-36;17.5;17.6875;17.75;314;202;0;
5059;2023.05.23 06:45;-36;17.5;17.6875;17.75;313;202;0;
5060;2023.05.23 07:00;-36;17.5;17.6875;17.6875;313;202;0;
5061;2023.05.23 07:15;-36;17.5;17.625;17.625;313;202;0;
5062;2023.05.23 07:30;-36;17.5;17.625;17.625;313;202;0;
5063;2023.05.23 07:45;-36;17.5;17.625;17.625;313;202;0;
5064;2023.05.23 08:00;-36;17.4375;17.625;17.625;313;202;0;
5065;2023.05.23 08:15;-36;17.375;17.625;17.5;313;202;0;
5066;2023.05.23 08:30;-36;17.375;17.625;17.5;313;202;0;
5067;2023.05.23 08:45;-36;17.375;17.625;17.5;313;202;0;
5068;2023.05.23 09:00;-36;17.375;17.5625;17.4375;313;202;0;
5069;2023.05.23 09:15;-36;17.3125;17.5;17.375;313;202;0;
5070;2023.05.23 09:30;-36;17.25;17.5;17.375;313;202;0;
5071;2023.05.23 09:45;-36;17.25;17.5;17.375;312;202;0;
5072;2023.05.23 10:00;-36;17.25;17.4375;17.25;312;202;0;
5073;2023.05.23 10:15;-36;17.1875;17.4375;17.25;312;202;0;
5074;2023.05.23 10:30;-36;17.125;17.375;17.1875;312;202;0;
5075;2023.05.23 10:45;-36;17.125;17.375;17.125;312;202;0;
5076;2023.05.23 11:00;-36;17.0625;17.3125;17.125;312;202;0;
5077;2023.05.23 11:15;-36;17;17.25;17;311;202;0;
5078;2023.05.23 11:30;-36;17;17.25;17;311;202;0;
5079;2023.05.23 11:45;-36;16.875;17.1875;16.875;311;202;0;
5080;2023.05.23 12:00;-36;16.875;17.125;16.875;311;202;0;
5081;2023.05.23 12:15;-36;16.8125;17.125;16.75;311;202;0;
5082;2023.05.23 12:30;-36;16.75;17.0625;16.75;310;202;0;
5083;2023.05.23 12:45;-36;16.75;17;16.625;310;202;0;
5084;2023.05.23 13:00;-36;16.625;16.9375;16.625;310;202;0;
5085;2023.05.23 13:15;-36;16.625;16.875;16.5;310;202;0;
5086;2023.05.23 13:30;-36;16.5625;16.875;16.5;310;202;0;
5087;2023.05.23 13:45;-36;16.5;16.75;16.375;309;202;0;
5088;2023.05.23 14:00;-36;16.4375;16.75;16.3125;309;202;0;
5089;2023.05.23 14:15;-36;16.375;16.625;16.25;309;202;0;
5090;2023.05.23 14:30;-36;16.25;16.625;16.125;309;202;0;
5091;2023.05.23 14:45;-36;16.25;16.5;16.125;308;202;0;
5092;2023.05.23 15:00;-36;16.1875;16.5;16;308;202;0;
5093;2023.05.23 15:15;-36;16.125;16.4375;16;308;202;0;
5094;2023.05.23 15:30;-36;16.0625;16.375;15.875;307;202;0;
5095;2023.05.23 15:45;-36;16;16.3125;15.875;307;202;0;
5096;2023.05.23 16:00;-36;15.9375;16.25;15.75;307;202;0;
5097;2023.05.23 16:15;-36;15.875;16.1875;15.75;307;202;0;
5098;2023.05.23 16:30;-36;15.8125;16.125;15.625;306;202;0;
5099;2023.05.23 16:45;-36;15.75;16.0625;15.625;306;202;0;
5100;2023.05.23 17:00;-36;15.75;16;15.5;306;202;0;
5101;2023.05.23 17:15;-36;15.625;15.9375;15.5;306;202;0;
5102;2023.05.23 17:30;-36;15.625;15.875;15.5;305;202;0;
5103;2023.05.23 17:45;-36;15.625;15.875;15.4375;305;202;0;
5104;2023.05.23 18:00;-36;15.5;15.8125;15.375;305;202;0;
5105;2023.05.23 18:15;-36;15.5;15.75;15.375;305;202;0;
5106;2023.05.23 18:30;-36;15.5;15.75;15.375;305;202;0;
5107;2023.05.23 18:45;-36;15.4375;15.625;15.375;305;202;0;
5108;2023.05.23 19:00;-36;15.4375;15.625;15.375;304;202;0;
5109;2023.05.23 19:15;-36;15.375;15.625;15.375;304;202;0;
5110;2023.05.23 19:30;-36;15.375;15.5625;15.375;304;202;0;
5111;2023.05.23 19:45;-36;15.375;15.5;15.375;304;202;0;
5112;2023.05.23 20:00;-36;15.375;15.5;15.375;304;202;0;
5113;2023.05.23 20:15;-36;15.375;15.5;15.375;304;202;0;
5114;2023.05.23 20:30;-36;15.375;15.5;15.4375;304;202;0;
5115;2023.05.23 20:45;-36;15.4375;15.5;15.5;304;202;0;
5116;2023.05.23 21:00;-36;15.5;15.5;15.5;304;202;0;
5117;2023.05.23 21:15;-36;15.5;15.5;15.5625;304;202;0;
5118;2023.05.23 21:30;-36;15.5;15.5625;15.625;304;202;0;
5119;2023.05.23 21:45;-36;15.625;15.625;15.75;304;202;0;
5120;2023.05.23 22:00;-36;15.625;15.625;15.75;305;202;0;
5121;2023.05.23 22:15;-36;15.75;15.625;15.875;305;202;0;
5122;2023.05.23 22:30;-36;15.75;15.6875;15.9375;305;202;0;
5123;2023.05.23 22:45;-36;15.875;15.75;16;305;202;0;
5124;2023.05.23 23:00;-36;15.875;15.8125;16.125;305;202;0;
5125;2023.05.23 23:15;-36;16;15.875;16.25;306;202;0;
5126;2023.05.23 23:30;-36;16.0625;15.9375;16.3125;306;202;0;
5127;2023.05.23 23:45;-36;16.125;16;16.375;306;202;0;
5128;2023.05.24 00:00;-36;16.25;16.125;16.5;307;202;0;
5129;2023.05.24 00:15;-36;16.3125;16.125;16.625;307;202;0;
5130;2023.05.24 00:30;-36;16.375;16.25;16.6875;307;202;0;
5131;2023.05.24 00:45;-36;16.5;16.3125;16.75;308;202;0;
5132;2023.05.24 01:00;-36;16.5625;16.375;16.875;308;202;0;
5133;2023.05.24 01:15;-36;16.625;16.5;17;308;202;0;
5134;2023.05.24 01:30;-36;16.75;16.5625;17.0625;309;202;0;
5135;2023.05.24 01:45;-36;16.75;16.625;17.125;309;202;0;
5136;2023.05.24 02:00;-36;16.875;16.75;17.25;309;202;0;
5137;2023.05.24 02:15;-36;16.9375;16.75;17.25;309;202;0;
5138;2023.05.24 02:30;-36;17;16.875;17.375;310;202;0;
5139;2023.05.24 02:45;-36;17.0625;16.9375;17.375;310;202;0;
5140;2023.05.24 03:00;-36;17.125;17;17.5;310;202;0;
5141;2023.05.24 03:15;-36;17.125;17.0625;17.5;311;202;0;
5142;2023.05.24 03:30;-36;17.25;17.125;17.625;311;202;0;
5143;2023.05.24 03:45;-36;17.25;17.25;17.625;311;202;0;
5144;2023.05.24 04:00;-36;17.3125;17.25;17.625;311;202;0;
5145;2023.05.24 04:15;-36;17.375;17.3125;17.6875;312;202;0;
5146;2023.05.24 04:30;-36;17.375;17.375;17.75;312;202;0;
5147;2023.05.24 04:45;-36;17.375;17.375;17.75;312;202;0;
5148;2023.05.24 05:00;-36;17.4375;17.4375;17.75;312;202;0;
5149;2023.05.24 05:15;-36;17.5;17.5;17.75;312;202;0;
5150;2023.05.24 05:30;-36;17.5;17.5;17.75;312;202;0;
5151;2023.05.24 05:45;-36;17.5;17.5625;17.75;312;202;0;
5152;2023.05.24 06:00;-36;17.5;17.5625;17.75;312;202;0;
5153;2023.05.24 06:15;-36;17.5;17.625;17.75;312;202;0;
5154;2023.05.24 06:30;-36;17.5;17.625;17.75;312;202;0;
5155;2023.05.24 06:45;-36;17.5;17.625;17.75;313;202;0;
5156;2023.05.24 07:00;-36;17.5;17.625;17.75;312;202;0;
5157;2023.05.24 07:15;-36;17.5;17.625;17.75;313;202;0;
5158;2023.05.24 07:30;-36;17.5;17.625;17.6875;313;202;0;
5159;2023.05.24 07:45;-36;17.5;17.625;17.6875;312;202;0;
5160;2023.05.24 08:00;-36;17.5;17.625;17.625;312;202;0;
5161;2023.05.24 08:15;-36;17.4375;17.625;17.625;312;202;0;
5162;2023.05.24 08:30;-36;17.4375;17.625;17.625;312;202;0;
5163;2023.05.24 08:45;-36;17.375;17.625;17.5625;312;202;0;
5164;2023.05.24 09:00;-36;17.375;17.625;17.5;312;202;0;
5165;2023.05.24 09:15;-36;17.375;17.5625;17.5;312;202;0;
5166;2023.05.24 09:30;-36;17.375;17.5625;17.4375;312;202;0;
5167;2023.05.24 09:45;-36;17.25;17.5;17.375;312;202;0;
5168;2023.05.24 10:00;-36;17.25;17.5;17.375;312;202;0;
5169;2023.05.24 10:15;-36;17.25;17.5;17.3125;312;202;0;
5170;2023.05.24 10:30;-36;17.1875;17.5;17.25;312;202;0;
5171;2023.05.24 10:45;-36;17.125;17.375;17.25;311;202;0;
5172;2023.05.24 11:00;-36;17.125;17.375;17.1875;311;202;0;
5173;2023.05.24 11:15;-36;17.125;17.375;17.125;311;202;0;
5174;2023.05.24 11:30;-36;17;17.3125;17.125;311;202;0;
5175;2023.05.24 11:45;-36;17;17.25;17;311;202;0;
5176;2023.05.24 12:00;-36;16.9375;17.25;17;311;202;0;
5177;2023.05.24 12:15;-36;16.875;17.1875;16.875;310;202;0;
5178;2023.05.24 12:30;-36;16.875;17.125;16.875;310;202;0;
5179;2023.05.24 12:45;-36;16.8125;17.125;16.8125;310;202;0;
5180;2023.05.24 13:00;-36;16.75;17;16.75;310;202;0;
5181;2023.05.24 13:15;-36;16.75;17;16.6875;310;202;0;
5182;2023.05.24 13:30;-36;16.625;17;16.625;309;202;0;
5183;2023.05.24 13:45;-36;16.625;16.875;16.5625;309;202;0;
5184;2023.05.24 14:00;-36;16.5;16.875;16.5;309;202;0;
5185;2023.05.24 14:15;-36;16.5;16.75;16.4375;309;202;0;
5186;2023.05.24 14:30;-36;16.4375;16.75;16.375;308;202;0;
5187;2023.05.24 14:45;-36;16.375;16.6875;16.3125;308;202;0;
5188;2023.05.24 15:00;-36;16.375;16.625;16.25;308;202;0;
5189;2023.05.24 15:15;-36;16.25;16.625;16.1875;308;202;0;
5190;2023.05.24 15:30;-36;16.25;16.5;16.125;307;202;0;
5191;2023.05.24 15:45;-36;16.1875;16.5;16.0625;307;202;0;
5192;2023.05.24 16:00;-36;16.125;16.375;16;307;202;0;
5193;2023.05.24 16:15;-36;16.125;16.375;16;307;202;0;
5194;2023.05.24 16:30;-36;16;16.3125;15.9375;307;202;0;
5195;2023.05.24 16:45;-36;16;16.25;15.875;306;202;0;
5196;2023.05.24 17:00;-36;15.9375;16.25;15.875;306;202;0;
5197;2023.05.24 17:15;-36;15.875;16.1875;15.8125;306;202;0;
5198;2023.05.24 17:30;-36;15.875;16.125;15.75;306;202;0;
5199;2023.05.24 17:45;-36;15.875;16.125;15.75;306;202;0;
5200;2023.05.24 18:00;-36;15.8125;16.0625;15.75;305;202;0;
5201;2023.05.24 18:15;-36;15.75;16;15.75;305;202;0;
5202;2023.05.24 18:30;-36;15.75;16;15.6875;305;202;0;
5203;2023.05.24 18:45;-36;15.75;15.9375;15.6875;305;202;0;
5204;2023.05.24 19:00;-36;15.75;15.875;15.6875;305;202;0;
5205;2023.05.24 19:15;-36;15.75;15.875;15.6875;305;202;0;
5206;2023.05.24 19:30;-36;15.75;15.875;15.6875;305;202;0;
5207;2023.05.24 19:45;-36;15.75;15.875;15.75;305;202;0;
5208;2023.05.24 20:00;-36;15.75;15.875;15.75;305;202;0;
5209;2023.05.24 20:15;-36;15.75;15.875;15.75;305;202;0;
5210;2023.05.24 20:30;-36;15.75;15.875;15.75;305;202;0;
5211;2023.05.24 20:45;-36;15.75;15.875;15.875;305;202;0;
5212;2023.05.24 21:00;-36;15.8125;15.875;15.875;305;202;0;
5213;2023.05.24 21:15;-36;15.875;15.875;15.9375;305;202;0;
5214;2023.05.24 21:30;-36;15.875;15.875;16;305;202;0;
5215;2023.05.24 21:45;-36;15.9375;15.9375;16.0625;305;202;0;
5216;2023.05.24 22:00;-36;16;16;16.125;305;202;0;
5217;2023.05.24 22:15;-36;16.0625;16;16.25;306;202;0;
5218;2023.05.24 22:30;-36;16.125;16.0625;16.3125;306;202;0;
5219;2023.05.24 22:45;-36;16.1875;16.125;16.375;306;202;0;
5220;2023.05.24 23:00;-36;16.25;16.125;16.5;306;202;0;
5221;2023.05.24 23:15;-36;16.3125;16.25;16.5625;306;202;0;
5222;2023.05.24 23:30;-36;16.375;16.25;16.625;307;202;0;
5223;2023.05.24 23:45;-36;16.5;16.375;16.75;307;202;0;
5224;2023.05.25 00:00;-36;16.5;16.375;16.75;307;202;0;
5225;2023.05.25 00:15;-36;16.625;16.5;16.875;307;202;0;
5226;2023.05.25 00:30;-36;16.625;16.5;16.9375;308;202;0;
5227;2023.05.25 00:45;-36;16.75;16.625;17;308;202;0;
5228;2023.05.25 01:00;-36;16.75;16.625;17.0625;308;202;0;
5229;2023.05.25 01:15;-36;16.875;16.75;17.125;309;202;0;
5230;2023.05.25 01:30;-36;16.875;16.75;17.25;309;202;0;
5231;2023.05.25 01:45;-36;17;16.875;17.25;309;202;0;
5232;2023.05.25 02:00;-36;17;16.875;17.3125;309;202;0;
5233;2023.05.25 02:15;-36;17.0625;17;17.375;310;202;0;
5234;2023.05.25 02:30;-36;17.125;17;17.375;310;202;0;
5235;2023.05.25 02:45;-36;17.125;17.125;17.5;310;202;0;
5236;2023.05.25 03:00;-36;17.1875;17.125;17.5;310;202;0;
5237;2023.05.25 03:15;-36;17.25;17.1875;17.5;310;202;0;
5238;2023.05.25 03:30;-36;17.25;17.25;17.5625;311;202;0;
5239;2023.05.25 03:45;-36;17.3125;17.25;17.625;311;202;0;
5240;2023.05.25 04:00;-36;17.375;17.375;17.625;311;202;0;
5241;2023.05.25 04:15;-36;17.375;17.375;17.625;311;202;0;
5242;2023.05.25 04:30;-36;17.375;17.4375;17.6875;311;202;0;
5243;2023.05.25 04:45;-36;17.4375;17.4375;17.75;311;202;0;
5244;2023.05.25 05:00;-36;17.4375;17.5;17.75;311;202;0;
5245;2023.05.25 05:15;-36;17.5;17.5;17.75;312;202;0;
5246;2023.05.25 05:30;-36;17.5;17.5;17.75;312;202;0;
5247;2023.05.25 05:45;-36;17.5;17.5625;17.75;312;202;0;
5248;2023.05.25 06:00;-36;17.5;17.625;17.75;312;202;0;
5249;2023.05.25 06:15;-36;17.5;17.625;17.75;312;202;0;
5250;2023.05.25 06:30;-36;17.5;17.625;17.75;312;202;0;
5251;2023.05.25 06:45;-36;17.5;17.625;17.75;312;202;0;
5252;2023.05.25 07:00;-36;17.5;17.625;17.75;312;202;0;
5253;2023.05.25 07:15;-36;17.5;17.625;17.75;312;202;0;
5254;2023.05.25 07:30;-36;17.5;17.625;17.75;312;202;0;
5255;2023.05.25 07:45;-36;17.5;17.625;17.75;312;202;0;
5256;2023.05.25 08:00;-36;17.5;17.625;17.75;312;202;0;
5257;2023.05.25 08:15;-36;17.5;17.625;17.75;312;202;0;
5258;2023.05.25 08:30;-36;17.5;17.6875;17.6875;312;202;0;
5259;2023.05.25 08:45;-36;17.5;17.625;17.625;312;202;0;
5260;2023.05.25 09:00;-36;17.5;17.625;17.625;312;202;0;
5261;2023.05.25 09:15;-36;17.5;17.625;17.625;312;202;0;
5262;2023.05.25 09:30;-36;17.4375;17.625;17.5625;312;202;0;
5263;2023.05.25 09:45;-36;17.375;17.625;17.5625;312;202;0;
5264;2023.05.25 10:00;-36;17.375;17.625;17.5;312;202;0;
5265;2023.05.25 10:15;-36;17.375;17.625;17.5;311;202;0;
5266;2023.05.25 10:30;-36;17.375;17.5625;17.5;311;202;0;
5267;2023.05.25 10:45;-36;17.3125;17.5;17.4375;311;202;0;
5268;2023.05.25 11:00;-36;17.3125;17.5;17.375;311;202;0;
5269;2023.05.25 11:15;-36;17.25;17.5;17.375;311;202;0;
5270;2023.05.25 11:30;-36;17.25;17.5;17.3125;311;202;0;
5271;2023.05.25 11:45;-36;17.25;17.4375;17.25;311;202;0;
5272;2023.05.25 12:00;-36;17.1875;17.375;17.25;311;202;0;
5273;2023.05.25 12:15;-36;17.125;17.375;17.1875;311;202;0;
5274;2023.05.25 12:30;-36;17.125;17.375;17.125;310;202;0;
5275;2023.05.25 12:45;-36;17.0625;17.3125;17.125;310;202;0;
5276;2023.05.25 13:00;-36;17;17.25;17.0625;310;202;0;
5277;2023.05.25 13:15;-36;17;17.25;17;310;202;0;
5278;2023.05.25 13:30;-36;16.9375;17.25;17;310;202;0;
5279;2023.05.25 13:45;-36;16.875;17.1875;16.875;310;202;0;
5280;2023.05.25 14:00;-36;16.875;17.125;16.875;309;202;0;
5281;2023.05.25 14:15;-36;16.8125;17.125;16.8125;309;202;0;
5282;2023.05.25 14:30;-36;16.75;17;16.75;309;202;0;
5283;2023.05.25 14:45;-36;16.75;17;16.6875;309;202;0;
5284;2023.05.25 15:00;-36;16.6875;16.9375;16.625;309;202;0;
5285;2023.05.25 15:15;-36;16.625;16.875;16.625;308;202;0;
5286;2023.05.25 15:30;-36;16.625;16.875;16.5;308;202;0;
5287;2023.05.25 15:45;-36;16.5;16.8125;16.5;308;202;0;
5288;2023.05.25 16:00;-36;16.5;16.75;16.4375;308;202;0;
5289;2023.05.25 16:15;-36;16.4375;16.75;16.375;308;202;0;
5290;2023.05.25 16:30;-36;16.375;16.625;16.3125;307;202;0;
5291;2023.05.25 16:45;-36;16.375;16.625;16.25;307;202;0;
5292;2023.05.25 17:00;-36;16.3125;16.625;16.25;307;202;0;
5293;2023.05.25 17:15;-36;16.25;16.5;16.25;307;202;0;
5294;2023.05.25 17:30;-36;16.25;16.5;16.1875;307;202;0;
5295;2023.05.25 17:45;-36;16.1875;16.5;16.125;306;202;0;
5296;2023.05.25 18:00;-36;16.125;16.375;16.125;306;202;0;
5297;2023.05.25 18:15;-36;16.125;16.375;16.125;306;202;0;
5298;2023.05.25 18:30;-36;16.125;16.375;16.0625;306;202;0;
5299;2023.05.25 18:45;-36;16.0625;16.25;16.0625;306;202;0;
5300;2023.05.25 19:00;-36;16.0625;16.25;16;306;202;0;
5301;2023.05.25 19:15;-36;16.0625;16.25;16;306;202;0;
5302;2023.05.25 19:30;-36;16;16.25;16.0625;306;202;0;
5303;2023.05.25 19:45;-36;16;16.25;16.0625;306;202;0;
5304;2023.05.25 20:00;-36;16.0625;16.1875;16.125;306;202;0;
5305;2023.05.25 20:15;-36;16.0625;16.1875;16.125;306;202;0;
5306;2023.05.25 20:30;-36;16.125;16.1875;16.125;306;202;0;
5307;2023.05.25 20:45;-36;16.125;16.1875;16.1875;306;202;0;
5308;2023.05.25 21:00;-36;16.125;16.25;16.25;306;202;0;
5309;2023.05.25 21:15;-36;16.1875;16.25;16.25;306;202;0;
5310;2023.05.25 21:30;-36;16.25;16.25;16.375;306;202;0;
5311;2023.05.25 21:45;-36;16.25;16.25;16.4375;306;202;0;
5312;2023.05.25 22:00;-36;16.375;16.3125;16.5;306;202;0;
5313;2023.05.25 22:15;-36;16.375;16.375;16.5625;306;202;0;
5314;2023.05.25 22:30;-36;16.4375;16.375;16.625;307;202;0;
5315;2023.05.25 22:45;-36;16.5;16.4375;16.75;307;202;0;
5316;2023.05.25 23:00;-36;16.5625;16.5;16.8125;307;202;0;
5317;2023.05.25 23:15;-36;16.625;16.5625;16.875;307;202;0;
5318;2023.05.25 23:30;-36;16.6875;16.625;16.9375;308;202;0;
5319;2023.05.25 23:45;-36;16.75;16.6875;17;308;202;0;
5320;2023.05.26 00:00;-36;16.875;16.75;17.125;308;202;0;
5321;2023.05.26 00:15;-36;16.875;16.8125;17.1875;308;202;0;
5322;2023.05.26 00:30;-36;17;16.875;17.25;309;202;0;
5323;2023.05.26 00:45;-36;17;16.9375;17.3125;309;202;0;
5324;2023.05.26 01:00;-36;17.125;17;17.375;309;202;0;
5325;2023.05.26 01:15;-36;17.125;17.0625;17.5;309;202;0;
5326;2023.05.26 01:30;-36;17.25;17.125;17.5;310;202;0;
5327;2023.05.26 01:45;-36;17.25;17.1875;17.625;310;202;0;
5328;2023.05.26 02:00;-36;17.375;17.25;17.625;310;202;0;
5329;2023.05.26 02:15;-36;17.375;17.3125;17.6875;310;202;0;
5330;2023.05.26 02:30;-36;17.4375;17.375;17.75;311;202;0;
5331;2023.05.26 02:45;-36;17.5;17.375;17.75;311;202;0;
5332;2023.05.26 03:00;-36;17.5;17.5;17.875;311;202;0;
5333;2023.05.26 03:15;-36;17.5625;17.5;17.875;311;202;0;
5334;2023.05.26 03:30;-36;17.625;17.5625;17.875;311;202;0;
5335;2023.05.26 03:45;-36;17.625;17.625;17.9375;312;202;0;
5336;2023.05.26 04:00;-36;17.6875;17.625;18;312;202;0;
5337;2023.05.26 04:15;-36;17.75;17.75;18;312;202;0;
5338;2023.05.26 04:30;-36;17.75;17.75;18;312;202;0;
5339;2023.05.26 04:45;-36;17.75;17.8125;18.0625;312;202;0;
5340;2023.05.26 05:00;-36;17.8125;17.875;18.125;312;202;0;
5341;2023.05.26 05:15;-36;17.875;17.875;18.125;313;202;0;
5342;2023.05.26 05:30;-36;17.875;17.875;18.125;313;202;0;
5343;2023.05.26 05:45;-36;17.875;17.9375;18.125;313;202;0;
5344;2023.05.26 06:00;-36;17.875;17.9375;18.125;313;202;0;
5345;2023.05.26 06:15;-36;17.875;18;18.125;313;202;0;
5346;2023.05.26 06:30;-36;17.875;18;18.125;313;202;0;
5347;2023.05.26 06:45;-36;17.9375;18;18.125;313;202;0;
5348;2023.05.26 07:00;-36;17.9375;18;18.125;313;202;0;
5349;2023.05.26 07:15;-36;17.9375;18.0625;18.125;313;202;0;
5350;2023.05.26 07:30;-36;17.9375;18.0625;18.125;313;202;0;
5351;2023.05.26 07:45;-36;18;18.0625;18.125;313;202;0;
5352;2023.05.26 08:00;-36;18;18.125;18.125;313;202;0;
5353;2023.05.26 08:15;-36;18;18.125;18.125;313;202;0;
5354;2023.05.26 08:30;-36;18;18.125;18.125;313;202;0;
5355;2023.05.26 08:45;-36;18;18.125;18.125;313;202;0;
5356;2023.05.26 09:00;-36;17.9375;18.125;18.125;313;202;0;
5357;2023.05.26 09:15;-36;17.9375;18.125;18.125;313;202;0;
5358;2023.05.26 09:30;-36;17.9375;18.125;18.125;313;202;0;
5359;2023.05.26 09:45;-36;17.9375;18.125;18.125;313;202;0;
5360;2023.05.26 10:00;-36;17.875;18.125;18.125;313;202;0;
5361;2023.05.26 10:15;-36;17.875;18.125;18.0625;313;202;0;
5362;2023.05.26 10:30;-36;17.875;18.0625;18;313;202;0;
5363;2023.05.26 10:45;-36;17.875;18.0625;18;313;202;0;
5364;2023.05.26 11:00;-36;17.875;18.0625;18;313;202;0;
5365;2023.05.26 11:15;-36;17.875;18.0625;18;313;202;0;
5366;2023.05.26 11:30;-36;17.875;18;18;313;202;0;
5367;2023.05.26 11:45;-36;17.8125;18;17.9375;313;202;0;
5368;2023.05.26 12:00;-36;17.75;18;17.9375;313;202;0;
5369;2023.05.26 12:15;-36;17.75;18;17.875;313;202;0;
5370;2023.05.26 12:30;-36;17.75;18;17.875;312;202;0;
5371;2023.05.26 12:45;-36;17.75;17.9375;17.875;312;202;0;
5372;2023.05.26 13:00;-36;17.75;17.9375;17.8125;312;202;0;
5373;2023.05.26 13:15;-36;17.6875;17.875;17.75;312;202;0;
5374;2023.05.26 13:30;-36;17.625;17.875;17.75;312;202;0;
5375;2023.05.26 13:45;-36;17.625;17.875;17.75;312;202;0;
5376;2023.05.26 14:00;-36;17.625;17.875;17.75;312;202;0;
5377;2023.05.26 14:15;-36;17.625;17.8125;17.6875;312;202;0;
5378;2023.05.26 14:30;-36;17.5625;17.75;17.625;312;202;0;
5379;2023.05.26 14:45;-36;17.5;17.75;17.625;312;202;0;
5380;2023.05.26 15:00;-36;17.5;17.75;17.625;311;202;0;
5381;2023.05.26 15:15;-36;17.5;17.75;17.5625;311;202;0;
5382;2023.05.26 15:30;-36;17.5;17.6875;17.5;311;202;0;
5383;2023.05.26 15:45;-36;17.4375;17.625;17.5;311;202;0;
5384;2023.05.26 16:00;-36;17.375;17.625;17.5;311;202;0;
5385;2023.05.26 16:15;-36;17.375;17.625;17.4375;311;202;0;
5386;2023.05.26 16:30;-36;17.375;17.625;17.375;311;202;0;
5387;2023.05.26 16:45;-36;17.3125;17.5625;17.375;311;202;0;
5388;2023.05.26 17:00;-36;17.3125;17.5;17.375;311;202;0;
5389;2023.05.26 17:15;-36;17.25;17.5;17.3125;310;202;0;
5390;2023.05.26 17:30;-36;17.25;17.5;17.25;310;202;0;
5391;2023.05.26 17:45;-36;17.25;17.4375;17.25;310;202;0;
5392;2023.05.26 18:00;-36;17.1875;17.4375;17.25;310;202;0;
5393;2023.05.26 18:15;-36;17.1875;17.375;17.25;310;202;0;
5394;2023.05.26 18:30;-36;17.125;17.375;17.1875;310;202;0;
5395;2023.05.26 18:45;-36;17.125;17.375;17.1875;310;202;0;
5396;2023.05.26 19:00;-36;17.125;17.3125;17.125;310;202;0;
5397;2023.05.26 19:15;-36;17.125;17.25;17.125;310;202;0;
5398;2023.05.26 19:30;-36;17.0625;17.25;17.125;309;202;0;
5399;2023.05.26 19:45;-36;17;17.25;17.125;309;202;0;
5400;2023.05.26 20:00;-36;17;17.25;17.125;309;202;0;
5401;2023.05.26 20:15;-36;17;17.25;17.125;309;202;0;
5402;2023.05.26 20:30;-36;17;17.1875;17.0625;309;202;0;
5403;2023.05.26 20:45;-36;17;17.1875;17.0625;309;202;0;
5404;2023.05.26 21:00;-36;17;17.125;17.0625;309;202;0;
5405;2023.05.26 21:15;-36;17;17.125;17.0625;309;202;0;
5406;2023.05.26 21:30;-36;17;17.125;17;309;202;0;
5407;2023.05.26 21:45;-36;17;17.125;17;309;202;0;
5408;2023.05.26 22:00;-36;16.9375;17.125;17;309;202;0;
5409;2023.05.26 22:15;-36;16.9375;17.125;17;309;202;0;
5410;2023.05.26 22:30;-36;16.9375;17.125;17;309;202;0;
5411;2023.05.26 22:45;-36;16.9375;17.125;17;309;202;0;
5412;2023.05.26 23:00;-36;16.9375;17.0625;17;309;202;0;
5413;2023.05.26 23:15;-36;16.9375;17.0625;17.0625;309;202;0;
5414;2023.05.26 23:30;-36;17;17.0625;17.0625;309;202;0;
5415;2023.05.26 23:45;-36;17;17.125;17.125;309;202;0;
5416;2023.05.27 00:00;-36;17;17.125;17.125;309;202;0;
5417;2023.05.27 00:15;-36;17;17.125;17.125;309;202;0;
5418;2023.05.27 00:30;-36;17;17.125;17.125;309;202;0;
5419;2023.05.27 00:45;-36;17;17.125;17.1875;309;202;0;
5420;2023.05.27 01:00;-36;17.0625;17.125;17.25;309;202;0;
5421;2023.05.27 01:15;-36;17.0625;17.125;17.25;309;202;0;
5422;2023.05.27 01:30;-36;17.125;17.125;17.25;309;202;0;
5423;2023.05.27 01:45;-36;17.125;17.1875;17.25;309;202;0;
5424;2023.05.27 02:00;-36;17.125;17.1875;17.25;309;202;0;
5425;2023.05.27 02:15;-36;17.125;17.1875;17.3125;309;202;0;
5426;2023.05.27 02:30;-36;17.125;17.25;17.3125;309;202;0;
5427;2023.05.27 02:45;-36;17.125;17.25;17.3125;309;202;0;
5428;2023.05.27 03:00;-36;17.125;17.25;17.3125;309;202;0;
5429;2023.05.27 03:15;-36;17.125;17.25;17.3125;309;202;0;
5430;2023.05.27 03:30;-36;17.125;17.25;17.3125;309;202;0;
5431;2023.05.27 03:45;-36;17.125;17.25;17.3125;309;202;0;
5432;2023.05.27 04:00;-36;17.125;17.25;17.3125;309;202;0;
5433;2023.05.27 04:15;-36;17.125;17.25;17.3125;309;202;0;
5434;2023.05.27 04:30;-36;17.125;17.25;17.3125;309;202;0;
5435;2023.05.27 04:45;-36;17.125;17.25;17.25;309;202;0;
5436;2023.05.27 05:00;-36;17.125;17.25;17.25;309;202;0;
5437;2023.05.27 05:15;-36;17.125;17.25;17.25;309;202;0;
5438;2023.05.27 05:30;-36;17.125;17.25;17.25;309;202;0;
5439;2023.05.27 05:45;-36;17.125;17.25;17.25;309;202;0;
5440;2023.05.27 06:00;-36;17.125;17.25;17.25;309;202;0;
5441;2023.05.27 06:15;-36;17.125;17.25;17.25;309;202;0;
5442;2023.05.27 06:30;-36;17.125;17.25;17.25;309;202;0;
5443;2023.05.27 06:45;-36;17.0625;17.25;17.25;309;202;0;
5444;2023.05.27 07:00;-36;17.0625;17.25;17.1875;309;202;0;
5445;2023.05.27 07:15;-36;17;17.25;17.125;309;202;0;
5446;2023.05.27 07:30;-36;17;17.1875;17.125;309;202;0;
5447;2023.05.27 07:45;-36;17;17.1875;17.125;309;202;0;
5448;2023.05.27 08:00;-36;17;17.125;17.125;309;202;0;
5449;2023.05.27 08:15;-36;16.9375;17.125;17.0625;309;202;0;
5450;2023.05.27 08:30;-36;16.9375;17.125;17;309;202;0;
5451;2023.05.27 08:45;-36;16.875;17.125;17;309;202;0;
5452;2023.05.27 09:00;-36;16.875;17.125;17;309;202;0;
5453;2023.05.27 09:15;-36;16.875;17.0625;16.9375;308;202;0;
5454;2023.05.27 09:30;-36;16.875;17;16.875;308;202;0;
5455;2023.05.27 09:45;-36;16.8125;17;16.875;308;202;0;
5456;2023.05.27 10:00;-36;16.75;17;16.875;308;202;0;
5457;2023.05.27 10:15;-36;16.75;17;16.8125;308;202;0;
5458;2023.05.27 10:30;-36;16.75;16.9375;16.75;308;202;0;
5459;2023.05.27 10:45;-36;16.6875;16.875;16.75;308;202;0;
5460;2023.05.27 11:00;-36;16.625;16.875;16.6875;308;202;0;
5461;2023.05.27 11:15;-36;16.625;16.875;16.625;307;202;0;
5462;2023.05.27 11:30;-36;16.5625;16.8125;16.625;307;202;0;
5463;2023.05.27 11:45;-36;16.5;16.75;16.5;307;202;0;
5464;2023.05.27 12:00;-36;16.5;16.75;16.5;307;202;0;
5465;2023.05.27 12:15;-36;16.4375;16.6875;16.4375;307;202;0;
5466;2023.05.27 12:30;-36;16.375;16.625;16.375;307;202;0;
5467;2023.05.27 12:45;-36;16.375;16.625;16.375;306;202;0;
5468;2023.05.27 13:00;-36;16.3125;16.5625;16.25;306;202;0;
5469;2023.05.27 13:15;-36;16.25;16.5;16.25;306;202;0;
5470;2023.05.27 13:30;-36;16.25;16.5;16.125;306;202;0;
5471;2023.05.27 13:45;-36;16.1875;16.4375;16.125;306;202;0;
5472;2023.05.27 14:00;-36;16.125;16.375;16.0625;305;202;0;
5473;2023.05.27 14:15;-36;16.125;16.375;16;305;202;0;
5474;2023.05.27 14:30;-36;16;16.25;15.9375;305;202;0;
5475;2023.05.27 14:45;-36;16;16.25;15.875;305;202;0;
5476;2023.05.27 15:00;-36;15.9375;16.1875;15.8125;305;202;0;
5477;2023.05.27 15:15;-36;15.875;16.125;15.75;304;202;0;
5478;2023.05.27 15:30;-36;15.8125;16.125;15.75;304;202;0;
5479;2023.05.27 15:45;-36;15.75;16;15.625;304;202;0;
5480;2023.05.27 16:00;-36;15.75;16;15.625;304;202;0;
5481;2023.05.27 16:15;-36;15.6875;15.9375;15.5625;304;202;0;
5482;2023.05.27 16:30;-36;15.625;15.875;15.5;303;202;0;
5483;2023.05.27 16:45;-36;15.625;15.875;15.5;303;202;0;
5484;2023.05.27 17:00;-36;15.5;15.8125;15.4375;303;202;0;
5485;2023.05.27 17:15;-36;15.5;15.75;15.375;303;202;0;
5486;2023.05.27 17:30;-36;15.5;15.75;15.375;303;202;0;
5487;2023.05.27 17:45;-36;15.4375;15.625;15.375;302;202;0;
5488;2023.05.27 18:00;-36;15.375;15.625;15.3125;302;202;0;
5489;2023.05.27 18:15;-36;15.375;15.625;15.3125;302;202;0;
5490;2023.05.27 18:30;-36;15.375;15.5625;15.25;302;202;0;
5491;2023.05.27 18:45;-36;15.3125;15.5;15.25;302;202;0;
5492;2023.05.27 19:00;-36;15.3125;15.5;15.25;302;202;0;
5493;2023.05.27 19:15;-36;15.25;15.5;15.25;302;202;0;
5494;2023.05.27 19:30;-36;15.25;15.4375;15.25;302;202;0;
5495;2023.05.27 19:45;-36;15.25;15.4375;15.25;301;202;0;
5496;2023.05.27 20:00;-36;15.25;15.375;15.25;301;202;0;
5497;2023.05.27 20:15;-36;15.25;15.375;15.3125;301;202;0;
5498;2023.05.27 20:30;-36;15.25;15.375;15.375;301;202;0;
5499;2023.05.27 20:45;-36;15.3125;15.375;15.375;301;202;0;
5500;2023.05.27 21:00;-36;15.375;15.375;15.375;301;202;0;
5501;2023.05.27 21:15;-36;15.375;15.375;15.5;302;202;0;
5502;2023.05.27 21:30;-36;15.375;15.4375;15.5;302;202;0;
5503;2023.05.27 21:45;-36;15.5;15.5;15.5625;302;202;0;
5504;2023.05.27 22:00;-36;15.5;15.5;15.625;302;202;0;
5505;2023.05.27 22:15;-36;15.5625;15.5;15.75;302;202;0;
5506;2023.05.27 22:30;-36;15.625;15.5625;15.8125;302;202;0;
5507;2023.05.27 22:45;-36;15.75;15.625;15.875;303;202;0;
5508;2023.05.27 23:00;-36;15.75;15.6875;16;303;202;0;
5509;2023.05.27 23:15;-36;15.875;15.75;16.0625;303;202;0;
5510;2023.05.27 23:30;-36;15.875;15.8125;16.125;303;202;0;
5511;2023.05.27 23:45;-36;16;15.875;16.25;304;202;0;
5512;2023.05.28 00:00;-36;16.0625;15.9375;16.375;304;202;0;
5513;2023.05.28 00:15;-36;16.125;16;16.4375;304;202;0;
5514;2023.05.28 00:30;-36;16.25;16.0625;16.5;305;202;0;
5515;2023.05.28 00:45;-36;16.3125;16.125;16.625;305;202;0;
5516;2023.05.28 01:00;-36;16.375;16.25;16.75;305;202;0;
5517;2023.05.28 01:15;-36;16.5;16.3125;16.8125;306;202;0;
5518;2023.05.28 01:30;-36;16.5625;16.375;16.875;306;202;0;
5519;2023.05.28 01:45;-36;16.625;16.5;17;306;202;0;
5520;2023.05.28 02:00;-36;16.6875;16.5625;17.0625;306;202;0;
5521;2023.05.28 02:15;-36;16.75;16.625;17.125;307;202;0;
5522;2023.05.28 02:30;-36;16.875;16.6875;17.1875;307;202;0;
5523;2023.05.28 02:45;-36;16.875;16.75;17.25;307;202;0;
5524;2023.05.28 03:00;-36;17;16.875;17.3125;308;202;0;
5525;2023.05.28 03:15;-36;17;16.875;17.375;308;202;0;
5526;2023.05.28 03:30;-36;17.0625;17;17.375;308;202;0;
5527;2023.05.28 03:45;-36;17.125;17;17.4375;308;202;0;
5528;2023.05.28 04:00;-36;17.125;17.125;17.5;309;202;0;
5529;2023.05.28 04:15;-36;17.1875;17.125;17.5;309;202;0;
5530;2023.05.28 04:30;-36;17.25;17.1875;17.5;309;202;0;
5531;2023.05.28 04:45;-36;17.25;17.25;17.5625;309;202;0;
5532;2023.05.28 05:00;-36;17.25;17.25;17.5625;309;202;0;
5533;2023.05.28 05:15;-36;17.25;17.3125;17.625;309;202;0;
5534;2023.05.28 05:30;-36;17.3125;17.375;17.625;310;202;0;
5535;2023.05.28 05:45;-36;17.3125;17.375;17.625;310;202;0;
5536;2023.05.28 06:00;-36;17.375;17.375;17.625;310;202;0;
5537;2023.05.28 06:15;-36;17.375;17.375;17.625;310;202;0;
5538;2023.05.28 06:30;-36;17.375;17.4375;17.625;310;202;0;
5539;2023.05.28 06:45;-36;17.375;17.5;17.625;310;202;0;
5540;2023.05.28 07:00;-36;17.375;17.5;17.625;310;202;0;
5541;2023.05.28 07:15;-36;17.375;17.5;17.625;310;202;0;
5542;2023.05.28 07:30;-36;17.375;17.5;17.625;310;202;0;
5543;2023.05.28 07:45;-36;17.375;17.5;17.5625;310;202;0;
5544;2023.05.28 08:00;-36;17.375;17.5;17.5;310;202;0;
5545;2023.05.28 08:15;-36;17.375;17.5;17.5;310;202;0;
5546;2023.05.28 08:30;-36;17.3125;17.5;17.5;310;202;0;
5547;2023.05.28 08:45;-36;17.3125;17.5;17.5;310;202;0;
5548;2023.05.28 09:00;-36;17.25;17.5;17.4375;310;202;0;
5549;2023.05.28 09:15;-36;17.25;17.5;17.4375;310;202;0;
5550;2023.05.28 09:30;-36;17.25;17.4375;17.375;310;202;0;
5551;2023.05.28 09:45;-36;17.25;17.4375;17.375;310;202;0;
5552;2023.05.28 10:00;-36;17.25;17.375;17.375;309;202;0;
5553;2023.05.28 10:15;-36;17.1875;17.375;17.3125;309;202;0;
5554;2023.05.28 10:30;-36;17.125;17.375;17.25;309;202;0;
5555;2023.05.28 10:45;-36;17.125;17.375;17.25;309;202;0;
5556;2023.05.28 11:00;-36;17.125;17.375;17.25;309;202;0;
5557;2023.05.28 11:15;-36;17.0625;17.3125;17.1875;309;202;0;
5558;2023.05.28 11:30;-36;17;17.25;17.125;309;202;0;
5559;2023.05.28 11:45;-36;17;17.25;17.125;309;202;0;
5560;2023.05.28 12:00;-36;17;17.25;17.0625;309;202;0;
5561;2023.05.28 12:15;-36;16.9375;17.1875;17;309;202;0;
5562;2023.05.28 12:30;-36;16.875;17.125;17;308;202;0;
5563;2023.05.28 12:45;-36;16.875;17.125;16.9375;308;202;0;
5564;2023.05.28 13:00;-36;16.875;17.125;16.875;308;202;0;
5565;2023.05.28 13:15;-36;16.8125;17.0625;16.875;308;202;0;
5566;2023.05.28 13:30;-36;16.75;17;16.75;308;202;0;
5567;2023.05.28 13:45;-36;16.75;17;16.75;308;202;0;
5568;2023.05.28 14:00;-36;16.6875;16.9375;16.6875;307;202;0;
5569;2023.05.28 14:15;-36;16.625;16.875;16.625;307;202;0;
5570;2023.05.28 14:30;-36;16.625;16.875;16.625;307;202;0;
5571;2023.05.28 14:45;-36;16.5625;16.8125;16.5625;307;202;0;
5572;2023.05.28 15:00;-36;16.5;16.75;16.5;307;202;0;
5573;2023.05.28 15:15;-36;16.5;16.75;16.5;307;202;0;
5574;2023.05.28 15:30;-36;16.4375;16.75;16.375;306;202;0;
5575;2023.05.28 15:45;-36;16.375;16.625;16.375;306;202;0;
5576;2023.05.28 16:00;-36;16.375;16.625;16.375;306;202;0;
5577;2023.05.28 16:15;-36;16.375;16.625;16.3125;306;202;0;
5578;2023.05.28 16:30;-36;16.25;16.5;16.25;306;202;0;
5579;2023.05.28 16:45;-36;16.25;16.5;16.25;306;202;0;
5580;2023.05.28 17:00;-36;16.25;16.5;16.1875;305;202;0;
5581;2023.05.28 17:15;-36;16.25;16.4375;16.1875;305;202;0;
5582;2023.05.28 17:30;-36;16.1875;16.375;16.125;305;202;0;
5583;2023.05.28 17:45;-36;16.1875;16.375;16.125;305;202;0;
5584;2023.05.28 18:00;-36;16.1875;16.375;16.1875;305;202;0;
5585;2023.05.28 18:15;-36;16.25;16.375;16.25;305;202;0;
5586;2023.05.28 18:30;-36;16.25;16.375;16.375;305;202;0;
5587;2023.05.28 18:45;-36;16.375;16.375;16.375;305;202;0;
5588;2023.05.28 19:00;-36;16.375;16.375;16.5;305;202;0;
5589;2023.05.28 19:15;-36;16.5;16.4375;16.625;306;202;0;
5590;2023.05.28 19:30;-36;16.5625;16.5;16.75;306;202;0;
5591;2023.05.28 19:45;-36;16.625;16.5;16.875;306;202;0;
5592;2023.05.28 20:00;-36;16.75;16.625;17;306;202;0;
5593;2023.05.28 20:15;-36;16.8125;16.6875;17.125;307;202;0;
5594;2023.05.28 20:30;-36;16.9375;16.75;17.25;307;202;0;
5595;2023.05.28 20:45;-36;17;16.875;17.375;307;202;0;
5596;2023.05.28 21:00;-36;17.125;16.875;17.5;308;202;0;
5597;2023.05.28 21:15;-36;17.25;17;17.625;308;202;0;
5598;2023.05.28 21:30;-36;17.375;17.125;17.75;309;202;0;
5599;2023.05.28 21:45;-36;17.5;17.25;17.875;309;202;0;
5600;2023.05.28 22:00;-36;17.625;17.375;18;310;202;0;
5601;2023.05.28 22:15;-36;17.75;17.4375;18.125;310;202;0;
5602;2023.05.28 22:30;-36;17.875;17.5625;18.1875;311;202;0;
5603;2023.05.28 22:45;-36;17.9375;17.6875;18.3125;311;202;0;
5604;2023.05.28 23:00;-36;18.0625;17.75;18.375;312;202;0;
5605;2023.05.28 23:15;-36;18.125;17.875;18.5;312;202;0;
5606;2023.05.28 23:30;-36;18.25;18;18.625;313;202;0;
5607;2023.05.28 23:45;-36;18.375;18.125;18.6875;313;202;0;
5608;2023.05.29 00:00;-36;18.4375;18.1875;18.75;313;202;0;
5609;2023.05.29 00:15;-36;18.5;18.25;18.875;314;202;0;
5610;2023.05.29 00:30;-36;18.625;18.375;18.9375;314;202;0;
5611;2023.05.29 00:45;-36;18.6875;18.5;19;315;202;0;
5612;2023.05.29 01:00;-36;18.75;18.625;19.125;315;202;0;
5613;2023.05.29 01:15;-36;18.875;18.625;19.25;315;202;0;
5614;2023.05.29 01:30;-36;18.9375;18.75;19.375;316;202;0;
5615;2023.05.29 01:45;-36;19;18.875;19.4375;316;202;0;
5616;2023.05.29 02:00;-36;19.125;18.9375;19.5;316;202;0;
5617;2023.05.29 02:15;-36;19.25;19;19.625;317;202;0;
5618;2023.05.29 02:30;-36;19.25;19.125;19.75;317;202;0;
5619;2023.05.29 02:45;-36;19.375;19.1875;19.75;318;202;0;
5620;2023.05.29 03:00;-36;19.375;19.25;19.875;318;202;0;
5621;2023.05.29 03:15;-36;19.5;19.375;19.9375;318;202;0;
5622;2023.05.29 03:30;-36;19.5;19.4375;20;318;202;0;
5623;2023.05.29 03:45;-36;19.5625;19.5;20;319;202;0;
5624;2023.05.29 04:00;-36;19.625;19.5;20.0625;319;202;0;
5625;2023.05.29 04:15;-36;19.625;19.625;20.125;319;202;0;
5626;2023.05.29 04:30;-36;19.6875;19.625;20.125;319;202;0;
5627;2023.05.29 04:45;-36;19.75;19.6875;20.125;319;202;0;
5628;2023.05.29 05:00;-36;19.75;19.75;20.125;320;202;0;
5629;2023.05.29 05:15;-36;19.75;19.75;20.1875;320;202;0;
5630;2023.05.29 05:30;-36;19.8125;19.8125;20.1875;320;202;0;
5631;2023.05.29 05:45;-36;19.8125;19.875;20.1875;320;202;0;
5632;2023.05.29 06:00;-36;19.875;19.875;20.25;320;202;0;
5633;2023.05.29 06:15;-36;19.875;19.875;20.1875;320;202;0;
5634;2023.05.29 06:30;-36;19.875;19.9375;20.1875;320;202;0;
5635;2023.05.29 06:45;-36;19.875;19.9375;20.1875;320;202;0;
5636;2023.05.29 07:00;-36;19.875;20;20.1875;320;202;0;
5637;2023.05.29 07:15;-36;19.875;20;20.1875;320;202;0;
5638;2023.05.29 07:30;-36;19.875;20;20.1875;321;202;0;
5639;2023.05.29 07:45;-36;19.875;20;20.1875;321;202;0;
5640;2023.05.29 08:00;-36;19.875;20;20.125;321;202;0;
5641;2023.05.29 08:15;-36;19.875;20;20.125;321;202;0;
5642;2023.05.29 08:30;-36;19.875;20;20.125;321;202;0;
5643;2023.05.29 08:45;-36;19.875;20;20.125;321;202;0;
5644;2023.05.29 09:00;-36;19.875;20;20.125;321;202;0;
5645;2023.05.29 09:15;-36;19.875;20;20.125;321;202;0;
5646;2023.05.29 09:30;-36;19.875;20;20.0625;321;202;0;
5647;2023.05.29 09:45;-36;19.875;20;20.0625;320;202;0;
5648;2023.05.29 10:00;-36;19.8125;20;20;320;202;0;
5649;2023.05.29 10:15;-36;19.8125;20;20;320;202;0;
5650;2023.05.29 10:30;-36;19.8125;20;20;320;202;0;
5651;2023.05.29 10:45;-36;19.75;20;20;320;202;0;
5652;2023.05.29 11:00;-36;19.75;19.9375;20;320;202;0;
5653;2023.05.29 11:15;-36;19.75;19.9375;20;320;202;0;
5654;2023.05.29 11:30;-36;19.75;19.9375;19.9375;320;202;0;
5655;2023.05.29 11:45;-36;19.75;19.875;19.9375;320;202;0;
5656;2023.05.29 12:00;-36;19.75;19.875;19.875;320;202;0;
5657;2023.05.29 12:15;-36;19.75;19.875;19.875;320;202;0;
5658;2023.05.29 12:30;-36;19.75;19.875;19.875;320;202;0;
5659;2023.05.29 12:45;-36;19.6875;19.875;19.875;320;202;0;
5660;2023.05.29 13:00;-36;19.6875;19.875;19.875;320;202;0;
5661;2023.05.29 13:15;-36;19.625;19.875;19.8125;320;202;0;
5662;2023.05.29 13:30;-36;19.625;19.8125;19.8125;320;202;0;
5663;2023.05.29 13:45;-36;19.625;19.8125;19.75;320;202;0;
5664;2023.05.29 14:00;-36;19.625;19.75;19.75;320;202;0;
5665;2023.05.29 14:15;-36;19.625;19.75;19.75;320;202;0;
5666;2023.05.29 14:30;-36;19.5625;19.75;19.6875;319;202;0;
5667;2023.05.29 14:45;-36;19.5;19.75;19.625;319;202;0;
5668;2023.05.29 15:00;-36;19.5;19.6875;19.625;319;202;0;
5669;2023.05.29 15:15;-36;19.5;19.625;19.5625;319;202;0;
5670;2023.05.29 15:30;-36;19.4375;19.625;19.5;319;202;0;
5671;2023.05.29 15:45;-36;19.375;19.625;19.5;319;202;0;
5672;2023.05.29 16:00;-36;19.375;19.625;19.4375;319;202;0;
5673;2023.05.29 16:15;-36;19.375;19.5625;19.375;319;202;0;
5674;2023.05.29 16:30;-36;19.3125;19.5;19.375;318;202;0;
5675;2023.05.29 16:45;-36;19.3125;19.5;19.375;318;202;0;
5676;2023.05.29 17:00;-36;19.3125;19.5;19.375;318;202;0;
5677;2023.05.29 17:15;-36;19.25;19.5;19.375;318;202;0;
5678;2023.05.29 17:30;-36;19.25;19.4375;19.3125;318;202;0;
5679;2023.05.29 17:45;-36;19.25;19.375;19.3125;318;202;0;
5680;2023.05.29 18:00;-36;19.25;19.375;19.25;318;202;0;
5681;2023.05.29 18:15;-36;19.25;19.375;19.25;318;202;0;
5682;2023.05.29 18:30;-36;19.25;19.375;19.25;318;202;0;
5683;2023.05.29 18:45;-36;19.25;19.375;19.25;318;202;0;
5684;2023.05.29 19:00;-36;19.1875;19.375;19.25;318;202;0;
5685;2023.05.29 19:15;-36;19.1875;19.3125;19.25;318;202;0;
5686;2023.05.29 19:30;-36;19.125;19.3125;19.25;318;202;0;
5687;2023.05.29 19:45;-36;19.125;19.3125;19.25;318;202;0;
5688;2023.05.29 20:00;-36;19.1875;19.25;19.25;318;202;0;
5689;2023.05.29 20:15;-36;19.1875;19.25;19.25;318;202;0;
5690;2023.05.29 20:30;-36;19.1875;19.25;19.25;318;202;0;
5691;2023.05.29 20:45;-36;19.25;19.25;19.3125;318;202;0;
5692;2023.05.29 21:00;-36;19.25;19.25;19.375;318;202;0;
5693;2023.05.29 21:15;-36;19.25;19.3125;19.375;318;202;0;
5694;2023.05.29 21:30;-36;19.25;19.3125;19.4375;318;202;0;
5695;2023.05.29 21:45;-36;19.25;19.375;19.5;318;202;0;
5696;2023.05.29 22:00;-36;19.25;19.375;19.5;318;202;0;
5697;2023.05.29 22:15;-36;19.25;19.375;19.5;318;202;0;
5698;2023.05.29 22:30;-36;19.25;19.375;19.5;318;202;0;
5699;2023.05.29 22:45;-36;19.25;19.375;19.5;318;202;0;
5700;2023.05.29 23:00;-36;19.25;19.375;19.5;318;202;0;
5701;2023.05.29 23:15;-36;19.25;19.375;19.5;318;202;0;
5702;2023.05.29 23:30;-36;19.25;19.375;19.5;318;202;0;
5703;2023.05.29 23:45;-36;19.25;19.375;19.4375;318;202;0;
5704;2023.05.30 00:00;-36;19.25;19.375;19.4375;320;202;0;
5705;2023.05.30 00:15;-36;19.25;19.375;19.4375;320;202;0;
5706;2023.05.30 00:30;-36;19.25;19.375;19.4375;320;202;0;
5707;2023.05.30 00:45;-36;19.25;19.375;19.4375;320;202;0;
5708;2023.05.30 01:00;-36;19.25;19.375;19.4375;320;202;0;
5709;2023.05.30 01:15;-36;19.25;19.375;19.4375;319;202;0;
5710;2023.05.30 01:30;-36;19.25;19.375;19.4375;319;202;0;
5711;2023.05.30 01:45;-36;19.25;19.375;19.4375;319;202;0;
5712;2023.05.30 02:00;-36;19.25;19.375;19.4375;319;202;0;
5713;2023.05.30 02:15;-36;19.25;19.375;19.5;319;202;0;
5714;2023.05.30 02:30;-36;19.25;19.3125;19.5;319;202;0;
5715;2023.05.30 02:45;-36;19.25;19.375;19.5;319;202;0;
5716;2023.05.30 03:00;-36;19.25;19.375;19.5;319;202;0;
5717;2023.05.30 03:15;-36;19.25;19.375;19.5;319;202;0;
5718;2023.05.30 03:30;-36;19.25;19.375;19.4375;319;202;0;
5719;2023.05.30 03:45;-36;19.25;19.375;19.4375;319;202;0;
5720;2023.05.30 04:00;-36;19.25;19.375;19.375;319;202;0;
5721;2023.05.30 04:15;-36;19.25;19.375;19.375;319;202;0;
5722;2023.05.30 04:30;-36;19.25;19.375;19.375;319;202;0;
5723;2023.05.30 04:45;-36;19.25;19.375;19.375;319;202;0;
5724;2023.05.30 05:00;-36;19.25;19.375;19.375;319;202;0;
5725;2023.05.30 05:15;-36;19.25;19.375;19.4375;319;202;0;
5726;2023.05.30 05:30;-36;19.25;19.375;19.4375;319;202;0;
5727;2023.05.30 05:45;-36;19.25;19.375;19.5;319;202;0;
5728;2023.05.30 06:00;-36;19.25;19.375;19.4375;319;202;0;
5729;2023.05.30 06:15;-36;19.25;19.375;19.4375;319;202;0;
5730;2023.05.30 06:30;-36;19.25;19.375;19.375;319;202;0;
5731;2023.05.30 06:45;-36;19.25;19.375;19.375;319;202;0;
5732;2023.05.30 07:00;-36;19.25;19.375;19.375;319;202;0;
5733;2023.05.30 07:15;-36;19.25;19.375;19.375;319;202;0;
5734;2023.05.30 07:30;-36;19.25;19.375;19.3125;319;202;0;
5735;2023.05.30 07:45;-36;19.1875;19.375;19.25;319;202;0;
5736;2023.05.30 08:00;-36;19.1875;19.375;19.25;319;202;0;
5737;2023.05.30 08:15;-36;19.1875;19.3125;19.25;319;202;0;
5738;2023.05.30 08:30;-36;19.125;19.3125;19.25;319;202;0;
5739;2023.05.30 08:45;-36;19.125;19.25;19.25;319;202;0;
5740;2023.05.30 09:00;-36;19.125;19.25;19.25;319;202;0;
5741;2023.05.30 09:15;-36;19.125;19.25;19.1875;319;202;0;
5742;2023.05.30 09:30;-36;19.125;19.25;19.1875;319;202;0;
5743;2023.05.30 09:45;-36;19.125;19.25;19.125;319;202;0;
5744;2023.05.30 10:00;-36;19.0625;19.25;19.125;319;202;0;
5745;2023.05.30 10:15;-36;19;19.25;19.125;319;202;0;
5746;2023.05.30 10:30;-36;19;19.1875;19.125;319;202;0;
5747;2023.05.30 10:45;-36;19;19.1875;19.125;319;202;0;
5748;2023.05.30 11:00;-36;19;19.125;19.0625;318;202;0;
5749;2023.05.30 11:15;-36;19;19.125;19.0625;318;202;0;
5750;2023.05.30 11:30;-36;18.9375;19.125;19.0625;318;202;0;
5751;2023.05.30 11:45;-36;18.9375;19.125;19;318;202;0;
5752;2023.05.30 12:00;-36;18.875;19.125;19;318;202;0;
5753;2023.05.30 12:15;-36;18.875;19.0625;19;318;202;0;
5754;2023.05.30 12:30;-36;18.875;19;19;318;202;0;
5755;2023.05.30 12:45;-36;18.875;19;19;318;202;0;
5756;2023.05.30 13:00;-36;18.875;19;19;318;202;0;
5757;2023.05.30 13:15;-36;18.8125;19;18.9375;318;202;0;
5758;2023.05.30 13:30;-36;18.75;19;18.9375;318;202;0;
5759;2023.05.30 13:45;-36;18.75;18.9375;18.875;318;202;0;
5760;2023.05.30 14:00;-36;18.75;18.9375;18.875;318;202;0;
5761;2023.05.30 14:15;-36;18.75;18.875;18.875;318;202;0;
5762;2023.05.30 14:30;-36;18.75;18.875;18.875;317;202;0;
5763;2023.05.30 14:45;-36;18.75;18.875;18.875;317;202;0;
5764;2023.05.30 15:00;-36;18.75;18.875;18.875;317;202;0;
5765;2023.05.30 15:15;-36;18.75;18.875;18.875;317;202;0;
5766;2023.05.30 15:30;-36;18.75;18.875;18.8125;317;202;0;
5767;2023.05.30 15:45;-36;18.6875;18.875;18.8125;317;202;0;
5768;2023.05.30 16:00;-36;18.6875;18.8125;18.75;317;202;0;
5769;2023.05.30 16:15;-36;18.6875;18.8125;18.75;317;202;0;
5770;2023.05.30 16:30;-36;18.625;18.8125;18.75;317;202;0;
5771;2023.05.30 16:45;-36;18.625;18.75;18.75;317;202;0;
5772;2023.05.30 17:00;-36;18.625;18.75;18.6875;317;202;0;
5773;2023.05.30 17:15;-36;18.625;18.75;18.625;317;202;0;
5774;2023.05.30 17:30;-36;18.5;18.75;18.625;317;202;0;
5775;2023.05.30 17:45;-36;18.5;18.75;18.5625;317;202;0;
5776;2023.05.30 18:00;-36;18.5;18.6875;18.5;316;202;0;
5777;2023.05.30 18:15;-36;18.4375;18.625;18.5;316;202;0;
5778;2023.05.30 18:30;-36;18.375;18.625;18.375;316;202;0;
5779;2023.05.30 18:45;-36;18.375;18.5625;18.375;316;202;0;
5780;2023.05.30 19:00;-36;18.25;18.5;18.3125;316;202;0;
5781;2023.05.30 19:15;-36;18.25;18.5;18.25;316;202;0;
5782;2023.05.30 19:30;-36;18.1875;18.5;18.1875;315;202;0;
5783;2023.05.30 19:45;-36;18.125;18.375;18.125;315;202;0;
5784;2023.05.30 20:00;-36;18.125;18.375;18.0625;315;202;0;
5785;2023.05.30 20:15;-36;18.0625;18.3125;18;315;202;0;
5786;2023.05.30 20:30;-36;18;18.25;18;315;202;0;
5787;2023.05.30 20:45;-36;18;18.25;17.9375;315;202;0;
5788;2023.05.30 21:00;-36;17.875;18.1875;17.875;314;202;0;
5789;2023.05.30 21:15;-36;17.875;18.125;17.875;314;202;0;
5790;2023.05.30 21:30;-36;17.875;18.125;17.8125;314;202;0;
5791;2023.05.30 21:45;-36;17.75;18;17.75;314;202;0;
5792;2023.05.30 22:00;-36;17.75;18;17.75;314;202;0;
5793;2023.05.30 22:15;-36;17.75;18;17.6875;313;202;0;
5794;2023.05.30 22:30;-36;17.6875;17.9375;17.625;313;202;0;
5795;2023.05.30 22:45;-36;17.625;17.875;17.625;313;202;0;
5796;2023.05.30 23:00;-36;17.625;17.875;17.5625;313;202;0;
5797;2023.05.30 23:15;-36;17.5625;17.8125;17.5;313;202;0;
5798;2023.05.30 23:30;-36;17.5;17.75;17.5;313;202;0;
5799;2023.05.30 23:45;-36;17.5;17.75;17.5;313;202;0;
5800;2023.05.31 00:00;-36;17.5;17.6875;17.5;312;202;0;
5801;2023.05.31 00:15;-36;17.5;17.6875;17.5;312;202;0;
5802;2023.05.31 00:30;-36;17.5;17.625;17.5;312;202;0;
5803;2023.05.31 00:45;-36;17.4375;17.625;17.5;312;202;0;
5804;2023.05.31 01:00;-36;17.375;17.625;17.5;312;202;0;
5805;2023.05.31 01:15;-36;17.375;17.5625;17.5;312;202;0;
5806;2023.05.31 01:30;-36;17.375;17.5625;17.5;312;202;0;
5807;2023.05.31 01:45;-36;17.375;17.5;17.5;312;202;0;
5808;2023.05.31 02:00;-36;17.375;17.5;17.5;312;202;0;
5809;2023.05.31 02:15;-36;17.3125;17.5;17.4375;312;202;0;
5810;2023.05.31 02:30;-36;17.25;17.5;17.4375;311;202;0;
5811;2023.05.31 02:45;-36;17.25;17.4375;17.375;311;202;0;
5812;2023.05.31 03:00;-36;17.25;17.375;17.375;311;202;0;
5813;2023.05.31 03:15;-36;17.1875;17.375;17.375;311;202;0;
5814;2023.05.31 03:30;-36;17.125;17.375;17.3125;311;202;0;
5815;2023.05.31 03:45;-36;17.125;17.375;17.25;311;202;0;
5816;2023.05.31 04:00;-36;17.125;17.3125;17.25;311;202;0;
5817;2023.05.31 04:15;-36;17.125;17.3125;17.25;311;202;0;
5818;2023.05.31 04:30;-36;17.0625;17.25;17.1875;311;202;0;
5819;2023.05.31 04:45;-36;17;17.25;17.125;310;202;0;
5820;2023.05.31 05:00;-36;17;17.25;17.125;310;202;0;
5821;2023.05.31 05:15;-36;17;17.1875;17.125;310;202;0;
5822;2023.05.31 05:30;-36;16.9375;17.125;17.0625;310;202;0;
5823;2023.05.31 05:45;-36;16.875;17.125;17;310;202;0;
5824;2023.05.31 06:00;-36;16.875;17.125;17;310;202;0;
5825;2023.05.31 06:15;-36;16.875;17.125;17;310;202;0;
5826;2023.05.31 06:30;-36;16.875;17.0625;16.9375;310;202;0;
5827;2023.05.31 06:45;-36;16.8125;17;16.9375;310;202;0;
5828;2023.05.31 07:00;-36;16.75;17;16.875;309;202;0;
5829;2023.05.31 07:15;-36;16.75;17;16.875;309;202;0;
5830;2023.05.31 07:30;-36;16.75;16.9375;16.875;309;202;0;
5831;2023.05.31 07:45;-36;16.6875;16.875;16.8125;309;202;0;
5832;2023.05.31 08:00;-36;16.625;16.875;16.75;309;202;0;
5833;2023.05.31 08:15;-36;16.625;16.875;16.75;309;202;0;
5834;2023.05.31 08:30;-36;16.625;16.875;16.75;309;202;0;
5835;2023.05.31 08:45;-36;16.625;16.8125;16.6875;309;202;0;
5836;2023.05.31 09:00;-36;16.5625;16.75;16.6875;309;202;0;
5837;2023.05.31 09:15;-36;16.5;16.75;16.625;308;202;0;
5838;2023.05.31 09:30;-36;16.5;16.75;16.625;308;202;0;
5839;2023.05.31 09:45;-36;16.5;16.75;16.625;308;202;0;
5840;2023.05.31 10:00;-36;16.5;16.6875;16.5625;308;202;0;
5841;2023.05.31 10:15;-36;16.4375;16.625;16.5;308;202;0;
5842;2023.05.31 10:30;-36;16.375;16.625;16.5;308;202;0;
5843;2023.05.31 10:45;-36;16.375;16.625;16.5;308;202;0;
5844;2023.05.31 11:00;-36;16.375;16.5625;16.4375;308;202;0;
5845;2023.05.31 11:15;-36;16.375;16.5;16.4375;308;202;0;
5846;2023.05.31 11:30;-36;16.3125;16.5;16.375;307;202;0;
5847;2023.05.31 11:45;-36;16.25;16.5;16.375;307;202;0;
5848;2023.05.31 12:00;-36;16.25;16.5;16.375;307;202;0;
5849;2023.05.31 12:15;-36;16.25;16.4375;16.3125;307;202;0;
5850;2023.05.31 12:30;-36;16.1875;16.375;16.25;307;202;0;
5851;2023.05.31 12:45;-36;16.1875;16.375;16.25;307;202;0;
5852;2023.05.31 13:00;-36;16.125;16.375;16.25;307;202;0;
5853;2023.05.31 13:15;-36;16.125;16.375;16.25;307;202;0;
5854;2023.05.31 13:30;-36;16.125;16.3125;16.1875;307;202;0;
5855;2023.05.31 13:45;-36;16.0625;16.25;16.125;306;202;0;
5856;2023.05.31 14:00;-36;16;16.25;16.125;306;202;0;
5857;2023.05.31 14:15;-36;16;16.25;16.125;306;202;0;
5858;2023.05.31 14:30;-36;16;16.25;16.125;306;202;0;
5859;2023.05.31 14:45;-36;16;16.1875;16.0625;306;202;0;
5860;2023.05.31 15:00;-36;16;16.125;16.0625;306;202;0;
5861;2023.05.31 15:15;-36;15.9375;16.125;16;306;202;0;
5862;2023.05.31 15:30;-36;15.875;16.125;16;306;202;0;
5863;2023.05.31 15:45;-36;15.875;16.125;16;306;202;0;
5864;2023.05.31 16:00;-36;15.875;16.0625;16;305;202;0;
5865;2023.05.31 16:15;-36;15.875;16;16;305;202;0;
5866;2023.05.31 16:30;-36;15.875;16;16;305;202;0;
5867;2023.05.31 16:45;-36;15.8125;16;16;305;202;0;
5868;2023.05.31 17:00;-36;15.8125;16;15.9375;305;202;0;
5869;2023.05.31 17:15;-36;15.75;16;15.9375;305;202;0;
5870;2023.05.31 17:30;-36;15.75;15.9375;15.9375;305;202;0;
5871;2023.05.31 17:45;-36;15.75;15.9375;15.9375;305;202;0;
5872;2023.05.31 18:00;-36;15.75;15.9375;16;305;202;0;
5873;2023.05.31 18:15;-36;15.75;15.875;16;305;202;0;
5874;2023.05.31 18:30;-36;15.75;15.875;16;305;202;0;
5875;2023.05.31 18:45;-36;15.75;15.875;16;305;202;0;
5876;2023.05.31 19:00;-36;15.75;15.875;16;305;202;0;
5877;2023.05.31 19:15;-36;15.75;15.875;16;305;202;0;
5878;2023.05.31 19:30;-36;15.75;15.875;16;305;202;0;
5879;2023.05.31 19:45;-36;15.75;15.875;16;305;202;0;
5880;2023.05.31 20:00;-36;15.75;15.875;16;305;202;0;
5881;2023.05.31 20:15;-36;15.75;15.875;16;305;202;0;
5882;2023.05.31 20:30;-36;15.75;15.875;16;305;202;0;
5883;2023.05.31 20:45;-36;15.75;15.875;16;305;202;0;
5884;2023.05.31 21:00;-36;15.8125;15.875;16.0625;305;202;0;
5885;2023.05.31 21:15;-36;15.8125;15.875;16.125;305;202;0;
5886;2023.05.31 21:30;-36;15.875;15.875;16.125;305;202;0;
5887;2023.05.31 21:45;-36;15.875;15.9375;16.125;305;202;0;
5888;2023.05.31 22:00;-36;15.875;15.9375;16.1875;305;202;0;
5889;2023.05.31 22:15;-36;15.9375;16;16.25;305;202;0;
5890;2023.05.31 22:30;-36;16;16;16.3125;305;202;0;
5891;2023.05.31 22:45;-36;16;16;16.375;306;202;0;
5892;2023.05.31 23:00;-36;16.125;16.0625;16.5;306;202;0;
5893;2023.05.31 23:15;-36;16.125;16.125;16.5;306;202;0;
5894;2023.05.31 23:30;-36;16.1875;16.125;16.625;306;202;0;
5895;2023.05.31 23:45;-36;16.25;16.1875;16.625;306;202;0;
5896;2023.06.01 00:00;-36;16.25;16.25;16.75;307;202;0;
5897;2023.06.01 00:15;-36;16.3125;16.25;16.75;307;202;0;
5898;2023.06.01 00:30;-36;16.375;16.3125;16.875;307;202;0;
5899;2023.06.01 00:45;-36;16.375;16.375;16.875;307;202;0;
5900;2023.06.01 01:00;-36;16.5;16.375;16.9375;307;202;0;
5901;2023.06.01 01:15;-36;16.5;16.5;17;307;202;0;
5902;2023.06.01 01:30;-36;16.5;16.5;17;308;202;0;
5903;2023.06.01 01:45;-36;16.5625;16.5625;17.0625;308;202;0;
5904;2023.06.01 02:00;-36;16.625;16.625;17.125;308;202;0;
5905;2023.06.01 02:15;-36;16.625;16.625;17.125;308;202;0;
5906;2023.06.01 02:30;-36;16.625;16.625;17.125;308;202;0;
5907;2023.06.01 02:45;-36;16.625;16.6875;17.125;308;202;0;
5908;2023.06.01 03:00;-36;16.6875;16.75;17.125;308;202;0;
5909;2023.06.01 03:15;-36;16.75;16.75;17.125;309;202;0;
5910;2023.06.01 03:30;-36;16.75;16.75;17.125;309;202;0;
5911;2023.06.01 03:45;-36;16.75;16.8125;17.125;309;202;0;
5912;2023.06.01 04:00;-36;16.75;16.8125;17.125;309;202;0;
5913;2023.06.01 04:15;-36;16.75;16.875;17.125;309;202;0;
5914;2023.06.01 04:30;-36;16.75;16.875;17.125;309;202;0;
5915;2023.06.01 04:45;-36;16.75;16.875;17.125;309;202;0;
5916;2023.06.01 05:00;-36;16.75;16.875;17.0625;309;202;0;
5917;2023.06.01 05:15;-36;16.75;16.875;17;309;202;0;
5918;2023.06.01 05:30;-36;16.75;16.875;17;309;202;0;
5919;2023.06.01 05:45;-36;16.75;16.875;17;309;202;0;
5920;2023.06.01 06:00;-36;16.75;16.875;17;309;202;0;
5921;2023.06.01 06:15;-36;16.6875;16.875;17;309;202;0;
5922;2023.06.01 06:30;-36;16.6875;16.875;16.9375;309;202;0;
5923;2023.06.01 06:45;-36;16.625;16.875;16.875;309;202;0;
5924;2023.06.01 07:00;-36;16.625;16.875;16.875;309;202;0;
5925;2023.06.01 07:15;-36;16.625;16.8125;16.875;309;202;0;
5926;2023.06.01 07:30;-36;16.625;16.8125;16.8125;309;202;0;
5927;2023.06.01 07:45;-36;16.5625;16.75;16.75;309;202;0;
5928;2023.06.01 08:00;-36;16.5625;16.75;16.75;308;202;0;
5929;2023.06.01 08:15;-36;16.5;16.75;16.6875;308;202;0;
5930;2023.06.01 08:30;-36;16.5;16.75;16.625;308;202;0;
5931;2023.06.01 08:45;-36;16.5;16.6875;16.625;308;202;0;
5932;2023.06.01 09:00;-36;16.4375;16.6875;16.5625;308;202;0;
5933;2023.06.01 09:15;-36;16.375;16.625;16.5;308;202;0;
5934;2023.06.01 09:30;-36;16.375;16.625;16.5;308;202;0;
5935;2023.06.01 09:45;-36;16.375;16.625;16.375;308;202;0;
5936;2023.06.01 10:00;-36;16.25;16.5;16.375;307;202;0;
5937;2023.06.01 10:15;-36;16.25;16.5;16.375;307;202;0;
5938;2023.06.01 10:30;-36;16.25;16.5;16.25;307;202;0;
5939;2023.06.01 10:45;-36;16.125;16.4375;16.25;307;202;0;
5940;2023.06.01 11:00;-36;16.125;16.375;16.1875;307;202;0;
5941;2023.06.01 11:15;-36;16.125;16.375;16.125;307;202;0;
5942;2023.06.01 11:30;-36;16;16.3125;16.0625;306;202;0;
5943;2023.06.01 11:45;-36;16;16.25;16;306;202;0;
5944;2023.06.01 12:00;-36;16;16.25;16;306;202;0;
5945;2023.06.01 12:15;-36;15.875;16.1875;15.9375;306;202;0;
5946;2023.06.01 12:30;-36;15.875;16.125;15.875;306;202;0;
5947;2023.06.01 12:45;-36;15.8125;16.125;15.875;305;202;0;
5948;2023.06.01 13:00;-36;15.75;16.0625;15.8125;305;202;0;
5949;2023.06.01 13:15;-36;15.75;16;15.75;305;202;0;
5950;2023.06.01 13:30;-36;15.6875;16;15.75;305;202;0;
5951;2023.06.01 13:45;-36;15.625;15.875;15.625;305;202;0;
5952;2023.06.01 14:00;-36;15.625;15.875;15.625;304;202;0;
5953;2023.06.01 14:15;-36;15.5625;15.8125;15.625;304;202;0;
5954;2023.06.01 14:30;-36;15.5;15.75;15.5;304;202;0;
5955;2023.06.01 14:45;-36;15.5;15.75;15.5;304;202;0;
5956;2023.06.01 15:00;-36;15.4375;15.6875;15.5;304;202;0;
5957;2023.06.01 15:15;-36;15.375;15.625;15.4375;304;202;0;
5958;2023.06.01 15:30;-36;15.375;15.625;15.375;303;202;0;
5959;2023.06.01 15:45;-36;15.375;15.5625;15.375;303;202;0;
5960;2023.06.01 16:00;-36;15.3125;15.5;15.375;303;202;0;
5961;2023.06.01 16:15;-36;15.25;15.5;15.375;303;202;0;
5962;2023.06.01 16:30;-36;15.25;15.4375;15.3125;303;202;0;
5963;2023.06.01 16:45;-36;15.25;15.375;15.3125;303;202;0;
5964;2023.06.01 17:00;-36;15.1875;15.375;15.25;303;202;0;
5965;2023.06.01 17:15;-36;15.125;15.375;15.25;302;202;0;
5966;2023.06.01 17:30;-36;15.125;15.3125;15.25;302;202;0;
5967;2023.06.01 17:45;-36;15.125;15.3125;15.25;302;202;0;
5968;2023.06.01 18:00;-36;15.125;15.25;15.25;302;202;0;
5969;2023.06.01 18:15;-36;15.125;15.25;15.25;302;202;0;
5970;2023.06.01 18:30;-36;15.125;15.25;15.25;302;202;0;
5971;2023.06.01 18:45;-36;15.125;15.25;15.25;302;202;0;
5972;2023.06.01 19:00;-36;15.125;15.25;15.3125;302;202;0;
5973;2023.06.01 19:15;-36;15.125;15.25;15.3125;302;202;0;
5974;2023.06.01 19:30;-36;15.125;15.25;15.375;302;202;0;
5975;2023.06.01 19:45;-36;15.125;15.25;15.375;302;202;0;
5976;2023.06.01 20:00;-36;15.125;15.25;15.375;302;202;0;
5977;2023.06.01 20:15;-36;15.125;15.25;15.375;302;202;0;
5978;2023.06.01 20:30;-36;15.1875;15.25;15.4375;302;202;0;
5979;2023.06.01 20:45;-36;15.1875;15.25;15.5;302;202;0;
5980;2023.06.01 21:00;-36;15.25;15.25;15.5;302;202;0;
5981;2023.06.01 21:15;-36;15.25;15.25;15.5;302;202;0;
5982;2023.06.01 21:30;-36;15.25;15.25;15.5625;302;202;0;
5983;2023.06.01 21:45;-36;15.25;15.3125;15.625;302;202;0;
5984;2023.06.01 22:00;-36;15.3125;15.375;15.625;303;202;0;
5985;2023.06.01 22:15;-36;15.375;15.375;15.625;303;202;0;
5986;2023.06.01 22:30;-36;15.375;15.375;15.6875;303;202;0;
5987;2023.06.01 22:45;-36;15.375;15.375;15.75;303;202;0;
5988;2023.06.01 23:00;-36;15.375;15.4375;15.75;303;202;0;
5989;2023.06.01 23:15;-36;15.4375;15.5;15.75;303;202;0;
5990;2023.06.01 23:30;-36;15.5;15.5;15.75;303;202;0;
5991;2023.06.01 23:45;-36;15.5;15.5;15.8125;303;202;0;
