Model:	LI-7810
SN:	TG10-01575
Software Version:	2.3.8
Timestamp:	2025-04-29 18:15:00
Timezone:	America/Los_Angeles
DATAH	SECONDS	NANOSECONDS	NDX	DIAG	REMARK	DATE	TIME	H2O	CO2	CH4	CAVITY_P	CAVITY_T	LASER_PHASE_P	LASER_T	RESIDUAL	RING_DOWN_TIME	THERMAL_ENCLOSURE_T	PHASE_ERROR	LASER_T_SHIFT	INPUT_VOLTAGE	CHK
DATAU	secs	nsecs	index	diag		date	time	ppm	ppm	ppb	kPa	°C	kPa	°C		µsecs	°C	counts	°C	V	CHK
DATA	1745975700	816464900	94509	0	""	2025-04-29	18:15:00	12981.356	425.9805	2100.0054	39.7634	55.001	32.0527	30.6234	0.00262385	11.2372	54.5005	145.75	-0.16362	24.1217	 39
DATA	1745975701	816464900	94513	0	""	2025-04-29	18:15:01	12982.444	426.07172	2100.1492	39.7638	55.001	32.0527	30.6234	0.00262604	11.2367	54.5005	-75	-0.16362	24.1221	184
DATA	1745975702	816464900	94517	0	""	2025-04-29	18:15:02	12982.873	426.06241	2100.062	39.7626	55.001	32.0516	30.6236	0.00262523	11.2371	54.5005	-46.25	-0.16362	24.1217	 24
DATA	1745975703	816464900	94521	0	""	2025-04-29	18:15:03	12982.945	426.51495	2100.2371	39.7634	55.001	32.0527	30.6236	0.00262247	11.2372	54.5005	33	-0.16362	24.1213	144
DATA	1745975704	816464900	94525	0	""	2025-04-29	18:15:04	12982.131	426.23923	2100.2454	39.763	55.001	32.0531	30.6234	0.00262273	11.2367	54.5005	-92	-0.16362	24.1217	132
DATA	1745975705	816464900	94529	0	""	2025-04-29	18:15:05	12983.69	426.30139	2100.1316	39.7638	55.001	32.0516	30.6232	0.00262725	11.2374	54.5005	74	-0.16362	24.1205	103
DATA	1745975706	816112041	94533	0	""	2025-04-29	18:15:06	12984.216	425.79468	2100.0293	39.7634	55.001	32.0516	30.6232	0.00262633	11.2367	54.5005	-133.75	-0.16362	24.1209	136
DATA	1745975707	816112041	94537	0	""	2025-04-29	18:15:07	12983.333	426.03946	2100.0356	39.7626	55.001	32.0489	30.6232	0.00262294	11.237	54.5005	108.75	-0.16362	24.1205	 42
DATA	1745975708	816112041	94541	0	""	2025-04-29	18:15:08	12983.802	425.84851	2100.1973	39.7638	55.001	32.0496	30.6234	0.00262999	11.2365	54.5005	14.75	-0.16362	24.1209	 68
DATA	1745975709	816112041	94545	0	""	2025-04-29	18:15:09	12982.628	426.32138	2100.1328	39.7626	55.001	32.05	30.6234	0.00263087	11.2372	54.5005	45	-0.16362	24.1205	 41
DATA	1745975710	816112041	94549	0	""	2025-04-29	18:15:10	12983.059	425.89099	2100.25	39.763	55.001	32.0496	30.6232	0.00262755	11.2369	54.5005	-65.5	-0.16362	24.1209	154
DATA	1745975711	816112041	94553	0	""	2025-04-29	18:15:11	12983.407	426.08231	2100.5242	39.763	55.001	32.0481	30.6232	0.00262619	11.2372	54.5005	59	-0.16362	24.1209	 76
DATA	1745975712	816112041	94557	0	""	2025-04-29	18:15:12	12983.004	426.25256	2100.499	39.7622	55.001	32.0481	30.6236	0.0026228	11.2366	54.5005	-8.75	-0.16362	24.1209	189
DATA	1745975713	815761089	94561	0	""	2025-04-29	18:15:13	12982.58	426.11618	2100.5989	39.763	55.001	32.0504	30.6232	0.00262749	11.2375	54.5005	18	-0.16362	24.1217	 71
DATA	1745975714	815761089	94565	0	""	2025-04-29	18:15:14	12982.603	426.43152	2100.4119	39.7626	55.001	32.0496	30.6232	0.00262549	11.2369	54.5005	-15.5	-0.16362	24.1217	 52
DATA	1745975715	815761089	94569	0	""	2025-04-29	18:15:15	12983.364	426.02328	2100.4514	39.7634	55.001	32.0492	30.6232	0.00262154	11.2368	54.5005	36	-0.16362	24.1221	158
DATA	1745975716	815761089	94573	0	""	2025-04-29	18:15:16	12982.954	425.79919	2100.2229	39.763	55.001	32.05	30.6234	0.00262735	11.2373	54.5005	-21.25	-0.16362	24.1217	217
DATA	1745975717	815761089	94577	0	""	2025-04-29	18:15:17	12983.121	425.64624	2100.1577	39.7626	55.001	32.0504	30.6236	0.00263197	11.2371	54.5005	-51.25	-0.16362	24.1213	101
DATA	1745975718	815761089	94581	0	""	2025-04-29	18:15:18	12983.8	425.92239	2100.2117	39.7638	55.001	32.0481	30.6236	0.00263081	11.2366	54.5005	8	-0.16362	24.1217	 23
DATA	1745975719	815761089	94585	0	""	2025-04-29	18:15:19	12984.013	425.75998	2100.1306	39.763	55.001	32.0492	30.6234	0.00263239	11.2371	54.5005	-5	-0.16362	24.1221	116
DATA	1745975720	815761089	94589	0	""	2025-04-29	18:15:20	12984.284	426.22598	2100.1941	39.7626	55.001	32.0504	30.6232	0.00262953	11.237	54.5005	-47.75	-0.16362	24.1217	 63
DATA	1745975721	815404891	94593	0	""	2025-04-29	18:15:21	12983.936	426.06982	2100.4082	39.763	55.001	32.0485	30.6232	0.00263036	11.2373	54.5005	121.5	-0.16362	24.1209	253
DATA	1745975722	815404891	94597	0	""	2025-04-29	18:15:22	12982.022	426.03015	2100.3335	39.7634	55.001	32.0496	30.6232	0.00262949	11.2372	54.5005	31	-0.16362	24.1197	152
DATA	1745975723	815404891	94601	0	""	2025-04-29	18:15:23	12983.082	426.3494	2100.3665	39.7619	55.001	32.0496	30.6232	0.00262569	11.2374	54.5005	15.5	-0.16362	24.1205	210
DATA	1745975724	815404891	94605	0	""	2025-04-29	18:15:24	12983.019	425.88254	2100.344	39.7634	55.001	32.0504	30.6232	0.00262833	11.2364	54.5005	-25.25	-0.16362	24.1205	 33
DATA	1745975725	815404891	94609	0	""	2025-04-29	18:15:25	12983.096	425.67459	2100.2876	39.7642	55.001	32.0489	30.6232	0.00262845	11.2372	54.5005	-58.5	-0.16362	24.1201	 73
DATA	1745975726	815404891	94613	0	""	2025-04-29	18:15:26	12982.609	426.08398	2100.1267	39.7634	55.001	32.0485	30.6234	0.00262818	11.2372	54.5005	124.25	-0.16362	24.1209	114
DATA	1745975727	815404891	94617	0	""	2025-04-29	18:15:27	12983.164	426.54169	2100.2229	39.7634	55.001	32.0496	30.6232	0.00262547	11.2369	54.5005	-49	-0.16362	24.1205	224
DATA	1745975728	815042018	94621	0	""	2025-04-29	18:15:28	12983.613	426.0517	2100.1499	39.7626	55.001	32.0489	30.6232	0.0026269	11.2376	54.5005	35.5	-0.16362	24.1209	162
DATA	1745975729	815042018	94625	0	""	2025-04-29	18:15:29	12983.016	426.3205	2100.2854	39.7634	55.001	32.0485	30.6232	0.00262795	11.2372	54.5005	-33	-0.16362	24.1205	143
DATA	1745975730	815042018	94629	0	""	2025-04-29	18:15:30	12982.205	425.81955	2100.2742	39.7634	55.001	32.0465	30.6232	0.00262341	11.2365	54.5005	177.75	-0.16362	24.1229	 94
DATA	1745975731	815042018	94633	0	""	2025-04-29	18:15:31	12982.156	426.58121	2100.3267	39.7626	55.001	32.0477	30.6232	0.00263103	11.2372	54.5005	6.5	-0.16362	24.1213	177
DATA	1745975732	815042018	94637	0	""	2025-04-29	18:15:32	12982.481	426.30841	2100.1392	39.7626	55.001	32.0496	30.6232	0.00262851	11.2373	54.5005	59.75	-0.16362	24.1217	 50
DATA	1745975733	815042018	94641	0	""	2025-04-29	18:15:33	12982.872	425.95755	2100.2078	39.7626	55.001	32.0492	30.6232	0.00262901	11.2369	54.5005	-7.25	-0.16362	24.1209	 50
DATA	1745975734	815042018	94645	0	""	2025-04-29	18:15:34	12983.506	426.18521	2100.033	39.7634	55.001	32.0496	30.6232	0.00262617	11.2372	54.5005	0.25	-0.16362	24.1217	183
DATA	1745975735	815042018	94649	0	""	2025-04-29	18:15:35	12984.548	426.04016	2100.093	39.7626	55.001	32.0496	30.6236	0.00263144	11.2368	54.5005	82.5	-0.16362	24.1217	210
DATA	1745975736	814687967	94653	0	""	2025-04-29	18:15:36	12984.078	425.63452	2100.0283	39.7638	55.001	32.0512	30.6236	0.002634	11.237	54.5005	77.25	-0.16362	24.1217	179
DATA	1745975737	814687967	94657	0	""	2025-04-29	18:15:37	12984.448	425.79053	2099.8479	39.7634	55.001	32.0516	30.6232	0.00263434	11.2369	54.5005	-54	-0.16362	24.1221	  7
DATA	1745975738	814687967	94661	0	""	2025-04-29	18:15:38	12984.547	425.84814	2100.1226	39.763	55.001	32.05	30.6232	0.00263302	11.2372	54.5005	116.5	-0.16362	24.1213	162
DATA	1745975739	814687967	94665	0	""	2025-04-29	18:15:39	12984.03	425.99857	2099.959	39.7619	55.001	32.0496	30.6232	0.00262962	11.2364	54.5005	-53	-0.16362	24.1205	177
DATA	1745975740	814687967	94669	0	""	2025-04-29	18:15:40	12984.235	426.0282	2099.822	39.763	55.001	32.0508	30.6232	0.00262805	11.2372	54.5005	9	-0.16362	24.1209	238
DATA	1745975741	814687967	94673	0	""	2025-04-29	18:15:41	12984.944	425.73325	2099.8381	39.7634	55.001	32.0504	30.6232	0.00263392	11.2369	54.5005	59.25	-0.16362	24.1205	 95
DATA	1745975742	814687967	94677	0	""	2025-04-29	18:15:42	12984.848	425.96979	2099.7771	39.7626	55.001	32.0512	30.6232	0.00263105	11.2371	54.5005	-24.25	-0.16362	24.1209	152
DATA	1745975743	814337015	94681	0	""	2025-04-29	18:15:43	12986.109	426.09061	2099.8293	39.7626	55.001	32.0508	30.6232	0.00262721	11.2371	54.5005	129.25	-0.16362	24.1205	107
DATA	1745975744	814337015	94685	0	""	2025-04-29	18:15:44	12985.872	426.06851	2099.9099	39.763	55.001	32.0516	30.6234	0.00263114	11.2368	54.5005	2	-0.16362	24.1209	 84
DATA	1745975745	814337015	94689	0	""	2025-04-29	18:15:45	12986.673	426.23495	2099.8123	39.7626	55.001	32.052	30.6234	0.00263395	11.2368	54.5005	7.5	-0.16362	24.1213	190
DATA	1745975746	814337015	94693	0	""	2025-04-29	18:15:46	12986.241	425.76376	2099.7776	39.763	55.001	32.0516	30.6232	0.00262684	11.2372	54.5005	43.5	-0.16362	24.1209	242
DATA	1745975747	814337015	94697	0	""	2025-04-29	18:15:47	12986.941	425.96802	2099.6526	39.763	55.001	32.0512	30.6232	0.00263044	11.2376	54.5005	-69.75	-0.16362	24.1221	 80
DATA	1745975748	814337015	94701	0	""	2025-04-29	18:15:48	12986.651	425.98035	2099.8491	39.763	55.001	32.05	30.6232	0.00262372	11.2371	54.5005	134.75	-0.16362	24.1213	221
DATA	1745975749	814337015	94705	0	""	2025-04-29	18:15:49	12986.385	426.14966	2099.8389	39.7638	55.001	32.0489	30.6232	0.00262658	11.237	54.5005	-10.5	-0.16362	24.1213	 44
DATA	1745975750	814337015	94709	0	""	2025-04-29	18:15:50	12985.308	425.96078	2099.8713	39.763	55.001	32.05	30.6232	0.00262765	11.2368	54.5005	129	-0.16362	24.1221	 76
DATA	1745975751	813982009	94713	0	""	2025-04-29	18:15:51	12984.367	426.28931	2099.8611	39.7638	55.001	32.0516	30.6234	0.00262692	11.2368	54.5005	162.25	-0.16362	24.1217	131
DATA	1745975752	813982009	94717	0	""	2025-04-29	18:15:52	12984.103	426.19656	2099.9155	39.763	55.001	32.0524	30.6234	0.00262018	11.237	54.5005	-35.25	-0.16362	24.1205	  6
DATA	1745975753	813982009	94721	0	""	2025-04-29	18:15:53	12982.929	425.86404	2099.9639	39.7626	55.001	32.0516	30.6234	0.00262526	11.2372	54.5005	80	-0.16362	24.1221	186
DATA	1745975754	813982009	94725	0	""	2025-04-29	18:15:54	12983.955	425.83237	2100.0103	39.7634	55.001	32.0516	30.6234	0.00262599	11.2374	54.5005	-43.75	-0.16362	24.1217	111
DATA	1745975755	813982009	94729	0	""	2025-04-29	18:15:55	12982.399	426.27698	2099.9851	39.7634	55.001	32.0516	30.6232	0.00262738	11.2376	54.5005	-82.5	-0.16362	24.1209	108
DATA	1745975756	813982009	94733	0	""	2025-04-29	18:15:56	12982.662	426.06308	2100.0649	39.7634	55.001	32.0516	30.6232	0.00262796	11.2369	54.5005	-32	-0.16362	24.1205	216
DATA	1745975757	813982009	94737	0	""	2025-04-29	18:15:57	12982.45	425.85284	2100.1006	39.763	55.001	32.0504	30.6232	0.00262606	11.2371	54.5005	-50	-0.16362	24.1209	 98
DATA	1745975758	813613891	94741	0	""	2025-04-29	18:15:58	12982.844	426.03275	2099.863	39.763	55.001	32.05	30.6232	0.00262713	11.2374	54.5005	38.25	-0.16362	24.1201	124
DATA	1745975759	813613891	94745	0	""	2025-04-29	18:15:59	12983.587	425.61288	2099.9424	39.7634	55.001	32.052	30.6232	0.00263005	11.2373	54.5005	42	-0.16362	24.1213	137
DATA	1745975760	813613891	94749	0	""	2025-04-29	18:16:00	12983.112	426.03146	2099.8308	39.7638	55.001	32.0516	30.6232	0.00262168	11.2371	54.5005	-106.25	-0.16362	24.1205	146
DATA	1745975761	813613891	94753	0	""	2025-04-29	18:16:01	12984.593	426.12576	2099.8325	39.7626	55.001	32.0508	30.6232	0.00262241	11.2367	54.5005	14	-0.16362	24.1205	170
DATA	1745975762	813613891	94757	0	""	2025-04-29	18:16:02	12984.471	426.05518	2099.8291	39.7634	55.001	32.0504	30.6234	0.00262749	11.237	54.5005	-85.5	-0.16362	24.1209	 27
DATA	1745975763	813613891	94761	0	""	2025-04-29	18:16:03	12984.243	425.99231	2100.1018	39.763	55.001	32.0492	30.6232	0.00262328	11.2374	54.5005	-22.75	-0.16362	24.1225	 39
DATA	1745975764	813613891	94765	0	""	2025-04-29	18:16:04	12984.11	426.13428	2099.9646	39.7622	55.001	32.0492	30.6232	0.0026241	11.2368	54.5005	-3.25	-0.16362	24.1213	212
DATA	1745975765	813613891	94769	0	""	2025-04-29	18:16:05	12983.651	426.05829	2099.9602	39.7638	55.001	32.0524	30.6232	0.00262556	11.2367	54.5005	85	-0.16362	24.1217	202
DATA	1745975766	813263893	94773	0	""	2025-04-29	18:16:06	12983.889	425.78409	2099.7537	39.7626	55.001	32.0516	30.6232	0.00262326	11.2367	54.5005	-42.25	-0.16362	24.1217	147
DATA	1745975767	813263893	94777	0	""	2025-04-29	18:16:07	12984.228	426.09183	2099.8701	39.763	55.001	32.05	30.6232	0.00262956	11.2368	54.5005	4	-0.16362	24.1213	247
DATA	1745975768	813263893	94781	0	""	2025-04-29	18:16:08	12983.996	425.8378	2100.0032	39.7634	55.001	32.0496	30.6232	0.00262493	11.2373	54.5005	5.5	-0.16362	24.1213	181
DATA	1745975769	813263893	94785	0	""	2025-04-29	18:16:09	12984.515	425.93936	2099.9358	39.7646	55.001	32.0508	30.6232	0.00262598	11.2372	54.5005	62.25	-0.16362	24.1225	114
DATA	1745975770	813263893	94789	0	""	2025-04-29	18:16:10	12985.401	425.97311	2100.0564	39.7626	55.001	32.05	30.6236	0.00262518	11.2373	54.5005	-11.75	-0.16362	24.1217	253
DATA	1745975771	813263893	94793	0	""	2025-04-29	18:16:11	12985.087	426.55823	2099.9604	39.7638	55.001	32.0504	30.6236	0.00262878	11.2369	54.5005	109	-0.16362	24.1217	  2
DATA	1745975772	813263893	94797	0	""	2025-04-29	18:16:12	12985.472	426.58578	2099.926	39.7634	55.001	32.0516	30.6232	0.00262824	11.2373	54.5005	-99.75	-0.16362	24.1209	107
DATA	1745975773	812911987	94801	0	""	2025-04-29	18:16:13	12984.99	426.06744	2099.8442	39.7634	55.001	32.0489	30.6232	0.00262926	11.237	54.5005	33.5	-0.16362	24.1221	190
DATA	1745975774	812911987	94805	0	""	2025-04-29	18:16:14	12985.832	426.37863	2099.8657	39.763	55.001	32.0496	30.6232	0.0026267	11.2372	54.5005	50	-0.16362	24.1221	 98
DATA	1745975775	812911987	94809	0	""	2025-04-29	18:16:15	12985.255	426.39725	2099.8586	39.763	55.001	32.0512	30.6232	0.00262437	11.2369	54.5005	-20.5	-0.16362	24.1209	 38
DATA	1745975776	812911987	94813	0	""	2025-04-29	18:16:16	12986.974	426.59137	2099.7185	39.763	55.001	32.0512	30.6232	0.00262771	11.2374	54.5005	-30.75	-0.16362	24.1209	 90
DATA	1745975777	812911987	94817	0	""	2025-04-29	18:16:17	12986.198	425.87378	2099.8472	39.763	55.001	32.0508	30.6232	0.00262661	11.2373	54.5005	-4	-0.16362	24.1209	158
DATA	1745975778	812911987	94821	0	""	2025-04-29	18:16:18	12987.156	426.15399	2100.0105	39.7634	55.001	32.0516	30.6234	0.00262363	11.2369	54.5005	-40.75	-0.16362	24.1209	116
DATA	1745975779	812911987	94825	0	""	2025-04-29	18:16:19	12986.516	425.78265	2100.0669	39.7626	55.001	32.0496	30.6236	0.00262553	11.2369	54.5005	-64.5	-0.16362	24.1205	 94
DATA	1745975780	812911987	94829	0	""	2025-04-29	18:16:20	12986.694	426.14825	2100.1223	39.7626	55.001	32.05	30.6234	0.0026186	11.2371	54.5005	14	-0.16362	24.1217	 12
DATA	1745975781	812556028	94833	0	""	2025-04-29	18:16:21	12986.217	426.17316	2100.2686	39.7634	55.001	32.05	30.6232	0.00261809	11.2368	54.5005	-49.5	-0.16362	24.1221	204
DATA	1745975782	812556028	94837	0	""	2025-04-29	18:16:22	12985.798	426.22614	2100.1499	39.7638	55.001	32.0496	30.6232	0.00261869	11.2368	54.5005	1.75	-0.16362	24.1221	 35
DATA	1745975783	812556028	94841	0	""	2025-04-29	18:16:23	12984.704	426.34589	2100.1238	39.763	55.001	32.0508	30.6232	0.002628	11.2372	54.5005	50.75	-0.16362	24.1213	155
DATA	1745975784	812556028	94845	0	""	2025-04-29	18:16:24	12984.131	426.23514	2100.3645	39.7638	55.001	32.0527	30.6232	0.00262371	11.2371	54.5005	20.25	-0.16362	24.1213	 36
DATA	1745975785	812556028	94849	0	""	2025-04-29	18:16:25	12984.698	426.18323	2100.405	39.7638	55.001	32.0527	30.6232	0.00262279	11.2371	54.5005	-68.75	-0.16362	24.1217	 78
DATA	1745975786	812556028	94853	0	""	2025-04-29	18:16:26	12982.529	426.20993	2100.3308	39.7634	55.001	32.0508	30.6234	0.00262415	11.2374	54.5005	43	-0.16362	24.1217	167
DATA	1745975787	812556028	94857	0	""	2025-04-29	18:16:27	12983.283	426.05957	2100.1001	39.7634	55.001	32.0489	30.6236	0.00262506	11.2368	54.5005	-5.25	-0.16362	24.1221	 59
DATA	1745975788	812187910	94861	0	""	2025-04-29	18:16:28	12982.133	426.10944	2100.1064	39.7638	55.001	32.0485	30.6236	0.00262688	11.2367	54.5005	-31.5	-0.16362	24.1221	 57
DATA	1745975789	812187910	94865	0	""	2025-04-29	18:16:29	12982.676	426.32175	2100.0642	39.7638	55.001	32.0492	30.6232	0.00262666	11.2376	54.5005	13.75	-0.16362	24.1209	 82
DATA	1745975790	812187910	94869	0	""	2025-04-29	18:16:30	12982.775	426.33679	2099.9829	39.7634	55.001	32.0485	30.6232	0.00262516	11.2369	54.5005	3.5	-0.16362	24.1209	  3
DATA	1745975791	812187910	94873	0	""	2025-04-29	18:16:31	12983.203	425.76019	2100.1807	39.763	55.001	32.05	30.6232	0.00262501	11.237	54.5005	150.5	-0.16362	24.1209	 85
DATA	1745975792	812187910	94877	0	""	2025-04-29	18:16:32	12981.811	425.96619	2100.1477	39.7638	55.001	32.0524	30.6232	0.0026299	11.237	54.5005	-53	-0.16362	24.1209	127
DATA	1745975793	812187910	94881	0	""	2025-04-29	18:16:33	12982.005	426.10043	2100.3684	39.7638	55.001	32.0512	30.6232	0.00263555	11.2372	54.5005	-53	-0.16362	24.1201	185
DATA	1745975794	812187910	94885	0	""	2025-04-29	18:16:34	12981.99	425.43762	2100.0886	39.7634	55.001	32.052	30.6232	0.00262858	11.2368	54.5004	18.5	-0.16362	24.1209	188
DATA	1745975795	812187910	94889	0	""	2025-04-29	18:16:35	12983.551	425.88275	2100.0161	39.7642	55.001	32.0489	30.6232	0.00262786	11.237	54.5005	-54	-0.16362	24.1205	180
DATA	1745975796	811837911	94893	0	""	2025-04-29	18:16:36	12982.81	425.72952	2099.9839	39.7638	55.001	32.0492	30.6232	0.00263012	11.2372	54.5005	-40.25	-0.16362	24.1209	 85
DATA	1745975797	811837911	94897	0	""	2025-04-29	18:16:37	12984.604	425.87561	2099.8777	39.7638	55.001	32.0508	30.6232	0.00262432	11.2376	54.5005	52.25	-0.16362	24.1221	103
DATA	1745975798	811837911	94901	0	""	2025-04-29	18:16:38	12982.992	425.90027	2099.7405	39.7642	55.001	32.0496	30.6232	0.00262761	11.2374	54.5004	81.25	-0.16362	24.1221	 82
DATA	1745975799	811837911	94905	0	""	2025-04-29	18:16:39	12983.873	425.68481	2099.7798	39.7626	55.001	32.05	30.6232	0.00262813	11.2369	54.5005	81.75	-0.16362	24.1217	 16
DATA	1745975800	811837911	94909	0	""	2025-04-29	18:16:40	12984.201	426.26678	2099.7576	39.7634	55.001	32.05	30.6232	0.00262284	11.2369	54.5004	-90.5	-0.16362	24.1217	224
DATA	1745975801	811837911	94913	0	""	2025-04-29	18:16:41	12984.503	425.97937	2099.7349	39.7626	55.001	32.0481	30.6232	0.00262449	11.2367	54.5002	88.5	-0.16362	24.1217	 39
DATA	1745975802	811837911	94917	0	""	2025-04-29	18:16:42	12984.781	426.24707	2099.8274	39.763	55.001	32.0492	30.6232	0.00263079	11.2369	54.5002	12	-0.16362	24.1213	128
DATA	1745975803	811476945	94921	0	""	2025-04-29	18:16:43	12984.714	426.12912	2099.6565	39.7638	55.001	32.0496	30.6232	0.00262841	11.2366	54.4998	36.25	-0.16362	24.1225	101
DATA	1745975804	811476945	94925	0	""	2025-04-29	18:16:44	12984.238	425.97763	2099.6821	39.7626	55.001	32.0496	30.6232	0.0026304	11.2376	54.5004	11.75	-0.16362	24.1213	 35
DATA	1745975805	811476945	94929	0	""	2025-04-29	18:16:45	12985.411	426.28091	2099.6775	39.763	55.001	32.05	30.6234	0.00262835	11.2366	54.5	58.5	-0.16362	24.1213	249
DATA	1745975806	811476945	94933	0	""	2025-04-29	18:16:46	12985.811	425.93384	2099.5002	39.7634	55.001	32.0481	30.6232	0.00263091	11.2367	54.5	9	-0.16362	24.1213	237
DATA	1745975807	811476945	94937	0	""	2025-04-29	18:16:47	12985.568	426.10645	2099.6216	39.7634	55.001	32.0473	30.6232	0.0026303	11.2368	54.5005	17.25	-0.16362	24.1209	 35
DATA	1745975808	811476945	94941	0	""	2025-04-29	18:16:48	12985.035	426.04779	2099.6155	39.7626	55.001	32.0508	30.6232	0.0026277	11.2368	54.5004	47.5	-0.16362	24.1209	252
DATA	1745975809	811476945	94945	0	""	2025-04-29	18:16:49	12984.948	426.20224	2099.6748	39.7638	55.001	32.0504	30.6232	0.00263082	11.2367	54.5005	-59.75	-0.16362	24.1213	147
DATA	1745975810	811476945	94949	0	""	2025-04-29	18:16:50	12985.16	426.01315	2099.6682	39.7634	55.001	32.0481	30.6234	0.00262671	11.237	54.5004	-30.5	-0.16362	24.1209	216
DATA	1745975811	811126947	94953	0	""	2025-04-29	18:16:51	12985.798	426.41501	2099.741	39.763	55.001	32.05	30.6232	0.00263224	11.2373	54.5002	51.25	-0.16362	24.1205	105
DATA	1745975812	811126947	94957	0	""	2025-04-29	18:16:52	12986.329	426.2012	2099.7913	39.763	55.001	32.0496	30.6232	0.00262806	11.2371	54.5002	-84.75	-0.16362	24.1209	 21
DATA	1745975813	811126947	94961	0	""	2025-04-29	18:16:53	12986.279	426.39978	2099.8269	39.7638	55.001	32.0481	30.6234	0.00262928	11.2373	54.5004	22	-0.16362	24.1205	212
DATA	1745975814	811126947	94965	0	""	2025-04-29	18:16:54	12986.67	426.15991	2099.7205	39.7638	55.001	32.0489	30.6234	0.00262573	11.2365	54.5004	2.5	-0.16362	24.1221	195
DATA	1745975815	811126947	94969	0	""	2025-04-29	18:16:55	12986.671	426.29544	2099.4988	39.7626	55.001	32.0485	30.6232	0.00262557	11.2366	54.5004	11.25	-0.16362	24.1213	101
DATA	1745975816	811126947	94973	0	""	2025-04-29	18:16:56	12987.699	426.08368	2099.6479	39.763	55.001	32.0481	30.6232	0.00262306	11.237	54.5002	33.75	-0.16362	24.1213	252
DATA	1745975817	811126947	94977	0	""	2025-04-29	18:16:57	12987.961	426.09094	2099.4148	39.7642	55.001	32.05	30.6232	0.00262602	11.2367	54.5005	116.75	-0.16362	24.1217	 39
DATA	1745975818	810765027	94981	0	""	2025-04-29	18:16:58	12988.408	426.32272	2099.438	39.7642	55.001	32.0496	30.6232	0.00262283	11.2372	54.5004	26.75	-0.16362	24.1213	 32
DATA	1745975819	810765027	94985	0	""	2025-04-29	18:16:59	12988.796	426.01105	2099.3591	39.763	55.001	32.05	30.6232	0.00262792	11.2368	54.5002	36.5	-0.16362	24.1221	138
DATA	1745975820	810765027	94989	0	""	2025-04-29	18:17:00	12989.322	426.14191	2099.3689	39.763	55.001	32.05	30.6232	0.00262765	11.2366	54.5002	20	-0.16362	24.1217	 21
DATA	1745975821	810765027	94993	0	""	2025-04-29	18:17:01	12989.012	425.79224	2099.5149	39.7634	55.001	32.0496	30.6232	0.00262366	11.2369	54.4998	-2.5	-0.16362	24.1221	 34
DATA	1745975822	810765027	94997	0	""	2025-04-29	18:17:02	12989.558	426.01474	2099.1902	39.7634	55.001	32.0504	30.6232	0.00263088	11.2369	54.5002	-18.25	-0.16362	24.1213	116
DATA	1745975823	810765027	95001	0	""	2025-04-29	18:17:03	12989.907	425.80075	2099.4526	39.7638	55.001	32.0496	30.6232	0.00262208	11.2371	54.5	9.75	-0.16362	24.1205	124
DATA	1745975824	810765027	95005	0	""	2025-04-29	18:17:04	12989.161	426.33981	2099.4084	39.7634	55.001	32.0489	30.6232	0.00262106	11.2368	54.4998	4.25	-0.16362	24.1209	 34
DATA	1745975825	810765027	95009	0	""	2025-04-29	18:17:05	12989.581	426.38083	2099.2278	39.7634	55.001	32.0496	30.6232	0.00262702	11.2366	54.5	-36.75	-0.16362	24.1209	235
DATA	1745975826	810412883	95013	0	""	2025-04-29	18:17:06	12990.72	425.90393	2099.3906	39.763	55.001	32.05	30.6232	0.00262837	11.2367	54.5004	131	-0.16362	24.1201	  3
DATA	1745975827	810412883	95017	0	""	2025-04-29	18:17:07	12990.231	426.349	2099.3506	39.7626	55.001	32.0516	30.6232	0.00262196	11.2369	54.5004	-142.25	-0.16362	24.1213	 46
DATA	1745975828	810412883	95021	0	""	2025-04-29	18:17:08	12991.977	426.29529	2099.2219	39.763	55.001	32.0512	30.6232	0.00262903	11.2375	54.5	-23.75	-0.16362	24.1209	172
DATA	1745975829	810412883	95025	0	""	2025-04-29	18:17:09	12990.985	426.21439	2099.262	39.7634	55.001	32.05	30.6232	0.00263074	11.2365	54.5002	-89.75	-0.16362	24.1213	221
DATA	1745975830	810412883	95029	0	""	2025-04-29	18:17:10	12991.316	426.15155	2099.3005	39.7634	55.001	32.0496	30.6232	0.00263052	11.2372	54.5002	5.5	-0.16362	24.1209	191
DATA	1745975831	810412883	95033	0	""	2025-04-29	18:17:11	12991.427	426.15533	2099.3787	39.7634	55.001	32.0492	30.6234	0.0026282	11.2373	54.5002	195.5	-0.16362	24.1237	 12
DATA	1745975832	810412883	95037	0	""	2025-04-29	18:17:12	12990.438	426.1149	2099.3015	39.7634	55.001	32.0504	30.6232	0.00263166	11.237	54.5004	-59	-0.16362	24.1217	 99
DATA	1745975833	810061931	95041	0	""	2025-04-29	18:17:13	12989.89	426.09534	2099.5681	39.7638	55.001	32.0496	30.6232	0.002626	11.2373	54.5	-38	-0.16362	24.1217	183
DATA	1745975834	810061931	95045	0	""	2025-04-29	18:17:14	12988.412	426.08621	2099.4338	39.7634	55.001	32.05	30.6232	0.0026334	11.237	54.5002	-23.75	-0.16362	24.1209	144
DATA	1745975835	810061931	95049	0	""	2025-04-29	18:17:15	12989.469	426.10519	2099.594	39.763	55.001	32.0496	30.6236	0.00263276	11.2368	54.5004	-15.5	-0.16362	24.1221	229
DATA	1745975836	810061931	95053	0	""	2025-04-29	18:17:16	12988.595	426.30423	2099.7021	39.7622	55.001	32.05	30.6234	0.00262367	11.2373	54.5004	64	-0.16362	24.1213	 55
DATA	1745975837	810061931	95057	0	""	2025-04-29	18:17:17	12986.696	425.95459	2099.8618	39.7638	55.001	32.05	30.6236	0.002628	11.237	54.5004	-35	-0.16362	24.1217	250
DATA	1745975838	810061931	95061	0	""	2025-04-29	18:17:18	12985.979	426.34082	2099.5806	39.7642	55.001	32.05	30.6234	0.00262683	11.2369	54.5	-54	-0.16362	24.1213	235
DATA	1745975839	810061931	95065	0	""	2025-04-29	18:17:19	12987.402	426.45682	2099.7068	39.7634	55.001	32.0457	30.6234	0.00262608	11.2369	54.4998	44.5	-0.16362	24.1217	 53
DATA	1745975840	810061931	95069	0	""	2025-04-29	18:17:20	12987.678	425.9812	2099.4778	39.7634	55.001	32.0477	30.6232	0.0026307	11.2374	54.5002	11.5	-0.16362	24.1209	177
DATA	1745975841	809700965	95073	0	""	2025-04-29	18:17:21	12987.1	426.46393	2099.3315	39.7626	55.001	32.0489	30.6232	0.00262482	11.2369	54.4998	155.25	-0.16362	24.1209	 49
DATA	1745975842	809700965	95077	0	""	2025-04-29	18:17:22	12987.785	426.19885	2099.3535	39.763	55.001	32.0504	30.6232	0.00263035	11.2372	54.4998	-32.75	-0.16362	24.1205	 96
DATA	1745975843	809700965	95081	0	""	2025-04-29	18:17:23	12986.348	426.20114	2099.3972	39.763	55.001	32.0496	30.6232	0.00262628	11.2367	54.5	11.25	-0.16362	24.1197	134
DATA	1745975844	809700965	95085	0	""	2025-04-29	18:17:24	12986.157	426.16351	2099.2546	39.7634	55.001	32.05	30.6232	0.00262605	11.2371	54.4998	-86	-0.16362	24.1205	141
DATA	1745975845	809700965	95089	0	""	2025-04-29	18:17:25	12987.614	425.83923	2099.115	39.7626	55.001	32.0496	30.6234	0.00262841	11.2377	54.4998	95.75	-0.16362	24.1205	 70
DATA	1745975846	809700965	95093	0	""	2025-04-29	18:17:26	12989.471	426.02716	2099.2419	39.7642	55.001	32.0489	30.6234	0.00262468	11.2368	54.5	46.75	-0.16362	24.1201	203
DATA	1745975847	809700965	95097	0	""	2025-04-29	18:17:27	12988.559	426.00873	2099.0691	39.7642	55.001	32.05	30.6234	0.00262972	11.2374	54.4998	78	-0.16362	24.1213	125
DATA	1745975848	809340000	95101	0	""	2025-04-29	18:17:28	12991.38	426.14871	2099.1743	39.7638	55.001	32.0485	30.6232	0.00262853	11.237	54.4998	-41.75	-0.16362	24.1217	 27
DATA	1745975849	809340000	95105	0	""	2025-04-29	18:17:29	12991.395	426.04398	2098.8914	39.7634	55.001	32.0481	30.6232	0.00262819	11.2368	54.5	-32	-0.16362	24.1217	 78
DATA	1745975850	809340000	95109	0	""	2025-04-29	18:17:30	12993.209	426.21823	2099.4067	39.763	55.001	32.0473	30.6232	0.00262753	11.2372	54.4998	17.25	-0.16362	24.1209	 12
DATA	1745975851	809340000	95113	0	""	2025-04-29	18:17:31	12992.675	425.9671	2099.2529	39.7626	55.001	32.0485	30.6232	0.00263468	11.2374	54.4998	242.25	-0.16362	24.1213	 79
DATA	1745975852	809340000	95117	0	""	2025-04-29	18:17:32	12992.015	426.6785	2099.2617	39.7634	55.001	32.0492	30.6236	0.00262812	11.2367	54.4998	-28.25	-0.16362	24.1217	 73
DATA	1745975853	809340000	95121	0	""	2025-04-29	18:17:33	12993.115	425.9321	2099.0942	39.763	55.001	32.0477	30.6236	0.00263033	11.2367	54.4998	111.25	-0.16362	24.1221	253
DATA	1745975854	809340000	95125	0	""	2025-04-29	18:17:34	12993.079	426.05569	2099.0305	39.7626	55.001	32.0489	30.6236	0.00262744	11.2372	54.4998	-18.25	-0.16362	24.1213	128
DATA	1745975855	809340000	95129	0	""	2025-04-29	18:17:35	12992.139	425.9585	2099.1038	39.7638	55.001	32.0485	30.6236	0.00263436	11.2369	54.4998	152.75	-0.16362	24.1217	102
DATA	1745975856	808986902	95133	0	""	2025-04-29	18:17:36	12992.042	426.2485	2099.0259	39.7638	55.001	32.0516	30.6232	0.00262288	11.2371	54.4998	26.25	-0.16362	24.1209	 51
DATA	1745975857	808986902	95137	0	""	2025-04-29	18:17:37	12992.025	426.06503	2099.1616	39.763	55.001	32.0504	30.6232	0.00262692	11.2368	54.4998	46.25	-0.16362	24.1205	 43
DATA	1745975858	808986902	95141	0	""	2025-04-29	18:17:38	12991.968	426.25455	2099.0605	39.7638	55.001	32.05	30.6232	0.00262753	11.2372	54.4998	0.5	-0.16362	24.1209	160
DATA	1745975859	808986902	95145	0	""	2025-04-29	18:17:39	12991.246	426.30582	2099.0979	39.7626	55.001	32.0492	30.6232	0.00262609	11.2364	54.4998	69.5	-0.16362	24.1205	 73
DATA	1745975860	808986902	95149	0	""	2025-04-29	18:17:40	12991.262	425.89694	2099.1318	39.7634	55.001	32.052	30.6234	0.00261888	11.2371	54.4998	-2.75	-0.16362	24.1205	 54
DATA	1745975861	808986902	95153	0	""	2025-04-29	18:17:41	12991.524	426.29095	2099.0593	39.7638	55.001	32.052	30.6232	0.00262186	11.2367	54.4998	-37	-0.16362	24.1209	207
DATA	1745975862	808986902	95157	0	""	2025-04-29	18:17:42	12991.327	426.08316	2098.9414	39.7626	55.001	32.0504	30.6234	0.00262399	11.2367	54.4998	-97.5	-0.16362	24.1205	107
DATA	1745975863	808635950	95161	0	""	2025-04-29	18:17:43	12993.238	426.64175	2098.9773	39.7638	55.001	32.05	30.6236	0.00262627	11.2369	54.4998	-67.5	-0.16362	24.1209	 16
DATA	1745975864	808635950	95165	0	""	2025-04-29	18:17:44	12991.396	426.25137	2098.9919	39.7634	55.001	32.0481	30.6234	0.00262145	11.237	54.4998	6	-0.16362	24.1205	112
DATA	1745975865	808635950	95169	0	""	2025-04-29	18:17:45	12991.733	426.36066	2099.103	39.763	55.001	32.0477	30.6232	0.00262837	11.2369	54.4998	14.25	-0.16362	24.1213	255
DATA	1745975866	808635950	95173	0	""	2025-04-29	18:17:46	12991.416	425.85266	2099.1118	39.763	55.001	32.0485	30.6232	0.00262583	11.2363	54.4998	16.25	-0.16362	24.1221	 46
DATA	1745975867	808635950	95177	0	""	2025-04-29	18:17:47	12991.346	426.05865	2098.9409	39.7642	55.001	32.0485	30.6232	0.0026249	11.2368	54.4998	68.25	-0.16362	24.1209	 80
DATA	1745975868	808635950	95181	0	""	2025-04-29	18:17:48	12992.643	425.9371	2099.053	39.763	55.001	32.05	30.6232	0.00262954	11.2368	54.4998	81.75	-0.16362	24.1217	113
DATA	1745975869	808635950	95185	0	""	2025-04-29	18:17:49	12992.015	426.19626	2099.0183	39.7626	55.001	32.0504	30.6232	0.00263181	11.2373	54.4998	-71.75	-0.16362	24.1225	146
DATA	1745975870	808635950	95189	0	""	2025-04-29	18:17:50	12991.288	425.97067	2098.9041	39.763	55.001	32.0512	30.6234	0.00262618	11.237	54.4998	-33.5	-0.16362	24.1213	247
DATA	1745975871	808276891	95193	0	""	2025-04-29	18:17:51	12991.835	426.81638	2098.9397	39.7626	55.001	32.0496	30.6236	0.00262871	11.2369	54.4998	106.75	-0.16362	24.1217	189
DATA	1745975872	808276891	95197	0	""	2025-04-29	18:17:52	12992.22	425.95749	2098.7959	39.7634	55.001	32.0496	30.6234	0.00262267	11.2371	54.4998	-53.75	-0.16362	24.1221	127
DATA	1745975873	808276891	95201	0	""	2025-04-29	18:17:53	12993.455	426.20633	2098.7146	39.7638	55.001	32.0485	30.6234	0.00262634	11.2368	54.4998	110.5	-0.16362	24.1209	 97
DATA	1745975874	808276891	95205	0	""	2025-04-29	18:17:54	12993.1	426.21555	2098.9858	39.7626	55.001	32.0504	30.6232	0.00262695	11.2368	54.4998	-37.75	-0.16362	24.1213	 59
DATA	1745975875	808276891	95209	0	""	2025-04-29	18:17:55	12993.114	426.28723	2098.8977	39.7638	55.001	32.0481	30.6232	0.00262496	11.2369	54.4998	-58.75	-0.16362	24.1205	182
DATA	1745975876	808276891	95213	0	""	2025-04-29	18:17:56	12993.331	426.09842	2098.8672	39.7634	55.001	32.0485	30.6232	0.00263018	11.2364	54.4998	3.75	-0.16362	24.1205	 56
DATA	1745975877	808276891	95217	0	""	2025-04-29	18:17:57	12993.35	426.35226	2099.0046	39.7638	55.001	32.0492	30.6234	0.00262306	11.2366	54.4998	-15.25	-0.16362	24.1201	 90
DATA	1745975878	807924985	95221	0	""	2025-04-29	18:17:58	12993.061	426.46451	2098.8032	39.7634	55.001	32.0481	30.6232	0.00262543	11.2372	54.4998	-29	-0.16362	24.1201	245
DATA	1745975879	807924985	95225	0	""	2025-04-29	18:17:59	12992.564	426.04889	2098.7842	39.763	55.001	32.0504	30.6234	0.00263013	11.2368	54.4998	184.75	-0.16362	24.1209	130
DATA	1745975880	807924985	95229	0	""	2025-04-29	18:18:00	12992.611	426.05203	2098.9536	39.7634	55.001	32.0492	30.6236	0.00262557	11.2371	54.4998	-39	-0.16362	24.1205	249
DATA	1745975881	807924985	95233	0	""	2025-04-29	18:18:01	12992.837	426.38303	2098.8916	39.763	55.001	32.0481	30.6236	0.00262774	11.237	54.4998	-8	-0.16362	24.1205	110
DATA	1745975882	807924985	95237	0	""	2025-04-29	18:18:02	12993.031	426.32077	2099.0254	39.763	55.001	32.0473	30.6232	0.00263001	11.2369	54.4998	-23.75	-0.16362	24.1217	 76
DATA	1745975883	807924985	95241	0	""	2025-04-29	18:18:03	12992.842	426.00977	2099.1624	39.763	55.001	32.0469	30.6232	0.00262911	11.2368	54.4998	-0.75	-0.16362	24.1209	 49
DATA	1745975884	807924985	95245	0	""	2025-04-29	18:18:04	12991.89	425.88019	2099.189	39.763	55.001	32.0492	30.6232	0.00262554	11.2373	54.4998	57	-0.16362	24.1213	 75
DATA	1745975885	807924985	95249	0	""	2025-04-29	18:18:05	12991.743	426.55307	2099.3582	39.7642	55.001	32.0477	30.6232	0.00262826	11.2372	54.4998	114.25	-0.16362	24.1213	159
DATA	1745975886	807563066	95253	0	""	2025-04-29	18:18:06	12991.49	426.28452	2099.3943	39.7626	55.001	32.0508	30.6232	0.00262748	11.2367	54.4998	361	-0.16362	24.1217	217
DATA	1745975887	807563066	95257	0	""	2025-04-29	18:18:07	12990.766	426.42725	2099.5049	39.763	55.001	32.052	30.6232	0.00261911	11.2375	54.4998	-50.75	-0.16362	24.1217	 47
DATA	1745975888	807563066	95261	0	""	2025-04-29	18:18:08	12991.971	426.39133	2099.2278	39.7638	55.001	32.0496	30.6232	0.00262878	11.2371	54.4998	-22	-0.16362	24.1221	  8
DATA	1745975889	807563066	95265	0	""	2025-04-29	18:18:09	12990.759	426.06613	2099.2424	39.7634	55.001	32.0496	30.6234	0.00262224	11.2372	54.4998	-43.25	-0.16362	24.1225	147
DATA	1745975890	807563066	95269	0	""	2025-04-29	18:18:10	12989.35	426.02573	2099.5713	39.7634	55.001	32.0496	30.6232	0.0026222	11.2369	54.4998	5.25	-0.16362	24.1205	198
DATA	1745975891	807563066	95273	0	""	2025-04-29	18:18:11	12988.764	426.35944	2099.5164	39.7638	55.001	32.0477	30.6232	0.00262406	11.2374	54.4998	-42.5	-0.16362	24.1213	 99
DATA	1745975892	807563066	95277	0	""	2025-04-29	18:18:12	12988.517	426.33441	2099.5227	39.7626	55.001	32.0469	30.6232	0.00262199	11.237	54.4998	57	-0.16362	24.1209	169
DATA	1745975893	807209014	95281	0	""	2025-04-29	18:18:13	12989.51	426.39407	2099.28	39.7622	55.001	32.0504	30.6232	0.00262589	11.2372	54.4998	153.25	-0.16362	24.1209	241
DATA	1745975894	807209014	95285	0	""	2025-04-29	18:18:14	12990.489	426.69293	2099.2405	39.7634	55.001	32.0504	30.6232	0.00262049	11.2371	54.4998	84.5	-0.16362	24.1209	 47
DATA	1745975895	807209014	95289	0	""	2025-04-29	18:18:15	12990.409	426.40256	2099.1506	39.7634	55.001	32.05	30.6232	0.00262286	11.2371	54.4998	7.25	-0.16362	24.1205	186
DATA	1745975896	807209014	95293	0	""	2025-04-29	18:18:16	12991.069	426.43051	2098.9382	39.7634	55.001	32.0504	30.6234	0.00262559	11.2369	54.4998	165.5	-0.16362	24.1213	 97
DATA	1745975897	807209014	95297	0	""	2025-04-29	18:18:17	12990.922	426.24768	2098.8081	39.7634	55.001	32.05	30.6234	0.00262469	11.2367	54.4998	-8.25	-0.16362	24.1205	  3
DATA	1745975898	807209014	95301	0	""	2025-04-29	18:18:18	12991.854	426.30652	2098.6021	39.7638	55.001	32.0485	30.6236	0.00262852	11.2369	54.4998	-44.25	-0.16362	24.1209	141
DATA	1745975899	807209014	95305	0	""	2025-04-29	18:18:19	12991.656	425.9657	2098.6616	39.763	55.001	32.0496	30.6232	0.00262733	11.2372	54.4998	122.75	-0.16362	24.1217	 57
DATA	1745975900	807209014	95309	0	""	2025-04-29	18:18:20	12992.158	426.41	2098.6357	39.763	55.001	32.0508	30.6232	0.00262868	11.237	54.4998	-61	-0.16362	24.1221	224
DATA	1745975901	806852102	95313	0	""	2025-04-29	18:18:21	12992.412	425.92767	2098.5625	39.763	55.001	32.0508	30.6232	0.00262943	11.2374	54.4998	-31.75	-0.16362	24.1217	 71
DATA	1745975902	806852102	95317	0	""	2025-04-29	18:18:22	12991.903	426.18423	2098.6125	39.7634	55.001	32.0496	30.6232	0.00263307	11.2371	54.4998	0	-0.16362	24.1213	116
DATA	1745975903	806852102	95321	0	""	2025-04-29	18:18:23	12991.969	426.21509	2098.8137	39.7626	55.001	32.0492	30.6232	0.002627	11.2372	54.4998	28.75	-0.16362	24.1217	243
DATA	1745975904	806852102	95325	0	""	2025-04-29	18:18:24	12991.268	426.08414	2098.8811	39.7622	55.001	32.05	30.6232	0.00262561	11.237	54.4998	-57.5	-0.16362	24.1209	174
DATA	1745975905	806852102	95329	0	""	2025-04-29	18:18:25	12990.375	426.2623	2098.9067	39.7626	55.001	32.0485	30.6236	0.00261942	11.2373	54.4998	116.75	-0.16362	24.1221	 91
DATA	1745975906	806852102	95333	0	""	2025-04-29	18:18:26	12989.336	426.02969	2098.9976	39.7634	55.001	32.05	30.6236	0.00262778	11.2373	54.4998	-28.5	-0.16362	24.1217	 11
DATA	1745975907	806852102	95337	0	""	2025-04-29	18:18:27	12989.114	426.53159	2098.9297	39.7642	55.001	32.0477	30.6232	0.00262911	11.2373	54.4998	-1.5	-0.16362	24.1205	 37
DATA	1745975908	806490898	95341	0	""	2025-04-29	18:18:28	12988.735	426.62823	2099.1167	39.763	55.001	32.0477	30.6232	0.00262421	11.2374	54.4998	61.25	-0.16362	24.1209	 58
DATA	1745975909	806490898	95345	0	""	2025-04-29	18:18:29	12988.708	426.29688	2099.0215	39.7622	55.001	32.0485	30.6232	0.00262558	11.237	54.4998	-45	-0.16362	24.1213	225
DATA	1745975910	806490898	95349	0	""	2025-04-29	18:18:30	12988.45	426.26645	2099.0071	39.7638	55.001	32.0481	30.6232	0.00262021	11.2372	54.4998	40.25	-0.16362	24.1201	 27
DATA	1745975911	806490898	95353	0	""	2025-04-29	18:18:31	12988.624	426.42117	2099.0542	39.763	55.001	32.05	30.6232	0.00262261	11.2368	54.4998	-26.5	-0.16362	24.1209	184
DATA	1745975912	806490898	95357	0	""	2025-04-29	18:18:32	12988.963	426.47034	2099.1123	39.7626	55.001	32.0481	30.6232	0.00262297	11.2363	54.4998	-65	-0.16362	24.1209	  4
DATA	1745975913	806490898	95361	0	""	2025-04-29	18:18:33	12989.314	426.38513	2098.9434	39.7634	55.001	32.0461	30.6234	0.00262556	11.2368	54.4998	66.5	-0.16362	24.1205	 59
DATA	1745975914	806490898	95365	0	""	2025-04-29	18:18:34	12988.422	426.79193	2099.0996	39.7638	55.001	32.0477	30.6234	0.00262378	11.237	54.4998	-67	-0.16362	24.1209	243
DATA	1745975915	806490898	95369	0	""	2025-04-29	18:18:35	12988.754	425.99503	2099.2703	39.7634	55.001	32.0469	30.6234	0.0026244	11.2368	54.4998	51	-0.16362	24.1209	183
DATA	1745975916	806144952	95373	0	""	2025-04-29	18:18:36	12988.221	426.64273	2099.1938	39.7634	55.001	32.0477	30.6232	0.00262415	11.2371	54.4998	91.75	-0.16362	24.1225	103
DATA	1745975917	806144952	95377	0	""	2025-04-29	18:18:37	12988.911	426.52655	2098.9392	39.7634	55.001	32.0504	30.6232	0.0026243	11.2366	54.4998	-59.75	-0.16362	24.1221	106
DATA	1745975918	806144952	95381	0	""	2025-04-29	18:18:38	12988.84	426.55759	2098.8093	39.763	55.001	32.0485	30.6232	0.00262552	11.2364	54.4998	82.5	-0.16362	24.1221	220
DATA	1745975919	806144952	95385	0	""	2025-04-29	18:18:39	12989.624	426.3248	2098.4839	39.7634	55.0008	32.05	30.6232	0.00262956	11.2372	54.4998	-54.75	-0.16362	24.1217	 71
DATA	1745975920	806144952	95389	0	""	2025-04-29	18:18:40	12990.217	426.27539	2098.5737	39.7638	55.0008	32.0481	30.6232	0.00262411	11.2377	54.4998	16.75	-0.16362	24.1217	156
DATA	1745975921	806144952	95393	0	""	2025-04-29	18:18:41	12991.567	426.2868	2098.6072	39.763	55.001	32.0485	30.6232	0.00262247	11.2369	54.4998	-9	-0.16362	24.1217	107
DATA	1745975922	806144952	95397	0	""	2025-04-29	18:18:42	12991.864	426.11682	2098.4231	39.7634	55.001	32.0492	30.6236	0.00262818	11.2372	54.4998	-25.5	-0.16362	24.1217	 91
DATA	1745975923	805784940	95401	0	""	2025-04-29	18:18:43	12991.95	426.32632	2098.4231	39.7642	55.001	32.0485	30.6234	0.00263205	11.2377	54.4998	-39	-0.16362	24.1221	183
DATA	1745975924	805784940	95405	0	""	2025-04-29	18:18:44	12992.174	426.33456	2098.4778	39.7634	55.001	32.0473	30.6232	0.00262234	11.2368	54.4998	36.25	-0.16362	24.1209	105
DATA	1745975925	805784940	95409	0	""	2025-04-29	18:18:45	12993.06	426.53329	2098.6487	39.7634	55.001	32.0496	30.6232	0.00261572	11.2366	54.4998	-0.75	-0.16362	24.1209	 58
DATA	1745975926	805784940	95413	0	""	2025-04-29	18:18:46	12993.238	426.10754	2098.6521	39.7634	55.001	32.0477	30.6232	0.00263161	11.237	54.4998	-22.5	-0.16362	24.1213	 28
DATA	1745975927	805784940	95417	0	""	2025-04-29	18:18:47	12993.282	426.33716	2098.9031	39.7638	55.001	32.0461	30.6232	0.0026205	11.237	54.4998	-3	-0.16362	24.1213	 88
DATA	1745975928	805784940	95421	0	""	2025-04-29	18:18:48	12991.402	426.1478	2098.8777	39.763	55.0008	32.0446	30.6232	0.0026304	11.2367	54.4998	-38	-0.16362	24.1201	154
DATA	1745975929	805784940	95425	0	""	2025-04-29	18:18:49	12990.277	426.00128	2098.9727	39.7634	55.001	32.0454	30.6232	0.00263251	11.2372	54.4998	190.75	-0.16362	24.1201	148
DATA	1745975930	805784940	95429	0	""	2025-04-29	18:18:50	12989.743	426.39838	2098.877	39.763	55.001	32.0492	30.6232	0.00262284	11.2371	54.4998	6.25	-0.16362	24.1213	219
DATA	1745975931	805433034	95433	0	""	2025-04-29	18:18:51	12989.025	425.7998	2098.749	39.7642	55.001	32.0489	30.6236	0.002625	11.237	54.4998	21.5	-0.16362	24.1205	 48
DATA	1745975932	805433034	95437	0	""	2025-04-29	18:18:52	12989.022	426.41608	2098.7278	39.7634	55.001	32.0465	30.6234	0.0026221	11.237	54.4998	76.25	-0.16362	24.1217	240
DATA	1745975933	805433034	95441	0	""	2025-04-29	18:18:53	12987.26	426.08493	2098.9021	39.7634	55.0008	32.0465	30.6232	0.00263334	11.2369	54.4998	-17.25	-0.16362	24.1217	133
DATA	1745975934	805433034	95445	0	""	2025-04-29	18:18:54	13008.289	429.11072	2099.2019	39.7634	55.001	32.045	30.6232	0.00263732	11.2368	54.4998	34.5	-0.16362	24.1197	233
DATA	1745975935	805433034	95449	0	""	2025-04-29	18:18:55	13027.116	431.21381	2099.3818	39.7638	55.0008	32.0457	30.6232	0.00262698	11.237	54.4998	55.25	-0.16362	24.1221	 88
DATA	1745975936	805433034	95453	0	""	2025-04-29	18:18:56	13028.699	432.68301	2099.6946	39.7642	55.0008	32.0477	30.6232	0.00262355	11.2368	54.4998	-89	-0.16362	24.1213	 57
DATA	1745975937	805433034	95457	0	""	2025-04-29	18:18:57	13025.171	431.73663	2099.6328	39.7638	55.0008	32.0496	30.6234	0.00263224	11.2374	54.4998	102.75	-0.16362	24.1217	193
DATA	1745975938	805066108	95461	0	""	2025-04-29	18:18:58	13023.46	430.64728	2099.5422	39.7619	55.0005	32.0524	30.6234	0.0026287	11.237	54.4998	-10.5	-0.16362	24.1217	230
DATA	1745975939	805066108	95465	0	""	2025-04-29	18:18:59	13014.379	429.15689	2099.3564	39.7634	55.0008	32.0492	30.6234	0.00263633	11.2368	54.4998	-46	-0.16362	24.1217	 67
DATA	1745975940	805066108	95469	0	""	2025-04-29	18:19:00	13008.173	428.66284	2099.0544	39.763	55.001	32.0485	30.6234	0.00263437	11.2373	54.4998	74.75	-0.16362	24.1221	 34
DATA	1745975941	805066108	95473	0	""	2025-04-29	18:19:01	13005.92	428.66931	2099.2078	39.7634	55.0008	32.0504	30.6232	0.0026284	11.237	54.4998	-79.75	-0.16362	24.1205	 30
DATA	1745975942	805066108	95477	0	""	2025-04-29	18:19:02	13005.386	428.90659	2099.177	39.763	55.001	32.0485	30.6232	0.00263176	11.2366	54.4998	29.25	-0.16362	24.1209	254
DATA	1745975943	805066108	95481	0	""	2025-04-29	18:19:03	13005.807	430.12741	2099.1523	39.7622	55.001	32.0496	30.6232	0.00263197	11.2379	54.4998	91.25	-0.16362	24.1209	 73
DATA	1745975944	805066108	95485	0	""	2025-04-29	18:19:04	13008.946	438.92474	2099.1169	39.763	55.0008	32.05	30.6232	0.00263749	11.237	54.4998	-2.5	-0.16362	24.1209	148
DATA	1745975945	805066108	95489	0	""	2025-04-29	18:19:05	13023.471	458.71381	2099.3123	39.763	55.0005	32.0496	30.6232	0.00262731	11.2371	54.4998	20.5	-0.16362	24.1201	 17
DATA	1745975946	804713010	95493	0	""	2025-04-29	18:19:06	13025.528	452.16174	2099.2844	39.7622	55.001	32.0508	30.6234	0.00263054	11.2366	54.4998	-10.75	-0.16362	24.1213	109
DATA	1745975947	804713010	95497	0	""	2025-04-29	18:19:07	13026.252	449.25607	2099.4067	39.7634	55.0008	32.0504	30.6232	0.00262869	11.2363	54.4998	-42.25	-0.16362	24.1201	175
DATA	1745975948	804713010	95501	0	""	2025-04-29	18:19:08	13025.806	445.0184	2099.437	39.7638	55.0006	32.0504	30.6234	0.00262374	11.2363	54.4998	-21	-0.16362	24.1209	164
DATA	1745975949	804713010	95505	0	""	2025-04-29	18:19:09	13035.79	475.72742	2099.1953	39.7638	55.0006	32.0496	30.6234	0.00263753	11.2367	54.4998	100.5	-0.16362	24.1217	 96
DATA	1745975950	804713010	95509	0	""	2025-04-29	18:19:10	13060.788	509.74216	2099.1025	39.763	55.0003	32.0524	30.6232	0.00261128	11.2359	54.4998	-9.75	-0.16362	24.1217	 61
DATA	1745975951	804713010	95513	0	""	2025-04-29	18:19:11	13051.594	484.85992	2098.9124	39.7638	55.0006	32.0516	30.6232	0.00263087	11.2367	54.4998	-65.75	-0.16362	24.1217	190
DATA	1745975952	804713010	95517	0	""	2025-04-29	18:19:12	13060.856	500.1517	2098.8296	39.7634	55.0008	32.0508	30.6232	0.00262609	11.2369	54.4998	106.5	-0.16362	24.1217	 72
DATA	1745975953	804358005	95521	0	""	2025-04-29	18:19:13	13061.353	491.89407	2098.7871	39.763	55.0006	32.0508	30.6232	0.00261846	11.2364	54.4998	4.25	-0.16362	24.1213	 30
DATA	1745975954	804358005	95525	0	""	2025-04-29	18:19:14	13046.612	471.51157	2098.8831	39.7626	55.0006	32.0524	30.6236	0.00262787	11.2365	54.4998	-33	-0.16362	24.1217	 34
DATA	1745975955	804358005	95529	0	""	2025-04-29	18:19:15	13037.001	461.13983	2098.9402	39.7622	55.0005	32.05	30.6232	0.00263148	11.2367	54.4998	-45.75	-0.16362	24.1221	 66
DATA	1745975956	804358005	95533	0	""	2025-04-29	18:19:16	13030.449	463.66983	2098.8347	39.7634	55.0005	32.0508	30.6232	0.00263273	11.2367	54.4998	76.25	-0.16362	24.1217	154
DATA	1745975957	804358005	95537	0	""	2025-04-29	18:19:17	13029.023	469.33438	2098.7739	39.7642	55.0006	32.0504	30.6232	0.002627	11.237	54.4998	-43	-0.16362	24.1221	136
DATA	1745975958	804358005	95541	0	""	2025-04-29	18:19:18	13030.883	463.57935	2098.9812	39.7626	55.0005	32.0496	30.6232	0.0026231	11.2375	54.4998	23.5	-0.16362	24.1205	 42
DATA	1745975959	804358005	95545	0	""	2025-04-29	18:19:19	13030.859	454.586	2098.8333	39.763	55.0005	32.0489	30.6232	0.0026347	11.2364	54.4998	15.75	-0.16362	24.1205	209
DATA	1745975960	804358005	95549	0	""	2025-04-29	18:19:20	13033.068	447.87888	2099.1279	39.7626	55.0006	32.05	30.6232	0.0026366	11.2365	54.4998	16.5	-0.16362	24.1205	203
DATA	1745975961	804002046	95553	0	""	2025-04-29	18:19:21	13039.147	444.94315	2099.0347	39.7634	55.0006	32.05	30.6232	0.00263837	11.2367	54.4998	-2.5	-0.16362	24.1205	217
DATA	1745975962	804002046	95557	0	""	2025-04-29	18:19:22	13050.38	444.07336	2099.1245	39.763	55.0005	32.0496	30.6232	0.00263967	11.2365	54.4998	19.25	-0.16362	24.1205	 26
DATA	1745975963	804002046	95561	0	""	2025-04-29	18:19:23	13059.424	442.89401	2099.0281	39.7638	55.0006	32.05	30.6234	0.00263936	11.2368	54.4998	57.75	-0.16362	24.1193	 40
DATA	1745975964	804002046	95565	0	""	2025-04-29	18:19:24	13068.938	444.17236	2098.9819	39.7638	55.0006	32.05	30.6232	0.0026477	11.2368	54.4998	-53.75	-0.16362	24.1186	 60
DATA	1745975965	804002046	95569	0	""	2025-04-29	18:19:25	13069.046	442.51334	2099.0154	39.7622	55.0005	32.0489	30.6234	0.00264107	11.2369	54.4998	40.25	-0.16362	24.1205	123
DATA	1745975966	804002046	95573	0	""	2025-04-29	18:19:26	13068.673	440.73163	2098.9895	39.7638	55.0005	32.0485	30.6232	0.00264127	11.2365	54.4998	47	-0.16362	24.1221	  2
DATA	1745975967	804002046	95577	0	""	2025-04-29	18:19:27	13070.665	439.9465	2098.8748	39.763	55.0003	32.0485	30.6232	0.00264555	11.237	54.4998	-15	-0.16362	24.1205	155
DATA	1745975968	803639888	95581	0	""	2025-04-29	18:19:28	13070.91	440.36145	2099.1162	39.7626	55.0003	32.0477	30.6232	0.00264911	11.2363	54.4998	4	-0.16362	24.1217	153
DATA	1745975969	803639888	95585	0	""	2025-04-29	18:19:29	13073.791	443.22278	2099.0481	39.7638	55.0003	32.0496	30.6232	0.00263754	11.2368	54.4998	57.25	-0.16362	24.1201	180
DATA	1745975970	803639888	95589	0	""	2025-04-29	18:19:30	13076.697	442.97467	2098.8208	39.7634	55.0003	32.05	30.6232	0.0026377	11.2364	54.4998	7	-0.16362	24.1209	 85
DATA	1745975971	803639888	95593	0	""	2025-04-29	18:19:31	13080.055	439.55753	2098.7563	39.7634	55.0005	32.0508	30.6236	0.00264329	11.2366	54.4998	-8.5	-0.16362	24.1209	116
DATA	1745975972	803639888	95597	0	""	2025-04-29	18:19:32	13082.66	436.87137	2098.8394	39.7638	55.0003	32.0516	30.6234	0.00264592	11.236	54.4998	23	-0.16362	24.1213	178
DATA	1745975973	803639888	95601	0	""	2025-04-29	18:19:33	13083.026	434.96368	2098.6111	39.763	55.0003	32.05	30.6232	0.00264245	11.2368	54.4998	44.75	-0.16362	24.1209	252
DATA	1745975974	803639888	95605	0	""	2025-04-29	18:19:34	13081.537	433.54083	2098.4136	39.7634	55.0003	32.0524	30.6232	0.00264727	11.2363	54.4998	-86	-0.16362	24.1209	 50
DATA	1745975975	803639888	95609	0	""	2025-04-29	18:19:35	13080.753	433.70541	2098.5266	39.763	55.0003	32.0512	30.6232	0.00264278	11.2367	54.4998	94.75	-0.16362	24.1197	121
DATA	1745975976	803287982	95613	0	""	2025-04-29	18:19:36	13077.424	433.3302	2098.2485	39.7638	55.0003	32.0516	30.6232	0.0026432	11.2369	54.4998	-10.75	-0.16362	24.1205	 81
DATA	1745975977	803287982	95617	0	""	2025-04-29	18:19:37	13072.838	433.88559	2098.4163	39.7638	55.0003	32.0524	30.6232	0.0026438	11.2363	54.4998	-86.25	-0.16362	24.1197	178
DATA	1745975978	803287982	95621	0	""	2025-04-29	18:19:38	13069.193	434.17722	2098.3599	39.7634	55.0003	32.0496	30.6232	0.00263956	11.2367	54.4998	-22.25	-0.16362	24.1201	212
DATA	1745975979	803287982	95625	0	""	2025-04-29	18:19:39	13064.585	435.11362	2098.3245	39.7634	55.0003	32.0492	30.6232	0.00264145	11.2364	54.4998	56.25	-0.16362	24.1209	155
DATA	1745975980	803287982	95629	0	""	2025-04-29	18:19:40	13061.613	435.94507	2098.3933	39.7634	55.0005	32.0508	30.6234	0.00263614	11.2369	54.4998	109.5	-0.16362	24.1201	144
DATA	1745975981	803287982	95633	0	""	2025-04-29	18:19:41	13058.621	435.68076	2098.6128	39.7638	55.0003	32.0527	30.6234	0.00263234	11.2364	54.4998	-19.75	-0.16362	24.1209	203
DATA	1745975982	803287982	95637	0	""	2025-04-29	18:19:42	13055.763	434.92224	2098.5408	39.763	55.0003	32.0527	30.6234	0.00263381	11.2365	54.4998	-24.5	-0.16362	24.1197	 99
DATA	1745975983	802936077	95641	0	""	2025-04-29	18:19:43	13054.059	433.7438	2098.614	39.7642	55.0005	32.0508	30.6234	0.00263347	11.2365	54.4998	22.5	-0.16362	24.1225	243
DATA	1745975984	802936077	95645	0	""	2025-04-29	18:19:44	13056.963	433.72693	2098.656	39.7638	55.0005	32.0508	30.6232	0.00263433	11.2365	54.4998	-25	-0.16362	24.1213	  3
DATA	1745975985	802936077	95649	0	""	2025-04-29	18:19:45	13062.024	435.21848	2098.6499	39.763	55.0003	32.05	30.6232	0.00263256	11.2367	54.4998	62.25	-0.16362	24.1221	254
DATA	1745975986	802936077	95653	0	""	2025-04-29	18:19:46	13060.622	436.0918	2098.7139	39.7646	55.0005	32.0527	30.6232	0.00263332	11.2368	54.4998	102.25	-0.16362	24.1209	144
DATA	1745975987	802936077	95657	0	""	2025-04-29	18:19:47	13061.837	438.70023	2098.6387	39.763	55.0003	32.0531	30.6232	0.00262841	11.2366	54.4998	-60.75	-0.16362	24.1213	147
DATA	1745975988	802936077	95661	0	""	2025-04-29	18:19:48	13061.137	438.8063	2098.7683	39.7638	55.0003	32.0527	30.6234	0.00262993	11.2362	54.4998	12.5	-0.16362	24.1217	 62
DATA	1745975989	802936077	95665	0	""	2025-04-29	18:19:49	13058.28	438.60901	2098.6091	39.7638	55.0003	32.0539	30.6236	0.00263312	11.2367	54.4998	54	-0.16362	24.1217	223
DATA	1745975990	802936077	95669	0	""	2025-04-29	18:19:50	13059.495	439.16046	2098.6411	39.7638	55.0003	32.0531	30.6236	0.00262975	11.237	54.4998	-41.75	-0.16362	24.1213	153
DATA	1745975991	802582025	95673	0	""	2025-04-29	18:19:51	13063.754	439.02924	2098.5601	39.7634	55.0003	32.0527	30.6234	0.00263762	11.2366	54.4998	-59.25	-0.16362	24.1209	189
DATA	1745975992	802582025	95677	0	""	2025-04-29	18:19:52	13068.479	438.64536	2098.5718	39.763	55.0003	32.0496	30.6232	0.00264291	11.2363	54.4998	3.75	-0.16362	24.1201	 58
DATA	1745975993	802582025	95681	0	""	2025-04-29	18:19:53	13068.104	438.19171	2098.3994	39.7638	55.0003	32.0516	30.6232	0.00263934	11.2367	54.4998	-9.25	-0.16362	24.1158	152
DATA	1745975994	802582025	95685	0	""	2025-04-29	18:19:54	13070.949	438.36862	2098.2649	39.7642	55.0003	32.0512	30.6232	0.00264178	11.2367	54.4998	16.75	-0.16362	24.1205	161
DATA	1745975995	802582025	95689	0	""	2025-04-29	18:19:55	13069.665	438.32971	2098.6172	39.7626	55.0003	32.0524	30.6232	0.00263682	11.237	54.4998	42.75	-0.16362	24.1205	111
DATA	1745975996	802582025	95693	0	""	2025-04-29	18:19:56	13070.418	437.42801	2098.3789	39.7634	55.0005	32.052	30.6232	0.00264069	11.2368	54.4998	-10.25	-0.16362	24.1205	138
DATA	1745975997	802582025	95697	0	""	2025-04-29	18:19:57	13070.877	436.14621	2098.4329	39.7634	55.0003	32.0524	30.6234	0.00263522	11.2367	54.4998	-34	-0.16362	24.1193	 49
DATA	1745975998	802215099	95701	0	""	2025-04-29	18:19:58	13069.942	435.60184	2098.4072	39.7634	55.0003	32.0516	30.6234	0.00263714	11.2362	54.4998	69.75	-0.16362	24.1201	147
DATA	1745975999	802215099	95705	0	""	2025-04-29	18:19:59	13092.632	434.9191	2098.4717	39.7638	55.0003	32.0535	30.6236	0.00264189	11.2369	54.4998	-32.75	-0.16362	24.1205	163
DATA	1745976000	802215099	95709	0	""	2025-04-29	18:20:00	13183.714	435.94876	2098.5071	39.7638	55.0003	32.0504	30.6232	0.00265888	11.2361	54.4998	-56.25	-0.16362	24.1221	168
DATA	1745976001	802215099	95713	0	""	2025-04-29	18:20:01	13304.743	435.69965	2098.5586	39.7642	55.0003	32.0489	30.6232	0.00268837	11.236	54.4998	-45.25	-0.16362	24.1213	128
DATA	1745976002	802215099	95717	0	""	2025-04-29	18:20:02	13395.635	435.1709	2098.3994	39.7634	55.0003	32.0481	30.6232	0.00270262	11.2355	54.4998	-36.75	-0.16362	24.1213	114
DATA	1745976003	802215099	95721	0	""	2025-04-29	18:20:03	13447.81	435.63275	2098.3701	39.7638	55.0003	32.0469	30.6232	0.00271516	11.2353	54.4998	25.5	-0.16362	24.1209	 10
DATA	1745976004	802215099	95725	0	""	2025-04-29	18:20:04	13467.903	437.88879	2098.6472	39.7638	55.0003	32.0469	30.6232	0.00271088	11.2353	54.4998	-14.25	-0.16362	24.1209	193
DATA	1745976005	802215099	95729	0	""	2025-04-29	18:20:05	13463.073	439.68121	2098.6494	39.7642	55.0003	32.0469	30.6234	0.00270763	11.2349	54.4998	63	-0.16362	24.1213	239
DATA	1745976006	801866054	95733	0	""	2025-04-29	18:20:06	13444.485	440.51181	2099.0022	39.7657	55.0003	32.0465	30.6234	0.00269769	11.2358	54.4998	-18.75	-0.16362	24.1213	175
DATA	1745976007	801866054	95737	0	""	2025-04-29	18:20:07	13419.553	440.01135	2098.7935	39.7646	55.0003	32.0465	30.6236	0.00270055	11.2355	54.4998	137.75	-0.16362	24.1213	174
DATA	1745976008	801866054	95741	0	""	2025-04-29	18:20:08	13393.183	438.84698	2098.8511	39.765	55.0003	32.0477	30.6234	0.00268223	11.2354	54.4998	-64.25	-0.16362	24.1205	137
DATA	1745976009	801866054	95745	0	""	2025-04-29	18:20:09	13365.382	438.39935	2098.7092	39.7654	55.0003	32.0469	30.6232	0.00268026	11.2359	54.4998	94.25	-0.16362	24.1209	159
DATA	1745976010	801866054	95749	0	""	2025-04-29	18:20:10	13338.707	437.66611	2098.7537	39.7646	55.0003	32.0489	30.6232	0.00267143	11.2358	54.4998	23	-0.16362	24.1201	234
DATA	1745976011	801866054	95753	0	""	2025-04-29	18:20:11	13312.838	436.3898	2098.4158	39.765	55.0003	32.0492	30.6232	0.00266856	11.2359	54.4998	245.75	-0.16362	24.1201	 87
DATA	1745976012	801866054	95757	0	""	2025-04-29	18:20:12	13289.658	436.211	2098.542	39.7654	55.0003	32.0516	30.6232	0.00266373	11.2362	54.4998	-11	-0.16362	24.1209	114
DATA	1745976013	801506042	95761	0	""	2025-04-29	18:20:13	13268.525	436.31207	2098.5537	39.7646	55.0003	32.0516	30.6234	0.00266079	11.2363	54.4998	-17.5	-0.16362	24.1201	 99
DATA	1745976014	801506042	95765	0	""	2025-04-29	18:20:14	13250.016	437.30356	2098.4875	39.7654	55.0003	32.0516	30.6234	0.00264684	11.2362	54.4998	-33.25	-0.16362	24.1205	150
DATA	1745976015	801506042	95769	0	""	2025-04-29	18:20:15	13242.293	443.99387	2098.584	39.7642	55.0003	32.0489	30.6236	0.00265634	11.2357	54.4998	54.75	-0.16362	24.1205	 96
DATA	1745976016	801506042	95773	0	""	2025-04-29	18:20:16	13234.46	446.91229	2098.7156	39.765	55.0003	32.05	30.6236	0.00264599	11.2364	54.4998	34.5	-0.16362	24.1201	123
DATA	1745976017	801506042	95777	0	""	2025-04-29	18:20:17	13218.987	446.74951	2098.4131	39.7661	55.0003	32.0492	30.6232	0.00264752	11.2367	54.4998	-0.25	-0.16362	24.1213	119
DATA	1745976018	801506042	95781	0	""	2025-04-29	18:20:18	13207.212	448.23822	2098.6768	39.765	55.0003	32.0516	30.6232	0.00264697	11.236	54.4998	127	-0.16362	24.1213	174
DATA	1745976019	801506042	95785	0	""	2025-04-29	18:20:19	13198.429	452.15744	2098.5925	39.7654	55.0003	32.0512	30.6234	0.00264925	11.2367	54.4998	102.75	-0.16362	24.1213	182
DATA	1745976020	801506042	95789	0	""	2025-04-29	18:20:20	13191.786	460.55753	2098.8149	39.7646	55.0003	32.0543	30.6234	0.00263542	11.2361	54.4998	-54	-0.16362	24.1213	 15
DATA	1745976021	801151990	95793	0	""	2025-04-29	18:20:21	13188.522	472.57578	2098.6687	39.7646	55.0003	32.0531	30.6232	0.0026524	11.2361	54.4998	-15	-0.16362	24.1213	226
DATA	1745976022	801151990	95797	0	""	2025-04-29	18:20:22	13319.13	719.09894	2098.2295	39.765	55.0003	32.0551	30.6232	0.00271483	11.235	54.4998	318.25	-0.16362	24.1209	 28
DATA	1745976023	801151990	95801	0	""	2025-04-29	18:20:23	13466.974	839.64313	2098.3252	39.7646	55.0003	32.0601	30.6234	0.00260073	11.2346	54.4998	162.75	-0.16362	24.1217	165
DATA	1745976024	801151990	95805	0	""	2025-04-29	18:20:24	13465.595	802.69867	2098.5591	39.7634	55.0003	32.0621	30.6236	0.00258621	11.2343	54.4998	-124	-0.16362	24.1213	 75
DATA	1745976025	801151990	95809	0	""	2025-04-29	18:20:25	13366.413	662.2229	2098.5737	39.763	55.0003	32.059	30.6234	0.00262354	11.2346	54.4998	-10.5	-0.16362	24.1197	223
DATA	1745976026	801151990	95813	0	""	2025-04-29	18:20:26	13301.676	612.57501	2098.5178	39.7626	55.0003	32.0566	30.6232	0.00263083	11.2349	54.4998	-172.75	-0.16362	24.1205	216
DATA	1745976027	801151990	95817	0	""	2025-04-29	18:20:27	13255.367	569.7995	2098.4517	39.763	55.0003	32.0531	30.6232	0.00264473	11.2357	54.4998	-60.25	-0.16362	24.1205	 83
DATA	1745976028	800791978	95821	0	""	2025-04-29	18:20:28	13223.909	535.05084	2098.4138	39.7619	55.0003	32.052	30.6232	0.00265172	11.2362	54.4998	-72	-0.16362	24.1205	227
DATA	1745976029	800791978	95825	0	""	2025-04-29	18:20:29	13207.491	518.4422	2098.4675	39.763	55.0003	32.0489	30.6232	0.00266472	11.2355	54.4998	-99.25	-0.16362	24.1205	100
DATA	1745976030	800791978	95829	0	""	2025-04-29	18:20:30	13208.145	520.10657	2098.5452	39.7619	55.0003	32.0485	30.6232	0.00265623	11.236	54.4998	34.75	-0.16362	24.1205	 72
DATA	1745976031	800791978	95833	0	""	2025-04-29	18:20:31	13196.287	502.24063	2098.5579	39.7622	55.0003	32.05	30.6232	0.00266085	11.2359	54.4998	14	-0.16362	24.1205	133
DATA	1745976032	800791978	95837	0	""	2025-04-29	18:20:32	13178.503	483.7485	2098.7834	39.7626	55.0003	32.05	30.6236	0.00265716	11.2359	54.4998	-69.5	-0.16362	24.1205	  1
DATA	1745976033	800791978	95841	0	""	2025-04-29	18:20:33	13166.363	473.98196	2098.8447	39.7619	55.0003	32.0481	30.6236	0.00266316	11.2366	54.4998	-44.25	-0.16362	24.1205	200
DATA	1745976034	800791978	95845	0	""	2025-04-29	18:20:34	13157.654	468.77377	2098.6064	39.763	55.0003	32.0481	30.6232	0.00266023	11.2365	54.4998	126	-0.16362	24.1209	254
DATA	1745976035	800791978	95849	0	""	2025-04-29	18:20:35	13153.637	465.91904	2098.6699	39.7626	55.0003	32.0481	30.6232	0.00265487	11.236	54.4998	-45.5	-0.16362	24.1217	112
DATA	1745976036	800432920	95853	0	""	2025-04-29	18:20:36	13152.036	462.65527	2098.6436	39.763	55.0003	32.0496	30.6232	0.00265402	11.2367	54.4998	-67	-0.16362	24.1217	224
DATA	1745976037	800432920	95857	0	""	2025-04-29	18:20:37	13168.786	460.62515	2098.7278	39.7634	55.0003	32.0496	30.6232	0.00265255	11.2366	54.4998	68	-0.16362	24.1209	  4
DATA	1745976038	800432920	95861	0	""	2025-04-29	18:20:38	13180.077	458.4913	2098.6306	39.7626	55.0003	32.0508	30.6232	0.00266354	11.2367	54.4998	48	-0.16362	24.1213	182
DATA	1745976039	800432920	95865	0	""	2025-04-29	18:20:39	13180.409	457.24716	2098.74	39.7638	55.0003	32.0512	30.6232	0.0026619	11.2368	54.4998	-65.75	-0.16362	24.1213	 28
DATA	1745976040	800432920	95869	0	""	2025-04-29	18:20:40	13169.497	455.08002	2098.7373	39.7638	55.0003	32.0477	30.6232	0.00266035	11.2365	54.4998	-54.5	-0.16362	24.1213	119
DATA	1745976041	800432920	95873	0	""	2025-04-29	18:20:41	13165.294	453.28845	2098.8665	39.7638	55.0003	32.0481	30.6234	0.00266109	11.2365	54.4998	42	-0.16362	24.1213	235
DATA	1745976042	800432920	95877	0	""	2025-04-29	18:20:42	13166.646	451.21396	2098.8655	39.763	55.0003	32.0492	30.6234	0.00265276	11.2364	54.4998	136	-0.16362	24.1213	235
DATA	1745976043	800084114	95881	0	""	2025-04-29	18:20:43	13168.298	449.34802	2098.8521	39.763	55.0003	32.0512	30.6232	0.00265839	11.2361	54.4998	-47.75	-0.16362	24.1209	124
DATA	1745976044	800084114	95885	0	""	2025-04-29	18:20:44	13179.091	447.70441	2098.7087	39.7638	55.0003	32.0516	30.6232	0.00265973	11.2361	54.4998	-45.5	-0.16362	24.1209	128
DATA	1745976045	800084114	95889	0	""	2025-04-29	18:20:45	13194.79	445.97046	2098.7141	39.7638	55.0003	32.0496	30.6232	0.00266102	11.2359	54.4998	-88.25	-0.16362	24.1201	136
DATA	1745976046	800084114	95893	0	""	2025-04-29	18:20:46	13190.07	443.13599	2098.4128	39.7634	55.0003	32.0492	30.6232	0.00265959	11.2366	54.4998	58.75	-0.16362	24.1213	 90
DATA	1745976047	800084114	95897	0	""	2025-04-29	18:20:47	13183.494	442.13074	2098.5676	39.7638	55.0003	32.0485	30.6232	0.00266065	11.2361	54.4998	34.25	-0.16362	24.1201	128
DATA	1745976048	800084114	95901	0	""	2025-04-29	18:20:48	13178.414	441.27621	2098.5242	39.7638	55.0003	32.0477	30.6232	0.00265532	11.2363	54.4998	33.25	-0.16362	24.1213	106
DATA	1745976049	800084114	95905	0	""	2025-04-29	18:20:49	13171.167	441.24942	2098.5796	39.7657	55.0003	32.0481	30.6234	0.00263766	11.2365	54.4998	109	-0.16362	24.1209	 42
DATA	1745976050	800084114	95909	0	""	2025-04-29	18:20:50	13148.235	440.97739	2098.6548	39.7654	55.0003	32.052	30.6232	0.00262623	11.2365	54.4998	18.5	-0.16362	24.1205	 17
DATA	1745976051	799726963	95913	0	""	2025-04-29	18:20:51	13095.647	440.58344	2098.5708	39.7638	55.0003	32.0512	30.6232	0.00263384	11.2367	54.4998	40.75	-0.16362	24.1217	151
DATA	1745976052	799726963	95917	0	""	2025-04-29	18:20:52	13106.062	441.31104	2098.5464	39.7646	55.0003	32.052	30.6232	0.00264333	11.2372	54.4998	-77	-0.16362	24.1209	225
DATA	1745976053	799726963	95921	0	""	2025-04-29	18:20:53	13146.294	442.05219	2098.6006	39.7634	55.0003	32.0512	30.6234	0.00264876	11.2361	54.4998	-93.5	-0.16362	24.1217	133
DATA	1745976054	799726963	95925	0	""	2025-04-29	18:20:54	13166.765	442.83875	2098.6509	39.7634	55.0003	32.0504	30.6232	0.00265712	11.2366	54.4998	82.25	-0.16362	24.1213	159
DATA	1745976055	799726963	95929	0	""	2025-04-29	18:20:55	13171.251	442.30698	2098.6865	39.7634	55.0003	32.0512	30.6234	0.00265143	11.2366	54.4998	-67.25	-0.16362	24.1193	205
DATA	1745976056	799726963	95933	0	""	2025-04-29	18:20:56	13171.822	441.73987	2098.5808	39.7638	55.0003	32.0492	30.6232	0.00265432	11.2362	54.4998	61	-0.16362	24.1213	  8
DATA	1745976057	799726963	95937	0	""	2025-04-29	18:20:57	13166.168	441.2583	2098.5369	39.7642	55.0003	32.05	30.6232	0.00264717	11.2368	54.4998	17.75	-0.16362	24.1213	 14
DATA	1745976058	799367904	95941	0	""	2025-04-29	18:20:58	13160.346	441.5069	2098.7664	39.7638	55.0003	32.0504	30.6232	0.00265465	11.236	54.4998	-77.75	-0.16362	24.1213	102
DATA	1745976059	799367904	95945	0	""	2025-04-29	18:20:59	13155.431	441.85736	2098.5437	39.7638	55.0003	32.0492	30.6232	0.00265232	11.2362	54.4998	170.25	-0.16362	24.1205	201
DATA	1745976060	799367904	95949	0	""	2025-04-29	18:21:00	13151.309	442.10867	2098.646	39.7638	55.0003	32.05	30.6232	0.00264586	11.2359	54.4996	-31.5	-0.16362	24.1189	246
DATA	1745976061	799367904	95953	0	""	2025-04-29	18:21:01	13149.541	442.43661	2098.5718	39.7638	55.0003	32.0496	30.6232	0.00265813	11.2365	54.4998	-31.75	-0.16362	24.1189	201
DATA	1745976062	799367904	95957	0	""	2025-04-29	18:21:02	13149.545	442.36887	2098.6287	39.763	55.0003	32.0496	30.6232	0.00265384	11.2368	54.4998	14	-0.16362	24.1201	218
DATA	1745976063	799367904	95961	0	""	2025-04-29	18:21:03	13149.306	442.21088	2098.6226	39.7638	55.0003	32.0508	30.6232	0.00265141	11.2366	54.4998	15.75	-0.16362	24.1201	128
DATA	1745976064	799367904	95965	0	""	2025-04-29	18:21:04	13150.025	441.49432	2098.7031	39.763	55.0003	32.0496	30.6232	0.00265569	11.2364	54.4998	-79.75	-0.16362	24.1209	146
DATA	1745976065	799367904	95969	0	""	2025-04-29	18:21:05	13149.589	442.18372	2098.8489	39.7638	55.0003	32.0496	30.6232	0.0026528	11.2359	54.4998	56.75	-0.16362	24.1197	151
DATA	1745976066	799020051	95973	0	""	2025-04-29	18:21:06	13150.064	441.63831	2098.6306	39.7634	55.0003	32.0489	30.6232	0.0026531	11.236	54.4998	67	-0.16362	24.1209	126
DATA	1745976067	799020051	95977	0	""	2025-04-29	18:21:07	13149.544	442.26666	2098.5662	39.7634	55.0003	32.0508	30.6232	0.00265155	11.236	54.4998	97	-0.16362	24.1201	195
DATA	1745976068	799020051	95981	0	""	2025-04-29	18:21:08	13148.48	442.25873	2098.7771	39.7642	55.0003	32.05	30.6232	0.00264617	11.2364	54.4998	-6	-0.16362	24.1205	 84
DATA	1745976069	799020051	95985	0	""	2025-04-29	18:21:09	13148.998	441.81503	2098.6392	39.7646	55.0003	32.0496	30.6232	0.00264956	11.2362	54.4998	3.75	-0.16362	24.1213	108
DATA	1745976070	799020051	95989	0	""	2025-04-29	18:21:10	13148.984	441.67722	2098.8911	39.7634	55.0003	32.0496	30.6232	0.00265337	11.2363	54.4998	18.25	-0.16362	24.1209	143
DATA	1745976071	799020051	95993	0	""	2025-04-29	18:21:11	13149.171	441.74887	2098.854	39.7638	55.0003	32.05	30.6232	0.00265774	11.2361	54.4998	38.75	-0.16362	24.1217	248
DATA	1745976072	799020051	95997	0	""	2025-04-29	18:21:12	13147.759	442.34613	2099	39.7638	55.0003	32.0516	30.6232	0.00264396	11.2359	54.4998	-14.25	-0.16362	24.1209	186
DATA	1745976073	798662900	96001	0	""	2025-04-29	18:21:13	13147.969	442.35248	2098.8577	39.7642	55.0003	32.0512	30.6232	0.00265166	11.2369	54.4998	38.25	-0.16362	24.1213	139
DATA	1745976074	798662900	96005	0	""	2025-04-29	18:21:14	13147.44	442.13324	2098.739	39.7642	55.0003	32.0508	30.6232	0.00265416	11.2361	54.4998	-54.25	-0.16362	24.1213	 54
DATA	1745976075	798662900	96009	0	""	2025-04-29	18:21:15	13147.91	442.27267	2098.7605	39.7638	55.0003	32.0496	30.6234	0.00265712	11.2363	54.4998	31	-0.16362	24.1217	195
DATA	1745976076	798662900	96013	0	""	2025-04-29	18:21:16	13147.486	442.30466	2098.9236	39.7634	55.0003	32.0508	30.6232	0.00264547	11.2359	54.4998	131.75	-0.16362	24.1209	191
DATA	1745976077	798662900	96017	0	""	2025-04-29	18:21:17	13147.797	442.59119	2098.9893	39.765	55.0003	32.0504	30.6232	0.00265005	11.2364	54.4998	-35.25	-0.16362	24.1205	140
DATA	1745976078	798662900	96021	0	""	2025-04-29	18:21:18	13147.246	442.60382	2098.792	39.7638	55.0003	32.052	30.6232	0.00265154	11.2364	54.4998	8	-0.16362	24.1201	 80
DATA	1745976079	798662900	96025	0	""	2025-04-29	18:21:19	13148.116	441.73251	2098.8413	39.7642	55.0003	32.0524	30.6232	0.00265097	11.2363	54.4998	53	-0.16362	24.1205	231
DATA	1745976080	798662900	96029	0	""	2025-04-29	18:21:20	13147.789	442.6864	2099.011	39.7646	55.0003	32.0524	30.6232	0.00265094	11.2363	54.4998	-73	-0.16362	24.1197	190
DATA	1745976081	798302888	96033	0	""	2025-04-29	18:21:21	13148.217	442.42401	2098.8286	39.7638	55.0003	32.0524	30.6232	0.00265118	11.2362	54.4998	-61.5	-0.16362	24.1197	121
DATA	1745976082	798302888	96037	0	""	2025-04-29	18:21:22	13148.207	442.46725	2098.9651	39.7642	55.0003	32.0516	30.6232	0.00265715	11.236	54.4998	-32.25	-0.16362	24.1201	119
DATA	1745976083	798302888	96041	0	""	2025-04-29	18:21:23	13148.157	442.29056	2098.8552	39.7638	55.0003	32.0512	30.6232	0.00265889	11.2361	54.4998	-43.25	-0.16362	24.1201	181
DATA	1745976084	798302888	96045	0	""	2025-04-29	18:21:24	13147.806	442.53415	2098.8225	39.7642	55.0003	32.0504	30.6234	0.00264863	11.2361	54.4998	-23.5	-0.16362	24.1205	121
DATA	1745976085	798302888	96049	0	""	2025-04-29	18:21:25	13147.779	442.28317	2099.0549	39.7642	55.0003	32.0512	30.6232	0.00264409	11.2369	54.4998	97.75	-0.16362	24.1221	161
DATA	1745976086	798302888	96053	0	""	2025-04-29	18:21:26	13147.835	442.78262	2098.8794	39.7634	55.0003	32.0524	30.6232	0.00265147	11.2364	54.4998	-41.5	-0.16362	24.1205	144
DATA	1745976087	798302888	96057	0	""	2025-04-29	18:21:27	13149.081	443.15533	2098.9851	39.7642	55.0003	32.0524	30.6232	0.0026472	11.2367	54.4998	-13.25	-0.16362	24.1221	130
DATA	1745976088	797950983	96061	0	""	2025-04-29	18:21:28	13148.345	442.56247	2099.071	39.7634	55.0003	32.0524	30.6232	0.00265048	11.236	54.4998	-29.75	-0.16362	24.1217	 92
DATA	1745976089	797950983	96065	0	""	2025-04-29	18:21:29	13147.935	442.34189	2098.9834	39.7642	55.0003	32.052	30.6232	0.00264298	11.2363	54.4998	21	-0.16362	24.1217	219
DATA	1745976090	797950983	96069	0	""	2025-04-29	18:21:30	13147.764	442.51883	2098.917	39.7642	55.0003	32.0504	30.6232	0.00264892	11.2361	54.4998	-22.25	-0.16362	24.1213	135
DATA	1745976091	797950983	96073	0	""	2025-04-29	18:21:31	13148.614	442.41675	2099.0825	39.7642	55.0003	32.05	30.6232	0.00264861	11.2362	54.4998	90.25	-0.16362	24.1217	 33
DATA	1745976092	797950983	96077	0	""	2025-04-29	18:21:32	13148.59	442.61005	2099.0435	39.7646	55.0003	32.0512	30.6234	0.002646	11.2366	54.4998	-17	-0.16362	24.1221	130
DATA	1745976093	797950983	96081	0	""	2025-04-29	18:21:33	13148.633	442.23108	2099.1367	39.7642	55.0003	32.0504	30.6232	0.0026541	11.236	54.4998	1.75	-0.16362	24.1201	221
DATA	1745976094	797950983	96085	0	""	2025-04-29	18:21:34	13149.652	442.47891	2099.1155	39.7634	55.0003	32.0516	30.6232	0.00265704	11.2363	54.4998	28.75	-0.16362	24.1209	157
DATA	1745976095	797950983	96089	0	""	2025-04-29	18:21:35	13148.994	442.50677	2099.0974	39.7638	55.0003	32.0512	30.6232	0.0026507	11.2365	54.4998	-3.25	-0.16362	24.1197	116
DATA	1745976096	797589063	96093	0	""	2025-04-29	18:21:36	13149.579	442.45251	2099.0276	39.7642	55.0003	32.0512	30.6232	0.00265465	11.2361	54.4998	-3	-0.16362	24.1201	237
DATA	1745976097	797589063	96097	0	""	2025-04-29	18:21:37	13148.973	442.70923	2099.0476	39.7638	55.0003	32.0512	30.6232	0.00265459	11.2363	54.4998	-100.75	-0.16362	24.1201	248
DATA	1745976098	797589063	96101	0	""	2025-04-29	18:21:38	13149.795	442.64365	2099.2615	39.7638	55.0003	32.0504	30.6232	0.00265278	11.236	54.4998	57.25	-0.16362	24.1201	101
DATA	1745976099	797589063	96105	0	""	2025-04-29	18:21:39	13150.4	442.65097	2099.1729	39.7646	55.0003	32.0508	30.6234	0.00264919	11.236	54.4998	14.75	-0.16362	24.1201	254
DATA	1745976100	797589063	96109	0	""	2025-04-29	18:21:40	13150.542	442.39951	2099.0225	39.7642	55.0003	32.0504	30.6232	0.00265595	11.2364	54.4998	-15.75	-0.16362	24.1201	159
DATA	1745976101	797589063	96113	0	""	2025-04-29	18:21:41	13149.372	442.27744	2099.0496	39.7642	55.0003	32.0508	30.6234	0.00265226	11.2365	54.4998	-50.25	-0.16362	24.1221	166
DATA	1745976102	797589063	96117	0	""	2025-04-29	18:21:42	13150.249	442.71786	2099.1604	39.7638	55.0003	32.0512	30.6232	0.00264984	11.2365	54.4998	40.5	-0.16362	24.1205	 78
DATA	1745976103	797238111	96121	0	""	2025-04-29	18:21:43	13150.98	442.54468	2099.0825	39.7642	55.0003	32.0512	30.6232	0.00264706	11.2366	54.4998	-40	-0.16362	24.1213	205
DATA	1745976104	797238111	96125	0	""	2025-04-29	18:21:44	13151.065	442.83374	2099.2368	39.765	55.0003	32.05	30.6232	0.00265073	11.2362	54.4998	-25.5	-0.16362	24.1209	209
DATA	1745976105	797238111	96129	0	""	2025-04-29	18:21:45	13151.743	442.47141	2099.1562	39.765	55.0003	32.0512	30.6232	0.00265424	11.2362	54.4998	118.5	-0.16362	24.1217	 53
DATA	1745976106	797238111	96133	0	""	2025-04-29	18:21:46	13151.818	442.66525	2099.2324	39.7642	55.0003	32.0524	30.6232	0.00265243	11.236	54.4998	-58.75	-0.16362	24.1209	114
DATA	1745976107	797238111	96137	0	""	2025-04-29	18:21:47	13152.31	442.64673	2099.179	39.7642	55.0003	32.0516	30.6234	0.00264993	11.2359	54.4998	-9	-0.16362	24.1213	135
DATA	1745976108	797238111	96141	0	""	2025-04-29	18:21:48	13151.477	443.73877	2099.353	39.765	55.0003	32.0524	30.6234	0.00263091	11.2362	54.4998	71	-0.16362	24.1213	128
DATA	1745976109	797238111	96145	0	""	2025-04-29	18:21:49	13110.792	446.23999	2102.9565	39.7638	55.0003	32.0543	30.6232	0.00264165	11.2367	54.4998	-56	-0.16362	24.1213	 32
DATA	1745976110	797238111	96149	0	""	2025-04-29	18:21:50	13093.605	507.01535	2154.0225	39.7626	55.0003	32.0504	30.6232	0.00273266	11.221	54.4998	-133.75	-0.16362	24.1205	128
DATA	1745976111	796881914	96153	0	""	2025-04-29	18:21:51	13351.927	575.79767	2198.9436	39.7642	55.0003	32.0477	30.6232	0.0027601	11.1898	54.4998	43	-0.16362	24.1201	214
DATA	1745976112	796881914	96157	0	""	2025-04-29	18:21:52	13531.479	537.14575	2165.4875	39.7638	55.0003	32.0457	30.6232	0.00273767	11.1936	54.4998	-26	-0.16362	24.1201	 52
DATA	1745976113	796881914	96161	0	""	2025-04-29	18:21:53	13568.957	488.22415	2132.073	39.765	55.0003	32.0454	30.6232	0.00273937	11.2127	54.4998	52.75	-0.16362	24.1197	 46
DATA	1745976114	796881914	96165	0	""	2025-04-29	18:21:54	13546.302	462.82443	2115.2712	39.7646	55.0003	32.045	30.6232	0.00272965	11.2249	54.4998	-58	-0.16362	24.1201	227
DATA	1745976115	796881914	96169	0	""	2025-04-29	18:21:55	13506.3	455.6662	2111.4055	39.765	55.0003	32.0446	30.6232	0.00272378	11.2302	54.4998	67.5	-0.16362	24.1197	138
DATA	1745976116	796881914	96173	0	""	2025-04-29	18:21:56	13462.527	471.26608	2123.9905	39.7654	55.0003	32.0461	30.6232	0.00272364	11.2277	54.4998	46	-0.16362	24.1209	250
DATA	1745976117	796881914	96177	0	""	2025-04-29	18:21:57	13426.273	498.98126	2143.4353	39.7657	55.0003	32.0473	30.6232	0.00272144	11.2208	54.4998	-33	-0.16362	24.1205	 38
DATA	1745976118	796535968	96181	0	""	2025-04-29	18:21:58	13405.269	513.81848	2151.29	39.7657	55.0003	32.0481	30.6232	0.00271632	11.2124	54.4998	236.75	-0.16362	24.1217	 94
DATA	1745976119	796535968	96185	0	""	2025-04-29	18:21:59	13395.669	508.42227	2146.4143	39.7654	55.0003	32.0524	30.6232	0.00269819	11.2111	54.4998	79.75	-0.16362	24.1213	163
DATA	1745976120	796535968	96189	0	""	2025-04-29	18:22:00	13397.128	494.36957	2136.8477	39.7654	55.0003	32.052	30.6232	0.00269519	11.2148	54.4998	-31.5	-0.16362	24.1209	106
DATA	1745976121	796535968	96193	0	""	2025-04-29	18:22:01	13402.415	481.44034	2128.9421	39.7657	55.0003	32.0504	30.6232	0.00268679	11.2202	54.4998	-59.5	-0.16362	24.1221	115
DATA	1745976122	796535968	96197	0	""	2025-04-29	18:22:02	13407.023	477.53436	2127.3745	39.7661	55.0003	32.0524	30.6232	0.00269532	11.2227	54.4998	-4.25	-0.16362	24.1209	125
DATA	1745976123	796535968	96201	0	""	2025-04-29	18:22:03	13409.941	483.55264	2131.4248	39.7657	55.0003	32.0516	30.6232	0.00270515	11.2232	54.4998	-88.25	-0.16362	24.1213	166
DATA	1745976124	796535968	96205	0	""	2025-04-29	18:22:04	13412.526	492.81024	2137.3894	39.7661	55.0003	32.0512	30.6232	0.00269843	11.2207	54.4998	-52.5	-0.16362	24.1209	121
DATA	1745976125	796535968	96209	0	""	2025-04-29	18:22:05	13412.148	497.84018	2140.2334	39.7673	55.0003	32.0508	30.6232	0.00270093	11.2179	54.4998	-25.75	-0.16362	24.1213	175
DATA	1745976126	796171903	96213	0	""	2025-04-29	18:22:06	13408.36	497.65054	2139.186	39.7669	55.0003	32.0508	30.6234	0.00269873	11.2168	54.4998	4.5	-0.16362	24.1213	196
DATA	1745976127	796171903	96217	0	""	2025-04-29	18:22:07	13406.321	492.784	2136.2212	39.7661	55.0003	32.052	30.6232	0.00268593	11.2172	54.4998	122.75	-0.16362	24.1201	  2
DATA	1745976128	796171903	96221	0	""	2025-04-29	18:22:08	13403.217	487.60794	2133.3386	39.7661	55.0003	32.0539	30.6232	0.00268896	11.2196	54.4998	31.25	-0.16362	24.1213	136
DATA	1745976129	796171903	96225	0	""	2025-04-29	18:22:09	13402.269	486.08847	2132.7983	39.7654	55.0003	32.0555	30.6232	0.00268618	11.2214	54.4998	-54.25	-0.16362	24.1201	184
DATA	1745976130	796171903	96229	0	""	2025-04-29	18:22:10	13400.983	488.00018	2133.842	39.7669	55.0003	32.052	30.6232	0.00269675	11.2215	54.4998	-86	-0.16362	24.1201	164
DATA	1745976131	796171903	96233	0	""	2025-04-29	18:22:11	13400.778	490.84644	2135.823	39.7657	55.0003	32.0492	30.6232	0.00270122	11.2203	54.4998	113.75	-0.16362	24.1201	 95
DATA	1745976132	796171903	96237	0	""	2025-04-29	18:22:12	13400.336	492.66406	2136.9214	39.7654	55.0003	32.0492	30.6232	0.00269265	11.2197	54.4998	-23.75	-0.16362	24.1201	163
DATA	1745976133	795810937	96241	0	""	2025-04-29	18:22:13	13398.545	492.57849	2136.5581	39.7665	55.0003	32.05	30.6232	0.00269895	11.2195	54.4998	54.75	-0.16362	24.1205	 64
DATA	1745976134	795810937	96245	0	""	2025-04-29	18:22:14	13398.752	490.85916	2135.5964	39.7657	55.0003	32.0516	30.6232	0.00269743	11.219	54.4998	65	-0.16362	24.1201	211
DATA	1745976135	795810937	96249	0	""	2025-04-29	18:22:15	13397.47	489.41882	2134.6472	39.7669	55.0003	32.0508	30.6232	0.0026935	11.2196	54.4998	-143.25	-0.16362	24.1225	154
DATA	1745976136	795810937	96253	0	""	2025-04-29	18:22:16	13397.512	488.93091	2134.2566	39.7661	55.0003	32.0481	30.6232	0.00269218	11.2202	54.4998	40.5	-0.16362	24.1213	 75
DATA	1745976137	795810937	96257	0	""	2025-04-29	18:22:17	13396.686	489.03745	2134.6191	39.7657	55.0003	32.0485	30.6232	0.00269155	11.2206	54.4998	26.5	-0.16362	24.1217	109
DATA	1745976138	795810937	96261	0	""	2025-04-29	18:22:18	13394.838	489.96982	2135.0967	39.7669	55.0003	32.0469	30.6232	0.00269372	11.2201	54.4998	24.75	-0.16362	24.1209	179
DATA	1745976139	795810937	96265	0	""	2025-04-29	18:22:19	13395.039	490.5126	2135.5667	39.7669	55.0003	32.0492	30.6232	0.00270101	11.2205	54.4998	58.5	-0.16362	24.1217	 38
DATA	1745976140	795810937	96269	0	""	2025-04-29	18:22:20	13393.341	490.71344	2135.4773	39.7665	55.0003	32.05	30.6232	0.00269603	11.2198	54.4998	7	-0.16362	24.1213	 85
DATA	1745976141	795454025	96273	0	""	2025-04-29	18:22:21	13393.314	490.24658	2135.3726	39.7669	55.0003	32.0512	30.6234	0.00269508	11.2203	54.4998	84.25	-0.16362	24.1213	119
DATA	1745976142	795454025	96277	0	""	2025-04-29	18:22:22	13393.757	489.43381	2134.9224	39.7665	55.0003	32.0508	30.6236	0.00270428	11.2201	54.4998	-71.5	-0.16362	24.1205	122
DATA	1745976143	795454025	96281	0	""	2025-04-29	18:22:23	13392.093	489.39871	2134.7236	39.7661	55.0003	32.0512	30.6234	0.00269792	11.2202	54.4998	70.25	-0.16362	24.1213	126
DATA	1745976144	795454025	96285	0	""	2025-04-29	18:22:24	13392.279	489.50055	2134.812	39.7657	55.0003	32.052	30.6232	0.00269779	11.2208	54.4998	115	-0.16362	24.1201	187
DATA	1745976145	795454025	96289	0	""	2025-04-29	18:22:25	13392.02	489.52692	2134.9158	39.7669	55.0003	32.0504	30.6232	0.002697	11.2205	54.4998	26.75	-0.16362	24.1205	247
DATA	1745976146	795454025	96293	0	""	2025-04-29	18:22:26	13391.648	490.31451	2135.1716	39.7665	55.0003	32.05	30.6232	0.00269176	11.2207	54.4998	63	-0.16362	24.1186	138
DATA	1745976147	795454025	96297	0	""	2025-04-29	18:22:27	13390.77	489.95477	2135.0586	39.7657	55.0003	32.0512	30.6232	0.00269071	11.2208	54.4998	173	-0.16362	24.1201	254
DATA	1745976148	795097112	96301	0	""	2025-04-29	18:22:28	13390.863	489.97852	2135.0527	39.7661	55.0003	32.0524	30.6232	0.00269698	11.2205	54.4998	-26.75	-0.16362	24.1201	189
DATA	1745976149	795097112	96305	0	""	2025-04-29	18:22:29	13389.889	489.42465	2134.8701	39.7677	55.0003	32.0512	30.6232	0.00269842	11.2202	54.4998	-19	-0.16362	24.1197	 56
DATA	1745976150	795097112	96309	0	""	2025-04-29	18:22:30	13389.416	489.07214	2134.7153	39.7661	55.0003	32.05	30.6234	0.00269715	11.2204	54.4998	81.5	-0.16362	24.1209	223
DATA	1745976151	795097112	96313	0	""	2025-04-29	18:22:31	13389.524	489.26486	2134.8267	39.7654	55.0003	32.0504	30.6236	0.00268971	11.2205	54.4998	-9.75	-0.16362	24.1205	139
DATA	1745976152	795097112	96317	0	""	2025-04-29	18:22:32	13389.622	489.38773	2134.8259	39.7661	55.0003	32.0489	30.6234	0.00269508	11.2205	54.4998	12.5	-0.16362	24.1221	 92
DATA	1745976153	795097112	96321	0	""	2025-04-29	18:22:33	13387.936	489.5921	2134.8813	39.7654	55.0003	32.0485	30.6232	0.00270281	11.2209	54.4998	38	-0.16362	24.1213	188
DATA	1745976154	795097112	96325	0	""	2025-04-29	18:22:34	13387.54	489.34323	2134.8298	39.7665	55.0003	32.0512	30.6232	0.00269689	11.2203	54.4998	68.25	-0.16362	24.1209	 98
DATA	1745976155	795097112	96329	0	""	2025-04-29	18:22:35	13387.622	489.70071	2134.7915	39.7661	55.0003	32.0504	30.6232	0.00269659	11.2202	54.4998	-65.25	-0.16362	24.1213	178
DATA	1745976156	794743061	96333	0	""	2025-04-29	18:22:36	13387.7	489.52188	2134.8352	39.7665	55.0003	32.052	30.6232	0.00269422	11.2207	54.4998	42	-0.16362	24.1205	 86
DATA	1745976157	794743061	96337	0	""	2025-04-29	18:22:37	13386.581	489.4075	2134.7512	39.7665	55.0003	32.0512	30.6234	0.00269557	11.2207	54.4998	-49.5	-0.16362	24.1221	 88
DATA	1745976158	794743061	96341	0	""	2025-04-29	18:22:38	13386.257	489.09412	2134.5532	39.7669	55.0003	32.0504	30.6232	0.0026967	11.2206	54.4998	-53	-0.16362	24.1213	236
DATA	1745976159	794743061	96345	0	""	2025-04-29	18:22:39	13387.124	489.21542	2134.7056	39.7669	55.0003	32.05	30.6234	0.00269822	11.2209	54.4998	13	-0.16362	24.1217	144
DATA	1745976160	794743061	96349	0	""	2025-04-29	18:22:40	13385.904	489.27994	2134.7063	39.7661	55.0003	32.05	30.6234	0.00269456	11.2203	54.4998	26.75	-0.16362	24.1201	 35
DATA	1745976161	794743061	96353	0	""	2025-04-29	18:22:41	13385.558	489.69595	2134.6179	39.7657	55.0003	32.052	30.6232	0.00269672	11.2209	54.4998	-0.5	-0.16362	24.1205	 44
DATA	1745976162	794743061	96357	0	""	2025-04-29	18:22:42	13385.042	489.18658	2134.6118	39.7661	55.0003	32.05	30.6232	0.00268803	11.221	54.4998	-7.75	-0.16362	24.1201	223
DATA	1745976163	794384956	96361	0	""	2025-04-29	18:22:43	13385.27	489.09656	2134.6499	39.7657	55.0003	32.05	30.6232	0.0026889	11.2208	54.4998	93.75	-0.16362	24.1205	229
DATA	1745976164	794384956	96365	0	""	2025-04-29	18:22:44	13384.853	489.16156	2134.5535	39.7665	55.0003	32.0512	30.6232	0.00269022	11.2216	54.4998	-20	-0.16362	24.1197	 40
DATA	1745976165	794384956	96369	0	""	2025-04-29	18:22:45	13384.939	488.82922	2134.6147	39.7661	55.0003	32.0492	30.6232	0.0026878	11.2211	54.4998	-38.75	-0.16362	24.1197	177
DATA	1745976166	794384956	96373	0	""	2025-04-29	18:22:46	13384.417	489.07214	2134.6519	39.7665	55.0003	32.0512	30.6234	0.00269468	11.2211	54.4998	24	-0.16362	24.1205	253
DATA	1745976167	794384956	96377	0	""	2025-04-29	18:22:47	13385.035	488.89798	2134.4365	39.7657	55.0003	32.0512	30.6236	0.00269334	11.2216	54.4998	-61.25	-0.16362	24.1201	214
DATA	1745976168	794384956	96381	0	""	2025-04-29	18:22:48	13384.783	488.91263	2134.6125	39.7665	55.0003	32.052	30.6236	0.00268957	11.2214	54.4998	13.5	-0.16362	24.1209	 64
DATA	1745976169	794384956	96385	0	""	2025-04-29	18:22:49	13384.389	488.65726	2134.5081	39.7673	55.0003	32.0508	30.6234	0.00269692	11.2208	54.4998	72	-0.16362	24.1217	 33
DATA	1745976170	794384956	96389	0	""	2025-04-29	18:22:50	13383.125	489.23889	2134.4482	39.7657	55.0003	32.052	30.6232	0.00268969	11.2212	54.4998	-18.25	-0.16362	24.1217	158
DATA	1745976171	794027090	96393	0	""	2025-04-29	18:22:51	13382.824	489.06259	2134.4553	39.7669	55.0003	32.0527	30.6232	0.00268504	11.221	54.4998	36	-0.16362	24.1209	190
DATA	1745976172	794027090	96397	0	""	2025-04-29	18:22:52	13384.185	489.48846	2134.5388	39.7661	55.0003	32.0527	30.6232	0.00268638	11.2209	54.4998	0.5	-0.16362	24.1217	 54
DATA	1745976173	794027090	96401	0	""	2025-04-29	18:22:53	13383.784	488.9068	2134.5608	39.7661	55.0003	32.052	30.6232	0.00268745	11.2212	54.4998	-44	-0.16362	24.1217	181
DATA	1745976174	794027090	96405	0	""	2025-04-29	18:22:54	13383.304	488.78226	2134.5129	39.7657	55.0003	32.052	30.6234	0.00268704	11.2211	54.4998	-11.5	-0.16362	24.1217	 61
DATA	1745976175	794027090	96409	0	""	2025-04-29	18:22:55	13383.082	488.89282	2134.3691	39.7665	55.0003	32.0516	30.6236	0.00269345	11.2217	54.4998	-47.5	-0.16362	24.1213	143
DATA	1745976176	794027090	96413	0	""	2025-04-29	18:22:56	13383.494	488.74438	2134.4072	39.7661	55.0003	32.0516	30.6234	0.00269203	11.2213	54.4998	-11.75	-0.16362	24.1201	164
DATA	1745976177	794027090	96417	0	""	2025-04-29	18:22:57	13383.62	488.85165	2134.3491	39.7661	55.0003	32.0516	30.6234	0.0026971	11.2219	54.4998	28.5	-0.16362	24.1205	245
DATA	1745976178	793665885	96421	0	""	2025-04-29	18:22:58	13382.667	489.4693	2134.3213	39.7665	55.0003	32.0512	30.6232	0.00268814	11.2211	54.4998	-31.5	-0.16362	24.1201	 82
DATA	1745976179	793665885	96425	0	""	2025-04-29	18:22:59	13382.74	488.96423	2134.3008	39.7665	55.0003	32.0508	30.6232	0.00269113	11.2212	54.4998	138.5	-0.16362	24.1205	 97
DATA	1745976180	793665885	96429	0	""	2025-04-29	18:23:00	13382.51	488.85318	2134.4272	39.7665	55.0003	32.0543	30.6232	0.00268347	11.2215	54.4998	-98.25	-0.16362	24.1201	138
DATA	1745976181	793665885	96433	0	""	2025-04-29	18:23:01	13382.601	489.35373	2134.1531	39.7665	55.0003	32.0504	30.6232	0.00269361	11.2213	54.4998	57	-0.16362	24.1205	229
DATA	1745976182	793665885	96437	0	""	2025-04-29	18:23:02	13382.335	488.61456	2134.3584	39.7661	55.0003	32.0535	30.6232	0.00268778	11.2217	54.4998	50.5	-0.16362	24.1205	100
DATA	1745976183	793665885	96441	0	""	2025-04-29	18:23:03	13382.563	488.74854	2134.4326	39.7657	55.0003	32.0531	30.6234	0.00268981	11.2217	54.4998	-24.5	-0.16362	24.1201	142
DATA	1745976184	793665885	96445	0	""	2025-04-29	18:23:04	13382.266	488.72763	2134.259	39.7669	55.0003	32.0539	30.6234	0.00269066	11.2216	54.4998	-16	-0.16362	24.1209	 13
DATA	1745976185	793665885	96449	0	""	2025-04-29	18:23:05	13382.622	488.76193	2134.2637	39.7657	55.0003	32.0527	30.6236	0.00268675	11.222	54.4998	107.25	-0.16362	24.1201	159
DATA	1745976186	793318033	96453	0	""	2025-04-29	18:23:06	13381.566	488.41846	2134.3145	39.7657	55.0003	32.0543	30.6232	0.00269781	11.2219	54.4998	-64.75	-0.16362	24.1225	193
DATA	1745976187	793318033	96457	0	""	2025-04-29	18:23:07	13381.473	488.4061	2134.2109	39.7657	55.0003	32.0512	30.6232	0.0026913	11.2224	54.4998	-36.25	-0.16362	24.1217	 62
DATA	1745976188	793318033	96461	0	""	2025-04-29	18:23:08	13380.66	488.33661	2134.2683	39.7657	55.0003	32.052	30.6232	0.00269017	11.2214	54.4998	21	-0.16362	24.1217	129
DATA	1745976189	793318033	96465	0	""	2025-04-29	18:23:09	13381.236	488.62292	2134.4099	39.7665	55.0003	32.0508	30.6232	0.0026862	11.2218	54.4998	22.25	-0.16362	24.1217	 90
DATA	1745976190	793318033	96469	0	""	2025-04-29	18:23:10	13381.337	488.62003	2134.1404	39.7669	55.0003	32.052	30.6232	0.00269138	11.2216	54.4998	72.75	-0.16362	24.1213	 64
DATA	1745976191	793318033	96473	0	""	2025-04-29	18:23:11	13380.912	488.36731	2134.0327	39.7661	55.0003	32.0531	30.6232	0.00269012	11.2213	54.4998	-91.25	-0.16362	24.1217	146
DATA	1745976192	793318033	96477	0	""	2025-04-29	18:23:12	13380.823	488.23358	2134.0374	39.7657	55.0003	32.0535	30.6232	0.00268538	11.2219	54.4998	125.5	-0.16362	24.1217	134
DATA	1745976193	792962074	96481	0	""	2025-04-29	18:23:13	13380.303	488.40714	2134.1389	39.7665	55.0003	32.0543	30.6236	0.00268641	11.2214	54.4998	55	-0.16362	24.1217	238
DATA	1745976194	792962074	96485	0	""	2025-04-29	18:23:14	13380.917	488.69208	2133.9387	39.7665	55.0003	32.0535	30.6234	0.0026905	11.2216	54.4998	-115.25	-0.16362	24.1213	196
DATA	1745976195	792962074	96489	0	""	2025-04-29	18:23:15	13381.201	488.38947	2134.1851	39.7665	55.0003	32.052	30.6232	0.00268954	11.2217	54.4998	9	-0.16362	24.1201	154
DATA	1745976196	792962074	96493	0	""	2025-04-29	18:23:16	13380.742	487.97531	2133.98	39.7661	55.0003	32.0516	30.6232	0.00269557	11.2218	54.4998	49.25	-0.16362	24.1205	 57
DATA	1745976197	792962074	96497	0	""	2025-04-29	18:23:17	13380.656	488.35342	2134.1072	39.7665	55.0003	32.0516	30.6232	0.00268707	11.2215	54.4998	9.25	-0.16362	24.1205	 95
DATA	1745976198	792962074	96501	0	""	2025-04-29	18:23:18	13381.5	488.07559	2134.0217	39.7661	55.0003	32.0508	30.6232	0.00268926	11.2219	54.4998	53.5	-0.16362	24.1205	242
DATA	1745976199	792962074	96505	0	""	2025-04-29	18:23:19	13380.495	488.38895	2134.1887	39.7665	55.0003	32.0527	30.6232	0.00268655	11.2222	54.4998	-3.75	-0.16362	24.1205	166
DATA	1745976200	792962074	96509	0	""	2025-04-29	18:23:20	13380.849	488.37244	2134.1184	39.7669	55.0003	32.05	30.6234	0.00269135	11.2222	54.4998	28	-0.16362	24.1209	136
DATA	1745976201	792602062	96513	0	""	2025-04-29	18:23:21	13380.556	487.88126	2133.8367	39.7673	55.0003	32.0524	30.6236	0.00269134	11.2218	54.4998	23	-0.16362	24.1205	223
DATA	1745976202	792602062	96517	0	""	2025-04-29	18:23:22	13381.319	488.35089	2133.7896	39.7661	55.0003	32.0524	30.6236	0.00269234	11.2221	54.4998	-15.25	-0.16362	24.1213	164
DATA	1745976203	792602062	96521	0	""	2025-04-29	18:23:23	13380.209	488.42407	2133.8335	39.7665	55.0003	32.0512	30.6232	0.00268992	11.2217	54.4998	23.5	-0.16362	24.1213	 55
DATA	1745976204	792602062	96525	0	""	2025-04-29	18:23:24	13380.845	488.02954	2133.9922	39.7673	55.0003	32.0539	30.6232	0.00268928	11.2219	54.4998	94	-0.16362	24.1217	251
DATA	1745976205	792602062	96529	0	""	2025-04-29	18:23:25	13380.344	488.0278	2133.8413	39.7665	55.0003	32.0535	30.6232	0.00269373	11.222	54.4998	12	-0.16362	24.1217	120
DATA	1745976206	792602062	96533	0	""	2025-04-29	18:23:26	13380.661	487.94067	2133.9475	39.7665	55.0003	32.0512	30.6232	0.00269279	11.2228	54.4998	-61	-0.16362	24.1201	 26
DATA	1745976207	792602062	96537	0	""	2025-04-29	18:23:27	13380.789	487.79327	2133.8013	39.7665	55.0003	32.05	30.6232	0.00269719	11.222	54.4998	31	-0.16362	24.1213	 87
DATA	1745976208	792243003	96541	0	""	2025-04-29	18:23:28	13380.57	487.75449	2133.823	39.7654	55.0003	32.052	30.6232	0.00269253	11.222	54.4998	110.75	-0.16362	24.1213	215
DATA	1745976209	792243003	96545	0	""	2025-04-29	18:23:29	13380.287	488.0976	2133.7368	39.7661	55.0003	32.0516	30.6234	0.00269196	11.2221	54.4998	-16.25	-0.16362	24.1217	132
DATA	1745976210	792243003	96549	0	""	2025-04-29	18:23:30	13381.12	487.71564	2133.8203	39.7657	55.0003	32.0535	30.6236	0.00268618	11.2222	54.4998	24	-0.16362	24.1209	165
DATA	1745976211	792243003	96553	0	""	2025-04-29	18:23:31	13380.649	487.59326	2133.6819	39.7654	55.0003	32.052	30.6232	0.00269846	11.2221	54.4998	-61	-0.16362	24.1205	222
DATA	1745976212	792243003	96557	0	""	2025-04-29	18:23:32	13380.665	487.5332	2133.5879	39.7661	55.0003	32.0516	30.6232	0.00269556	11.2218	54.4998	98.75	-0.16362	24.1205	 89
DATA	1745976213	792243003	96561	0	""	2025-04-29	18:23:33	13381.371	487.62186	2133.5601	39.7657	55.0003	32.0516	30.6232	0.00269229	11.2223	54.4998	-1.25	-0.16362	24.1205	 96
DATA	1745976214	792243003	96565	0	""	2025-04-29	18:23:34	13380.41	487.61707	2133.6372	39.7657	55.0003	32.0504	30.6232	0.00268924	11.2226	54.4998	22.5	-0.16362	24.1209	 12
DATA	1745976215	792243003	96569	0	""	2025-04-29	18:23:35	13380.853	487.52698	2133.5237	39.7665	55.0003	32.0539	30.6232	0.00268831	11.2216	54.4998	-53	-0.16362	24.1205	 34
DATA	1745976216	791891098	96573	0	""	2025-04-29	18:23:36	13380.979	487.87231	2133.6624	39.7669	55.0003	32.0527	30.6232	0.0026932	11.2221	54.4998	15.5	-0.16362	24.1209	 53
DATA	1745976217	791891098	96577	0	""	2025-04-29	18:23:37	13380.754	487.19397	2133.5969	39.7673	55.0003	32.0527	30.6234	0.00269204	11.2226	54.4998	19	-0.16362	24.1197	 31
DATA	1745976218	791891098	96581	0	""	2025-04-29	18:23:38	13380.486	488.01871	2133.5288	39.7669	55.0003	32.052	30.6236	0.00268923	11.2226	54.4998	-20.75	-0.16362	24.1209	157
DATA	1745976219	791891098	96585	0	""	2025-04-29	18:23:39	13380.954	487.10245	2133.5896	39.7669	55.0003	32.0524	30.6236	0.00268882	11.2235	54.4998	-5.5	-0.16362	24.1205	114
DATA	1745976220	791891098	96589	0	""	2025-04-29	18:23:40	13380.641	487.4834	2133.5613	39.7669	55.0003	32.0516	30.6232	0.00269057	11.222	54.4998	2.25	-0.16362	24.1213	236
DATA	1745976221	791891098	96593	0	""	2025-04-29	18:23:41	13380.863	487.41577	2133.5325	39.7661	55.0003	32.0512	30.6232	0.00268847	11.2223	54.4998	30.75	-0.16362	24.1213	135
DATA	1745976222	791891098	96597	0	""	2025-04-29	18:23:42	13380.392	487.26404	2133.6362	39.7654	55.0003	32.0531	30.6232	0.00269042	11.2223	54.4998	80.5	-0.16362	24.1209	 78
DATA	1745976223	791538953	96601	0	""	2025-04-29	18:23:43	13380.701	487.26953	2133.5239	39.7661	55.0003	32.0527	30.6232	0.00269279	11.2225	54.4998	-20.25	-0.16362	24.1209	175
DATA	1745976224	791538953	96605	0	""	2025-04-29	18:23:44	13380.79	487.31107	2133.3926	39.7661	55.0003	32.0527	30.6232	0.00268922	11.2219	54.4998	-4.5	-0.16362	24.1217	 29
DATA	1745976225	791538953	96609	0	""	2025-04-29	18:23:45	13380.639	487.5213	2133.3169	39.7661	55.0003	32.0527	30.6232	0.00268652	11.2224	54.4998	-33.5	-0.16362	24.1217	 81
DATA	1745976226	791538953	96613	0	""	2025-04-29	18:23:46	13381.06	487.4837	2133.4602	39.7661	55.0003	32.0508	30.6232	0.00268903	11.2229	54.4998	73	-0.16362	24.1213	138
DATA	1745976227	791538953	96617	0	""	2025-04-29	18:23:47	13381.219	487.27036	2133.459	39.7646	55.0003	32.0539	30.6234	0.00268986	11.2223	54.4998	87	-0.16362	24.1217	223
DATA	1745976228	791538953	96621	0	""	2025-04-29	18:23:48	13380.12	487.24951	2133.4238	39.7665	55.0003	32.0543	30.6234	0.00268712	11.2229	54.4998	-25.25	-0.16362	24.1213	127
DATA	1745976229	791538953	96625	0	""	2025-04-29	18:23:49	13380.332	487.03131	2133.261	39.7665	55.0003	32.0527	30.6232	0.0026871	11.2231	54.4998	135	-0.16362	24.1205	173
DATA	1745976230	791538953	96629	0	""	2025-04-29	18:23:50	13380.761	487.04984	2133.4756	39.7661	55.0003	32.0539	30.6232	0.00268989	11.2224	54.4998	37.75	-0.16362	24.1205	163
DATA	1745976231	791177988	96633	0	""	2025-04-29	18:23:51	13381.673	487.07779	2133.387	39.7657	55.0003	32.0555	30.6232	0.00268863	11.2229	54.4998	-97.5	-0.16362	24.1205	118
DATA	1745976232	791177988	96637	0	""	2025-04-29	18:23:52	13380.407	487.03442	2133.2603	39.7661	55.0003	32.0527	30.6232	0.00269098	11.2226	54.4998	18.25	-0.16362	24.1201	128
DATA	1745976233	791177988	96641	0	""	2025-04-29	18:23:53	13381.097	487.26825	2133.2688	39.7665	55.0003	32.0527	30.6232	0.0026893	11.2228	54.4998	-35.25	-0.16362	24.1201	150
DATA	1745976234	791177988	96645	0	""	2025-04-29	18:23:54	13381.177	487.11172	2133.2507	39.7665	55.0003	32.0516	30.6232	0.00268937	11.2225	54.4998	52.5	-0.16362	24.1197	102
DATA	1745976235	791177988	96649	0	""	2025-04-29	18:23:55	13381.674	486.88602	2133.3806	39.7661	55.0003	32.0524	30.6232	0.0026906	11.2222	54.4998	-19	-0.16362	24.1205	251
DATA	1745976236	791177988	96653	0	""	2025-04-29	18:23:56	13380.927	486.93918	2133.1943	39.7669	55.0003	32.0531	30.6234	0.00269374	11.2223	54.4998	53.5	-0.16362	24.1209	119
DATA	1745976237	791177988	96657	0	""	2025-04-29	18:23:57	13381.143	486.61111	2133.1443	39.7661	55.0003	32.0539	30.6232	0.00268954	11.2225	54.4998	-53.25	-0.16362	24.1209	189
DATA	1745976238	790823936	96661	0	""	2025-04-29	18:23:58	13381.542	486.88617	2133.2505	39.7661	55.0003	32.0535	30.6232	0.00269633	11.2231	54.4998	-14.75	-0.16362	24.1213	184
DATA	1745976239	790823936	96665	0	""	2025-04-29	18:23:59	13381.878	486.09506	2133.3142	39.7661	55.0003	32.0531	30.6232	0.00269625	11.223	54.4998	0.5	-0.16362	24.1213	241
DATA	1745976240	790823936	96669	0	""	2025-04-29	18:24:00	13381.104	487.14529	2133.2185	39.7661	55.0003	32.0524	30.6232	0.00268852	11.2229	54.5	-6.5	-0.16362	24.1209	160
DATA	1745976241	790823936	96673	0	""	2025-04-29	18:24:01	13380.824	487.09579	2133.1846	39.7665	55.0003	32.0531	30.6234	0.0026865	11.2226	54.4998	29.5	-0.16362	24.1217	 46
DATA	1745976242	790823936	96677	0	""	2025-04-29	18:24:02	13381.643	486.70767	2133.2139	39.7661	55.0003	32.0547	30.6232	0.00269153	11.223	54.4998	43.25	-0.16362	24.1205	 82
DATA	1745976243	790823936	96681	0	""	2025-04-29	18:24:03	13380.747	486.3967	2133.0283	39.7661	55.0003	32.0543	30.6232	0.00268681	11.2234	54.4998	-71.25	-0.16362	24.1213	129
DATA	1745976244	790823936	96685	0	""	2025-04-29	18:24:04	13381.232	486.32822	2133.0723	39.7661	55.0003	32.0504	30.6232	0.00269644	11.2227	54.5	-14.25	-0.16362	24.1209	252
DATA	1745976245	790823936	96689	0	""	2025-04-29	18:24:05	13380.647	486.81412	2133.2205	39.7669	55.0003	32.0512	30.6232	0.00268916	11.2229	54.4998	221	-0.16362	24.1205	 36
DATA	1745976246	790466070	96693	0	""	2025-04-29	18:24:06	13380.812	486.18512	2133.011	39.7665	55.0003	32.0531	30.6232	0.00268709	11.2227	54.5002	-82.75	-0.16362	24.1209	 97
DATA	1745976247	790466070	96697	0	""	2025-04-29	18:24:07	13381.381	486.76944	2133.2205	39.7657	55.0003	32.0516	30.6232	0.00268961	11.2227	54.4998	-3.25	-0.16362	24.1197	146
DATA	1745976248	790466070	96701	0	""	2025-04-29	18:24:08	13381.813	486.37112	2133.0112	39.7661	55.0003	32.0551	30.6232	0.00269154	11.2229	54.5002	95.5	-0.16362	24.1209	 39
DATA	1745976249	790466070	96705	0	""	2025-04-29	18:24:09	13380.872	486.82526	2133.1262	39.7657	55.0003	32.0547	30.6232	0.00269024	11.2231	54.5004	-55.25	-0.16362	24.1197	163
DATA	1745976250	790466070	96709	0	""	2025-04-29	18:24:10	13380.975	486.10776	2133.0459	39.7669	55.0003	32.0535	30.6232	0.00268713	11.2229	54.5002	102.5	-0.16362	24.1201	101
DATA	1745976251	790466070	96713	0	""	2025-04-29	18:24:11	13381.803	486.14752	2132.9055	39.7661	55.0003	32.0524	30.6234	0.00269235	11.2228	54.5005	-99.5	-0.16362	24.1205	 97
DATA	1745976252	790466070	96717	0	""	2025-04-29	18:24:12	13381.09	486.3042	2133.0425	39.7669	55.0003	32.05	30.6232	0.00269305	11.2234	54.5005	76	-0.16362	24.1205	250
DATA	1745976253	790112018	96721	0	""	2025-04-29	18:24:13	13381.065	486.61255	2132.9541	39.7669	55.0003	32.0531	30.6232	0.00269131	11.2225	54.5005	72	-0.16362	24.1201	185
DATA	1745976254	790112018	96725	0	""	2025-04-29	18:24:14	13381.3	486.26877	2133.02	39.7669	55.0003	32.0531	30.6232	0.00269124	11.2229	54.5005	26	-0.16362	24.1213	250
DATA	1745976255	790112018	96729	0	""	2025-04-29	18:24:15	13380.975	486.13632	2132.9258	39.7665	55.0003	32.0555	30.6232	0.00268927	11.223	54.5005	-40	-0.16362	24.1217	216
DATA	1745976256	790112018	96733	0	""	2025-04-29	18:24:16	13381.012	486.10254	2132.9685	39.7665	55.0003	32.0562	30.6232	0.00269027	11.2227	54.5005	-121.75	-0.16362	24.1213	183
DATA	1745976257	790112018	96737	0	""	2025-04-29	18:24:17	13381.969	486.17279	2132.7244	39.7661	55.0003	32.0535	30.6232	0.00268804	11.223	54.5005	48.75	-0.16362	24.1213	 72
DATA	1745976258	790112018	96741	0	""	2025-04-29	18:24:18	13383.115	485.66098	2132.948	39.7665	55.0003	32.0512	30.6232	0.00269513	11.2225	54.5005	36.5	-0.16362	24.1209	  8
DATA	1745976259	790112018	96745	0	""	2025-04-29	18:24:19	13381.591	486.58203	2132.7634	39.7661	55.0003	32.0527	30.6232	0.00268637	11.2231	54.5005	62.25	-0.16362	24.1221	105
DATA	1745976260	790112018	96749	0	""	2025-04-29	18:24:20	13381.101	485.76495	2132.9312	39.7661	55.0003	32.0527	30.6232	0.00269388	11.2225	54.5005	-17.75	-0.16362	24.1213	145
DATA	1745976261	789755105	96753	0	""	2025-04-29	18:24:21	13381.895	485.92896	2132.7776	39.7657	55.0003	32.0527	30.6232	0.00269376	11.2225	54.5005	13.5	-0.16362	24.1217	 97
DATA	1745976262	789755105	96757	0	""	2025-04-29	18:24:22	13382.101	486.36615	2132.884	39.7669	55.0003	32.0527	30.6232	0.0026894	11.2229	54.5005	-28	-0.16362	24.1205	177
DATA	1745976263	789755105	96761	0	""	2025-04-29	18:24:23	13383.07	486.20874	2132.8982	39.765	55.0003	32.0527	30.6232	0.00268648	11.2227	54.5005	12.5	-0.16362	24.1205	227
DATA	1745976264	789755105	96765	0	""	2025-04-29	18:24:24	13382.411	485.87189	2132.8003	39.7661	55.0003	32.0531	30.6232	0.00268685	11.2227	54.5005	143.25	-0.16362	24.1205	167
DATA	1745976265	789755105	96769	0	""	2025-04-29	18:24:25	13382.548	485.8952	2132.7944	39.7665	55.0003	32.0555	30.6232	0.00268618	11.2229	54.5005	-87.25	-0.16362	24.1197	162
DATA	1745976266	789755105	96773	0	""	2025-04-29	18:24:26	13382.349	485.64352	2132.6809	39.7657	55.0003	32.0531	30.6232	0.00268662	11.2233	54.5005	63.75	-0.16362	24.1205	134
DATA	1745976267	789755105	96777	0	""	2025-04-29	18:24:27	13381.458	485.98444	2132.7505	39.7673	55.0003	32.0555	30.6232	0.00268722	11.223	54.5005	102.75	-0.16362	24.1182	139
DATA	1745976268	789390087	96781	0	""	2025-04-29	18:24:28	13383.231	485.46359	2132.7075	39.7661	55.0003	32.057	30.6232	0.00269161	11.223	54.5005	27	-0.16362	24.1201	127
DATA	1745976269	789390087	96785	0	""	2025-04-29	18:24:29	13382.82	485.78894	2132.5991	39.7665	55.0003	32.0543	30.6232	0.00268954	11.2238	54.5005	3	-0.16362	24.1205	169
DATA	1745976270	789390087	96789	0	""	2025-04-29	18:24:30	13382.536	485.81186	2132.7395	39.7665	55.0003	32.0539	30.6232	0.00268871	11.2234	54.5005	-50.5	-0.16362	24.1201	130
DATA	1745976271	789390087	96793	0	""	2025-04-29	18:24:31	13383.022	485.65741	2132.6243	39.7673	55.0003	32.0527	30.6232	0.00269383	11.2236	54.5005	18	-0.16362	24.1217	228
DATA	1745976272	789390087	96797	0	""	2025-04-29	18:24:32	13383.258	486.00494	2132.551	39.7661	55.0003	32.0531	30.6232	0.00269067	11.2231	54.5005	72.5	-0.16362	24.1213	 13
DATA	1745976273	789390087	96801	0	""	2025-04-29	18:24:33	13383.879	485.51901	2132.6426	39.7657	55.0003	32.0524	30.6232	0.00268964	11.2232	54.5005	126.25	-0.16362	24.1209	179
DATA	1745976274	789390087	96805	0	""	2025-04-29	18:24:34	13383.319	485.53101	2132.6648	39.7657	55.0003	32.0543	30.6232	0.00269484	11.2235	54.5005	-47.25	-0.16362	24.1213	170
DATA	1745976275	789390087	96809	0	""	2025-04-29	18:24:35	13383.668	485.52145	2132.6299	39.7665	55.0003	32.0547	30.6232	0.00269747	11.2229	54.5005	-27.25	-0.16362	24.1217	202
DATA	1745976276	789045095	96813	0	""	2025-04-29	18:24:36	13383.854	485.58899	2132.5632	39.7665	55.0003	32.0535	30.6232	0.00268745	11.2231	54.5005	127.25	-0.16362	24.1213	191
DATA	1745976277	789045095	96817	0	""	2025-04-29	18:24:37	13383.442	485.97403	2132.592	39.7661	55.0003	32.0531	30.6232	0.00268425	11.2232	54.5005	-3.25	-0.16362	24.1217	 60
DATA	1745976278	789045095	96821	0	""	2025-04-29	18:24:38	13383.88	485.97174	2132.4963	39.7661	55.0003	32.0539	30.6232	0.00269231	11.2232	54.5005	31.25	-0.16362	24.1213	 78
DATA	1745976279	789045095	96825	0	""	2025-04-29	18:24:39	13385.263	485.50363	2132.5251	39.7665	55.0003	32.0535	30.6232	0.00268893	11.2237	54.5005	30	-0.16362	24.1197	244
DATA	1745976280	789045095	96829	0	""	2025-04-29	18:24:40	13385.103	485.23187	2132.5464	39.7654	55.0003	32.0547	30.6232	0.00268851	11.2235	54.5005	-37.5	-0.16362	24.1205	113
DATA	1745976281	789045095	96833	0	""	2025-04-29	18:24:41	13384.55	485.5961	2132.4856	39.7661	55.0003	32.0539	30.6232	0.00268387	11.2238	54.5005	-40.25	-0.16362	24.1201	 69
DATA	1745976282	789045095	96837	0	""	2025-04-29	18:24:42	13385.465	485.27588	2132.4768	39.7661	55.0003	32.0531	30.6232	0.00269049	11.2234	54.5005	-77	-0.16362	24.1197	 47
DATA	1745976283	788690090	96841	0	""	2025-04-29	18:24:43	13384.932	485.58295	2132.5149	39.7657	55.0003	32.0531	30.6232	0.00268809	11.2234	54.5005	-11.25	-0.16362	24.1201	166
DATA	1745976284	788690090	96845	0	""	2025-04-29	18:24:44	13384.854	485.17181	2132.3904	39.7661	55.0003	32.0527	30.6232	0.00269278	11.2236	54.5005	16.75	-0.16362	24.1201	129
DATA	1745976285	788690090	96849	0	""	2025-04-29	18:24:45	13385.029	485.55051	2132.4429	39.7669	55.0003	32.0539	30.6232	0.00268472	11.2231	54.5005	38	-0.16362	24.1209	246
DATA	1745976286	788690090	96853	0	""	2025-04-29	18:24:46	13384.845	485.09433	2132.3008	39.7657	55.0003	32.0543	30.6232	0.00269265	11.2235	54.5005	-0.25	-0.16362	24.1205	115
DATA	1745976287	788690090	96857	0	""	2025-04-29	18:24:47	13386.229	485.49814	2132.3247	39.7665	55.0003	32.0535	30.6234	0.00269255	11.2231	54.5005	-4	-0.16362	24.1221	237
DATA	1745976288	788690090	96861	0	""	2025-04-29	18:24:48	13385.978	485.49432	2132.4773	39.7665	55.0003	32.0527	30.6232	0.00269315	11.2234	54.5005	41.5	-0.16362	24.1217	 96
DATA	1745976289	788690090	96865	0	""	2025-04-29	18:24:49	13386.125	485.28583	2132.2937	39.7661	55.0003	32.0531	30.6232	0.00268371	11.223	54.5005	11.5	-0.16362	24.1213	 24
DATA	1745976290	788690090	96869	0	""	2025-04-29	18:24:50	13386.648	485.1748	2132.3469	39.7669	55.0003	32.0547	30.6232	0.00268667	11.2234	54.5005	-19	-0.16362	24.1217	  2
DATA	1745976291	788331031	96873	0	""	2025-04-29	18:24:51	13386.478	485.25897	2132.2717	39.7665	55.0003	32.0524	30.6232	0.0026834	11.2233	54.5005	-67.25	-0.16362	24.1213	119
DATA	1745976292	788331031	96877	0	""	2025-04-29	18:24:52	13386.25	484.78668	2132.3054	39.7665	55.0003	32.0524	30.6232	0.0026823	11.2236	54.5005	48	-0.16362	24.1209	130
DATA	1745976293	788331031	96881	0	""	2025-04-29	18:24:53	13387.1	485.25421	2132.1484	39.7661	55.0003	32.0524	30.6232	0.00268285	11.2233	54.5005	-8.25	-0.16362	24.1209	252
DATA	1745976294	788331031	96885	0	""	2025-04-29	18:24:54	13386.971	484.71075	2132.1187	39.7665	55.0003	32.0516	30.6232	0.00268873	11.2236	54.5005	-18.75	-0.16362	24.1189	190
DATA	1745976295	788331031	96889	0	""	2025-04-29	18:24:55	13387.25	484.86093	2132.3027	39.7657	55.0003	32.0535	30.6232	0.00268572	11.224	54.5005	165.5	-0.16362	24.1213	 24
DATA	1745976296	788331031	96893	0	""	2025-04-29	18:24:56	13386.166	484.99478	2132.3203	39.7669	55.0003	32.0562	30.6232	0.00268358	11.2236	54.5005	96.25	-0.16362	24.1209	149
DATA	1745976297	788331031	96897	0	""	2025-04-29	18:24:57	13386.753	484.96936	2132.1919	39.7665	55.0003	32.0543	30.6232	0.00269234	11.2239	54.5005	-55.25	-0.16362	24.1205	193
DATA	1745976298	787966012	96901	0	""	2025-04-29	18:24:58	13387.131	485.07877	2132.04	39.7661	55.0003	32.0547	30.6232	0.00268685	11.2239	54.5005	5	-0.16362	24.1205	 87
DATA	1745976299	787966012	96905	0	""	2025-04-29	18:24:59	13387.367	485.24768	2132.0977	39.7665	55.0003	32.0543	30.6232	0.0026825	11.2236	54.5005	-5.75	-0.16362	24.1205	 97
DATA	1745976300	787966012	96909	0	""	2025-04-29	18:25:00	13388.173	485.30032	2132.1604	39.7654	55.0003	32.0555	30.6232	0.00268733	11.2237	54.5005	13.25	-0.16362	24.1205	 89
DATA	1745976301	787966012	96913	0	""	2025-04-29	18:25:01	13387.884	485.60483	2132.2161	39.7665	55.0003	32.0539	30.6232	0.00268376	11.2238	54.5005	-92.5	-0.16362	24.1201	112
DATA	1745976302	787966012	96917	0	""	2025-04-29	18:25:02	13387.738	485.02136	2132.0122	39.7661	55.0003	32.052	30.6232	0.00268618	11.224	54.5005	116.75	-0.16362	24.1205	 43
DATA	1745976303	787966012	96921	0	""	2025-04-29	18:25:03	13387.856	485.07758	2132.1245	39.7657	55.0003	32.0535	30.6232	0.00268227	11.224	54.5005	35	-0.16362	24.1205	172
DATA	1745976304	787966012	96925	0	""	2025-04-29	18:25:04	13387.323	485.15775	2132.0723	39.7669	55.0003	32.0527	30.6232	0.00269003	11.2237	54.5005	34.5	-0.16362	24.1225	 60
DATA	1745976305	787966012	96929	0	""	2025-04-29	18:25:05	13388.272	484.87415	2132.1267	39.7665	55.0003	32.0531	30.6232	0.00268141	11.224	54.5005	126	-0.16362	24.1209	221
DATA	1745976306	787621974	96933	0	""	2025-04-29	18:25:06	13387.683	484.90289	2132.0369	39.7661	55.0003	32.0531	30.6232	0.00268943	11.2236	54.5005	152.75	-0.16362	24.1213	184
DATA	1745976307	787621974	96937	0	""	2025-04-29	18:25:07	13388.37	484.74835	2131.8918	39.7661	55.0003	32.0551	30.6232	0.00269046	11.2239	54.5005	93	-0.16362	24.1213	200
DATA	1745976308	787621974	96941	0	""	2025-04-29	18:25:08	13389.445	484.95032	2132.0747	39.7657	55.0003	32.0559	30.6232	0.00269035	11.2241	54.5005	-49	-0.16362	24.1213	 28
DATA	1745976309	787621974	96945	0	""	2025-04-29	18:25:09	13388.796	484.84146	2131.9797	39.7654	55.0003	32.0547	30.6232	0.00268081	11.2239	54.5005	-68.25	-0.16362	24.1213	210
DATA	1745976310	787621974	96949	0	""	2025-04-29	18:25:10	13389.451	484.74292	2132.1367	39.7661	55.0003	32.0535	30.6232	0.00268462	11.2237	54.5005	-48.75	-0.16362	24.1213	173
DATA	1745976311	787621974	96953	0	""	2025-04-29	18:25:11	13388.779	484.60159	2131.9006	39.7665	55.0003	32.0543	30.6236	0.00268684	11.2239	54.5005	70.25	-0.16362	24.1213	136
DATA	1745976312	787621974	96957	0	""	2025-04-29	18:25:12	13389.666	484.93896	2131.9751	39.7665	55.0003	32.0566	30.6232	0.00268467	11.2239	54.5005	64	-0.16362	24.1221	 12
DATA	1745976313	787265062	96961	0	""	2025-04-29	18:25:13	13389.6	484.59995	2131.8486	39.7669	55.0003	32.0543	30.6232	0.00268549	11.2236	54.5005	-120.25	-0.16362	24.1205	133
DATA	1745976314	787265062	96965	0	""	2025-04-29	18:25:14	13389.921	484.89044	2131.895	39.7661	55.0003	32.0543	30.6232	0.00268666	11.2239	54.5005	160	-0.16362	24.1205	238
DATA	1745976315	787265062	96969	0	""	2025-04-29	18:25:15	13390.816	484.27087	2131.9165	39.7657	55.0003	32.0539	30.6232	0.00269093	11.2238	54.5005	-51.5	-0.16362	24.1201	124
DATA	1745976316	787265062	96973	0	""	2025-04-29	18:25:16	13390.157	484.46802	2131.9314	39.7669	55.0003	32.0535	30.6232	0.00269112	11.2242	54.5005	13.75	-0.16362	24.1205	109
DATA	1745976317	787265062	96977	0	""	2025-04-29	18:25:17	13390.169	484.2308	2131.8169	39.7657	55.0003	32.0535	30.6234	0.00269208	11.224	54.5005	65.75	-0.16362	24.1205	 32
DATA	1745976318	787265062	96981	0	""	2025-04-29	18:25:18	13389.881	484.90125	2131.9517	39.7665	55.0003	32.0543	30.6232	0.00268871	11.2236	54.5005	-36.5	-0.16362	24.1205	130
DATA	1745976319	787265062	96985	0	""	2025-04-29	18:25:19	13389.912	484.58649	2131.8745	39.7661	55.0003	32.0535	30.6234	0.00268825	11.2242	54.5005	44.25	-0.16362	24.1205	147
DATA	1745976320	787265062	96989	0	""	2025-04-29	18:25:20	13390.481	484.776	2131.9006	39.7665	55.0003	32.0559	30.6232	0.00268819	11.2236	54.5005	1.75	-0.16362	24.1201	227
DATA	1745976321	786910057	96993	0	""	2025-04-29	18:25:21	13390.494	484.13333	2131.8171	39.7665	55.0003	32.0547	30.6232	0.00268632	11.2237	54.5005	51.25	-0.16362	24.1221	104
DATA	1745976322	786910057	96997	0	""	2025-04-29	18:25:22	13390.915	484.43878	2131.8623	39.7661	55.0003	32.0543	30.6232	0.00269125	11.2237	54.5005	26.25	-0.16362	24.1213	120
DATA	1745976323	786910057	97001	0	""	2025-04-29	18:25:23	13390.696	484.05334	2131.6523	39.7646	55.0003	32.0551	30.6232	0.00269584	11.2242	54.5005	-50.75	-0.16362	24.1213	141
DATA	1745976324	786910057	97005	0	""	2025-04-29	18:25:24	13411.266	480.1496	2128.1545	39.7685	55.0003	32.0524	30.6232	0.00268112	11.2249	54.5005	78.75	-0.16362	24.1205	 54
DATA	1745976325	786910057	97009	0	""	2025-04-29	18:25:25	13335.889	463.15082	2116.2327	39.7661	55.0003	32.0555	30.6232	0.00266542	11.2302	54.5005	-18.25	-0.16362	24.1213	143
DATA	1745976326	786910057	97013	0	""	2025-04-29	18:25:26	13400.247	471.22726	2121.6638	39.7661	55.0003	32.0562	30.6234	0.00267502	11.2276	54.5005	2.25	-0.16362	24.1217	 39
DATA	1745976327	786910057	97017	0	""	2025-04-29	18:25:27	13428.835	469.21362	2119.8093	39.7665	55.0003	32.0551	30.6232	0.00268761	11.2272	54.5005	56	-0.16362	24.1209	233
DATA	1745976328	786540985	97021	0	""	2025-04-29	18:25:28	13538.25	461.65494	2113.5149	39.7661	55.0003	32.0551	30.6236	0.00269477	11.2295	54.5005	-25.5	-0.16362	24.1217	 76
DATA	1745976329	786540985	97025	0	""	2025-04-29	18:25:29	13741.527	453.4133	2108.2676	39.7657	55.0003	32.0527	30.6232	0.00275016	11.2309	54.5005	-122.5	-0.16362	24.1205	104
DATA	1745976330	786540985	97029	0	""	2025-04-29	18:25:30	13972.828	448.28116	2105.3486	39.7665	55.0003	32.0512	30.6232	0.0027846	11.2311	54.5005	-52	-0.16362	24.1205	213
DATA	1745976331	786540985	97033	0	""	2025-04-29	18:25:31	14184.498	445.92261	2103.6362	39.7665	55.0003	32.0489	30.6232	0.0028248	11.2313	54.5005	47.75	-0.16362	24.1205	 71
DATA	1745976332	786540985	97037	0	""	2025-04-29	18:25:32	14351.145	443.96719	2102.4929	39.7677	55.0003	32.0481	30.6232	0.00286258	11.2321	54.5005	72	-0.16362	24.1201	223
DATA	1745976333	786540985	97041	0	""	2025-04-29	18:25:33	14444.965	442.3483	2101.811	39.7681	55.0003	32.0481	30.6232	0.00288042	11.2318	54.5005	-77.5	-0.16362	24.1205	254
DATA	1745976334	786540985	97045	0	""	2025-04-29	18:25:34	14476.515	441.80212	2101.6387	39.7685	55.0003	32.0477	30.6232	0.00287183	11.2315	54.5005	64.25	-0.16362	24.1201	112
DATA	1745976335	786540985	97049	0	""	2025-04-29	18:25:35	14466.501	441.2626	2101.3235	39.7685	55.0005	32.0477	30.6232	0.00287468	11.232	54.5005	-16	-0.16362	24.1201	161
DATA	1745976336	786189079	97053	0	""	2025-04-29	18:25:36	14427.963	441.6633	2101.0811	39.7692	55.0003	32.0489	30.6234	0.00285313	11.2316	54.5005	63.75	-0.16362	24.1213	 68
DATA	1745976337	786189079	97057	0	""	2025-04-29	18:25:37	14373.147	441.99796	2100.6702	39.7696	55.0005	32.05	30.6236	0.00283871	11.2324	54.5005	-6.75	-0.16362	24.1209	 43
DATA	1745976338	786189079	97061	0	""	2025-04-29	18:25:38	14308.801	442.57275	2100.9521	39.7692	55.0005	32.0492	30.6234	0.00281011	11.2328	54.5005	54	-0.16362	24.1225	218
DATA	1745976339	786189079	97065	0	""	2025-04-29	18:25:39	14237.906	442.67551	2100.7087	39.7692	55.0005	32.0531	30.6232	0.00279632	11.2332	54.5005	106.25	-0.16362	24.1209	178
DATA	1745976340	786189079	97069	0	""	2025-04-29	18:25:40	14163.905	442.61893	2100.8186	39.7704	55.0003	32.0543	30.6232	0.00277798	11.233	54.5005	41.25	-0.16362	24.1217	 72
DATA	1745976341	786189079	97073	0	""	2025-04-29	18:25:41	14091.244	442.76462	2101.0117	39.7704	55.0003	32.0547	30.6232	0.00275845	11.234	54.5005	-47	-0.16362	24.1213	200
DATA	1745976342	786189079	97077	0	""	2025-04-29	18:25:42	14023.38	443.52151	2101.5388	39.77	55.0003	32.0562	30.6232	0.0027414	11.2329	54.5005	54.25	-0.16362	24.1217	156
DATA	1745976343	785835027	97081	0	""	2025-04-29	18:25:43	13959.366	444.19202	2101.3784	39.7696	55.0003	32.0559	30.6232	0.00273302	11.2335	54.5005	52.5	-0.16362	24.1221	 58
DATA	1745976344	785835027	97085	0	""	2025-04-29	18:25:44	13901.332	444.76364	2101.1113	39.7708	55.0003	32.0578	30.6232	0.00271791	11.2343	54.5005	17.5	-0.16362	24.1213	 46
DATA	1745976345	785835027	97089	0	""	2025-04-29	18:25:45	13844.17	444.43008	2100.8574	39.77	55.0006	32.0582	30.6232	0.00270992	11.2341	54.5005	-26	-0.16362	24.1217	116
DATA	1745976346	785835027	97093	0	""	2025-04-29	18:25:46	13789.453	443.80963	2100.8201	39.77	55.0005	32.0578	30.6232	0.00270402	11.2342	54.5005	-43.75	-0.16362	24.1213	 54
DATA	1745976347	785835027	97097	0	""	2025-04-29	18:25:47	13740.932	444.23792	2100.9839	39.7692	55.0003	32.0559	30.6232	0.00270686	11.2345	54.5005	69.5	-0.16362	24.1205	 94
DATA	1745976348	785835027	97101	0	""	2025-04-29	18:25:48	13702.174	454.91299	2101.0403	39.7692	55.0003	32.0578	30.6232	0.00269419	11.2344	54.5005	28.75	-0.16362	24.1205	117
DATA	1745976349	785835027	97105	0	""	2025-04-29	18:25:49	13669.704	464.78659	2100.9858	39.7685	55.0008	32.0586	30.6232	0.00268284	11.2343	54.5005	4.75	-0.16362	24.1205	112
DATA	1745976350	785835027	97109	0	""	2025-04-29	18:25:50	13631.315	456.91348	2100.8733	39.7689	55.0005	32.0597	30.6232	0.00267655	11.2348	54.5005	2	-0.16362	24.1201	174
DATA	1745976351	785482883	97113	0	""	2025-04-29	18:25:51	13593.797	454.35349	2100.7207	39.7677	55.0006	32.059	30.6234	0.00267502	11.2351	54.5005	47.5	-0.16362	24.1201	 22
DATA	1745976352	785482883	97117	0	""	2025-04-29	18:25:52	13560.635	450.88364	2100.917	39.7685	55.0006	32.059	30.6232	0.002671	11.2349	54.5005	25.75	-0.16362	24.1205	180
DATA	1745976353	785482883	97121	0	""	2025-04-29	18:25:53	13531.297	449.7879	2100.8845	39.7681	55.0003	32.0586	30.6234	0.00266946	11.2349	54.5005	-72.75	-0.16362	24.1205	149
DATA	1745976354	785482883	97125	0	""	2025-04-29	18:25:54	13502.019	447.52454	2100.7312	39.7669	55.0006	32.0586	30.6232	0.00266192	11.2352	54.5005	37.25	-0.16362	24.1197	123
DATA	1745976355	785482883	97129	0	""	2025-04-29	18:25:55	13474.112	444.70285	2100.5928	39.7681	55.0005	32.059	30.6234	0.00266353	11.2354	54.5005	-26	-0.16362	24.1217	227
DATA	1745976356	785482883	97133	0	""	2025-04-29	18:25:56	13448.367	444.08411	2100.7605	39.7681	55.0003	32.0586	30.6232	0.00265415	11.2358	54.5005	44.75	-0.16362	24.1213	123
DATA	1745976357	785482883	97137	0	""	2025-04-29	18:25:57	13426.774	443.8501	2100.6597	39.7669	55.0008	32.0578	30.6232	0.00265796	11.2352	54.5005	36.25	-0.16362	24.1213	101
DATA	1745976358	785120010	97141	0	""	2025-04-29	18:25:58	13406.042	443.36606	2100.4348	39.7665	55.0008	32.0574	30.6232	0.00266125	11.2357	54.5005	-34.75	-0.16362	24.1201	131
DATA	1745976359	785120010	97145	0	""	2025-04-29	18:25:59	13387.791	444.34695	2100.614	39.7661	55.0006	32.057	30.6232	0.00265061	11.236	54.5005	-1	-0.16362	24.1213	 44
DATA	1745976360	785120010	97149	0	""	2025-04-29	18:26:00	13373.783	444.95633	2100.4551	39.7669	55.0008	32.0566	30.6232	0.00265869	11.2358	54.5005	-11.25	-0.16362	24.1217	154
DATA	1745976361	785120010	97153	0	""	2025-04-29	18:26:01	13358.206	445.08362	2100.4519	39.7661	55.0006	32.0578	30.6232	0.0026582	11.2358	54.5005	-28.75	-0.16362	24.1213	 83
DATA	1745976362	785120010	97157	0	""	2025-04-29	18:26:02	13345.862	444.32587	2100.5774	39.7665	55.0006	32.0566	30.6234	0.00266238	11.2358	54.5005	-59.25	-0.16362	24.1213	156
DATA	1745976363	785120010	97161	0	""	2025-04-29	18:26:03	13331.866	444.52628	2100.6299	39.7654	55.0006	32.0555	30.6232	0.00265953	11.2358	54.5005	31	-0.16362	24.1209	207
DATA	1745976364	785120010	97165	0	""	2025-04-29	18:26:04	13317.388	445.23422	2100.5769	39.7657	55.0008	32.0566	30.6232	0.0026614	11.2355	54.5005	133.75	-0.16362	24.1201	 94
DATA	1745976365	785120010	97169	0	""	2025-04-29	18:26:05	13305.102	447.53479	2100.6616	39.765	55.0006	32.0578	30.6232	0.00265832	11.2361	54.5005	20	-0.16362	24.1205	141
DATA	1745976366	784765958	97173	0	""	2025-04-29	18:26:06	13292.01	448.14587	2100.468	39.7654	55.001	32.0566	30.6232	0.00265341	11.236	54.5005	-32	-0.16362	24.1201	 63
DATA	1745976367	784765958	97177	0	""	2025-04-29	18:26:07	13287.136	448.6044	2100.4233	39.7654	55.001	32.0562	30.6232	0.00266056	11.2356	54.5005	-8.75	-0.16362	24.1201	 19
DATA	1745976368	784765958	97181	0	""	2025-04-29	18:26:08	13280.441	447.89874	2100.6248	39.7657	55.0008	32.0562	30.6232	0.00266194	11.2354	54.5005	13.25	-0.16362	24.1201	138
DATA	1745976369	784765958	97185	0	""	2025-04-29	18:26:09	13275.229	447.13553	2100.4478	39.7654	55.001	32.057	30.6232	0.00266202	11.236	54.5005	-72.5	-0.16362	24.1197	238
DATA	1745976370	784765958	97189	0	""	2025-04-29	18:26:10	13269.474	446.88239	2100.4602	39.7642	55.001	32.0562	30.6236	0.00266428	11.2357	54.5005	-136.75	-0.16362	24.1209	188
DATA	1745976371	784765958	97193	0	""	2025-04-29	18:26:11	13260.647	446.45493	2100.4026	39.7646	55.0008	32.0524	30.6236	0.00266289	11.2353	54.5005	152.25	-0.16362	24.1201	171
DATA	1745976372	784765958	97197	0	""	2025-04-29	18:26:12	13255.295	446.61453	2100.5295	39.765	55.001	32.0559	30.6232	0.00266298	11.2363	54.5005	21.25	-0.16362	24.1217	 34
DATA	1745976373	784413099	97201	0	""	2025-04-29	18:26:13	13269.714	453.55414	2100.6699	39.7654	55.001	32.0562	30.6232	0.00265405	11.2363	54.5005	25	-0.16362	24.1217	162
DATA	1745976374	784413099	97205	0	""	2025-04-29	18:26:14	13384.269	473.48373	2100.8164	39.7657	55.001	32.057	30.6232	0.00266913	11.2356	54.5005	-40.25	-0.16362	24.1221	 59
DATA	1745976375	784413099	97209	0	""	2025-04-29	18:26:15	13716.74	508.26581	2100.7744	39.7646	55.001	32.0543	30.6232	0.00274823	11.2343	54.5005	-81.25	-0.16362	24.1213	 56
DATA	1745976376	784413099	97213	0	""	2025-04-29	18:26:16	14133.412	517.97546	2100.8596	39.7657	55.001	32.05	30.6232	0.00281318	11.2329	54.5005	-64	-0.16362	24.1217	118
DATA	1745976377	784413099	97217	0	""	2025-04-29	18:26:17	14390.134	484.73511	2100.592	39.7665	55.0008	32.0469	30.6232	0.00288522	11.2321	54.5005	-155	-0.16362	24.1209	 13
DATA	1745976378	784413099	97221	0	""	2025-04-29	18:26:18	14467.704	463.1181	2100.7031	39.7661	55.001	32.0426	30.6232	0.00290299	11.2321	54.5005	152.5	-0.16362	24.1217	248
DATA	1745976379	784413099	97225	0	""	2025-04-29	18:26:19	14436.418	456.04758	2100.6809	39.7669	55.0008	32.0465	30.6232	0.00288969	11.232	54.5005	159.75	-0.16362	24.1213	157
DATA	1745976380	784413099	97229	0	""	2025-04-29	18:26:20	14358.747	460.60596	2100.7729	39.7673	55.0008	32.0489	30.6232	0.00286818	11.2323	54.5005	167.25	-0.16362	24.1205	190
DATA	1745976381	784060001	97233	0	""	2025-04-29	18:26:21	14272.344	474.57489	2100.9714	39.7673	55.001	32.052	30.6232	0.00283806	11.2323	54.5005	129.5	-0.16362	24.1201	241
DATA	1745976382	784060001	97237	0	""	2025-04-29	18:26:22	14199.443	487.81717	2100.8594	39.7681	55.001	32.0527	30.6232	0.00280588	11.2329	54.5007	56	-0.16362	24.1209	181
DATA	1745976383	784060001	97241	0	""	2025-04-29	18:26:23	14154.528	489.88745	2100.9807	39.7681	55.001	32.0539	30.6232	0.00278845	11.233	54.5005	68.5	-0.16362	24.1193	233
DATA	1745976384	784060001	97245	0	""	2025-04-29	18:26:24	14132.83	482.8291	2100.8687	39.7681	55.001	32.0555	30.6232	0.0027775	11.2331	54.5005	2	-0.16362	24.1201	201
DATA	1745976385	784060001	97249	0	""	2025-04-29	18:26:25	14130.225	474.85275	2100.8865	39.7681	55.001	32.0543	30.6232	0.00278357	11.2326	54.5005	96.25	-0.16362	24.1197	 70
DATA	1745976386	784060001	97253	0	""	2025-04-29	18:26:26	14136.308	470.49673	2100.9429	39.7685	55.001	32.0562	30.6232	0.00278374	11.2325	54.5005	9.5	-0.16362	24.1209	219
DATA	1745976387	784060001	97257	0	""	2025-04-29	18:26:27	14143.936	471.93909	2100.9917	39.7689	55.001	32.0559	30.6232	0.00278503	11.2329	54.5007	-15.25	-0.16362	24.1201	120
DATA	1745976388	783689975	97261	0	""	2025-04-29	18:26:28	14149.022	477.06903	2101.0347	39.7681	55.0008	32.0578	30.6232	0.00277276	11.2327	54.5009	204.25	-0.16362	24.1193	195
DATA	1745976389	783689975	97265	0	""	2025-04-29	18:26:29	14151.786	481.04276	2100.8848	39.7685	55.001	32.0566	30.6232	0.002778	11.2326	54.5007	-132.25	-0.16362	24.1217	102
DATA	1745976390	783689975	97269	0	""	2025-04-29	18:26:30	14150.901	482.22971	2100.9211	39.7689	55.001	32.0562	30.6232	0.00278115	11.2335	54.5011	91.5	-0.16362	24.1213	 14
DATA	1745976391	783689975	97273	0	""	2025-04-29	18:26:31	14145.677	480.04794	2100.918	39.7689	55.0008	32.0559	30.6232	0.00278544	11.233	54.5011	-50	-0.16362	24.1209	199
DATA	1745976392	783689975	97277	0	""	2025-04-29	18:26:32	14141.306	476.65506	2101.0161	39.7685	55.001	32.0562	30.6232	0.0027731	11.2332	54.5011	-4.75	-0.16362	24.1213	  3
DATA	1745976393	783689975	97281	0	""	2025-04-29	18:26:33	14135.425	475.65988	2101.011	39.7696	55.001	32.0551	30.6232	0.00277304	11.2327	54.5011	-34	-0.16362	24.1201	169
DATA	1745976394	783689975	97285	0	""	2025-04-29	18:26:34	14131.526	475.25574	2101.0759	39.7696	55.001	32.0566	30.6232	0.00276936	11.2325	54.5011	19.25	-0.16362	24.1225	 98
DATA	1745976395	783689975	97289	0	""	2025-04-29	18:26:35	14128.299	477.30969	2100.9844	39.7692	55.001	32.0578	30.6232	0.00277144	11.2324	54.5009	-27	-0.16362	24.1229	 22
DATA	1745976396	783349037	97293	0	""	2025-04-29	18:26:36	14123.85	478.36395	2100.9678	39.7673	55.0008	32.0547	30.6232	0.002785	11.2329	54.5009	-101	-0.16362	24.1233	194
DATA	1745976397	783349037	97297	0	""	2025-04-29	18:26:37	14111.497	476.43494	2100.7017	39.7677	55.0008	32.0527	30.6232	0.00278823	11.2327	54.5005	-8.5	-0.16362	24.1213	 84
DATA	1745976398	783349037	97301	0	""	2025-04-29	18:26:38	13986.667	470.86404	2100.8491	39.7681	55.001	32.0527	30.6232	0.00275033	11.2338	54.5005	86.75	-0.16362	24.1205	 86
DATA	1745976399	783349037	97305	0	""	2025-04-29	18:26:39	13962.097	472.23834	2100.9951	39.7692	55.001	32.0555	30.6232	0.00273662	11.2331	54.5005	133.5	-0.16362	24.1209	 77
DATA	1745976400	783349037	97309	0	""	2025-04-29	18:26:40	13974.95	485.97589	2101.0806	39.7692	55.001	32.0562	30.6232	0.00274434	11.234	54.5005	52.75	-0.16362	24.1201	225
DATA	1745976401	783349037	97313	0	""	2025-04-29	18:26:41	14035.305	512.40417	2101.0081	39.7689	55.001	32.0574	30.6232	0.00273989	11.2332	54.5005	-28.75	-0.16362	24.1209	 89
DATA	1745976402	783349037	97317	0	""	2025-04-29	18:26:42	14105.639	523.56055	2101.4934	39.7692	55.001	32.0586	30.6232	0.00276213	11.2328	54.5005	102.5	-0.16362	24.1205	 43
DATA	1745976403	782988071	97321	0	""	2025-04-29	18:26:43	14176.255	554.78601	2102.3638	39.7689	55.0008	32.0594	30.6234	0.00276311	11.2329	54.5005	-111.25	-0.16362	24.1205	211
DATA	1745976404	782988071	97325	0	""	2025-04-29	18:26:44	14238.305	573.95154	2105.8618	39.7685	55.001	32.057	30.6234	0.00276576	11.2322	54.5005	-98.75	-0.16362	24.1205	 85
DATA	1745976405	782988071	97329	0	""	2025-04-29	18:26:45	14254.268	545.32294	2108.4424	39.7689	55.001	32.0547	30.6234	0.00277698	11.2325	54.5005	106.25	-0.16362	24.1209	143
DATA	1745976406	782988071	97333	0	""	2025-04-29	18:26:46	14242.269	534.91223	2107.8462	39.7689	55.001	32.0559	30.6232	0.00277872	11.2326	54.5005	-81.25	-0.16362	24.1205	129
DATA	1745976407	782988071	97337	0	""	2025-04-29	18:26:47	14217.519	521.98096	2106.1208	39.7685	55.001	32.0551	30.6232	0.00277713	11.2329	54.5005	47	-0.16362	24.1217	188
DATA	1745976408	782988071	97341	0	""	2025-04-29	18:26:48	14178.123	503.1734	2104.179	39.7692	55.001	32.0555	30.6232	0.00277657	11.2334	54.5005	-116.25	-0.16362	24.1213	 57
DATA	1745976409	782988071	97345	0	""	2025-04-29	18:26:49	14129.696	486.23029	2102.9243	39.7685	55.001	32.0535	30.6232	0.00276806	11.233	54.5005	47.75	-0.16362	24.1217	 42
DATA	1745976410	782988071	97349	0	""	2025-04-29	18:26:50	14071.706	476.01706	2102.0569	39.7685	55.001	32.0547	30.6232	0.00276197	11.2332	54.5005	-9.25	-0.16362	24.1209	 64
DATA	1745976411	782634973	97353	0	""	2025-04-29	18:26:51	14011.931	474.42551	2101.4763	39.7696	55.001	32.0547	30.6232	0.00275347	11.2341	54.5005	40.25	-0.16362	24.1221	 44
DATA	1745976412	782634973	97357	0	""	2025-04-29	18:26:52	13952.784	475.50845	2101.3494	39.7681	55.001	32.0547	30.6232	0.00274066	11.2332	54.5005	14.5	-0.16362	24.1213	 18
DATA	1745976413	782634973	97361	0	""	2025-04-29	18:26:53	13898.51	474.81662	2101.4116	39.7685	55.001	32.0559	30.6234	0.00273172	11.2339	54.5005	-12.75	-0.16362	24.1217	 70
DATA	1745976414	782634973	97365	0	""	2025-04-29	18:26:54	13846.835	468.84802	2101.5693	39.7685	55.001	32.0539	30.6232	0.00271628	11.2346	54.5005	80.5	-0.16362	24.1213	 39
DATA	1745976415	782634973	97369	0	""	2025-04-29	18:26:55	13796.808	461.88025	2101.5176	39.7685	55.001	32.0578	30.6232	0.00271126	11.2346	54.5005	133.25	-0.16362	24.1205	133
DATA	1745976416	782634973	97373	0	""	2025-04-29	18:26:56	13750.326	456.44415	2101.5811	39.7681	55.001	32.0605	30.6232	0.00269958	11.2344	54.5005	-5.25	-0.16362	24.1201	 58
DATA	1745976417	782634973	97377	0	""	2025-04-29	18:26:57	13706.349	452.51407	2101.3875	39.7685	55.001	32.0601	30.6232	0.00270487	11.2344	54.5005	42	-0.16362	24.1201	173
DATA	1745976418	782269954	97381	0	""	2025-04-29	18:26:58	13667.025	450.23608	2101.3306	39.7673	55.001	32.0601	30.6232	0.00270016	11.2346	54.5005	-76.75	-0.16362	24.1209	104
DATA	1745976419	782269954	97385	0	""	2025-04-29	18:26:59	13628.637	449.36038	2100.9956	39.7673	55.001	32.0594	30.6232	0.00269227	11.2349	54.5005	8	-0.16362	24.1205	167
DATA	1745976420	782269954	97389	0	""	2025-04-29	18:27:00	13592.469	448.22318	2101.0315	39.7685	55.001	32.0625	30.6234	0.0026808	11.235	54.5005	5.75	-0.16362	24.1205	172
DATA	1745976421	782269954	97393	0	""	2025-04-29	18:27:01	13559.117	447.39236	2100.947	39.7681	55.001	32.0597	30.6236	0.00267685	11.2352	54.5005	-50.25	-0.16362	24.1201	 72
DATA	1745976422	782269954	97397	0	""	2025-04-29	18:27:02	13531.204	446.72861	2100.9172	39.7673	55.001	32.0594	30.6236	0.00267992	11.2354	54.5005	94	-0.16362	24.1213	186
DATA	1745976423	782269954	97401	0	""	2025-04-29	18:27:03	13503.758	445.73267	2100.9785	39.7669	55.001	32.0582	30.6232	0.00267563	11.2353	54.5005	-113.75	-0.16362	24.1213	171
DATA	1745976424	782269954	97405	0	""	2025-04-29	18:27:04	13476.364	445.59155	2101.0881	39.7673	55.001	32.0555	30.6232	0.00267076	11.2355	54.5005	43	-0.16362	24.1217	179
DATA	1745976425	782269954	97409	0	""	2025-04-29	18:27:05	13453.247	444.92596	2100.9768	39.7669	55.001	32.0566	30.6232	0.00266729	11.235	54.5005	104.25	-0.16362	24.1213	 90
DATA	1745976426	781913995	97413	0	""	2025-04-29	18:27:06	13430.312	444.21298	2100.8005	39.7661	55.001	32.0578	30.6232	0.00266195	11.236	54.5005	-82.75	-0.16362	24.1217	 53
DATA	1745976427	781913995	97417	0	""	2025-04-29	18:27:07	13409.291	444.02673	2100.9216	39.7669	55.001	32.0562	30.6234	0.00266275	11.2354	54.5005	81	-0.16362	24.1213	177
DATA	1745976428	781913995	97421	0	""	2025-04-29	18:27:08	13390.362	443.79428	2100.9519	39.7665	55.001	32.0574	30.6234	0.00266747	11.2355	54.5005	0.25	-0.16362	24.1213	 29
DATA	1745976429	781913995	97425	0	""	2025-04-29	18:27:09	13373.188	443.79324	2100.9314	39.7657	55.001	32.0566	30.6232	0.00266365	11.2361	54.5005	-78.5	-0.16362	24.1225	 84
DATA	1745976430	781913995	97429	0	""	2025-04-29	18:27:10	13357.662	444.37289	2100.9067	39.7654	55.001	32.0551	30.6234	0.00266874	11.2354	54.5005	37.25	-0.16362	24.1217	 82
DATA	1745976431	781913995	97433	0	""	2025-04-29	18:27:11	13344.193	444.19293	2101.1062	39.7661	55.001	32.0555	30.6232	0.00267072	11.2352	54.5005	10	-0.16362	24.1209	145
DATA	1745976432	781913995	97437	0	""	2025-04-29	18:27:12	13330.117	444.43509	2101.1089	39.7654	55.001	32.0559	30.6232	0.00265846	11.2357	54.5005	10.5	-0.16362	24.1205	  5
DATA	1745976433	781560897	97441	0	""	2025-04-29	18:27:13	13318.979	443.88156	2101.3398	39.7661	55.001	32.0551	30.6232	0.002666	11.236	54.5005	29.75	-0.16362	24.1213	183
DATA	1745976434	781560897	97445	0	""	2025-04-29	18:27:14	13305.829	444.25928	2101.4834	39.7654	55.001	32.0582	30.6232	0.00265705	11.2361	54.5005	127	-0.16362	24.1201	220
DATA	1745976435	781560897	97449	0	""	2025-04-29	18:27:15	13295.596	443.65082	2101.1096	39.7654	55.001	32.0555	30.6232	0.00266028	11.2359	54.5005	-79.75	-0.16362	24.1201	133
DATA	1745976436	781560897	97453	0	""	2025-04-29	18:27:16	13286.348	443.71628	2101.1179	39.765	55.001	32.0555	30.6232	0.00265938	11.2357	54.5005	44.25	-0.16362	24.1205	 31
DATA	1745976437	781560897	97457	0	""	2025-04-29	18:27:17	13276.34	444.19305	2101.1494	39.765	55.001	32.0559	30.6236	0.00265358	11.2359	54.5005	31	-0.16362	24.1205	 84
DATA	1745976438	781560897	97461	0	""	2025-04-29	18:27:18	13267.81	443.98526	2101.4092	39.7654	55.001	32.0562	30.6234	0.00266143	11.236	54.5005	-17.25	-0.16362	24.1209	 18
DATA	1745976439	781560897	97465	0	""	2025-04-29	18:27:19	13259.819	444.46078	2101.6345	39.7642	55.001	32.0559	30.6234	0.00265505	11.2359	54.5005	-11.25	-0.16362	24.1209	135
DATA	1745976440	781560897	97469	0	""	2025-04-29	18:27:20	13252.11	445.17377	2101.6038	39.7654	55.001	32.0562	30.6232	0.00265966	11.2359	54.5005	66	-0.16362	24.1209	130
DATA	1745976441	781209945	97473	0	""	2025-04-29	18:27:21	13246.512	449.26581	2101.4536	39.765	55.001	32.0566	30.6232	0.00264816	11.2359	54.5005	-45.25	-0.16362	24.1217	 59
DATA	1745976442	781209945	97477	0	""	2025-04-29	18:27:22	13242.214	452.71262	2101.304	39.765	55.001	32.0578	30.6232	0.00265393	11.2355	54.5005	111.75	-0.16362	24.1213	245
DATA	1745976443	781209945	97481	0	""	2025-04-29	18:27:23	13240.388	455.1113	2101.3242	39.7654	55.001	32.0562	30.6232	0.00264645	11.236	54.5005	-26.25	-0.16362	24.1213	236
DATA	1745976444	781209945	97485	0	""	2025-04-29	18:27:24	13237.124	455.98871	2101.2908	39.7661	55.001	32.0559	30.6232	0.00264706	11.236	54.5005	6.5	-0.16362	24.1217	180
DATA	1745976445	781209945	97489	0	""	2025-04-29	18:27:25	13235.629	455.42484	2101.498	39.7646	55.001	32.0559	30.6232	0.0026481	11.2357	54.5005	32	-0.16362	24.1217	 90
DATA	1745976446	781209945	97493	0	""	2025-04-29	18:27:26	13234.877	453.15051	2101.1997	39.765	55.001	32.0574	30.6232	0.00264918	11.2357	54.5005	23	-0.16362	24.1213	129
DATA	1745976447	781209945	97497	0	""	2025-04-29	18:27:27	13231.132	449.9812	2101.2566	39.7657	55.001	32.0597	30.6234	0.00264643	11.2362	54.5005	46.25	-0.16362	24.1225	 28
DATA	1745976448	780841112	97501	0	""	2025-04-29	18:27:28	13225.63	448.02136	2101.2832	39.7654	55.001	32.0578	30.6232	0.00265166	11.2359	54.5005	-43.25	-0.16362	24.1197	 47
DATA	1745976449	780841112	97505	0	""	2025-04-29	18:27:29	13221.941	447.39789	2101.4033	39.765	55.001	32.057	30.6232	0.00264694	11.2363	54.5005	-86	-0.16362	24.1205	116
DATA	1745976450	780841112	97509	0	""	2025-04-29	18:27:30	13216.758	447.05365	2101.3904	39.7646	55.001	32.0559	30.6232	0.00265389	11.236	54.5005	8	-0.16362	24.1205	 63
DATA	1745976451	780841112	97513	0	""	2025-04-29	18:27:31	13212.192	446.07907	2101.3613	39.7657	55.001	32.0578	30.6232	0.00264517	11.2363	54.5005	60.75	-0.16362	24.1205	 38
DATA	1745976452	780841112	97517	0	""	2025-04-29	18:27:32	13206.465	445.80975	2101.4956	39.7654	55.001	32.059	30.6232	0.0026462	11.2361	54.5005	26.5	-0.16362	24.1201	153
DATA	1745976453	780841112	97521	0	""	2025-04-29	18:27:33	13202.714	446.44922	2101.4946	39.7654	55.001	32.0582	30.6232	0.00264003	11.2358	54.5005	-8.25	-0.16362	24.1205	 28
DATA	1745976454	780841112	97525	0	""	2025-04-29	18:27:34	13199.074	447.05746	2101.6814	39.7657	55.001	32.0578	30.6234	0.00264307	11.2359	54.5005	-14.25	-0.16362	24.1205	109
DATA	1745976455	780841112	97529	0	""	2025-04-29	18:27:35	13196.606	446.88101	2101.6418	39.7654	55.001	32.057	30.6236	0.00264058	11.2359	54.5005	19.25	-0.16362	24.1201	 10
DATA	1745976456	780491113	97533	0	""	2025-04-29	18:27:36	13193.709	447.06262	2101.8015	39.7657	55.001	32.0582	30.6232	0.00263809	11.2363	54.5005	87	-0.16362	24.1213	167
DATA	1745976457	780491113	97537	0	""	2025-04-29	18:27:37	13191.791	446.69989	2101.8032	39.765	55.001	32.0594	30.6232	0.00264574	11.2361	54.5005	-133.75	-0.16362	24.1213	124
DATA	1745976458	780491113	97541	0	""	2025-04-29	18:27:38	13188.954	446.58737	2101.6848	39.7646	55.001	32.0578	30.6232	0.00264993	11.2362	54.5005	-17.75	-0.16362	24.1213	144
DATA	1745976459	780491113	97545	0	""	2025-04-29	18:27:39	13187.075	446.63098	2101.9116	39.765	55.001	32.0574	30.6232	0.00263939	11.2363	54.5005	10.5	-0.16362	24.1213	222
DATA	1745976460	780491113	97549	0	""	2025-04-29	18:27:40	13184.226	446.07465	2101.7673	39.7646	55.001	32.0551	30.6232	0.00264308	11.2368	54.5005	16.25	-0.16362	24.1217	 55
DATA	1745976461	780491113	97553	0	""	2025-04-29	18:27:41	13180.922	445.37994	2101.842	39.765	55.001	32.0551	30.6232	0.00264012	11.2365	54.5005	-1.25	-0.16362	24.1213	182
DATA	1745976462	780491113	97557	0	""	2025-04-29	18:27:42	13177.797	445.01437	2101.5063	39.7654	55.001	32.0559	30.6232	0.00264269	11.2365	54.5005	22.5	-0.16362	24.1209	 14
DATA	1745976463	780139923	97561	0	""	2025-04-29	18:27:43	13175.053	444.75418	2101.7534	39.7642	55.001	32.0566	30.6236	0.00264277	11.2365	54.5005	-5	-0.16362	24.1217	168
DATA	1745976464	780139923	97565	0	""	2025-04-29	18:27:44	13172.318	445.17722	2101.8003	39.7654	55.001	32.0559	30.6236	0.00263476	11.2362	54.5005	3.25	-0.16362	24.1217	 10
DATA	1745976465	780139923	97569	0	""	2025-04-29	18:27:45	13170.228	445.17542	2101.6484	39.7654	55.001	32.0562	30.6232	0.00264709	11.2361	54.5005	79	-0.16362	24.1205	179
DATA	1745976466	780139923	97573	0	""	2025-04-29	18:27:46	13170.539	445.82269	2101.7495	39.7642	55.001	32.057	30.6232	0.00264102	11.2364	54.5005	-13.75	-0.16362	24.1201	 57
DATA	1745976467	780139923	97577	0	""	2025-04-29	18:27:47	13174.778	446.55722	2101.876	39.7654	55.001	32.0562	30.6232	0.00264127	11.2363	54.5005	-8	-0.16362	24.1205	135
DATA	1745976468	780139923	97581	0	""	2025-04-29	18:27:48	13175.532	446.68756	2101.8918	39.765	55.001	32.0555	30.6232	0.00264288	11.236	54.5005	4.75	-0.16362	24.1201	193
DATA	1745976469	780139923	97585	0	""	2025-04-29	18:27:49	13171.115	445.78741	2101.6663	39.7638	55.001	32.0559	30.6232	0.0026388	11.2362	54.5005	50.25	-0.16362	24.1197	 40
DATA	1745976470	780139923	97589	0	""	2025-04-29	18:27:50	13166.036	445.65814	2101.9253	39.7642	55.001	32.0578	30.6234	0.00264476	11.2361	54.5005	-11.5	-0.16362	24.1201	 54
DATA	1745976471	779784917	97593	0	""	2025-04-29	18:27:51	13164.036	446.28088	2101.7607	39.7646	55.001	32.0562	30.6234	0.00264727	11.2367	54.5005	6.25	-0.16362	24.1209	 41
DATA	1745976472	779784917	97597	0	""	2025-04-29	18:27:52	13161.566	447.63458	2101.7727	39.765	55.001	32.0562	30.6236	0.00264661	11.2361	54.5005	-19.5	-0.16362	24.1205	 39
DATA	1745976473	779784917	97601	0	""	2025-04-29	18:27:53	13161.996	447.94595	2101.7375	39.7646	55.001	32.0574	30.6232	0.0026417	11.2365	54.5005	49.5	-0.16362	24.1225	  2
DATA	1745976474	779784917	97605	0	""	2025-04-29	18:27:54	13160.131	446.88461	2101.6802	39.7654	55.001	32.0578	30.6232	0.0026477	11.2366	54.5005	-48.75	-0.16362	24.1213	 82
DATA	1745976475	779784917	97609	0	""	2025-04-29	18:27:55	13157.581	445.90686	2101.5891	39.7646	55.001	32.057	30.6232	0.0026423	11.2363	54.5005	-36.75	-0.16362	24.1213	 41
DATA	1745976476	779784917	97613	0	""	2025-04-29	18:27:56	13156.391	445.2175	2101.6233	39.7646	55.001	32.0555	30.6232	0.00264239	11.2362	54.5005	-12.25	-0.16362	24.1217	 65
DATA	1745976477	779784917	97617	0	""	2025-04-29	18:27:57	13154.614	444.71671	2101.4287	39.765	55.001	32.0562	30.6234	0.00263912	11.2363	54.5005	109.75	-0.16362	24.1213	 84
DATA	1745976478	779414892	97621	0	""	2025-04-29	18:27:58	13153.229	444.3248	2101.6094	39.763	55.001	32.0578	30.6232	0.00264747	11.2366	54.5005	-7.5	-0.16362	24.1201	176
DATA	1745976479	779414892	97625	0	""	2025-04-29	18:27:59	13150.379	444.77496	2101.6609	39.7642	55.001	32.0578	30.6234	0.00264605	11.2363	54.5005	18	-0.16362	24.1205	204
DATA	1745976480	779414892	97629	0	""	2025-04-29	18:28:00	13148.429	443.88821	2101.8015	39.7646	55.001	32.057	30.6232	0.00264727	11.2366	54.5005	24	-0.16362	24.1221	125
DATA	1745976481	779414892	97633	0	""	2025-04-29	18:28:01	13146.989	443.67596	2101.6418	39.7642	55.001	32.0586	30.6232	0.00264883	11.2362	54.5005	38.5	-0.16362	24.1209	 46
DATA	1745976482	779414892	97637	0	""	2025-04-29	18:28:02	13144.748	442.89923	2101.6926	39.7646	55.001	32.0566	30.6232	0.00264824	11.236	54.5005	-51	-0.16362	24.1209	188
DATA	1745976483	779414892	97641	0	""	2025-04-29	18:28:03	13144.149	443.27615	2101.7441	39.7642	55.001	32.0555	30.6232	0.00264724	11.2362	54.5005	6.5	-0.16362	24.1205	209
DATA	1745976484	779414892	97645	0	""	2025-04-29	18:28:04	13142.221	442.84003	2101.5303	39.7642	55.001	32.0562	30.6232	0.00265138	11.2364	54.5005	10.25	-0.16362	24.1205	 29
DATA	1745976485	779414892	97649	0	""	2025-04-29	18:28:05	13141.532	442.99374	2101.5515	39.765	55.001	32.0574	30.6232	0.00264958	11.236	54.5005	-73	-0.16362	24.1197	143
DATA	1745976486	779063940	97653	0	""	2025-04-29	18:28:06	13140.225	443.00229	2101.4392	39.7642	55.001	32.0551	30.6232	0.00264787	11.2363	54.5005	0.25	-0.16362	24.1209	251
DATA	1745976487	779063940	97657	0	""	2025-04-29	18:28:07	13139.421	442.68304	2101.511	39.765	55.001	32.0547	30.6234	0.0026441	11.2366	54.5005	85.25	-0.16362	24.1197	174
DATA	1745976488	779063940	97661	0	""	2025-04-29	18:28:08	13136.712	442.60379	2101.4751	39.7646	55.001	32.0574	30.6236	0.00264675	11.2361	54.5005	-12	-0.16362	24.1209	224
DATA	1745976489	779063940	97665	0	""	2025-04-29	18:28:09	13136.882	442.52545	2101.6096	39.765	55.001	32.0578	30.6236	0.00264133	11.2365	54.5005	-54.25	-0.16362	24.1205	 77
DATA	1745976490	779063940	97669	0	""	2025-04-29	18:28:10	13137.207	442.91354	2101.7251	39.763	55.001	32.0574	30.6234	0.00263709	11.2362	54.5005	184.25	-0.16362	24.1221	 54
DATA	1745976491	779063940	97673	0	""	2025-04-29	18:28:11	13135.657	443.13144	2101.8203	39.7642	55.001	32.057	30.6232	0.0026425	11.2365	54.5005	-85.5	-0.16362	24.1213	196
DATA	1745976492	779063940	97677	0	""	2025-04-29	18:28:12	13135.557	442.97702	2101.6211	39.7642	55.001	32.0559	30.6232	0.00264117	11.2361	54.5005	35.25	-0.16362	24.1217	 58
DATA	1745976493	778717041	97681	0	""	2025-04-29	18:28:13	13136.102	443.03741	2101.5925	39.7646	55.001	32.0555	30.6232	0.00264055	11.2365	54.5005	-30	-0.16362	24.1213	189
DATA	1745976494	778717041	97685	0	""	2025-04-29	18:28:14	13135.512	443.26996	2101.7097	39.7642	55.001	32.0547	30.6232	0.00264539	11.237	54.5005	14.25	-0.16362	24.1209	 25
DATA	1745976495	778717041	97689	0	""	2025-04-29	18:28:15	13135.048	443.18216	2101.73	39.7642	55.001	32.0535	30.6232	0.0026402	11.236	54.5005	95.5	-0.16362	24.1193	 62
DATA	1745976496	778717041	97693	0	""	2025-04-29	18:28:16	13134.854	442.82092	2101.6221	39.7642	55.001	32.0543	30.6234	0.00264219	11.2359	54.5005	9	-0.16362	24.1221	117
DATA	1745976497	778717041	97697	0	""	2025-04-29	18:28:17	13132.934	442.38269	2101.6501	39.7638	55.001	32.0547	30.6232	0.0026431	11.2364	54.5005	85.5	-0.16362	24.1217	231
DATA	1745976498	778717041	97701	0	""	2025-04-29	18:28:18	13130.994	442.56744	2101.6848	39.7638	55.001	32.0555	30.6232	0.0026418	11.2363	54.5005	-23.5	-0.16362	24.1213	 15
DATA	1745976499	778717041	97705	0	""	2025-04-29	18:28:19	13129.358	442.99347	2101.7263	39.7646	55.001	32.0559	30.6232	0.00264101	11.2363	54.5005	27.75	-0.16362	24.1205	 80
DATA	1745976500	778717041	97709	0	""	2025-04-29	18:28:20	13127.987	443.02429	2101.6289	39.7642	55.001	32.0566	30.6232	0.00264175	11.2369	54.5005	81	-0.16362	24.1201	167
DATA	1745976501	778353929	97713	0	""	2025-04-29	18:28:21	13127.709	442.96286	2101.791	39.7642	55.001	32.0559	30.6232	0.00263926	11.2366	54.5005	-130.75	-0.16362	24.1193	122
DATA	1745976502	778353929	97717	0	""	2025-04-29	18:28:22	13125.346	443.30972	2102.1609	39.7661	55.001	32.0551	30.6232	0.00261527	11.2368	54.5005	180.5	-0.16362	24.1201	 47
DATA	1745976503	778353929	97721	0	""	2025-04-29	18:28:23	13103.547	443.66528	2101.9844	39.7654	55.001	32.0594	30.6232	0.00260899	11.2362	54.5005	107.25	-0.16362	24.1193	130
DATA	1745976504	778353929	97725	0	""	2025-04-29	18:28:24	13039.736	443.40244	2101.7571	39.7642	55.001	32.0597	30.6234	0.00261946	11.2364	54.5005	-88.25	-0.16362	24.1197	133
DATA	1745976505	778353929	97729	0	""	2025-04-29	18:28:25	13035.947	443.13312	2101.7446	39.7638	55.001	32.0559	30.6236	0.00262536	11.2368	54.5005	-60.5	-0.16362	24.1201	 67
DATA	1745976506	778353929	97733	0	""	2025-04-29	18:28:26	13064.933	443.1315	2101.8777	39.7646	55.001	32.0543	30.6236	0.00263109	11.2361	54.5005	133	-0.16362	24.1213	167
DATA	1745976507	778353929	97737	0	""	2025-04-29	18:28:27	13082.414	442.66907	2101.9978	39.765	55.001	32.0551	30.6234	0.00264155	11.2363	54.5005	28	-0.16362	24.1213	139
DATA	1745976508	777992010	97741	0	""	2025-04-29	18:28:28	13091.666	442.60599	2101.906	39.7642	55.001	32.0555	30.6232	0.00263369	11.2366	54.5005	25.5	-0.16362	24.1217	229
DATA	1745976509	777992010	97745	0	""	2025-04-29	18:28:29	13096.03	442.78448	2101.9524	39.7642	55.001	32.0562	30.6232	0.0026375	11.2365	54.5005	-18.75	-0.16362	24.1209	 22
DATA	1745976510	777992010	97749	0	""	2025-04-29	18:28:30	13096.563	443.04031	2101.9248	39.7642	55.001	32.0562	30.6232	0.0026327	11.2363	54.5005	43	-0.16362	24.1213	 95
DATA	1745976511	777992010	97753	0	""	2025-04-29	18:28:31	13095.464	443.23602	2101.9419	39.7642	55.001	32.0566	30.6232	0.00263481	11.2364	54.5005	-3.75	-0.16362	24.1209	 49
DATA	1745976512	777992010	97757	0	""	2025-04-29	18:28:32	13092.367	443.06009	2102.002	39.763	55.001	32.0551	30.6232	0.00263595	11.2361	54.5005	15.5	-0.16362	24.1209	141
DATA	1745976513	777992010	97761	0	""	2025-04-29	18:28:33	13091.069	442.51331	2102.0083	39.7638	55.001	32.0547	30.6232	0.00263861	11.2366	54.5005	33	-0.16362	24.1213	148
DATA	1745976514	777992010	97765	0	""	2025-04-29	18:28:34	13089.779	442.93896	2102.0117	39.7642	55.001	32.057	30.6232	0.00264036	11.2366	54.5005	45.25	-0.16362	24.1217	 27
DATA	1745976515	777992010	97769	0	""	2025-04-29	18:28:35	13089.092	443.25491	2101.9983	39.7638	55.001	32.0578	30.6232	0.00263746	11.2364	54.5005	-57.5	-0.16362	24.1205	 88
DATA	1745976516	777638912	97773	0	""	2025-04-29	18:28:36	13091.966	443.09833	2102.0071	39.7642	55.001	32.0562	30.6232	0.00263389	11.2364	54.5005	-95	-0.16362	24.1205	228
DATA	1745976517	777638912	97777	0	""	2025-04-29	18:28:37	13091.995	442.86578	2102.0669	39.7646	55.001	32.0547	30.6232	0.0026382	11.2369	54.5005	-46	-0.16362	24.1197	219
DATA	1745976518	777638912	97781	0	""	2025-04-29	18:28:38	13093.593	442.97397	2102.0212	39.7642	55.001	32.0527	30.6232	0.00263927	11.236	54.5005	162.25	-0.16362	24.1205	 75
DATA	1745976519	777638912	97785	0	""	2025-04-29	18:28:39	13094.799	442.78925	2102.0637	39.765	55.001	32.0551	30.6232	0.00263694	11.236	54.5005	54	-0.16362	24.1205	105
DATA	1745976520	777638912	97789	0	""	2025-04-29	18:28:40	13096.052	442.84445	2101.9382	39.7642	55.001	32.0566	30.6232	0.00264724	11.2362	54.5005	-64.25	-0.16362	24.1205	115
DATA	1745976521	777638912	97793	0	""	2025-04-29	18:28:41	13096.371	442.84924	2102.0725	39.7642	55.001	32.0551	30.6232	0.00263747	11.2363	54.5005	77.5	-0.16362	24.1205	 19
DATA	1745976522	777638912	97797	0	""	2025-04-29	18:28:42	13096.772	443.0401	2101.9797	39.7646	55.001	32.0562	30.6236	0.00263549	11.2362	54.5005	-53	-0.16362	24.1205	183
DATA	1745976523	777286052	97801	0	""	2025-04-29	18:28:43	13097.89	442.96426	2102.0867	39.7646	55.001	32.0562	30.6236	0.00263566	11.2367	54.5005	5.5	-0.16362	24.1209	189
DATA	1745976524	777286052	97805	0	""	2025-04-29	18:28:44	13098.343	443.05933	2102.1841	39.7638	55.001	32.0559	30.6234	0.00263813	11.236	54.5005	72.25	-0.16362	24.1221	  9
DATA	1745976525	777286052	97809	0	""	2025-04-29	18:28:45	13099.137	442.62521	2102.0249	39.7638	55.001	32.0574	30.6232	0.00264022	11.236	54.5005	-25.5	-0.16362	24.1217	255
DATA	1745976526	777286052	97813	0	""	2025-04-29	18:28:46	13100.915	442.98456	2102.1499	39.763	55.001	32.0566	30.6232	0.00263915	11.2364	54.5005	-1.25	-0.16362	24.1217	 10
DATA	1745976527	777286052	97817	0	""	2025-04-29	18:28:47	13101.484	442.73425	2102.0322	39.7642	55.001	32.057	30.6232	0.00263982	11.2362	54.5005	103.5	-0.16362	24.1209	252
DATA	1745976528	777286052	97821	0	""	2025-04-29	18:28:48	13101.99	442.89267	2102.0913	39.7642	55.001	32.0555	30.6232	0.0026377	11.2365	54.5005	-59.25	-0.16362	24.1209	 22
DATA	1745976529	777286052	97825	0	""	2025-04-29	18:28:49	13103.292	442.93393	2102.0869	39.7642	55.001	32.0555	30.6232	0.00263867	11.2365	54.5005	24.25	-0.16362	24.1221	 74
DATA	1745976530	777286052	97829	0	""	2025-04-29	18:28:50	13104.562	442.72321	2102.1531	39.7642	55.001	32.0555	30.6234	0.00265064	11.2361	54.5005	26.75	-0.16362	24.1213	 35
DATA	1745976531	776935100	97833	0	""	2025-04-29	18:28:51	13105.197	442.95279	2102.2205	39.7646	55.001	32.0578	30.6234	0.0026461	11.2364	54.5005	-99.25	-0.16362	24.1213	 57
DATA	1745976532	776935100	97837	0	""	2025-04-29	18:28:52	13105.255	443.0802	2102.1323	39.7638	55.001	32.0539	30.6232	0.00264352	11.2363	54.5005	-54.25	-0.16362	24.1205	 27
DATA	1745976533	776935100	97841	0	""	2025-04-29	18:28:53	13106.618	442.83215	2102.2058	39.7638	55.001	32.0551	30.6232	0.00263971	11.2362	54.5005	117.75	-0.16362	24.1209	101
DATA	1745976534	776935100	97845	0	""	2025-04-29	18:28:54	13107.176	443.31958	2102.1348	39.7646	55.001	32.0551	30.6232	0.00264033	11.2361	54.5005	-60	-0.16362	24.1205	196
DATA	1745976535	776935100	97849	0	""	2025-04-29	18:28:55	13107.905	442.89459	2102.1831	39.765	55.001	32.0547	30.6232	0.00263913	11.2365	54.5005	1.25	-0.16362	24.1205	220
DATA	1745976536	776935100	97853	0	""	2025-04-29	18:28:56	13108.605	442.62164	2102.2134	39.7646	55.001	32.0562	30.6232	0.00264329	11.2362	54.5005	-59.75	-0.16362	24.1197	110
DATA	1745976537	776935100	97857	0	""	2025-04-29	18:28:57	13109.298	443.24713	2102.1531	39.765	55.001	32.0547	30.6232	0.00263778	11.2361	54.5005	54	-0.16362	24.1197	132
DATA	1745976538	776568889	97861	0	""	2025-04-29	18:28:58	13110.573	443.22412	2102.1675	39.7638	55.001	32.0551	30.6232	0.00263964	11.2362	54.5007	112.5	-0.16362	24.1213	 70
DATA	1745976539	776568889	97865	0	""	2025-04-29	18:28:59	13111.521	443.021	2102.1846	39.7646	55.001	32.0566	30.6232	0.00264178	11.2365	54.5005	76.75	-0.16362	24.1213	242
DATA	1745976540	776568889	97869	0	""	2025-04-29	18:29:00	13113.417	442.93936	2102.3457	39.7638	55.001	32.0559	30.6234	0.00264471	11.2361	54.5005	-4.5	-0.16362	24.1205	 28
DATA	1745976541	776568889	97873	0	""	2025-04-29	18:29:01	13114.04	443.06897	2102.2085	39.7646	55.001	32.0555	30.6232	0.00264341	11.2358	54.5005	16.25	-0.16362	24.1217	 21
DATA	1745976542	776568889	97877	0	""	2025-04-29	18:29:02	13115.004	442.87878	2102.3372	39.7634	55.001	32.0559	30.6232	0.00264464	11.2361	54.5005	-14.25	-0.16362	24.1209	128
DATA	1745976543	776568889	97881	0	""	2025-04-29	18:29:03	13114.965	443.32669	2102.1802	39.7642	55.001	32.0562	30.6232	0.00264207	11.2362	54.5005	51.25	-0.16362	24.1217	 69
DATA	1745976544	776568889	97885	0	""	2025-04-29	18:29:04	13116.443	442.73068	2102.3757	39.7638	55.001	32.0559	30.6232	0.00264565	11.2359	54.5005	-66.75	-0.16362	24.1217	156
DATA	1745976545	776568889	97889	0	""	2025-04-29	18:29:05	13117.211	442.73199	2102.1331	39.7646	55.001	32.0547	30.6232	0.00264429	11.2353	54.5005	19.25	-0.16362	24.1217	 84
DATA	1745976546	776215076	97893	0	""	2025-04-29	18:29:06	13117.813	442.67694	2102.2649	39.7638	55.001	32.0555	30.6232	0.00265065	11.2363	54.5005	19.25	-0.16362	24.1213	 76
DATA	1745976547	776215076	97897	0	""	2025-04-29	18:29:07	13118.248	443.18512	2102.3176	39.7634	55.001	32.0555	30.6232	0.00264095	11.2357	54.5005	-49.75	-0.16362	24.1217	125
DATA	1745976548	776215076	97901	0	""	2025-04-29	18:29:08	13119.732	443.07971	2102.4075	39.7646	55.001	32.0551	30.6234	0.00264685	11.2362	54.5005	-0.75	-0.16362	24.1217	 59
DATA	1745976549	776215076	97905	0	""	2025-04-29	18:29:09	13121.185	443.00351	2102.427	39.7638	55.001	32.0559	30.6232	0.00264578	11.2358	54.5005	57	-0.16362	24.1205	121
DATA	1745976550	776215076	97909	0	""	2025-04-29	18:29:10	13121.117	442.87357	2102.2429	39.7642	55.001	32.057	30.6232	0.00264733	11.236	54.5005	-48.5	-0.16362	24.1217	201
DATA	1745976551	776215076	97913	0	""	2025-04-29	18:29:11	13122.137	442.79425	2102.4275	39.7638	55.001	32.0562	30.6232	0.00264287	11.2361	54.5005	-9	-0.16362	24.1205	153
DATA	1745976552	776215076	97917	0	""	2025-04-29	18:29:12	13122.922	443.0903	2102.3164	39.7646	55.001	32.0559	30.6232	0.00263858	11.2362	54.5005	-24	-0.16362	24.1201	145
DATA	1745976553	775863885	97921	0	""	2025-04-29	18:29:13	13124.033	443.17355	2102.5232	39.7642	55.001	32.0566	30.6232	0.00264559	11.2359	54.5005	46	-0.16362	24.1201	166
DATA	1745976554	775863885	97925	0	""	2025-04-29	18:29:14	13125.289	443.43512	2102.4126	39.765	55.001	32.0582	30.6232	0.00264564	11.2359	54.5005	-85.5	-0.16362	24.1209	 25
DATA	1745976555	775863885	97929	0	""	2025-04-29	18:29:15	13125.82	443.38516	2102.448	39.7638	55.001	32.0566	30.6232	0.00264404	11.236	54.5005	-44.25	-0.16362	24.1201	223
DATA	1745976556	775863885	97933	0	""	2025-04-29	18:29:16	13126.824	443.13818	2102.3828	39.7638	55.001	32.0551	30.6232	0.00264273	11.2358	54.5005	-33.25	-0.16362	24.1201	119
DATA	1745976557	775863885	97937	0	""	2025-04-29	18:29:17	13127.206	443.20404	2102.4629	39.7634	55.001	32.0559	30.6234	0.00264198	11.2362	54.5005	-27.5	-0.16362	24.1205	 73
DATA	1745976558	775863885	97941	0	""	2025-04-29	18:29:18	13128.543	443.27933	2102.4961	39.7638	55.001	32.0555	30.6232	0.00264113	11.2363	54.5005	-25.75	-0.16362	24.1209	131
DATA	1745976559	775863885	97945	0	""	2025-04-29	18:29:19	13129.718	443.59119	2102.4824	39.7642	55.001	32.0543	30.6232	0.00264875	11.2362	54.5005	-16	-0.16362	24.1209	249
DATA	1745976560	775863885	97949	0	""	2025-04-29	18:29:20	13129.587	443.3699	2102.396	39.7642	55.001	32.0539	30.6232	0.00264262	11.2363	54.5005	11.75	-0.16362	24.1213	242
DATA	1745976561	775509119	97953	0	""	2025-04-29	18:29:21	13130.484	442.94675	2102.5364	39.7638	55.001	32.0539	30.6232	0.00264552	11.236	54.5005	-23.75	-0.16362	24.1217	 65
DATA	1745976562	775509119	97957	0	""	2025-04-29	18:29:22	13131.114	443.49121	2102.3528	39.7646	55.001	32.0543	30.6232	0.00264261	11.2363	54.5005	32	-0.16362	24.1213	144
DATA	1745976563	775509119	97961	0	""	2025-04-29	18:29:23	13132.1	443.33899	2102.2915	39.7634	55.001	32.0547	30.6232	0.00264551	11.2362	54.5005	11.25	-0.16362	24.1213	203
DATA	1745976564	775509119	97965	0	""	2025-04-29	18:29:24	13133.651	443.39362	2102.3733	39.7638	55.001	32.0543	30.6236	0.00264953	11.2363	54.5005	-2.5	-0.16362	24.1213	  9
DATA	1745976565	775509119	97969	0	""	2025-04-29	18:29:25	13135	443.18796	2102.5205	39.7638	55.001	32.0551	30.6236	0.00265307	11.236	54.5005	48.25	-0.16362	24.1217	 84
DATA	1745976566	775509119	97973	0	""	2025-04-29	18:29:26	13135.656	443.46002	2102.5769	39.7638	55.001	32.0551	30.6234	0.0026453	11.2366	54.5005	37.75	-0.16362	24.1205	 29
DATA	1745976567	775509119	97977	0	""	2025-04-29	18:29:27	13135.89	443.23688	2102.5747	39.765	55.001	32.0559	30.6232	0.0026509	11.2362	54.5005	-138.5	-0.16362	24.1205	244
DATA	1745976568	775142908	97981	0	""	2025-04-29	18:29:28	13136.506	443.58691	2102.6118	39.7646	55.001	32.0531	30.6232	0.0026462	11.2361	54.5005	91	-0.16362	24.1205	124
DATA	1745976569	775142908	97985	0	""	2025-04-29	18:29:29	13137.435	443.48154	2102.4941	39.7657	55.001	32.0535	30.6232	0.00264675	11.2361	54.5005	17.75	-0.16362	24.1189	 98
DATA	1745976570	775142908	97989	0	""	2025-04-29	18:29:30	13119.467	443.90326	2103.5605	39.7646	55.001	32.057	30.6232	0.00262404	11.2364	54.5005	129	-0.16362	24.1197	181
DATA	1745976571	775142908	97993	0	""	2025-04-29	18:29:31	13075.543	468.53003	2128.4565	39.7622	55.001	32.0547	30.6232	0.00269612	11.2278	54.5005	-205.5	-0.16362	24.1201	110
DATA	1745976572	775142908	97997	0	""	2025-04-29	18:29:32	13332.922	525.02563	2175.2568	39.7638	55.001	32.0496	30.6234	0.00280029	11.1905	54.5005	-140.5	-0.16362	24.1205	120
DATA	1745976573	775142908	98001	0	""	2025-04-29	18:29:33	13636.27	524.14459	2168.1125	39.765	55.001	32.0457	30.6232	0.00281762	11.1782	54.5005	-61.75	-0.16362	24.1197	 18
DATA	1745976574	775142908	98005	0	""	2025-04-29	18:29:34	13746.338	486.40381	2137.1924	39.7657	55.001	32.0465	30.6236	0.0027891	11.1983	54.5005	99.25	-0.16362	24.1209	 51
DATA	1745976575	775142908	98009	0	""	2025-04-29	18:29:35	13741.2	462.5119	2119.4109	39.7665	55.001	32.0496	30.6232	0.00276456	11.2169	54.5005	64.5	-0.16362	24.1217	132
DATA	1745976576	774792909	98013	0	""	2025-04-29	18:29:36	13692.249	453.2533	2112.4983	39.7654	55.001	32.0504	30.6232	0.00274639	11.2265	54.5005	-11	-0.16362	24.1213	174
DATA	1745976577	774792909	98017	0	""	2025-04-29	18:29:37	13632.417	457.98044	2118.0486	39.7665	55.001	32.05	30.6232	0.00274429	11.228	54.5005	30.25	-0.16362	24.1217	192
DATA	1745976578	774792909	98021	0	""	2025-04-29	18:29:38	13578.663	476.75281	2133.2183	39.7677	55.001	32.0504	30.6232	0.00274295	11.2207	54.5005	13.25	-0.16362	24.1217	 89
DATA	1745976579	774792909	98025	0	""	2025-04-29	18:29:39	13540.988	492.09961	2143.7	39.7665	55.001	32.0516	30.6232	0.00274815	11.2101	54.5005	-10	-0.16362	24.1213	 80
DATA	1745976580	774792909	98029	0	""	2025-04-29	18:29:40	13522.335	492.87067	2142.9556	39.7669	55.001	32.0512	30.6232	0.00273168	11.2053	54.5005	40.25	-0.16362	24.1213	 75
DATA	1745976581	774792909	98033	0	""	2025-04-29	18:29:41	13517.304	484.27417	2135.7163	39.7681	55.001	32.0527	30.6232	0.00271108	11.2078	54.5005	101.25	-0.16362	24.1217	109
DATA	1745976582	774792909	98037	0	""	2025-04-29	18:29:42	13521.992	474.31683	2128.5835	39.7669	55.001	32.0566	30.6236	0.00270523	11.2138	54.5005	-63.25	-0.16362	24.1213	138
DATA	1745976583	774435997	98041	0	""	2025-04-29	18:29:43	13529.027	469.40887	2125.3513	39.7677	55.001	32.057	30.6232	0.00270142	11.218	54.5005	44.25	-0.16362	24.1205	230
DATA	1745976584	774435997	98045	0	""	2025-04-29	18:29:44	13535.943	470.86682	2127.29	39.7677	55.001	32.0543	30.6232	0.00271389	11.2199	54.5005	-97.25	-0.16362	24.1213	 56
DATA	1745976585	774435997	98049	0	""	2025-04-29	18:29:45	13539.955	476.88214	2131.9114	39.7677	55.001	32.0516	30.6232	0.00272474	11.218	54.5005	25.5	-0.16362	24.1205	254
DATA	1745976586	774435997	98053	0	""	2025-04-29	18:29:46	13540.949	482.15714	2135.3145	39.7673	55.001	32.0524	30.6232	0.00272745	11.215	54.5005	25.25	-0.16362	24.1205	 27
DATA	1745976587	774435997	98057	0	""	2025-04-29	18:29:47	13539.117	483.68732	2135.6101	39.7673	55.001	32.0539	30.6232	0.0027129	11.2129	54.5005	148.75	-0.16362	24.1205	 97
DATA	1745976588	774435997	98061	0	""	2025-04-29	18:29:48	13535.662	481.15918	2133.6646	39.7677	55.001	32.0555	30.6232	0.0027114	11.2126	54.5005	-66.5	-0.16362	24.1209	 41
DATA	1745976589	774435997	98065	0	""	2025-04-29	18:29:49	13532.706	477.63263	2130.9768	39.7677	55.001	32.0535	30.6232	0.00270574	11.2144	54.5005	36.75	-0.16362	24.1201	104
DATA	1745976590	774435997	98069	0	""	2025-04-29	18:29:50	13529.235	474.96228	2129.844	39.7673	55.001	32.0547	30.6234	0.0027077	11.2165	54.5005	14.5	-0.16362	24.1213	199
DATA	1745976591	774086952	98073	0	""	2025-04-29	18:29:51	13528.857	475.29254	2130.3054	39.7673	55.001	32.0539	30.6236	0.00271613	11.2176	54.5005	-46	-0.16362	24.1205	232
DATA	1745976592	774086952	98077	0	""	2025-04-29	18:29:52	13526.584	477.0412	2131.6587	39.7681	55.001	32.0543	30.6232	0.00271286	11.2172	54.5005	6	-0.16362	24.1217	 85
DATA	1745976593	774086952	98081	0	""	2025-04-29	18:29:53	13526.132	479.25003	2132.9829	39.7681	55.001	32.0543	30.6232	0.00272236	11.216	54.5005	-61.75	-0.16362	24.1217	 64
DATA	1745976594	774086952	98085	0	""	2025-04-29	18:29:54	13525.812	480.03024	2133.1387	39.7673	55.001	32.0539	30.6232	0.00271395	11.2148	54.5005	4.5	-0.16362	24.1217	227
DATA	1745976595	774086952	98089	0	""	2025-04-29	18:29:55	13525.988	478.92981	2132.478	39.7677	55.001	32.0535	30.6232	0.00271459	11.2143	54.5005	53.5	-0.16362	24.1217	 17
DATA	1745976596	774086952	98093	0	""	2025-04-29	18:29:56	13524.316	477.81308	2131.5625	39.7673	55.001	32.0551	30.6234	0.00271546	11.2152	54.5005	139.25	-0.16362	24.1217	130
DATA	1745976597	774086952	98097	0	""	2025-04-29	18:29:57	13522.827	477.1413	2131.238	39.7669	55.001	32.0559	30.6232	0.00271383	11.2163	54.5005	-18.5	-0.16362	24.1213	236
DATA	1745976598	773718118	98101	0	""	2025-04-29	18:29:58	13522.552	476.90698	2131.2224	39.7681	55.001	32.0535	30.6232	0.00271358	11.2164	54.5005	-41	-0.16362	24.1213	217
DATA	1745976599	773718118	98105	0	""	2025-04-29	18:29:59	13522.256	477.41953	2131.6851	39.7681	55.001	32.0543	30.6234	0.00271622	11.2168	54.5005	-1.25	-0.16362	24.1209	 70
DATA	1745976600	773718118	98109	0	""	2025-04-29	18:30:00	13521.83	478.37701	2132.0283	39.7673	55.001	32.0555	30.6232	0.00271253	11.2166	54.5005	22.25	-0.16362	24.1201	229
DATA	1745976601	773718118	98113	0	""	2025-04-29	18:30:01	13520.806	477.9678	2132.2339	39.7681	55.001	32.0551	30.6232	0.0027089	11.2161	54.5005	-12.75	-0.16362	24.1201	240
DATA	1745976602	773718118	98117	0	""	2025-04-29	18:30:02	13520.273	478.20279	2131.9636	39.7669	55.001	32.0539	30.6232	0.00271411	11.2154	54.5005	-35	-0.16362	24.1205	196
DATA	1745976603	773718118	98121	0	""	2025-04-29	18:30:03	13520.165	477.74893	2131.6523	39.7673	55.0008	32.0535	30.6232	0.00271254	11.2159	54.5005	16	-0.16362	24.1201	201
DATA	1745976604	773718118	98125	0	""	2025-04-29	18:30:04	13519.342	477.68384	2131.6165	39.7677	55.001	32.0527	30.6232	0.00271496	11.2166	54.5005	-4.25	-0.16362	24.1193	 65
DATA	1745976605	773718118	98129	0	""	2025-04-29	18:30:05	13518.134	477.42767	2131.6345	39.7673	55.001	32.0539	30.6232	0.00271343	11.2162	54.5005	115.75	-0.16362	24.1201	101
DATA	1745976606	773367881	98133	0	""	2025-04-29	18:30:06	13517.9	477.50256	2131.623	39.7673	55.001	32.0539	30.6232	0.00271205	11.2161	54.5005	-47.75	-0.16362	24.1205	203
DATA	1745976607	773367881	98137	0	""	2025-04-29	18:30:07	13518.329	477.68634	2131.8569	39.7673	55.001	32.0551	30.6232	0.00270583	11.2169	54.5005	205	-0.16362	24.1209	244
DATA	1745976608	773367881	98141	0	""	2025-04-29	18:30:08	13516.519	477.70853	2131.7178	39.7677	55.001	32.0562	30.6232	0.00271213	11.2171	54.5005	109.5	-0.16362	24.1205	 63
DATA	1745976609	773367881	98145	0	""	2025-04-29	18:30:09	13516.878	477.73141	2131.6257	39.7685	55.001	32.0555	30.6232	0.002712	11.2161	54.5005	62.5	-0.16362	24.1217	176
DATA	1745976610	773367881	98149	0	""	2025-04-29	18:30:10	13515.346	477.57675	2131.625	39.7677	55.001	32.0574	30.6232	0.00271139	11.2165	54.5005	-83.5	-0.16362	24.1213	 13
DATA	1745976611	773367881	98153	0	""	2025-04-29	18:30:11	13514.772	477.67657	2131.6663	39.7673	55.001	32.0562	30.6232	0.00271286	11.2164	54.5005	90.75	-0.16362	24.1217	 76
DATA	1745976612	773367881	98157	0	""	2025-04-29	18:30:12	13514.503	477.42047	2131.4524	39.7669	55.001	32.0578	30.6232	0.00271037	11.2168	54.5005	-41	-0.16362	24.1213	203
DATA	1745976613	773010015	98161	0	""	2025-04-29	18:30:13	13514.322	477.14792	2131.4575	39.7673	55.0008	32.0551	30.6232	0.00271267	11.2168	54.5005	-43	-0.16362	24.1217	237
DATA	1745976614	773010015	98165	0	""	2025-04-29	18:30:14	13514.13	477.00098	2131.6089	39.7677	55.0005	32.0543	30.6232	0.00271525	11.2168	54.5005	-5.75	-0.16362	24.1213	 31
DATA	1745976615	773010015	98169	0	""	2025-04-29	18:30:15	13513.371	477.33017	2131.6428	39.7681	55.001	32.0539	30.6232	0.00271692	11.2168	54.5005	-18.25	-0.16362	24.1221	 84
DATA	1745976616	773010015	98173	0	""	2025-04-29	18:30:16	13512.981	477.41611	2131.4512	39.7681	55.0006	32.0543	30.6232	0.00271071	11.2168	54.5005	-54.5	-0.16362	24.1217	 72
DATA	1745976617	773010015	98177	0	""	2025-04-29	18:30:17	13512.852	477.27286	2131.5139	39.7677	55.0006	32.0543	30.6232	0.00271837	11.2166	54.5005	48	-0.16362	24.1201	214
DATA	1745976618	773010015	98181	0	""	2025-04-29	18:30:18	13512.708	477.38571	2131.45	39.7681	55.0006	32.0543	30.6232	0.00270975	11.2178	54.5005	-5.25	-0.16362	24.1209	252
DATA	1745976619	773010015	98185	0	""	2025-04-29	18:30:19	13511.963	477.12424	2131.4512	39.7673	55.0008	32.0555	30.6232	0.00271949	11.2167	54.5005	-4.25	-0.16362	24.1205	 93
DATA	1745976620	773010015	98189	0	""	2025-04-29	18:30:20	13512.274	477.03	2131.4216	39.7677	55.0008	32.0543	30.6232	0.00271738	11.2171	54.5005	-6.5	-0.16362	24.1209	128
DATA	1745976621	772660017	98193	0	""	2025-04-29	18:30:21	13512.082	477.19199	2131.5063	39.7673	55.0008	32.0547	30.6232	0.00271564	11.2172	54.5005	19	-0.16362	24.1197	217
DATA	1745976622	772660017	98197	0	""	2025-04-29	18:30:22	13511.549	476.92841	2131.375	39.7677	55.0006	32.0524	30.6232	0.0027134	11.217	54.5005	-3.75	-0.16362	24.1205	202
DATA	1745976623	772660017	98201	0	""	2025-04-29	18:30:23	13511.644	477.0004	2131.5583	39.7681	55.0008	32.0535	30.6232	0.00270943	11.2165	54.5005	71.25	-0.16362	24.1201	 23
DATA	1745976624	772660017	98205	0	""	2025-04-29	18:30:24	13511.214	477.10788	2131.3586	39.7689	55.001	32.0551	30.6232	0.00271716	11.2174	54.5005	-6.5	-0.16362	24.1209	250
DATA	1745976625	772660017	98209	0	""	2025-04-29	18:30:25	13511.925	477.22958	2131.3503	39.7673	55.0008	32.0531	30.6234	0.00271221	11.2172	54.5005	108	-0.16362	24.1225	246
DATA	1745976626	772660017	98213	0	""	2025-04-29	18:30:26	13510.601	476.87173	2131.3574	39.7681	55.001	32.0551	30.6232	0.00271217	11.2168	54.5005	71.25	-0.16362	24.1213	 35
DATA	1745976627	772660017	98217	0	""	2025-04-29	18:30:27	13510.16	477.11676	2131.2903	39.7673	55.0006	32.0547	30.6232	0.00271565	11.2173	54.5005	-85.25	-0.16362	24.1217	 99
DATA	1745976628	772294044	98221	0	""	2025-04-29	18:30:28	13509.931	476.78363	2131.3181	39.7673	55.0005	32.052	30.6232	0.00271937	11.217	54.5005	83.25	-0.16362	24.1217	 12
DATA	1745976629	772294044	98225	0	""	2025-04-29	18:30:29	13510.081	477.22931	2131.3513	39.7681	55.0008	32.0535	30.6232	0.00271786	11.2172	54.5005	-56.25	-0.16362	24.1213	145
DATA	1745976630	772294044	98229	0	""	2025-04-29	18:30:30	13510.029	477.42343	2131.2854	39.7677	55.0003	32.0539	30.6232	0.00270984	11.2175	54.5005	6.25	-0.16362	24.1217	 53
DATA	1745976631	772294044	98233	0	""	2025-04-29	18:30:31	13509.646	477.38089	2131.3684	39.7673	55.0005	32.0566	30.6232	0.00270696	11.2174	54.5005	265.25	-0.16362	24.1213	173
DATA	1745976632	772294044	98237	0	""	2025-04-29	18:30:32	13509.406	477.19128	2131.2439	39.7677	55.0003	32.0547	30.6232	0.00270777	11.2173	54.5005	-119	-0.16362	24.1217	 61
DATA	1745976633	772294044	98241	0	""	2025-04-29	18:30:33	13508.969	477.53748	2131.2463	39.7677	55.0003	32.0535	30.6236	0.00270642	11.2172	54.5005	76	-0.16362	24.1221	225
DATA	1745976634	772294044	98245	0	""	2025-04-29	18:30:34	13508.794	477.14728	2131.2866	39.7677	55.0003	32.0547	30.6232	0.00271371	11.2174	54.5005	12.75	-0.16362	24.1209	124
DATA	1745976635	772294044	98249	0	""	2025-04-29	18:30:35	13509.171	477.07266	2131.2097	39.7685	55.0003	32.0547	30.6232	0.00271438	11.2179	54.5005	-58.5	-0.16362	24.1201	115
DATA	1745976636	771940946	98253	0	""	2025-04-29	18:30:36	13508.984	477.01398	2131.2124	39.7689	55.0003	32.0527	30.6232	0.00270673	11.2178	54.5005	55.25	-0.16362	24.1205	129
DATA	1745976637	771940946	98257	0	""	2025-04-29	18:30:37	13508.817	477.05261	2131.1506	39.7685	55.0006	32.0551	30.6232	0.00270485	11.2178	54.5005	91.25	-0.16362	24.1197	133
DATA	1745976638	771940946	98261	0	""	2025-04-29	18:30:38	13508.376	477.14081	2131.1799	39.7681	55.0003	32.0539	30.6232	0.00270641	11.2177	54.5005	-20.5	-0.16362	24.1201	109
DATA	1745976639	771940946	98265	0	""	2025-04-29	18:30:39	13508.3	476.85315	2131.2534	39.7681	55.0005	32.0547	30.6232	0.00271172	11.2175	54.5005	-9.75	-0.16362	24.1209	 22
DATA	1745976640	771940946	98269	0	""	2025-04-29	18:30:40	13508.498	476.8768	2131.1057	39.7689	55.0003	32.0551	30.6232	0.00271261	11.2178	54.5005	73.75	-0.16362	24.1201	 81
DATA	1745976641	771940946	98273	0	""	2025-04-29	18:30:41	13508.612	476.95383	2131.0261	39.7677	55.0003	32.0531	30.6232	0.00271075	11.2176	54.5005	9.25	-0.16362	24.1205	 55
DATA	1745976642	771940946	98277	0	""	2025-04-29	18:30:42	13507.01	477.12186	2131.0117	39.7681	55.0003	32.0555	30.6232	0.00270612	11.2176	54.5005	30.25	-0.16362	24.1225	 36
DATA	1745976643	771591901	98281	0	""	2025-04-29	18:30:43	13507.627	476.89658	2131.0637	39.7681	55.0005	32.0547	30.6232	0.0027104	11.2176	54.5005	156.25	-0.16362	24.1213	117
DATA	1745976644	771591901	98285	0	""	2025-04-29	18:30:44	13507.526	477.06699	2131.0674	39.7677	55.0003	32.0551	30.6232	0.00270919	11.2176	54.5005	-42.5	-0.16362	24.1217	122
DATA	1745976645	771591901	98289	0	""	2025-04-29	18:30:45	13507.419	476.94403	2131.0444	39.7685	55.0003	32.0559	30.6232	0.00270138	11.218	54.5005	99.75	-0.16362	24.1221	 77
DATA	1745976646	771591901	98293	0	""	2025-04-29	18:30:46	13507.047	476.84973	2131.0066	39.7681	55.0003	32.0551	30.6232	0.00270383	11.2184	54.5005	-65.25	-0.16362	24.1209	163
DATA	1745976647	771591901	98297	0	""	2025-04-29	18:30:47	13507.048	476.79071	2131.0391	39.7681	55.0005	32.0562	30.6234	0.00270748	11.2178	54.5005	21.75	-0.16362	24.1217	129
DATA	1745976648	771591901	98301	0	""	2025-04-29	18:30:48	13506.936	476.55685	2131.064	39.7685	55.0003	32.0547	30.6236	0.00271209	11.2179	54.5005	-11	-0.16362	24.1217	223
DATA	1745976649	771591901	98305	0	""	2025-04-29	18:30:49	13507.225	476.95245	2131.0085	39.7681	55.0005	32.0551	30.6232	0.00271222	11.2173	54.5005	51.75	-0.16362	24.1221	 98
DATA	1745976650	771591901	98309	0	""	2025-04-29	18:30:50	13506.95	476.67404	2130.9343	39.7685	55.0003	32.0551	30.6232	0.00271045	11.2178	54.5005	-45.5	-0.16362	24.1213	 47
DATA	1745976651	771236896	98313	0	""	2025-04-29	18:30:51	13506.246	476.77002	2130.8916	39.7681	55.0003	32.0559	30.6232	0.00270478	11.2178	54.5005	100	-0.16362	24.1201	  5
DATA	1745976652	771236896	98317	0	""	2025-04-29	18:30:52	13507.14	476.95456	2130.9592	39.7689	55.0003	32.0555	30.6232	0.00270836	11.2183	54.5005	-66	-0.16362	24.1209	241
DATA	1745976653	771236896	98321	0	""	2025-04-29	18:30:53	13506.654	476.66425	2130.8596	39.7689	55.0003	32.0547	30.6232	0.00270598	11.218	54.5005	15.5	-0.16362	24.1205	 35
DATA	1745976654	771236896	98325	0	""	2025-04-29	18:30:54	13507.01	476.63333	2130.9497	39.7669	55.0003	32.0551	30.6232	0.00271506	11.2184	54.5005	-15.25	-0.16362	24.1209	110
DATA	1745976655	771236896	98329	0	""	2025-04-29	18:30:55	13506.654	476.72037	2130.9641	39.7681	55.0003	32.0539	30.6232	0.0027105	11.218	54.5005	14.25	-0.16362	24.1201	  9
DATA	1745976656	771236896	98333	0	""	2025-04-29	18:30:56	13506.285	476.33734	2130.9011	39.7677	55.0003	32.0555	30.6234	0.00270884	11.2181	54.5005	-21.75	-0.16362	24.1205	166
DATA	1745976657	771236896	98337	0	""	2025-04-29	18:30:57	13506.111	476.76535	2130.9685	39.7673	55.0003	32.0547	30.6234	0.0027073	11.2187	54.5005	119.5	-0.16362	24.1209	 88
DATA	1745976658	770870923	98341	0	""	2025-04-29	18:30:58	13506.479	477.28397	2130.8418	39.7681	55.0003	32.057	30.6234	0.00270223	11.2183	54.5005	-76	-0.16362	24.1201	229
DATA	1745976659	770870923	98345	0	""	2025-04-29	18:30:59	13506.622	477.23242	2131.0273	39.7689	55.0003	32.0555	30.6234	0.00270931	11.2184	54.5005	-49.25	-0.16362	24.1229	170
DATA	1745976660	770870923	98349	0	""	2025-04-29	18:31:00	13506.536	477.01462	2130.885	39.7681	55.0003	32.0547	30.6232	0.00270655	11.2181	54.5005	1.25	-0.16362	24.1201	249
DATA	1745976661	770870923	98353	0	""	2025-04-29	18:31:01	13507.009	476.46393	2130.7759	39.7681	55.0003	32.0543	30.6232	0.00270947	11.2185	54.5005	35.25	-0.16362	24.1217	118
DATA	1745976662	770870923	98357	0	""	2025-04-29	18:31:02	13506.998	476.84769	2130.9099	39.7685	55.0003	32.0547	30.6232	0.00271278	11.2186	54.5005	93.75	-0.16362	24.1217	164
DATA	1745976663	770870923	98361	0	""	2025-04-29	18:31:03	13506.488	476.86035	2130.7905	39.7681	55.0003	32.0555	30.6232	0.00271477	11.2182	54.5005	-45	-0.16362	24.1221	 12
DATA	1745976664	770870923	98365	0	""	2025-04-29	18:31:04	13506.173	476.96878	2130.627	39.7677	55.0003	32.0543	30.6232	0.00270697	11.2183	54.5005	49	-0.16362	24.1217	197
DATA	1745976665	770870923	98369	0	""	2025-04-29	18:31:05	13506.614	476.3743	2130.6982	39.7681	55.0003	32.0547	30.6232	0.00271405	11.2186	54.5005	-54	-0.16362	24.1217	223
DATA	1745976666	770517110	98373	0	""	2025-04-29	18:31:06	13506.673	476.64334	2130.8018	39.7685	55.0003	32.0543	30.6234	0.00271109	11.2185	54.5005	20.75	-0.16362	24.1217	102
DATA	1745976667	770517110	98377	0	""	2025-04-29	18:31:07	13507.082	476.6088	2130.7019	39.7685	55.0003	32.0551	30.6232	0.00270403	11.2184	54.5005	-20	-0.16362	24.1213	192
DATA	1745976668	770517110	98381	0	""	2025-04-29	18:31:08	13506.907	476.9454	2130.8064	39.7681	55.0003	32.0535	30.6232	0.00271219	11.2184	54.5005	-34.5	-0.16362	24.1209	 52
DATA	1745976669	770517110	98385	0	""	2025-04-29	18:31:09	13507.822	476.27451	2130.8135	39.7689	55.0003	32.0543	30.6232	0.00270721	11.2184	54.5005	133.25	-0.16362	24.1205	152
DATA	1745976670	770517110	98389	0	""	2025-04-29	18:31:10	13507.666	476.96042	2130.8567	39.7685	55.0003	32.0559	30.6232	0.00270617	11.2182	54.5005	15	-0.16362	24.1197	230
DATA	1745976671	770517110	98393	0	""	2025-04-29	18:31:11	13507.236	476.58704	2130.6863	39.7685	55.0003	32.0551	30.6232	0.00270337	11.2187	54.5005	-32.75	-0.16362	24.1209	152
DATA	1745976672	770517110	98397	0	""	2025-04-29	18:31:12	13506.646	476.63766	2130.5647	39.7689	55.0003	32.0551	30.6232	0.00271128	11.219	54.5005	63	-0.16362	24.1209	175
DATA	1745976673	770165920	98401	0	""	2025-04-29	18:31:13	13507.12	476.17798	2130.6914	39.7677	55.0003	32.0543	30.6232	0.00270351	11.2188	54.5005	46.25	-0.16362	24.1205	 53
DATA	1745976674	770165920	98405	0	""	2025-04-29	18:31:14	13507.194	476.8454	2130.5261	39.7685	55.0003	32.0551	30.6232	0.00270678	11.2185	54.5005	-0.25	-0.16362	24.1209	 51
DATA	1745976675	770165920	98409	0	""	2025-04-29	18:31:15	13506.659	476.53748	2130.697	39.7685	55.0003	32.0562	30.6232	0.00270202	11.2182	54.5005	-3	-0.16362	24.1205	164
DATA	1745976676	770165920	98413	0	""	2025-04-29	18:31:16	13507	476.69193	2130.7039	39.7681	55.0003	32.0559	30.6232	0.00270226	11.2186	54.5005	-47.25	-0.16362	24.1221	213
DATA	1745976677	770165920	98417	0	""	2025-04-29	18:31:17	13507.423	476.71158	2130.6421	39.7673	55.0003	32.0574	30.6232	0.00270598	11.2188	54.5005	102.25	-0.16362	24.1213	158
DATA	1745976678	770165920	98421	0	""	2025-04-29	18:31:18	13506.756	476.47867	2130.6582	39.7685	55.0003	32.0562	30.6232	0.00270338	11.219	54.5005	-4.75	-0.16362	24.1209	 78
DATA	1745976679	770165920	98425	0	""	2025-04-29	18:31:19	13507.706	476.36417	2130.4861	39.7677	55.0003	32.0566	30.6232	0.00270326	11.2186	54.5005	96.5	-0.16362	24.1209	 81
DATA	1745976680	770165920	98429	0	""	2025-04-29	18:31:20	13506.978	476.32486	2130.6509	39.7685	55.0003	32.0566	30.6232	0.00270328	11.2188	54.5005	-35.25	-0.16362	24.1217	172
DATA	1745976681	769810914	98433	0	""	2025-04-29	18:31:21	13507.97	476.48181	2130.593	39.7673	55.0003	32.0551	30.6232	0.00270958	11.2185	54.5005	-45.25	-0.16362	24.1217	 68
DATA	1745976682	769810914	98437	0	""	2025-04-29	18:31:22	13507.489	476.24234	2130.686	39.7681	55.0003	32.0547	30.6232	0.00270597	11.2186	54.5005	9.5	-0.16362	24.1217	240
DATA	1745976683	769810914	98441	0	""	2025-04-29	18:31:23	13507.738	475.8942	2130.6506	39.7692	55.0003	32.0539	30.6232	0.00270887	11.2189	54.5005	-38	-0.16362	24.1217	242
DATA	1745976684	769810914	98445	0	""	2025-04-29	18:31:24	13506.938	476.12619	2130.4963	39.7685	55.0003	32.0551	30.6234	0.00270342	11.2188	54.5005	239.25	-0.16362	24.1209	182
DATA	1745976685	769810914	98449	0	""	2025-04-29	18:31:25	13508.767	476.19611	2130.6279	39.7689	55.0003	32.0555	30.6232	0.00271087	11.2184	54.5005	-51	-0.16362	24.1205	 36
DATA	1745976686	769810914	98453	0	""	2025-04-29	18:31:26	13507.929	475.91162	2130.3862	39.7689	55.0003	32.0559	30.6232	0.00270816	11.2191	54.5005	50.5	-0.16362	24.1209	 85
DATA	1745976687	769810914	98457	0	""	2025-04-29	18:31:27	13507.491	475.81461	2130.2478	39.7677	55.0003	32.0551	30.6232	0.00271014	11.219	54.5005	33.75	-0.16362	24.1205	 71
DATA	1745976688	769444942	98461	0	""	2025-04-29	18:31:28	13508.356	476.31494	2130.5015	39.7681	55.0003	32.0562	30.6232	0.00270577	11.2187	54.5005	28.5	-0.16362	24.1197	 88
DATA	1745976689	769444942	98465	0	""	2025-04-29	18:31:29	13507.503	475.80197	2130.4756	39.7681	55.0003	32.0547	30.6232	0.00271012	11.2185	54.5005	-35.5	-0.16362	24.1205	120
DATA	1745976690	769444942	98469	0	""	2025-04-29	18:31:30	13507.579	476.151	2130.593	39.7681	55.0003	32.0547	30.6232	0.00270466	11.2189	54.5005	111.75	-0.16362	24.1193	 30
DATA	1745976691	769444942	98473	0	""	2025-04-29	18:31:31	13506.858	476.00269	2130.3179	39.7681	55.0003	32.0566	30.6234	0.00270305	11.2191	54.5005	-11	-0.16362	24.1201	  3
DATA	1745976692	769444942	98477	0	""	2025-04-29	18:31:32	13508.365	476.18176	2130.5198	39.7681	55.0003	32.0566	30.6234	0.00270247	11.2186	54.5005	-4.5	-0.16362	24.1209	 83
DATA	1745976693	769444942	98481	0	""	2025-04-29	18:31:33	13508.141	475.79535	2130.5149	39.7677	55.0003	32.0543	30.6232	0.00270597	11.2195	54.5005	-20.25	-0.16362	24.1217	174
DATA	1745976694	769444942	98485	0	""	2025-04-29	18:31:34	13506.97	476.56906	2130.5356	39.7681	55.0003	32.0551	30.6232	0.0026996	11.2191	54.5005	135.75	-0.16362	24.1217	 97
DATA	1745976695	769444942	98489	0	""	2025-04-29	18:31:35	13507.73	476.00415	2130.365	39.7673	55.0003	32.0559	30.6232	0.00270597	11.2183	54.5005	-58	-0.16362	24.1213	184
DATA	1745976696	769092082	98493	0	""	2025-04-29	18:31:36	13507.548	476.10291	2130.1917	39.7677	55.0003	32.0543	30.6232	0.00271056	11.2191	54.5005	-24.5	-0.16362	24.1213	108
DATA	1745976697	769092082	98497	0	""	2025-04-29	18:31:37	13508.558	476.35568	2130.3235	39.7673	55.0003	32.0543	30.6232	0.0027095	11.2185	54.5005	25.75	-0.16362	24.1221	 88
DATA	1745976698	769092082	98501	0	""	2025-04-29	18:31:38	13507.62	476.38614	2130.4619	39.7677	55.0003	32.0547	30.6232	0.00270946	11.2188	54.5005	123.5	-0.16362	24.1221	 75
DATA	1745976699	769092082	98505	0	""	2025-04-29	18:31:39	13508.948	476.43442	2130.3271	39.7689	55.0003	32.0574	30.6234	0.00270858	11.2191	54.5005	-50.5	-0.16362	24.1221	128
DATA	1745976700	769092082	98509	0	""	2025-04-29	18:31:40	13508.642	476.11014	2130.427	39.7669	55.0003	32.057	30.6234	0.00270565	11.2193	54.5005	-39.5	-0.16362	24.1217	251
DATA	1745976701	769092082	98513	0	""	2025-04-29	18:31:41	13508.243	475.76047	2130.3137	39.7681	55.0003	32.0562	30.6232	0.00270741	11.2191	54.5005	-103	-0.16362	24.1209	 31
DATA	1745976702	769092082	98517	0	""	2025-04-29	18:31:42	13508.949	475.74481	2130.2869	39.7689	55.0003	32.0543	30.6232	0.00270752	11.2192	54.5005	124.5	-0.16362	24.1205	124
DATA	1745976703	768733978	98521	0	""	2025-04-29	18:31:43	13508.299	475.79205	2130.1985	39.7677	55.0003	32.057	30.6232	0.00271082	11.2197	54.5005	-46	-0.16362	24.1205	239
DATA	1745976704	768733978	98525	0	""	2025-04-29	18:31:44	13508.539	475.79211	2130.2725	39.7677	55.0003	32.0555	30.6232	0.00270873	11.2193	54.5005	-43.5	-0.16362	24.1201	122
DATA	1745976705	768733978	98529	0	""	2025-04-29	18:31:45	13509.414	475.97559	2130.2683	39.7685	55.0003	32.0543	30.6232	0.00270586	11.2192	54.5005	35.25	-0.16362	24.1201	141
DATA	1745976706	768733978	98533	0	""	2025-04-29	18:31:46	13508.656	475.98807	2130.2136	39.7681	55.0003	32.0535	30.6234	0.00270561	11.2198	54.5005	1	-0.16362	24.1209	193
DATA	1745976707	768733978	98537	0	""	2025-04-29	18:31:47	13509.065	475.94733	2130.3928	39.7677	55.0003	32.0555	30.6234	0.00270131	11.2192	54.5005	150.5	-0.16362	24.1197	142
DATA	1745976708	768733978	98541	0	""	2025-04-29	18:31:48	13509.342	475.70926	2130.2532	39.7677	55.0003	32.0555	30.6234	0.00270234	11.2188	54.5005	5.75	-0.16362	24.1201	 78
DATA	1745976709	768733978	98545	0	""	2025-04-29	18:31:49	13509.305	475.81476	2130.2305	39.7685	55.0003	32.0562	30.6236	0.00271373	11.2193	54.5005	-40	-0.16362	24.1205	 25
DATA	1745976710	768733978	98549	0	""	2025-04-29	18:31:50	13508.644	475.79379	2130.2527	39.7681	55.0003	32.0562	30.6232	0.00269802	11.219	54.5005	142	-0.16362	24.1225	242
DATA	1745976711	768388986	98553	0	""	2025-04-29	18:31:51	13508.476	475.69519	2130.0168	39.7681	55.0003	32.0562	30.6232	0.00270661	11.2197	54.5005	-65.25	-0.16362	24.1213	182
DATA	1745976712	768388986	98557	0	""	2025-04-29	18:31:52	13508.547	475.91406	2130.0669	39.7681	55.0003	32.0551	30.6232	0.00270631	11.2191	54.5005	41.75	-0.16362	24.1217	130
DATA	1745976713	768388986	98561	0	""	2025-04-29	18:31:53	13507.887	475.69864	2130.1904	39.7681	55.0003	32.0535	30.6232	0.0027058	11.2204	54.5005	-56.5	-0.16362	24.1213	 83
DATA	1745976714	768388986	98565	0	""	2025-04-29	18:31:54	13508.861	475.1488	2130.2034	39.7677	55.0003	32.0543	30.6234	0.00270873	11.2194	54.5005	67.25	-0.16362	24.1213	 91
DATA	1745976715	768388986	98569	0	""	2025-04-29	18:31:55	13509.425	475.64615	2130.1887	39.7673	55.0003	32.0551	30.6236	0.00270184	11.2201	54.5005	-65.5	-0.16362	24.1213	132
DATA	1745976716	768388986	98573	0	""	2025-04-29	18:31:56	13509.048	475.80524	2130.072	39.7689	55.0003	32.0543	30.6234	0.00269933	11.2191	54.5005	46.5	-0.16362	24.1213	 42
DATA	1745976717	768388986	98577	0	""	2025-04-29	18:31:57	13508.837	475.94992	2130.3389	39.7681	55.0003	32.0539	30.6234	0.00270792	11.2195	54.5005	-10.5	-0.16362	24.1217	165
DATA	1745976718	768022060	98581	0	""	2025-04-29	18:31:58	13508.735	475.66245	2130.0813	39.7692	55.0003	32.0527	30.6234	0.00270666	11.2198	54.5005	15.75	-0.16362	24.1213	119
DATA	1745976719	768022060	98585	0	""	2025-04-29	18:31:59	13508.815	475.82611	2130.074	39.7685	55.0003	32.0535	30.6232	0.00270362	11.2201	54.5005	102.75	-0.16362	24.1205	 93
DATA	1745976720	768022060	98589	0	""	2025-04-29	18:32:00	13509.471	475.67639	2130.0459	39.7685	55.0003	32.0578	30.6232	0.00269851	11.2198	54.5005	78.5	-0.16362	24.1205	 85
DATA	1745976721	768022060	98593	0	""	2025-04-29	18:32:01	13508.491	475.58871	2129.9893	39.7681	55.0003	32.059	30.6232	0.00270122	11.2196	54.5005	-188.5	-0.16362	24.1193	124
DATA	1745976722	768022060	98597	0	""	2025-04-29	18:32:02	13509.235	475.7381	2130.0913	39.7673	55.0003	32.0543	30.6232	0.00270246	11.2198	54.5005	218.75	-0.16362	24.1205	 99
DATA	1745976723	768022060	98601	0	""	2025-04-29	18:32:03	13509.241	475.8515	2130.0564	39.7681	55.0003	32.0555	30.6234	0.0027062	11.2202	54.5005	-18.25	-0.16362	24.1205	 14
DATA	1745976724	768022060	98605	0	""	2025-04-29	18:32:04	13508.987	475.43781	2129.9546	39.7681	55.0003	32.0562	30.6234	0.00270517	11.2196	54.5005	38.75	-0.16362	24.1205	130
DATA	1745976725	768022060	98609	0	""	2025-04-29	18:32:05	13509.019	475.20172	2129.9856	39.7673	55.0003	32.0551	30.6236	0.00270521	11.2193	54.5005	-111.75	-0.16362	24.1205	194
DATA	1745976726	767668008	98613	0	""	2025-04-29	18:32:06	13509.878	475.54605	2129.9734	39.7677	55.0003	32.0539	30.6236	0.00270181	11.22	54.5005	48.75	-0.16362	24.1209	 49
DATA	1745976727	767668008	98617	0	""	2025-04-29	18:32:07	13508.821	475.42715	2130.0083	39.7685	55.0003	32.0555	30.6232	0.00270275	11.2198	54.5005	21.25	-0.16362	24.1217	115
DATA	1745976728	767668008	98621	0	""	2025-04-29	18:32:08	13509.466	475.3299	2129.968	39.7681	55.0003	32.0578	30.6232	0.00270508	11.2194	54.5005	56.25	-0.16362	24.1209	 51
DATA	1745976729	767668008	98625	0	""	2025-04-29	18:32:09	13509.731	475.45547	2129.8408	39.7685	55.0003	32.0547	30.6232	0.00270542	11.2199	54.5005	-44.5	-0.16362	24.1217	141
DATA	1745976730	767668008	98629	0	""	2025-04-29	18:32:10	13510.073	475.48499	2130.0537	39.7677	55.0003	32.0539	30.6232	0.00269907	11.2196	54.5005	-14.75	-0.16362	24.1209	181
DATA	1745976731	767668008	98633	0	""	2025-04-29	18:32:11	13509.069	474.97131	2129.9575	39.7689	55.0003	32.0551	30.6234	0.00270364	11.2197	54.5005	17.75	-0.16362	24.1217	142
DATA	1745976732	767668008	98637	0	""	2025-04-29	18:32:12	13510.222	475.20523	2130.0334	39.7665	55.0003	32.0539	30.6234	0.00270453	11.2194	54.5005	-4.75	-0.16362	24.1213	 84
DATA	1745976733	767309904	98641	0	""	2025-04-29	18:32:13	13510.449	475.58377	2129.8547	39.7677	55.0003	32.0539	30.6234	0.00270434	11.22	54.5005	111.5	-0.16362	24.1221	 17
DATA	1745976734	767309904	98645	0	""	2025-04-29	18:32:14	13509.669	475.02121	2129.8623	39.7692	55.0003	32.0535	30.6236	0.00270404	11.2198	54.5005	-3.5	-0.16362	24.1217	 64
DATA	1745976735	767309904	98649	0	""	2025-04-29	18:32:15	13508.511	475.15762	2129.9243	39.7689	55.0003	32.0535	30.6232	0.00270213	11.2201	54.5005	59.25	-0.16362	24.1209	119
DATA	1745976736	767309904	98653	0	""	2025-04-29	18:32:16	13509.35	475.26492	2129.8403	39.7681	55.0003	32.0527	30.6232	0.00270624	11.2198	54.5005	46.25	-0.16362	24.1205	 75
DATA	1745976737	767309904	98657	0	""	2025-04-29	18:32:17	13510.102	474.99182	2129.8271	39.7685	55.0003	32.0559	30.6232	0.00270937	11.2202	54.5005	191.75	-0.16362	24.1213	179
DATA	1745976738	767309904	98661	0	""	2025-04-29	18:32:18	13508.885	475.33939	2129.8862	39.7681	55.0003	32.0562	30.6232	0.0026997	11.2196	54.5005	-41.75	-0.16362	24.1201	153
DATA	1745976739	767309904	98665	0	""	2025-04-29	18:32:19	13510.08	475.44742	2129.7502	39.7681	55.0003	32.0555	30.6232	0.00270785	11.2203	54.5005	-89.75	-0.16362	24.1205	126
DATA	1745976740	767309904	98669	0	""	2025-04-29	18:32:20	13510.044	474.83456	2130.0396	39.7677	55.0003	32.0547	30.6234	0.00270465	11.2195	54.5005	134.25	-0.16362	24.1209	168
DATA	1745976741	766958951	98673	0	""	2025-04-29	18:32:21	13509.453	475.27484	2129.8284	39.7685	55.0003	32.0562	30.6234	0.00270475	11.2202	54.5005	-1.75	-0.16362	24.1201	125
DATA	1745976742	766958951	98677	0	""	2025-04-29	18:32:22	13509.083	475.02356	2129.8308	39.7677	55.0003	32.057	30.6236	0.0027111	11.22	54.5005	49.5	-0.16362	24.1201	129
DATA	1745976743	766958951	98681	0	""	2025-04-29	18:32:23	13509.272	474.90912	2129.8716	39.7685	55.0003	32.0562	30.6232	0.00270467	11.2198	54.5005	-55.75	-0.16362	24.1209	200
DATA	1745976744	766958951	98685	0	""	2025-04-29	18:32:24	13509.914	475.51425	2129.8818	39.7681	55.0003	32.0551	30.6232	0.00270371	11.2189	54.5005	-7.5	-0.16362	24.1217	 90
DATA	1745976745	766958951	98689	0	""	2025-04-29	18:32:25	13510.306	475.07404	2129.7554	39.7681	55.0003	32.0535	30.6232	0.00270408	11.2198	54.5005	43.25	-0.16362	24.1217	133
DATA	1745976746	766958951	98693	0	""	2025-04-29	18:32:26	13509.875	474.83636	2129.5789	39.7681	55.0003	32.0535	30.6232	0.00270134	11.2202	54.5005	-11	-0.16362	24.1217	 40
DATA	1745976747	766958951	98697	0	""	2025-04-29	18:32:27	13509.216	474.8945	2129.7234	39.7681	55.0003	32.0543	30.6232	0.00269637	11.2201	54.5005	-4.75	-0.16362	24.1209	 97
DATA	1745976748	766596078	98701	0	""	2025-04-29	18:32:28	13509.985	475.03436	2129.647	39.7681	55.0003	32.0551	30.6232	0.00270419	11.2202	54.5005	47.75	-0.16362	24.1217	 87
DATA	1745976749	766596078	98705	0	""	2025-04-29	18:32:29	13510.364	475.18512	2129.7576	39.7677	55.0003	32.0574	30.6234	0.00270018	11.2204	54.5005	-3.5	-0.16362	24.1213	 72
DATA	1745976750	766596078	98709	0	""	2025-04-29	18:32:30	13510.407	474.77402	2129.7085	39.7685	55.0003	32.0562	30.6234	0.00270688	11.2205	54.5005	-28	-0.16362	24.1217	 25
DATA	1745976751	766596078	98713	0	""	2025-04-29	18:32:31	13509.089	475.02338	2129.6506	39.7685	55.0003	32.0551	30.6234	0.00270653	11.2195	54.5005	0.25	-0.16362	24.1213	 70
DATA	1745976752	766596078	98717	0	""	2025-04-29	18:32:32	13509.978	475.14694	2129.7205	39.7677	55.0003	32.0551	30.6232	0.002704	11.2202	54.5005	24.5	-0.16362	24.1205	231
DATA	1745976753	766596078	98721	0	""	2025-04-29	18:32:33	13510.191	474.79626	2129.7571	39.7685	55.0003	32.0551	30.6232	0.00270732	11.2204	54.5005	-20.25	-0.16362	24.1205	158
DATA	1745976754	766596078	98725	0	""	2025-04-29	18:32:34	13509.894	474.94724	2129.5957	39.7689	55.0003	32.0547	30.6232	0.00269965	11.2202	54.5005	-77	-0.16362	24.1209	 74
DATA	1745976755	766596078	98729	0	""	2025-04-29	18:32:35	13509.756	474.39752	2129.5149	39.7681	55.0003	32.0547	30.6232	0.00270682	11.2198	54.5005	3.75	-0.16362	24.1209	114
DATA	1745976756	766241073	98733	0	""	2025-04-29	18:32:36	13510.303	474.85263	2129.6199	39.7677	55.0003	32.0547	30.6232	0.00270573	11.2205	54.5005	32.5	-0.16362	24.1205	 61
DATA	1745976757	766241073	98737	0	""	2025-04-29	18:32:37	13509.732	475.06628	2129.6758	39.7677	55.0003	32.0535	30.6232	0.00270683	11.2201	54.5005	43	-0.16362	24.1213	234
DATA	1745976758	766241073	98741	0	""	2025-04-29	18:32:38	13508.925	474.85483	2129.6716	39.7689	55.0003	32.0543	30.6232	0.00270464	11.2203	54.5005	79	-0.16362	24.1201	240
DATA	1745976759	766241073	98745	0	""	2025-04-29	18:32:39	13508.524	474.94586	2129.6729	39.7673	55.0003	32.0543	30.6232	0.00270527	11.2202	54.5005	5.25	-0.16362	24.1209	 83
DATA	1745976760	766241073	98749	0	""	2025-04-29	18:32:40	13510.498	474.6828	2129.6338	39.7677	55.0003	32.0527	30.6234	0.00270823	11.2204	54.5005	50	-0.16362	24.1213	173
DATA	1745976761	766241073	98753	0	""	2025-04-29	18:32:41	13509.511	474.75256	2129.5557	39.7685	55.0003	32.0555	30.6232	0.00270245	11.2203	54.5005	2.75	-0.16362	24.1209	 62
DATA	1745976762	766241073	98757	0	""	2025-04-29	18:32:42	13509.148	474.48834	2129.563	39.7681	55.0003	32.0559	30.6232	0.00270208	11.2202	54.5005	86.5	-0.16362	24.1217	 22
DATA	1745976763	765892028	98761	0	""	2025-04-29	18:32:43	13509.907	474.46173	2129.3223	39.7685	55.0003	32.0555	30.6232	0.00270415	11.2199	54.5005	85	-0.16362	24.1217	242
DATA	1745976764	765892028	98765	0	""	2025-04-29	18:32:44	13510.246	474.84256	2129.678	39.7681	55.0003	32.0547	30.6232	0.00270627	11.2204	54.5005	-38.5	-0.16362	24.1213	 74
DATA	1745976765	765892028	98769	0	""	2025-04-29	18:32:45	13510.152	475.01959	2129.5632	39.7673	55.0003	32.0559	30.6234	0.0027057	11.2204	54.5005	-6.75	-0.16362	24.1217	 80
DATA	1745976766	765892028	98773	0	""	2025-04-29	18:32:46	13510.756	474.47537	2129.5208	39.7677	55.0003	32.0551	30.6236	0.00270281	11.2205	54.5005	-41.75	-0.16362	24.1213	176
DATA	1745976767	765892028	98777	0	""	2025-04-29	18:32:47	13510.227	474.88687	2129.3762	39.7681	55.0003	32.0559	30.6232	0.00270633	11.2199	54.5005	67.5	-0.16362	24.1213	109
DATA	1745976768	765892028	98781	0	""	2025-04-29	18:32:48	13510.763	474.69519	2129.6074	39.7677	55.0003	32.0555	30.6234	0.00270254	11.2201	54.5005	-24.5	-0.16362	24.1217	131
DATA	1745976769	765892028	98785	0	""	2025-04-29	18:32:49	13510.552	474.79013	2129.5234	39.7685	55.0003	32.0555	30.6232	0.00270214	11.2206	54.5005	23.25	-0.16362	24.1205	119
DATA	1745976770	765892028	98789	0	""	2025-04-29	18:32:50	13510.553	474.05609	2129.4353	39.7669	55.0003	32.0559	30.6232	0.00270608	11.2206	54.5005	-12.75	-0.16362	24.1209	174
DATA	1745976771	765537023	98793	0	""	2025-04-29	18:32:51	13511.293	474.28925	2129.4812	39.7681	55.0003	32.0555	30.6232	0.00270352	11.2209	54.5005	-5	-0.16362	24.1201	207
DATA	1745976772	765537023	98797	0	""	2025-04-29	18:32:52	13511.363	474.67349	2129.4529	39.7677	55.0003	32.0543	30.6232	0.00271081	11.2199	54.5005	-39.5	-0.16362	24.1201	127
DATA	1745976773	765537023	98801	0	""	2025-04-29	18:32:53	13512.106	474.31531	2129.4238	39.7677	55.0003	32.0547	30.6234	0.00270511	11.2205	54.5005	6.5	-0.16362	24.1193	250
DATA	1745976774	765537023	98805	0	""	2025-04-29	18:32:54	13511.573	474.46817	2129.4133	39.7681	55.0003	32.0551	30.6234	0.002711	11.2205	54.5005	0.25	-0.16362	24.1205	197
DATA	1745976775	765537023	98809	0	""	2025-04-29	18:32:55	13510.875	474.37656	2129.4143	39.7685	55.0003	32.0562	30.6234	0.00270117	11.2204	54.5005	66.75	-0.16362	24.1201	122
DATA	1745976776	765537023	98813	0	""	2025-04-29	18:32:56	13511.373	474.5654	2129.2546	39.7685	55.0003	32.059	30.6236	0.0026985	11.2204	54.5005	118.25	-0.16362	24.1209	 31
DATA	1745976777	765537023	98817	0	""	2025-04-29	18:32:57	13511.545	474.65601	2129.3779	39.7673	55.0003	32.0578	30.6234	0.00269987	11.2207	54.5005	-77	-0.16362	24.1201	 48
DATA	1745976778	765178918	98821	0	""	2025-04-29	18:32:58	13511.311	473.82019	2129.4556	39.7685	55.0003	32.0562	30.6232	0.00270574	11.2208	54.5005	-7	-0.16362	24.1209	233
DATA	1745976779	765178918	98825	0	""	2025-04-29	18:32:59	13512.594	474.32092	2129.3806	39.7681	55.0003	32.0559	30.6232	0.00270631	11.2208	54.5005	-16.25	-0.16362	24.1213	179
DATA	1745976780	765178918	98829	0	""	2025-04-29	18:33:00	13512.725	474.61859	2129.3293	39.7673	55.0003	32.0555	30.6232	0.00271364	11.2205	54.5005	8.5	-0.16362	24.1209	 32
DATA	1745976781	765178918	98833	0	""	2025-04-29	18:33:01	13512.466	474.38196	2129.05	39.7677	55.0003	32.0559	30.6232	0.00270749	11.2207	54.5005	8.5	-0.16362	24.1201	185
DATA	1745976782	765178918	98837	0	""	2025-04-29	18:33:02	13513.223	474.91711	2129.2356	39.7681	55.0003	32.0559	30.6232	0.00270748	11.2206	54.5005	-43.25	-0.16362	24.1213	164
DATA	1745976783	765178918	98841	0	""	2025-04-29	18:33:03	13513.248	475.71378	2129.1709	39.7673	55.0003	32.0562	30.6232	0.00270134	11.2214	54.5005	97	-0.16362	24.1217	235
DATA	1745976784	765178918	98845	0	""	2025-04-29	18:33:04	13512.61	475.78183	2129.0793	39.7665	55.0003	32.0566	30.6236	0.00271653	11.2205	54.5005	-179.75	-0.16362	24.1217	196
DATA	1745976785	765178918	98849	0	""	2025-04-29	18:33:05	13527.815	480.13211	2126.9946	39.7669	55.0003	32.0551	30.6232	0.00271733	11.222	54.5005	39	-0.16362	24.1217	192
DATA	1745976786	764818906	98853	0	""	2025-04-29	18:33:06	13518.817	472.23221	2121.9402	39.7677	55.0003	32.0562	30.6232	0.00269607	11.2246	54.5005	47.5	-0.16362	24.1209	 80
DATA	1745976787	764818906	98857	0	""	2025-04-29	18:33:07	13516.398	466.84113	2120.2639	39.7685	55.0003	32.057	30.6232	0.00269587	11.2248	54.5005	29.25	-0.16362	24.1209	111
DATA	1745976788	764818906	98861	0	""	2025-04-29	18:33:08	13535.379	462.68408	2115.1863	39.7681	55.0003	32.0578	30.6232	0.00268272	11.2266	54.5005	-42.5	-0.16362	24.1201	139
DATA	1745976789	764818906	98865	0	""	2025-04-29	18:33:09	13591.188	457.16098	2110.0698	39.7685	55.0003	32.0566	30.6232	0.00270064	11.2288	54.5005	101.25	-0.16362	24.1201	193
DATA	1745976790	764818906	98869	0	""	2025-04-29	18:33:10	13650.861	453.23322	2106.7065	39.7681	55.0003	32.0574	30.6232	0.00270111	11.2319	54.5005	-45.75	-0.16362	24.1209	159
DATA	1745976791	764818906	98873	0	""	2025-04-29	18:33:11	13682.383	450.02853	2104.5422	39.7677	55.0003	32.0566	30.6232	0.0027076	11.2325	54.5005	-53.25	-0.16362	24.1209	115
DATA	1745976792	764818906	98877	0	""	2025-04-29	18:33:12	13683.788	448.87961	2103.4365	39.7673	55.0003	32.0559	30.6232	0.00270939	11.2332	54.5005	-4.5	-0.16362	24.1205	101
DATA	1745976793	764460086	98881	0	""	2025-04-29	18:33:13	13666.845	448.49405	2102.7542	39.7685	55.0003	32.0555	30.6232	0.00270059	11.2336	54.5005	-36.5	-0.16362	24.1209	128
DATA	1745976794	764460086	98885	0	""	2025-04-29	18:33:14	13641.974	448.75214	2102.5271	39.7669	55.0003	32.0555	30.6232	0.00269963	11.2338	54.5005	-28.75	-0.16362	24.1205	192
DATA	1745976795	764460086	98889	0	""	2025-04-29	18:33:15	13610.95	448.97876	2102.0974	39.7677	55.0003	32.0555	30.6232	0.00268546	11.2345	54.5005	134	-0.16362	24.1217	  6
DATA	1745976796	764460086	98893	0	""	2025-04-29	18:33:16	13577.412	448.1553	2101.9915	39.7673	55.0003	32.0574	30.6232	0.0026858	11.2347	54.5005	46	-0.16362	24.1217	147
DATA	1745976797	764460086	98897	0	""	2025-04-29	18:33:17	13542.879	447.54517	2101.8342	39.7681	55.0003	32.0578	30.6232	0.00267948	11.2344	54.5005	-73	-0.16362	24.1209	 55
DATA	1745976798	764460086	98901	0	""	2025-04-29	18:33:18	13514.108	447.95047	2101.5916	39.7681	55.0003	32.0562	30.6232	0.00267356	11.2354	54.5005	111.25	-0.16362	24.1217	165
DATA	1745976799	764460086	98905	0	""	2025-04-29	18:33:19	13493.461	448.33582	2101.6211	39.7677	55.0003	32.057	30.6232	0.0026745	11.2348	54.5005	12	-0.16362	24.1217	130
DATA	1745976800	764460086	98909	0	""	2025-04-29	18:33:20	13467.261	449.22195	2101.7983	39.7677	55.0003	32.0555	30.6234	0.002668	11.2347	54.5005	23.5	-0.16362	24.1209	228
DATA	1745976801	764115095	98913	0	""	2025-04-29	18:33:21	13439.98	448.96164	2101.8462	39.7681	55.0003	32.0562	30.6232	0.00266339	11.2355	54.5005	29	-0.16362	24.1217	179
DATA	1745976802	764115095	98917	0	""	2025-04-29	18:33:22	13412.281	449.04947	2102.0562	39.7673	55.0003	32.057	30.6232	0.00266889	11.2353	54.5005	10.75	-0.16362	24.1217	 59
DATA	1745976803	764115095	98921	0	""	2025-04-29	18:33:23	13387.086	449.66031	2102.2769	39.7665	55.0003	32.0586	30.6232	0.00265734	11.2356	54.5005	58.75	-0.16362	24.1205	129
DATA	1745976804	764115095	98925	0	""	2025-04-29	18:33:24	13367.408	449.59088	2102.3159	39.7661	55.0003	32.059	30.6232	0.00265631	11.2353	54.5005	-70	-0.16362	24.1205	216
DATA	1745976805	764115095	98929	0	""	2025-04-29	18:33:25	13349.552	449.48395	2102.1245	39.7661	55.0003	32.0574	30.6232	0.0026543	11.2347	54.5005	1.75	-0.16362	24.1209	 20
DATA	1745976806	764115095	98933	0	""	2025-04-29	18:33:26	13334.134	449.59976	2101.9722	39.7654	55.0003	32.0582	30.6232	0.00265063	11.2354	54.5005	-28.5	-0.16362	24.1201	109
DATA	1745976807	764115095	98937	0	""	2025-04-29	18:33:27	13320.163	449.45175	2101.844	39.7657	55.0003	32.0559	30.6232	0.00265579	11.2356	54.5005	-28.5	-0.16362	24.1209	 75
DATA	1745976808	763751983	98941	0	""	2025-04-29	18:33:28	13307.476	449.36856	2101.8635	39.7657	55.0003	32.0559	30.6232	0.00265491	11.2359	54.5005	80	-0.16362	24.1213	  0
DATA	1745976809	763751983	98945	0	""	2025-04-29	18:33:29	13296.74	448.91415	2101.967	39.7654	55.0003	32.0559	30.6232	0.00265815	11.2357	54.5005	59	-0.16362	24.1205	160
DATA	1745976810	763751983	98949	0	""	2025-04-29	18:33:30	13286.619	449.12036	2101.9202	39.7657	55.0003	32.0586	30.6234	0.00265326	11.2357	54.5005	53.5	-0.16362	24.1209	 75
DATA	1745976811	763751983	98953	0	""	2025-04-29	18:33:31	13278.541	449.24271	2101.8037	39.7665	55.0003	32.057	30.6232	0.00264941	11.2354	54.5005	1.75	-0.16362	24.1221	 11
DATA	1745976812	763751983	98957	0	""	2025-04-29	18:33:32	13271.432	449.13657	2101.7842	39.7661	55.0003	32.0582	30.6232	0.00265073	11.2359	54.5005	-31.5	-0.16362	24.1205	110
DATA	1745976813	763751983	98961	0	""	2025-04-29	18:33:33	13271.666	449.49902	2102.0083	39.7661	55.0003	32.0566	30.6232	0.00265541	11.236	54.5005	12.25	-0.16362	24.1217	 62
DATA	1745976814	763751983	98965	0	""	2025-04-29	18:33:34	13268.076	449.29703	2101.8193	39.7654	55.0003	32.0574	30.6232	0.00265037	11.2362	54.5005	-34.5	-0.16362	24.1217	125
DATA	1745976815	763751983	98969	0	""	2025-04-29	18:33:35	13294.047	449.41031	2101.6426	39.765	55.0003	32.0543	30.6232	0.00266106	11.2359	54.5005	-39.5	-0.16362	24.1213	 62
DATA	1745976816	763394117	98973	0	""	2025-04-29	18:33:36	13319.277	448.7717	2101.5808	39.7646	55.0003	32.0547	30.6232	0.00266493	11.2363	54.5005	35	-0.16362	24.1221	189
DATA	1745976817	763394117	98977	0	""	2025-04-29	18:33:37	13307.266	449.16925	2101.5667	39.7654	55.0003	32.0562	30.6232	0.00266448	11.2359	54.5005	262.25	-0.16362	24.1213	188
DATA	1745976818	763394117	98981	0	""	2025-04-29	18:33:38	13285.482	449.57162	2101.5786	39.765	55.0003	32.0578	30.6234	0.00266196	11.2355	54.5005	-73.25	-0.16362	24.1217	144
DATA	1745976819	763394117	98985	0	""	2025-04-29	18:33:39	13266.767	449.22641	2101.6973	39.7657	55.0003	32.0574	30.6232	0.00265537	11.2357	54.5005	-11	-0.16362	24.1221	 35
DATA	1745976820	763394117	98989	0	""	2025-04-29	18:33:40	13259.337	449.28537	2101.9651	39.765	55.0003	32.0578	30.6232	0.00265171	11.2353	54.5005	-19	-0.16362	24.1205	229
DATA	1745976821	763394117	98993	0	""	2025-04-29	18:33:41	13257.886	449.30325	2101.8552	39.7646	55.0003	32.0566	30.6232	0.00265296	11.2354	54.5005	-35.75	-0.16362	24.1209	179
DATA	1745976822	763394117	98997	0	""	2025-04-29	18:33:42	13243.094	448.81656	2101.9336	39.7646	55.0003	32.0555	30.6232	0.00265534	11.2357	54.5005	-18.5	-0.16362	24.1201	118
DATA	1745976823	763044118	99001	0	""	2025-04-29	18:33:43	13224.371	448.09116	2101.7678	39.7654	55.0003	32.0551	30.6232	0.00264881	11.2359	54.5005	27.5	-0.16362	24.1201	 41
DATA	1745976824	763044118	99005	0	""	2025-04-29	18:33:44	13213.222	448.33914	2101.8667	39.765	55.0003	32.0559	30.6232	0.00264006	11.236	54.5005	61.5	-0.16362	24.1209	193
DATA	1745976825	763044118	99009	0	""	2025-04-29	18:33:45	13206.651	448.13889	2101.7617	39.7657	55.0003	32.0574	30.6232	0.00263521	11.2359	54.5005	40	-0.16362	24.1197	223
DATA	1745976826	763044118	99013	0	""	2025-04-29	18:33:46	13198.244	448.01593	2101.6123	39.7657	55.0003	32.057	30.6232	0.00263892	11.2361	54.5005	-20	-0.16362	24.1205	193
DATA	1745976827	763044118	99017	0	""	2025-04-29	18:33:47	13190.966	447.82651	2101.408	39.7657	55.0003	32.0559	30.6232	0.00263999	11.2362	54.5005	42	-0.16362	24.1205	180
DATA	1745976828	763044118	99021	0	""	2025-04-29	18:33:48	13186.263	447.89847	2101.5735	39.7657	55.0003	32.0586	30.6232	0.00263685	11.2359	54.5005	93.75	-0.16362	24.1221	142
DATA	1745976829	763044118	99025	0	""	2025-04-29	18:33:49	13180.864	447.69757	2101.7405	39.7654	55.0003	32.0594	30.6232	0.00263679	11.2361	54.5005	-35.25	-0.16362	24.1213	172
DATA	1745976830	763044118	99029	0	""	2025-04-29	18:33:50	13178.492	447.86386	2101.8806	39.7657	55.0003	32.0586	30.6232	0.00263861	11.2359	54.5005	62	-0.16362	24.1221	232
DATA	1745976831	762684106	99033	0	""	2025-04-29	18:33:51	13175.995	447.57608	2101.8054	39.7654	55.0003	32.0566	30.6232	0.00263618	11.2361	54.5005	21.5	-0.16362	24.1221	 56
DATA	1745976832	762684106	99037	0	""	2025-04-29	18:33:52	13172.336	447.32996	2101.7451	39.7654	55.0003	32.0578	30.6232	0.00264485	11.2364	54.5005	-51.75	-0.16362	24.1213	164
DATA	1745976833	762684106	99041	0	""	2025-04-29	18:33:53	13171.052	447.02759	2101.7307	39.765	55.0003	32.0582	30.6232	0.00264157	11.2363	54.5005	-28	-0.16362	24.1221	192
DATA	1745976834	762684106	99045	0	""	2025-04-29	18:33:54	13169.059	447.3725	2101.7649	39.7654	55.0003	32.0582	30.6232	0.00263434	11.236	54.5005	49.75	-0.16362	24.1209	 27
DATA	1745976835	762684106	99049	0	""	2025-04-29	18:33:55	13166.668	447.74451	2101.8218	39.7654	55.0003	32.059	30.6232	0.002638	11.2364	54.5005	-86.25	-0.16362	24.1221	 20
DATA	1745976836	762684106	99053	0	""	2025-04-29	18:33:56	13165.253	447.83398	2101.9731	39.765	55.0003	32.0582	30.6232	0.00264126	11.2359	54.5005	8.75	-0.16362	24.1217	 27
DATA	1745976837	762684106	99057	0	""	2025-04-29	18:33:57	13166.951	448.43228	2101.8281	39.7661	55.0003	32.059	30.6232	0.00263428	11.2359	54.5005	-1.25	-0.16362	24.1205	 62
DATA	1745976838	762320041	99061	0	""	2025-04-29	18:33:58	13166.996	447.96817	2101.6609	39.7654	55.0003	32.0586	30.6232	0.00263813	11.2361	54.5005	-47.5	-0.16362	24.1209	124
DATA	1745976839	762320041	99065	0	""	2025-04-29	18:33:59	13165.009	447.69205	2101.8242	39.7654	55.0003	32.0578	30.6232	0.0026398	11.2366	54.5005	12.75	-0.16362	24.1205	 61
DATA	1745976840	762320041	99069	0	""	2025-04-29	18:34:00	13165.454	447.39536	2101.6565	39.7657	55.0003	32.0586	30.6232	0.00263103	11.2359	54.5005	88.75	-0.16362	24.1205	110
DATA	1745976841	762320041	99073	0	""	2025-04-29	18:34:01	13163.101	447.04089	2101.4009	39.7657	55.0003	32.0574	30.6232	0.00264347	11.2358	54.5005	-40.5	-0.16362	24.1205	 65
DATA	1745976842	762320041	99077	0	""	2025-04-29	18:34:02	13159.29	447.2482	2101.4282	39.7654	55.0003	32.0555	30.6232	0.00263916	11.2363	54.5005	40.75	-0.16362	24.1205	246
DATA	1745976843	762320041	99081	0	""	2025-04-29	18:34:03	13156.06	447.26172	2101.5911	39.7646	55.0003	32.0566	30.6232	0.00263895	11.236	54.5005	88.5	-0.16362	24.1205	200
DATA	1745976844	762320041	99085	0	""	2025-04-29	18:34:04	13155.749	447.12854	2101.6248	39.765	55.0003	32.059	30.6232	0.00264022	11.2361	54.5005	-42	-0.16362	24.1205	137
DATA	1745976845	762320041	99089	0	""	2025-04-29	18:34:05	13157.753	446.95184	2101.6416	39.7657	55.0003	32.0601	30.6232	0.00263872	11.2361	54.5005	58.75	-0.16362	24.1221	109
DATA	1745976846	761974096	99093	0	""	2025-04-29	18:34:06	13154.788	446.31821	2101.4924	39.7646	55.0003	32.059	30.6232	0.00263285	11.2364	54.5005	80	-0.16362	24.1213	181
DATA	1745976847	761974096	99097	0	""	2025-04-29	18:34:07	13152.629	446.14093	2101.5549	39.7657	55.0003	32.059	30.6232	0.00263558	11.2362	54.5005	-121.75	-0.16362	24.1213	175
DATA	1745976848	761974096	99101	0	""	2025-04-29	18:34:08	13151.94	446.15262	2101.5249	39.765	55.0003	32.0574	30.6232	0.00264255	11.2359	54.5005	75	-0.16362	24.1213	119
DATA	1745976849	761974096	99105	0	""	2025-04-29	18:34:09	13148.877	447.0365	2101.6082	39.7642	55.0003	32.0582	30.6232	0.00264333	11.2365	54.5005	-85	-0.16362	24.1217	227
DATA	1745976850	761974096	99109	0	""	2025-04-29	18:34:10	13146.222	447.26645	2101.5569	39.765	55.0003	32.0562	30.6232	0.00263817	11.2362	54.5005	93.25	-0.16362	24.1213	 58
DATA	1745976851	761974096	99113	0	""	2025-04-29	18:34:11	13147.379	446.22989	2101.4858	39.7654	55.0003	32.0574	30.6232	0.00263995	11.2364	54.5005	54.75	-0.16362	24.1217	145
DATA	1745976852	761974096	99117	0	""	2025-04-29	18:34:12	13152.523	446.27161	2101.5681	39.7646	55.0003	32.0566	30.6232	0.00263697	11.2357	54.5005	18	-0.16362	24.1209	226
DATA	1745976853	761615037	99121	0	""	2025-04-29	18:34:13	13149.688	446.32938	2101.4231	39.7654	55.0003	32.0574	30.6234	0.00263706	11.2365	54.5005	-54.75	-0.16362	24.1213	154
DATA	1745976854	761615037	99125	0	""	2025-04-29	18:34:14	13143.187	446.18661	2101.5886	39.7657	55.0003	32.0566	30.6232	0.00263518	11.2364	54.5005	42	-0.16362	24.1205	219
DATA	1745976855	761615037	99129	0	""	2025-04-29	18:34:15	13138.269	446.40958	2101.4146	39.7657	55.0003	32.0586	30.6232	0.00263327	11.2367	54.5005	43.25	-0.16362	24.1205	119
DATA	1745976856	761615037	99133	0	""	2025-04-29	18:34:16	13135.037	445.92307	2101.5754	39.7654	55.0003	32.0562	30.6232	0.00263167	11.2362	54.5005	-6.75	-0.16362	24.1205	 95
DATA	1745976857	761615037	99137	0	""	2025-04-29	18:34:17	13132.142	446.36676	2101.7822	39.7654	55.0003	32.0578	30.6232	0.0026271	11.2369	54.5005	-30.75	-0.16362	24.1201	101
DATA	1745976858	761615037	99141	0	""	2025-04-29	18:34:18	13129.523	446.11609	2101.9304	39.765	55.0003	32.0566	30.6232	0.00264087	11.2363	54.5005	144.75	-0.16362	24.1205	102
DATA	1745976859	761615037	99145	0	""	2025-04-29	18:34:19	13129.16	446.44193	2102.0798	39.7646	55.0003	32.0597	30.6232	0.00263099	11.2362	54.5005	39.25	-0.16362	24.1201	 74
DATA	1745976860	761615037	99149	0	""	2025-04-29	18:34:20	13128.198	446.4241	2101.9036	39.7654	55.0003	32.0582	30.6234	0.00263272	11.2366	54.5005	-57.25	-0.16362	24.1209	100
DATA	1745976861	761264085	99153	0	""	2025-04-29	18:34:21	13127.033	446.46683	2101.9231	39.7654	55.0003	32.0582	30.6232	0.00263728	11.2363	54.5005	81	-0.16362	24.1205	204
DATA	1745976862	761264085	99157	0	""	2025-04-29	18:34:22	13127.191	446.0065	2101.7852	39.7646	55.0003	32.057	30.6234	0.00263592	11.2363	54.5005	-20.75	-0.16362	24.1217	 48
DATA	1745976863	761264085	99161	0	""	2025-04-29	18:34:23	13126.041	446.3071	2101.5684	39.7654	55.0003	32.0578	30.6232	0.002631	11.2363	54.5005	118.25	-0.16362	24.1217	243
DATA	1745976864	761264085	99165	0	""	2025-04-29	18:34:24	13124.829	446.23242	2101.7383	39.7654	55.0003	32.059	30.6232	0.00263679	11.2366	54.5005	-52.25	-0.16362	24.1217	113
DATA	1745976865	761264085	99169	0	""	2025-04-29	18:34:25	13125.714	445.9512	2101.7141	39.765	55.0003	32.0586	30.6232	0.00264448	11.2368	54.5005	72.75	-0.16362	24.1209	 21
DATA	1745976866	761264085	99173	0	""	2025-04-29	18:34:26	13135.554	445.42746	2101.6167	39.7657	55.0003	32.0582	30.6232	0.00264174	11.2365	54.5005	-60	-0.16362	24.1213	  9
DATA	1745976867	761264085	99177	0	""	2025-04-29	18:34:27	13144.31	445.73941	2101.6997	39.7638	55.0003	32.059	30.6232	0.0026346	11.2359	54.5005	-11.25	-0.16362	24.1213	 16
DATA	1745976868	760895013	99181	0	""	2025-04-29	18:34:28	13150.041	446.30801	2101.7058	39.7646	55.0003	32.0559	30.6232	0.00263897	11.2365	54.5005	-15.5	-0.16362	24.1213	102
DATA	1745976869	760895013	99185	0	""	2025-04-29	18:34:29	13141.448	446.25208	2101.5825	39.7646	55.0003	32.0559	30.6234	0.002636	11.2359	54.5005	44.5	-0.16362	24.1213	228
DATA	1745976870	760895013	99189	0	""	2025-04-29	18:34:30	13130.271	446.08337	2101.7202	39.765	55.0003	32.0578	30.6234	0.00263597	11.2364	54.5005	119.75	-0.16362	24.1205	109
DATA	1745976871	760895013	99193	0	""	2025-04-29	18:34:31	13125.669	446.21057	2101.9487	39.765	55.0003	32.0597	30.6232	0.00262807	11.236	54.5005	-80.75	-0.16362	24.1205	 66
DATA	1745976872	760895013	99197	0	""	2025-04-29	18:34:32	13122.632	446.78427	2101.8875	39.7642	55.0003	32.0578	30.6232	0.00262733	11.2361	54.5005	146.5	-0.16362	24.1189	129
DATA	1745976873	760895013	99201	0	""	2025-04-29	18:34:33	13122.273	447.00876	2102.093	39.765	55.0003	32.059	30.6232	0.0026418	11.2361	54.5005	-63.5	-0.16362	24.1209	140
DATA	1745976874	760895013	99205	0	""	2025-04-29	18:34:34	13122.572	446.93805	2101.8083	39.765	55.0003	32.0566	30.6232	0.00262496	11.2368	54.5005	-3.5	-0.16362	24.1201	  1
DATA	1745976875	760895013	99209	0	""	2025-04-29	18:34:35	13122.146	446.95535	2102.0959	39.7642	55.0003	32.0578	30.6232	0.00263152	11.2364	54.5005	135.75	-0.16362	24.1197	175
DATA	1745976876	760549068	99213	0	""	2025-04-29	18:34:36	13121.063	446.98666	2102.0962	39.7646	55.0003	32.057	30.6232	0.00263333	11.2367	54.5005	-40.25	-0.16362	24.1209	110
DATA	1745976877	760549068	99217	0	""	2025-04-29	18:34:37	13121.523	447.45605	2102.022	39.7654	55.0003	32.057	30.6234	0.00263039	11.2363	54.5005	-23.5	-0.16362	24.1201	241
DATA	1745976878	760549068	99221	0	""	2025-04-29	18:34:38	13121.741	448.66083	2102.252	39.7646	55.0003	32.0574	30.6236	0.00263299	11.2365	54.5005	49.75	-0.16362	24.1205	 80
DATA	1745976879	760549068	99225	0	""	2025-04-29	18:34:39	13122.932	448.61862	2102.3679	39.7654	55.0003	32.0594	30.6232	0.00263249	11.2364	54.5005	272.5	-0.16362	24.1225	137
DATA	1745976880	760549068	99229	0	""	2025-04-29	18:34:40	13123.256	448.90796	2102.4465	39.7654	55.0003	32.0586	30.6232	0.00262968	11.236	54.5005	-95.75	-0.16362	24.1213	135
DATA	1745976881	760549068	99233	0	""	2025-04-29	18:34:41	13124.021	449.04358	2102.4143	39.7646	55.0003	32.0582	30.6232	0.0026383	11.2363	54.5005	25.25	-0.16362	24.1213	 38
DATA	1745976882	760549068	99237	0	""	2025-04-29	18:34:42	13124.854	448.67877	2102.4248	39.7646	55.0003	32.059	30.6232	0.00262957	11.2359	54.5005	-101.25	-0.16362	24.1209	184
DATA	1745976883	760185956	99241	0	""	2025-04-29	18:34:43	13124.846	448.55072	2102.2148	39.7654	55.0003	32.0562	30.6232	0.00263789	11.2361	54.5005	-67.5	-0.16362	24.1205	117
DATA	1745976884	760185956	99245	0	""	2025-04-29	18:34:44	13124.487	448.59021	2102.5535	39.765	55.0003	32.057	30.6232	0.00263707	11.236	54.5005	174	-0.16362	24.1217	127
DATA	1745976885	760185956	99249	0	""	2025-04-29	18:34:45	13124.645	448.20337	2102.1826	39.765	55.0003	32.0574	30.6232	0.00263419	11.2362	54.5005	-158.5	-0.16362	24.1209	119
DATA	1745976886	760185956	99253	0	""	2025-04-29	18:34:46	13124.779	447.84018	2102.2449	39.7646	55.0003	32.0539	30.6234	0.00264658	11.2363	54.5005	81.25	-0.16362	24.1213	141
DATA	1745976887	760185956	99257	0	""	2025-04-29	18:34:47	13123.046	447.95325	2102.1174	39.765	55.0003	32.0562	30.6232	0.00263579	11.2364	54.5005	1	-0.16362	24.1213	124
DATA	1745976888	760185956	99261	0	""	2025-04-29	18:34:48	13122.79	448.49106	2102.075	39.765	55.0003	32.0562	30.6232	0.00264305	11.2359	54.5005	15.25	-0.16362	24.1205	221
DATA	1745976889	760185956	99265	0	""	2025-04-29	18:34:49	13122.438	447.88571	2102.1626	39.765	55.0003	32.0559	30.6232	0.0026371	11.2366	54.5005	54	-0.16362	24.1201	138
DATA	1745976890	760185956	99269	0	""	2025-04-29	18:34:50	13121.663	447.82013	2102.0869	39.7654	55.0003	32.0555	30.6232	0.0026339	11.2366	54.5005	19.25	-0.16362	24.1201	 64
DATA	1745976891	759829998	99273	0	""	2025-04-29	18:34:51	13122.051	446.92239	2102.1243	39.765	55.0003	32.0574	30.6232	0.00263359	11.2362	54.5005	26.75	-0.16362	24.1197	 84
DATA	1745976892	759829998	99277	0	""	2025-04-29	18:34:52	13120.469	446.86389	2102.1353	39.7654	55.0003	32.059	30.6232	0.0026357	11.2366	54.5005	57.25	-0.16362	24.1205	 54
DATA	1745976893	759829998	99281	0	""	2025-04-29	18:34:53	13119.715	445.72366	2101.9048	39.7642	55.0003	32.0574	30.6232	0.00264401	11.2361	54.5005	18	-0.16362	24.1209	242
DATA	1745976894	759829998	99285	0	""	2025-04-29	18:34:54	13117.649	445.75192	2101.939	39.765	55.0003	32.0551	30.6234	0.00263447	11.237	54.5005	47.5	-0.16362	24.1205	210
DATA	1745976895	759829998	99289	0	""	2025-04-29	18:34:55	13116.339	446.28333	2102.2786	39.7646	55.0003	32.0574	30.6234	0.00263525	11.2365	54.5005	-20.25	-0.16362	24.1205	195
DATA	1745976896	759829998	99293	0	""	2025-04-29	18:34:56	13116.032	447.00748	2102.0603	39.7654	55.0003	32.0578	30.6232	0.00263572	11.2362	54.5005	-33	-0.16362	24.1213	 23
DATA	1745976897	759829998	99297	0	""	2025-04-29	18:34:57	13114.341	446.74472	2102.1658	39.765	55.0003	32.0582	30.6232	0.00263937	11.2369	54.5005	5.25	-0.16362	24.1213	 55
DATA	1745976898	759469985	99301	0	""	2025-04-29	18:34:58	13113.462	446.44324	2102.1123	39.7642	55.0003	32.0562	30.6232	0.00263558	11.2367	54.5005	-58.25	-0.16362	24.1213	167
DATA	1745976899	759469985	99305	0	""	2025-04-29	18:34:59	13114.232	447.26001	2102.1858	39.7646	55.0003	32.057	30.6232	0.00263538	11.2363	54.5005	101	-0.16362	24.1213	225
DATA	1745976900	759469985	99309	0	""	2025-04-29	18:35:00	13116.362	447.89609	2102.2546	39.7654	55.0003	32.0574	30.6232	0.00263761	11.2367	54.5005	43.5	-0.16362	24.1209	 81
DATA	1745976901	759469985	99313	0	""	2025-04-29	18:35:01	13111.865	446.40994	2102.228	39.765	55.0003	32.0562	30.6234	0.00263978	11.2364	54.5005	-29.75	-0.16362	24.1217	 78
DATA	1745976902	759469985	99317	0	""	2025-04-29	18:35:02	13109.548	445.75079	2102.1187	39.7646	55.0003	32.0559	30.6236	0.0026333	11.2367	54.5005	57.25	-0.16362	24.1201	 85
DATA	1745976903	759469985	99321	0	""	2025-04-29	18:35:03	13108.088	445.50558	2102.1248	39.7646	55.0003	32.0574	30.6236	0.00263053	11.2364	54.5005	-9.5	-0.16362	24.1217	 68
DATA	1745976904	759469985	99325	0	""	2025-04-29	18:35:04	13107.456	445.64523	2102.1133	39.7654	55.0003	32.0578	30.6232	0.0026453	11.2367	54.5005	-29.5	-0.16362	24.1209	 68
DATA	1745976905	759469985	99329	0	""	2025-04-29	18:35:05	13106.212	445.93967	2102.0884	39.7657	55.0003	32.0551	30.6232	0.00263626	11.2364	54.5005	63	-0.16362	24.1201	235
DATA	1745976906	759125947	99333	0	""	2025-04-29	18:35:06	13106.506	446.1181	2101.9685	39.7646	55.0003	32.0566	30.6232	0.00263893	11.2367	54.5005	111.25	-0.16362	24.1205	114
DATA	1745976907	759125947	99337	0	""	2025-04-29	18:35:07	13104.203	446.20947	2101.813	39.765	55.0003	32.0566	30.6232	0.00262966	11.2369	54.5005	37.75	-0.16362	24.1209	 24
DATA	1745976908	759125947	99341	0	""	2025-04-29	18:35:08	13105.523	446.3494	2102.0942	39.7654	55.0003	32.057	30.6232	0.00263138	11.2364	54.5005	46.25	-0.16362	24.1197	 16
DATA	1745976909	759125947	99345	0	""	2025-04-29	18:35:09	13104.685	446.23676	2102.1074	39.765	55.0003	32.0578	30.6232	0.00263537	11.236	54.5005	14	-0.16362	24.1197	136
DATA	1745976910	759125947	99349	0	""	2025-04-29	18:35:10	13104.509	446.70193	2102.0527	39.7654	55.0003	32.0586	30.6232	0.00263591	11.2368	54.5005	68.5	-0.16362	24.1209	 70
DATA	1745976911	759125947	99353	0	""	2025-04-29	18:35:11	13105.626	446.56372	2102.0088	39.7654	55.0003	32.059	30.6234	0.00263432	11.2363	54.5005	-74.25	-0.16362	24.1201	 95
DATA	1745976912	759125947	99357	0	""	2025-04-29	18:35:12	13105.274	446.54709	2102.0049	39.7646	55.0003	32.0566	30.6234	0.00263993	11.237	54.5005	-16	-0.16362	24.1209	224
DATA	1745976913	758766889	99361	0	""	2025-04-29	18:35:13	13104.366	446.39612	2102.0393	39.7657	55.0003	32.057	30.6232	0.00263567	11.2361	54.5005	233.75	-0.16362	24.1217	128
DATA	1745976914	758766889	99365	0	""	2025-04-29	18:35:14	13106.086	446.15216	2102.1008	39.7646	55.0003	32.0574	30.6232	0.00263881	11.2366	54.5005	-24.25	-0.16362	24.1213	163
DATA	1745976915	758766889	99369	0	""	2025-04-29	18:35:15	13105.024	446.63733	2101.8972	39.7646	55.0003	32.0574	30.6232	0.00263839	11.2362	54.5005	45.25	-0.16362	24.1221	139
DATA	1745976916	758766889	99373	0	""	2025-04-29	18:35:16	13106.049	447.14227	2102.1936	39.7646	55.0003	32.0582	30.6232	0.00263284	11.2367	54.5005	-24.5	-0.16362	24.1217	128
DATA	1745976917	758766889	99377	0	""	2025-04-29	18:35:17	13105.732	447.00388	2102.3157	39.765	55.0003	32.0578	30.6232	0.00263867	11.2363	54.5005	-63.25	-0.16362	24.1217	140
DATA	1745976918	758766889	99381	0	""	2025-04-29	18:35:18	13104.756	447.91751	2102.2993	39.7646	55.0003	32.0574	30.6232	0.00263068	11.2368	54.5005	121.75	-0.16362	24.1209	204
DATA	1745976919	758766889	99385	0	""	2025-04-29	18:35:19	13105.167	448.57962	2102.3794	39.765	55.0003	32.0578	30.6236	0.00263737	11.2365	54.5005	-6	-0.16362	24.1217	221
DATA	1745976920	758766889	99389	0	""	2025-04-29	18:35:20	13105.377	449.00482	2102.5393	39.7654	55.0003	32.0578	30.6232	0.00263318	11.2369	54.5009	51.5	-0.16362	24.1213	 88
DATA	1745976921	758405923	99393	0	""	2025-04-29	18:35:21	13103.876	448.68396	2102.5139	39.7646	55.0003	32.0582	30.6232	0.00263194	11.2365	54.5007	65.25	-0.16362	24.1205	129
DATA	1745976922	758405923	99397	0	""	2025-04-29	18:35:22	13104.305	448.1839	2102.2732	39.765	55.0003	32.0586	30.6232	0.00263599	11.2361	54.5007	-59.25	-0.16362	24.1209	 68
DATA	1745976923	758405923	99401	0	""	2025-04-29	18:35:23	13104.343	448.06134	2102.2488	39.7654	55.0003	32.0574	30.6232	0.00263661	11.2367	54.5005	113.5	-0.16362	24.1205	 90
DATA	1745976924	758405923	99405	0	""	2025-04-29	18:35:24	13103.532	447.2478	2102.2734	39.7657	55.0003	32.0597	30.6232	0.00263061	11.2369	54.5007	50.75	-0.16362	24.1201	 56
DATA	1745976925	758405923	99409	0	""	2025-04-29	18:35:25	13103.832	447.6059	2102.0964	39.7654	55.0003	32.0586	30.6232	0.00262739	11.2363	54.5007	-60.5	-0.16362	24.1209	 66
DATA	1745976926	758405923	99413	0	""	2025-04-29	18:35:26	13104.54	448.04773	2102.1775	39.7657	55.0003	32.0574	30.6232	0.0026374	11.2366	54.5007	194.5	-0.16362	24.1221	 16
DATA	1745976927	758405923	99417	0	""	2025-04-29	18:35:27	13103.624	448.41125	2102.2952	39.7646	55.0003	32.0582	30.6232	0.00263858	11.2363	54.5007	-143.75	-0.16362	24.1209	214
DATA	1745976928	758049011	99421	0	""	2025-04-29	18:35:28	13104.229	448.87158	2102.4551	39.765	55.0003	32.057	30.6232	0.00263383	11.2365	54.5005	32.75	-0.16362	24.1213	  6
DATA	1745976929	758049011	99425	0	""	2025-04-29	18:35:29	13105.198	449.302	2102.3936	39.7657	55.0003	32.0574	30.6234	0.00263686	11.2365	54.5005	23.75	-0.16362	24.1205	 21
DATA	1745976930	758049011	99429	0	""	2025-04-29	18:35:30	13104.832	449.5376	2102.4312	39.7646	55.0003	32.0578	30.6232	0.00262855	11.2367	54.5005	-43.5	-0.16362	24.1205	 47
DATA	1745976931	758049011	99433	0	""	2025-04-29	18:35:31	13105.507	450.03055	2102.3862	39.7642	55.0003	32.057	30.6232	0.00263264	11.2368	54.5005	-52.5	-0.16362	24.1217	 24
DATA	1745976932	758049011	99437	0	""	2025-04-29	18:35:32	13106.04	449.44165	2102.5139	39.765	55.0003	32.0555	30.6234	0.00263275	11.2364	54.5005	-33.75	-0.16362	24.1209	 46
DATA	1745976933	758049011	99441	0	""	2025-04-29	18:35:33	13105.345	448.90106	2102.6064	39.7646	55.0003	32.0559	30.6232	0.00263626	11.2361	54.5005	74	-0.16362	24.1205	201
DATA	1745976934	758049011	99445	0	""	2025-04-29	18:35:34	13105.777	447.95096	2102.3655	39.7646	55.0003	32.0566	30.6234	0.00263703	11.2364	54.5005	48.5	-0.16362	24.1213	 73
DATA	1745976935	758049011	99449	0	""	2025-04-29	18:35:35	13104.49	447.375	2102.3669	39.7642	55.0003	32.0562	30.6234	0.00263783	11.237	54.5005	16	-0.16362	24.1213	 18
DATA	1745976936	757704019	99453	0	""	2025-04-29	18:35:36	13103.224	446.92538	2102.3997	39.765	55.0003	32.0551	30.6236	0.00262957	11.2363	54.5005	-3.25	-0.16362	24.1217	 66
DATA	1745976937	757704019	99457	0	""	2025-04-29	18:35:37	13103.371	446.95447	2102.3579	39.765	55.0003	32.0562	30.6236	0.0026339	11.2366	54.5005	105	-0.16362	24.1213	179
DATA	1745976938	757704019	99461	0	""	2025-04-29	18:35:38	13102.053	446.85181	2102.3765	39.7646	55.0003	32.0578	30.6232	0.00263456	11.2365	54.5005	-77.5	-0.16362	24.1209	122
DATA	1745976939	757704019	99465	0	""	2025-04-29	18:35:39	13102.888	446.72388	2102.1917	39.765	55.0003	32.057	30.6232	0.00262677	11.2365	54.5005	66.75	-0.16362	24.1205	 45
DATA	1745976940	757704019	99469	0	""	2025-04-29	18:35:40	13103.316	446.703	2102.3003	39.7654	55.0003	32.0566	30.6232	0.00263098	11.2364	54.5005	-44	-0.16362	24.1209	143
DATA	1745976941	757704019	99473	0	""	2025-04-29	18:35:41	13102.361	446.77292	2102.2632	39.7654	55.0003	32.0559	30.6232	0.0026341	11.2365	54.5005	-0.75	-0.16362	24.1201	 36
DATA	1745976942	757704019	99477	0	""	2025-04-29	18:35:42	13103.156	446.10919	2102.353	39.765	55.0003	32.0559	30.6232	0.00263648	11.2364	54.5005	24.25	-0.16362	24.1201	  0
DATA	1745976943	757345914	99481	0	""	2025-04-29	18:35:43	13102.595	445.33603	2102.1028	39.7654	55.0003	32.0562	30.6232	0.00264388	11.2367	54.5005	28.25	-0.16362	24.1205	109
DATA	1745976944	757345914	99485	0	""	2025-04-29	18:35:44	13114.56	446.8407	2102.0779	39.765	55.0003	32.0574	30.6234	0.00263716	11.2369	54.5005	1.5	-0.16362	24.1205	129
DATA	1745976945	757345914	99489	0	""	2025-04-29	18:35:45	13135.354	447.17172	2102.2471	39.7654	55.0003	32.0559	30.6234	0.00264399	11.2365	54.5005	105	-0.16362	24.1209	 35
DATA	1745976946	757345914	99493	0	""	2025-04-29	18:35:46	13142.888	447.10352	2102.2617	39.7646	55.0003	32.0574	30.6234	0.00263962	11.2366	54.5005	24.25	-0.16362	24.1213	127
DATA	1745976947	757345914	99497	0	""	2025-04-29	18:35:47	13145.128	448.43246	2102.3186	39.7657	55.0003	32.057	30.6232	0.00263769	11.2364	54.5005	-60.5	-0.16362	24.1217	 84
DATA	1745976948	757345914	99501	0	""	2025-04-29	18:35:48	13147.808	448.16107	2102.25	39.7646	55.0003	32.0559	30.6232	0.00264565	11.2361	54.5005	158.75	-0.16362	24.1217	 79
DATA	1745976949	757345914	99505	0	""	2025-04-29	18:35:49	13140.457	447.46985	2102.2278	39.7654	55.0003	32.057	30.6232	0.00264112	11.2363	54.5005	-65.5	-0.16362	24.1221	 70
DATA	1745976950	757345914	99509	0	""	2025-04-29	18:35:50	13128.561	446.95767	2101.9929	39.7654	55.0003	32.0566	30.6232	0.00264383	11.2364	54.5005	24.25	-0.16362	24.1209	140
DATA	1745976951	756988048	99513	0	""	2025-04-29	18:35:51	13120.304	446.08588	2101.9863	39.7642	55.0003	32.0566	30.6232	0.00264133	11.2364	54.5005	25.75	-0.16362	24.1213	117
DATA	1745976952	756988048	99517	0	""	2025-04-29	18:35:52	13114.141	445.91217	2102.0037	39.7646	55.0003	32.0555	30.6234	0.00263855	11.2361	54.5005	-15	-0.16362	24.1209	  6
DATA	1745976953	756988048	99521	0	""	2025-04-29	18:35:53	13108.795	446.04117	2101.9236	39.7654	55.0003	32.0559	30.6232	0.00263532	11.2365	54.5005	52.75	-0.16362	24.1213	126
DATA	1745976954	756988048	99525	0	""	2025-04-29	18:35:54	13107.496	446.17502	2102.0415	39.7646	55.0003	32.0559	30.6236	0.00263735	11.2361	54.5005	-22.75	-0.16362	24.1213	170
DATA	1745976955	756988048	99529	0	""	2025-04-29	18:35:55	13106.024	446.77863	2102.1211	39.7642	55.0003	32.0559	30.6232	0.00263707	11.2366	54.5005	4.75	-0.16362	24.1209	 81
DATA	1745976956	756988048	99533	0	""	2025-04-29	18:35:56	13105.757	447.6225	2102.3464	39.7661	55.0003	32.0559	30.6232	0.00263671	11.2364	54.5005	31.5	-0.16362	24.1209	 31
DATA	1745976957	756988048	99537	0	""	2025-04-29	18:35:57	13106.686	447.15274	2102.3633	39.7654	55.0003	32.0547	30.6232	0.00263977	11.2365	54.5005	74.25	-0.16362	24.1205	151
DATA	1745976958	756630897	99541	0	""	2025-04-29	18:35:58	13105.825	446.4805	2102.2417	39.7646	55.0003	32.0578	30.6232	0.00263523	11.2367	54.5005	-41.5	-0.16362	24.1197	 79
DATA	1745976959	756630897	99545	0	""	2025-04-29	18:35:59	13104.6	446.35703	2102.1943	39.765	55.0003	32.0566	30.6234	0.00263844	11.2364	54.5005	-21.75	-0.16362	24.1201	 19
DATA	1745976960	756630897	99549	0	""	2025-04-29	18:36:00	13104.329	445.76517	2102.1919	39.7642	55.0003	32.0559	30.6232	0.00263361	11.2367	54.5005	5.5	-0.16362	24.1209	 24
DATA	1745976961	756630897	99553	0	""	2025-04-29	18:36:01	13102.997	445.72028	2102.093	39.7654	55.0003	32.0562	30.6232	0.00263801	11.2364	54.5005	72.5	-0.16362	24.1201	  4
DATA	1745976962	756630897	99557	0	""	2025-04-29	18:36:02	13102.208	445.33646	2101.9851	39.765	55.0003	32.0555	30.6236	0.00263969	11.2368	54.5005	-4.75	-0.16362	24.1205	 80
DATA	1745976963	756630897	99561	0	""	2025-04-29	18:36:03	13105.735	445.75052	2102.0498	39.765	55.0003	32.0574	30.6236	0.00264338	11.2362	54.5005	-38	-0.16362	24.1209	228
DATA	1745976964	756630897	99565	0	""	2025-04-29	18:36:04	13106.471	445.77328	2102.1814	39.7654	55.0003	32.057	30.6232	0.00263581	11.2362	54.5005	48.75	-0.16362	24.1209	 82
DATA	1745976965	756630897	99569	0	""	2025-04-29	18:36:05	13104.778	446.6283	2102.2485	39.7657	55.0003	32.0574	30.6232	0.00262768	11.2365	54.5005	-26	-0.16362	24.1217	252
DATA	1745976966	756278038	99573	0	""	2025-04-29	18:36:06	13104.142	446.77231	2102.3162	39.7646	55.0003	32.057	30.6232	0.00263925	11.2366	54.5005	-37.5	-0.16362	24.1213	 55
DATA	1745976967	756278038	99577	0	""	2025-04-29	18:36:07	13103.113	446.71884	2102.2334	39.7646	55.0003	32.0562	30.6232	0.00263214	11.2363	54.5005	15	-0.16362	24.1205	212
DATA	1745976968	756278038	99581	0	""	2025-04-29	18:36:08	13101.057	446.18259	2102.0315	39.7646	55.0003	32.0574	30.6232	0.00262784	11.2364	54.5005	-26	-0.16362	24.1213	 13
DATA	1745976969	756278038	99585	0	""	2025-04-29	18:36:09	13099.722	446.18719	2102.0381	39.7657	55.0003	32.0578	30.6234	0.00262948	11.2363	54.5005	-52.75	-0.16362	24.1209	205
DATA	1745976970	756278038	99589	0	""	2025-04-29	18:36:10	13099.642	445.90918	2102.0068	39.765	55.0003	32.0559	30.6234	0.00263952	11.2365	54.5005	-7.25	-0.16362	24.1209	 85
DATA	1745976971	756278038	99593	0	""	2025-04-29	18:36:11	13099.102	445.96179	2102.0081	39.765	55.0003	32.0562	30.6236	0.00263087	11.2364	54.5005	2.25	-0.16362	24.1217	 16
DATA	1745976972	756278038	99597	0	""	2025-04-29	18:36:12	13098.909	446.10876	2101.9248	39.7642	55.0003	32.0551	30.6232	0.00263878	11.2366	54.5005	-84.25	-0.16362	24.1205	193
DATA	1745976973	755913019	99601	0	""	2025-04-29	18:36:13	13098.454	445.69019	2101.9424	39.765	55.0003	32.0547	30.6232	0.00263356	11.2368	54.5005	34	-0.16362	24.1205	174
DATA	1745976974	755913019	99605	0	""	2025-04-29	18:36:14	13097.838	445.83459	2102.0061	39.7646	55.0003	32.0539	30.6232	0.00263556	11.2359	54.5005	26.75	-0.16362	24.1201	129
DATA	1745976975	755913019	99609	0	""	2025-04-29	18:36:15	13098.865	446.59799	2102.1533	39.7646	55.0003	32.0547	30.6232	0.00263804	11.2364	54.5005	82	-0.16362	24.1197	  5
DATA	1745976976	755913019	99613	0	""	2025-04-29	18:36:16	13102.552	447.34271	2101.9446	39.765	55.0003	32.0562	30.6232	0.00263939	11.2371	54.5005	-7.5	-0.16362	24.1201	  0
DATA	1745976977	755913019	99617	0	""	2025-04-29	18:36:17	13106.61	447.78595	2102.0056	39.7646	55.0003	32.0562	30.6232	0.00263615	11.2364	54.5005	-31	-0.16362	24.1205	215
DATA	1745976978	755913019	99621	0	""	2025-04-29	18:36:18	13111.332	448.17328	2102.0015	39.765	55.0003	32.0562	30.6236	0.00263752	11.2365	54.5005	-17.75	-0.16362	24.1201	 92
DATA	1745976979	755913019	99625	0	""	2025-04-29	18:36:19	13108.562	446.73196	2101.9673	39.7646	55.0003	32.057	30.6236	0.00263809	11.2364	54.5005	31.25	-0.16362	24.1205	 86
DATA	1745976980	755913019	99629	0	""	2025-04-29	18:36:20	13105.441	445.61371	2101.8745	39.765	55.0003	32.0555	30.6234	0.00263663	11.2367	54.5005	-64.25	-0.16362	24.1225	107
DATA	1745976981	755563020	99633	0	""	2025-04-29	18:36:21	13102.161	445.50696	2101.6421	39.765	55.0003	32.0566	30.6232	0.00263783	11.2363	54.5005	-42	-0.16362	24.1213	189
DATA	1745976982	755563020	99637	0	""	2025-04-29	18:36:22	13101.417	445.19171	2101.9775	39.7654	55.0003	32.0566	30.6232	0.00264116	11.2371	54.5005	6	-0.16362	24.1213	155
DATA	1745976983	755563020	99641	0	""	2025-04-29	18:36:23	13098.471	445.50714	2102.0012	39.7646	55.0003	32.0562	30.6232	0.00263231	11.2355	54.5005	-8.75	-0.16362	24.1213	 82
DATA	1745976984	755563020	99645	0	""	2025-04-29	18:36:24	13096.858	444.88348	2101.7271	39.765	55.0003	32.0559	30.6232	0.0026366	11.2362	54.5005	49	-0.16362	24.1209	145
DATA	1745976985	755563020	99649	0	""	2025-04-29	18:36:25	13094.233	445.01205	2101.78	39.765	55.0003	32.0574	30.6232	0.00263115	11.2366	54.5005	139.75	-0.16362	24.1217	  5
DATA	1745976986	755563020	99653	0	""	2025-04-29	18:36:26	13094.684	445.08301	2101.8933	39.7646	55.0003	32.0578	30.6234	0.00263675	11.236	54.5005	-74.5	-0.16362	24.1213	 72
DATA	1745976987	755563020	99657	0	""	2025-04-29	18:36:27	13094.585	445.71509	2101.8638	39.765	55.0003	32.0559	30.6236	0.00263353	11.2365	54.5005	56.75	-0.16362	24.1217	 98
DATA	1745976988	755206108	99661	0	""	2025-04-29	18:36:28	13097.089	445.01016	2101.749	39.765	55.0003	32.0566	30.6236	0.00263428	11.2361	54.5005	118	-0.16362	24.1217	177
DATA	1745976989	755206108	99665	0	""	2025-04-29	18:36:29	13098.127	445.10468	2101.8235	39.765	55.0003	32.0559	30.6232	0.00263605	11.2365	54.5005	24.75	-0.16362	24.1201	 72
DATA	1745976990	755206108	99669	0	""	2025-04-29	18:36:30	13098.95	445.10135	2101.6482	39.7646	55.0003	32.059	30.6232	0.00263374	11.2362	54.5005	83.75	-0.16362	24.1205	 18
DATA	1745976991	755206108	99673	0	""	2025-04-29	18:36:31	13097.422	444.97568	2101.7329	39.7642	55.0003	32.0586	30.6232	0.00263574	11.2366	54.5005	-18.25	-0.16362	24.1205	174
DATA	1745976992	755206108	99677	0	""	2025-04-29	18:36:32	13097.128	444.89728	2101.804	39.7654	55.0003	32.0566	30.6232	0.00263436	11.2364	54.5005	-59.25	-0.16362	24.1193	132
DATA	1745976993	755206108	99681	0	""	2025-04-29	18:36:33	13096.488	445.46164	2101.7507	39.7657	55.0003	32.0574	30.6232	0.00263445	11.2366	54.5005	3.5	-0.16362	24.1182	 28
DATA	1745976994	755206108	99685	0	""	2025-04-29	18:36:34	13095.576	444.69644	2101.938	39.765	55.0003	32.0574	30.6234	0.00262958	11.2367	54.5005	-22.5	-0.16362	24.1201	 33
DATA	1745976995	755206108	99689	0	""	2025-04-29	18:36:35	13093.32	444.32581	2101.7024	39.7646	55.0003	32.0578	30.6232	0.00263205	11.2362	54.5005	7.5	-0.16362	24.1201	209
DATA	1745976996	754856109	99693	0	""	2025-04-29	18:36:36	13093.514	444.69461	2101.8171	39.765	55.0003	32.0578	30.6232	0.00263672	11.2367	54.5005	-32.5	-0.16362	24.1205	 80
DATA	1745976997	754856109	99697	0	""	2025-04-29	18:36:37	13091.108	445.00235	2101.7576	39.7646	55.0003	32.0574	30.6232	0.00262636	11.2362	54.5005	0.25	-0.16362	24.1229	 77
DATA	1745976998	754856109	99701	0	""	2025-04-29	18:36:38	13089.808	444.68497	2101.981	39.7638	55.0003	32.0574	30.6232	0.0026293	11.2365	54.5005	58	-0.16362	24.1209	166
DATA	1745976999	754856109	99705	0	""	2025-04-29	18:36:39	13089.507	445.07446	2101.9438	39.7638	55.0003	32.059	30.6232	0.00263549	11.2366	54.5005	-83.5	-0.16362	24.1217	101
DATA	1745977000	754856109	99709	0	""	2025-04-29	18:36:40	13088.959	445.05066	2101.6836	39.7646	55.0003	32.0566	30.6232	0.00263748	11.237	54.5005	6.25	-0.16362	24.1217	 26
DATA	1745977001	754856109	99713	0	""	2025-04-29	18:36:41	13088.744	445.68265	2101.9915	39.7642	55.0003	32.0559	30.6232	0.00263715	11.2372	54.5005	-42.75	-0.16362	24.1213	162
DATA	1745977002	754856109	99717	0	""	2025-04-29	18:36:42	13088.272	445.93527	2101.9714	39.7654	55.0003	32.0543	30.6232	0.00262767	11.2367	54.5005	123.25	-0.16362	24.1217	168
DATA	1745977003	754491090	99721	0	""	2025-04-29	18:36:43	13088.659	445.987	2101.9893	39.765	55.0003	32.057	30.6232	0.00263573	11.2369	54.5005	-2.5	-0.16362	24.1217	127
DATA	1745977004	754491090	99725	0	""	2025-04-29	18:36:44	13088.057	446.21851	2102.1292	39.7646	55.0003	32.0582	30.6234	0.0026317	11.2364	54.5005	-14.5	-0.16362	24.1213	 38
DATA	1745977005	754491090	99729	0	""	2025-04-29	18:36:45	13087.547	446.26318	2102.0034	39.7654	55.0003	32.0586	30.6236	0.00263198	11.2366	54.5005	95	-0.16362	24.1217	233
DATA	1745977006	754491090	99733	0	""	2025-04-29	18:36:46	13086.754	446.30399	2102.0579	39.765	55.0003	32.0594	30.6232	0.00263382	11.2364	54.5005	-59.25	-0.16362	24.1213	117
DATA	1745977007	754491090	99737	0	""	2025-04-29	18:36:47	13086.931	446.80133	2102.0708	39.765	55.0003	32.0578	30.6232	0.00263161	11.2367	54.5005	10.5	-0.16362	24.1197	  8
DATA	1745977008	754491090	99741	0	""	2025-04-29	18:36:48	13087.242	447.89999	2102.238	39.7642	55.0003	32.0582	30.6232	0.00263488	11.2363	54.5005	-66	-0.16362	24.1205	236
DATA	1745977009	754491090	99745	0	""	2025-04-29	18:36:49	13087.242	447.81406	2102.2371	39.7646	55.0003	32.0566	30.6232	0.00262513	11.2365	54.5005	107.25	-0.16362	24.1205	153
DATA	1745977010	754491090	99749	0	""	2025-04-29	18:36:50	13088.266	447.86276	2101.9231	39.7646	55.0003	32.057	30.6232	0.00263328	11.2365	54.5005	-80	-0.16362	24.1201	211
DATA	1745977011	754138946	99753	0	""	2025-04-29	18:36:51	13088.956	446.50943	2101.7007	39.7646	55.0003	32.0566	30.6232	0.00263465	11.2365	54.5005	120.75	-0.16362	24.1201	163
DATA	1745977012	754138946	99757	0	""	2025-04-29	18:36:52	13088.606	446.12408	2101.822	39.765	55.0003	32.0578	30.6232	0.0026284	11.236	54.5005	-28.25	-0.16362	24.1205	209
DATA	1745977013	754138946	99761	0	""	2025-04-29	18:36:53	13087.777	445.66119	2101.7334	39.7642	55.0003	32.0578	30.6232	0.00263387	11.2364	54.5005	71.75	-0.16362	24.1209	136
DATA	1745977014	754138946	99765	0	""	2025-04-29	18:36:54	13087.028	445.21924	2101.5938	39.7654	55.0003	32.0586	30.6234	0.00262923	11.2368	54.5005	-89.5	-0.16362	24.1213	131
DATA	1745977015	754138946	99769	0	""	2025-04-29	18:36:55	13085.955	445.12921	2101.5999	39.765	55.0003	32.0566	30.6232	0.00263439	11.2363	54.5005	-4.75	-0.16362	24.1213	 84
DATA	1745977016	754138946	99773	0	""	2025-04-29	18:36:56	13085.133	445.21948	2101.751	39.765	55.0003	32.0582	30.6232	0.00263073	11.237	54.5005	9.75	-0.16362	24.1217	173
DATA	1745977017	754138946	99777	0	""	2025-04-29	18:36:57	13086.171	445.51422	2101.6104	39.7646	55.0003	32.057	30.6232	0.00263253	11.2367	54.5005	-6	-0.16362	24.1209	163
DATA	1745977018	753776073	99781	0	""	2025-04-29	18:36:58	13085.821	446.11591	2101.6899	39.7646	55.0003	32.0562	30.6232	0.00263089	11.2366	54.5005	117.5	-0.16362	24.1217	135
DATA	1745977019	753776073	99785	0	""	2025-04-29	18:36:59	13085.984	446.15778	2101.8174	39.7646	55.0003	32.0582	30.6232	0.00263128	11.2365	54.5005	-53.5	-0.16362	24.1213	137
DATA	1745977020	753776073	99789	0	""	2025-04-29	18:37:00	13085.885	446.15079	2101.6179	39.7642	55.0003	32.0562	30.6234	0.00263114	11.2368	54.5005	-27.75	-0.16362	24.1209	172
DATA	1745977021	753776073	99793	0	""	2025-04-29	18:37:01	13086.906	446.09897	2101.9082	39.7642	55.0003	32.0559	30.6232	0.00262465	11.2369	54.5005	26.5	-0.16362	24.1213	 78
DATA	1745977022	753776073	99797	0	""	2025-04-29	18:37:02	13086.815	446.24472	2101.8257	39.7646	55.0003	32.0562	30.6232	0.00262671	11.2368	54.5005	39.75	-0.16362	24.1209	132
DATA	1745977023	753776073	99801	0	""	2025-04-29	18:37:03	13088.905	446.88046	2101.8408	39.7657	55.0003	32.057	30.6232	0.00262936	11.2366	54.5005	-67	-0.16362	24.1201	222
DATA	1745977024	753776073	99805	0	""	2025-04-29	18:37:04	13087.327	447.29315	2102.0359	39.765	55.0003	32.057	30.6232	0.00263566	11.2367	54.5005	55.25	-0.16362	24.1201	  9
DATA	1745977025	753776073	99809	0	""	2025-04-29	18:37:05	13087.893	450.10434	2102.051	39.7673	55.0003	32.057	30.6232	0.00260217	11.237	54.5005	100.75	-0.16362	24.1201	239
DATA	1745977026	753428936	99813	0	""	2025-04-29	18:37:06	13049.469	448.55731	2102.1536	39.7654	55.0003	32.0586	30.6232	0.0026145	11.2368	54.5005	83.75	-0.16362	24.1205	 79
DATA	1745977027	753428936	99817	0	""	2025-04-29	18:37:07	12984.34	448.21954	2102.0205	39.765	55.0003	32.0605	30.6232	0.00260601	11.2372	54.5005	53.25	-0.16362	24.1197	  6
DATA	1745977028	753428936	99821	0	""	2025-04-29	18:37:08	12974.347	447.16226	2101.9685	39.7646	55.0003	32.0597	30.6232	0.0026196	11.2369	54.5005	23	-0.16362	24.1201	192
DATA	1745977029	753428936	99825	0	""	2025-04-29	18:37:09	12986.913	446.96967	2101.8276	39.7646	55.0003	32.0613	30.6234	0.00262204	11.237	54.5005	40.75	-0.16362	24.1205	 90
DATA	1745977030	753428936	99829	0	""	2025-04-29	18:37:10	12998.349	446.74796	2102.0703	39.763	55.0003	32.0582	30.6236	0.00262236	11.2366	54.5005	-11	-0.16362	24.1205	223
DATA	1745977031	753428936	99833	0	""	2025-04-29	18:37:11	13006.513	447.41772	2101.9277	39.7642	55.0003	32.0594	30.6232	0.00262075	11.2373	54.5005	-89.25	-0.16362	24.1217	157
DATA	1745977032	753428936	99837	0	""	2025-04-29	18:37:12	13014.155	447.60342	2101.9348	39.7642	55.0003	32.0543	30.6232	0.00262886	11.237	54.5005	13.25	-0.16362	24.1217	 52
DATA	1745977033	753063917	99841	0	""	2025-04-29	18:37:13	13017.38	447.31595	2101.9937	39.7642	55.0003	32.0539	30.6232	0.00263272	11.2368	54.5005	30	-0.16362	24.1209	167
DATA	1745977034	753063917	99845	0	""	2025-04-29	18:37:14	13017.759	447.19635	2101.9856	39.7642	55.0003	32.0559	30.6232	0.00262858	11.2366	54.5005	13	-0.16362	24.1209	242
DATA	1745977035	753063917	99849	0	""	2025-04-29	18:37:15	13015.473	447.44998	2102.158	39.7638	55.0003	32.0566	30.6232	0.00263112	11.237	54.5005	-5	-0.16362	24.1213	115
DATA	1745977036	753063917	99853	0	""	2025-04-29	18:37:16	13013.988	447.06058	2102.2034	39.765	55.0003	32.0555	30.6232	0.002625	11.2367	54.5005	43.5	-0.16362	24.1209	160
DATA	1745977037	753063917	99857	0	""	2025-04-29	18:37:17	13012.974	447.03668	2102.1245	39.763	55.0003	32.0559	30.6234	0.00262899	11.2367	54.5005	1.5	-0.16362	24.1217	233
DATA	1745977038	753063917	99861	0	""	2025-04-29	18:37:18	13012.503	447.23898	2101.9958	39.7642	55.0003	32.0566	30.6236	0.00262606	11.237	54.5005	-7.5	-0.16362	24.1213	 17
DATA	1745977039	753063917	99865	0	""	2025-04-29	18:37:19	13012.898	447.47064	2102.0146	39.7642	55.0003	32.0574	30.6234	0.00262967	11.2369	54.5005	96.25	-0.16362	24.1205	137
DATA	1745977040	753063917	99869	0	""	2025-04-29	18:37:20	13011.43	447.15353	2102.0906	39.7642	55.0003	32.0574	30.6232	0.00262446	11.2366	54.5005	-7	-0.16362	24.1205	141
DATA	1745977041	752706050	99873	0	""	2025-04-29	18:37:21	13013.859	447.4278	2102.0076	39.7646	55.0003	32.0551	30.6232	0.00261952	11.2367	54.5005	30.75	-0.16362	24.1205	 46
DATA	1745977042	752706050	99877	0	""	2025-04-29	18:37:22	13013.321	447.37854	2102.2151	39.7634	55.0003	32.0562	30.6232	0.0026309	11.2373	54.5005	105.25	-0.16362	24.1205	 75
DATA	1745977043	752706050	99881	0	""	2025-04-29	18:37:23	13013.857	447.07681	2102.123	39.7638	55.0003	32.0562	30.6234	0.00262748	11.237	54.5005	54.25	-0.16362	24.1201	249
DATA	1745977044	752706050	99885	0	""	2025-04-29	18:37:24	13015.039	446.76898	2101.8877	39.7642	55.0003	32.0578	30.6236	0.00262764	11.2366	54.5005	-18.75	-0.16362	24.1209	192
DATA	1745977045	752706050	99889	0	""	2025-04-29	18:37:25	13015.228	447.29059	2102.1465	39.7642	55.0003	32.0562	30.6232	0.00262612	11.2367	54.5005	4.25	-0.16362	24.1197	 58
DATA	1745977046	752706050	99893	0	""	2025-04-29	18:37:26	13015.679	447.26428	2102.1194	39.7654	55.0003	32.0543	30.6234	0.00263238	11.2366	54.5005	22	-0.16362	24.1205	214
DATA	1745977047	752706050	99897	0	""	2025-04-29	18:37:27	13015.764	447.47778	2102.0254	39.765	55.0003	32.0566	30.6234	0.00262445	11.2364	54.5005	83.5	-0.16362	24.1213	 21
DATA	1745977048	752356052	99901	0	""	2025-04-29	18:37:28	13016.624	447.65948	2102.1533	39.7642	55.0003	32.057	30.6234	0.00263204	11.2365	54.5005	-12.75	-0.16362	24.1217	 95
DATA	1745977049	752356052	99905	0	""	2025-04-29	18:37:29	13017.915	446.90274	2102.1719	39.7634	55.0003	32.0547	30.6232	0.0026353	11.2367	54.5005	13.25	-0.16362	24.1217	 58
DATA	1745977050	752356052	99909	0	""	2025-04-29	18:37:30	13018.191	447.50403	2102.0808	39.7646	55.0003	32.0547	30.6232	0.00262807	11.2366	54.5005	107.25	-0.16362	24.1221	135
DATA	1745977051	752356052	99913	0	""	2025-04-29	18:37:31	13017.577	447.42944	2102.3247	39.7638	55.0003	32.0559	30.6232	0.00262593	11.2367	54.5005	-1.75	-0.16362	24.1213	105
DATA	1745977052	752356052	99917	0	""	2025-04-29	18:37:32	13018.652	447.35974	2102.3013	39.7638	55.0003	32.0555	30.6232	0.00262852	11.2367	54.5005	21.75	-0.16362	24.1217	105
DATA	1745977053	752356052	99921	0	""	2025-04-29	18:37:33	13019.071	447.48459	2102.4097	39.7654	55.0003	32.0559	30.6232	0.00263068	11.2368	54.5005	12.25	-0.16362	24.1209	112
DATA	1745977054	752356052	99925	0	""	2025-04-29	18:37:34	13019.675	447.32532	2102.1426	39.7642	55.0003	32.0562	30.6232	0.00263029	11.2366	54.5005	-1.25	-0.16362	24.1209	 87
DATA	1745977055	752356052	99929	0	""	2025-04-29	18:37:35	13021.214	446.9678	2102.3157	39.7642	55.0003	32.0582	30.6232	0.00262918	11.2371	54.5005	122.5	-0.16362	24.1217	 52
DATA	1745977056	751995086	99933	0	""	2025-04-29	18:37:36	13020.104	447.44983	2102.1128	39.765	55.0003	32.0605	30.6232	0.00263065	11.2364	54.5005	-0.5	-0.16362	24.1205	244
DATA	1745977057	751995086	99937	0	""	2025-04-29	18:37:37	13022.127	447.45105	2102.22	39.7638	55.0003	32.0582	30.6232	0.00263704	11.2368	54.5005	-88	-0.16362	24.1205	167
DATA	1745977058	751995086	99941	0	""	2025-04-29	18:37:38	13023.32	447.25107	2102.4253	39.7646	55.0003	32.0574	30.6232	0.00262843	11.2366	54.5005	-51.5	-0.16362	24.1205	 52
DATA	1745977059	751995086	99945	0	""	2025-04-29	18:37:39	13022.785	447.42981	2102.4031	39.7642	55.0003	32.0586	30.6232	0.00262984	11.2364	54.5005	-142.5	-0.16362	24.1205	175
DATA	1745977060	751995086	99949	0	""	2025-04-29	18:37:40	13023.565	447.4451	2102.3435	39.7646	55.0003	32.0547	30.6232	0.00263307	11.237	54.5005	36	-0.16362	24.1205	115
DATA	1745977061	751995086	99953	0	""	2025-04-29	18:37:41	13024.79	447.46591	2102.2654	39.7646	55.0003	32.0531	30.6232	0.00263381	11.2368	54.5005	-5.25	-0.16362	24.1201	 58
DATA	1745977062	751995086	99957	0	""	2025-04-29	18:37:42	13024.815	446.95605	2102.4055	39.7638	55.0003	32.0535	30.6232	0.00262723	11.2368	54.5005	202.75	-0.16362	24.1205	169
DATA	1745977063	751646041	99961	0	""	2025-04-29	18:37:43	13025.655	447.1666	2102.4524	39.7642	55.0003	32.0559	30.6234	0.0026333	11.2368	54.5005	40	-0.16362	24.1205	105
DATA	1745977064	751646041	99965	0	""	2025-04-29	18:37:44	13026.345	447.3197	2102.3735	39.7638	55.0003	32.0578	30.6234	0.00263193	11.2363	54.5005	49.75	-0.16362	24.1209	 79
DATA	1745977065	751646041	99969	0	""	2025-04-29	18:37:45	13027.366	447.20105	2102.4292	39.7638	55.0003	32.0574	30.6232	0.00262882	11.2364	54.5005	-72.25	-0.16362	24.1213	154
DATA	1745977066	751646041	99973	0	""	2025-04-29	18:37:46	13027.247	447.69485	2102.5615	39.7642	55.0003	32.0574	30.6232	0.00262508	11.2362	54.5005	-44	-0.16362	24.1217	 15
DATA	1745977067	751646041	99977	0	""	2025-04-29	18:37:47	13027.899	447.37677	2102.3032	39.7646	55.0003	32.0551	30.6232	0.00262881	11.2369	54.5005	112	-0.16362	24.1217	 32
DATA	1745977068	751646041	99981	0	""	2025-04-29	18:37:48	13028.938	447.26309	2102.3052	39.7638	55.0003	32.057	30.6232	0.00263114	11.2365	54.5005	-47.5	-0.16362	24.1213	 55
DATA	1745977069	751646041	99985	0	""	2025-04-29	18:37:49	13029.135	447.29504	2102.4807	39.7646	55.0003	32.0555	30.6232	0.00262989	11.2365	54.5005	-5.25	-0.16362	24.1217	129
DATA	1745977070	751646041	99989	0	""	2025-04-29	18:37:50	13030.297	447.46405	2102.4553	39.7642	55.0003	32.0562	30.6234	0.00263265	11.2365	54.5005	70.25	-0.16362	24.1213	100
DATA	1745977071	751287937	99993	0	""	2025-04-29	18:37:51	13031.053	447.24475	2102.3972	39.7634	55.0003	32.0555	30.6232	0.00262596	11.2366	54.5005	-23	-0.16362	24.1221	 11
DATA	1745977072	751287937	99997	0	""	2025-04-29	18:37:52	13031.66	446.80441	2102.3196	39.7646	55.0003	32.0559	30.6234	0.00263215	11.2362	54.5005	-46	-0.16362	24.1217	225
DATA	1745977073	751287937	100001	0	""	2025-04-29	18:37:53	13031.557	447.52316	2102.4958	39.7646	55.0003	32.057	30.6232	0.00263165	11.2359	54.5005	13.5	-0.16362	24.1205	 37
DATA	1745977074	751287937	100005	0	""	2025-04-29	18:37:54	13033.039	447.30649	2102.5713	39.765	55.0003	32.0559	30.6232	0.00263431	11.2363	54.5005	-6.5	-0.16362	24.1205	 27
DATA	1745977075	751287937	100009	0	""	2025-04-29	18:37:55	13032.513	447.60968	2102.4197	39.7638	55.0003	32.0562	30.6232	0.00263208	11.236	54.5005	86.5	-0.16362	24.1205	 51
DATA	1745977076	751287937	100013	0	""	2025-04-29	18:37:56	13033.791	447.31161	2102.4092	39.7638	55.0003	32.0566	30.6232	0.00262742	11.2365	54.5005	96.25	-0.16362	24.1197	154
DATA	1745977077	751287937	100017	0	""	2025-04-29	18:37:57	13035.001	447.00192	2102.5359	39.7634	55.0003	32.057	30.6232	0.00263814	11.2366	54.5005	-44	-0.16362	24.1201	229
DATA	1745977078	750932931	100021	0	""	2025-04-29	18:37:58	13034.856	447.42621	2102.5266	39.765	55.0003	32.0547	30.6234	0.0026332	11.2368	54.5005	-38.5	-0.16362	24.1205	 33
DATA	1745977079	750932931	100025	0	""	2025-04-29	18:37:59	13036.187	447.33389	2102.5696	39.7642	55.0003	32.0539	30.6232	0.00263938	11.2361	54.5005	-4.5	-0.16362	24.1205	105
DATA	1745977080	750932931	100029	0	""	2025-04-29	18:38:00	13036.366	447.14218	2102.5283	39.7642	55.0003	32.0543	30.6236	0.00263627	11.2366	54.5005	14.75	-0.16362	24.1201	123
DATA	1745977081	750932931	100033	0	""	2025-04-29	18:38:01	13037.546	447.29373	2102.6914	39.7638	55.0003	32.0543	30.6236	0.00263103	11.2366	54.5005	44	-0.16362	24.1205	234
DATA	1745977082	750932931	100037	0	""	2025-04-29	18:38:02	13037.781	447.31622	2102.5457	39.7646	55.0003	32.0551	30.6232	0.00263409	11.2362	54.5005	-13	-0.16362	24.1209	 20
DATA	1745977083	750932931	100041	0	""	2025-04-29	18:38:03	13037.799	447.50375	2102.5867	39.7638	55.0003	32.0539	30.6232	0.00263596	11.2363	54.5005	13.5	-0.16362	24.1209	106
DATA	1745977084	750932931	100045	0	""	2025-04-29	18:38:04	13039.596	447.75781	2102.5786	39.7642	55.0003	32.0555	30.6232	0.0026327	11.2363	54.5005	44.25	-0.16362	24.1201	 97
DATA	1745977085	750932931	100049	0	""	2025-04-29	18:38:05	13039.892	447.84528	2102.5369	39.7642	55.0003	32.0566	30.6232	0.00263757	11.2365	54.5005	-7.25	-0.16362	24.1209	164
DATA	1745977086	750575065	100053	0	""	2025-04-29	18:38:06	13041.141	447.33868	2102.448	39.7638	55.0003	32.0559	30.6232	0.00263941	11.2367	54.5005	-1.5	-0.16362	24.1217	 35
DATA	1745977087	750575065	100057	0	""	2025-04-29	18:38:07	13042.403	447.08401	2102.5664	39.7634	55.0003	32.0547	30.6232	0.00263911	11.2366	54.5005	106.75	-0.16362	24.1213	178
DATA	1745977088	750575065	100061	0	""	2025-04-29	18:38:08	13042.971	447.48318	2102.6526	39.7646	55.0003	32.0566	30.6236	0.00263815	11.2365	54.5005	-72	-0.16362	24.1213	 49
DATA	1745977089	750575065	100065	0	""	2025-04-29	18:38:09	13043.461	447.47537	2102.7087	39.765	55.0003	32.0547	30.6236	0.00263691	11.2361	54.5005	70	-0.16362	24.1217	212
DATA	1745977090	750575065	100069	0	""	2025-04-29	18:38:10	13043.878	447.47269	2102.8064	39.7638	55.0003	32.0562	30.6234	0.00263545	11.2364	54.5005	19.75	-0.16362	24.1205	158
DATA	1745977091	750575065	100073	0	""	2025-04-29	18:38:11	13044.774	447.72076	2102.6223	39.7642	55.0003	32.0559	30.6232	0.00263619	11.236	54.5005	9.5	-0.16362	24.1205	241
DATA	1745977092	750575065	100077	0	""	2025-04-29	18:38:12	13045.068	447.20456	2102.6538	39.7642	55.0003	32.0582	30.6232	0.00262953	11.2366	54.5005	65	-0.16362	24.1209	253
DATA	1745977093	750222921	100081	0	""	2025-04-29	18:38:13	13046.165	447.31897	2102.7366	39.7646	55.0003	32.059	30.6232	0.00263728	11.2368	54.5005	1.25	-0.16362	24.1197	 49
DATA	1745977094	750222921	100085	0	""	2025-04-29	18:38:14	13047.157	447.37656	2102.7585	39.7646	55.0003	32.0566	30.6234	0.00263545	11.2363	54.5005	-23.75	-0.16362	24.1205	196
DATA	1745977095	750222921	100089	0	""	2025-04-29	18:38:15	13047.015	447.27859	2102.6685	39.7634	55.0003	32.0566	30.6234	0.00264015	11.2358	54.5005	-42.5	-0.16362	24.1205	139
DATA	1745977096	750222921	100093	0	""	2025-04-29	18:38:16	13048.622	447.16858	2102.8708	39.765	55.0003	32.0566	30.6236	0.00262997	11.2364	54.5005	38.5	-0.16362	24.1205	 62
DATA	1745977097	750222921	100097	0	""	2025-04-29	18:38:17	13048.525	447.34064	2102.6643	39.7638	55.0003	32.057	30.6236	0.00263224	11.2363	54.5005	-30.5	-0.16362	24.1205	 76
DATA	1745977098	750222921	100101	0	""	2025-04-29	18:38:18	13050.515	447.22177	2102.7231	39.7638	55.0003	32.057	30.6234	0.00263456	11.2366	54.5005	78.25	-0.16362	24.1205	 77
DATA	1745977099	750222921	100105	0	""	2025-04-29	18:38:19	13050.457	447.87128	2102.8494	39.7646	55.0003	32.057	30.6232	0.00263349	11.2363	54.5005	-48.25	-0.16362	24.1217	147
DATA	1745977100	750222921	100109	0	""	2025-04-29	18:38:20	13051.111	447.65396	2102.7927	39.765	55.0003	32.0555	30.6232	0.00263736	11.2363	54.5005	41.5	-0.16362	24.1213	  9
DATA	1745977101	749861955	100113	0	""	2025-04-29	18:38:21	13051.87	447.60907	2102.592	39.7646	55.0003	32.0566	30.6232	0.00263631	11.2368	54.5005	-49.25	-0.16362	24.1213	 87
DATA	1745977102	749861955	100117	0	""	2025-04-29	18:38:22	13053.812	447.89185	2102.6843	39.7642	55.0003	32.0559	30.6232	0.00263461	11.2364	54.5005	29.5	-0.16362	24.1213	 99
DATA	1745977103	749861955	100121	0	""	2025-04-29	18:38:23	13053.394	447.42422	2102.8196	39.7646	55.0003	32.0566	30.6232	0.00263705	11.2363	54.5005	111	-0.16362	24.1213	 30
DATA	1745977104	749861955	100125	0	""	2025-04-29	18:38:24	13053.157	447.37158	2102.8098	39.7654	55.0003	32.0578	30.6234	0.0026385	11.2366	54.5005	-68	-0.16362	24.1217	 16
DATA	1745977105	749861955	100129	0	""	2025-04-29	18:38:25	13054.615	447.40323	2102.7664	39.7642	55.0003	32.0547	30.6236	0.00263284	11.2361	54.5005	120.25	-0.16362	24.1217	188
DATA	1745977106	749861955	100133	0	""	2025-04-29	18:38:26	13056.061	447.48688	2102.9736	39.7646	55.0003	32.0555	30.6236	0.00263645	11.2361	54.5005	30.5	-0.16362	24.1217	112
DATA	1745977107	749861955	100137	0	""	2025-04-29	18:38:27	13055.792	447.52698	2102.7776	39.765	55.0003	32.0559	30.6232	0.00263881	11.2366	54.5005	-54.75	-0.16362	24.1205	183
DATA	1745977108	749499082	100141	0	""	2025-04-29	18:38:28	13056.985	447.68903	2102.9448	39.7646	55.0003	32.0562	30.6232	0.00263801	11.2361	54.5005	-21	-0.16362	24.1213	 50
DATA	1745977109	749499082	100145	0	""	2025-04-29	18:38:29	13057.505	447.45496	2102.8035	39.7638	55.0003	32.0551	30.6232	0.00263685	11.2364	54.5005	-76.5	-0.16362	24.1197	170
DATA	1745977110	749499082	100149	0	""	2025-04-29	18:38:30	13057.759	447.70001	2102.8279	39.765	55.0003	32.0531	30.6232	0.00264011	11.2358	54.5005	21	-0.16362	24.1201	178
DATA	1745977111	749499082	100153	0	""	2025-04-29	18:38:31	13059.14	447.58121	2103.031	39.765	55.0003	32.0551	30.6232	0.00263239	11.2362	54.5005	42	-0.16362	24.1205	 68
DATA	1745977112	749499082	100157	0	""	2025-04-29	18:38:32	13060.01	447.72366	2102.8406	39.7646	55.0003	32.0551	30.6234	0.00263746	11.2362	54.5005	68.25	-0.16362	24.1201	 85
DATA	1745977113	749499082	100161	0	""	2025-04-29	18:38:33	13059.993	448.01028	2103.0476	39.7646	55.0003	32.0566	30.6232	0.00263567	11.2363	54.5005	172	-0.16362	24.1205	 51
DATA	1745977114	749499082	100165	0	""	2025-04-29	18:38:34	13060.756	447.78177	2102.9211	39.7642	55.0003	32.0574	30.6234	0.002636	11.2363	54.5005	-72	-0.16362	24.1193	206
DATA	1745977115	749499082	100169	0	""	2025-04-29	18:38:35	13061.255	447.39951	2102.7114	39.7642	55.0003	32.0559	30.6234	0.00264254	11.236	54.5005	-25.5	-0.16362	24.1205	 93
DATA	1745977116	749147891	100173	0	""	2025-04-29	18:38:36	13062.347	447.82227	2103.0217	39.7646	55.0003	32.0555	30.6232	0.00263153	11.236	54.5005	79.75	-0.16362	24.1209	101
DATA	1745977117	749147891	100177	0	""	2025-04-29	18:38:37	13062.646	447.32541	2102.8596	39.7646	55.0003	32.0562	30.6232	0.00263392	11.2363	54.5005	-19	-0.16362	24.1209	 59
DATA	1745977118	749147891	100181	0	""	2025-04-29	18:38:38	13063.398	447.49637	2102.9863	39.7646	55.0003	32.0559	30.6232	0.00264016	11.2359	54.5005	-56	-0.16362	24.1205	 75
DATA	1745977119	749147891	100185	0	""	2025-04-29	18:38:39	13064.399	447.38354	2102.99	39.7642	55.0003	32.0559	30.6232	0.00264037	11.2356	54.5005	79	-0.16362	24.1209	189
DATA	1745977120	749147891	100189	0	""	2025-04-29	18:38:40	13064.925	447.6207	2102.9773	39.7642	55.0003	32.057	30.6232	0.00264037	11.2365	54.5005	-62.75	-0.16362	24.1213	 95
DATA	1745977121	749147891	100193	0	""	2025-04-29	18:38:41	13065.634	447.26315	2102.9578	39.7646	55.0003	32.0574	30.6232	0.00264306	11.2361	54.5005	18	-0.16362	24.1213	252
DATA	1745977122	749147891	100197	0	""	2025-04-29	18:38:42	13066.314	447.68942	2102.968	39.7654	55.0003	32.0574	30.6232	0.00263765	11.2362	54.5005	-64.75	-0.16362	24.1213	164
DATA	1745977123	748796939	100201	0	""	2025-04-29	18:38:43	13066.481	447.54517	2103.1204	39.7646	55.0003	32.0551	30.6232	0.0026386	11.2362	54.5005	9	-0.16362	24.1217	151
DATA	1745977124	748796939	100205	0	""	2025-04-29	18:38:44	13067.215	447.42245	2103.0205	39.7654	55.0003	32.0551	30.6232	0.00263775	11.2363	54.5005	-40.25	-0.16362	24.1209	183
DATA	1745977125	748796939	100209	0	""	2025-04-29	18:38:45	13068.385	447.41721	2102.96	39.765	55.0003	32.0543	30.6232	0.00263554	11.2364	54.5005	20	-0.16362	24.1205	108
DATA	1745977126	748796939	100213	0	""	2025-04-29	18:38:46	13068.958	447.40857	2103.0586	39.7646	55.0003	32.0559	30.6232	0.0026336	11.2368	54.5005	-30	-0.16362	24.1209	 26
DATA	1745977127	748796939	100217	0	""	2025-04-29	18:38:47	13069.596	447.50833	2103.0374	39.7642	55.0003	32.0559	30.6232	0.00263464	11.2362	54.5005	-19.25	-0.16362	24.1205	216
DATA	1745977128	748796939	100221	0	""	2025-04-29	18:38:48	13070.005	447.75555	2103.1096	39.7646	55.0003	32.0562	30.6232	0.00263822	11.2365	54.5005	164.75	-0.16362	24.1201	204
DATA	1745977129	748796939	100225	0	""	2025-04-29	18:38:49	13070.415	447.75461	2103.136	39.7646	55.0003	32.059	30.6232	0.00264039	11.2363	54.5005	-93.25	-0.16362	24.1205	106
DATA	1745977130	748796939	100229	0	""	2025-04-29	18:38:50	13071.433	447.33432	2103.0906	39.7646	55.0003	32.0562	30.6232	0.00264286	11.2362	54.5005	83.75	-0.16362	24.1201	145
DATA	1745977131	748440027	100233	0	""	2025-04-29	18:38:51	13072.155	447.62198	2103.1021	39.7646	55.0003	32.057	30.6234	0.00264185	11.2363	54.5005	-38.25	-0.16362	24.1201	110
DATA	1745977132	748440027	100237	0	""	2025-04-29	18:38:52	13073.277	447.51978	2103.032	39.7638	55.0003	32.0559	30.6234	0.00264032	11.2362	54.5005	105.25	-0.16362	24.1213	126
DATA	1745977133	748440027	100241	0	""	2025-04-29	18:38:53	13073.66	447.05203	2103.0437	39.7642	55.0003	32.0547	30.6232	0.00264263	11.2361	54.5005	-87.5	-0.16362	24.1217	 63
DATA	1745977134	748440027	100245	0	""	2025-04-29	18:38:54	13074.815	447.89566	2103.2314	39.7646	55.0003	32.0559	30.6232	0.00263718	11.2357	54.5005	101.5	-0.16362	24.1209	147
DATA	1745977135	748440027	100249	0	""	2025-04-29	18:38:55	13075.826	448.14368	2103.1868	39.7646	55.0003	32.0562	30.6232	0.00263871	11.2363	54.5005	-53.25	-0.16362	24.1221	196
DATA	1745977136	748440027	100253	0	""	2025-04-29	18:38:56	13076.655	447.55099	2102.9646	39.765	55.0003	32.0562	30.6232	0.00263788	11.2361	54.5005	79.25	-0.16362	24.1213	116
DATA	1745977137	748440027	100257	0	""	2025-04-29	18:38:57	13077.405	448.08371	2103.0886	39.7646	55.0003	32.0574	30.6232	0.00264238	11.2357	54.5005	-35.75	-0.16362	24.1217	204
DATA	1745977138	748081922	100261	0	""	2025-04-29	18:38:58	13078.213	447.81491	2103.0603	39.7642	55.0003	32.0559	30.6234	0.00263877	11.2363	54.5005	-1.75	-0.16362	24.1213	141
DATA	1745977139	748081922	100265	0	""	2025-04-29	18:38:59	13078.014	448.09079	2103.177	39.765	55.0003	32.0562	30.6232	0.0026366	11.2357	54.5005	44.25	-0.16362	24.1217	  4
DATA	1745977140	748081922	100269	0	""	2025-04-29	18:39:00	13078.191	447.24554	2103.1143	39.765	55.0003	32.0574	30.6232	0.00263603	11.2361	54.5005	-33.5	-0.16362	24.1213	 61
DATA	1745977141	748081922	100273	0	""	2025-04-29	18:39:01	13079.859	447.85022	2103.0557	39.7646	55.0003	32.0547	30.6232	0.00263952	11.2364	54.5005	197	-0.16362	24.1205	 54
DATA	1745977142	748081922	100277	0	""	2025-04-29	18:39:02	13080.115	447.6431	2103.2676	39.7646	55.0003	32.0574	30.6232	0.00263479	11.2365	54.5005	-42.5	-0.16362	24.1205	 80
DATA	1745977143	748081922	100281	0	""	2025-04-29	18:39:03	13080.514	447.73627	2103.1118	39.7646	55.0003	32.0586	30.6232	0.00263856	11.2362	54.5005	82.5	-0.16362	24.1201	 83
DATA	1745977144	748081922	100285	0	""	2025-04-29	18:39:04	13081.016	447.63693	2103.1279	39.7646	55.0003	32.0578	30.6232	0.00264353	11.2353	54.5005	-100	-0.16362	24.1201	 76
DATA	1745977145	748081922	100289	0	""	2025-04-29	18:39:05	13082.876	447.49042	2103.0544	39.7646	55.0003	32.0559	30.6232	0.0026428	11.2361	54.5007	0.5	-0.16362	24.1209	255
DATA	1745977146	747719049	100293	0	""	2025-04-29	18:39:06	13082.087	447.73154	2103.0879	39.765	55.0003	32.0547	30.6232	0.00263845	11.2362	54.5007	-7.25	-0.16362	24.1201	102
DATA	1745977147	747719049	100297	0	""	2025-04-29	18:39:07	13083.412	447.61526	2103.2397	39.7646	55.0003	32.0543	30.6232	0.00264004	11.2357	54.5007	17.75	-0.16362	24.1201	148
DATA	1745977148	747719049	100301	0	""	2025-04-29	18:39:08	13083.647	448.16147	2103.2903	39.7646	55.0003	32.0551	30.6234	0.00263656	11.2361	54.5007	22	-0.16362	24.1209	253
DATA	1745977149	747719049	100305	0	""	2025-04-29	18:39:09	13084.544	447.87296	2103.1047	39.765	55.0003	32.0555	30.6232	0.00263745	11.236	54.5009	-24.75	-0.16362	24.1217	111
DATA	1745977150	747719049	100309	0	""	2025-04-29	18:39:10	13085.82	447.87585	2103.2627	39.7642	55.0003	32.0559	30.6232	0.00263561	11.2359	54.5011	15	-0.16362	24.1217	210
DATA	1745977151	747719049	100313	0	""	2025-04-29	18:39:11	13086.402	447.98547	2103.3938	39.7657	55.0003	32.0562	30.6232	0.00263507	11.2353	54.5005	125.75	-0.16362	24.1233	201
DATA	1745977152	747719049	100317	0	""	2025-04-29	18:39:12	13086.837	447.80243	2103.1118	39.7657	55.0003	32.0578	30.6232	0.00263736	11.236	54.5007	-53.25	-0.16362	24.1217	148
DATA	1745977153	747374057	100321	0	""	2025-04-29	18:39:13	13087.758	447.76355	2103.3171	39.7654	55.0003	32.0551	30.6232	0.00264175	11.236	54.5005	-76.75	-0.16362	24.1213	144
DATA	1745977154	747374057	100325	0	""	2025-04-29	18:39:14	13088.015	447.70023	2103.2246	39.7642	55.0003	32.0539	30.6232	0.00263437	11.2358	54.5005	146.25	-0.16362	24.1213	179
DATA	1745977155	747374057	100329	0	""	2025-04-29	18:39:15	13089.097	447.41531	2103.3262	39.7646	55.0003	32.0562	30.6232	0.00264381	11.2354	54.5005	27.75	-0.16362	24.1213	147
DATA	1745977156	747374057	100333	0	""	2025-04-29	18:39:16	13089.454	447.46033	2103.3784	39.7642	55.0003	32.0574	30.6232	0.00264206	11.2366	54.5005	34.75	-0.16362	24.1217	152
DATA	1745977157	747374057	100337	0	""	2025-04-29	18:39:17	13090.355	447.6026	2103.2368	39.7646	55.0003	32.0559	30.6232	0.00264457	11.236	54.5005	-34.75	-0.16362	24.1213	 99
DATA	1745977158	747374057	100341	0	""	2025-04-29	18:39:18	13091.558	447.63916	2103.3352	39.765	55.0003	32.0547	30.6232	0.00264702	11.2359	54.5005	17	-0.16362	24.1205	207
DATA	1745977159	747374057	100345	0	""	2025-04-29	18:39:19	13091.952	447.73209	2103.5012	39.7646	55.0003	32.0543	30.6232	0.00263908	11.2357	54.5005	-57.75	-0.16362	24.1209	207
DATA	1745977160	747374057	100349	0	""	2025-04-29	18:39:20	13092.025	447.86118	2103.468	39.765	55.0003	32.0543	30.6232	0.00263894	11.236	54.5005	34	-0.16362	24.1201	 93
DATA	1745977161	747009038	100353	0	""	2025-04-29	18:39:21	13092.916	447.647	2103.2976	39.765	55.0003	32.0547	30.6232	0.00263732	11.2358	54.5005	80	-0.16362	24.1201	 95
DATA	1745977162	747009038	100357	0	""	2025-04-29	18:39:22	13093.763	448.01367	2103.3713	39.765	55.0003	32.0559	30.6232	0.00263989	11.2362	54.5005	47.25	-0.16362	24.1209	105
DATA	1745977163	747009038	100361	0	""	2025-04-29	18:39:23	13094.313	447.83905	2103.342	39.7654	55.0003	32.0551	30.6232	0.00264551	11.2361	54.5005	51	-0.16362	24.1193	181
DATA	1745977164	747009038	100365	0	""	2025-04-29	18:39:24	13094.726	447.83151	2103.3777	39.765	55.0003	32.0574	30.6232	0.00264028	11.2359	54.5005	-0.5	-0.16362	24.1209	 42
DATA	1745977165	747009038	100369	0	""	2025-04-29	18:39:25	13095.511	448.08582	2103.543	39.7646	55.0003	32.0582	30.6234	0.00263671	11.2359	54.5005	-26.75	-0.16362	24.1201	147
DATA	1745977166	747009038	100373	0	""	2025-04-29	18:39:26	13096.536	447.95746	2103.5679	39.7657	55.0003	32.0562	30.6234	0.00263577	11.2359	54.5005	-20	-0.16362	24.1221	 69
DATA	1745977167	747009038	100377	0	""	2025-04-29	18:39:27	13096.897	447.81866	2103.521	39.7657	55.0003	32.0551	30.6232	0.00264119	11.2364	54.5005	69.75	-0.16362	24.1213	124
DATA	1745977168	746658086	100381	0	""	2025-04-29	18:39:28	13096.255	447.81918	2103.4651	39.765	55.0003	32.0555	30.6232	0.00263365	11.2365	54.5005	101.75	-0.16362	24.1217	166
DATA	1745977169	746658086	100385	0	""	2025-04-29	18:39:29	13097.684	447.52637	2103.387	39.7654	55.0003	32.0559	30.6232	0.00263478	11.2361	54.5005	12.5	-0.16362	24.1217	 84
DATA	1745977170	746658086	100389	0	""	2025-04-29	18:39:30	13098.778	447.75739	2103.4514	39.765	55.0003	32.0582	30.6232	0.00263561	11.2359	54.5005	17.25	-0.16362	24.1213	124
DATA	1745977171	746658086	100393	0	""	2025-04-29	18:39:31	13098.71	447.86743	2103.4312	39.7654	55.0003	32.0562	30.6232	0.00264056	11.2359	54.5005	-20.75	-0.16362	24.1217	150
DATA	1745977172	746658086	100397	0	""	2025-04-29	18:39:32	13099.791	448.20242	2103.4348	39.765	55.0003	32.0562	30.6232	0.00264034	11.2355	54.5005	9.75	-0.16362	24.1213	 56
DATA	1745977173	746658086	100401	0	""	2025-04-29	18:39:33	13100.545	448.20166	2103.5569	39.765	55.0003	32.057	30.6232	0.00263916	11.2358	54.5005	23.5	-0.16362	24.1217	246
DATA	1745977174	746658086	100405	0	""	2025-04-29	18:39:34	13100.692	448.19778	2103.605	39.7646	55.0003	32.0574	30.6234	0.00264196	11.2361	54.5005	136.25	-0.16362	24.1205	156
DATA	1745977175	746658086	100409	0	""	2025-04-29	18:39:35	13102.529	448.12311	2103.5574	39.7642	55.0003	32.0586	30.6232	0.00263659	11.236	54.5005	-66.75	-0.16362	24.1209	156
DATA	1745977176	746300935	100413	0	""	2025-04-29	18:39:36	13102.559	447.83865	2103.5986	39.7642	55.0003	32.0594	30.6232	0.0026403	11.236	54.5005	-50.25	-0.16362	24.1209	 94
DATA	1745977177	746300935	100417	0	""	2025-04-29	18:39:37	13102.787	447.92368	2103.5801	39.765	55.0003	32.0605	30.6232	0.00264095	11.2356	54.5005	-26.5	-0.16362	24.1201	 88
DATA	1745977178	746300935	100421	0	""	2025-04-29	18:39:38	13103.342	447.9325	2103.4297	39.765	55.0003	32.057	30.6232	0.00264436	11.2357	54.5005	-112	-0.16362	24.1205	182
DATA	1745977179	746300935	100425	0	""	2025-04-29	18:39:39	13104.304	447.92709	2103.7402	39.765	55.0003	32.0566	30.6232	0.00264132	11.2359	54.5005	30	-0.16362	24.1201	184
DATA	1745977180	746300935	100429	0	""	2025-04-29	18:39:40	13104.71	448.04062	2103.6978	39.7654	55.0003	32.057	30.6232	0.00263665	11.236	54.5005	-36.25	-0.16362	24.1205	 29
DATA	1745977181	746300935	100433	0	""	2025-04-29	18:39:41	13104.448	447.81107	2103.574	39.7654	55.0003	32.0574	30.6232	0.00265318	11.2352	54.5005	184.5	-0.16362	24.1201	 75
DATA	1745977182	746300935	100437	0	""	2025-04-29	18:39:42	13105.258	448.30966	2103.5962	39.7646	55.0003	32.057	30.6232	0.00264485	11.2358	54.5005	-55.75	-0.16362	24.1201	151
DATA	1745977183	745949029	100441	0	""	2025-04-29	18:39:43	13106.385	448.03052	2103.5652	39.7642	55.0003	32.0562	30.6232	0.00263612	11.2358	54.5005	60	-0.16362	24.1221	235
DATA	1745977184	745949029	100445	0	""	2025-04-29	18:39:44	13106.298	447.78711	2103.6692	39.7646	55.0003	32.0582	30.6232	0.00263932	11.2355	54.5007	-31	-0.16362	24.1217	 64
DATA	1745977185	745949029	100449	0	""	2025-04-29	18:39:45	13107.536	447.72824	2103.6487	39.7654	55.0003	32.0566	30.6232	0.00264381	11.2358	54.5007	-9.75	-0.16362	24.1213	177
DATA	1745977186	745949029	100453	0	""	2025-04-29	18:39:46	13107.063	447.82294	2103.689	39.765	55.0003	32.0566	30.6232	0.00264255	11.2356	54.5007	-21	-0.16362	24.1213	211
DATA	1745977187	745949029	100457	0	""	2025-04-29	18:39:47	13107.955	447.70886	2103.635	39.765	55.0003	32.057	30.6232	0.00264348	11.236	54.5005	-7	-0.16362	24.1213	 73
DATA	1745977188	745949029	100461	0	""	2025-04-29	18:39:48	13108.036	447.98813	2103.5518	39.7654	55.0003	32.0574	30.6232	0.00263817	11.2364	54.5007	91	-0.16362	24.1213	 22
DATA	1745977189	745949029	100465	0	""	2025-04-29	18:39:49	13108.964	448.43539	2103.6562	39.7642	55.0003	32.0562	30.6232	0.00264103	11.2359	54.5007	-2.5	-0.16362	24.1213	109
DATA	1745977190	745949029	100469	0	""	2025-04-29	18:39:50	13109.441	447.82648	2103.7881	39.765	55.0003	32.0566	30.6232	0.0026426	11.2356	54.5007	-5	-0.16362	24.1217	168
DATA	1745977191	745592117	100473	0	""	2025-04-29	18:39:51	13110.517	447.80774	2103.6365	39.7642	55.0003	32.0562	30.6232	0.0026403	11.2357	54.5007	118.75	-0.16362	24.1205	139
DATA	1745977192	745592117	100477	0	""	2025-04-29	18:39:52	13110.887	447.57971	2103.5955	39.7646	55.0003	32.0566	30.6232	0.00263833	11.2355	54.5009	10.5	-0.16362	24.1201	112
DATA	1745977193	745592117	100481	0	""	2025-04-29	18:39:53	13111.055	447.92911	2103.718	39.7657	55.0003	32.0574	30.6232	0.00264372	11.2358	54.5011	113	-0.16362	24.1201	239
DATA	1745977194	745592117	100485	0	""	2025-04-29	18:39:54	13111.936	447.79782	2103.6753	39.7642	55.0003	32.0582	30.6232	0.00264735	11.2358	54.5011	-70.5	-0.16362	24.1213	158
DATA	1745977195	745592117	100489	0	""	2025-04-29	18:39:55	13111.631	447.57364	2103.5176	39.765	55.0003	32.0555	30.6232	0.00265074	11.2358	54.5013	-52.5	-0.16362	24.1217	100
DATA	1745977196	745592117	100493	0	""	2025-04-29	18:39:56	13113.132	447.58524	2103.6775	39.7642	55.0003	32.057	30.6232	0.00263924	11.236	54.5009	33.5	-0.16362	24.1229	  7
DATA	1745977197	745592117	100497	0	""	2025-04-29	18:39:57	13113.228	448.02386	2103.5828	39.7642	55.0003	32.0547	30.6232	0.00264716	11.2358	54.5005	-25.25	-0.16362	24.1209	210
DATA	1745977198	745224952	100501	0	""	2025-04-29	18:39:58	13113.754	448.03235	2103.761	39.7654	55.0003	32.0551	30.6232	0.00264162	11.2355	54.5005	94.25	-0.16362	24.1205	 85
DATA	1745977199	745224952	100505	0	""	2025-04-29	18:39:59	13114.479	448.0325	2103.6936	39.765	55.0003	32.0555	30.6232	0.00264983	11.2361	54.5005	4.75	-0.16362	24.1205	 11
DATA	1745977200	745224952	100509	0	""	2025-04-29	18:40:00	13115.323	447.85052	2103.7075	39.765	55.0003	32.0559	30.6232	0.00264424	11.236	54.5005	-60.25	-0.16362	24.1221	 50
DATA	1745977201	745224952	100513	0	""	2025-04-29	18:40:01	13115.745	448.13718	2103.8342	39.7654	55.0003	32.0559	30.6232	0.00264253	11.2355	54.5005	78.5	-0.16362	24.1217	 77
DATA	1745977202	745224952	100517	0	""	2025-04-29	18:40:02	13116.993	447.987	2103.7534	39.7642	55.0003	32.0555	30.6232	0.00264748	11.2361	54.5005	-21.75	-0.16362	24.1217	 85
DATA	1745977203	745224952	100521	0	""	2025-04-29	18:40:03	13116.937	448.19046	2103.6094	39.7654	55.0003	32.0562	30.6232	0.00264658	11.2358	54.5005	-28.25	-0.16362	24.1213	178
DATA	1745977204	745224952	100525	0	""	2025-04-29	18:40:04	13116.818	447.8595	2103.9451	39.7654	55.0003	32.0559	30.6232	0.00264339	11.2351	54.5005	-18.75	-0.16362	24.1205	140
DATA	1745977205	745224952	100529	0	""	2025-04-29	18:40:05	13118.133	448.02512	2103.7522	39.765	55.0003	32.0551	30.6232	0.00263692	11.2361	54.5005	49.5	-0.16362	24.1209	 17
DATA	1745977206	744880914	100533	0	""	2025-04-29	18:40:06	13118.44	447.73499	2103.718	39.7646	55.0003	32.0555	30.6232	0.00264376	11.2355	54.5005	6.75	-0.16362	24.1209	  5
DATA	1745977207	744880914	100537	0	""	2025-04-29	18:40:07	13119.026	447.80206	2103.7346	39.765	55.0003	32.0547	30.6232	0.00264536	11.2357	54.5005	-61	-0.16362	24.1217	239
DATA	1745977208	744880914	100541	0	""	2025-04-29	18:40:08	13119.383	447.64886	2103.7065	39.765	55.0003	32.0531	30.6232	0.00264975	11.2358	54.5005	78.5	-0.16362	24.1209	 64
DATA	1745977209	744880914	100545	0	""	2025-04-29	18:40:09	13120.364	447.72177	2104.0183	39.7642	55.0003	32.0574	30.6232	0.0026466	11.236	54.5005	70.75	-0.16362	24.1205	 35
DATA	1745977210	744880914	100549	0	""	2025-04-29	18:40:10	13120.131	448.19843	2103.9104	39.7654	55.0003	32.0574	30.6232	0.00264676	11.2354	54.5005	-40.75	-0.16362	24.1209	173
DATA	1745977211	744880914	100553	0	""	2025-04-29	18:40:11	13121.11	448.0936	2103.8042	39.7654	55.0003	32.0555	30.6232	0.00265055	11.2361	54.5005	-7.75	-0.16362	24.1197	 15
DATA	1745977212	744880914	100557	0	""	2025-04-29	18:40:12	13121.377	447.9368	2103.8948	39.7642	55.0003	32.057	30.6232	0.00263671	11.2358	54.5005	90.5	-0.16362	24.1201	252
DATA	1745977213	744522094	100561	0	""	2025-04-29	18:40:13	13121.574	448.16492	2103.8484	39.765	55.0003	32.0586	30.6232	0.00264403	11.2355	54.5005	-137	-0.16362	24.1205	 21
DATA	1745977214	744522094	100565	0	""	2025-04-29	18:40:14	13122.975	447.84912	2103.783	39.765	55.0003	32.0547	30.6232	0.00264223	11.2358	54.5005	78.25	-0.16362	24.1201	 36
DATA	1745977215	744522094	100569	0	""	2025-04-29	18:40:15	13122.979	448.19489	2103.8123	39.7654	55.0003	32.0555	30.6232	0.0026422	11.2358	54.5005	1.75	-0.16362	24.1201	 41
DATA	1745977216	744522094	100573	0	""	2025-04-29	18:40:16	13123.59	447.99475	2103.9729	39.7654	55.0003	32.0562	30.6232	0.00264702	11.236	54.5005	63.25	-0.16362	24.1205	 46
DATA	1745977217	744522094	100577	0	""	2025-04-29	18:40:17	13123.843	447.95132	2103.8064	39.7654	55.0003	32.0574	30.6232	0.00264381	11.2358	54.5005	1.25	-0.16362	24.1229	 89
DATA	1745977218	744522094	100581	0	""	2025-04-29	18:40:18	13125.154	448.01361	2103.9878	39.7657	55.0003	32.0574	30.6232	0.00264364	11.236	54.5005	-26	-0.16362	24.1217	242
DATA	1745977219	744522094	100585	0	""	2025-04-29	18:40:19	13125.339	448.24884	2104.0283	39.7646	55.0003	32.057	30.6232	0.00263744	11.2354	54.5005	-10.5	-0.16362	24.1217	 84
DATA	1745977220	744522094	100589	0	""	2025-04-29	18:40:20	13125.843	448.5766	2103.9954	39.765	55.0003	32.0562	30.6232	0.0026493	11.2354	54.5005	-56.5	-0.16362	24.1213	243
DATA	1745977221	744168043	100593	0	""	2025-04-29	18:40:21	13126.299	448.16406	2103.8794	39.7654	55.0003	32.0551	30.6232	0.00264475	11.2357	54.5005	-24.5	-0.16362	24.1213	132
DATA	1745977222	744168043	100597	0	""	2025-04-29	18:40:22	13126.232	447.69016	2104.0286	39.7646	55.0003	32.0555	30.6232	0.00265323	11.2359	54.5005	-50.25	-0.16362	24.1217	171
DATA	1745977223	744168043	100601	0	""	2025-04-29	18:40:23	13127.954	447.63278	2103.8293	39.7646	55.0003	32.0547	30.6232	0.00264424	11.2357	54.5005	10.25	-0.16362	24.1217	131
DATA	1745977224	744168043	100605	0	""	2025-04-29	18:40:24	13128	447.99509	2104.009	39.765	55.0003	32.0547	30.6232	0.0026435	11.2355	54.5005	95.75	-0.16362	24.1213	 41
DATA	1745977225	744168043	100609	0	""	2025-04-29	18:40:25	13128.643	448.13596	2104.0112	39.7654	55.0003	32.0562	30.6232	0.00264658	11.2361	54.5005	-81.25	-0.16362	24.1205	171
DATA	1745977226	744168043	100613	0	""	2025-04-29	18:40:26	13128.933	448.03458	2104.032	39.765	55.0003	32.0543	30.6232	0.00264696	11.2359	54.5005	10.5	-0.16362	24.1209	232
DATA	1745977227	744168043	100617	0	""	2025-04-29	18:40:27	13129.919	448.18344	2104.0725	39.765	55.0003	32.0555	30.6232	0.00264365	11.2358	54.5005	22.5	-0.16362	24.1205	 38
DATA	1745977228	743808984	100621	0	""	2025-04-29	18:40:28	13129.822	448.17999	2103.9446	39.7654	55.0003	32.0559	30.6232	0.00264556	11.2355	54.5005	65	-0.16362	24.1197	 38
DATA	1745977229	743808984	100625	0	""	2025-04-29	18:40:29	13130.135	448.58307	2104.0645	39.7646	55.0003	32.0566	30.6232	0.00264083	11.2355	54.5005	13.5	-0.16362	24.1201	 86
DATA	1745977230	743808984	100629	0	""	2025-04-29	18:40:30	13131.136	448.2782	2103.9468	39.765	55.0003	32.057	30.6232	0.0026425	11.2356	54.5005	49.5	-0.16362	24.1205	147
DATA	1745977231	743808984	100633	0	""	2025-04-29	18:40:31	13132.556	448.43375	2104.0066	39.7642	55.0001	32.0559	30.6232	0.00264473	11.2364	54.5005	29	-0.16362	24.1201	239
DATA	1745977232	743808984	100637	0	""	2025-04-29	18:40:32	13132.551	448.35187	2104.24	39.7654	55.0003	32.0578	30.6232	0.00264113	11.2357	54.5005	-25.25	-0.16362	24.1205	 77
DATA	1745977233	743808984	100641	0	""	2025-04-29	18:40:33	13133.462	448.05997	2103.9385	39.765	55.0003	32.0547	30.6232	0.00264454	11.2357	54.5005	-55.75	-0.16362	24.1201	152
DATA	1745977234	743808984	100645	0	""	2025-04-29	18:40:34	13133.028	448.15802	2104.0576	39.765	55.0003	32.0551	30.6232	0.00264442	11.236	54.5005	135	-0.16362	24.1217	185
DATA	1745977235	743808984	100649	0	""	2025-04-29	18:40:35	13133.826	448.04166	2104.144	39.7654	55.0003	32.0566	30.6232	0.00264411	11.2352	54.5005	-21.5	-0.16362	24.1209	 79
DATA	1745977236	743458032	100653	0	""	2025-04-29	18:40:36	13134.566	448.19659	2104.1946	39.765	55.0003	32.0574	30.6232	0.0026433	11.2353	54.5005	-64.75	-0.16362	24.1209	 97
DATA	1745977237	743458032	100657	0	""	2025-04-29	18:40:37	13134.918	448.07303	2103.8945	39.765	54.9999	32.0551	30.6232	0.00264975	11.2358	54.5005	-39	-0.16362	24.1213	 30
DATA	1745977238	743458032	100661	0	""	2025-04-29	18:40:38	13135.764	448.52737	2104.0659	39.7665	54.9999	32.0543	30.6232	0.00264694	11.236	54.5005	45	-0.16362	24.1213	239
DATA	1745977239	743458032	100665	0	""	2025-04-29	18:40:39	13135.536	448.24789	2104.145	39.7654	55.0001	32.0555	30.6232	0.00264985	11.2352	54.5005	-47	-0.16362	24.1209	  5
DATA	1745977240	743458032	100669	0	""	2025-04-29	18:40:40	13136.42	448.05746	2104.0513	39.7654	55.0001	32.0539	30.6232	0.00264646	11.2354	54.5005	30	-0.16362	24.1205	174
DATA	1745977241	743458032	100673	0	""	2025-04-29	18:40:41	13137.25	448.24503	2104.1313	39.7657	55.0003	32.0555	30.6232	0.00264229	11.2357	54.5005	5.5	-0.16362	24.1217	223
DATA	1745977242	743458032	100677	0	""	2025-04-29	18:40:42	13137.578	447.89301	2104.1265	39.7646	55.0003	32.0543	30.6234	0.00264427	11.2357	54.5005	36.25	-0.16362	24.1205	142
DATA	1745977243	743099927	100681	0	""	2025-04-29	18:40:43	13137.322	448.13046	2104.1296	39.7654	55.0003	32.0543	30.6232	0.00264314	11.2351	54.5005	129.75	-0.16362	24.1205	180
DATA	1745977244	743099927	100685	0	""	2025-04-29	18:40:44	13138.72	448.25287	2104.0999	39.765	55.0003	32.0559	30.6232	0.00264418	11.2358	54.5005	-8.75	-0.16362	24.1197	 82
DATA	1745977245	743099927	100689	0	""	2025-04-29	18:40:45	13137.873	448.14264	2104.2007	39.7654	55.0003	32.0559	30.6232	0.00264377	11.2354	54.5005	-32.25	-0.16362	24.1201	197
DATA	1745977246	743099927	100693	0	""	2025-04-29	18:40:46	13138.951	448.72556	2104.238	39.7657	55.0003	32.0551	30.6232	0.00264838	11.2355	54.5005	13	-0.16362	24.1197	229
DATA	1745977247	743099927	100697	0	""	2025-04-29	18:40:47	13139.399	448.04706	2104.115	39.7654	55.0003	32.0539	30.6232	0.00264911	11.2355	54.5005	26.5	-0.16362	24.1201	 56
DATA	1745977248	743099927	100701	0	""	2025-04-29	18:40:48	13140.117	448.15561	2104.2698	39.7642	55.0003	32.0543	30.6232	0.00264908	11.2359	54.5005	31	-0.16362	24.1201	246
DATA	1745977249	743099927	100705	0	""	2025-04-29	18:40:49	13140.026	448.26321	2104.2512	39.7646	55.0003	32.0551	30.6232	0.00264836	11.236	54.5005	-15.75	-0.16362	24.1201	124
DATA	1745977250	743099927	100709	0	""	2025-04-29	18:40:50	13141.215	448.32779	2104.2771	39.7661	55.0003	32.0566	30.6232	0.00264219	11.2354	54.5005	49.5	-0.16362	24.1209	 98
DATA	1745977251	742738962	100713	0	""	2025-04-29	18:40:51	13141.271	448.63791	2104.2214	39.7657	55.0003	32.0547	30.6232	0.00263996	11.236	54.5005	21.5	-0.16362	24.1217	 38
DATA	1745977252	742738962	100717	0	""	2025-04-29	18:40:52	13141.995	448.28378	2104.2756	39.7654	55.0003	32.0566	30.6232	0.00263849	11.2356	54.5005	-20.5	-0.16362	24.1217	162
DATA	1745977253	742738962	100721	0	""	2025-04-29	18:40:53	13143.397	448.30048	2104.2349	39.7646	55.0003	32.0559	30.6232	0.00264835	11.2356	54.5005	-5.75	-0.16362	24.1213	147
DATA	1745977254	742738962	100725	0	""	2025-04-29	18:40:54	13142.877	448.51093	2104.2158	39.7654	55.0003	32.0555	30.6232	0.00263988	11.2355	54.5005	18.5	-0.16362	24.1209	115
DATA	1745977255	742738962	100729	0	""	2025-04-29	18:40:55	13144.352	448.76727	2104.1196	39.765	55.0003	32.0562	30.6232	0.00264161	11.2356	54.5005	-22	-0.16362	24.1217	250
DATA	1745977256	742738962	100733	0	""	2025-04-29	18:40:56	13145.693	448.57028	2104.2756	39.7654	55.0003	32.0566	30.6232	0.00264119	11.2353	54.5005	78.5	-0.16362	24.1213	113
DATA	1745977257	742738962	100737	0	""	2025-04-29	18:40:57	13146.216	448.24619	2104.2083	39.765	55.0003	32.0562	30.6232	0.00264872	11.2359	54.5005	-38.25	-0.16362	24.1217	155
DATA	1745977258	742377042	100741	0	""	2025-04-29	18:40:58	13146.619	448.37857	2104.4387	39.7654	55.0003	32.0555	30.6232	0.00264274	11.2355	54.5005	-28	-0.16362	24.1217	 60
DATA	1745977259	742377042	100745	0	""	2025-04-29	18:40:59	13146.097	448.55313	2104.2722	39.7657	55.0003	32.0551	30.6232	0.00264604	11.2356	54.5005	27.5	-0.16362	24.1213	 90
DATA	1745977260	742377042	100749	0	""	2025-04-29	18:41:00	13148.117	448.49545	2104.3142	39.7646	55.0003	32.0562	30.6232	0.00264013	11.2357	54.5005	56.75	-0.16362	24.1201	124
DATA	1745977261	742377042	100753	0	""	2025-04-29	18:41:01	13147.822	448.44284	2104.4434	39.765	55.0003	32.0582	30.6232	0.00264224	11.2356	54.5005	-50.5	-0.16362	24.1201	 59
DATA	1745977262	742377042	100757	0	""	2025-04-29	18:41:02	13148.605	448.65317	2104.2505	39.7657	55.0003	32.0574	30.6232	0.00264453	11.2358	54.5005	-53	-0.16362	24.1201	 28
DATA	1745977263	742377042	100761	0	""	2025-04-29	18:41:03	13149.383	448.73029	2104.2896	39.7661	55.0003	32.0566	30.6232	0.00264145	11.2356	54.5005	-112.75	-0.16362	24.1205	235
DATA	1745977264	742377042	100765	0	""	2025-04-29	18:41:04	13150.048	448.51306	2104.2385	39.7657	55.0003	32.0555	30.6232	0.00264308	11.2354	54.5005	40.75	-0.16362	24.1209	131
DATA	1745977265	742377042	100769	0	""	2025-04-29	18:41:05	13150.592	448.64056	2104.2715	39.7657	55.0003	32.0555	30.6232	0.00264052	11.2355	54.5005	-9	-0.16362	24.1197	251
DATA	1745977266	742024898	100773	0	""	2025-04-29	18:41:06	13150.272	448.35593	2104.2229	39.7661	55.0003	32.0566	30.6234	0.00264069	11.2356	54.5005	-36.75	-0.16362	24.1201	195
DATA	1745977267	742024898	100777	0	""	2025-04-29	18:41:07	13149.096	449.24594	2104.4453	39.7665	55.0003	32.0566	30.6232	0.00261796	11.2355	54.5005	203.75	-0.16362	24.1205	222
DATA	1745977268	742024898	100781	0	""	2025-04-29	18:41:08	13076.654	453.05444	2111.3867	39.7634	55.0003	32.057	30.6232	0.00265649	11.2347	54.5005	-225.75	-0.16362	24.1205	206
DATA	1745977269	742024898	100785	0	""	2025-04-29	18:41:09	13161.893	503.0191	2165.9199	39.765	55.0003	32.0508	30.6232	0.00275408	11.2053	54.5005	-158.25	-0.16362	24.1213	153
DATA	1745977270	742024898	100789	0	""	2025-04-29	18:41:10	13516.181	516.49841	2173.1885	39.7657	55.0003	32.0461	30.6232	0.0027915	11.1781	54.5005	36.25	-0.16362	24.1209	112
DATA	1745977271	742024898	100793	0	""	2025-04-29	18:41:11	13672.907	487.18335	2141.6133	39.7669	55.0003	32.0485	30.6232	0.00276555	11.1949	54.5005	150.5	-0.16362	24.1205	165
DATA	1745977272	742024898	100797	0	""	2025-04-29	18:41:12	13696.524	466.42249	2122.5752	39.7669	55.0003	32.0512	30.6232	0.00274875	11.215	54.5005	63	-0.16362	24.1213	217
DATA	1745977273	741672039	100801	0	""	2025-04-29	18:41:13	13664.904	456.5607	2113.6824	39.7677	55.0003	32.0516	30.6232	0.00273577	11.2256	54.5005	-56.75	-0.16362	24.1217	151
DATA	1745977274	741672039	100805	0	""	2025-04-29	18:41:14	13614.603	455.69446	2114.6831	39.7673	55.0003	32.0496	30.6232	0.00273169	11.2291	54.5005	27.75	-0.16362	24.1217	157
DATA	1745977275	741672039	100809	0	""	2025-04-29	18:41:15	13562.306	468.50549	2127.7661	39.7677	55.0003	32.05	30.6234	0.00273684	11.2246	54.5005	62.25	-0.16362	24.1213	 57
DATA	1745977276	741672039	100813	0	""	2025-04-29	18:41:16	13520.225	483.10883	2140.3108	39.7669	55.0003	32.0492	30.6232	0.00272972	11.214	54.5005	47.5	-0.16362	24.1205	 32
DATA	1745977277	741672039	100817	0	""	2025-04-29	18:41:17	13496.214	487.47488	2142.1577	39.7677	55.0003	32.0508	30.6232	0.00272038	11.207	54.5005	152.5	-0.16362	24.1205	110
DATA	1745977278	741672039	100821	0	""	2025-04-29	18:41:18	13488.105	481.64084	2136.5847	39.7681	55.0003	32.0543	30.6232	0.00270269	11.2081	54.5005	40.25	-0.16362	24.1201	141
DATA	1745977279	741672039	100825	0	""	2025-04-29	18:41:19	13489.591	473.56903	2129.4033	39.7673	55.0003	32.0562	30.6232	0.00269751	11.2135	54.5005	252	-0.16362	24.1209	 65
DATA	1745977280	741672039	100829	0	""	2025-04-29	18:41:20	13496.415	468.24097	2124.9663	39.7669	55.0003	32.0582	30.6232	0.00268995	11.2186	54.5005	-176.75	-0.16362	24.1201	 20
DATA	1745977281	741314888	100833	0	""	2025-04-29	18:41:21	13502.576	468.1088	2125.5669	39.7677	55.0003	32.0535	30.6232	0.00270288	11.2212	54.5005	82.75	-0.16362	24.1201	102
DATA	1745977282	741314888	100837	0	""	2025-04-29	18:41:22	13507.493	472.3089	2129.7732	39.7677	55.0003	32.0551	30.6232	0.00270985	11.2205	54.5005	-41.25	-0.16362	24.1209	153
DATA	1745977283	741314888	100841	0	""	2025-04-29	18:41:23	13508.659	477.30524	2133.457	39.7677	55.0003	32.0539	30.6232	0.00271298	11.2168	54.5005	-57.5	-0.16362	24.1209	115
DATA	1745977284	741314888	100845	0	""	2025-04-29	18:41:24	13506.73	479.23001	2134.3401	39.7696	55.0003	32.0539	30.6232	0.00270413	11.2139	54.5005	71.25	-0.16362	24.1201	 76
DATA	1745977285	741314888	100849	0	""	2025-04-29	18:41:25	13503.963	477.33792	2133.0552	39.7685	55.0003	32.0547	30.6232	0.00270097	11.2138	54.5005	19.25	-0.16362	24.1213	163
DATA	1745977286	741314888	100853	0	""	2025-04-29	18:41:26	13500.762	474.46915	2130.3696	39.7681	55.0003	32.0551	30.6232	0.00269721	11.215	54.5005	27.5	-0.16362	24.1209	 54
DATA	1745977287	741314888	100857	0	""	2025-04-29	18:41:27	13498.561	472.08224	2128.9624	39.7677	55.0003	32.0531	30.6232	0.00270619	11.2168	54.5005	-36.75	-0.16362	24.1209	224
DATA	1745977288	740952968	100861	0	""	2025-04-29	18:41:28	13495.655	472.11435	2129.1235	39.7681	55.0003	32.0543	30.6232	0.00270629	11.2186	54.5005	9	-0.16362	24.1205	221
DATA	1745977289	740952968	100865	0	""	2025-04-29	18:41:29	13494.412	473.67191	2130.2676	39.7681	55.0003	32.0535	30.6232	0.00270341	11.2183	54.5005	14.25	-0.16362	24.1201	152
DATA	1745977290	740952968	100869	0	""	2025-04-29	18:41:30	13493.76	475.03848	2131.5549	39.7681	55.0003	32.0555	30.6232	0.00270333	11.2175	54.5005	314.25	-0.16362	24.1201	156
DATA	1745977291	740952968	100873	0	""	2025-04-29	18:41:31	13492.835	475.72702	2131.8679	39.7673	55.0003	32.0551	30.6232	0.0027031	11.2162	54.5005	-120.25	-0.16362	24.1213	188
DATA	1745977292	740952968	100877	0	""	2025-04-29	18:41:32	13492.257	475.22821	2131.479	39.7681	55.0003	32.0539	30.6232	0.00270827	11.2158	54.5005	-40	-0.16362	24.1209	 11
DATA	1745977293	740952968	100881	0	""	2025-04-29	18:41:33	13491.879	474.34479	2130.6865	39.7677	55.0003	32.0535	30.6232	0.0027009	11.2163	54.5004	41	-0.16362	24.1201	224
DATA	1745977294	740952968	100885	0	""	2025-04-29	18:41:34	13489.435	473.62927	2130.1731	39.7677	55.0003	32.0547	30.6232	0.00269954	11.2165	54.5005	-11.75	-0.16362	24.1197	235
DATA	1745977295	740952968	100889	0	""	2025-04-29	18:41:35	13489.045	473.92889	2130.0857	39.7685	55.0003	32.0555	30.6232	0.00269279	11.2181	54.5004	65.5	-0.16362	24.1186	158
DATA	1745977296	740602016	100893	0	""	2025-04-29	18:41:36	13488.065	474.01846	2130.4583	39.7673	55.0003	32.0543	30.6232	0.00270481	11.2178	54.5005	-77.75	-0.16362	24.1193	205
DATA	1745977297	740602016	100897	0	""	2025-04-29	18:41:37	13488.074	474.12091	2130.7429	39.7677	55.0003	32.0535	30.6232	0.00270612	11.2178	54.5005	67	-0.16362	24.1197	 12
DATA	1745977298	740602016	100901	0	""	2025-04-29	18:41:38	13486.889	474.83667	2131.127	39.7677	55.0003	32.0543	30.6232	0.00269994	11.2174	54.5005	-36	-0.16362	24.1209	 21
DATA	1745977299	740602016	100905	0	""	2025-04-29	18:41:39	13486.116	474.67838	2130.7563	39.7681	55.0003	32.0555	30.6232	0.0026986	11.217	54.5004	-11	-0.16362	24.1197	214
DATA	1745977300	740602016	100909	0	""	2025-04-29	18:41:40	13485.081	474.11212	2130.6819	39.7669	55.0003	32.0555	30.6232	0.00269903	11.217	54.5005	-48.75	-0.16362	24.1201	118
DATA	1745977301	740602016	100913	0	""	2025-04-29	18:41:41	13484.78	473.85242	2130.4097	39.7681	55.0003	32.0547	30.6232	0.00270643	11.2175	54.5004	120.5	-0.16362	24.1193	 70
DATA	1745977302	740602016	100917	0	""	2025-04-29	18:41:42	13483.818	473.76364	2130.4307	39.7681	55.0003	32.0555	30.6232	0.00270668	11.2175	54.5005	-12.75	-0.16362	24.1213	176
DATA	1745977303	740252971	100921	0	""	2025-04-29	18:41:43	13482.725	473.97665	2130.5559	39.7692	55.0003	32.0535	30.6232	0.0027103	11.2178	54.5005	-14.5	-0.16362	24.1209	 88
DATA	1745977304	740252971	100925	0	""	2025-04-29	18:41:44	13482.296	474.25934	2130.6416	39.7685	55.0003	32.0551	30.6232	0.00270499	11.2175	54.5005	-40.75	-0.16362	24.1209	198
DATA	1745977305	740252971	100929	0	""	2025-04-29	18:41:45	13481.636	474.39417	2130.7114	39.7685	55.0003	32.0539	30.6232	0.00270082	11.2179	54.5005	2.5	-0.16362	24.1209	 46
DATA	1745977306	740252971	100933	0	""	2025-04-29	18:41:46	13480.594	474.12973	2130.5518	39.7669	55.0003	32.0531	30.6232	0.00270173	11.2176	54.5005	-52.25	-0.16362	24.1209	189
DATA	1745977307	740252971	100937	0	""	2025-04-29	18:41:47	13480.589	474.68991	2130.5034	39.7677	55.0003	32.052	30.6232	0.00270236	11.2176	54.5005	-9	-0.16362	24.1213	208
DATA	1745977308	740252971	100941	0	""	2025-04-29	18:41:48	13479.966	474.18143	2130.6184	39.7681	55.0003	32.0551	30.6232	0.00269798	11.2179	54.5005	60.25	-0.16362	24.1213	167
DATA	1745977309	740252971	100945	0	""	2025-04-29	18:41:49	13479.135	474.04834	2130.5344	39.7685	55.0003	32.0539	30.6232	0.00270063	11.2174	54.5005	9.5	-0.16362	24.1213	 47
DATA	1745977310	740252971	100949	0	""	2025-04-29	18:41:50	13479.259	474.56555	2130.4922	39.7681	55.0003	32.0559	30.6232	0.00269425	11.2177	54.5005	-71	-0.16362	24.1205	 55
DATA	1745977311	739897966	100953	0	""	2025-04-29	18:41:51	13478.544	474.38748	2130.4897	39.7685	55.0003	32.0547	30.6232	0.0026971	11.2178	54.5005	-9.25	-0.16362	24.1205	143
DATA	1745977312	739897966	100957	0	""	2025-04-29	18:41:52	13477.574	474.30884	2130.6042	39.7677	55.0003	32.0547	30.6232	0.00269645	11.2178	54.5005	-12.25	-0.16362	24.1197	236
DATA	1745977313	739897966	100961	0	""	2025-04-29	18:41:53	13477.539	474.07819	2130.3918	39.7685	55.0003	32.0539	30.6232	0.00269817	11.2182	54.5004	-11.25	-0.16362	24.1197	239
DATA	1745977314	739897966	100965	0	""	2025-04-29	18:41:54	13477.475	474.42288	2130.5527	39.7681	55.0003	32.0551	30.6232	0.00269826	11.2181	54.5004	-4	-0.16362	24.1209	 29
DATA	1745977315	739897966	100969	0	""	2025-04-29	18:41:55	13476.051	473.81052	2130.3809	39.7692	55.0003	32.0543	30.6232	0.00270224	11.2174	54.5002	-21.75	-0.16362	24.1201	196
DATA	1745977316	739897966	100973	0	""	2025-04-29	18:41:56	13475.46	474.104	2130.365	39.7685	55.0003	32.0531	30.6232	0.00270014	11.2177	54.5004	57.5	-0.16362	24.1201	154
DATA	1745977317	739897966	100977	0	""	2025-04-29	18:41:57	13475.101	473.99991	2130.365	39.7689	55.0003	32.0559	30.6232	0.00270172	11.218	54.5005	-33.5	-0.16362	24.1205	 80
DATA	1745977318	739531993	100981	0	""	2025-04-29	18:41:58	13474.801	474.10861	2130.418	39.7681	55.0003	32.0555	30.6232	0.00269853	11.218	54.5005	9.25	-0.16362	24.1201	  5
DATA	1745977319	739531993	100985	0	""	2025-04-29	18:41:59	13474.012	473.99536	2130.3164	39.7681	55.0003	32.0531	30.6232	0.00270138	11.2178	54.5005	-22.25	-0.16362	24.1213	197
DATA	1745977320	739531993	100989	0	""	2025-04-29	18:42:00	13473.53	473.99088	2130.2952	39.7673	55.0003	32.0539	30.6232	0.00269551	11.2181	54.5	-41.5	-0.16362	24.1213	210
DATA	1745977321	739531993	100993	0	""	2025-04-29	18:42:01	13473.483	474.12292	2130.2534	39.7681	55.0003	32.0527	30.6232	0.00270313	11.2181	54.5004	27.25	-0.16362	24.1209	131
DATA	1745977322	739531993	100997	0	""	2025-04-29	18:42:02	13473.143	473.63345	2130.4241	39.7681	55.0003	32.0531	30.6232	0.00270482	11.2188	54.5005	87.25	-0.16362	24.1205	143
DATA	1745977323	739531993	101001	0	""	2025-04-29	18:42:03	13472.237	473.65494	2130.2271	39.7677	55.0001	32.0555	30.6232	0.00269886	11.2184	54.5005	-18	-0.16362	24.1217	 47
DATA	1745977324	739531993	101005	0	""	2025-04-29	18:42:04	13473.006	474.23346	2130.3562	39.7681	54.9999	32.0543	30.6232	0.00269918	11.2186	54.5004	-89	-0.16362	24.1209	 75
DATA	1745977325	739531993	101009	0	""	2025-04-29	18:42:05	13472.711	474.20004	2130.3235	39.7681	55.0001	32.0524	30.6232	0.00270154	11.2184	54.5005	-30.25	-0.16362	24.1205	147
DATA	1745977326	739177942	101013	0	""	2025-04-29	18:42:06	13472.371	473.72491	2130.157	39.7685	55.0003	32.0539	30.6232	0.00270339	11.2183	54.5005	53.25	-0.16362	24.1201	 86
DATA	1745977327	739177942	101017	0	""	2025-04-29	18:42:07	13472.128	473.38562	2130.209	39.7677	55.0003	32.0562	30.6232	0.00269669	11.2183	54.5002	-34	-0.16362	24.1205	254
DATA	1745977328	739177942	101021	0	""	2025-04-29	18:42:08	13471.794	473.95175	2130.1311	39.7685	55.0003	32.0543	30.6232	0.00269947	11.2186	54.5005	1.25	-0.16362	24.1201	 98
DATA	1745977329	739177942	101025	0	""	2025-04-29	18:42:09	13470.687	473.86511	2130.281	39.7677	55.0001	32.0566	30.6232	0.00269777	11.219	54.5	61.25	-0.16362	24.1197	182
DATA	1745977330	739177942	101029	0	""	2025-04-29	18:42:10	13470.775	474.00803	2130.2651	39.7685	54.9997	32.0578	30.6232	0.00270158	11.2188	54.4998	28.5	-0.16362	24.1193	146
DATA	1745977331	739177942	101033	0	""	2025-04-29	18:42:11	13470.999	473.81186	2130.0667	39.7681	55.0001	32.0566	30.6232	0.00269612	11.218	54.5002	-54.5	-0.16362	24.1197	101
DATA	1745977332	739177942	101037	0	""	2025-04-29	18:42:12	13470.25	473.75632	2130.3977	39.7673	55.0001	32.0559	30.6232	0.00270047	11.2189	54.5002	165.75	-0.16362	24.1197	160
DATA	1745977333	738826990	101041	0	""	2025-04-29	18:42:13	13469.566	473.85132	2130.0271	39.7681	55.0003	32.0562	30.6232	0.00269963	11.2185	54.5	78	-0.16362	24.1193	119
DATA	1745977334	738826990	101045	0	""	2025-04-29	18:42:14	13469.174	473.55615	2130.1709	39.7681	55.0003	32.0566	30.6232	0.00270233	11.219	54.5004	-130.5	-0.16362	24.1205	131
DATA	1745977335	738826990	101049	0	""	2025-04-29	18:42:15	13468.648	474.08026	2129.9155	39.7689	55.0003	32.0539	30.6232	0.00270198	11.219	54.4998	-9.25	-0.16362	24.1213	145
DATA	1745977336	738826990	101053	0	""	2025-04-29	18:42:16	13468.908	473.50418	2130.1387	39.7681	55.0003	32.0535	30.6232	0.00269534	11.2191	54.5	32.5	-0.16362	24.1205	209
DATA	1745977337	738826990	101057	0	""	2025-04-29	18:42:17	13467.268	473.76764	2130.1118	39.7685	55.0003	32.0578	30.6232	0.00269708	11.2184	54.4998	64.5	-0.16362	24.1213	150
DATA	1745977338	738826990	101061	0	""	2025-04-29	18:42:18	13467.267	474.23834	2130.1399	39.7681	55.0003	32.0582	30.6232	0.00269438	11.2186	54.4998	-132	-0.16362	24.1209	136
DATA	1745977339	738826990	101065	0	""	2025-04-29	18:42:19	13467.522	473.53864	2130.144	39.7681	55.0003	32.0566	30.6232	0.00270155	11.2185	54.4998	-73.25	-0.16362	24.1209	174
DATA	1745977340	738826990	101069	0	""	2025-04-29	18:42:20	13467.027	473.99265	2130.1245	39.7669	55.0003	32.0543	30.6232	0.00269802	11.2194	54.4998	29	-0.16362	24.1209	 33
DATA	1745977341	738472938	101073	0	""	2025-04-29	18:42:21	13466.943	473.55688	2130.0881	39.7685	55.0003	32.0535	30.6232	0.00269991	11.2191	54.5002	-16.25	-0.16362	24.1209	213
DATA	1745977342	738472938	101077	0	""	2025-04-29	18:42:22	13466.93	473.43176	2129.9946	39.7673	55.0003	32.0539	30.6232	0.00270122	11.2184	54.4998	63.25	-0.16362	24.1209	136
DATA	1745977343	738472938	101081	0	""	2025-04-29	18:42:23	13468.158	473.33945	2130.0254	39.7673	55.0003	32.0527	30.6232	0.00270189	11.2192	54.5	117.5	-0.16362	24.1217	  0
DATA	1745977344	738472938	101085	0	""	2025-04-29	18:42:24	13466.108	473.25513	2129.9326	39.7677	55.0003	32.0559	30.6232	0.00270218	11.2186	54.5	13	-0.16362	24.1201	110
DATA	1745977345	738472938	101089	0	""	2025-04-29	18:42:25	13466.774	473.11819	2130.0107	39.7681	55.0003	32.0551	30.6232	0.00270471	11.2191	54.4998	-58.75	-0.16362	24.1205	218
DATA	1745977346	738472938	101093	0	""	2025-04-29	18:42:26	13466.012	473.53964	2130.0076	39.7689	55.0003	32.0551	30.6232	0.00269586	11.2191	54.4998	-3.5	-0.16362	24.1201	118
DATA	1745977347	738472938	101097	0	""	2025-04-29	18:42:27	13465.912	473.25613	2130.0652	39.7685	55.0003	32.0543	30.6232	0.00269993	11.2187	54.4998	-15.5	-0.16362	24.1205	181
DATA	1745977348	738102912	101101	0	""	2025-04-29	18:42:28	13465.815	473.56796	2129.7566	39.7685	55.0003	32.0539	30.6232	0.00270035	11.2192	54.4998	-24.25	-0.16362	24.1201	214
DATA	1745977349	738102912	101105	0	""	2025-04-29	18:42:29	13465.693	472.94275	2129.7812	39.7685	55.0003	32.0531	30.6232	0.00269622	11.2189	54.4998	90.25	-0.16362	24.1193	187
DATA	1745977350	738102912	101109	0	""	2025-04-29	18:42:30	13465.076	473.42789	2129.8733	39.7681	55.0003	32.0539	30.6232	0.00269224	11.2193	54.4998	3.5	-0.16362	24.1197	 74
DATA	1745977351	738102912	101113	0	""	2025-04-29	18:42:31	13465.101	473.36224	2129.8518	39.7681	55.0003	32.0551	30.6232	0.0027061	11.2189	54.4998	47.25	-0.16362	24.1201	 82
DATA	1745977352	738102912	101117	0	""	2025-04-29	18:42:32	13465.895	473.26672	2129.7209	39.7673	55.0003	32.0535	30.6232	0.0027056	11.2189	54.4998	-14	-0.16362	24.1225	 13
DATA	1745977353	738102912	101121	0	""	2025-04-29	18:42:33	13465.799	473.59875	2129.8777	39.7669	55.0003	32.0547	30.6232	0.00269874	11.2193	54.4998	19.25	-0.16362	24.1209	213
DATA	1745977354	738102912	101125	0	""	2025-04-29	18:42:34	13464.707	473.19958	2129.959	39.7685	55.0003	32.0555	30.6232	0.0026945	11.22	54.4998	-59	-0.16362	24.1217	138
DATA	1745977355	738102912	101129	0	""	2025-04-29	18:42:35	13464.469	473.88034	2129.9509	39.7689	55.0003	32.0551	30.6232	0.00269777	11.219	54.4998	-6.5	-0.16362	24.1209	 92
DATA	1745977356	737756013	101133	0	""	2025-04-29	18:42:36	13464.719	472.94836	2129.6919	39.7677	55.0003	32.0547	30.6232	0.00269509	11.2194	54.4998	-55.75	-0.16362	24.1213	250
DATA	1745977357	737756013	101137	0	""	2025-04-29	18:42:37	13465.191	473.59598	2129.8162	39.7681	55.0003	32.0531	30.6232	0.00269765	11.2196	54.4998	14.75	-0.16362	24.1217	198
DATA	1745977358	737756013	101141	0	""	2025-04-29	18:42:38	13464.442	473.3988	2129.8462	39.7681	55.0003	32.0543	30.6232	0.00269765	11.2196	54.4998	46	-0.16362	24.1209	251
DATA	1745977359	737756013	101145	0	""	2025-04-29	18:42:39	13464.922	473.34973	2129.7126	39.7681	55.0003	32.0547	30.6232	0.00269656	11.2188	54.4998	-27.5	-0.16362	24.1213	188
DATA	1745977360	737756013	101149	0	""	2025-04-29	18:42:40	13462.558	473.25055	2129.7112	39.7685	55.0003	32.0547	30.6236	0.00270118	11.2192	54.4998	117.5	-0.16362	24.1217	160
DATA	1745977361	737756013	101153	0	""	2025-04-29	18:42:41	13464.949	473.09433	2129.8276	39.7685	55.0003	32.0547	30.6232	0.0027026	11.219	54.4998	1.75	-0.16362	24.1205	 21
DATA	1745977362	737756013	101157	0	""	2025-04-29	18:42:42	13464.639	473.4545	2129.7336	39.7685	55.0003	32.0547	30.6232	0.002698	11.2193	54.4998	5	-0.16362	24.1205	 87
DATA	1745977363	737401962	101161	0	""	2025-04-29	18:42:43	13463.583	473.22906	2129.5862	39.7681	55.0003	32.0531	30.6232	0.00270287	11.2192	54.4998	-31.25	-0.16362	24.1205	202
DATA	1745977364	737401962	101165	0	""	2025-04-29	18:42:44	13463.634	473.49451	2129.9014	39.7681	55.0003	32.0531	30.6232	0.00269657	11.2191	54.4998	-11.5	-0.16362	24.1205	158
DATA	1745977365	737401962	101169	0	""	2025-04-29	18:42:45	13463.228	473.31326	2129.6768	39.7685	55.0003	32.0527	30.6232	0.00269672	11.2196	54.4998	163.5	-0.16362	24.1201	186
DATA	1745977366	737401962	101173	0	""	2025-04-29	18:42:46	13463.342	473.00668	2129.7578	39.7673	55.0003	32.0527	30.6232	0.00269449	11.2197	54.4998	-22.75	-0.16362	24.1205	235
DATA	1745977367	737401962	101177	0	""	2025-04-29	18:42:47	13463.31	473.13376	2129.6697	39.7669	55.0003	32.0531	30.6232	0.00269674	11.2199	54.4998	59.25	-0.16362	24.1201	147
DATA	1745977368	737401962	101181	0	""	2025-04-29	18:42:48	13463.382	473.30533	2129.7942	39.7681	55.0003	32.0535	30.6232	0.00270147	11.2197	54.4998	16	-0.16362	24.1201	 16
DATA	1745977369	737401962	101185	0	""	2025-04-29	18:42:49	13462.872	473.09131	2129.6243	39.7677	55.0003	32.0527	30.6232	0.00269799	11.2195	54.4998	42.75	-0.16362	24.1221	198
DATA	1745977370	737401962	101189	0	""	2025-04-29	18:42:50	13464.679	472.66443	2129.6548	39.7685	55.0003	32.0531	30.6232	0.00269493	11.2199	54.4998	-22	-0.16362	24.1213	 88
DATA	1745977371	737042903	101193	0	""	2025-04-29	18:42:51	13463	472.65753	2129.6899	39.7677	55.0003	32.0527	30.6232	0.0026994	11.2192	54.4998	19.75	-0.16362	24.1213	199
DATA	1745977372	737042903	101197	0	""	2025-04-29	18:42:52	13463.523	473.12955	2129.7388	39.7681	55.0003	32.0531	30.6232	0.00269689	11.2194	54.4998	104	-0.16362	24.1217	 83
DATA	1745977373	737042903	101201	0	""	2025-04-29	18:42:53	13463.458	473.00717	2129.5801	39.7681	55.0003	32.0527	30.6232	0.00269657	11.2198	54.4998	-14.25	-0.16362	24.1213	205
DATA	1745977374	737042903	101205	0	""	2025-04-29	18:42:54	13462.314	472.67328	2129.5967	39.7689	55.0003	32.0543	30.6232	0.00269311	11.2193	54.4998	-51.75	-0.16362	24.1205	219
DATA	1745977375	737042903	101209	0	""	2025-04-29	18:42:55	13462.183	472.85446	2129.5183	39.7685	55.0003	32.0531	30.6232	0.00269951	11.2195	54.4998	30	-0.16362	24.1217	 26
DATA	1745977376	737042903	101213	0	""	2025-04-29	18:42:56	13463.209	472.99988	2129.4104	39.7685	55.0003	32.0547	30.6232	0.00269768	11.22	54.4998	51.75	-0.16362	24.1213	 88
DATA	1745977377	737042903	101217	0	""	2025-04-29	18:42:57	13462.538	473.29382	2129.6118	39.7689	55.0003	32.0535	30.6234	0.00269775	11.22	54.4998	-39.75	-0.16362	24.1201	136
DATA	1745977378	736680984	101221	0	""	2025-04-29	18:42:58	13463.031	473.05283	2129.5388	39.7685	55.0003	32.0531	30.6232	0.00269388	11.2201	54.4998	51.5	-0.16362	24.1209	129
DATA	1745977379	736680984	101225	0	""	2025-04-29	18:42:59	13462.465	472.76685	2129.4849	39.7681	55.0003	32.0539	30.6232	0.00269497	11.2195	54.4998	8	-0.16362	24.1197	 37
DATA	1745977380	736680984	101229	0	""	2025-04-29	18:43:00	13462.406	472.79352	2129.5442	39.7685	55.0003	32.0562	30.6232	0.00269689	11.2196	54.4998	31.75	-0.16362	24.1201	187
DATA	1745977381	736680984	101233	0	""	2025-04-29	18:43:01	13461.092	473.08313	2129.4861	39.7677	55.0003	32.0555	30.6232	0.00269355	11.2199	54.4998	-87.75	-0.16362	24.1201	230
DATA	1745977382	736680984	101237	0	""	2025-04-29	18:43:02	13462.205	472.81976	2129.5647	39.7677	55.0003	32.0539	30.6232	0.00269578	11.2198	54.4998	7.75	-0.16362	24.1201	158
DATA	1745977383	736680984	101241	0	""	2025-04-29	18:43:03	13462.159	472.66772	2129.4705	39.7681	55.0003	32.0539	30.6232	0.00269604	11.22	54.4998	148.25	-0.16362	24.1197	138
DATA	1745977384	736680984	101245	0	""	2025-04-29	18:43:04	13461.493	472.64923	2129.4407	39.7677	55.0003	32.0551	30.6232	0.00269666	11.2206	54.4998	-20.25	-0.16362	24.1209	228
DATA	1745977385	736680984	101249	0	""	2025-04-29	18:43:05	13460.739	472.93185	2129.3464	39.7685	55.0003	32.0547	30.6232	0.00269447	11.2198	54.4998	-84.5	-0.16362	24.1201	203
DATA	1745977386	736329078	101253	0	""	2025-04-29	18:43:06	13462.097	472.65359	2129.5693	39.7673	55.0003	32.05	30.6232	0.00269027	11.22	54.4998	2.75	-0.16362	24.1205	185
DATA	1745977387	736329078	101257	0	""	2025-04-29	18:43:07	13461.134	472.65311	2129.2036	39.7681	55.0003	32.0535	30.6232	0.00269574	11.22	54.4998	38	-0.16362	24.1217	174
DATA	1745977388	736329078	101261	0	""	2025-04-29	18:43:08	13461.664	472.47852	2129.4753	39.7685	55.0003	32.0527	30.6232	0.00269518	11.2197	54.4998	61	-0.16362	24.1213	 47
DATA	1745977389	736329078	101265	0	""	2025-04-29	18:43:09	13461.908	472.59909	2129.4717	39.7677	55.0003	32.0524	30.6232	0.0026939	11.2192	54.4998	-7.5	-0.16362	24.1217	103
DATA	1745977390	736329078	101269	0	""	2025-04-29	18:43:10	13461.075	472.92932	2129.3315	39.7685	55.0003	32.0535	30.6232	0.00270298	11.2198	54.4998	46.5	-0.16362	24.1213	128
DATA	1745977391	736329078	101273	0	""	2025-04-29	18:43:11	13461.574	472.7507	2129.3213	39.7677	55.0003	32.0547	30.6232	0.00269829	11.2199	54.4998	12.25	-0.16362	24.1217	132
DATA	1745977392	736329078	101277	0	""	2025-04-29	18:43:12	13460.864	472.44818	2129.3254	39.7685	55.0003	32.0535	30.6232	0.00269983	11.2198	54.4998	8.25	-0.16362	24.1209	152
DATA	1745977393	735972881	101281	0	""	2025-04-29	18:43:13	13460.951	472.56876	2129.4348	39.7685	55.0003	32.0539	30.6232	0.00269147	11.2206	54.4998	-8	-0.16362	24.1205	 41
DATA	1745977394	735972881	101285	0	""	2025-04-29	18:43:14	13460.943	473.16336	2129.4067	39.7673	55.0003	32.0543	30.6232	0.00269846	11.2207	54.4998	3.75	-0.16362	24.1201	133
DATA	1745977395	735972881	101289	0	""	2025-04-29	18:43:15	13461.432	472.75537	2129.2727	39.7673	55.0003	32.0551	30.6232	0.00269712	11.2199	54.4998	-1	-0.16362	24.1205	 35
DATA	1745977396	735972881	101293	0	""	2025-04-29	18:43:16	13460.631	472.51138	2129.2102	39.7685	55.0003	32.0543	30.6232	0.00269365	11.2206	54.4998	-34.75	-0.16362	24.1209	219
DATA	1745977397	735972881	101297	0	""	2025-04-29	18:43:17	13461.716	472.65387	2129.2593	39.7677	55.0003	32.0543	30.6232	0.00269566	11.22	54.4998	-5.25	-0.16362	24.1205	 98
DATA	1745977398	735972881	101301	0	""	2025-04-29	18:43:18	13460.593	473.03433	2129.1697	39.7677	55.0003	32.0527	30.6232	0.00269679	11.2205	54.4998	-15	-0.16362	24.1197	 95
DATA	1745977399	735972881	101305	0	""	2025-04-29	18:43:19	13462.755	472.97931	2129.2747	39.7677	55.0003	32.0535	30.6232	0.00269603	11.2205	54.4998	178	-0.16362	24.1197	114
DATA	1745977400	735972881	101309	0	""	2025-04-29	18:43:20	13460.903	473.04831	2129.2368	39.7689	55.0003	32.0559	30.6232	0.00269685	11.2207	54.4998	-101.75	-0.16362	24.1201	  9
DATA	1745977401	735613107	101313	0	""	2025-04-29	18:43:21	13461.5	471.95004	2129.2095	39.7681	55.0003	32.0531	30.6232	0.00270294	11.2203	54.4998	-29.75	-0.16362	24.1201	 67
DATA	1745977402	735613107	101317	0	""	2025-04-29	18:43:22	13461.171	472.6272	2129.2888	39.7685	55.0003	32.0539	30.6232	0.00269296	11.2206	54.4998	20.25	-0.16362	24.1205	105
DATA	1745977403	735613107	101321	0	""	2025-04-29	18:43:23	13461.211	472.58157	2129.2395	39.7681	55.0003	32.0539	30.6232	0.00269904	11.2199	54.4998	34.5	-0.16362	24.1217	108
DATA	1745977404	735613107	101325	0	""	2025-04-29	18:43:24	13461.607	472.34134	2129.1565	39.7685	55.0003	32.0535	30.6232	0.00269403	11.2203	54.4998	23.25	-0.16362	24.1217	138
DATA	1745977405	735613107	101329	0	""	2025-04-29	18:43:25	13460.656	472.36411	2129.3228	39.7681	55.0003	32.0555	30.6232	0.00270013	11.2203	54.4998	9.5	-0.16362	24.1209	 39
DATA	1745977406	735613107	101333	0	""	2025-04-29	18:43:26	13461.054	472.11658	2129.2537	39.7685	55.0003	32.0543	30.6232	0.00270019	11.2205	54.4998	66.5	-0.16362	24.1217	 96
DATA	1745977407	735613107	101337	0	""	2025-04-29	18:43:27	13461.517	472.20163	2129.2566	39.7677	55.0003	32.0547	30.6232	0.00270033	11.2203	54.4998	-92	-0.16362	24.1213	 39
DATA	1745977408	735255956	101341	0	""	2025-04-29	18:43:28	13460.633	472.55042	2129.3616	39.7689	55.0003	32.0535	30.6232	0.00269383	11.2204	54.4998	132.75	-0.16362	24.1213	218
DATA	1745977409	735255956	101345	0	""	2025-04-29	18:43:29	13460.798	472.71802	2129.0342	39.7681	55.0003	32.057	30.6232	0.00269044	11.2206	54.4998	-1.5	-0.16362	24.1213	 59
DATA	1745977410	735255956	101349	0	""	2025-04-29	18:43:30	13461.345	472.2717	2129.1218	39.7677	55.0003	32.0559	30.6232	0.00269198	11.2199	54.4998	-71.75	-0.16362	24.1209	186
DATA	1745977411	735255956	101353	0	""	2025-04-29	18:43:31	13461.561	472.38705	2129.3164	39.7681	55.0003	32.0527	30.6232	0.00269473	11.221	54.4998	-8.25	-0.16362	24.1205	104
DATA	1745977412	735255956	101357	0	""	2025-04-29	18:43:32	13460.933	472.64865	2129.0757	39.7677	55.0003	32.0555	30.6232	0.0026906	11.2205	54.4998	-27.75	-0.16362	24.1205	179
DATA	1745977413	735255956	101361	0	""	2025-04-29	18:43:33	13461.057	472.20117	2129.2073	39.7681	55.0003	32.0543	30.6232	0.00269527	11.2205	54.4998	-16	-0.16362	24.1201	 37
DATA	1745977414	735255956	101365	0	""	2025-04-29	18:43:34	13461.405	472.49567	2129.1665	39.7681	55.0003	32.0543	30.6232	0.00269319	11.2203	54.4998	0	-0.16362	24.1197	233
DATA	1745977415	735255956	101369	0	""	2025-04-29	18:43:35	13461.739	472.31296	2128.9617	39.7685	55.0003	32.0543	30.6232	0.00269551	11.2204	54.4998	6.5	-0.16362	24.1201	 81
DATA	1745977416	734911918	101373	0	""	2025-04-29	18:43:36	13461.165	472.03726	2128.949	39.7681	55.0003	32.0543	30.6232	0.00270544	11.2206	54.4998	-42	-0.16362	24.1189	 16
DATA	1745977417	734911918	101377	0	""	2025-04-29	18:43:37	13461.531	472.24438	2129.1035	39.7681	55.0003	32.0543	30.6232	0.0026986	11.2205	54.4998	-87	-0.16362	24.1201	 12
DATA	1745977418	734911918	101381	0	""	2025-04-29	18:43:38	13462.329	472.19843	2129.1172	39.7677	55.0003	32.0539	30.6232	0.0026942	11.2206	54.4998	25	-0.16362	24.1209	235
DATA	1745977419	734911918	101385	0	""	2025-04-29	18:43:39	13461.892	472.09659	2129.085	39.7673	55.0003	32.0539	30.6232	0.00269235	11.2205	54.4998	-17.5	-0.16362	24.1205	135
DATA	1745977420	734911918	101389	0	""	2025-04-29	18:43:40	13461.211	472.65448	2129.1094	39.7677	55.0003	32.0524	30.6232	0.00269636	11.2207	54.4998	-69.5	-0.16362	24.1209	171
DATA	1745977421	734911918	101393	0	""	2025-04-29	18:43:41	13461.383	472.74185	2129.0691	39.7677	55.0003	32.052	30.6232	0.00269545	11.2205	54.4998	110	-0.16362	24.1213	  9
DATA	1745977422	734911918	101397	0	""	2025-04-29	18:43:42	13461.651	472.79572	2129.1306	39.7681	55.0003	32.0547	30.6232	0.00269187	11.221	54.4998	133.25	-0.16362	24.1213	168
DATA	1745977423	734553098	101401	0	""	2025-04-29	18:43:43	13461.158	472.32874	2129.1274	39.7685	55.0003	32.0551	30.6232	0.00269351	11.2209	54.4998	-21.5	-0.16362	24.1205	149
DATA	1745977424	734553098	101405	0	""	2025-04-29	18:43:44	13461.322	472.46939	2129.1013	39.7677	55.0003	32.0551	30.6232	0.00269776	11.2207	54.4998	120.75	-0.16362	24.1213	213
DATA	1745977425	734553098	101409	0	""	2025-04-29	18:43:45	13462.017	471.88116	2128.8208	39.7685	55.0003	32.0582	30.6232	0.00269676	11.2211	54.4998	-9.5	-0.16362	24.1213	122
DATA	1745977426	734553098	101413	0	""	2025-04-29	18:43:46	13461.965	471.77698	2128.9541	39.7685	55.0003	32.0551	30.6232	0.00270335	11.2214	54.4998	-35	-0.16362	24.1213	 75
DATA	1745977427	734553098	101417	0	""	2025-04-29	18:43:47	13461.404	472.13425	2128.8547	39.7677	55.0003	32.0562	30.6232	0.00269831	11.2207	54.4998	-49.75	-0.16362	24.1213	226
DATA	1745977428	734553098	101421	0	""	2025-04-29	18:43:48	13461.974	472.00034	2128.9524	39.7681	55.0003	32.0539	30.6232	0.0026981	11.2206	54.4998	-31.75	-0.16362	24.1213	161
DATA	1745977429	734553098	101425	0	""	2025-04-29	18:43:49	13461.959	471.80719	2128.8706	39.7681	55.0003	32.0531	30.6232	0.00270489	11.2213	54.4998	46.75	-0.16362	24.1205	192
DATA	1745977430	734553098	101429	0	""	2025-04-29	18:43:50	13461.849	471.841	2128.739	39.7681	55.0001	32.0539	30.6232	0.00269141	11.2211	54.4998	-22	-0.16362	24.1205	158
DATA	1745977431	734198093	101433	0	""	2025-04-29	18:43:51	13463.006	471.58945	2128.8962	39.7685	55.0001	32.0543	30.6232	0.00270383	11.2209	54.4998	8.5	-0.16362	24.1201	 66
DATA	1745977432	734198093	101437	0	""	2025-04-29	18:43:52	13461.848	472.04282	2128.874	39.7685	55.0003	32.0551	30.6232	0.00270357	11.221	54.4998	0	-0.16362	24.1197	125
DATA	1745977433	734198093	101441	0	""	2025-04-29	18:43:53	13461.828	472.02267	2128.6084	39.7681	55.0003	32.0531	30.6232	0.00269354	11.2213	54.4998	-70.25	-0.16362	24.1201	197
DATA	1745977434	734198093	101445	0	""	2025-04-29	18:43:54	13461.78	471.8779	2128.9868	39.7677	55.0003	32.0539	30.6232	0.00269637	11.221	54.4998	64.5	-0.16362	24.1205	  8
DATA	1745977435	734198093	101449	0	""	2025-04-29	18:43:55	13461.682	472.22116	2128.9236	39.7673	55.0003	32.0551	30.6232	0.00269489	11.2209	54.4998	38.5	-0.16362	24.1205	134
DATA	1745977436	734198093	101453	0	""	2025-04-29	18:43:56	13462.024	472.47531	2128.8291	39.7677	55.0003	32.0555	30.6232	0.00269735	11.221	54.4998	37.5	-0.16362	24.1201	 71
DATA	1745977437	734198093	101457	0	""	2025-04-29	18:43:57	13461.793	471.94315	2128.9385	39.7681	55.0003	32.0547	30.6232	0.00270258	11.2207	54.4998	-58	-0.16362	24.1217	 93
DATA	1745977438	733831882	101461	0	""	2025-04-29	18:43:58	13462.616	471.8187	2128.8196	39.7681	55.0003	32.0547	30.6232	0.00269916	11.2211	54.4998	121.75	-0.16362	24.1217	189
DATA	1745977439	733831882	101465	0	""	2025-04-29	18:43:59	13461.938	471.63898	2128.7915	39.7681	55.0003	32.0566	30.6232	0.00269646	11.2211	54.4998	-95.75	-0.16362	24.1209	 10
DATA	1745977440	733831882	101469	0	""	2025-04-29	18:44:00	13462.32	472.01971	2128.7251	39.7685	55.0003	32.0539	30.6232	0.00269884	11.2208	54.4998	-20.75	-0.16362	24.1217	166
DATA	1745977441	733831882	101473	0	""	2025-04-29	18:44:01	13461.484	471.91837	2128.8196	39.7685	55.0003	32.0547	30.6232	0.00269755	11.2208	54.4998	3.75	-0.16362	24.1217	143
DATA	1745977442	733831882	101477	0	""	2025-04-29	18:44:02	13461.607	472.14304	2128.6328	39.7685	55.0003	32.0547	30.6232	0.00269524	11.2211	54.4998	125	-0.16362	24.1209	 62
DATA	1745977443	733831882	101481	0	""	2025-04-29	18:44:03	13462.393	471.49805	2128.666	39.7677	55.0003	32.0551	30.6232	0.00270114	11.2211	54.4998	-35.75	-0.16362	24.1213	155
DATA	1745977444	733831882	101485	0	""	2025-04-29	18:44:04	13462.574	471.46231	2128.6423	39.7681	55.0003	32.0555	30.6232	0.00269481	11.2207	54.4998	28.5	-0.16362	24.1217	122
DATA	1745977445	733831882	101489	0	""	2025-04-29	18:44:05	13461.772	471.93723	2128.7144	39.7681	55.0003	32.0566	30.6232	0.00269991	11.2212	54.4998	-12	-0.16362	24.1205	 76
DATA	1745977446	733480930	101493	0	""	2025-04-29	18:44:06	13462.417	472.22696	2128.7698	39.7681	55.0003	32.0566	30.6232	0.00269418	11.2211	54.4998	7.75	-0.16362	24.1209	142
DATA	1745977447	733480930	101497	0	""	2025-04-29	18:44:07	13461.142	472.06409	2128.6733	39.7692	55.0003	32.0559	30.6232	0.00269599	11.2213	54.4998	-69	-0.16362	24.1193	 90
DATA	1745977448	733480930	101501	0	""	2025-04-29	18:44:08	13461.682	471.43762	2128.6709	39.7685	55.0003	32.0551	30.6232	0.00269247	11.221	54.5	32.25	-0.16362	24.1201	196
DATA	1745977449	733480930	101505	0	""	2025-04-29	18:44:09	13462.524	471.78357	2128.6421	39.7677	55.0003	32.0551	30.6232	0.00269776	11.2212	54.5	27.5	-0.16362	24.1201	209
DATA	1745977450	733480930	101509	0	""	2025-04-29	18:44:10	13461.577	471.4277	2128.698	39.7681	55.0003	32.0559	30.6232	0.00269436	11.2217	54.4998	-50.25	-0.16362	24.1201	113
DATA	1745977451	733480930	101513	0	""	2025-04-29	18:44:11	13461.938	471.29587	2128.6421	39.7669	55.0003	32.0535	30.6232	0.00269929	11.2216	54.4998	125.5	-0.16362	24.1197	184
DATA	1745977452	733480930	101517	0	""	2025-04-29	18:44:12	13462.625	471.50266	2128.5281	39.7677	55.0003	32.0543	30.6232	0.00269786	11.2205	54.5002	129	-0.16362	24.1213	 43
DATA	1745977453	733130931	101521	0	""	2025-04-29	18:44:13	13462.086	471.67487	2128.4548	39.7685	55.0003	32.0555	30.6232	0.00269414	11.221	54.5005	-57.75	-0.16362	24.1201	141
DATA	1745977454	733130931	101525	0	""	2025-04-29	18:44:14	13462.238	471.69333	2128.6167	39.7689	55.0003	32.0551	30.6232	0.00269715	11.2209	54.5002	-25.25	-0.16362	24.1213	187
DATA	1745977455	733130931	101529	0	""	2025-04-29	18:44:15	13462.561	471.71796	2128.5776	39.7681	55.0003	32.0551	30.6232	0.00270488	11.2215	54.5	26	-0.16362	24.1209	113
DATA	1745977456	733130931	101533	0	""	2025-04-29	18:44:16	13462.202	471.38657	2128.6506	39.7689	55.0003	32.0543	30.6232	0.0027008	11.2213	54.5002	-53.25	-0.16362	24.1205	120
DATA	1745977457	733130931	101537	0	""	2025-04-29	18:44:17	13462.248	471.3381	2128.5161	39.7685	55.0003	32.0531	30.6232	0.00269779	11.2216	54.5004	81.25	-0.16362	24.1213	 94
DATA	1745977458	733130931	101541	0	""	2025-04-29	18:44:18	13463.548	471.3125	2128.5759	39.7681	55.0003	32.0551	30.6232	0.00269641	11.2214	54.5005	-27.25	-0.16362	24.1209	139
DATA	1745977459	733130931	101545	0	""	2025-04-29	18:44:19	13462.984	471.71054	2128.4714	39.7677	55.0003	32.0543	30.6232	0.00269519	11.2215	54.5005	-7.75	-0.16362	24.1213	153
DATA	1745977460	733130931	101549	0	""	2025-04-29	18:44:20	13463.18	471.55533	2128.4954	39.7677	55.0003	32.0547	30.6232	0.00269258	11.2215	54.5005	42.75	-0.16362	24.1205	 99
DATA	1745977461	732763051	101553	0	""	2025-04-29	18:44:21	13463.231	471.09232	2128.6025	39.7681	55.0003	32.0551	30.6232	0.00270564	11.2218	54.5005	-5.25	-0.16362	24.1217	110
DATA	1745977462	732763051	101557	0	""	2025-04-29	18:44:22	13464.229	471.49191	2128.4399	39.7677	55.0003	32.0543	30.6232	0.00270126	11.2216	54.5005	8.25	-0.16362	24.1205	 97
DATA	1745977463	732763051	101561	0	""	2025-04-29	18:44:23	13463.997	471.49649	2128.4551	39.7685	55.0003	32.0551	30.6232	0.00269551	11.2211	54.5005	-29.75	-0.16362	24.1205	207
DATA	1745977464	732763051	101565	0	""	2025-04-29	18:44:24	13464.042	471.72638	2128.386	39.7685	55.0003	32.0547	30.6232	0.00269572	11.2215	54.5005	130.75	-0.16362	24.1205	151
DATA	1745977465	732763051	101569	0	""	2025-04-29	18:44:25	13464.368	471.26132	2128.6008	39.7681	55.0003	32.0543	30.6232	0.00269391	11.2216	54.5005	-85.25	-0.16362	24.1201	190
DATA	1745977466	732763051	101573	0	""	2025-04-29	18:44:26	13464.249	471.56201	2128.5178	39.7677	55.0003	32.0539	30.6232	0.00269606	11.2214	54.5005	51.5	-0.16362	24.1201	 97
DATA	1745977467	732763051	101577	0	""	2025-04-29	18:44:27	13464.774	471.14999	2128.4822	39.7681	55.0003	32.0539	30.6232	0.00269867	11.2212	54.5005	-7.75	-0.16362	24.1201	174
DATA	1745977468	732408046	101581	0	""	2025-04-29	18:44:28	13465.085	471.19589	2128.5012	39.7681	55.0003	32.0547	30.6232	0.00269978	11.2211	54.5005	-0.25	-0.16362	24.1197	162
DATA	1745977469	732408046	101585	0	""	2025-04-29	18:44:29	13465.167	471.34119	2128.3679	39.7681	55.0003	32.0551	30.6232	0.00269756	11.2219	54.5005	111	-0.16362	24.1201	 60
DATA	1745977470	732408046	101589	0	""	2025-04-29	18:44:30	13466.002	471.48773	2128.4121	39.7685	55.0003	32.0559	30.6232	0.00269669	11.2218	54.5005	-6.75	-0.16362	24.1201	151
DATA	1745977471	732408046	101593	0	""	2025-04-29	18:44:31	13465.427	471.78101	2128.4436	39.7677	55.0003	32.0559	30.6232	0.00268978	11.2215	54.5005	102.25	-0.16362	24.1213	201
DATA	1745977472	732408046	101597	0	""	2025-04-29	18:44:32	13465.49	471.45111	2128.3879	39.7681	55.0003	32.0562	30.6232	0.00269633	11.2214	54.5005	-102.25	-0.16362	24.1213	186
DATA	1745977473	732408046	101601	0	""	2025-04-29	18:44:33	13466.526	471.56537	2128.3997	39.7685	55.0003	32.0547	30.6232	0.00269515	11.2212	54.5005	-19.25	-0.16362	24.1209	206
DATA	1745977474	732408046	101605	0	""	2025-04-29	18:44:34	13467.851	471.38452	2128.436	39.7677	55.0003	32.0551	30.6232	0.00270121	11.2216	54.5005	-64	-0.16362	24.1213	234
DATA	1745977475	732408046	101609	0	""	2025-04-29	18:44:35	13467.744	471.16064	2128.2466	39.7681	55.0003	32.0547	30.6232	0.00269342	11.2217	54.5005	16.25	-0.16362	24.1213	148
DATA	1745977476	732052087	101613	0	""	2025-04-29	18:44:36	13467.232	471.10269	2128.4607	39.7677	55.0003	32.0543	30.6232	0.00270366	11.222	54.5005	20.5	-0.16362	24.1205	 28
DATA	1745977477	732052087	101617	0	""	2025-04-29	18:44:37	13468.361	471.11337	2128.4084	39.7689	55.0003	32.0543	30.6232	0.00269768	11.2217	54.5005	-28.25	-0.16362	24.1213	207
DATA	1745977478	732052087	101621	0	""	2025-04-29	18:44:38	13467.819	471.38678	2128.3435	39.7677	55.0003	32.0559	30.6232	0.00269859	11.2216	54.5005	-2.75	-0.16362	24.1209	185
DATA	1745977479	732052087	101625	0	""	2025-04-29	18:44:39	13468.152	471.43973	2128.2419	39.7692	55.0003	32.0547	30.6232	0.00270003	11.2217	54.5005	-74.75	-0.16362	24.1201	194
DATA	1745977480	732052087	101629	0	""	2025-04-29	18:44:40	13469.116	471.237	2128.4644	39.7685	55.0003	32.0551	30.6232	0.00269912	11.2217	54.5005	17.75	-0.16362	24.1205	 45
DATA	1745977481	732052087	101633	0	""	2025-04-29	18:44:41	13469.556	471.29968	2128.335	39.7681	55.0003	32.0547	30.6232	0.00269323	11.2212	54.5005	-35	-0.16362	24.1197	  6
DATA	1745977482	732052087	101637	0	""	2025-04-29	18:44:42	13468.625	471.15298	2128.2324	39.7685	55.0003	32.0547	30.6232	0.00269048	11.2216	54.5005	99.75	-0.16362	24.1201	164
DATA	1745977483	731707096	101641	0	""	2025-04-29	18:44:43	13469.878	471.19202	2128.2549	39.7685	55.0003	32.0551	30.6232	0.00269308	11.2218	54.5005	119.5	-0.16362	24.1197	172
DATA	1745977484	731707096	101645	0	""	2025-04-29	18:44:44	13469.152	470.96567	2128.1748	39.7685	55.0003	32.0543	30.6232	0.00269414	11.221	54.5005	-36.25	-0.16362	24.1201	155
DATA	1745977485	731707096	101649	0	""	2025-04-29	18:44:45	13470.133	470.89215	2128.2576	39.7689	55.0003	32.0543	30.6232	0.00269481	11.222	54.5005	-13	-0.16362	24.1197	 13
DATA	1745977486	731707096	101653	0	""	2025-04-29	18:44:46	13470.757	471.26385	2128.1794	39.7673	55.0003	32.0543	30.6232	0.00269358	11.2213	54.5005	41.75	-0.16362	24.1205	169
DATA	1745977487	731707096	101657	0	""	2025-04-29	18:44:47	13470.672	470.8259	2128.3625	39.7689	55.0003	32.0547	30.6232	0.00269962	11.2221	54.5005	54	-0.16362	24.1197	244
DATA	1745977488	731707096	101661	0	""	2025-04-29	18:44:48	13471.322	471.0434	2128.2107	39.7681	55.0003	32.0566	30.6232	0.00269806	11.2212	54.5005	35	-0.16362	24.1209	199
DATA	1745977489	731707096	101665	0	""	2025-04-29	18:44:49	13470.975	471.41058	2128.1892	39.7681	55.0003	32.0562	30.6232	0.00270225	11.2222	54.5005	-115	-0.16362	24.1217	102
DATA	1745977490	731707096	101669	0	""	2025-04-29	18:44:50	13471.731	470.89166	2128.1755	39.7685	55.0003	32.0547	30.6232	0.00270546	11.2221	54.5005	-16.25	-0.16362	24.1209	204
DATA	1745977491	731343030	101673	0	""	2025-04-29	18:44:51	13471.997	471.11789	2128.3159	39.7681	55.0003	32.0547	30.6232	0.00270148	11.222	54.5005	-24	-0.16362	24.1209	247
DATA	1745977492	731343030	101677	0	""	2025-04-29	18:44:52	13472.145	470.6282	2128.0828	39.7689	55.0003	32.0543	30.6232	0.00270067	11.2221	54.5005	18.5	-0.16362	24.1209	 36
DATA	1745977493	731343030	101681	0	""	2025-04-29	18:44:53	13472.414	470.79803	2128.2166	39.7681	55.0003	32.0566	30.6232	0.00270136	11.2214	54.5005	18.75	-0.16362	24.1217	136
DATA	1745977494	731343030	101685	0	""	2025-04-29	18:44:54	13471.846	470.89957	2128.0715	39.7681	55.0003	32.0547	30.6232	0.00269758	11.2217	54.5005	-92.75	-0.16362	24.1205	223
DATA	1745977495	731343030	101689	0	""	2025-04-29	18:44:55	13472.331	470.73248	2128.1387	39.7692	55.0003	32.0527	30.6232	0.00270059	11.2216	54.5005	220.5	-0.16362	24.1209	141
DATA	1745977496	731343030	101693	0	""	2025-04-29	18:44:56	13472.389	470.70416	2128.114	39.7685	55.0003	32.0555	30.6232	0.00269435	11.2217	54.5005	87	-0.16362	24.1205	210
DATA	1745977497	731343030	101697	0	""	2025-04-29	18:44:57	13472.966	470.86618	2128.0486	39.7677	55.0003	32.0566	30.6232	0.00270197	11.2215	54.5005	-75.75	-0.16362	24.1205	226
DATA	1745977498	730986118	101701	0	""	2025-04-29	18:44:58	13473.682	470.70367	2128.063	39.7689	55.0003	32.0547	30.6232	0.00270709	11.221	54.5005	-25	-0.16362	24.1213	210
DATA	1745977499	730986118	101705	0	""	2025-04-29	18:44:59	13473.455	470.69806	2127.9988	39.7681	55.0003	32.0539	30.6232	0.00270182	11.2212	54.5005	6.25	-0.16362	24.1197	140
DATA	1745977500	730986118	101709	0	""	2025-04-29	18:45:00	13473.458	470.7767	2127.957	39.7685	55.0003	32.0535	30.6232	0.00269645	11.2221	54.5005	50.5	-0.16362	24.1201	  1
DATA	1745977501	730986118	101713	0	""	2025-04-29	18:45:01	13473.522	470.92908	2128.1033	39.7685	55.0003	32.0543	30.6232	0.00269603	11.222	54.5005	-10	-0.16362	24.1201	216
DATA	1745977502	730986118	101717	0	""	2025-04-29	18:45:02	13473.515	470.86551	2128.0862	39.7685	55.0003	32.0527	30.6232	0.00270041	11.2215	54.5005	91.5	-0.16362	24.1197	 93
DATA	1745977503	730986118	101721	0	""	2025-04-29	18:45:03	13473.792	470.31244	2127.9746	39.7681	55.0003	32.0555	30.6232	0.00269775	11.2221	54.5005	57.25	-0.16362	24.1201	149
DATA	1745977504	730986118	101725	0	""	2025-04-29	18:45:04	13474.406	470.82721	2127.9807	39.7681	55.0003	32.0559	30.6232	0.00270037	11.222	54.5005	19	-0.16362	24.1221	197
DATA	1745977505	730986118	101729	0	""	2025-04-29	18:45:05	13474.235	471.13516	2128.0337	39.7677	55.0003	32.0555	30.6232	0.00269212	11.2217	54.5005	-32	-0.16362	24.1217	 37
DATA	1745977506	730629920	101733	0	""	2025-04-29	18:45:06	13474.367	470.8736	2127.9087	39.7681	55.0003	32.0555	30.6232	0.00268813	11.2222	54.5005	202.5	-0.16362	24.1213	 98
DATA	1745977507	730629920	101737	0	""	2025-04-29	18:45:07	13474.973	470.82709	2127.968	39.7685	55.0003	32.0562	30.6232	0.00269183	11.2216	54.5005	9.25	-0.16362	24.1193	 80
DATA	1745977508	730629920	101741	0	""	2025-04-29	18:45:08	13474.383	471.02597	2128.0073	39.7677	55.0003	32.0594	30.6232	0.00269512	11.2223	54.5005	172	-0.16362	24.1209	 52
DATA	1745977509	730629920	101745	0	""	2025-04-29	18:45:09	13474.668	470.93033	2127.9155	39.7685	55.0003	32.059	30.6232	0.00269514	11.2223	54.5005	-90.75	-0.16362	24.1213	161
DATA	1745977510	730629920	101749	0	""	2025-04-29	18:45:10	13474.336	470.91766	2127.9419	39.7689	55.0003	32.0578	30.6232	0.00269354	11.2217	54.5005	-2.5	-0.16362	24.1205	109
DATA	1745977511	730629920	101753	0	""	2025-04-29	18:45:11	13474.653	470.45361	2128.0417	39.7681	55.0003	32.0586	30.6232	0.00269137	11.2219	54.5005	-2	-0.16362	24.1209	241
DATA	1745977512	730629920	101757	0	""	2025-04-29	18:45:12	13475.268	470.54578	2127.9722	39.7673	55.0003	32.057	30.6232	0.00269778	11.2222	54.5005	46	-0.16362	24.1209	229
DATA	1745977513	730278968	101761	0	""	2025-04-29	18:45:13	13475.985	470.8165	2128.1055	39.7673	55.0003	32.057	30.6232	0.0026974	11.2219	54.5005	-62	-0.16362	24.1205	165
DATA	1745977514	730278968	101765	0	""	2025-04-29	18:45:14	13475.437	470.83463	2127.8765	39.7689	55.0003	32.0562	30.6232	0.00269718	11.222	54.5005	26.5	-0.16362	24.1197	 90
DATA	1745977515	730278968	101769	0	""	2025-04-29	18:45:15	13476.463	470.70065	2127.8921	39.7677	55.0003	32.057	30.6232	0.00269714	11.2219	54.5005	104.75	-0.16362	24.1201	170
DATA	1745977516	730278968	101773	0	""	2025-04-29	18:45:16	13476.836	470.52692	2127.9846	39.7685	55.0003	32.0547	30.6232	0.00269872	11.2224	54.5005	-77.5	-0.16362	24.1201	187
DATA	1745977517	730278968	101777	0	""	2025-04-29	18:45:17	13476.595	470.7056	2127.9033	39.7685	55.0003	32.0566	30.6232	0.00269299	11.2221	54.5005	89	-0.16362	24.1197	  3
DATA	1745977518	730278968	101781	0	""	2025-04-29	18:45:18	13476.732	470.55939	2128.0181	39.7685	55.0003	32.0555	30.6232	0.00269723	11.2218	54.5005	39.75	-0.16362	24.1201	181
DATA	1745977519	730278968	101785	0	""	2025-04-29	18:45:19	13476.774	470.41187	2127.9143	39.7677	55.0003	32.0562	30.6232	0.0027019	11.2218	54.5005	18.5	-0.16362	24.1205	 76
DATA	1745977520	730278968	101789	0	""	2025-04-29	18:45:20	13477.755	470.36212	2127.8979	39.7685	55.0003	32.0555	30.6232	0.00269577	11.2217	54.5005	-25.25	-0.16362	24.1205	231
DATA	1745977521	729927062	101793	0	""	2025-04-29	18:45:21	13476.69	470.55542	2127.8237	39.7677	55.0003	32.0543	30.6232	0.00269994	11.2222	54.5005	9.5	-0.16362	24.1225	 23
DATA	1745977522	729927062	101797	0	""	2025-04-29	18:45:22	13476.598	470.45432	2128.0298	39.7677	55.0003	32.0551	30.6232	0.00269392	11.2218	54.5005	104	-0.16362	24.1205	 68
DATA	1745977523	729927062	101801	0	""	2025-04-29	18:45:23	13478.011	470.31021	2127.7922	39.7681	55.0003	32.0551	30.6232	0.002694	11.2223	54.5005	-13.5	-0.16362	24.1209	 11
DATA	1745977524	729927062	101805	0	""	2025-04-29	18:45:24	13477.333	470.57697	2127.9404	39.7692	55.0003	32.0555	30.6232	0.0026966	11.2221	54.5005	-26.75	-0.16362	24.1209	166
DATA	1745977525	729927062	101809	0	""	2025-04-29	18:45:25	13477.524	470.63327	2127.9133	39.7677	55.0003	32.057	30.6232	0.00269481	11.2221	54.5005	110.75	-0.16362	24.1213	153
DATA	1745977526	729927062	101813	0	""	2025-04-29	18:45:26	13477.309	470.63187	2127.7439	39.7692	55.0003	32.0586	30.6232	0.00269513	11.2221	54.5005	-58.25	-0.16362	24.1209	218
DATA	1745977527	729927062	101817	0	""	2025-04-29	18:45:27	13476.984	470.85107	2127.8513	39.7685	55.0003	32.057	30.6232	0.00268676	11.2221	54.5005	-11.25	-0.16362	24.1217	166
DATA	1745977528	729561090	101821	0	""	2025-04-29	18:45:28	13477.348	470.39713	2127.8425	39.7685	55.0003	32.0574	30.6232	0.00269108	11.2223	54.5005	203	-0.16362	24.1217	 59
DATA	1745977529	729561090	101825	0	""	2025-04-29	18:45:29	13477.282	470.52075	2127.6548	39.7685	55.0003	32.0601	30.6232	0.0026933	11.2223	54.5005	62.25	-0.16362	24.1213	102
DATA	1745977530	729561090	101829	0	""	2025-04-29	18:45:30	13477.422	469.80753	2127.7043	39.7681	55.0003	32.057	30.6232	0.002701	11.2219	54.5005	-110.5	-0.16362	24.1209	 28
DATA	1745977531	729561090	101833	0	""	2025-04-29	18:45:31	13478.537	470.09879	2127.7488	39.7677	55.0003	32.0562	30.6232	0.0026987	11.222	54.5005	118.25	-0.16362	24.1205	125
DATA	1745977532	729561090	101837	0	""	2025-04-29	18:45:32	13478.105	470.30963	2127.7424	39.7677	55.0003	32.0559	30.6232	0.00270112	11.2225	54.5005	-26	-0.16362	24.1201	 30
DATA	1745977533	729561090	101841	0	""	2025-04-29	18:45:33	13477.94	470.46057	2127.7759	39.7677	55.0003	32.0566	30.6232	0.00269622	11.2223	54.5005	15.25	-0.16362	24.1209	117
DATA	1745977534	729561090	101845	0	""	2025-04-29	18:45:34	13477.931	470.25192	2127.822	39.7685	55.0003	32.0559	30.6232	0.00270076	11.2224	54.5005	-55.75	-0.16362	24.1197	161
DATA	1745977535	729561090	101849	0	""	2025-04-29	18:45:35	13478.554	470.55563	2127.5288	39.7677	55.0003	32.0562	30.6232	0.00269343	11.2221	54.5005	60	-0.16362	24.1201	 13
DATA	1745977536	729207038	101853	0	""	2025-04-29	18:45:36	13478.311	470.01633	2127.812	39.7677	55.0003	32.0582	30.6232	0.00269805	11.2215	54.5005	80	-0.16362	24.1213	198
DATA	1745977537	729207038	101857	0	""	2025-04-29	18:45:37	13478.524	470.32352	2127.563	39.7692	55.0003	32.057	30.6234	0.00269774	11.2222	54.5005	-33.75	-0.16362	24.1193	114
DATA	1745977538	729207038	101861	0	""	2025-04-29	18:45:38	13478.525	470.42847	2127.5415	39.7685	55.0003	32.0586	30.6232	0.00270057	11.2218	54.5005	232.25	-0.16362	24.1217	213
DATA	1745977539	729207038	101865	0	""	2025-04-29	18:45:39	13478.61	470.48431	2127.77	39.7681	55.0003	32.0586	30.6232	0.00269839	11.2224	54.5005	-118.5	-0.16362	24.1225	 70
DATA	1745977540	729207038	101869	0	""	2025-04-29	18:45:40	13478.769	470.5986	2127.6956	39.7677	55.0003	32.0566	30.6232	0.00269351	11.2226	54.5005	33	-0.16362	24.1217	244
DATA	1745977541	729207038	101873	0	""	2025-04-29	18:45:41	13479.49	470.39752	2127.729	39.7689	55.0003	32.0574	30.6232	0.00269668	11.2224	54.5005	-6	-0.16362	24.1209	184
DATA	1745977542	729207038	101877	0	""	2025-04-29	18:45:42	13479.394	470.25229	2127.5874	39.7689	55.0003	32.0562	30.6232	0.0027	11.2225	54.5005	-17	-0.16362	24.1213	112
DATA	1745977543	728853940	101881	0	""	2025-04-29	18:45:43	13479.05	469.99988	2127.6462	39.7696	55.0003	32.0566	30.6232	0.00270044	11.2223	54.5005	18	-0.16362	24.1217	243
DATA	1745977544	728853940	101885	0	""	2025-04-29	18:45:44	13480.079	470.328	2127.6797	39.7685	55.0003	32.057	30.6232	0.00269694	11.2224	54.5005	-45.5	-0.16362	24.1217	 30
DATA	1745977545	728853940	101889	0	""	2025-04-29	18:45:45	13479.846	470.30878	2127.6165	39.7689	55.0003	32.0578	30.6232	0.00269902	11.2226	54.5005	-27.75	-0.16362	24.1217	253
DATA	1745977546	728853940	101893	0	""	2025-04-29	18:45:46	13481.307	470.08914	2127.696	39.7685	55.0003	32.0578	30.6232	0.00269894	11.2226	54.5005	23.75	-0.16362	24.1205	140
DATA	1745977547	728853940	101897	0	""	2025-04-29	18:45:47	13479.907	469.51245	2127.4463	39.7665	55.0003	32.0562	30.6232	0.0027126	11.2224	54.5005	-37	-0.16362	24.1209	 27
DATA	1745977548	728853940	101901	0	""	2025-04-29	18:45:48	13490.203	467.12827	2124.3152	39.7681	55.0003	32.0566	30.6232	0.00270338	11.2241	54.5005	-17	-0.16362	24.1201	 33
DATA	1745977549	728853940	101905	0	""	2025-04-29	18:45:49	13479	464.91534	2120.5168	39.7681	55.0003	32.0559	30.6232	0.00269157	11.2257	54.5005	37	-0.16362	24.1197	 98
DATA	1745977550	728853940	101909	0	""	2025-04-29	18:45:50	13487.331	463.47211	2118.4187	39.7689	55.0003	32.0574	30.6232	0.00268476	11.2263	54.5005	74.75	-0.16362	24.1205	175
DATA	1745977551	728502988	101913	0	""	2025-04-29	18:45:51	13542.76	460.12262	2113.2461	39.7677	55.0003	32.0582	30.6232	0.00269109	11.2283	54.5005	-16.25	-0.16362	24.1197	146
DATA	1745977552	728502988	101917	0	""	2025-04-29	18:45:52	13661.583	455.97986	2109.2539	39.7681	55.0003	32.057	30.6232	0.00270638	11.2304	54.5005	-8.25	-0.16362	24.1201	122
DATA	1745977553	728502988	101921	0	""	2025-04-29	18:45:53	13797.058	452.82999	2107.1357	39.7681	55.0003	32.0555	30.6232	0.00274039	11.2312	54.5005	-65.5	-0.16362	24.1205	170
DATA	1745977554	728502988	101925	0	""	2025-04-29	18:45:54	13915.56	450.94559	2106.2041	39.7692	55.0003	32.0555	30.6232	0.00276653	11.2313	54.5005	20	-0.16362	24.1201	207
DATA	1745977555	728502988	101929	0	""	2025-04-29	18:45:55	14002.628	450.92099	2106.2134	39.7692	55.0003	32.0543	30.6232	0.00277219	11.2328	54.5005	-64.25	-0.16362	24.1221	204
DATA	1745977556	728502988	101933	0	""	2025-04-29	18:45:56	14055.033	449.97256	2106.957	39.7685	55.0003	32.0543	30.6232	0.0027804	11.2325	54.5005	-55.5	-0.16362	24.1213	 65
DATA	1745977557	728502988	101937	0	""	2025-04-29	18:45:57	14074.052	449.29034	2105.8479	39.7689	55.0003	32.0539	30.6232	0.00278074	11.2324	54.5005	101.5	-0.16362	24.1221	173
DATA	1745977558	728135108	101941	0	""	2025-04-29	18:45:58	14063.066	448.50134	2104.4399	39.7692	55.0003	32.0547	30.6232	0.00277309	11.2331	54.5005	-39.75	-0.16362	24.1213	203
DATA	1745977559	728135108	101945	0	""	2025-04-29	18:45:59	14028.758	448.69806	2103.0706	39.7696	55.0003	32.0547	30.6232	0.00276292	11.2331	54.5005	22.75	-0.16362	24.1213	172
DATA	1745977560	728135108	101949	0	""	2025-04-29	18:46:00	13981.603	448.24335	2102.491	39.7696	55.0003	32.0559	30.6232	0.00275804	11.2329	54.5005	-7.75	-0.16362	24.1217	103
DATA	1745977561	728135108	101953	0	""	2025-04-29	18:46:01	13926.779	447.61703	2102.3225	39.7692	55.0003	32.0559	30.6232	0.00273686	11.2337	54.5005	23.25	-0.16362	24.1217	155
DATA	1745977562	728135108	101957	0	""	2025-04-29	18:46:02	13870.695	447.68799	2102.7913	39.7696	55.0003	32.0566	30.6232	0.00272117	11.2332	54.5005	182.25	-0.16362	24.1213	221
DATA	1745977563	728135108	101961	0	""	2025-04-29	18:46:03	13815.33	447.24057	2103.2261	39.7696	55.0003	32.0594	30.6232	0.00271785	11.2342	54.5005	15.5	-0.16362	24.1213	 35
DATA	1745977564	728135108	101965	0	""	2025-04-29	18:46:04	13762.25	448.01068	2103.0056	39.77	55.0003	32.059	30.6232	0.00270478	11.2342	54.5005	-26.75	-0.16362	24.1205	236
DATA	1745977565	728135108	101969	0	""	2025-04-29	18:46:05	13714.1	449.49768	2102.6162	39.7692	55.0003	32.059	30.6232	0.00269822	11.2339	54.5005	17.25	-0.16362	24.1201	 11
DATA	1745977566	727782964	101973	0	""	2025-04-29	18:46:06	13672.322	453.19247	2102.2007	39.7696	55.0003	32.0601	30.6232	0.00268006	11.2345	54.5005	111	-0.16362	24.1197	 51
DATA	1745977567	727782964	101977	0	""	2025-04-29	18:46:07	13629.352	452.59555	2101.7935	39.7704	55.0003	32.0605	30.6232	0.00267125	11.2345	54.5005	118.75	-0.16362	24.1201	223
DATA	1745977568	727782964	101981	0	""	2025-04-29	18:46:08	13589.393	450.81134	2101.8545	39.7685	55.0003	32.0613	30.6232	0.00266956	11.2349	54.5005	-32	-0.16362	24.1197	 88
DATA	1745977569	727782964	101985	0	""	2025-04-29	18:46:09	13549.866	450.23691	2101.728	39.7692	55.0003	32.0617	30.6232	0.00266889	11.235	54.5005	93.25	-0.16362	24.1197	108
DATA	1745977570	727782964	101989	0	""	2025-04-29	18:46:10	13515.067	451.31259	2101.4688	39.7689	55.0003	32.0613	30.6232	0.00266236	11.2349	54.5005	-58.75	-0.16362	24.1197	234
DATA	1745977571	727782964	101993	0	""	2025-04-29	18:46:11	13484.008	452.90402	2101.3269	39.7685	55.0003	32.0605	30.6232	0.00266444	11.2352	54.5005	-19	-0.16362	24.1205	 46
DATA	1745977572	727782964	101997	0	""	2025-04-29	18:46:12	13455.251	453.02896	2101.2734	39.7689	55.0003	32.0617	30.6232	0.00265762	11.2357	54.5005	3.25	-0.16362	24.1225	122
DATA	1745977573	727427959	102001	0	""	2025-04-29	18:46:13	13431.335	451.58627	2101.2441	39.7677	55.0003	32.0632	30.6232	0.00265638	11.2348	54.5005	58.25	-0.16362	24.1209	150
DATA	1745977574	727427959	102005	0	""	2025-04-29	18:46:14	13405.252	450.50262	2101.0281	39.7685	55.0003	32.0632	30.6232	0.00265531	11.2353	54.5005	-94.5	-0.16362	24.1209	123
DATA	1745977575	727427959	102009	0	""	2025-04-29	18:46:15	13381.973	450.16345	2100.9836	39.7677	55.0003	32.0617	30.6232	0.00265522	11.2352	54.5005	-55.25	-0.16362	24.1213	205
DATA	1745977576	727427959	102013	0	""	2025-04-29	18:46:16	13360.708	449.06995	2101.2495	39.7673	55.0003	32.0597	30.6232	0.00265456	11.2353	54.5005	-59.25	-0.16362	24.1213	222
DATA	1745977577	727427959	102017	0	""	2025-04-29	18:46:17	13345.082	448.83911	2101.1655	39.7669	55.0003	32.0597	30.6232	0.00264839	11.2361	54.5005	51.25	-0.16362	24.1213	170
DATA	1745977578	727427959	102021	0	""	2025-04-29	18:46:18	13334.673	448.60043	2101.2856	39.7673	55.0003	32.0597	30.6232	0.00264379	11.2356	54.5005	-23.75	-0.16362	24.1217	217
DATA	1745977579	727427959	102025	0	""	2025-04-29	18:46:19	13325.258	448.31693	2101.1621	39.7673	55.0003	32.0586	30.6232	0.00265019	11.2357	54.5005	-0.75	-0.16362	24.1217	158
DATA	1745977580	727427959	102029	0	""	2025-04-29	18:46:20	13306.178	447.08014	2101.1594	39.7665	55.0003	32.0586	30.6232	0.00264084	11.2354	54.5005	43.5	-0.16362	24.1205	 96
DATA	1745977581	727077007	102033	0	""	2025-04-29	18:46:21	13290.65	446.75665	2101.1401	39.7661	55.0003	32.0597	30.6232	0.00264424	11.2358	54.5005	147	-0.16362	24.1201	235
DATA	1745977582	727077007	102037	0	""	2025-04-29	18:46:22	13276.456	446.0556	2100.9089	39.7665	55.0003	32.0586	30.6232	0.0026424	11.2363	54.5005	-1.25	-0.16362	24.1205	 36
DATA	1745977583	727077007	102041	0	""	2025-04-29	18:46:23	13262.987	446.42636	2100.822	39.7654	55.0003	32.059	30.6232	0.00264896	11.2356	54.5005	77	-0.16362	24.1205	163
DATA	1745977584	727077007	102045	0	""	2025-04-29	18:46:24	13252.087	446.12363	2100.7542	39.7654	55.0003	32.0594	30.6232	0.00264854	11.236	54.5005	-94	-0.16362	24.1201	240
DATA	1745977585	727077007	102049	0	""	2025-04-29	18:46:25	13243.18	445.93265	2101.0684	39.7657	55.0003	32.0559	30.6232	0.00264847	11.2364	54.5005	42	-0.16362	24.1205	212
DATA	1745977586	727077007	102053	0	""	2025-04-29	18:46:26	13233.027	446.28601	2101.1128	39.7665	55.0003	32.0609	30.6232	0.0026471	11.2365	54.5005	13	-0.16362	24.1209	182
DATA	1745977587	727077007	102057	0	""	2025-04-29	18:46:27	13224.107	446.6868	2101.3281	39.7661	55.0003	32.0574	30.6232	0.00265491	11.2361	54.5005	1.75	-0.16362	24.1197	 53
DATA	1745977588	726710081	102061	0	""	2025-04-29	18:46:28	13217.684	447.17239	2101.3845	39.7654	55.0003	32.057	30.6232	0.00264414	11.2359	54.5005	-43.25	-0.16362	24.1201	137
DATA	1745977589	726710081	102065	0	""	2025-04-29	18:46:29	13215.556	447.40573	2101.1992	39.7661	55.0003	32.0574	30.6232	0.00265083	11.2361	54.5005	15.25	-0.16362	24.1217	144
DATA	1745977590	726710081	102069	0	""	2025-04-29	18:46:30	13211.538	447.30847	2101.1653	39.7661	55.0003	32.0582	30.6232	0.00264831	11.2362	54.5005	16.5	-0.16362	24.1209	 77
DATA	1745977591	726710081	102073	0	""	2025-04-29	18:46:31	13200.512	447.14459	2101.1792	39.7654	55.0003	32.0582	30.6232	0.00264424	11.2361	54.5005	75.25	-0.16362	24.1209	123
DATA	1745977592	726710081	102077	0	""	2025-04-29	18:46:32	13192.306	446.31506	2100.9636	39.7654	55.0003	32.0578	30.6232	0.00264255	11.2356	54.5005	21.25	-0.16362	24.1217	136
DATA	1745977593	726710081	102081	0	""	2025-04-29	18:46:33	13187.852	445.89832	2101.011	39.7654	55.0003	32.0574	30.6232	0.00263964	11.2366	54.5005	47.25	-0.16362	24.1209	100
DATA	1745977594	726710081	102085	0	""	2025-04-29	18:46:34	13180.206	445.85596	2100.7866	39.7661	55.0003	32.059	30.6232	0.00264234	11.236	54.5005	-68.75	-0.16362	24.1213	100
DATA	1745977595	726710081	102089	0	""	2025-04-29	18:46:35	13173.467	445.41064	2100.6497	39.7657	55.0003	32.0574	30.6232	0.00264207	11.2358	54.5005	79.75	-0.16362	24.1209	170
DATA	1745977596	726358890	102093	0	""	2025-04-29	18:46:36	13169.07	445.3317	2100.7976	39.765	55.0003	32.0597	30.6232	0.00263872	11.2361	54.5005	-35.75	-0.16362	24.1213	 67
DATA	1745977597	726358890	102097	0	""	2025-04-29	18:46:37	13168.02	445.39197	2100.9392	39.7654	55.0003	32.0578	30.6232	0.00264678	11.2365	54.5005	56.75	-0.16362	24.1209	147
DATA	1745977598	726358890	102101	0	""	2025-04-29	18:46:38	13163.741	445.46283	2100.8801	39.7661	55.0003	32.059	30.6232	0.00264215	11.2361	54.5005	23	-0.16362	24.1193	201
DATA	1745977599	726358890	102105	0	""	2025-04-29	18:46:39	13158.808	445.92245	2100.9209	39.7654	55.0003	32.0613	30.6232	0.00263352	11.2365	54.5005	-66.75	-0.16362	24.1205	212
DATA	1745977600	726358890	102109	0	""	2025-04-29	18:46:40	13154.097	445.54376	2100.8894	39.7657	55.0003	32.059	30.6232	0.0026457	11.2364	54.5005	23.25	-0.16362	24.1205	 55
DATA	1745977601	726358890	102113	0	""	2025-04-29	18:46:41	13148.353	445.33502	2101.0344	39.7657	55.0003	32.0601	30.6232	0.00263488	11.2367	54.5005	92.5	-0.16362	24.1209	 80
DATA	1745977602	726358890	102117	0	""	2025-04-29	18:46:42	13142.806	445.55667	2101.0649	39.765	55.0003	32.059	30.6232	0.00263628	11.2363	54.5005	-61.75	-0.16362	24.1205	 95
DATA	1745977603	726007938	102121	0	""	2025-04-29	18:46:43	13137.885	445.40024	2101.0049	39.7657	55.0003	32.059	30.6232	0.00263359	11.2359	54.5005	39.75	-0.16362	24.1197	103
DATA	1745977604	726007938	102125	0	""	2025-04-29	18:46:44	13135.809	445.50427	2100.9456	39.7657	55.0003	32.0594	30.6232	0.00263458	11.2365	54.5005	-42	-0.16362	24.1209	 49
DATA	1745977605	726007938	102129	0	""	2025-04-29	18:46:45	13133.136	445.54538	2100.9331	39.7661	55.0003	32.0594	30.6232	0.00262998	11.236	54.5005	-34.25	-0.16362	24.1197	151
DATA	1745977606	726007938	102133	0	""	2025-04-29	18:46:46	13128.573	445.2652	2101.1301	39.7661	55.0003	32.0601	30.6232	0.00263455	11.2367	54.5007	184.75	-0.16362	24.1209	132
DATA	1745977607	726007938	102137	0	""	2025-04-29	18:46:47	13126.304	445.5191	2100.8899	39.7654	55.0003	32.0632	30.6232	0.00263313	11.2364	54.5005	135.75	-0.16362	24.1209	147
DATA	1745977608	726007938	102141	0	""	2025-04-29	18:46:48	13124.075	446.03033	2101.1328	39.7654	55.0003	32.0617	30.6232	0.00263012	11.2358	54.5007	-40	-0.16362	24.1213	  7
DATA	1745977609	726007938	102145	0	""	2025-04-29	18:46:49	13121.339	446.3381	2101.0913	39.7661	55.0003	32.0594	30.6232	0.00263457	11.2363	54.5009	-81.25	-0.16362	24.1217	141
DATA	1745977610	726007938	102149	0	""	2025-04-29	18:46:50	13119.965	445.72809	2101.0208	39.7657	55.0003	32.0574	30.6232	0.00263213	11.2359	54.5009	-4.5	-0.16362	24.1225	 90
DATA	1745977611	725655078	102153	0	""	2025-04-29	18:46:51	13117.784	445.89639	2101.0852	39.7654	55.0003	32.0566	30.6232	0.002636	11.2366	54.5005	45.75	-0.16362	24.1225	 60
DATA	1745977612	725655078	102157	0	""	2025-04-29	18:46:52	13115.104	445.2785	2100.8525	39.7661	55.0003	32.0586	30.6232	0.00263533	11.2365	54.5005	21	-0.16362	24.1213	186
DATA	1745977613	725655078	102161	0	""	2025-04-29	18:46:53	13112.877	445.46729	2100.9741	39.7654	55.0003	32.0582	30.6232	0.00262996	11.2368	54.5005	-137.75	-0.16362	24.1217	 12
DATA	1745977614	725655078	102165	0	""	2025-04-29	18:46:54	13111.704	444.9267	2100.9304	39.7646	55.0003	32.0586	30.6232	0.00263085	11.2362	54.5005	3.25	-0.16362	24.1201	 32
DATA	1745977615	725655078	102169	0	""	2025-04-29	18:46:55	13109.396	445.51147	2100.8037	39.7657	55.0003	32.0578	30.6232	0.00262909	11.2363	54.5005	59.5	-0.16362	24.1205	118
DATA	1745977616	725655078	102173	0	""	2025-04-29	18:46:56	13107.75	444.50821	2100.8296	39.7657	55.0003	32.0586	30.6232	0.00263053	11.2365	54.5005	-33.25	-0.16362	24.1205	142
DATA	1745977617	725655078	102177	0	""	2025-04-29	18:46:57	13106.396	444.76505	2100.6968	39.7665	55.0003	32.059	30.6232	0.00262433	11.2365	54.5005	-3.25	-0.16362	24.1209	112
DATA	1745977618	725292921	102181	0	""	2025-04-29	18:46:58	13105.029	445.20883	2100.6824	39.7665	55.0003	32.0582	30.6232	0.0026305	11.2364	54.5005	45	-0.16362	24.1201	189
DATA	1745977619	725292921	102185	0	""	2025-04-29	18:46:59	13104.795	445.35071	2100.7568	39.7657	55.0003	32.057	30.6232	0.00262861	11.2363	54.5005	5.75	-0.16362	24.1205	 61
DATA	1745977620	725292921	102189	0	""	2025-04-29	18:47:00	13103.627	445.33551	2101.0391	39.765	55.0003	32.0582	30.6232	0.0026279	11.2361	54.5005	-8.5	-0.16362	24.1205	222
DATA	1745977621	725292921	102193	0	""	2025-04-29	18:47:01	13103.142	445.94608	2100.9514	39.7661	55.0003	32.0562	30.6232	0.00263356	11.2366	54.5005	19.25	-0.16362	24.1197	135
DATA	1745977622	725292921	102197	0	""	2025-04-29	18:47:02	13103.486	446.05334	2101.2134	39.7657	55.0003	32.0594	30.6232	0.00262639	11.2365	54.5005	64	-0.16362	24.1209	246
DATA	1745977623	725292921	102201	0	""	2025-04-29	18:47:03	13100.464	446.52545	2100.8142	39.7654	55.0003	32.0586	30.6232	0.00263449	11.2364	54.5005	-16.5	-0.16362	24.1217	118
DATA	1745977624	725292921	102205	0	""	2025-04-29	18:47:04	13100.152	446.39398	2101.1599	39.7661	55.0003	32.0582	30.6232	0.00262464	11.2362	54.5005	-27.75	-0.16362	24.1213	180
DATA	1745977625	725292921	102209	0	""	2025-04-29	18:47:05	13103.365	446.06238	2101.2041	39.7661	55.0003	32.0586	30.6232	0.00263189	11.2369	54.5005	91.25	-0.16362	24.1213	132
DATA	1745977626	724934101	102213	0	""	2025-04-29	18:47:06	13104.321	446.71469	2101.4585	39.7661	55.0003	32.0617	30.6232	0.00263072	11.2363	54.5005	-8	-0.16362	24.1205	220
DATA	1745977627	724934101	102217	0	""	2025-04-29	18:47:07	13104.585	447.461	2101.4758	39.7654	55.0003	32.0578	30.6232	0.00263328	11.2362	54.5005	-40	-0.16362	24.1217	187
DATA	1745977628	724934101	102221	0	""	2025-04-29	18:47:08	13103.761	446.90286	2101.501	39.7654	55.0003	32.057	30.6232	0.00263131	11.2361	54.5005	103.25	-0.16362	24.1193	 56
DATA	1745977629	724934101	102225	0	""	2025-04-29	18:47:09	13104.928	447.26065	2101.2883	39.7661	55.0003	32.0574	30.6232	0.00262308	11.2364	54.5005	3	-0.16362	24.1213	187
DATA	1745977630	724934101	102229	0	""	2025-04-29	18:47:10	13104.267	447.90784	2101.2766	39.7654	55.0003	32.0582	30.6234	0.00262659	11.2364	54.5005	45.25	-0.16362	24.1217	143
DATA	1745977631	724934101	102233	0	""	2025-04-29	18:47:11	13104.116	447.56064	2101.4651	39.7657	55.0003	32.0586	30.6232	0.00263265	11.2366	54.5005	39	-0.16362	24.1201	225
DATA	1745977632	724934101	102237	0	""	2025-04-29	18:47:12	13104.428	447.25095	2101.2903	39.7654	55.0003	32.059	30.6232	0.00262544	11.2367	54.5005	-62.5	-0.16362	24.1205	 67
DATA	1745977633	724584102	102241	0	""	2025-04-29	18:47:13	13105.938	446.26639	2101.1938	39.765	55.0003	32.0582	30.6232	0.00262972	11.2362	54.5005	-62	-0.16362	24.1205	238
DATA	1745977634	724584102	102245	0	""	2025-04-29	18:47:14	13106.651	446.16748	2101.1111	39.7657	55.0003	32.0586	30.6232	0.00263002	11.236	54.5005	59	-0.16362	24.1201	171
DATA	1745977635	724584102	102249	0	""	2025-04-29	18:47:15	13107.371	445.52414	2101.1931	39.7657	55.0003	32.059	30.6232	0.00263503	11.2366	54.5005	-65.75	-0.16362	24.1205	127
DATA	1745977636	724584102	102253	0	""	2025-04-29	18:47:16	13108.606	446.02771	2100.9666	39.765	55.0003	32.0594	30.6232	0.00262829	11.237	54.5005	307.5	-0.16362	24.1205	 41
DATA	1745977637	724584102	102257	0	""	2025-04-29	18:47:17	13108.738	446.37411	2101.1128	39.7657	55.0003	32.0625	30.6232	0.0026361	11.2361	54.5005	-22	-0.16362	24.1205	225
DATA	1745977638	724584102	102261	0	""	2025-04-29	18:47:18	13105.846	446.73114	2101.2517	39.7654	55.0003	32.0601	30.6232	0.00263286	11.2367	54.5005	-105	-0.16362	24.1201	 66
DATA	1745977639	724584102	102265	0	""	2025-04-29	18:47:19	13100.931	446.9176	2101.3164	39.7654	55.0003	32.0582	30.6232	0.00262949	11.2366	54.5005	18.75	-0.16362	24.1201	 96
DATA	1745977640	724584102	102269	0	""	2025-04-29	18:47:20	13098.173	447.61389	2101.2571	39.7661	55.0003	32.0605	30.6232	0.00263016	11.2363	54.5005	-37.5	-0.16362	24.1213	123
DATA	1745977641	724222898	102273	0	""	2025-04-29	18:47:21	13099.657	448.73932	2101.3398	39.7654	55.0003	32.0578	30.6232	0.00262933	11.236	54.5005	49.25	-0.16362	24.1213	120
DATA	1745977642	724222898	102277	0	""	2025-04-29	18:47:22	13102.119	448.76028	2101.136	39.7661	55.0003	32.0582	30.6232	0.00262329	11.2368	54.5005	-39.25	-0.16362	24.1209	139
DATA	1745977643	724222898	102281	0	""	2025-04-29	18:47:23	13106.49	448.04834	2101.0442	39.7657	55.0003	32.0582	30.6232	0.00263029	11.2367	54.5005	-26.75	-0.16362	24.1209	141
DATA	1745977644	724222898	102285	0	""	2025-04-29	18:47:24	13108.44	448.10858	2101.1411	39.7657	55.0003	32.057	30.6232	0.00263811	11.2365	54.5005	22	-0.16362	24.1209	143
DATA	1745977645	724222898	102289	0	""	2025-04-29	18:47:25	13107.427	447.50134	2101.2822	39.7654	55.0003	32.0578	30.6232	0.00263147	11.2363	54.5005	7	-0.16362	24.1217	205
DATA	1745977646	724222898	102293	0	""	2025-04-29	18:47:26	13105.944	447.54916	2101.1216	39.765	55.0003	32.0574	30.6232	0.00263108	11.2364	54.5005	-53.5	-0.16362	24.1209	 92
DATA	1745977647	724222898	102297	0	""	2025-04-29	18:47:27	13106.613	447.2207	2101.2605	39.7654	55.0003	32.0566	30.6232	0.00263264	11.2361	54.5005	8.25	-0.16362	24.1217	 42
DATA	1745977648	723865032	102301	0	""	2025-04-29	18:47:28	13104.861	446.76233	2101.219	39.7654	55.0003	32.057	30.6232	0.00262745	11.237	54.5005	35	-0.16362	24.1209	 91
DATA	1745977649	723865032	102305	0	""	2025-04-29	18:47:29	13103.756	446.68484	2101.1296	39.7646	55.0003	32.057	30.6232	0.00263309	11.2367	54.5005	-42.5	-0.16362	24.1213	 95
DATA	1745977650	723865032	102309	0	""	2025-04-29	18:47:30	13102.991	446.70862	2101.2024	39.7654	55.0003	32.0578	30.6232	0.00262641	11.2366	54.5005	-40.25	-0.16362	24.1201	163
DATA	1745977651	723865032	102313	0	""	2025-04-29	18:47:31	13102.269	447.22351	2101.219	39.7654	55.0003	32.057	30.6232	0.00262693	11.2364	54.5005	117	-0.16362	24.1205	173
DATA	1745977652	723865032	102317	0	""	2025-04-29	18:47:32	13101.346	446.6973	2101.1394	39.765	55.0003	32.0586	30.6232	0.00262966	11.2367	54.5005	90.5	-0.16362	24.1209	254
DATA	1745977653	723865032	102321	0	""	2025-04-29	18:47:33	13100.983	445.74918	2101.0803	39.7654	55.0003	32.059	30.6232	0.0026296	11.2366	54.5005	-13.25	-0.16362	24.1205	 76
DATA	1745977654	723865032	102325	0	""	2025-04-29	18:47:34	13098.47	445.66931	2101.0459	39.7657	55.0003	32.0574	30.6232	0.00262536	11.2366	54.5005	-17.5	-0.16362	24.1209	102
DATA	1745977655	723865032	102329	0	""	2025-04-29	18:47:35	13098.272	445.84305	2100.6982	39.7657	55.0003	32.0566	30.6232	0.00263198	11.2366	54.5005	-14.75	-0.16362	24.1209	215
DATA	1745977656	723512887	102333	0	""	2025-04-29	18:47:36	13098.169	444.97754	2100.8416	39.7661	55.0003	32.0566	30.6232	0.00263043	11.2367	54.5005	1.25	-0.16362	24.1213	107
DATA	1745977657	723512887	102337	0	""	2025-04-29	18:47:37	13098.874	445.85483	2100.8103	39.765	55.0003	32.0582	30.6232	0.00263164	11.237	54.5005	-33.75	-0.16362	24.1213	107
DATA	1745977658	723512887	102341	0	""	2025-04-29	18:47:38	13099.207	445.69193	2100.9309	39.7657	55.0003	32.057	30.6232	0.00263429	11.2366	54.5005	-54	-0.16362	24.1209	 19
DATA	1745977659	723512887	102345	0	""	2025-04-29	18:47:39	13095.544	446.05133	2101.0083	39.7661	55.0003	32.059	30.6232	0.00262645	11.2367	54.5005	39.75	-0.16362	24.1205	106
DATA	1745977660	723512887	102349	0	""	2025-04-29	18:47:40	13092.481	445.77954	2100.8682	39.765	55.0003	32.0586	30.6232	0.00263399	11.2365	54.5005	-45.75	-0.16362	24.1209	176
DATA	1745977661	723512887	102353	0	""	2025-04-29	18:47:41	13091.244	445.59735	2100.7849	39.7646	55.0003	32.0574	30.6232	0.00263302	11.2365	54.5005	-48	-0.16362	24.1217	 52
DATA	1745977662	723512887	102357	0	""	2025-04-29	18:47:42	13090.714	445.76123	2100.9165	39.7661	55.0003	32.0555	30.6232	0.0026325	11.2364	54.5005	-3	-0.16362	24.1209	191
DATA	1745977663	723156929	102361	0	""	2025-04-29	18:47:43	13090.757	446.01083	2100.8418	39.765	55.0003	32.0562	30.6232	0.00263016	11.2364	54.5005	63.5	-0.16362	24.1217	 37
DATA	1745977664	723156929	102365	0	""	2025-04-29	18:47:44	13089.545	446.51123	2100.9221	39.765	55.0003	32.057	30.6232	0.00262429	11.2369	54.5005	-24.5	-0.16362	24.1217	 44
DATA	1745977665	723156929	102369	0	""	2025-04-29	18:47:45	13088.311	445.54617	2100.7666	39.7654	55.0003	32.0535	30.6232	0.0026298	11.2365	54.5005	87	-0.16362	24.1205	230
DATA	1745977666	723156929	102373	0	""	2025-04-29	18:47:46	13086.238	445.20831	2100.8127	39.7654	55.0003	32.0566	30.6232	0.00263118	11.2367	54.5005	24.25	-0.16362	24.1205	149
DATA	1745977667	723156929	102377	0	""	2025-04-29	18:47:47	13087.17	444.96835	2100.7681	39.7646	55.0003	32.0582	30.6232	0.00263049	11.2363	54.5005	58.25	-0.16362	24.1201	124
DATA	1745977668	723156929	102381	0	""	2025-04-29	18:47:48	13089.634	445.2049	2100.9031	39.765	55.0003	32.0582	30.6232	0.00263153	11.2364	54.5005	-6.75	-0.16362	24.1205	 47
DATA	1745977669	723156929	102385	0	""	2025-04-29	18:47:49	13092.785	445.42484	2100.8401	39.7654	55.0003	32.0582	30.6232	0.00263329	11.2372	54.5005	212.75	-0.16362	24.1197	225
DATA	1745977670	723156929	102389	0	""	2025-04-29	18:47:50	13093.858	445.00519	2100.7881	39.7646	55.0003	32.0586	30.6232	0.00263054	11.2367	54.5005	-64.5	-0.16362	24.1201	156
DATA	1745977671	722806930	102393	0	""	2025-04-29	18:47:51	13094.17	445.23355	2100.7595	39.7654	55.0003	32.057	30.6232	0.00263102	11.2363	54.5005	-65.5	-0.16362	24.1201	 26
DATA	1745977672	722806930	102397	0	""	2025-04-29	18:47:52	13092.83	445.04376	2100.8003	39.7654	55.0003	32.0562	30.6232	0.00263155	11.2364	54.5005	115.5	-0.16362	24.1201	 77
DATA	1745977673	722806930	102401	0	""	2025-04-29	18:47:53	13092.336	445.38959	2100.8091	39.7654	55.0003	32.057	30.6232	0.0026265	11.2366	54.5005	-69.5	-0.16362	24.1221	 46
DATA	1745977674	722806930	102405	0	""	2025-04-29	18:47:54	13092.948	444.6976	2100.491	39.7654	55.0003	32.057	30.6232	0.00263596	11.2369	54.5005	-2	-0.16362	24.1213	112
DATA	1745977675	722806930	102409	0	""	2025-04-29	18:47:55	13100.55	444.81119	2100.5454	39.765	55.0003	32.0582	30.6232	0.00262943	11.2367	54.5005	117	-0.16362	24.1213	191
DATA	1745977676	722806930	102413	0	""	2025-04-29	18:47:56	13102.323	444.84247	2100.5376	39.7661	55.0003	32.0566	30.6232	0.0026392	11.2366	54.5005	-69	-0.16362	24.1213	246
DATA	1745977677	722806930	102417	0	""	2025-04-29	18:47:57	13097.369	444.9288	2100.7268	39.7657	55.0003	32.0566	30.6232	0.00263188	11.2363	54.5005	13.5	-0.16362	24.1213	 74
DATA	1745977678	722445011	102421	0	""	2025-04-29	18:47:58	13100.299	444.95325	2100.6265	39.7654	55.0003	32.0566	30.6232	0.00263492	11.2367	54.5005	17	-0.16362	24.1209	253
DATA	1745977679	722445011	102425	0	""	2025-04-29	18:47:59	13106.702	445.34808	2100.7981	39.7654	55.0003	32.0566	30.6232	0.00263214	11.2368	54.5005	-31.25	-0.16362	24.1209	187
DATA	1745977680	722445011	102429	0	""	2025-04-29	18:48:00	13102.285	445.30042	2100.7876	39.7654	55.0003	32.0559	30.6232	0.00263271	11.2365	54.5005	-22	-0.16362	24.1221	  8
DATA	1745977681	722445011	102433	0	""	2025-04-29	18:48:01	13093.733	445.647	2100.7651	39.765	55.0003	32.0551	30.6232	0.00263498	11.2363	54.5005	186.25	-0.16362	24.1221	 27
DATA	1745977682	722445011	102437	0	""	2025-04-29	18:48:02	13089.808	445.82208	2100.7444	39.765	55.0003	32.0566	30.6232	0.0026277	11.2366	54.5005	-25	-0.16362	24.1205	191
DATA	1745977683	722445011	102441	0	""	2025-04-29	18:48:03	13088.196	445.74664	2100.5466	39.7654	55.0003	32.0559	30.6232	0.00262772	11.2368	54.5005	47.75	-0.16362	24.1201	155
DATA	1745977684	722445011	102445	0	""	2025-04-29	18:48:04	13089.247	445.69308	2100.5891	39.7657	55.0003	32.0566	30.6232	0.00262503	11.2366	54.5005	-18.25	-0.16362	24.1201	189
DATA	1745977685	722445011	102449	0	""	2025-04-29	18:48:05	13087.792	445.94568	2100.771	39.7646	55.0003	32.0574	30.6232	0.00262638	11.2364	54.5005	-27.5	-0.16362	24.1201	102
DATA	1745977686	722088098	102453	0	""	2025-04-29	18:48:06	13085.674	445.6618	2100.6086	39.7646	55.0003	32.057	30.6232	0.00262879	11.2363	54.5005	-99.75	-0.16362	24.1201	126
DATA	1745977687	722088098	102457	0	""	2025-04-29	18:48:07	13083.922	445.37573	2100.4202	39.7657	55.0003	32.0555	30.6232	0.00263229	11.2363	54.5005	29.5	-0.16362	24.1201	102
DATA	1745977688	722088098	102461	0	""	2025-04-29	18:48:08	13084.587	445.91666	2100.5159	39.7654	55.0003	32.0574	30.6232	0.00263018	11.2367	54.5005	-27	-0.16362	24.1201	 64
DATA	1745977689	722088098	102465	0	""	2025-04-29	18:48:09	13088.383	446.3252	2100.6594	39.7654	55.0003	32.0562	30.6232	0.00263318	11.2364	54.5005	8.75	-0.16362	24.1197	 80
DATA	1745977690	722088098	102469	0	""	2025-04-29	18:48:10	13108.154	446.87183	2100.5798	39.7657	55.0003	32.0562	30.6232	0.00263179	11.2363	54.5005	-15.25	-0.16362	24.1225	210
DATA	1745977691	722088098	102473	0	""	2025-04-29	18:48:11	13115.135	446.88889	2100.8904	39.7646	55.0003	32.0555	30.6232	0.00263311	11.2364	54.5005	5.5	-0.16362	24.1213	 52
DATA	1745977692	722088098	102477	0	""	2025-04-29	18:48:12	13110.075	446.15378	2100.6218	39.765	55.0003	32.0578	30.6232	0.00263301	11.2367	54.5005	29.25	-0.16362	24.1217	 97
DATA	1745977693	721730947	102481	0	""	2025-04-29	18:48:13	13107.249	446.12387	2100.6021	39.7657	55.0003	32.0566	30.6232	0.00263957	11.2369	54.5005	22	-0.16362	24.1209	  4
DATA	1745977694	721730947	102485	0	""	2025-04-29	18:48:14	13104.777	445.89923	2100.8047	39.7646	55.0003	32.0566	30.6232	0.00263353	11.2366	54.5005	4.75	-0.16362	24.1213	118
DATA	1745977695	721730947	102489	0	""	2025-04-29	18:48:15	13100.996	446.31998	2100.7024	39.7661	55.0003	32.0574	30.6232	0.00262318	11.2364	54.5005	326	-0.16362	24.1213	 60
DATA	1745977696	721730947	102493	0	""	2025-04-29	18:48:16	13117.99	446.79968	2100.7573	39.7661	55.0003	32.059	30.6232	0.00261998	11.2366	54.5005	12.5	-0.16362	24.1209	 42
DATA	1745977697	721730947	102497	0	""	2025-04-29	18:48:17	13357.414	445.81818	2100.5872	39.765	55.0003	32.0562	30.6232	0.00268845	11.2359	54.5005	-125.5	-0.16362	24.1217	173
DATA	1745977698	721730947	102501	0	""	2025-04-29	18:48:18	13830.5	443.47986	2100.7305	39.765	55.0003	32.0543	30.6232	0.00278832	11.234	54.5005	-264	-0.16362	24.1217	155
DATA	1745977699	721730947	102505	0	""	2025-04-29	18:48:19	14185.15	442.073	2100.5266	39.7665	55.0003	32.0508	30.6232	0.00287572	11.233	54.5005	5.5	-0.16362	24.1201	 96
DATA	1745977700	721730947	102509	0	""	2025-04-29	18:48:20	14326.997	441.91757	2100.677	39.7669	55.0003	32.0489	30.6232	0.0028837	11.2324	54.5005	59.5	-0.16362	24.1201	 19
DATA	1745977701	721374034	102513	0	""	2025-04-29	18:48:21	14327.231	442.2579	2100.7415	39.7677	55.0003	32.0492	30.6232	0.00287484	11.2328	54.5005	-75.25	-0.16362	24.1201	124
DATA	1745977702	721374034	102517	0	""	2025-04-29	18:48:22	14255.818	442.75607	2100.7112	39.7677	55.0003	32.0481	30.6232	0.00285469	11.2328	54.5005	69.25	-0.16362	24.1201	142
DATA	1745977703	721374034	102521	0	""	2025-04-29	18:48:23	14160.403	444.01901	2100.8296	39.7685	55.0003	32.0492	30.6232	0.00281729	11.2332	54.5005	76.75	-0.16362	24.1201	120
DATA	1745977704	721374034	102525	0	""	2025-04-29	18:48:24	14072.427	444.96158	2100.7612	39.7689	55.0003	32.0516	30.6232	0.00279016	11.2334	54.5005	37.25	-0.16362	24.1205	138
DATA	1745977705	721374034	102529	0	""	2025-04-29	18:48:25	14008.443	445.35779	2100.9194	39.7692	55.0003	32.052	30.6232	0.0027781	11.2334	54.5005	97.25	-0.16362	24.1205	 50
DATA	1745977706	721374034	102533	0	""	2025-04-29	18:48:26	13976.16	445.49033	2100.8857	39.7692	55.0003	32.0524	30.6232	0.00276539	11.2341	54.5005	53	-0.16362	24.1209	209
DATA	1745977707	721374034	102537	0	""	2025-04-29	18:48:27	13966.697	445.397	2100.7908	39.7696	55.0003	32.0531	30.6232	0.00275679	11.234	54.5005	-20.25	-0.16362	24.1221	 60
DATA	1745977708	721019983	102541	0	""	2025-04-29	18:48:28	13971.584	445.5145	2100.9043	39.7692	55.0003	32.0551	30.6232	0.00275672	11.2331	54.5005	65.25	-0.16362	24.1213	 97
DATA	1745977709	721019983	102545	0	""	2025-04-29	18:48:29	13979.825	445.51682	2100.8638	39.7692	55.0003	32.0535	30.6232	0.00275159	11.2336	54.5005	2.25	-0.16362	24.1209	128
DATA	1745977710	721019983	102549	0	""	2025-04-29	18:48:30	13986.526	445.3721	2100.8369	39.7692	55.0003	32.0547	30.6232	0.00275926	11.233	54.5005	8.75	-0.16362	24.1209	 18
DATA	1745977711	721019983	102553	0	""	2025-04-29	18:48:31	13990.147	445.79895	2100.9504	39.7696	55.0003	32.0555	30.6232	0.00275791	11.2336	54.5005	-21.25	-0.16362	24.1209	214
DATA	1745977712	721019983	102557	0	""	2025-04-29	18:48:32	13988.298	445.32806	2100.9924	39.77	55.0003	32.0574	30.6232	0.00275123	11.2334	54.5005	124.75	-0.16362	24.1205	107
DATA	1745977713	721019983	102561	0	""	2025-04-29	18:48:33	13984.432	445.53186	2100.9309	39.77	55.0003	32.0586	30.6232	0.0027482	11.2332	54.5005	-76.5	-0.16362	24.1217	254
DATA	1745977714	721019983	102565	0	""	2025-04-29	18:48:34	13978.619	446.4567	2100.9521	39.7712	55.0003	32.0555	30.6232	0.00274036	11.2338	54.5005	-65.25	-0.16362	24.1209	159
DATA	1745977715	721019983	102569	0	""	2025-04-29	18:48:35	13971.326	446.31155	2101.0581	39.77	55.0003	32.057	30.6232	0.00272893	11.2335	54.5005	11.5	-0.16362	24.1209	200
DATA	1745977716	720660924	102573	0	""	2025-04-29	18:48:36	13966.164	445.97324	2101.1252	39.77	55.0003	32.0574	30.6232	0.00273672	11.2332	54.5005	-8.75	-0.16362	24.1205	 45
DATA	1745977717	720660924	102577	0	""	2025-04-29	18:48:37	13961.173	446.38663	2101.0894	39.7704	55.0003	32.0562	30.6232	0.00273422	11.2336	54.5005	29.5	-0.16362	24.1209	108
DATA	1745977718	720660924	102581	0	""	2025-04-29	18:48:38	13956.55	446.5817	2100.9414	39.7704	55.0003	32.0586	30.6232	0.00272774	11.2338	54.5005	41.25	-0.16362	24.1205	 60
DATA	1745977719	720660924	102585	0	""	2025-04-29	18:48:39	13953.337	446.13766	2100.9312	39.7704	55.0003	32.0582	30.6232	0.00273755	11.2337	54.5005	-38.25	-0.16362	24.1182	211
DATA	1745977720	720660924	102589	0	""	2025-04-29	18:48:40	13950.693	445.96582	2100.9966	39.7708	55.0003	32.057	30.6232	0.00273867	11.2338	54.5005	-11.75	-0.16362	24.1205	172
DATA	1745977721	720660924	102593	0	""	2025-04-29	18:48:41	13948.03	446.34918	2101.0427	39.7696	55.0003	32.0578	30.6232	0.00273513	11.234	54.5005	60	-0.16362	24.1197	159
DATA	1745977722	720660924	102597	0	""	2025-04-29	18:48:42	13945.131	446.34827	2101.0288	39.7712	55.0003	32.0574	30.6232	0.0027319	11.2333	54.5005	-24	-0.16362	24.1205	239
DATA	1745977723	720307111	102601	0	""	2025-04-29	18:48:43	13942.323	446.43887	2101.1685	39.77	55.0003	32.0574	30.6232	0.0027279	11.2336	54.5005	44.5	-0.16362	24.1205	186
DATA	1745977724	720307111	102605	0	""	2025-04-29	18:48:44	13939.231	446.49387	2101.0891	39.77	55.0003	32.0582	30.6234	0.00273474	11.2338	54.5005	145.5	-0.16362	24.1221	 38
DATA	1745977725	720307111	102609	0	""	2025-04-29	18:48:45	13936.496	446.06436	2101.2527	39.77	55.0003	32.0601	30.6232	0.00273174	11.2335	54.5005	-103.25	-0.16362	24.1213	114
DATA	1745977726	720307111	102613	0	""	2025-04-29	18:48:46	13934.451	446.59647	2101.126	39.7716	55.0003	32.0586	30.6232	0.00273454	11.234	54.5005	-50.5	-0.16362	24.1213	 24
DATA	1745977727	720307111	102617	0	""	2025-04-29	18:48:47	13932.381	446.02539	2101.02	39.77	55.0003	32.0582	30.6232	0.00274187	11.2338	54.5005	1.5	-0.16362	24.1209	 79
DATA	1745977728	720307111	102621	0	""	2025-04-29	18:48:48	13929.834	446.28094	2101.0891	39.77	55.0003	32.0586	30.6232	0.00273097	11.2337	54.5005	39.75	-0.16362	24.1205	 57
DATA	1745977729	720307111	102625	0	""	2025-04-29	18:48:49	13926.312	446.63364	2100.9839	39.7708	55.0003	32.0605	30.6232	0.00273079	11.2334	54.5005	-55.25	-0.16362	24.1213	190
DATA	1745977730	720307111	102629	0	""	2025-04-29	18:48:50	13924.349	446.47797	2100.9673	39.7712	55.0003	32.0594	30.6232	0.00272911	11.2338	54.5005	197	-0.16362	24.1213	 55
DATA	1745977731	719952106	102633	0	""	2025-04-29	18:48:51	13922.832	446.49719	2101.2412	39.7708	55.0003	32.0597	30.6232	0.00273082	11.2332	54.5005	-163.25	-0.16362	24.1209	240
DATA	1745977732	719952106	102637	0	""	2025-04-29	18:48:52	13920.694	446.59259	2101.137	39.77	55.0003	32.057	30.6234	0.00272141	11.2336	54.5005	49.5	-0.16362	24.1213	155
DATA	1745977733	719952106	102641	0	""	2025-04-29	18:48:53	13918.158	446.43896	2101.1938	39.7708	55.0003	32.059	30.6232	0.00273184	11.2334	54.5005	-34.25	-0.16362	24.1201	152
DATA	1745977734	719952106	102645	0	""	2025-04-29	18:48:54	13916.329	446.29776	2101.1038	39.7704	55.0003	32.0582	30.6232	0.00273673	11.2335	54.5005	139.75	-0.16362	24.1201	211
DATA	1745977735	719952106	102649	0	""	2025-04-29	18:48:55	13913.97	446.56158	2101.0774	39.77	55.0003	32.0578	30.6232	0.00273195	11.2338	54.5005	-73.75	-0.16362	24.1209	 77
DATA	1745977736	719952106	102653	0	""	2025-04-29	18:48:56	13912.148	446.42548	2101.2397	39.7712	55.0003	32.0574	30.6232	0.00272577	11.2335	54.5005	27.75	-0.16362	24.1201	160
DATA	1745977737	719952106	102657	0	""	2025-04-29	18:48:57	13911.031	446.33926	2101.2029	39.77	55.0003	32.057	30.6232	0.00273223	11.2329	54.5005	80.75	-0.16362	24.1197	  2
DATA	1745977738	719589948	102661	0	""	2025-04-29	18:48:58	13909.109	446.46307	2101.3923	39.7704	55.0003	32.059	30.6232	0.00273071	11.2335	54.5005	-56.5	-0.16362	24.1201	112
DATA	1745977739	719589948	102665	0	""	2025-04-29	18:48:59	13908.03	446.99292	2101.2654	39.77	55.0003	32.057	30.6232	0.00272694	11.2332	54.5005	-41	-0.16362	24.1197	143
DATA	1745977740	719589948	102669	0	""	2025-04-29	18:49:00	13905.348	446.04745	2101.0691	39.7708	55.0003	32.0559	30.6232	0.00272898	11.2337	54.5005	75.5	-0.16362	24.1201	132
DATA	1745977741	719589948	102673	0	""	2025-04-29	18:49:01	13903.799	446.39355	2101.2224	39.7704	55.0003	32.0574	30.6232	0.00272713	11.233	54.5005	-11.25	-0.16362	24.1225	151
DATA	1745977742	719589948	102677	0	""	2025-04-29	18:49:02	13902.813	446.46609	2101.2261	39.77	55.0003	32.0559	30.6232	0.00273288	11.2335	54.5005	13.75	-0.16362	24.1213	 67
DATA	1745977743	719589948	102681	0	""	2025-04-29	18:49:03	13899.915	446.06073	2101.2441	39.7692	55.0003	32.0566	30.6232	0.00273316	11.2336	54.5005	87.75	-0.16362	24.1213	181
DATA	1745977744	719589948	102685	0	""	2025-04-29	18:49:04	13899.405	446.51572	2101.4773	39.7704	55.0003	32.0574	30.6232	0.00273093	11.2332	54.5005	-23.5	-0.16362	24.1209	171
DATA	1745977745	719589948	102689	0	""	2025-04-29	18:49:05	13898.644	446.46906	2101.0884	39.7708	55.0003	32.0574	30.6232	0.00273064	11.2338	54.5005	46.5	-0.16362	24.1213	148
DATA	1745977746	719237089	102693	0	""	2025-04-29	18:49:06	13896.39	446.39218	2101.2747	39.7696	55.0003	32.0586	30.6232	0.00272502	11.2332	54.5005	-2.75	-0.16362	24.1209	125
DATA	1745977747	719237089	102697	0	""	2025-04-29	18:49:07	13894.562	446.09979	2101.2983	39.77	55.0003	32.0574	30.6232	0.00272763	11.2337	54.5005	-43.75	-0.16362	24.1213	140
DATA	1745977748	719237089	102701	0	""	2025-04-29	18:49:08	13893.758	446.02466	2101.3669	39.7696	55.0003	32.0578	30.6232	0.00273762	11.2338	54.5005	52	-0.16362	24.1217	 40
DATA	1745977749	719237089	102705	0	""	2025-04-29	18:49:09	13892.566	446.05139	2101.3164	39.7696	55.0003	32.0601	30.6232	0.00273025	11.234	54.5005	22.5	-0.16362	24.1186	 57
DATA	1745977750	719237089	102709	0	""	2025-04-29	18:49:10	13890.475	446.60141	2101.4316	39.77	55.0003	32.0562	30.6232	0.00273205	11.2335	54.5005	159.25	-0.16362	24.1205	 85
DATA	1745977751	719237089	102713	0	""	2025-04-29	18:49:11	13888.434	446.14474	2101.3069	39.77	55.0003	32.0578	30.6232	0.00273317	11.2337	54.5005	13	-0.16362	24.1197	167
DATA	1745977752	719237089	102717	0	""	2025-04-29	18:49:12	13888.256	446.25122	2101.415	39.7692	55.0003	32.0566	30.6232	0.00272874	11.2336	54.5005	7	-0.16362	24.1201	161
DATA	1745977753	718880891	102721	0	""	2025-04-29	18:49:13	13887.329	446.5777	2101.3159	39.77	55.0003	32.0582	30.6232	0.00273054	11.2332	54.5005	65.75	-0.16362	24.1205	 17
DATA	1745977754	718880891	102725	0	""	2025-04-29	18:49:14	13886.225	446.28409	2101.448	39.77	55.0003	32.0566	30.6232	0.00273335	11.2338	54.5005	-46	-0.16362	24.1197	178
DATA	1745977755	718880891	102729	0	""	2025-04-29	18:49:15	13885.054	446.54147	2101.4688	39.7696	55.0003	32.0566	30.6232	0.00273082	11.2336	54.5005	25	-0.16362	24.1197	 42
DATA	1745977756	718880891	102733	0	""	2025-04-29	18:49:16	13884.081	446.48389	2101.4116	39.77	55.0003	32.0566	30.6232	0.00273343	11.2335	54.5005	84	-0.16362	24.1201	171
DATA	1745977757	718880891	102737	0	""	2025-04-29	18:49:17	13882.369	446.30136	2101.5127	39.7696	55.0003	32.0574	30.6232	0.00273462	11.2335	54.5005	-39.75	-0.16362	24.1197	236
DATA	1745977758	718880891	102741	0	""	2025-04-29	18:49:18	13882.521	446.39261	2101.4407	39.7692	55.0003	32.057	30.6232	0.00273117	11.2338	54.5005	77.5	-0.16362	24.1201	 63
DATA	1745977759	718880891	102745	0	""	2025-04-29	18:49:19	13880.78	446.69998	2101.5815	39.7696	55.0003	32.0594	30.6232	0.00272739	11.2332	54.5005	183.75	-0.16362	24.1217	219
DATA	1745977760	718880891	102749	0	""	2025-04-29	18:49:20	13879.666	446.22711	2101.4832	39.7696	55.0003	32.0594	30.6232	0.00273339	11.2336	54.5005	-56.25	-0.16362	24.1209	229
DATA	1745977761	718523025	102753	0	""	2025-04-29	18:49:21	13878.491	446.39331	2101.4463	39.7689	55.0003	32.0578	30.6232	0.00273136	11.2337	54.5005	-26.75	-0.16362	24.1209	212
DATA	1745977762	718523025	102757	0	""	2025-04-29	18:49:22	13877.201	446.46487	2101.6028	39.7704	55.0003	32.0566	30.6232	0.0027273	11.2331	54.5005	-59.5	-0.16362	24.1209	 96
DATA	1745977763	718523025	102761	0	""	2025-04-29	18:49:23	13876.418	446.77628	2101.5623	39.7692	55.0003	32.0555	30.6232	0.00273033	11.2336	54.5005	37.75	-0.16362	24.1213	158
DATA	1745977764	718523025	102765	0	""	2025-04-29	18:49:24	13875.687	446.2207	2101.5103	39.7696	55.0003	32.0559	30.6232	0.0027272	11.2337	54.5005	55	-0.16362	24.1209	167
DATA	1745977765	718523025	102769	0	""	2025-04-29	18:49:25	13874.459	446.94455	2101.4817	39.7696	55.0003	32.0555	30.6232	0.00273178	11.2337	54.5005	25.5	-0.16362	24.1217	135
DATA	1745977766	718523025	102773	0	""	2025-04-29	18:49:26	13873.434	446.45212	2101.4548	39.7696	55.0003	32.0574	30.6234	0.00273566	11.2334	54.5005	-28.25	-0.16362	24.1205	208
DATA	1745977767	718523025	102777	0	""	2025-04-29	18:49:27	13872.751	446.47949	2101.4202	39.7696	55.0003	32.0574	30.6232	0.00273196	11.2333	54.5005	-23.5	-0.16362	24.1197	172
DATA	1745977768	718167066	102781	0	""	2025-04-29	18:49:28	13871.822	446.45917	2101.5095	39.77	55.0003	32.057	30.6232	0.00272655	11.2341	54.5005	-11.75	-0.16362	24.1201	 54
DATA	1745977769	718167066	102785	0	""	2025-04-29	18:49:29	13871.151	446.63901	2101.603	39.7696	55.0003	32.0562	30.6232	0.00273373	11.2338	54.5005	-28.75	-0.16362	24.1193	171
DATA	1745977770	718167066	102789	0	""	2025-04-29	18:49:30	13870.934	446.30841	2101.54	39.7696	55.0003	32.0574	30.6232	0.00273749	11.2337	54.5005	-30.25	-0.16362	24.1197	117
DATA	1745977771	718167066	102793	0	""	2025-04-29	18:49:31	13869.907	446.18863	2101.5461	39.7692	55.0003	32.0562	30.6232	0.00273674	11.2337	54.5005	85	-0.16362	24.1193	 37
DATA	1745977772	718167066	102797	0	""	2025-04-29	18:49:32	13868.741	446.55951	2101.5322	39.77	55.0003	32.0559	30.6232	0.00273204	11.2331	54.5005	68.25	-0.16362	24.1205	 60
DATA	1745977773	718167066	102801	0	""	2025-04-29	18:49:33	13868.125	446.24411	2101.5605	39.7704	55.0003	32.0574	30.6232	0.00273072	11.2338	54.5005	30	-0.16362	24.1201	234
DATA	1745977774	718167066	102805	0	""	2025-04-29	18:49:34	13867.514	446.05396	2101.6816	39.7692	55.0003	32.0574	30.6232	0.00273371	11.233	54.5005	127	-0.16362	24.1201	  8
DATA	1745977775	718167066	102809	0	""	2025-04-29	18:49:35	13866.38	446.62378	2101.6794	39.77	55.0003	32.0586	30.6232	0.00272933	11.2338	54.5005	-41.5	-0.16362	24.1205	 25
DATA	1745977776	717816114	102813	0	""	2025-04-29	18:49:36	13864.761	446.56894	2101.614	39.77	55.0003	32.057	30.6232	0.00273313	11.2336	54.5005	-11.25	-0.16362	24.1213	246
DATA	1745977777	717816114	102817	0	""	2025-04-29	18:49:37	13864.142	447.28946	2101.6687	39.7692	55.0003	32.0574	30.6232	0.00272872	11.2332	54.5005	2	-0.16362	24.1209	233
DATA	1745977778	717816114	102821	0	""	2025-04-29	18:49:38	13864.01	446.66037	2101.7295	39.7704	55.0003	32.057	30.6232	0.00273251	11.2338	54.5005	-34.5	-0.16362	24.1217	 44
DATA	1745977779	717816114	102825	0	""	2025-04-29	18:49:39	13862.896	446.86642	2101.6233	39.77	55.0003	32.0586	30.6232	0.0027337	11.2339	54.5005	-29.75	-0.16362	24.1193	 85
DATA	1745977780	717816114	102829	0	""	2025-04-29	18:49:40	13862.479	446.40308	2101.6499	39.7704	55.0003	32.0574	30.6232	0.00273194	11.2336	54.5005	15.5	-0.16362	24.1205	108
DATA	1745977781	717816114	102833	0	""	2025-04-29	18:49:41	13860.547	446.41571	2101.7737	39.77	55.0003	32.0555	30.6232	0.00273012	11.233	54.5005	41.75	-0.16362	24.1213	241
DATA	1745977782	717816114	102837	0	""	2025-04-29	18:49:42	13860.281	446.61633	2101.7798	39.77	55.0003	32.0559	30.6232	0.00272638	11.2334	54.5005	45.5	-0.16362	24.1213	 12
DATA	1745977783	717462062	102841	0	""	2025-04-29	18:49:43	13859.9	446.76022	2101.7913	39.7704	55.0003	32.057	30.6232	0.00272676	11.2337	54.5005	7.25	-0.16362	24.1205	212
DATA	1745977784	717462062	102845	0	""	2025-04-29	18:49:44	13859.888	446.35327	2101.7283	39.7689	55.0003	32.0578	30.6232	0.00272823	11.2337	54.5005	-80.25	-0.16362	24.1197	242
DATA	1745977785	717462062	102849	0	""	2025-04-29	18:49:45	13858.52	446.53033	2101.8625	39.7692	55.0003	32.057	30.6232	0.00272691	11.2339	54.5005	178.75	-0.16362	24.1197	136
DATA	1745977786	717462062	102853	0	""	2025-04-29	18:49:46	13857.275	446.84976	2101.8557	39.77	55.0003	32.0582	30.6232	0.00272529	11.2335	54.5005	-95.25	-0.16362	24.1197	142
DATA	1745977787	717462062	102857	0	""	2025-04-29	18:49:47	13857.061	446.88641	2101.7397	39.7696	55.0003	32.0559	30.6232	0.00272785	11.2333	54.5005	27.75	-0.16362	24.1197	206
DATA	1745977788	717462062	102861	0	""	2025-04-29	18:49:48	13856.195	446.4939	2101.8103	39.7704	55.0003	32.0574	30.6232	0.00272735	11.2336	54.5005	119	-0.16362	24.1197	 27
DATA	1745977789	717462062	102865	0	""	2025-04-29	18:49:49	13855.938	446.91592	2101.7058	39.7696	55.0003	32.0555	30.6232	0.0027281	11.2333	54.5005	11.5	-0.16362	24.1197	 88
DATA	1745977790	717462062	102869	0	""	2025-04-29	18:49:50	13855.276	446.58145	2101.7649	39.7704	55.0003	32.0562	30.6232	0.00272319	11.2333	54.5005	13	-0.16362	24.1201	  3
DATA	1745977791	717103004	102873	0	""	2025-04-29	18:49:51	13855.382	446.97342	2101.9563	39.7704	55.0003	32.0562	30.6232	0.00272684	11.2333	54.5005	-24.75	-0.16362	24.1201	191
DATA	1745977792	717103004	102877	0	""	2025-04-29	18:49:52	13854.684	446.66245	2101.8213	39.77	55.0003	32.0559	30.6232	0.00272489	11.2331	54.5005	-25.25	-0.16362	24.1209	101
DATA	1745977793	717103004	102881	0	""	2025-04-29	18:49:53	13853.54	446.27197	2101.939	39.7704	55.0003	32.0562	30.6232	0.00272991	11.2339	54.5005	65.5	-0.16362	24.1213	  6
DATA	1745977794	717103004	102885	0	""	2025-04-29	18:49:54	13852.934	447.07773	2101.926	39.77	55.0003	32.0582	30.6232	0.00272334	11.2335	54.5005	-43.25	-0.16362	24.1209	 46
DATA	1745977795	717103004	102889	0	""	2025-04-29	18:49:55	13853.404	446.67068	2101.875	39.77	55.0003	32.0582	30.6232	0.00272824	11.2336	54.5005	-8.5	-0.16362	24.1209	214
DATA	1745977796	717103004	102893	0	""	2025-04-29	18:49:56	13851.199	446.78717	2101.8298	39.7696	55.0003	32.0574	30.6232	0.00272569	11.2337	54.5005	-42.25	-0.16362	24.1205	232
DATA	1745977797	717103004	102897	0	""	2025-04-29	18:49:57	13850.469	446.73428	2101.894	39.7696	55.0003	32.0574	30.6232	0.0027224	11.2337	54.5005	171.75	-0.16362	24.1205	126
DATA	1745977798	716742992	102901	0	""	2025-04-29	18:49:58	13851.031	446.74222	2101.9478	39.7696	55.0003	32.059	30.6232	0.00272631	11.2336	54.5005	19	-0.16362	24.1209	232
DATA	1745977799	716742992	102905	0	""	2025-04-29	18:49:59	13848.676	446.79315	2101.9873	39.7696	55.0003	32.0613	30.6232	0.00272487	11.2334	54.5005	13.25	-0.16362	24.1217	203
DATA	1745977800	716742992	102909	0	""	2025-04-29	18:50:00	13849.172	446.88885	2101.9219	39.7692	55.0003	32.059	30.6234	0.00272368	11.2338	54.5005	-54	-0.16362	24.1205	 20
DATA	1745977801	716742992	102913	0	""	2025-04-29	18:50:01	13849.271	446.92334	2101.9446	39.7689	55.0003	32.0566	30.6232	0.00272367	11.2328	54.5005	2.25	-0.16362	24.1197	115
DATA	1745977802	716742992	102917	0	""	2025-04-29	18:50:02	13848.08	446.65878	2102.0168	39.7696	55.0003	32.0574	30.6232	0.00271797	11.2337	54.5005	9.25	-0.16362	24.1205	 76
DATA	1745977803	716742992	102921	0	""	2025-04-29	18:50:03	13848.049	446.93802	2101.9978	39.7692	55.0003	32.0574	30.6232	0.0027195	11.2335	54.5005	108	-0.16362	24.1197	 25
DATA	1745977804	716742992	102925	0	""	2025-04-29	18:50:04	13846.55	446.73111	2102.0317	39.7708	55.0003	32.0562	30.6232	0.00272402	11.2333	54.5005	-54.25	-0.16362	24.1201	114
DATA	1745977805	716742992	102929	0	""	2025-04-29	18:50:05	13846.766	446.80399	2102.0349	39.7692	55.0003	32.0559	30.6232	0.00272564	11.2337	54.5005	16	-0.16362	24.1201	 23
DATA	1745977806	716386079	102933	0	""	2025-04-29	18:50:06	13846.945	447.02979	2102.2239	39.7696	55.0003	32.0559	30.6232	0.00272179	11.2337	54.5005	11.75	-0.16362	24.1201	173
DATA	1745977807	716386079	102937	0	""	2025-04-29	18:50:07	13845.884	446.59503	2101.9314	39.7696	55.0003	32.0566	30.6234	0.00272069	11.2337	54.5005	105	-0.16362	24.1201	 70
DATA	1745977808	716386079	102941	0	""	2025-04-29	18:50:08	13846.086	447.27771	2102.1145	39.77	55.0003	32.057	30.6232	0.00272579	11.2338	54.5005	-32.75	-0.16362	24.1209	 60
DATA	1745977809	716386079	102945	0	""	2025-04-29	18:50:09	13844.872	446.93381	2102.0642	39.77	55.0003	32.0562	30.6232	0.00272489	11.2333	54.5005	1.75	-0.16362	24.1205	 10
DATA	1745977810	716386079	102949	0	""	2025-04-29	18:50:10	13845.625	446.50537	2102.0994	39.7696	55.0003	32.0547	30.6232	0.00273009	11.2335	54.5005	41.25	-0.16362	24.1197	162
DATA	1745977811	716386079	102953	0	""	2025-04-29	18:50:11	13844.235	447.12436	2101.948	39.77	55.0003	32.057	30.6232	0.00272393	11.2334	54.5005	27.5	-0.16362	24.1209	148
DATA	1745977812	716386079	102957	0	""	2025-04-29	18:50:12	13844.42	446.75052	2102.0093	39.77	55.0003	32.0566	30.6232	0.00272445	11.2334	54.5005	-65.5	-0.16362	24.1213	237
DATA	1745977813	716037988	102961	0	""	2025-04-29	18:50:13	13843.874	446.87976	2102.0522	39.7696	55.0003	32.0562	30.6232	0.00272267	11.2339	54.5005	-8.25	-0.16362	24.1217	171
DATA	1745977814	716037988	102965	0	""	2025-04-29	18:50:14	13842.582	447.06976	2102.1182	39.77	55.0003	32.0551	30.6232	0.00272736	11.2338	54.5005	0	-0.16362	24.1217	109
DATA	1745977815	716037988	102969	0	""	2025-04-29	18:50:15	13842.791	447.11383	2102.0613	39.7696	55.0003	32.0562	30.6232	0.00272034	11.2332	54.5005	1.25	-0.16362	24.1217	 94
DATA	1745977816	716037988	102973	0	""	2025-04-29	18:50:16	13841.361	446.78229	2102.0039	39.77	55.0003	32.0582	30.6232	0.00271997	11.2342	54.5005	25	-0.16362	24.1213	163
DATA	1745977817	716037988	102977	0	""	2025-04-29	18:50:17	13841.617	446.67444	2102.1111	39.7692	55.0003	32.0562	30.6232	0.00272972	11.2332	54.5005	96.5	-0.16362	24.1205	111
DATA	1745977818	716037988	102981	0	""	2025-04-29	18:50:18	13841.302	446.90756	2102.2493	39.7692	55.0003	32.0582	30.6232	0.00272523	11.2339	54.5005	-23	-0.16362	24.1205	 52
DATA	1745977819	716037988	102985	0	""	2025-04-29	18:50:19	13842.144	446.78018	2102.1191	39.7689	55.0003	32.0574	30.6232	0.00272491	11.2335	54.5005	28	-0.16362	24.1201	 17
DATA	1745977820	716037988	102989	0	""	2025-04-29	18:50:20	13840.609	446.70581	2102.3162	39.77	55.0003	32.057	30.6232	0.00272227	11.2336	54.5005	-5.25	-0.16362	24.1201	237
DATA	1745977821	715675115	102993	0	""	2025-04-29	18:50:21	13840.231	446.84689	2102.0676	39.77	55.0003	32.0578	30.6232	0.00272229	11.2332	54.5005	66	-0.16362	24.1197	164
DATA	1745977822	715675115	102997	0	""	2025-04-29	18:50:22	13839.81	446.41785	2102.1438	39.7692	55.0003	32.0559	30.6232	0.00272707	11.2335	54.5005	-26.5	-0.16362	24.1201	 99
DATA	1745977823	715675115	103001	0	""	2025-04-29	18:50:23	13839.048	446.85715	2102.175	39.7704	55.0003	32.0547	30.6232	0.00272043	11.2331	54.5005	92.5	-0.16362	24.1205	 21
DATA	1745977824	715675115	103005	0	""	2025-04-29	18:50:24	13839.383	446.95831	2102.229	39.77	55.0003	32.0566	30.6232	0.00272573	11.233	54.5005	-42	-0.16362	24.1197	 96
DATA	1745977825	715675115	103009	0	""	2025-04-29	18:50:25	13839.392	447.14505	2102.208	39.7692	55.0003	32.0539	30.6232	0.00271911	11.2338	54.5005	291.25	-0.16362	24.1201	134
DATA	1745977826	715675115	103013	0	""	2025-04-29	18:50:26	13839.343	447.01038	2102.2092	39.7692	55.0003	32.0574	30.6232	0.0027244	11.2332	54.5005	14.5	-0.16362	24.1209	 21
DATA	1745977827	715675115	103017	0	""	2025-04-29	18:50:27	13838.828	446.41116	2102.2151	39.77	55.0003	32.0578	30.6232	0.00272854	11.2339	54.5005	39.5	-0.16362	24.1209	255
DATA	1745977828	715316057	103021	0	""	2025-04-29	18:50:28	13838.484	446.79932	2102.2012	39.7692	55.0003	32.0582	30.6232	0.00272134	11.2338	54.5005	36.5	-0.16362	24.1205	 88
DATA	1745977829	715316057	103025	0	""	2025-04-29	18:50:29	13838.327	447.17029	2102.0847	39.77	55.0003	32.0586	30.6232	0.00272179	11.2333	54.5005	-86.25	-0.16362	24.1213	 95
DATA	1745977830	715316057	103029	0	""	2025-04-29	18:50:30	13839.013	447.00027	2102.2573	39.7685	55.0003	32.0562	30.6232	0.00272371	11.2332	54.5005	-5.75	-0.16362	24.1213	107
DATA	1745977831	715316057	103033	0	""	2025-04-29	18:50:31	13838.636	446.89023	2102.2686	39.77	55.0003	32.0555	30.6232	0.00272464	11.2336	54.5005	45.75	-0.16362	24.1213	 39
DATA	1745977832	715316057	103037	0	""	2025-04-29	18:50:32	13838.025	446.49023	2102.2261	39.77	55.0003	32.0559	30.6232	0.00273158	11.2336	54.5005	29.5	-0.16362	24.1213	230
DATA	1745977833	715316057	103041	0	""	2025-04-29	18:50:33	13837.854	446.7713	2102.2529	39.77	55.0003	32.0597	30.6234	0.00272149	11.2335	54.5005	108	-0.16362	24.1213	144
DATA	1745977834	715316057	103045	0	""	2025-04-29	18:50:34	13838.108	447.10675	2102.2214	39.7692	55.0003	32.0586	30.6232	0.00272634	11.2339	54.5005	-56.75	-0.16362	24.1209	191
DATA	1745977835	715316057	103049	0	""	2025-04-29	18:50:35	13837.729	446.83337	2102.4702	39.7696	55.0003	32.0574	30.6232	0.00272141	11.2331	54.5005	42.25	-0.16362	24.1197	150
DATA	1745977836	714962005	103053	0	""	2025-04-29	18:50:36	13837.264	446.65259	2102.2578	39.7704	55.0003	32.057	30.6232	0.00272447	11.2332	54.5005	-7	-0.16362	24.1201	191
DATA	1745977837	714962005	103057	0	""	2025-04-29	18:50:37	13836.976	447.07462	2102.4487	39.7696	55.0003	32.0578	30.6232	0.00271708	11.2333	54.5005	9.5	-0.16362	24.1201	 66
DATA	1745977838	714962005	103061	0	""	2025-04-29	18:50:38	13836.85	447.14969	2102.3186	39.7692	55.0003	32.0566	30.6232	0.00272066	11.2337	54.5005	90	-0.16362	24.1205	215
DATA	1745977839	714962005	103065	0	""	2025-04-29	18:50:39	13836.773	446.93427	2102.3069	39.7696	55.0003	32.0582	30.6232	0.00272103	11.2333	54.5005	148.75	-0.16362	24.1197	218
DATA	1745977840	714962005	103069	0	""	2025-04-29	18:50:40	13835.913	447.00797	2102.2847	39.7692	55.0003	32.059	30.6232	0.00272296	11.2333	54.5005	-94.75	-0.16362	24.1197	160
DATA	1745977841	714962005	103073	0	""	2025-04-29	18:50:41	13836.827	447.29541	2102.355	39.77	55.0003	32.0559	30.6232	0.00272359	11.2329	54.5005	52.75	-0.16362	24.1201	247
DATA	1745977842	714962005	103077	0	""	2025-04-29	18:50:42	13835.99	446.93219	2102.5227	39.7689	55.0003	32.0562	30.6232	0.00272615	11.2332	54.5005	59.25	-0.16362	24.1201	 99
DATA	1745977843	714611053	103081	0	""	2025-04-29	18:50:43	13835.377	447.10486	2102.4331	39.77	55.0003	32.0582	30.6232	0.0027235	11.2332	54.5005	3	-0.16362	24.1213	 17
DATA	1745977844	714611053	103085	0	""	2025-04-29	18:50:44	13834.692	447.06741	2102.3174	39.7692	55.0003	32.0582	30.6232	0.00272712	11.2332	54.5005	97.5	-0.16362	24.1209	 90
DATA	1745977845	714611053	103089	0	""	2025-04-29	18:50:45	13834.944	447.1788	2102.3345	39.77	55.0003	32.0594	30.6232	0.00271947	11.2334	54.5005	-6.5	-0.16362	24.1213	200
DATA	1745977846	714611053	103093	0	""	2025-04-29	18:50:46	13834.894	447.42654	2102.4187	39.7704	55.0003	32.0586	30.6232	0.00271818	11.2336	54.5005	-79.75	-0.16362	24.1213	208
DATA	1745977847	714611053	103097	0	""	2025-04-29	18:50:47	13834.064	447.20383	2102.437	39.77	55.0003	32.0586	30.6232	0.00271731	11.2328	54.5005	-24.5	-0.16362	24.1213	230
DATA	1745977848	714611053	103101	0	""	2025-04-29	18:50:48	13833.957	447.40695	2102.3132	39.7696	55.0003	32.0574	30.6232	0.00272424	11.2338	54.5005	-49.5	-0.16362	24.1209	143
DATA	1745977849	714611053	103105	0	""	2025-04-29	18:50:49	13834.178	447.17355	2102.4714	39.77	55.0003	32.0566	30.6232	0.00271384	11.2331	54.5005	164	-0.16362	24.1213	190
DATA	1745977850	714611053	103109	0	""	2025-04-29	18:50:50	13833.804	446.99957	2102.5076	39.7712	55.0003	32.057	30.6232	0.00272188	11.2333	54.5005	41.25	-0.16362	24.1209	 87
DATA	1745977851	714257955	103113	0	""	2025-04-29	18:50:51	13825.683	448.67038	2102.7529	39.7704	55.0003	32.0605	30.6232	0.00268153	11.2339	54.5005	136.25	-0.16362	24.1201	195
DATA	1745977852	714257955	103117	0	""	2025-04-29	18:50:52	13743.966	457.60178	2122.9651	39.7677	55.0003	32.0601	30.6232	0.00274379	11.2301	54.5005	-258.75	-0.16362	24.1197	 16
DATA	1745977853	714257955	103121	0	""	2025-04-29	18:50:53	13871.104	513.86011	2215.126	39.7689	55.0003	32.0543	30.6232	0.00285464	11.1947	54.5005	-224.75	-0.16362	24.1197	198
DATA	1745977854	714257955	103125	0	""	2025-04-29	18:50:54	14156.397	522.88757	2219.498	39.7704	55.0003	32.0504	30.6232	0.00288443	11.1727	54.5005	0.5	-0.16362	24.1197	 27
DATA	1745977855	714257955	103129	0	""	2025-04-29	18:50:55	14293.639	490.53088	2167.3843	39.7708	55.0003	32.05	30.6232	0.00284221	11.1904	54.5005	15	-0.16362	24.1193	172
DATA	1745977856	714257955	103133	0	""	2025-04-29	18:50:56	14320.86	466.90692	2134.115	39.7704	55.0003	32.0504	30.6232	0.00282817	11.2123	54.5005	126.75	-0.16362	24.1205	 90
DATA	1745977857	714257955	103137	0	""	2025-04-29	18:50:57	14300.124	455.98904	2119.1772	39.7704	55.0003	32.0512	30.6232	0.00281712	11.2229	54.5005	70.5	-0.16362	24.1197	102
DATA	1745977858	713890075	103141	0	""	2025-04-29	18:50:58	14261.045	457.37247	2122.9768	39.7708	55.0003	32.0527	30.6232	0.00281319	11.2257	54.5005	91.25	-0.16362	24.1205	161
DATA	1745977859	713890075	103145	0	""	2025-04-29	18:50:59	14217.645	472.23184	2146.5974	39.7716	55.0003	32.0543	30.6232	0.00281782	11.2202	54.5005	-56.25	-0.16362	24.1217	207
DATA	1745977860	713890075	103149	0	""	2025-04-29	18:51:00	14181.519	487.40961	2167.1411	39.7712	55.0003	32.0535	30.6232	0.00281777	11.2086	54.5005	105.5	-0.16362	24.1213	138
DATA	1745977861	713890075	103153	0	""	2025-04-29	18:51:01	14157.913	490.09946	2169.241	39.7716	55.0003	32.0543	30.6232	0.00281301	11.2025	54.5005	-32.25	-0.16362	24.1209	122
DATA	1745977862	713890075	103157	0	""	2025-04-29	18:51:02	14146.708	484.09708	2159.0771	39.7716	55.0003	32.0539	30.6232	0.00278908	11.2034	54.5005	28.5	-0.16362	24.1209	116
DATA	1745977863	713890075	103161	0	""	2025-04-29	18:51:03	14145.017	475.75546	2146.4941	39.7727	55.0003	32.0555	30.6232	0.00278487	11.2096	54.5005	5.75	-0.16362	24.1217	118
DATA	1745977864	713890075	103165	0	""	2025-04-29	18:51:04	14147.234	469.83212	2139.4043	39.772	55.0003	32.0551	30.6232	0.00277652	11.2146	54.5005	30	-0.16362	24.1213	188
DATA	1745977865	713890075	103169	0	""	2025-04-29	18:51:05	14152.108	469.97958	2141.0679	39.7724	55.0003	32.0566	30.6232	0.00278176	11.2172	54.5005	15	-0.16362	24.1205	 23
DATA	1745977866	713547945	103173	0	""	2025-04-29	18:51:06	14155.102	474.82315	2148.4287	39.7731	55.0003	32.0582	30.6236	0.0027847	11.2164	54.5005	-36	-0.16362	24.1205	  3
DATA	1745977867	713547945	103177	0	""	2025-04-29	18:51:07	14155.58	479.98859	2154.6812	39.7731	55.0003	32.0559	30.6234	0.00278865	11.2126	54.5005	32.25	-0.16362	24.1213	144
DATA	1745977868	713547945	103181	0	""	2025-04-29	18:51:08	14154.917	481.63351	2156.1321	39.7727	55.0003	32.0562	30.6232	0.0027927	11.2096	54.5005	-15.25	-0.16362	24.1205	149
DATA	1745977869	713547945	103185	0	""	2025-04-29	18:51:09	14152.502	480.37506	2153.3411	39.7724	55.0003	32.0562	30.6232	0.0027828	11.2099	54.5005	53.75	-0.16362	24.1205	106
DATA	1745977870	713547945	103189	0	""	2025-04-29	18:51:10	14149.296	476.99466	2149.2629	39.7724	55.0003	32.0562	30.6232	0.00278031	11.2109	54.5005	-38.75	-0.16362	24.1193	231
DATA	1745977871	713547945	103193	0	""	2025-04-29	18:51:11	14146.056	474.74969	2146.7361	39.7731	55.0003	32.0574	30.6232	0.00277419	11.2133	54.5005	199.5	-0.16362	24.1197	180
DATA	1745977872	713547945	103197	0	""	2025-04-29	18:51:12	14143.208	473.87473	2146.7368	39.7716	55.0003	32.0613	30.6232	0.00278198	11.2143	54.5005	-111	-0.16362	24.1201	101
DATA	1745977873	713190078	103201	0	""	2025-04-29	18:51:13	14141.309	476.39886	2149.0122	39.7727	55.0003	32.0582	30.6232	0.00277971	11.2146	54.5005	-31.5	-0.16362	24.1201	132
DATA	1745977874	713190078	103205	0	""	2025-04-29	18:51:14	14140.11	477.81265	2150.908	39.7724	55.0003	32.0597	30.6232	0.00278527	11.213	54.5005	-48.75	-0.16362	24.1197	 47
DATA	1745977875	713190078	103209	0	""	2025-04-29	18:51:15	14138.235	478.85013	2151.7024	39.772	55.0003	32.057	30.6234	0.00277877	11.212	54.5005	-111.25	-0.16362	24.1201	 76
DATA	1745977876	713190078	103213	0	""	2025-04-29	18:51:16	14136.302	478.09406	2150.8992	39.7724	55.0003	32.0562	30.6232	0.00278611	11.2121	54.5005	77.25	-0.16362	24.1221	137
DATA	1745977877	713190078	103217	0	""	2025-04-29	18:51:17	14134.421	477.04504	2149.5957	39.772	55.0003	32.0582	30.6232	0.00277219	11.2126	54.5005	141.75	-0.16362	24.1205	147
DATA	1745977878	713190078	103221	0	""	2025-04-29	18:51:18	14133.861	476.32321	2148.7773	39.7731	55.0003	32.0578	30.6232	0.00277781	11.2133	54.5005	-23.5	-0.16362	24.1213	142
DATA	1745977879	713190078	103225	0	""	2025-04-29	18:51:19	14132.707	475.92145	2148.5176	39.7724	55.0003	32.0578	30.6232	0.00277858	11.2134	54.5005	-65.5	-0.16362	24.1209	169
DATA	1745977880	713190078	103229	0	""	2025-04-29	18:51:20	14130.519	476.05634	2149.0452	39.7716	55.0003	32.0566	30.6232	0.00278124	11.2142	54.5005	53.5	-0.16362	24.1209	 83
DATA	1745977881	712831020	103233	0	""	2025-04-29	18:51:21	14129.588	477.36752	2149.9009	39.7731	55.0003	32.0574	30.6232	0.00278226	11.2136	54.5005	14.25	-0.16362	24.1217	143
DATA	1745977882	712831020	103237	0	""	2025-04-29	18:51:22	14128.02	477.47681	2150.0933	39.7724	55.0003	32.0578	30.6234	0.00278073	11.213	54.5005	52.25	-0.16362	24.1209	 30
DATA	1745977883	712831020	103241	0	""	2025-04-29	18:51:23	14125.61	477.96936	2149.7966	39.772	55.0003	32.0574	30.6234	0.00277432	11.2129	54.5005	49.25	-0.16362	24.1209	 61
DATA	1745977884	712831020	103245	0	""	2025-04-29	18:51:24	14125.393	477.25705	2149.5061	39.7727	55.0003	32.0574	30.6234	0.00277585	11.213	54.5005	-6.5	-0.16362	24.1217	 40
DATA	1745977885	712831020	103249	0	""	2025-04-29	18:51:25	14122.502	476.4028	2149.0874	39.772	55.0003	32.0578	30.6232	0.00277615	11.2134	54.5005	30	-0.16362	24.1201	131
DATA	1745977886	712831020	103253	0	""	2025-04-29	18:51:26	14122.447	476.49023	2149.0908	39.7731	55.0003	32.0586	30.6232	0.00277485	11.2135	54.5005	-40.75	-0.16362	24.1205	189
DATA	1745977887	712831020	103257	0	""	2025-04-29	18:51:27	14120.195	476.85052	2149.1809	39.7724	55.0003	32.059	30.6232	0.00277639	11.2136	54.5005	-79	-0.16362	24.1205	  5
DATA	1745977888	712466955	103261	0	""	2025-04-29	18:51:28	14119.842	476.80664	2149.343	39.7724	55.0003	32.0582	30.6232	0.00278037	11.2134	54.5005	9.5	-0.16362	24.1197	 27
DATA	1745977889	712466955	103265	0	""	2025-04-29	18:51:29	14117.679	476.82071	2149.4275	39.7731	55.0003	32.0578	30.6232	0.00277464	11.2136	54.5005	51.5	-0.16362	24.1197	142
DATA	1745977890	712466955	103269	0	""	2025-04-29	18:51:30	14117.76	476.78265	2149.3562	39.7724	55.0003	32.0601	30.6232	0.0027801	11.2137	54.5005	94.25	-0.16362	24.1205	 58
DATA	1745977891	712466955	103273	0	""	2025-04-29	18:51:31	14115.385	476.89999	2149.1868	39.7731	55.0003	32.0594	30.6232	0.00277293	11.2134	54.5005	-13.5	-0.16362	24.1193	185
DATA	1745977892	712466955	103277	0	""	2025-04-29	18:51:32	14114.508	476.81143	2149.114	39.7731	55.0003	32.0582	30.6232	0.00277287	11.2138	54.5005	-115	-0.16362	24.1205	 45
DATA	1745977893	712466955	103281	0	""	2025-04-29	18:51:33	14113.058	476.7565	2148.9934	39.7735	55.0003	32.0586	30.6234	0.00277592	11.2141	54.5005	85.25	-0.16362	24.1217	133
DATA	1745977894	712466955	103285	0	""	2025-04-29	18:51:34	14111.756	476.91052	2149.0417	39.7727	55.0003	32.0578	30.6232	0.00277548	11.214	54.5005	-51.75	-0.16362	24.1205	164
DATA	1745977895	712466955	103289	0	""	2025-04-29	18:51:35	14110.806	476.98923	2149.043	39.7724	55.0003	32.059	30.6232	0.00277329	11.2148	54.5005	-16.25	-0.16362	24.1205	118
DATA	1745977896	712116956	103293	0	""	2025-04-29	18:51:36	14108.954	476.55505	2148.9316	39.7731	55.0003	32.0586	30.6232	0.00277422	11.2138	54.5005	147.5	-0.16362	24.1209	173
DATA	1745977897	712116956	103297	0	""	2025-04-29	18:51:37	14107.523	476.57672	2148.9949	39.7731	55.0003	32.059	30.6232	0.00277554	11.2142	54.5005	-10.5	-0.16362	24.1213	118
DATA	1745977898	712116956	103301	0	""	2025-04-29	18:51:38	14107.287	476.72144	2148.9319	39.7724	55.0003	32.0597	30.6232	0.00277375	11.2142	54.5005	28.5	-0.16362	24.1205	118
DATA	1745977899	712116956	103305	0	""	2025-04-29	18:51:39	14105.328	476.52362	2148.8184	39.7724	55.0003	32.0574	30.6232	0.00277318	11.2141	54.5005	-23	-0.16362	24.1213	 48
DATA	1745977900	712116956	103309	0	""	2025-04-29	18:51:40	14104.91	476.46234	2149.0059	39.7727	55.0003	32.0594	30.6232	0.00277579	11.214	54.5005	68.5	-0.16362	24.1201	251
DATA	1745977901	712116956	103313	0	""	2025-04-29	18:51:41	14103.741	476.71429	2149.0283	39.7724	55.0003	32.0574	30.6232	0.00277861	11.2141	54.5005	66.25	-0.16362	24.1205	134
DATA	1745977902	712116956	103317	0	""	2025-04-29	18:51:42	14102.813	476.72189	2148.8201	39.772	55.0003	32.0582	30.6232	0.00276939	11.2141	54.5005	-17	-0.16362	24.1209	244
DATA	1745977903	711766958	103321	0	""	2025-04-29	18:51:43	14101.723	476.41788	2148.7402	39.7724	55.0003	32.0574	30.6232	0.00277816	11.2149	54.5005	24.5	-0.16362	24.1205	103
DATA	1745977904	711766958	103325	0	""	2025-04-29	18:51:44	14100.951	476.89542	2148.8164	39.7731	55.0003	32.0574	30.6232	0.00277363	11.2147	54.5005	106.5	-0.16362	24.1197	169
DATA	1745977905	711766958	103329	0	""	2025-04-29	18:51:45	14099.062	476.27631	2148.73	39.7731	55.0003	32.059	30.6232	0.00277228	11.2144	54.5005	-51	-0.16362	24.1197	171
DATA	1745977906	711766958	103333	0	""	2025-04-29	18:51:46	14098.054	476.78958	2148.8872	39.7727	55.0003	32.0597	30.6232	0.00276965	11.2147	54.5005	128	-0.16362	24.1197	119
DATA	1745977907	711766958	103337	0	""	2025-04-29	18:51:47	14097.533	476.44998	2148.6248	39.7724	55.0003	32.0613	30.6232	0.00277287	11.2143	54.5005	-90	-0.16362	24.1193	 89
DATA	1745977908	711766958	103341	0	""	2025-04-29	18:51:48	14096.13	476.74146	2148.6274	39.7727	55.0003	32.0594	30.6232	0.00276969	11.2148	54.5005	-5.25	-0.16362	24.1201	126
DATA	1745977909	711766958	103345	0	""	2025-04-29	18:51:49	14095.727	476.6813	2148.4502	39.7724	55.0003	32.0594	30.6232	0.00276854	11.2147	54.5005	-36	-0.16362	24.1197	 37
DATA	1745977910	711766958	103349	0	""	2025-04-29	18:51:50	14094.648	476.76578	2148.6487	39.7731	55.0003	32.0582	30.6232	0.00277329	11.2147	54.5005	11.25	-0.16362	24.1217	186
DATA	1745977911	711405038	103353	0	""	2025-04-29	18:51:51	14093.171	476.58569	2148.4917	39.7724	55.0001	32.0578	30.6232	0.00277583	11.2152	54.5005	29.75	-0.16362	24.1213	161
DATA	1745977912	711405038	103357	0	""	2025-04-29	18:51:52	14093.03	476.46167	2148.6997	39.7724	55.0003	32.057	30.6232	0.00276992	11.2145	54.5005	65.75	-0.16362	24.1209	 70
DATA	1745977913	711405038	103361	0	""	2025-04-29	18:51:53	14090.742	476.20245	2148.4648	39.7727	55.0003	32.0578	30.6232	0.00277451	11.2148	54.5005	18	-0.16362	24.1209	255
DATA	1745977914	711405038	103365	0	""	2025-04-29	18:51:54	14091.912	476.53351	2148.3396	39.7727	55.0003	32.0601	30.6232	0.00277604	11.2144	54.5005	20	-0.16362	24.1213	235
DATA	1745977915	711405038	103369	0	""	2025-04-29	18:51:55	14090.146	475.96747	2148.2786	39.7731	55.0003	32.0586	30.6232	0.00277694	11.2149	54.5005	-36.25	-0.16362	24.1213	222
DATA	1745977916	711405038	103373	0	""	2025-04-29	18:51:56	14088.645	476.43259	2148.3489	39.7724	55.0003	32.0582	30.6232	0.00277289	11.215	54.5005	-75	-0.16362	24.1209	 23
DATA	1745977917	711405038	103377	0	""	2025-04-29	18:51:57	14088.547	475.89642	2148.2083	39.772	55.0003	32.0559	30.6232	0.00277748	11.2147	54.5005	26.5	-0.16362	24.1213	 75
DATA	1745977918	711045980	103381	0	""	2025-04-29	18:51:58	14086.98	476.50183	2148.3372	39.7724	55.0003	32.0559	30.6232	0.00277399	11.2144	54.5005	-12.5	-0.16362	24.1205	112
DATA	1745977919	711045980	103385	0	""	2025-04-29	18:51:59	14086.633	476.20831	2148.3274	39.772	55.0003	32.0562	30.6232	0.00276734	11.215	54.5005	62	-0.16362	24.1205	159
DATA	1745977920	711045980	103389	0	""	2025-04-29	18:52:00	14084.985	476.26865	2148.219	39.7724	55.0003	32.0566	30.6232	0.00277475	11.2147	54.5005	-31.75	-0.16362	24.1205	163
DATA	1745977921	711045980	103393	0	""	2025-04-29	18:52:01	14084.059	476.1369	2148.2385	39.7727	55.0003	32.0551	30.6232	0.00278217	11.2154	54.5005	-1.75	-0.16362	24.1201	 85
DATA	1745977922	711045980	103397	0	""	2025-04-29	18:52:02	14084.063	475.90948	2148.094	39.7724	55.0003	32.0574	30.6232	0.0027749	11.2151	54.5005	36.25	-0.16362	24.1197	 64
DATA	1745977923	711045980	103401	0	""	2025-04-29	18:52:03	14083.205	475.72946	2148.2205	39.772	55.0003	32.0578	30.6232	0.00277534	11.215	54.5005	-56.25	-0.16362	24.1201	 74
DATA	1745977924	711045980	103405	0	""	2025-04-29	18:52:04	14082.104	475.95969	2148.1326	39.7724	55.0003	32.0582	30.6232	0.0027722	11.2148	54.5005	-24.25	-0.16362	24.1201	131
DATA	1745977925	711045980	103409	0	""	2025-04-29	18:52:05	14082.382	476.33603	2148.0942	39.7731	55.0003	32.057	30.6232	0.00277289	11.2154	54.5005	95.75	-0.16362	24.1197	115
DATA	1745977926	710694074	103413	0	""	2025-04-29	18:52:06	14081.834	476.15302	2148.1326	39.7727	55.0001	32.0609	30.6232	0.00277301	11.2148	54.5005	-70.25	-0.16362	24.1213	173
DATA	1745977927	710694074	103417	0	""	2025-04-29	18:52:07	14080.708	475.69696	2148.1804	39.7716	55.0003	32.0594	30.6232	0.00276973	11.2152	54.5005	-66	-0.16362	24.1217	 75
DATA	1745977928	710694074	103421	0	""	2025-04-29	18:52:08	14080.351	476.25781	2148.1313	39.7724	55.0003	32.0574	30.6232	0.00276995	11.2153	54.5005	54.75	-0.16362	24.1205	154
DATA	1745977929	710694074	103425	0	""	2025-04-29	18:52:09	14079.263	476.18964	2148.0769	39.7727	55.0003	32.0601	30.6232	0.0027766	11.2158	54.5005	-33	-0.16362	24.1209	 22
DATA	1745977930	710694074	103429	0	""	2025-04-29	18:52:10	14078.47	476.24005	2147.8962	39.7727	55.0003	32.0566	30.6232	0.0027678	11.2155	54.5005	164.25	-0.16362	24.1209	112
DATA	1745977931	710694074	103433	0	""	2025-04-29	18:52:11	14078.355	476.08374	2147.7556	39.7731	54.9999	32.0578	30.6232	0.00277551	11.2153	54.5005	-25.25	-0.16362	24.1201	226
DATA	1745977932	710694074	103437	0	""	2025-04-29	18:52:12	14076.526	476.08823	2147.8789	39.7735	55.0003	32.0574	30.6232	0.00277222	11.2155	54.5005	22.75	-0.16362	24.1209	168
DATA	1745977933	710339069	103441	0	""	2025-04-29	18:52:13	14076.268	476.02145	2147.7576	39.7727	55.0001	32.057	30.6232	0.00277819	11.216	54.5005	-4.25	-0.16362	24.1213	 46
DATA	1745977934	710339069	103445	0	""	2025-04-29	18:52:14	14075.629	475.70419	2147.9307	39.7724	55.0001	32.0582	30.6232	0.00276841	11.2153	54.5005	8.5	-0.16362	24.1213	 55
DATA	1745977935	710339069	103449	0	""	2025-04-29	18:52:15	14075.161	475.97647	2147.8738	39.7724	55.0001	32.0582	30.6232	0.00276761	11.2159	54.5005	5.5	-0.16362	24.1201	 72
DATA	1745977936	710339069	103453	0	""	2025-04-29	18:52:16	14074.575	476.11902	2147.8125	39.7724	55.0001	32.057	30.6232	0.00277074	11.2159	54.5005	-48.5	-0.16362	24.1205	 99
DATA	1745977937	710339069	103457	0	""	2025-04-29	18:52:17	14074.279	476.12268	2147.7749	39.7724	55.0003	32.0574	30.6232	0.00277047	11.2157	54.5005	-3.5	-0.16362	24.1205	118
DATA	1745977938	710339069	103461	0	""	2025-04-29	18:52:18	14073.761	475.60712	2147.769	39.7724	55.0003	32.0578	30.6232	0.00277393	11.2153	54.5005	-19.5	-0.16362	24.1205	112
DATA	1745977939	710339069	103465	0	""	2025-04-29	18:52:19	14073.067	475.87799	2147.7976	39.7731	54.9999	32.059	30.6232	0.00276706	11.2158	54.5005	36.25	-0.16362	24.1197	188
DATA	1745977940	710339069	103469	0	""	2025-04-29	18:52:20	14072.177	475.63391	2147.616	39.7735	55.0003	32.0597	30.6232	0.0027719	11.2157	54.5005	65.25	-0.16362	24.1201	 59
DATA	1745977941	709980964	103473	0	""	2025-04-29	18:52:21	14071.956	475.54715	2147.5208	39.7727	55.0003	32.0601	30.6232	0.00277263	11.2159	54.5005	-59.5	-0.16362	24.1201	160
DATA	1745977942	709980964	103477	0	""	2025-04-29	18:52:22	14070.866	475.88989	2147.5049	39.7724	55.0003	32.0578	30.6232	0.00276755	11.2153	54.5005	-25.5	-0.16362	24.1205	194
DATA	1745977943	709980964	103481	0	""	2025-04-29	18:52:23	14070.167	475.69189	2147.512	39.7727	55.0003	32.0582	30.6232	0.00276511	11.2152	54.5005	37.5	-0.16362	24.1201	 59
DATA	1745977944	709980964	103485	0	""	2025-04-29	18:52:24	14070.74	475.38834	2147.4314	39.7724	55.0003	32.057	30.6232	0.00276919	11.2161	54.5005	27.75	-0.16362	24.1213	 74
DATA	1745977945	709980964	103489	0	""	2025-04-29	18:52:25	14070.3	475.8736	2147.5425	39.7724	55.0003	32.0574	30.6232	0.0027723	11.2159	54.5005	152.25	-0.16362	24.1217	 22
DATA	1745977946	709980964	103493	0	""	2025-04-29	18:52:26	14069.666	475.74066	2147.5166	39.772	55.0003	32.0594	30.6232	0.00276584	11.2154	54.5005	8	-0.16362	24.1209	203
DATA	1745977947	709980964	103497	0	""	2025-04-29	18:52:27	14069.53	475.78281	2147.4919	39.7727	55.0003	32.0594	30.6232	0.00276597	11.2153	54.5005	-63.5	-0.16362	24.1213	149
DATA	1745977948	709620952	103501	0	""	2025-04-29	18:52:28	14069.288	475.39267	2147.3679	39.7727	55.0001	32.0582	30.6232	0.00276749	11.2162	54.5005	-45.5	-0.16362	24.1209	185
DATA	1745977949	709620952	103505	0	""	2025-04-29	18:52:29	14068.564	475.34155	2147.2854	39.7727	55.0003	32.0574	30.6232	0.00277531	11.2165	54.5005	-16.75	-0.16362	24.1213	216
DATA	1745977950	709620952	103509	0	""	2025-04-29	18:52:30	14068.04	475.9982	2147.4307	39.7731	55.0003	32.0578	30.6232	0.00276868	11.2162	54.5005	109.75	-0.16362	24.1205	117
DATA	1745977951	709620952	103513	0	""	2025-04-29	18:52:31	14068.419	475.42902	2147.2925	39.7727	55.0003	32.0597	30.6232	0.00277009	11.2158	54.5005	56.75	-0.16362	24.1213	164
DATA	1745977952	709620952	103517	0	""	2025-04-29	18:52:32	14066.76	474.83438	2147.4207	39.7724	55.0003	32.059	30.6232	0.00277187	11.216	54.5005	-6.75	-0.16362	24.1201	  5
DATA	1745977953	709620952	103521	0	""	2025-04-29	18:52:33	14067.027	475.61987	2147.3367	39.7731	55.0003	32.0582	30.6232	0.00276919	11.2162	54.5007	17.25	-0.16362	24.1205	164
DATA	1745977954	709620952	103525	0	""	2025-04-29	18:52:34	14067.494	475.65082	2147.3027	39.7731	55.0003	32.059	30.6232	0.00277278	11.216	54.5005	-17.75	-0.16362	24.1201	105
DATA	1745977955	709620952	103529	0	""	2025-04-29	18:52:35	14066.574	475.42117	2147.3435	39.772	55.0003	32.0582	30.6232	0.00276913	11.2159	54.5005	-59	-0.16362	24.1201	  8
DATA	1745977956	709270000	103533	0	""	2025-04-29	18:52:36	14066.014	475.51855	2147.1287	39.7724	55.0003	32.0586	30.6232	0.00276887	11.2164	54.5005	81.5	-0.16362	24.1201	102
DATA	1745977957	709270000	103537	0	""	2025-04-29	18:52:37	14065.268	475.4118	2147.083	39.772	55.0003	32.0586	30.6232	0.00276779	11.2164	54.5007	-66	-0.16362	24.1197	174
DATA	1745977958	709270000	103541	0	""	2025-04-29	18:52:38	14063.876	475.6973	2147.1545	39.7727	55.0001	32.057	30.6232	0.00276042	11.2164	54.5005	53.5	-0.16362	24.1205	  0
DATA	1745977959	709270000	103545	0	""	2025-04-29	18:52:39	14064.972	475.388	2147.0864	39.7724	55.0003	32.059	30.6232	0.0027675	11.2163	54.5007	-38.25	-0.16362	24.1205	 11
DATA	1745977960	709270000	103549	0	""	2025-04-29	18:52:40	14063.772	475.38272	2147.1497	39.772	55.0003	32.0574	30.6232	0.00276909	11.2156	54.5007	-22.75	-0.16362	24.1217	153
DATA	1745977961	709270000	103553	0	""	2025-04-29	18:52:41	14063.162	475.46008	2147.0083	39.7712	55.0003	32.059	30.6232	0.00276773	11.2164	54.5005	-14.5	-0.16362	24.1205	 67
DATA	1745977962	709270000	103557	0	""	2025-04-29	18:52:42	14062.876	475.16043	2146.9292	39.7727	55.0003	32.0582	30.6232	0.00277038	11.2158	54.5005	-21	-0.16362	24.1213	 41
DATA	1745977963	708916902	103561	0	""	2025-04-29	18:52:43	14062.772	474.9744	2146.8816	39.7731	55.0003	32.059	30.6232	0.00276912	11.2156	54.5005	59.5	-0.16362	24.1209	 26
DATA	1745977964	708916902	103565	0	""	2025-04-29	18:52:44	14062.656	475.18082	2146.979	39.7731	55.0003	32.0582	30.6232	0.00276553	11.2158	54.5005	-36.25	-0.16362	24.1209	173
DATA	1745977965	708916902	103569	0	""	2025-04-29	18:52:45	14062.329	475.49438	2146.9634	39.7724	55.0003	32.0582	30.6232	0.00276701	11.2163	54.5005	35.5	-0.16362	24.1213	122
DATA	1745977966	708916902	103573	0	""	2025-04-29	18:52:46	14061.414	475.02859	2146.8115	39.7727	55.0003	32.0578	30.6232	0.00276113	11.2168	54.5005	44.75	-0.16362	24.1209	172
DATA	1745977967	708916902	103577	0	""	2025-04-29	18:52:47	14060.635	475.27032	2146.8914	39.7724	55.0003	32.0574	30.6232	0.00276565	11.2164	54.5005	-69.5	-0.16362	24.1217	175
DATA	1745977968	708916902	103581	0	""	2025-04-29	18:52:48	14060.886	475.2012	2146.8447	39.7727	55.0001	32.0574	30.6234	0.00277001	11.2164	54.5005	-29.5	-0.16362	24.1209	110
DATA	1745977969	708916902	103585	0	""	2025-04-29	18:52:49	14061.098	475.14264	2146.843	39.7724	55.0003	32.0582	30.6234	0.00276829	11.2164	54.5005	124	-0.16362	24.1205	 27
DATA	1745977970	708916902	103589	0	""	2025-04-29	18:52:50	14060.548	474.88995	2146.7966	39.7731	55.0003	32.059	30.6232	0.00276687	11.2162	54.5005	-11.25	-0.16362	24.1205	184
DATA	1745977971	708561897	103593	0	""	2025-04-29	18:52:51	14060.187	475.37781	2146.8831	39.7724	55.0003	32.0578	30.6232	0.00276951	11.217	54.5005	62.25	-0.16362	24.1201	127
DATA	1745977972	708561897	103597	0	""	2025-04-29	18:52:52	14059.6	475.67844	2146.7747	39.7727	55.0003	32.0601	30.6232	0.002759	11.2164	54.5005	12.75	-0.16362	24.1197	251
DATA	1745977973	708561897	103601	0	""	2025-04-29	18:52:53	14058.349	474.89267	2146.718	39.7731	55.0003	32.0597	30.6232	0.00276526	11.2167	54.5005	-81	-0.16362	24.1197	 43
DATA	1745977974	708561897	103605	0	""	2025-04-29	18:52:54	14059.004	475.37079	2146.6677	39.772	55.0003	32.0566	30.6232	0.00275841	11.2168	54.5005	32.75	-0.16362	24.1201	128
DATA	1745977975	708561897	103609	0	""	2025-04-29	18:52:55	14058.227	475.14856	2146.7214	39.7724	55.0001	32.057	30.6232	0.00276199	11.2164	54.5005	30	-0.16362	24.1201	226
DATA	1745977976	708561897	103613	0	""	2025-04-29	18:52:56	14058.747	475.02087	2146.6411	39.772	55.0003	32.059	30.6232	0.00276449	11.2163	54.5005	-11.75	-0.16362	24.1205	116
DATA	1745977977	708561897	103617	0	""	2025-04-29	18:52:57	14058.47	474.99118	2146.5835	39.7731	55.0003	32.0594	30.6232	0.00276474	11.2163	54.5005	-42	-0.16362	24.1205	 36
DATA	1745977978	708200931	103621	0	""	2025-04-29	18:52:58	14057.038	474.81427	2146.5823	39.7735	55.0003	32.0586	30.6232	0.00276228	11.2168	54.5005	-17.75	-0.16362	24.1205	213
DATA	1745977979	708200931	103625	0	""	2025-04-29	18:52:59	14057.766	474.83698	2146.6162	39.7727	55.0003	32.0594	30.6232	0.00276352	11.2166	54.5005	27	-0.16362	24.1209	 38
DATA	1745977980	708200931	103629	0	""	2025-04-29	18:53:00	14057.266	475.16156	2146.5056	39.7716	55.0003	32.0594	30.6232	0.00276706	11.2166	54.5005	-49.25	-0.16362	24.1209	202
DATA	1745977981	708200931	103633	0	""	2025-04-29	18:53:01	14057.645	474.83853	2146.5276	39.772	55.0003	32.0586	30.6232	0.00276596	11.2162	54.5005	106	-0.16362	24.1205	  6
DATA	1745977982	708200931	103637	0	""	2025-04-29	18:53:02	14057.241	474.90421	2146.5957	39.7724	55.0003	32.0582	30.6232	0.00276901	11.2166	54.5005	-47.75	-0.16362	24.1217	199
DATA	1745977983	708200931	103641	0	""	2025-04-29	18:53:03	14054.896	475.11844	2146.3293	39.7724	55.0003	32.0594	30.6232	0.0027656	11.2166	54.5005	42	-0.16362	24.1213	207
DATA	1745977984	708200931	103645	0	""	2025-04-29	18:53:04	14054.539	475.13959	2146.3945	39.7727	55.0003	32.0586	30.6234	0.00276717	11.2167	54.5005	31	-0.16362	24.1217	 25
DATA	1745977985	708200931	103649	0	""	2025-04-29	18:53:05	14055.241	474.89108	2146.3354	39.7727	55.0003	32.0609	30.6232	0.00276596	11.2164	54.5005	-45.25	-0.16362	24.1213	205
DATA	1745977986	707844972	103653	0	""	2025-04-29	18:53:06	14054.453	475.06967	2146.2849	39.7731	55.0003	32.0605	30.6232	0.00276145	11.217	54.5005	-22.5	-0.16362	24.1209	115
DATA	1745977987	707844972	103657	0	""	2025-04-29	18:53:07	14055.101	474.76636	2146.3125	39.7724	55.0003	32.0613	30.6232	0.00276071	11.2167	54.5005	-87	-0.16362	24.1201	 56
DATA	1745977988	707844972	103661	0	""	2025-04-29	18:53:08	14053.977	474.71951	2146.5347	39.7724	55.0003	32.0605	30.6232	0.00276626	11.2165	54.5005	-13.75	-0.16362	24.1205	227
DATA	1745977989	707844972	103665	0	""	2025-04-29	18:53:09	14053.993	474.9176	2146.1074	39.7724	55.0003	32.0586	30.6232	0.00276852	11.2166	54.5005	10.75	-0.16362	24.1201	134
DATA	1745977990	707844972	103669	0	""	2025-04-29	18:53:10	14053.278	475.17145	2146.1184	39.7731	55.0003	32.0594	30.6232	0.00276737	11.2171	54.5005	94.5	-0.16362	24.1197	130
DATA	1745977991	707844972	103673	0	""	2025-04-29	18:53:11	14053.563	475.1232	2146.0735	39.7724	55.0003	32.0601	30.6232	0.00276376	11.2172	54.5005	-89	-0.16362	24.1197	  8
DATA	1745977992	707844972	103677	0	""	2025-04-29	18:53:12	14052.556	474.73709	2146.302	39.7735	55.0003	32.057	30.6232	0.0027664	11.2164	54.5005	29	-0.16362	24.1197	133
DATA	1745977993	707496881	103681	0	""	2025-04-29	18:53:13	14052.191	474.7634	2146.1697	39.7724	55.0003	32.0597	30.6234	0.0027682	11.2171	54.5005	51	-0.16362	24.1201	175
DATA	1745977994	707496881	103685	0	""	2025-04-29	18:53:14	14052.275	474.80103	2146.0166	39.7731	55.0003	32.0578	30.6236	0.00276942	11.2172	54.5005	47	-0.16362	24.1201	 16
DATA	1745977995	707496881	103689	0	""	2025-04-29	18:53:15	14050.759	474.79791	2146.063	39.7724	55.0003	32.059	30.6232	0.00276662	11.2171	54.5005	8.75	-0.16362	24.1205	 45
DATA	1745977996	707496881	103693	0	""	2025-04-29	18:53:16	14051.483	474.67682	2146.1172	39.7724	55.0003	32.0597	30.6232	0.00276699	11.2171	54.5005	1.25	-0.16362	24.1205	136
DATA	1745977997	707496881	103697	0	""	2025-04-29	18:53:17	14050.705	474.54147	2146.0391	39.772	55.0003	32.0597	30.6232	0.00276197	11.2168	54.5005	-11.25	-0.16362	24.1209	177
DATA	1745977998	707496881	103701	0	""	2025-04-29	18:53:18	14050.021	474.7305	2146.0496	39.7727	55.0003	32.0594	30.6232	0.0027662	11.2171	54.5005	19	-0.16362	24.1209	167
DATA	1745977999	707496881	103705	0	""	2025-04-29	18:53:19	14049.296	475.20297	2145.8479	39.7727	55.0003	32.0605	30.6234	0.00276252	11.2163	54.5005	18.75	-0.16362	24.1213	194
DATA	1745978000	707496881	103709	0	""	2025-04-29	18:53:20	14049.628	474.88342	2145.8477	39.7727	55.0003	32.0609	30.6232	0.00276179	11.2175	54.5005	95.25	-0.16362	24.1209	183
DATA	1745978001	707134008	103713	0	""	2025-04-29	18:53:21	14048.933	475.19632	2145.7844	39.7731	55.0001	32.0605	30.6234	0.00276514	11.2169	54.5005	-27.75	-0.16362	24.1217	183
DATA	1745978002	707134008	103717	0	""	2025-04-29	18:53:22	14049.018	474.34814	2146.0061	39.7724	55.0003	32.059	30.6236	0.00277187	11.2177	54.5005	-37	-0.16362	24.1209	238
DATA	1745978003	707134008	103721	0	""	2025-04-29	18:53:23	14048.675	474.68146	2145.855	39.7731	55.0003	32.0594	30.6232	0.00276271	11.2168	54.5005	80.75	-0.16362	24.1201	 92
DATA	1745978004	707134008	103725	0	""	2025-04-29	18:53:24	14047.738	474.31589	2145.8022	39.7727	55.0003	32.0609	30.6232	0.0027685	11.2172	54.5005	-6.25	-0.16362	24.1205	 86
DATA	1745978005	707134008	103729	0	""	2025-04-29	18:53:25	14046.037	474.35565	2145.8435	39.7727	55.0003	32.0601	30.6232	0.00276217	11.2172	54.5007	107.75	-0.16362	24.1205	186
DATA	1745978006	707134008	103733	0	""	2025-04-29	18:53:26	14045.175	474.47473	2145.6204	39.7731	55.0003	32.0601	30.6232	0.00275871	11.2172	54.5005	-53.25	-0.16362	24.1197	178
DATA	1745978007	707134008	103737	0	""	2025-04-29	18:53:27	14045.937	474.79105	2145.6343	39.7735	55.0003	32.059	30.6232	0.00275417	11.217	54.5005	67.75	-0.16362	24.1197	 65
DATA	1745978008	706778049	103741	0	""	2025-04-29	18:53:28	14045.355	474.57507	2145.8342	39.7727	55.0003	32.0601	30.6232	0.00276108	11.2177	54.5007	-35.5	-0.16362	24.1205	149
DATA	1745978009	706778049	103745	0	""	2025-04-29	18:53:29	14045.413	474.6413	2145.6775	39.7724	55.0003	32.059	30.6232	0.00276528	11.218	54.5007	18.25	-0.16362	24.1201	 10
DATA	1745978010	706778049	103749	0	""	2025-04-29	18:53:30	14044.08	474.39124	2145.5469	39.7731	55.0003	32.0613	30.6232	0.00275954	11.2173	54.5009	29	-0.16362	24.1217	213
DATA	1745978011	706778049	103753	0	""	2025-04-29	18:53:31	14043.955	474.48663	2145.5798	39.7724	55.0003	32.0613	30.6232	0.00275854	11.217	54.5005	-31.5	-0.16362	24.1205	105
DATA	1745978012	706778049	103757	0	""	2025-04-29	18:53:32	14043.835	474.68375	2145.6348	39.7727	55.0003	32.0594	30.6232	0.00275533	11.2171	54.5005	-50.5	-0.16362	24.1209	161
DATA	1745978013	706778049	103761	0	""	2025-04-29	18:53:33	14043.134	474.25644	2145.4922	39.7724	55.0003	32.0582	30.6232	0.00276012	11.2174	54.5005	43.25	-0.16362	24.1213	130
DATA	1745978014	706778049	103765	0	""	2025-04-29	18:53:34	14042.709	474.31381	2145.7393	39.7724	55.0003	32.057	30.6232	0.00276071	11.2174	54.5005	36	-0.16362	24.1213	206
DATA	1745978015	706778049	103769	0	""	2025-04-29	18:53:35	14042.067	474.01385	2145.5427	39.7727	55.0003	32.0594	30.6232	0.00276542	11.2177	54.5005	29.25	-0.16362	24.1209	169
DATA	1745978016	706419944	103773	0	""	2025-04-29	18:53:36	14042.295	474.58868	2145.4353	39.772	55.0003	32.0586	30.6232	0.00275935	11.2178	54.5005	11.5	-0.16362	24.1213	 68
DATA	1745978017	706419944	103777	0	""	2025-04-29	18:53:37	14041.814	474.49612	2145.4963	39.7724	55.0003	32.0597	30.6232	0.00276026	11.2172	54.5005	102	-0.16362	24.1221	 53
DATA	1745978018	706419944	103781	0	""	2025-04-29	18:53:38	14041.436	474.32281	2145.5002	39.7724	55.0003	32.0594	30.6232	0.00276206	11.2177	54.5005	-72.5	-0.16362	24.1213	134
DATA	1745978019	706419944	103785	0	""	2025-04-29	18:53:39	14040.861	473.83057	2145.3638	39.7727	55.0003	32.0574	30.6232	0.00276284	11.2177	54.5005	55.25	-0.16362	24.1213	173
DATA	1745978020	706419944	103789	0	""	2025-04-29	18:53:40	14039.48	474.51556	2145.2112	39.772	55.0003	32.0609	30.6232	0.00275658	11.2175	54.5005	22.25	-0.16362	24.1209	 49
DATA	1745978021	706419944	103793	0	""	2025-04-29	18:53:41	14040.569	474.21823	2145.3899	39.772	55.0003	32.0617	30.6232	0.0027614	11.2175	54.5005	97.25	-0.16362	24.1193	 63
DATA	1745978022	706419944	103797	0	""	2025-04-29	18:53:42	14039.13	474.173	2145.2751	39.772	55.0003	32.0597	30.6232	0.00275862	11.2177	54.5005	-81.25	-0.16362	24.1201	249
DATA	1745978023	706068992	103801	0	""	2025-04-29	18:53:43	14038.003	474.6095	2145.3069	39.7727	55.0003	32.0586	30.6232	0.00275522	11.2176	54.5005	22.75	-0.16362	24.1201	 90
DATA	1745978024	706068992	103805	0	""	2025-04-29	18:53:44	14038.839	474.09171	2145.2778	39.7724	55.0003	32.0574	30.6232	0.00275899	11.217	54.5005	69	-0.16362	24.1201	235
DATA	1745978025	706068992	103809	0	""	2025-04-29	18:53:45	14037.124	474.22836	2145.1416	39.7724	55.0003	32.0605	30.6232	0.00275921	11.2177	54.5005	20	-0.16362	24.1197	255
DATA	1745978026	706068992	103813	0	""	2025-04-29	18:53:46	14038.187	474.47369	2145.1692	39.7724	55.0003	32.0617	30.6232	0.00276229	11.2173	54.5005	35	-0.16362	24.1205	 17
DATA	1745978027	706068992	103817	0	""	2025-04-29	18:53:47	14037.815	474.43845	2145.1611	39.7727	55.0003	32.0601	30.6232	0.00275491	11.218	54.5005	56.5	-0.16362	24.1201	 50
DATA	1745978028	706068992	103821	0	""	2025-04-29	18:53:48	14035.91	473.90207	2145.115	39.7727	55.0003	32.0597	30.6232	0.00276338	11.2173	54.5005	-72.25	-0.16362	24.1217	101
DATA	1745978029	706068992	103825	0	""	2025-04-29	18:53:49	14036.447	474.13367	2145.1799	39.7731	55.0003	32.0578	30.6232	0.00275816	11.2183	54.5007	-3.75	-0.16362	24.1213	175
DATA	1745978030	706068992	103829	0	""	2025-04-29	18:53:50	14036.846	474.57874	2145.2036	39.772	55.0003	32.0597	30.6232	0.00275405	11.2178	54.5005	108.75	-0.16362	24.1213	166
DATA	1745978031	705707073	103833	0	""	2025-04-29	18:53:51	14035.425	474.47583	2144.9302	39.7724	55.0003	32.0613	30.6232	0.00276045	11.2176	54.5005	-45.75	-0.16362	24.1217	183
DATA	1745978032	705707073	103837	0	""	2025-04-29	18:53:52	14034.803	474.53006	2145.1831	39.7724	55.0003	32.0601	30.6232	0.00275177	11.2176	54.5005	132.5	-0.16362	24.1209	123
DATA	1745978033	705707073	103841	0	""	2025-04-29	18:53:53	14034.689	474.25943	2144.9875	39.7727	55.0003	32.0605	30.6232	0.00275828	11.2179	54.5007	2.75	-0.16362	24.1209	126
DATA	1745978034	705707073	103845	0	""	2025-04-29	18:53:54	14032.714	473.84055	2144.8813	39.7727	55.0003	32.0617	30.6232	0.00275357	11.2179	54.5005	-45.25	-0.16362	24.1209	201
DATA	1745978035	705707073	103849	0	""	2025-04-29	18:53:55	14033.769	473.82086	2145.0637	39.7727	55.0003	32.0605	30.6232	0.002757	11.2177	54.5005	54.25	-0.16362	24.1217	 62
DATA	1745978036	705707073	103853	0	""	2025-04-29	18:53:56	14033.066	474.08676	2144.9587	39.7727	55.0003	32.0605	30.6232	0.00275954	11.2179	54.5005	-34.25	-0.16362	24.1213	213
DATA	1745978037	705707073	103857	0	""	2025-04-29	18:53:57	14031.797	473.79361	2144.7578	39.7724	55.0003	32.0605	30.6232	0.00275821	11.2181	54.5005	-22.75	-0.16362	24.1209	214
DATA	1745978038	705355882	103861	0	""	2025-04-29	18:53:58	14033.182	474.42212	2144.8259	39.7727	55.0003	32.0601	30.6232	0.00275353	11.2177	54.5005	-28.75	-0.16362	24.1205	197
DATA	1745978039	705355882	103865	0	""	2025-04-29	18:53:59	14032.885	473.96875	2144.7551	39.7731	55.0003	32.0605	30.6232	0.00275666	11.2176	54.5005	-99.75	-0.16362	24.1201	238
DATA	1745978040	705355882	103869	0	""	2025-04-29	18:54:00	14031.533	474.13361	2144.8916	39.7724	55.0003	32.0578	30.6232	0.00275828	11.218	54.5005	39	-0.16362	24.1197	219
DATA	1745978041	705355882	103873	0	""	2025-04-29	18:54:01	14032.31	474.23441	2144.77	39.772	55.0003	32.0574	30.6232	0.00275428	11.2181	54.5005	74	-0.16362	24.1205	 34
DATA	1745978042	705355882	103877	0	""	2025-04-29	18:54:02	14030.938	473.9473	2144.8311	39.772	55.0003	32.0601	30.6232	0.00275847	11.2179	54.5005	48	-0.16362	24.1201	157
DATA	1745978043	705355882	103881	0	""	2025-04-29	18:54:03	14031.592	473.67053	2144.6924	39.7727	55.0003	32.0609	30.6232	0.00275601	11.2178	54.5005	149.75	-0.16362	24.1205	207
DATA	1745978044	705355882	103885	0	""	2025-04-29	18:54:04	14030.135	474.07434	2144.8826	39.7724	55.0003	32.064	30.6232	0.00275534	11.2184	54.5005	-135	-0.16362	24.1197	 48
DATA	1745978045	705355882	103889	0	""	2025-04-29	18:54:05	14030.585	473.44901	2144.6377	39.7724	55.0003	32.0613	30.6232	0.00276044	11.2181	54.5005	-43.25	-0.16362	24.1217	195
DATA	1745978046	705001115	103893	0	""	2025-04-29	18:54:06	14030.056	473.67743	2144.5779	39.7724	55.0003	32.0601	30.6232	0.00276334	11.2176	54.5005	-4.25	-0.16362	24.1213	124
DATA	1745978047	705001115	103897	0	""	2025-04-29	18:54:07	14028.961	473.81339	2144.6809	39.7724	55.0003	32.0601	30.6232	0.00276283	11.2182	54.5005	-8	-0.16362	24.1209	250
DATA	1745978048	705001115	103901	0	""	2025-04-29	18:54:08	14028.644	473.76498	2144.6643	39.7727	55.0003	32.0605	30.6232	0.00275894	11.2185	54.5005	-12.75	-0.16362	24.1209	200
DATA	1745978049	705001115	103905	0	""	2025-04-29	18:54:09	14028.527	473.63046	2144.7361	39.772	55.0003	32.059	30.6232	0.00276367	11.2177	54.5005	-28.75	-0.16362	24.1213	 88
DATA	1745978050	705001115	103909	0	""	2025-04-29	18:54:10	14029.08	473.97833	2144.6919	39.7716	55.0003	32.0594	30.6232	0.00275927	11.2184	54.5005	115	-0.16362	24.1213	248
DATA	1745978051	705001115	103913	0	""	2025-04-29	18:54:11	14026.805	473.64963	2144.5273	39.772	55.0003	32.059	30.6232	0.00275343	11.218	54.5005	3.5	-0.16362	24.1205	120
DATA	1745978052	705001115	103917	0	""	2025-04-29	18:54:12	14026.248	473.85941	2144.3633	39.7727	55.0003	32.0605	30.6232	0.00275294	11.2179	54.5005	254.75	-0.16362	24.1201	184
DATA	1745978053	704643011	103921	0	""	2025-04-29	18:54:13	14026.988	473.63907	2144.5122	39.7731	55.0003	32.0605	30.6234	0.00276189	11.2184	54.5005	-96.75	-0.16362	24.1221	191
DATA	1745978054	704643011	103925	0	""	2025-04-29	18:54:14	14025.971	473.16977	2144.2937	39.7731	55.0003	32.059	30.6232	0.00276135	11.2182	54.5005	-26.5	-0.16362	24.1205	 86
DATA	1745978055	704643011	103929	0	""	2025-04-29	18:54:15	14026.22	473.74915	2144.4377	39.7724	55.0003	32.0601	30.6232	0.00275698	11.2181	54.5005	98	-0.16362	24.1205	204
DATA	1745978056	704643011	103933	0	""	2025-04-29	18:54:16	14025.716	473.79639	2144.4844	39.7724	55.0003	32.0605	30.6232	0.00275757	11.2186	54.5005	12	-0.16362	24.1205	  0
DATA	1745978057	704643011	103937	0	""	2025-04-29	18:54:17	14025.958	473.62512	2144.5403	39.772	55.0003	32.0601	30.6232	0.00275414	11.218	54.5005	-39	-0.16362	24.1201	174
DATA	1745978058	704643011	103941	0	""	2025-04-29	18:54:18	14024.925	473.215	2144.2976	39.7724	55.0003	32.0605	30.6232	0.00275683	11.2187	54.5005	18.25	-0.16362	24.1209	 44
DATA	1745978059	704643011	103945	0	""	2025-04-29	18:54:19	14024.784	473.59265	2144.3882	39.7724	55.0003	32.0601	30.6232	0.00275255	11.2185	54.5005	-35.75	-0.16362	24.1197	209
DATA	1745978060	704643011	103949	0	""	2025-04-29	18:54:20	14025.502	473.73703	2144.2087	39.7731	55.0003	32.0578	30.6232	0.00275864	11.2181	54.5005	89.75	-0.16362	24.1205	142
DATA	1745978061	704284906	103953	0	""	2025-04-29	18:54:21	14024.17	473.53918	2144.2896	39.7727	55.0003	32.0586	30.6234	0.00276261	11.2184	54.5005	-48.75	-0.16362	24.1201	156
DATA	1745978062	704284906	103957	0	""	2025-04-29	18:54:22	14024.64	473.39365	2144.157	39.7724	55.0003	32.0586	30.6234	0.00276173	11.2182	54.5005	4	-0.16362	24.1217	109
DATA	1745978063	704284906	103961	0	""	2025-04-29	18:54:23	14023.637	473.41513	2144.1504	39.7724	55.0003	32.0574	30.6232	0.00275987	11.2188	54.5005	-6.25	-0.16362	24.1217	145
DATA	1745978064	704284906	103965	0	""	2025-04-29	18:54:24	14024.129	473.69571	2144.0518	39.7724	55.0003	32.059	30.6232	0.00275829	11.2187	54.5005	140.5	-0.16362	24.1209	111
DATA	1745978065	704284906	103969	0	""	2025-04-29	18:54:25	14023.585	473.68002	2144.3057	39.7724	55.0003	32.0609	30.6232	0.00275825	11.2182	54.5005	52.25	-0.16362	24.1209	155
DATA	1745978066	704284906	103973	0	""	2025-04-29	18:54:26	14022.364	473.30652	2144.2483	39.7724	55.0003	32.0617	30.6232	0.00275727	11.218	54.5005	-42	-0.16362	24.1209	249
DATA	1745978067	704284906	103977	0	""	2025-04-29	18:54:27	14022.57	473.38687	2144.0474	39.7724	55.0003	32.0601	30.6232	0.00276386	11.2182	54.5005	15.25	-0.16362	24.1213	108
DATA	1745978068	703926086	103981	0	""	2025-04-29	18:54:28	14022.508	473.47699	2144.1526	39.7724	55.0003	32.0601	30.6232	0.00276521	11.2178	54.5005	-83.25	-0.16362	24.1209	208
DATA	1745978069	703926086	103985	0	""	2025-04-29	18:54:29	14022.027	472.79062	2143.9663	39.7731	55.0003	32.0578	30.6234	0.00276297	11.2184	54.5005	-25.25	-0.16362	24.1213	218
DATA	1745978070	703926086	103989	0	""	2025-04-29	18:54:30	14021.218	473.02274	2144.0967	39.7716	55.0003	32.0582	30.6234	0.00275939	11.2191	54.5005	-16.25	-0.16362	24.1209	201
DATA	1745978071	703926086	103993	0	""	2025-04-29	18:54:31	14021.585	473.5741	2143.9717	39.772	55.0003	32.057	30.6232	0.00275697	11.2182	54.5005	52.25	-0.16362	24.1205	  6
DATA	1745978072	703926086	103997	0	""	2025-04-29	18:54:32	14022.209	473.21301	2143.9277	39.7724	55.0003	32.0594	30.6232	0.00276462	11.2184	54.5005	7.25	-0.16362	24.1205	 96
DATA	1745978073	703926086	104001	0	""	2025-04-29	18:54:33	14020.645	472.948	2144.0298	39.7724	55.0003	32.059	30.6232	0.0027544	11.2187	54.5005	-20.25	-0.16362	24.1205	231
DATA	1745978074	703926086	104005	0	""	2025-04-29	18:54:34	14020.872	472.9231	2143.9233	39.7724	55.0003	32.0578	30.6232	0.00276032	11.2187	54.5005	16.25	-0.16362	24.1197	 92
DATA	1745978075	703926086	104009	0	""	2025-04-29	18:54:35	14020.113	473.29172	2143.9294	39.7716	55.0003	32.0578	30.6232	0.00275815	11.2187	54.5005	141.5	-0.16362	24.1201	140
DATA	1745978076	703576087	104013	0	""	2025-04-29	18:54:36	14019.211	472.95947	2144.0801	39.7724	55.0003	32.0613	30.6234	0.00275526	11.2184	54.5005	-30	-0.16362	24.1201	 26
DATA	1745978077	703576087	104017	0	""	2025-04-29	18:54:37	14019.551	473.0687	2143.8989	39.7727	55.0003	32.0594	30.6234	0.00275264	11.2184	54.5005	13	-0.16362	24.1205	229
DATA	1745978078	703576087	104021	0	""	2025-04-29	18:54:38	14019.008	473.16147	2143.8706	39.7724	55.0003	32.0594	30.6236	0.00276093	11.2187	54.5005	-28.25	-0.16362	24.1213	202
DATA	1745978079	703576087	104025	0	""	2025-04-29	18:54:39	14019.661	473.36414	2143.8948	39.7724	55.0003	32.0574	30.6232	0.00276062	11.2187	54.5005	101.25	-0.16362	24.1225	208
DATA	1745978080	703576087	104029	0	""	2025-04-29	18:54:40	14019.494	473.11789	2143.7456	39.7724	55.0003	32.059	30.6232	0.00275618	11.2188	54.5005	-69.75	-0.16362	24.1213	170
DATA	1745978081	703576087	104033	0	""	2025-04-29	18:54:41	14019.831	472.91763	2143.749	39.7724	55.0003	32.0601	30.6232	0.00276032	11.2185	54.5005	13.75	-0.16362	24.1213	 84
DATA	1745978082	703576087	104037	0	""	2025-04-29	18:54:42	14018.828	473.57779	2143.7681	39.7724	55.0003	32.0594	30.6232	0.00275797	11.2186	54.5005	-33.25	-0.16362	24.1209	231
DATA	1745978083	703223943	104041	0	""	2025-04-29	18:54:43	14018.294	473.34241	2143.8511	39.772	55.0003	32.0597	30.6232	0.00275646	11.2182	54.5005	-34.25	-0.16362	24.1213	123
DATA	1745978084	703223943	104045	0	""	2025-04-29	18:54:44	14017.964	473.36978	2143.686	39.7727	55.0003	32.0601	30.6232	0.00274897	11.2187	54.5005	95.25	-0.16362	24.1213	123
DATA	1745978085	703223943	104049	0	""	2025-04-29	18:54:45	14018.079	473.12585	2143.5586	39.7727	55.0003	32.0594	30.6232	0.00274796	11.2183	54.5005	-26.5	-0.16362	24.1217	165
DATA	1745978086	703223943	104053	0	""	2025-04-29	18:54:46	14017.704	473.19284	2143.5859	39.7731	55.0003	32.0601	30.6232	0.00275571	11.2187	54.5005	130.75	-0.16362	24.1209	197
DATA	1745978087	703223943	104057	0	""	2025-04-29	18:54:47	14016.873	472.98923	2143.7627	39.7735	55.0003	32.0605	30.6234	0.00275297	11.2186	54.5005	-84.5	-0.16362	24.1201	166
DATA	1745978088	703223943	104061	0	""	2025-04-29	18:54:48	14016.219	473.03513	2143.7632	39.7727	55.0003	32.0574	30.6232	0.00275193	11.2189	54.5005	93	-0.16362	24.1209	  1
DATA	1745978089	703223943	104065	0	""	2025-04-29	18:54:49	14016.96	473.09109	2143.5493	39.7724	55.0003	32.0582	30.6232	0.00275384	11.2185	54.5005	11.5	-0.16362	24.1205	 51
DATA	1745978090	703223943	104069	0	""	2025-04-29	18:54:50	14015.634	473.14587	2143.5569	39.772	55.0003	32.0597	30.6232	0.00275386	11.2184	54.5005	-48.5	-0.16362	24.1201	100
DATA	1745978091	702867031	104073	0	""	2025-04-29	18:54:51	14016.148	472.85327	2143.4956	39.7724	55.0003	32.059	30.6232	0.00276261	11.2191	54.5005	-27.5	-0.16362	24.1205	 86
DATA	1745978092	702867031	104077	0	""	2025-04-29	18:54:52	14014.845	472.759	2143.3831	39.7727	55.0003	32.0597	30.6232	0.00275953	11.2193	54.5005	-23.25	-0.16362	24.1205	 98
DATA	1745978093	702867031	104081	0	""	2025-04-29	18:54:53	14015.083	472.75089	2143.52	39.7724	55.0003	32.0597	30.6232	0.00275419	11.2192	54.5005	76.25	-0.16362	24.1205	 46
DATA	1745978094	702867031	104085	0	""	2025-04-29	18:54:54	14014.61	473.22046	2143.5742	39.772	55.0003	32.0597	30.6232	0.00275292	11.2182	54.5005	86.25	-0.16362	24.1205	 39
DATA	1745978095	702867031	104089	0	""	2025-04-29	18:54:55	14014.23	472.88678	2143.5034	39.7724	55.0003	32.0597	30.6232	0.00275209	11.2186	54.5005	-33.5	-0.16362	24.1201	 96
DATA	1745978096	702867031	104093	0	""	2025-04-29	18:54:56	14013.237	472.72751	2143.2161	39.7727	55.0003	32.0597	30.6234	0.00275425	11.2192	54.5005	-18.75	-0.16362	24.1221	192
DATA	1745978097	702867031	104097	0	""	2025-04-29	18:54:57	14013.785	472.88303	2143.2705	39.7724	55.0003	32.0601	30.6232	0.00275411	11.2187	54.5005	91.75	-0.16362	24.1221	146
DATA	1745978098	702507972	104101	0	""	2025-04-29	18:54:58	14012.882	473.29202	2143.3047	39.772	55.0003	32.0605	30.6232	0.0027493	11.2183	54.5005	8.5	-0.16362	24.1213	187
DATA	1745978099	702507972	104105	0	""	2025-04-29	18:54:59	14012.799	472.93668	2143.3931	39.7724	55.0003	32.0617	30.6232	0.00275606	11.2192	54.5005	11	-0.16362	24.1213	  9
DATA	1745978100	702507972	104109	0	""	2025-04-29	18:55:00	14012.088	472.74768	2143.1829	39.7724	55.0003	32.0605	30.6232	0.002754	11.2186	54.5005	-33	-0.16362	24.1205	180
DATA	1745978101	702507972	104113	0	""	2025-04-29	18:55:01	14012.598	472.55518	2143.1919	39.7724	55.0003	32.0597	30.6232	0.00275864	11.2189	54.5005	-7.5	-0.16362	24.1209	 98
DATA	1745978102	702507972	104117	0	""	2025-04-29	18:55:02	14012.072	472.53995	2143.1914	39.7716	55.0003	32.0601	30.6232	0.00275368	11.2189	54.5005	147.75	-0.16362	24.1209	190
DATA	1745978103	702507972	104121	0	""	2025-04-29	18:55:03	14012.715	472.90741	2143.2786	39.772	55.0003	32.0601	30.6232	0.00275606	11.219	54.5005	-119.75	-0.16362	24.1209	119
DATA	1745978104	702507972	104125	0	""	2025-04-29	18:55:04	14011.969	472.74841	2143.2561	39.772	55.0003	32.0578	30.6234	0.00275756	11.2191	54.5005	123.75	-0.16362	24.1205	145
DATA	1745978105	702507972	104129	0	""	2025-04-29	18:55:05	14011.625	472.21243	2143.1084	39.7724	55.0003	32.059	30.6232	0.00275232	11.2191	54.5005	42.25	-0.16362	24.1201	 55
DATA	1745978106	702152013	104133	0	""	2025-04-29	18:55:06	14011.679	472.40997	2143.0374	39.7716	55.0003	32.059	30.6232	0.00275495	11.2188	54.5005	40.5	-0.16362	24.1209	 35
DATA	1745978107	702152013	104137	0	""	2025-04-29	18:55:07	14010.962	472.78796	2143.0901	39.772	55.0003	32.0586	30.6232	0.00275412	11.2184	54.5005	-83.5	-0.16362	24.1201	 68
DATA	1745978108	702152013	104141	0	""	2025-04-29	18:55:08	14010.311	472.53238	2143.1023	39.772	55.0003	32.0578	30.6232	0.0027618	11.2191	54.5005	-41.25	-0.16362	24.1201	 31
DATA	1745978109	702152013	104145	0	""	2025-04-29	18:55:09	14010.018	472.37741	2142.9634	39.7724	55.0003	32.0586	30.6232	0.00276295	11.2188	54.5005	23.75	-0.16362	24.1197	143
DATA	1745978110	702152013	104149	0	""	2025-04-29	18:55:10	14010.068	472.4476	2142.8835	39.7731	55.0003	32.059	30.6232	0.0027546	11.219	54.5005	135.75	-0.16362	24.1205	222
DATA	1745978111	702152013	104153	0	""	2025-04-29	18:55:11	14009.86	472.74927	2142.9304	39.772	55.0003	32.0613	30.6232	0.00275814	11.2188	54.5005	-89.75	-0.16362	24.1205	 76
DATA	1745978112	702152013	104157	0	""	2025-04-29	18:55:12	14010.167	472.8797	2142.8411	39.7724	55.0003	32.0601	30.6234	0.0027551	11.219	54.5005	12.5	-0.16362	24.1197	167
DATA	1745978113	701797008	104161	0	""	2025-04-29	18:55:13	14008.817	472.63831	2142.75	39.772	55.0003	32.0601	30.6232	0.00275418	11.2188	54.5005	-34.25	-0.16362	24.1217	 23
DATA	1745978114	701797008	104165	0	""	2025-04-29	18:55:14	14008.821	472.46457	2142.8757	39.772	55.0003	32.0597	30.6232	0.00275463	11.2191	54.5005	65	-0.16362	24.1213	210
DATA	1745978115	701797008	104169	0	""	2025-04-29	18:55:15	14007.938	472.38272	2142.8291	39.772	55.0003	32.0613	30.6232	0.0027559	11.2189	54.5005	35	-0.16362	24.1213	159
DATA	1745978116	701797008	104173	0	""	2025-04-29	18:55:16	14008.832	472.21454	2142.8748	39.7716	55.0003	32.0594	30.6232	0.00275884	11.2196	54.5005	-115.75	-0.16362	24.1213	254
DATA	1745978117	701797008	104177	0	""	2025-04-29	18:55:17	14008.412	472.00565	2142.7681	39.7727	55.0003	32.0578	30.6232	0.00275869	11.2194	54.5005	52.25	-0.16362	24.1209	161
DATA	1745978118	701797008	104181	0	""	2025-04-29	18:55:18	14007.942	472.39084	2142.9336	39.7716	55.0003	32.0594	30.6232	0.002757	11.2189	54.5005	-18.25	-0.16362	24.1209	107
DATA	1745978119	701797008	104185	0	""	2025-04-29	18:55:19	14007.359	472.40948	2142.7063	39.7716	55.0003	32.0566	30.6232	0.0027544	11.2188	54.5005	16.75	-0.16362	24.1217	115
DATA	1745978120	701797008	104189	0	""	2025-04-29	18:55:20	14008.119	472.22906	2142.6958	39.7724	55.0003	32.059	30.6232	0.00275882	11.2201	54.5005	45.5	-0.16362	24.1213	 39
DATA	1745978121	701443910	104193	0	""	2025-04-29	18:55:21	14006.893	471.97867	2142.7051	39.7731	55.0003	32.059	30.6232	0.00275399	11.2199	54.5005	15	-0.16362	24.1209	211
DATA	1745978122	701443910	104197	0	""	2025-04-29	18:55:22	14007.292	472.32874	2142.5403	39.7727	55.0003	32.0605	30.6232	0.00275182	11.2192	54.5005	92.25	-0.16362	24.1201	121
DATA	1745978123	701443910	104201	0	""	2025-04-29	18:55:23	14005.409	472.23801	2142.6707	39.7708	55.0003	32.0594	30.6232	0.00275575	11.2188	54.5005	72.5	-0.16362	24.1201	 70
DATA	1745978124	701443910	104205	0	""	2025-04-29	18:55:24	14005.689	472.08862	2142.6648	39.772	55.0003	32.0597	30.6232	0.00275201	11.2195	54.5005	-83.25	-0.16362	24.1201	130
DATA	1745978125	701443910	104209	0	""	2025-04-29	18:55:25	14005.388	472.09427	2142.6191	39.7727	55.0003	32.0578	30.6232	0.00274656	11.2192	54.5005	62.25	-0.16362	24.1197	153
DATA	1745978126	701443910	104213	0	""	2025-04-29	18:55:26	14006.441	472.3912	2142.6689	39.772	55.0003	32.0597	30.6232	0.00275724	11.2194	54.5005	-50.5	-0.16362	24.1201	 21
DATA	1745978127	701443910	104217	0	""	2025-04-29	18:55:27	14005.178	472.09601	2142.562	39.772	55.0003	32.0594	30.6232	0.00275842	11.2189	54.5005	-37.5	-0.16362	24.1201	 25
DATA	1745978128	701085090	104221	0	""	2025-04-29	18:55:28	14005.021	472.38461	2142.6692	39.7724	55.0003	32.0574	30.6232	0.00275624	11.2194	54.5005	46.75	-0.16362	24.1201	128
DATA	1745978129	701085090	104225	0	""	2025-04-29	18:55:29	14005.046	472.54596	2142.4854	39.7716	55.0003	32.0597	30.6232	0.0027548	11.2191	54.5005	-4.75	-0.16362	24.1205	 96
DATA	1745978130	701085090	104229	0	""	2025-04-29	18:55:30	14004.505	472.35303	2142.5208	39.7716	55.0003	32.0594	30.6232	0.00275417	11.2193	54.5005	43	-0.16362	24.1213	216
DATA	1745978131	701085090	104233	0	""	2025-04-29	18:55:31	14004.783	472.13361	2142.5718	39.772	55.0003	32.0601	30.6232	0.00275007	11.2195	54.5005	-43	-0.16362	24.1213	205
DATA	1745978132	701085090	104237	0	""	2025-04-29	18:55:32	14004.146	471.99036	2142.5813	39.7716	55.0003	32.0578	30.6232	0.00276487	11.2188	54.5005	-55	-0.16362	24.1201	 37
DATA	1745978133	701085090	104241	0	""	2025-04-29	18:55:33	14002.608	472.18353	2142.5447	39.7716	55.0003	32.0586	30.6232	0.00275827	11.219	54.5005	19	-0.16362	24.1213	187
DATA	1745978134	701085090	104245	0	""	2025-04-29	18:55:34	14003.032	472.05276	2142.3826	39.7712	55.0003	32.0578	30.6232	0.00275621	11.2192	54.5005	-24.5	-0.16362	24.1209	112
DATA	1745978135	701085090	104249	0	""	2025-04-29	18:55:35	14001.878	472.03442	2142.3315	39.7708	55.0003	32.057	30.6232	0.0027567	11.2192	54.5005	-7	-0.16362	24.1217	134
DATA	1745978136	700726985	104253	0	""	2025-04-29	18:55:36	14001.917	471.88846	2142.3777	39.772	55.0003	32.0582	30.6232	0.00275593	11.219	54.5005	55.25	-0.16362	24.1213	 65
DATA	1745978137	700726985	104257	0	""	2025-04-29	18:55:37	14002.911	472.25342	2142.3989	39.7724	55.0003	32.0594	30.6232	0.00275746	11.2196	54.5005	65	-0.16362	24.1221	 14
DATA	1745978138	700726985	104261	0	""	2025-04-29	18:55:38	14000.859	471.86874	2142.3306	39.7727	55.0003	32.059	30.6232	0.0027494	11.219	54.5005	64.75	-0.16362	24.1201	 14
DATA	1745978139	700726985	104265	0	""	2025-04-29	18:55:39	14001.256	471.93338	2142.1489	39.772	55.0003	32.0586	30.6232	0.00275891	11.2196	54.5005	4.5	-0.16362	24.1201	 12
DATA	1745978140	700726985	104269	0	""	2025-04-29	18:55:40	14001.393	471.70871	2142.1826	39.7716	55.0003	32.0601	30.6232	0.0027568	11.2199	54.5005	68.5	-0.16362	24.1201	 44
DATA	1745978141	700726985	104273	0	""	2025-04-29	18:55:41	14001.651	472.12753	2142.3525	39.7724	55.0003	32.0597	30.6232	0.00275796	11.2194	54.5005	-89	-0.16362	24.1205	 49
DATA	1745978142	700726985	104277	0	""	2025-04-29	18:55:42	14000.042	471.73712	2142.2764	39.772	55.0003	32.0578	30.6232	0.00275583	11.2194	54.5005	88	-0.16362	24.1193	210
DATA	1745978143	700373888	104281	0	""	2025-04-29	18:55:43	13999.421	471.87903	2142.1765	39.772	55.0003	32.0601	30.6232	0.00275311	11.2195	54.5005	47	-0.16362	24.1201	203
DATA	1745978144	700373888	104285	0	""	2025-04-29	18:55:44	13999.923	471.55197	2142.1467	39.772	55.0003	32.0621	30.6232	0.00275666	11.2196	54.5005	21	-0.16362	24.1201	223
DATA	1745978145	700373888	104289	0	""	2025-04-29	18:55:45	14000.058	471.42001	2141.9746	39.7716	55.0003	32.0621	30.6232	0.00275961	11.2194	54.5005	-76.75	-0.16362	24.1201	191
DATA	1745978146	700373888	104293	0	""	2025-04-29	18:55:46	13999.522	472.21085	2142.0229	39.7716	55.0003	32.059	30.6232	0.00276069	11.2196	54.5005	79.75	-0.16362	24.1201	125
DATA	1745978147	700373888	104297	0	""	2025-04-29	18:55:47	13999.465	471.35974	2142.124	39.772	55.0003	32.0605	30.6232	0.00276226	11.2202	54.5005	83.5	-0.16362	24.1217	 16
DATA	1745978148	700373888	104301	0	""	2025-04-29	18:55:48	13999.043	472.08173	2141.9534	39.7712	55.0003	32.0613	30.6232	0.00275672	11.2199	54.5005	-76	-0.16362	24.1205	 61
DATA	1745978149	700373888	104305	0	""	2025-04-29	18:55:49	13999.578	471.78894	2141.9492	39.7716	55.0003	32.0605	30.6232	0.00275486	11.2197	54.5005	38.5	-0.16362	24.1213	156
DATA	1745978150	700373888	104309	0	""	2025-04-29	18:55:50	13999.837	471.2774	2141.9558	39.772	55.0003	32.0613	30.6232	0.00275992	11.2191	54.5005	47.5	-0.16362	24.1213	 23
DATA	1745978151	700021028	104313	0	""	2025-04-29	18:55:51	13998.789	471.6326	2141.8904	39.7712	55.0003	32.0605	30.6232	0.00275783	11.2194	54.5005	-4.5	-0.16362	24.1213	 33
DATA	1745978152	700021028	104317	0	""	2025-04-29	18:55:52	14000.373	471.71277	2141.9504	39.7712	55.0003	32.0625	30.6232	0.0027598	11.2195	54.5005	-45	-0.16362	24.1205	220
DATA	1745978153	700021028	104321	0	""	2025-04-29	18:55:53	13999.542	471.52649	2141.8879	39.7724	55.0003	32.0609	30.6232	0.00275737	11.2197	54.5005	-103.25	-0.16362	24.1213	247
DATA	1745978154	700021028	104325	0	""	2025-04-29	18:55:54	13999.843	471.61395	2141.9224	39.7716	55.0003	32.0578	30.6232	0.00276357	11.2195	54.5005	2.5	-0.16362	24.1213	 50
DATA	1745978155	700021028	104329	0	""	2025-04-29	18:55:55	14000.045	471.32791	2141.9248	39.7708	55.0003	32.057	30.6232	0.00276063	11.22	54.5005	30.5	-0.16362	24.1201	160
DATA	1745978156	700021028	104333	0	""	2025-04-29	18:55:56	13999.174	471.28049	2141.8081	39.7712	55.0003	32.0594	30.6232	0.00276302	11.2196	54.5005	-10.5	-0.16362	24.1205	127
DATA	1745978157	700021028	104337	0	""	2025-04-29	18:55:57	13999.139	471.60068	2141.7041	39.7724	55.0003	32.0594	30.6232	0.00275952	11.22	54.5011	-78.75	-0.16362	24.1209	 99
DATA	1745978158	699652910	104341	0	""	2025-04-29	18:55:58	13998.586	471.64972	2141.7451	39.7724	55.0003	32.0605	30.6232	0.00275997	11.2203	54.5011	96.5	-0.16362	24.1201	134
DATA	1745978159	699652910	104345	0	""	2025-04-29	18:55:59	13998.647	471.56689	2141.7847	39.7712	55.0003	32.0605	30.6232	0.0027588	11.2197	54.5011	-33	-0.16362	24.1217	 49
DATA	1745978160	699652910	104349	0	""	2025-04-29	18:56:00	13999.839	471.6915	2141.7546	39.7712	55.0003	32.0597	30.6232	0.00275919	11.2199	54.5007	-19.25	-0.16362	24.1213	188
