time,biomass,dna,cell_index,sim_id,growth_rate
0.1,1.032259186132711,0.0,0,0,0.3225918613271102
0.2,1.0645183722654221,0.0,0,0,0.3225918613271102
0.30000000000000004,1.0967775583981332,0.0,0,0,0.3225918613271102
0.4,1.1290367445308442,0.0,0,0,0.3225918613271102
0.5,1.1612959306635553,0.0,0,0,0.3225918613271102
0.6,1.1935551167962664,0.0,0,0,0.3225918613271102
0.7,1.2258143029289774,0.0,0,0,0.3225918613271102
0.7999999999999999,1.2580734890616885,0.0,0,0,0.3225918613271102
0.8999999999999999,1.2903326751943995,0.0,0,0,0.3225918613271102
0.9999999999999999,1.3225918613271106,0.0,0,0,0.3225918613271102
1.0999999999999999,1.3548510474598217,0.0,0,0,0.3225918613271102
1.2,1.3871102335925327,0.0,0,0,0.3225918613271102
1.3,1.4193694197252438,0.0,0,0,0.3225918613271102
1.4000000000000001,1.4516286058579548,0.0,0,0,0.3225918613271102
1.5000000000000002,1.483887791990666,0.0,0,0,0.3225918613271102
1.6000000000000003,1.516146978123377,0.0,0,0,0.3225918613271102
1.7000000000000004,1.548406164256088,0.0,0,0,0.3225918613271102
1.8000000000000005,1.580665350388799,0.0,0,0,0.3225918613271102
1.9000000000000006,1.6129245365215101,0.0,0,0,0.3225918613271102
2.0000000000000004,1.6451837226542212,0.0,0,0,0.3225918613271102
2.1000000000000005,1.6774429087869323,0.0,0,0,0.3225918613271102
2.2000000000000006,1.7097020949196433,0.0,0,0,0.3225918613271102
2.3000000000000007,1.7419612810523544,0.0,0,0,0.3225918613271102
2.400000000000001,1.7742204671850654,0.0,0,0,0.3225918613271102
2.500000000000001,1.8064796533177765,0.010000000000000002,0,0,0.3225918613271102
2.600000000000001,1.8387388394504875,0.020000000000000004,0,0,0.3225918613271102
2.700000000000001,1.8709980255831986,0.030000000000000006,0,0,0.3225918613271102
2.800000000000001,1.9032572117159097,0.04000000000000001,0,0,0.3225918613271102
2.9000000000000012,1.9355163978486207,0.05000000000000001,0,0,0.3225918613271102
3.0000000000000013,1.9677755839813318,0.06000000000000001,0,0,0.3225918613271102
3.1000000000000014,2.0,0.07,0,0,0.3225918613271102
3.2000000000000015,2.0,0.08000000000000002,0,0,0.3225918613271102
3.3000000000000016,2.0,0.09000000000000002,0,0,0.3225918613271102
3.4000000000000017,2.0,0.10000000000000003,0,0,0.3225918613271102
3.5000000000000018,2.0,0.11000000000000004,0,0,0.3225918613271102
3.600000000000002,2.0,0.12000000000000005,0,0,0.3225918613271102
3.700000000000002,2.0,0.13000000000000006,0,0,0.3225918613271102
3.800000000000002,2.0,0.14000000000000007,0,0,0.3225918613271102
3.900000000000002,2.0,0.15000000000000008,0,0,0.3225918613271102
4.000000000000002,2.0,0.1600000000000001,0,0,0.3225918613271102
4.100000000000001,2.0,0.1700000000000001,0,0,0.3225918613271102
4.200000000000001,2.0,0.1800000000000001,0,0,0.3225918613271102
4.300000000000001,2.0,0.1900000000000001,0,0,0.3225918613271102
4.4,2.0,0.20000000000000012,0,0,0.3225918613271102
4.5,2.0,0.21000000000000013,0,0,0.3225918613271102
4.6,2.0,0.22000000000000014,0,0,0.3225918613271102
4.699999999999999,2.0,0.23000000000000015,0,0,0.3225918613271102
4.799999999999999,2.0,0.24000000000000016,0,0,0.3225918613271102
4.899999999999999,2.0,0.25000000000000017,0,0,0.3225918613271102
4.999999999999998,2.0,0.2600000000000002,0,0,0.3225918613271102
5.099999999999998,2.0,0.2700000000000002,0,0,0.3225918613271102
5.1999999999999975,2.0,0.2800000000000002,0,0,0.3225918613271102
5.299999999999997,2.0,0.2900000000000002,0,0,0.3225918613271102
5.399999999999997,2.0,0.3000000000000002,0,0,0.3225918613271102
5.4999999999999964,2.0,0.3100000000000002,0,0,0.3225918613271102
5.599999999999996,2.0,0.32000000000000023,0,0,0.3225918613271102
5.699999999999996,2.0,0.33000000000000024,0,0,0.3225918613271102
5.799999999999995,2.0,0.34000000000000025,0,0,0.3225918613271102
5.899999999999995,2.0,0.35000000000000026,0,0,0.3225918613271102
5.999999999999995,2.0,0.36000000000000026,0,0,0.3225918613271102
6.099999999999994,2.0,0.3700000000000003,0,0,0.3225918613271102
6.199999999999994,2.0,0.3800000000000003,0,0,0.3225918613271102
6.299999999999994,2.0,0.3900000000000003,0,0,0.3225918613271102
6.399999999999993,2.0,0.4000000000000003,0,0,0.3225918613271102
6.499999999999993,2.0,0.4100000000000003,0,0,0.3225918613271102
6.5999999999999925,2.0,0.4200000000000003,0,0,0.3225918613271102
6.699999999999992,2.0,0.4300000000000003,0,0,0.3225918613271102
6.799999999999992,2.0,0.44000000000000034,0,0,0.3225918613271102
6.8999999999999915,2.0,0.45000000000000034,0,0,0.3225918613271102
6.999999999999991,2.0,0.46000000000000035,0,0,0.3225918613271102
7.099999999999991,2.0,0.47000000000000036,0,0,0.3225918613271102
7.19999999999999,2.0,0.48000000000000037,0,0,0.3225918613271102
7.29999999999999,2.0,0.4900000000000004,0,0,0.3225918613271102
7.39999999999999,2.0,0.5000000000000003,0,0,0.3225918613271102
7.499999999999989,2.0,0.5100000000000003,0,0,0.3225918613271102
7.599999999999989,2.0,0.5200000000000004,0,0,0.3225918613271102
7.699999999999989,2.0,0.5300000000000004,0,0,0.3225918613271102
7.799999999999988,2.0,0.5400000000000004,0,0,0.3225918613271102
7.899999999999988,2.0,0.5500000000000004,0,0,0.3225918613271102
7.999999999999988,2.0,0.5600000000000004,0,0,0.3225918613271102
8.099999999999987,2.0,0.5700000000000004,0,0,0.3225918613271102
8.199999999999987,2.0,0.5800000000000004,0,0,0.3225918613271102
8.299999999999986,2.0,0.5900000000000004,0,0,0.3225918613271102
8.399999999999986,2.0,0.6000000000000004,0,0,0.3225918613271102
8.499999999999986,2.0,0.6100000000000004,0,0,0.3225918613271102
8.599999999999985,2.0,0.6200000000000004,0,0,0.3225918613271102
8.699999999999985,2.0,0.6300000000000004,0,0,0.3225918613271102
8.799999999999985,2.0,0.6400000000000005,0,0,0.3225918613271102
8.899999999999984,2.0,0.6500000000000005,0,0,0.3225918613271102
8.999999999999984,2.0,0.6600000000000005,0,0,0.3225918613271102
9.099999999999984,2.0,0.6700000000000005,0,0,0.3225918613271102
9.199999999999983,2.0,0.6800000000000005,0,0,0.3225918613271102
9.299999999999983,2.0,0.6900000000000005,0,0,0.3225918613271102
9.399999999999983,2.0,0.7000000000000005,0,0,0.3225918613271102
9.499999999999982,2.0,0.7100000000000005,0,0,0.3225918613271102
9.599999999999982,2.0,0.7200000000000005,0,0,0.3225918613271102
9.699999999999982,2.0,0.7300000000000005,0,0,0.3225918613271102
9.799999999999981,2.0,0.7400000000000005,0,0,0.3225918613271102
9.89999999999998,2.0,0.7500000000000006,0,0,0.3225918613271102
9.99999999999998,2.0,0.7600000000000006,0,0,0.3225918613271102
10.09999999999998,2.0,0.7700000000000006,0,0,0.3225918613271102
10.19999999999998,2.0,0.7800000000000006,0,0,0.3225918613271102
10.29999999999998,2.0,0.7900000000000006,0,0,0.3225918613271102
10.399999999999979,2.0,0.8000000000000006,0,0,0.3225918613271102
10.499999999999979,2.0,0.8100000000000006,0,0,0.3225918613271102
10.599999999999978,2.0,0.8200000000000006,0,0,0.3225918613271102
10.699999999999978,2.0,0.8300000000000006,0,0,0.3225918613271102
10.799999999999978,2.0,0.8400000000000006,0,0,0.3225918613271102
10.899999999999977,2.0,0.8500000000000006,0,0,0.3225918613271102
10.999999999999977,2.0,0.8600000000000007,0,0,0.3225918613271102
11.099999999999977,2.0,0.8700000000000007,0,0,0.3225918613271102
11.199999999999976,2.0,0.8800000000000007,0,0,0.3225918613271102
11.299999999999976,2.0,0.8900000000000007,0,0,0.3225918613271102
11.399999999999975,2.0,0.9000000000000007,0,0,0.3225918613271102
11.499999999999975,2.0,0.9100000000000007,0,0,0.3225918613271102
11.599999999999975,2.0,0.9200000000000007,0,0,0.3225918613271102
11.699999999999974,2.0,0.9300000000000007,0,0,0.3225918613271102
11.799999999999974,2.0,0.9400000000000007,0,0,0.3225918613271102
11.899999999999974,2.0,0.9500000000000007,0,0,0.3225918613271102
11.999999999999973,2.0,0.9600000000000007,0,0,0.3225918613271102
12.099999999999973,2.0,0.9700000000000008,0,0,0.3225918613271102
12.199999999999973,2.0,0.9800000000000008,0,0,0.3225918613271102
12.299999999999972,2.0,0.9900000000000008,0,0,0.3225918613271102
12.399999999999972,2.0,1.0,0,0,0.3225918613271102
12.499999999999972,1.032259186132711,0.0,0,0,0.3225918613271102
12.599999999999971,1.0645183722654221,0.0,0,0,0.3225918613271102
12.69999999999997,1.0967775583981332,0.0,0,0,0.3225918613271102
12.79999999999997,1.1290367445308442,0.0,0,0,0.3225918613271102
12.89999999999997,1.1612959306635553,0.0,0,0,0.3225918613271102
12.99999999999997,1.1935551167962664,0.0,0,0,0.3225918613271102
13.09999999999997,1.2258143029289774,0.0,0,0,0.3225918613271102
13.199999999999969,1.2580734890616885,0.0,0,0,0.3225918613271102
13.299999999999969,1.2903326751943995,0.0,0,0,0.3225918613271102
13.399999999999968,1.3225918613271106,0.0,0,0,0.3225918613271102
13.499999999999968,1.3548510474598217,0.0,0,0,0.3225918613271102
13.599999999999968,1.3871102335925327,0.0,0,0,0.3225918613271102
13.699999999999967,1.4193694197252438,0.0,0,0,0.3225918613271102
13.799999999999967,1.4516286058579548,0.0,0,0,0.3225918613271102
13.899999999999967,1.483887791990666,0.0,0,0,0.3225918613271102
13.999999999999966,1.516146978123377,0.0,0,0,0.3225918613271102
14.099999999999966,1.548406164256088,0.0,0,0,0.3225918613271102
14.199999999999966,1.580665350388799,0.0,0,0,0.3225918613271102
14.299999999999965,1.6129245365215101,0.0,0,0,0.3225918613271102
14.399999999999965,1.6451837226542212,0.0,0,0,0.3225918613271102
14.499999999999964,1.6774429087869323,0.0,0,0,0.3225918613271102
14.599999999999964,1.7097020949196433,0.0,0,0,0.3225918613271102
14.699999999999964,1.7419612810523544,0.0,0,0,0.3225918613271102
14.799999999999963,1.7742204671850654,0.0,0,0,0.3225918613271102
14.899999999999963,1.8064796533177765,0.010000000000000002,0,0,0.3225918613271102
14.999999999999963,1.8387388394504875,0.020000000000000004,0,0,0.3225918613271102
15.099999999999962,1.8709980255831986,0.030000000000000006,0,0,0.3225918613271102
15.199999999999962,1.9032572117159097,0.04000000000000001,0,0,0.3225918613271102
15.299999999999962,1.9355163978486207,0.05000000000000001,0,0,0.3225918613271102
15.399999999999961,1.9677755839813318,0.06000000000000001,0,0,0.3225918613271102
15.499999999999961,2.0,0.07,0,0,0.3225918613271102
15.59999999999996,2.0,0.08000000000000002,0,0,0.3225918613271102
15.69999999999996,2.0,0.09000000000000002,0,0,0.3225918613271102
15.79999999999996,2.0,0.10000000000000003,0,0,0.3225918613271102
15.89999999999996,2.0,0.11000000000000004,0,0,0.3225918613271102
15.99999999999996,2.0,0.12000000000000005,0,0,0.3225918613271102
16.09999999999996,2.0,0.13000000000000006,0,0,0.3225918613271102
16.19999999999996,2.0,0.14000000000000007,0,0,0.3225918613271102
16.29999999999996,2.0,0.15000000000000008,0,0,0.3225918613271102
16.399999999999963,2.0,0.1600000000000001,0,0,0.3225918613271102
16.499999999999964,2.0,0.1700000000000001,0,0,0.3225918613271102
16.599999999999966,2.0,0.1800000000000001,0,0,0.3225918613271102
16.699999999999967,2.0,0.1900000000000001,0,0,0.3225918613271102
16.79999999999997,2.0,0.20000000000000012,0,0,0.3225918613271102
16.89999999999997,2.0,0.21000000000000013,0,0,0.3225918613271102
16.99999999999997,2.0,0.22000000000000014,0,0,0.3225918613271102
17.099999999999973,2.0,0.23000000000000015,0,0,0.3225918613271102
17.199999999999974,2.0,0.24000000000000016,0,0,0.3225918613271102
17.299999999999976,2.0,0.25000000000000017,0,0,0.3225918613271102
17.399999999999977,2.0,0.2600000000000002,0,0,0.3225918613271102
17.49999999999998,2.0,0.2700000000000002,0,0,0.3225918613271102
17.59999999999998,2.0,0.2800000000000002,0,0,0.3225918613271102
17.69999999999998,2.0,0.2900000000000002,0,0,0.3225918613271102
17.799999999999983,2.0,0.3000000000000002,0,0,0.3225918613271102
17.899999999999984,2.0,0.3100000000000002,0,0,0.3225918613271102
17.999999999999986,2.0,0.32000000000000023,0,0,0.3225918613271102
18.099999999999987,2.0,0.33000000000000024,0,0,0.3225918613271102
18.19999999999999,2.0,0.34000000000000025,0,0,0.3225918613271102
18.29999999999999,2.0,0.35000000000000026,0,0,0.3225918613271102
18.39999999999999,2.0,0.36000000000000026,0,0,0.3225918613271102
18.499999999999993,2.0,0.3700000000000003,0,0,0.3225918613271102
18.599999999999994,2.0,0.3800000000000003,0,0,0.3225918613271102
18.699999999999996,2.0,0.3900000000000003,0,0,0.3225918613271102
18.799999999999997,2.0,0.4000000000000003,0,0,0.3225918613271102
18.9,2.0,0.4100000000000003,0,0,0.3225918613271102
19.0,2.0,0.4200000000000003,0,0,0.3225918613271102
19.1,2.0,0.4300000000000003,0,0,0.3225918613271102
19.200000000000003,2.0,0.44000000000000034,0,0,0.3225918613271102
19.300000000000004,2.0,0.45000000000000034,0,0,0.3225918613271102
19.400000000000006,2.0,0.46000000000000035,0,0,0.3225918613271102
19.500000000000007,2.0,0.47000000000000036,0,0,0.3225918613271102
19.60000000000001,2.0,0.48000000000000037,0,0,0.3225918613271102
19.70000000000001,2.0,0.4900000000000004,0,0,0.3225918613271102
19.80000000000001,2.0,0.5000000000000003,0,0,0.3225918613271102
19.900000000000013,2.0,0.5100000000000003,0,0,0.3225918613271102
20.000000000000014,2.0,0.5200000000000004,0,0,0.3225918613271102
20.100000000000016,2.0,0.5300000000000004,0,0,0.3225918613271102
20.200000000000017,2.0,0.5400000000000004,0,0,0.3225918613271102
20.30000000000002,2.0,0.5500000000000004,0,0,0.3225918613271102
20.40000000000002,2.0,0.5600000000000004,0,0,0.3225918613271102
20.50000000000002,2.0,0.5700000000000004,0,0,0.3225918613271102
20.600000000000023,2.0,0.5800000000000004,0,0,0.3225918613271102
20.700000000000024,2.0,0.5900000000000004,0,0,0.3225918613271102
20.800000000000026,2.0,0.6000000000000004,0,0,0.3225918613271102
20.900000000000027,2.0,0.6100000000000004,0,0,0.3225918613271102
21.00000000000003,2.0,0.6200000000000004,0,0,0.3225918613271102
21.10000000000003,2.0,0.6300000000000004,0,0,0.3225918613271102
21.20000000000003,2.0,0.6400000000000005,0,0,0.3225918613271102
21.300000000000033,2.0,0.6500000000000005,0,0,0.3225918613271102
21.400000000000034,2.0,0.6600000000000005,0,0,0.3225918613271102
21.500000000000036,2.0,0.6700000000000005,0,0,0.3225918613271102
21.600000000000037,2.0,0.6800000000000005,0,0,0.3225918613271102
21.70000000000004,2.0,0.6900000000000005,0,0,0.3225918613271102
21.80000000000004,2.0,0.7000000000000005,0,0,0.3225918613271102
21.90000000000004,2.0,0.7100000000000005,0,0,0.3225918613271102
22.000000000000043,2.0,0.7200000000000005,0,0,0.3225918613271102
22.100000000000044,2.0,0.7300000000000005,0,0,0.3225918613271102
22.200000000000045,2.0,0.7400000000000005,0,0,0.3225918613271102
22.300000000000047,2.0,0.7500000000000006,0,0,0.3225918613271102
22.40000000000005,2.0,0.7600000000000006,0,0,0.3225918613271102
22.50000000000005,2.0,0.7700000000000006,0,0,0.3225918613271102
22.60000000000005,2.0,0.7800000000000006,0,0,0.3225918613271102
22.700000000000053,2.0,0.7900000000000006,0,0,0.3225918613271102
22.800000000000054,2.0,0.8000000000000006,0,0,0.3225918613271102
22.900000000000055,2.0,0.8100000000000006,0,0,0.3225918613271102
23.000000000000057,2.0,0.8200000000000006,0,0,0.3225918613271102
23.10000000000006,2.0,0.8300000000000006,0,0,0.3225918613271102
23.20000000000006,2.0,0.8400000000000006,0,0,0.3225918613271102
23.30000000000006,2.0,0.8500000000000006,0,0,0.3225918613271102
23.400000000000063,2.0,0.8600000000000007,0,0,0.3225918613271102
23.500000000000064,2.0,0.8700000000000007,0,0,0.3225918613271102
23.600000000000065,2.0,0.8800000000000007,0,0,0.3225918613271102
23.700000000000067,2.0,0.8900000000000007,0,0,0.3225918613271102
23.800000000000068,2.0,0.9000000000000007,0,0,0.3225918613271102
23.90000000000007,2.0,0.9100000000000007,0,0,0.3225918613271102
24.00000000000007,2.0,0.9200000000000007,0,0,0.3225918613271102
24.100000000000072,2.0,0.9300000000000007,0,0,0.3225918613271102
24.200000000000074,2.0,0.9400000000000007,0,0,0.3225918613271102
24.300000000000075,2.0,0.9500000000000007,0,0,0.3225918613271102
24.400000000000077,2.0,0.9600000000000007,0,0,0.3225918613271102
24.500000000000078,2.0,0.9700000000000008,0,0,0.3225918613271102
24.60000000000008,2.0,0.9800000000000008,0,0,0.3225918613271102
24.70000000000008,2.0,0.9900000000000008,0,0,0.3225918613271102
24.800000000000082,2.0,1.0,0,0,0.3225918613271102
24.900000000000084,1.032259186132711,0.0,0,0,0.3225918613271102
25.000000000000085,1.0645183722654221,0.0,0,0,0.3225918613271102
25.100000000000087,1.0967775583981332,0.0,0,0,0.3225918613271102
25.200000000000088,1.1290367445308442,0.0,0,0,0.3225918613271102
25.30000000000009,1.1612959306635553,0.0,0,0,0.3225918613271102
25.40000000000009,1.1935551167962664,0.0,0,0,0.3225918613271102
25.500000000000092,1.2258143029289774,0.0,0,0,0.3225918613271102
25.600000000000094,1.2580734890616885,0.0,0,0,0.3225918613271102
25.700000000000095,1.2903326751943995,0.0,0,0,0.3225918613271102
25.800000000000097,1.3225918613271106,0.0,0,0,0.3225918613271102
25.900000000000098,1.3548510474598217,0.0,0,0,0.3225918613271102
26.0000000000001,1.3871102335925327,0.0,0,0,0.3225918613271102
26.1000000000001,1.4193694197252438,0.0,0,0,0.3225918613271102
26.200000000000102,1.4516286058579548,0.0,0,0,0.3225918613271102
26.300000000000104,1.483887791990666,0.0,0,0,0.3225918613271102
26.400000000000105,1.516146978123377,0.0,0,0,0.3225918613271102
26.500000000000107,1.548406164256088,0.0,0,0,0.3225918613271102
26.600000000000108,1.580665350388799,0.0,0,0,0.3225918613271102
26.70000000000011,1.6129245365215101,0.0,0,0,0.3225918613271102
26.80000000000011,1.6451837226542212,0.0,0,0,0.3225918613271102
26.900000000000112,1.6774429087869323,0.0,0,0,0.3225918613271102
27.000000000000114,1.7097020949196433,0.0,0,0,0.3225918613271102
27.100000000000115,1.7419612810523544,0.0,0,0,0.3225918613271102
27.200000000000117,1.7742204671850654,0.0,0,0,0.3225918613271102
27.300000000000118,1.8064796533177765,0.010000000000000002,0,0,0.3225918613271102
27.40000000000012,1.8387388394504875,0.020000000000000004,0,0,0.3225918613271102
27.50000000000012,1.8709980255831986,0.030000000000000006,0,0,0.3225918613271102
27.600000000000122,1.9032572117159097,0.04000000000000001,0,0,0.3225918613271102
27.700000000000124,1.9355163978486207,0.05000000000000001,0,0,0.3225918613271102
27.800000000000125,1.9677755839813318,0.06000000000000001,0,0,0.3225918613271102
27.900000000000126,2.0,0.07,0,0,0.3225918613271102
28.000000000000128,2.0,0.08000000000000002,0,0,0.3225918613271102
28.10000000000013,2.0,0.09000000000000002,0,0,0.3225918613271102
28.20000000000013,2.0,0.10000000000000003,0,0,0.3225918613271102
28.300000000000132,2.0,0.11000000000000004,0,0,0.3225918613271102
28.400000000000134,2.0,0.12000000000000005,0,0,0.3225918613271102
28.500000000000135,2.0,0.13000000000000006,0,0,0.3225918613271102
28.600000000000136,2.0,0.14000000000000007,0,0,0.3225918613271102
28.700000000000138,2.0,0.15000000000000008,0,0,0.3225918613271102
28.80000000000014,2.0,0.1600000000000001,0,0,0.3225918613271102
28.90000000000014,2.0,0.1700000000000001,0,0,0.3225918613271102
29.000000000000142,2.0,0.1800000000000001,0,0,0.3225918613271102
29.100000000000144,2.0,0.1900000000000001,0,0,0.3225918613271102
29.200000000000145,2.0,0.20000000000000012,0,0,0.3225918613271102
29.300000000000146,2.0,0.21000000000000013,0,0,0.3225918613271102
29.400000000000148,2.0,0.22000000000000014,0,0,0.3225918613271102
29.50000000000015,2.0,0.23000000000000015,0,0,0.3225918613271102
29.60000000000015,2.0,0.24000000000000016,0,0,0.3225918613271102
29.700000000000152,2.0,0.25000000000000017,0,0,0.3225918613271102
29.800000000000153,2.0,0.2600000000000002,0,0,0.3225918613271102
29.900000000000155,2.0,0.2700000000000002,0,0,0.3225918613271102
30.000000000000156,2.0,0.2800000000000002,0,0,0.3225918613271102
0.1,1.032259186132711,0.0,1,0,0.3225918613271102
0.2,1.0645183722654221,0.0,1,0,0.3225918613271102
0.30000000000000004,1.0967775583981332,0.0,1,0,0.3225918613271102
0.4,1.1290367445308442,0.0,1,0,0.3225918613271102
0.5,1.1612959306635553,0.0,1,0,0.3225918613271102
0.6,1.1935551167962664,0.0,1,0,0.3225918613271102
0.7,1.2258143029289774,0.0,1,0,0.3225918613271102
0.7999999999999999,1.2580734890616885,0.0,1,0,0.3225918613271102
0.8999999999999999,1.2903326751943995,0.0,1,0,0.3225918613271102
0.9999999999999999,1.3225918613271106,0.0,1,0,0.3225918613271102
1.0999999999999999,1.3548510474598217,0.0,1,0,0.3225918613271102
1.2,1.3871102335925327,0.0,1,0,0.3225918613271102
1.3,1.4193694197252438,0.0,1,0,0.3225918613271102
1.4000000000000001,1.4516286058579548,0.0,1,0,0.3225918613271102
1.5000000000000002,1.483887791990666,0.0,1,0,0.3225918613271102
1.6000000000000003,1.516146978123377,0.0,1,0,0.3225918613271102
1.7000000000000004,1.548406164256088,0.0,1,0,0.3225918613271102
1.8000000000000005,1.580665350388799,0.0,1,0,0.3225918613271102
1.9000000000000006,1.6129245365215101,0.0,1,0,0.3225918613271102
2.0000000000000004,1.6451837226542212,0.0,1,0,0.3225918613271102
2.1000000000000005,1.6774429087869323,0.0,1,0,0.3225918613271102
2.2000000000000006,1.7097020949196433,0.0,1,0,0.3225918613271102
2.3000000000000007,1.7419612810523544,0.0,1,0,0.3225918613271102
2.400000000000001,1.7742204671850654,0.0,1,0,0.3225918613271102
2.500000000000001,1.8064796533177765,0.010000000000000002,1,0,0.3225918613271102
2.600000000000001,1.8387388394504875,0.020000000000000004,1,0,0.3225918613271102
2.700000000000001,1.8709980255831986,0.030000000000000006,1,0,0.3225918613271102
2.800000000000001,1.9032572117159097,0.04000000000000001,1,0,0.3225918613271102
2.9000000000000012,1.9355163978486207,0.05000000000000001,1,0,0.3225918613271102
3.0000000000000013,1.9677755839813318,0.06000000000000001,1,0,0.3225918613271102
3.1000000000000014,2.0,0.07,1,0,0.3225918613271102
3.2000000000000015,2.0,0.08000000000000002,1,0,0.3225918613271102
3.3000000000000016,2.0,0.09000000000000002,1,0,0.3225918613271102
3.4000000000000017,2.0,0.10000000000000003,1,0,0.3225918613271102
3.5000000000000018,2.0,0.11000000000000004,1,0,0.3225918613271102
3.600000000000002,2.0,0.12000000000000005,1,0,0.3225918613271102
3.700000000000002,2.0,0.13000000000000006,1,0,0.3225918613271102
3.800000000000002,2.0,0.14000000000000007,1,0,0.3225918613271102
3.900000000000002,2.0,0.15000000000000008,1,0,0.3225918613271102
4.000000000000002,2.0,0.1600000000000001,1,0,0.3225918613271102
4.100000000000001,2.0,0.1700000000000001,1,0,0.3225918613271102
4.200000000000001,2.0,0.1800000000000001,1,0,0.3225918613271102
4.300000000000001,2.0,0.1900000000000001,1,0,0.3225918613271102
4.4,2.0,0.20000000000000012,1,0,0.3225918613271102
4.5,2.0,0.21000000000000013,1,0,0.3225918613271102
4.6,2.0,0.22000000000000014,1,0,0.3225918613271102
4.699999999999999,2.0,0.23000000000000015,1,0,0.3225918613271102
4.799999999999999,2.0,0.24000000000000016,1,0,0.3225918613271102
4.899999999999999,2.0,0.25000000000000017,1,0,0.3225918613271102
4.999999999999998,2.0,0.2600000000000002,1,0,0.3225918613271102
5.099999999999998,2.0,0.2700000000000002,1,0,0.3225918613271102
5.1999999999999975,2.0,0.2800000000000002,1,0,0.3225918613271102
5.299999999999997,2.0,0.2900000000000002,1,0,0.3225918613271102
5.399999999999997,2.0,0.3000000000000002,1,0,0.3225918613271102
5.4999999999999964,2.0,0.3100000000000002,1,0,0.3225918613271102
5.599999999999996,2.0,0.32000000000000023,1,0,0.3225918613271102
5.699999999999996,2.0,0.33000000000000024,1,0,0.3225918613271102
5.799999999999995,2.0,0.34000000000000025,1,0,0.3225918613271102
5.899999999999995,2.0,0.35000000000000026,1,0,0.3225918613271102
5.999999999999995,2.0,0.36000000000000026,1,0,0.3225918613271102
6.099999999999994,2.0,0.3700000000000003,1,0,0.3225918613271102
6.199999999999994,2.0,0.3800000000000003,1,0,0.3225918613271102
6.299999999999994,2.0,0.3900000000000003,1,0,0.3225918613271102
6.399999999999993,2.0,0.4000000000000003,1,0,0.3225918613271102
6.499999999999993,2.0,0.4100000000000003,1,0,0.3225918613271102
6.5999999999999925,2.0,0.4200000000000003,1,0,0.3225918613271102
6.699999999999992,2.0,0.4300000000000003,1,0,0.3225918613271102
6.799999999999992,2.0,0.44000000000000034,1,0,0.3225918613271102
6.8999999999999915,2.0,0.45000000000000034,1,0,0.3225918613271102
6.999999999999991,2.0,0.46000000000000035,1,0,0.3225918613271102
7.099999999999991,2.0,0.47000000000000036,1,0,0.3225918613271102
7.19999999999999,2.0,0.48000000000000037,1,0,0.3225918613271102
7.29999999999999,2.0,0.4900000000000004,1,0,0.3225918613271102
7.39999999999999,2.0,0.5000000000000003,1,0,0.3225918613271102
7.499999999999989,2.0,0.5100000000000003,1,0,0.3225918613271102
7.599999999999989,2.0,0.5200000000000004,1,0,0.3225918613271102
7.699999999999989,2.0,0.5300000000000004,1,0,0.3225918613271102
7.799999999999988,2.0,0.5400000000000004,1,0,0.3225918613271102
7.899999999999988,2.0,0.5500000000000004,1,0,0.3225918613271102
7.999999999999988,2.0,0.5600000000000004,1,0,0.3225918613271102
8.099999999999987,2.0,0.5700000000000004,1,0,0.3225918613271102
8.199999999999987,2.0,0.5800000000000004,1,0,0.3225918613271102
8.299999999999986,2.0,0.5900000000000004,1,0,0.3225918613271102
8.399999999999986,2.0,0.6000000000000004,1,0,0.3225918613271102
8.499999999999986,2.0,0.6100000000000004,1,0,0.3225918613271102
8.599999999999985,2.0,0.6200000000000004,1,0,0.3225918613271102
8.699999999999985,2.0,0.6300000000000004,1,0,0.3225918613271102
8.799999999999985,2.0,0.6400000000000005,1,0,0.3225918613271102
8.899999999999984,2.0,0.6500000000000005,1,0,0.3225918613271102
8.999999999999984,2.0,0.6600000000000005,1,0,0.3225918613271102
9.099999999999984,2.0,0.6700000000000005,1,0,0.3225918613271102
9.199999999999983,2.0,0.6800000000000005,1,0,0.3225918613271102
9.299999999999983,2.0,0.6900000000000005,1,0,0.3225918613271102
9.399999999999983,2.0,0.7000000000000005,1,0,0.3225918613271102
9.499999999999982,2.0,0.7100000000000005,1,0,0.3225918613271102
9.599999999999982,2.0,0.7200000000000005,1,0,0.3225918613271102
9.699999999999982,2.0,0.7300000000000005,1,0,0.3225918613271102
9.799999999999981,2.0,0.7400000000000005,1,0,0.3225918613271102
9.89999999999998,2.0,0.7500000000000006,1,0,0.3225918613271102
9.99999999999998,2.0,0.7600000000000006,1,0,0.3225918613271102
10.09999999999998,2.0,0.7700000000000006,1,0,0.3225918613271102
10.19999999999998,2.0,0.7800000000000006,1,0,0.3225918613271102
10.29999999999998,2.0,0.7900000000000006,1,0,0.3225918613271102
10.399999999999979,2.0,0.8000000000000006,1,0,0.3225918613271102
10.499999999999979,2.0,0.8100000000000006,1,0,0.3225918613271102
10.599999999999978,2.0,0.8200000000000006,1,0,0.3225918613271102
10.699999999999978,2.0,0.8300000000000006,1,0,0.3225918613271102
10.799999999999978,2.0,0.8400000000000006,1,0,0.3225918613271102
10.899999999999977,2.0,0.8500000000000006,1,0,0.3225918613271102
10.999999999999977,2.0,0.8600000000000007,1,0,0.3225918613271102
11.099999999999977,2.0,0.8700000000000007,1,0,0.3225918613271102
11.199999999999976,2.0,0.8800000000000007,1,0,0.3225918613271102
11.299999999999976,2.0,0.8900000000000007,1,0,0.3225918613271102
11.399999999999975,2.0,0.9000000000000007,1,0,0.3225918613271102
11.499999999999975,2.0,0.9100000000000007,1,0,0.3225918613271102
11.599999999999975,2.0,0.9200000000000007,1,0,0.3225918613271102
11.699999999999974,2.0,0.9300000000000007,1,0,0.3225918613271102
11.799999999999974,2.0,0.9400000000000007,1,0,0.3225918613271102
11.899999999999974,2.0,0.9500000000000007,1,0,0.3225918613271102
11.999999999999973,2.0,0.9600000000000007,1,0,0.3225918613271102
12.099999999999973,2.0,0.9700000000000008,1,0,0.3225918613271102
12.199999999999973,2.0,0.9800000000000008,1,0,0.3225918613271102
12.299999999999972,2.0,0.9900000000000008,1,0,0.3225918613271102
12.399999999999972,2.0,1.0,1,0,0.3225918613271102
12.499999999999972,1.032259186132711,0.0,1,0,0.3225918613271102
12.599999999999971,1.0645183722654221,0.0,1,0,0.3225918613271102
12.69999999999997,1.0967775583981332,0.0,1,0,0.3225918613271102
12.79999999999997,1.1290367445308442,0.0,1,0,0.3225918613271102
12.89999999999997,1.1612959306635553,0.0,1,0,0.3225918613271102
12.99999999999997,1.1935551167962664,0.0,1,0,0.3225918613271102
13.09999999999997,1.2258143029289774,0.0,1,0,0.3225918613271102
13.199999999999969,1.2580734890616885,0.0,1,0,0.3225918613271102
13.299999999999969,1.2903326751943995,0.0,1,0,0.3225918613271102
13.399999999999968,1.3225918613271106,0.0,1,0,0.3225918613271102
13.499999999999968,1.3548510474598217,0.0,1,0,0.3225918613271102
13.599999999999968,1.3871102335925327,0.0,1,0,0.3225918613271102
13.699999999999967,1.4193694197252438,0.0,1,0,0.3225918613271102
13.799999999999967,1.4516286058579548,0.0,1,0,0.3225918613271102
13.899999999999967,1.483887791990666,0.0,1,0,0.3225918613271102
13.999999999999966,1.516146978123377,0.0,1,0,0.3225918613271102
14.099999999999966,1.548406164256088,0.0,1,0,0.3225918613271102
14.199999999999966,1.580665350388799,0.0,1,0,0.3225918613271102
14.299999999999965,1.6129245365215101,0.0,1,0,0.3225918613271102
14.399999999999965,1.6451837226542212,0.0,1,0,0.3225918613271102
14.499999999999964,1.6774429087869323,0.0,1,0,0.3225918613271102
14.599999999999964,1.7097020949196433,0.0,1,0,0.3225918613271102
14.699999999999964,1.7419612810523544,0.0,1,0,0.3225918613271102
14.799999999999963,1.7742204671850654,0.0,1,0,0.3225918613271102
14.899999999999963,1.8064796533177765,0.010000000000000002,1,0,0.3225918613271102
14.999999999999963,1.8387388394504875,0.020000000000000004,1,0,0.3225918613271102
15.099999999999962,1.8709980255831986,0.030000000000000006,1,0,0.3225918613271102
15.199999999999962,1.9032572117159097,0.04000000000000001,1,0,0.3225918613271102
15.299999999999962,1.9355163978486207,0.05000000000000001,1,0,0.3225918613271102
15.399999999999961,1.9677755839813318,0.06000000000000001,1,0,0.3225918613271102
15.499999999999961,2.0,0.07,1,0,0.3225918613271102
15.59999999999996,2.0,0.08000000000000002,1,0,0.3225918613271102
15.69999999999996,2.0,0.09000000000000002,1,0,0.3225918613271102
15.79999999999996,2.0,0.10000000000000003,1,0,0.3225918613271102
15.89999999999996,2.0,0.11000000000000004,1,0,0.3225918613271102
15.99999999999996,2.0,0.12000000000000005,1,0,0.3225918613271102
16.09999999999996,2.0,0.13000000000000006,1,0,0.3225918613271102
16.19999999999996,2.0,0.14000000000000007,1,0,0.3225918613271102
16.29999999999996,2.0,0.15000000000000008,1,0,0.3225918613271102
16.399999999999963,2.0,0.1600000000000001,1,0,0.3225918613271102
16.499999999999964,2.0,0.1700000000000001,1,0,0.3225918613271102
16.599999999999966,2.0,0.1800000000000001,1,0,0.3225918613271102
16.699999999999967,2.0,0.1900000000000001,1,0,0.3225918613271102
16.79999999999997,2.0,0.20000000000000012,1,0,0.3225918613271102
16.89999999999997,2.0,0.21000000000000013,1,0,0.3225918613271102
16.99999999999997,2.0,0.22000000000000014,1,0,0.3225918613271102
17.099999999999973,2.0,0.23000000000000015,1,0,0.3225918613271102
17.199999999999974,2.0,0.24000000000000016,1,0,0.3225918613271102
17.299999999999976,2.0,0.25000000000000017,1,0,0.3225918613271102
17.399999999999977,2.0,0.2600000000000002,1,0,0.3225918613271102
17.49999999999998,2.0,0.2700000000000002,1,0,0.3225918613271102
17.59999999999998,2.0,0.2800000000000002,1,0,0.3225918613271102
0.1,1.032259186132711,0.0,2,0,0.3225918613271102
0.2,1.0645183722654221,0.0,2,0,0.3225918613271102
0.30000000000000004,1.0967775583981332,0.0,2,0,0.3225918613271102
0.4,1.1290367445308442,0.0,2,0,0.3225918613271102
0.5,1.1612959306635553,0.0,2,0,0.3225918613271102
0.6,1.1935551167962664,0.0,2,0,0.3225918613271102
0.7,1.2258143029289774,0.0,2,0,0.3225918613271102
0.7999999999999999,1.2580734890616885,0.0,2,0,0.3225918613271102
0.8999999999999999,1.2903326751943995,0.0,2,0,0.3225918613271102
0.9999999999999999,1.3225918613271106,0.0,2,0,0.3225918613271102
1.0999999999999999,1.3548510474598217,0.0,2,0,0.3225918613271102
1.2,1.3871102335925327,0.0,2,0,0.3225918613271102
1.3,1.4193694197252438,0.0,2,0,0.3225918613271102
1.4000000000000001,1.4516286058579548,0.0,2,0,0.3225918613271102
1.5000000000000002,1.483887791990666,0.0,2,0,0.3225918613271102
1.6000000000000003,1.516146978123377,0.0,2,0,0.3225918613271102
1.7000000000000004,1.548406164256088,0.0,2,0,0.3225918613271102
1.8000000000000005,1.580665350388799,0.0,2,0,0.3225918613271102
1.9000000000000006,1.6129245365215101,0.0,2,0,0.3225918613271102
2.0000000000000004,1.6451837226542212,0.0,2,0,0.3225918613271102
2.1000000000000005,1.6774429087869323,0.0,2,0,0.3225918613271102
2.2000000000000006,1.7097020949196433,0.0,2,0,0.3225918613271102
2.3000000000000007,1.7419612810523544,0.0,2,0,0.3225918613271102
2.400000000000001,1.7742204671850654,0.0,2,0,0.3225918613271102
2.500000000000001,1.8064796533177765,0.010000000000000002,2,0,0.3225918613271102
2.600000000000001,1.8387388394504875,0.020000000000000004,2,0,0.3225918613271102
2.700000000000001,1.8709980255831986,0.030000000000000006,2,0,0.3225918613271102
2.800000000000001,1.9032572117159097,0.04000000000000001,2,0,0.3225918613271102
2.9000000000000012,1.9355163978486207,0.05000000000000001,2,0,0.3225918613271102
3.0000000000000013,1.9677755839813318,0.06000000000000001,2,0,0.3225918613271102
3.1000000000000014,2.0,0.07,2,0,0.3225918613271102
3.2000000000000015,2.0,0.08000000000000002,2,0,0.3225918613271102
3.3000000000000016,2.0,0.09000000000000002,2,0,0.3225918613271102
3.4000000000000017,2.0,0.10000000000000003,2,0,0.3225918613271102
3.5000000000000018,2.0,0.11000000000000004,2,0,0.3225918613271102
3.600000000000002,2.0,0.12000000000000005,2,0,0.3225918613271102
3.700000000000002,2.0,0.13000000000000006,2,0,0.3225918613271102
3.800000000000002,2.0,0.14000000000000007,2,0,0.3225918613271102
3.900000000000002,2.0,0.15000000000000008,2,0,0.3225918613271102
4.000000000000002,2.0,0.1600000000000001,2,0,0.3225918613271102
4.100000000000001,2.0,0.1700000000000001,2,0,0.3225918613271102
4.200000000000001,2.0,0.1800000000000001,2,0,0.3225918613271102
4.300000000000001,2.0,0.1900000000000001,2,0,0.3225918613271102
4.4,2.0,0.20000000000000012,2,0,0.3225918613271102
4.5,2.0,0.21000000000000013,2,0,0.3225918613271102
4.6,2.0,0.22000000000000014,2,0,0.3225918613271102
4.699999999999999,2.0,0.23000000000000015,2,0,0.3225918613271102
4.799999999999999,2.0,0.24000000000000016,2,0,0.3225918613271102
4.899999999999999,2.0,0.25000000000000017,2,0,0.3225918613271102
4.999999999999998,2.0,0.2600000000000002,2,0,0.3225918613271102
5.099999999999998,2.0,0.2700000000000002,2,0,0.3225918613271102
5.1999999999999975,2.0,0.2800000000000002,2,0,0.3225918613271102
0.1,1.032259186132711,0.0,3,0,0.3225918613271102
0.2,1.0645183722654221,0.0,3,0,0.3225918613271102
0.30000000000000004,1.0967775583981332,0.0,3,0,0.3225918613271102
0.4,1.1290367445308442,0.0,3,0,0.3225918613271102
0.5,1.1612959306635553,0.0,3,0,0.3225918613271102
0.6,1.1935551167962664,0.0,3,0,0.3225918613271102
0.7,1.2258143029289774,0.0,3,0,0.3225918613271102
0.7999999999999999,1.2580734890616885,0.0,3,0,0.3225918613271102
0.8999999999999999,1.2903326751943995,0.0,3,0,0.3225918613271102
0.9999999999999999,1.3225918613271106,0.0,3,0,0.3225918613271102
1.0999999999999999,1.3548510474598217,0.0,3,0,0.3225918613271102
1.2,1.3871102335925327,0.0,3,0,0.3225918613271102
1.3,1.4193694197252438,0.0,3,0,0.3225918613271102
1.4000000000000001,1.4516286058579548,0.0,3,0,0.3225918613271102
1.5000000000000002,1.483887791990666,0.0,3,0,0.3225918613271102
1.6000000000000003,1.516146978123377,0.0,3,0,0.3225918613271102
1.7000000000000004,1.548406164256088,0.0,3,0,0.3225918613271102
1.8000000000000005,1.580665350388799,0.0,3,0,0.3225918613271102
1.9000000000000006,1.6129245365215101,0.0,3,0,0.3225918613271102
2.0000000000000004,1.6451837226542212,0.0,3,0,0.3225918613271102
2.1000000000000005,1.6774429087869323,0.0,3,0,0.3225918613271102
2.2000000000000006,1.7097020949196433,0.0,3,0,0.3225918613271102
2.3000000000000007,1.7419612810523544,0.0,3,0,0.3225918613271102
2.400000000000001,1.7742204671850654,0.0,3,0,0.3225918613271102
2.500000000000001,1.8064796533177765,0.010000000000000002,3,0,0.3225918613271102
2.600000000000001,1.8387388394504875,0.020000000000000004,3,0,0.3225918613271102
2.700000000000001,1.8709980255831986,0.030000000000000006,3,0,0.3225918613271102
2.800000000000001,1.9032572117159097,0.04000000000000001,3,0,0.3225918613271102
2.9000000000000012,1.9355163978486207,0.05000000000000001,3,0,0.3225918613271102
3.0000000000000013,1.9677755839813318,0.06000000000000001,3,0,0.3225918613271102
3.1000000000000014,2.0,0.07,3,0,0.3225918613271102
3.2000000000000015,2.0,0.08000000000000002,3,0,0.3225918613271102
3.3000000000000016,2.0,0.09000000000000002,3,0,0.3225918613271102
3.4000000000000017,2.0,0.10000000000000003,3,0,0.3225918613271102
3.5000000000000018,2.0,0.11000000000000004,3,0,0.3225918613271102
3.600000000000002,2.0,0.12000000000000005,3,0,0.3225918613271102
3.700000000000002,2.0,0.13000000000000006,3,0,0.3225918613271102
3.800000000000002,2.0,0.14000000000000007,3,0,0.3225918613271102
3.900000000000002,2.0,0.15000000000000008,3,0,0.3225918613271102
4.000000000000002,2.0,0.1600000000000001,3,0,0.3225918613271102
4.100000000000001,2.0,0.1700000000000001,3,0,0.3225918613271102
4.200000000000001,2.0,0.1800000000000001,3,0,0.3225918613271102
4.300000000000001,2.0,0.1900000000000001,3,0,0.3225918613271102
4.4,2.0,0.20000000000000012,3,0,0.3225918613271102
4.5,2.0,0.21000000000000013,3,0,0.3225918613271102
4.6,2.0,0.22000000000000014,3,0,0.3225918613271102
4.699999999999999,2.0,0.23000000000000015,3,0,0.3225918613271102
4.799999999999999,2.0,0.24000000000000016,3,0,0.3225918613271102
4.899999999999999,2.0,0.25000000000000017,3,0,0.3225918613271102
4.999999999999998,2.0,0.2600000000000002,3,0,0.3225918613271102
5.099999999999998,2.0,0.2700000000000002,3,0,0.3225918613271102
5.1999999999999975,2.0,0.2800000000000002,3,0,0.3225918613271102
0.1,1.016205334691903,0.0,0,1,0.16205334691903095
0.2,1.0324106693838062,0.0,0,1,0.16205334691903095
0.30000000000000004,1.0486160040757093,0.0,0,1,0.16205334691903095
0.4,1.0648213387676124,0.0,0,1,0.16205334691903095
0.5,1.0810266734595155,0.0,0,1,0.16205334691903095
0.6,1.0972320081514186,0.0,0,1,0.16205334691903095
0.7,1.1134373428433217,0.0,0,1,0.16205334691903095
0.7999999999999999,1.1296426775352248,0.0,0,1,0.16205334691903095
0.8999999999999999,1.145848012227128,0.0,0,1,0.16205334691903095
0.9999999999999999,1.162053346919031,0.0,0,1,0.16205334691903095
1.0999999999999999,1.1782586816109342,0.0,0,1,0.16205334691903095
1.2,1.1944640163028373,0.0,0,1,0.16205334691903095
1.3,1.2106693509947404,0.0,0,1,0.16205334691903095
1.4000000000000001,1.2268746856866435,0.0,0,1,0.16205334691903095
1.5000000000000002,1.2430800203785466,0.0,0,1,0.16205334691903095
1.6000000000000003,1.2592853550704497,0.0,0,1,0.16205334691903095
1.7000000000000004,1.2754906897623528,0.0,0,1,0.16205334691903095
1.8000000000000005,1.291696024454256,0.0,0,1,0.16205334691903095
1.9000000000000006,1.307901359146159,0.0,0,1,0.16205334691903095
2.0000000000000004,1.3241066938380621,0.0,0,1,0.16205334691903095
2.1000000000000005,1.3403120285299652,0.0,0,1,0.16205334691903095
2.2000000000000006,1.3565173632218683,0.0,0,1,0.16205334691903095
2.3000000000000007,1.3727226979137714,0.0,0,1,0.16205334691903095
2.400000000000001,1.3889280326056745,0.0,0,1,0.16205334691903095
2.500000000000001,1.4051333672975777,0.0,0,1,0.16205334691903095
2.600000000000001,1.4213387019894808,0.0,0,1,0.16205334691903095
2.700000000000001,1.4375440366813839,0.0,0,1,0.16205334691903095
2.800000000000001,1.453749371373287,0.0,0,1,0.16205334691903095
2.9000000000000012,1.46995470606519,0.0,0,1,0.16205334691903095
3.0000000000000013,1.4861600407570932,0.0,0,1,0.16205334691903095
3.1000000000000014,1.5023653754489963,0.0,0,1,0.16205334691903095
3.2000000000000015,1.5185707101408994,0.0,0,1,0.16205334691903095
3.3000000000000016,1.5347760448328025,0.0,0,1,0.16205334691903095
3.4000000000000017,1.5509813795247056,0.0,0,1,0.16205334691903095
3.5000000000000018,1.5671867142166087,0.0,0,1,0.16205334691903095
3.600000000000002,1.5833920489085118,0.0,0,1,0.16205334691903095
3.700000000000002,1.599597383600415,0.0,0,1,0.16205334691903095
3.800000000000002,1.615802718292318,0.0,0,1,0.16205334691903095
3.900000000000002,1.6320080529842211,0.0,0,1,0.16205334691903095
4.000000000000002,1.6482133876761242,0.0,0,1,0.16205334691903095
4.100000000000001,1.6644187223680273,0.0,0,1,0.16205334691903095
4.200000000000001,1.6806240570599305,0.0,0,1,0.16205334691903095
4.300000000000001,1.6968293917518336,0.0,0,1,0.16205334691903095
4.4,1.7130347264437367,0.0,0,1,0.16205334691903095
4.5,1.7292400611356398,0.0,0,1,0.16205334691903095
4.6,1.7454453958275429,0.0,0,1,0.16205334691903095
4.699999999999999,1.761650730519446,0.0,0,1,0.16205334691903095
4.799999999999999,1.777856065211349,0.0,0,1,0.16205334691903095
4.899999999999999,1.7940613999032522,0.0,0,1,0.16205334691903095
4.999999999999998,1.8102667345951553,0.010000000000000002,0,1,0.16205334691903095
5.099999999999998,1.8264720692870584,0.020000000000000004,0,1,0.16205334691903095
5.1999999999999975,1.8426774039789615,0.030000000000000006,0,1,0.16205334691903095
5.299999999999997,1.8588827386708646,0.04000000000000001,0,1,0.16205334691903095
5.399999999999997,1.8750880733627677,0.05000000000000001,0,1,0.16205334691903095
5.4999999999999964,1.8912934080546708,0.06000000000000001,0,1,0.16205334691903095
5.599999999999996,1.907498742746574,0.07,0,1,0.16205334691903095
5.699999999999996,1.923704077438477,0.08000000000000002,0,1,0.16205334691903095
5.799999999999995,1.9399094121303802,0.09000000000000002,0,1,0.16205334691903095
5.899999999999995,1.9561147468222833,0.10000000000000003,0,1,0.16205334691903095
5.999999999999995,1.9723200815141864,0.11000000000000004,0,1,0.16205334691903095
6.099999999999994,1.9885254162060895,0.12000000000000005,0,1,0.16205334691903095
6.199999999999994,2.0,0.13000000000000006,0,1,0.16205334691903095
6.299999999999994,2.0,0.14000000000000007,0,1,0.16205334691903095
6.399999999999993,2.0,0.15000000000000008,0,1,0.16205334691903095
6.499999999999993,2.0,0.1600000000000001,0,1,0.16205334691903095
6.5999999999999925,2.0,0.1700000000000001,0,1,0.16205334691903095
6.699999999999992,2.0,0.1800000000000001,0,1,0.16205334691903095
6.799999999999992,2.0,0.1900000000000001,0,1,0.16205334691903095
6.8999999999999915,2.0,0.20000000000000012,0,1,0.16205334691903095
6.999999999999991,2.0,0.21000000000000013,0,1,0.16205334691903095
7.099999999999991,2.0,0.22000000000000014,0,1,0.16205334691903095
7.19999999999999,2.0,0.23000000000000015,0,1,0.16205334691903095
7.29999999999999,2.0,0.24000000000000016,0,1,0.16205334691903095
7.39999999999999,2.0,0.25000000000000017,0,1,0.16205334691903095
7.499999999999989,2.0,0.2600000000000002,0,1,0.16205334691903095
7.599999999999989,2.0,0.2700000000000002,0,1,0.16205334691903095
7.699999999999989,2.0,0.2800000000000002,0,1,0.16205334691903095
7.799999999999988,2.0,0.2900000000000002,0,1,0.16205334691903095
7.899999999999988,2.0,0.3000000000000002,0,1,0.16205334691903095
7.999999999999988,2.0,0.3100000000000002,0,1,0.16205334691903095
8.099999999999987,2.0,0.32000000000000023,0,1,0.16205334691903095
8.199999999999987,2.0,0.33000000000000024,0,1,0.16205334691903095
8.299999999999986,2.0,0.34000000000000025,0,1,0.16205334691903095
8.399999999999986,2.0,0.35000000000000026,0,1,0.16205334691903095
8.499999999999986,2.0,0.36000000000000026,0,1,0.16205334691903095
8.599999999999985,2.0,0.3700000000000003,0,1,0.16205334691903095
8.699999999999985,2.0,0.3800000000000003,0,1,0.16205334691903095
8.799999999999985,2.0,0.3900000000000003,0,1,0.16205334691903095
8.899999999999984,2.0,0.4000000000000003,0,1,0.16205334691903095
8.999999999999984,2.0,0.4100000000000003,0,1,0.16205334691903095
9.099999999999984,2.0,0.4200000000000003,0,1,0.16205334691903095
9.199999999999983,2.0,0.4300000000000003,0,1,0.16205334691903095
9.299999999999983,2.0,0.44000000000000034,0,1,0.16205334691903095
9.399999999999983,2.0,0.45000000000000034,0,1,0.16205334691903095
9.499999999999982,2.0,0.46000000000000035,0,1,0.16205334691903095
9.599999999999982,2.0,0.47000000000000036,0,1,0.16205334691903095
9.699999999999982,2.0,0.48000000000000037,0,1,0.16205334691903095
9.799999999999981,2.0,0.4900000000000004,0,1,0.16205334691903095
9.89999999999998,2.0,0.5000000000000003,0,1,0.16205334691903095
9.99999999999998,2.0,0.5100000000000003,0,1,0.16205334691903095
10.09999999999998,2.0,0.5200000000000004,0,1,0.16205334691903095
10.19999999999998,2.0,0.5300000000000004,0,1,0.16205334691903095
10.29999999999998,2.0,0.5400000000000004,0,1,0.16205334691903095
10.399999999999979,2.0,0.5500000000000004,0,1,0.16205334691903095
10.499999999999979,2.0,0.5600000000000004,0,1,0.16205334691903095
10.599999999999978,2.0,0.5700000000000004,0,1,0.16205334691903095
10.699999999999978,2.0,0.5800000000000004,0,1,0.16205334691903095
10.799999999999978,2.0,0.5900000000000004,0,1,0.16205334691903095
10.899999999999977,2.0,0.6000000000000004,0,1,0.16205334691903095
10.999999999999977,2.0,0.6100000000000004,0,1,0.16205334691903095
11.099999999999977,2.0,0.6200000000000004,0,1,0.16205334691903095
11.199999999999976,2.0,0.6300000000000004,0,1,0.16205334691903095
11.299999999999976,2.0,0.6400000000000005,0,1,0.16205334691903095
11.399999999999975,2.0,0.6500000000000005,0,1,0.16205334691903095
11.499999999999975,2.0,0.6600000000000005,0,1,0.16205334691903095
11.599999999999975,2.0,0.6700000000000005,0,1,0.16205334691903095
11.699999999999974,2.0,0.6800000000000005,0,1,0.16205334691903095
11.799999999999974,2.0,0.6900000000000005,0,1,0.16205334691903095
11.899999999999974,2.0,0.7000000000000005,0,1,0.16205334691903095
11.999999999999973,2.0,0.7100000000000005,0,1,0.16205334691903095
12.099999999999973,2.0,0.7200000000000005,0,1,0.16205334691903095
12.199999999999973,2.0,0.7300000000000005,0,1,0.16205334691903095
12.299999999999972,2.0,0.7400000000000005,0,1,0.16205334691903095
12.399999999999972,2.0,0.7500000000000006,0,1,0.16205334691903095
12.499999999999972,2.0,0.7600000000000006,0,1,0.16205334691903095
12.599999999999971,2.0,0.7700000000000006,0,1,0.16205334691903095
12.69999999999997,2.0,0.7800000000000006,0,1,0.16205334691903095
12.79999999999997,2.0,0.7900000000000006,0,1,0.16205334691903095
12.89999999999997,2.0,0.8000000000000006,0,1,0.16205334691903095
12.99999999999997,2.0,0.8100000000000006,0,1,0.16205334691903095
13.09999999999997,2.0,0.8200000000000006,0,1,0.16205334691903095
13.199999999999969,2.0,0.8300000000000006,0,1,0.16205334691903095
13.299999999999969,2.0,0.8400000000000006,0,1,0.16205334691903095
13.399999999999968,2.0,0.8500000000000006,0,1,0.16205334691903095
13.499999999999968,2.0,0.8600000000000007,0,1,0.16205334691903095
13.599999999999968,2.0,0.8700000000000007,0,1,0.16205334691903095
13.699999999999967,2.0,0.8800000000000007,0,1,0.16205334691903095
13.799999999999967,2.0,0.8900000000000007,0,1,0.16205334691903095
13.899999999999967,2.0,0.9000000000000007,0,1,0.16205334691903095
13.999999999999966,2.0,0.9100000000000007,0,1,0.16205334691903095
14.099999999999966,2.0,0.9200000000000007,0,1,0.16205334691903095
14.199999999999966,2.0,0.9300000000000007,0,1,0.16205334691903095
14.299999999999965,2.0,0.9400000000000007,0,1,0.16205334691903095
14.399999999999965,2.0,0.9500000000000007,0,1,0.16205334691903095
14.499999999999964,2.0,0.9600000000000007,0,1,0.16205334691903095
14.599999999999964,2.0,0.9700000000000008,0,1,0.16205334691903095
14.699999999999964,2.0,0.9800000000000008,0,1,0.16205334691903095
14.799999999999963,2.0,0.9900000000000008,0,1,0.16205334691903095
14.899999999999963,2.0,1.0,0,1,0.16205334691903095
14.999999999999963,1.016205334691903,0.0,0,1,0.16205334691903095
15.099999999999962,1.0324106693838062,0.0,0,1,0.16205334691903095
15.199999999999962,1.0486160040757093,0.0,0,1,0.16205334691903095
15.299999999999962,1.0648213387676124,0.0,0,1,0.16205334691903095
15.399999999999961,1.0810266734595155,0.0,0,1,0.16205334691903095
15.499999999999961,1.0972320081514186,0.0,0,1,0.16205334691903095
15.59999999999996,1.1134373428433217,0.0,0,1,0.16205334691903095
15.69999999999996,1.1296426775352248,0.0,0,1,0.16205334691903095
15.79999999999996,1.145848012227128,0.0,0,1,0.16205334691903095
15.89999999999996,1.162053346919031,0.0,0,1,0.16205334691903095
15.99999999999996,1.1782586816109342,0.0,0,1,0.16205334691903095
16.09999999999996,1.1944640163028373,0.0,0,1,0.16205334691903095
16.19999999999996,1.2106693509947404,0.0,0,1,0.16205334691903095
16.29999999999996,1.2268746856866435,0.0,0,1,0.16205334691903095
16.399999999999963,1.2430800203785466,0.0,0,1,0.16205334691903095
16.499999999999964,1.2592853550704497,0.0,0,1,0.16205334691903095
16.599999999999966,1.2754906897623528,0.0,0,1,0.16205334691903095
16.699999999999967,1.291696024454256,0.0,0,1,0.16205334691903095
16.79999999999997,1.307901359146159,0.0,0,1,0.16205334691903095
16.89999999999997,1.3241066938380621,0.0,0,1,0.16205334691903095
16.99999999999997,1.3403120285299652,0.0,0,1,0.16205334691903095
17.099999999999973,1.3565173632218683,0.0,0,1,0.16205334691903095
17.199999999999974,1.3727226979137714,0.0,0,1,0.16205334691903095
17.299999999999976,1.3889280326056745,0.0,0,1,0.16205334691903095
17.399999999999977,1.4051333672975777,0.0,0,1,0.16205334691903095
17.49999999999998,1.4213387019894808,0.0,0,1,0.16205334691903095
17.59999999999998,1.4375440366813839,0.0,0,1,0.16205334691903095
17.69999999999998,1.453749371373287,0.0,0,1,0.16205334691903095
17.799999999999983,1.46995470606519,0.0,0,1,0.16205334691903095
17.899999999999984,1.4861600407570932,0.0,0,1,0.16205334691903095
17.999999999999986,1.5023653754489963,0.0,0,1,0.16205334691903095
18.099999999999987,1.5185707101408994,0.0,0,1,0.16205334691903095
18.19999999999999,1.5347760448328025,0.0,0,1,0.16205334691903095
18.29999999999999,1.5509813795247056,0.0,0,1,0.16205334691903095
18.39999999999999,1.5671867142166087,0.0,0,1,0.16205334691903095
18.499999999999993,1.5833920489085118,0.0,0,1,0.16205334691903095
18.599999999999994,1.599597383600415,0.0,0,1,0.16205334691903095
18.699999999999996,1.615802718292318,0.0,0,1,0.16205334691903095
18.799999999999997,1.6320080529842211,0.0,0,1,0.16205334691903095
18.9,1.6482133876761242,0.0,0,1,0.16205334691903095
19.0,1.6644187223680273,0.0,0,1,0.16205334691903095
19.1,1.6806240570599305,0.0,0,1,0.16205334691903095
19.200000000000003,1.6968293917518336,0.0,0,1,0.16205334691903095
19.300000000000004,1.7130347264437367,0.0,0,1,0.16205334691903095
19.400000000000006,1.7292400611356398,0.0,0,1,0.16205334691903095
19.500000000000007,1.7454453958275429,0.0,0,1,0.16205334691903095
19.60000000000001,1.761650730519446,0.0,0,1,0.16205334691903095
19.70000000000001,1.777856065211349,0.0,0,1,0.16205334691903095
19.80000000000001,1.7940613999032522,0.0,0,1,0.16205334691903095
19.900000000000013,1.8102667345951553,0.010000000000000002,0,1,0.16205334691903095
20.000000000000014,1.8264720692870584,0.020000000000000004,0,1,0.16205334691903095
20.100000000000016,1.8426774039789615,0.030000000000000006,0,1,0.16205334691903095
20.200000000000017,1.8588827386708646,0.04000000000000001,0,1,0.16205334691903095
20.30000000000002,1.8750880733627677,0.05000000000000001,0,1,0.16205334691903095
20.40000000000002,1.8912934080546708,0.06000000000000001,0,1,0.16205334691903095
20.50000000000002,1.907498742746574,0.07,0,1,0.16205334691903095
20.600000000000023,1.923704077438477,0.08000000000000002,0,1,0.16205334691903095
20.700000000000024,1.9399094121303802,0.09000000000000002,0,1,0.16205334691903095
20.800000000000026,1.9561147468222833,0.10000000000000003,0,1,0.16205334691903095
20.900000000000027,1.9723200815141864,0.11000000000000004,0,1,0.16205334691903095
21.00000000000003,1.9885254162060895,0.12000000000000005,0,1,0.16205334691903095
21.10000000000003,2.0,0.13000000000000006,0,1,0.16205334691903095
21.20000000000003,2.0,0.14000000000000007,0,1,0.16205334691903095
21.300000000000033,2.0,0.15000000000000008,0,1,0.16205334691903095
21.400000000000034,2.0,0.1600000000000001,0,1,0.16205334691903095
21.500000000000036,2.0,0.1700000000000001,0,1,0.16205334691903095
21.600000000000037,2.0,0.1800000000000001,0,1,0.16205334691903095
21.70000000000004,2.0,0.1900000000000001,0,1,0.16205334691903095
21.80000000000004,2.0,0.20000000000000012,0,1,0.16205334691903095
21.90000000000004,2.0,0.21000000000000013,0,1,0.16205334691903095
22.000000000000043,2.0,0.22000000000000014,0,1,0.16205334691903095
22.100000000000044,2.0,0.23000000000000015,0,1,0.16205334691903095
22.200000000000045,2.0,0.24000000000000016,0,1,0.16205334691903095
22.300000000000047,2.0,0.25000000000000017,0,1,0.16205334691903095
22.40000000000005,2.0,0.2600000000000002,0,1,0.16205334691903095
22.50000000000005,2.0,0.2700000000000002,0,1,0.16205334691903095
22.60000000000005,2.0,0.2800000000000002,0,1,0.16205334691903095
22.700000000000053,2.0,0.2900000000000002,0,1,0.16205334691903095
22.800000000000054,2.0,0.3000000000000002,0,1,0.16205334691903095
22.900000000000055,2.0,0.3100000000000002,0,1,0.16205334691903095
23.000000000000057,2.0,0.32000000000000023,0,1,0.16205334691903095
23.10000000000006,2.0,0.33000000000000024,0,1,0.16205334691903095
23.20000000000006,2.0,0.34000000000000025,0,1,0.16205334691903095
23.30000000000006,2.0,0.35000000000000026,0,1,0.16205334691903095
23.400000000000063,2.0,0.36000000000000026,0,1,0.16205334691903095
23.500000000000064,2.0,0.3700000000000003,0,1,0.16205334691903095
23.600000000000065,2.0,0.3800000000000003,0,1,0.16205334691903095
23.700000000000067,2.0,0.3900000000000003,0,1,0.16205334691903095
23.800000000000068,2.0,0.4000000000000003,0,1,0.16205334691903095
23.90000000000007,2.0,0.4100000000000003,0,1,0.16205334691903095
24.00000000000007,2.0,0.4200000000000003,0,1,0.16205334691903095
24.100000000000072,2.0,0.4300000000000003,0,1,0.16205334691903095
24.200000000000074,2.0,0.44000000000000034,0,1,0.16205334691903095
24.300000000000075,2.0,0.45000000000000034,0,1,0.16205334691903095
24.400000000000077,2.0,0.46000000000000035,0,1,0.16205334691903095
24.500000000000078,2.0,0.47000000000000036,0,1,0.16205334691903095
24.60000000000008,2.0,0.48000000000000037,0,1,0.16205334691903095
24.70000000000008,2.0,0.4900000000000004,0,1,0.16205334691903095
24.800000000000082,2.0,0.5000000000000003,0,1,0.16205334691903095
24.900000000000084,2.0,0.5100000000000003,0,1,0.16205334691903095
25.000000000000085,2.0,0.5200000000000004,0,1,0.16205334691903095
25.100000000000087,2.0,0.5300000000000004,0,1,0.16205334691903095
25.200000000000088,2.0,0.5400000000000004,0,1,0.16205334691903095
25.30000000000009,2.0,0.5500000000000004,0,1,0.16205334691903095
25.40000000000009,2.0,0.5600000000000004,0,1,0.16205334691903095
25.500000000000092,2.0,0.5700000000000004,0,1,0.16205334691903095
25.600000000000094,2.0,0.5800000000000004,0,1,0.16205334691903095
25.700000000000095,2.0,0.5900000000000004,0,1,0.16205334691903095
25.800000000000097,2.0,0.6000000000000004,0,1,0.16205334691903095
25.900000000000098,2.0,0.6100000000000004,0,1,0.16205334691903095
26.0000000000001,2.0,0.6200000000000004,0,1,0.16205334691903095
26.1000000000001,2.0,0.6300000000000004,0,1,0.16205334691903095
26.200000000000102,2.0,0.6400000000000005,0,1,0.16205334691903095
26.300000000000104,2.0,0.6500000000000005,0,1,0.16205334691903095
26.400000000000105,2.0,0.6600000000000005,0,1,0.16205334691903095
26.500000000000107,2.0,0.6700000000000005,0,1,0.16205334691903095
26.600000000000108,2.0,0.6800000000000005,0,1,0.16205334691903095
26.70000000000011,2.0,0.6900000000000005,0,1,0.16205334691903095
26.80000000000011,2.0,0.7000000000000005,0,1,0.16205334691903095
26.900000000000112,2.0,0.7100000000000005,0,1,0.16205334691903095
27.000000000000114,2.0,0.7200000000000005,0,1,0.16205334691903095
27.100000000000115,2.0,0.7300000000000005,0,1,0.16205334691903095
27.200000000000117,2.0,0.7400000000000005,0,1,0.16205334691903095
27.300000000000118,2.0,0.7500000000000006,0,1,0.16205334691903095
27.40000000000012,2.0,0.7600000000000006,0,1,0.16205334691903095
27.50000000000012,2.0,0.7700000000000006,0,1,0.16205334691903095
27.600000000000122,2.0,0.7800000000000006,0,1,0.16205334691903095
27.700000000000124,2.0,0.7900000000000006,0,1,0.16205334691903095
27.800000000000125,2.0,0.8000000000000006,0,1,0.16205334691903095
27.900000000000126,2.0,0.8100000000000006,0,1,0.16205334691903095
28.000000000000128,2.0,0.8200000000000006,0,1,0.16205334691903095
28.10000000000013,2.0,0.8300000000000006,0,1,0.16205334691903095
28.20000000000013,2.0,0.8400000000000006,0,1,0.16205334691903095
28.300000000000132,2.0,0.8500000000000006,0,1,0.16205334691903095
28.400000000000134,2.0,0.8600000000000007,0,1,0.16205334691903095
28.500000000000135,2.0,0.8700000000000007,0,1,0.16205334691903095
28.600000000000136,2.0,0.8800000000000007,0,1,0.16205334691903095
28.700000000000138,2.0,0.8900000000000007,0,1,0.16205334691903095
28.80000000000014,2.0,0.9000000000000007,0,1,0.16205334691903095
28.90000000000014,2.0,0.9100000000000007,0,1,0.16205334691903095
29.000000000000142,2.0,0.9200000000000007,0,1,0.16205334691903095
29.100000000000144,2.0,0.9300000000000007,0,1,0.16205334691903095
29.200000000000145,2.0,0.9400000000000007,0,1,0.16205334691903095
29.300000000000146,2.0,0.9500000000000007,0,1,0.16205334691903095
29.400000000000148,2.0,0.9600000000000007,0,1,0.16205334691903095
29.50000000000015,2.0,0.9700000000000008,0,1,0.16205334691903095
29.60000000000015,2.0,0.9800000000000008,0,1,0.16205334691903095
29.700000000000152,2.0,0.9900000000000008,0,1,0.16205334691903095
29.800000000000153,2.0,1.0,0,1,0.16205334691903095
29.900000000000155,1.016205334691903,0.0,0,1,0.16205334691903095
30.000000000000156,1.0324106693838062,0.0,0,1,0.16205334691903095
0.1,1.016205334691903,0.0,1,1,0.16205334691903095
0.2,1.0324106693838062,0.0,1,1,0.16205334691903095
0.30000000000000004,1.0486160040757093,0.0,1,1,0.16205334691903095
0.4,1.0648213387676124,0.0,1,1,0.16205334691903095
0.5,1.0810266734595155,0.0,1,1,0.16205334691903095
0.6,1.0972320081514186,0.0,1,1,0.16205334691903095
0.7,1.1134373428433217,0.0,1,1,0.16205334691903095
0.7999999999999999,1.1296426775352248,0.0,1,1,0.16205334691903095
0.8999999999999999,1.145848012227128,0.0,1,1,0.16205334691903095
0.9999999999999999,1.162053346919031,0.0,1,1,0.16205334691903095
1.0999999999999999,1.1782586816109342,0.0,1,1,0.16205334691903095
1.2,1.1944640163028373,0.0,1,1,0.16205334691903095
1.3,1.2106693509947404,0.0,1,1,0.16205334691903095
1.4000000000000001,1.2268746856866435,0.0,1,1,0.16205334691903095
1.5000000000000002,1.2430800203785466,0.0,1,1,0.16205334691903095
1.6000000000000003,1.2592853550704497,0.0,1,1,0.16205334691903095
1.7000000000000004,1.2754906897623528,0.0,1,1,0.16205334691903095
1.8000000000000005,1.291696024454256,0.0,1,1,0.16205334691903095
1.9000000000000006,1.307901359146159,0.0,1,1,0.16205334691903095
2.0000000000000004,1.3241066938380621,0.0,1,1,0.16205334691903095
2.1000000000000005,1.3403120285299652,0.0,1,1,0.16205334691903095
2.2000000000000006,1.3565173632218683,0.0,1,1,0.16205334691903095
2.3000000000000007,1.3727226979137714,0.0,1,1,0.16205334691903095
2.400000000000001,1.3889280326056745,0.0,1,1,0.16205334691903095
2.500000000000001,1.4051333672975777,0.0,1,1,0.16205334691903095
2.600000000000001,1.4213387019894808,0.0,1,1,0.16205334691903095
2.700000000000001,1.4375440366813839,0.0,1,1,0.16205334691903095
2.800000000000001,1.453749371373287,0.0,1,1,0.16205334691903095
2.9000000000000012,1.46995470606519,0.0,1,1,0.16205334691903095
3.0000000000000013,1.4861600407570932,0.0,1,1,0.16205334691903095
3.1000000000000014,1.5023653754489963,0.0,1,1,0.16205334691903095
3.2000000000000015,1.5185707101408994,0.0,1,1,0.16205334691903095
3.3000000000000016,1.5347760448328025,0.0,1,1,0.16205334691903095
3.4000000000000017,1.5509813795247056,0.0,1,1,0.16205334691903095
3.5000000000000018,1.5671867142166087,0.0,1,1,0.16205334691903095
3.600000000000002,1.5833920489085118,0.0,1,1,0.16205334691903095
3.700000000000002,1.599597383600415,0.0,1,1,0.16205334691903095
3.800000000000002,1.615802718292318,0.0,1,1,0.16205334691903095
3.900000000000002,1.6320080529842211,0.0,1,1,0.16205334691903095
4.000000000000002,1.6482133876761242,0.0,1,1,0.16205334691903095
4.100000000000001,1.6644187223680273,0.0,1,1,0.16205334691903095
4.200000000000001,1.6806240570599305,0.0,1,1,0.16205334691903095
4.300000000000001,1.6968293917518336,0.0,1,1,0.16205334691903095
4.4,1.7130347264437367,0.0,1,1,0.16205334691903095
4.5,1.7292400611356398,0.0,1,1,0.16205334691903095
4.6,1.7454453958275429,0.0,1,1,0.16205334691903095
4.699999999999999,1.761650730519446,0.0,1,1,0.16205334691903095
4.799999999999999,1.777856065211349,0.0,1,1,0.16205334691903095
4.899999999999999,1.7940613999032522,0.0,1,1,0.16205334691903095
4.999999999999998,1.8102667345951553,0.010000000000000002,1,1,0.16205334691903095
5.099999999999998,1.8264720692870584,0.020000000000000004,1,1,0.16205334691903095
5.1999999999999975,1.8426774039789615,0.030000000000000006,1,1,0.16205334691903095
5.299999999999997,1.8588827386708646,0.04000000000000001,1,1,0.16205334691903095
5.399999999999997,1.8750880733627677,0.05000000000000001,1,1,0.16205334691903095
5.4999999999999964,1.8912934080546708,0.06000000000000001,1,1,0.16205334691903095
5.599999999999996,1.907498742746574,0.07,1,1,0.16205334691903095
5.699999999999996,1.923704077438477,0.08000000000000002,1,1,0.16205334691903095
5.799999999999995,1.9399094121303802,0.09000000000000002,1,1,0.16205334691903095
5.899999999999995,1.9561147468222833,0.10000000000000003,1,1,0.16205334691903095
5.999999999999995,1.9723200815141864,0.11000000000000004,1,1,0.16205334691903095
6.099999999999994,1.9885254162060895,0.12000000000000005,1,1,0.16205334691903095
6.199999999999994,2.0,0.13000000000000006,1,1,0.16205334691903095
6.299999999999994,2.0,0.14000000000000007,1,1,0.16205334691903095
6.399999999999993,2.0,0.15000000000000008,1,1,0.16205334691903095
6.499999999999993,2.0,0.1600000000000001,1,1,0.16205334691903095
6.5999999999999925,2.0,0.1700000000000001,1,1,0.16205334691903095
6.699999999999992,2.0,0.1800000000000001,1,1,0.16205334691903095
6.799999999999992,2.0,0.1900000000000001,1,1,0.16205334691903095
6.8999999999999915,2.0,0.20000000000000012,1,1,0.16205334691903095
6.999999999999991,2.0,0.21000000000000013,1,1,0.16205334691903095
7.099999999999991,2.0,0.22000000000000014,1,1,0.16205334691903095
7.19999999999999,2.0,0.23000000000000015,1,1,0.16205334691903095
7.29999999999999,2.0,0.24000000000000016,1,1,0.16205334691903095
7.39999999999999,2.0,0.25000000000000017,1,1,0.16205334691903095
7.499999999999989,2.0,0.2600000000000002,1,1,0.16205334691903095
7.599999999999989,2.0,0.2700000000000002,1,1,0.16205334691903095
7.699999999999989,2.0,0.2800000000000002,1,1,0.16205334691903095
7.799999999999988,2.0,0.2900000000000002,1,1,0.16205334691903095
7.899999999999988,2.0,0.3000000000000002,1,1,0.16205334691903095
7.999999999999988,2.0,0.3100000000000002,1,1,0.16205334691903095
8.099999999999987,2.0,0.32000000000000023,1,1,0.16205334691903095
8.199999999999987,2.0,0.33000000000000024,1,1,0.16205334691903095
8.299999999999986,2.0,0.34000000000000025,1,1,0.16205334691903095
8.399999999999986,2.0,0.35000000000000026,1,1,0.16205334691903095
8.499999999999986,2.0,0.36000000000000026,1,1,0.16205334691903095
8.599999999999985,2.0,0.3700000000000003,1,1,0.16205334691903095
8.699999999999985,2.0,0.3800000000000003,1,1,0.16205334691903095
8.799999999999985,2.0,0.3900000000000003,1,1,0.16205334691903095
8.899999999999984,2.0,0.4000000000000003,1,1,0.16205334691903095
8.999999999999984,2.0,0.4100000000000003,1,1,0.16205334691903095
9.099999999999984,2.0,0.4200000000000003,1,1,0.16205334691903095
9.199999999999983,2.0,0.4300000000000003,1,1,0.16205334691903095
9.299999999999983,2.0,0.44000000000000034,1,1,0.16205334691903095
9.399999999999983,2.0,0.45000000000000034,1,1,0.16205334691903095
9.499999999999982,2.0,0.46000000000000035,1,1,0.16205334691903095
9.599999999999982,2.0,0.47000000000000036,1,1,0.16205334691903095
9.699999999999982,2.0,0.48000000000000037,1,1,0.16205334691903095
9.799999999999981,2.0,0.4900000000000004,1,1,0.16205334691903095
9.89999999999998,2.0,0.5000000000000003,1,1,0.16205334691903095
9.99999999999998,2.0,0.5100000000000003,1,1,0.16205334691903095
10.09999999999998,2.0,0.5200000000000004,1,1,0.16205334691903095
10.19999999999998,2.0,0.5300000000000004,1,1,0.16205334691903095
10.29999999999998,2.0,0.5400000000000004,1,1,0.16205334691903095
10.399999999999979,2.0,0.5500000000000004,1,1,0.16205334691903095
10.499999999999979,2.0,0.5600000000000004,1,1,0.16205334691903095
10.599999999999978,2.0,0.5700000000000004,1,1,0.16205334691903095
10.699999999999978,2.0,0.5800000000000004,1,1,0.16205334691903095
10.799999999999978,2.0,0.5900000000000004,1,1,0.16205334691903095
10.899999999999977,2.0,0.6000000000000004,1,1,0.16205334691903095
10.999999999999977,2.0,0.6100000000000004,1,1,0.16205334691903095
11.099999999999977,2.0,0.6200000000000004,1,1,0.16205334691903095
11.199999999999976,2.0,0.6300000000000004,1,1,0.16205334691903095
11.299999999999976,2.0,0.6400000000000005,1,1,0.16205334691903095
11.399999999999975,2.0,0.6500000000000005,1,1,0.16205334691903095
11.499999999999975,2.0,0.6600000000000005,1,1,0.16205334691903095
11.599999999999975,2.0,0.6700000000000005,1,1,0.16205334691903095
11.699999999999974,2.0,0.6800000000000005,1,1,0.16205334691903095
11.799999999999974,2.0,0.6900000000000005,1,1,0.16205334691903095
11.899999999999974,2.0,0.7000000000000005,1,1,0.16205334691903095
11.999999999999973,2.0,0.7100000000000005,1,1,0.16205334691903095
12.099999999999973,2.0,0.7200000000000005,1,1,0.16205334691903095
12.199999999999973,2.0,0.7300000000000005,1,1,0.16205334691903095
12.299999999999972,2.0,0.7400000000000005,1,1,0.16205334691903095
12.399999999999972,2.0,0.7500000000000006,1,1,0.16205334691903095
12.499999999999972,2.0,0.7600000000000006,1,1,0.16205334691903095
12.599999999999971,2.0,0.7700000000000006,1,1,0.16205334691903095
12.69999999999997,2.0,0.7800000000000006,1,1,0.16205334691903095
12.79999999999997,2.0,0.7900000000000006,1,1,0.16205334691903095
12.89999999999997,2.0,0.8000000000000006,1,1,0.16205334691903095
12.99999999999997,2.0,0.8100000000000006,1,1,0.16205334691903095
13.09999999999997,2.0,0.8200000000000006,1,1,0.16205334691903095
13.199999999999969,2.0,0.8300000000000006,1,1,0.16205334691903095
13.299999999999969,2.0,0.8400000000000006,1,1,0.16205334691903095
13.399999999999968,2.0,0.8500000000000006,1,1,0.16205334691903095
13.499999999999968,2.0,0.8600000000000007,1,1,0.16205334691903095
13.599999999999968,2.0,0.8700000000000007,1,1,0.16205334691903095
13.699999999999967,2.0,0.8800000000000007,1,1,0.16205334691903095
13.799999999999967,2.0,0.8900000000000007,1,1,0.16205334691903095
13.899999999999967,2.0,0.9000000000000007,1,1,0.16205334691903095
13.999999999999966,2.0,0.9100000000000007,1,1,0.16205334691903095
14.099999999999966,2.0,0.9200000000000007,1,1,0.16205334691903095
14.199999999999966,2.0,0.9300000000000007,1,1,0.16205334691903095
14.299999999999965,2.0,0.9400000000000007,1,1,0.16205334691903095
14.399999999999965,2.0,0.9500000000000007,1,1,0.16205334691903095
14.499999999999964,2.0,0.9600000000000007,1,1,0.16205334691903095
14.599999999999964,2.0,0.9700000000000008,1,1,0.16205334691903095
14.699999999999964,2.0,0.9800000000000008,1,1,0.16205334691903095
14.799999999999963,2.0,0.9900000000000008,1,1,0.16205334691903095
14.899999999999963,2.0,1.0,1,1,0.16205334691903095
14.999999999999963,1.016205334691903,0.0,1,1,0.16205334691903095
15.099999999999962,1.0324106693838062,0.0,1,1,0.16205334691903095
0.1,1.016205334691903,0.0,2,1,0.16205334691903095
0.2,1.0324106693838062,0.0,2,1,0.16205334691903095
0.1,1.016205334691903,0.0,3,1,0.16205334691903095
0.2,1.0324106693838062,0.0,3,1,0.16205334691903095
0.1,1.0152992035160406,0.0,0,2,0.15299203516040732
0.2,1.0305984070320813,0.0,0,2,0.15299203516040732
0.30000000000000004,1.045897610548122,0.0,0,2,0.15299203516040732
0.4,1.0611968140641626,0.0,0,2,0.15299203516040732
0.5,1.0764960175802032,0.0,0,2,0.15299203516040732
0.6,1.0917952210962438,0.0,0,2,0.15299203516040732
0.7,1.1070944246122845,0.0,0,2,0.15299203516040732
0.7999999999999999,1.122393628128325,0.0,0,2,0.15299203516040732
0.8999999999999999,1.1376928316443657,0.0,0,2,0.15299203516040732
0.9999999999999999,1.1529920351604064,0.0,0,2,0.15299203516040732
1.0999999999999999,1.168291238676447,0.0,0,2,0.15299203516040732
1.2,1.1835904421924877,0.0,0,2,0.15299203516040732
1.3,1.1988896457085283,0.0,0,2,0.15299203516040732
1.4000000000000001,1.214188849224569,0.0,0,2,0.15299203516040732
1.5000000000000002,1.2294880527406096,0.0,0,2,0.15299203516040732
1.6000000000000003,1.2447872562566502,0.0,0,2,0.15299203516040732
1.7000000000000004,1.2600864597726908,0.0,0,2,0.15299203516040732
1.8000000000000005,1.2753856632887315,0.0,0,2,0.15299203516040732
1.9000000000000006,1.2906848668047721,0.0,0,2,0.15299203516040732
2.0000000000000004,1.3059840703208128,0.0,0,2,0.15299203516040732
2.1000000000000005,1.3212832738368534,0.0,0,2,0.15299203516040732
2.2000000000000006,1.336582477352894,0.0,0,2,0.15299203516040732
2.3000000000000007,1.3518816808689347,0.0,0,2,0.15299203516040732
2.400000000000001,1.3671808843849753,0.0,0,2,0.15299203516040732
2.500000000000001,1.382480087901016,0.0,0,2,0.15299203516040732
2.600000000000001,1.3977792914170566,0.0,0,2,0.15299203516040732
2.700000000000001,1.4130784949330972,0.0,0,2,0.15299203516040732
2.800000000000001,1.4283776984491379,0.0,0,2,0.15299203516040732
2.9000000000000012,1.4436769019651785,0.0,0,2,0.15299203516040732
3.0000000000000013,1.4589761054812191,0.0,0,2,0.15299203516040732
3.1000000000000014,1.4742753089972598,0.0,0,2,0.15299203516040732
3.2000000000000015,1.4895745125133004,0.0,0,2,0.15299203516040732
3.3000000000000016,1.504873716029341,0.0,0,2,0.15299203516040732
3.4000000000000017,1.5201729195453817,0.0,0,2,0.15299203516040732
3.5000000000000018,1.5354721230614223,0.0,0,2,0.15299203516040732
3.600000000000002,1.550771326577463,0.0,0,2,0.15299203516040732
3.700000000000002,1.5660705300935036,0.0,0,2,0.15299203516040732
3.800000000000002,1.5813697336095442,0.0,0,2,0.15299203516040732
3.900000000000002,1.5966689371255849,0.0,0,2,0.15299203516040732
4.000000000000002,1.6119681406416255,0.0,0,2,0.15299203516040732
4.100000000000001,1.6272673441576662,0.0,0,2,0.15299203516040732
4.200000000000001,1.6425665476737068,0.0,0,2,0.15299203516040732
4.300000000000001,1.6578657511897474,0.0,0,2,0.15299203516040732
4.4,1.673164954705788,0.0,0,2,0.15299203516040732
4.5,1.6884641582218287,0.0,0,2,0.15299203516040732
4.6,1.7037633617378694,0.0,0,2,0.15299203516040732
4.699999999999999,1.71906256525391,0.0,0,2,0.15299203516040732
4.799999999999999,1.7343617687699506,0.0,0,2,0.15299203516040732
4.899999999999999,1.7496609722859913,0.0,0,2,0.15299203516040732
4.999999999999998,1.764960175802032,0.0,0,2,0.15299203516040732
5.099999999999998,1.7802593793180725,0.0,0,2,0.15299203516040732
5.1999999999999975,1.7955585828341132,0.0,0,2,0.15299203516040732
5.299999999999997,1.8108577863501538,0.010000000000000002,0,2,0.15299203516040732
5.399999999999997,1.8261569898661945,0.020000000000000004,0,2,0.15299203516040732
5.4999999999999964,1.841456193382235,0.030000000000000006,0,2,0.15299203516040732
5.599999999999996,1.8567553968982757,0.04000000000000001,0,2,0.15299203516040732
5.699999999999996,1.8720546004143164,0.05000000000000001,0,2,0.15299203516040732
5.799999999999995,1.887353803930357,0.06000000000000001,0,2,0.15299203516040732
5.899999999999995,1.9026530074463976,0.07,0,2,0.15299203516040732
5.999999999999995,1.9179522109624383,0.08000000000000002,0,2,0.15299203516040732
6.099999999999994,1.933251414478479,0.09000000000000002,0,2,0.15299203516040732
6.199999999999994,1.9485506179945196,0.10000000000000003,0,2,0.15299203516040732
6.299999999999994,1.9638498215105602,0.11000000000000004,0,2,0.15299203516040732
6.399999999999993,1.9791490250266008,0.12000000000000005,0,2,0.15299203516040732
6.499999999999993,1.9944482285426415,0.13000000000000006,0,2,0.15299203516040732
6.5999999999999925,2.0,0.14000000000000007,0,2,0.15299203516040732
6.699999999999992,2.0,0.15000000000000008,0,2,0.15299203516040732
6.799999999999992,2.0,0.1600000000000001,0,2,0.15299203516040732
6.8999999999999915,2.0,0.1700000000000001,0,2,0.15299203516040732
6.999999999999991,2.0,0.1800000000000001,0,2,0.15299203516040732
7.099999999999991,2.0,0.1900000000000001,0,2,0.15299203516040732
7.19999999999999,2.0,0.20000000000000012,0,2,0.15299203516040732
7.29999999999999,2.0,0.21000000000000013,0,2,0.15299203516040732
7.39999999999999,2.0,0.22000000000000014,0,2,0.15299203516040732
7.499999999999989,2.0,0.23000000000000015,0,2,0.15299203516040732
7.599999999999989,2.0,0.24000000000000016,0,2,0.15299203516040732
7.699999999999989,2.0,0.25000000000000017,0,2,0.15299203516040732
7.799999999999988,2.0,0.2600000000000002,0,2,0.15299203516040732
7.899999999999988,2.0,0.2700000000000002,0,2,0.15299203516040732
7.999999999999988,2.0,0.2800000000000002,0,2,0.15299203516040732
8.099999999999987,2.0,0.2900000000000002,0,2,0.15299203516040732
8.199999999999987,2.0,0.3000000000000002,0,2,0.15299203516040732
8.299999999999986,2.0,0.3100000000000002,0,2,0.15299203516040732
8.399999999999986,2.0,0.32000000000000023,0,2,0.15299203516040732
8.499999999999986,2.0,0.33000000000000024,0,2,0.15299203516040732
8.599999999999985,2.0,0.34000000000000025,0,2,0.15299203516040732
8.699999999999985,2.0,0.35000000000000026,0,2,0.15299203516040732
8.799999999999985,2.0,0.36000000000000026,0,2,0.15299203516040732
8.899999999999984,2.0,0.3700000000000003,0,2,0.15299203516040732
8.999999999999984,2.0,0.3800000000000003,0,2,0.15299203516040732
9.099999999999984,2.0,0.3900000000000003,0,2,0.15299203516040732
9.199999999999983,2.0,0.4000000000000003,0,2,0.15299203516040732
9.299999999999983,2.0,0.4100000000000003,0,2,0.15299203516040732
9.399999999999983,2.0,0.4200000000000003,0,2,0.15299203516040732
9.499999999999982,2.0,0.4300000000000003,0,2,0.15299203516040732
9.599999999999982,2.0,0.44000000000000034,0,2,0.15299203516040732
9.699999999999982,2.0,0.45000000000000034,0,2,0.15299203516040732
9.799999999999981,2.0,0.46000000000000035,0,2,0.15299203516040732
9.89999999999998,2.0,0.47000000000000036,0,2,0.15299203516040732
9.99999999999998,2.0,0.48000000000000037,0,2,0.15299203516040732
10.09999999999998,2.0,0.4900000000000004,0,2,0.15299203516040732
10.19999999999998,2.0,0.5000000000000003,0,2,0.15299203516040732
10.29999999999998,2.0,0.5100000000000003,0,2,0.15299203516040732
10.399999999999979,2.0,0.5200000000000004,0,2,0.15299203516040732
10.499999999999979,2.0,0.5300000000000004,0,2,0.15299203516040732
10.599999999999978,2.0,0.5400000000000004,0,2,0.15299203516040732
10.699999999999978,2.0,0.5500000000000004,0,2,0.15299203516040732
10.799999999999978,2.0,0.5600000000000004,0,2,0.15299203516040732
10.899999999999977,2.0,0.5700000000000004,0,2,0.15299203516040732
10.999999999999977,2.0,0.5800000000000004,0,2,0.15299203516040732
11.099999999999977,2.0,0.5900000000000004,0,2,0.15299203516040732
11.199999999999976,2.0,0.6000000000000004,0,2,0.15299203516040732
11.299999999999976,2.0,0.6100000000000004,0,2,0.15299203516040732
11.399999999999975,2.0,0.6200000000000004,0,2,0.15299203516040732
11.499999999999975,2.0,0.6300000000000004,0,2,0.15299203516040732
11.599999999999975,2.0,0.6400000000000005,0,2,0.15299203516040732
11.699999999999974,2.0,0.6500000000000005,0,2,0.15299203516040732
11.799999999999974,2.0,0.6600000000000005,0,2,0.15299203516040732
11.899999999999974,2.0,0.6700000000000005,0,2,0.15299203516040732
11.999999999999973,2.0,0.6800000000000005,0,2,0.15299203516040732
12.099999999999973,2.0,0.6900000000000005,0,2,0.15299203516040732
12.199999999999973,2.0,0.7000000000000005,0,2,0.15299203516040732
12.299999999999972,2.0,0.7100000000000005,0,2,0.15299203516040732
12.399999999999972,2.0,0.7200000000000005,0,2,0.15299203516040732
12.499999999999972,2.0,0.7300000000000005,0,2,0.15299203516040732
12.599999999999971,2.0,0.7400000000000005,0,2,0.15299203516040732
12.69999999999997,2.0,0.7500000000000006,0,2,0.15299203516040732
12.79999999999997,2.0,0.7600000000000006,0,2,0.15299203516040732
12.89999999999997,2.0,0.7700000000000006,0,2,0.15299203516040732
12.99999999999997,2.0,0.7800000000000006,0,2,0.15299203516040732
13.09999999999997,2.0,0.7900000000000006,0,2,0.15299203516040732
13.199999999999969,2.0,0.8000000000000006,0,2,0.15299203516040732
13.299999999999969,2.0,0.8100000000000006,0,2,0.15299203516040732
13.399999999999968,2.0,0.8200000000000006,0,2,0.15299203516040732
13.499999999999968,2.0,0.8300000000000006,0,2,0.15299203516040732
13.599999999999968,2.0,0.8400000000000006,0,2,0.15299203516040732
13.699999999999967,2.0,0.8500000000000006,0,2,0.15299203516040732
13.799999999999967,2.0,0.8600000000000007,0,2,0.15299203516040732
13.899999999999967,2.0,0.8700000000000007,0,2,0.15299203516040732
13.999999999999966,2.0,0.8800000000000007,0,2,0.15299203516040732
14.099999999999966,2.0,0.8900000000000007,0,2,0.15299203516040732
14.199999999999966,2.0,0.9000000000000007,0,2,0.15299203516040732
14.299999999999965,2.0,0.9100000000000007,0,2,0.15299203516040732
14.399999999999965,2.0,0.9200000000000007,0,2,0.15299203516040732
14.499999999999964,2.0,0.9300000000000007,0,2,0.15299203516040732
14.599999999999964,2.0,0.9400000000000007,0,2,0.15299203516040732
14.699999999999964,2.0,0.9500000000000007,0,2,0.15299203516040732
14.799999999999963,2.0,0.9600000000000007,0,2,0.15299203516040732
14.899999999999963,2.0,0.9700000000000008,0,2,0.15299203516040732
14.999999999999963,2.0,0.9800000000000008,0,2,0.15299203516040732
15.099999999999962,2.0,0.9900000000000008,0,2,0.15299203516040732
15.199999999999962,2.0,1.0,0,2,0.15299203516040732
15.299999999999962,1.0152992035160406,0.0,0,2,0.15299203516040732
15.399999999999961,1.0305984070320813,0.0,0,2,0.15299203516040732
15.499999999999961,1.045897610548122,0.0,0,2,0.15299203516040732
15.59999999999996,1.0611968140641626,0.0,0,2,0.15299203516040732
15.69999999999996,1.0764960175802032,0.0,0,2,0.15299203516040732
15.79999999999996,1.0917952210962438,0.0,0,2,0.15299203516040732
15.89999999999996,1.1070944246122845,0.0,0,2,0.15299203516040732
15.99999999999996,1.122393628128325,0.0,0,2,0.15299203516040732
16.09999999999996,1.1376928316443657,0.0,0,2,0.15299203516040732
16.19999999999996,1.1529920351604064,0.0,0,2,0.15299203516040732
16.29999999999996,1.168291238676447,0.0,0,2,0.15299203516040732
16.399999999999963,1.1835904421924877,0.0,0,2,0.15299203516040732
16.499999999999964,1.1988896457085283,0.0,0,2,0.15299203516040732
16.599999999999966,1.214188849224569,0.0,0,2,0.15299203516040732
16.699999999999967,1.2294880527406096,0.0,0,2,0.15299203516040732
16.79999999999997,1.2447872562566502,0.0,0,2,0.15299203516040732
16.89999999999997,1.2600864597726908,0.0,0,2,0.15299203516040732
16.99999999999997,1.2753856632887315,0.0,0,2,0.15299203516040732
17.099999999999973,1.2906848668047721,0.0,0,2,0.15299203516040732
17.199999999999974,1.3059840703208128,0.0,0,2,0.15299203516040732
17.299999999999976,1.3212832738368534,0.0,0,2,0.15299203516040732
17.399999999999977,1.336582477352894,0.0,0,2,0.15299203516040732
17.49999999999998,1.3518816808689347,0.0,0,2,0.15299203516040732
17.59999999999998,1.3671808843849753,0.0,0,2,0.15299203516040732
17.69999999999998,1.382480087901016,0.0,0,2,0.15299203516040732
17.799999999999983,1.3977792914170566,0.0,0,2,0.15299203516040732
17.899999999999984,1.4130784949330972,0.0,0,2,0.15299203516040732
17.999999999999986,1.4283776984491379,0.0,0,2,0.15299203516040732
18.099999999999987,1.4436769019651785,0.0,0,2,0.15299203516040732
18.19999999999999,1.4589761054812191,0.0,0,2,0.15299203516040732
18.29999999999999,1.4742753089972598,0.0,0,2,0.15299203516040732
18.39999999999999,1.4895745125133004,0.0,0,2,0.15299203516040732
18.499999999999993,1.504873716029341,0.0,0,2,0.15299203516040732
18.599999999999994,1.5201729195453817,0.0,0,2,0.15299203516040732
18.699999999999996,1.5354721230614223,0.0,0,2,0.15299203516040732
18.799999999999997,1.550771326577463,0.0,0,2,0.15299203516040732
18.9,1.5660705300935036,0.0,0,2,0.15299203516040732
19.0,1.5813697336095442,0.0,0,2,0.15299203516040732
19.1,1.5966689371255849,0.0,0,2,0.15299203516040732
19.200000000000003,1.6119681406416255,0.0,0,2,0.15299203516040732
19.300000000000004,1.6272673441576662,0.0,0,2,0.15299203516040732
19.400000000000006,1.6425665476737068,0.0,0,2,0.15299203516040732
19.500000000000007,1.6578657511897474,0.0,0,2,0.15299203516040732
19.60000000000001,1.673164954705788,0.0,0,2,0.15299203516040732
19.70000000000001,1.6884641582218287,0.0,0,2,0.15299203516040732
19.80000000000001,1.7037633617378694,0.0,0,2,0.15299203516040732
19.900000000000013,1.71906256525391,0.0,0,2,0.15299203516040732
20.000000000000014,1.7343617687699506,0.0,0,2,0.15299203516040732
20.100000000000016,1.7496609722859913,0.0,0,2,0.15299203516040732
20.200000000000017,1.764960175802032,0.0,0,2,0.15299203516040732
20.30000000000002,1.7802593793180725,0.0,0,2,0.15299203516040732
20.40000000000002,1.7955585828341132,0.0,0,2,0.15299203516040732
20.50000000000002,1.8108577863501538,0.010000000000000002,0,2,0.15299203516040732
20.600000000000023,1.8261569898661945,0.020000000000000004,0,2,0.15299203516040732
20.700000000000024,1.841456193382235,0.030000000000000006,0,2,0.15299203516040732
20.800000000000026,1.8567553968982757,0.04000000000000001,0,2,0.15299203516040732
20.900000000000027,1.8720546004143164,0.05000000000000001,0,2,0.15299203516040732
21.00000000000003,1.887353803930357,0.06000000000000001,0,2,0.15299203516040732
21.10000000000003,1.9026530074463976,0.07,0,2,0.15299203516040732
21.20000000000003,1.9179522109624383,0.08000000000000002,0,2,0.15299203516040732
21.300000000000033,1.933251414478479,0.09000000000000002,0,2,0.15299203516040732
21.400000000000034,1.9485506179945196,0.10000000000000003,0,2,0.15299203516040732
21.500000000000036,1.9638498215105602,0.11000000000000004,0,2,0.15299203516040732
21.600000000000037,1.9791490250266008,0.12000000000000005,0,2,0.15299203516040732
21.70000000000004,1.9944482285426415,0.13000000000000006,0,2,0.15299203516040732
21.80000000000004,2.0,0.14000000000000007,0,2,0.15299203516040732
21.90000000000004,2.0,0.15000000000000008,0,2,0.15299203516040732
22.000000000000043,2.0,0.1600000000000001,0,2,0.15299203516040732
22.100000000000044,2.0,0.1700000000000001,0,2,0.15299203516040732
22.200000000000045,2.0,0.1800000000000001,0,2,0.15299203516040732
22.300000000000047,2.0,0.1900000000000001,0,2,0.15299203516040732
22.40000000000005,2.0,0.20000000000000012,0,2,0.15299203516040732
22.50000000000005,2.0,0.21000000000000013,0,2,0.15299203516040732
22.60000000000005,2.0,0.22000000000000014,0,2,0.15299203516040732
22.700000000000053,2.0,0.23000000000000015,0,2,0.15299203516040732
22.800000000000054,2.0,0.24000000000000016,0,2,0.15299203516040732
22.900000000000055,2.0,0.25000000000000017,0,2,0.15299203516040732
23.000000000000057,2.0,0.2600000000000002,0,2,0.15299203516040732
23.10000000000006,2.0,0.2700000000000002,0,2,0.15299203516040732
23.20000000000006,2.0,0.2800000000000002,0,2,0.15299203516040732
23.30000000000006,2.0,0.2900000000000002,0,2,0.15299203516040732
23.400000000000063,2.0,0.3000000000000002,0,2,0.15299203516040732
23.500000000000064,2.0,0.3100000000000002,0,2,0.15299203516040732
23.600000000000065,2.0,0.32000000000000023,0,2,0.15299203516040732
23.700000000000067,2.0,0.33000000000000024,0,2,0.15299203516040732
23.800000000000068,2.0,0.34000000000000025,0,2,0.15299203516040732
23.90000000000007,2.0,0.35000000000000026,0,2,0.15299203516040732
24.00000000000007,2.0,0.36000000000000026,0,2,0.15299203516040732
24.100000000000072,2.0,0.3700000000000003,0,2,0.15299203516040732
24.200000000000074,2.0,0.3800000000000003,0,2,0.15299203516040732
24.300000000000075,2.0,0.3900000000000003,0,2,0.15299203516040732
24.400000000000077,2.0,0.4000000000000003,0,2,0.15299203516040732
24.500000000000078,2.0,0.4100000000000003,0,2,0.15299203516040732
24.60000000000008,2.0,0.4200000000000003,0,2,0.15299203516040732
24.70000000000008,2.0,0.4300000000000003,0,2,0.15299203516040732
24.800000000000082,2.0,0.44000000000000034,0,2,0.15299203516040732
24.900000000000084,2.0,0.45000000000000034,0,2,0.15299203516040732
25.000000000000085,2.0,0.46000000000000035,0,2,0.15299203516040732
25.100000000000087,2.0,0.47000000000000036,0,2,0.15299203516040732
25.200000000000088,2.0,0.48000000000000037,0,2,0.15299203516040732
25.30000000000009,2.0,0.4900000000000004,0,2,0.15299203516040732
25.40000000000009,2.0,0.5000000000000003,0,2,0.15299203516040732
25.500000000000092,2.0,0.5100000000000003,0,2,0.15299203516040732
25.600000000000094,2.0,0.5200000000000004,0,2,0.15299203516040732
25.700000000000095,2.0,0.5300000000000004,0,2,0.15299203516040732
25.800000000000097,2.0,0.5400000000000004,0,2,0.15299203516040732
25.900000000000098,2.0,0.5500000000000004,0,2,0.15299203516040732
26.0000000000001,2.0,0.5600000000000004,0,2,0.15299203516040732
26.1000000000001,2.0,0.5700000000000004,0,2,0.15299203516040732
26.200000000000102,2.0,0.5800000000000004,0,2,0.15299203516040732
26.300000000000104,2.0,0.5900000000000004,0,2,0.15299203516040732
26.400000000000105,2.0,0.6000000000000004,0,2,0.15299203516040732
26.500000000000107,2.0,0.6100000000000004,0,2,0.15299203516040732
26.600000000000108,2.0,0.6200000000000004,0,2,0.15299203516040732
26.70000000000011,2.0,0.6300000000000004,0,2,0.15299203516040732
26.80000000000011,2.0,0.6400000000000005,0,2,0.15299203516040732
26.900000000000112,2.0,0.6500000000000005,0,2,0.15299203516040732
27.000000000000114,2.0,0.6600000000000005,0,2,0.15299203516040732
27.100000000000115,2.0,0.6700000000000005,0,2,0.15299203516040732
27.200000000000117,2.0,0.6800000000000005,0,2,0.15299203516040732
27.300000000000118,2.0,0.6900000000000005,0,2,0.15299203516040732
27.40000000000012,2.0,0.7000000000000005,0,2,0.15299203516040732
27.50000000000012,2.0,0.7100000000000005,0,2,0.15299203516040732
27.600000000000122,2.0,0.7200000000000005,0,2,0.15299203516040732
27.700000000000124,2.0,0.7300000000000005,0,2,0.15299203516040732
27.800000000000125,2.0,0.7400000000000005,0,2,0.15299203516040732
27.900000000000126,2.0,0.7500000000000006,0,2,0.15299203516040732
28.000000000000128,2.0,0.7600000000000006,0,2,0.15299203516040732
28.10000000000013,2.0,0.7700000000000006,0,2,0.15299203516040732
28.20000000000013,2.0,0.7800000000000006,0,2,0.15299203516040732
28.300000000000132,2.0,0.7900000000000006,0,2,0.15299203516040732
28.400000000000134,2.0,0.8000000000000006,0,2,0.15299203516040732
28.500000000000135,2.0,0.8100000000000006,0,2,0.15299203516040732
28.600000000000136,2.0,0.8200000000000006,0,2,0.15299203516040732
28.700000000000138,2.0,0.8300000000000006,0,2,0.15299203516040732
28.80000000000014,2.0,0.8400000000000006,0,2,0.15299203516040732
28.90000000000014,2.0,0.8500000000000006,0,2,0.15299203516040732
29.000000000000142,2.0,0.8600000000000007,0,2,0.15299203516040732
29.100000000000144,2.0,0.8700000000000007,0,2,0.15299203516040732
29.200000000000145,2.0,0.8800000000000007,0,2,0.15299203516040732
29.300000000000146,2.0,0.8900000000000007,0,2,0.15299203516040732
29.400000000000148,2.0,0.9000000000000007,0,2,0.15299203516040732
29.50000000000015,2.0,0.9100000000000007,0,2,0.15299203516040732
29.60000000000015,2.0,0.9200000000000007,0,2,0.15299203516040732
29.700000000000152,2.0,0.9300000000000007,0,2,0.15299203516040732
29.800000000000153,2.0,0.9400000000000007,0,2,0.15299203516040732
29.900000000000155,2.0,0.9500000000000007,0,2,0.15299203516040732
30.000000000000156,2.0,0.9600000000000007,0,2,0.15299203516040732
0.1,1.0152992035160406,0.0,1,2,0.15299203516040732
0.2,1.0305984070320813,0.0,1,2,0.15299203516040732
0.30000000000000004,1.045897610548122,0.0,1,2,0.15299203516040732
0.4,1.0611968140641626,0.0,1,2,0.15299203516040732
0.5,1.0764960175802032,0.0,1,2,0.15299203516040732
0.6,1.0917952210962438,0.0,1,2,0.15299203516040732
0.7,1.1070944246122845,0.0,1,2,0.15299203516040732
0.7999999999999999,1.122393628128325,0.0,1,2,0.15299203516040732
0.8999999999999999,1.1376928316443657,0.0,1,2,0.15299203516040732
0.9999999999999999,1.1529920351604064,0.0,1,2,0.15299203516040732
1.0999999999999999,1.168291238676447,0.0,1,2,0.15299203516040732
1.2,1.1835904421924877,0.0,1,2,0.15299203516040732
1.3,1.1988896457085283,0.0,1,2,0.15299203516040732
1.4000000000000001,1.214188849224569,0.0,1,2,0.15299203516040732
1.5000000000000002,1.2294880527406096,0.0,1,2,0.15299203516040732
1.6000000000000003,1.2447872562566502,0.0,1,2,0.15299203516040732
1.7000000000000004,1.2600864597726908,0.0,1,2,0.15299203516040732
1.8000000000000005,1.2753856632887315,0.0,1,2,0.15299203516040732
1.9000000000000006,1.2906848668047721,0.0,1,2,0.15299203516040732
2.0000000000000004,1.3059840703208128,0.0,1,2,0.15299203516040732
2.1000000000000005,1.3212832738368534,0.0,1,2,0.15299203516040732
2.2000000000000006,1.336582477352894,0.0,1,2,0.15299203516040732
2.3000000000000007,1.3518816808689347,0.0,1,2,0.15299203516040732
2.400000000000001,1.3671808843849753,0.0,1,2,0.15299203516040732
2.500000000000001,1.382480087901016,0.0,1,2,0.15299203516040732
2.600000000000001,1.3977792914170566,0.0,1,2,0.15299203516040732
2.700000000000001,1.4130784949330972,0.0,1,2,0.15299203516040732
2.800000000000001,1.4283776984491379,0.0,1,2,0.15299203516040732
2.9000000000000012,1.4436769019651785,0.0,1,2,0.15299203516040732
3.0000000000000013,1.4589761054812191,0.0,1,2,0.15299203516040732
3.1000000000000014,1.4742753089972598,0.0,1,2,0.15299203516040732
3.2000000000000015,1.4895745125133004,0.0,1,2,0.15299203516040732
3.3000000000000016,1.504873716029341,0.0,1,2,0.15299203516040732
3.4000000000000017,1.5201729195453817,0.0,1,2,0.15299203516040732
3.5000000000000018,1.5354721230614223,0.0,1,2,0.15299203516040732
3.600000000000002,1.550771326577463,0.0,1,2,0.15299203516040732
3.700000000000002,1.5660705300935036,0.0,1,2,0.15299203516040732
3.800000000000002,1.5813697336095442,0.0,1,2,0.15299203516040732
3.900000000000002,1.5966689371255849,0.0,1,2,0.15299203516040732
4.000000000000002,1.6119681406416255,0.0,1,2,0.15299203516040732
4.100000000000001,1.6272673441576662,0.0,1,2,0.15299203516040732
4.200000000000001,1.6425665476737068,0.0,1,2,0.15299203516040732
4.300000000000001,1.6578657511897474,0.0,1,2,0.15299203516040732
4.4,1.673164954705788,0.0,1,2,0.15299203516040732
4.5,1.6884641582218287,0.0,1,2,0.15299203516040732
4.6,1.7037633617378694,0.0,1,2,0.15299203516040732
4.699999999999999,1.71906256525391,0.0,1,2,0.15299203516040732
4.799999999999999,1.7343617687699506,0.0,1,2,0.15299203516040732
4.899999999999999,1.7496609722859913,0.0,1,2,0.15299203516040732
4.999999999999998,1.764960175802032,0.0,1,2,0.15299203516040732
5.099999999999998,1.7802593793180725,0.0,1,2,0.15299203516040732
5.1999999999999975,1.7955585828341132,0.0,1,2,0.15299203516040732
5.299999999999997,1.8108577863501538,0.010000000000000002,1,2,0.15299203516040732
5.399999999999997,1.8261569898661945,0.020000000000000004,1,2,0.15299203516040732
5.4999999999999964,1.841456193382235,0.030000000000000006,1,2,0.15299203516040732
5.599999999999996,1.8567553968982757,0.04000000000000001,1,2,0.15299203516040732
5.699999999999996,1.8720546004143164,0.05000000000000001,1,2,0.15299203516040732
5.799999999999995,1.887353803930357,0.06000000000000001,1,2,0.15299203516040732
5.899999999999995,1.9026530074463976,0.07,1,2,0.15299203516040732
5.999999999999995,1.9179522109624383,0.08000000000000002,1,2,0.15299203516040732
6.099999999999994,1.933251414478479,0.09000000000000002,1,2,0.15299203516040732
6.199999999999994,1.9485506179945196,0.10000000000000003,1,2,0.15299203516040732
6.299999999999994,1.9638498215105602,0.11000000000000004,1,2,0.15299203516040732
6.399999999999993,1.9791490250266008,0.12000000000000005,1,2,0.15299203516040732
6.499999999999993,1.9944482285426415,0.13000000000000006,1,2,0.15299203516040732
6.5999999999999925,2.0,0.14000000000000007,1,2,0.15299203516040732
6.699999999999992,2.0,0.15000000000000008,1,2,0.15299203516040732
6.799999999999992,2.0,0.1600000000000001,1,2,0.15299203516040732
6.8999999999999915,2.0,0.1700000000000001,1,2,0.15299203516040732
6.999999999999991,2.0,0.1800000000000001,1,2,0.15299203516040732
7.099999999999991,2.0,0.1900000000000001,1,2,0.15299203516040732
7.19999999999999,2.0,0.20000000000000012,1,2,0.15299203516040732
7.29999999999999,2.0,0.21000000000000013,1,2,0.15299203516040732
7.39999999999999,2.0,0.22000000000000014,1,2,0.15299203516040732
7.499999999999989,2.0,0.23000000000000015,1,2,0.15299203516040732
7.599999999999989,2.0,0.24000000000000016,1,2,0.15299203516040732
7.699999999999989,2.0,0.25000000000000017,1,2,0.15299203516040732
7.799999999999988,2.0,0.2600000000000002,1,2,0.15299203516040732
7.899999999999988,2.0,0.2700000000000002,1,2,0.15299203516040732
7.999999999999988,2.0,0.2800000000000002,1,2,0.15299203516040732
8.099999999999987,2.0,0.2900000000000002,1,2,0.15299203516040732
8.199999999999987,2.0,0.3000000000000002,1,2,0.15299203516040732
8.299999999999986,2.0,0.3100000000000002,1,2,0.15299203516040732
8.399999999999986,2.0,0.32000000000000023,1,2,0.15299203516040732
8.499999999999986,2.0,0.33000000000000024,1,2,0.15299203516040732
8.599999999999985,2.0,0.34000000000000025,1,2,0.15299203516040732
8.699999999999985,2.0,0.35000000000000026,1,2,0.15299203516040732
8.799999999999985,2.0,0.36000000000000026,1,2,0.15299203516040732
8.899999999999984,2.0,0.3700000000000003,1,2,0.15299203516040732
8.999999999999984,2.0,0.3800000000000003,1,2,0.15299203516040732
9.099999999999984,2.0,0.3900000000000003,1,2,0.15299203516040732
9.199999999999983,2.0,0.4000000000000003,1,2,0.15299203516040732
9.299999999999983,2.0,0.4100000000000003,1,2,0.15299203516040732
9.399999999999983,2.0,0.4200000000000003,1,2,0.15299203516040732
9.499999999999982,2.0,0.4300000000000003,1,2,0.15299203516040732
9.599999999999982,2.0,0.44000000000000034,1,2,0.15299203516040732
9.699999999999982,2.0,0.45000000000000034,1,2,0.15299203516040732
9.799999999999981,2.0,0.46000000000000035,1,2,0.15299203516040732
9.89999999999998,2.0,0.47000000000000036,1,2,0.15299203516040732
9.99999999999998,2.0,0.48000000000000037,1,2,0.15299203516040732
10.09999999999998,2.0,0.4900000000000004,1,2,0.15299203516040732
10.19999999999998,2.0,0.5000000000000003,1,2,0.15299203516040732
10.29999999999998,2.0,0.5100000000000003,1,2,0.15299203516040732
10.399999999999979,2.0,0.5200000000000004,1,2,0.15299203516040732
10.499999999999979,2.0,0.5300000000000004,1,2,0.15299203516040732
10.599999999999978,2.0,0.5400000000000004,1,2,0.15299203516040732
10.699999999999978,2.0,0.5500000000000004,1,2,0.15299203516040732
10.799999999999978,2.0,0.5600000000000004,1,2,0.15299203516040732
10.899999999999977,2.0,0.5700000000000004,1,2,0.15299203516040732
10.999999999999977,2.0,0.5800000000000004,1,2,0.15299203516040732
11.099999999999977,2.0,0.5900000000000004,1,2,0.15299203516040732
11.199999999999976,2.0,0.6000000000000004,1,2,0.15299203516040732
11.299999999999976,2.0,0.6100000000000004,1,2,0.15299203516040732
11.399999999999975,2.0,0.6200000000000004,1,2,0.15299203516040732
11.499999999999975,2.0,0.6300000000000004,1,2,0.15299203516040732
11.599999999999975,2.0,0.6400000000000005,1,2,0.15299203516040732
11.699999999999974,2.0,0.6500000000000005,1,2,0.15299203516040732
11.799999999999974,2.0,0.6600000000000005,1,2,0.15299203516040732
11.899999999999974,2.0,0.6700000000000005,1,2,0.15299203516040732
11.999999999999973,2.0,0.6800000000000005,1,2,0.15299203516040732
12.099999999999973,2.0,0.6900000000000005,1,2,0.15299203516040732
12.199999999999973,2.0,0.7000000000000005,1,2,0.15299203516040732
12.299999999999972,2.0,0.7100000000000005,1,2,0.15299203516040732
12.399999999999972,2.0,0.7200000000000005,1,2,0.15299203516040732
12.499999999999972,2.0,0.7300000000000005,1,2,0.15299203516040732
12.599999999999971,2.0,0.7400000000000005,1,2,0.15299203516040732
12.69999999999997,2.0,0.7500000000000006,1,2,0.15299203516040732
12.79999999999997,2.0,0.7600000000000006,1,2,0.15299203516040732
12.89999999999997,2.0,0.7700000000000006,1,2,0.15299203516040732
12.99999999999997,2.0,0.7800000000000006,1,2,0.15299203516040732
13.09999999999997,2.0,0.7900000000000006,1,2,0.15299203516040732
13.199999999999969,2.0,0.8000000000000006,1,2,0.15299203516040732
13.299999999999969,2.0,0.8100000000000006,1,2,0.15299203516040732
13.399999999999968,2.0,0.8200000000000006,1,2,0.15299203516040732
13.499999999999968,2.0,0.8300000000000006,1,2,0.15299203516040732
13.599999999999968,2.0,0.8400000000000006,1,2,0.15299203516040732
13.699999999999967,2.0,0.8500000000000006,1,2,0.15299203516040732
13.799999999999967,2.0,0.8600000000000007,1,2,0.15299203516040732
13.899999999999967,2.0,0.8700000000000007,1,2,0.15299203516040732
13.999999999999966,2.0,0.8800000000000007,1,2,0.15299203516040732
14.099999999999966,2.0,0.8900000000000007,1,2,0.15299203516040732
14.199999999999966,2.0,0.9000000000000007,1,2,0.15299203516040732
14.299999999999965,2.0,0.9100000000000007,1,2,0.15299203516040732
14.399999999999965,2.0,0.9200000000000007,1,2,0.15299203516040732
14.499999999999964,2.0,0.9300000000000007,1,2,0.15299203516040732
14.599999999999964,2.0,0.9400000000000007,1,2,0.15299203516040732
14.699999999999964,2.0,0.9500000000000007,1,2,0.15299203516040732
14.799999999999963,2.0,0.9600000000000007,1,2,0.15299203516040732
0.1,1.0110223551640285,0.0,0,3,0.11022355164028438
0.2,1.022044710328057,0.0,0,3,0.11022355164028438
0.30000000000000004,1.0330670654920855,0.0,0,3,0.11022355164028438
0.4,1.044089420656114,0.0,0,3,0.11022355164028438
0.5,1.0551117758201425,0.0,0,3,0.11022355164028438
0.6,1.066134130984171,0.0,0,3,0.11022355164028438
0.7,1.0771564861481995,0.0,0,3,0.11022355164028438
0.7999999999999999,1.088178841312228,0.0,0,3,0.11022355164028438
0.8999999999999999,1.0992011964762565,0.0,0,3,0.11022355164028438
0.9999999999999999,1.110223551640285,0.0,0,3,0.11022355164028438
1.0999999999999999,1.1212459068043135,0.0,0,3,0.11022355164028438
1.2,1.132268261968342,0.0,0,3,0.11022355164028438
1.3,1.1432906171323705,0.0,0,3,0.11022355164028438
1.4000000000000001,1.154312972296399,0.0,0,3,0.11022355164028438
1.5000000000000002,1.1653353274604275,0.0,0,3,0.11022355164028438
1.6000000000000003,1.176357682624456,0.0,0,3,0.11022355164028438
1.7000000000000004,1.1873800377884844,0.0,0,3,0.11022355164028438
1.8000000000000005,1.198402392952513,0.0,0,3,0.11022355164028438
1.9000000000000006,1.2094247481165414,0.0,0,3,0.11022355164028438
2.0000000000000004,1.22044710328057,0.0,0,3,0.11022355164028438
2.1000000000000005,1.2314694584445984,0.0,0,3,0.11022355164028438
2.2000000000000006,1.242491813608627,0.0,0,3,0.11022355164028438
2.3000000000000007,1.2535141687726554,0.0,0,3,0.11022355164028438
2.400000000000001,1.264536523936684,0.0,0,3,0.11022355164028438
2.500000000000001,1.2755588791007124,0.0,0,3,0.11022355164028438
2.600000000000001,1.286581234264741,0.0,0,3,0.11022355164028438
2.700000000000001,1.2976035894287694,0.0,0,3,0.11022355164028438
2.800000000000001,1.308625944592798,0.0,0,3,0.11022355164028438
2.9000000000000012,1.3196482997568264,0.0,0,3,0.11022355164028438
3.0000000000000013,1.330670654920855,0.0,0,3,0.11022355164028438
3.1000000000000014,1.3416930100848834,0.0,0,3,0.11022355164028438
3.2000000000000015,1.352715365248912,0.0,0,3,0.11022355164028438
3.3000000000000016,1.3637377204129404,0.0,0,3,0.11022355164028438
3.4000000000000017,1.3747600755769689,0.0,0,3,0.11022355164028438
3.5000000000000018,1.3857824307409974,0.0,0,3,0.11022355164028438
3.600000000000002,1.3968047859050259,0.0,0,3,0.11022355164028438
3.700000000000002,1.4078271410690544,0.0,0,3,0.11022355164028438
3.800000000000002,1.4188494962330829,0.0,0,3,0.11022355164028438
3.900000000000002,1.4298718513971114,0.0,0,3,0.11022355164028438
4.000000000000002,1.4408942065611399,0.0,0,3,0.11022355164028438
4.100000000000001,1.4519165617251684,0.0,0,3,0.11022355164028438
4.200000000000001,1.4629389168891969,0.0,0,3,0.11022355164028438
4.300000000000001,1.4739612720532254,0.0,0,3,0.11022355164028438
4.4,1.4849836272172539,0.0,0,3,0.11022355164028438
4.5,1.4960059823812824,0.0,0,3,0.11022355164028438
4.6,1.5070283375453108,0.0,0,3,0.11022355164028438
4.699999999999999,1.5180506927093393,0.0,0,3,0.11022355164028438
4.799999999999999,1.5290730478733678,0.0,0,3,0.11022355164028438
4.899999999999999,1.5400954030373963,0.0,0,3,0.11022355164028438
4.999999999999998,1.5511177582014248,0.0,0,3,0.11022355164028438
5.099999999999998,1.5621401133654533,0.0,0,3,0.11022355164028438
5.1999999999999975,1.5731624685294818,0.0,0,3,0.11022355164028438
5.299999999999997,1.5841848236935103,0.0,0,3,0.11022355164028438
5.399999999999997,1.5952071788575388,0.0,0,3,0.11022355164028438
5.4999999999999964,1.6062295340215673,0.0,0,3,0.11022355164028438
5.599999999999996,1.6172518891855958,0.0,0,3,0.11022355164028438
5.699999999999996,1.6282742443496243,0.0,0,3,0.11022355164028438
5.799999999999995,1.6392965995136528,0.0,0,3,0.11022355164028438
5.899999999999995,1.6503189546776813,0.0,0,3,0.11022355164028438
5.999999999999995,1.6613413098417098,0.0,0,3,0.11022355164028438
6.099999999999994,1.6723636650057383,0.0,0,3,0.11022355164028438
6.199999999999994,1.6833860201697668,0.0,0,3,0.11022355164028438
6.299999999999994,1.6944083753337953,0.0,0,3,0.11022355164028438
6.399999999999993,1.7054307304978238,0.0,0,3,0.11022355164028438
6.499999999999993,1.7164530856618523,0.0,0,3,0.11022355164028438
6.5999999999999925,1.7274754408258808,0.0,0,3,0.11022355164028438
6.699999999999992,1.7384977959899093,0.0,0,3,0.11022355164028438
6.799999999999992,1.7495201511539378,0.0,0,3,0.11022355164028438
6.8999999999999915,1.7605425063179663,0.0,0,3,0.11022355164028438
6.999999999999991,1.7715648614819948,0.0,0,3,0.11022355164028438
7.099999999999991,1.7825872166460233,0.0,0,3,0.11022355164028438
7.19999999999999,1.7936095718100518,0.0,0,3,0.11022355164028438
7.29999999999999,1.8046319269740803,0.010000000000000002,0,3,0.11022355164028438
7.39999999999999,1.8156542821381088,0.020000000000000004,0,3,0.11022355164028438
7.499999999999989,1.8266766373021373,0.030000000000000006,0,3,0.11022355164028438
7.599999999999989,1.8376989924661657,0.04000000000000001,0,3,0.11022355164028438
7.699999999999989,1.8487213476301942,0.05000000000000001,0,3,0.11022355164028438
7.799999999999988,1.8597437027942227,0.06000000000000001,0,3,0.11022355164028438
7.899999999999988,1.8707660579582512,0.07,0,3,0.11022355164028438
7.999999999999988,1.8817884131222797,0.08000000000000002,0,3,0.11022355164028438
8.099999999999987,1.8928107682863082,0.09000000000000002,0,3,0.11022355164028438
8.199999999999987,1.9038331234503367,0.10000000000000003,0,3,0.11022355164028438
8.299999999999986,1.9148554786143652,0.11000000000000004,0,3,0.11022355164028438
8.399999999999986,1.9258778337783937,0.12000000000000005,0,3,0.11022355164028438
8.499999999999986,1.9369001889424222,0.13000000000000006,0,3,0.11022355164028438
8.599999999999985,1.9479225441064507,0.14000000000000007,0,3,0.11022355164028438
8.699999999999985,1.9589448992704792,0.15000000000000008,0,3,0.11022355164028438
8.799999999999985,1.9699672544345077,0.1600000000000001,0,3,0.11022355164028438
8.899999999999984,1.9809896095985362,0.1700000000000001,0,3,0.11022355164028438
8.999999999999984,1.9920119647625647,0.1800000000000001,0,3,0.11022355164028438
9.099999999999984,2.0,0.1900000000000001,0,3,0.11022355164028438
9.199999999999983,2.0,0.20000000000000012,0,3,0.11022355164028438
9.299999999999983,2.0,0.21000000000000013,0,3,0.11022355164028438
9.399999999999983,2.0,0.22000000000000014,0,3,0.11022355164028438
9.499999999999982,2.0,0.23000000000000015,0,3,0.11022355164028438
9.599999999999982,2.0,0.24000000000000016,0,3,0.11022355164028438
9.699999999999982,2.0,0.25000000000000017,0,3,0.11022355164028438
9.799999999999981,2.0,0.2600000000000002,0,3,0.11022355164028438
9.89999999999998,2.0,0.2700000000000002,0,3,0.11022355164028438
9.99999999999998,2.0,0.2800000000000002,0,3,0.11022355164028438
10.09999999999998,2.0,0.2900000000000002,0,3,0.11022355164028438
10.19999999999998,2.0,0.3000000000000002,0,3,0.11022355164028438
10.29999999999998,2.0,0.3100000000000002,0,3,0.11022355164028438
10.399999999999979,2.0,0.32000000000000023,0,3,0.11022355164028438
10.499999999999979,2.0,0.33000000000000024,0,3,0.11022355164028438
10.599999999999978,2.0,0.34000000000000025,0,3,0.11022355164028438
10.699999999999978,2.0,0.35000000000000026,0,3,0.11022355164028438
10.799999999999978,2.0,0.36000000000000026,0,3,0.11022355164028438
10.899999999999977,2.0,0.3700000000000003,0,3,0.11022355164028438
10.999999999999977,2.0,0.3800000000000003,0,3,0.11022355164028438
11.099999999999977,2.0,0.3900000000000003,0,3,0.11022355164028438
11.199999999999976,2.0,0.4000000000000003,0,3,0.11022355164028438
11.299999999999976,2.0,0.4100000000000003,0,3,0.11022355164028438
11.399999999999975,2.0,0.4200000000000003,0,3,0.11022355164028438
11.499999999999975,2.0,0.4300000000000003,0,3,0.11022355164028438
11.599999999999975,2.0,0.44000000000000034,0,3,0.11022355164028438
11.699999999999974,2.0,0.45000000000000034,0,3,0.11022355164028438
11.799999999999974,2.0,0.46000000000000035,0,3,0.11022355164028438
11.899999999999974,2.0,0.47000000000000036,0,3,0.11022355164028438
11.999999999999973,2.0,0.48000000000000037,0,3,0.11022355164028438
12.099999999999973,2.0,0.4900000000000004,0,3,0.11022355164028438
12.199999999999973,2.0,0.5000000000000003,0,3,0.11022355164028438
12.299999999999972,2.0,0.5100000000000003,0,3,0.11022355164028438
12.399999999999972,2.0,0.5200000000000004,0,3,0.11022355164028438
12.499999999999972,2.0,0.5300000000000004,0,3,0.11022355164028438
12.599999999999971,2.0,0.5400000000000004,0,3,0.11022355164028438
12.69999999999997,2.0,0.5500000000000004,0,3,0.11022355164028438
12.79999999999997,2.0,0.5600000000000004,0,3,0.11022355164028438
12.89999999999997,2.0,0.5700000000000004,0,3,0.11022355164028438
12.99999999999997,2.0,0.5800000000000004,0,3,0.11022355164028438
13.09999999999997,2.0,0.5900000000000004,0,3,0.11022355164028438
13.199999999999969,2.0,0.6000000000000004,0,3,0.11022355164028438
13.299999999999969,2.0,0.6100000000000004,0,3,0.11022355164028438
13.399999999999968,2.0,0.6200000000000004,0,3,0.11022355164028438
13.499999999999968,2.0,0.6300000000000004,0,3,0.11022355164028438
13.599999999999968,2.0,0.6400000000000005,0,3,0.11022355164028438
13.699999999999967,2.0,0.6500000000000005,0,3,0.11022355164028438
13.799999999999967,2.0,0.6600000000000005,0,3,0.11022355164028438
13.899999999999967,2.0,0.6700000000000005,0,3,0.11022355164028438
13.999999999999966,2.0,0.6800000000000005,0,3,0.11022355164028438
14.099999999999966,2.0,0.6900000000000005,0,3,0.11022355164028438
14.199999999999966,2.0,0.7000000000000005,0,3,0.11022355164028438
14.299999999999965,2.0,0.7100000000000005,0,3,0.11022355164028438
14.399999999999965,2.0,0.7200000000000005,0,3,0.11022355164028438
14.499999999999964,2.0,0.7300000000000005,0,3,0.11022355164028438
14.599999999999964,2.0,0.7400000000000005,0,3,0.11022355164028438
14.699999999999964,2.0,0.7500000000000006,0,3,0.11022355164028438
14.799999999999963,2.0,0.7600000000000006,0,3,0.11022355164028438
14.899999999999963,2.0,0.7700000000000006,0,3,0.11022355164028438
14.999999999999963,2.0,0.7800000000000006,0,3,0.11022355164028438
15.099999999999962,2.0,0.7900000000000006,0,3,0.11022355164028438
15.199999999999962,2.0,0.8000000000000006,0,3,0.11022355164028438
15.299999999999962,2.0,0.8100000000000006,0,3,0.11022355164028438
15.399999999999961,2.0,0.8200000000000006,0,3,0.11022355164028438
15.499999999999961,2.0,0.8300000000000006,0,3,0.11022355164028438
15.59999999999996,2.0,0.8400000000000006,0,3,0.11022355164028438
15.69999999999996,2.0,0.8500000000000006,0,3,0.11022355164028438
15.79999999999996,2.0,0.8600000000000007,0,3,0.11022355164028438
15.89999999999996,2.0,0.8700000000000007,0,3,0.11022355164028438
15.99999999999996,2.0,0.8800000000000007,0,3,0.11022355164028438
16.09999999999996,2.0,0.8900000000000007,0,3,0.11022355164028438
16.19999999999996,2.0,0.9000000000000007,0,3,0.11022355164028438
16.29999999999996,2.0,0.9100000000000007,0,3,0.11022355164028438
16.399999999999963,2.0,0.9200000000000007,0,3,0.11022355164028438
16.499999999999964,2.0,0.9300000000000007,0,3,0.11022355164028438
16.599999999999966,2.0,0.9400000000000007,0,3,0.11022355164028438
16.699999999999967,2.0,0.9500000000000007,0,3,0.11022355164028438
16.79999999999997,2.0,0.9600000000000007,0,3,0.11022355164028438
16.89999999999997,2.0,0.9700000000000008,0,3,0.11022355164028438
16.99999999999997,2.0,0.9800000000000008,0,3,0.11022355164028438
17.099999999999973,2.0,0.9900000000000008,0,3,0.11022355164028438
17.199999999999974,2.0,1.0,0,3,0.11022355164028438
17.299999999999976,1.0110223551640285,0.0,0,3,0.11022355164028438
17.399999999999977,1.022044710328057,0.0,0,3,0.11022355164028438
17.49999999999998,1.0330670654920855,0.0,0,3,0.11022355164028438
17.59999999999998,1.044089420656114,0.0,0,3,0.11022355164028438
17.69999999999998,1.0551117758201425,0.0,0,3,0.11022355164028438
17.799999999999983,1.066134130984171,0.0,0,3,0.11022355164028438
17.899999999999984,1.0771564861481995,0.0,0,3,0.11022355164028438
17.999999999999986,1.088178841312228,0.0,0,3,0.11022355164028438
18.099999999999987,1.0992011964762565,0.0,0,3,0.11022355164028438
18.19999999999999,1.110223551640285,0.0,0,3,0.11022355164028438
18.29999999999999,1.1212459068043135,0.0,0,3,0.11022355164028438
18.39999999999999,1.132268261968342,0.0,0,3,0.11022355164028438
18.499999999999993,1.1432906171323705,0.0,0,3,0.11022355164028438
18.599999999999994,1.154312972296399,0.0,0,3,0.11022355164028438
18.699999999999996,1.1653353274604275,0.0,0,3,0.11022355164028438
18.799999999999997,1.176357682624456,0.0,0,3,0.11022355164028438
18.9,1.1873800377884844,0.0,0,3,0.11022355164028438
19.0,1.198402392952513,0.0,0,3,0.11022355164028438
19.1,1.2094247481165414,0.0,0,3,0.11022355164028438
19.200000000000003,1.22044710328057,0.0,0,3,0.11022355164028438
19.300000000000004,1.2314694584445984,0.0,0,3,0.11022355164028438
19.400000000000006,1.242491813608627,0.0,0,3,0.11022355164028438
19.500000000000007,1.2535141687726554,0.0,0,3,0.11022355164028438
19.60000000000001,1.264536523936684,0.0,0,3,0.11022355164028438
19.70000000000001,1.2755588791007124,0.0,0,3,0.11022355164028438
19.80000000000001,1.286581234264741,0.0,0,3,0.11022355164028438
19.900000000000013,1.2976035894287694,0.0,0,3,0.11022355164028438
20.000000000000014,1.308625944592798,0.0,0,3,0.11022355164028438
20.100000000000016,1.3196482997568264,0.0,0,3,0.11022355164028438
20.200000000000017,1.330670654920855,0.0,0,3,0.11022355164028438
20.30000000000002,1.3416930100848834,0.0,0,3,0.11022355164028438
20.40000000000002,1.352715365248912,0.0,0,3,0.11022355164028438
20.50000000000002,1.3637377204129404,0.0,0,3,0.11022355164028438
20.600000000000023,1.3747600755769689,0.0,0,3,0.11022355164028438
20.700000000000024,1.3857824307409974,0.0,0,3,0.11022355164028438
20.800000000000026,1.3968047859050259,0.0,0,3,0.11022355164028438
20.900000000000027,1.4078271410690544,0.0,0,3,0.11022355164028438
21.00000000000003,1.4188494962330829,0.0,0,3,0.11022355164028438
21.10000000000003,1.4298718513971114,0.0,0,3,0.11022355164028438
21.20000000000003,1.4408942065611399,0.0,0,3,0.11022355164028438
21.300000000000033,1.4519165617251684,0.0,0,3,0.11022355164028438
21.400000000000034,1.4629389168891969,0.0,0,3,0.11022355164028438
21.500000000000036,1.4739612720532254,0.0,0,3,0.11022355164028438
21.600000000000037,1.4849836272172539,0.0,0,3,0.11022355164028438
21.70000000000004,1.4960059823812824,0.0,0,3,0.11022355164028438
21.80000000000004,1.5070283375453108,0.0,0,3,0.11022355164028438
21.90000000000004,1.5180506927093393,0.0,0,3,0.11022355164028438
22.000000000000043,1.5290730478733678,0.0,0,3,0.11022355164028438
22.100000000000044,1.5400954030373963,0.0,0,3,0.11022355164028438
22.200000000000045,1.5511177582014248,0.0,0,3,0.11022355164028438
22.300000000000047,1.5621401133654533,0.0,0,3,0.11022355164028438
22.40000000000005,1.5731624685294818,0.0,0,3,0.11022355164028438
22.50000000000005,1.5841848236935103,0.0,0,3,0.11022355164028438
22.60000000000005,1.5952071788575388,0.0,0,3,0.11022355164028438
22.700000000000053,1.6062295340215673,0.0,0,3,0.11022355164028438
22.800000000000054,1.6172518891855958,0.0,0,3,0.11022355164028438
22.900000000000055,1.6282742443496243,0.0,0,3,0.11022355164028438
23.000000000000057,1.6392965995136528,0.0,0,3,0.11022355164028438
23.10000000000006,1.6503189546776813,0.0,0,3,0.11022355164028438
23.20000000000006,1.6613413098417098,0.0,0,3,0.11022355164028438
23.30000000000006,1.6723636650057383,0.0,0,3,0.11022355164028438
23.400000000000063,1.6833860201697668,0.0,0,3,0.11022355164028438
23.500000000000064,1.6944083753337953,0.0,0,3,0.11022355164028438
23.600000000000065,1.7054307304978238,0.0,0,3,0.11022355164028438
23.700000000000067,1.7164530856618523,0.0,0,3,0.11022355164028438
23.800000000000068,1.7274754408258808,0.0,0,3,0.11022355164028438
23.90000000000007,1.7384977959899093,0.0,0,3,0.11022355164028438
24.00000000000007,1.7495201511539378,0.0,0,3,0.11022355164028438
24.100000000000072,1.7605425063179663,0.0,0,3,0.11022355164028438
24.200000000000074,1.7715648614819948,0.0,0,3,0.11022355164028438
24.300000000000075,1.7825872166460233,0.0,0,3,0.11022355164028438
24.400000000000077,1.7936095718100518,0.0,0,3,0.11022355164028438
24.500000000000078,1.8046319269740803,0.010000000000000002,0,3,0.11022355164028438
24.60000000000008,1.8156542821381088,0.020000000000000004,0,3,0.11022355164028438
24.70000000000008,1.8266766373021373,0.030000000000000006,0,3,0.11022355164028438
24.800000000000082,1.8376989924661657,0.04000000000000001,0,3,0.11022355164028438
24.900000000000084,1.8487213476301942,0.05000000000000001,0,3,0.11022355164028438
25.000000000000085,1.8597437027942227,0.06000000000000001,0,3,0.11022355164028438
25.100000000000087,1.8707660579582512,0.07,0,3,0.11022355164028438
25.200000000000088,1.8817884131222797,0.08000000000000002,0,3,0.11022355164028438
25.30000000000009,1.8928107682863082,0.09000000000000002,0,3,0.11022355164028438
25.40000000000009,1.9038331234503367,0.10000000000000003,0,3,0.11022355164028438
25.500000000000092,1.9148554786143652,0.11000000000000004,0,3,0.11022355164028438
25.600000000000094,1.9258778337783937,0.12000000000000005,0,3,0.11022355164028438
25.700000000000095,1.9369001889424222,0.13000000000000006,0,3,0.11022355164028438
25.800000000000097,1.9479225441064507,0.14000000000000007,0,3,0.11022355164028438
25.900000000000098,1.9589448992704792,0.15000000000000008,0,3,0.11022355164028438
26.0000000000001,1.9699672544345077,0.1600000000000001,0,3,0.11022355164028438
26.1000000000001,1.9809896095985362,0.1700000000000001,0,3,0.11022355164028438
26.200000000000102,1.9920119647625647,0.1800000000000001,0,3,0.11022355164028438
26.300000000000104,2.0,0.1900000000000001,0,3,0.11022355164028438
26.400000000000105,2.0,0.20000000000000012,0,3,0.11022355164028438
26.500000000000107,2.0,0.21000000000000013,0,3,0.11022355164028438
26.600000000000108,2.0,0.22000000000000014,0,3,0.11022355164028438
26.70000000000011,2.0,0.23000000000000015,0,3,0.11022355164028438
26.80000000000011,2.0,0.24000000000000016,0,3,0.11022355164028438
26.900000000000112,2.0,0.25000000000000017,0,3,0.11022355164028438
27.000000000000114,2.0,0.2600000000000002,0,3,0.11022355164028438
27.100000000000115,2.0,0.2700000000000002,0,3,0.11022355164028438
27.200000000000117,2.0,0.2800000000000002,0,3,0.11022355164028438
27.300000000000118,2.0,0.2900000000000002,0,3,0.11022355164028438
27.40000000000012,2.0,0.3000000000000002,0,3,0.11022355164028438
27.50000000000012,2.0,0.3100000000000002,0,3,0.11022355164028438
27.600000000000122,2.0,0.32000000000000023,0,3,0.11022355164028438
27.700000000000124,2.0,0.33000000000000024,0,3,0.11022355164028438
27.800000000000125,2.0,0.34000000000000025,0,3,0.11022355164028438
27.900000000000126,2.0,0.35000000000000026,0,3,0.11022355164028438
28.000000000000128,2.0,0.36000000000000026,0,3,0.11022355164028438
28.10000000000013,2.0,0.3700000000000003,0,3,0.11022355164028438
28.20000000000013,2.0,0.3800000000000003,0,3,0.11022355164028438
28.300000000000132,2.0,0.3900000000000003,0,3,0.11022355164028438
28.400000000000134,2.0,0.4000000000000003,0,3,0.11022355164028438
28.500000000000135,2.0,0.4100000000000003,0,3,0.11022355164028438
28.600000000000136,2.0,0.4200000000000003,0,3,0.11022355164028438
28.700000000000138,2.0,0.4300000000000003,0,3,0.11022355164028438
28.80000000000014,2.0,0.44000000000000034,0,3,0.11022355164028438
28.90000000000014,2.0,0.45000000000000034,0,3,0.11022355164028438
29.000000000000142,2.0,0.46000000000000035,0,3,0.11022355164028438
29.100000000000144,2.0,0.47000000000000036,0,3,0.11022355164028438
29.200000000000145,2.0,0.48000000000000037,0,3,0.11022355164028438
29.300000000000146,2.0,0.4900000000000004,0,3,0.11022355164028438
29.400000000000148,2.0,0.5000000000000003,0,3,0.11022355164028438
29.50000000000015,2.0,0.5100000000000003,0,3,0.11022355164028438
29.60000000000015,2.0,0.5200000000000004,0,3,0.11022355164028438
29.700000000000152,2.0,0.5300000000000004,0,3,0.11022355164028438
29.800000000000153,2.0,0.5400000000000004,0,3,0.11022355164028438
29.900000000000155,2.0,0.5500000000000004,0,3,0.11022355164028438
30.000000000000156,2.0,0.5600000000000004,0,3,0.11022355164028438
0.1,1.0110223551640285,0.0,1,3,0.11022355164028438
0.2,1.022044710328057,0.0,1,3,0.11022355164028438
0.30000000000000004,1.0330670654920855,0.0,1,3,0.11022355164028438
0.4,1.044089420656114,0.0,1,3,0.11022355164028438
0.5,1.0551117758201425,0.0,1,3,0.11022355164028438
0.6,1.066134130984171,0.0,1,3,0.11022355164028438
0.7,1.0771564861481995,0.0,1,3,0.11022355164028438
0.7999999999999999,1.088178841312228,0.0,1,3,0.11022355164028438
0.8999999999999999,1.0992011964762565,0.0,1,3,0.11022355164028438
0.9999999999999999,1.110223551640285,0.0,1,3,0.11022355164028438
1.0999999999999999,1.1212459068043135,0.0,1,3,0.11022355164028438
1.2,1.132268261968342,0.0,1,3,0.11022355164028438
1.3,1.1432906171323705,0.0,1,3,0.11022355164028438
1.4000000000000001,1.154312972296399,0.0,1,3,0.11022355164028438
1.5000000000000002,1.1653353274604275,0.0,1,3,0.11022355164028438
1.6000000000000003,1.176357682624456,0.0,1,3,0.11022355164028438
1.7000000000000004,1.1873800377884844,0.0,1,3,0.11022355164028438
1.8000000000000005,1.198402392952513,0.0,1,3,0.11022355164028438
1.9000000000000006,1.2094247481165414,0.0,1,3,0.11022355164028438
2.0000000000000004,1.22044710328057,0.0,1,3,0.11022355164028438
2.1000000000000005,1.2314694584445984,0.0,1,3,0.11022355164028438
2.2000000000000006,1.242491813608627,0.0,1,3,0.11022355164028438
2.3000000000000007,1.2535141687726554,0.0,1,3,0.11022355164028438
2.400000000000001,1.264536523936684,0.0,1,3,0.11022355164028438
2.500000000000001,1.2755588791007124,0.0,1,3,0.11022355164028438
2.600000000000001,1.286581234264741,0.0,1,3,0.11022355164028438
2.700000000000001,1.2976035894287694,0.0,1,3,0.11022355164028438
2.800000000000001,1.308625944592798,0.0,1,3,0.11022355164028438
2.9000000000000012,1.3196482997568264,0.0,1,3,0.11022355164028438
3.0000000000000013,1.330670654920855,0.0,1,3,0.11022355164028438
3.1000000000000014,1.3416930100848834,0.0,1,3,0.11022355164028438
3.2000000000000015,1.352715365248912,0.0,1,3,0.11022355164028438
3.3000000000000016,1.3637377204129404,0.0,1,3,0.11022355164028438
3.4000000000000017,1.3747600755769689,0.0,1,3,0.11022355164028438
3.5000000000000018,1.3857824307409974,0.0,1,3,0.11022355164028438
3.600000000000002,1.3968047859050259,0.0,1,3,0.11022355164028438
3.700000000000002,1.4078271410690544,0.0,1,3,0.11022355164028438
3.800000000000002,1.4188494962330829,0.0,1,3,0.11022355164028438
3.900000000000002,1.4298718513971114,0.0,1,3,0.11022355164028438
4.000000000000002,1.4408942065611399,0.0,1,3,0.11022355164028438
4.100000000000001,1.4519165617251684,0.0,1,3,0.11022355164028438
4.200000000000001,1.4629389168891969,0.0,1,3,0.11022355164028438
4.300000000000001,1.4739612720532254,0.0,1,3,0.11022355164028438
4.4,1.4849836272172539,0.0,1,3,0.11022355164028438
4.5,1.4960059823812824,0.0,1,3,0.11022355164028438
4.6,1.5070283375453108,0.0,1,3,0.11022355164028438
4.699999999999999,1.5180506927093393,0.0,1,3,0.11022355164028438
4.799999999999999,1.5290730478733678,0.0,1,3,0.11022355164028438
4.899999999999999,1.5400954030373963,0.0,1,3,0.11022355164028438
4.999999999999998,1.5511177582014248,0.0,1,3,0.11022355164028438
5.099999999999998,1.5621401133654533,0.0,1,3,0.11022355164028438
5.1999999999999975,1.5731624685294818,0.0,1,3,0.11022355164028438
5.299999999999997,1.5841848236935103,0.0,1,3,0.11022355164028438
5.399999999999997,1.5952071788575388,0.0,1,3,0.11022355164028438
5.4999999999999964,1.6062295340215673,0.0,1,3,0.11022355164028438
5.599999999999996,1.6172518891855958,0.0,1,3,0.11022355164028438
5.699999999999996,1.6282742443496243,0.0,1,3,0.11022355164028438
5.799999999999995,1.6392965995136528,0.0,1,3,0.11022355164028438
5.899999999999995,1.6503189546776813,0.0,1,3,0.11022355164028438
5.999999999999995,1.6613413098417098,0.0,1,3,0.11022355164028438
6.099999999999994,1.6723636650057383,0.0,1,3,0.11022355164028438
6.199999999999994,1.6833860201697668,0.0,1,3,0.11022355164028438
6.299999999999994,1.6944083753337953,0.0,1,3,0.11022355164028438
6.399999999999993,1.7054307304978238,0.0,1,3,0.11022355164028438
6.499999999999993,1.7164530856618523,0.0,1,3,0.11022355164028438
6.5999999999999925,1.7274754408258808,0.0,1,3,0.11022355164028438
6.699999999999992,1.7384977959899093,0.0,1,3,0.11022355164028438
6.799999999999992,1.7495201511539378,0.0,1,3,0.11022355164028438
6.8999999999999915,1.7605425063179663,0.0,1,3,0.11022355164028438
6.999999999999991,1.7715648614819948,0.0,1,3,0.11022355164028438
7.099999999999991,1.7825872166460233,0.0,1,3,0.11022355164028438
7.19999999999999,1.7936095718100518,0.0,1,3,0.11022355164028438
7.29999999999999,1.8046319269740803,0.010000000000000002,1,3,0.11022355164028438
7.39999999999999,1.8156542821381088,0.020000000000000004,1,3,0.11022355164028438
7.499999999999989,1.8266766373021373,0.030000000000000006,1,3,0.11022355164028438
7.599999999999989,1.8376989924661657,0.04000000000000001,1,3,0.11022355164028438
7.699999999999989,1.8487213476301942,0.05000000000000001,1,3,0.11022355164028438
7.799999999999988,1.8597437027942227,0.06000000000000001,1,3,0.11022355164028438
7.899999999999988,1.8707660579582512,0.07,1,3,0.11022355164028438
7.999999999999988,1.8817884131222797,0.08000000000000002,1,3,0.11022355164028438
8.099999999999987,1.8928107682863082,0.09000000000000002,1,3,0.11022355164028438
8.199999999999987,1.9038331234503367,0.10000000000000003,1,3,0.11022355164028438
8.299999999999986,1.9148554786143652,0.11000000000000004,1,3,0.11022355164028438
8.399999999999986,1.9258778337783937,0.12000000000000005,1,3,0.11022355164028438
8.499999999999986,1.9369001889424222,0.13000000000000006,1,3,0.11022355164028438
8.599999999999985,1.9479225441064507,0.14000000000000007,1,3,0.11022355164028438
8.699999999999985,1.9589448992704792,0.15000000000000008,1,3,0.11022355164028438
8.799999999999985,1.9699672544345077,0.1600000000000001,1,3,0.11022355164028438
8.899999999999984,1.9809896095985362,0.1700000000000001,1,3,0.11022355164028438
8.999999999999984,1.9920119647625647,0.1800000000000001,1,3,0.11022355164028438
9.099999999999984,2.0,0.1900000000000001,1,3,0.11022355164028438
9.199999999999983,2.0,0.20000000000000012,1,3,0.11022355164028438
9.299999999999983,2.0,0.21000000000000013,1,3,0.11022355164028438
9.399999999999983,2.0,0.22000000000000014,1,3,0.11022355164028438
9.499999999999982,2.0,0.23000000000000015,1,3,0.11022355164028438
9.599999999999982,2.0,0.24000000000000016,1,3,0.11022355164028438
9.699999999999982,2.0,0.25000000000000017,1,3,0.11022355164028438
9.799999999999981,2.0,0.2600000000000002,1,3,0.11022355164028438
9.89999999999998,2.0,0.2700000000000002,1,3,0.11022355164028438
9.99999999999998,2.0,0.2800000000000002,1,3,0.11022355164028438
10.09999999999998,2.0,0.2900000000000002,1,3,0.11022355164028438
10.19999999999998,2.0,0.3000000000000002,1,3,0.11022355164028438
10.29999999999998,2.0,0.3100000000000002,1,3,0.11022355164028438
10.399999999999979,2.0,0.32000000000000023,1,3,0.11022355164028438
10.499999999999979,2.0,0.33000000000000024,1,3,0.11022355164028438
10.599999999999978,2.0,0.34000000000000025,1,3,0.11022355164028438
10.699999999999978,2.0,0.35000000000000026,1,3,0.11022355164028438
10.799999999999978,2.0,0.36000000000000026,1,3,0.11022355164028438
10.899999999999977,2.0,0.3700000000000003,1,3,0.11022355164028438
10.999999999999977,2.0,0.3800000000000003,1,3,0.11022355164028438
11.099999999999977,2.0,0.3900000000000003,1,3,0.11022355164028438
11.199999999999976,2.0,0.4000000000000003,1,3,0.11022355164028438
11.299999999999976,2.0,0.4100000000000003,1,3,0.11022355164028438
11.399999999999975,2.0,0.4200000000000003,1,3,0.11022355164028438
11.499999999999975,2.0,0.4300000000000003,1,3,0.11022355164028438
11.599999999999975,2.0,0.44000000000000034,1,3,0.11022355164028438
11.699999999999974,2.0,0.45000000000000034,1,3,0.11022355164028438
11.799999999999974,2.0,0.46000000000000035,1,3,0.11022355164028438
11.899999999999974,2.0,0.47000000000000036,1,3,0.11022355164028438
11.999999999999973,2.0,0.48000000000000037,1,3,0.11022355164028438
12.099999999999973,2.0,0.4900000000000004,1,3,0.11022355164028438
12.199999999999973,2.0,0.5000000000000003,1,3,0.11022355164028438
12.299999999999972,2.0,0.5100000000000003,1,3,0.11022355164028438
12.399999999999972,2.0,0.5200000000000004,1,3,0.11022355164028438
12.499999999999972,2.0,0.5300000000000004,1,3,0.11022355164028438
12.599999999999971,2.0,0.5400000000000004,1,3,0.11022355164028438
12.69999999999997,2.0,0.5500000000000004,1,3,0.11022355164028438
12.79999999999997,2.0,0.5600000000000004,1,3,0.11022355164028438
0.1,1.025539283485576,0.0,0,4,0.25539283485576
0.2,1.0510785669711522,0.0,0,4,0.25539283485576
0.30000000000000004,1.0766178504567283,0.0,0,4,0.25539283485576
0.4,1.1021571339423044,0.0,0,4,0.25539283485576
0.5,1.1276964174278805,0.0,0,4,0.25539283485576
0.6,1.1532357009134566,0.0,0,4,0.25539283485576
0.7,1.1787749843990327,0.0,0,4,0.25539283485576
0.7999999999999999,1.2043142678846088,0.0,0,4,0.25539283485576
0.8999999999999999,1.229853551370185,0.0,0,4,0.25539283485576
0.9999999999999999,1.255392834855761,0.0,0,4,0.25539283485576
1.0999999999999999,1.2809321183413371,0.0,0,4,0.25539283485576
1.2,1.3064714018269132,0.0,0,4,0.25539283485576
1.3,1.3320106853124893,0.0,0,4,0.25539283485576
1.4000000000000001,1.3575499687980654,0.0,0,4,0.25539283485576
1.5000000000000002,1.3830892522836415,0.0,0,4,0.25539283485576
1.6000000000000003,1.4086285357692176,0.0,0,4,0.25539283485576
1.7000000000000004,1.4341678192547938,0.0,0,4,0.25539283485576
1.8000000000000005,1.4597071027403699,0.0,0,4,0.25539283485576
1.9000000000000006,1.485246386225946,0.0,0,4,0.25539283485576
2.0000000000000004,1.510785669711522,0.0,0,4,0.25539283485576
2.1000000000000005,1.5363249531970982,0.0,0,4,0.25539283485576
2.2000000000000006,1.5618642366826743,0.0,0,4,0.25539283485576
2.3000000000000007,1.5874035201682504,0.0,0,4,0.25539283485576
2.400000000000001,1.6129428036538265,0.0,0,4,0.25539283485576
2.500000000000001,1.6384820871394026,0.0,0,4,0.25539283485576
2.600000000000001,1.6640213706249787,0.0,0,4,0.25539283485576
2.700000000000001,1.6895606541105548,0.0,0,4,0.25539283485576
2.800000000000001,1.7150999375961309,0.0,0,4,0.25539283485576
2.9000000000000012,1.740639221081707,0.0,0,4,0.25539283485576
3.0000000000000013,1.766178504567283,0.0,0,4,0.25539283485576
3.1000000000000014,1.7917177880528592,0.0,0,4,0.25539283485576
3.2000000000000015,1.8172570715384353,0.010000000000000002,0,4,0.25539283485576
3.3000000000000016,1.8427963550240114,0.020000000000000004,0,4,0.25539283485576
3.4000000000000017,1.8683356385095875,0.030000000000000006,0,4,0.25539283485576
3.5000000000000018,1.8938749219951636,0.04000000000000001,0,4,0.25539283485576
3.600000000000002,1.9194142054807397,0.05000000000000001,0,4,0.25539283485576
3.700000000000002,1.9449534889663158,0.06000000000000001,0,4,0.25539283485576
3.800000000000002,1.970492772451892,0.07,0,4,0.25539283485576
3.900000000000002,1.996032055937468,0.08000000000000002,0,4,0.25539283485576
4.000000000000002,2.0,0.09000000000000002,0,4,0.25539283485576
4.100000000000001,2.0,0.10000000000000003,0,4,0.25539283485576
4.200000000000001,2.0,0.11000000000000004,0,4,0.25539283485576
4.300000000000001,2.0,0.12000000000000005,0,4,0.25539283485576
4.4,2.0,0.13000000000000006,0,4,0.25539283485576
4.5,2.0,0.14000000000000007,0,4,0.25539283485576
4.6,2.0,0.15000000000000008,0,4,0.25539283485576
4.699999999999999,2.0,0.1600000000000001,0,4,0.25539283485576
4.799999999999999,2.0,0.1700000000000001,0,4,0.25539283485576
4.899999999999999,2.0,0.1800000000000001,0,4,0.25539283485576
4.999999999999998,2.0,0.1900000000000001,0,4,0.25539283485576
5.099999999999998,2.0,0.20000000000000012,0,4,0.25539283485576
5.1999999999999975,2.0,0.21000000000000013,0,4,0.25539283485576
5.299999999999997,2.0,0.22000000000000014,0,4,0.25539283485576
5.399999999999997,2.0,0.23000000000000015,0,4,0.25539283485576
5.4999999999999964,2.0,0.24000000000000016,0,4,0.25539283485576
5.599999999999996,2.0,0.25000000000000017,0,4,0.25539283485576
5.699999999999996,2.0,0.2600000000000002,0,4,0.25539283485576
5.799999999999995,2.0,0.2700000000000002,0,4,0.25539283485576
5.899999999999995,2.0,0.2800000000000002,0,4,0.25539283485576
5.999999999999995,2.0,0.2900000000000002,0,4,0.25539283485576
6.099999999999994,2.0,0.3000000000000002,0,4,0.25539283485576
6.199999999999994,2.0,0.3100000000000002,0,4,0.25539283485576
6.299999999999994,2.0,0.32000000000000023,0,4,0.25539283485576
6.399999999999993,2.0,0.33000000000000024,0,4,0.25539283485576
6.499999999999993,2.0,0.34000000000000025,0,4,0.25539283485576
6.5999999999999925,2.0,0.35000000000000026,0,4,0.25539283485576
6.699999999999992,2.0,0.36000000000000026,0,4,0.25539283485576
6.799999999999992,2.0,0.3700000000000003,0,4,0.25539283485576
6.8999999999999915,2.0,0.3800000000000003,0,4,0.25539283485576
6.999999999999991,2.0,0.3900000000000003,0,4,0.25539283485576
7.099999999999991,2.0,0.4000000000000003,0,4,0.25539283485576
7.19999999999999,2.0,0.4100000000000003,0,4,0.25539283485576
7.29999999999999,2.0,0.4200000000000003,0,4,0.25539283485576
7.39999999999999,2.0,0.4300000000000003,0,4,0.25539283485576
7.499999999999989,2.0,0.44000000000000034,0,4,0.25539283485576
7.599999999999989,2.0,0.45000000000000034,0,4,0.25539283485576
7.699999999999989,2.0,0.46000000000000035,0,4,0.25539283485576
7.799999999999988,2.0,0.47000000000000036,0,4,0.25539283485576
7.899999999999988,2.0,0.48000000000000037,0,4,0.25539283485576
7.999999999999988,2.0,0.4900000000000004,0,4,0.25539283485576
8.099999999999987,2.0,0.5000000000000003,0,4,0.25539283485576
8.199999999999987,2.0,0.5100000000000003,0,4,0.25539283485576
8.299999999999986,2.0,0.5200000000000004,0,4,0.25539283485576
8.399999999999986,2.0,0.5300000000000004,0,4,0.25539283485576
8.499999999999986,2.0,0.5400000000000004,0,4,0.25539283485576
8.599999999999985,2.0,0.5500000000000004,0,4,0.25539283485576
8.699999999999985,2.0,0.5600000000000004,0,4,0.25539283485576
8.799999999999985,2.0,0.5700000000000004,0,4,0.25539283485576
8.899999999999984,2.0,0.5800000000000004,0,4,0.25539283485576
8.999999999999984,2.0,0.5900000000000004,0,4,0.25539283485576
9.099999999999984,2.0,0.6000000000000004,0,4,0.25539283485576
9.199999999999983,2.0,0.6100000000000004,0,4,0.25539283485576
9.299999999999983,2.0,0.6200000000000004,0,4,0.25539283485576
9.399999999999983,2.0,0.6300000000000004,0,4,0.25539283485576
9.499999999999982,2.0,0.6400000000000005,0,4,0.25539283485576
9.599999999999982,2.0,0.6500000000000005,0,4,0.25539283485576
9.699999999999982,2.0,0.6600000000000005,0,4,0.25539283485576
9.799999999999981,2.0,0.6700000000000005,0,4,0.25539283485576
9.89999999999998,2.0,0.6800000000000005,0,4,0.25539283485576
9.99999999999998,2.0,0.6900000000000005,0,4,0.25539283485576
10.09999999999998,2.0,0.7000000000000005,0,4,0.25539283485576
10.19999999999998,2.0,0.7100000000000005,0,4,0.25539283485576
10.29999999999998,2.0,0.7200000000000005,0,4,0.25539283485576
10.399999999999979,2.0,0.7300000000000005,0,4,0.25539283485576
10.499999999999979,2.0,0.7400000000000005,0,4,0.25539283485576
10.599999999999978,2.0,0.7500000000000006,0,4,0.25539283485576
10.699999999999978,2.0,0.7600000000000006,0,4,0.25539283485576
10.799999999999978,2.0,0.7700000000000006,0,4,0.25539283485576
10.899999999999977,2.0,0.7800000000000006,0,4,0.25539283485576
10.999999999999977,2.0,0.7900000000000006,0,4,0.25539283485576
11.099999999999977,2.0,0.8000000000000006,0,4,0.25539283485576
11.199999999999976,2.0,0.8100000000000006,0,4,0.25539283485576
11.299999999999976,2.0,0.8200000000000006,0,4,0.25539283485576
11.399999999999975,2.0,0.8300000000000006,0,4,0.25539283485576
11.499999999999975,2.0,0.8400000000000006,0,4,0.25539283485576
11.599999999999975,2.0,0.8500000000000006,0,4,0.25539283485576
11.699999999999974,2.0,0.8600000000000007,0,4,0.25539283485576
11.799999999999974,2.0,0.8700000000000007,0,4,0.25539283485576
11.899999999999974,2.0,0.8800000000000007,0,4,0.25539283485576
11.999999999999973,2.0,0.8900000000000007,0,4,0.25539283485576
12.099999999999973,2.0,0.9000000000000007,0,4,0.25539283485576
12.199999999999973,2.0,0.9100000000000007,0,4,0.25539283485576
12.299999999999972,2.0,0.9200000000000007,0,4,0.25539283485576
12.399999999999972,2.0,0.9300000000000007,0,4,0.25539283485576
12.499999999999972,2.0,0.9400000000000007,0,4,0.25539283485576
12.599999999999971,2.0,0.9500000000000007,0,4,0.25539283485576
12.69999999999997,2.0,0.9600000000000007,0,4,0.25539283485576
12.79999999999997,2.0,0.9700000000000008,0,4,0.25539283485576
12.89999999999997,2.0,0.9800000000000008,0,4,0.25539283485576
12.99999999999997,2.0,0.9900000000000008,0,4,0.25539283485576
13.09999999999997,2.0,1.0,0,4,0.25539283485576
13.199999999999969,1.025539283485576,0.0,0,4,0.25539283485576
13.299999999999969,1.0510785669711522,0.0,0,4,0.25539283485576
13.399999999999968,1.0766178504567283,0.0,0,4,0.25539283485576
13.499999999999968,1.1021571339423044,0.0,0,4,0.25539283485576
13.599999999999968,1.1276964174278805,0.0,0,4,0.25539283485576
13.699999999999967,1.1532357009134566,0.0,0,4,0.25539283485576
13.799999999999967,1.1787749843990327,0.0,0,4,0.25539283485576
13.899999999999967,1.2043142678846088,0.0,0,4,0.25539283485576
13.999999999999966,1.229853551370185,0.0,0,4,0.25539283485576
14.099999999999966,1.255392834855761,0.0,0,4,0.25539283485576
14.199999999999966,1.2809321183413371,0.0,0,4,0.25539283485576
14.299999999999965,1.3064714018269132,0.0,0,4,0.25539283485576
14.399999999999965,1.3320106853124893,0.0,0,4,0.25539283485576
14.499999999999964,1.3575499687980654,0.0,0,4,0.25539283485576
14.599999999999964,1.3830892522836415,0.0,0,4,0.25539283485576
14.699999999999964,1.4086285357692176,0.0,0,4,0.25539283485576
14.799999999999963,1.4341678192547938,0.0,0,4,0.25539283485576
14.899999999999963,1.4597071027403699,0.0,0,4,0.25539283485576
14.999999999999963,1.485246386225946,0.0,0,4,0.25539283485576
15.099999999999962,1.510785669711522,0.0,0,4,0.25539283485576
15.199999999999962,1.5363249531970982,0.0,0,4,0.25539283485576
15.299999999999962,1.5618642366826743,0.0,0,4,0.25539283485576
15.399999999999961,1.5874035201682504,0.0,0,4,0.25539283485576
15.499999999999961,1.6129428036538265,0.0,0,4,0.25539283485576
15.59999999999996,1.6384820871394026,0.0,0,4,0.25539283485576
15.69999999999996,1.6640213706249787,0.0,0,4,0.25539283485576
15.79999999999996,1.6895606541105548,0.0,0,4,0.25539283485576
15.89999999999996,1.7150999375961309,0.0,0,4,0.25539283485576
15.99999999999996,1.740639221081707,0.0,0,4,0.25539283485576
16.09999999999996,1.766178504567283,0.0,0,4,0.25539283485576
16.19999999999996,1.7917177880528592,0.0,0,4,0.25539283485576
16.29999999999996,1.8172570715384353,0.010000000000000002,0,4,0.25539283485576
16.399999999999963,1.8427963550240114,0.020000000000000004,0,4,0.25539283485576
16.499999999999964,1.8683356385095875,0.030000000000000006,0,4,0.25539283485576
16.599999999999966,1.8938749219951636,0.04000000000000001,0,4,0.25539283485576
16.699999999999967,1.9194142054807397,0.05000000000000001,0,4,0.25539283485576
16.79999999999997,1.9449534889663158,0.06000000000000001,0,4,0.25539283485576
16.89999999999997,1.970492772451892,0.07,0,4,0.25539283485576
16.99999999999997,1.996032055937468,0.08000000000000002,0,4,0.25539283485576
17.099999999999973,2.0,0.09000000000000002,0,4,0.25539283485576
17.199999999999974,2.0,0.10000000000000003,0,4,0.25539283485576
17.299999999999976,2.0,0.11000000000000004,0,4,0.25539283485576
17.399999999999977,2.0,0.12000000000000005,0,4,0.25539283485576
17.49999999999998,2.0,0.13000000000000006,0,4,0.25539283485576
17.59999999999998,2.0,0.14000000000000007,0,4,0.25539283485576
17.69999999999998,2.0,0.15000000000000008,0,4,0.25539283485576
17.799999999999983,2.0,0.1600000000000001,0,4,0.25539283485576
17.899999999999984,2.0,0.1700000000000001,0,4,0.25539283485576
17.999999999999986,2.0,0.1800000000000001,0,4,0.25539283485576
18.099999999999987,2.0,0.1900000000000001,0,4,0.25539283485576
18.19999999999999,2.0,0.20000000000000012,0,4,0.25539283485576
18.29999999999999,2.0,0.21000000000000013,0,4,0.25539283485576
18.39999999999999,2.0,0.22000000000000014,0,4,0.25539283485576
18.499999999999993,2.0,0.23000000000000015,0,4,0.25539283485576
18.599999999999994,2.0,0.24000000000000016,0,4,0.25539283485576
18.699999999999996,2.0,0.25000000000000017,0,4,0.25539283485576
18.799999999999997,2.0,0.2600000000000002,0,4,0.25539283485576
18.9,2.0,0.2700000000000002,0,4,0.25539283485576
19.0,2.0,0.2800000000000002,0,4,0.25539283485576
19.1,2.0,0.2900000000000002,0,4,0.25539283485576
19.200000000000003,2.0,0.3000000000000002,0,4,0.25539283485576
19.300000000000004,2.0,0.3100000000000002,0,4,0.25539283485576
19.400000000000006,2.0,0.32000000000000023,0,4,0.25539283485576
19.500000000000007,2.0,0.33000000000000024,0,4,0.25539283485576
19.60000000000001,2.0,0.34000000000000025,0,4,0.25539283485576
19.70000000000001,2.0,0.35000000000000026,0,4,0.25539283485576
19.80000000000001,2.0,0.36000000000000026,0,4,0.25539283485576
19.900000000000013,2.0,0.3700000000000003,0,4,0.25539283485576
20.000000000000014,2.0,0.3800000000000003,0,4,0.25539283485576
20.100000000000016,2.0,0.3900000000000003,0,4,0.25539283485576
20.200000000000017,2.0,0.4000000000000003,0,4,0.25539283485576
20.30000000000002,2.0,0.4100000000000003,0,4,0.25539283485576
20.40000000000002,2.0,0.4200000000000003,0,4,0.25539283485576
20.50000000000002,2.0,0.4300000000000003,0,4,0.25539283485576
20.600000000000023,2.0,0.44000000000000034,0,4,0.25539283485576
20.700000000000024,2.0,0.45000000000000034,0,4,0.25539283485576
20.800000000000026,2.0,0.46000000000000035,0,4,0.25539283485576
20.900000000000027,2.0,0.47000000000000036,0,4,0.25539283485576
21.00000000000003,2.0,0.48000000000000037,0,4,0.25539283485576
21.10000000000003,2.0,0.4900000000000004,0,4,0.25539283485576
21.20000000000003,2.0,0.5000000000000003,0,4,0.25539283485576
21.300000000000033,2.0,0.5100000000000003,0,4,0.25539283485576
21.400000000000034,2.0,0.5200000000000004,0,4,0.25539283485576
21.500000000000036,2.0,0.5300000000000004,0,4,0.25539283485576
21.600000000000037,2.0,0.5400000000000004,0,4,0.25539283485576
21.70000000000004,2.0,0.5500000000000004,0,4,0.25539283485576
21.80000000000004,2.0,0.5600000000000004,0,4,0.25539283485576
21.90000000000004,2.0,0.5700000000000004,0,4,0.25539283485576
22.000000000000043,2.0,0.5800000000000004,0,4,0.25539283485576
22.100000000000044,2.0,0.5900000000000004,0,4,0.25539283485576
22.200000000000045,2.0,0.6000000000000004,0,4,0.25539283485576
22.300000000000047,2.0,0.6100000000000004,0,4,0.25539283485576
22.40000000000005,2.0,0.6200000000000004,0,4,0.25539283485576
22.50000000000005,2.0,0.6300000000000004,0,4,0.25539283485576
22.60000000000005,2.0,0.6400000000000005,0,4,0.25539283485576
22.700000000000053,2.0,0.6500000000000005,0,4,0.25539283485576
22.800000000000054,2.0,0.6600000000000005,0,4,0.25539283485576
22.900000000000055,2.0,0.6700000000000005,0,4,0.25539283485576
23.000000000000057,2.0,0.6800000000000005,0,4,0.25539283485576
23.10000000000006,2.0,0.6900000000000005,0,4,0.25539283485576
23.20000000000006,2.0,0.7000000000000005,0,4,0.25539283485576
23.30000000000006,2.0,0.7100000000000005,0,4,0.25539283485576
23.400000000000063,2.0,0.7200000000000005,0,4,0.25539283485576
23.500000000000064,2.0,0.7300000000000005,0,4,0.25539283485576
23.600000000000065,2.0,0.7400000000000005,0,4,0.25539283485576
23.700000000000067,2.0,0.7500000000000006,0,4,0.25539283485576
23.800000000000068,2.0,0.7600000000000006,0,4,0.25539283485576
23.90000000000007,2.0,0.7700000000000006,0,4,0.25539283485576
24.00000000000007,2.0,0.7800000000000006,0,4,0.25539283485576
24.100000000000072,2.0,0.7900000000000006,0,4,0.25539283485576
24.200000000000074,2.0,0.8000000000000006,0,4,0.25539283485576
24.300000000000075,2.0,0.8100000000000006,0,4,0.25539283485576
24.400000000000077,2.0,0.8200000000000006,0,4,0.25539283485576
24.500000000000078,2.0,0.8300000000000006,0,4,0.25539283485576
24.60000000000008,2.0,0.8400000000000006,0,4,0.25539283485576
24.70000000000008,2.0,0.8500000000000006,0,4,0.25539283485576
24.800000000000082,2.0,0.8600000000000007,0,4,0.25539283485576
24.900000000000084,2.0,0.8700000000000007,0,4,0.25539283485576
25.000000000000085,2.0,0.8800000000000007,0,4,0.25539283485576
25.100000000000087,2.0,0.8900000000000007,0,4,0.25539283485576
25.200000000000088,2.0,0.9000000000000007,0,4,0.25539283485576
25.30000000000009,2.0,0.9100000000000007,0,4,0.25539283485576
25.40000000000009,2.0,0.9200000000000007,0,4,0.25539283485576
25.500000000000092,2.0,0.9300000000000007,0,4,0.25539283485576
25.600000000000094,2.0,0.9400000000000007,0,4,0.25539283485576
25.700000000000095,2.0,0.9500000000000007,0,4,0.25539283485576
25.800000000000097,2.0,0.9600000000000007,0,4,0.25539283485576
25.900000000000098,2.0,0.9700000000000008,0,4,0.25539283485576
26.0000000000001,2.0,0.9800000000000008,0,4,0.25539283485576
26.1000000000001,2.0,0.9900000000000008,0,4,0.25539283485576
26.200000000000102,2.0,1.0,0,4,0.25539283485576
26.300000000000104,1.025539283485576,0.0,0,4,0.25539283485576
26.400000000000105,1.0510785669711522,0.0,0,4,0.25539283485576
26.500000000000107,1.0766178504567283,0.0,0,4,0.25539283485576
26.600000000000108,1.1021571339423044,0.0,0,4,0.25539283485576
26.70000000000011,1.1276964174278805,0.0,0,4,0.25539283485576
26.80000000000011,1.1532357009134566,0.0,0,4,0.25539283485576
26.900000000000112,1.1787749843990327,0.0,0,4,0.25539283485576
27.000000000000114,1.2043142678846088,0.0,0,4,0.25539283485576
27.100000000000115,1.229853551370185,0.0,0,4,0.25539283485576
27.200000000000117,1.255392834855761,0.0,0,4,0.25539283485576
27.300000000000118,1.2809321183413371,0.0,0,4,0.25539283485576
27.40000000000012,1.3064714018269132,0.0,0,4,0.25539283485576
27.50000000000012,1.3320106853124893,0.0,0,4,0.25539283485576
27.600000000000122,1.3575499687980654,0.0,0,4,0.25539283485576
27.700000000000124,1.3830892522836415,0.0,0,4,0.25539283485576
27.800000000000125,1.4086285357692176,0.0,0,4,0.25539283485576
27.900000000000126,1.4341678192547938,0.0,0,4,0.25539283485576
28.000000000000128,1.4597071027403699,0.0,0,4,0.25539283485576
28.10000000000013,1.485246386225946,0.0,0,4,0.25539283485576
28.20000000000013,1.510785669711522,0.0,0,4,0.25539283485576
28.300000000000132,1.5363249531970982,0.0,0,4,0.25539283485576
28.400000000000134,1.5618642366826743,0.0,0,4,0.25539283485576
28.500000000000135,1.5874035201682504,0.0,0,4,0.25539283485576
28.600000000000136,1.6129428036538265,0.0,0,4,0.25539283485576
28.700000000000138,1.6384820871394026,0.0,0,4,0.25539283485576
28.80000000000014,1.6640213706249787,0.0,0,4,0.25539283485576
28.90000000000014,1.6895606541105548,0.0,0,4,0.25539283485576
29.000000000000142,1.7150999375961309,0.0,0,4,0.25539283485576
29.100000000000144,1.740639221081707,0.0,0,4,0.25539283485576
29.200000000000145,1.766178504567283,0.0,0,4,0.25539283485576
29.300000000000146,1.7917177880528592,0.0,0,4,0.25539283485576
29.400000000000148,1.8172570715384353,0.010000000000000002,0,4,0.25539283485576
29.50000000000015,1.8427963550240114,0.020000000000000004,0,4,0.25539283485576
29.60000000000015,1.8683356385095875,0.030000000000000006,0,4,0.25539283485576
29.700000000000152,1.8938749219951636,0.04000000000000001,0,4,0.25539283485576
29.800000000000153,1.9194142054807397,0.05000000000000001,0,4,0.25539283485576
29.900000000000155,1.9449534889663158,0.06000000000000001,0,4,0.25539283485576
30.000000000000156,1.970492772451892,0.07,0,4,0.25539283485576
0.1,1.025539283485576,0.0,1,4,0.25539283485576
0.2,1.0510785669711522,0.0,1,4,0.25539283485576
0.30000000000000004,1.0766178504567283,0.0,1,4,0.25539283485576
0.4,1.1021571339423044,0.0,1,4,0.25539283485576
0.5,1.1276964174278805,0.0,1,4,0.25539283485576
0.6,1.1532357009134566,0.0,1,4,0.25539283485576
0.7,1.1787749843990327,0.0,1,4,0.25539283485576
0.7999999999999999,1.2043142678846088,0.0,1,4,0.25539283485576
0.8999999999999999,1.229853551370185,0.0,1,4,0.25539283485576
0.9999999999999999,1.255392834855761,0.0,1,4,0.25539283485576
1.0999999999999999,1.2809321183413371,0.0,1,4,0.25539283485576
1.2,1.3064714018269132,0.0,1,4,0.25539283485576
1.3,1.3320106853124893,0.0,1,4,0.25539283485576
1.4000000000000001,1.3575499687980654,0.0,1,4,0.25539283485576
1.5000000000000002,1.3830892522836415,0.0,1,4,0.25539283485576
1.6000000000000003,1.4086285357692176,0.0,1,4,0.25539283485576
1.7000000000000004,1.4341678192547938,0.0,1,4,0.25539283485576
1.8000000000000005,1.4597071027403699,0.0,1,4,0.25539283485576
1.9000000000000006,1.485246386225946,0.0,1,4,0.25539283485576
2.0000000000000004,1.510785669711522,0.0,1,4,0.25539283485576
2.1000000000000005,1.5363249531970982,0.0,1,4,0.25539283485576
2.2000000000000006,1.5618642366826743,0.0,1,4,0.25539283485576
2.3000000000000007,1.5874035201682504,0.0,1,4,0.25539283485576
2.400000000000001,1.6129428036538265,0.0,1,4,0.25539283485576
2.500000000000001,1.6384820871394026,0.0,1,4,0.25539283485576
2.600000000000001,1.6640213706249787,0.0,1,4,0.25539283485576
2.700000000000001,1.6895606541105548,0.0,1,4,0.25539283485576
2.800000000000001,1.7150999375961309,0.0,1,4,0.25539283485576
2.9000000000000012,1.740639221081707,0.0,1,4,0.25539283485576
3.0000000000000013,1.766178504567283,0.0,1,4,0.25539283485576
3.1000000000000014,1.7917177880528592,0.0,1,4,0.25539283485576
3.2000000000000015,1.8172570715384353,0.010000000000000002,1,4,0.25539283485576
3.3000000000000016,1.8427963550240114,0.020000000000000004,1,4,0.25539283485576
3.4000000000000017,1.8683356385095875,0.030000000000000006,1,4,0.25539283485576
3.5000000000000018,1.8938749219951636,0.04000000000000001,1,4,0.25539283485576
3.600000000000002,1.9194142054807397,0.05000000000000001,1,4,0.25539283485576
3.700000000000002,1.9449534889663158,0.06000000000000001,1,4,0.25539283485576
3.800000000000002,1.970492772451892,0.07,1,4,0.25539283485576
3.900000000000002,1.996032055937468,0.08000000000000002,1,4,0.25539283485576
4.000000000000002,2.0,0.09000000000000002,1,4,0.25539283485576
4.100000000000001,2.0,0.10000000000000003,1,4,0.25539283485576
4.200000000000001,2.0,0.11000000000000004,1,4,0.25539283485576
4.300000000000001,2.0,0.12000000000000005,1,4,0.25539283485576
4.4,2.0,0.13000000000000006,1,4,0.25539283485576
4.5,2.0,0.14000000000000007,1,4,0.25539283485576
4.6,2.0,0.15000000000000008,1,4,0.25539283485576
4.699999999999999,2.0,0.1600000000000001,1,4,0.25539283485576
4.799999999999999,2.0,0.1700000000000001,1,4,0.25539283485576
4.899999999999999,2.0,0.1800000000000001,1,4,0.25539283485576
4.999999999999998,2.0,0.1900000000000001,1,4,0.25539283485576
5.099999999999998,2.0,0.20000000000000012,1,4,0.25539283485576
5.1999999999999975,2.0,0.21000000000000013,1,4,0.25539283485576
5.299999999999997,2.0,0.22000000000000014,1,4,0.25539283485576
5.399999999999997,2.0,0.23000000000000015,1,4,0.25539283485576
5.4999999999999964,2.0,0.24000000000000016,1,4,0.25539283485576
5.599999999999996,2.0,0.25000000000000017,1,4,0.25539283485576
5.699999999999996,2.0,0.2600000000000002,1,4,0.25539283485576
5.799999999999995,2.0,0.2700000000000002,1,4,0.25539283485576
5.899999999999995,2.0,0.2800000000000002,1,4,0.25539283485576
5.999999999999995,2.0,0.2900000000000002,1,4,0.25539283485576
6.099999999999994,2.0,0.3000000000000002,1,4,0.25539283485576
6.199999999999994,2.0,0.3100000000000002,1,4,0.25539283485576
6.299999999999994,2.0,0.32000000000000023,1,4,0.25539283485576
6.399999999999993,2.0,0.33000000000000024,1,4,0.25539283485576
6.499999999999993,2.0,0.34000000000000025,1,4,0.25539283485576
6.5999999999999925,2.0,0.35000000000000026,1,4,0.25539283485576
6.699999999999992,2.0,0.36000000000000026,1,4,0.25539283485576
6.799999999999992,2.0,0.3700000000000003,1,4,0.25539283485576
6.8999999999999915,2.0,0.3800000000000003,1,4,0.25539283485576
6.999999999999991,2.0,0.3900000000000003,1,4,0.25539283485576
7.099999999999991,2.0,0.4000000000000003,1,4,0.25539283485576
7.19999999999999,2.0,0.4100000000000003,1,4,0.25539283485576
7.29999999999999,2.0,0.4200000000000003,1,4,0.25539283485576
7.39999999999999,2.0,0.4300000000000003,1,4,0.25539283485576
7.499999999999989,2.0,0.44000000000000034,1,4,0.25539283485576
7.599999999999989,2.0,0.45000000000000034,1,4,0.25539283485576
7.699999999999989,2.0,0.46000000000000035,1,4,0.25539283485576
7.799999999999988,2.0,0.47000000000000036,1,4,0.25539283485576
7.899999999999988,2.0,0.48000000000000037,1,4,0.25539283485576
7.999999999999988,2.0,0.4900000000000004,1,4,0.25539283485576
8.099999999999987,2.0,0.5000000000000003,1,4,0.25539283485576
8.199999999999987,2.0,0.5100000000000003,1,4,0.25539283485576
8.299999999999986,2.0,0.5200000000000004,1,4,0.25539283485576
8.399999999999986,2.0,0.5300000000000004,1,4,0.25539283485576
8.499999999999986,2.0,0.5400000000000004,1,4,0.25539283485576
8.599999999999985,2.0,0.5500000000000004,1,4,0.25539283485576
8.699999999999985,2.0,0.5600000000000004,1,4,0.25539283485576
8.799999999999985,2.0,0.5700000000000004,1,4,0.25539283485576
8.899999999999984,2.0,0.5800000000000004,1,4,0.25539283485576
8.999999999999984,2.0,0.5900000000000004,1,4,0.25539283485576
9.099999999999984,2.0,0.6000000000000004,1,4,0.25539283485576
9.199999999999983,2.0,0.6100000000000004,1,4,0.25539283485576
9.299999999999983,2.0,0.6200000000000004,1,4,0.25539283485576
9.399999999999983,2.0,0.6300000000000004,1,4,0.25539283485576
9.499999999999982,2.0,0.6400000000000005,1,4,0.25539283485576
9.599999999999982,2.0,0.6500000000000005,1,4,0.25539283485576
9.699999999999982,2.0,0.6600000000000005,1,4,0.25539283485576
9.799999999999981,2.0,0.6700000000000005,1,4,0.25539283485576
9.89999999999998,2.0,0.6800000000000005,1,4,0.25539283485576
9.99999999999998,2.0,0.6900000000000005,1,4,0.25539283485576
10.09999999999998,2.0,0.7000000000000005,1,4,0.25539283485576
10.19999999999998,2.0,0.7100000000000005,1,4,0.25539283485576
10.29999999999998,2.0,0.7200000000000005,1,4,0.25539283485576
10.399999999999979,2.0,0.7300000000000005,1,4,0.25539283485576
10.499999999999979,2.0,0.7400000000000005,1,4,0.25539283485576
10.599999999999978,2.0,0.7500000000000006,1,4,0.25539283485576
10.699999999999978,2.0,0.7600000000000006,1,4,0.25539283485576
10.799999999999978,2.0,0.7700000000000006,1,4,0.25539283485576
10.899999999999977,2.0,0.7800000000000006,1,4,0.25539283485576
10.999999999999977,2.0,0.7900000000000006,1,4,0.25539283485576
11.099999999999977,2.0,0.8000000000000006,1,4,0.25539283485576
11.199999999999976,2.0,0.8100000000000006,1,4,0.25539283485576
11.299999999999976,2.0,0.8200000000000006,1,4,0.25539283485576
11.399999999999975,2.0,0.8300000000000006,1,4,0.25539283485576
11.499999999999975,2.0,0.8400000000000006,1,4,0.25539283485576
11.599999999999975,2.0,0.8500000000000006,1,4,0.25539283485576
11.699999999999974,2.0,0.8600000000000007,1,4,0.25539283485576
11.799999999999974,2.0,0.8700000000000007,1,4,0.25539283485576
11.899999999999974,2.0,0.8800000000000007,1,4,0.25539283485576
11.999999999999973,2.0,0.8900000000000007,1,4,0.25539283485576
12.099999999999973,2.0,0.9000000000000007,1,4,0.25539283485576
12.199999999999973,2.0,0.9100000000000007,1,4,0.25539283485576
12.299999999999972,2.0,0.9200000000000007,1,4,0.25539283485576
12.399999999999972,2.0,0.9300000000000007,1,4,0.25539283485576
12.499999999999972,2.0,0.9400000000000007,1,4,0.25539283485576
12.599999999999971,2.0,0.9500000000000007,1,4,0.25539283485576
12.69999999999997,2.0,0.9600000000000007,1,4,0.25539283485576
12.79999999999997,2.0,0.9700000000000008,1,4,0.25539283485576
12.89999999999997,2.0,0.9800000000000008,1,4,0.25539283485576
12.99999999999997,2.0,0.9900000000000008,1,4,0.25539283485576
13.09999999999997,2.0,1.0,1,4,0.25539283485576
13.199999999999969,1.025539283485576,0.0,1,4,0.25539283485576
13.299999999999969,1.0510785669711522,0.0,1,4,0.25539283485576
13.399999999999968,1.0766178504567283,0.0,1,4,0.25539283485576
13.499999999999968,1.1021571339423044,0.0,1,4,0.25539283485576
13.599999999999968,1.1276964174278805,0.0,1,4,0.25539283485576
13.699999999999967,1.1532357009134566,0.0,1,4,0.25539283485576
13.799999999999967,1.1787749843990327,0.0,1,4,0.25539283485576
13.899999999999967,1.2043142678846088,0.0,1,4,0.25539283485576
13.999999999999966,1.229853551370185,0.0,1,4,0.25539283485576
14.099999999999966,1.255392834855761,0.0,1,4,0.25539283485576
14.199999999999966,1.2809321183413371,0.0,1,4,0.25539283485576
14.299999999999965,1.3064714018269132,0.0,1,4,0.25539283485576
14.399999999999965,1.3320106853124893,0.0,1,4,0.25539283485576
14.499999999999964,1.3575499687980654,0.0,1,4,0.25539283485576
14.599999999999964,1.3830892522836415,0.0,1,4,0.25539283485576
14.699999999999964,1.4086285357692176,0.0,1,4,0.25539283485576
14.799999999999963,1.4341678192547938,0.0,1,4,0.25539283485576
14.899999999999963,1.4597071027403699,0.0,1,4,0.25539283485576
14.999999999999963,1.485246386225946,0.0,1,4,0.25539283485576
15.099999999999962,1.510785669711522,0.0,1,4,0.25539283485576
15.199999999999962,1.5363249531970982,0.0,1,4,0.25539283485576
15.299999999999962,1.5618642366826743,0.0,1,4,0.25539283485576
15.399999999999961,1.5874035201682504,0.0,1,4,0.25539283485576
15.499999999999961,1.6129428036538265,0.0,1,4,0.25539283485576
15.59999999999996,1.6384820871394026,0.0,1,4,0.25539283485576
15.69999999999996,1.6640213706249787,0.0,1,4,0.25539283485576
15.79999999999996,1.6895606541105548,0.0,1,4,0.25539283485576
15.89999999999996,1.7150999375961309,0.0,1,4,0.25539283485576
15.99999999999996,1.740639221081707,0.0,1,4,0.25539283485576
16.09999999999996,1.766178504567283,0.0,1,4,0.25539283485576
16.19999999999996,1.7917177880528592,0.0,1,4,0.25539283485576
16.29999999999996,1.8172570715384353,0.010000000000000002,1,4,0.25539283485576
16.399999999999963,1.8427963550240114,0.020000000000000004,1,4,0.25539283485576
16.499999999999964,1.8683356385095875,0.030000000000000006,1,4,0.25539283485576
16.599999999999966,1.8938749219951636,0.04000000000000001,1,4,0.25539283485576
16.699999999999967,1.9194142054807397,0.05000000000000001,1,4,0.25539283485576
16.79999999999997,1.9449534889663158,0.06000000000000001,1,4,0.25539283485576
16.89999999999997,1.970492772451892,0.07,1,4,0.25539283485576
0.1,1.025539283485576,0.0,2,4,0.25539283485576
0.2,1.0510785669711522,0.0,2,4,0.25539283485576
0.30000000000000004,1.0766178504567283,0.0,2,4,0.25539283485576
0.4,1.1021571339423044,0.0,2,4,0.25539283485576
0.5,1.1276964174278805,0.0,2,4,0.25539283485576
0.6,1.1532357009134566,0.0,2,4,0.25539283485576
0.7,1.1787749843990327,0.0,2,4,0.25539283485576
0.7999999999999999,1.2043142678846088,0.0,2,4,0.25539283485576
0.8999999999999999,1.229853551370185,0.0,2,4,0.25539283485576
0.9999999999999999,1.255392834855761,0.0,2,4,0.25539283485576
1.0999999999999999,1.2809321183413371,0.0,2,4,0.25539283485576
1.2,1.3064714018269132,0.0,2,4,0.25539283485576
1.3,1.3320106853124893,0.0,2,4,0.25539283485576
1.4000000000000001,1.3575499687980654,0.0,2,4,0.25539283485576
1.5000000000000002,1.3830892522836415,0.0,2,4,0.25539283485576
1.6000000000000003,1.4086285357692176,0.0,2,4,0.25539283485576
1.7000000000000004,1.4341678192547938,0.0,2,4,0.25539283485576
1.8000000000000005,1.4597071027403699,0.0,2,4,0.25539283485576
1.9000000000000006,1.485246386225946,0.0,2,4,0.25539283485576
2.0000000000000004,1.510785669711522,0.0,2,4,0.25539283485576
2.1000000000000005,1.5363249531970982,0.0,2,4,0.25539283485576
2.2000000000000006,1.5618642366826743,0.0,2,4,0.25539283485576
2.3000000000000007,1.5874035201682504,0.0,2,4,0.25539283485576
2.400000000000001,1.6129428036538265,0.0,2,4,0.25539283485576
2.500000000000001,1.6384820871394026,0.0,2,4,0.25539283485576
2.600000000000001,1.6640213706249787,0.0,2,4,0.25539283485576
2.700000000000001,1.6895606541105548,0.0,2,4,0.25539283485576
2.800000000000001,1.7150999375961309,0.0,2,4,0.25539283485576
2.9000000000000012,1.740639221081707,0.0,2,4,0.25539283485576
3.0000000000000013,1.766178504567283,0.0,2,4,0.25539283485576
3.1000000000000014,1.7917177880528592,0.0,2,4,0.25539283485576
3.2000000000000015,1.8172570715384353,0.010000000000000002,2,4,0.25539283485576
3.3000000000000016,1.8427963550240114,0.020000000000000004,2,4,0.25539283485576
3.4000000000000017,1.8683356385095875,0.030000000000000006,2,4,0.25539283485576
3.5000000000000018,1.8938749219951636,0.04000000000000001,2,4,0.25539283485576
3.600000000000002,1.9194142054807397,0.05000000000000001,2,4,0.25539283485576
3.700000000000002,1.9449534889663158,0.06000000000000001,2,4,0.25539283485576
3.800000000000002,1.970492772451892,0.07,2,4,0.25539283485576
0.1,1.025539283485576,0.0,3,4,0.25539283485576
0.2,1.0510785669711522,0.0,3,4,0.25539283485576
0.30000000000000004,1.0766178504567283,0.0,3,4,0.25539283485576
0.4,1.1021571339423044,0.0,3,4,0.25539283485576
0.5,1.1276964174278805,0.0,3,4,0.25539283485576
0.6,1.1532357009134566,0.0,3,4,0.25539283485576
0.7,1.1787749843990327,0.0,3,4,0.25539283485576
0.7999999999999999,1.2043142678846088,0.0,3,4,0.25539283485576
0.8999999999999999,1.229853551370185,0.0,3,4,0.25539283485576
0.9999999999999999,1.255392834855761,0.0,3,4,0.25539283485576
1.0999999999999999,1.2809321183413371,0.0,3,4,0.25539283485576
1.2,1.3064714018269132,0.0,3,4,0.25539283485576
1.3,1.3320106853124893,0.0,3,4,0.25539283485576
1.4000000000000001,1.3575499687980654,0.0,3,4,0.25539283485576
1.5000000000000002,1.3830892522836415,0.0,3,4,0.25539283485576
1.6000000000000003,1.4086285357692176,0.0,3,4,0.25539283485576
1.7000000000000004,1.4341678192547938,0.0,3,4,0.25539283485576
1.8000000000000005,1.4597071027403699,0.0,3,4,0.25539283485576
1.9000000000000006,1.485246386225946,0.0,3,4,0.25539283485576
2.0000000000000004,1.510785669711522,0.0,3,4,0.25539283485576
2.1000000000000005,1.5363249531970982,0.0,3,4,0.25539283485576
2.2000000000000006,1.5618642366826743,0.0,3,4,0.25539283485576
2.3000000000000007,1.5874035201682504,0.0,3,4,0.25539283485576
2.400000000000001,1.6129428036538265,0.0,3,4,0.25539283485576
2.500000000000001,1.6384820871394026,0.0,3,4,0.25539283485576
2.600000000000001,1.6640213706249787,0.0,3,4,0.25539283485576
2.700000000000001,1.6895606541105548,0.0,3,4,0.25539283485576
2.800000000000001,1.7150999375961309,0.0,3,4,0.25539283485576
2.9000000000000012,1.740639221081707,0.0,3,4,0.25539283485576
3.0000000000000013,1.766178504567283,0.0,3,4,0.25539283485576
3.1000000000000014,1.7917177880528592,0.0,3,4,0.25539283485576
3.2000000000000015,1.8172570715384353,0.010000000000000002,3,4,0.25539283485576
3.3000000000000016,1.8427963550240114,0.020000000000000004,3,4,0.25539283485576
3.4000000000000017,1.8683356385095875,0.030000000000000006,3,4,0.25539283485576
3.5000000000000018,1.8938749219951636,0.04000000000000001,3,4,0.25539283485576
3.600000000000002,1.9194142054807397,0.05000000000000001,3,4,0.25539283485576
3.700000000000002,1.9449534889663158,0.06000000000000001,3,4,0.25539283485576
3.800000000000002,1.970492772451892,0.07,3,4,0.25539283485576
0.1,1.0207239049354664,0.0,0,5,0.20723904935466367
0.2,1.0414478098709328,0.0,0,5,0.20723904935466367
0.30000000000000004,1.0621717148063992,0.0,0,5,0.20723904935466367
0.4,1.0828956197418655,0.0,0,5,0.20723904935466367
0.5,1.103619524677332,0.0,0,5,0.20723904935466367
0.6,1.1243434296127983,0.0,0,5,0.20723904935466367
0.7,1.1450673345482647,0.0,0,5,0.20723904935466367
0.7999999999999999,1.165791239483731,0.0,0,5,0.20723904935466367
0.8999999999999999,1.1865151444191975,0.0,0,5,0.20723904935466367
0.9999999999999999,1.2072390493546639,0.0,0,5,0.20723904935466367
1.0999999999999999,1.2279629542901302,0.0,0,5,0.20723904935466367
1.2,1.2486868592255966,0.0,0,5,0.20723904935466367
1.3,1.269410764161063,0.0,0,5,0.20723904935466367
1.4000000000000001,1.2901346690965294,0.0,0,5,0.20723904935466367
1.5000000000000002,1.3108585740319958,0.0,0,5,0.20723904935466367
1.6000000000000003,1.3315824789674622,0.0,0,5,0.20723904935466367
1.7000000000000004,1.3523063839029286,0.0,0,5,0.20723904935466367
1.8000000000000005,1.373030288838395,0.0,0,5,0.20723904935466367
1.9000000000000006,1.3937541937738613,0.0,0,5,0.20723904935466367
2.0000000000000004,1.4144780987093277,0.0,0,5,0.20723904935466367
2.1000000000000005,1.435202003644794,0.0,0,5,0.20723904935466367
2.2000000000000006,1.4559259085802605,0.0,0,5,0.20723904935466367
2.3000000000000007,1.4766498135157269,0.0,0,5,0.20723904935466367
2.400000000000001,1.4973737184511933,0.0,0,5,0.20723904935466367
2.500000000000001,1.5180976233866597,0.0,0,5,0.20723904935466367
2.600000000000001,1.538821528322126,0.0,0,5,0.20723904935466367
2.700000000000001,1.5595454332575924,0.0,0,5,0.20723904935466367
2.800000000000001,1.5802693381930588,0.0,0,5,0.20723904935466367
2.9000000000000012,1.6009932431285252,0.0,0,5,0.20723904935466367
3.0000000000000013,1.6217171480639916,0.0,0,5,0.20723904935466367
3.1000000000000014,1.642441052999458,0.0,0,5,0.20723904935466367
3.2000000000000015,1.6631649579349244,0.0,0,5,0.20723904935466367
3.3000000000000016,1.6838888628703907,0.0,0,5,0.20723904935466367
3.4000000000000017,1.7046127678058571,0.0,0,5,0.20723904935466367
3.5000000000000018,1.7253366727413235,0.0,0,5,0.20723904935466367
3.600000000000002,1.74606057767679,0.0,0,5,0.20723904935466367
3.700000000000002,1.7667844826122563,0.0,0,5,0.20723904935466367
3.800000000000002,1.7875083875477227,0.0,0,5,0.20723904935466367
3.900000000000002,1.808232292483189,0.010000000000000002,0,5,0.20723904935466367
4.000000000000002,1.8289561974186554,0.020000000000000004,0,5,0.20723904935466367
4.100000000000001,1.8496801023541218,0.030000000000000006,0,5,0.20723904935466367
4.200000000000001,1.8704040072895882,0.04000000000000001,0,5,0.20723904935466367
4.300000000000001,1.8911279122250546,0.05000000000000001,0,5,0.20723904935466367
4.4,1.911851817160521,0.06000000000000001,0,5,0.20723904935466367
4.5,1.9325757220959874,0.07,0,5,0.20723904935466367
4.6,1.9532996270314538,0.08000000000000002,0,5,0.20723904935466367
4.699999999999999,1.9740235319669202,0.09000000000000002,0,5,0.20723904935466367
4.799999999999999,1.9947474369023865,0.10000000000000003,0,5,0.20723904935466367
4.899999999999999,2.0,0.11000000000000004,0,5,0.20723904935466367
4.999999999999998,2.0,0.12000000000000005,0,5,0.20723904935466367
5.099999999999998,2.0,0.13000000000000006,0,5,0.20723904935466367
5.1999999999999975,2.0,0.14000000000000007,0,5,0.20723904935466367
5.299999999999997,2.0,0.15000000000000008,0,5,0.20723904935466367
5.399999999999997,2.0,0.1600000000000001,0,5,0.20723904935466367
5.4999999999999964,2.0,0.1700000000000001,0,5,0.20723904935466367
5.599999999999996,2.0,0.1800000000000001,0,5,0.20723904935466367
5.699999999999996,2.0,0.1900000000000001,0,5,0.20723904935466367
5.799999999999995,2.0,0.20000000000000012,0,5,0.20723904935466367
5.899999999999995,2.0,0.21000000000000013,0,5,0.20723904935466367
5.999999999999995,2.0,0.22000000000000014,0,5,0.20723904935466367
6.099999999999994,2.0,0.23000000000000015,0,5,0.20723904935466367
6.199999999999994,2.0,0.24000000000000016,0,5,0.20723904935466367
6.299999999999994,2.0,0.25000000000000017,0,5,0.20723904935466367
6.399999999999993,2.0,0.2600000000000002,0,5,0.20723904935466367
6.499999999999993,2.0,0.2700000000000002,0,5,0.20723904935466367
6.5999999999999925,2.0,0.2800000000000002,0,5,0.20723904935466367
6.699999999999992,2.0,0.2900000000000002,0,5,0.20723904935466367
6.799999999999992,2.0,0.3000000000000002,0,5,0.20723904935466367
6.8999999999999915,2.0,0.3100000000000002,0,5,0.20723904935466367
6.999999999999991,2.0,0.32000000000000023,0,5,0.20723904935466367
7.099999999999991,2.0,0.33000000000000024,0,5,0.20723904935466367
7.19999999999999,2.0,0.34000000000000025,0,5,0.20723904935466367
7.29999999999999,2.0,0.35000000000000026,0,5,0.20723904935466367
7.39999999999999,2.0,0.36000000000000026,0,5,0.20723904935466367
7.499999999999989,2.0,0.3700000000000003,0,5,0.20723904935466367
7.599999999999989,2.0,0.3800000000000003,0,5,0.20723904935466367
7.699999999999989,2.0,0.3900000000000003,0,5,0.20723904935466367
7.799999999999988,2.0,0.4000000000000003,0,5,0.20723904935466367
7.899999999999988,2.0,0.4100000000000003,0,5,0.20723904935466367
7.999999999999988,2.0,0.4200000000000003,0,5,0.20723904935466367
8.099999999999987,2.0,0.4300000000000003,0,5,0.20723904935466367
8.199999999999987,2.0,0.44000000000000034,0,5,0.20723904935466367
8.299999999999986,2.0,0.45000000000000034,0,5,0.20723904935466367
8.399999999999986,2.0,0.46000000000000035,0,5,0.20723904935466367
8.499999999999986,2.0,0.47000000000000036,0,5,0.20723904935466367
8.599999999999985,2.0,0.48000000000000037,0,5,0.20723904935466367
8.699999999999985,2.0,0.4900000000000004,0,5,0.20723904935466367
8.799999999999985,2.0,0.5000000000000003,0,5,0.20723904935466367
8.899999999999984,2.0,0.5100000000000003,0,5,0.20723904935466367
8.999999999999984,2.0,0.5200000000000004,0,5,0.20723904935466367
9.099999999999984,2.0,0.5300000000000004,0,5,0.20723904935466367
9.199999999999983,2.0,0.5400000000000004,0,5,0.20723904935466367
9.299999999999983,2.0,0.5500000000000004,0,5,0.20723904935466367
9.399999999999983,2.0,0.5600000000000004,0,5,0.20723904935466367
9.499999999999982,2.0,0.5700000000000004,0,5,0.20723904935466367
9.599999999999982,2.0,0.5800000000000004,0,5,0.20723904935466367
9.699999999999982,2.0,0.5900000000000004,0,5,0.20723904935466367
9.799999999999981,2.0,0.6000000000000004,0,5,0.20723904935466367
9.89999999999998,2.0,0.6100000000000004,0,5,0.20723904935466367
9.99999999999998,2.0,0.6200000000000004,0,5,0.20723904935466367
10.09999999999998,2.0,0.6300000000000004,0,5,0.20723904935466367
10.19999999999998,2.0,0.6400000000000005,0,5,0.20723904935466367
10.29999999999998,2.0,0.6500000000000005,0,5,0.20723904935466367
10.399999999999979,2.0,0.6600000000000005,0,5,0.20723904935466367
10.499999999999979,2.0,0.6700000000000005,0,5,0.20723904935466367
10.599999999999978,2.0,0.6800000000000005,0,5,0.20723904935466367
10.699999999999978,2.0,0.6900000000000005,0,5,0.20723904935466367
10.799999999999978,2.0,0.7000000000000005,0,5,0.20723904935466367
10.899999999999977,2.0,0.7100000000000005,0,5,0.20723904935466367
10.999999999999977,2.0,0.7200000000000005,0,5,0.20723904935466367
11.099999999999977,2.0,0.7300000000000005,0,5,0.20723904935466367
11.199999999999976,2.0,0.7400000000000005,0,5,0.20723904935466367
11.299999999999976,2.0,0.7500000000000006,0,5,0.20723904935466367
11.399999999999975,2.0,0.7600000000000006,0,5,0.20723904935466367
11.499999999999975,2.0,0.7700000000000006,0,5,0.20723904935466367
11.599999999999975,2.0,0.7800000000000006,0,5,0.20723904935466367
11.699999999999974,2.0,0.7900000000000006,0,5,0.20723904935466367
11.799999999999974,2.0,0.8000000000000006,0,5,0.20723904935466367
11.899999999999974,2.0,0.8100000000000006,0,5,0.20723904935466367
11.999999999999973,2.0,0.8200000000000006,0,5,0.20723904935466367
12.099999999999973,2.0,0.8300000000000006,0,5,0.20723904935466367
12.199999999999973,2.0,0.8400000000000006,0,5,0.20723904935466367
12.299999999999972,2.0,0.8500000000000006,0,5,0.20723904935466367
12.399999999999972,2.0,0.8600000000000007,0,5,0.20723904935466367
12.499999999999972,2.0,0.8700000000000007,0,5,0.20723904935466367
12.599999999999971,2.0,0.8800000000000007,0,5,0.20723904935466367
12.69999999999997,2.0,0.8900000000000007,0,5,0.20723904935466367
12.79999999999997,2.0,0.9000000000000007,0,5,0.20723904935466367
12.89999999999997,2.0,0.9100000000000007,0,5,0.20723904935466367
12.99999999999997,2.0,0.9200000000000007,0,5,0.20723904935466367
13.09999999999997,2.0,0.9300000000000007,0,5,0.20723904935466367
13.199999999999969,2.0,0.9400000000000007,0,5,0.20723904935466367
13.299999999999969,2.0,0.9500000000000007,0,5,0.20723904935466367
13.399999999999968,2.0,0.9600000000000007,0,5,0.20723904935466367
13.499999999999968,2.0,0.9700000000000008,0,5,0.20723904935466367
13.599999999999968,2.0,0.9800000000000008,0,5,0.20723904935466367
13.699999999999967,2.0,0.9900000000000008,0,5,0.20723904935466367
13.799999999999967,2.0,1.0,0,5,0.20723904935466367
13.899999999999967,1.0207239049354664,0.0,0,5,0.20723904935466367
13.999999999999966,1.0414478098709328,0.0,0,5,0.20723904935466367
14.099999999999966,1.0621717148063992,0.0,0,5,0.20723904935466367
14.199999999999966,1.0828956197418655,0.0,0,5,0.20723904935466367
14.299999999999965,1.103619524677332,0.0,0,5,0.20723904935466367
14.399999999999965,1.1243434296127983,0.0,0,5,0.20723904935466367
14.499999999999964,1.1450673345482647,0.0,0,5,0.20723904935466367
14.599999999999964,1.165791239483731,0.0,0,5,0.20723904935466367
14.699999999999964,1.1865151444191975,0.0,0,5,0.20723904935466367
14.799999999999963,1.2072390493546639,0.0,0,5,0.20723904935466367
14.899999999999963,1.2279629542901302,0.0,0,5,0.20723904935466367
14.999999999999963,1.2486868592255966,0.0,0,5,0.20723904935466367
15.099999999999962,1.269410764161063,0.0,0,5,0.20723904935466367
15.199999999999962,1.2901346690965294,0.0,0,5,0.20723904935466367
15.299999999999962,1.3108585740319958,0.0,0,5,0.20723904935466367
15.399999999999961,1.3315824789674622,0.0,0,5,0.20723904935466367
15.499999999999961,1.3523063839029286,0.0,0,5,0.20723904935466367
15.59999999999996,1.373030288838395,0.0,0,5,0.20723904935466367
15.69999999999996,1.3937541937738613,0.0,0,5,0.20723904935466367
15.79999999999996,1.4144780987093277,0.0,0,5,0.20723904935466367
15.89999999999996,1.435202003644794,0.0,0,5,0.20723904935466367
15.99999999999996,1.4559259085802605,0.0,0,5,0.20723904935466367
16.09999999999996,1.4766498135157269,0.0,0,5,0.20723904935466367
16.19999999999996,1.4973737184511933,0.0,0,5,0.20723904935466367
16.29999999999996,1.5180976233866597,0.0,0,5,0.20723904935466367
16.399999999999963,1.538821528322126,0.0,0,5,0.20723904935466367
16.499999999999964,1.5595454332575924,0.0,0,5,0.20723904935466367
16.599999999999966,1.5802693381930588,0.0,0,5,0.20723904935466367
16.699999999999967,1.6009932431285252,0.0,0,5,0.20723904935466367
16.79999999999997,1.6217171480639916,0.0,0,5,0.20723904935466367
16.89999999999997,1.642441052999458,0.0,0,5,0.20723904935466367
16.99999999999997,1.6631649579349244,0.0,0,5,0.20723904935466367
17.099999999999973,1.6838888628703907,0.0,0,5,0.20723904935466367
17.199999999999974,1.7046127678058571,0.0,0,5,0.20723904935466367
17.299999999999976,1.7253366727413235,0.0,0,5,0.20723904935466367
17.399999999999977,1.74606057767679,0.0,0,5,0.20723904935466367
17.49999999999998,1.7667844826122563,0.0,0,5,0.20723904935466367
17.59999999999998,1.7875083875477227,0.0,0,5,0.20723904935466367
17.69999999999998,1.808232292483189,0.010000000000000002,0,5,0.20723904935466367
17.799999999999983,1.8289561974186554,0.020000000000000004,0,5,0.20723904935466367
17.899999999999984,1.8496801023541218,0.030000000000000006,0,5,0.20723904935466367
17.999999999999986,1.8704040072895882,0.04000000000000001,0,5,0.20723904935466367
18.099999999999987,1.8911279122250546,0.05000000000000001,0,5,0.20723904935466367
18.19999999999999,1.911851817160521,0.06000000000000001,0,5,0.20723904935466367
18.29999999999999,1.9325757220959874,0.07,0,5,0.20723904935466367
18.39999999999999,1.9532996270314538,0.08000000000000002,0,5,0.20723904935466367
18.499999999999993,1.9740235319669202,0.09000000000000002,0,5,0.20723904935466367
18.599999999999994,1.9947474369023865,0.10000000000000003,0,5,0.20723904935466367
18.699999999999996,2.0,0.11000000000000004,0,5,0.20723904935466367
18.799999999999997,2.0,0.12000000000000005,0,5,0.20723904935466367
18.9,2.0,0.13000000000000006,0,5,0.20723904935466367
19.0,2.0,0.14000000000000007,0,5,0.20723904935466367
19.1,2.0,0.15000000000000008,0,5,0.20723904935466367
19.200000000000003,2.0,0.1600000000000001,0,5,0.20723904935466367
19.300000000000004,2.0,0.1700000000000001,0,5,0.20723904935466367
19.400000000000006,2.0,0.1800000000000001,0,5,0.20723904935466367
19.500000000000007,2.0,0.1900000000000001,0,5,0.20723904935466367
19.60000000000001,2.0,0.20000000000000012,0,5,0.20723904935466367
19.70000000000001,2.0,0.21000000000000013,0,5,0.20723904935466367
19.80000000000001,2.0,0.22000000000000014,0,5,0.20723904935466367
19.900000000000013,2.0,0.23000000000000015,0,5,0.20723904935466367
20.000000000000014,2.0,0.24000000000000016,0,5,0.20723904935466367
20.100000000000016,2.0,0.25000000000000017,0,5,0.20723904935466367
20.200000000000017,2.0,0.2600000000000002,0,5,0.20723904935466367
20.30000000000002,2.0,0.2700000000000002,0,5,0.20723904935466367
20.40000000000002,2.0,0.2800000000000002,0,5,0.20723904935466367
20.50000000000002,2.0,0.2900000000000002,0,5,0.20723904935466367
20.600000000000023,2.0,0.3000000000000002,0,5,0.20723904935466367
20.700000000000024,2.0,0.3100000000000002,0,5,0.20723904935466367
20.800000000000026,2.0,0.32000000000000023,0,5,0.20723904935466367
20.900000000000027,2.0,0.33000000000000024,0,5,0.20723904935466367
21.00000000000003,2.0,0.34000000000000025,0,5,0.20723904935466367
21.10000000000003,2.0,0.35000000000000026,0,5,0.20723904935466367
21.20000000000003,2.0,0.36000000000000026,0,5,0.20723904935466367
21.300000000000033,2.0,0.3700000000000003,0,5,0.20723904935466367
21.400000000000034,2.0,0.3800000000000003,0,5,0.20723904935466367
21.500000000000036,2.0,0.3900000000000003,0,5,0.20723904935466367
21.600000000000037,2.0,0.4000000000000003,0,5,0.20723904935466367
21.70000000000004,2.0,0.4100000000000003,0,5,0.20723904935466367
21.80000000000004,2.0,0.4200000000000003,0,5,0.20723904935466367
21.90000000000004,2.0,0.4300000000000003,0,5,0.20723904935466367
22.000000000000043,2.0,0.44000000000000034,0,5,0.20723904935466367
22.100000000000044,2.0,0.45000000000000034,0,5,0.20723904935466367
22.200000000000045,2.0,0.46000000000000035,0,5,0.20723904935466367
22.300000000000047,2.0,0.47000000000000036,0,5,0.20723904935466367
22.40000000000005,2.0,0.48000000000000037,0,5,0.20723904935466367
22.50000000000005,2.0,0.4900000000000004,0,5,0.20723904935466367
22.60000000000005,2.0,0.5000000000000003,0,5,0.20723904935466367
22.700000000000053,2.0,0.5100000000000003,0,5,0.20723904935466367
22.800000000000054,2.0,0.5200000000000004,0,5,0.20723904935466367
22.900000000000055,2.0,0.5300000000000004,0,5,0.20723904935466367
23.000000000000057,2.0,0.5400000000000004,0,5,0.20723904935466367
23.10000000000006,2.0,0.5500000000000004,0,5,0.20723904935466367
23.20000000000006,2.0,0.5600000000000004,0,5,0.20723904935466367
23.30000000000006,2.0,0.5700000000000004,0,5,0.20723904935466367
23.400000000000063,2.0,0.5800000000000004,0,5,0.20723904935466367
23.500000000000064,2.0,0.5900000000000004,0,5,0.20723904935466367
23.600000000000065,2.0,0.6000000000000004,0,5,0.20723904935466367
23.700000000000067,2.0,0.6100000000000004,0,5,0.20723904935466367
23.800000000000068,2.0,0.6200000000000004,0,5,0.20723904935466367
23.90000000000007,2.0,0.6300000000000004,0,5,0.20723904935466367
24.00000000000007,2.0,0.6400000000000005,0,5,0.20723904935466367
24.100000000000072,2.0,0.6500000000000005,0,5,0.20723904935466367
24.200000000000074,2.0,0.6600000000000005,0,5,0.20723904935466367
24.300000000000075,2.0,0.6700000000000005,0,5,0.20723904935466367
24.400000000000077,2.0,0.6800000000000005,0,5,0.20723904935466367
24.500000000000078,2.0,0.6900000000000005,0,5,0.20723904935466367
24.60000000000008,2.0,0.7000000000000005,0,5,0.20723904935466367
24.70000000000008,2.0,0.7100000000000005,0,5,0.20723904935466367
24.800000000000082,2.0,0.7200000000000005,0,5,0.20723904935466367
24.900000000000084,2.0,0.7300000000000005,0,5,0.20723904935466367
25.000000000000085,2.0,0.7400000000000005,0,5,0.20723904935466367
25.100000000000087,2.0,0.7500000000000006,0,5,0.20723904935466367
25.200000000000088,2.0,0.7600000000000006,0,5,0.20723904935466367
25.30000000000009,2.0,0.7700000000000006,0,5,0.20723904935466367
25.40000000000009,2.0,0.7800000000000006,0,5,0.20723904935466367
25.500000000000092,2.0,0.7900000000000006,0,5,0.20723904935466367
25.600000000000094,2.0,0.8000000000000006,0,5,0.20723904935466367
25.700000000000095,2.0,0.8100000000000006,0,5,0.20723904935466367
25.800000000000097,2.0,0.8200000000000006,0,5,0.20723904935466367
25.900000000000098,2.0,0.8300000000000006,0,5,0.20723904935466367
26.0000000000001,2.0,0.8400000000000006,0,5,0.20723904935466367
26.1000000000001,2.0,0.8500000000000006,0,5,0.20723904935466367
26.200000000000102,2.0,0.8600000000000007,0,5,0.20723904935466367
26.300000000000104,2.0,0.8700000000000007,0,5,0.20723904935466367
26.400000000000105,2.0,0.8800000000000007,0,5,0.20723904935466367
26.500000000000107,2.0,0.8900000000000007,0,5,0.20723904935466367
26.600000000000108,2.0,0.9000000000000007,0,5,0.20723904935466367
26.70000000000011,2.0,0.9100000000000007,0,5,0.20723904935466367
26.80000000000011,2.0,0.9200000000000007,0,5,0.20723904935466367
26.900000000000112,2.0,0.9300000000000007,0,5,0.20723904935466367
27.000000000000114,2.0,0.9400000000000007,0,5,0.20723904935466367
27.100000000000115,2.0,0.9500000000000007,0,5,0.20723904935466367
27.200000000000117,2.0,0.9600000000000007,0,5,0.20723904935466367
27.300000000000118,2.0,0.9700000000000008,0,5,0.20723904935466367
27.40000000000012,2.0,0.9800000000000008,0,5,0.20723904935466367
27.50000000000012,2.0,0.9900000000000008,0,5,0.20723904935466367
27.600000000000122,2.0,1.0,0,5,0.20723904935466367
27.700000000000124,1.0207239049354664,0.0,0,5,0.20723904935466367
27.800000000000125,1.0414478098709328,0.0,0,5,0.20723904935466367
27.900000000000126,1.0621717148063992,0.0,0,5,0.20723904935466367
28.000000000000128,1.0828956197418655,0.0,0,5,0.20723904935466367
28.10000000000013,1.103619524677332,0.0,0,5,0.20723904935466367
28.20000000000013,1.1243434296127983,0.0,0,5,0.20723904935466367
28.300000000000132,1.1450673345482647,0.0,0,5,0.20723904935466367
28.400000000000134,1.165791239483731,0.0,0,5,0.20723904935466367
28.500000000000135,1.1865151444191975,0.0,0,5,0.20723904935466367
28.600000000000136,1.2072390493546639,0.0,0,5,0.20723904935466367
28.700000000000138,1.2279629542901302,0.0,0,5,0.20723904935466367
28.80000000000014,1.2486868592255966,0.0,0,5,0.20723904935466367
28.90000000000014,1.269410764161063,0.0,0,5,0.20723904935466367
29.000000000000142,1.2901346690965294,0.0,0,5,0.20723904935466367
29.100000000000144,1.3108585740319958,0.0,0,5,0.20723904935466367
29.200000000000145,1.3315824789674622,0.0,0,5,0.20723904935466367
29.300000000000146,1.3523063839029286,0.0,0,5,0.20723904935466367
29.400000000000148,1.373030288838395,0.0,0,5,0.20723904935466367
29.50000000000015,1.3937541937738613,0.0,0,5,0.20723904935466367
29.60000000000015,1.4144780987093277,0.0,0,5,0.20723904935466367
29.700000000000152,1.435202003644794,0.0,0,5,0.20723904935466367
29.800000000000153,1.4559259085802605,0.0,0,5,0.20723904935466367
29.900000000000155,1.4766498135157269,0.0,0,5,0.20723904935466367
30.000000000000156,1.4973737184511933,0.0,0,5,0.20723904935466367
0.1,1.0207239049354664,0.0,1,5,0.20723904935466367
0.2,1.0414478098709328,0.0,1,5,0.20723904935466367
0.30000000000000004,1.0621717148063992,0.0,1,5,0.20723904935466367
0.4,1.0828956197418655,0.0,1,5,0.20723904935466367
0.5,1.103619524677332,0.0,1,5,0.20723904935466367
0.6,1.1243434296127983,0.0,1,5,0.20723904935466367
0.7,1.1450673345482647,0.0,1,5,0.20723904935466367
0.7999999999999999,1.165791239483731,0.0,1,5,0.20723904935466367
0.8999999999999999,1.1865151444191975,0.0,1,5,0.20723904935466367
0.9999999999999999,1.2072390493546639,0.0,1,5,0.20723904935466367
1.0999999999999999,1.2279629542901302,0.0,1,5,0.20723904935466367
1.2,1.2486868592255966,0.0,1,5,0.20723904935466367
1.3,1.269410764161063,0.0,1,5,0.20723904935466367
1.4000000000000001,1.2901346690965294,0.0,1,5,0.20723904935466367
1.5000000000000002,1.3108585740319958,0.0,1,5,0.20723904935466367
1.6000000000000003,1.3315824789674622,0.0,1,5,0.20723904935466367
1.7000000000000004,1.3523063839029286,0.0,1,5,0.20723904935466367
1.8000000000000005,1.373030288838395,0.0,1,5,0.20723904935466367
1.9000000000000006,1.3937541937738613,0.0,1,5,0.20723904935466367
2.0000000000000004,1.4144780987093277,0.0,1,5,0.20723904935466367
2.1000000000000005,1.435202003644794,0.0,1,5,0.20723904935466367
2.2000000000000006,1.4559259085802605,0.0,1,5,0.20723904935466367
2.3000000000000007,1.4766498135157269,0.0,1,5,0.20723904935466367
2.400000000000001,1.4973737184511933,0.0,1,5,0.20723904935466367
2.500000000000001,1.5180976233866597,0.0,1,5,0.20723904935466367
2.600000000000001,1.538821528322126,0.0,1,5,0.20723904935466367
2.700000000000001,1.5595454332575924,0.0,1,5,0.20723904935466367
2.800000000000001,1.5802693381930588,0.0,1,5,0.20723904935466367
2.9000000000000012,1.6009932431285252,0.0,1,5,0.20723904935466367
3.0000000000000013,1.6217171480639916,0.0,1,5,0.20723904935466367
3.1000000000000014,1.642441052999458,0.0,1,5,0.20723904935466367
3.2000000000000015,1.6631649579349244,0.0,1,5,0.20723904935466367
3.3000000000000016,1.6838888628703907,0.0,1,5,0.20723904935466367
3.4000000000000017,1.7046127678058571,0.0,1,5,0.20723904935466367
3.5000000000000018,1.7253366727413235,0.0,1,5,0.20723904935466367
3.600000000000002,1.74606057767679,0.0,1,5,0.20723904935466367
3.700000000000002,1.7667844826122563,0.0,1,5,0.20723904935466367
3.800000000000002,1.7875083875477227,0.0,1,5,0.20723904935466367
3.900000000000002,1.808232292483189,0.010000000000000002,1,5,0.20723904935466367
4.000000000000002,1.8289561974186554,0.020000000000000004,1,5,0.20723904935466367
4.100000000000001,1.8496801023541218,0.030000000000000006,1,5,0.20723904935466367
4.200000000000001,1.8704040072895882,0.04000000000000001,1,5,0.20723904935466367
4.300000000000001,1.8911279122250546,0.05000000000000001,1,5,0.20723904935466367
4.4,1.911851817160521,0.06000000000000001,1,5,0.20723904935466367
4.5,1.9325757220959874,0.07,1,5,0.20723904935466367
4.6,1.9532996270314538,0.08000000000000002,1,5,0.20723904935466367
4.699999999999999,1.9740235319669202,0.09000000000000002,1,5,0.20723904935466367
4.799999999999999,1.9947474369023865,0.10000000000000003,1,5,0.20723904935466367
4.899999999999999,2.0,0.11000000000000004,1,5,0.20723904935466367
4.999999999999998,2.0,0.12000000000000005,1,5,0.20723904935466367
5.099999999999998,2.0,0.13000000000000006,1,5,0.20723904935466367
5.1999999999999975,2.0,0.14000000000000007,1,5,0.20723904935466367
5.299999999999997,2.0,0.15000000000000008,1,5,0.20723904935466367
5.399999999999997,2.0,0.1600000000000001,1,5,0.20723904935466367
5.4999999999999964,2.0,0.1700000000000001,1,5,0.20723904935466367
5.599999999999996,2.0,0.1800000000000001,1,5,0.20723904935466367
5.699999999999996,2.0,0.1900000000000001,1,5,0.20723904935466367
5.799999999999995,2.0,0.20000000000000012,1,5,0.20723904935466367
5.899999999999995,2.0,0.21000000000000013,1,5,0.20723904935466367
5.999999999999995,2.0,0.22000000000000014,1,5,0.20723904935466367
6.099999999999994,2.0,0.23000000000000015,1,5,0.20723904935466367
6.199999999999994,2.0,0.24000000000000016,1,5,0.20723904935466367
6.299999999999994,2.0,0.25000000000000017,1,5,0.20723904935466367
6.399999999999993,2.0,0.2600000000000002,1,5,0.20723904935466367
6.499999999999993,2.0,0.2700000000000002,1,5,0.20723904935466367
6.5999999999999925,2.0,0.2800000000000002,1,5,0.20723904935466367
6.699999999999992,2.0,0.2900000000000002,1,5,0.20723904935466367
6.799999999999992,2.0,0.3000000000000002,1,5,0.20723904935466367
6.8999999999999915,2.0,0.3100000000000002,1,5,0.20723904935466367
6.999999999999991,2.0,0.32000000000000023,1,5,0.20723904935466367
7.099999999999991,2.0,0.33000000000000024,1,5,0.20723904935466367
7.19999999999999,2.0,0.34000000000000025,1,5,0.20723904935466367
7.29999999999999,2.0,0.35000000000000026,1,5,0.20723904935466367
7.39999999999999,2.0,0.36000000000000026,1,5,0.20723904935466367
7.499999999999989,2.0,0.3700000000000003,1,5,0.20723904935466367
7.599999999999989,2.0,0.3800000000000003,1,5,0.20723904935466367
7.699999999999989,2.0,0.3900000000000003,1,5,0.20723904935466367
7.799999999999988,2.0,0.4000000000000003,1,5,0.20723904935466367
7.899999999999988,2.0,0.4100000000000003,1,5,0.20723904935466367
7.999999999999988,2.0,0.4200000000000003,1,5,0.20723904935466367
8.099999999999987,2.0,0.4300000000000003,1,5,0.20723904935466367
8.199999999999987,2.0,0.44000000000000034,1,5,0.20723904935466367
8.299999999999986,2.0,0.45000000000000034,1,5,0.20723904935466367
8.399999999999986,2.0,0.46000000000000035,1,5,0.20723904935466367
8.499999999999986,2.0,0.47000000000000036,1,5,0.20723904935466367
8.599999999999985,2.0,0.48000000000000037,1,5,0.20723904935466367
8.699999999999985,2.0,0.4900000000000004,1,5,0.20723904935466367
8.799999999999985,2.0,0.5000000000000003,1,5,0.20723904935466367
8.899999999999984,2.0,0.5100000000000003,1,5,0.20723904935466367
8.999999999999984,2.0,0.5200000000000004,1,5,0.20723904935466367
9.099999999999984,2.0,0.5300000000000004,1,5,0.20723904935466367
9.199999999999983,2.0,0.5400000000000004,1,5,0.20723904935466367
9.299999999999983,2.0,0.5500000000000004,1,5,0.20723904935466367
9.399999999999983,2.0,0.5600000000000004,1,5,0.20723904935466367
9.499999999999982,2.0,0.5700000000000004,1,5,0.20723904935466367
9.599999999999982,2.0,0.5800000000000004,1,5,0.20723904935466367
9.699999999999982,2.0,0.5900000000000004,1,5,0.20723904935466367
9.799999999999981,2.0,0.6000000000000004,1,5,0.20723904935466367
9.89999999999998,2.0,0.6100000000000004,1,5,0.20723904935466367
9.99999999999998,2.0,0.6200000000000004,1,5,0.20723904935466367
10.09999999999998,2.0,0.6300000000000004,1,5,0.20723904935466367
10.19999999999998,2.0,0.6400000000000005,1,5,0.20723904935466367
10.29999999999998,2.0,0.6500000000000005,1,5,0.20723904935466367
10.399999999999979,2.0,0.6600000000000005,1,5,0.20723904935466367
10.499999999999979,2.0,0.6700000000000005,1,5,0.20723904935466367
10.599999999999978,2.0,0.6800000000000005,1,5,0.20723904935466367
10.699999999999978,2.0,0.6900000000000005,1,5,0.20723904935466367
10.799999999999978,2.0,0.7000000000000005,1,5,0.20723904935466367
10.899999999999977,2.0,0.7100000000000005,1,5,0.20723904935466367
10.999999999999977,2.0,0.7200000000000005,1,5,0.20723904935466367
11.099999999999977,2.0,0.7300000000000005,1,5,0.20723904935466367
11.199999999999976,2.0,0.7400000000000005,1,5,0.20723904935466367
11.299999999999976,2.0,0.7500000000000006,1,5,0.20723904935466367
11.399999999999975,2.0,0.7600000000000006,1,5,0.20723904935466367
11.499999999999975,2.0,0.7700000000000006,1,5,0.20723904935466367
11.599999999999975,2.0,0.7800000000000006,1,5,0.20723904935466367
11.699999999999974,2.0,0.7900000000000006,1,5,0.20723904935466367
11.799999999999974,2.0,0.8000000000000006,1,5,0.20723904935466367
11.899999999999974,2.0,0.8100000000000006,1,5,0.20723904935466367
11.999999999999973,2.0,0.8200000000000006,1,5,0.20723904935466367
12.099999999999973,2.0,0.8300000000000006,1,5,0.20723904935466367
12.199999999999973,2.0,0.8400000000000006,1,5,0.20723904935466367
12.299999999999972,2.0,0.8500000000000006,1,5,0.20723904935466367
12.399999999999972,2.0,0.8600000000000007,1,5,0.20723904935466367
12.499999999999972,2.0,0.8700000000000007,1,5,0.20723904935466367
12.599999999999971,2.0,0.8800000000000007,1,5,0.20723904935466367
12.69999999999997,2.0,0.8900000000000007,1,5,0.20723904935466367
12.79999999999997,2.0,0.9000000000000007,1,5,0.20723904935466367
12.89999999999997,2.0,0.9100000000000007,1,5,0.20723904935466367
12.99999999999997,2.0,0.9200000000000007,1,5,0.20723904935466367
13.09999999999997,2.0,0.9300000000000007,1,5,0.20723904935466367
13.199999999999969,2.0,0.9400000000000007,1,5,0.20723904935466367
13.299999999999969,2.0,0.9500000000000007,1,5,0.20723904935466367
13.399999999999968,2.0,0.9600000000000007,1,5,0.20723904935466367
13.499999999999968,2.0,0.9700000000000008,1,5,0.20723904935466367
13.599999999999968,2.0,0.9800000000000008,1,5,0.20723904935466367
13.699999999999967,2.0,0.9900000000000008,1,5,0.20723904935466367
13.799999999999967,2.0,1.0,1,5,0.20723904935466367
13.899999999999967,1.0207239049354664,0.0,1,5,0.20723904935466367
13.999999999999966,1.0414478098709328,0.0,1,5,0.20723904935466367
14.099999999999966,1.0621717148063992,0.0,1,5,0.20723904935466367
14.199999999999966,1.0828956197418655,0.0,1,5,0.20723904935466367
14.299999999999965,1.103619524677332,0.0,1,5,0.20723904935466367
14.399999999999965,1.1243434296127983,0.0,1,5,0.20723904935466367
14.499999999999964,1.1450673345482647,0.0,1,5,0.20723904935466367
14.599999999999964,1.165791239483731,0.0,1,5,0.20723904935466367
14.699999999999964,1.1865151444191975,0.0,1,5,0.20723904935466367
14.799999999999963,1.2072390493546639,0.0,1,5,0.20723904935466367
14.899999999999963,1.2279629542901302,0.0,1,5,0.20723904935466367
14.999999999999963,1.2486868592255966,0.0,1,5,0.20723904935466367
15.099999999999962,1.269410764161063,0.0,1,5,0.20723904935466367
15.199999999999962,1.2901346690965294,0.0,1,5,0.20723904935466367
15.299999999999962,1.3108585740319958,0.0,1,5,0.20723904935466367
15.399999999999961,1.3315824789674622,0.0,1,5,0.20723904935466367
15.499999999999961,1.3523063839029286,0.0,1,5,0.20723904935466367
15.59999999999996,1.373030288838395,0.0,1,5,0.20723904935466367
15.69999999999996,1.3937541937738613,0.0,1,5,0.20723904935466367
15.79999999999996,1.4144780987093277,0.0,1,5,0.20723904935466367
15.89999999999996,1.435202003644794,0.0,1,5,0.20723904935466367
15.99999999999996,1.4559259085802605,0.0,1,5,0.20723904935466367
16.09999999999996,1.4766498135157269,0.0,1,5,0.20723904935466367
16.19999999999996,1.4973737184511933,0.0,1,5,0.20723904935466367
0.1,1.0207239049354664,0.0,2,5,0.20723904935466367
0.2,1.0414478098709328,0.0,2,5,0.20723904935466367
0.30000000000000004,1.0621717148063992,0.0,2,5,0.20723904935466367
0.4,1.0828956197418655,0.0,2,5,0.20723904935466367
0.5,1.103619524677332,0.0,2,5,0.20723904935466367
0.6,1.1243434296127983,0.0,2,5,0.20723904935466367
0.7,1.1450673345482647,0.0,2,5,0.20723904935466367
0.7999999999999999,1.165791239483731,0.0,2,5,0.20723904935466367
0.8999999999999999,1.1865151444191975,0.0,2,5,0.20723904935466367
0.9999999999999999,1.2072390493546639,0.0,2,5,0.20723904935466367
1.0999999999999999,1.2279629542901302,0.0,2,5,0.20723904935466367
1.2,1.2486868592255966,0.0,2,5,0.20723904935466367
1.3,1.269410764161063,0.0,2,5,0.20723904935466367
1.4000000000000001,1.2901346690965294,0.0,2,5,0.20723904935466367
1.5000000000000002,1.3108585740319958,0.0,2,5,0.20723904935466367
1.6000000000000003,1.3315824789674622,0.0,2,5,0.20723904935466367
1.7000000000000004,1.3523063839029286,0.0,2,5,0.20723904935466367
1.8000000000000005,1.373030288838395,0.0,2,5,0.20723904935466367
1.9000000000000006,1.3937541937738613,0.0,2,5,0.20723904935466367
2.0000000000000004,1.4144780987093277,0.0,2,5,0.20723904935466367
2.1000000000000005,1.435202003644794,0.0,2,5,0.20723904935466367
2.2000000000000006,1.4559259085802605,0.0,2,5,0.20723904935466367
2.3000000000000007,1.4766498135157269,0.0,2,5,0.20723904935466367
2.400000000000001,1.4973737184511933,0.0,2,5,0.20723904935466367
0.1,1.0207239049354664,0.0,3,5,0.20723904935466367
0.2,1.0414478098709328,0.0,3,5,0.20723904935466367
0.30000000000000004,1.0621717148063992,0.0,3,5,0.20723904935466367
0.4,1.0828956197418655,0.0,3,5,0.20723904935466367
0.5,1.103619524677332,0.0,3,5,0.20723904935466367
0.6,1.1243434296127983,0.0,3,5,0.20723904935466367
0.7,1.1450673345482647,0.0,3,5,0.20723904935466367
0.7999999999999999,1.165791239483731,0.0,3,5,0.20723904935466367
0.8999999999999999,1.1865151444191975,0.0,3,5,0.20723904935466367
0.9999999999999999,1.2072390493546639,0.0,3,5,0.20723904935466367
1.0999999999999999,1.2279629542901302,0.0,3,5,0.20723904935466367
1.2,1.2486868592255966,0.0,3,5,0.20723904935466367
1.3,1.269410764161063,0.0,3,5,0.20723904935466367
1.4000000000000001,1.2901346690965294,0.0,3,5,0.20723904935466367
1.5000000000000002,1.3108585740319958,0.0,3,5,0.20723904935466367
1.6000000000000003,1.3315824789674622,0.0,3,5,0.20723904935466367
1.7000000000000004,1.3523063839029286,0.0,3,5,0.20723904935466367
1.8000000000000005,1.373030288838395,0.0,3,5,0.20723904935466367
1.9000000000000006,1.3937541937738613,0.0,3,5,0.20723904935466367
2.0000000000000004,1.4144780987093277,0.0,3,5,0.20723904935466367
2.1000000000000005,1.435202003644794,0.0,3,5,0.20723904935466367
2.2000000000000006,1.4559259085802605,0.0,3,5,0.20723904935466367
2.3000000000000007,1.4766498135157269,0.0,3,5,0.20723904935466367
2.400000000000001,1.4973737184511933,0.0,3,5,0.20723904935466367
0.1,1.0106845850097181,0.0,0,6,0.10684585009718109
0.2,1.0213691700194363,0.0,0,6,0.10684585009718109
0.30000000000000004,1.0320537550291544,0.0,0,6,0.10684585009718109
0.4,1.0427383400388726,0.0,0,6,0.10684585009718109
0.5,1.0534229250485907,0.0,0,6,0.10684585009718109
0.6,1.0641075100583088,0.0,0,6,0.10684585009718109
0.7,1.074792095068027,0.0,0,6,0.10684585009718109
0.7999999999999999,1.0854766800777451,0.0,0,6,0.10684585009718109
0.8999999999999999,1.0961612650874633,0.0,0,6,0.10684585009718109
0.9999999999999999,1.1068458500971814,0.0,0,6,0.10684585009718109
1.0999999999999999,1.1175304351068995,0.0,0,6,0.10684585009718109
1.2,1.1282150201166177,0.0,0,6,0.10684585009718109
1.3,1.1388996051263358,0.0,0,6,0.10684585009718109
1.4000000000000001,1.149584190136054,0.0,0,6,0.10684585009718109
1.5000000000000002,1.160268775145772,0.0,0,6,0.10684585009718109
1.6000000000000003,1.1709533601554902,0.0,0,6,0.10684585009718109
1.7000000000000004,1.1816379451652084,0.0,0,6,0.10684585009718109
1.8000000000000005,1.1923225301749265,0.0,0,6,0.10684585009718109
1.9000000000000006,1.2030071151846446,0.0,0,6,0.10684585009718109
2.0000000000000004,1.2136917001943628,0.0,0,6,0.10684585009718109
2.1000000000000005,1.224376285204081,0.0,0,6,0.10684585009718109
2.2000000000000006,1.235060870213799,0.0,0,6,0.10684585009718109
2.3000000000000007,1.2457454552235172,0.0,0,6,0.10684585009718109
2.400000000000001,1.2564300402332353,0.0,0,6,0.10684585009718109
2.500000000000001,1.2671146252429535,0.0,0,6,0.10684585009718109
2.600000000000001,1.2777992102526716,0.0,0,6,0.10684585009718109
2.700000000000001,1.2884837952623898,0.0,0,6,0.10684585009718109
2.800000000000001,1.299168380272108,0.0,0,6,0.10684585009718109
2.9000000000000012,1.309852965281826,0.0,0,6,0.10684585009718109
3.0000000000000013,1.3205375502915442,0.0,0,6,0.10684585009718109
3.1000000000000014,1.3312221353012623,0.0,0,6,0.10684585009718109
3.2000000000000015,1.3419067203109805,0.0,0,6,0.10684585009718109
3.3000000000000016,1.3525913053206986,0.0,0,6,0.10684585009718109
3.4000000000000017,1.3632758903304167,0.0,0,6,0.10684585009718109
3.5000000000000018,1.3739604753401349,0.0,0,6,0.10684585009718109
3.600000000000002,1.384645060349853,0.0,0,6,0.10684585009718109
3.700000000000002,1.3953296453595712,0.0,0,6,0.10684585009718109
3.800000000000002,1.4060142303692893,0.0,0,6,0.10684585009718109
3.900000000000002,1.4166988153790074,0.0,0,6,0.10684585009718109
4.000000000000002,1.4273834003887256,0.0,0,6,0.10684585009718109
4.100000000000001,1.4380679853984437,0.0,0,6,0.10684585009718109
4.200000000000001,1.4487525704081619,0.0,0,6,0.10684585009718109
4.300000000000001,1.45943715541788,0.0,0,6,0.10684585009718109
4.4,1.4701217404275981,0.0,0,6,0.10684585009718109
4.5,1.4808063254373163,0.0,0,6,0.10684585009718109
4.6,1.4914909104470344,0.0,0,6,0.10684585009718109
4.699999999999999,1.5021754954567526,0.0,0,6,0.10684585009718109
4.799999999999999,1.5128600804664707,0.0,0,6,0.10684585009718109
4.899999999999999,1.5235446654761888,0.0,0,6,0.10684585009718109
4.999999999999998,1.534229250485907,0.0,0,6,0.10684585009718109
5.099999999999998,1.544913835495625,0.0,0,6,0.10684585009718109
5.1999999999999975,1.5555984205053432,0.0,0,6,0.10684585009718109
5.299999999999997,1.5662830055150614,0.0,0,6,0.10684585009718109
5.399999999999997,1.5769675905247795,0.0,0,6,0.10684585009718109
5.4999999999999964,1.5876521755344977,0.0,0,6,0.10684585009718109
5.599999999999996,1.5983367605442158,0.0,0,6,0.10684585009718109
5.699999999999996,1.609021345553934,0.0,0,6,0.10684585009718109
5.799999999999995,1.619705930563652,0.0,0,6,0.10684585009718109
5.899999999999995,1.6303905155733702,0.0,0,6,0.10684585009718109
5.999999999999995,1.6410751005830884,0.0,0,6,0.10684585009718109
6.099999999999994,1.6517596855928065,0.0,0,6,0.10684585009718109
6.199999999999994,1.6624442706025246,0.0,0,6,0.10684585009718109
6.299999999999994,1.6731288556122428,0.0,0,6,0.10684585009718109
6.399999999999993,1.683813440621961,0.0,0,6,0.10684585009718109
6.499999999999993,1.694498025631679,0.0,0,6,0.10684585009718109
6.5999999999999925,1.7051826106413972,0.0,0,6,0.10684585009718109
6.699999999999992,1.7158671956511153,0.0,0,6,0.10684585009718109
6.799999999999992,1.7265517806608335,0.0,0,6,0.10684585009718109
6.8999999999999915,1.7372363656705516,0.0,0,6,0.10684585009718109
6.999999999999991,1.7479209506802698,0.0,0,6,0.10684585009718109
7.099999999999991,1.758605535689988,0.0,0,6,0.10684585009718109
7.19999999999999,1.769290120699706,0.0,0,6,0.10684585009718109
7.29999999999999,1.7799747057094242,0.0,0,6,0.10684585009718109
7.39999999999999,1.7906592907191423,0.0,0,6,0.10684585009718109
7.499999999999989,1.8013438757288605,0.010000000000000002,0,6,0.10684585009718109
7.599999999999989,1.8120284607385786,0.020000000000000004,0,6,0.10684585009718109
7.699999999999989,1.8227130457482967,0.030000000000000006,0,6,0.10684585009718109
7.799999999999988,1.8333976307580149,0.04000000000000001,0,6,0.10684585009718109
7.899999999999988,1.844082215767733,0.05000000000000001,0,6,0.10684585009718109
7.999999999999988,1.8547668007774512,0.06000000000000001,0,6,0.10684585009718109
8.099999999999987,1.8654513857871693,0.07,0,6,0.10684585009718109
8.199999999999987,1.8761359707968874,0.08000000000000002,0,6,0.10684585009718109
8.299999999999986,1.8868205558066056,0.09000000000000002,0,6,0.10684585009718109
8.399999999999986,1.8975051408163237,0.10000000000000003,0,6,0.10684585009718109
8.499999999999986,1.9081897258260418,0.11000000000000004,0,6,0.10684585009718109
8.599999999999985,1.91887431083576,0.12000000000000005,0,6,0.10684585009718109
8.699999999999985,1.9295588958454781,0.13000000000000006,0,6,0.10684585009718109
8.799999999999985,1.9402434808551963,0.14000000000000007,0,6,0.10684585009718109
8.899999999999984,1.9509280658649144,0.15000000000000008,0,6,0.10684585009718109
8.999999999999984,1.9616126508746325,0.1600000000000001,0,6,0.10684585009718109
9.099999999999984,1.9722972358843507,0.1700000000000001,0,6,0.10684585009718109
9.199999999999983,1.9829818208940688,0.1800000000000001,0,6,0.10684585009718109
9.299999999999983,1.993666405903787,0.1900000000000001,0,6,0.10684585009718109
9.399999999999983,2.0,0.20000000000000012,0,6,0.10684585009718109
9.499999999999982,2.0,0.21000000000000013,0,6,0.10684585009718109
9.599999999999982,2.0,0.22000000000000014,0,6,0.10684585009718109
9.699999999999982,2.0,0.23000000000000015,0,6,0.10684585009718109
9.799999999999981,2.0,0.24000000000000016,0,6,0.10684585009718109
9.89999999999998,2.0,0.25000000000000017,0,6,0.10684585009718109
9.99999999999998,2.0,0.2600000000000002,0,6,0.10684585009718109
10.09999999999998,2.0,0.2700000000000002,0,6,0.10684585009718109
10.19999999999998,2.0,0.2800000000000002,0,6,0.10684585009718109
10.29999999999998,2.0,0.2900000000000002,0,6,0.10684585009718109
10.399999999999979,2.0,0.3000000000000002,0,6,0.10684585009718109
10.499999999999979,2.0,0.3100000000000002,0,6,0.10684585009718109
10.599999999999978,2.0,0.32000000000000023,0,6,0.10684585009718109
10.699999999999978,2.0,0.33000000000000024,0,6,0.10684585009718109
10.799999999999978,2.0,0.34000000000000025,0,6,0.10684585009718109
10.899999999999977,2.0,0.35000000000000026,0,6,0.10684585009718109
10.999999999999977,2.0,0.36000000000000026,0,6,0.10684585009718109
11.099999999999977,2.0,0.3700000000000003,0,6,0.10684585009718109
11.199999999999976,2.0,0.3800000000000003,0,6,0.10684585009718109
11.299999999999976,2.0,0.3900000000000003,0,6,0.10684585009718109
11.399999999999975,2.0,0.4000000000000003,0,6,0.10684585009718109
11.499999999999975,2.0,0.4100000000000003,0,6,0.10684585009718109
11.599999999999975,2.0,0.4200000000000003,0,6,0.10684585009718109
11.699999999999974,2.0,0.4300000000000003,0,6,0.10684585009718109
11.799999999999974,2.0,0.44000000000000034,0,6,0.10684585009718109
11.899999999999974,2.0,0.45000000000000034,0,6,0.10684585009718109
11.999999999999973,2.0,0.46000000000000035,0,6,0.10684585009718109
12.099999999999973,2.0,0.47000000000000036,0,6,0.10684585009718109
12.199999999999973,2.0,0.48000000000000037,0,6,0.10684585009718109
12.299999999999972,2.0,0.4900000000000004,0,6,0.10684585009718109
12.399999999999972,2.0,0.5000000000000003,0,6,0.10684585009718109
12.499999999999972,2.0,0.5100000000000003,0,6,0.10684585009718109
12.599999999999971,2.0,0.5200000000000004,0,6,0.10684585009718109
12.69999999999997,2.0,0.5300000000000004,0,6,0.10684585009718109
12.79999999999997,2.0,0.5400000000000004,0,6,0.10684585009718109
12.89999999999997,2.0,0.5500000000000004,0,6,0.10684585009718109
12.99999999999997,2.0,0.5600000000000004,0,6,0.10684585009718109
13.09999999999997,2.0,0.5700000000000004,0,6,0.10684585009718109
13.199999999999969,2.0,0.5800000000000004,0,6,0.10684585009718109
13.299999999999969,2.0,0.5900000000000004,0,6,0.10684585009718109
13.399999999999968,2.0,0.6000000000000004,0,6,0.10684585009718109
13.499999999999968,2.0,0.6100000000000004,0,6,0.10684585009718109
13.599999999999968,2.0,0.6200000000000004,0,6,0.10684585009718109
13.699999999999967,2.0,0.6300000000000004,0,6,0.10684585009718109
13.799999999999967,2.0,0.6400000000000005,0,6,0.10684585009718109
13.899999999999967,2.0,0.6500000000000005,0,6,0.10684585009718109
13.999999999999966,2.0,0.6600000000000005,0,6,0.10684585009718109
14.099999999999966,2.0,0.6700000000000005,0,6,0.10684585009718109
14.199999999999966,2.0,0.6800000000000005,0,6,0.10684585009718109
14.299999999999965,2.0,0.6900000000000005,0,6,0.10684585009718109
14.399999999999965,2.0,0.7000000000000005,0,6,0.10684585009718109
14.499999999999964,2.0,0.7100000000000005,0,6,0.10684585009718109
14.599999999999964,2.0,0.7200000000000005,0,6,0.10684585009718109
14.699999999999964,2.0,0.7300000000000005,0,6,0.10684585009718109
14.799999999999963,2.0,0.7400000000000005,0,6,0.10684585009718109
14.899999999999963,2.0,0.7500000000000006,0,6,0.10684585009718109
14.999999999999963,2.0,0.7600000000000006,0,6,0.10684585009718109
15.099999999999962,2.0,0.7700000000000006,0,6,0.10684585009718109
15.199999999999962,2.0,0.7800000000000006,0,6,0.10684585009718109
15.299999999999962,2.0,0.7900000000000006,0,6,0.10684585009718109
15.399999999999961,2.0,0.8000000000000006,0,6,0.10684585009718109
15.499999999999961,2.0,0.8100000000000006,0,6,0.10684585009718109
15.59999999999996,2.0,0.8200000000000006,0,6,0.10684585009718109
15.69999999999996,2.0,0.8300000000000006,0,6,0.10684585009718109
15.79999999999996,2.0,0.8400000000000006,0,6,0.10684585009718109
15.89999999999996,2.0,0.8500000000000006,0,6,0.10684585009718109
15.99999999999996,2.0,0.8600000000000007,0,6,0.10684585009718109
16.09999999999996,2.0,0.8700000000000007,0,6,0.10684585009718109
16.19999999999996,2.0,0.8800000000000007,0,6,0.10684585009718109
16.29999999999996,2.0,0.8900000000000007,0,6,0.10684585009718109
16.399999999999963,2.0,0.9000000000000007,0,6,0.10684585009718109
16.499999999999964,2.0,0.9100000000000007,0,6,0.10684585009718109
16.599999999999966,2.0,0.9200000000000007,0,6,0.10684585009718109
16.699999999999967,2.0,0.9300000000000007,0,6,0.10684585009718109
16.79999999999997,2.0,0.9400000000000007,0,6,0.10684585009718109
16.89999999999997,2.0,0.9500000000000007,0,6,0.10684585009718109
16.99999999999997,2.0,0.9600000000000007,0,6,0.10684585009718109
17.099999999999973,2.0,0.9700000000000008,0,6,0.10684585009718109
17.199999999999974,2.0,0.9800000000000008,0,6,0.10684585009718109
17.299999999999976,2.0,0.9900000000000008,0,6,0.10684585009718109
17.399999999999977,2.0,1.0,0,6,0.10684585009718109
17.49999999999998,1.0106845850097181,0.0,0,6,0.10684585009718109
17.59999999999998,1.0213691700194363,0.0,0,6,0.10684585009718109
17.69999999999998,1.0320537550291544,0.0,0,6,0.10684585009718109
17.799999999999983,1.0427383400388726,0.0,0,6,0.10684585009718109
17.899999999999984,1.0534229250485907,0.0,0,6,0.10684585009718109
17.999999999999986,1.0641075100583088,0.0,0,6,0.10684585009718109
18.099999999999987,1.074792095068027,0.0,0,6,0.10684585009718109
18.19999999999999,1.0854766800777451,0.0,0,6,0.10684585009718109
18.29999999999999,1.0961612650874633,0.0,0,6,0.10684585009718109
18.39999999999999,1.1068458500971814,0.0,0,6,0.10684585009718109
18.499999999999993,1.1175304351068995,0.0,0,6,0.10684585009718109
18.599999999999994,1.1282150201166177,0.0,0,6,0.10684585009718109
18.699999999999996,1.1388996051263358,0.0,0,6,0.10684585009718109
18.799999999999997,1.149584190136054,0.0,0,6,0.10684585009718109
18.9,1.160268775145772,0.0,0,6,0.10684585009718109
19.0,1.1709533601554902,0.0,0,6,0.10684585009718109
19.1,1.1816379451652084,0.0,0,6,0.10684585009718109
19.200000000000003,1.1923225301749265,0.0,0,6,0.10684585009718109
19.300000000000004,1.2030071151846446,0.0,0,6,0.10684585009718109
19.400000000000006,1.2136917001943628,0.0,0,6,0.10684585009718109
19.500000000000007,1.224376285204081,0.0,0,6,0.10684585009718109
19.60000000000001,1.235060870213799,0.0,0,6,0.10684585009718109
19.70000000000001,1.2457454552235172,0.0,0,6,0.10684585009718109
19.80000000000001,1.2564300402332353,0.0,0,6,0.10684585009718109
19.900000000000013,1.2671146252429535,0.0,0,6,0.10684585009718109
20.000000000000014,1.2777992102526716,0.0,0,6,0.10684585009718109
20.100000000000016,1.2884837952623898,0.0,0,6,0.10684585009718109
20.200000000000017,1.299168380272108,0.0,0,6,0.10684585009718109
20.30000000000002,1.309852965281826,0.0,0,6,0.10684585009718109
20.40000000000002,1.3205375502915442,0.0,0,6,0.10684585009718109
20.50000000000002,1.3312221353012623,0.0,0,6,0.10684585009718109
20.600000000000023,1.3419067203109805,0.0,0,6,0.10684585009718109
20.700000000000024,1.3525913053206986,0.0,0,6,0.10684585009718109
20.800000000000026,1.3632758903304167,0.0,0,6,0.10684585009718109
20.900000000000027,1.3739604753401349,0.0,0,6,0.10684585009718109
21.00000000000003,1.384645060349853,0.0,0,6,0.10684585009718109
21.10000000000003,1.3953296453595712,0.0,0,6,0.10684585009718109
21.20000000000003,1.4060142303692893,0.0,0,6,0.10684585009718109
21.300000000000033,1.4166988153790074,0.0,0,6,0.10684585009718109
21.400000000000034,1.4273834003887256,0.0,0,6,0.10684585009718109
21.500000000000036,1.4380679853984437,0.0,0,6,0.10684585009718109
21.600000000000037,1.4487525704081619,0.0,0,6,0.10684585009718109
21.70000000000004,1.45943715541788,0.0,0,6,0.10684585009718109
21.80000000000004,1.4701217404275981,0.0,0,6,0.10684585009718109
21.90000000000004,1.4808063254373163,0.0,0,6,0.10684585009718109
22.000000000000043,1.4914909104470344,0.0,0,6,0.10684585009718109
22.100000000000044,1.5021754954567526,0.0,0,6,0.10684585009718109
22.200000000000045,1.5128600804664707,0.0,0,6,0.10684585009718109
22.300000000000047,1.5235446654761888,0.0,0,6,0.10684585009718109
22.40000000000005,1.534229250485907,0.0,0,6,0.10684585009718109
22.50000000000005,1.544913835495625,0.0,0,6,0.10684585009718109
22.60000000000005,1.5555984205053432,0.0,0,6,0.10684585009718109
22.700000000000053,1.5662830055150614,0.0,0,6,0.10684585009718109
22.800000000000054,1.5769675905247795,0.0,0,6,0.10684585009718109
22.900000000000055,1.5876521755344977,0.0,0,6,0.10684585009718109
23.000000000000057,1.5983367605442158,0.0,0,6,0.10684585009718109
23.10000000000006,1.609021345553934,0.0,0,6,0.10684585009718109
23.20000000000006,1.619705930563652,0.0,0,6,0.10684585009718109
23.30000000000006,1.6303905155733702,0.0,0,6,0.10684585009718109
23.400000000000063,1.6410751005830884,0.0,0,6,0.10684585009718109
23.500000000000064,1.6517596855928065,0.0,0,6,0.10684585009718109
23.600000000000065,1.6624442706025246,0.0,0,6,0.10684585009718109
23.700000000000067,1.6731288556122428,0.0,0,6,0.10684585009718109
23.800000000000068,1.683813440621961,0.0,0,6,0.10684585009718109
23.90000000000007,1.694498025631679,0.0,0,6,0.10684585009718109
24.00000000000007,1.7051826106413972,0.0,0,6,0.10684585009718109
24.100000000000072,1.7158671956511153,0.0,0,6,0.10684585009718109
24.200000000000074,1.7265517806608335,0.0,0,6,0.10684585009718109
24.300000000000075,1.7372363656705516,0.0,0,6,0.10684585009718109
24.400000000000077,1.7479209506802698,0.0,0,6,0.10684585009718109
24.500000000000078,1.758605535689988,0.0,0,6,0.10684585009718109
24.60000000000008,1.769290120699706,0.0,0,6,0.10684585009718109
24.70000000000008,1.7799747057094242,0.0,0,6,0.10684585009718109
24.800000000000082,1.7906592907191423,0.0,0,6,0.10684585009718109
24.900000000000084,1.8013438757288605,0.010000000000000002,0,6,0.10684585009718109
25.000000000000085,1.8120284607385786,0.020000000000000004,0,6,0.10684585009718109
25.100000000000087,1.8227130457482967,0.030000000000000006,0,6,0.10684585009718109
25.200000000000088,1.8333976307580149,0.04000000000000001,0,6,0.10684585009718109
25.30000000000009,1.844082215767733,0.05000000000000001,0,6,0.10684585009718109
25.40000000000009,1.8547668007774512,0.06000000000000001,0,6,0.10684585009718109
25.500000000000092,1.8654513857871693,0.07,0,6,0.10684585009718109
25.600000000000094,1.8761359707968874,0.08000000000000002,0,6,0.10684585009718109
25.700000000000095,1.8868205558066056,0.09000000000000002,0,6,0.10684585009718109
25.800000000000097,1.8975051408163237,0.10000000000000003,0,6,0.10684585009718109
25.900000000000098,1.9081897258260418,0.11000000000000004,0,6,0.10684585009718109
26.0000000000001,1.91887431083576,0.12000000000000005,0,6,0.10684585009718109
26.1000000000001,1.9295588958454781,0.13000000000000006,0,6,0.10684585009718109
26.200000000000102,1.9402434808551963,0.14000000000000007,0,6,0.10684585009718109
26.300000000000104,1.9509280658649144,0.15000000000000008,0,6,0.10684585009718109
26.400000000000105,1.9616126508746325,0.1600000000000001,0,6,0.10684585009718109
26.500000000000107,1.9722972358843507,0.1700000000000001,0,6,0.10684585009718109
26.600000000000108,1.9829818208940688,0.1800000000000001,0,6,0.10684585009718109
26.70000000000011,1.993666405903787,0.1900000000000001,0,6,0.10684585009718109
26.80000000000011,2.0,0.20000000000000012,0,6,0.10684585009718109
26.900000000000112,2.0,0.21000000000000013,0,6,0.10684585009718109
27.000000000000114,2.0,0.22000000000000014,0,6,0.10684585009718109
27.100000000000115,2.0,0.23000000000000015,0,6,0.10684585009718109
27.200000000000117,2.0,0.24000000000000016,0,6,0.10684585009718109
27.300000000000118,2.0,0.25000000000000017,0,6,0.10684585009718109
27.40000000000012,2.0,0.2600000000000002,0,6,0.10684585009718109
27.50000000000012,2.0,0.2700000000000002,0,6,0.10684585009718109
27.600000000000122,2.0,0.2800000000000002,0,6,0.10684585009718109
27.700000000000124,2.0,0.2900000000000002,0,6,0.10684585009718109
27.800000000000125,2.0,0.3000000000000002,0,6,0.10684585009718109
27.900000000000126,2.0,0.3100000000000002,0,6,0.10684585009718109
28.000000000000128,2.0,0.32000000000000023,0,6,0.10684585009718109
28.10000000000013,2.0,0.33000000000000024,0,6,0.10684585009718109
28.20000000000013,2.0,0.34000000000000025,0,6,0.10684585009718109
28.300000000000132,2.0,0.35000000000000026,0,6,0.10684585009718109
28.400000000000134,2.0,0.36000000000000026,0,6,0.10684585009718109
28.500000000000135,2.0,0.3700000000000003,0,6,0.10684585009718109
28.600000000000136,2.0,0.3800000000000003,0,6,0.10684585009718109
28.700000000000138,2.0,0.3900000000000003,0,6,0.10684585009718109
28.80000000000014,2.0,0.4000000000000003,0,6,0.10684585009718109
28.90000000000014,2.0,0.4100000000000003,0,6,0.10684585009718109
29.000000000000142,2.0,0.4200000000000003,0,6,0.10684585009718109
29.100000000000144,2.0,0.4300000000000003,0,6,0.10684585009718109
29.200000000000145,2.0,0.44000000000000034,0,6,0.10684585009718109
29.300000000000146,2.0,0.45000000000000034,0,6,0.10684585009718109
29.400000000000148,2.0,0.46000000000000035,0,6,0.10684585009718109
29.50000000000015,2.0,0.47000000000000036,0,6,0.10684585009718109
29.60000000000015,2.0,0.48000000000000037,0,6,0.10684585009718109
29.700000000000152,2.0,0.4900000000000004,0,6,0.10684585009718109
29.800000000000153,2.0,0.5000000000000003,0,6,0.10684585009718109
29.900000000000155,2.0,0.5100000000000003,0,6,0.10684585009718109
30.000000000000156,2.0,0.5200000000000004,0,6,0.10684585009718109
0.1,1.0106845850097181,0.0,1,6,0.10684585009718109
0.2,1.0213691700194363,0.0,1,6,0.10684585009718109
0.30000000000000004,1.0320537550291544,0.0,1,6,0.10684585009718109
0.4,1.0427383400388726,0.0,1,6,0.10684585009718109
0.5,1.0534229250485907,0.0,1,6,0.10684585009718109
0.6,1.0641075100583088,0.0,1,6,0.10684585009718109
0.7,1.074792095068027,0.0,1,6,0.10684585009718109
0.7999999999999999,1.0854766800777451,0.0,1,6,0.10684585009718109
0.8999999999999999,1.0961612650874633,0.0,1,6,0.10684585009718109
0.9999999999999999,1.1068458500971814,0.0,1,6,0.10684585009718109
1.0999999999999999,1.1175304351068995,0.0,1,6,0.10684585009718109
1.2,1.1282150201166177,0.0,1,6,0.10684585009718109
1.3,1.1388996051263358,0.0,1,6,0.10684585009718109
1.4000000000000001,1.149584190136054,0.0,1,6,0.10684585009718109
1.5000000000000002,1.160268775145772,0.0,1,6,0.10684585009718109
1.6000000000000003,1.1709533601554902,0.0,1,6,0.10684585009718109
1.7000000000000004,1.1816379451652084,0.0,1,6,0.10684585009718109
1.8000000000000005,1.1923225301749265,0.0,1,6,0.10684585009718109
1.9000000000000006,1.2030071151846446,0.0,1,6,0.10684585009718109
2.0000000000000004,1.2136917001943628,0.0,1,6,0.10684585009718109
2.1000000000000005,1.224376285204081,0.0,1,6,0.10684585009718109
2.2000000000000006,1.235060870213799,0.0,1,6,0.10684585009718109
2.3000000000000007,1.2457454552235172,0.0,1,6,0.10684585009718109
2.400000000000001,1.2564300402332353,0.0,1,6,0.10684585009718109
2.500000000000001,1.2671146252429535,0.0,1,6,0.10684585009718109
2.600000000000001,1.2777992102526716,0.0,1,6,0.10684585009718109
2.700000000000001,1.2884837952623898,0.0,1,6,0.10684585009718109
2.800000000000001,1.299168380272108,0.0,1,6,0.10684585009718109
2.9000000000000012,1.309852965281826,0.0,1,6,0.10684585009718109
3.0000000000000013,1.3205375502915442,0.0,1,6,0.10684585009718109
3.1000000000000014,1.3312221353012623,0.0,1,6,0.10684585009718109
3.2000000000000015,1.3419067203109805,0.0,1,6,0.10684585009718109
3.3000000000000016,1.3525913053206986,0.0,1,6,0.10684585009718109
3.4000000000000017,1.3632758903304167,0.0,1,6,0.10684585009718109
3.5000000000000018,1.3739604753401349,0.0,1,6,0.10684585009718109
3.600000000000002,1.384645060349853,0.0,1,6,0.10684585009718109
3.700000000000002,1.3953296453595712,0.0,1,6,0.10684585009718109
3.800000000000002,1.4060142303692893,0.0,1,6,0.10684585009718109
3.900000000000002,1.4166988153790074,0.0,1,6,0.10684585009718109
4.000000000000002,1.4273834003887256,0.0,1,6,0.10684585009718109
4.100000000000001,1.4380679853984437,0.0,1,6,0.10684585009718109
4.200000000000001,1.4487525704081619,0.0,1,6,0.10684585009718109
4.300000000000001,1.45943715541788,0.0,1,6,0.10684585009718109
4.4,1.4701217404275981,0.0,1,6,0.10684585009718109
4.5,1.4808063254373163,0.0,1,6,0.10684585009718109
4.6,1.4914909104470344,0.0,1,6,0.10684585009718109
4.699999999999999,1.5021754954567526,0.0,1,6,0.10684585009718109
4.799999999999999,1.5128600804664707,0.0,1,6,0.10684585009718109
4.899999999999999,1.5235446654761888,0.0,1,6,0.10684585009718109
4.999999999999998,1.534229250485907,0.0,1,6,0.10684585009718109
5.099999999999998,1.544913835495625,0.0,1,6,0.10684585009718109
5.1999999999999975,1.5555984205053432,0.0,1,6,0.10684585009718109
5.299999999999997,1.5662830055150614,0.0,1,6,0.10684585009718109
5.399999999999997,1.5769675905247795,0.0,1,6,0.10684585009718109
5.4999999999999964,1.5876521755344977,0.0,1,6,0.10684585009718109
5.599999999999996,1.5983367605442158,0.0,1,6,0.10684585009718109
5.699999999999996,1.609021345553934,0.0,1,6,0.10684585009718109
5.799999999999995,1.619705930563652,0.0,1,6,0.10684585009718109
5.899999999999995,1.6303905155733702,0.0,1,6,0.10684585009718109
5.999999999999995,1.6410751005830884,0.0,1,6,0.10684585009718109
6.099999999999994,1.6517596855928065,0.0,1,6,0.10684585009718109
6.199999999999994,1.6624442706025246,0.0,1,6,0.10684585009718109
6.299999999999994,1.6731288556122428,0.0,1,6,0.10684585009718109
6.399999999999993,1.683813440621961,0.0,1,6,0.10684585009718109
6.499999999999993,1.694498025631679,0.0,1,6,0.10684585009718109
6.5999999999999925,1.7051826106413972,0.0,1,6,0.10684585009718109
6.699999999999992,1.7158671956511153,0.0,1,6,0.10684585009718109
6.799999999999992,1.7265517806608335,0.0,1,6,0.10684585009718109
6.8999999999999915,1.7372363656705516,0.0,1,6,0.10684585009718109
6.999999999999991,1.7479209506802698,0.0,1,6,0.10684585009718109
7.099999999999991,1.758605535689988,0.0,1,6,0.10684585009718109
7.19999999999999,1.769290120699706,0.0,1,6,0.10684585009718109
7.29999999999999,1.7799747057094242,0.0,1,6,0.10684585009718109
7.39999999999999,1.7906592907191423,0.0,1,6,0.10684585009718109
7.499999999999989,1.8013438757288605,0.010000000000000002,1,6,0.10684585009718109
7.599999999999989,1.8120284607385786,0.020000000000000004,1,6,0.10684585009718109
7.699999999999989,1.8227130457482967,0.030000000000000006,1,6,0.10684585009718109
7.799999999999988,1.8333976307580149,0.04000000000000001,1,6,0.10684585009718109
7.899999999999988,1.844082215767733,0.05000000000000001,1,6,0.10684585009718109
7.999999999999988,1.8547668007774512,0.06000000000000001,1,6,0.10684585009718109
8.099999999999987,1.8654513857871693,0.07,1,6,0.10684585009718109
8.199999999999987,1.8761359707968874,0.08000000000000002,1,6,0.10684585009718109
8.299999999999986,1.8868205558066056,0.09000000000000002,1,6,0.10684585009718109
8.399999999999986,1.8975051408163237,0.10000000000000003,1,6,0.10684585009718109
8.499999999999986,1.9081897258260418,0.11000000000000004,1,6,0.10684585009718109
8.599999999999985,1.91887431083576,0.12000000000000005,1,6,0.10684585009718109
8.699999999999985,1.9295588958454781,0.13000000000000006,1,6,0.10684585009718109
8.799999999999985,1.9402434808551963,0.14000000000000007,1,6,0.10684585009718109
8.899999999999984,1.9509280658649144,0.15000000000000008,1,6,0.10684585009718109
8.999999999999984,1.9616126508746325,0.1600000000000001,1,6,0.10684585009718109
9.099999999999984,1.9722972358843507,0.1700000000000001,1,6,0.10684585009718109
9.199999999999983,1.9829818208940688,0.1800000000000001,1,6,0.10684585009718109
9.299999999999983,1.993666405903787,0.1900000000000001,1,6,0.10684585009718109
9.399999999999983,2.0,0.20000000000000012,1,6,0.10684585009718109
9.499999999999982,2.0,0.21000000000000013,1,6,0.10684585009718109
9.599999999999982,2.0,0.22000000000000014,1,6,0.10684585009718109
9.699999999999982,2.0,0.23000000000000015,1,6,0.10684585009718109
9.799999999999981,2.0,0.24000000000000016,1,6,0.10684585009718109
9.89999999999998,2.0,0.25000000000000017,1,6,0.10684585009718109
9.99999999999998,2.0,0.2600000000000002,1,6,0.10684585009718109
10.09999999999998,2.0,0.2700000000000002,1,6,0.10684585009718109
10.19999999999998,2.0,0.2800000000000002,1,6,0.10684585009718109
10.29999999999998,2.0,0.2900000000000002,1,6,0.10684585009718109
10.399999999999979,2.0,0.3000000000000002,1,6,0.10684585009718109
10.499999999999979,2.0,0.3100000000000002,1,6,0.10684585009718109
10.599999999999978,2.0,0.32000000000000023,1,6,0.10684585009718109
10.699999999999978,2.0,0.33000000000000024,1,6,0.10684585009718109
10.799999999999978,2.0,0.34000000000000025,1,6,0.10684585009718109
10.899999999999977,2.0,0.35000000000000026,1,6,0.10684585009718109
10.999999999999977,2.0,0.36000000000000026,1,6,0.10684585009718109
11.099999999999977,2.0,0.3700000000000003,1,6,0.10684585009718109
11.199999999999976,2.0,0.3800000000000003,1,6,0.10684585009718109
11.299999999999976,2.0,0.3900000000000003,1,6,0.10684585009718109
11.399999999999975,2.0,0.4000000000000003,1,6,0.10684585009718109
11.499999999999975,2.0,0.4100000000000003,1,6,0.10684585009718109
11.599999999999975,2.0,0.4200000000000003,1,6,0.10684585009718109
11.699999999999974,2.0,0.4300000000000003,1,6,0.10684585009718109
11.799999999999974,2.0,0.44000000000000034,1,6,0.10684585009718109
11.899999999999974,2.0,0.45000000000000034,1,6,0.10684585009718109
11.999999999999973,2.0,0.46000000000000035,1,6,0.10684585009718109
12.099999999999973,2.0,0.47000000000000036,1,6,0.10684585009718109
12.199999999999973,2.0,0.48000000000000037,1,6,0.10684585009718109
12.299999999999972,2.0,0.4900000000000004,1,6,0.10684585009718109
12.399999999999972,2.0,0.5000000000000003,1,6,0.10684585009718109
12.499999999999972,2.0,0.5100000000000003,1,6,0.10684585009718109
12.599999999999971,2.0,0.5200000000000004,1,6,0.10684585009718109
0.1,1.020332365722341,0.0,0,7,0.2033236572234102
0.2,1.0406647314446822,0.0,0,7,0.2033236572234102
0.30000000000000004,1.0609970971670233,0.0,0,7,0.2033236572234102
0.4,1.0813294628893644,0.0,0,7,0.2033236572234102
0.5,1.1016618286117055,0.0,0,7,0.2033236572234102
0.6,1.1219941943340466,0.0,0,7,0.2033236572234102
0.7,1.1423265600563877,0.0,0,7,0.2033236572234102
0.7999999999999999,1.1626589257787288,0.0,0,7,0.2033236572234102
0.8999999999999999,1.1829912915010699,0.0,0,7,0.2033236572234102
0.9999999999999999,1.203323657223411,0.0,0,7,0.2033236572234102
1.0999999999999999,1.223656022945752,0.0,0,7,0.2033236572234102
1.2,1.2439883886680931,0.0,0,7,0.2033236572234102
1.3,1.2643207543904342,0.0,0,7,0.2033236572234102
1.4000000000000001,1.2846531201127753,0.0,0,7,0.2033236572234102
1.5000000000000002,1.3049854858351164,0.0,0,7,0.2033236572234102
1.6000000000000003,1.3253178515574575,0.0,0,7,0.2033236572234102
1.7000000000000004,1.3456502172797986,0.0,0,7,0.2033236572234102
1.8000000000000005,1.3659825830021397,0.0,0,7,0.2033236572234102
1.9000000000000006,1.3863149487244808,0.0,0,7,0.2033236572234102
2.0000000000000004,1.406647314446822,0.0,0,7,0.2033236572234102
2.1000000000000005,1.426979680169163,0.0,0,7,0.2033236572234102
2.2000000000000006,1.447312045891504,0.0,0,7,0.2033236572234102
2.3000000000000007,1.4676444116138452,0.0,0,7,0.2033236572234102
2.400000000000001,1.4879767773361863,0.0,0,7,0.2033236572234102
2.500000000000001,1.5083091430585274,0.0,0,7,0.2033236572234102
2.600000000000001,1.5286415087808685,0.0,0,7,0.2033236572234102
2.700000000000001,1.5489738745032096,0.0,0,7,0.2033236572234102
2.800000000000001,1.5693062402255507,0.0,0,7,0.2033236572234102
2.9000000000000012,1.5896386059478917,0.0,0,7,0.2033236572234102
3.0000000000000013,1.6099709716702328,0.0,0,7,0.2033236572234102
3.1000000000000014,1.630303337392574,0.0,0,7,0.2033236572234102
3.2000000000000015,1.650635703114915,0.0,0,7,0.2033236572234102
3.3000000000000016,1.6709680688372561,0.0,0,7,0.2033236572234102
3.4000000000000017,1.6913004345595972,0.0,0,7,0.2033236572234102
3.5000000000000018,1.7116328002819383,0.0,0,7,0.2033236572234102
3.600000000000002,1.7319651660042794,0.0,0,7,0.2033236572234102
3.700000000000002,1.7522975317266205,0.0,0,7,0.2033236572234102
3.800000000000002,1.7726298974489616,0.0,0,7,0.2033236572234102
3.900000000000002,1.7929622631713027,0.0,0,7,0.2033236572234102
4.000000000000002,1.8132946288936438,0.010000000000000002,0,7,0.2033236572234102
4.100000000000001,1.8336269946159849,0.020000000000000004,0,7,0.2033236572234102
4.200000000000001,1.853959360338326,0.030000000000000006,0,7,0.2033236572234102
4.300000000000001,1.874291726060667,0.04000000000000001,0,7,0.2033236572234102
4.4,1.8946240917830082,0.05000000000000001,0,7,0.2033236572234102
4.5,1.9149564575053493,0.06000000000000001,0,7,0.2033236572234102
4.6,1.9352888232276904,0.07,0,7,0.2033236572234102
4.699999999999999,1.9556211889500315,0.08000000000000002,0,7,0.2033236572234102
4.799999999999999,1.9759535546723725,0.09000000000000002,0,7,0.2033236572234102
4.899999999999999,1.9962859203947136,0.10000000000000003,0,7,0.2033236572234102
4.999999999999998,2.0,0.11000000000000004,0,7,0.2033236572234102
5.099999999999998,2.0,0.12000000000000005,0,7,0.2033236572234102
5.1999999999999975,2.0,0.13000000000000006,0,7,0.2033236572234102
5.299999999999997,2.0,0.14000000000000007,0,7,0.2033236572234102
5.399999999999997,2.0,0.15000000000000008,0,7,0.2033236572234102
5.4999999999999964,2.0,0.1600000000000001,0,7,0.2033236572234102
5.599999999999996,2.0,0.1700000000000001,0,7,0.2033236572234102
5.699999999999996,2.0,0.1800000000000001,0,7,0.2033236572234102
5.799999999999995,2.0,0.1900000000000001,0,7,0.2033236572234102
5.899999999999995,2.0,0.20000000000000012,0,7,0.2033236572234102
5.999999999999995,2.0,0.21000000000000013,0,7,0.2033236572234102
6.099999999999994,2.0,0.22000000000000014,0,7,0.2033236572234102
6.199999999999994,2.0,0.23000000000000015,0,7,0.2033236572234102
6.299999999999994,2.0,0.24000000000000016,0,7,0.2033236572234102
6.399999999999993,2.0,0.25000000000000017,0,7,0.2033236572234102
6.499999999999993,2.0,0.2600000000000002,0,7,0.2033236572234102
6.5999999999999925,2.0,0.2700000000000002,0,7,0.2033236572234102
6.699999999999992,2.0,0.2800000000000002,0,7,0.2033236572234102
6.799999999999992,2.0,0.2900000000000002,0,7,0.2033236572234102
6.8999999999999915,2.0,0.3000000000000002,0,7,0.2033236572234102
6.999999999999991,2.0,0.3100000000000002,0,7,0.2033236572234102
7.099999999999991,2.0,0.32000000000000023,0,7,0.2033236572234102
7.19999999999999,2.0,0.33000000000000024,0,7,0.2033236572234102
7.29999999999999,2.0,0.34000000000000025,0,7,0.2033236572234102
7.39999999999999,2.0,0.35000000000000026,0,7,0.2033236572234102
7.499999999999989,2.0,0.36000000000000026,0,7,0.2033236572234102
7.599999999999989,2.0,0.3700000000000003,0,7,0.2033236572234102
7.699999999999989,2.0,0.3800000000000003,0,7,0.2033236572234102
7.799999999999988,2.0,0.3900000000000003,0,7,0.2033236572234102
7.899999999999988,2.0,0.4000000000000003,0,7,0.2033236572234102
7.999999999999988,2.0,0.4100000000000003,0,7,0.2033236572234102
8.099999999999987,2.0,0.4200000000000003,0,7,0.2033236572234102
8.199999999999987,2.0,0.4300000000000003,0,7,0.2033236572234102
8.299999999999986,2.0,0.44000000000000034,0,7,0.2033236572234102
8.399999999999986,2.0,0.45000000000000034,0,7,0.2033236572234102
8.499999999999986,2.0,0.46000000000000035,0,7,0.2033236572234102
8.599999999999985,2.0,0.47000000000000036,0,7,0.2033236572234102
8.699999999999985,2.0,0.48000000000000037,0,7,0.2033236572234102
8.799999999999985,2.0,0.4900000000000004,0,7,0.2033236572234102
8.899999999999984,2.0,0.5000000000000003,0,7,0.2033236572234102
8.999999999999984,2.0,0.5100000000000003,0,7,0.2033236572234102
9.099999999999984,2.0,0.5200000000000004,0,7,0.2033236572234102
9.199999999999983,2.0,0.5300000000000004,0,7,0.2033236572234102
9.299999999999983,2.0,0.5400000000000004,0,7,0.2033236572234102
9.399999999999983,2.0,0.5500000000000004,0,7,0.2033236572234102
9.499999999999982,2.0,0.5600000000000004,0,7,0.2033236572234102
9.599999999999982,2.0,0.5700000000000004,0,7,0.2033236572234102
9.699999999999982,2.0,0.5800000000000004,0,7,0.2033236572234102
9.799999999999981,2.0,0.5900000000000004,0,7,0.2033236572234102
9.89999999999998,2.0,0.6000000000000004,0,7,0.2033236572234102
9.99999999999998,2.0,0.6100000000000004,0,7,0.2033236572234102
10.09999999999998,2.0,0.6200000000000004,0,7,0.2033236572234102
10.19999999999998,2.0,0.6300000000000004,0,7,0.2033236572234102
10.29999999999998,2.0,0.6400000000000005,0,7,0.2033236572234102
10.399999999999979,2.0,0.6500000000000005,0,7,0.2033236572234102
10.499999999999979,2.0,0.6600000000000005,0,7,0.2033236572234102
10.599999999999978,2.0,0.6700000000000005,0,7,0.2033236572234102
10.699999999999978,2.0,0.6800000000000005,0,7,0.2033236572234102
10.799999999999978,2.0,0.6900000000000005,0,7,0.2033236572234102
10.899999999999977,2.0,0.7000000000000005,0,7,0.2033236572234102
10.999999999999977,2.0,0.7100000000000005,0,7,0.2033236572234102
11.099999999999977,2.0,0.7200000000000005,0,7,0.2033236572234102
11.199999999999976,2.0,0.7300000000000005,0,7,0.2033236572234102
11.299999999999976,2.0,0.7400000000000005,0,7,0.2033236572234102
11.399999999999975,2.0,0.7500000000000006,0,7,0.2033236572234102
11.499999999999975,2.0,0.7600000000000006,0,7,0.2033236572234102
11.599999999999975,2.0,0.7700000000000006,0,7,0.2033236572234102
11.699999999999974,2.0,0.7800000000000006,0,7,0.2033236572234102
11.799999999999974,2.0,0.7900000000000006,0,7,0.2033236572234102
11.899999999999974,2.0,0.8000000000000006,0,7,0.2033236572234102
11.999999999999973,2.0,0.8100000000000006,0,7,0.2033236572234102
12.099999999999973,2.0,0.8200000000000006,0,7,0.2033236572234102
12.199999999999973,2.0,0.8300000000000006,0,7,0.2033236572234102
12.299999999999972,2.0,0.8400000000000006,0,7,0.2033236572234102
12.399999999999972,2.0,0.8500000000000006,0,7,0.2033236572234102
12.499999999999972,2.0,0.8600000000000007,0,7,0.2033236572234102
12.599999999999971,2.0,0.8700000000000007,0,7,0.2033236572234102
12.69999999999997,2.0,0.8800000000000007,0,7,0.2033236572234102
12.79999999999997,2.0,0.8900000000000007,0,7,0.2033236572234102
12.89999999999997,2.0,0.9000000000000007,0,7,0.2033236572234102
12.99999999999997,2.0,0.9100000000000007,0,7,0.2033236572234102
13.09999999999997,2.0,0.9200000000000007,0,7,0.2033236572234102
13.199999999999969,2.0,0.9300000000000007,0,7,0.2033236572234102
13.299999999999969,2.0,0.9400000000000007,0,7,0.2033236572234102
13.399999999999968,2.0,0.9500000000000007,0,7,0.2033236572234102
13.499999999999968,2.0,0.9600000000000007,0,7,0.2033236572234102
13.599999999999968,2.0,0.9700000000000008,0,7,0.2033236572234102
13.699999999999967,2.0,0.9800000000000008,0,7,0.2033236572234102
13.799999999999967,2.0,0.9900000000000008,0,7,0.2033236572234102
13.899999999999967,2.0,1.0,0,7,0.2033236572234102
13.999999999999966,1.020332365722341,0.0,0,7,0.2033236572234102
14.099999999999966,1.0406647314446822,0.0,0,7,0.2033236572234102
14.199999999999966,1.0609970971670233,0.0,0,7,0.2033236572234102
14.299999999999965,1.0813294628893644,0.0,0,7,0.2033236572234102
14.399999999999965,1.1016618286117055,0.0,0,7,0.2033236572234102
14.499999999999964,1.1219941943340466,0.0,0,7,0.2033236572234102
14.599999999999964,1.1423265600563877,0.0,0,7,0.2033236572234102
14.699999999999964,1.1626589257787288,0.0,0,7,0.2033236572234102
14.799999999999963,1.1829912915010699,0.0,0,7,0.2033236572234102
14.899999999999963,1.203323657223411,0.0,0,7,0.2033236572234102
14.999999999999963,1.223656022945752,0.0,0,7,0.2033236572234102
15.099999999999962,1.2439883886680931,0.0,0,7,0.2033236572234102
15.199999999999962,1.2643207543904342,0.0,0,7,0.2033236572234102
15.299999999999962,1.2846531201127753,0.0,0,7,0.2033236572234102
15.399999999999961,1.3049854858351164,0.0,0,7,0.2033236572234102
15.499999999999961,1.3253178515574575,0.0,0,7,0.2033236572234102
15.59999999999996,1.3456502172797986,0.0,0,7,0.2033236572234102
15.69999999999996,1.3659825830021397,0.0,0,7,0.2033236572234102
15.79999999999996,1.3863149487244808,0.0,0,7,0.2033236572234102
15.89999999999996,1.406647314446822,0.0,0,7,0.2033236572234102
15.99999999999996,1.426979680169163,0.0,0,7,0.2033236572234102
16.09999999999996,1.447312045891504,0.0,0,7,0.2033236572234102
16.19999999999996,1.4676444116138452,0.0,0,7,0.2033236572234102
16.29999999999996,1.4879767773361863,0.0,0,7,0.2033236572234102
16.399999999999963,1.5083091430585274,0.0,0,7,0.2033236572234102
16.499999999999964,1.5286415087808685,0.0,0,7,0.2033236572234102
16.599999999999966,1.5489738745032096,0.0,0,7,0.2033236572234102
16.699999999999967,1.5693062402255507,0.0,0,7,0.2033236572234102
16.79999999999997,1.5896386059478917,0.0,0,7,0.2033236572234102
16.89999999999997,1.6099709716702328,0.0,0,7,0.2033236572234102
16.99999999999997,1.630303337392574,0.0,0,7,0.2033236572234102
17.099999999999973,1.650635703114915,0.0,0,7,0.2033236572234102
17.199999999999974,1.6709680688372561,0.0,0,7,0.2033236572234102
17.299999999999976,1.6913004345595972,0.0,0,7,0.2033236572234102
17.399999999999977,1.7116328002819383,0.0,0,7,0.2033236572234102
17.49999999999998,1.7319651660042794,0.0,0,7,0.2033236572234102
17.59999999999998,1.7522975317266205,0.0,0,7,0.2033236572234102
17.69999999999998,1.7726298974489616,0.0,0,7,0.2033236572234102
17.799999999999983,1.7929622631713027,0.0,0,7,0.2033236572234102
17.899999999999984,1.8132946288936438,0.010000000000000002,0,7,0.2033236572234102
17.999999999999986,1.8336269946159849,0.020000000000000004,0,7,0.2033236572234102
18.099999999999987,1.853959360338326,0.030000000000000006,0,7,0.2033236572234102
18.19999999999999,1.874291726060667,0.04000000000000001,0,7,0.2033236572234102
18.29999999999999,1.8946240917830082,0.05000000000000001,0,7,0.2033236572234102
18.39999999999999,1.9149564575053493,0.06000000000000001,0,7,0.2033236572234102
18.499999999999993,1.9352888232276904,0.07,0,7,0.2033236572234102
18.599999999999994,1.9556211889500315,0.08000000000000002,0,7,0.2033236572234102
18.699999999999996,1.9759535546723725,0.09000000000000002,0,7,0.2033236572234102
18.799999999999997,1.9962859203947136,0.10000000000000003,0,7,0.2033236572234102
18.9,2.0,0.11000000000000004,0,7,0.2033236572234102
19.0,2.0,0.12000000000000005,0,7,0.2033236572234102
19.1,2.0,0.13000000000000006,0,7,0.2033236572234102
19.200000000000003,2.0,0.14000000000000007,0,7,0.2033236572234102
19.300000000000004,2.0,0.15000000000000008,0,7,0.2033236572234102
19.400000000000006,2.0,0.1600000000000001,0,7,0.2033236572234102
19.500000000000007,2.0,0.1700000000000001,0,7,0.2033236572234102
19.60000000000001,2.0,0.1800000000000001,0,7,0.2033236572234102
19.70000000000001,2.0,0.1900000000000001,0,7,0.2033236572234102
19.80000000000001,2.0,0.20000000000000012,0,7,0.2033236572234102
19.900000000000013,2.0,0.21000000000000013,0,7,0.2033236572234102
20.000000000000014,2.0,0.22000000000000014,0,7,0.2033236572234102
20.100000000000016,2.0,0.23000000000000015,0,7,0.2033236572234102
20.200000000000017,2.0,0.24000000000000016,0,7,0.2033236572234102
20.30000000000002,2.0,0.25000000000000017,0,7,0.2033236572234102
20.40000000000002,2.0,0.2600000000000002,0,7,0.2033236572234102
20.50000000000002,2.0,0.2700000000000002,0,7,0.2033236572234102
20.600000000000023,2.0,0.2800000000000002,0,7,0.2033236572234102
20.700000000000024,2.0,0.2900000000000002,0,7,0.2033236572234102
20.800000000000026,2.0,0.3000000000000002,0,7,0.2033236572234102
20.900000000000027,2.0,0.3100000000000002,0,7,0.2033236572234102
21.00000000000003,2.0,0.32000000000000023,0,7,0.2033236572234102
21.10000000000003,2.0,0.33000000000000024,0,7,0.2033236572234102
21.20000000000003,2.0,0.34000000000000025,0,7,0.2033236572234102
21.300000000000033,2.0,0.35000000000000026,0,7,0.2033236572234102
21.400000000000034,2.0,0.36000000000000026,0,7,0.2033236572234102
21.500000000000036,2.0,0.3700000000000003,0,7,0.2033236572234102
21.600000000000037,2.0,0.3800000000000003,0,7,0.2033236572234102
21.70000000000004,2.0,0.3900000000000003,0,7,0.2033236572234102
21.80000000000004,2.0,0.4000000000000003,0,7,0.2033236572234102
21.90000000000004,2.0,0.4100000000000003,0,7,0.2033236572234102
22.000000000000043,2.0,0.4200000000000003,0,7,0.2033236572234102
22.100000000000044,2.0,0.4300000000000003,0,7,0.2033236572234102
22.200000000000045,2.0,0.44000000000000034,0,7,0.2033236572234102
22.300000000000047,2.0,0.45000000000000034,0,7,0.2033236572234102
22.40000000000005,2.0,0.46000000000000035,0,7,0.2033236572234102
22.50000000000005,2.0,0.47000000000000036,0,7,0.2033236572234102
22.60000000000005,2.0,0.48000000000000037,0,7,0.2033236572234102
22.700000000000053,2.0,0.4900000000000004,0,7,0.2033236572234102
22.800000000000054,2.0,0.5000000000000003,0,7,0.2033236572234102
22.900000000000055,2.0,0.5100000000000003,0,7,0.2033236572234102
23.000000000000057,2.0,0.5200000000000004,0,7,0.2033236572234102
23.10000000000006,2.0,0.5300000000000004,0,7,0.2033236572234102
23.20000000000006,2.0,0.5400000000000004,0,7,0.2033236572234102
23.30000000000006,2.0,0.5500000000000004,0,7,0.2033236572234102
23.400000000000063,2.0,0.5600000000000004,0,7,0.2033236572234102
23.500000000000064,2.0,0.5700000000000004,0,7,0.2033236572234102
23.600000000000065,2.0,0.5800000000000004,0,7,0.2033236572234102
23.700000000000067,2.0,0.5900000000000004,0,7,0.2033236572234102
23.800000000000068,2.0,0.6000000000000004,0,7,0.2033236572234102
23.90000000000007,2.0,0.6100000000000004,0,7,0.2033236572234102
24.00000000000007,2.0,0.6200000000000004,0,7,0.2033236572234102
24.100000000000072,2.0,0.6300000000000004,0,7,0.2033236572234102
24.200000000000074,2.0,0.6400000000000005,0,7,0.2033236572234102
24.300000000000075,2.0,0.6500000000000005,0,7,0.2033236572234102
24.400000000000077,2.0,0.6600000000000005,0,7,0.2033236572234102
24.500000000000078,2.0,0.6700000000000005,0,7,0.2033236572234102
24.60000000000008,2.0,0.6800000000000005,0,7,0.2033236572234102
24.70000000000008,2.0,0.6900000000000005,0,7,0.2033236572234102
24.800000000000082,2.0,0.7000000000000005,0,7,0.2033236572234102
24.900000000000084,2.0,0.7100000000000005,0,7,0.2033236572234102
25.000000000000085,2.0,0.7200000000000005,0,7,0.2033236572234102
25.100000000000087,2.0,0.7300000000000005,0,7,0.2033236572234102
25.200000000000088,2.0,0.7400000000000005,0,7,0.2033236572234102
25.30000000000009,2.0,0.7500000000000006,0,7,0.2033236572234102
25.40000000000009,2.0,0.7600000000000006,0,7,0.2033236572234102
25.500000000000092,2.0,0.7700000000000006,0,7,0.2033236572234102
25.600000000000094,2.0,0.7800000000000006,0,7,0.2033236572234102
25.700000000000095,2.0,0.7900000000000006,0,7,0.2033236572234102
25.800000000000097,2.0,0.8000000000000006,0,7,0.2033236572234102
25.900000000000098,2.0,0.8100000000000006,0,7,0.2033236572234102
26.0000000000001,2.0,0.8200000000000006,0,7,0.2033236572234102
26.1000000000001,2.0,0.8300000000000006,0,7,0.2033236572234102
26.200000000000102,2.0,0.8400000000000006,0,7,0.2033236572234102
26.300000000000104,2.0,0.8500000000000006,0,7,0.2033236572234102
26.400000000000105,2.0,0.8600000000000007,0,7,0.2033236572234102
26.500000000000107,2.0,0.8700000000000007,0,7,0.2033236572234102
26.600000000000108,2.0,0.8800000000000007,0,7,0.2033236572234102
26.70000000000011,2.0,0.8900000000000007,0,7,0.2033236572234102
26.80000000000011,2.0,0.9000000000000007,0,7,0.2033236572234102
26.900000000000112,2.0,0.9100000000000007,0,7,0.2033236572234102
27.000000000000114,2.0,0.9200000000000007,0,7,0.2033236572234102
27.100000000000115,2.0,0.9300000000000007,0,7,0.2033236572234102
27.200000000000117,2.0,0.9400000000000007,0,7,0.2033236572234102
27.300000000000118,2.0,0.9500000000000007,0,7,0.2033236572234102
27.40000000000012,2.0,0.9600000000000007,0,7,0.2033236572234102
27.50000000000012,2.0,0.9700000000000008,0,7,0.2033236572234102
27.600000000000122,2.0,0.9800000000000008,0,7,0.2033236572234102
27.700000000000124,2.0,0.9900000000000008,0,7,0.2033236572234102
27.800000000000125,2.0,1.0,0,7,0.2033236572234102
27.900000000000126,1.020332365722341,0.0,0,7,0.2033236572234102
28.000000000000128,1.0406647314446822,0.0,0,7,0.2033236572234102
28.10000000000013,1.0609970971670233,0.0,0,7,0.2033236572234102
28.20000000000013,1.0813294628893644,0.0,0,7,0.2033236572234102
28.300000000000132,1.1016618286117055,0.0,0,7,0.2033236572234102
28.400000000000134,1.1219941943340466,0.0,0,7,0.2033236572234102
28.500000000000135,1.1423265600563877,0.0,0,7,0.2033236572234102
28.600000000000136,1.1626589257787288,0.0,0,7,0.2033236572234102
28.700000000000138,1.1829912915010699,0.0,0,7,0.2033236572234102
28.80000000000014,1.203323657223411,0.0,0,7,0.2033236572234102
28.90000000000014,1.223656022945752,0.0,0,7,0.2033236572234102
29.000000000000142,1.2439883886680931,0.0,0,7,0.2033236572234102
29.100000000000144,1.2643207543904342,0.0,0,7,0.2033236572234102
29.200000000000145,1.2846531201127753,0.0,0,7,0.2033236572234102
29.300000000000146,1.3049854858351164,0.0,0,7,0.2033236572234102
29.400000000000148,1.3253178515574575,0.0,0,7,0.2033236572234102
29.50000000000015,1.3456502172797986,0.0,0,7,0.2033236572234102
29.60000000000015,1.3659825830021397,0.0,0,7,0.2033236572234102
29.700000000000152,1.3863149487244808,0.0,0,7,0.2033236572234102
29.800000000000153,1.406647314446822,0.0,0,7,0.2033236572234102
29.900000000000155,1.426979680169163,0.0,0,7,0.2033236572234102
30.000000000000156,1.447312045891504,0.0,0,7,0.2033236572234102
0.1,1.020332365722341,0.0,1,7,0.2033236572234102
0.2,1.0406647314446822,0.0,1,7,0.2033236572234102
0.30000000000000004,1.0609970971670233,0.0,1,7,0.2033236572234102
0.4,1.0813294628893644,0.0,1,7,0.2033236572234102
0.5,1.1016618286117055,0.0,1,7,0.2033236572234102
0.6,1.1219941943340466,0.0,1,7,0.2033236572234102
0.7,1.1423265600563877,0.0,1,7,0.2033236572234102
0.7999999999999999,1.1626589257787288,0.0,1,7,0.2033236572234102
0.8999999999999999,1.1829912915010699,0.0,1,7,0.2033236572234102
0.9999999999999999,1.203323657223411,0.0,1,7,0.2033236572234102
1.0999999999999999,1.223656022945752,0.0,1,7,0.2033236572234102
1.2,1.2439883886680931,0.0,1,7,0.2033236572234102
1.3,1.2643207543904342,0.0,1,7,0.2033236572234102
1.4000000000000001,1.2846531201127753,0.0,1,7,0.2033236572234102
1.5000000000000002,1.3049854858351164,0.0,1,7,0.2033236572234102
1.6000000000000003,1.3253178515574575,0.0,1,7,0.2033236572234102
1.7000000000000004,1.3456502172797986,0.0,1,7,0.2033236572234102
1.8000000000000005,1.3659825830021397,0.0,1,7,0.2033236572234102
1.9000000000000006,1.3863149487244808,0.0,1,7,0.2033236572234102
2.0000000000000004,1.406647314446822,0.0,1,7,0.2033236572234102
2.1000000000000005,1.426979680169163,0.0,1,7,0.2033236572234102
2.2000000000000006,1.447312045891504,0.0,1,7,0.2033236572234102
2.3000000000000007,1.4676444116138452,0.0,1,7,0.2033236572234102
2.400000000000001,1.4879767773361863,0.0,1,7,0.2033236572234102
2.500000000000001,1.5083091430585274,0.0,1,7,0.2033236572234102
2.600000000000001,1.5286415087808685,0.0,1,7,0.2033236572234102
2.700000000000001,1.5489738745032096,0.0,1,7,0.2033236572234102
2.800000000000001,1.5693062402255507,0.0,1,7,0.2033236572234102
2.9000000000000012,1.5896386059478917,0.0,1,7,0.2033236572234102
3.0000000000000013,1.6099709716702328,0.0,1,7,0.2033236572234102
3.1000000000000014,1.630303337392574,0.0,1,7,0.2033236572234102
3.2000000000000015,1.650635703114915,0.0,1,7,0.2033236572234102
3.3000000000000016,1.6709680688372561,0.0,1,7,0.2033236572234102
3.4000000000000017,1.6913004345595972,0.0,1,7,0.2033236572234102
3.5000000000000018,1.7116328002819383,0.0,1,7,0.2033236572234102
3.600000000000002,1.7319651660042794,0.0,1,7,0.2033236572234102
3.700000000000002,1.7522975317266205,0.0,1,7,0.2033236572234102
3.800000000000002,1.7726298974489616,0.0,1,7,0.2033236572234102
3.900000000000002,1.7929622631713027,0.0,1,7,0.2033236572234102
4.000000000000002,1.8132946288936438,0.010000000000000002,1,7,0.2033236572234102
4.100000000000001,1.8336269946159849,0.020000000000000004,1,7,0.2033236572234102
4.200000000000001,1.853959360338326,0.030000000000000006,1,7,0.2033236572234102
4.300000000000001,1.874291726060667,0.04000000000000001,1,7,0.2033236572234102
4.4,1.8946240917830082,0.05000000000000001,1,7,0.2033236572234102
4.5,1.9149564575053493,0.06000000000000001,1,7,0.2033236572234102
4.6,1.9352888232276904,0.07,1,7,0.2033236572234102
4.699999999999999,1.9556211889500315,0.08000000000000002,1,7,0.2033236572234102
4.799999999999999,1.9759535546723725,0.09000000000000002,1,7,0.2033236572234102
4.899999999999999,1.9962859203947136,0.10000000000000003,1,7,0.2033236572234102
4.999999999999998,2.0,0.11000000000000004,1,7,0.2033236572234102
5.099999999999998,2.0,0.12000000000000005,1,7,0.2033236572234102
5.1999999999999975,2.0,0.13000000000000006,1,7,0.2033236572234102
5.299999999999997,2.0,0.14000000000000007,1,7,0.2033236572234102
5.399999999999997,2.0,0.15000000000000008,1,7,0.2033236572234102
5.4999999999999964,2.0,0.1600000000000001,1,7,0.2033236572234102
5.599999999999996,2.0,0.1700000000000001,1,7,0.2033236572234102
5.699999999999996,2.0,0.1800000000000001,1,7,0.2033236572234102
5.799999999999995,2.0,0.1900000000000001,1,7,0.2033236572234102
5.899999999999995,2.0,0.20000000000000012,1,7,0.2033236572234102
5.999999999999995,2.0,0.21000000000000013,1,7,0.2033236572234102
6.099999999999994,2.0,0.22000000000000014,1,7,0.2033236572234102
6.199999999999994,2.0,0.23000000000000015,1,7,0.2033236572234102
6.299999999999994,2.0,0.24000000000000016,1,7,0.2033236572234102
6.399999999999993,2.0,0.25000000000000017,1,7,0.2033236572234102
6.499999999999993,2.0,0.2600000000000002,1,7,0.2033236572234102
6.5999999999999925,2.0,0.2700000000000002,1,7,0.2033236572234102
6.699999999999992,2.0,0.2800000000000002,1,7,0.2033236572234102
6.799999999999992,2.0,0.2900000000000002,1,7,0.2033236572234102
6.8999999999999915,2.0,0.3000000000000002,1,7,0.2033236572234102
6.999999999999991,2.0,0.3100000000000002,1,7,0.2033236572234102
7.099999999999991,2.0,0.32000000000000023,1,7,0.2033236572234102
7.19999999999999,2.0,0.33000000000000024,1,7,0.2033236572234102
7.29999999999999,2.0,0.34000000000000025,1,7,0.2033236572234102
7.39999999999999,2.0,0.35000000000000026,1,7,0.2033236572234102
7.499999999999989,2.0,0.36000000000000026,1,7,0.2033236572234102
7.599999999999989,2.0,0.3700000000000003,1,7,0.2033236572234102
7.699999999999989,2.0,0.3800000000000003,1,7,0.2033236572234102
7.799999999999988,2.0,0.3900000000000003,1,7,0.2033236572234102
7.899999999999988,2.0,0.4000000000000003,1,7,0.2033236572234102
7.999999999999988,2.0,0.4100000000000003,1,7,0.2033236572234102
8.099999999999987,2.0,0.4200000000000003,1,7,0.2033236572234102
8.199999999999987,2.0,0.4300000000000003,1,7,0.2033236572234102
8.299999999999986,2.0,0.44000000000000034,1,7,0.2033236572234102
8.399999999999986,2.0,0.45000000000000034,1,7,0.2033236572234102
8.499999999999986,2.0,0.46000000000000035,1,7,0.2033236572234102
8.599999999999985,2.0,0.47000000000000036,1,7,0.2033236572234102
8.699999999999985,2.0,0.48000000000000037,1,7,0.2033236572234102
8.799999999999985,2.0,0.4900000000000004,1,7,0.2033236572234102
8.899999999999984,2.0,0.5000000000000003,1,7,0.2033236572234102
8.999999999999984,2.0,0.5100000000000003,1,7,0.2033236572234102
9.099999999999984,2.0,0.5200000000000004,1,7,0.2033236572234102
9.199999999999983,2.0,0.5300000000000004,1,7,0.2033236572234102
9.299999999999983,2.0,0.5400000000000004,1,7,0.2033236572234102
9.399999999999983,2.0,0.5500000000000004,1,7,0.2033236572234102
9.499999999999982,2.0,0.5600000000000004,1,7,0.2033236572234102
9.599999999999982,2.0,0.5700000000000004,1,7,0.2033236572234102
9.699999999999982,2.0,0.5800000000000004,1,7,0.2033236572234102
9.799999999999981,2.0,0.5900000000000004,1,7,0.2033236572234102
9.89999999999998,2.0,0.6000000000000004,1,7,0.2033236572234102
9.99999999999998,2.0,0.6100000000000004,1,7,0.2033236572234102
10.09999999999998,2.0,0.6200000000000004,1,7,0.2033236572234102
10.19999999999998,2.0,0.6300000000000004,1,7,0.2033236572234102
10.29999999999998,2.0,0.6400000000000005,1,7,0.2033236572234102
10.399999999999979,2.0,0.6500000000000005,1,7,0.2033236572234102
10.499999999999979,2.0,0.6600000000000005,1,7,0.2033236572234102
10.599999999999978,2.0,0.6700000000000005,1,7,0.2033236572234102
10.699999999999978,2.0,0.6800000000000005,1,7,0.2033236572234102
10.799999999999978,2.0,0.6900000000000005,1,7,0.2033236572234102
10.899999999999977,2.0,0.7000000000000005,1,7,0.2033236572234102
10.999999999999977,2.0,0.7100000000000005,1,7,0.2033236572234102
11.099999999999977,2.0,0.7200000000000005,1,7,0.2033236572234102
11.199999999999976,2.0,0.7300000000000005,1,7,0.2033236572234102
11.299999999999976,2.0,0.7400000000000005,1,7,0.2033236572234102
11.399999999999975,2.0,0.7500000000000006,1,7,0.2033236572234102
11.499999999999975,2.0,0.7600000000000006,1,7,0.2033236572234102
11.599999999999975,2.0,0.7700000000000006,1,7,0.2033236572234102
11.699999999999974,2.0,0.7800000000000006,1,7,0.2033236572234102
11.799999999999974,2.0,0.7900000000000006,1,7,0.2033236572234102
11.899999999999974,2.0,0.8000000000000006,1,7,0.2033236572234102
11.999999999999973,2.0,0.8100000000000006,1,7,0.2033236572234102
12.099999999999973,2.0,0.8200000000000006,1,7,0.2033236572234102
12.199999999999973,2.0,0.8300000000000006,1,7,0.2033236572234102
12.299999999999972,2.0,0.8400000000000006,1,7,0.2033236572234102
12.399999999999972,2.0,0.8500000000000006,1,7,0.2033236572234102
12.499999999999972,2.0,0.8600000000000007,1,7,0.2033236572234102
12.599999999999971,2.0,0.8700000000000007,1,7,0.2033236572234102
12.69999999999997,2.0,0.8800000000000007,1,7,0.2033236572234102
12.79999999999997,2.0,0.8900000000000007,1,7,0.2033236572234102
12.89999999999997,2.0,0.9000000000000007,1,7,0.2033236572234102
12.99999999999997,2.0,0.9100000000000007,1,7,0.2033236572234102
13.09999999999997,2.0,0.9200000000000007,1,7,0.2033236572234102
13.199999999999969,2.0,0.9300000000000007,1,7,0.2033236572234102
13.299999999999969,2.0,0.9400000000000007,1,7,0.2033236572234102
13.399999999999968,2.0,0.9500000000000007,1,7,0.2033236572234102
13.499999999999968,2.0,0.9600000000000007,1,7,0.2033236572234102
13.599999999999968,2.0,0.9700000000000008,1,7,0.2033236572234102
13.699999999999967,2.0,0.9800000000000008,1,7,0.2033236572234102
13.799999999999967,2.0,0.9900000000000008,1,7,0.2033236572234102
13.899999999999967,2.0,1.0,1,7,0.2033236572234102
13.999999999999966,1.020332365722341,0.0,1,7,0.2033236572234102
14.099999999999966,1.0406647314446822,0.0,1,7,0.2033236572234102
14.199999999999966,1.0609970971670233,0.0,1,7,0.2033236572234102
14.299999999999965,1.0813294628893644,0.0,1,7,0.2033236572234102
14.399999999999965,1.1016618286117055,0.0,1,7,0.2033236572234102
14.499999999999964,1.1219941943340466,0.0,1,7,0.2033236572234102
14.599999999999964,1.1423265600563877,0.0,1,7,0.2033236572234102
14.699999999999964,1.1626589257787288,0.0,1,7,0.2033236572234102
14.799999999999963,1.1829912915010699,0.0,1,7,0.2033236572234102
14.899999999999963,1.203323657223411,0.0,1,7,0.2033236572234102
14.999999999999963,1.223656022945752,0.0,1,7,0.2033236572234102
15.099999999999962,1.2439883886680931,0.0,1,7,0.2033236572234102
15.199999999999962,1.2643207543904342,0.0,1,7,0.2033236572234102
15.299999999999962,1.2846531201127753,0.0,1,7,0.2033236572234102
15.399999999999961,1.3049854858351164,0.0,1,7,0.2033236572234102
15.499999999999961,1.3253178515574575,0.0,1,7,0.2033236572234102
15.59999999999996,1.3456502172797986,0.0,1,7,0.2033236572234102
15.69999999999996,1.3659825830021397,0.0,1,7,0.2033236572234102
15.79999999999996,1.3863149487244808,0.0,1,7,0.2033236572234102
15.89999999999996,1.406647314446822,0.0,1,7,0.2033236572234102
15.99999999999996,1.426979680169163,0.0,1,7,0.2033236572234102
16.09999999999996,1.447312045891504,0.0,1,7,0.2033236572234102
0.1,1.020332365722341,0.0,2,7,0.2033236572234102
0.2,1.0406647314446822,0.0,2,7,0.2033236572234102
0.30000000000000004,1.0609970971670233,0.0,2,7,0.2033236572234102
0.4,1.0813294628893644,0.0,2,7,0.2033236572234102
0.5,1.1016618286117055,0.0,2,7,0.2033236572234102
0.6,1.1219941943340466,0.0,2,7,0.2033236572234102
0.7,1.1423265600563877,0.0,2,7,0.2033236572234102
0.7999999999999999,1.1626589257787288,0.0,2,7,0.2033236572234102
0.8999999999999999,1.1829912915010699,0.0,2,7,0.2033236572234102
0.9999999999999999,1.203323657223411,0.0,2,7,0.2033236572234102
1.0999999999999999,1.223656022945752,0.0,2,7,0.2033236572234102
1.2,1.2439883886680931,0.0,2,7,0.2033236572234102
1.3,1.2643207543904342,0.0,2,7,0.2033236572234102
1.4000000000000001,1.2846531201127753,0.0,2,7,0.2033236572234102
1.5000000000000002,1.3049854858351164,0.0,2,7,0.2033236572234102
1.6000000000000003,1.3253178515574575,0.0,2,7,0.2033236572234102
1.7000000000000004,1.3456502172797986,0.0,2,7,0.2033236572234102
1.8000000000000005,1.3659825830021397,0.0,2,7,0.2033236572234102
1.9000000000000006,1.3863149487244808,0.0,2,7,0.2033236572234102
2.0000000000000004,1.406647314446822,0.0,2,7,0.2033236572234102
2.1000000000000005,1.426979680169163,0.0,2,7,0.2033236572234102
2.2000000000000006,1.447312045891504,0.0,2,7,0.2033236572234102
0.1,1.020332365722341,0.0,3,7,0.2033236572234102
0.2,1.0406647314446822,0.0,3,7,0.2033236572234102
0.30000000000000004,1.0609970971670233,0.0,3,7,0.2033236572234102
0.4,1.0813294628893644,0.0,3,7,0.2033236572234102
0.5,1.1016618286117055,0.0,3,7,0.2033236572234102
0.6,1.1219941943340466,0.0,3,7,0.2033236572234102
0.7,1.1423265600563877,0.0,3,7,0.2033236572234102
0.7999999999999999,1.1626589257787288,0.0,3,7,0.2033236572234102
0.8999999999999999,1.1829912915010699,0.0,3,7,0.2033236572234102
0.9999999999999999,1.203323657223411,0.0,3,7,0.2033236572234102
1.0999999999999999,1.223656022945752,0.0,3,7,0.2033236572234102
1.2,1.2439883886680931,0.0,3,7,0.2033236572234102
1.3,1.2643207543904342,0.0,3,7,0.2033236572234102
1.4000000000000001,1.2846531201127753,0.0,3,7,0.2033236572234102
1.5000000000000002,1.3049854858351164,0.0,3,7,0.2033236572234102
1.6000000000000003,1.3253178515574575,0.0,3,7,0.2033236572234102
1.7000000000000004,1.3456502172797986,0.0,3,7,0.2033236572234102
1.8000000000000005,1.3659825830021397,0.0,3,7,0.2033236572234102
1.9000000000000006,1.3863149487244808,0.0,3,7,0.2033236572234102
2.0000000000000004,1.406647314446822,0.0,3,7,0.2033236572234102
2.1000000000000005,1.426979680169163,0.0,3,7,0.2033236572234102
2.2000000000000006,1.447312045891504,0.0,3,7,0.2033236572234102
0.1,1.0274407321040977,0.0,0,8,0.27440732104097654
0.2,1.0548814642081954,0.0,0,8,0.27440732104097654
0.30000000000000004,1.082322196312293,0.0,0,8,0.27440732104097654
0.4,1.1097629284163908,0.0,0,8,0.27440732104097654
0.5,1.1372036605204885,0.0,0,8,0.27440732104097654
0.6,1.1646443926245862,0.0,0,8,0.27440732104097654
0.7,1.1920851247286839,0.0,0,8,0.27440732104097654
0.7999999999999999,1.2195258568327816,0.0,0,8,0.27440732104097654
0.8999999999999999,1.2469665889368793,0.0,0,8,0.27440732104097654
0.9999999999999999,1.274407321040977,0.0,0,8,0.27440732104097654
1.0999999999999999,1.3018480531450747,0.0,0,8,0.27440732104097654
1.2,1.3292887852491724,0.0,0,8,0.27440732104097654
1.3,1.35672951735327,0.0,0,8,0.27440732104097654
1.4000000000000001,1.3841702494573678,0.0,0,8,0.27440732104097654
1.5000000000000002,1.4116109815614655,0.0,0,8,0.27440732104097654
1.6000000000000003,1.4390517136655632,0.0,0,8,0.27440732104097654
1.7000000000000004,1.4664924457696609,0.0,0,8,0.27440732104097654
1.8000000000000005,1.4939331778737586,0.0,0,8,0.27440732104097654
1.9000000000000006,1.5213739099778563,0.0,0,8,0.27440732104097654
2.0000000000000004,1.548814642081954,0.0,0,8,0.27440732104097654
2.1000000000000005,1.5762553741860517,0.0,0,8,0.27440732104097654
2.2000000000000006,1.6036961062901494,0.0,0,8,0.27440732104097654
2.3000000000000007,1.631136838394247,0.0,0,8,0.27440732104097654
2.400000000000001,1.6585775704983448,0.0,0,8,0.27440732104097654
2.500000000000001,1.6860183026024425,0.0,0,8,0.27440732104097654
2.600000000000001,1.7134590347065402,0.0,0,8,0.27440732104097654
2.700000000000001,1.7408997668106378,0.0,0,8,0.27440732104097654
2.800000000000001,1.7683404989147355,0.0,0,8,0.27440732104097654
2.9000000000000012,1.7957812310188332,0.0,0,8,0.27440732104097654
3.0000000000000013,1.823221963122931,0.010000000000000002,0,8,0.27440732104097654
3.1000000000000014,1.8506626952270286,0.020000000000000004,0,8,0.27440732104097654
3.2000000000000015,1.8781034273311263,0.030000000000000006,0,8,0.27440732104097654
3.3000000000000016,1.905544159435224,0.04000000000000001,0,8,0.27440732104097654
3.4000000000000017,1.9329848915393217,0.05000000000000001,0,8,0.27440732104097654
3.5000000000000018,1.9604256236434194,0.06000000000000001,0,8,0.27440732104097654
3.600000000000002,1.9878663557475171,0.07,0,8,0.27440732104097654
3.700000000000002,2.0,0.08000000000000002,0,8,0.27440732104097654
3.800000000000002,2.0,0.09000000000000002,0,8,0.27440732104097654
3.900000000000002,2.0,0.10000000000000003,0,8,0.27440732104097654
4.000000000000002,2.0,0.11000000000000004,0,8,0.27440732104097654
4.100000000000001,2.0,0.12000000000000005,0,8,0.27440732104097654
4.200000000000001,2.0,0.13000000000000006,0,8,0.27440732104097654
4.300000000000001,2.0,0.14000000000000007,0,8,0.27440732104097654
4.4,2.0,0.15000000000000008,0,8,0.27440732104097654
4.5,2.0,0.1600000000000001,0,8,0.27440732104097654
4.6,2.0,0.1700000000000001,0,8,0.27440732104097654
4.699999999999999,2.0,0.1800000000000001,0,8,0.27440732104097654
4.799999999999999,2.0,0.1900000000000001,0,8,0.27440732104097654
4.899999999999999,2.0,0.20000000000000012,0,8,0.27440732104097654
4.999999999999998,2.0,0.21000000000000013,0,8,0.27440732104097654
5.099999999999998,2.0,0.22000000000000014,0,8,0.27440732104097654
5.1999999999999975,2.0,0.23000000000000015,0,8,0.27440732104097654
5.299999999999997,2.0,0.24000000000000016,0,8,0.27440732104097654
5.399999999999997,2.0,0.25000000000000017,0,8,0.27440732104097654
5.4999999999999964,2.0,0.2600000000000002,0,8,0.27440732104097654
5.599999999999996,2.0,0.2700000000000002,0,8,0.27440732104097654
5.699999999999996,2.0,0.2800000000000002,0,8,0.27440732104097654
5.799999999999995,2.0,0.2900000000000002,0,8,0.27440732104097654
5.899999999999995,2.0,0.3000000000000002,0,8,0.27440732104097654
5.999999999999995,2.0,0.3100000000000002,0,8,0.27440732104097654
6.099999999999994,2.0,0.32000000000000023,0,8,0.27440732104097654
6.199999999999994,2.0,0.33000000000000024,0,8,0.27440732104097654
6.299999999999994,2.0,0.34000000000000025,0,8,0.27440732104097654
6.399999999999993,2.0,0.35000000000000026,0,8,0.27440732104097654
6.499999999999993,2.0,0.36000000000000026,0,8,0.27440732104097654
6.5999999999999925,2.0,0.3700000000000003,0,8,0.27440732104097654
6.699999999999992,2.0,0.3800000000000003,0,8,0.27440732104097654
6.799999999999992,2.0,0.3900000000000003,0,8,0.27440732104097654
6.8999999999999915,2.0,0.4000000000000003,0,8,0.27440732104097654
6.999999999999991,2.0,0.4100000000000003,0,8,0.27440732104097654
7.099999999999991,2.0,0.4200000000000003,0,8,0.27440732104097654
7.19999999999999,2.0,0.4300000000000003,0,8,0.27440732104097654
7.29999999999999,2.0,0.44000000000000034,0,8,0.27440732104097654
7.39999999999999,2.0,0.45000000000000034,0,8,0.27440732104097654
7.499999999999989,2.0,0.46000000000000035,0,8,0.27440732104097654
7.599999999999989,2.0,0.47000000000000036,0,8,0.27440732104097654
7.699999999999989,2.0,0.48000000000000037,0,8,0.27440732104097654
7.799999999999988,2.0,0.4900000000000004,0,8,0.27440732104097654
7.899999999999988,2.0,0.5000000000000003,0,8,0.27440732104097654
7.999999999999988,2.0,0.5100000000000003,0,8,0.27440732104097654
8.099999999999987,2.0,0.5200000000000004,0,8,0.27440732104097654
8.199999999999987,2.0,0.5300000000000004,0,8,0.27440732104097654
8.299999999999986,2.0,0.5400000000000004,0,8,0.27440732104097654
8.399999999999986,2.0,0.5500000000000004,0,8,0.27440732104097654
8.499999999999986,2.0,0.5600000000000004,0,8,0.27440732104097654
8.599999999999985,2.0,0.5700000000000004,0,8,0.27440732104097654
8.699999999999985,2.0,0.5800000000000004,0,8,0.27440732104097654
8.799999999999985,2.0,0.5900000000000004,0,8,0.27440732104097654
8.899999999999984,2.0,0.6000000000000004,0,8,0.27440732104097654
8.999999999999984,2.0,0.6100000000000004,0,8,0.27440732104097654
9.099999999999984,2.0,0.6200000000000004,0,8,0.27440732104097654
9.199999999999983,2.0,0.6300000000000004,0,8,0.27440732104097654
9.299999999999983,2.0,0.6400000000000005,0,8,0.27440732104097654
9.399999999999983,2.0,0.6500000000000005,0,8,0.27440732104097654
9.499999999999982,2.0,0.6600000000000005,0,8,0.27440732104097654
9.599999999999982,2.0,0.6700000000000005,0,8,0.27440732104097654
9.699999999999982,2.0,0.6800000000000005,0,8,0.27440732104097654
9.799999999999981,2.0,0.6900000000000005,0,8,0.27440732104097654
9.89999999999998,2.0,0.7000000000000005,0,8,0.27440732104097654
9.99999999999998,2.0,0.7100000000000005,0,8,0.27440732104097654
10.09999999999998,2.0,0.7200000000000005,0,8,0.27440732104097654
10.19999999999998,2.0,0.7300000000000005,0,8,0.27440732104097654
10.29999999999998,2.0,0.7400000000000005,0,8,0.27440732104097654
10.399999999999979,2.0,0.7500000000000006,0,8,0.27440732104097654
10.499999999999979,2.0,0.7600000000000006,0,8,0.27440732104097654
10.599999999999978,2.0,0.7700000000000006,0,8,0.27440732104097654
10.699999999999978,2.0,0.7800000000000006,0,8,0.27440732104097654
10.799999999999978,2.0,0.7900000000000006,0,8,0.27440732104097654
10.899999999999977,2.0,0.8000000000000006,0,8,0.27440732104097654
10.999999999999977,2.0,0.8100000000000006,0,8,0.27440732104097654
11.099999999999977,2.0,0.8200000000000006,0,8,0.27440732104097654
11.199999999999976,2.0,0.8300000000000006,0,8,0.27440732104097654
11.299999999999976,2.0,0.8400000000000006,0,8,0.27440732104097654
11.399999999999975,2.0,0.8500000000000006,0,8,0.27440732104097654
11.499999999999975,2.0,0.8600000000000007,0,8,0.27440732104097654
11.599999999999975,2.0,0.8700000000000007,0,8,0.27440732104097654
11.699999999999974,2.0,0.8800000000000007,0,8,0.27440732104097654
11.799999999999974,2.0,0.8900000000000007,0,8,0.27440732104097654
11.899999999999974,2.0,0.9000000000000007,0,8,0.27440732104097654
11.999999999999973,2.0,0.9100000000000007,0,8,0.27440732104097654
12.099999999999973,2.0,0.9200000000000007,0,8,0.27440732104097654
12.199999999999973,2.0,0.9300000000000007,0,8,0.27440732104097654
12.299999999999972,2.0,0.9400000000000007,0,8,0.27440732104097654
12.399999999999972,2.0,0.9500000000000007,0,8,0.27440732104097654
12.499999999999972,2.0,0.9600000000000007,0,8,0.27440732104097654
12.599999999999971,2.0,0.9700000000000008,0,8,0.27440732104097654
12.69999999999997,2.0,0.9800000000000008,0,8,0.27440732104097654
12.79999999999997,2.0,0.9900000000000008,0,8,0.27440732104097654
12.89999999999997,2.0,1.0,0,8,0.27440732104097654
12.99999999999997,1.0274407321040977,0.0,0,8,0.27440732104097654
13.09999999999997,1.0548814642081954,0.0,0,8,0.27440732104097654
13.199999999999969,1.082322196312293,0.0,0,8,0.27440732104097654
13.299999999999969,1.1097629284163908,0.0,0,8,0.27440732104097654
13.399999999999968,1.1372036605204885,0.0,0,8,0.27440732104097654
13.499999999999968,1.1646443926245862,0.0,0,8,0.27440732104097654
13.599999999999968,1.1920851247286839,0.0,0,8,0.27440732104097654
13.699999999999967,1.2195258568327816,0.0,0,8,0.27440732104097654
13.799999999999967,1.2469665889368793,0.0,0,8,0.27440732104097654
13.899999999999967,1.274407321040977,0.0,0,8,0.27440732104097654
13.999999999999966,1.3018480531450747,0.0,0,8,0.27440732104097654
14.099999999999966,1.3292887852491724,0.0,0,8,0.27440732104097654
14.199999999999966,1.35672951735327,0.0,0,8,0.27440732104097654
14.299999999999965,1.3841702494573678,0.0,0,8,0.27440732104097654
14.399999999999965,1.4116109815614655,0.0,0,8,0.27440732104097654
14.499999999999964,1.4390517136655632,0.0,0,8,0.27440732104097654
14.599999999999964,1.4664924457696609,0.0,0,8,0.27440732104097654
14.699999999999964,1.4939331778737586,0.0,0,8,0.27440732104097654
14.799999999999963,1.5213739099778563,0.0,0,8,0.27440732104097654
14.899999999999963,1.548814642081954,0.0,0,8,0.27440732104097654
14.999999999999963,1.5762553741860517,0.0,0,8,0.27440732104097654
15.099999999999962,1.6036961062901494,0.0,0,8,0.27440732104097654
15.199999999999962,1.631136838394247,0.0,0,8,0.27440732104097654
15.299999999999962,1.6585775704983448,0.0,0,8,0.27440732104097654
15.399999999999961,1.6860183026024425,0.0,0,8,0.27440732104097654
15.499999999999961,1.7134590347065402,0.0,0,8,0.27440732104097654
15.59999999999996,1.7408997668106378,0.0,0,8,0.27440732104097654
15.69999999999996,1.7683404989147355,0.0,0,8,0.27440732104097654
15.79999999999996,1.7957812310188332,0.0,0,8,0.27440732104097654
15.89999999999996,1.823221963122931,0.010000000000000002,0,8,0.27440732104097654
15.99999999999996,1.8506626952270286,0.020000000000000004,0,8,0.27440732104097654
16.09999999999996,1.8781034273311263,0.030000000000000006,0,8,0.27440732104097654
16.19999999999996,1.905544159435224,0.04000000000000001,0,8,0.27440732104097654
16.29999999999996,1.9329848915393217,0.05000000000000001,0,8,0.27440732104097654
16.399999999999963,1.9604256236434194,0.06000000000000001,0,8,0.27440732104097654
16.499999999999964,1.9878663557475171,0.07,0,8,0.27440732104097654
16.599999999999966,2.0,0.08000000000000002,0,8,0.27440732104097654
16.699999999999967,2.0,0.09000000000000002,0,8,0.27440732104097654
16.79999999999997,2.0,0.10000000000000003,0,8,0.27440732104097654
16.89999999999997,2.0,0.11000000000000004,0,8,0.27440732104097654
16.99999999999997,2.0,0.12000000000000005,0,8,0.27440732104097654
17.099999999999973,2.0,0.13000000000000006,0,8,0.27440732104097654
17.199999999999974,2.0,0.14000000000000007,0,8,0.27440732104097654
17.299999999999976,2.0,0.15000000000000008,0,8,0.27440732104097654
17.399999999999977,2.0,0.1600000000000001,0,8,0.27440732104097654
17.49999999999998,2.0,0.1700000000000001,0,8,0.27440732104097654
17.59999999999998,2.0,0.1800000000000001,0,8,0.27440732104097654
17.69999999999998,2.0,0.1900000000000001,0,8,0.27440732104097654
17.799999999999983,2.0,0.20000000000000012,0,8,0.27440732104097654
17.899999999999984,2.0,0.21000000000000013,0,8,0.27440732104097654
17.999999999999986,2.0,0.22000000000000014,0,8,0.27440732104097654
18.099999999999987,2.0,0.23000000000000015,0,8,0.27440732104097654
18.19999999999999,2.0,0.24000000000000016,0,8,0.27440732104097654
18.29999999999999,2.0,0.25000000000000017,0,8,0.27440732104097654
18.39999999999999,2.0,0.2600000000000002,0,8,0.27440732104097654
18.499999999999993,2.0,0.2700000000000002,0,8,0.27440732104097654
18.599999999999994,2.0,0.2800000000000002,0,8,0.27440732104097654
18.699999999999996,2.0,0.2900000000000002,0,8,0.27440732104097654
18.799999999999997,2.0,0.3000000000000002,0,8,0.27440732104097654
18.9,2.0,0.3100000000000002,0,8,0.27440732104097654
19.0,2.0,0.32000000000000023,0,8,0.27440732104097654
19.1,2.0,0.33000000000000024,0,8,0.27440732104097654
19.200000000000003,2.0,0.34000000000000025,0,8,0.27440732104097654
19.300000000000004,2.0,0.35000000000000026,0,8,0.27440732104097654
19.400000000000006,2.0,0.36000000000000026,0,8,0.27440732104097654
19.500000000000007,2.0,0.3700000000000003,0,8,0.27440732104097654
19.60000000000001,2.0,0.3800000000000003,0,8,0.27440732104097654
19.70000000000001,2.0,0.3900000000000003,0,8,0.27440732104097654
19.80000000000001,2.0,0.4000000000000003,0,8,0.27440732104097654
19.900000000000013,2.0,0.4100000000000003,0,8,0.27440732104097654
20.000000000000014,2.0,0.4200000000000003,0,8,0.27440732104097654
20.100000000000016,2.0,0.4300000000000003,0,8,0.27440732104097654
20.200000000000017,2.0,0.44000000000000034,0,8,0.27440732104097654
20.30000000000002,2.0,0.45000000000000034,0,8,0.27440732104097654
20.40000000000002,2.0,0.46000000000000035,0,8,0.27440732104097654
20.50000000000002,2.0,0.47000000000000036,0,8,0.27440732104097654
20.600000000000023,2.0,0.48000000000000037,0,8,0.27440732104097654
20.700000000000024,2.0,0.4900000000000004,0,8,0.27440732104097654
20.800000000000026,2.0,0.5000000000000003,0,8,0.27440732104097654
20.900000000000027,2.0,0.5100000000000003,0,8,0.27440732104097654
21.00000000000003,2.0,0.5200000000000004,0,8,0.27440732104097654
21.10000000000003,2.0,0.5300000000000004,0,8,0.27440732104097654
21.20000000000003,2.0,0.5400000000000004,0,8,0.27440732104097654
21.300000000000033,2.0,0.5500000000000004,0,8,0.27440732104097654
21.400000000000034,2.0,0.5600000000000004,0,8,0.27440732104097654
21.500000000000036,2.0,0.5700000000000004,0,8,0.27440732104097654
21.600000000000037,2.0,0.5800000000000004,0,8,0.27440732104097654
21.70000000000004,2.0,0.5900000000000004,0,8,0.27440732104097654
21.80000000000004,2.0,0.6000000000000004,0,8,0.27440732104097654
21.90000000000004,2.0,0.6100000000000004,0,8,0.27440732104097654
22.000000000000043,2.0,0.6200000000000004,0,8,0.27440732104097654
22.100000000000044,2.0,0.6300000000000004,0,8,0.27440732104097654
22.200000000000045,2.0,0.6400000000000005,0,8,0.27440732104097654
22.300000000000047,2.0,0.6500000000000005,0,8,0.27440732104097654
22.40000000000005,2.0,0.6600000000000005,0,8,0.27440732104097654
22.50000000000005,2.0,0.6700000000000005,0,8,0.27440732104097654
22.60000000000005,2.0,0.6800000000000005,0,8,0.27440732104097654
22.700000000000053,2.0,0.6900000000000005,0,8,0.27440732104097654
22.800000000000054,2.0,0.7000000000000005,0,8,0.27440732104097654
22.900000000000055,2.0,0.7100000000000005,0,8,0.27440732104097654
23.000000000000057,2.0,0.7200000000000005,0,8,0.27440732104097654
23.10000000000006,2.0,0.7300000000000005,0,8,0.27440732104097654
23.20000000000006,2.0,0.7400000000000005,0,8,0.27440732104097654
23.30000000000006,2.0,0.7500000000000006,0,8,0.27440732104097654
23.400000000000063,2.0,0.7600000000000006,0,8,0.27440732104097654
23.500000000000064,2.0,0.7700000000000006,0,8,0.27440732104097654
23.600000000000065,2.0,0.7800000000000006,0,8,0.27440732104097654
23.700000000000067,2.0,0.7900000000000006,0,8,0.27440732104097654
23.800000000000068,2.0,0.8000000000000006,0,8,0.27440732104097654
23.90000000000007,2.0,0.8100000000000006,0,8,0.27440732104097654
24.00000000000007,2.0,0.8200000000000006,0,8,0.27440732104097654
24.100000000000072,2.0,0.8300000000000006,0,8,0.27440732104097654
24.200000000000074,2.0,0.8400000000000006,0,8,0.27440732104097654
24.300000000000075,2.0,0.8500000000000006,0,8,0.27440732104097654
24.400000000000077,2.0,0.8600000000000007,0,8,0.27440732104097654
24.500000000000078,2.0,0.8700000000000007,0,8,0.27440732104097654
24.60000000000008,2.0,0.8800000000000007,0,8,0.27440732104097654
24.70000000000008,2.0,0.8900000000000007,0,8,0.27440732104097654
24.800000000000082,2.0,0.9000000000000007,0,8,0.27440732104097654
24.900000000000084,2.0,0.9100000000000007,0,8,0.27440732104097654
25.000000000000085,2.0,0.9200000000000007,0,8,0.27440732104097654
25.100000000000087,2.0,0.9300000000000007,0,8,0.27440732104097654
25.200000000000088,2.0,0.9400000000000007,0,8,0.27440732104097654
25.30000000000009,2.0,0.9500000000000007,0,8,0.27440732104097654
25.40000000000009,2.0,0.9600000000000007,0,8,0.27440732104097654
25.500000000000092,2.0,0.9700000000000008,0,8,0.27440732104097654
25.600000000000094,2.0,0.9800000000000008,0,8,0.27440732104097654
25.700000000000095,2.0,0.9900000000000008,0,8,0.27440732104097654
25.800000000000097,2.0,1.0,0,8,0.27440732104097654
25.900000000000098,1.0274407321040977,0.0,0,8,0.27440732104097654
26.0000000000001,1.0548814642081954,0.0,0,8,0.27440732104097654
26.1000000000001,1.082322196312293,0.0,0,8,0.27440732104097654
26.200000000000102,1.1097629284163908,0.0,0,8,0.27440732104097654
26.300000000000104,1.1372036605204885,0.0,0,8,0.27440732104097654
26.400000000000105,1.1646443926245862,0.0,0,8,0.27440732104097654
26.500000000000107,1.1920851247286839,0.0,0,8,0.27440732104097654
26.600000000000108,1.2195258568327816,0.0,0,8,0.27440732104097654
26.70000000000011,1.2469665889368793,0.0,0,8,0.27440732104097654
26.80000000000011,1.274407321040977,0.0,0,8,0.27440732104097654
26.900000000000112,1.3018480531450747,0.0,0,8,0.27440732104097654
27.000000000000114,1.3292887852491724,0.0,0,8,0.27440732104097654
27.100000000000115,1.35672951735327,0.0,0,8,0.27440732104097654
27.200000000000117,1.3841702494573678,0.0,0,8,0.27440732104097654
27.300000000000118,1.4116109815614655,0.0,0,8,0.27440732104097654
27.40000000000012,1.4390517136655632,0.0,0,8,0.27440732104097654
27.50000000000012,1.4664924457696609,0.0,0,8,0.27440732104097654
27.600000000000122,1.4939331778737586,0.0,0,8,0.27440732104097654
27.700000000000124,1.5213739099778563,0.0,0,8,0.27440732104097654
27.800000000000125,1.548814642081954,0.0,0,8,0.27440732104097654
27.900000000000126,1.5762553741860517,0.0,0,8,0.27440732104097654
28.000000000000128,1.6036961062901494,0.0,0,8,0.27440732104097654
28.10000000000013,1.631136838394247,0.0,0,8,0.27440732104097654
28.20000000000013,1.6585775704983448,0.0,0,8,0.27440732104097654
28.300000000000132,1.6860183026024425,0.0,0,8,0.27440732104097654
28.400000000000134,1.7134590347065402,0.0,0,8,0.27440732104097654
28.500000000000135,1.7408997668106378,0.0,0,8,0.27440732104097654
28.600000000000136,1.7683404989147355,0.0,0,8,0.27440732104097654
28.700000000000138,1.7957812310188332,0.0,0,8,0.27440732104097654
28.80000000000014,1.823221963122931,0.010000000000000002,0,8,0.27440732104097654
28.90000000000014,1.8506626952270286,0.020000000000000004,0,8,0.27440732104097654
29.000000000000142,1.8781034273311263,0.030000000000000006,0,8,0.27440732104097654
29.100000000000144,1.905544159435224,0.04000000000000001,0,8,0.27440732104097654
29.200000000000145,1.9329848915393217,0.05000000000000001,0,8,0.27440732104097654
29.300000000000146,1.9604256236434194,0.06000000000000001,0,8,0.27440732104097654
29.400000000000148,1.9878663557475171,0.07,0,8,0.27440732104097654
29.50000000000015,2.0,0.08000000000000002,0,8,0.27440732104097654
29.60000000000015,2.0,0.09000000000000002,0,8,0.27440732104097654
29.700000000000152,2.0,0.10000000000000003,0,8,0.27440732104097654
29.800000000000153,2.0,0.11000000000000004,0,8,0.27440732104097654
29.900000000000155,2.0,0.12000000000000005,0,8,0.27440732104097654
30.000000000000156,2.0,0.13000000000000006,0,8,0.27440732104097654
0.1,1.0274407321040977,0.0,1,8,0.27440732104097654
0.2,1.0548814642081954,0.0,1,8,0.27440732104097654
0.30000000000000004,1.082322196312293,0.0,1,8,0.27440732104097654
0.4,1.1097629284163908,0.0,1,8,0.27440732104097654
0.5,1.1372036605204885,0.0,1,8,0.27440732104097654
0.6,1.1646443926245862,0.0,1,8,0.27440732104097654
0.7,1.1920851247286839,0.0,1,8,0.27440732104097654
0.7999999999999999,1.2195258568327816,0.0,1,8,0.27440732104097654
0.8999999999999999,1.2469665889368793,0.0,1,8,0.27440732104097654
0.9999999999999999,1.274407321040977,0.0,1,8,0.27440732104097654
1.0999999999999999,1.3018480531450747,0.0,1,8,0.27440732104097654
1.2,1.3292887852491724,0.0,1,8,0.27440732104097654
1.3,1.35672951735327,0.0,1,8,0.27440732104097654
1.4000000000000001,1.3841702494573678,0.0,1,8,0.27440732104097654
1.5000000000000002,1.4116109815614655,0.0,1,8,0.27440732104097654
1.6000000000000003,1.4390517136655632,0.0,1,8,0.27440732104097654
1.7000000000000004,1.4664924457696609,0.0,1,8,0.27440732104097654
1.8000000000000005,1.4939331778737586,0.0,1,8,0.27440732104097654
1.9000000000000006,1.5213739099778563,0.0,1,8,0.27440732104097654
2.0000000000000004,1.548814642081954,0.0,1,8,0.27440732104097654
2.1000000000000005,1.5762553741860517,0.0,1,8,0.27440732104097654
2.2000000000000006,1.6036961062901494,0.0,1,8,0.27440732104097654
2.3000000000000007,1.631136838394247,0.0,1,8,0.27440732104097654
2.400000000000001,1.6585775704983448,0.0,1,8,0.27440732104097654
2.500000000000001,1.6860183026024425,0.0,1,8,0.27440732104097654
2.600000000000001,1.7134590347065402,0.0,1,8,0.27440732104097654
2.700000000000001,1.7408997668106378,0.0,1,8,0.27440732104097654
2.800000000000001,1.7683404989147355,0.0,1,8,0.27440732104097654
2.9000000000000012,1.7957812310188332,0.0,1,8,0.27440732104097654
3.0000000000000013,1.823221963122931,0.010000000000000002,1,8,0.27440732104097654
3.1000000000000014,1.8506626952270286,0.020000000000000004,1,8,0.27440732104097654
3.2000000000000015,1.8781034273311263,0.030000000000000006,1,8,0.27440732104097654
3.3000000000000016,1.905544159435224,0.04000000000000001,1,8,0.27440732104097654
3.4000000000000017,1.9329848915393217,0.05000000000000001,1,8,0.27440732104097654
3.5000000000000018,1.9604256236434194,0.06000000000000001,1,8,0.27440732104097654
3.600000000000002,1.9878663557475171,0.07,1,8,0.27440732104097654
3.700000000000002,2.0,0.08000000000000002,1,8,0.27440732104097654
3.800000000000002,2.0,0.09000000000000002,1,8,0.27440732104097654
3.900000000000002,2.0,0.10000000000000003,1,8,0.27440732104097654
4.000000000000002,2.0,0.11000000000000004,1,8,0.27440732104097654
4.100000000000001,2.0,0.12000000000000005,1,8,0.27440732104097654
4.200000000000001,2.0,0.13000000000000006,1,8,0.27440732104097654
4.300000000000001,2.0,0.14000000000000007,1,8,0.27440732104097654
4.4,2.0,0.15000000000000008,1,8,0.27440732104097654
4.5,2.0,0.1600000000000001,1,8,0.27440732104097654
4.6,2.0,0.1700000000000001,1,8,0.27440732104097654
4.699999999999999,2.0,0.1800000000000001,1,8,0.27440732104097654
4.799999999999999,2.0,0.1900000000000001,1,8,0.27440732104097654
4.899999999999999,2.0,0.20000000000000012,1,8,0.27440732104097654
4.999999999999998,2.0,0.21000000000000013,1,8,0.27440732104097654
5.099999999999998,2.0,0.22000000000000014,1,8,0.27440732104097654
5.1999999999999975,2.0,0.23000000000000015,1,8,0.27440732104097654
5.299999999999997,2.0,0.24000000000000016,1,8,0.27440732104097654
5.399999999999997,2.0,0.25000000000000017,1,8,0.27440732104097654
5.4999999999999964,2.0,0.2600000000000002,1,8,0.27440732104097654
5.599999999999996,2.0,0.2700000000000002,1,8,0.27440732104097654
5.699999999999996,2.0,0.2800000000000002,1,8,0.27440732104097654
5.799999999999995,2.0,0.2900000000000002,1,8,0.27440732104097654
5.899999999999995,2.0,0.3000000000000002,1,8,0.27440732104097654
5.999999999999995,2.0,0.3100000000000002,1,8,0.27440732104097654
6.099999999999994,2.0,0.32000000000000023,1,8,0.27440732104097654
6.199999999999994,2.0,0.33000000000000024,1,8,0.27440732104097654
6.299999999999994,2.0,0.34000000000000025,1,8,0.27440732104097654
6.399999999999993,2.0,0.35000000000000026,1,8,0.27440732104097654
6.499999999999993,2.0,0.36000000000000026,1,8,0.27440732104097654
6.5999999999999925,2.0,0.3700000000000003,1,8,0.27440732104097654
6.699999999999992,2.0,0.3800000000000003,1,8,0.27440732104097654
6.799999999999992,2.0,0.3900000000000003,1,8,0.27440732104097654
6.8999999999999915,2.0,0.4000000000000003,1,8,0.27440732104097654
6.999999999999991,2.0,0.4100000000000003,1,8,0.27440732104097654
7.099999999999991,2.0,0.4200000000000003,1,8,0.27440732104097654
7.19999999999999,2.0,0.4300000000000003,1,8,0.27440732104097654
7.29999999999999,2.0,0.44000000000000034,1,8,0.27440732104097654
7.39999999999999,2.0,0.45000000000000034,1,8,0.27440732104097654
7.499999999999989,2.0,0.46000000000000035,1,8,0.27440732104097654
7.599999999999989,2.0,0.47000000000000036,1,8,0.27440732104097654
7.699999999999989,2.0,0.48000000000000037,1,8,0.27440732104097654
7.799999999999988,2.0,0.4900000000000004,1,8,0.27440732104097654
7.899999999999988,2.0,0.5000000000000003,1,8,0.27440732104097654
7.999999999999988,2.0,0.5100000000000003,1,8,0.27440732104097654
8.099999999999987,2.0,0.5200000000000004,1,8,0.27440732104097654
8.199999999999987,2.0,0.5300000000000004,1,8,0.27440732104097654
8.299999999999986,2.0,0.5400000000000004,1,8,0.27440732104097654
8.399999999999986,2.0,0.5500000000000004,1,8,0.27440732104097654
8.499999999999986,2.0,0.5600000000000004,1,8,0.27440732104097654
8.599999999999985,2.0,0.5700000000000004,1,8,0.27440732104097654
8.699999999999985,2.0,0.5800000000000004,1,8,0.27440732104097654
8.799999999999985,2.0,0.5900000000000004,1,8,0.27440732104097654
8.899999999999984,2.0,0.6000000000000004,1,8,0.27440732104097654
8.999999999999984,2.0,0.6100000000000004,1,8,0.27440732104097654
9.099999999999984,2.0,0.6200000000000004,1,8,0.27440732104097654
9.199999999999983,2.0,0.6300000000000004,1,8,0.27440732104097654
9.299999999999983,2.0,0.6400000000000005,1,8,0.27440732104097654
9.399999999999983,2.0,0.6500000000000005,1,8,0.27440732104097654
9.499999999999982,2.0,0.6600000000000005,1,8,0.27440732104097654
9.599999999999982,2.0,0.6700000000000005,1,8,0.27440732104097654
9.699999999999982,2.0,0.6800000000000005,1,8,0.27440732104097654
9.799999999999981,2.0,0.6900000000000005,1,8,0.27440732104097654
9.89999999999998,2.0,0.7000000000000005,1,8,0.27440732104097654
9.99999999999998,2.0,0.7100000000000005,1,8,0.27440732104097654
10.09999999999998,2.0,0.7200000000000005,1,8,0.27440732104097654
10.19999999999998,2.0,0.7300000000000005,1,8,0.27440732104097654
10.29999999999998,2.0,0.7400000000000005,1,8,0.27440732104097654
10.399999999999979,2.0,0.7500000000000006,1,8,0.27440732104097654
10.499999999999979,2.0,0.7600000000000006,1,8,0.27440732104097654
10.599999999999978,2.0,0.7700000000000006,1,8,0.27440732104097654
10.699999999999978,2.0,0.7800000000000006,1,8,0.27440732104097654
10.799999999999978,2.0,0.7900000000000006,1,8,0.27440732104097654
10.899999999999977,2.0,0.8000000000000006,1,8,0.27440732104097654
10.999999999999977,2.0,0.8100000000000006,1,8,0.27440732104097654
11.099999999999977,2.0,0.8200000000000006,1,8,0.27440732104097654
11.199999999999976,2.0,0.8300000000000006,1,8,0.27440732104097654
11.299999999999976,2.0,0.8400000000000006,1,8,0.27440732104097654
11.399999999999975,2.0,0.8500000000000006,1,8,0.27440732104097654
11.499999999999975,2.0,0.8600000000000007,1,8,0.27440732104097654
11.599999999999975,2.0,0.8700000000000007,1,8,0.27440732104097654
11.699999999999974,2.0,0.8800000000000007,1,8,0.27440732104097654
11.799999999999974,2.0,0.8900000000000007,1,8,0.27440732104097654
11.899999999999974,2.0,0.9000000000000007,1,8,0.27440732104097654
11.999999999999973,2.0,0.9100000000000007,1,8,0.27440732104097654
12.099999999999973,2.0,0.9200000000000007,1,8,0.27440732104097654
12.199999999999973,2.0,0.9300000000000007,1,8,0.27440732104097654
12.299999999999972,2.0,0.9400000000000007,1,8,0.27440732104097654
12.399999999999972,2.0,0.9500000000000007,1,8,0.27440732104097654
12.499999999999972,2.0,0.9600000000000007,1,8,0.27440732104097654
12.599999999999971,2.0,0.9700000000000008,1,8,0.27440732104097654
12.69999999999997,2.0,0.9800000000000008,1,8,0.27440732104097654
12.79999999999997,2.0,0.9900000000000008,1,8,0.27440732104097654
12.89999999999997,2.0,1.0,1,8,0.27440732104097654
12.99999999999997,1.0274407321040977,0.0,1,8,0.27440732104097654
13.09999999999997,1.0548814642081954,0.0,1,8,0.27440732104097654
13.199999999999969,1.082322196312293,0.0,1,8,0.27440732104097654
13.299999999999969,1.1097629284163908,0.0,1,8,0.27440732104097654
13.399999999999968,1.1372036605204885,0.0,1,8,0.27440732104097654
13.499999999999968,1.1646443926245862,0.0,1,8,0.27440732104097654
13.599999999999968,1.1920851247286839,0.0,1,8,0.27440732104097654
13.699999999999967,1.2195258568327816,0.0,1,8,0.27440732104097654
13.799999999999967,1.2469665889368793,0.0,1,8,0.27440732104097654
13.899999999999967,1.274407321040977,0.0,1,8,0.27440732104097654
13.999999999999966,1.3018480531450747,0.0,1,8,0.27440732104097654
14.099999999999966,1.3292887852491724,0.0,1,8,0.27440732104097654
14.199999999999966,1.35672951735327,0.0,1,8,0.27440732104097654
14.299999999999965,1.3841702494573678,0.0,1,8,0.27440732104097654
14.399999999999965,1.4116109815614655,0.0,1,8,0.27440732104097654
14.499999999999964,1.4390517136655632,0.0,1,8,0.27440732104097654
14.599999999999964,1.4664924457696609,0.0,1,8,0.27440732104097654
14.699999999999964,1.4939331778737586,0.0,1,8,0.27440732104097654
14.799999999999963,1.5213739099778563,0.0,1,8,0.27440732104097654
14.899999999999963,1.548814642081954,0.0,1,8,0.27440732104097654
14.999999999999963,1.5762553741860517,0.0,1,8,0.27440732104097654
15.099999999999962,1.6036961062901494,0.0,1,8,0.27440732104097654
15.199999999999962,1.631136838394247,0.0,1,8,0.27440732104097654
15.299999999999962,1.6585775704983448,0.0,1,8,0.27440732104097654
15.399999999999961,1.6860183026024425,0.0,1,8,0.27440732104097654
15.499999999999961,1.7134590347065402,0.0,1,8,0.27440732104097654
15.59999999999996,1.7408997668106378,0.0,1,8,0.27440732104097654
15.69999999999996,1.7683404989147355,0.0,1,8,0.27440732104097654
15.79999999999996,1.7957812310188332,0.0,1,8,0.27440732104097654
15.89999999999996,1.823221963122931,0.010000000000000002,1,8,0.27440732104097654
15.99999999999996,1.8506626952270286,0.020000000000000004,1,8,0.27440732104097654
16.09999999999996,1.8781034273311263,0.030000000000000006,1,8,0.27440732104097654
16.19999999999996,1.905544159435224,0.04000000000000001,1,8,0.27440732104097654
16.29999999999996,1.9329848915393217,0.05000000000000001,1,8,0.27440732104097654
16.399999999999963,1.9604256236434194,0.06000000000000001,1,8,0.27440732104097654
16.499999999999964,1.9878663557475171,0.07,1,8,0.27440732104097654
16.599999999999966,2.0,0.08000000000000002,1,8,0.27440732104097654
16.699999999999967,2.0,0.09000000000000002,1,8,0.27440732104097654
16.79999999999997,2.0,0.10000000000000003,1,8,0.27440732104097654
16.89999999999997,2.0,0.11000000000000004,1,8,0.27440732104097654
16.99999999999997,2.0,0.12000000000000005,1,8,0.27440732104097654
17.099999999999973,2.0,0.13000000000000006,1,8,0.27440732104097654
0.1,1.0274407321040977,0.0,2,8,0.27440732104097654
0.2,1.0548814642081954,0.0,2,8,0.27440732104097654
0.30000000000000004,1.082322196312293,0.0,2,8,0.27440732104097654
0.4,1.1097629284163908,0.0,2,8,0.27440732104097654
0.5,1.1372036605204885,0.0,2,8,0.27440732104097654
0.6,1.1646443926245862,0.0,2,8,0.27440732104097654
0.7,1.1920851247286839,0.0,2,8,0.27440732104097654
0.7999999999999999,1.2195258568327816,0.0,2,8,0.27440732104097654
0.8999999999999999,1.2469665889368793,0.0,2,8,0.27440732104097654
0.9999999999999999,1.274407321040977,0.0,2,8,0.27440732104097654
1.0999999999999999,1.3018480531450747,0.0,2,8,0.27440732104097654
1.2,1.3292887852491724,0.0,2,8,0.27440732104097654
1.3,1.35672951735327,0.0,2,8,0.27440732104097654
1.4000000000000001,1.3841702494573678,0.0,2,8,0.27440732104097654
1.5000000000000002,1.4116109815614655,0.0,2,8,0.27440732104097654
1.6000000000000003,1.4390517136655632,0.0,2,8,0.27440732104097654
1.7000000000000004,1.4664924457696609,0.0,2,8,0.27440732104097654
1.8000000000000005,1.4939331778737586,0.0,2,8,0.27440732104097654
1.9000000000000006,1.5213739099778563,0.0,2,8,0.27440732104097654
2.0000000000000004,1.548814642081954,0.0,2,8,0.27440732104097654
2.1000000000000005,1.5762553741860517,0.0,2,8,0.27440732104097654
2.2000000000000006,1.6036961062901494,0.0,2,8,0.27440732104097654
2.3000000000000007,1.631136838394247,0.0,2,8,0.27440732104097654
2.400000000000001,1.6585775704983448,0.0,2,8,0.27440732104097654
2.500000000000001,1.6860183026024425,0.0,2,8,0.27440732104097654
2.600000000000001,1.7134590347065402,0.0,2,8,0.27440732104097654
2.700000000000001,1.7408997668106378,0.0,2,8,0.27440732104097654
2.800000000000001,1.7683404989147355,0.0,2,8,0.27440732104097654
2.9000000000000012,1.7957812310188332,0.0,2,8,0.27440732104097654
3.0000000000000013,1.823221963122931,0.010000000000000002,2,8,0.27440732104097654
3.1000000000000014,1.8506626952270286,0.020000000000000004,2,8,0.27440732104097654
3.2000000000000015,1.8781034273311263,0.030000000000000006,2,8,0.27440732104097654
3.3000000000000016,1.905544159435224,0.04000000000000001,2,8,0.27440732104097654
3.4000000000000017,1.9329848915393217,0.05000000000000001,2,8,0.27440732104097654
3.5000000000000018,1.9604256236434194,0.06000000000000001,2,8,0.27440732104097654
3.600000000000002,1.9878663557475171,0.07,2,8,0.27440732104097654
3.700000000000002,2.0,0.08000000000000002,2,8,0.27440732104097654
3.800000000000002,2.0,0.09000000000000002,2,8,0.27440732104097654
3.900000000000002,2.0,0.10000000000000003,2,8,0.27440732104097654
4.000000000000002,2.0,0.11000000000000004,2,8,0.27440732104097654
4.100000000000001,2.0,0.12000000000000005,2,8,0.27440732104097654
4.200000000000001,2.0,0.13000000000000006,2,8,0.27440732104097654
0.1,1.0274407321040977,0.0,3,8,0.27440732104097654
0.2,1.0548814642081954,0.0,3,8,0.27440732104097654
0.30000000000000004,1.082322196312293,0.0,3,8,0.27440732104097654
0.4,1.1097629284163908,0.0,3,8,0.27440732104097654
0.5,1.1372036605204885,0.0,3,8,0.27440732104097654
0.6,1.1646443926245862,0.0,3,8,0.27440732104097654
0.7,1.1920851247286839,0.0,3,8,0.27440732104097654
0.7999999999999999,1.2195258568327816,0.0,3,8,0.27440732104097654
0.8999999999999999,1.2469665889368793,0.0,3,8,0.27440732104097654
0.9999999999999999,1.274407321040977,0.0,3,8,0.27440732104097654
1.0999999999999999,1.3018480531450747,0.0,3,8,0.27440732104097654
1.2,1.3292887852491724,0.0,3,8,0.27440732104097654
1.3,1.35672951735327,0.0,3,8,0.27440732104097654
1.4000000000000001,1.3841702494573678,0.0,3,8,0.27440732104097654
1.5000000000000002,1.4116109815614655,0.0,3,8,0.27440732104097654
1.6000000000000003,1.4390517136655632,0.0,3,8,0.27440732104097654
1.7000000000000004,1.4664924457696609,0.0,3,8,0.27440732104097654
1.8000000000000005,1.4939331778737586,0.0,3,8,0.27440732104097654
1.9000000000000006,1.5213739099778563,0.0,3,8,0.27440732104097654
2.0000000000000004,1.548814642081954,0.0,3,8,0.27440732104097654
2.1000000000000005,1.5762553741860517,0.0,3,8,0.27440732104097654
2.2000000000000006,1.6036961062901494,0.0,3,8,0.27440732104097654
2.3000000000000007,1.631136838394247,0.0,3,8,0.27440732104097654
2.400000000000001,1.6585775704983448,0.0,3,8,0.27440732104097654
2.500000000000001,1.6860183026024425,0.0,3,8,0.27440732104097654
2.600000000000001,1.7134590347065402,0.0,3,8,0.27440732104097654
2.700000000000001,1.7408997668106378,0.0,3,8,0.27440732104097654
2.800000000000001,1.7683404989147355,0.0,3,8,0.27440732104097654
2.9000000000000012,1.7957812310188332,0.0,3,8,0.27440732104097654
3.0000000000000013,1.823221963122931,0.010000000000000002,3,8,0.27440732104097654
3.1000000000000014,1.8506626952270286,0.020000000000000004,3,8,0.27440732104097654
3.2000000000000015,1.8781034273311263,0.030000000000000006,3,8,0.27440732104097654
3.3000000000000016,1.905544159435224,0.04000000000000001,3,8,0.27440732104097654
3.4000000000000017,1.9329848915393217,0.05000000000000001,3,8,0.27440732104097654
3.5000000000000018,1.9604256236434194,0.06000000000000001,3,8,0.27440732104097654
3.600000000000002,1.9878663557475171,0.07,3,8,0.27440732104097654
3.700000000000002,2.0,0.08000000000000002,3,8,0.27440732104097654
3.800000000000002,2.0,0.09000000000000002,3,8,0.27440732104097654
3.900000000000002,2.0,0.10000000000000003,3,8,0.27440732104097654
4.000000000000002,2.0,0.11000000000000004,3,8,0.27440732104097654
4.100000000000001,2.0,0.12000000000000005,3,8,0.27440732104097654
4.200000000000001,2.0,0.13000000000000006,3,8,0.27440732104097654
0.1,1.0225179805287208,0.0,0,9,0.2251798052872076
0.2,1.0450359610574416,0.0,0,9,0.2251798052872076
0.30000000000000004,1.0675539415861623,0.0,0,9,0.2251798052872076
0.4,1.0900719221148831,0.0,0,9,0.2251798052872076
0.5,1.112589902643604,0.0,0,9,0.2251798052872076
0.6,1.1351078831723247,0.0,0,9,0.2251798052872076
0.7,1.1576258637010455,0.0,0,9,0.2251798052872076
0.7999999999999999,1.1801438442297663,0.0,0,9,0.2251798052872076
0.8999999999999999,1.202661824758487,0.0,0,9,0.2251798052872076
0.9999999999999999,1.2251798052872078,0.0,0,9,0.2251798052872076
1.0999999999999999,1.2476977858159286,0.0,0,9,0.2251798052872076
1.2,1.2702157663446494,0.0,0,9,0.2251798052872076
1.3,1.2927337468733702,0.0,0,9,0.2251798052872076
1.4000000000000001,1.315251727402091,0.0,0,9,0.2251798052872076
1.5000000000000002,1.3377697079308117,0.0,0,9,0.2251798052872076
1.6000000000000003,1.3602876884595325,0.0,0,9,0.2251798052872076
1.7000000000000004,1.3828056689882533,0.0,0,9,0.2251798052872076
1.8000000000000005,1.405323649516974,0.0,0,9,0.2251798052872076
1.9000000000000006,1.4278416300456949,0.0,0,9,0.2251798052872076
2.0000000000000004,1.4503596105744156,0.0,0,9,0.2251798052872076
2.1000000000000005,1.4728775911031364,0.0,0,9,0.2251798052872076
2.2000000000000006,1.4953955716318572,0.0,0,9,0.2251798052872076
2.3000000000000007,1.517913552160578,0.0,0,9,0.2251798052872076
2.400000000000001,1.5404315326892988,0.0,0,9,0.2251798052872076
2.500000000000001,1.5629495132180196,0.0,0,9,0.2251798052872076
2.600000000000001,1.5854674937467403,0.0,0,9,0.2251798052872076
2.700000000000001,1.6079854742754611,0.0,0,9,0.2251798052872076
2.800000000000001,1.630503454804182,0.0,0,9,0.2251798052872076
2.9000000000000012,1.6530214353329027,0.0,0,9,0.2251798052872076
3.0000000000000013,1.6755394158616235,0.0,0,9,0.2251798052872076
3.1000000000000014,1.6980573963903443,0.0,0,9,0.2251798052872076
3.2000000000000015,1.720575376919065,0.0,0,9,0.2251798052872076
3.3000000000000016,1.7430933574477858,0.0,0,9,0.2251798052872076
3.4000000000000017,1.7656113379765066,0.0,0,9,0.2251798052872076
3.5000000000000018,1.7881293185052274,0.0,0,9,0.2251798052872076
3.600000000000002,1.8106472990339482,0.010000000000000002,0,9,0.2251798052872076
3.700000000000002,1.833165279562669,0.020000000000000004,0,9,0.2251798052872076
3.800000000000002,1.8556832600913897,0.030000000000000006,0,9,0.2251798052872076
3.900000000000002,1.8782012406201105,0.04000000000000001,0,9,0.2251798052872076
4.000000000000002,1.9007192211488313,0.05000000000000001,0,9,0.2251798052872076
4.100000000000001,1.923237201677552,0.06000000000000001,0,9,0.2251798052872076
4.200000000000001,1.9457551822062729,0.07,0,9,0.2251798052872076
4.300000000000001,1.9682731627349936,0.08000000000000002,0,9,0.2251798052872076
4.4,1.9907911432637144,0.09000000000000002,0,9,0.2251798052872076
4.5,2.0,0.10000000000000003,0,9,0.2251798052872076
4.6,2.0,0.11000000000000004,0,9,0.2251798052872076
4.699999999999999,2.0,0.12000000000000005,0,9,0.2251798052872076
4.799999999999999,2.0,0.13000000000000006,0,9,0.2251798052872076
4.899999999999999,2.0,0.14000000000000007,0,9,0.2251798052872076
4.999999999999998,2.0,0.15000000000000008,0,9,0.2251798052872076
5.099999999999998,2.0,0.1600000000000001,0,9,0.2251798052872076
5.1999999999999975,2.0,0.1700000000000001,0,9,0.2251798052872076
5.299999999999997,2.0,0.1800000000000001,0,9,0.2251798052872076
5.399999999999997,2.0,0.1900000000000001,0,9,0.2251798052872076
5.4999999999999964,2.0,0.20000000000000012,0,9,0.2251798052872076
5.599999999999996,2.0,0.21000000000000013,0,9,0.2251798052872076
5.699999999999996,2.0,0.22000000000000014,0,9,0.2251798052872076
5.799999999999995,2.0,0.23000000000000015,0,9,0.2251798052872076
5.899999999999995,2.0,0.24000000000000016,0,9,0.2251798052872076
5.999999999999995,2.0,0.25000000000000017,0,9,0.2251798052872076
6.099999999999994,2.0,0.2600000000000002,0,9,0.2251798052872076
6.199999999999994,2.0,0.2700000000000002,0,9,0.2251798052872076
6.299999999999994,2.0,0.2800000000000002,0,9,0.2251798052872076
6.399999999999993,2.0,0.2900000000000002,0,9,0.2251798052872076
6.499999999999993,2.0,0.3000000000000002,0,9,0.2251798052872076
6.5999999999999925,2.0,0.3100000000000002,0,9,0.2251798052872076
6.699999999999992,2.0,0.32000000000000023,0,9,0.2251798052872076
6.799999999999992,2.0,0.33000000000000024,0,9,0.2251798052872076
6.8999999999999915,2.0,0.34000000000000025,0,9,0.2251798052872076
6.999999999999991,2.0,0.35000000000000026,0,9,0.2251798052872076
7.099999999999991,2.0,0.36000000000000026,0,9,0.2251798052872076
7.19999999999999,2.0,0.3700000000000003,0,9,0.2251798052872076
7.29999999999999,2.0,0.3800000000000003,0,9,0.2251798052872076
7.39999999999999,2.0,0.3900000000000003,0,9,0.2251798052872076
7.499999999999989,2.0,0.4000000000000003,0,9,0.2251798052872076
7.599999999999989,2.0,0.4100000000000003,0,9,0.2251798052872076
7.699999999999989,2.0,0.4200000000000003,0,9,0.2251798052872076
7.799999999999988,2.0,0.4300000000000003,0,9,0.2251798052872076
7.899999999999988,2.0,0.44000000000000034,0,9,0.2251798052872076
7.999999999999988,2.0,0.45000000000000034,0,9,0.2251798052872076
8.099999999999987,2.0,0.46000000000000035,0,9,0.2251798052872076
8.199999999999987,2.0,0.47000000000000036,0,9,0.2251798052872076
8.299999999999986,2.0,0.48000000000000037,0,9,0.2251798052872076
8.399999999999986,2.0,0.4900000000000004,0,9,0.2251798052872076
8.499999999999986,2.0,0.5000000000000003,0,9,0.2251798052872076
8.599999999999985,2.0,0.5100000000000003,0,9,0.2251798052872076
8.699999999999985,2.0,0.5200000000000004,0,9,0.2251798052872076
8.799999999999985,2.0,0.5300000000000004,0,9,0.2251798052872076
8.899999999999984,2.0,0.5400000000000004,0,9,0.2251798052872076
8.999999999999984,2.0,0.5500000000000004,0,9,0.2251798052872076
9.099999999999984,2.0,0.5600000000000004,0,9,0.2251798052872076
9.199999999999983,2.0,0.5700000000000004,0,9,0.2251798052872076
9.299999999999983,2.0,0.5800000000000004,0,9,0.2251798052872076
9.399999999999983,2.0,0.5900000000000004,0,9,0.2251798052872076
9.499999999999982,2.0,0.6000000000000004,0,9,0.2251798052872076
9.599999999999982,2.0,0.6100000000000004,0,9,0.2251798052872076
9.699999999999982,2.0,0.6200000000000004,0,9,0.2251798052872076
9.799999999999981,2.0,0.6300000000000004,0,9,0.2251798052872076
9.89999999999998,2.0,0.6400000000000005,0,9,0.2251798052872076
9.99999999999998,2.0,0.6500000000000005,0,9,0.2251798052872076
10.09999999999998,2.0,0.6600000000000005,0,9,0.2251798052872076
10.19999999999998,2.0,0.6700000000000005,0,9,0.2251798052872076
10.29999999999998,2.0,0.6800000000000005,0,9,0.2251798052872076
10.399999999999979,2.0,0.6900000000000005,0,9,0.2251798052872076
10.499999999999979,2.0,0.7000000000000005,0,9,0.2251798052872076
10.599999999999978,2.0,0.7100000000000005,0,9,0.2251798052872076
10.699999999999978,2.0,0.7200000000000005,0,9,0.2251798052872076
10.799999999999978,2.0,0.7300000000000005,0,9,0.2251798052872076
10.899999999999977,2.0,0.7400000000000005,0,9,0.2251798052872076
10.999999999999977,2.0,0.7500000000000006,0,9,0.2251798052872076
11.099999999999977,2.0,0.7600000000000006,0,9,0.2251798052872076
11.199999999999976,2.0,0.7700000000000006,0,9,0.2251798052872076
11.299999999999976,2.0,0.7800000000000006,0,9,0.2251798052872076
11.399999999999975,2.0,0.7900000000000006,0,9,0.2251798052872076
11.499999999999975,2.0,0.8000000000000006,0,9,0.2251798052872076
11.599999999999975,2.0,0.8100000000000006,0,9,0.2251798052872076
11.699999999999974,2.0,0.8200000000000006,0,9,0.2251798052872076
11.799999999999974,2.0,0.8300000000000006,0,9,0.2251798052872076
11.899999999999974,2.0,0.8400000000000006,0,9,0.2251798052872076
11.999999999999973,2.0,0.8500000000000006,0,9,0.2251798052872076
12.099999999999973,2.0,0.8600000000000007,0,9,0.2251798052872076
12.199999999999973,2.0,0.8700000000000007,0,9,0.2251798052872076
12.299999999999972,2.0,0.8800000000000007,0,9,0.2251798052872076
12.399999999999972,2.0,0.8900000000000007,0,9,0.2251798052872076
12.499999999999972,2.0,0.9000000000000007,0,9,0.2251798052872076
12.599999999999971,2.0,0.9100000000000007,0,9,0.2251798052872076
12.69999999999997,2.0,0.9200000000000007,0,9,0.2251798052872076
12.79999999999997,2.0,0.9300000000000007,0,9,0.2251798052872076
12.89999999999997,2.0,0.9400000000000007,0,9,0.2251798052872076
12.99999999999997,2.0,0.9500000000000007,0,9,0.2251798052872076
13.09999999999997,2.0,0.9600000000000007,0,9,0.2251798052872076
13.199999999999969,2.0,0.9700000000000008,0,9,0.2251798052872076
13.299999999999969,2.0,0.9800000000000008,0,9,0.2251798052872076
13.399999999999968,2.0,0.9900000000000008,0,9,0.2251798052872076
13.499999999999968,2.0,1.0,0,9,0.2251798052872076
13.599999999999968,1.0225179805287208,0.0,0,9,0.2251798052872076
13.699999999999967,1.0450359610574416,0.0,0,9,0.2251798052872076
13.799999999999967,1.0675539415861623,0.0,0,9,0.2251798052872076
13.899999999999967,1.0900719221148831,0.0,0,9,0.2251798052872076
13.999999999999966,1.112589902643604,0.0,0,9,0.2251798052872076
14.099999999999966,1.1351078831723247,0.0,0,9,0.2251798052872076
14.199999999999966,1.1576258637010455,0.0,0,9,0.2251798052872076
14.299999999999965,1.1801438442297663,0.0,0,9,0.2251798052872076
14.399999999999965,1.202661824758487,0.0,0,9,0.2251798052872076
14.499999999999964,1.2251798052872078,0.0,0,9,0.2251798052872076
14.599999999999964,1.2476977858159286,0.0,0,9,0.2251798052872076
14.699999999999964,1.2702157663446494,0.0,0,9,0.2251798052872076
14.799999999999963,1.2927337468733702,0.0,0,9,0.2251798052872076
14.899999999999963,1.315251727402091,0.0,0,9,0.2251798052872076
14.999999999999963,1.3377697079308117,0.0,0,9,0.2251798052872076
15.099999999999962,1.3602876884595325,0.0,0,9,0.2251798052872076
15.199999999999962,1.3828056689882533,0.0,0,9,0.2251798052872076
15.299999999999962,1.405323649516974,0.0,0,9,0.2251798052872076
15.399999999999961,1.4278416300456949,0.0,0,9,0.2251798052872076
15.499999999999961,1.4503596105744156,0.0,0,9,0.2251798052872076
15.59999999999996,1.4728775911031364,0.0,0,9,0.2251798052872076
15.69999999999996,1.4953955716318572,0.0,0,9,0.2251798052872076
15.79999999999996,1.517913552160578,0.0,0,9,0.2251798052872076
15.89999999999996,1.5404315326892988,0.0,0,9,0.2251798052872076
15.99999999999996,1.5629495132180196,0.0,0,9,0.2251798052872076
16.09999999999996,1.5854674937467403,0.0,0,9,0.2251798052872076
16.19999999999996,1.6079854742754611,0.0,0,9,0.2251798052872076
16.29999999999996,1.630503454804182,0.0,0,9,0.2251798052872076
16.399999999999963,1.6530214353329027,0.0,0,9,0.2251798052872076
16.499999999999964,1.6755394158616235,0.0,0,9,0.2251798052872076
16.599999999999966,1.6980573963903443,0.0,0,9,0.2251798052872076
16.699999999999967,1.720575376919065,0.0,0,9,0.2251798052872076
16.79999999999997,1.7430933574477858,0.0,0,9,0.2251798052872076
16.89999999999997,1.7656113379765066,0.0,0,9,0.2251798052872076
16.99999999999997,1.7881293185052274,0.0,0,9,0.2251798052872076
17.099999999999973,1.8106472990339482,0.010000000000000002,0,9,0.2251798052872076
17.199999999999974,1.833165279562669,0.020000000000000004,0,9,0.2251798052872076
17.299999999999976,1.8556832600913897,0.030000000000000006,0,9,0.2251798052872076
17.399999999999977,1.8782012406201105,0.04000000000000001,0,9,0.2251798052872076
17.49999999999998,1.9007192211488313,0.05000000000000001,0,9,0.2251798052872076
17.59999999999998,1.923237201677552,0.06000000000000001,0,9,0.2251798052872076
17.69999999999998,1.9457551822062729,0.07,0,9,0.2251798052872076
17.799999999999983,1.9682731627349936,0.08000000000000002,0,9,0.2251798052872076
17.899999999999984,1.9907911432637144,0.09000000000000002,0,9,0.2251798052872076
17.999999999999986,2.0,0.10000000000000003,0,9,0.2251798052872076
18.099999999999987,2.0,0.11000000000000004,0,9,0.2251798052872076
18.19999999999999,2.0,0.12000000000000005,0,9,0.2251798052872076
18.29999999999999,2.0,0.13000000000000006,0,9,0.2251798052872076
18.39999999999999,2.0,0.14000000000000007,0,9,0.2251798052872076
18.499999999999993,2.0,0.15000000000000008,0,9,0.2251798052872076
18.599999999999994,2.0,0.1600000000000001,0,9,0.2251798052872076
18.699999999999996,2.0,0.1700000000000001,0,9,0.2251798052872076
18.799999999999997,2.0,0.1800000000000001,0,9,0.2251798052872076
18.9,2.0,0.1900000000000001,0,9,0.2251798052872076
19.0,2.0,0.20000000000000012,0,9,0.2251798052872076
19.1,2.0,0.21000000000000013,0,9,0.2251798052872076
19.200000000000003,2.0,0.22000000000000014,0,9,0.2251798052872076
19.300000000000004,2.0,0.23000000000000015,0,9,0.2251798052872076
19.400000000000006,2.0,0.24000000000000016,0,9,0.2251798052872076
19.500000000000007,2.0,0.25000000000000017,0,9,0.2251798052872076
19.60000000000001,2.0,0.2600000000000002,0,9,0.2251798052872076
19.70000000000001,2.0,0.2700000000000002,0,9,0.2251798052872076
19.80000000000001,2.0,0.2800000000000002,0,9,0.2251798052872076
19.900000000000013,2.0,0.2900000000000002,0,9,0.2251798052872076
20.000000000000014,2.0,0.3000000000000002,0,9,0.2251798052872076
20.100000000000016,2.0,0.3100000000000002,0,9,0.2251798052872076
20.200000000000017,2.0,0.32000000000000023,0,9,0.2251798052872076
20.30000000000002,2.0,0.33000000000000024,0,9,0.2251798052872076
20.40000000000002,2.0,0.34000000000000025,0,9,0.2251798052872076
20.50000000000002,2.0,0.35000000000000026,0,9,0.2251798052872076
20.600000000000023,2.0,0.36000000000000026,0,9,0.2251798052872076
20.700000000000024,2.0,0.3700000000000003,0,9,0.2251798052872076
20.800000000000026,2.0,0.3800000000000003,0,9,0.2251798052872076
20.900000000000027,2.0,0.3900000000000003,0,9,0.2251798052872076
21.00000000000003,2.0,0.4000000000000003,0,9,0.2251798052872076
21.10000000000003,2.0,0.4100000000000003,0,9,0.2251798052872076
21.20000000000003,2.0,0.4200000000000003,0,9,0.2251798052872076
21.300000000000033,2.0,0.4300000000000003,0,9,0.2251798052872076
21.400000000000034,2.0,0.44000000000000034,0,9,0.2251798052872076
21.500000000000036,2.0,0.45000000000000034,0,9,0.2251798052872076
21.600000000000037,2.0,0.46000000000000035,0,9,0.2251798052872076
21.70000000000004,2.0,0.47000000000000036,0,9,0.2251798052872076
21.80000000000004,2.0,0.48000000000000037,0,9,0.2251798052872076
21.90000000000004,2.0,0.4900000000000004,0,9,0.2251798052872076
22.000000000000043,2.0,0.5000000000000003,0,9,0.2251798052872076
22.100000000000044,2.0,0.5100000000000003,0,9,0.2251798052872076
22.200000000000045,2.0,0.5200000000000004,0,9,0.2251798052872076
22.300000000000047,2.0,0.5300000000000004,0,9,0.2251798052872076
22.40000000000005,2.0,0.5400000000000004,0,9,0.2251798052872076
22.50000000000005,2.0,0.5500000000000004,0,9,0.2251798052872076
22.60000000000005,2.0,0.5600000000000004,0,9,0.2251798052872076
22.700000000000053,2.0,0.5700000000000004,0,9,0.2251798052872076
22.800000000000054,2.0,0.5800000000000004,0,9,0.2251798052872076
22.900000000000055,2.0,0.5900000000000004,0,9,0.2251798052872076
23.000000000000057,2.0,0.6000000000000004,0,9,0.2251798052872076
23.10000000000006,2.0,0.6100000000000004,0,9,0.2251798052872076
23.20000000000006,2.0,0.6200000000000004,0,9,0.2251798052872076
23.30000000000006,2.0,0.6300000000000004,0,9,0.2251798052872076
23.400000000000063,2.0,0.6400000000000005,0,9,0.2251798052872076
23.500000000000064,2.0,0.6500000000000005,0,9,0.2251798052872076
23.600000000000065,2.0,0.6600000000000005,0,9,0.2251798052872076
23.700000000000067,2.0,0.6700000000000005,0,9,0.2251798052872076
23.800000000000068,2.0,0.6800000000000005,0,9,0.2251798052872076
23.90000000000007,2.0,0.6900000000000005,0,9,0.2251798052872076
24.00000000000007,2.0,0.7000000000000005,0,9,0.2251798052872076
24.100000000000072,2.0,0.7100000000000005,0,9,0.2251798052872076
24.200000000000074,2.0,0.7200000000000005,0,9,0.2251798052872076
24.300000000000075,2.0,0.7300000000000005,0,9,0.2251798052872076
24.400000000000077,2.0,0.7400000000000005,0,9,0.2251798052872076
24.500000000000078,2.0,0.7500000000000006,0,9,0.2251798052872076
24.60000000000008,2.0,0.7600000000000006,0,9,0.2251798052872076
24.70000000000008,2.0,0.7700000000000006,0,9,0.2251798052872076
24.800000000000082,2.0,0.7800000000000006,0,9,0.2251798052872076
24.900000000000084,2.0,0.7900000000000006,0,9,0.2251798052872076
25.000000000000085,2.0,0.8000000000000006,0,9,0.2251798052872076
25.100000000000087,2.0,0.8100000000000006,0,9,0.2251798052872076
25.200000000000088,2.0,0.8200000000000006,0,9,0.2251798052872076
25.30000000000009,2.0,0.8300000000000006,0,9,0.2251798052872076
25.40000000000009,2.0,0.8400000000000006,0,9,0.2251798052872076
25.500000000000092,2.0,0.8500000000000006,0,9,0.2251798052872076
25.600000000000094,2.0,0.8600000000000007,0,9,0.2251798052872076
25.700000000000095,2.0,0.8700000000000007,0,9,0.2251798052872076
25.800000000000097,2.0,0.8800000000000007,0,9,0.2251798052872076
25.900000000000098,2.0,0.8900000000000007,0,9,0.2251798052872076
26.0000000000001,2.0,0.9000000000000007,0,9,0.2251798052872076
26.1000000000001,2.0,0.9100000000000007,0,9,0.2251798052872076
26.200000000000102,2.0,0.9200000000000007,0,9,0.2251798052872076
26.300000000000104,2.0,0.9300000000000007,0,9,0.2251798052872076
26.400000000000105,2.0,0.9400000000000007,0,9,0.2251798052872076
26.500000000000107,2.0,0.9500000000000007,0,9,0.2251798052872076
26.600000000000108,2.0,0.9600000000000007,0,9,0.2251798052872076
26.70000000000011,2.0,0.9700000000000008,0,9,0.2251798052872076
26.80000000000011,2.0,0.9800000000000008,0,9,0.2251798052872076
26.900000000000112,2.0,0.9900000000000008,0,9,0.2251798052872076
27.000000000000114,2.0,1.0,0,9,0.2251798052872076
27.100000000000115,1.0225179805287208,0.0,0,9,0.2251798052872076
27.200000000000117,1.0450359610574416,0.0,0,9,0.2251798052872076
27.300000000000118,1.0675539415861623,0.0,0,9,0.2251798052872076
27.40000000000012,1.0900719221148831,0.0,0,9,0.2251798052872076
27.50000000000012,1.112589902643604,0.0,0,9,0.2251798052872076
27.600000000000122,1.1351078831723247,0.0,0,9,0.2251798052872076
27.700000000000124,1.1576258637010455,0.0,0,9,0.2251798052872076
27.800000000000125,1.1801438442297663,0.0,0,9,0.2251798052872076
27.900000000000126,1.202661824758487,0.0,0,9,0.2251798052872076
28.000000000000128,1.2251798052872078,0.0,0,9,0.2251798052872076
28.10000000000013,1.2476977858159286,0.0,0,9,0.2251798052872076
28.20000000000013,1.2702157663446494,0.0,0,9,0.2251798052872076
28.300000000000132,1.2927337468733702,0.0,0,9,0.2251798052872076
28.400000000000134,1.315251727402091,0.0,0,9,0.2251798052872076
28.500000000000135,1.3377697079308117,0.0,0,9,0.2251798052872076
28.600000000000136,1.3602876884595325,0.0,0,9,0.2251798052872076
28.700000000000138,1.3828056689882533,0.0,0,9,0.2251798052872076
28.80000000000014,1.405323649516974,0.0,0,9,0.2251798052872076
28.90000000000014,1.4278416300456949,0.0,0,9,0.2251798052872076
29.000000000000142,1.4503596105744156,0.0,0,9,0.2251798052872076
29.100000000000144,1.4728775911031364,0.0,0,9,0.2251798052872076
29.200000000000145,1.4953955716318572,0.0,0,9,0.2251798052872076
29.300000000000146,1.517913552160578,0.0,0,9,0.2251798052872076
29.400000000000148,1.5404315326892988,0.0,0,9,0.2251798052872076
29.50000000000015,1.5629495132180196,0.0,0,9,0.2251798052872076
29.60000000000015,1.5854674937467403,0.0,0,9,0.2251798052872076
29.700000000000152,1.6079854742754611,0.0,0,9,0.2251798052872076
29.800000000000153,1.630503454804182,0.0,0,9,0.2251798052872076
29.900000000000155,1.6530214353329027,0.0,0,9,0.2251798052872076
30.000000000000156,1.6755394158616235,0.0,0,9,0.2251798052872076
0.1,1.0225179805287208,0.0,1,9,0.2251798052872076
0.2,1.0450359610574416,0.0,1,9,0.2251798052872076
0.30000000000000004,1.0675539415861623,0.0,1,9,0.2251798052872076
0.4,1.0900719221148831,0.0,1,9,0.2251798052872076
0.5,1.112589902643604,0.0,1,9,0.2251798052872076
0.6,1.1351078831723247,0.0,1,9,0.2251798052872076
0.7,1.1576258637010455,0.0,1,9,0.2251798052872076
0.7999999999999999,1.1801438442297663,0.0,1,9,0.2251798052872076
0.8999999999999999,1.202661824758487,0.0,1,9,0.2251798052872076
0.9999999999999999,1.2251798052872078,0.0,1,9,0.2251798052872076
1.0999999999999999,1.2476977858159286,0.0,1,9,0.2251798052872076
1.2,1.2702157663446494,0.0,1,9,0.2251798052872076
1.3,1.2927337468733702,0.0,1,9,0.2251798052872076
1.4000000000000001,1.315251727402091,0.0,1,9,0.2251798052872076
1.5000000000000002,1.3377697079308117,0.0,1,9,0.2251798052872076
1.6000000000000003,1.3602876884595325,0.0,1,9,0.2251798052872076
1.7000000000000004,1.3828056689882533,0.0,1,9,0.2251798052872076
1.8000000000000005,1.405323649516974,0.0,1,9,0.2251798052872076
1.9000000000000006,1.4278416300456949,0.0,1,9,0.2251798052872076
2.0000000000000004,1.4503596105744156,0.0,1,9,0.2251798052872076
2.1000000000000005,1.4728775911031364,0.0,1,9,0.2251798052872076
2.2000000000000006,1.4953955716318572,0.0,1,9,0.2251798052872076
2.3000000000000007,1.517913552160578,0.0,1,9,0.2251798052872076
2.400000000000001,1.5404315326892988,0.0,1,9,0.2251798052872076
2.500000000000001,1.5629495132180196,0.0,1,9,0.2251798052872076
2.600000000000001,1.5854674937467403,0.0,1,9,0.2251798052872076
2.700000000000001,1.6079854742754611,0.0,1,9,0.2251798052872076
2.800000000000001,1.630503454804182,0.0,1,9,0.2251798052872076
2.9000000000000012,1.6530214353329027,0.0,1,9,0.2251798052872076
3.0000000000000013,1.6755394158616235,0.0,1,9,0.2251798052872076
3.1000000000000014,1.6980573963903443,0.0,1,9,0.2251798052872076
3.2000000000000015,1.720575376919065,0.0,1,9,0.2251798052872076
3.3000000000000016,1.7430933574477858,0.0,1,9,0.2251798052872076
3.4000000000000017,1.7656113379765066,0.0,1,9,0.2251798052872076
3.5000000000000018,1.7881293185052274,0.0,1,9,0.2251798052872076
3.600000000000002,1.8106472990339482,0.010000000000000002,1,9,0.2251798052872076
3.700000000000002,1.833165279562669,0.020000000000000004,1,9,0.2251798052872076
3.800000000000002,1.8556832600913897,0.030000000000000006,1,9,0.2251798052872076
3.900000000000002,1.8782012406201105,0.04000000000000001,1,9,0.2251798052872076
4.000000000000002,1.9007192211488313,0.05000000000000001,1,9,0.2251798052872076
4.100000000000001,1.923237201677552,0.06000000000000001,1,9,0.2251798052872076
4.200000000000001,1.9457551822062729,0.07,1,9,0.2251798052872076
4.300000000000001,1.9682731627349936,0.08000000000000002,1,9,0.2251798052872076
4.4,1.9907911432637144,0.09000000000000002,1,9,0.2251798052872076
4.5,2.0,0.10000000000000003,1,9,0.2251798052872076
4.6,2.0,0.11000000000000004,1,9,0.2251798052872076
4.699999999999999,2.0,0.12000000000000005,1,9,0.2251798052872076
4.799999999999999,2.0,0.13000000000000006,1,9,0.2251798052872076
4.899999999999999,2.0,0.14000000000000007,1,9,0.2251798052872076
4.999999999999998,2.0,0.15000000000000008,1,9,0.2251798052872076
5.099999999999998,2.0,0.1600000000000001,1,9,0.2251798052872076
5.1999999999999975,2.0,0.1700000000000001,1,9,0.2251798052872076
5.299999999999997,2.0,0.1800000000000001,1,9,0.2251798052872076
5.399999999999997,2.0,0.1900000000000001,1,9,0.2251798052872076
5.4999999999999964,2.0,0.20000000000000012,1,9,0.2251798052872076
5.599999999999996,2.0,0.21000000000000013,1,9,0.2251798052872076
5.699999999999996,2.0,0.22000000000000014,1,9,0.2251798052872076
5.799999999999995,2.0,0.23000000000000015,1,9,0.2251798052872076
5.899999999999995,2.0,0.24000000000000016,1,9,0.2251798052872076
5.999999999999995,2.0,0.25000000000000017,1,9,0.2251798052872076
6.099999999999994,2.0,0.2600000000000002,1,9,0.2251798052872076
6.199999999999994,2.0,0.2700000000000002,1,9,0.2251798052872076
6.299999999999994,2.0,0.2800000000000002,1,9,0.2251798052872076
6.399999999999993,2.0,0.2900000000000002,1,9,0.2251798052872076
6.499999999999993,2.0,0.3000000000000002,1,9,0.2251798052872076
6.5999999999999925,2.0,0.3100000000000002,1,9,0.2251798052872076
6.699999999999992,2.0,0.32000000000000023,1,9,0.2251798052872076
6.799999999999992,2.0,0.33000000000000024,1,9,0.2251798052872076
6.8999999999999915,2.0,0.34000000000000025,1,9,0.2251798052872076
6.999999999999991,2.0,0.35000000000000026,1,9,0.2251798052872076
7.099999999999991,2.0,0.36000000000000026,1,9,0.2251798052872076
7.19999999999999,2.0,0.3700000000000003,1,9,0.2251798052872076
7.29999999999999,2.0,0.3800000000000003,1,9,0.2251798052872076
7.39999999999999,2.0,0.3900000000000003,1,9,0.2251798052872076
7.499999999999989,2.0,0.4000000000000003,1,9,0.2251798052872076
7.599999999999989,2.0,0.4100000000000003,1,9,0.2251798052872076
7.699999999999989,2.0,0.4200000000000003,1,9,0.2251798052872076
7.799999999999988,2.0,0.4300000000000003,1,9,0.2251798052872076
7.899999999999988,2.0,0.44000000000000034,1,9,0.2251798052872076
7.999999999999988,2.0,0.45000000000000034,1,9,0.2251798052872076
8.099999999999987,2.0,0.46000000000000035,1,9,0.2251798052872076
8.199999999999987,2.0,0.47000000000000036,1,9,0.2251798052872076
8.299999999999986,2.0,0.48000000000000037,1,9,0.2251798052872076
8.399999999999986,2.0,0.4900000000000004,1,9,0.2251798052872076
8.499999999999986,2.0,0.5000000000000003,1,9,0.2251798052872076
8.599999999999985,2.0,0.5100000000000003,1,9,0.2251798052872076
8.699999999999985,2.0,0.5200000000000004,1,9,0.2251798052872076
8.799999999999985,2.0,0.5300000000000004,1,9,0.2251798052872076
8.899999999999984,2.0,0.5400000000000004,1,9,0.2251798052872076
8.999999999999984,2.0,0.5500000000000004,1,9,0.2251798052872076
9.099999999999984,2.0,0.5600000000000004,1,9,0.2251798052872076
9.199999999999983,2.0,0.5700000000000004,1,9,0.2251798052872076
9.299999999999983,2.0,0.5800000000000004,1,9,0.2251798052872076
9.399999999999983,2.0,0.5900000000000004,1,9,0.2251798052872076
9.499999999999982,2.0,0.6000000000000004,1,9,0.2251798052872076
9.599999999999982,2.0,0.6100000000000004,1,9,0.2251798052872076
9.699999999999982,2.0,0.6200000000000004,1,9,0.2251798052872076
9.799999999999981,2.0,0.6300000000000004,1,9,0.2251798052872076
9.89999999999998,2.0,0.6400000000000005,1,9,0.2251798052872076
9.99999999999998,2.0,0.6500000000000005,1,9,0.2251798052872076
10.09999999999998,2.0,0.6600000000000005,1,9,0.2251798052872076
10.19999999999998,2.0,0.6700000000000005,1,9,0.2251798052872076
10.29999999999998,2.0,0.6800000000000005,1,9,0.2251798052872076
10.399999999999979,2.0,0.6900000000000005,1,9,0.2251798052872076
10.499999999999979,2.0,0.7000000000000005,1,9,0.2251798052872076
10.599999999999978,2.0,0.7100000000000005,1,9,0.2251798052872076
10.699999999999978,2.0,0.7200000000000005,1,9,0.2251798052872076
10.799999999999978,2.0,0.7300000000000005,1,9,0.2251798052872076
10.899999999999977,2.0,0.7400000000000005,1,9,0.2251798052872076
10.999999999999977,2.0,0.7500000000000006,1,9,0.2251798052872076
11.099999999999977,2.0,0.7600000000000006,1,9,0.2251798052872076
11.199999999999976,2.0,0.7700000000000006,1,9,0.2251798052872076
11.299999999999976,2.0,0.7800000000000006,1,9,0.2251798052872076
11.399999999999975,2.0,0.7900000000000006,1,9,0.2251798052872076
11.499999999999975,2.0,0.8000000000000006,1,9,0.2251798052872076
11.599999999999975,2.0,0.8100000000000006,1,9,0.2251798052872076
11.699999999999974,2.0,0.8200000000000006,1,9,0.2251798052872076
11.799999999999974,2.0,0.8300000000000006,1,9,0.2251798052872076
11.899999999999974,2.0,0.8400000000000006,1,9,0.2251798052872076
11.999999999999973,2.0,0.8500000000000006,1,9,0.2251798052872076
12.099999999999973,2.0,0.8600000000000007,1,9,0.2251798052872076
12.199999999999973,2.0,0.8700000000000007,1,9,0.2251798052872076
12.299999999999972,2.0,0.8800000000000007,1,9,0.2251798052872076
12.399999999999972,2.0,0.8900000000000007,1,9,0.2251798052872076
12.499999999999972,2.0,0.9000000000000007,1,9,0.2251798052872076
12.599999999999971,2.0,0.9100000000000007,1,9,0.2251798052872076
12.69999999999997,2.0,0.9200000000000007,1,9,0.2251798052872076
12.79999999999997,2.0,0.9300000000000007,1,9,0.2251798052872076
12.89999999999997,2.0,0.9400000000000007,1,9,0.2251798052872076
12.99999999999997,2.0,0.9500000000000007,1,9,0.2251798052872076
13.09999999999997,2.0,0.9600000000000007,1,9,0.2251798052872076
13.199999999999969,2.0,0.9700000000000008,1,9,0.2251798052872076
13.299999999999969,2.0,0.9800000000000008,1,9,0.2251798052872076
13.399999999999968,2.0,0.9900000000000008,1,9,0.2251798052872076
13.499999999999968,2.0,1.0,1,9,0.2251798052872076
13.599999999999968,1.0225179805287208,0.0,1,9,0.2251798052872076
13.699999999999967,1.0450359610574416,0.0,1,9,0.2251798052872076
13.799999999999967,1.0675539415861623,0.0,1,9,0.2251798052872076
13.899999999999967,1.0900719221148831,0.0,1,9,0.2251798052872076
13.999999999999966,1.112589902643604,0.0,1,9,0.2251798052872076
14.099999999999966,1.1351078831723247,0.0,1,9,0.2251798052872076
14.199999999999966,1.1576258637010455,0.0,1,9,0.2251798052872076
14.299999999999965,1.1801438442297663,0.0,1,9,0.2251798052872076
14.399999999999965,1.202661824758487,0.0,1,9,0.2251798052872076
14.499999999999964,1.2251798052872078,0.0,1,9,0.2251798052872076
14.599999999999964,1.2476977858159286,0.0,1,9,0.2251798052872076
14.699999999999964,1.2702157663446494,0.0,1,9,0.2251798052872076
14.799999999999963,1.2927337468733702,0.0,1,9,0.2251798052872076
14.899999999999963,1.315251727402091,0.0,1,9,0.2251798052872076
14.999999999999963,1.3377697079308117,0.0,1,9,0.2251798052872076
15.099999999999962,1.3602876884595325,0.0,1,9,0.2251798052872076
15.199999999999962,1.3828056689882533,0.0,1,9,0.2251798052872076
15.299999999999962,1.405323649516974,0.0,1,9,0.2251798052872076
15.399999999999961,1.4278416300456949,0.0,1,9,0.2251798052872076
15.499999999999961,1.4503596105744156,0.0,1,9,0.2251798052872076
15.59999999999996,1.4728775911031364,0.0,1,9,0.2251798052872076
15.69999999999996,1.4953955716318572,0.0,1,9,0.2251798052872076
15.79999999999996,1.517913552160578,0.0,1,9,0.2251798052872076
15.89999999999996,1.5404315326892988,0.0,1,9,0.2251798052872076
15.99999999999996,1.5629495132180196,0.0,1,9,0.2251798052872076
16.09999999999996,1.5854674937467403,0.0,1,9,0.2251798052872076
16.19999999999996,1.6079854742754611,0.0,1,9,0.2251798052872076
16.29999999999996,1.630503454804182,0.0,1,9,0.2251798052872076
16.399999999999963,1.6530214353329027,0.0,1,9,0.2251798052872076
16.499999999999964,1.6755394158616235,0.0,1,9,0.2251798052872076
0.1,1.0225179805287208,0.0,2,9,0.2251798052872076
0.2,1.0450359610574416,0.0,2,9,0.2251798052872076
0.30000000000000004,1.0675539415861623,0.0,2,9,0.2251798052872076
0.4,1.0900719221148831,0.0,2,9,0.2251798052872076
0.5,1.112589902643604,0.0,2,9,0.2251798052872076
0.6,1.1351078831723247,0.0,2,9,0.2251798052872076
0.7,1.1576258637010455,0.0,2,9,0.2251798052872076
0.7999999999999999,1.1801438442297663,0.0,2,9,0.2251798052872076
0.8999999999999999,1.202661824758487,0.0,2,9,0.2251798052872076
0.9999999999999999,1.2251798052872078,0.0,2,9,0.2251798052872076
1.0999999999999999,1.2476977858159286,0.0,2,9,0.2251798052872076
1.2,1.2702157663446494,0.0,2,9,0.2251798052872076
1.3,1.2927337468733702,0.0,2,9,0.2251798052872076
1.4000000000000001,1.315251727402091,0.0,2,9,0.2251798052872076
1.5000000000000002,1.3377697079308117,0.0,2,9,0.2251798052872076
1.6000000000000003,1.3602876884595325,0.0,2,9,0.2251798052872076
1.7000000000000004,1.3828056689882533,0.0,2,9,0.2251798052872076
1.8000000000000005,1.405323649516974,0.0,2,9,0.2251798052872076
1.9000000000000006,1.4278416300456949,0.0,2,9,0.2251798052872076
2.0000000000000004,1.4503596105744156,0.0,2,9,0.2251798052872076
2.1000000000000005,1.4728775911031364,0.0,2,9,0.2251798052872076
2.2000000000000006,1.4953955716318572,0.0,2,9,0.2251798052872076
2.3000000000000007,1.517913552160578,0.0,2,9,0.2251798052872076
2.400000000000001,1.5404315326892988,0.0,2,9,0.2251798052872076
2.500000000000001,1.5629495132180196,0.0,2,9,0.2251798052872076
2.600000000000001,1.5854674937467403,0.0,2,9,0.2251798052872076
2.700000000000001,1.6079854742754611,0.0,2,9,0.2251798052872076
2.800000000000001,1.630503454804182,0.0,2,9,0.2251798052872076
2.9000000000000012,1.6530214353329027,0.0,2,9,0.2251798052872076
3.0000000000000013,1.6755394158616235,0.0,2,9,0.2251798052872076
0.1,1.0225179805287208,0.0,3,9,0.2251798052872076
0.2,1.0450359610574416,0.0,3,9,0.2251798052872076
0.30000000000000004,1.0675539415861623,0.0,3,9,0.2251798052872076
0.4,1.0900719221148831,0.0,3,9,0.2251798052872076
0.5,1.112589902643604,0.0,3,9,0.2251798052872076
0.6,1.1351078831723247,0.0,3,9,0.2251798052872076
0.7,1.1576258637010455,0.0,3,9,0.2251798052872076
0.7999999999999999,1.1801438442297663,0.0,3,9,0.2251798052872076
0.8999999999999999,1.202661824758487,0.0,3,9,0.2251798052872076
0.9999999999999999,1.2251798052872078,0.0,3,9,0.2251798052872076
1.0999999999999999,1.2476977858159286,0.0,3,9,0.2251798052872076
1.2,1.2702157663446494,0.0,3,9,0.2251798052872076
1.3,1.2927337468733702,0.0,3,9,0.2251798052872076
1.4000000000000001,1.315251727402091,0.0,3,9,0.2251798052872076
1.5000000000000002,1.3377697079308117,0.0,3,9,0.2251798052872076
1.6000000000000003,1.3602876884595325,0.0,3,9,0.2251798052872076
1.7000000000000004,1.3828056689882533,0.0,3,9,0.2251798052872076
1.8000000000000005,1.405323649516974,0.0,3,9,0.2251798052872076
1.9000000000000006,1.4278416300456949,0.0,3,9,0.2251798052872076
2.0000000000000004,1.4503596105744156,0.0,3,9,0.2251798052872076
2.1000000000000005,1.4728775911031364,0.0,3,9,0.2251798052872076
2.2000000000000006,1.4953955716318572,0.0,3,9,0.2251798052872076
2.3000000000000007,1.517913552160578,0.0,3,9,0.2251798052872076
2.400000000000001,1.5404315326892988,0.0,3,9,0.2251798052872076
2.500000000000001,1.5629495132180196,0.0,3,9,0.2251798052872076
2.600000000000001,1.5854674937467403,0.0,3,9,0.2251798052872076
2.700000000000001,1.6079854742754611,0.0,3,9,0.2251798052872076
2.800000000000001,1.630503454804182,0.0,3,9,0.2251798052872076
2.9000000000000012,1.6530214353329027,0.0,3,9,0.2251798052872076
3.0000000000000013,1.6755394158616235,0.0,3,9,0.2251798052872076
