  Line,  Analysis,             Time Code,           Port,  Inj Nr,  d(18_16)Mean,    d(D_H)Mean,      H2O_Mean,  Ignore, Good,                            Identifier 1,                            Identifier 2,   Gas Configuration,Timestamp Mean,   d(18_16)_SD,     d(D_H)_SD,        H2O_SD,   d(18_16)_Sl,     d(D_H)_Sl,        H2O_Sl,baseline_shift,   slope_shift,     residuals,baseline_curvature,      interval,       ch4_ppm,  h16od_adjust,   h16od_shift,n2_flag,      DAS Temp,      Tray,  Sample,     Job,    Method,Error Code,Pulse Good
     1,    P-2519,   2025/07/22 14:04:57,           1-01,       1,       -11.505,       -88.110,         22546,      -1,    1,                                        ,                                        ,                 H2O, 1753218603.95,         0.115,         0.434,       378.825,         0.001,         0.005,         8.906,       226.545,        36.780,         3.519,       114.455,         0.726,         0.887,       -0.0000,       -0.0000,    1,        43.062,         1,       1,       1,20250722_TristanCaro,       0,       1
     2,    P-2519,   2025/07/22 14:13:57,           1-01,       2,       -10.468,       -88.651,         21637,      -1,    1,                                        ,                                        ,                 H2O, 1753219143.78,         0.109,         0.278,       302.547,        -0.001,         0.002,         7.157,       221.913,        35.033,         2.897,       103.297,         0.724,        -0.951,       -0.0000,       -0.0000,    1,        43.375,         1,       1,       1,20250722_TristanCaro,       0,       1
     3,    P-2519,   2025/07/22 14:22:57,           1-01,       3,       -11.371,       -92.307,         19871,      -1,    1,                                        ,                                        ,                 H2O, 1753219683.74,         0.103,         0.329,       255.595,        -0.001,         0.003,         6.059,       211.191,        32.070,         2.480,        92.191,         0.723,        -1.610,        0.0000,        0.0000,    1,        43.562,         1,       1,       1,20250722_TristanCaro,       0,       1
     4,    P-2519,   2025/07/22 14:31:58,           1-01,       4,       -11.336,       -92.513,         19593,       0,    1,                                        ,                                        ,                 H2O, 1753220224.36,         0.101,         0.340,       224.982,        -0.000,         0.004,         5.313,       210.227,        27.216,         2.757,        98.595,         0.723,        -0.883,       -0.0000,       -0.0000,    1,        43.750,         1,       1,       1,20250722_TristanCaro,       0,       1
     5,    P-2519,   2025/07/22 14:40:59,           1-01,       5,       -11.292,       -92.724,         19461,       0,    1,                                        ,                                        ,                 H2O, 1753220765.97,         0.102,         0.319,       201.839,        -0.000,         0.003,         4.793,       209.518,        26.408,         2.770,        98.267,         0.722,        -0.857,       -0.0000,       -0.0000,    1,        43.938,         1,       1,       1,20250722_TristanCaro,       0,       1
     6,    P-2519,   2025/07/22 14:49:59,           1-01,       6,       -11.245,       -92.842,         19325,       0,    1,                                        ,                                        ,                 H2O, 1753221305.17,         0.104,         0.341,       185.190,        -0.000,         0.004,         4.398,       208.366,        25.838,         2.824,        99.900,         0.722,        -0.511,       -0.0000,       -0.0000,    1,        44.000,         1,       1,       1,20250722_TristanCaro,       0,       1
     7,    P-2519,   2025/07/22 14:58:59,           1-01,       7,       -11.183,       -92.886,         19291,       0,    1,                                        ,                                        ,                 H2O, 1753221845.93,         0.096,         0.306,       173.714,         0.000,         0.003,         4.126,       207.179,        27.319,         2.859,       100.282,         0.722,         0.075,       -0.0000,       -0.0000,    1,        44.000,         1,       1,       1,20250722_TristanCaro,       0,       1
     8,    P-2519,   2025/07/22 15:08:01,           1-01,       8,       -11.158,       -92.917,         18834,       0,    1,                                        ,                                        ,                 H2O, 1753222386.72,         0.099,         0.258,       160.667,        -0.000,         0.003,         3.835,       204.267,        26.839,         2.777,        97.403,         0.722,         0.011,       -0.0000,       -0.0000,    1,        44.062,         1,       1,       1,20250722_TristanCaro,       0,       1
     9,    P-2519,   2025/07/22 15:17:00,           1-01,       9,       -11.096,       -93.018,         19102,       0,    1,                                        ,                                        ,                 H2O, 1753222927.14,         0.108,         0.299,       156.346,         0.000,         0.003,         3.711,       203.939,        31.967,         2.790,        94.684,         0.722,         0.425,        0.0000,        0.0000,    1,        44.062,         1,       1,       1,20250722_TristanCaro,       0,       1
    10,    P-2519,   2025/07/22 15:26:01,           1-01,      10,       -11.090,       -93.033,         18957,       0,    1,                                        ,                                        ,                 H2O, 1753223467.41,         0.098,         0.287,       147.475,         0.000,         0.003,         3.502,       202.768,        33.097,         2.680,        90.940,         0.722,         0.122,       -0.0000,       -0.0000,    1,        44.125,         1,       1,       1,20250722_TristanCaro,       0,       1
    11,    P-2519,   2025/07/22 15:35:01,           1-01,      11,       -11.036,       -93.041,         19087,       0,    1,                                        ,                                        ,                 H2O, 1753224007.81,         0.095,         0.289,       142.621,         0.000,         0.002,         3.387,       203.732,        32.691,         2.699,        92.371,         0.722,         0.072,       -0.0000,       -0.0000,    1,        44.188,         1,       1,       1,20250722_TristanCaro,       0,       1
    12,    P-2519,   2025/07/22 15:44:01,           1-01,      12,       -11.034,       -93.022,         19016,       0,    1,                                        ,                                        ,                 H2O, 1753224547.68,         0.101,         0.325,       136.434,         0.000,         0.004,         3.257,       203.193,        32.620,         2.721,        92.146,         0.722,         0.142,       -0.0000,       -0.0000,    1,        44.188,         1,       1,       1,20250722_TristanCaro,       0,       1
    13,    P-2519,   2025/07/22 15:53:03,           1-01,      13,       -11.035,       -93.110,         19030,       0,    1,                                        ,                                        ,                 H2O, 1753225089.45,         0.093,         0.266,       133.390,         0.000,         0.003,         3.169,       202.832,        33.089,         2.788,        93.237,         0.721,         0.547,        0.0000,        0.0000,    1,        44.188,         1,       1,       1,20250722_TristanCaro,       0,       1
    14,    P-2519,   2025/07/22 16:02:03,           1-01,      14,       -11.002,       -93.015,         19014,       0,    1,                                        ,                                        ,                 H2O, 1753225629.31,         0.090,         0.305,       130.675,         0.000,         0.003,         3.122,       202.884,        32.831,         2.767,        93.005,         0.721,         0.358,        0.0000,        0.0000,    1,        44.188,         1,       1,       1,20250722_TristanCaro,       0,       1
    15,    P-2519,   2025/07/22 16:11:03,           1-01,      15,       -11.029,       -93.040,         19010,       0,    1,                                        ,                                        ,                 H2O, 1753226169.28,         0.101,         0.320,       126.468,         0.001,         0.003,         3.007,       205.327,        27.102,         2.771,        96.885,         0.721,        -0.377,       -0.0000,       -0.0000,    1,        44.188,         1,       1,       1,20250722_TristanCaro,       0,       1
    16,    P-2519,   2025/07/22 16:20:03,           1-01,      16,       -11.008,       -92.976,         19004,       0,    1,                                        ,                                        ,                 H2O, 1753226709.20,         0.104,         0.305,       122.493,         0.000,         0.003,         2.926,       205.927,        26.056,         2.705,        96.392,         0.721,        -0.804,       -0.0000,       -0.0000,    1,        44.438,         1,       1,       1,20250722_TristanCaro,       0,       1
    17,    P-2519,   2025/07/22 16:29:03,           1-01,      17,       -10.998,       -92.944,         18994,       0,    1,                                        ,                                        ,                 H2O, 1753227249.46,         0.106,         0.281,       121.775,         0.000,         0.002,         2.895,       205.613,        25.965,         2.750,        97.781,         0.721,        -0.600,       -0.0000,       -0.0000,    1,        44.188,         1,       1,       1,20250722_TristanCaro,       0,       1
    18,    P-2519,   2025/07/22 16:38:03,           1-01,      18,       -10.987,       -92.954,         18985,       0,    1,                                        ,                                        ,                 H2O, 1753227789.60,         0.110,         0.370,       118.539,         0.000,         0.004,         2.819,       205.824,        25.334,         2.736,        98.171,         0.721,        -0.685,       -0.0000,       -0.0000,    1,        44.125,         1,       1,       1,20250722_TristanCaro,       0,       1
    19,    P-2519,   2025/07/22 16:47:03,           1-01,      19,       -11.008,       -92.942,         18938,       0,    1,                                        ,                                        ,                 H2O, 1753228329.84,         0.109,         0.296,       116.968,         0.001,         0.003,         2.783,       205.181,        25.856,         2.767,        97.789,         0.721,        -0.507,       -0.0000,       -0.0000,    1,        44.062,         1,       1,       2,20250722_TristanCaro,       0,       1
    20,    P-2519,   2025/07/22 16:56:03,           1-01,      20,       -10.985,       -93.003,         18989,       0,    1,                                        ,                                        ,                 H2O, 1753228869.29,         0.092,         0.301,       115.053,         0.000,         0.003,         2.735,       205.448,        25.987,         2.774,        98.133,         0.721,        -0.492,        0.0000,        0.0000,    1,        44.000,         1,       1,       2,20250722_TristanCaro,       0,       1
    21,    P-2519,   2025/07/22 17:05:03,           1-01,      21,       -10.978,       -92.954,         18962,       0,    1,                                        ,                                        ,                 H2O, 1753229408.71,         0.100,         0.307,       112.963,         0.000,         0.003,         2.684,       205.364,        25.752,         2.804,        97.905,         0.722,        -0.544,       -0.0000,       -0.0000,    1,        44.000,         1,       1,       2,20250722_TristanCaro,       0,       1
    22,    P-2519,   2025/07/22 17:14:03,           1-01,      22,       -10.965,       -92.996,         18923,       0,    1,                                        ,                                        ,                 H2O, 1753229949.20,         0.101,         0.345,       111.019,         0.000,         0.003,         2.640,       205.041,        25.967,         2.781,        97.408,         0.721,        -0.545,       -0.0000,       -0.0000,    1,        44.000,         1,       1,       2,20250722_TristanCaro,       0,       1
    23,    P-2519,   2025/07/22 17:23:03,           1-01,      23,       -10.984,       -93.037,         18892,       0,    1,                                        ,                                        ,                 H2O, 1753230489.01,         0.103,         0.344,       110.409,         0.000,         0.003,         2.636,       204.673,        25.945,         2.796,        97.936,         0.722,        -0.428,       -0.0000,       -0.0000,    1,        44.062,         1,       1,       2,20250722_TristanCaro,       0,       1
    24,    P-2519,   2025/07/22 17:32:04,           1-01,      24,       -10.945,       -93.025,         18874,       0,    1,                                        ,                                        ,                 H2O, 1753231029.83,         0.094,         0.265,       108.588,         0.000,         0.002,         2.578,       204.769,        25.882,         2.717,        96.948,         0.722,        -0.636,        0.0000,        0.0000,    1,        44.000,         1,       1,       2,20250722_TristanCaro,       0,       1
    25,    P-2519,   2025/07/22 17:41:04,           1-01,      25,       -10.960,       -93.061,         18875,       0,    1,                                        ,                                        ,                 H2O, 1753231569.88,         0.099,         0.308,       105.825,         0.000,         0.002,         2.528,       204.707,        26.013,         2.725,        96.805,         0.721,        -0.632,        0.0000,        0.0000,    1,        44.062,         1,       1,       2,20250722_TristanCaro,       0,       1
    26,    P-2519,   2025/07/22 17:50:04,           1-01,      26,       -10.923,       -93.118,         18916,       0,    1,                                        ,                                        ,                 H2O, 1753232110.57,         0.109,         0.291,       107.514,         0.001,         0.002,         2.542,       202.516,        31.292,         2.774,        93.927,         0.721,         0.192,       -0.0000,       -0.0000,    1,        44.062,         1,       1,       2,20250722_TristanCaro,       0,       1
    27,    P-2519,   2025/07/22 17:59:04,           1-01,      27,       -10.934,       -93.196,         18824,       0,    1,                                        ,                                        ,                 H2O, 1753232649.94,         0.108,         0.291,       103.872,         0.001,         0.002,         2.481,       201.145,        32.924,         2.761,        92.428,         0.721,         0.448,        0.0000,        0.0000,    1,        44.125,         1,       1,       2,20250722_TristanCaro,       0,       1
    28,    P-2520,   2025/07/22 18:10:20,           1-02,       1,       -10.568,      2899.667,         19317,      -1,    1,                                        ,                                        ,                 H2O, 1753233326.53,         0.113,        11.962,       104.302,         0.001,        -0.282,         2.490,       207.900,        22.735,         3.649,        89.727,         0.722,        -3.341,       -0.0000,       -0.0000,    1,        44.125,         1,       2,       2,20250722_TristanCaro,       0,       1
    29,    P-2520,   2025/07/22 18:19:20,           1-02,       2,       -10.521,      3150.948,         18943,      -1,    1,                                        ,                                        ,                 H2O, 1753233866.58,         0.109,        13.018,       102.609,         0.000,        -0.308,         2.440,       205.793,        21.608,         3.623,        87.750,         0.721,        -3.602,       -0.0000,       -0.0000,    1,        44.062,         1,       2,       2,20250722_TristanCaro,       0,       1
    30,    P-2520,   2025/07/22 18:28:20,           1-02,       3,       -10.545,      3212.027,         18924,      -1,    1,                                        ,                                        ,                 H2O, 1753234406.62,         0.116,        11.459,       101.039,         0.000,        -0.270,         2.391,       205.831,        21.328,         3.641,        87.429,         0.721,        -3.951,        0.0000,        0.0000,    1,        44.062,         1,       2,       2,20250722_TristanCaro,       0,       1
    31,    P-2520,   2025/07/22 18:37:20,           1-02,       4,       -10.538,      3241.321,         18700,       0,    1,                                        ,                                        ,                 H2O, 1753234946.42,         0.107,        10.401,       100.805,         0.000,        -0.246,         2.396,       204.416,        21.148,         3.540,        86.211,         0.722,        -3.886,       -0.0000,       -0.0000,    1,        44.000,         1,       2,       2,20250722_TristanCaro,       0,       1
    32,    P-2520,   2025/07/22 18:46:21,           1-02,       5,       -10.550,      3261.015,         18891,       0,    1,                                        ,                                        ,                 H2O, 1753235486.77,         0.121,         9.618,        99.292,         0.001,        -0.228,         2.362,       205.817,        20.757,         3.602,        87.817,         0.721,        -3.979,       -0.0000,       -0.0000,    1,        44.062,         1,       2,       2,20250722_TristanCaro,       0,       1
    33,    P-2520,   2025/07/22 18:55:21,           1-02,       6,       -10.543,      3273.859,         18906,       0,    1,                                        ,                                        ,                 H2O, 1753236027.16,         0.108,         9.059,        98.509,         0.000,        -0.213,         2.330,       205.935,        20.862,         3.594,        87.610,         0.721,        -4.066,       -0.0000,       -0.0000,    1,        44.062,         1,       2,       2,20250722_TristanCaro,       0,       1
    34,    P-2520,   2025/07/22 19:04:21,           1-02,       7,       -10.540,      3284.208,         18838,       0,    1,                                        ,                                        ,                 H2O, 1753236567.51,         0.127,         8.465,        97.439,         0.000,        -0.200,         2.316,       205.574,        21.110,         3.561,        85.672,         0.721,        -4.255,       -0.0000,       -0.0000,    1,        44.062,         1,       2,       2,20250722_TristanCaro,       0,       1
    35,    P-2520,   2025/07/22 19:13:21,           1-02,       8,       -10.557,      3290.999,         18904,       0,    1,                                        ,                                        ,                 H2O, 1753237107.21,         0.111,         8.077,        95.838,         0.000,        -0.192,         2.290,       205.585,        20.899,         3.695,        88.308,         0.721,        -3.768,       -0.0000,       -0.0000,    1,        44.062,         1,       2,       2,20250722_TristanCaro,       0,       1
    36,    P-2520,   2025/07/22 19:22:21,           1-02,       9,       -10.545,      3295.741,         18698,       0,    1,                                        ,                                        ,                 H2O, 1753237647.51,         0.118,         7.767,        95.942,         0.001,        -0.183,         2.280,       204.299,        20.698,         3.619,        87.163,         0.721,        -3.733,       -0.0000,       -0.0000,    1,        43.938,         1,       2,       2,20250722_TristanCaro,       0,       1
    37,    P-2521,   2025/07/22 19:33:38,           1-03,       1,        -9.915,      7255.892,         19193,      -1,    1,                                        ,                                        ,                 H2O, 1753238324.45,         0.139,        22.596,        96.540,         0.001,        -0.529,         2.290,       213.149,         8.940,         4.424,        94.480,         0.723,       -10.607,       -0.0000,       -0.0000,    1,        43.938,         1,       3,       2,20250722_TristanCaro,       0,       1
    38,    P-2521,   2025/07/22 19:42:38,           1-03,       2,        -9.459,      7447.594,         19252,      -1,    1,                                        ,                                        ,                 H2O, 1753238864.82,         0.131,        22.460,        97.179,         0.000,        -0.533,         2.315,       213.468,        10.010,         4.146,        97.723,         0.723,       -11.016,       -0.0000,       -0.0000,    1,        43.938,         1,       3,       2,20250722_TristanCaro,       0,       1
    39,    P-2521,   2025/07/22 19:51:38,           1-03,       3,        -9.750,      7638.188,         18863,      -1,    1,                                        ,                                        ,                 H2O, 1753239404.85,         0.147,        20.987,        96.716,         0.001,        -0.498,         2.306,       211.102,         9.896,         4.012,        96.934,         0.722,       -11.142,       -0.0000,       -0.0000,    1,        43.875,         1,       3,       2,20250722_TristanCaro,       0,       1
    40,    P-2521,   2025/07/22 20:00:39,           1-03,       4,        -9.790,      7713.654,         18796,       0,    1,                                        ,                                        ,                 H2O, 1753239944.75,         0.133,        19.499,        96.216,         0.001,        -0.463,         2.294,       210.674,         9.386,         4.057,        97.617,         0.722,       -11.097,       -0.0000,       -0.0000,    1,        43.875,         1,       3,       2,20250722_TristanCaro,       0,       1
    41,    P-2521,   2025/07/22 20:09:39,           1-03,       5,        -9.790,      7741.134,         18890,       0,    1,                                        ,                                        ,                 H2O, 1753240485.21,         0.141,        18.445,        92.594,         0.000,        -0.437,         2.205,       211.332,         9.272,         4.127,        97.310,         0.723,       -11.315,       -0.0000,       -0.0000,    1,        43.812,         1,       3,       2,20250722_TristanCaro,       0,       1
    42,    P-2521,   2025/07/22 20:18:38,           1-03,       6,        -9.984,      7766.451,         18829,       0,    1,                                        ,                                        ,                 H2O, 1753241024.69,         0.134,        17.229,        94.515,         0.000,        -0.407,         2.243,       212.151,         4.557,         4.369,       104.425,         0.722,       -10.859,        0.0000,        0.0000,    1,        43.812,         1,       3,       2,20250722_TristanCaro,       0,       1
    43,    P-2521,   2025/07/22 20:27:38,           1-03,       7,       -10.024,      7784.717,         18851,       0,    1,                                        ,                                        ,                 H2O, 1753241564.24,         0.141,        16.630,        94.269,        -0.000,        -0.394,         2.247,       212.569,         3.565,         4.438,       106.694,         0.723,       -10.838,       -0.0000,       -0.0000,    1,        43.812,         1,       3,       2,20250722_TristanCaro,       0,       1
    44,    P-2521,   2025/07/22 20:36:38,           1-03,       8,       -10.046,      7800.512,         18694,       0,    1,                                        ,                                        ,                 H2O, 1753242103.97,         0.141,        15.596,        92.520,         0.000,        -0.368,         2.198,       211.520,         3.371,         4.410,       106.474,         0.722,       -10.662,       -0.0000,       -0.0000,    1,        43.812,         1,       3,       2,20250722_TristanCaro,       0,       1
    45,    P-2521,   2025/07/22 20:45:38,           1-03,       9,       -10.053,      7812.395,         18853,       0,    1,                                        ,                                        ,                 H2O, 1753242644.11,         0.142,        15.125,        91.328,         0.000,        -0.359,         2.178,       212.651,         2.640,         4.544,       106.765,         0.722,       -10.820,       -0.0000,       -0.0000,    1,        43.750,         1,       3,       2,20250722_TristanCaro,       0,       1
    46,    P-2522,   2025/07/22 20:56:55,           1-04,       1,        -8.875,     17643.798,         19197,      -1,    1,                                        ,                                        ,                 H2O, 1753243321.87,         0.253,        51.416,        92.893,        -0.001,        -1.214,         2.217,       222.560,       -19.097,         7.062,       140.587,         0.739,       -22.357,       -0.0000,       -0.0000,    1,        43.750,         1,       4,       2,20250722_TristanCaro,       0,       1
    47,    P-2522,   2025/07/22 21:05:56,           1-04,       2,        -8.788,     18441.806,         18908,      -1,    1,                                        ,                                        ,                 H2O, 1753243862.07,         0.256,        53.369,        89.862,        -0.000,        -1.268,         2.141,       220.527,       -19.923,         7.151,       141.760,         0.740,       -22.483,       -0.0000,       -0.0000,    1,        43.688,         1,       4,       2,20250722_TristanCaro,       0,       1
    48,    P-2522,   2025/07/22 21:14:56,           1-04,       3,        -8.724,     18640.709,         18878,      -1,    1,                                        ,                                        ,                 H2O, 1753244401.59,         0.238,        48.461,        89.408,        -0.000,        -1.150,         2.129,       220.149,       -19.941,         7.178,       143.022,         0.741,       -22.397,        0.0000,        0.0000,    1,        43.750,         1,       4,       2,20250722_TristanCaro,       0,       1
    49,    P-2522,   2025/07/22 21:23:56,           1-04,       4,        -8.775,     18744.291,         18860,       0,    1,                                        ,                                        ,                 H2O, 1753244942.14,         0.261,        44.837,        90.052,        -0.001,        -1.061,         2.142,       220.316,       -20.334,         7.202,       143.844,         0.743,       -22.588,       -0.0000,       -0.0000,    1,        43.750,         1,       4,       2,20250722_TristanCaro,       0,       1
    50,    P-2522,   2025/07/22 21:32:56,           1-04,       5,        -8.760,     18825.892,         18770,       0,    1,                                        ,                                        ,                 H2O, 1753245482.42,         0.242,        41.614,        87.866,         0.001,        -0.989,         2.100,       219.529,       -20.396,         7.176,       144.256,         0.743,       -22.314,       -0.0000,       -0.0000,    1,        43.750,         1,       4,       2,20250722_TristanCaro,       0,       1
    51,    P-2522,   2025/07/22 21:41:56,           1-04,       6,        -8.844,     18873.350,         18865,       0,    1,                                        ,                                        ,                 H2O, 1753246022.49,         0.238,        39.232,        88.004,         0.000,        -0.935,         2.109,       220.794,       -20.242,         7.205,       141.563,         0.741,       -23.289,        0.0000,        0.0000,    1,        43.688,         1,       4,       2,20250722_TristanCaro,       0,       1
    52,    P-2522,   2025/07/22 21:50:56,           1-04,       7,        -8.771,     18909.636,         18765,       0,    1,                                        ,                                        ,                 H2O, 1753246562.07,         0.249,        37.877,        88.790,        -0.001,        -0.896,         2.114,       219.649,       -20.456,         7.179,       142.616,         0.742,       -22.645,        0.0000,        0.0000,    1,        43.750,         1,       4,       2,20250722_TristanCaro,       0,       1
    53,    P-2522,   2025/07/22 21:59:56,           1-04,       8,        -8.880,     18942.162,         18864,       0,    1,                                        ,                                        ,                 H2O, 1753247101.92,         0.256,        35.803,        87.349,         0.000,        -0.849,         2.084,       220.920,       -20.576,         7.239,       141.801,         0.743,       -23.448,       -0.0000,       -0.0000,    1,        43.688,         1,       4,       2,20250722_TristanCaro,       0,       1
    54,    P-2522,   2025/07/22 22:08:57,           1-04,       9,        -8.869,     18965.411,         18765,       0,    1,                                        ,                                        ,                 H2O, 1753247642.52,         0.263,        34.644,        86.664,         0.000,        -0.823,         2.072,       220.138,       -20.518,         7.206,       141.649,         0.742,       -23.408,       -0.0000,       -0.0000,    1,        43.688,         1,       4,       2,20250722_TristanCaro,       0,       1
    55,    P-2523,   2025/07/22 22:20:14,           1-05,       1,        -6.943,     36544.713,         19149,      -1,    1,                                        ,                                        ,                 H2O, 1753248319.87,         0.511,        96.019,        87.098,         0.000,        -2.238,         2.067,       233.426,       -55.137,        12.263,       207.284,         1.048,       -41.012,       -0.0000,       -0.0000,    1,        43.688,         1,       5,       2,20250722_TristanCaro,       0,       1
    56,    P-2523,   2025/07/22 22:29:14,           1-05,       2,        -6.846,     38017.650,         18737,      -1,    1,                                        ,                                        ,                 H2O, 1753248860.39,         0.440,        98.221,        86.919,         0.002,        -2.329,         2.073,       231.028,       -56.368,        12.405,       205.891,         1.070,       -41.676,        0.0000,        0.0000,    1,        43.625,         1,       5,       2,20250722_TristanCaro,       0,       1
    57,    P-2523,   2025/07/22 22:38:14,           1-05,       3,        -6.752,     38391.203,         18692,      -1,    1,                                        ,                                        ,                 H2O, 1753249400.63,         0.463,        92.256,        89.072,         0.000,        -2.145,         2.094,       230.517,       -56.712,        12.428,       205.598,         1.084,       -41.466,       -0.0000,       -0.0000,    1,        43.625,         1,       5,       2,20250722_TristanCaro,       0,       1
    58,    P-2523,   2025/07/22 22:47:15,           1-05,       4,        -6.862,     38567.747,         18695,       0,    1,                                        ,                                        ,                 H2O, 1753249940.39,         0.629,        86.981,        88.707,        -0.001,        -2.021,         2.094,       230.845,       -56.898,        12.516,       206.068,         1.121,       -42.053,        0.0000,        0.0000,    1,        43.625,         1,       5,       2,20250722_TristanCaro,       0,       1
    59,    P-2523,   2025/07/22 22:56:14,           1-05,       5,        -7.124,     38683.871,         18841,       0,    1,                                        ,                                        ,                 H2O, 1753250480.45,         0.619,        83.648,        87.872,        -0.001,        -1.928,         2.060,       232.976,       -59.221,        12.770,       212.617,         1.156,       -43.139,       -0.0000,       -0.0000,    1,        43.625,         1,       5,       2,20250722_TristanCaro,       0,       1
    60,    P-2523,   2025/07/22 23:05:15,           1-05,       6,        -7.141,     38777.071,         18809,       0,    1,                                        ,                                        ,                 H2O, 1753251020.17,         0.725,        79.263,        87.220,        -0.001,        -1.818,         2.060,       232.491,       -58.319,        12.702,       211.944,         1.097,       -42.894,        0.0000,        0.0000,    1,        43.562,         1,       5,       2,20250722_TristanCaro,       0,       1
    61,    P-2523,   2025/07/22 23:14:14,           1-05,       7,        -7.149,     38845.856,         18697,       0,    1,                                        ,                                        ,                 H2O, 1753251559.42,         0.599,        72.856,        85.168,         0.000,        -1.672,         2.010,       231.859,       -58.450,        12.670,       213.578,         1.089,       -43.079,       -0.0000,       -0.0000,    1,        43.625,         1,       5,       2,20250722_TristanCaro,       0,       1
    62,    P-2523,   2025/07/22 23:23:14,           1-05,       8,        -7.210,     38895.490,         18721,       0,    1,                                        ,                                        ,                 H2O, 1753252099.47,         0.569,        69.160,        84.190,         0.001,        -1.598,         1.993,       232.029,       -58.676,        12.708,       216.175,         1.112,       -43.121,       -0.0000,       -0.0000,    1,        43.562,         1,       5,       2,20250722_TristanCaro,       0,       1
    63,    P-2523,   2025/07/22 23:32:13,           1-05,       9,        -7.205,     38945.646,         18779,       0,    1,                                        ,                                        ,                 H2O, 1753252640.27,         0.580,        70.055,        85.636,        -0.001,        -1.618,         2.037,       232.596,       -58.968,        12.767,       215.826,         1.142,       -43.513,       -0.0000,       -0.0000,    1,        43.562,         1,       5,       2,20250722_TristanCaro,       0,       1
    64,    P-2524,   2025/07/22 23:44:28,           1-01,       1,              ,              ,              ,        ,     ,                                        ,                                        ,                 H2O,              ,              ,              ,              ,              ,              ,              ,              ,              ,              ,              ,              ,              ,              ,              ,     ,              ,         1,       1,       3,SyringeCleaning_NMP_mqH2O_5xRinse,       0,       1
    65,    P-2525,   2025/07/22 23:56:49,           1-06,       1,        -4.908,     17205.474,         18980,      -1,    1,                                        ,                                        ,                 H2O, 1753254115.61,         0.284,        16.223,        78.804,         0.000,         0.380,         1.874,       222.814,       -18.733,         7.269,       121.358,         0.737,       -24.031,       -0.0000,       -0.0000,    1,        43.625,         1,       6,       4,20250722_TristanCaro,       0,       1
    66,    P-2525,   2025/07/23 00:05:49,           1-06,       2,        -4.854,     16707.657,         18712,      -1,    1,                                        ,                                        ,                 H2O, 1753254655.30,         0.263,        10.877,        83.174,         0.000,         0.250,         1.973,       219.819,       -17.087,         6.750,       130.535,         0.736,       -21.653,       -0.0000,       -0.0000,    1,        43.625,         1,       6,       4,20250722_TristanCaro,       0,       1
    67,    P-2525,   2025/07/23 00:14:50,           1-06,       3,        -4.692,     16551.011,         18883,      -1,    1,                                        ,                                        ,                 H2O, 1753255195.77,         0.250,         4.665,        81.850,         0.000,         0.086,         1.936,       220.698,       -15.596,         6.833,       120.916,         0.734,       -22.369,       -0.0000,       -0.0000,    1,        43.625,         1,       6,       4,20250722_TristanCaro,       0,       1
    68,    P-2525,   2025/07/23 00:23:50,           1-06,       4,        -4.524,     16486.501,         18583,       0,    1,                                        ,                                        ,                 H2O, 1753255736.39,         0.255,         2.912,        82.092,         0.001,        -0.019,         1.957,       217.908,       -14.367,         6.676,       117.814,         0.733,       -21.647,       -0.0000,       -0.0000,    1,        43.562,         1,       6,       4,20250722_TristanCaro,       0,       1
    69,    P-2525,   2025/07/23 00:32:50,           1-06,       5,        -4.556,     16452.556,         18793,       0,    1,                                        ,                                        ,                 H2O, 1753256276.35,         0.245,         4.609,        82.168,         0.001,        -0.086,         1.949,       219.378,       -15.178,         6.835,       119.653,         0.732,       -21.597,       -0.0000,       -0.0000,    1,        43.562,         1,       6,       4,20250722_TristanCaro,       0,       1
    70,    P-2525,   2025/07/23 00:41:50,           1-06,       6,        -4.582,     16420.091,         18713,       0,    1,                                        ,                                        ,                 H2O, 1753256816.49,         0.242,         6.047,        83.733,         0.000,        -0.124,         1.992,       218.887,       -15.039,         6.759,       119.941,         0.734,       -21.537,        0.0000,        0.0000,    1,        43.625,         1,       6,       4,20250722_TristanCaro,       0,       1
    71,    P-2525,   2025/07/23 00:50:51,           1-06,       7,        -4.565,     16415.562,         18947,       0,    1,                                        ,                                        ,                 H2O, 1753257357.01,         0.256,         8.236,        82.794,         0.001,        -0.180,         1.964,       220.609,       -14.980,         6.836,       119.108,         0.733,       -22.030,       -0.0000,       -0.0000,    1,        43.625,         1,       6,       4,20250722_TristanCaro,       0,       1
    72,    P-2525,   2025/07/23 00:59:51,           1-06,       8,        -4.534,     16408.198,         18947,       0,    1,                                        ,                                        ,                 H2O, 1753257897.12,         0.302,         9.561,        82.673,        -0.000,        -0.215,         1.966,       220.379,       -15.212,         6.840,       121.274,         0.735,       -21.625,       -0.0000,       -0.0000,    1,        43.625,         1,       6,       4,20250722_TristanCaro,       0,       1
    73,    P-2525,   2025/07/23 01:08:51,           1-06,       9,        -4.529,     16399.640,         18746,       0,    1,                                        ,                                        ,                 H2O, 1753258436.87,         0.250,        10.091,        81.768,         0.001,        -0.228,         1.945,       218.930,       -14.701,         6.764,       118.977,         0.734,       -21.605,        0.0000,        0.0000,    1,        43.562,         1,       6,       4,20250722_TristanCaro,       0,       1
    74,    P-2526,   2025/07/23 01:20:08,           1-07,       1,        -4.456,     12982.836,         18700,      -1,    1,                                        ,                                        ,                 H2O, 1753259114.77,         0.192,         3.203,        81.778,         0.001,         0.062,         1.946,       326.000,       -11.408,         5.980,       106.351,         0.727,       -17.726,       -0.0000,       -0.0000,    1,        43.625,         1,       7,       4,20250722_TristanCaro,       0,       1
    75,    P-2526,   2025/07/23 01:29:09,           1-07,       2,        -4.374,     12670.254,         18855,      -1,    1,                                        ,                                        ,                 H2O, 1753259654.48,         0.194,         2.395,        81.087,         0.001,         0.041,         1.941,       327.199,       -11.358,         5.982,       106.549,         0.727,       -17.655,        0.0000,        0.0000,    1,        43.625,         1,       7,       4,20250722_TristanCaro,       0,       1
    76,    P-2526,   2025/07/23 01:38:09,           1-07,       3,        -4.411,     12600.541,         18517,      -1,    1,                                        ,                                        ,                 H2O, 1753260194.91,         0.184,         1.881,        81.172,         0.001,        -0.010,         1.935,       323.398,       -10.164,         5.788,       103.892,         0.726,       -17.201,       -0.0000,       -0.0000,    1,        43.688,         1,       7,       4,20250722_TristanCaro,       0,       1
    77,    P-2526,   2025/07/23 01:47:10,           1-07,       4,        -4.430,     12575.423,         18371,       0,    1,                                        ,                                        ,                 H2O, 1753260736.30,         0.186,         2.610,        80.167,         0.000,        -0.046,         1.918,       322.252,       -10.440,         5.818,       103.608,         0.727,       -16.809,        0.0000,        0.0000,    1,        43.562,         1,       7,       4,20250722_TristanCaro,       0,       1
    78,    P-2526,   2025/07/23 01:56:10,           1-07,       5,        -4.411,     12569.968,         18693,       0,    1,                                        ,                                        ,                 H2O, 1753261275.83,         0.179,         3.730,        80.983,        -0.001,        -0.077,         1.921,       325.953,       -10.884,         5.924,       104.614,         0.726,       -17.388,        0.0000,        0.0000,    1,        43.625,         1,       7,       4,20250722_TristanCaro,       0,       1
    79,    P-2526,   2025/07/23 02:05:10,           1-07,       6,        -4.437,     12560.879,         18549,       0,    1,                                        ,                                        ,                 H2O, 1753261816.03,         0.179,         4.430,        80.527,         0.000,        -0.097,         1.930,       324.526,       -10.723,         5.883,       103.274,         0.726,       -17.358,       -0.0000,       -0.0000,    1,        43.562,         1,       7,       4,20250722_TristanCaro,       0,       1
    80,    P-2526,   2025/07/23 02:14:10,           1-07,       7,        -4.396,     12558.154,         18628,       0,    1,                                        ,                                        ,                 H2O, 1753262356.40,         0.209,         5.136,        79.889,         0.001,        -0.112,         1.903,       325.347,       -10.269,         5.814,       104.379,         0.726,       -17.616,        0.0000,        0.0000,    1,        43.625,         1,       7,       4,20250722_TristanCaro,       0,       1
    81,    P-2526,   2025/07/23 02:23:11,           1-07,       8,        -4.420,     12555.238,         18378,       0,    1,                                        ,                                        ,                 H2O, 1753262896.78,         0.184,         5.571,        79.239,         0.000,        -0.126,         1.907,       322.538,        -9.640,         5.696,       102.461,         0.726,       -17.282,        0.0000,        0.0000,    1,        43.562,         1,       7,       4,20250722_TristanCaro,       0,       1
    82,    P-2526,   2025/07/23 02:32:12,           1-07,       9,        -4.504,     12541.827,         18655,       0,    1,                                        ,                                        ,                 H2O, 1753263437.87,         0.194,         5.809,        79.155,         0.001,        -0.132,         1.895,       326.364,       -10.751,         5.865,       104.457,         0.727,       -17.639,        0.0000,        0.0000,    1,        43.625,         1,       7,       4,20250722_TristanCaro,       0,       1
    83,    P-2527,   2025/07/23 02:43:27,           1-08,       1,        -5.048,     12782.758,         19230,      -1,    1,                                        ,                                        ,                 H2O, 1753264113.58,         0.195,         6.165,        82.083,        -0.000,        -0.135,         1.951,       226.024,        -8.720,         6.241,       108.337,         0.728,       -18.480,       -0.0000,       -0.0000,    1,        43.562,         1,       8,       4,20250722_TristanCaro,       0,       1
    84,    P-2527,   2025/07/23 02:52:27,           1-08,       2,        -4.711,     12743.704,         19500,      -1,    1,                                        ,                                        ,                 H2O, 1753264653.47,         0.186,         7.227,        80.565,         0.001,        -0.165,         1.915,       227.873,        -8.948,         6.302,       109.404,         0.728,       -18.965,        0.0000,        0.0000,    1,        43.562,         1,       8,       4,20250722_TristanCaro,       0,       1
    85,    P-2527,   2025/07/23 03:01:27,           1-08,       3,        -5.028,     13146.745,         19171,      -1,    1,                                        ,                                        ,                 H2O, 1753265193.40,         0.188,         8.823,        80.314,         0.001,        -0.203,         1.912,       225.559,        -9.216,         6.279,       108.243,         0.727,       -19.036,       -0.0000,       -0.0000,    1,        43.562,         1,       8,       4,20250722_TristanCaro,       0,       1
    86,    P-2527,   2025/07/23 03:10:27,           1-08,       4,        -5.027,     13216.219,         19033,       0,    1,                                        ,                                        ,                 H2O, 1753265733.49,         0.203,         9.082,        80.406,         0.000,        -0.209,         1.922,       224.257,        -8.945,         6.224,       108.997,         0.728,       -18.696,        0.0000,        0.0000,    1,        43.562,         1,       8,       4,20250722_TristanCaro,       0,       1
    87,    P-2527,   2025/07/23 03:19:27,           1-08,       5,        -5.020,     13315.666,         18684,       0,    1,                                        ,                                        ,                 H2O, 1753266273.29,         0.209,         9.549,        79.803,         0.000,        -0.221,         1.900,       221.279,        -8.866,         6.146,       107.781,         0.727,       -18.199,        0.0000,        0.0000,    1,        43.562,         1,       8,       4,20250722_TristanCaro,       0,       1
    88,    P-2527,   2025/07/23 03:28:27,           1-08,       6,        -5.035,     13340.174,         18682,       0,    1,                                        ,                                        ,                 H2O, 1753266812.94,         0.186,         9.367,        79.683,         0.001,        -0.217,         1.886,       221.569,        -9.039,         6.112,       107.533,         0.727,       -18.590,       -0.0000,       -0.0000,    1,        43.625,         1,       8,       4,20250722_TristanCaro,       0,       1
    89,    P-2527,   2025/07/23 03:37:27,           1-08,       7,        -4.995,     13354.739,         18572,       0,    1,                                        ,                                        ,                 H2O, 1753267352.81,         0.191,         8.967,        79.926,        -0.000,        -0.209,         1.912,       220.277,        -8.300,         5.998,       107.699,         0.727,       -18.153,       -0.0000,       -0.0000,    1,        43.562,         1,       8,       4,20250722_TristanCaro,       0,       1
    90,    P-2527,   2025/07/23 03:46:27,           1-08,       8,        -5.006,     13364.678,         18704,       0,    1,                                        ,                                        ,                 H2O, 1753267892.73,         0.194,         8.515,        80.296,         0.001,        -0.196,         1.912,       221.485,        -8.502,         6.067,       107.258,         0.727,       -18.641,       -0.0000,       -0.0000,    1,        43.625,         1,       8,       4,20250722_TristanCaro,       0,       1
    91,    P-2527,   2025/07/23 03:55:27,           1-08,       9,        -4.731,     13371.102,         18824,       0,    1,                                        ,                                        ,                 H2O, 1753268433.11,         0.192,         8.795,        79.756,         0.001,        -0.203,         1.900,       220.204,        -4.343,         5.541,       116.404,         0.727,       -17.105,        0.0000,        0.0000,    1,        43.750,         1,       8,       4,20250722_TristanCaro,       0,       1
    92,    P-2528,   2025/07/23 04:06:43,           1-09,       1,              ,              ,              ,        ,     ,                                        ,                                        ,                 H2O,              ,              ,              ,              ,              ,              ,              ,              ,              ,              ,              ,              ,              ,              ,              ,     ,              ,         1,       9,       4,20250722_TristanCaro,       0,       1
    93,    P-2528,   2025/07/23 04:16:47,           1-09,       2,              ,              ,              ,        ,     ,                                        ,                                        ,                 H2O,              ,              ,              ,              ,              ,              ,              ,              ,              ,              ,              ,              ,              ,              ,              ,     ,              ,         1,       9,       4,20250722_TristanCaro,       0,       1
    94,    P-2528,   2025/07/23 04:26:51,           1-09,       3,              ,              ,              ,        ,     ,                                        ,                                        ,                 H2O,              ,              ,              ,              ,              ,              ,              ,              ,              ,              ,              ,              ,              ,              ,              ,     ,              ,         1,       9,       4,20250722_TristanCaro,       0,       1
    95,    P-2528,   2025/07/23 04:36:55,           1-09,       4,              ,              ,              ,        ,     ,                                        ,                                        ,                 H2O,              ,              ,              ,              ,              ,              ,              ,              ,              ,              ,              ,              ,              ,              ,              ,     ,              ,         1,       9,       4,20250722_TristanCaro,       0,       1
    96,    P-2528,   2025/07/23 04:46:59,           1-09,       5,              ,              ,              ,        ,     ,                                        ,                                        ,                 H2O,              ,              ,              ,              ,              ,              ,              ,              ,              ,              ,              ,              ,              ,              ,              ,     ,              ,         1,       9,       4,20250722_TristanCaro,       0,       1
    97,    P-2528,   2025/07/23 04:57:03,           1-09,       6,              ,              ,              ,        ,     ,                                        ,                                        ,                 H2O,              ,              ,              ,              ,              ,              ,              ,              ,              ,              ,              ,              ,              ,              ,              ,     ,              ,         1,       9,       4,20250722_TristanCaro,       0,       1
    98,    P-2528,   2025/07/23 05:07:07,           1-09,       7,              ,              ,              ,        ,     ,                                        ,                                        ,                 H2O,              ,              ,              ,              ,              ,              ,              ,              ,              ,              ,              ,              ,              ,              ,              ,     ,              ,         1,       9,       4,20250722_TristanCaro,       0,       1
    99,    P-2528,   2025/07/23 05:17:11,           1-09,       8,              ,              ,              ,        ,     ,                                        ,                                        ,                 H2O,              ,              ,              ,              ,              ,              ,              ,              ,              ,              ,              ,              ,              ,              ,              ,     ,              ,         1,       9,       4,20250722_TristanCaro,       0,       1
   100,    P-2528,   2025/07/23 05:27:15,           1-09,       9,              ,              ,              ,        ,     ,                                        ,                                        ,                 H2O,              ,              ,              ,              ,              ,              ,              ,              ,              ,              ,              ,              ,              ,              ,              ,     ,              ,         1,       9,       4,20250722_TristanCaro,       0,       1
   101,    P-2529,   2025/07/23 05:39:34,           1-10,       1,        -4.657,     17837.386,         18549,      -1,    1,                                        ,                                        ,                 H2O, 1753274680.64,         0.278,        20.288,        65.139,         0.001,        -0.454,         1.543,       215.299,       -11.117,         6.423,       129.973,         0.736,       -21.019,        0.0000,        0.0000,    1,        43.500,         1,      10,       4,20250722_TristanCaro,       0,       1
   102,    P-2529,   2025/07/23 05:48:35,           1-10,       2,        -4.494,     18510.129,         18624,      -1,    1,                                        ,                                        ,                 H2O, 1753275220.52,         0.250,        27.240,        69.716,         0.001,        -0.643,         1.660,       216.287,       -12.521,         6.654,       130.691,         0.740,       -22.080,       -0.0000,       -0.0000,    1,        43.500,         1,      10,       4,20250722_TristanCaro,       0,       1
   103,    P-2529,   2025/07/23 05:57:35,           1-10,       3,        -4.467,     18680.130,         18658,      -1,    1,                                        ,                                        ,                 H2O, 1753275760.54,         0.298,        26.093,        73.037,         0.000,        -0.612,         1.730,       216.579,       -12.610,         6.677,       131.583,         0.740,       -22.410,        0.0000,        0.0000,    1,        43.438,         1,      10,       4,20250722_TristanCaro,       0,       1
   104,    P-2529,   2025/07/23 06:06:35,           1-10,       4,        -4.469,     18747.079,         18750,       0,    1,                                        ,                                        ,                 H2O, 1753276301.56,         0.253,        23.050,        75.182,        -0.000,        -0.544,         1.799,       217.332,       -13.342,         6.745,       132.384,         0.737,       -22.698,       -0.0000,       -0.0000,    1,        43.438,         1,      10,       4,20250722_TristanCaro,       0,       1
   105,    P-2529,   2025/07/23 06:15:36,           1-10,       5,        -4.483,     18798.880,         18529,       0,    1,                                        ,                                        ,                 H2O, 1753276842.50,         0.253,        21.739,        75.558,         0.000,        -0.509,         1.799,       215.532,       -12.829,         6.680,       131.306,         0.741,       -22.148,       -0.0000,       -0.0000,    1,        43.438,         1,      10,       4,20250722_TristanCaro,       0,       1
   106,    P-2529,   2025/07/23 06:24:36,           1-10,       6,        -4.454,     18836.242,         18809,       0,    1,                                        ,                                        ,                 H2O, 1753277382.18,         0.250,        20.163,        76.290,         0.000,        -0.471,         1.814,       217.586,       -13.289,         6.785,       133.161,         0.741,       -22.677,       -0.0000,       -0.0000,    1,        43.438,         1,      10,       4,20250722_TristanCaro,       0,       1
   107,    P-2529,   2025/07/23 06:33:37,           1-10,       7,        -4.469,     18856.457,         18758,       0,    1,                                        ,                                        ,                 H2O, 1753277923.47,         0.245,        19.613,        77.548,        -0.000,        -0.458,         1.843,       217.272,       -13.480,         6.777,       133.084,         0.738,       -22.669,       -0.0000,       -0.0000,    1,        43.438,         1,      10,       4,20250722_TristanCaro,       0,       1
   108,    P-2529,   2025/07/23 06:42:37,           1-10,       8,        -4.481,     18874.417,         18646,       0,    1,                                        ,                                        ,                 H2O, 1753278463.60,         0.241,        18.765,        75.114,         0.001,        -0.439,         1.789,       216.499,       -13.506,         6.742,       132.104,         0.741,       -22.520,       -0.0000,       -0.0000,    1,        43.500,         1,      10,       4,20250722_TristanCaro,       0,       1
   109,    P-2529,   2025/07/23 06:51:38,           1-10,       9,        -4.928,     18880.118,         18518,       0,    1,                                        ,                                        ,                 H2O, 1753279003.82,         0.245,        18.474,        76.350,        -0.000,        -0.432,         1.816,       217.141,       -18.381,         6.991,       139.242,         0.738,       -22.258,       -0.0000,       -0.0000,    1,        43.438,         1,      10,       4,20250722_TristanCaro,       0,       1
   110,    P-2530,   2025/07/23 07:02:54,           1-11,       1,        -4.466,     17268.352,         18813,      -1,    1,                                        ,                                        ,                 H2O, 1753279680.28,         0.233,        11.277,        77.946,         0.000,        -0.260,         1.860,       216.898,       -10.441,         6.366,       127.826,         0.736,       -21.211,       -0.0000,       -0.0000,    1,        43.500,         1,      11,       4,20250722_TristanCaro,       0,       1
   111,    P-2530,   2025/07/23 07:11:55,           1-11,       2,        -4.459,     17106.583,         18651,      -1,    1,                                        ,                                        ,                 H2O, 1753280220.81,         0.232,        11.361,        77.882,         0.001,        -0.262,         1.854,       215.457,       -10.043,         6.292,       126.823,         0.734,       -20.710,        0.0000,        0.0000,    1,        43.375,         1,      11,       4,20250722_TristanCaro,       0,       1
   112,    P-2530,   2025/07/23 07:20:55,           1-11,       3,        -4.839,     17094.177,         18415,      -1,    1,                                        ,                                        ,                 H2O, 1753280761.37,         0.213,        11.659,        77.607,         0.000,        -0.270,         1.861,       215.200,       -15.083,         6.510,       133.895,         0.733,       -20.092,        0.0000,        0.0000,    1,        43.438,         1,      11,       4,20250722_TristanCaro,       0,       1
   113,    P-2530,   2025/07/23 07:29:55,           1-11,       4,        -4.924,     17108.382,         18927,       0,    1,                                        ,                                        ,                 H2O, 1753281301.37,         0.224,        12.835,        76.071,         0.000,        -0.298,         1.812,       219.647,       -16.171,         6.721,       135.144,         0.734,       -21.482,       -0.0000,       -0.0000,    1,        43.438,         1,      11,       4,20250722_TristanCaro,       0,       1
   114,    P-2530,   2025/07/23 07:38:55,           1-11,       5,        -4.893,     17115.364,         18670,       0,    1,                                        ,                                        ,                 H2O, 1753281841.21,         0.228,        12.395,        78.305,        -0.000,        -0.287,         1.873,       217.276,       -15.752,         6.628,       135.601,         0.734,       -20.528,       -0.0000,       -0.0000,    1,        43.500,         1,      11,       4,20250722_TristanCaro,       0,       1
   115,    P-2530,   2025/07/23 07:47:55,           1-11,       6,        -4.952,     17122.154,         18622,       0,    1,                                        ,                                        ,                 H2O, 1753282381.48,         0.250,        12.296,        77.225,         0.000,        -0.281,         1.839,       217.302,       -16.390,         6.676,       135.118,         0.733,       -20.838,       -0.0000,       -0.0000,    1,        43.438,         1,      11,       4,20250722_TristanCaro,       0,       1
   116,    P-2530,   2025/07/23 07:56:55,           1-11,       7,        -4.921,     17135.093,         18785,       0,    1,                                        ,                                        ,                 H2O, 1753282921.49,         0.236,        12.515,        75.809,        -0.000,        -0.289,         1.814,       218.381,       -16.682,         6.758,       136.571,         0.734,       -20.793,       -0.0000,       -0.0000,    1,        43.500,         1,      11,       4,20250722_TristanCaro,       0,       1
   117,    P-2530,   2025/07/23 08:05:55,           1-11,       8,        -4.962,     17140.490,         18793,       0,    1,                                        ,                                        ,                 H2O, 1753283461.21,         0.253,        12.839,        75.124,         0.001,        -0.299,         1.796,       218.741,       -16.866,         6.741,       136.019,         0.734,       -21.139,       -0.0000,       -0.0000,    1,        43.500,         1,      11,       4,20250722_TristanCaro,       0,       1
   118,    P-2530,   2025/07/23 08:14:55,           1-11,       9,        -4.962,     17143.481,         18520,       0,    1,                                        ,                                        ,                 H2O, 1753284001.20,         0.280,        12.050,        77.332,        -0.000,        -0.278,         1.849,       216.455,       -16.170,         6.618,       136.035,         0.734,       -20.535,       -0.0000,       -0.0000,    1,        43.562,         1,      11,       4,20250722_TristanCaro,       0,       1
   119,    P-2531,   2025/07/23 08:26:12,           1-12,       1,        -6.365,     21019.681,         18798,      -1,    1,                                        ,                                        ,                 H2O, 1753284678.80,         0.313,        24.717,        75.129,         0.001,        -0.577,         1.799,       223.673,       -25.207,         7.799,       151.251,         0.748,       -25.277,       -0.0000,       -0.0000,    1,        43.562,         1,      12,       4,20250722_TristanCaro,       0,       1
   120,    P-2531,   2025/07/23 08:35:12,           1-12,       2,        -6.318,     21000.595,         18908,      -1,    1,                                        ,                                        ,                 H2O, 1753285218.63,         0.334,        25.315,        75.805,        -0.000,        -0.594,         1.803,       224.804,       -26.087,         7.916,       151.931,         0.748,       -25.650,        0.0000,        0.0000,    1,        43.500,         1,      12,       4,20250722_TristanCaro,       0,       1
   121,    P-2531,   2025/07/23 08:44:13,           1-12,       3,        -6.408,     21394.726,         18592,      -1,    1,                                        ,                                        ,                 H2O, 1753285759.42,         0.354,        23.809,        75.058,         0.001,        -0.554,         1.794,       222.359,       -25.718,         7.844,       151.701,         0.749,       -25.279,        0.0000,        0.0000,    1,        43.500,         1,      12,       4,20250722_TristanCaro,       0,       1
   122,    P-2531,   2025/07/23 08:53:14,           1-12,       4,        -6.344,     21474.265,         18539,       0,    1,                                        ,                                        ,                 H2O, 1753286300.25,         0.340,        22.996,        74.709,         0.001,        -0.534,         1.777,       221.792,       -25.355,         7.809,       150.549,         0.748,       -25.163,       -0.0000,       -0.0000,    1,        43.500,         1,      12,       4,20250722_TristanCaro,       0,       1
   123,    P-2531,   2025/07/23 09:02:14,           1-12,       5,        -6.338,     21524.882,         18624,       0,    1,                                        ,                                        ,                 H2O, 1753286840.04,         0.302,        21.567,        74.095,         0.001,        -0.500,         1.768,       222.382,       -25.609,         7.837,       152.529,         0.750,       -25.299,       -0.0000,       -0.0000,    1,        43.500,         1,      12,       4,20250722_TristanCaro,       0,       1
   124,    P-2531,   2025/07/23 09:11:15,           1-12,       6,        -6.350,     21547.098,         18440,       0,    1,                                        ,                                        ,                 H2O, 1753287381.36,         0.307,        21.002,        74.025,         0.001,        -0.491,         1.775,       220.786,       -25.301,         7.782,       152.527,         0.750,       -24.661,       -0.0000,       -0.0000,    1,        43.562,         1,      12,       4,20250722_TristanCaro,       0,       1
   125,    P-2531,   2025/07/23 09:20:15,           1-12,       7,        -6.369,     21578.105,         18648,       0,    1,                                        ,                                        ,                 H2O, 1753287920.98,         0.299,        20.398,        74.154,         0.001,        -0.473,         1.760,       222.575,       -25.599,         7.874,       152.626,         0.750,       -25.384,        0.0000,        0.0000,    1,        43.500,         1,      12,       4,20250722_TristanCaro,       0,       1
   126,    P-2531,   2025/07/23 09:29:15,           1-12,       8,        -6.290,     21594.315,         18468,       0,    1,                                        ,                                        ,                 H2O, 1753288461.16,         0.295,        19.924,        74.273,         0.001,        -0.462,         1.773,       220.788,       -24.543,         7.764,       150.655,         0.746,       -24.664,       -0.0000,       -0.0000,    1,        43.562,         1,      12,       4,20250722_TristanCaro,       0,       1
   127,    P-2531,   2025/07/23 09:38:16,           1-12,       9,        -6.321,     21610.188,         18611,       0,    1,                                        ,                                        ,                 H2O, 1753289001.62,         0.280,        18.041,        76.612,         0.001,        -0.412,         1.827,       221.990,       -25.030,         7.818,       152.033,         0.751,       -25.086,       -0.0000,       -0.0000,    1,        43.625,         1,      12,       4,20250722_TristanCaro,       0,       1
   128,    P-2532,   2025/07/23 09:49:32,           1-13,       1,        -6.558,     21806.816,         18997,      -1,    1,                                        ,                                        ,                 H2O, 1753289678.80,         0.280,        18.014,        75.870,         0.001,        -0.413,         1.803,       224.725,       -26.872,         8.091,       154.490,         0.756,       -26.472,       -0.0000,       -0.0000,    1,        43.688,         1,      13,       4,20250722_TristanCaro,       0,       1
   129,    P-2532,   2025/07/23 09:58:33,           1-13,       2,        -6.492,     21792.369,         18699,      -1,    1,                                        ,                                        ,                 H2O, 1753290218.69,         0.289,        18.110,        78.668,         0.000,        -0.413,         1.864,       222.129,       -26.667,         7.971,       154.775,         0.756,       -25.514,       -0.0000,       -0.0000,    1,        43.750,         1,      13,       4,20250722_TristanCaro,       0,       1
   130,    P-2532,   2025/07/23 10:07:33,           1-13,       3,        -6.495,     21790.658,         18644,      -1,    1,                                        ,                                        ,                 H2O, 1753290759.23,         0.258,        17.066,        75.509,         0.001,        -0.392,         1.809,       221.616,       -25.630,         7.910,       152.576,         0.753,       -25.529,        0.0000,        0.0000,    1,        43.938,         1,      13,       4,20250722_TristanCaro,       0,       1
   131,    P-2532,   2025/07/23 10:16:33,           1-13,       4,        -6.506,     21845.790,         18783,       0,    1,                                        ,                                        ,                 H2O, 1753291299.39,         0.291,        18.556,        74.398,         0.001,        -0.430,         1.774,       222.808,       -26.574,         8.005,       153.896,         0.753,       -25.843,       -0.0000,       -0.0000,    1,        43.875,         1,      13,       4,20250722_TristanCaro,       0,       1
   132,    P-2532,   2025/07/23 10:25:33,           1-13,       5,        -6.409,     21869.915,         18533,       0,    1,                                        ,                                        ,                 H2O, 1753291839.22,         0.277,        17.513,        77.261,        -0.000,        -0.400,         1.838,       220.362,       -25.292,         7.835,       153.064,         0.752,       -24.991,        0.0000,        0.0000,    1,        43.812,         1,      13,       4,20250722_TristanCaro,       0,       1
   133,    P-2532,   2025/07/23 10:34:33,           1-13,       6,        -6.321,     21896.418,         18775,       0,    1,                                        ,                                        ,                 H2O, 1753292379.36,         0.297,        17.629,        78.022,        -0.000,        -0.401,         1.857,       221.692,       -26.076,         7.934,       157.451,         0.752,       -24.657,        0.0000,        0.0000,    1,        43.750,         1,      13,       4,20250722_TristanCaro,       0,       1
   134,    P-2532,   2025/07/23 10:43:33,           1-13,       7,        -6.409,     21897.595,         18685,       0,    1,                                        ,                                        ,                 H2O, 1753292919.81,         0.336,        17.615,        74.934,         0.001,        -0.399,         1.779,       221.212,       -25.235,         7.905,       153.355,         0.750,       -25.064,        0.0000,        0.0000,    1,        43.750,         1,      13,       4,20250722_TristanCaro,       0,       1
   135,    P-2532,   2025/07/23 10:52:35,           1-13,       8,        -6.385,     21916.533,         18893,       0,    1,                                        ,                                        ,                 H2O, 1753293460.46,         0.322,        17.470,        77.002,        -0.000,        -0.398,         1.832,       223.057,       -25.909,         7.998,       154.184,         0.753,       -25.580,       -0.0000,       -0.0000,    1,        43.750,         1,      13,       4,20250722_TristanCaro,       0,       1
   136,    P-2532,   2025/07/23 11:01:35,           1-13,       9,        -6.378,     21915.333,         18537,       0,    1,                                        ,                                        ,                 H2O, 1753294000.78,         0.296,        16.965,        73.389,         0.001,        -0.387,         1.753,       220.172,       -24.776,         7.817,       152.170,         0.749,       -24.887,       -0.0000,       -0.0000,    1,        43.750,         1,      13,       4,20250722_TristanCaro,       0,       1
   137,    P-2533,   2025/07/23 11:12:53,           1-14,       1,        -6.381,     22009.634,         18997,      -1,    1,                                        ,                                        ,                 H2O, 1753294678.67,         0.296,        15.502,        77.568,        -0.000,        -0.352,         1.845,       223.582,       -26.799,         8.103,       155.936,         0.754,       -25.896,       -0.0000,       -0.0000,    1,        43.750,         1,      14,       4,20250722_TristanCaro,       0,       1
   138,    P-2533,   2025/07/23 11:21:53,           1-14,       2,        -6.347,     21979.545,         18867,      -1,    1,                                        ,                                        ,                 H2O, 1753295219.58,         0.302,        16.829,        76.498,        -0.001,        -0.381,         1.807,       222.432,       -26.224,         8.024,       155.437,         0.754,       -25.536,        0.0000,        0.0000,    1,        43.812,         1,      14,       4,20250722_TristanCaro,       0,       1
   139,    P-2533,   2025/07/23 11:30:54,           1-14,       3,        -6.353,     22002.908,         18828,      -1,    1,                                        ,                                        ,                 H2O, 1753295759.53,         0.272,        17.363,        74.812,        -0.000,        -0.398,         1.776,       222.159,       -25.714,         8.005,       154.402,         0.755,       -25.521,        0.0000,        0.0000,    1,        43.750,         1,      14,       4,20250722_TristanCaro,       0,       1
   140,    P-2533,   2025/07/23 11:39:55,           1-14,       4,        -6.329,     22029.701,         18623,       0,    1,                                        ,                                        ,                 H2O, 1753296300.29,         0.287,        15.705,        77.156,        -0.001,        -0.358,         1.843,       220.709,       -25.154,         7.906,       152.976,         0.747,       -25.521,       -0.0000,       -0.0000,    1,        43.688,         1,      14,       4,20250722_TristanCaro,       0,       1
   141,    P-2533,   2025/07/23 11:48:55,           1-14,       5,        -6.373,     22049.344,         18570,       0,    1,                                        ,                                        ,                 H2O, 1753296841.37,         0.313,        14.518,        75.414,         0.002,        -0.324,         1.802,       220.313,       -25.406,         7.904,       153.181,         0.754,       -25.254,        0.0000,        0.0000,    1,        43.688,         1,      14,       4,20250722_TristanCaro,       0,       1
   142,    P-2533,   2025/07/23 11:57:55,           1-14,       6,        -6.346,     22069.341,         18855,       0,    1,                                        ,                                        ,                 H2O, 1753297381.52,         0.258,        15.544,        73.358,         0.001,        -0.355,         1.751,       222.415,       -26.578,         8.055,       156.869,         0.758,       -25.594,       -0.0000,       -0.0000,    1,        43.688,         1,      14,       4,20250722_TristanCaro,       0,       1
   143,    P-2533,   2025/07/23 12:06:56,           1-14,       7,        -6.350,     22083.409,         18783,       0,    1,                                        ,                                        ,                 H2O, 1753297921.76,         0.265,        16.316,        73.294,         0.001,        -0.375,         1.748,       221.944,       -26.244,         8.031,       155.199,         0.754,       -25.602,       -0.0000,       -0.0000,    1,        43.688,         1,      14,       4,20250722_TristanCaro,       0,       1
   144,    P-2533,   2025/07/23 12:15:56,           1-14,       8,        -6.346,     22090.637,         18718,       0,    1,                                        ,                                        ,                 H2O, 1753298462.08,         0.280,        14.802,        76.728,         0.000,        -0.333,         1.827,       221.492,       -26.015,         7.992,       154.706,         0.752,       -25.502,       -0.0000,       -0.0000,    1,        43.812,         1,      14,       4,20250722_TristanCaro,       0,       1
   145,    P-2533,   2025/07/23 12:24:57,           1-14,       9,        -6.370,     22090.319,         18754,       0,    1,                                        ,                                        ,                 H2O, 1753299003.28,         0.332,        14.025,        75.230,         0.002,        -0.313,         1.798,       221.833,       -26.677,         8.033,       155.899,         0.762,       -25.598,        0.0000,        0.0000,    1,        43.875,         1,      14,       4,20250722_TristanCaro,       0,       1
   146,    P-2534,   2025/07/23 12:36:12,           1-15,       1,        -6.561,     22795.341,         18963,      -1,    1,                                        ,                                        ,                 H2O, 1753299678.69,         0.270,        17.360,        74.834,         0.000,        -0.392,         1.769,       223.426,       -27.751,         8.278,       158.743,         0.762,       -26.588,        0.0000,        0.0000,    1,        43.875,         1,      15,       4,20250722_TristanCaro,       0,       1
   147,    P-2534,   2025/07/23 12:45:13,           1-15,       2,        -6.518,     22822.130,         18779,      -1,    1,                                        ,                                        ,                 H2O, 1753300218.54,         0.288,        16.444,        73.521,         0.002,        -0.373,         1.754,       221.922,       -27.167,         8.193,       156.771,         0.760,       -26.310,       -0.0000,       -0.0000,    1,        43.812,         1,      15,       4,20250722_TristanCaro,       0,       1
   148,    P-2534,   2025/07/23 12:54:13,           1-15,       3,        -6.575,     22856.195,         18713,      -1,    1,                                        ,                                        ,                 H2O, 1753300760.11,         0.286,        16.766,        76.866,         0.000,        -0.378,         1.832,       221.737,       -27.715,         8.225,       156.950,         0.763,       -26.397,       -0.0000,       -0.0000,    1,        43.875,         1,      15,       4,20250722_TristanCaro,       0,       1
   149,    P-2534,   2025/07/23 13:03:13,           1-15,       4,        -6.559,     22888.864,         18850,       0,    1,                                        ,                                        ,                 H2O, 1753301299.50,         0.306,        16.778,        76.737,        -0.001,        -0.381,         1.832,       222.702,       -27.914,         8.266,       159.322,         0.764,       -26.591,       -0.0000,       -0.0000,    1,        43.875,         1,      15,       4,20250722_TristanCaro,       0,       1
   150,    P-2534,   2025/07/23 13:12:13,           1-15,       5,        -6.552,     22903.626,         18721,       0,    1,                                        ,                                        ,                 H2O, 1753301839.07,         0.298,        16.519,        75.572,        -0.000,        -0.368,         1.801,       221.752,       -27.968,         8.263,       158.033,         0.763,       -26.344,       -0.0000,       -0.0000,    1,        43.875,         1,      15,       4,20250722_TristanCaro,       0,       1
   151,    P-2534,   2025/07/23 13:21:13,           1-15,       6,        -6.594,     22924.460,         18761,       0,    1,                                        ,                                        ,                 H2O, 1753302379.67,         0.293,        16.216,        75.834,        -0.001,        -0.367,         1.813,       222.163,       -27.732,         8.230,       157.104,         0.763,       -26.680,       -0.0000,       -0.0000,    1,        43.875,         1,      15,       4,20250722_TristanCaro,       0,       1
   152,    P-2534,   2025/07/23 13:30:13,           1-15,       7,        -6.523,     22940.813,         18614,       0,    1,                                        ,                                        ,                 H2O, 1753302918.91,         0.311,        15.075,        76.247,         0.000,        -0.330,         1.812,       220.646,       -27.519,         8.159,       158.258,         0.764,       -25.886,       -0.0000,       -0.0000,    1,        43.875,         1,      15,       4,20250722_TristanCaro,       0,       1
   153,    P-2534,   2025/07/23 13:39:14,           1-15,       8,        -6.604,     22951.267,         18824,       0,    1,                                        ,                                        ,                 H2O, 1753303459.97,         0.306,        15.393,        74.944,         0.001,        -0.339,         1.781,       222.677,       -27.838,         8.286,       156.867,         0.762,       -26.903,       -0.0000,       -0.0000,    1,        43.812,         1,      15,       4,20250722_TristanCaro,       0,       1
   154,    P-2534,   2025/07/23 13:48:15,           1-15,       9,        -6.567,     22957.977,         18697,       0,    1,                                        ,                                        ,                 H2O, 1753304000.80,         0.312,        15.401,        75.936,        -0.000,        -0.344,         1.801,       221.534,       -27.776,         8.225,       157.777,         0.762,       -26.384,       -0.0000,       -0.0000,    1,        44.000,         1,      15,       4,20250722_TristanCaro,       0,       1
   155,    P-2535,   2025/07/23 13:59:30,           1-16,       1,        -6.303,     21257.520,         19109,      -1,    1,                                        ,                                        ,                 H2O, 1753304676.02,         0.272,         8.814,        74.162,        -0.000,        -0.182,         1.762,       223.414,       -25.673,         7.980,       153.553,         0.759,       -25.638,       -0.0000,       -0.0000,    1,        44.000,         1,      16,       4,20250722_TristanCaro,       0,       1
   156,    P-2535,   2025/07/23 14:08:29,           1-16,       2,        -6.184,     21081.118,         18626,      -1,    1,                                        ,                                        ,                 H2O, 1753305215.17,         0.279,         8.952,        76.768,        -0.000,        -0.186,         1.825,       219.446,       -24.225,         7.720,       150.052,         0.751,       -24.604,       -0.0000,       -0.0000,    1,        43.938,         1,      16,       4,20250722_TristanCaro,       0,       1
   157,    P-2535,   2025/07/23 14:17:29,           1-16,       3,        -6.242,     21075.837,         18560,      -1,    1,                                        ,                                        ,                 H2O, 1753305755.46,         0.278,        10.747,        73.643,        -0.000,        -0.232,         1.755,       218.892,       -24.038,         7.684,       150.341,         0.752,       -24.340,        0.0000,        0.0000,    1,        43.938,         1,      16,       4,20250722_TristanCaro,       0,       1
   158,    P-2535,   2025/07/23 14:26:29,           1-16,       4,        -6.129,     21086.596,         18575,       0,    1,                                        ,                                        ,                 H2O, 1753306294.94,         0.284,        10.542,        76.869,         0.000,        -0.226,         1.826,       218.805,       -23.293,         7.643,       149.157,         0.753,       -24.290,        0.0000,        0.0000,    1,        44.062,         1,      16,       4,20250722_TristanCaro,       0,       1
   159,    P-2535,   2025/07/23 14:35:29,           1-16,       5,        -6.158,     21106.053,         18688,       0,    1,                                        ,                                        ,                 H2O, 1753306834.79,         0.256,        10.621,        75.929,        -0.000,        -0.230,         1.809,       219.660,       -23.938,         7.708,       150.315,         0.755,       -24.558,       -0.0000,       -0.0000,    1,        44.062,         1,      16,       4,20250722_TristanCaro,       0,       1
   160,    P-2535,   2025/07/23 14:44:29,           1-16,       6,        -6.165,     21107.351,         18495,       0,    1,                                        ,                                        ,                 H2O, 1753307375.68,         0.264,        10.170,        75.602,         0.000,        -0.222,         1.797,       217.914,       -23.525,         7.630,       152.067,         0.754,       -23.781,       -0.0000,       -0.0000,    1,        44.062,         1,      16,       4,20250722_TristanCaro,       0,       1
   161,    P-2535,   2025/07/23 14:53:30,           1-16,       7,        -6.281,     21117.294,         18706,       0,    1,                                        ,                                        ,                 H2O, 1753307915.36,         0.270,        10.125,        75.245,         0.001,        -0.217,         1.800,       220.068,       -24.121,         7.758,       151.001,         0.754,       -24.745,       -0.0000,       -0.0000,    1,        44.062,         1,      16,       4,20250722_TristanCaro,       0,       1
   162,    P-2535,   2025/07/23 15:02:29,           1-16,       8,        -6.101,     21127.278,         18448,       0,    1,                                        ,                                        ,                 H2O, 1753308455.27,         0.287,        10.964,        76.249,         0.000,        -0.235,         1.823,       217.718,       -23.359,         7.600,       150.523,         0.753,       -23.880,       -0.0000,       -0.0000,    1,        44.000,         1,      16,       4,20250722_TristanCaro,       0,       1
   163,    P-2535,   2025/07/23 15:11:30,           1-16,       9,        -6.269,     21121.940,         18762,       0,    1,                                        ,                                        ,                 H2O, 1753308995.27,         0.284,        11.036,        74.098,         0.001,        -0.245,         1.770,       220.613,       -25.058,         7.818,       152.061,         0.757,       -24.780,       -0.0000,       -0.0000,    1,        44.062,         1,      16,       4,20250722_TristanCaro,       0,       1
   164,    P-2536,   2025/07/23 15:22:45,           1-17,       1,        -6.330,     21247.839,         19015,      -1,    1,                                        ,                                        ,                 H2O, 1753309671.34,         0.271,        10.292,        72.820,         0.001,        -0.220,         1.731,       222.768,       -25.418,         7.935,       152.512,         0.757,       -25.507,       -0.0000,       -0.0000,    1,        44.062,         1,      17,       4,20250722_TristanCaro,       0,       1
   165,    P-2536,   2025/07/23 15:31:46,           1-17,       2,        -6.221,     21224.867,         18761,      -1,    1,                                        ,                                        ,                 H2O, 1753310211.27,         0.261,        11.013,        75.079,         0.001,        -0.238,         1.791,       220.463,       -24.149,         7.767,       151.373,         0.759,       -24.816,       -0.0000,       -0.0000,    1,        44.062,         1,      17,       4,20250722_TristanCaro,       0,       1
   166,    P-2536,   2025/07/23 15:40:45,           1-17,       3,        -6.220,     21247.914,         18812,      -1,    1,                                        ,                                        ,                 H2O, 1753310751.13,         0.312,        11.344,        74.643,         0.001,        -0.244,         1.777,       220.532,       -23.945,         7.757,       152.745,         0.752,       -24.545,       -0.0000,       -0.0000,    1,        44.062,         1,      17,       4,20250722_TristanCaro,       0,       1
   167,    P-2536,   2025/07/23 15:49:46,           1-17,       4,        -6.235,     21269.212,         18852,       0,    1,                                        ,                                        ,                 H2O, 1753311291.80,         0.292,        11.164,        74.678,         0.000,        -0.239,         1.780,       221.139,       -24.333,         7.807,       151.659,         0.755,       -25.083,       -0.0000,       -0.0000,    1,        44.000,         1,      17,       4,20250722_TristanCaro,       0,       1
   168,    P-2536,   2025/07/23 15:58:46,           1-17,       5,        -6.214,     21300.347,         18751,       0,    1,                                        ,                                        ,                 H2O, 1753311832.22,         0.309,        12.320,        76.022,        -0.001,        -0.268,         1.816,       220.389,       -24.568,         7.784,       152.458,         0.758,       -24.762,       -0.0000,       -0.0000,    1,        44.000,         1,      17,       4,20250722_TristanCaro,       0,       1
   169,    P-2536,   2025/07/23 16:07:47,           1-17,       6,        -6.224,     21308.835,         18715,       0,    1,                                        ,                                        ,                 H2O, 1753312373.09,         0.288,        11.123,        75.252,         0.001,        -0.237,         1.797,       220.077,       -24.266,         7.764,       152.076,         0.753,       -24.698,       -0.0000,       -0.0000,    1,        44.062,         1,      17,       4,20250722_TristanCaro,       0,       1
   170,    P-2536,   2025/07/23 16:16:47,           1-17,       7,        -6.264,     21316.895,         18804,       0,    1,                                        ,                                        ,                 H2O, 1753312913.28,         0.290,        10.953,        75.545,         0.001,        -0.235,         1.793,       220.902,       -25.065,         7.846,       153.342,         0.758,       -24.879,       -0.0000,       -0.0000,    1,        44.000,         1,      17,       4,20250722_TristanCaro,       0,       1
   171,    P-2536,   2025/07/23 16:25:47,           1-17,       8,        -6.152,     21324.629,         18717,       0,    1,                                        ,                                        ,                 H2O, 1753313453.78,         0.328,        11.484,        75.641,         0.000,        -0.247,         1.799,       219.632,       -23.835,         7.734,       152.334,         0.753,       -24.423,        0.0000,        0.0000,    1,        44.000,         1,      17,       4,20250722_TristanCaro,       0,       1
   172,    P-2536,   2025/07/23 16:34:48,           1-17,       9,        -6.209,     21322.230,         18530,       0,    1,                                        ,                                        ,                 H2O, 1753313993.80,         0.288,        10.575,        74.986,         0.001,        -0.227,         1.789,       218.588,       -24.175,         7.685,       152.040,         0.752,       -24.312,        0.0000,        0.0000,    1,        44.000,         1,      17,       4,20250722_TristanCaro,       0,       1
   173,    P-2537,   2025/07/23 16:46:04,           1-18,       1,        -6.011,     18485.740,         19025,      -1,    1,                                        ,                                        ,                 H2O, 1753314669.77,         0.244,         3.416,        75.782,         0.000,         0.018,         1.804,       221.576,       -20.062,         7.182,       144.173,         0.741,       -22.820,        0.0000,        0.0000,    1,        44.000,         1,      18,       4,20250722_TristanCaro,       0,       1
   174,    P-2537,   2025/07/23 16:55:04,           1-18,       2,        -6.012,     18212.207,         18575,      -1,    1,                                        ,                                        ,                 H2O, 1753315209.63,         0.238,         3.382,        74.835,         0.000,        -0.001,         1.790,       217.877,       -18.440,         6.933,       139.992,         0.738,       -21.679,       -0.0000,       -0.0000,    1,        43.938,         1,      18,       4,20250722_TristanCaro,       0,       1
   175,    P-2537,   2025/07/23 17:04:04,           1-18,       3,        -5.950,     18173.029,         18633,      -1,    1,                                        ,                                        ,                 H2O, 1753315750.68,         0.255,         3.760,        74.839,         0.000,        -0.026,         1.789,       217.975,       -18.080,         6.907,       141.347,         0.738,       -21.337,       -0.0000,       -0.0000,    1,        43.938,         1,      18,       4,20250722_TristanCaro,       0,       1
   176,    P-2537,   2025/07/23 17:13:05,           1-18,       4,        -5.949,     18169.535,         18412,       0,    1,                                        ,                                        ,                 H2O, 1753316291.15,         0.247,         3.440,        72.636,         0.002,        -0.032,         1.736,       216.216,       -17.510,         6.790,       140.138,         0.738,       -21.029,       -0.0000,       -0.0000,    1,        43.875,         1,      18,       4,20250722_TristanCaro,       0,       1
   177,    P-2537,   2025/07/23 17:22:05,           1-18,       5,        -5.991,     18185.448,         18832,       0,    1,                                        ,                                        ,                 H2O, 1753316831.43,         0.249,         5.322,        73.712,        -0.000,        -0.095,         1.760,       219.707,       -18.331,         6.991,       140.787,         0.738,       -22.096,       -0.0000,       -0.0000,    1,        43.812,         1,      18,       4,20250722_TristanCaro,       0,       1
   178,    P-2537,   2025/07/23 17:31:05,           1-18,       6,        -5.988,     18189.563,         18713,       0,    1,                                        ,                                        ,                 H2O, 1753317371.84,         0.237,         4.735,        74.572,         0.000,        -0.078,         1.777,       218.797,       -18.086,         6.938,       139.600,         0.736,       -21.955,       -0.0000,       -0.0000,    1,        43.875,         1,      18,       4,20250722_TristanCaro,       0,       1
   179,    P-2537,   2025/07/23 17:40:05,           1-18,       7,        -5.993,     18190.538,         18470,       0,    1,                                        ,                                        ,                 H2O, 1753317911.94,         0.230,         5.681,        73.700,        -0.000,        -0.113,         1.758,       217.042,       -17.907,         6.837,       140.012,         0.736,       -21.487,       -0.0000,       -0.0000,    1,        43.812,         1,      18,       4,20250722_TristanCaro,       0,       1
   180,    P-2537,   2025/07/23 17:49:06,           1-18,       8,        -5.988,     18193.791,         18786,       0,    1,                                        ,                                        ,                 H2O, 1753318452.67,         0.255,         6.465,        73.094,        -0.000,        -0.129,         1.740,       219.596,       -18.356,         6.981,       139.315,         0.740,       -22.317,        0.0000,        0.0000,    1,        43.812,         1,      18,       4,20250722_TristanCaro,       0,       1
   181,    P-2537,   2025/07/23 17:58:06,           1-18,       9,        -6.005,     18192.156,         18714,       0,    1,                                        ,                                        ,                 H2O, 1753318992.15,         0.231,         5.801,        74.685,         0.000,        -0.113,         1.777,       218.969,       -18.298,         6.961,       139.805,         0.738,       -22.078,        0.0000,        0.0000,    1,        43.875,         1,      18,       4,20250722_TristanCaro,       0,       1
   182,    P-2538,   2025/07/23 18:09:22,           1-19,       1,        -5.802,     16642.798,         19188,      -1,    1,                                        ,                                        ,                 H2O, 1753319668.65,         0.221,         2.383,        72.583,        -0.000,         0.005,         1.731,       223.752,       -16.363,         6.767,       136.128,         0.735,       -21.304,        0.0000,        0.0000,    1,        43.812,         1,      19,       4,20250722_TristanCaro,       0,       1
   183,    P-2538,   2025/07/23 18:18:22,           1-19,       2,        -5.786,     16467.433,         18781,      -1,    1,                                        ,                                        ,                 H2O, 1753320208.49,         0.221,         2.643,        72.545,         0.001,        -0.006,         1.732,       220.372,       -15.213,         6.548,       133.981,         0.732,       -20.535,       -0.0000,       -0.0000,    1,        43.875,         1,      19,       4,20250722_TristanCaro,       0,       1
   184,    P-2538,   2025/07/23 18:27:23,           1-19,       3,              ,              ,              ,        ,     ,                                        ,                                        ,                 H2O,              ,              ,              ,              ,              ,              ,              ,              ,              ,              ,              ,              ,              ,              ,              ,     ,              ,         1,      19,       4,20250722_TristanCaro,       0,       1
