  Line,  Analysis,             Time Code,           Port,  Inj Nr,  d(18_16)Mean,    d(D_H)Mean,      H2O_Mean,  Ignore, Good,                            Identifier 1,                            Identifier 2,   Gas Configuration,Timestamp Mean,   d(18_16)_SD,     d(D_H)_SD,        H2O_SD,   d(18_16)_Sl,     d(D_H)_Sl,        H2O_Sl,baseline_shift,   slope_shift,     residuals,baseline_curvature,      interval,       ch4_ppm,  h16od_adjust,   h16od_shift,n2_flag,      DAS Temp,      Tray,  Sample,     Job,    Method,Error Code,Pulse Good
     1,    P-2564,   2025/07/26 15:50:34,           1-01,       1,              ,              ,              ,        ,     ,                                        ,                                        ,                 H2O,              ,              ,              ,              ,              ,              ,              ,              ,              ,              ,              ,              ,              ,              ,              ,     ,              ,         1,       1,       1,SyringeCleaning_NMP_mqH2O_5xRinse,       0,       1
     2,    P-2564,   2025/07/26 16:00:30,           1-01,       2,              ,              ,              ,        ,     ,                                        ,                                        ,                 H2O,              ,              ,              ,              ,              ,              ,              ,              ,              ,              ,              ,              ,              ,              ,              ,     ,              ,         1,       1,       1,SyringeCleaning_NMP_mqH2O_5xRinse,       0,       1
     3,    P-2564,   2025/07/26 16:10:25,           1-01,       3,              ,              ,              ,        ,     ,                                        ,                                        ,                 H2O,              ,              ,              ,              ,              ,              ,              ,              ,              ,              ,              ,              ,              ,              ,              ,     ,              ,         1,       1,       1,SyringeCleaning_NMP_mqH2O_5xRinse,       0,       1
     4,    P-2564,   2025/07/26 16:20:28,           1-01,       4,       -10.996,       999.766,         18297,       0,    1,                                        ,                                        ,                 H2O, 1753572334.25,         0.105,        54.198,        49.924,         0.001,         1.297,         1.193,       197.852,        28.018,         2.879,        90.383,         0.720,        -0.628,        0.0000,        0.0000,    1,        43.625,         1,       1,       2,20250722_TristanCaro,       0,       1
     5,    P-2564,   2025/07/26 16:29:28,           1-01,       5,       -11.001,       559.370,         18574,       0,    1,                                        ,                                        ,                 H2O, 1753572874.28,         0.107,        43.407,        54.703,         0.001,         1.031,         1.300,       198.892,        29.716,         2.848,        93.033,         0.721,        -0.069,       -0.0000,       -0.0000,    1,        43.625,         1,       1,       2,20250722_TristanCaro,       0,       1
     6,    P-2564,   2025/07/26 16:38:28,           1-01,       6,       -11.019,       390.512,         18698,       0,    1,                                        ,                                        ,                 H2O, 1753573414.34,         0.090,        36.587,        58.430,         0.000,         0.870,         1.389,       199.557,        30.496,         2.774,        93.001,         0.721,        -0.087,       -0.0000,       -0.0000,    1,        43.562,         1,       1,       2,20250722_TristanCaro,       0,       1
     7,    P-2564,   2025/07/26 16:47:29,           1-01,       7,       -10.971,       319.129,         18708,       0,    1,                                        ,                                        ,                 H2O, 1753573954.81,         0.094,        31.757,        60.472,         0.000,         0.755,         1.438,       199.669,        30.693,         2.774,        92.412,         0.721,        -0.134,       -0.0000,       -0.0000,    1,        43.625,         1,       1,       2,20250722_TristanCaro,       0,       1
     8,    P-2564,   2025/07/26 16:56:29,           1-01,       8,       -11.034,       267.026,         18609,       0,    1,                                        ,                                        ,                 H2O, 1753574494.75,         0.101,        28.875,        65.417,         0.001,         0.687,         1.555,       198.862,        31.095,         2.733,        91.575,         0.721,        -0.046,       -0.0000,       -0.0000,    1,        43.625,         1,       1,       2,20250722_TristanCaro,       0,       1
     9,    P-2564,   2025/07/26 17:05:29,           1-01,       9,       -10.988,       227.105,         18704,       0,    1,                                        ,                                        ,                 H2O, 1753575034.90,         0.110,        26.173,        66.897,         0.001,         0.620,         1.583,       199.284,        31.446,         2.767,        92.508,         0.721,         0.094,       -0.0000,       -0.0000,    1,        43.625,         1,       1,       2,20250722_TristanCaro,       0,       1
    10,    P-2564,   2025/07/26 17:14:29,           1-01,      10,       -10.972,       190.442,         18747,       0,    1,                                        ,                                        ,                 H2O, 1753575574.60,         0.099,        23.710,        64.198,         0.001,         0.564,         1.526,       199.737,        31.734,         2.714,        91.439,         0.721,        -0.122,        0.0000,        0.0000,    1,        43.625,         1,       1,       2,20250722_TristanCaro,       0,       1
    11,    P-2564,   2025/07/26 17:23:29,           1-01,      11,       -10.991,       161.960,         18693,       0,    1,                                        ,                                        ,                 H2O, 1753576114.84,         0.109,        21.956,        63.811,         0.001,         0.522,         1.518,       199.381,        31.426,         2.702,        91.849,         0.721,         0.002,       -0.0000,       -0.0000,    1,        43.688,         1,       1,       2,20250722_TristanCaro,       0,       1
    12,    P-2564,   2025/07/26 17:32:28,           1-01,      12,       -10.976,       141.652,         18717,       0,    1,                                        ,                                        ,                 H2O, 1753576654.19,         0.098,        20.484,        64.072,         0.001,         0.487,         1.522,       199.411,        31.440,         2.751,        92.943,         0.721,         0.150,        0.0000,        0.0000,    1,        43.625,         1,       1,       2,20250722_TristanCaro,       0,       1
    13,    P-2565,   2025/07/26 17:43:44,           1-02,       1,       -10.740,      3169.515,         18957,      -1,    1,                                        ,                                        ,                 H2O, 1753577330.58,         0.131,        10.748,        77.458,         0.002,         0.254,         1.841,       204.467,        21.158,         3.569,        91.401,         0.721,        -3.622,        0.0000,        0.0000,    1,        43.562,         1,       2,       2,20250722_TristanCaro,       0,       1
    14,    P-2565,   2025/07/26 17:52:45,           1-02,       2,       -10.616,      3393.612,         18880,      -1,    1,                                        ,                                        ,                 H2O, 1753577870.42,         0.112,         8.411,        66.480,         0.000,         0.200,         1.582,       204.472,        20.692,         3.534,        89.334,         0.720,        -4.327,        0.0000,        0.0000,    1,        43.562,         1,       2,       2,20250722_TristanCaro,       0,       1
    15,    P-2565,   2025/07/26 18:01:45,           1-02,       3,       -10.596,      3436.281,         18811,      -1,    1,                                        ,                                        ,                 H2O, 1753578411.10,         0.119,         8.845,        66.768,         0.001,         0.210,         1.586,       204.072,        20.306,         3.539,        89.215,         0.721,        -4.289,       -0.0000,       -0.0000,    1,        43.625,         1,       2,       2,20250722_TristanCaro,       0,       1
    16,    P-2565,   2025/07/26 18:10:45,           1-02,       4,       -10.652,      3455.078,         18813,       0,    1,                                        ,                                        ,                 H2O, 1753578951.28,         0.126,         9.305,        68.861,         0.001,         0.221,         1.636,       203.978,        20.037,         3.583,        91.193,         0.721,        -4.066,       -0.0000,       -0.0000,    1,        43.625,         1,       2,       2,20250722_TristanCaro,       0,       1
    17,    P-2565,   2025/07/26 18:19:45,           1-02,       5,       -10.646,      3466.591,         18783,       0,    1,                                        ,                                        ,                 H2O, 1753579490.96,         0.110,         9.277,        68.960,         0.001,         0.221,         1.646,       203.723,        20.097,         3.599,        90.533,         0.721,        -4.043,       -0.0000,       -0.0000,    1,        43.625,         1,       2,       2,20250722_TristanCaro,       0,       1
    18,    P-2565,   2025/07/26 18:28:45,           1-02,       6,       -10.632,      3470.256,         18781,       0,    1,                                        ,                                        ,                 H2O, 1753580030.72,         0.107,         9.024,        66.890,         0.000,         0.215,         1.598,       203.948,        20.143,         3.551,        89.558,         0.721,        -4.363,        0.0000,        0.0000,    1,        43.688,         1,       2,       2,20250722_TristanCaro,       0,       1
    19,    P-2565,   2025/07/26 18:37:45,           1-02,       7,       -10.651,      3472.258,         18666,       0,    1,                                        ,                                        ,                 H2O, 1753580570.78,         0.116,         8.960,        68.273,         0.001,         0.214,         1.632,       203.114,        20.154,         3.529,        88.983,         0.721,        -4.250,        0.0000,        0.0000,    1,        43.625,         1,       2,       2,20250722_TristanCaro,       0,       1
    20,    P-2565,   2025/07/26 18:46:45,           1-02,       8,       -10.683,      3470.623,         18748,       0,    1,                                        ,                                        ,                 H2O, 1753581110.71,         0.113,         9.446,        73.175,         0.001,         0.225,         1.741,       203.648,        20.155,         3.546,        89.846,         0.721,        -4.203,        0.0000,        0.0000,    1,        43.625,         1,       2,       2,20250722_TristanCaro,       0,       1
    21,    P-2565,   2025/07/26 18:55:45,           1-02,       9,       -10.655,      3470.329,         18758,       0,    1,                                        ,                                        ,                 H2O, 1753581650.66,         0.116,         8.872,        70.674,         0.001,         0.211,         1.681,       203.870,        20.406,         3.499,        88.105,         0.721,        -4.562,       -0.0000,       -0.0000,    1,        43.688,         1,       2,       2,20250722_TristanCaro,       0,       1
    22,    P-2566,   2025/07/26 19:07:02,           1-03,       1,       -10.226,      7492.579,         19206,      -1,    1,                                        ,                                        ,                 H2O, 1753582327.90,         0.157,         3.717,        78.979,         0.001,        -0.066,         1.881,       212.340,         6.861,         4.744,        94.172,         0.723,       -11.008,        0.0000,        0.0000,    1,        43.750,         1,       3,       2,20250722_TristanCaro,       0,       1
    23,    P-2566,   2025/07/26 19:16:02,           1-03,       2,       -10.161,      7800.551,         18776,      -1,    1,                                        ,                                        ,                 H2O, 1753582867.96,         0.161,         3.288,        81.984,         0.002,        -0.069,         1.951,       209.785,         6.354,         4.663,        92.297,         0.723,       -11.326,        0.0000,        0.0000,    1,        43.625,         1,       3,       2,20250722_TristanCaro,       0,       1
    24,    P-2566,   2025/07/26 19:25:02,           1-03,       3,       -10.080,      7884.374,         18726,      -1,    1,                                        ,                                        ,                 H2O, 1753583407.86,         0.156,         3.245,        69.312,         0.001,        -0.072,         1.652,       209.315,         6.250,         4.653,        93.232,         0.722,       -11.191,       -0.0000,       -0.0000,    1,        43.625,         1,       3,       2,20250722_TristanCaro,       0,       1
    25,    P-2566,   2025/07/26 19:34:01,           1-03,       4,       -10.127,      7922.573,         18736,       0,    1,                                        ,                                        ,                 H2O, 1753583946.69,         0.141,         2.457,        67.358,         0.001,        -0.051,         1.606,       209.549,         6.172,         4.697,        92.491,         0.722,       -11.409,        0.0000,        0.0000,    1,        43.625,         1,       3,       2,20250722_TristanCaro,       0,       1
    26,    P-2566,   2025/07/26 19:43:01,           1-03,       5,       -10.135,      7942.044,         18669,       0,    1,                                        ,                                        ,                 H2O, 1753584486.52,         0.128,         1.479,        70.118,         0.000,        -0.022,         1.671,       208.903,         6.002,         4.671,        94.159,         0.723,       -11.075,       -0.0000,       -0.0000,    1,        43.562,         1,       3,       2,20250722_TristanCaro,       0,       1
    27,    P-2566,   2025/07/26 19:52:02,           1-03,       6,       -10.114,      7960.728,         18714,       0,    1,                                        ,                                        ,                 H2O, 1753585027.94,         0.146,         1.117,        69.637,         0.001,        -0.009,         1.659,       209.266,         5.761,         4.650,        95.289,         0.723,       -11.030,       -0.0000,       -0.0000,    1,        43.625,         1,       3,       2,20250722_TristanCaro,       0,       1
    28,    P-2566,   2025/07/26 20:01:02,           1-03,       7,       -10.149,      7970.768,         18736,       0,    1,                                        ,                                        ,                 H2O, 1753585567.88,         0.137,         1.072,        69.659,         0.001,         0.008,         1.661,       209.439,         5.614,         4.737,        94.284,         0.722,       -11.206,        0.0000,        0.0000,    1,        43.625,         1,       3,       2,20250722_TristanCaro,       0,       1
    29,    P-2566,   2025/07/26 20:10:02,           1-03,       8,       -10.121,      7981.079,         18756,       0,    1,                                        ,                                        ,                 H2O, 1753586107.84,         0.159,         1.044,        68.211,         0.001,         0.010,         1.626,       209.511,         5.919,         4.723,        94.335,         0.723,       -11.185,       -0.0000,       -0.0000,    1,        43.625,         1,       3,       2,20250722_TristanCaro,       0,       1
    30,    P-2566,   2025/07/26 20:19:02,           1-03,       9,       -10.152,      7984.320,         18732,       0,    1,                                        ,                                        ,                 H2O, 1753586647.97,         0.145,         1.334,        68.519,         0.000,         0.017,         1.631,       209.455,         5.780,         4.720,        93.947,         0.723,       -11.318,        0.0000,        0.0000,    1,        43.750,         1,       3,       2,20250722_TristanCaro,       0,       1
    31,    P-2567,   2025/07/26 20:30:19,           1-04,       1,        -9.039,     17935.313,         19117,      -1,    1,                                        ,                                        ,                 H2O, 1753587324.42,         0.222,        33.173,        66.924,         0.000,        -0.774,         1.587,       220.921,       -18.257,         7.312,       126.362,         0.743,       -24.103,        0.0000,        0.0000,    1,        43.688,         1,       4,       2,20250722_TristanCaro,       0,       1
    32,    P-2567,   2025/07/26 20:39:19,           1-04,       2,        -8.932,     18718.058,         18764,      -1,    1,                                        ,                                        ,                 H2O, 1753587865.05,         0.221,        34.289,        67.360,        -0.001,        -0.815,         1.609,       218.638,       -19.025,         7.329,       128.115,         0.743,       -24.131,       -0.0000,       -0.0000,    1,        43.562,         1,       4,       2,20250722_TristanCaro,       0,       1
    33,    P-2567,   2025/07/26 20:48:20,           1-04,       3,        -8.914,     18877.041,         18714,      -1,    1,                                        ,                                        ,                 H2O, 1753588405.57,         0.233,        27.621,        70.513,         0.000,        -0.655,         1.685,       218.367,       -18.827,         7.297,       127.910,         0.742,       -24.362,       -0.0000,       -0.0000,    1,        43.562,         1,       4,       2,20250722_TristanCaro,       0,       1
    34,    P-2567,   2025/07/26 20:57:20,           1-04,       4,        -8.943,     18989.724,         18762,       0,    1,                                        ,                                        ,                 H2O, 1753588946.02,         0.252,        24.737,        67.012,         0.001,        -0.583,         1.596,       218.799,       -18.998,         7.360,       128.106,         0.746,       -24.498,       -0.0000,       -0.0000,    1,        43.625,         1,       4,       2,20250722_TristanCaro,       0,       1
    35,    P-2567,   2025/07/26 21:06:21,           1-04,       5,        -8.939,     19085.668,         18754,       0,    1,                                        ,                                        ,                 H2O, 1753589486.74,         0.232,        21.511,        69.178,         0.000,        -0.505,         1.648,       218.950,       -19.496,         7.436,       127.997,         0.748,       -24.695,       -0.0000,       -0.0000,    1,        43.625,         1,       4,       2,20250722_TristanCaro,       0,       1
    36,    P-2567,   2025/07/26 21:15:22,           1-04,       6,        -8.947,     19105.145,         18734,       0,    1,                                        ,                                        ,                 H2O, 1753590027.54,         0.245,        19.416,        68.716,         0.000,        -0.456,         1.637,       218.655,       -19.571,         7.397,       129.245,         0.749,       -24.449,        0.0000,        0.0000,    1,        43.625,         1,       4,       2,20250722_TristanCaro,       0,       1
    37,    P-2567,   2025/07/26 21:24:23,           1-04,       7,        -8.924,     19149.316,         18731,       0,    1,                                        ,                                        ,                 H2O, 1753590568.06,         0.231,        18.918,        67.077,        -0.000,        -0.443,         1.598,       218.463,       -19.432,         7.355,       130.804,         0.747,       -24.382,       -0.0000,       -0.0000,    1,        43.562,         1,       4,       2,20250722_TristanCaro,       0,       1
    38,    P-2567,   2025/07/26 21:33:23,           1-04,       8,        -8.931,     19171.159,         18615,       0,    1,                                        ,                                        ,                 H2O, 1753591108.52,         0.234,        17.494,        67.093,        -0.001,        -0.409,         1.591,       217.804,       -18.929,         7.311,       128.050,         0.740,       -24.497,        0.0000,        0.0000,    1,        43.562,         1,       4,       2,20250722_TristanCaro,       0,       1
    39,    P-2567,   2025/07/26 21:42:22,           1-04,       9,        -8.914,     19185.675,         18679,       0,    1,                                        ,                                        ,                 H2O, 1753591648.01,         0.270,        14.950,        69.125,         0.000,        -0.343,         1.644,       217.998,       -19.813,         7.370,       131.319,         0.749,       -24.068,        0.0000,        0.0000,    1,        43.562,         1,       4,       2,20250722_TristanCaro,       0,       1
    40,    P-2568,   2025/07/26 21:53:41,           1-05,       1,        -6.934,     36971.165,         19042,      -1,    1,                                        ,                                        ,                 H2O, 1753592327.02,         0.413,        75.538,        73.112,         0.001,        -1.732,         1.718,       230.931,       -52.955,        12.151,       195.211,         1.039,       -42.087,       -0.0000,       -0.0000,    1,        43.625,         1,       5,       2,20250722_TristanCaro,       0,       1
    41,    P-2568,   2025/07/26 22:02:41,           1-05,       2,        -6.659,     38314.467,         18771,      -1,    1,                                        ,                                        ,                 H2O, 1753592864.10,         0.503,        66.250,        81.700,         0.003,        -1.534,         1.920,       228.940,       -54.572,        12.301,       196.306,         1.260,       -42.101,       -0.0000,       -0.0000,    1,        43.500,         1,       5,       2,20250722_TristanCaro,       0,       1
    42,    P-2568,   2025/07/26 22:11:41,           1-05,       3,        -6.775,     38665.884,         18762,      -1,    1,                                        ,                                        ,                 H2O, 1753593405.15,         0.563,        64.064,        72.408,         0.001,        -1.456,         1.694,       229.459,       -55.305,        12.466,       199.217,         1.137,       -42.945,        0.0000,        0.0000,    1,        43.500,         1,       5,       2,20250722_TristanCaro,       0,       1
    43,    P-2568,   2025/07/26 22:20:42,           1-05,       4,        -6.731,     38882.138,         18757,       0,    1,                                        ,                                        ,                 H2O, 1753593950.74,         0.552,        61.322,        75.754,        -0.003,        -1.403,         1.791,       229.376,       -55.195,        12.483,       198.430,         1.230,       -42.979,        0.0000,        0.0000,    1,        43.500,         1,       5,       2,20250722_TristanCaro,       0,       1
    44,    P-2568,   2025/07/26 22:29:43,           1-05,       5,        -5.629,     39075.393,         18652,       0,    1,                                        ,                                        ,                 H2O, 1753594489.52,         0.505,        53.695,        66.596,         0.000,        -1.239,         1.595,       225.032,       -50.489,        12.121,       198.864,         1.242,       -39.686,       -0.0000,       -0.0000,    1,        43.500,         1,       5,       2,20250722_TristanCaro,       0,       1
    45,    P-2568,   2025/07/26 22:38:43,           1-05,       6,        -6.373,     39156.673,         18734,       0,    1,                                        ,                                        ,                 H2O, 1753595027.83,         0.542,        51.108,        68.318,         0.001,        -1.121,         1.584,       228.074,       -54.686,        12.411,       201.999,         1.269,       -41.813,       -0.0000,       -0.0000,    1,        43.500,         1,       5,       2,20250722_TristanCaro,       0,       1
    46,    P-2568,   2025/07/26 22:47:43,           1-05,       7,        -6.642,     39191.701,         18631,       0,    1,                                        ,                                        ,                 H2O, 1753595569.07,         0.537,        47.112,        66.754,         0.001,        -1.046,         1.574,       228.359,       -55.206,        12.475,       198.431,         1.163,       -42.826,        0.0000,        0.0000,    1,        43.500,         1,       5,       2,20250722_TristanCaro,       0,       1
    47,    P-2568,   2025/07/26 22:56:45,           1-05,       8,        -6.753,     39240.945,         18723,       0,    1,                                        ,                                        ,                 H2O, 1753596111.10,         0.562,        47.465,        70.851,        -0.001,        -1.025,         1.639,       229.491,       -56.482,        12.584,       201.198,         1.196,       -43.326,        0.0000,        0.0000,    1,        43.500,         1,       5,       2,20250722_TristanCaro,       0,       1
    48,    P-2568,   2025/07/26 23:05:45,           1-05,       9,        -6.748,     39277.745,         18705,       0,    1,                                        ,                                        ,                 H2O, 1753596649.55,         0.482,        43.663,        68.890,        -0.001,        -0.970,         1.625,       229.421,       -55.975,        12.558,       199.032,         1.139,       -43.523,       -0.0000,       -0.0000,    1,        43.500,         1,       5,       2,20250722_TristanCaro,       0,       1
    49,    P-2569,   2025/07/26 23:17:59,           1-01,       1,              ,              ,              ,        ,     ,                                        ,                                        ,                 H2O,              ,              ,              ,              ,              ,              ,              ,              ,              ,              ,              ,              ,              ,              ,              ,     ,              ,         1,       1,       3,SyringeCleaning_NMP_mqH2O_5xRinse,       0,       1
    50,    P-2569,   2025/07/26 23:27:54,           1-01,       2,              ,              ,              ,        ,     ,                                        ,                                        ,                 H2O,              ,              ,              ,              ,              ,              ,              ,              ,              ,              ,              ,              ,              ,              ,              ,     ,              ,         1,       1,       3,SyringeCleaning_NMP_mqH2O_5xRinse,       0,       1
    51,    P-2569,   2025/07/26 23:37:49,           1-01,       3,              ,              ,              ,        ,     ,                                        ,                                        ,                 H2O,              ,              ,              ,              ,              ,              ,              ,              ,              ,              ,              ,              ,              ,              ,              ,     ,              ,         1,       1,       3,SyringeCleaning_NMP_mqH2O_5xRinse,       0,       1
    52,    P-2570,   2025/07/26 23:50:11,           1-06,       1,        -8.480,     19575.867,         18547,      -1,    1,                                        ,                                        ,                 H2O, 1753599316.63,         0.239,        23.634,        60.477,         0.000,         0.559,         1.445,       217.605,       -19.785,         7.390,       129.419,         0.746,       -24.748,        0.0000,        0.0000,    1,        43.562,         1,       6,       4,20250722_TristanCaro,       0,       1
    53,    P-2570,   2025/07/26 23:59:10,           1-06,       2,        -8.439,     19766.531,         18455,      -1,    1,                                        ,                                        ,                 H2O, 1753599856.15,         0.228,        15.280,        62.697,         0.001,         0.356,         1.497,       216.861,       -19.886,         7.402,       130.128,         0.746,       -24.620,       -0.0000,       -0.0000,    1,        43.500,         1,       6,       4,20250722_TristanCaro,       0,       1
    54,    P-2570,   2025/07/27 00:08:10,           1-06,       3,        -8.430,     19761.357,         18619,      -1,    1,                                        ,                                        ,                 H2O, 1753600396.16,         0.238,        10.922,        67.361,        -0.000,         0.247,         1.599,       218.083,       -20.442,         7.501,       131.305,         0.747,       -24.818,        0.0000,        0.0000,    1,        43.562,         1,       6,       4,20250722_TristanCaro,       0,       1
    55,    P-2570,   2025/07/27 00:17:12,           1-06,       4,        -8.394,     19754.386,         18518,       0,    1,                                        ,                                        ,                 H2O, 1753600937.70,         0.263,         8.250,        67.844,        -0.000,         0.175,         1.611,       217.236,       -20.059,         7.436,       131.014,         0.747,       -24.658,        0.0000,        0.0000,    1,        43.500,         1,       6,       4,20250722_TristanCaro,       0,       1
    56,    P-2570,   2025/07/27 00:26:13,           1-06,       5,        -8.443,     19743.381,         18693,       0,    1,                                        ,                                        ,                 H2O, 1753601478.69,         0.252,         5.333,        65.927,         0.001,         0.097,         1.570,       218.570,       -20.544,         7.519,       132.773,         0.748,       -24.847,       -0.0000,       -0.0000,    1,        43.500,         1,       6,       4,20250722_TristanCaro,       0,       1
    57,    P-2570,   2025/07/27 00:35:13,           1-06,       6,        -8.440,     19731.093,         18698,       0,    1,                                        ,                                        ,                 H2O, 1753602019.10,         0.239,         3.917,        65.511,         0.000,         0.049,         1.559,       218.783,       -20.675,         7.523,       132.041,         0.745,       -25.025,       -0.0000,       -0.0000,    1,        43.500,         1,       6,       4,20250722_TristanCaro,       0,       1
    58,    P-2570,   2025/07/27 00:44:13,           1-06,       7,        -8.394,     19720.385,         18698,       0,    1,                                        ,                                        ,                 H2O, 1753602559.16,         0.260,         3.733,        65.496,        -0.000,         0.009,         1.561,       218.498,       -20.588,         7.510,       131.952,         0.751,       -24.728,        0.0000,        0.0000,    1,        43.500,         1,       6,       4,20250722_TristanCaro,       0,       1
    59,    P-2570,   2025/07/27 00:53:13,           1-06,       8,        -8.402,     19708.236,         18629,       0,    1,                                        ,                                        ,                 H2O, 1753603098.96,         0.249,         4.032,        68.022,         0.001,         0.044,         1.618,       218.018,       -20.091,         7.442,       131.241,         0.748,       -24.788,        0.0000,        0.0000,    1,        43.562,         1,       6,       4,20250722_TristanCaro,       0,       1
    60,    P-2570,   2025/07/27 01:02:13,           1-06,       9,        -8.469,     19701.008,         18682,       0,    1,                                        ,                                        ,                 H2O, 1753603638.88,         0.252,         3.745,        69.571,         0.000,         0.018,         1.659,       218.737,       -20.528,         7.511,       130.535,         0.743,       -25.106,       -0.0000,       -0.0000,    1,        43.562,         1,       6,       4,20250722_TristanCaro,       0,       1
    61,    P-2571,   2025/07/27 01:13:31,           1-07,       1,        -7.623,     21259.520,         19017,      -1,    1,                                        ,                                        ,                 H2O, 1753604316.63,         0.283,         6.328,        67.618,         0.001,        -0.096,         1.608,       222.396,       -24.611,         8.095,       138.014,         0.753,       -27.378,       -0.0000,       -0.0000,    1,        43.562,         1,       7,       4,20250722_TristanCaro,       0,       1
    62,    P-2571,   2025/07/27 01:22:32,           1-07,       2,        -7.422,     21345.197,         18687,      -1,    1,                                        ,                                        ,                 H2O, 1753604857.66,         0.287,         6.846,        69.741,         0.000,        -0.129,         1.657,       219.674,       -23.614,         7.919,       136.323,         0.757,       -26.726,        0.0000,        0.0000,    1,        43.625,         1,       7,       4,20250722_TristanCaro,       0,       1
    63,    P-2571,   2025/07/27 01:31:33,           1-07,       3,        -7.441,     21386.754,         18705,      -1,    1,                                        ,                                        ,                 H2O, 1753605398.69,         0.256,         7.922,        66.981,        -0.000,        -0.163,         1.592,       219.797,       -23.333,         7.893,       136.367,         0.757,       -26.803,        0.0000,        0.0000,    1,        43.562,         1,       7,       4,20250722_TristanCaro,       0,       1
    64,    P-2571,   2025/07/27 01:40:33,           1-07,       4,        -7.407,     21415.981,         18607,       0,    1,                                        ,                                        ,                 H2O, 1753605939.08,         0.274,         6.993,        68.351,         0.000,        -0.128,         1.627,       218.812,       -23.379,         7.859,       138.000,         0.755,       -26.236,       -0.0000,       -0.0000,    1,        43.562,         1,       7,       4,20250722_TristanCaro,       0,       1
    65,    P-2571,   2025/07/27 01:49:34,           1-07,       5,        -7.412,     21453.299,         18708,       0,    1,                                        ,                                        ,                 H2O, 1753606479.96,         0.278,         7.688,        66.666,        -0.000,        -0.154,         1.588,       219.859,       -23.840,         7.950,       137.709,         0.761,       -26.785,       -0.0000,       -0.0000,    1,        43.500,         1,       7,       4,20250722_TristanCaro,       0,       1
    66,    P-2571,   2025/07/27 01:58:34,           1-07,       6,        -7.381,     21472.649,         18828,       0,    1,                                        ,                                        ,                 H2O, 1753607020.16,         0.284,         8.346,        67.497,        -0.000,        -0.170,         1.605,       220.600,       -24.239,         8.013,       139.080,         0.755,       -26.844,       -0.0000,       -0.0000,    1,        43.500,         1,       7,       4,20250722_TristanCaro,       0,       1
    67,    P-2571,   2025/07/27 02:07:34,           1-07,       7,        -7.421,     21480.494,         18663,       0,    1,                                        ,                                        ,                 H2O, 1753607560.28,         0.276,         7.226,        67.258,         0.001,        -0.139,         1.598,       219.594,       -23.804,         7.952,       136.605,         0.753,       -26.859,       -0.0000,       -0.0000,    1,        43.500,         1,       7,       4,20250722_TristanCaro,       0,       1
    68,    P-2571,   2025/07/27 02:16:34,           1-07,       8,        -7.414,     21485.188,         18659,       0,    1,                                        ,                                        ,                 H2O, 1753608100.33,         0.306,         6.543,        70.622,         0.001,        -0.115,         1.687,       219.413,       -24.166,         7.950,       138.191,         0.758,       -26.582,        0.0000,        0.0000,    1,        43.500,         1,       7,       4,20250722_TristanCaro,       0,       1
    69,    P-2571,   2025/07/27 02:25:35,           1-07,       9,        -7.443,     21488.889,         18745,       0,    1,                                        ,                                        ,                 H2O, 1753608641.30,         0.231,         6.369,        71.356,         0.001,        -0.113,         1.696,       220.353,       -23.958,         7.989,       136.665,         0.757,       -27.110,       -0.0000,       -0.0000,    1,        43.562,         1,       7,       4,20250722_TristanCaro,       0,       1
    70,    P-2572,   2025/07/27 02:36:50,           1-08,       1,        -8.336,     20440.767,         18950,      -1,    1,                                        ,                                        ,                 H2O, 1753609316.46,         0.272,         4.205,        70.888,         0.000,        -0.016,         1.677,       221.200,       -22.532,         7.851,       134.921,         0.755,       -26.220,       -0.0000,       -0.0000,    1,        43.500,         1,       8,       4,20250722_TristanCaro,       0,       1
    71,    P-2572,   2025/07/27 02:45:52,           1-08,       2,        -8.327,     20305.897,         18653,      -1,    1,                                        ,                                        ,                 H2O, 1753609857.57,         0.232,         4.133,        67.408,         0.001,        -0.052,         1.603,       218.788,       -21.313,         7.611,       133.066,         0.746,       -25.649,        0.0000,        0.0000,    1,        43.562,         1,       8,       4,20250722_TristanCaro,       0,       1
    72,    P-2572,   2025/07/27 02:54:52,           1-08,       3,        -8.332,     20316.596,         18713,      -1,    1,                                        ,                                        ,                 H2O, 1753610397.91,         0.255,         5.084,        67.007,         0.000,        -0.083,         1.600,       219.260,       -22.134,         7.715,       133.364,         0.752,       -25.703,       -0.0000,       -0.0000,    1,        43.562,         1,       8,       4,20250722_TristanCaro,       0,       1
    73,    P-2572,   2025/07/27 03:03:53,           1-08,       4,        -8.339,     20341.246,         18697,       0,    1,                                        ,                                        ,                 H2O, 1753610939.26,         0.272,         4.853,        70.714,        -0.001,        -0.061,         1.690,       219.220,       -22.280,         7.730,       133.233,         0.751,       -25.833,        0.0000,        0.0000,    1,        43.562,         1,       8,       4,20250722_TristanCaro,       0,       1
    74,    P-2572,   2025/07/27 03:12:54,           1-08,       5,        -8.326,     20357.785,         18672,       0,    1,                                        ,                                        ,                 H2O, 1753611479.89,         0.234,         5.251,        66.450,         0.001,        -0.095,         1.580,       219.148,       -22.248,         7.694,       132.990,         0.753,       -25.863,       -0.0000,       -0.0000,    1,        43.562,         1,       8,       4,20250722_TristanCaro,       0,       1
    75,    P-2572,   2025/07/27 03:21:54,           1-08,       6,        -8.393,     20366.902,         18731,       0,    1,                                        ,                                        ,                 H2O, 1753612020.49,         0.273,         4.841,        69.982,        -0.001,        -0.071,         1.669,       219.436,       -22.095,         7.730,       134.240,         0.750,       -25.801,        0.0000,        0.0000,    1,        43.500,         1,       8,       4,20250722_TristanCaro,       0,       1
    76,    P-2572,   2025/07/27 03:30:55,           1-08,       7,        -8.281,     20372.832,         18374,       0,    1,                                        ,                                        ,                 H2O, 1753612561.14,         0.256,         5.058,        70.159,         0.000,        -0.066,         1.667,       216.583,       -20.813,         7.517,       130.900,         0.749,       -25.188,        0.0000,        0.0000,    1,        43.562,         1,       8,       4,20250722_TristanCaro,       0,       1
    77,    P-2572,   2025/07/27 03:39:55,           1-08,       8,        -8.303,     20374.904,         18541,       0,    1,                                        ,                                        ,                 H2O, 1753613100.97,         0.249,         5.592,        67.393,         0.000,        -0.099,         1.607,       217.804,       -21.499,         7.598,       133.396,         0.748,       -25.309,        0.0000,        0.0000,    1,        43.500,         1,       8,       4,20250722_TristanCaro,       0,       1
    78,    P-2572,   2025/07/27 03:48:57,           1-08,       9,        -8.306,     20376.946,         18496,       0,    1,                                        ,                                        ,                 H2O, 1753613642.58,         0.262,         6.006,        67.710,        -0.000,        -0.103,         1.613,       217.530,       -21.817,         7.599,       133.638,         0.748,       -25.174,        0.0000,        0.0000,    1,        43.500,         1,       8,       4,20250722_TristanCaro,       0,       1
    79,    P-2573,   2025/07/27 04:00:12,           1-09,       1,        -7.274,     35174.877,         18882,      -1,    1,                                        ,                                        ,                 H2O, 1753614318.32,         0.443,        55.759,        70.502,         0.000,        -1.277,         1.657,       228.874,       -49.608,        11.617,       187.421,         1.023,       -40.251,       -0.0000,       -0.0000,    1,        43.500,         1,       9,       4,20250722_TristanCaro,       0,       1
    80,    P-2573,   2025/07/27 04:09:12,           1-09,       2,        -7.055,     36123.251,         18780,      -1,    1,                                        ,                                        ,                 H2O, 1753614858.29,         0.452,        56.681,        72.233,         0.000,        -1.282,         1.676,       228.422,       -50.784,        11.767,       190.030,         1.005,       -40.767,       -0.0000,       -0.0000,    1,        43.500,         1,       9,       4,20250722_TristanCaro,       0,       1
    81,    P-2573,   2025/07/27 04:18:12,           1-09,       3,        -7.230,     36584.037,         18853,      -1,    1,                                        ,                                        ,                 H2O, 1753615395.60,         0.468,        49.814,        67.572,        -0.000,        -1.148,         1.607,       229.508,       -51.953,        12.003,       191.428,         1.064,       -41.570,        0.0000,        0.0000,    1,        43.688,         1,       9,       4,20250722_TristanCaro,       0,       1
    82,    P-2573,   2025/07/27 04:27:12,           1-09,       4,        -7.129,     36772.539,         18781,       0,    1,                                        ,                                        ,                 H2O, 1753615938.25,         0.491,        46.920,        67.459,        -0.001,        -1.075,         1.617,       228.673,       -51.945,        11.967,       191.857,         1.090,       -41.180,        0.0000,        0.0000,    1,        43.562,         1,       9,       4,20250722_TristanCaro,       0,       1
    83,    P-2573,   2025/07/27 04:36:12,           1-09,       5,        -7.077,     36890.186,         18578,       0,    1,                                        ,                                        ,                 H2O, 1753616478.15,         0.526,        41.474,        71.000,        -0.001,        -0.924,         1.689,       227.132,       -51.510,        11.866,       190.519,         1.053,       -40.906,       -0.0000,       -0.0000,    1,        43.500,         1,       9,       4,20250722_TristanCaro,       0,       1
    84,    P-2573,   2025/07/27 04:45:12,           1-09,       6,        -7.163,     36954.698,         18669,       0,    1,                                        ,                                        ,                 H2O, 1753617016.17,         0.447,        37.968,        66.103,         0.001,        -0.857,         1.579,       227.812,       -51.415,        11.909,       191.467,         1.019,       -41.180,       -0.0000,       -0.0000,    1,        43.438,         1,       9,       4,20250722_TristanCaro,       0,       1
    85,    P-2573,   2025/07/27 04:54:12,           1-09,       7,        -7.198,     36964.850,         18305,       0,    1,                                        ,                                        ,                 H2O, 1753617558.14,         0.499,        30.268,        80.969,         0.001,        -0.620,         1.908,       225.127,       -50.499,        11.744,       187.806,         1.032,       -40.392,        0.0000,        0.0000,    1,        43.500,         1,       9,       4,20250722_TristanCaro,       0,       1
    86,    P-2573,   2025/07/27 05:03:12,           1-09,       8,        -7.178,     37036.344,         18659,       0,    1,                                        ,                                        ,                 H2O, 1753618097.68,         0.462,        34.885,        72.352,        -0.001,        -0.761,         1.714,       227.926,       -51.764,        11.948,       192.882,         1.052,       -41.254,        0.0000,        0.0000,    1,        43.438,         1,       9,       4,20250722_TristanCaro,       0,       1
    87,    P-2573,   2025/07/27 05:12:12,           1-09,       9,        -7.157,     37057.973,         18454,       0,    1,                                        ,                                        ,                 H2O, 1753618637.21,         0.474,        31.526,        73.208,         0.000,        -0.675,         1.718,       226.399,       -51.546,        11.840,       190.130,         1.049,       -40.989,       -0.0000,       -0.0000,    1,        43.500,         1,       9,       4,20250722_TristanCaro,       0,       1
    88,    P-2574,   2025/07/27 05:23:28,           1-10,       1,        -8.266,     22988.557,         18508,      -1,    1,                                        ,                                        ,                 H2O, 1753619314.19,         0.268,        25.973,        70.248,         0.001,         0.606,         1.674,       218.951,       -25.953,         8.244,       141.772,         0.764,       -27.743,       -0.0000,       -0.0000,    1,        43.500,         1,      10,       4,20250722_TristanCaro,       0,       1
    89,    P-2574,   2025/07/27 05:32:30,           1-10,       2,        -8.368,     21796.970,         18930,      -1,    1,                                        ,                                        ,                 H2O, 1753619856.06,         0.270,        22.240,        68.996,        -0.001,         0.522,         1.642,       221.853,       -25.451,         8.158,       139.904,         0.757,       -27.677,       -0.0000,       -0.0000,    1,        43.500,         1,      10,       4,20250722_TristanCaro,       0,       1
    90,    P-2574,   2025/07/27 05:41:30,           1-10,       3,        -8.315,     21576.914,         18579,      -1,    1,                                        ,                                        ,                 H2O, 1753620396.55,         0.273,        17.596,        68.911,         0.000,         0.410,         1.644,       218.870,       -24.059,         7.955,       137.951,         0.759,       -26.549,        0.0000,        0.0000,    1,        43.438,         1,      10,       4,20250722_TristanCaro,       0,       1
    91,    P-2574,   2025/07/27 05:50:31,           1-10,       4,        -8.386,     21529.289,         18822,       0,    1,                                        ,                                        ,                 H2O, 1753620936.66,         0.260,        11.613,        66.760,         0.000,         0.259,         1.585,       220.869,       -24.367,         8.050,       138.085,         0.755,       -27.074,        0.0000,        0.0000,    1,        43.500,         1,      10,       4,20250722_TristanCaro,       0,       1
    92,    P-2574,   2025/07/27 05:59:31,           1-10,       5,        -8.325,     21500.481,         18681,       0,    1,                                        ,                                        ,                 H2O, 1753621476.42,         0.273,         9.203,        67.907,         0.000,         0.191,         1.605,       219.536,       -24.035,         7.949,       137.904,         0.750,       -26.692,       -0.0000,       -0.0000,    1,        43.500,         1,      10,       4,20250722_TristanCaro,       0,       1
    93,    P-2574,   2025/07/27 06:08:32,           1-10,       6,        -8.339,     21481.532,         18534,       0,    1,                                        ,                                        ,                 H2O, 1753622018.34,         0.298,         9.101,        70.231,         0.001,         0.188,         1.675,       218.283,       -23.310,         7.864,       137.512,         0.754,       -26.264,       -0.0000,       -0.0000,    1,        43.500,         1,      10,       4,20250722_TristanCaro,       0,       1
    94,    P-2574,   2025/07/27 06:17:33,           1-10,       7,        -8.382,     21461.302,         18678,       0,    1,                                        ,                                        ,                 H2O, 1753622558.88,         0.269,         6.829,        71.811,         0.000,         0.129,         1.710,       219.734,       -24.059,         7.972,       136.726,         0.756,       -26.950,        0.0000,        0.0000,    1,        43.438,         1,      10,       4,20250722_TristanCaro,       0,       1
    95,    P-2574,   2025/07/27 06:26:33,           1-10,       8,        -8.375,     21441.873,         18394,       0,    1,                                        ,                                        ,                 H2O, 1753623099.41,         0.265,         6.571,        68.411,         0.002,         0.126,         1.639,       217.519,       -22.692,         7.796,       133.548,         0.750,       -26.537,        0.0000,        0.0000,    1,        43.500,         1,      10,       4,20250722_TristanCaro,       0,       1
    96,    P-2574,   2025/07/27 06:35:34,           1-10,       9,        -8.356,     21432.287,         18581,       0,    1,                                        ,                                        ,                 H2O, 1753623640.24,         0.270,         4.838,        68.247,        -0.000,         0.045,         1.621,       218.806,       -23.669,         7.906,       136.550,         0.754,       -26.468,       -0.0000,       -0.0000,    1,        43.500,         1,      10,       4,20250722_TristanCaro,       0,       1
    97,    P-2575,   2025/07/27 06:46:50,           1-11,       1,        -6.951,     27639.175,         18972,      -1,    1,                                        ,                                        ,                 H2O, 1753624316.76,         0.341,        21.979,        68.367,        -0.001,        -0.479,         1.618,       225.499,       -36.619,         9.678,       162.169,         0.811,       -33.279,        0.0000,        0.0000,    1,        43.500,         1,      11,       4,20250722_TristanCaro,       0,       1
    98,    P-2575,   2025/07/27 06:55:51,           1-11,       2,        -6.775,     28080.086,         18409,      -1,    1,                                        ,                                        ,                 H2O, 1753624856.70,         0.354,        22.053,        71.137,        -0.000,        -0.494,         1.699,       221.391,       -35.806,         9.515,       159.199,         0.809,       -32.723,        0.0000,        0.0000,    1,        43.500,         1,      11,       4,20250722_TristanCaro,       0,       1
    99,    P-2575,   2025/07/27 07:04:51,           1-11,       3,        -6.883,     28218.886,         18838,      -1,    1,                                        ,                                        ,                 H2O, 1753625397.00,         0.354,        18.854,        69.558,         0.000,        -0.411,         1.652,       224.985,       -37.443,         9.804,       162.012,         0.828,       -33.909,        0.0000,        0.0000,    1,        43.500,         1,      11,       4,20250722_TristanCaro,       0,       1
   100,    P-2575,   2025/07/27 07:13:52,           1-11,       4,        -6.799,     28304.649,         18868,       0,    1,                                        ,                                        ,                 H2O, 1753625937.97,         0.372,        18.777,        71.579,        -0.001,        -0.402,         1.697,       224.958,       -37.526,         9.798,       163.666,         0.831,       -33.700,        0.0000,        0.0000,    1,        43.438,         1,      11,       4,20250722_TristanCaro,       0,       1
   101,    P-2575,   2025/07/27 07:22:52,           1-11,       5,        -6.778,     28359.574,         18652,       0,    1,                                        ,                                        ,                 H2O, 1753626477.67,         0.339,        16.495,        66.810,         0.000,        -0.359,         1.602,       223.400,       -37.081,         9.689,       162.367,         0.812,       -33.437,        0.0000,        0.0000,    1,        43.500,         1,      11,       4,20250722_TristanCaro,       0,       1
   102,    P-2575,   2025/07/27 07:31:52,           1-11,       6,        -6.706,     28388.601,         18362,       0,    1,                                        ,                                        ,                 H2O, 1753627017.57,         0.376,        16.187,        69.491,        -0.001,        -0.332,         1.660,       220.687,       -35.641,         9.515,       160.073,         0.811,       -32.258,       -0.0000,       -0.0000,    1,        43.500,         1,      11,       4,20250722_TristanCaro,       0,       1
   103,    P-2575,   2025/07/27 07:40:52,           1-11,       7,        -6.786,     28408.182,         18608,       0,    1,                                        ,                                        ,                 H2O, 1753627558.31,         0.368,        13.772,        70.227,         0.002,        -0.264,         1.662,       223.063,       -36.981,         9.710,       162.029,         0.820,       -33.283,        0.0000,        0.0000,    1,        43.500,         1,      11,       4,20250722_TristanCaro,       0,       1
   104,    P-2575,   2025/07/27 07:49:51,           1-11,       8,        -6.772,     28424.958,         18598,       0,    1,                                        ,                                        ,                 H2O, 1753628097.52,         0.331,        15.498,        67.137,         0.000,        -0.324,         1.593,       223.015,       -36.557,         9.654,       161.379,         0.806,       -33.439,       -0.0000,       -0.0000,    1,        43.562,         1,      11,       4,20250722_TristanCaro,       0,       1
   105,    P-2575,   2025/07/27 07:58:51,           1-11,       9,        -6.760,     28428.295,         18460,       0,    1,                                        ,                                        ,                 H2O, 1753628636.36,         0.379,        13.390,        68.863,         0.001,        -0.256,         1.637,       221.891,       -36.156,         9.603,       159.626,         0.811,       -33.083,       -0.0000,       -0.0000,    1,        43.562,         1,      11,       4,20250722_TristanCaro,       0,       1
   106,    P-2576,   2025/07/27 08:10:07,           1-12,       1,        -8.242,     23218.686,         19014,      -1,    1,                                        ,                                        ,                 H2O, 1753629313.52,         0.290,         9.624,        72.107,        -0.000,         0.199,         1.707,       223.669,       -28.346,         8.594,       144.292,         0.771,       -29.639,       -0.0000,       -0.0000,    1,        43.500,         1,      12,       4,20250722_TristanCaro,       0,       1
   107,    P-2576,   2025/07/27 08:19:07,           1-12,       2,        -8.232,     22750.256,         18831,      -1,    1,                                        ,                                        ,                 H2O, 1753629853.44,         0.286,         8.833,        71.168,        -0.001,         0.179,         1.695,       221.500,       -26.261,         8.287,       142.534,         0.759,       -28.410,       -0.0000,       -0.0000,    1,        43.562,         1,      12,       4,20250722_TristanCaro,       0,       1
   108,    P-2576,   2025/07/27 08:28:09,           1-12,       3,        -8.209,     22697.713,         18522,      -1,    1,                                        ,                                        ,                 H2O, 1753630395.33,         0.283,         7.528,        70.908,        -0.000,         0.133,         1.681,       219.281,       -25.901,         8.197,       139.471,         0.760,       -27.945,       -0.0000,       -0.0000,    1,        43.500,         1,      12,       4,20250722_TristanCaro,       0,       1
   109,    P-2576,   2025/07/27 08:37:10,           1-12,       4,        -8.209,     22698.548,         18670,       0,    1,                                        ,                                        ,                 H2O, 1753630935.81,         0.321,         6.078,        69.824,        -0.000,         0.075,         1.658,       220.244,       -26.569,         8.279,       141.917,         0.762,       -27.934,        0.0000,        0.0000,    1,        43.562,         1,      12,       4,20250722_TristanCaro,       0,       1
   110,    P-2576,   2025/07/27 08:46:10,           1-12,       5,        -8.130,     22704.043,         18618,       0,    1,                                        ,                                        ,                 H2O, 1753631476.46,         0.296,         5.014,        66.190,         0.001,         0.041,         1.585,       219.551,       -25.872,         8.201,       142.703,         0.769,       -27.388,       -0.0000,       -0.0000,    1,        43.500,         1,      12,       4,20250722_TristanCaro,       0,       1
   111,    P-2576,   2025/07/27 08:55:10,           1-12,       6,        -8.173,     22702.682,         18503,       0,    1,                                        ,                                        ,                 H2O, 1753632016.47,         0.284,         4.911,        69.803,         0.001,         0.048,         1.659,       218.991,       -25.563,         8.166,       139.266,         0.762,       -27.796,       -0.0000,       -0.0000,    1,        43.500,         1,      12,       4,20250722_TristanCaro,       0,       1
   112,    P-2576,   2025/07/27 09:04:10,           1-12,       7,        -8.142,     22700.868,         18449,       0,    1,                                        ,                                        ,                 H2O, 1753632556.20,         0.270,         4.638,        70.907,         0.001,         0.024,         1.682,       218.302,       -25.344,         8.132,       140.597,         0.766,       -27.355,        0.0000,        0.0000,    1,        43.562,         1,      12,       4,20250722_TristanCaro,       0,       1
   113,    P-2576,   2025/07/27 09:13:11,           1-12,       8,        -8.211,     22692.338,         18655,       0,    1,                                        ,                                        ,                 H2O, 1753633096.84,         0.282,         4.807,        68.268,         0.002,         0.024,         1.630,       220.164,       -26.352,         8.252,       141.675,         0.763,       -27.982,       -0.0000,       -0.0000,    1,        43.562,         1,      12,       4,20250722_TristanCaro,       0,       1
   114,    P-2576,   2025/07/27 09:22:11,           1-12,       9,        -8.235,     22682.978,         18491,       0,    1,                                        ,                                        ,                 H2O, 1753633637.07,         0.277,         4.408,        68.614,        -0.001,        -0.034,         1.642,       218.957,       -25.716,         8.165,       139.736,         0.760,       -27.810,       -0.0000,       -0.0000,    1,        43.500,         1,      12,       4,20250722_TristanCaro,       0,       1
   115,    P-2577,   2025/07/27 09:33:28,           1-13,       1,        -7.092,     37127.054,         19037,      -1,    1,                                        ,                                        ,                 H2O, 1753634313.24,         0.521,        41.441,        82.925,         0.002,        -0.902,         1.999,       231.003,       -53.278,        12.220,       195.440,         1.057,       -42.270,       -0.0000,       -0.0000,    1,        43.500,         1,      13,       4,20250722_TristanCaro,       0,       1
   116,    P-2577,   2025/07/27 09:42:28,           1-13,       2,        -6.782,     38263.664,         18596,      -1,    1,                                        ,                                        ,                 H2O, 1753634851.50,         0.458,        53.351,        70.232,         0.000,        -1.213,         1.650,       227.799,       -53.950,        12.224,       194.401,         1.206,       -42.029,       -0.0000,       -0.0000,    1,        43.500,         1,      13,       4,20250722_TristanCaro,       0,       1
   117,    P-2577,   2025/07/27 09:51:28,           1-13,       3,        -6.876,     38572.728,         18707,      -1,    1,                                        ,                                        ,                 H2O, 1753635392.73,         0.524,        48.605,        66.799,        -0.000,        -1.104,         1.605,       228.676,       -54.905,        12.392,       198.620,         1.125,       -42.289,       -0.0000,       -0.0000,    1,        43.500,         1,      13,       4,20250722_TristanCaro,       0,       1
   118,    P-2577,   2025/07/27 10:00:28,           1-13,       4,        -6.988,     38737.054,         18845,       0,    1,                                        ,                                        ,                 H2O, 1753635933.52,         0.502,        44.918,        70.096,        -0.000,        -0.976,         1.615,       230.452,       -55.907,        12.572,       199.756,         1.209,       -43.407,       -0.0000,       -0.0000,    1,        43.500,         1,      13,       4,20250722_TristanCaro,       0,       1
   119,    P-2577,   2025/07/27 10:09:28,           1-13,       5,        -6.927,     38847.515,         18519,       0,    1,                                        ,                                        ,                 H2O, 1753636474.46,         0.530,        36.670,        70.368,         0.001,        -0.770,         1.631,       227.785,       -55.431,        12.345,       197.768,         1.150,       -42.627,        0.0000,        0.0000,    1,        43.500,         1,      13,       4,20250722_TristanCaro,       0,       1
   120,    P-2577,   2025/07/27 10:18:28,           1-13,       6,        -6.957,     38910.012,         18664,       0,    1,                                        ,                                        ,                 H2O, 1753637013.03,         0.442,        35.205,        67.196,         0.002,        -0.766,         1.573,       229.097,       -55.540,        12.494,       197.137,         1.166,       -43.402,        0.0000,        0.0000,    1,        43.438,         1,      13,       4,20250722_TristanCaro,       0,       1
   121,    P-2577,   2025/07/27 10:27:28,           1-13,       7,        -6.970,     38927.186,         18668,       0,    1,                                        ,                                        ,                 H2O, 1753637552.63,         0.546,        24.569,        79.660,         0.004,        -0.436,         1.881,       228.894,       -55.114,        12.458,       198.286,         1.107,       -43.088,       -0.0000,       -0.0000,    1,        43.438,         1,      13,       4,20250722_TristanCaro,       0,       1
   122,    P-2577,   2025/07/27 10:36:28,           1-13,       8,        -6.818,     38994.216,         18674,       0,    1,                                        ,                                        ,                 H2O, 1753638093.04,         0.478,        30.920,        72.529,        -0.000,        -0.656,         1.725,       228.780,       -55.147,        12.491,       198.214,         1.241,       -42.807,       -0.0000,       -0.0000,    1,        43.438,         1,      13,       4,20250722_TristanCaro,       0,       1
   123,    P-2577,   2025/07/27 10:45:28,           1-13,       9,        -6.749,     38993.908,         18019,       0,    1,                                        ,                                        ,                 H2O, 1753638634.86,         0.488,        32.292,        68.496,        -0.000,        -0.686,         1.610,       223.582,       -52.776,        12.056,       192.083,         1.102,       -41.292,        0.0000,        0.0000,    1,        43.500,         1,      13,       4,20250722_TristanCaro,       0,       1
   124,    P-2578,   2025/07/27 10:56:47,           1-14,       1,        -8.249,     24466.658,         19020,      -1,    1,                                        ,                                        ,                 H2O, 1753639313.42,         0.297,        29.153,        72.616,         0.001,         0.686,         1.738,       224.015,       -30.389,         8.865,       149.480,         0.775,       -30.531,        0.0000,        0.0000,    1,        43.500,         1,      14,       4,20250722_TristanCaro,       0,       1
   125,    P-2578,   2025/07/27 11:05:47,           1-14,       2,        -8.176,     23263.342,         18444,      -1,    1,                                        ,                                        ,                 H2O, 1753639853.27,         0.295,        26.660,        68.180,         0.000,         0.625,         1.619,       218.574,       -26.031,         8.211,       142.144,         0.765,       -27.884,       -0.0000,       -0.0000,    1,        43.500,         1,      14,       4,20250722_TristanCaro,       0,       1
   126,    P-2578,   2025/07/27 11:14:47,           1-14,       3,        -8.116,     23066.350,         18539,      -1,    1,                                        ,                                        ,                 H2O, 1753640393.01,         0.264,        20.985,        70.323,         0.000,         0.488,         1.672,       219.318,       -25.912,         8.210,       140.862,         0.758,       -27.982,       -0.0000,       -0.0000,    1,        43.500,         1,      14,       4,20250722_TristanCaro,       0,       1
   127,    P-2578,   2025/07/27 11:23:48,           1-14,       4,        -8.232,     22996.041,         18989,       0,    1,                                        ,                                        ,                 H2O, 1753640934.17,         0.277,        13.697,        66.694,         0.001,         0.308,         1.589,       222.983,       -27.860,         8.522,       144.605,         0.772,       -28.970,       -0.0000,       -0.0000,    1,        43.500,         1,      14,       4,20250722_TristanCaro,       0,       1
   128,    P-2578,   2025/07/27 11:32:49,           1-14,       5,        -8.253,     22961.175,         18558,       0,    1,                                        ,                                        ,                 H2O, 1753641475.04,         0.296,        12.680,        70.338,         0.000,         0.283,         1.677,       219.743,       -26.528,         8.254,       141.984,         0.763,       -28.268,        0.0000,        0.0000,    1,        43.562,         1,      14,       4,20250722_TristanCaro,       0,       1
   129,    P-2578,   2025/07/27 11:41:48,           1-14,       6,        -8.235,     22933.661,         18435,       0,    1,                                        ,                                        ,                 H2O, 1753642014.81,         0.284,         8.982,        67.115,        -0.000,         0.183,         1.595,       218.827,       -25.904,         8.179,       140.158,         0.756,       -28.168,        0.0000,        0.0000,    1,        43.562,         1,      14,       4,20250722_TristanCaro,       0,       1
   130,    P-2578,   2025/07/27 11:50:50,           1-14,       7,        -8.245,     22909.894,         18876,       0,    1,                                        ,                                        ,                 H2O, 1753642555.71,         0.262,         7.725,        67.935,         0.000,         0.150,         1.611,       221.882,       -27.099,         8.400,       144.193,         0.772,       -28.422,        0.0000,        0.0000,    1,        43.562,         1,      14,       4,20250722_TristanCaro,       0,       1
   131,    P-2578,   2025/07/27 11:59:49,           1-14,       8,        -8.173,     22895.288,         18695,       0,    1,                                        ,                                        ,                 H2O, 1753643095.06,         0.297,         8.148,        72.119,         0.000,         0.156,         1.716,       220.222,       -25.892,         8.234,       142.543,         0.762,       -28.031,       -0.0000,       -0.0000,    1,        43.625,         1,      14,       4,20250722_TristanCaro,       0,       1
   132,    P-2578,   2025/07/27 12:08:50,           1-14,       9,        -8.231,     22877.527,         18566,       0,    1,                                        ,                                        ,                 H2O, 1753643635.62,         0.312,         8.701,        74.469,        -0.000,         0.156,         1.780,       219.558,       -26.206,         8.247,       141.360,         0.768,       -28.039,        0.0000,        0.0000,    1,        43.625,         1,      14,       4,20250722_TristanCaro,       0,       1
   133,    P-2579,   2025/07/27 12:20:05,           1-15,       1,        -6.376,     32900.050,         18882,      -1,    1,                                        ,                                        ,                 H2O, 1753644311.05,         0.400,        30.350,        69.802,         0.002,        -0.661,         1.657,       227.665,       -45.975,        11.027,       179.496,         0.904,       -38.103,        0.0000,        0.0000,    1,        43.562,         1,      15,       4,20250722_TristanCaro,       0,       1
   134,    P-2579,   2025/07/27 12:29:05,           1-15,       2,        -6.163,     33633.955,         18330,      -1,    1,                                        ,                                        ,                 H2O, 1753644850.72,         0.422,        36.318,        68.044,        -0.001,        -0.814,         1.598,       223.400,       -44.847,        10.869,       176.217,         0.924,       -37.410,       -0.0000,       -0.0000,    1,        43.562,         1,      15,       4,20250722_TristanCaro,       0,       1
   135,    P-2579,   2025/07/27 12:38:05,           1-15,       3,        -6.256,     33860.446,         19356,      -1,    1,                                        ,                                        ,                 H2O, 1753645390.47,         0.466,        31.370,        70.207,        -0.000,        -0.673,         1.639,       232.200,       -49.092,        11.599,       185.761,         0.963,       -40.485,        0.0000,        0.0000,    1,        43.500,         1,      15,       4,20250722_TristanCaro,       0,       1
   136,    P-2579,   2025/07/27 12:47:05,           1-15,       4,        -6.221,     33965.925,         18456,       0,    1,                                        ,                                        ,                 H2O, 1753645932.40,         0.419,        26.178,        70.508,         0.000,        -0.561,         1.669,       224.548,       -45.819,        11.003,       180.019,         0.924,       -37.920,       -0.0000,       -0.0000,    1,        43.562,         1,      15,       4,20250722_TristanCaro,       0,       1
   137,    P-2579,   2025/07/27 12:56:05,           1-15,       5,        -6.101,     34073.083,         18597,       0,    1,                                        ,                                        ,                 H2O, 1753646471.10,         0.418,        24.034,        71.746,         0.001,        -0.490,         1.715,       225.581,       -45.957,        11.108,       179.832,         0.945,       -38.199,        0.0000,        0.0000,    1,        43.500,         1,      15,       4,20250722_TristanCaro,       0,       1
   138,    P-2579,   2025/07/27 13:05:06,           1-15,       6,        -6.236,     34111.725,         18729,       0,    1,                                        ,                                        ,                 H2O, 1753647012.59,         0.382,        23.026,        72.242,        -0.001,        -0.493,         1.721,       226.834,       -47.604,        11.277,       184.185,         0.951,       -38.486,       -0.0000,       -0.0000,    1,        43.688,         1,      15,       4,20250722_TristanCaro,       0,       1
   139,    P-2579,   2025/07/27 13:14:07,           1-15,       7,        -6.142,     34141.930,         18640,       0,    1,                                        ,                                        ,                 H2O, 1753647553.46,         0.408,        24.784,        69.451,        -0.001,        -0.509,         1.643,       225.822,       -46.356,        11.152,       182.284,         0.954,       -38.130,       -0.0000,       -0.0000,    1,        43.562,         1,      15,       4,20250722_TristanCaro,       0,       1
   140,    P-2579,   2025/07/27 13:23:08,           1-15,       8,        -6.167,     34156.566,         18665,       0,    1,                                        ,                                        ,                 H2O, 1753648094.85,         0.431,        22.684,        67.796,        -0.000,        -0.458,         1.595,       226.258,       -47.214,        11.211,       182.513,         0.965,       -38.488,       -0.0000,       -0.0000,    1,        43.562,         1,      15,       4,20250722_TristanCaro,       0,       1
   141,    P-2579,   2025/07/27 13:32:08,           1-15,       9,        -6.116,     34172.792,         18596,       0,    1,                                        ,                                        ,                 H2O, 1753648633.84,         0.393,        18.645,        69.823,         0.001,        -0.364,         1.668,       225.522,       -46.751,        11.137,       181.905,         0.964,       -38.193,        0.0000,        0.0000,    1,        43.500,         1,      15,       4,20250722_TristanCaro,       0,       1
   142,    P-2580,   2025/07/27 13:43:24,           1-16,       1,        -7.177,     34397.898,         18928,      -1,    1,                                        ,                                        ,                 H2O, 1753649310.38,         0.473,        19.837,        71.808,        -0.002,        -0.380,         1.706,       228.388,       -47.952,        11.399,       185.754,         0.966,       -39.173,        0.0000,        0.0000,    1,        43.562,         1,      16,       4,20250722_TristanCaro,       0,       1
   143,    P-2580,   2025/07/27 13:52:24,           1-16,       2,        -7.226,     31854.010,         20207,      -1,    1,                                        ,                                        ,                 H2O, 1753649850.29,         0.416,        12.177,        67.710,         0.001,        -0.182,         1.612,       238.291,       -48.839,        11.590,       184.902,         0.959,       -40.845,       -0.0000,       -0.0000,    1,        43.500,         1,      16,       4,20250722_TristanCaro,       0,       1
   144,    P-2580,   2025/07/27 14:01:25,           1-16,       3,        -6.883,     33778.168,         19250,      -1,    1,                                        ,                                        ,                 H2O, 1753650390.66,         0.337,        17.329,        67.114,         0.001,        -0.355,         1.595,       230.991,       -48.694,        11.462,       186.749,         0.960,       -39.722,       -0.0000,       -0.0000,    1,        43.500,         1,      16,       4,20250722_TristanCaro,       0,       1
   145,    P-2580,   2025/07/27 14:10:25,           1-16,       4,        -7.044,     34379.622,         18414,       0,    1,                                        ,                                        ,                 H2O, 1753650931.13,         0.452,        19.458,        69.662,         0.000,        -0.368,         1.660,       224.027,       -46.377,        11.064,       181.535,         0.917,       -37.770,       -0.0000,       -0.0000,    1,        43.500,         1,      16,       4,20250722_TristanCaro,       0,       1
   146,    P-2580,   2025/07/27 14:19:25,           1-16,       5,        -7.099,     34500.028,         18696,       0,    1,                                        ,                                        ,                 H2O, 1753651472.47,         0.421,        20.149,        71.196,        -0.000,        -0.392,         1.689,       226.459,       -46.804,        11.257,       182.967,         0.957,       -38.655,       -0.0000,       -0.0000,    1,        43.500,         1,      16,       4,20250722_TristanCaro,       0,       1
   147,    P-2580,   2025/07/27 14:28:26,           1-16,       6,        -7.034,     34532.690,         18323,       0,    1,                                        ,                                        ,                 H2O, 1753652012.15,         0.420,        19.255,        68.339,        -0.001,        -0.376,         1.643,       223.462,       -46.327,        11.072,       181.523,         0.949,       -37.777,       -0.0000,       -0.0000,    1,        43.500,         1,      16,       4,20250722_TristanCaro,       0,       1
   148,    P-2580,   2025/07/27 14:37:26,           1-16,       7,        -7.114,     34549.046,         18432,       0,    1,                                        ,                                        ,                 H2O, 1753652551.64,         0.418,        17.666,        75.445,        -0.001,        -0.292,         1.780,       224.632,       -46.220,        11.159,       179.671,         0.958,       -38.412,       -0.0000,       -0.0000,    1,        43.500,         1,      16,       4,20250722_TristanCaro,       0,       1
   149,    P-2580,   2025/07/27 14:46:26,           1-16,       8,        -7.202,     34556.970,         18663,       0,    1,                                        ,                                        ,                 H2O, 1753653091.99,         0.435,        15.135,        79.448,         0.001,        -0.227,         1.844,       226.530,       -48.105,        11.301,       184.348,         0.961,       -38.906,        0.0000,        0.0000,    1,        43.500,         1,      16,       4,20250722_TristanCaro,       0,       1
   150,    P-2580,   2025/07/27 14:55:26,           1-16,       9,        -7.121,     34581.878,         18552,       0,    1,                                        ,                                        ,                 H2O, 1753653630.90,         0.413,        17.856,        71.289,        -0.000,        -0.331,         1.682,       225.622,       -47.172,        11.231,       182.294,         0.947,       -38.655,       -0.0000,       -0.0000,    1,        43.500,         1,      16,       4,20250722_TristanCaro,       0,       1
   151,    P-2581,   2025/07/27 15:06:42,           1-17,       1,        -7.461,     34103.147,         19018,      -1,    1,                                        ,                                        ,                 H2O, 1753654307.68,         0.396,        15.932,        68.389,         0.000,        -0.278,         1.606,       229.436,       -48.284,        11.435,       184.481,         0.982,       -39.668,       -0.0000,       -0.0000,    1,        43.562,         1,      17,       4,20250722_TristanCaro,       0,       1
   152,    P-2581,   2025/07/27 15:15:41,           1-17,       2,        -7.404,     33831.743,         18970,      -1,    1,                                        ,                                        ,                 H2O, 1753654847.99,         0.402,        15.133,        71.179,         0.001,        -0.240,         1.677,       228.982,       -47.324,        11.322,       182.838,         0.950,       -39.500,       -0.0000,       -0.0000,    1,        43.500,         1,      17,       4,20250722_TristanCaro,       0,       1
   153,    P-2581,   2025/07/27 15:24:42,           1-17,       3,        -7.402,     34134.651,         18491,      -1,    1,                                        ,                                        ,                 H2O, 1753655386.54,         0.430,        12.506,        85.829,         0.001,        -0.092,         2.044,       225.004,       -46.066,        11.077,       179.971,         0.935,       -38.191,        0.0000,        0.0000,    1,        43.562,         1,      17,       4,20250722_TristanCaro,       0,       1
   154,    P-2581,   2025/07/27 15:33:41,           1-17,       4,        -7.281,     34260.661,         18758,       0,    1,                                        ,                                        ,                 H2O, 1753655928.29,         0.433,        16.555,        71.649,         0.001,        -0.286,         1.685,       226.916,       -47.064,        11.257,       184.061,         0.953,       -38.561,        0.0000,        0.0000,    1,        43.562,         1,      17,       4,20250722_TristanCaro,       0,       1
   155,    P-2581,   2025/07/27 15:42:41,           1-17,       5,        -7.271,     34279.615,         18498,       0,    1,                                        ,                                        ,                 H2O, 1753656468.02,         0.462,        12.355,        82.451,         0.001,        -0.093,         1.951,       224.854,       -46.270,        11.107,       180.182,         0.954,       -38.160,       -0.0000,       -0.0000,    1,        43.562,         1,      17,       4,20250722_TristanCaro,       0,       1
   156,    P-2581,   2025/07/27 15:51:42,           1-17,       6,        -7.314,     34312.051,         18653,       0,    1,                                        ,                                        ,                 H2O, 1753657008.33,         0.433,        13.254,        78.810,         0.000,        -0.156,         1.868,       226.140,       -47.052,        11.233,       182.853,         0.975,       -38.345,        0.0000,        0.0000,    1,        43.500,         1,      17,       4,20250722_TristanCaro,       0,       1
   157,    P-2581,   2025/07/27 16:00:42,           1-17,       7,        -7.301,     34316.479,         18680,       0,    1,                                        ,                                        ,                 H2O, 1753657548.72,         0.385,        11.213,        84.377,         0.001,        -0.069,         2.026,       226.200,       -46.955,        11.219,       183.935,         0.948,       -38.412,        0.0000,        0.0000,    1,        43.500,         1,      17,       4,20250722_TristanCaro,       0,       1
   158,    P-2581,   2025/07/27 16:09:43,           1-17,       8,        -7.283,     34324.559,         18678,       0,    1,                                        ,                                        ,                 H2O, 1753658088.63,         0.404,        12.447,        83.528,        -0.000,        -0.121,         1.977,       226.044,       -47.339,        11.239,       185.406,         0.982,       -38.178,       -0.0000,       -0.0000,    1,        43.562,         1,      17,       4,20250722_TristanCaro,       0,       1
   159,    P-2581,   2025/07/27 16:18:43,           1-17,       9,        -7.344,     34336.538,         18716,       0,    1,                                        ,                                        ,                 H2O, 1753658628.85,         0.417,        15.239,        71.195,         0.000,        -0.254,         1.687,       226.742,       -47.260,        11.264,       184.503,         0.953,       -38.593,       -0.0000,       -0.0000,    1,        43.562,         1,      17,       4,20250722_TristanCaro,       0,       1
   160,    P-2582,   2025/07/27 16:29:59,           1-18,       1,        -7.395,     28564.607,         18796,      -1,    1,                                        ,                                        ,                 H2O, 1753659304.88,         0.342,        12.728,        69.101,         0.000,         0.254,         1.644,       223.989,       -37.092,         9.739,       165.440,         0.839,       -33.124,       -0.0000,       -0.0000,    1,        43.625,         1,      18,       4,20250722_TristanCaro,       0,       1
   161,    P-2582,   2025/07/27 16:39:00,           1-18,       2,        -7.421,     28032.565,         18661,      -1,    1,                                        ,                                        ,                 H2O, 1753659846.56,         0.319,        12.222,        70.557,         0.000,         0.239,         1.678,       223.034,       -35.355,         9.546,       159.851,         0.814,       -33.010,        0.0000,        0.0000,    1,        43.562,         1,      18,       4,20250722_TristanCaro,       0,       1
   162,    P-2582,   2025/07/27 16:48:00,           1-18,       3,        -7.395,     27981.360,         18443,      -1,    1,                                        ,                                        ,                 H2O, 1753660386.52,         0.345,        10.067,        69.767,         0.001,         0.166,         1.649,       221.272,       -34.842,         9.439,       158.328,         0.805,       -32.402,        0.0000,        0.0000,    1,        43.625,         1,      18,       4,20250722_TristanCaro,       0,       1
   163,    P-2582,   2025/07/27 16:57:01,           1-18,       4,        -7.478,     27980.665,         18885,       0,    1,                                        ,                                        ,                 H2O, 1753660926.67,         0.344,         8.533,        73.210,         0.001,         0.127,         1.745,       224.619,       -36.211,         9.663,       161.998,         0.832,       -33.255,        0.0000,        0.0000,    1,        43.625,         1,      18,       4,20250722_TristanCaro,       0,       1
   164,    P-2582,   2025/07/27 17:06:02,           1-18,       5,        -7.464,     27984.641,         18823,       0,    1,                                        ,                                        ,                 H2O, 1753661467.86,         0.332,         7.319,        69.691,        -0.000,         0.046,         1.647,       224.084,       -36.096,         9.598,       163.200,         0.817,       -33.032,        0.0000,        0.0000,    1,        43.562,         1,      18,       4,20250722_TristanCaro,       0,       1
   165,    P-2582,   2025/07/27 17:15:03,           1-18,       6,        -7.487,     27975.818,         18578,       0,    1,                                        ,                                        ,                 H2O, 1753662009.11,         0.344,         7.301,        68.983,        -0.000,         0.043,         1.640,       222.328,       -35.422,         9.520,       160.684,         0.816,       -32.539,       -0.0000,       -0.0000,    1,        43.562,         1,      18,       4,20250722_TristanCaro,       0,       1
   166,    P-2582,   2025/07/27 17:24:04,           1-18,       7,        -7.462,     27972.751,         18603,       0,    1,                                        ,                                        ,                 H2O, 1753662550.19,         0.305,         7.290,        70.400,         0.000,         0.027,         1.677,       222.420,       -35.536,         9.550,       160.812,         0.813,       -32.408,       -0.0000,       -0.0000,    1,        43.500,         1,      18,       4,20250722_TristanCaro,       0,       1
   167,    P-2582,   2025/07/27 17:33:04,           1-18,       8,        -7.441,     27966.064,         18655,       0,    1,                                        ,                                        ,                 H2O, 1753663088.72,         0.351,         7.101,        69.776,        -0.001,        -0.001,         1.662,       222.845,       -35.805,         9.574,       160.990,         0.819,       -32.652,        0.0000,        0.0000,    1,        43.500,         1,      18,       4,20250722_TristanCaro,       0,       1
   168,    P-2582,   2025/07/27 17:42:04,           1-18,       9,        -7.410,     27962.978,         18587,       0,    1,                                        ,                                        ,                 H2O, 1753663630.13,         0.331,         7.537,        68.548,        -0.000,        -0.051,         1.630,       222.291,       -35.792,         9.540,       161.467,         0.821,       -32.396,        0.0000,        0.0000,    1,        43.500,         1,      18,       4,20250722_TristanCaro,       0,       1
   169,    P-2583,   2025/07/27 17:53:20,           1-19,       1,        -6.908,     24778.148,         19096,      -1,    1,                                        ,                                        ,                 H2O, 1753664306.38,         0.318,        13.071,        69.327,         0.001,         0.280,         1.639,       224.452,       -31.006,         8.952,       152.882,         0.788,       -30.325,        0.0000,        0.0000,    1,        43.500,         1,      19,       4,20250722_TristanCaro,       0,       1
   170,    P-2583,   2025/07/27 18:02:20,           1-19,       2,        -6.843,     24470.857,         18823,      -1,    1,                                        ,                                        ,                 H2O, 1753664846.16,         0.311,        10.528,        67.352,        -0.000,         0.213,         1.604,       222.309,       -29.537,         8.755,       148.976,         0.783,       -29.731,       -0.0000,       -0.0000,    1,        43.500,         1,      19,       4,20250722_TristanCaro,       0,       1
   171,    P-2583,   2025/07/27 18:11:20,           1-19,       3,        -6.857,     24441.356,         18471,      -1,    1,                                        ,                                        ,                 H2O, 1753665386.14,         0.303,        10.511,        70.889,        -0.001,         0.210,         1.683,       219.725,       -28.207,         8.560,       145.686,         0.778,       -29.334,       -0.0000,       -0.0000,    1,        43.500,         1,      19,       4,20250722_TristanCaro,       0,       1
   172,    P-2583,   2025/07/27 18:20:22,           1-19,       4,        -6.739,     24468.447,         18762,       0,    1,                                        ,                                        ,                 H2O, 1753665928.08,         0.308,         8.286,        71.938,        -0.000,         0.155,         1.705,       221.515,       -29.008,         8.642,       149.125,         0.774,       -29.478,        0.0000,        0.0000,    1,        43.562,         1,      19,       4,20250722_TristanCaro,       0,       1
   173,    P-2583,   2025/07/27 18:29:22,           1-19,       5,        -6.807,     24471.757,         18301,       0,    1,                                        ,                                        ,                 H2O, 1753666468.11,         0.301,         7.527,        71.175,        -0.000,         0.123,         1.700,       218.230,       -27.972,         8.470,       144.757,         0.775,       -28.945,        0.0000,        0.0000,    1,        43.562,         1,      19,       4,20250722_TristanCaro,       0,       1
   174,    P-2583,   2025/07/27 18:38:22,           1-19,       6,        -6.772,     24470.880,         18510,       0,    1,                                        ,                                        ,                 H2O, 1753667008.48,         0.280,         5.770,        67.904,        -0.000,         0.064,         1.615,       219.716,       -28.866,         8.598,       147.778,         0.787,       -28.870,        0.0000,        0.0000,    1,        43.500,         1,      19,       4,20250722_TristanCaro,       0,       1
   175,    P-2583,   2025/07/27 18:47:22,           1-19,       7,        -6.843,     24465.731,         18755,       0,    1,                                        ,                                        ,                 H2O, 1753667548.00,         0.317,         7.112,        70.989,         0.001,         0.110,         1.691,       221.734,       -29.492,         8.736,       149.138,         0.786,       -29.557,       -0.0000,       -0.0000,    1,        43.500,         1,      19,       4,20250722_TristanCaro,       0,       1
   176,    P-2583,   2025/07/27 18:56:22,           1-19,       8,        -6.783,     24459.469,         18396,       0,    1,                                        ,                                        ,                 H2O, 1753668087.31,         0.298,         6.650,        71.394,         0.001,         0.092,         1.694,       218.835,       -28.620,         8.527,       146.689,         0.773,       -28.923,        0.0000,        0.0000,    1,        43.500,         1,      19,       4,20250722_TristanCaro,       0,       1
   177,    P-2583,   2025/07/27 19:05:21,           1-19,       9,        -6.856,     24451.334,         18687,       0,    1,                                        ,                                        ,                 H2O, 1753668627.04,         0.308,         6.053,        69.644,        -0.000,         0.062,         1.656,       221.275,       -29.380,         8.677,       148.538,         0.778,       -29.482,       -0.0000,       -0.0000,    1,        43.625,         1,      19,       4,20250722_TristanCaro,       0,       1
   178,    P-2584,   2025/07/27 19:16:37,           1-20,       1,        -6.934,     36318.047,         19015,      -1,    1,                                        ,                                        ,                 H2O, 1753669304.81,         0.463,        42.746,        71.717,        -0.001,        -0.950,         1.691,       230.716,       -52.469,        12.052,       194.092,         1.087,       -41.874,        0.0000,        0.0000,    1,        43.500,         1,      20,       4,20250722_TristanCaro,       0,       1
   179,    P-2584,   2025/07/27 19:25:37,           1-20,       2,        -6.790,     36718.223,         19121,      -1,    1,                                        ,                                        ,                 H2O, 1753669843.65,         0.461,        40.318,        70.172,        -0.001,        -0.907,         1.662,       231.844,       -53.172,        12.199,       193.217,         1.063,       -42.750,        0.0000,        0.0000,    1,        43.500,         1,      20,       4,20250722_TristanCaro,       0,       1
   180,    P-2584,   2025/07/27 19:34:37,           1-20,       3,        -6.750,     37330.147,         18836,      -1,    1,                                        ,                                        ,                 H2O, 1753670380.58,         0.481,        37.579,        68.294,        -0.000,        -0.826,         1.624,       229.404,       -53.212,        12.150,       193.638,         1.142,       -41.896,       -0.0000,       -0.0000,    1,        43.500,         1,      20,       4,20250722_TristanCaro,       0,       1
   181,    P-2584,   2025/07/27 19:43:38,           1-20,       4,        -6.738,     37571.480,         18571,       0,    1,                                        ,                                        ,                 H2O, 1753670922.87,         0.490,        33.771,        68.038,        -0.001,        -0.737,         1.640,       227.054,       -52.835,        12.022,       195.627,         1.108,       -40.979,       -0.0000,       -0.0000,    1,        43.500,         1,      20,       4,20250722_TristanCaro,       0,       1
   182,    P-2584,   2025/07/27 19:52:37,           1-20,       5,        -6.890,     37693.081,         18792,       0,    1,                                        ,                                        ,                 H2O, 1753671463.71,         0.458,        28.275,        69.636,         0.001,        -0.587,         1.654,       229.471,       -53.901,        12.262,       195.652,         1.100,       -42.424,       -0.0000,       -0.0000,    1,        43.438,         1,      20,       4,20250722_TristanCaro,       0,       1
   183,    P-2584,   2025/07/27 20:01:37,           1-20,       6,        -6.879,     37746.342,         18650,       0,    1,                                        ,                                        ,                 H2O, 1753672002.74,         0.514,        26.531,        69.528,         0.001,        -0.522,         1.645,       228.186,       -53.354,        12.147,       194.113,         1.100,       -41.887,       -0.0000,       -0.0000,    1,        43.500,         1,      20,       4,20250722_TristanCaro,       0,       1
   184,    P-2584,   2025/07/27 20:10:37,           1-20,       7,        -6.752,     37802.769,         18636,       0,    1,                                        ,                                        ,                 H2O, 1753672544.58,         0.453,        25.534,        70.604,        -0.000,        -0.527,         1.717,       228.059,       -53.545,        12.174,       194.812,         1.073,       -41.963,        0.0000,        0.0000,    1,        43.438,         1,      20,       4,20250722_TristanCaro,       0,       1
   185,    P-2584,   2025/07/27 20:19:37,           1-20,       8,        -6.802,     37811.264,         18368,       0,    1,                                        ,                                        ,                 H2O, 1753673082.97,         0.409,        23.671,        70.518,        -0.001,        -0.488,         1.681,       225.915,       -52.426,        11.999,       192.110,         1.088,       -41.286,        0.0000,        0.0000,    1,        43.500,         1,      20,       4,20250722_TristanCaro,       0,       1
   186,    P-2584,   2025/07/27 20:28:38,           1-20,       9,        -6.723,     37841.918,         18660,       0,    1,                                        ,                                        ,                 H2O, 1753673621.48,         0.473,        23.827,        66.361,         0.002,        -0.446,         1.585,       228.022,       -53.322,        12.156,       195.157,         1.097,       -41.626,       -0.0000,       -0.0000,    1,        43.500,         1,      20,       4,20250722_TristanCaro,       0,       1
   187,    P-2585,   2025/07/27 20:39:54,           1-21,       1,        -6.694,     39376.890,         18864,      -1,    1,                                        ,                                        ,                 H2O, 1753674299.16,         0.526,        27.686,        67.435,         0.001,        -0.526,         1.602,       230.604,       -56.587,        12.714,       201.938,         1.249,       -43.699,        0.0000,        0.0000,    1,        43.500,         1,      21,       4,20250722_TristanCaro,       0,       1
   188,    P-2585,   2025/07/27 20:48:54,           1-21,       2,        -6.521,     39298.983,         18943,      -1,    1,                                        ,                                        ,                 H2O, 1753674843.22,         0.489,        28.948,        73.642,        -0.001,        -0.583,         1.713,       231.099,       -56.893,        12.749,       202.557,         1.322,       -43.963,        0.0000,        0.0000,    1,        43.438,         1,      21,       4,20250722_TristanCaro,       0,       1
   189,    P-2585,   2025/07/27 20:57:54,           1-21,       3,        -6.663,     39524.091,         18686,      -1,    1,                                        ,                                        ,                 H2O, 1753675381.95,         0.430,        29.386,        69.228,        -0.001,        -0.607,         1.620,       229.403,       -56.837,        12.687,       202.646,         1.178,       -43.424,       -0.0000,       -0.0000,    1,        43.500,         1,      21,       4,20250722_TristanCaro,       0,       1
   190,    P-2585,   2025/07/27 21:06:55,           1-21,       4,        -6.651,     39641.076,         18823,       0,    1,                                        ,                                        ,                 H2O, 1753675917.56,         0.541,        24.460,        68.486,         0.001,        -0.483,         1.697,       230.417,       -57.105,        12.764,       202.621,         1.324,       -43.910,       -0.0000,       -0.0000,    1,        43.438,         1,      21,       4,20250722_TristanCaro,       0,       1
   191,    P-2585,   2025/07/27 21:15:55,           1-21,       5,        -6.624,     39696.191,         18709,       0,    1,                                        ,                                        ,                 H2O, 1753676461.05,         0.531,        25.753,        71.908,         0.000,        -0.459,         1.702,       229.632,       -56.691,        12.714,       201.368,         1.199,       -43.777,       -0.0000,       -0.0000,    1,        43.375,         1,      21,       4,20250722_TristanCaro,       0,       1
   192,    P-2585,   2025/07/27 21:24:56,           1-21,       6,        -6.602,     39706.439,         18483,       0,    1,                                        ,                                        ,                 H2O, 1753677003.67,         0.561,        25.803,        71.367,        -0.001,        -0.451,         1.699,       227.531,       -55.626,        12.534,       199.130,         1.230,       -42.879,        0.0000,        0.0000,    1,        43.438,         1,      21,       4,20250722_TristanCaro,       0,       1
   193,    P-2585,   2025/07/27 21:33:56,           1-21,       7,        -6.679,     39742.694,         18600,       0,    1,                                        ,                                        ,                 H2O, 1753677538.04,         0.495,        23.345,        66.765,         0.002,        -0.416,         1.596,       229.094,       -56.613,        12.691,       199.958,         1.198,       -43.873,       -0.0000,       -0.0000,    1,        43.438,         1,      21,       4,20250722_TristanCaro,       0,       1
   194,    P-2585,   2025/07/27 21:42:57,           1-21,       8,        -6.460,     39747.665,         18461,       0,    1,                                        ,                                        ,                 H2O, 1753678081.70,         0.530,        24.428,        70.122,         0.000,        -0.411,         1.676,       227.287,       -55.342,        12.519,       198.464,         1.213,       -42.991,        0.0000,        0.0000,    1,        43.375,         1,      21,       4,20250722_TristanCaro,       0,       1
   195,    P-2585,   2025/07/27 21:51:57,           1-21,       9,        -6.541,     39753.075,         18649,       0,    1,                                        ,                                        ,                 H2O, 1753678620.26,         0.491,        20.424,        66.716,         0.002,        -0.312,         1.608,       228.874,       -56.192,        12.646,       199.829,         1.229,       -43.454,        0.0000,        0.0000,    1,        43.438,         1,      21,       4,20250722_TristanCaro,       0,       1
   196,    P-2586,   2025/07/27 22:03:11,           1-22,       1,        -6.829,     32513.101,         18615,      -1,    1,                                        ,                                        ,                 H2O, 1753679298.17,         0.378,        12.421,        67.168,        -0.001,         0.196,         1.599,       225.037,       -44.083,        10.724,       176.622,         0.897,       -36.930,       -0.0000,       -0.0000,    1,        43.500,         1,      22,       4,20250722_TristanCaro,       0,       1
   197,    P-2586,   2025/07/27 22:12:11,           1-22,       2,        -6.908,     31852.711,         18702,      -1,    1,                                        ,                                        ,                 H2O, 1753679836.75,         0.410,        13.405,        67.860,         0.001,         0.205,         1.615,       225.525,       -42.879,        10.591,       173.682,         0.878,       -36.710,       -0.0000,       -0.0000,    1,        43.562,         1,      22,       4,20250722_TristanCaro,       0,       1
   198,    P-2586,   2025/07/27 22:21:11,           1-22,       3,        -6.771,     31789.852,         18546,      -1,    1,                                        ,                                        ,                 H2O, 1753680376.52,         0.363,         9.650,        65.293,         0.001,         0.103,         1.575,       223.765,       -41.618,        10.465,       172.897,         0.876,       -35.762,        0.0000,        0.0000,    1,        43.500,         1,      22,       4,20250722_TristanCaro,       0,       1
   199,    P-2586,   2025/07/27 22:30:11,           1-22,       4,        -6.692,     31792.016,         18409,       0,    1,                                        ,                                        ,                 H2O, 1753680917.87,         0.387,         9.663,        68.498,         0.001,         0.075,         1.628,       222.534,       -41.238,        10.367,       171.628,         0.879,       -35.361,       -0.0000,       -0.0000,    1,        43.500,         1,      22,       4,20250722_TristanCaro,       0,       1
   200,    P-2586,   2025/07/27 22:39:12,           1-22,       5,        -6.773,     31796.342,         18450,       0,    1,                                        ,                                        ,                 H2O, 1753681456.14,         0.354,         8.679,        66.675,        -0.001,        -0.010,         1.605,       223.204,       -41.752,        10.438,       172.640,         0.881,       -35.717,       -0.0000,       -0.0000,    1,        43.500,         1,      22,       4,20250722_TristanCaro,       0,       1
   201,    P-2586,   2025/07/27 22:48:12,           1-22,       6,        -6.875,     31786.426,         18787,       0,    1,                                        ,                                        ,                 H2O, 1753681998.48,         0.394,         9.413,        66.783,         0.000,        -0.014,         1.594,       225.992,       -43.034,        10.646,       175.421,         0.896,       -36.553,       -0.0000,       -0.0000,    1,        43.500,         1,      22,       4,20250722_TristanCaro,       0,       1
   202,    P-2586,   2025/07/27 22:57:12,           1-22,       7,        -6.876,     31773.927,         18565,       0,    1,                                        ,                                        ,                 H2O, 1753682537.94,         0.410,        10.570,        68.387,        -0.001,        -0.100,         1.618,       224.444,       -42.246,        10.545,       172.574,         0.881,       -36.378,       -0.0000,       -0.0000,    1,        43.500,         1,      22,       4,20250722_TristanCaro,       0,       1
   203,    P-2586,   2025/07/27 23:06:12,           1-22,       8,        -6.833,     31763.571,         18398,       0,    1,                                        ,                                        ,                 H2O, 1753683077.77,         0.419,         9.870,        70.552,         0.001,         0.011,         1.676,       222.747,       -41.749,        10.402,       172.460,         0.889,       -35.466,        0.0000,        0.0000,    1,        43.500,         1,      22,       4,20250722_TristanCaro,       0,       1
   204,    P-2586,   2025/07/27 23:15:12,           1-22,       9,        -6.821,     31756.064,         18498,       0,    1,                                        ,                                        ,                 H2O, 1753683617.55,         0.362,         9.657,        69.721,        -0.000,        -0.049,         1.659,       223.408,       -41.491,        10.415,       172.735,         0.857,       -35.765,        0.0000,        0.0000,    1,        43.500,         1,      22,       4,20250722_TristanCaro,       0,       1
   205,    P-2587,   2025/07/27 23:26:27,           1-23,       1,        -6.205,     32566.223,         18895,      -1,    1,                                        ,                                        ,                 H2O, 1753684293.43,         0.424,        11.464,        70.461,         0.000,        -0.077,         1.668,       227.465,       -45.488,        10.941,       179.341,         0.900,       -37.691,        0.0000,        0.0000,    1,        43.500,         1,      23,       4,20250722_TristanCaro,       0,       1
   206,    P-2587,   2025/07/27 23:35:27,           1-23,       2,        -5.946,     32560.807,         18338,      -1,    1,                                        ,                                        ,                 H2O, 1753684832.95,         0.430,        12.309,        66.947,         0.001,        -0.133,         1.594,       222.607,       -42.729,        10.544,       173.907,         0.890,       -36.130,       -0.0000,       -0.0000,    1,        43.500,         1,      23,       4,20250722_TristanCaro,       0,       1
   207,    P-2587,   2025/07/27 23:44:27,           1-23,       3,        -5.905,     32632.532,         18210,      -1,    1,                                        ,                                        ,                 H2O, 1753685372.83,         0.400,        12.281,        66.483,        -0.000,        -0.174,         1.585,       221.784,       -42.955,        10.531,       174.111,         0.872,       -35.906,        0.0000,        0.0000,    1,        43.500,         1,      23,       4,20250722_TristanCaro,       0,       1
   208,    P-2587,   2025/07/27 23:53:27,           1-23,       4,        -6.186,     32690.397,         18962,       0,    1,                                        ,                                        ,                 H2O, 1753685913.03,         0.409,        11.905,        70.609,        -0.000,        -0.130,         1.666,       227.954,       -45.753,        11.006,       180.576,         0.918,       -37.863,       -0.0000,       -0.0000,    1,        43.500,         1,      23,       4,20250722_TristanCaro,       0,       1
   209,    P-2587,   2025/07/28 00:02:27,           1-23,       5,        -6.011,     32726.190,         18412,       0,    1,                                        ,                                        ,                 H2O, 1753686452.65,         0.391,        13.143,        68.036,        -0.001,        -0.216,         1.628,       223.441,       -43.633,        10.659,       176.195,         0.894,       -36.473,        0.0000,        0.0000,    1,        43.500,         1,      23,       4,20250722_TristanCaro,       0,       1
   210,    P-2587,   2025/07/28 00:11:26,           1-23,       6,        -6.032,     32744.872,         18732,       0,    1,                                        ,                                        ,                 H2O, 1753686991.39,         0.425,        12.624,        66.616,         0.000,        -0.172,         1.590,       226.137,       -44.678,        10.890,       176.986,         0.911,       -37.524,       -0.0000,       -0.0000,    1,        43.500,         1,      23,       4,20250722_TristanCaro,       0,       1
   211,    P-2587,   2025/07/28 00:20:27,           1-23,       7,        -6.022,     32733.016,         18491,       0,    1,                                        ,                                        ,                 H2O, 1753687532.85,         0.474,        13.713,        67.879,         0.000,        -0.182,         1.602,       224.104,       -44.153,        10.733,       176.169,         0.914,       -36.776,        0.0000,        0.0000,    1,        43.500,         1,      23,       4,20250722_TristanCaro,       0,       1
   212,    P-2587,   2025/07/28 00:29:27,           1-23,       8,        -6.022,     32746.378,         18474,       0,    1,                                        ,                                        ,                 H2O, 1753688072.91,         0.404,        12.842,        67.358,        -0.001,        -0.198,         1.599,       224.089,       -43.633,        10.722,       175.029,         0.903,       -37.012,       -0.0000,       -0.0000,    1,        43.438,         1,      23,       4,20250722_TristanCaro,       0,       1
   213,    P-2587,   2025/07/28 00:38:27,           1-23,       9,        -6.059,     32749.308,         18527,       0,    1,                                        ,                                        ,                 H2O, 1753688612.48,         0.388,        13.173,        68.088,        -0.001,        -0.220,         1.642,       224.694,       -44.395,        10.790,       176.975,         0.909,       -36.976,        0.0000,        0.0000,    1,        43.500,         1,      23,       4,20250722_TristanCaro,       0,       1
   214,    P-2588,   2025/07/28 00:49:41,           1-24,       1,        -6.672,     36171.998,         18986,      -1,    1,                                        ,                                        ,                 H2O, 1753689287.29,         0.424,        20.883,        71.528,        -0.000,        -0.381,         1.683,       230.192,       -51.732,        11.952,       192.003,         0.996,       -41.518,        0.0000,        0.0000,    1,        43.500,         1,      24,       4,20250722_TristanCaro,       0,       1
   215,    P-2588,   2025/07/28 00:58:43,           1-24,       2,        -5.791,     36325.562,         18733,      -1,    1,                                        ,                                        ,                 H2O, 1753689828.02,         0.437,        12.981,        85.486,         0.002,        -0.159,         2.052,       224.980,       -45.441,        11.450,       190.419,         1.020,       -38.463,        0.0000,        0.0000,    1,        43.438,         1,      24,       4,20250722_TristanCaro,       0,       1
   216,    P-2588,   2025/07/28 01:07:43,           1-24,       3,        -6.257,     36489.399,         18665,      -1,    1,                                        ,                                        ,                 H2O, 1753690370.29,         0.420,        19.470,        72.154,         0.000,        -0.353,         1.713,       226.625,       -49.619,        11.683,       190.757,         1.030,       -39.990,       -0.0000,       -0.0000,    1,        43.438,         1,      24,       4,20250722_TristanCaro,       0,       1
   217,    P-2588,   2025/07/28 01:16:43,           1-24,       4,        -6.560,     36583.617,         18669,       0,    1,                                        ,                                        ,                 H2O, 1753690910.03,         0.423,        20.070,        70.417,         0.000,        -0.371,         1.656,       227.696,       -51.008,        11.825,       189.940,         1.030,       -40.965,        0.0000,        0.0000,    1,        43.438,         1,      24,       4,20250722_TristanCaro,       0,       1
   218,    P-2588,   2025/07/28 01:25:43,           1-24,       5,        -5.631,     36664.392,         18644,       0,    1,                                        ,                                        ,                 H2O, 1753691448.48,         0.451,        17.852,        71.709,         0.001,        -0.299,         1.688,       224.135,       -46.038,        11.483,       192.047,         1.039,       -38.225,       -0.0000,       -0.0000,    1,        43.438,         1,      24,       4,20250722_TristanCaro,       0,       1
   219,    P-2588,   2025/07/28 01:34:43,           1-24,       6,        -5.483,     36687.097,         18601,       0,    1,                                        ,                                        ,                 H2O, 1753691988.66,         0.466,        19.328,        67.012,         0.001,        -0.338,         1.597,       223.113,       -44.950,        11.397,       192.648,         0.997,       -37.359,       -0.0000,       -0.0000,    1,        43.438,         1,      24,       4,20250722_TristanCaro,       0,       1
   220,    P-2588,   2025/07/28 01:43:43,           1-24,       7,        -5.396,     36704.818,         18668,       0,    1,                                        ,                                        ,                 H2O, 1753692528.19,         0.484,        17.690,        68.451,         0.001,        -0.265,         1.608,       223.213,       -44.714,        11.438,       193.943,         1.044,       -37.059,        0.0000,        0.0000,    1,        43.375,         1,      24,       4,20250722_TristanCaro,       0,       1
   221,    P-2588,   2025/07/28 01:52:42,           1-24,       8,        -5.505,     36705.731,         18535,       0,    1,                                        ,                                        ,                 H2O, 1753693067.68,         0.452,        16.606,        69.810,         0.002,        -0.240,         1.666,       222.592,       -44.568,        11.365,       190.523,         1.045,       -37.466,       -0.0000,       -0.0000,    1,        43.438,         1,      24,       4,20250722_TristanCaro,       0,       1
   222,    P-2588,   2025/07/28 02:01:42,           1-24,       9,        -6.193,     36696.728,         18490,       0,    1,                                        ,                                        ,                 H2O, 1753693606.68,         0.455,        16.298,        73.383,        -0.000,        -0.224,         1.761,       224.760,       -48.639,        11.587,       189.760,         1.041,       -39.055,       -0.0000,       -0.0000,    1,        43.438,         1,      24,       4,20250722_TristanCaro,       0,       1
   223,    P-2589,   2025/07/28 02:12:59,           1-25,       1,        -6.740,     32722.402,         19032,      -1,    1,                                        ,                                        ,                 H2O, 1753694285.45,         0.393,        10.749,        71.716,        -0.001,         0.094,         1.707,       228.391,       -45.381,        10.997,       179.890,         0.916,       -38.153,       -0.0000,       -0.0000,    1,        43.438,         1,      25,       4,20250722_TristanCaro,       0,       1
   224,    P-2589,   2025/07/28 02:21:59,           1-25,       2,        -6.020,     32344.693,         18686,      -1,    1,                                        ,                                        ,                 H2O, 1753694824.57,         0.379,        11.312,        65.501,         0.002,         0.069,         1.567,       222.534,       -37.908,        10.345,       176.443,         0.870,       -34.546,       -0.0000,       -0.0000,    1,        43.438,         1,      25,       4,20250722_TristanCaro,       0,       1
   225,    P-2589,   2025/07/28 02:30:58,           1-25,       3,        -6.425,     32348.812,         18590,      -1,    1,                                        ,                                        ,                 H2O, 1753695364.88,         0.412,        10.223,        71.848,         0.000,         0.023,         1.699,       223.852,       -41.846,        10.533,       175.893,         0.888,       -36.062,        0.0000,        0.0000,    1,        43.438,         1,      25,       4,20250722_TristanCaro,       0,       1
   226,    P-2589,   2025/07/28 02:39:59,           1-25,       4,        -6.624,     32365.480,         18367,       0,    1,                                        ,                                        ,                 H2O, 1753695904.26,         0.405,        10.320,        69.903,        -0.001,        -0.024,         1.663,       222.675,       -42.511,        10.517,       174.459,         0.873,       -35.883,        0.0000,        0.0000,    1,        43.438,         1,      25,       4,20250722_TristanCaro,       0,       1
   227,    P-2589,   2025/07/28 02:49:00,           1-25,       5,        -6.815,     32359.654,         18618,       0,    1,                                        ,                                        ,                 H2O, 1753696444.77,         0.415,        10.999,        78.757,         0.000,         0.095,         1.871,       225.274,       -43.429,        10.707,       173.365,         0.885,       -37.240,       -0.0000,       -0.0000,    1,        43.438,         1,      25,       4,20250722_TristanCaro,       0,       1
   228,    P-2589,   2025/07/28 02:58:00,           1-25,       6,        -6.740,     32379.268,         18744,       0,    1,                                        ,                                        ,                 H2O, 1753696985.93,         0.417,        10.638,        69.685,         0.002,         0.003,         1.652,       226.168,       -44.110,        10.791,       176.363,         0.903,       -37.117,       -0.0000,       -0.0000,    1,        43.500,         1,      25,       4,20250722_TristanCaro,       0,       1
   229,    P-2589,   2025/07/28 03:07:00,           1-25,       7,        -6.690,     32357.553,         18619,       0,    1,                                        ,                                        ,                 H2O, 1753697525.27,         0.422,        12.380,        80.628,         0.002,         0.138,         1.914,       224.793,       -43.231,        10.667,       175.126,         0.899,       -36.700,       -0.0000,       -0.0000,    1,        43.438,         1,      25,       4,20250722_TristanCaro,       0,       1
   230,    P-2589,   2025/07/28 03:16:01,           1-25,       8,        -6.694,     32359.333,         18634,       0,    1,                                        ,                                        ,                 H2O, 1753698066.99,         0.429,        13.102,        84.905,         0.002,         0.180,         2.006,       225.114,       -44.038,        10.722,       176.628,         0.898,       -36.783,       -0.0000,       -0.0000,    1,        43.438,         1,      25,       4,20250722_TristanCaro,       0,       1
   231,    P-2589,   2025/07/28 03:25:01,           1-25,       9,        -6.679,     32368.984,         18686,       0,    1,                                        ,                                        ,                 H2O, 1753698606.65,         0.419,        10.178,        67.731,         0.002,        -0.030,         1.619,       225.658,       -44.047,        10.753,       176.111,         0.893,       -37.139,        0.0000,        0.0000,    1,        43.438,         1,      25,       4,20250722_TristanCaro,       0,       1
   232,    P-2590,   2025/07/28 03:36:17,           1-26,       1,        -5.534,     43243.667,         18716,      -1,    1,                                        ,                                        ,                 H2O, 1753699283.43,         0.578,        48.701,        69.358,        -0.002,        -1.078,         1.658,       230.797,       -61.447,        13.547,       210.780,         1.549,       -46.617,       -0.0000,       -0.0000,    1,        43.500,         1,      26,       4,20250722_TristanCaro,       0,       1
   233,    P-2590,   2025/07/28 03:45:17,           1-26,       2,        -5.264,     44048.859,         18437,      -1,    1,                                        ,                                        ,                 H2O, 1753699823.60,         0.597,        50.093,        69.471,        -0.001,        -1.086,         1.644,       228.405,       -61.779,        13.517,       212.567,         1.753,       -45.869,        0.0000,        0.0000,    1,        44.000,         1,      26,       4,20250722_TristanCaro,       0,       1
   234,    P-2590,   2025/07/28 03:54:17,           1-26,       3,        -5.499,     44309.530,         18497,      -1,    1,                                        ,                                        ,                 H2O, 1753700360.09,         0.545,        39.165,        62.650,         0.002,        -0.859,         1.575,       229.821,       -64.331,        13.763,       216.611,         1.739,       -46.803,       -0.0000,       -0.0000,    1,        43.625,         1,      26,       4,20250722_TristanCaro,       0,       1
   235,    P-2590,   2025/07/28 04:03:18,           1-26,       4,        -5.410,     44473.987,         18356,       0,    1,                                        ,                                        ,                 H2O, 1753700906.27,         0.552,        38.863,        65.377,        -0.001,        -0.845,         1.608,       228.536,       -62.271,        13.628,       211.150,         1.621,       -46.677,        0.0000,        0.0000,    1,        43.500,         1,      26,       4,20250722_TristanCaro,       0,       1
   236,    P-2590,   2025/07/28 04:12:19,           1-26,       5,        -5.463,     44567.067,         18528,       0,    1,                                        ,                                        ,                 H2O, 1753701443.60,         0.661,        41.328,        68.755,        -0.004,        -0.845,         1.658,       229.802,       -63.873,        13.795,       214.572,         1.892,       -46.757,       -0.0000,       -0.0000,    1,        43.438,         1,      26,       4,20250722_TristanCaro,       0,       1
   237,    P-2590,   2025/07/28 04:21:19,           1-26,       6,        -5.327,     44629.159,         18553,       0,    1,                                        ,                                        ,                 H2O, 1753701980.12,         0.595,        37.706,        71.097,        -0.001,        -0.718,         1.634,       229.913,       -63.727,        13.805,       213.402,         2.195,       -47.164,       -0.0000,       -0.0000,    1,        43.375,         1,      26,       4,20250722_TristanCaro,       0,       1
   238,    P-2590,   2025/07/28 04:30:19,           1-26,       7,        -5.278,     44660.396,         18283,       0,    1,                                        ,                                        ,                 H2O, 1753702522.23,         0.632,        35.365,        73.268,        -0.001,        -0.665,         1.736,       227.322,       -63.172,        13.583,       215.842,         1.908,       -45.617,       -0.0000,       -0.0000,    1,        43.312,         1,      26,       4,20250722_TristanCaro,       0,       1
   239,    P-2590,   2025/07/28 04:39:19,           1-26,       8,        -5.330,     44682.893,         18278,       0,    1,                                        ,                                        ,                 H2O, 1753703057.53,         0.671,        37.646,        71.299,        -0.001,        -0.674,         1.638,       227.657,       -62.487,        13.609,       212.590,         1.868,       -46.126,        0.0000,        0.0000,    1,        43.500,         1,      26,       4,20250722_TristanCaro,       0,       1
   240,    P-2590,   2025/07/28 04:48:19,           1-26,       9,        -5.438,     44695.406,         18473,       0,    1,                                        ,                                        ,                 H2O, 1753703600.82,         0.675,        33.131,        68.206,         0.002,        -0.540,         1.591,       229.491,       -63.166,        13.776,       212.266,         1.849,       -46.869,        0.0000,        0.0000,    1,        43.438,         1,      26,       4,20250722_TristanCaro,       0,       1
   241,    P-2591,   2025/07/28 04:59:35,           1-27,       1,        -6.689,     23140.239,         18878,      -1,    1,                                        ,                                        ,                 H2O, 1753704281.16,         0.283,        57.030,        70.218,         0.000,         1.338,         1.660,       221.626,       -26.672,         8.359,       145.583,         0.770,       -28.411,        0.0000,        0.0000,    1,        43.375,         1,      27,       4,20250722_TristanCaro,       0,       1
   242,    P-2591,   2025/07/28 05:08:36,           1-27,       2,        -6.681,     21351.911,         18712,      -1,    1,                                        ,                                        ,                 H2O, 1753704821.48,         0.260,        55.154,        70.138,         0.001,         1.311,         1.667,       219.631,       -23.428,         7.882,       137.409,         0.751,       -26.662,       -0.0000,       -0.0000,    1,        43.438,         1,      27,       4,20250722_TristanCaro,       0,       1
   243,    P-2591,   2025/07/28 05:17:37,           1-27,       3,        -6.655,     21030.365,         18672,      -1,    1,                                        ,                                        ,                 H2O, 1753705362.28,         0.279,        41.908,        67.806,        -0.000,         0.998,         1.618,       219.045,       -23.263,         7.831,       137.209,         0.757,       -26.042,       -0.0000,       -0.0000,    1,        43.438,         1,      27,       4,20250722_TristanCaro,       0,       1
   244,    P-2591,   2025/07/28 05:26:36,           1-27,       4,        -6.653,     20915.401,         18405,       0,    1,                                        ,                                        ,                 H2O, 1753705902.34,         0.266,        36.255,        69.168,         0.001,         0.862,         1.651,       217.089,       -21.850,         7.654,       132.695,         0.750,       -25.940,       -0.0000,       -0.0000,    1,        43.500,         1,      27,       4,20250722_TristanCaro,       0,       1
   245,    P-2591,   2025/07/28 05:35:36,           1-27,       5,        -6.674,     20838.375,         18707,       0,    1,                                        ,                                        ,                 H2O, 1753706442.28,         0.260,        30.763,        71.154,         0.001,         0.728,         1.692,       219.280,       -22.055,         7.735,       134.452,         0.751,       -26.273,       -0.0000,       -0.0000,    1,        43.438,         1,      27,       4,20250722_TristanCaro,       0,       1
   246,    P-2591,   2025/07/28 05:44:36,           1-27,       6,        -6.343,     20780.414,         18456,       0,    1,                                        ,                                        ,                 H2O, 1753706982.29,         0.284,        26.002,        66.509,         0.001,         0.614,         1.585,       215.176,       -17.251,         7.255,       138.102,         0.755,       -23.985,        0.0000,        0.0000,    1,        43.375,         1,      27,       4,20250722_TristanCaro,       0,       1
   247,    P-2591,   2025/07/28 05:53:36,           1-27,       7,        -6.645,     20737.291,         18711,       0,    1,                                        ,                                        ,                 H2O, 1753707522.33,         0.270,        22.690,        67.843,        -0.000,         0.534,         1.614,       218.992,       -21.843,         7.692,       135.710,         0.753,       -25.917,       -0.0000,       -0.0000,    1,        43.375,         1,      27,       4,20250722_TristanCaro,       0,       1
   248,    P-2591,   2025/07/28 06:02:37,           1-27,       8,        -6.684,     20702.169,         18550,       0,    1,                                        ,                                        ,                 H2O, 1753708063.43,         0.261,        21.953,        69.821,         0.000,         0.516,         1.665,       217.849,       -21.806,         7.656,       134.094,         0.752,       -25.599,       -0.0000,       -0.0000,    1,        43.438,         1,      27,       4,20250722_TristanCaro,       0,       1
   249,    P-2591,   2025/07/28 06:11:37,           1-27,       9,        -6.685,     20678.713,         18646,       0,    1,                                        ,                                        ,                 H2O, 1753708603.15,         0.273,        19.710,        69.330,         0.001,         0.462,         1.657,       218.660,       -22.358,         7.715,       134.969,         0.746,       -25.810,        0.0000,        0.0000,    1,        43.438,         1,      27,       4,20250722_TristanCaro,       0,       1
   250,    P-2592,   2025/07/28 06:22:53,           1-28,       1,        -6.477,     37421.492,         18876,      -1,    1,                                        ,                                        ,                 H2O, 1753709278.24,         0.478,        41.291,        75.388,         0.001,        -0.894,         1.776,       229.780,       -53.651,        12.223,       197.118,         1.063,       -42.029,        0.0000,        0.0000,    1,        43.438,         1,      28,       4,20250722_TristanCaro,       0,       1
   251,    P-2592,   2025/07/28 06:31:53,           1-28,       2,        -6.229,     38670.242,         18577,      -1,    1,                                        ,                                        ,                 H2O, 1753709818.92,         0.516,        36.752,        83.380,         0.002,        -0.759,         1.976,       227.554,       -53.692,        12.279,       195.478,         1.187,       -42.042,       -0.0000,       -0.0000,    1,        43.375,         1,      28,       4,20250722_TristanCaro,       0,       1
   252,    P-2592,   2025/07/28 06:40:53,           1-28,       3,        -6.201,     39067.539,         18897,      -1,    1,                                        ,                                        ,                 H2O, 1753710359.63,         0.516,        39.482,        70.021,        -0.000,        -0.853,         1.647,       230.744,       -56.694,        12.660,       200.749,         1.169,       -43.618,       -0.0000,       -0.0000,    1,        43.375,         1,      28,       4,20250722_TristanCaro,       0,       1
   253,    P-2592,   2025/07/28 06:49:53,           1-28,       4,        -6.129,     39248.196,         18500,       0,    1,                                        ,                                        ,                 H2O, 1753710901.02,         0.487,        35.332,        68.094,        -0.001,        -0.770,         1.649,       227.590,       -55.314,        12.426,       198.047,         1.124,       -43.041,        0.0000,        0.0000,    1,        43.312,         1,      28,       4,20250722_TristanCaro,       0,       1
   254,    P-2592,   2025/07/28 06:58:53,           1-28,       5,        -6.159,     39346.900,         18464,       0,    1,                                        ,                                        ,                 H2O, 1753711440.18,         0.521,        29.553,        70.414,        -0.001,        -0.602,         1.698,       227.209,       -55.248,        12.419,       198.106,         1.170,       -42.640,        0.0000,        0.0000,    1,        43.375,         1,      28,       4,20250722_TristanCaro,       0,       1
   255,    P-2592,   2025/07/28 07:07:53,           1-28,       6,        -6.237,     39405.226,         18599,       0,    1,                                        ,                                        ,                 H2O, 1753711979.41,         0.549,        30.429,        70.801,        -0.001,        -0.586,         1.653,       228.494,       -55.643,        12.521,       199.636,         1.129,       -43.261,        0.0000,        0.0000,    1,        43.375,         1,      28,       4,20250722_TristanCaro,       0,       1
   256,    P-2592,   2025/07/28 07:16:54,           1-28,       7,        -6.048,     39446.470,         18206,       0,    1,                                        ,                                        ,                 H2O, 1753712520.80,         0.513,        27.531,        72.222,        -0.001,        -0.527,         1.702,       224.949,       -53.727,        12.244,       195.762,         1.140,       -41.959,       -0.0000,       -0.0000,    1,        43.375,         1,      28,       4,20250722_TristanCaro,       0,       1
   257,    P-2592,   2025/07/28 07:25:54,           1-28,       8,        -6.157,     39468.893,         18499,       0,    1,                                        ,                                        ,                 H2O, 1753713061.30,         0.483,        22.974,        72.043,         0.001,        -0.413,         1.685,       227.620,       -55.281,        12.503,       198.512,         1.171,       -42.870,        0.0000,        0.0000,    1,        43.375,         1,      28,       4,20250722_TristanCaro,       0,       1
   258,    P-2592,   2025/07/28 07:34:54,           1-28,       9,        -6.287,     39465.829,         18525,       0,    1,                                        ,                                        ,                 H2O, 1753713603.77,         0.533,        19.342,        85.180,         0.000,        -0.233,         2.040,       227.821,       -55.284,        12.489,       198.685,         1.149,       -43.042,        0.0000,        0.0000,    1,        43.375,         1,      28,       4,20250722_TristanCaro,       0,       1
   259,    P-2593,   2025/07/28 07:46:08,           1-29,       1,        -5.929,     38163.190,         18963,      -1,    1,                                        ,                                        ,                 H2O, 1753714272.65,         0.524,        16.923,        72.232,         0.001,        -0.184,         1.694,       230.647,       -56.120,        12.463,       202.174,         1.128,       -42.489,        0.0000,        0.0000,    1,        43.375,         1,      29,       4,20250722_TristanCaro,       0,       1
   260,    P-2593,   2025/07/28 07:55:08,           1-29,       2,        -5.842,     37969.752,         18669,      -1,    1,                                        ,                                        ,                 H2O, 1753714815.70,         0.538,        20.373,        70.377,         0.001,        -0.277,         1.626,       228.149,       -54.096,        12.221,       196.336,         1.134,       -41.775,        0.0000,        0.0000,    1,        43.375,         1,      29,       4,20250722_TristanCaro,       0,       1
   261,    P-2593,   2025/07/28 08:04:08,           1-29,       3,        -5.872,     38023.931,         18593,      -1,    1,                                        ,                                        ,                 H2O, 1753715353.80,         0.502,        15.097,        79.701,         0.002,        -0.006,         1.914,       227.381,       -53.267,        12.149,       196.133,         1.090,       -41.346,       -0.0000,       -0.0000,    1,        43.375,         1,      29,       4,20250722_TristanCaro,       0,       1
   262,    P-2593,   2025/07/28 08:13:09,           1-29,       4,        -5.858,     38100.502,         18457,       0,    1,                                        ,                                        ,                 H2O, 1753715893.98,         0.548,        17.732,        77.675,        -0.000,        -0.153,         1.839,       226.495,       -53.245,        12.135,       195.628,         1.162,       -41.240,       -0.0000,       -0.0000,    1,        43.438,         1,      29,       4,20250722_TristanCaro,       0,       1
   263,    P-2593,   2025/07/28 08:22:08,           1-29,       5,        -5.831,     38135.605,         18656,       0,    1,                                        ,                                        ,                 H2O, 1753716432.87,         0.466,        16.303,        75.577,        -0.000,        -0.179,         1.804,       227.681,       -52.892,        12.169,       196.754,         1.173,       -41.474,        0.0000,        0.0000,    1,        43.500,         1,      29,       4,20250722_TristanCaro,       0,       1
   264,    P-2593,   2025/07/28 08:31:08,           1-29,       6,        -5.782,     38147.796,         18552,       0,    1,                                        ,                                        ,                 H2O, 1753716971.53,         0.485,        19.339,        71.485,        -0.002,        -0.321,         1.711,       226.944,       -52.745,        12.108,       195.146,         1.115,       -41.452,        0.0000,        0.0000,    1,        43.500,         1,      29,       4,20250722_TristanCaro,       0,       1
   265,    P-2593,   2025/07/28 08:40:08,           1-29,       7,        -5.877,     38134.411,         18547,       0,    1,                                        ,                                        ,                 H2O, 1753717514.05,         0.464,        15.366,        81.945,         0.001,        -0.066,         1.949,       226.969,       -53.011,        12.122,       196.842,         1.142,       -41.306,        0.0000,        0.0000,    1,        43.562,         1,      29,       4,20250722_TristanCaro,       0,       1
   266,    P-2593,   2025/07/28 08:49:09,           1-29,       8,        -5.698,     38167.271,         18552,       0,    1,                                        ,                                        ,                 H2O, 1753718054.97,         0.449,        16.617,        72.403,        -0.000,        -0.221,         1.739,       226.862,       -52.949,        12.088,       195.144,         1.102,       -41.312,       -0.0000,       -0.0000,    1,        43.625,         1,      29,       4,20250722_TristanCaro,       0,       1
   267,    P-2593,   2025/07/28 08:58:10,           1-29,       9,        -5.675,     38141.218,         18437,       0,    1,                                        ,                                        ,                 H2O, 1753718596.34,         0.472,        14.496,        85.594,         0.000,        -0.021,         2.057,       225.448,       -51.689,        11.964,       194.693,         1.210,       -40.441,       -0.0000,       -0.0000,    1,        43.625,         1,      29,       4,20250722_TristanCaro,       0,       1
   268,    P-2594,   2025/07/28 09:10:25,           1-01,       1,              ,              ,              ,        ,     ,                                        ,                                        ,                 H2O,              ,              ,              ,              ,              ,              ,              ,              ,              ,              ,              ,              ,              ,              ,              ,     ,              ,         1,       1,       5,SyringeCleaning_NMP_mqH2O_5xRinse,       0,       1
   269,    P-2594,   2025/07/28 09:20:20,           1-01,       2,              ,              ,              ,        ,     ,                                        ,                                        ,                 H2O,              ,              ,              ,              ,              ,              ,              ,              ,              ,              ,              ,              ,              ,              ,              ,     ,              ,         1,       1,       5,SyringeCleaning_NMP_mqH2O_5xRinse,       0,       1
   270,    P-2594,   2025/07/28 09:30:15,           1-01,       3,              ,              ,              ,        ,     ,                                        ,                                        ,                 H2O,              ,              ,              ,              ,              ,              ,              ,              ,              ,              ,              ,              ,              ,              ,              ,     ,              ,         1,       1,       5,SyringeCleaning_NMP_mqH2O_5xRinse,       0,       1
   271,    P-2594,   2025/07/28 09:40:19,           1-01,       4,       -10.779,      2646.827,         18140,       0,    1,                                        ,                                        ,                 H2O, 1753721125.29,         0.116,       102.129,        57.917,         0.001,         2.432,         1.383,       198.432,        22.470,         3.233,        89.303,         0.722,        -2.569,       -0.0000,       -0.0000,    1,        43.750,         1,       1,       6,20250722_TristanCaro,       0,       1
   272,    P-2594,   2025/07/28 09:49:19,           1-01,       5,       -10.862,      1332.998,         18557,       0,    1,                                        ,                                        ,                 H2O, 1753721665.48,         0.109,        91.656,        60.805,         0.001,         2.187,         1.451,       199.595,        27.552,         3.010,        89.857,         0.722,        -1.160,        0.0000,        0.0000,    1,        43.750,         1,       1,       6,20250722_TristanCaro,       0,       1
   273,    P-2594,   2025/07/28 09:58:20,           1-01,       6,       -10.915,       937.769,         18409,       0,    1,                                        ,                                        ,                 H2O, 1753722206.00,         0.102,        79.147,        64.592,         0.001,         1.889,         1.542,       198.145,        28.404,         2.900,        91.221,         0.721,        -0.494,        0.0000,        0.0000,    1,        43.750,         1,       1,       6,20250722_TristanCaro,       0,       1
   274,    P-2594,   2025/07/28 10:07:21,           1-01,       7,       -10.951,       762.756,         18498,       0,    1,                                        ,                                        ,                 H2O, 1753722747.58,         0.106,        70.014,        71.113,         0.001,         1.671,         1.697,       198.635,        29.267,         2.797,        90.467,         0.722,        -0.533,       -0.0000,       -0.0000,    1,        43.812,         1,       1,       6,20250722_TristanCaro,       0,       1
   275,    P-2594,   2025/07/28 10:16:22,           1-01,       8,       -10.975,       649.031,         18433,       0,    1,                                        ,                                        ,                 H2O, 1753723288.08,         0.119,        63.157,        73.976,         0.001,         1.509,         1.767,       197.800,        29.580,         2.852,        91.883,         0.721,        -0.102,        0.0000,        0.0000,    1,        43.812,         1,       1,       6,20250722_TristanCaro,       0,       1
   276,    P-2594,   2025/07/28 10:25:23,           1-01,       9,       -10.897,       560.697,         18550,       0,    1,                                        ,                                        ,                 H2O, 1753723828.60,         0.090,        56.180,        67.352,         0.000,         1.335,         1.601,       198.639,        29.884,         2.808,        92.072,         0.721,        -0.186,       -0.0000,       -0.0000,    1,        43.812,         1,       1,       6,20250722_TristanCaro,       0,       1
   277,    P-2594,   2025/07/28 10:34:24,           1-01,      10,       -10.962,       501.717,         18376,       0,    1,                                        ,                                        ,                 H2O, 1753724370.51,         0.113,        53.084,        76.143,         0.001,         1.262,         1.810,       199.133,        29.002,         2.414,        87.655,         0.721,        -1.601,       -0.0000,       -0.0000,    1,        43.875,         1,       1,       6,20250722_TristanCaro,       0,       1
   278,    P-2594,   2025/07/28 10:43:25,           1-01,      11,       -10.894,       443.350,         18625,       0,    1,                                        ,                                        ,                 H2O, 1753724911.34,         0.108,        47.502,        69.543,         0.001,         1.133,         1.660,       199.332,        30.189,         2.697,        91.582,         0.722,        -0.417,       -0.0000,       -0.0000,    1,        43.875,         1,       1,       6,20250722_TristanCaro,       0,       1
   279,    P-2594,   2025/07/28 10:52:26,           1-01,      12,       -10.964,       410.346,         18490,       0,    1,                                        ,                                        ,                 H2O, 1753725452.46,         0.131,        45.898,        78.933,         0.002,         1.090,         1.875,       199.598,        29.301,         2.452,        89.210,         0.722,        -1.353,       -0.0000,       -0.0000,    1,        43.875,         1,       1,       6,20250722_TristanCaro,       0,       1
   280,    P-2595,   2025/07/28 11:03:43,           1-02,       1,       -10.480,      3417.550,         18977,      -1,    1,                                        ,                                        ,                 H2O, 1753726129.06,         0.117,        29.714,        68.317,         0.001,         0.709,         1.629,       205.941,        21.640,         3.015,        91.705,         0.722,        -5.497,       -0.0000,       -0.0000,    1,        43.875,         1,       2,       6,20250722_TristanCaro,       0,       1
   281,    P-2595,   2025/07/28 11:12:44,           1-02,       2,       -10.513,      3621.857,         18482,      -1,    1,                                        ,                                        ,                 H2O, 1753726670.12,         0.160,        31.439,        85.451,         0.002,         0.754,         2.047,       202.920,        21.140,         2.938,        89.012,         0.722,        -5.794,        0.0000,        0.0000,    1,        43.875,         1,       2,       6,20250722_TristanCaro,       0,       1
   282,    P-2595,   2025/07/28 11:21:46,           1-02,       3,       -10.464,      3657.212,         18608,      -1,    1,                                        ,                                        ,                 H2O, 1753727212.20,         0.111,        28.541,        69.006,         0.001,         0.681,         1.645,       203.680,        20.654,         3.028,        90.330,         0.723,        -5.606,       -0.0000,       -0.0000,    1,        43.938,         1,       2,       6,20250722_TristanCaro,       0,       1
   283,    P-2595,   2025/07/28 11:30:48,           1-02,       4,       -10.616,      3666.260,         18529,       0,    1,                                        ,                                        ,                 H2O, 1753727753.49,         0.128,        29.193,        78.076,         0.002,         0.699,         1.869,       202.715,        19.810,         3.372,        88.493,         0.723,        -4.868,       -0.0000,       -0.0000,    1,        43.938,         1,       2,       6,20250722_TristanCaro,       0,       1
   284,    P-2595,   2025/07/28 11:39:49,           1-02,       5,       -10.628,      3665.133,         18570,       0,    1,                                        ,                                        ,                 H2O, 1753728294.95,         0.124,        28.576,        78.763,         0.001,         0.678,         1.869,       202.704,        19.186,         3.557,        90.159,         0.723,        -4.346,        0.0000,        0.0000,    1,        44.000,         1,       2,       6,20250722_TristanCaro,       0,       1
   285,    P-2595,   2025/07/28 11:48:49,           1-02,       6,       -10.560,      3655.207,         18583,       0,    1,                                        ,                                        ,                 H2O, 1753728834.97,         0.120,        25.974,        67.994,         0.001,         0.620,         1.622,       202.407,        19.526,         3.668,        89.267,         0.722,        -4.093,        0.0000,        0.0000,    1,        44.000,         1,       2,       6,20250722_TristanCaro,       0,       1
   286,    P-2595,   2025/07/28 11:57:50,           1-02,       7,       -10.615,      3649.914,         18610,       0,    1,                                        ,                                        ,                 H2O, 1753729376.64,         0.111,        25.378,        70.403,         0.001,         0.605,         1.679,       202.692,        19.551,         3.645,        89.556,         0.722,        -4.150,        0.0000,        0.0000,    1,        44.000,         1,       2,       6,20250722_TristanCaro,       0,       1
   287,    P-2595,   2025/07/28 12:06:51,           1-02,       8,       -10.611,      3638.224,         18646,       0,    1,                                        ,                                        ,                 H2O, 1753729916.77,         0.112,        24.054,        67.203,         0.001,         0.576,         1.610,       203.141,        19.505,         3.562,        88.841,         0.723,        -4.439,       -0.0000,       -0.0000,    1,        44.000,         1,       2,       6,20250722_TristanCaro,       0,       1
   288,    P-2595,   2025/07/28 12:15:52,           1-02,       9,       -10.595,      3629.189,         18674,       0,    1,                                        ,                                        ,                 H2O, 1753730457.52,         0.109,        23.292,        66.135,         0.000,         0.555,         1.577,       203.098,        19.784,         3.627,        88.885,         0.722,        -4.294,       -0.0000,       -0.0000,    1,        44.000,         1,       2,       6,20250722_TristanCaro,       0,       1
   289,    P-2596,   2025/07/28 12:27:09,           1-03,       1,       -10.083,      7529.211,         19207,      -1,    1,                                        ,                                        ,                 H2O, 1753731134.66,         0.146,         8.327,        66.782,         0.000,         0.195,         1.587,       212.135,         6.480,         4.830,        94.923,         0.725,       -10.837,       -0.0000,       -0.0000,    1,        43.938,         1,       3,       6,20250722_TristanCaro,       0,       1
   290,    P-2596,   2025/07/28 12:36:10,           1-03,       2,        -9.666,      7455.010,         19960,      -1,    1,                                        ,                                        ,                 H2O, 1753731675.91,         0.153,         9.544,        68.730,         0.000,         0.226,         1.632,       217.175,         6.816,         5.010,        97.843,         0.725,       -11.212,        0.0000,        0.0000,    1,        44.000,         1,       3,       6,20250722_TristanCaro,       0,       1
   291,    P-2596,   2025/07/28 12:45:10,           1-03,       3,        -9.925,      7939.439,         18940,      -1,    1,                                        ,                                        ,                 H2O, 1753732216.52,         0.154,         9.536,        67.878,         0.001,         0.227,         1.620,       210.725,         5.532,         4.856,        95.314,         0.725,       -11.100,        0.0000,        0.0000,    1,        44.062,         1,       3,       6,20250722_TristanCaro,       0,       1
   292,    P-2596,   2025/07/28 12:54:11,           1-03,       4,        -9.945,      8045.956,         18535,       0,    1,                                        ,                                        ,                 H2O, 1753732757.71,         0.136,         9.973,        67.090,         0.001,         0.237,         1.603,       207.389,         8.953,         4.136,        97.405,         0.724,       -11.079,        0.0000,        0.0000,    1,        44.062,         1,       3,       6,20250722_TristanCaro,       0,       1
   293,    P-2596,   2025/07/28 13:03:12,           1-03,       5,       -10.106,      8075.617,         18743,       0,    1,                                        ,                                        ,                 H2O, 1753733298.43,         0.137,        10.731,        67.358,         0.000,         0.256,         1.609,       209.247,         5.935,         4.630,        96.974,         0.725,       -11.101,       -0.0000,       -0.0000,    1,        44.000,         1,       3,       6,20250722_TristanCaro,       0,       1
   294,    P-2596,   2025/07/28 13:12:13,           1-03,       6,        -9.947,      8089.035,         18636,       0,    1,                                        ,                                        ,                 H2O, 1753733839.20,         0.145,        10.875,        67.028,        -0.000,         0.259,         1.602,       207.922,         9.069,         4.142,        98.980,         0.725,       -10.992,        0.0000,        0.0000,    1,        44.062,         1,       3,       6,20250722_TristanCaro,       0,       1
   295,    P-2596,   2025/07/28 13:21:14,           1-03,       7,       -10.104,      8093.145,         18446,       0,    1,                                        ,                                        ,                 H2O, 1753734379.61,         0.153,        12.932,        72.106,         0.001,         0.308,         1.719,       206.982,         6.422,         4.524,        96.130,         0.726,       -10.730,       -0.0000,       -0.0000,    1,        44.125,         1,       3,       6,20250722_TristanCaro,       0,       1
   296,    P-2596,   2025/07/28 13:30:15,           1-03,       8,       -10.114,      8099.950,         18672,       0,    1,                                        ,                                        ,                 H2O, 1753734921.24,         0.148,        11.437,        67.161,         0.001,         0.272,         1.603,       208.959,         5.778,         4.708,        94.546,         0.725,       -11.285,        0.0000,        0.0000,    1,        44.062,         1,       3,       6,20250722_TristanCaro,       0,       1
   297,    P-2596,   2025/07/28 13:39:17,           1-03,       9,       -10.162,      8099.185,         18615,       0,    1,                                        ,                                        ,                 H2O, 1753735462.57,         0.141,        11.893,        69.458,         0.001,         0.283,         1.657,       208.442,         6.137,         4.656,        94.176,         0.725,       -11.186,        0.0000,        0.0000,    1,        44.062,         1,       3,       6,20250722_TristanCaro,       0,       1
   298,    P-2597,   2025/07/28 13:50:34,           1-04,       1,        -8.996,     18046.741,         18850,      -1,    1,                                        ,                                        ,                 H2O, 1753736140.07,         0.241,        25.575,        69.091,         0.000,        -0.593,         1.642,       218.682,       -17.568,         7.212,       126.091,         0.749,       -23.496,       -0.0000,       -0.0000,    1,        44.062,         1,       4,       6,20250722_TristanCaro,       0,       1
   299,    P-2597,   2025/07/28 13:59:34,           1-04,       2,        -8.945,     18725.415,         18873,      -1,    1,                                        ,                                        ,                 H2O, 1753736680.78,         0.301,        19.136,        82.528,         0.001,        -0.443,         1.961,       219.189,       -18.650,         7.358,       128.049,         0.753,       -24.277,       -0.0000,       -0.0000,    1,        44.062,         1,       4,       6,20250722_TristanCaro,       0,       1
   300,    P-2597,   2025/07/28 14:08:35,           1-04,       3,        -8.909,     19000.952,         18653,      -1,    1,                                        ,                                        ,                 H2O, 1753737220.60,         0.278,        16.750,        71.261,         0.000,        -0.388,         1.701,       217.536,       -18.433,         7.278,       128.087,         0.749,       -24.031,       -0.0000,       -0.0000,    1,        44.062,         1,       4,       6,20250722_TristanCaro,       0,       1
   301,    P-2597,   2025/07/28 14:17:36,           1-04,       4,        -8.916,     19126.484,         18729,       0,    1,                                        ,                                        ,                 H2O, 1753737761.70,         0.291,        14.205,        69.225,         0.001,        -0.325,         1.647,       218.428,       -19.589,         7.407,       129.219,         0.756,       -24.419,       -0.0000,       -0.0000,    1,        44.125,         1,       4,       6,20250722_TristanCaro,       0,       1
   302,    P-2597,   2025/07/28 14:26:37,           1-04,       5,        -8.925,     19179.904,         18709,       0,    1,                                        ,                                        ,                 H2O, 1753738303.28,         0.277,        12.788,        68.173,        -0.001,        -0.293,         1.632,       218.174,       -19.277,         7.403,       128.911,         0.755,       -24.361,       -0.0000,       -0.0000,    1,        44.062,         1,       4,       6,20250722_TristanCaro,       0,       1
   303,    P-2597,   2025/07/28 14:35:39,           1-04,       6,        -8.947,     19221.305,         18681,       0,    1,                                        ,                                        ,                 H2O, 1753738844.83,         0.252,        11.386,        68.120,        -0.000,        -0.256,         1.625,       218.086,       -19.595,         7.414,       129.620,         0.754,       -24.448,        0.0000,        0.0000,    1,        44.125,         1,       4,       6,20250722_TristanCaro,       0,       1
   304,    P-2597,   2025/07/28 14:44:40,           1-04,       7,        -8.902,     19246.705,         18648,       0,    1,                                        ,                                        ,                 H2O, 1753739385.97,         0.269,         9.305,        68.409,        -0.000,        -0.205,         1.623,       217.644,       -19.460,         7.378,       130.306,         0.755,       -24.070,       -0.0000,       -0.0000,    1,        44.188,         1,       4,       6,20250722_TristanCaro,       0,       1
   305,    P-2597,   2025/07/28 14:53:40,           1-04,       8,        -8.972,     19263.721,         18641,       0,    1,                                        ,                                        ,                 H2O, 1753739926.35,         0.282,         6.708,        72.328,         0.001,        -0.131,         1.718,       217.748,       -19.565,         7.374,       129.732,         0.754,       -24.302,        0.0000,        0.0000,    1,        44.188,         1,       4,       6,20250722_TristanCaro,       0,       1
   306,    P-2597,   2025/07/28 15:02:42,           1-04,       9,        -8.930,     19281.901,         18671,       0,    1,                                        ,                                        ,                 H2O, 1753740468.17,         0.250,         7.543,        67.539,         0.000,        -0.157,         1.608,       218.040,       -19.896,         7.462,       129.243,         0.757,       -24.416,       -0.0000,       -0.0000,    1,        44.062,         1,       4,       6,20250722_TristanCaro,       0,       1
   307,    P-2598,   2025/07/28 15:14:00,           1-05,       1,        -6.610,     37102.012,         19067,      -1,    1,                                        ,                                        ,                 H2O, 1753741145.23,         0.513,        75.466,        71.220,        -0.002,        -1.736,         1.676,       229.781,       -52.436,        12.061,       196.486,         1.275,       -41.034,       -0.0000,       -0.0000,    1,        44.062,         1,       5,       6,20250722_TristanCaro,       0,       1
   308,    P-2598,   2025/07/28 15:23:01,           1-05,       2,        -6.378,     38444.381,         18556,      -1,    1,                                        ,                                        ,                 H2O, 1753741685.37,         0.489,        73.109,        68.440,        -0.001,        -1.688,         1.608,       225.941,       -52.527,        12.065,       197.471,         1.310,       -40.434,        0.0000,        0.0000,    1,        43.938,         1,       5,       6,20250722_TristanCaro,       0,       1
   309,    P-2598,   2025/07/28 15:32:02,           1-05,       3,        -6.432,     38851.386,         18459,      -1,    1,                                        ,                                        ,                 H2O, 1753742222.83,         0.535,        58.245,        66.153,         0.001,        -1.351,         1.583,       225.802,       -52.749,        12.129,       195.450,         1.238,       -41.172,       -0.0000,       -0.0000,    1,        44.000,         1,       5,       6,20250722_TristanCaro,       0,       1
   310,    P-2598,   2025/07/28 15:41:03,           1-05,       4,        -6.474,     39043.741,         18679,       0,    1,                                        ,                                        ,                 H2O, 1753742770.27,         0.530,        56.649,        68.736,        -0.003,        -1.306,         1.653,       227.791,       -54.150,        12.369,       198.605,         1.325,       -41.916,        0.0000,        0.0000,    1,        43.938,         1,       5,       6,20250722_TristanCaro,       0,       1
   311,    P-2598,   2025/07/28 15:50:03,           1-05,       5,        -6.499,     39146.737,         18629,       0,    1,                                        ,                                        ,                 H2O, 1753743309.23,         0.558,        50.492,        69.142,        -0.000,        -1.109,         1.603,       227.378,       -53.975,        12.324,       198.407,         1.225,       -41.944,       -0.0000,       -0.0000,    1,        43.938,         1,       5,       6,20250722_TristanCaro,       0,       1
   312,    P-2598,   2025/07/28 15:59:04,           1-05,       6,        -6.445,     39219.476,         18692,       0,    1,                                        ,                                        ,                 H2O, 1753743852.12,         0.494,        44.271,        69.880,        -0.002,        -1.012,         1.698,       227.736,       -54.573,        12.365,       200.127,         1.378,       -42.044,       -0.0000,       -0.0000,    1,        43.812,         1,       5,       6,20250722_TristanCaro,       0,       1
   313,    P-2598,   2025/07/28 16:08:05,           1-05,       7,        -6.477,     39277.558,         18645,       0,    1,                                        ,                                        ,                 H2O, 1753744390.42,         0.538,        42.259,        69.239,         0.001,        -0.897,         1.590,       227.622,       -54.370,        12.365,       199.232,         1.265,       -42.122,       -0.0000,       -0.0000,    1,        43.750,         1,       5,       6,20250722_TristanCaro,       0,       1
   314,    P-2598,   2025/07/28 16:17:06,           1-05,       8,        -6.479,     39320.715,         18632,       0,    1,                                        ,                                        ,                 H2O, 1753744932.85,         0.512,        39.590,        67.787,         0.000,        -0.864,         1.615,       227.388,       -54.419,        12.363,       199.541,         1.238,       -41.923,       -0.0000,       -0.0000,    1,        43.812,         1,       5,       6,20250722_TristanCaro,       0,       1
   315,    P-2598,   2025/07/28 16:26:07,           1-05,       9,        -6.451,     39368.300,         18666,       0,    1,                                        ,                                        ,                 H2O, 1753745471.94,         0.519,        40.618,        70.354,        -0.003,        -0.885,         1.664,       228.006,       -55.264,        12.448,       199.173,         1.390,       -42.408,       -0.0000,       -0.0000,    1,        43.750,         1,       5,       6,20250722_TristanCaro,       0,       1
