taxonomy	Caro-Soil-SIP-pooled__JR71_7__27651__L1_S31_L005_R1_001	Caro-Soil-SIP-pooled__JR71_7__27651__L2_S55_L006_R1_001	Caro-Soil-SIP-pooled__JR71_7__27651__L3_S1319_L007_R1_001	Caro-Soil-SIP-pooled__JR72_8__27652__L1_S32_L005_R1_001	Caro-Soil-SIP-pooled__JR72_8__27652__L2_S56_L006_R1_001	Caro-Soil-SIP-pooled__JR72_8__27652__L3_S1320_L007_R1_001	Caro-Soil-SIP-pooled__JR73_9__27663__L1_S33_L005_R1_001	Caro-Soil-SIP-pooled__JR73_9__27663__L2_S57_L006_R1_001	Caro-Soil-SIP-pooled__JR73_9__27663__L3_S1321_L007_R1_001	Caro-Soil-SIP-pooled__JRP1_1__27645__L1_S25_L005_R1_001	Caro-Soil-SIP-pooled__JRP1_1__27645__L2_S49_L006_R1_001	Caro-Soil-SIP-pooled__JRP1_1__27645__L3_S1313_L007_R1_001	Caro-Soil-SIP-pooled__JRP2_2__27646__L1_S26_L005_R1_001	Caro-Soil-SIP-pooled__JRP2_2__27646__L2_S50_L006_R1_001	Caro-Soil-SIP-pooled__JRP2_2__27646__L3_S1314_L007_R1_001	Caro-Soil-SIP-pooled__JRP3_3__27647__L1_S27_L005_R1_001	Caro-Soil-SIP-pooled__JRP3_3__27647__L2_S51_L006_R1_001	Caro-Soil-SIP-pooled__JRP3_3__27647__L3_S1315_L007_R1_001	Caro-Soil-SIP-pooled__JS71_10__27664__L1_S34_L005_R1_001	Caro-Soil-SIP-pooled__JS71_10__27664__L2_S58_L006_R1_001	Caro-Soil-SIP-pooled__JS71_10__27664__L3_S1322_L007_R1_001	Caro-Soil-SIP-pooled__JS72_11__27665__L1_S35_L005_R1_001	Caro-Soil-SIP-pooled__JS72_11__27665__L2_S59_L006_R1_001	Caro-Soil-SIP-pooled__JS72_11__27665__L3_S1323_L007_R1_001	Caro-Soil-SIP-pooled__JS73_12__27666__L1_S36_L005_R1_001	Caro-Soil-SIP-pooled__JS73_12__27666__L2_S60_L006_R1_001	Caro-Soil-SIP-pooled__JS73_12__27666__L3_S1324_L007_R1_001	Caro-Soil-SIP-pooled__JSP1_4__27648__L1_S28_L005_R1_001	Caro-Soil-SIP-pooled__JSP1_4__27648__L2_S52_L006_R1_001	Caro-Soil-SIP-pooled__JSP1_4__27648__L3_S1316_L007_R1_001	Caro-Soil-SIP-pooled__JSP2_5__27649__L1_S29_L005_R1_001	Caro-Soil-SIP-pooled__JSP2_5__27649__L2_S53_L006_R1_001	Caro-Soil-SIP-pooled__JSP2_5__27649__L3_S1317_L007_R1_001	Caro-Soil-SIP-pooled__JSP3_6__27650__L1_S30_L005_R1_001	Caro-Soil-SIP-pooled__JSP3_6__27650__L2_S54_L006_R1_001	Caro-Soil-SIP-pooled__JSP3_6__27650__L3_S1318_L007_R1_001	Caro-Soil-SIP-pooled__LR71_19__27673__L1_S43_L005_R1_001	Caro-Soil-SIP-pooled__LR71_19__27673__L2_S67_L006_R1_001	Caro-Soil-SIP-pooled__LR71_19__27673__L3_S1331_L007_R1_001	Caro-Soil-SIP-pooled__LR72_20__27674__L1_S44_L005_R1_001	Caro-Soil-SIP-pooled__LR72_20__27674__L2_S68_L006_R1_001	Caro-Soil-SIP-pooled__LR72_20__27674__L3_S1332_L007_R1_001	Caro-Soil-SIP-pooled__LR73_21__27675__L1_S45_L005_R1_001	Caro-Soil-SIP-pooled__LR73_21__27675__L2_S69_L006_R1_001	Caro-Soil-SIP-pooled__LR73_21__27675__L3_S1333_L007_R1_001	Caro-Soil-SIP-pooled__LRP1_13__27667__L1_S37_L005_R1_001	Caro-Soil-SIP-pooled__LRP1_13__27667__L2_S61_L006_R1_001	Caro-Soil-SIP-pooled__LRP1_13__27667__L3_S1325_L007_R1_001	Caro-Soil-SIP-pooled__LRP2_14__27668__L1_S38_L005_R1_001	Caro-Soil-SIP-pooled__LRP2_14__27668__L2_S62_L006_R1_001	Caro-Soil-SIP-pooled__LRP2_14__27668__L3_S1326_L007_R1_001	Caro-Soil-SIP-pooled__LRP3_15__27669__L1_S39_L005_R1_001	Caro-Soil-SIP-pooled__LRP3_15__27669__L2_S63_L006_R1_001	Caro-Soil-SIP-pooled__LRP3_15__27669__L3_S1327_L007_R1_001	Caro-Soil-SIP-pooled__LS71_22__27676__L1_S46_L005_R1_001	Caro-Soil-SIP-pooled__LS71_22__27676__L2_S70_L006_R1_001	Caro-Soil-SIP-pooled__LS71_22__27676__L3_S1334_L007_R1_001	Caro-Soil-SIP-pooled__LS72_23__27677__L1_S47_L005_R1_001	Caro-Soil-SIP-pooled__LS72_23__27677__L2_S71_L006_R1_001	Caro-Soil-SIP-pooled__LS72_23__27677__L3_S1335_L007_R1_001	Caro-Soil-SIP-pooled__LS73_24__27678__L1_S48_L005_R1_001	Caro-Soil-SIP-pooled__LS73_24__27678__L2_S72_L006_R1_001	Caro-Soil-SIP-pooled__LS73_24__27678__L3_S1336_L007_R1_001	Caro-Soil-SIP-pooled__LSP1_16__27670__L1_S40_L005_R1_001	Caro-Soil-SIP-pooled__LSP1_16__27670__L2_S64_L006_R1_001	Caro-Soil-SIP-pooled__LSP1_16__27670__L3_S1328_L007_R1_001	Caro-Soil-SIP-pooled__LSP2_17__27671__L1_S41_L005_R1_001	Caro-Soil-SIP-pooled__LSP2_17__27671__L2_S65_L006_R1_001	Caro-Soil-SIP-pooled__LSP2_17__27671__L3_S1329_L007_R1_001	Caro-Soil-SIP-pooled__LSP3_18__27672__L1_S42_L005_R1_001	Caro-Soil-SIP-pooled__LSP3_18__27672__L2_S66_L006_R1_001	Caro-Soil-SIP-pooled__LSP3_18__27672__L3_S1330_L007_R1_001
unassigned	10.0	9.76	16.69	9.81	10.25	18.26	9.18	9.51	16.24	9.85	9.64	16.75	10.75	10.72	18.51	9.81	9.77	16.95	9.73	10.17	16.12	9.84	10.05	16.53	10.07	10.02	16.02	10.15	9.86	17.16	9.2	9.41	15.64	9.97	9.78	16.54	9.58	9.68	18.03	10.12	9.86	17.26	9.18	9.74	15.53	10.5	10.78	19.11	10.89	10.78	18.75	10.48	10.45	17.51	10.58	10.12	17.95	7.42	7.84	12.18	6.78	6.84	10.23	10.44	10.11	17.55	10.03	9.72	17.12	9.8	9.45	16.58
Root; d__Archaea; p__Thermoproteota; c__Nitrososphaeria; o__Nitrososphaerales; f__Nitrososphaeraceae	1.02	0.99	0.93	0.87	0.93	0.78	0.9	0.94	0.91	0.81	0.97	0.95	1.07	1.07	1.01	1.09	1.09	0.91	0.58	0.52	0.45	0.42	0.58	0.48	0.57	0.61	0.55	0.6	0.59	0.57	0.6	0.65	0.59	0.6	0.61	0.47	0.85	0.88	0.83	0.91	0.85	0.85	0.91	0.96	0.86	0.93	0.93	1.16	1.08	1.07	0.85	1.0	0.89	0.8	0.96	0.87	0.93	0.84	0.86	0.85	0.78	0.75	0.81	0.82	0.78	0.77	0.78	0.7	0.94	0.74	0.72	0.65
Root; d__Bacteria; p__Actinomycetota; c__Actinomycetes; o__Propionibacteriales; f__Propionibacteriaceae	0.78	0.77	0.7	0.84	0.77	0.73	0.7	0.67	0.63	0.8	0.73	0.79	0.71	0.62	0.58	0.63	0.59	0.52	0.61	0.56	0.54	0.53	0.55	0.51	0.51	0.53	0.48	0.6	0.6	0.39	0.59	0.54	0.44	0.56	0.49	0.41	0.19	0.17	0.22	0.21	0.19	0.19	0.24	0.18	0.3	0.15	0.17	0.09	0.17	0.23	0.19	0.24	0.12	0.07	0.3	0.32	0.29	0.3	0.32	0.32	0.34	0.33	0.3	0.35	0.29	0.29	0.27	0.32	0.27	0.26	0.29	0.18
Root; d__Bacteria; p__Actinomycetota; c__Actinomycetes; o__Propionibacteriales; f__Nocardioidaceae	5.43	5.53	5.11	5.66	5.79	5.68	5.44	5.75	5.66	5.68	5.55	5.53	5.34	5.02	5.56	4.62	4.41	4.64	5.63	5.91	5.47	6.08	5.72	5.54	6.19	6.11	5.98	6.11	5.94	6.02	5.8	5.75	5.71	5.44	5.52	5.29	2.97	2.77	2.71	2.73	2.86	2.59	2.9	2.71	2.84	2.41	2.28	2.15	2.41	2.36	2.36	2.3	2.28	2.43	3.76	3.67	3.5	3.41	3.46	3.46	3.69	3.52	3.49	3.39	3.44	3.37	2.94	3.0	2.95	2.88	3.05	3.22
Root; d__Bacteria; p__Actinomycetota; c__Actinomycetes; o__Propionibacteriales; f__Kribbellaceae	0.19	0.15	0.18	0.15	0.17	0.17	0.21	0.17	0.22	0.21	0.24	0.2	0.22	0.18	0.12	0.25	0.25	0.28	0.13	0.12	0.17	0.12	0.14	0.05	0.14	0.13	0.1	0.12	0.14	0.1	0.14	0.15	0.11	0.15	0.14	0.1	0.2	0.17	0.22	0.2	0.23	0.23	0.24	0.21	0.24	0.18	0.28	0.2	0.23	0.2	0.2	0.24	0.17	0.18	0.2	0.18	0.22	0.18	0.2	0.21	0.17	0.18	0.16	0.16	0.14	0.1	0.18	0.19	0.17	0.23	0.17	0.13
Root; d__Bacteria; p__Actinomycetota; c__Actinomycetes; o__Mycobacteriales; f__Micromonosporaceae	1.4	1.3	1.43	1.39	1.51	1.35	1.44	1.39	1.25	1.25	1.31	1.36	1.2	1.16	1.0	1.31	1.33	1.2	1.22	1.17	1.31	1.24	1.15	1.07	1.18	1.31	1.19	1.12	1.16	1.07	1.19	1.23	1.15	1.13	1.08	1.14	1.24	1.18	1.26	1.09	1.09	1.2	1.07	1.13	1.17	1.13	1.15	0.96	1.09	1.09	1.2	1.15	1.16	1.02	1.21	1.05	1.15	1.17	1.17	1.17	1.27	1.25	1.26	1.29	1.16	0.95	1.23	1.21	1.14	1.23	1.08	1.19
Root; d__Bacteria; p__Actinomycetota; c__Actinomycetes; o__Mycobacteriales; f__Mycobacteriaceae	1.85	1.8	1.76	1.86	1.65	1.3	1.82	1.76	1.84	1.4	1.27	1.22	1.37	1.33	1.27	1.43	1.35	1.16	0.79	0.78	0.73	0.92	0.91	0.89	0.78	0.86	0.8	0.82	0.8	0.86	0.76	0.7	0.79	0.78	0.83	0.7	0.97	1.01	1.04	1.09	1.04	0.89	1.1	1.1	1.27	1.05	1.18	1.12	1.1	1.02	0.96	1.0	1.11	1.18	0.85	0.91	0.92	0.93	1.01	0.93	0.94	0.99	0.93	0.98	1.01	1.1	0.98	0.94	0.67	0.86	0.89	0.91
Root; d__Bacteria; p__Actinomycetota; c__Actinomycetes; o__Mycobacteriales; f__Geodermatophilaceae	1.72	1.6	1.46	1.7	1.54	1.54	1.61	1.59	1.62	1.5	1.67	1.69	1.53	1.43	1.37	1.52	1.71	1.57	1.74	1.9	1.7	1.74	1.51	1.93	1.76	1.65	1.76	1.92	1.79	1.77	1.77	1.74	1.6	1.72	1.78	1.69	1.78	1.81	1.88	1.8	1.82	1.84	1.79	1.7	1.56	1.45	1.63	1.77	1.51	1.65	1.4	1.6	1.63	1.56	2.13	2.22	2.23	2.13	2.11	2.29	2.09	2.19	2.0	2.0	1.87	2.09	1.76	1.66	1.7	1.9	1.83	1.84
Root; d__Bacteria; p__Actinomycetota; c__Actinomycetes; o__Mycobacteriales; f__Pseudonocardiaceae	0.8	0.75	0.71	0.76	0.71	0.76	0.74	0.76	0.71	1.08	0.95	1.02	0.93	0.93	0.91	0.98	1.07	0.92	0.95	0.94	0.94	0.87	0.87	0.89	0.9	0.93	0.85	0.87	0.82	0.64	0.94	0.83	0.82	0.94	0.94	0.95	0.9	0.94	0.88	1.03	1.0	0.89	0.94	0.99	0.94	1.02	0.99	1.02	1.03	1.05	1.15	0.97	1.06	0.86	1.01	0.96	0.99	1.07	1.12	0.99	1.01	1.07	1.01	0.98	1.11	1.13	0.94	1.01	0.95	1.04	1.01	0.97
Root; d__Bacteria; p__Actinomycetota; c__Actinomycetes; o__Mycobacteriales; f__SCTD01	0.09	0.05	0.06	0.07	0.03	0.08	0.08	0.09	0.09	0.08	0.09	0.07	0.11	0.06	0.06	0.1	0.13	0.05	0.15	0.15	0.14	0.18	0.19	0.14	0.13	0.13	0.21	0.15	0.24	0.13	0.19	0.19	0.19	0.15	0.16	0.06	0.1	0.12	0.1	0.11	0.12	0.0	0.11	0.11	0.11	0.09	0.12	0.12	0.08	0.12	0.05	0.09	0.09	0.09	0.13	0.18	0.1	0.12	0.13	0.13	0.13	0.18	0.15	0.13	0.16	0.13	0.15	0.11	0.14	0.13	0.18	0.1
Root; d__Bacteria; p__Actinomycetota; c__Actinomycetes; o__Mycobacteriales; f__Jatrophihabitantaceae	0.1	0.11	0.11	0.08	0.08	0.0	0.14	0.13	0.0	0.13	0.14	0.1	0.16	0.11	0.06	0.2	0.2	0.17	0.13	0.11	0.11	0.15	0.14	0.05	0.13	0.11	0.1	0.15	0.11	0.13	0.15	0.18	0.07	0.16	0.13	0.09	0.4	0.42	0.33	0.37	0.33	0.38	0.36	0.36	0.25	0.35	0.38	0.38	0.4	0.37	0.37	0.41	0.41	0.3	0.47	0.49	0.49	0.45	0.47	0.43	0.43	0.44	0.46	0.56	0.44	0.41	0.5	0.53	0.33	0.47	0.39	0.34
Root; d__Bacteria; p__Actinomycetota; c__Actinomycetes; o__Mycobacteriales; f__CADCTP01	0.04	0.03	0.0	0.0	0.02	0.0	0.0	0.02	0.0	0.03	0.03	0.0	0.0	0.03	0.0	0.09	0.07	0.0	0.0	0.02	0.0	0.02	0.02	0.0	0.02	0.02	0.0	0.02	0.02	0.0	0.01	0.03	0.0	0.03	0.0	0.0	0.15	0.13	0.14	0.15	0.16	0.13	0.17	0.14	0.17	0.18	0.14	0.14	0.16	0.16	0.16	0.21	0.17	0.14	0.11	0.1	0.06	0.13	0.12	0.11	0.16	0.15	0.16	0.13	0.08	0.07	0.11	0.1	0.05	0.11	0.15	0.08
Root; d__Bacteria; p__Actinomycetota; c__Actinomycetes; o__Mycobacteriales; f__Nakamurellaceae	0.08	0.06	0.0	0.05	0.07	0.0	0.07	0.09	0.09	0.08	0.09	0.08	0.07	0.06	0.0	0.07	0.07	0.0	0.07	0.07	0.0	0.05	0.07	0.0	0.07	0.06	0.05	0.06	0.07	0.0	0.06	0.05	0.06	0.06	0.09	0.0	0.03	0.03	0.0	0.03	0.02	0.0	0.03	0.0	0.0	0.0	0.04	0.0	0.01	0.02	0.0	0.03	0.02	0.0	0.03	0.04	0.0	0.04	0.03	0.05	0.03	0.04	0.03	0.05	0.04	0.0	0.04	0.02	0.0	0.02	0.05	0.0
Root; d__Bacteria; p__Actinomycetota; c__Actinomycetes; o__Streptomycetales; f__Streptomycetaceae	0.63	0.65	0.56	0.59	0.51	0.45	0.61	0.62	0.59	0.71	0.7	0.66	0.65	0.69	0.51	0.71	0.66	0.63	0.54	0.52	0.41	0.6	0.63	0.48	0.49	0.55	0.49	0.58	0.64	0.64	0.56	0.64	0.57	0.58	0.49	0.57	0.42	0.49	0.44	0.48	0.45	0.48	0.44	0.52	0.48	0.52	0.49	0.51	0.5	0.43	0.53	0.5	0.46	0.34	0.45	0.45	0.52	0.45	0.44	0.38	0.42	0.42	0.42	0.47	0.47	0.37	0.5	0.39	0.35	0.37	0.4	0.47
Root; d__Bacteria; p__Actinomycetota; c__Actinomycetes; o__Streptomycetales; f__Catenulisporaceae	0.02	0.0	0.0	0.0	0.02	0.0	0.02	0.0	0.0	0.0	0.0	0.0	0.0	0.0	0.0	0.0	0.02	0.0	0.0	0.0	0.0	0.0	0.0	0.0	0.0	0.0	0.0	0.0	0.0	0.0	0.0	0.0	0.0	0.0	0.01	0.0	0.03	0.0	0.0	0.02	0.0	0.0	0.03	0.0	0.0	0.0	0.0	0.0	0.0	0.0	0.0	0.0	0.0	0.0	0.0	0.0	0.0	0.02	0.02	0.0	0.02	0.02	0.0	0.02	0.02	0.0	0.0	0.02	0.0	0.01	0.02	0.0
Root; d__Bacteria; p__Actinomycetota; c__Actinomycetes; o__Actinomycetales; f__Microbacteriaceae	2.69	2.77	2.77	2.54	2.39	2.25	2.88	2.72	2.86	2.36	2.4	2.41	2.38	2.35	2.35	1.41	1.64	1.66	0.85	0.84	0.94	0.97	0.95	0.98	0.88	0.83	0.82	0.9	0.95	0.81	0.86	0.91	0.74	0.96	1.06	1.07	0.35	0.38	0.26	0.32	0.33	0.31	0.39	0.37	0.41	0.3	0.29	0.24	0.36	0.3	0.34	0.35	0.39	0.33	0.49	0.42	0.46	0.44	0.44	0.48	0.49	0.44	0.47	1.16	1.28	1.08	0.39	0.42	0.43	0.4	0.38	0.33
Root; d__Bacteria; p__Actinomycetota; c__Actinomycetes; o__Actinomycetales; f__Dermatophilaceae	0.96	0.96	1.05	1.11	0.99	0.83	1.16	1.29	0.9	0.91	0.86	0.79	0.82	0.86	0.61	0.64	0.71	0.65	0.66	0.8	0.77	0.66	0.71	0.6	0.74	0.83	0.67	0.73	0.75	0.73	0.76	0.77	0.67	0.67	0.81	0.46	0.33	0.29	0.24	0.3	0.37	0.35	0.3	0.33	0.17	0.23	0.23	0.23	0.26	0.23	0.21	0.27	0.26	0.27	0.43	0.45	0.4	0.43	0.39	0.36	0.41	0.43	0.39	0.41	0.46	0.52	0.29	0.39	0.31	0.35	0.39	0.27
Root; d__Bacteria; p__Actinomycetota; c__Actinomycetes; o__Actinomycetales; f__Actinomycetaceae	0.16	0.1	0.13	0.17	0.14	0.16	0.13	0.13	0.0	0.09	0.1	0.04	0.1	0.08	0.06	0.06	0.08	0.0	0.03	0.03	0.0	0.03	0.07	0.0	0.04	0.07	0.0	0.08	0.06	0.0	0.05	0.04	0.0	0.06	0.05	0.08	0.03	0.02	0.0	0.03	0.03	0.0	0.03	0.04	0.0	0.03	0.02	0.0	0.0	0.03	0.0	0.05	0.04	0.0	0.02	0.03	0.0	0.03	0.03	0.03	0.03	0.03	0.02	0.02	0.03	0.0	0.04	0.04	0.0	0.02	0.0	0.0
Root; d__Bacteria; p__Actinomycetota; c__Actinomycetes; o__Actinomycetales; f__Kineosporiaceae	0.1	0.16	0.09	0.16	0.17	0.05	0.15	0.1	0.11	0.15	0.16	0.1	0.15	0.17	0.12	0.14	0.17	0.14	0.13	0.13	0.09	0.16	0.1	0.17	0.12	0.16	0.08	0.11	0.15	0.09	0.1	0.14	0.07	0.12	0.12	0.06	0.18	0.18	0.15	0.19	0.24	0.18	0.17	0.2	0.14	0.11	0.15	0.17	0.17	0.19	0.1	0.15	0.18	0.21	0.26	0.23	0.13	0.25	0.25	0.22	0.25	0.25	0.28	0.22	0.18	0.13	0.21	0.21	0.18	0.2	0.27	0.23
Root; d__Bacteria; p__Actinomycetota; c__Actinomycetes; o__Actinomycetales; f__Angustibacteraceae	0.04	0.03	0.06	0.05	0.02	0.0	0.04	0.06	0.04	0.06	0.06	0.05	0.07	0.05	0.0	0.04	0.04	0.05	0.06	0.06	0.0	0.05	0.06	0.0	0.07	0.04	0.05	0.08	0.06	0.0	0.05	0.06	0.0	0.07	0.06	0.06	0.04	0.03	0.0	0.03	0.04	0.0	0.04	0.04	0.0	0.04	0.05	0.0	0.03	0.01	0.0	0.01	0.04	0.0	0.07	0.06	0.0	0.07	0.07	0.06	0.08	0.07	0.06	0.04	0.04	0.05	0.03	0.09	0.03	0.06	0.07	0.04
Root; d__Bacteria; p__Actinomycetota; c__Actinomycetes; o__Actinomycetales; f__Cellulomonadaceae	0.69	0.73	0.91	0.58	0.66	0.68	0.87	0.63	0.89	0.71	0.8	0.8	0.39	0.51	0.38	0.41	0.48	0.47	0.26	0.29	0.22	0.26	0.26	0.19	0.22	0.31	0.25	0.27	0.36	0.2	0.25	0.3	0.2	0.28	0.3	0.25	0.13	0.14	0.13	0.12	0.15	0.13	0.16	0.18	0.12	0.2	0.12	0.16	0.15	0.11	0.14	0.13	0.08	0.11	0.19	0.24	0.3	0.19	0.18	0.17	0.2	0.21	0.19	0.41	0.35	0.37	0.19	0.16	0.18	0.19	0.18	0.12
Root; d__Bacteria; p__Actinomycetota; c__Actinomycetes; o__Actinomycetales; f__Micrococcaceae	0.7	0.65	0.67	0.63	0.71	0.58	0.64	0.75	0.56	0.66	0.66	0.51	0.53	0.48	0.35	0.36	0.45	0.44	0.18	0.2	0.14	0.21	0.23	0.22	0.2	0.17	0.09	0.18	0.25	0.18	0.18	0.18	0.1	0.2	0.18	0.09	0.13	0.12	0.18	0.12	0.11	0.06	0.15	0.16	0.14	0.11	0.09	0.13	0.14	0.12	0.1	0.16	0.16	0.09	0.17	0.17	0.12	0.16	0.19	0.16	0.18	0.18	0.17	0.31	0.38	0.27	0.16	0.18	0.13	0.21	0.19	0.14
Root; d__Bacteria; p__Actinomycetota; c__Actinomycetes; o__Actinomycetales; f__Demequinaceae	0.02	0.03	0.0	0.03	0.06	0.0	0.06	0.07	0.0	0.02	0.04	0.0	0.0	0.02	0.0	0.02	0.02	0.0	0.02	0.0	0.0	0.02	0.0	0.0	0.0	0.0	0.0	0.04	0.0	0.0	0.0	0.0	0.0	0.03	0.03	0.0	0.0	0.0	0.0	0.0	0.0	0.0	0.0	0.0	0.0	0.0	0.0	0.0	0.0	0.0	0.0	0.0	0.0	0.0	0.0	0.0	0.0	0.0	0.0	0.0	0.01	0.01	0.0	0.0	0.0	0.0	0.0	0.0	0.0	0.0	0.01	0.0
Root; d__Bacteria; p__Actinomycetota; c__Actinomycetes; o__Actinomycetales; f__Beutenbergiaceae	0.03	0.0	0.0	0.02	0.0	0.0	0.02	0.0	0.0	0.03	0.02	0.0	0.0	0.0	0.0	0.0	0.0	0.0	0.0	0.0	0.0	0.0	0.0	0.0	0.0	0.0	0.0	0.0	0.0	0.0	0.0	0.0	0.0	0.0	0.02	0.0	0.0	0.0	0.0	0.0	0.0	0.0	0.0	0.0	0.0	0.0	0.0	0.0	0.0	0.0	0.0	0.0	0.0	0.0	0.0	0.0	0.0	0.02	0.01	0.0	0.01	0.02	0.0	0.0	0.0	0.0	0.0	0.0	0.0	0.0	0.01	0.0
Root; d__Bacteria; p__Actinomycetota; c__Actinomycetes; o__Actinomycetales; f__Kineococcaceae	0.02	0.0	0.0	0.0	0.0	0.0	0.02	0.0	0.0	0.03	0.02	0.0	0.0	0.0	0.0	0.02	0.0	0.0	0.02	0.0	0.0	0.0	0.0	0.0	0.02	0.02	0.0	0.0	0.0	0.0	0.0	0.02	0.0	0.0	0.02	0.0	0.02	0.0	0.0	0.0	0.01	0.0	0.02	0.01	0.0	0.0	0.0	0.0	0.0	0.0	0.0	0.02	0.0	0.0	0.01	0.0	0.0	0.01	0.01	0.0	0.02	0.01	0.01	0.03	0.02	0.0	0.02	0.0	0.0	0.0	0.0	0.0
Root; d__Bacteria; p__Actinomycetota; c__Actinomycetes; o__Streptosporangiales; f__Streptosporangiaceae	0.41	0.36	0.3	0.32	0.34	0.35	0.35	0.29	0.21	0.55	0.52	0.51	0.43	0.35	0.52	0.44	0.47	0.45	0.28	0.21	0.26	0.22	0.27	0.26	0.24	0.25	0.14	0.28	0.31	0.23	0.29	0.28	0.15	0.28	0.28	0.26	0.5	0.41	0.32	0.44	0.42	0.51	0.5	0.49	0.41	0.44	0.46	0.52	0.43	0.42	0.4	0.52	0.41	0.58	0.45	0.38	0.29	0.41	0.41	0.48	0.38	0.41	0.39	0.37	0.34	0.3	0.39	0.44	0.37	0.37	0.34	0.43
Root; d__Bacteria; p__Actinomycetota; c__Actinomycetes; o__S36-B12; f__CAIYMF01	0.02	0.0	0.05	0.0	0.02	0.0	0.0	0.02	0.0	0.04	0.03	0.0	0.0	0.02	0.0	0.03	0.01	0.0	0.03	0.03	0.0	0.03	0.03	0.0	0.05	0.03	0.0	0.06	0.03	0.0	0.02	0.03	0.0	0.06	0.02	0.0	0.03	0.01	0.0	0.02	0.04	0.0	0.02	0.03	0.0	0.02	0.0	0.0	0.02	0.0	0.0	0.0	0.02	0.0	0.0	0.02	0.0	0.02	0.02	0.02	0.04	0.03	0.03	0.0	0.03	0.0	0.03	0.02	0.0	0.03	0.0	0.0
Root; d__Bacteria; p__Actinomycetota; c__Actinomycetes; o__S36-B12; f__S36-B12	0.03	0.06	0.0	0.05	0.04	0.0	0.04	0.05	0.0	0.02	0.04	0.0	0.03	0.02	0.0	0.05	0.02	0.0	0.02	0.03	0.0	0.04	0.04	0.0	0.03	0.02	0.0	0.04	0.0	0.06	0.02	0.02	0.0	0.04	0.04	0.0	0.03	0.04	0.0	0.03	0.02	0.0	0.02	0.02	0.0	0.0	0.02	0.0	0.03	0.0	0.0	0.02	0.02	0.0	0.04	0.02	0.0	0.04	0.03	0.05	0.04	0.04	0.02	0.03	0.04	0.0	0.04	0.04	0.0	0.03	0.03	0.0
Root; d__Bacteria; p__Actinomycetota; c__Actinomycetes; o__JAFAQI01; f__JAFAQI01	0.05	0.05	0.0	0.03	0.04	0.0	0.04	0.05	0.07	0.07	0.07	0.0	0.07	0.07	0.08	0.16	0.09	0.11	0.2	0.22	0.2	0.18	0.18	0.25	0.27	0.19	0.19	0.2	0.18	0.16	0.2	0.19	0.19	0.23	0.24	0.16	0.32	0.26	0.22	0.26	0.27	0.22	0.31	0.32	0.3	0.25	0.23	0.2	0.24	0.25	0.17	0.28	0.24	0.19	0.11	0.17	0.08	0.14	0.17	0.18	0.16	0.14	0.13	0.18	0.17	0.11	0.14	0.16	0.11	0.13	0.16	0.19
Root; d__Bacteria; p__Actinomycetota; c__Actinomycetes; o__JACCUZ01; f__JACCUZ01	0.28	0.28	0.21	0.27	0.25	0.21	0.34	0.25	0.28	0.41	0.36	0.29	0.39	0.29	0.24	0.31	0.27	0.25	0.49	0.46	0.42	0.53	0.49	0.44	0.48	0.5	0.48	0.51	0.49	0.34	0.57	0.49	0.37	0.52	0.58	0.45	0.28	0.28	0.2	0.27	0.26	0.19	0.25	0.26	0.18	0.27	0.2	0.14	0.21	0.21	0.18	0.24	0.22	0.25	0.26	0.19	0.29	0.19	0.21	0.19	0.22	0.24	0.21	0.17	0.19	0.19	0.17	0.17	0.17	0.15	0.18	0.14
Root; d__Bacteria; p__Actinomycetota; c__Actinomycetes; o__Motilibacterales; f__Motilibacteraceae	0.06	0.05	0.0	0.06	0.08	0.0	0.07	0.07	0.0	0.06	0.08	0.04	0.06	0.05	0.0	0.08	0.03	0.0	0.07	0.08	0.0	0.08	0.05	0.0	0.07	0.07	0.06	0.06	0.05	0.05	0.09	0.05	0.04	0.09	0.05	0.06	0.03	0.03	0.0	0.02	0.06	0.0	0.05	0.04	0.06	0.03	0.03	0.07	0.05	0.02	0.05	0.05	0.05	0.06	0.05	0.09	0.06	0.09	0.05	0.06	0.09	0.08	0.06	0.11	0.05	0.07	0.04	0.05	0.0	0.08	0.09	0.08
Root; d__Bacteria; p__Actinomycetota; c__Actinomycetes; o__Frankiales; f__Frankiaceae	0.04	0.05	0.0	0.04	0.04	0.0	0.04	0.06	0.04	0.03	0.06	0.0	0.05	0.04	0.0	0.07	0.03	0.0	0.05	0.05	0.06	0.06	0.06	0.0	0.08	0.07	0.0	0.06	0.06	0.0	0.05	0.05	0.0	0.08	0.07	0.06	0.07	0.05	0.05	0.07	0.04	0.0	0.07	0.05	0.0	0.07	0.08	0.0	0.03	0.03	0.05	0.06	0.06	0.0	0.05	0.06	0.0	0.05	0.07	0.05	0.06	0.05	0.04	0.09	0.05	0.05	0.06	0.06	0.07	0.09	0.06	0.04
Root; d__Bacteria; p__Actinomycetota; c__Actinomycetes; o__BP-191; f__BP-191	0.02	0.02	0.0	0.0	0.0	0.0	0.0	0.02	0.0	0.04	0.0	0.0	0.0	0.03	0.0	0.03	0.03	0.0	0.03	0.02	0.0	0.02	0.04	0.0	0.02	0.02	0.0	0.02	0.02	0.0	0.04	0.03	0.0	0.03	0.02	0.0	0.0	0.03	0.0	0.0	0.03	0.0	0.01	0.0	0.0	0.02	0.02	0.0	0.04	0.02	0.0	0.02	0.0	0.0	0.02	0.02	0.0	0.05	0.03	0.03	0.03	0.03	0.03	0.02	0.03	0.0	0.03	0.03	0.0	0.04	0.03	0.0
Root; d__Bacteria; p__Actinomycetota; c__Actinomycetes; o__JAHEKZ01; f__JAHEKZ01	0.05	0.04	0.0	0.04	0.03	0.0	0.02	0.03	0.0	0.06	0.05	0.04	0.05	0.04	0.0	0.04	0.03	0.0	0.09	0.07	0.0	0.09	0.07	0.07	0.06	0.08	0.0	0.12	0.09	0.06	0.11	0.1	0.05	0.08	0.09	0.1	0.0	0.0	0.0	0.0	0.0	0.0	0.0	0.0	0.0	0.0	0.0	0.0	0.0	0.0	0.0	0.0	0.0	0.0	0.07	0.03	0.0	0.03	0.04	0.02	0.05	0.05	0.03	0.04	0.04	0.0	0.03	0.03	0.0	0.04	0.04	0.0
Root; d__Bacteria; p__Actinomycetota; c__Thermoleophilia; o__Solirubrobacterales; f__Solirubrobacteraceae	7.43	7.5	7.31	7.76	7.69	8.17	7.51	7.29	7.08	9.04	9.43	9.12	9.8	9.79	9.99	9.26	8.99	9.21	9.41	9.29	8.86	9.27	9.4	9.62	9.41	9.2	9.25	9.37	9.48	9.13	9.6	9.24	9.25	9.45	9.45	9.39	9.94	9.7	9.3	9.58	9.61	9.42	9.38	10.0	10.1	9.18	9.22	9.16	8.65	9.1	8.7	9.25	9.17	8.6	9.49	9.44	9.17	9.53	9.49	9.7	9.74	9.83	9.49	8.93	8.69	8.45	9.17	9.37	9.35	9.7	9.54	8.64
Root; d__Bacteria; p__Actinomycetota; c__Thermoleophilia; o__Solirubrobacterales; f__Thermoleophilaceae	2.89	2.6	2.45	2.81	2.68	2.66	2.63	2.7	2.57	3.94	3.83	3.55	3.8	4.09	3.83	3.52	3.47	3.16	3.81	3.94	3.71	3.85	3.89	3.73	3.81	3.91	4.01	3.62	3.78	3.66	3.6	3.74	3.67	3.72	3.65	3.83	3.57	3.74	3.65	3.56	3.56	3.4	3.69	3.44	3.56	3.57	3.38	3.3	3.35	3.44	3.47	3.49	3.58	3.32	3.38	3.38	3.7	3.66	3.54	3.59	3.53	3.62	3.61	3.0	3.36	3.31	3.48	3.42	3.46	3.45	3.5	3.28
Root; d__Bacteria; p__Actinomycetota; c__Thermoleophilia; o__Solirubrobacterales; f__70-9	3.07	3.09	3.3	3.4	3.28	3.24	3.07	3.19	2.99	3.87	3.79	3.84	4.11	4.15	3.99	3.52	3.49	3.39	3.63	3.62	3.76	3.59	3.58	3.77	3.69	3.54	3.9	3.6	3.62	3.61	3.54	3.47	3.55	3.77	3.61	3.38	4.17	4.17	3.93	4.06	3.81	4.29	4.05	4.0	3.86	3.96	3.94	3.7	3.93	3.95	3.82	4.06	4.02	3.95	3.36	3.57	3.38	3.41	3.45	3.17	3.48	3.39	3.5	3.11	3.02	2.94	3.51	3.43	3.24	3.32	3.28	3.37
Root; d__Bacteria; p__Actinomycetota; c__Thermoleophilia; o__Solirubrobacterales; f__JBBDJG01	0.15	0.16	0.23	0.15	0.16	0.16	0.19	0.21	0.1	0.25	0.23	0.14	0.23	0.19	0.14	0.16	0.16	0.11	0.1	0.12	0.06	0.08	0.15	0.14	0.1	0.09	0.11	0.14	0.11	0.09	0.11	0.14	0.09	0.12	0.1	0.06	0.11	0.12	0.07	0.11	0.07	0.08	0.12	0.09	0.07	0.09	0.09	0.06	0.12	0.14	0.05	0.11	0.1	0.12	0.14	0.16	0.15	0.16	0.15	0.1	0.14	0.15	0.13	0.14	0.13	0.04	0.16	0.16	0.09	0.15	0.18	0.13
Root; d__Bacteria; p__Actinomycetota; c__Thermoleophilia; o__Solirubrobacterales; f__JACPNS01	0.05	0.05	0.0	0.09	0.05	0.0	0.03	0.05	0.07	0.04	0.03	0.0	0.03	0.05	0.0	0.05	0.02	0.0	0.03	0.04	0.0	0.03	0.02	0.0	0.03	0.03	0.0	0.04	0.0	0.0	0.01	0.02	0.0	0.03	0.02	0.0	0.0	0.0	0.0	0.0	0.0	0.0	0.0	0.0	0.0	0.0	0.0	0.0	0.0	0.0	0.0	0.0	0.0	0.0	0.0	0.0	0.0	0.01	0.0	0.0	0.01	0.0	0.0	0.0	0.0	0.0	0.0	0.0	0.0	0.0	0.0	0.0
Root; d__Bacteria; p__Actinomycetota; c__Thermoleophilia; o__Gaiellales; f__Gaiellaceae	6.05	6.17	6.23	6.21	5.78	6.21	5.95	5.86	5.63	7.64	7.36	7.73	8.02	7.89	7.44	6.46	6.84	6.27	9.72	9.46	9.57	9.45	9.68	9.47	9.67	9.48	9.76	9.43	9.46	9.25	9.75	9.39	9.63	9.52	9.59	8.87	6.46	6.77	6.62	6.4	6.76	6.59	6.95	6.66	6.3	6.25	6.29	5.97	6.16	6.18	5.46	6.2	6.29	5.77	7.48	7.57	7.03	7.53	7.47	7.47	7.38	7.41	7.33	6.49	6.45	6.4	7.37	7.02	7.26	7.08	7.08	6.95
Root; d__Bacteria; p__Actinomycetota; c__Thermoleophilia; o__Gaiellales; f__JAICJC01	0.22	0.23	0.22	0.24	0.26	0.22	0.21	0.24	0.23	0.29	0.27	0.28	0.24	0.26	0.27	0.37	0.34	0.24	0.39	0.42	0.37	0.45	0.42	0.36	0.38	0.38	0.43	0.42	0.46	0.4	0.45	0.43	0.37	0.46	0.41	0.39	0.69	0.64	0.64	0.63	0.64	0.63	0.73	0.56	0.51	0.64	0.64	0.51	0.56	0.6	0.5	0.5	0.61	0.46	0.56	0.64	0.58	0.61	0.63	0.6	0.56	0.58	0.54	0.49	0.59	0.43	0.53	0.55	0.5	0.52	0.57	0.48
Root; d__Bacteria; p__Actinomycetota; c__Thermoleophilia; o__Gaiellales; f__F1-60-MAGs149	0.05	0.1	0.0	0.1	0.05	0.0	0.06	0.08	0.08	0.07	0.07	0.06	0.07	0.06	0.0	0.06	0.07	0.0	0.09	0.1	0.09	0.12	0.08	0.1	0.09	0.08	0.09	0.13	0.15	0.06	0.11	0.11	0.08	0.08	0.08	0.08	0.03	0.04	0.0	0.04	0.05	0.0	0.05	0.04	0.0	0.03	0.05	0.0	0.05	0.05	0.0	0.02	0.03	0.0	0.08	0.06	0.0	0.06	0.05	0.05	0.06	0.06	0.07	0.05	0.04	0.0	0.06	0.06	0.0	0.05	0.05	0.06
Root; d__Bacteria; p__Actinomycetota; c__Thermoleophilia; o__Gaiellales; f__JALYLC01	0.04	0.09	0.06	0.13	0.07	0.05	0.07	0.06	0.04	0.07	0.08	0.0	0.07	0.07	0.0	0.13	0.15	0.13	0.14	0.12	0.07	0.13	0.12	0.0	0.11	0.13	0.08	0.13	0.13	0.12	0.13	0.14	0.11	0.09	0.14	0.11	0.21	0.22	0.22	0.22	0.22	0.19	0.23	0.17	0.17	0.21	0.23	0.13	0.23	0.24	0.21	0.22	0.24	0.2	0.19	0.23	0.2	0.21	0.23	0.24	0.21	0.21	0.24	0.21	0.2	0.16	0.18	0.2	0.18	0.21	0.24	0.21
Root; d__Bacteria; p__Actinomycetota; c__Thermoleophilia; o__Miltoncostaeales; f__Miltoncostaeaceae	0.08	0.06	0.06	0.03	0.06	0.0	0.07	0.07	0.0	0.08	0.06	0.0	0.06	0.06	0.0	0.06	0.06	0.09	0.07	0.05	0.06	0.06	0.06	0.0	0.05	0.08	0.0	0.05	0.06	0.0	0.05	0.06	0.0	0.06	0.05	0.0	0.04	0.03	0.0	0.02	0.03	0.0	0.02	0.02	0.0	0.03	0.04	0.0	0.05	0.07	0.08	0.06	0.04	0.0	0.04	0.03	0.0	0.04	0.04	0.05	0.04	0.05	0.03	0.07	0.05	0.07	0.06	0.04	0.07	0.05	0.06	0.04
Root; d__Bacteria; p__Actinomycetota; c__Acidimicrobiia; o__Acidimicrobiales; f__Acidimicrobilacustridaceae	0.33	0.32	0.36	0.25	0.29	0.24	0.28	0.31	0.18	0.31	0.29	0.31	0.25	0.29	0.37	0.22	0.23	0.19	0.23	0.3	0.2	0.27	0.25	0.17	0.23	0.25	0.22	0.25	0.26	0.23	0.24	0.27	0.19	0.31	0.29	0.24	0.08	0.07	0.05	0.05	0.06	0.06	0.09	0.07	0.04	0.09	0.05	0.0	0.09	0.09	0.06	0.1	0.08	0.0	0.12	0.13	0.07	0.11	0.1	0.08	0.14	0.12	0.11	0.09	0.12	0.09	0.1	0.08	0.05	0.09	0.13	0.04
Root; d__Bacteria; p__Actinomycetota; c__Acidimicrobiia; o__Acidimicrobiales; f__Ilumatobacteraceae	0.95	1.02	1.01	1.11	1.11	0.88	0.99	1.01	0.91	0.95	1.02	0.82	0.95	0.95	0.82	0.74	0.73	0.72	1.05	1.0	0.95	1.05	0.86	0.87	1.04	0.9	1.02	0.99	1.06	1.05	0.98	1.06	1.02	1.03	1.01	0.92	0.23	0.26	0.15	0.17	0.19	0.15	0.22	0.22	0.14	0.22	0.24	0.13	0.17	0.22	0.23	0.23	0.21	0.12	0.38	0.36	0.36	0.41	0.42	0.36	0.43	0.4	0.41	0.4	0.46	0.42	0.32	0.36	0.33	0.41	0.4	0.5
Root; d__Bacteria; p__Actinomycetota; c__Acidimicrobiia; o__Acidimicrobiales; f__VFJN01	0.34	0.32	0.26	0.31	0.36	0.32	0.29	0.3	0.23	0.29	0.25	0.27	0.33	0.36	0.34	0.34	0.28	0.25	0.26	0.25	0.15	0.28	0.32	0.3	0.27	0.25	0.29	0.25	0.3	0.23	0.25	0.29	0.2	0.27	0.23	0.18	0.11	0.18	0.11	0.18	0.15	0.09	0.17	0.16	0.1	0.19	0.13	0.11	0.19	0.2	0.21	0.22	0.2	0.2	0.12	0.09	0.0	0.1	0.11	0.09	0.11	0.1	0.11	0.11	0.13	0.09	0.09	0.14	0.11	0.14	0.12	0.11
Root; d__Bacteria; p__Actinomycetota; c__Acidimicrobiia; o__Acidimicrobiales; f__CADCTF01	0.05	0.0	0.0	0.03	0.04	0.0	0.04	0.03	0.0	0.05	0.04	0.0	0.05	0.0	0.0	0.04	0.03	0.0	0.05	0.05	0.0	0.04	0.06	0.0	0.07	0.06	0.0	0.06	0.06	0.0	0.06	0.06	0.0	0.06	0.05	0.05	0.03	0.03	0.0	0.05	0.04	0.0	0.03	0.03	0.0	0.05	0.04	0.0	0.05	0.06	0.0	0.04	0.04	0.0	0.02	0.01	0.0	0.05	0.04	0.03	0.03	0.04	0.02	0.04	0.03	0.0	0.04	0.04	0.0	0.02	0.03	0.0
Root; d__Bacteria; p__Actinomycetota; c__Acidimicrobiia; o__Acidimicrobiales; f__JACDCH01	0.09	0.09	0.0	0.08	0.06	0.0	0.05	0.08	0.0	0.08	0.09	0.07	0.08	0.11	0.0	0.11	0.13	0.08	0.16	0.16	0.14	0.16	0.11	0.06	0.15	0.15	0.07	0.18	0.12	0.1	0.14	0.17	0.13	0.13	0.16	0.06	0.13	0.12	0.09	0.16	0.09	0.21	0.12	0.09	0.11	0.13	0.15	0.09	0.14	0.16	0.06	0.17	0.14	0.11	0.1	0.11	0.08	0.14	0.12	0.13	0.12	0.11	0.08	0.1	0.13	0.09	0.13	0.12	0.1	0.13	0.14	0.09
Root; d__Bacteria; p__Actinomycetota; c__Acidimicrobiia; o__Acidimicrobiales; f__AC-14	0.11	0.13	0.07	0.11	0.11	0.0	0.09	0.1	0.06	0.11	0.11	0.06	0.11	0.13	0.16	0.16	0.13	0.12	0.11	0.11	0.15	0.11	0.15	0.08	0.1	0.12	0.09	0.11	0.1	0.13	0.1	0.12	0.11	0.14	0.13	0.1	0.2	0.17	0.19	0.23	0.14	0.18	0.16	0.19	0.24	0.23	0.24	0.18	0.22	0.26	0.2	0.24	0.23	0.18	0.25	0.2	0.28	0.21	0.19	0.22	0.22	0.22	0.21	0.25	0.24	0.25	0.35	0.28	0.21	0.29	0.3	0.19
Root; d__Bacteria; p__Actinomycetota; c__Acidimicrobiia; o__Acidimicrobiales; f__Microtrichaceae	0.11	0.14	0.0	0.12	0.15	0.08	0.14	0.11	0.15	0.14	0.11	0.12	0.13	0.11	0.07	0.1	0.09	0.07	0.12	0.09	0.0	0.06	0.09	0.0	0.09	0.1	0.05	0.12	0.09	0.1	0.08	0.07	0.07	0.09	0.09	0.08	0.02	0.0	0.0	0.03	0.03	0.0	0.03	0.02	0.0	0.0	0.04	0.0	0.0	0.02	0.0	0.04	0.02	0.0	0.04	0.06	0.0	0.03	0.04	0.03	0.04	0.04	0.03	0.04	0.04	0.0	0.02	0.05	0.0	0.04	0.03	0.0
Root; d__Bacteria; p__Actinomycetota; c__Acidimicrobiia; o__Acidimicrobiales; f__Iamiaceae	0.28	0.29	0.18	0.25	0.3	0.15	0.29	0.27	0.3	0.28	0.28	0.22	0.2	0.22	0.16	0.23	0.22	0.19	0.2	0.21	0.18	0.18	0.19	0.2	0.22	0.19	0.21	0.19	0.25	0.18	0.23	0.21	0.18	0.25	0.26	0.19	0.12	0.15	0.08	0.1	0.12	0.05	0.08	0.13	0.06	0.1	0.14	0.08	0.1	0.13	0.11	0.13	0.09	0.08	0.13	0.11	0.08	0.13	0.11	0.14	0.12	0.12	0.14	0.12	0.1	0.04	0.09	0.15	0.09	0.09	0.1	0.11
Root; d__Bacteria; p__Actinomycetota; c__Acidimicrobiia; o__Acidimicrobiales; f__CADCSY01	0.13	0.17	0.16	0.13	0.12	0.08	0.11	0.17	0.08	0.17	0.14	0.17	0.16	0.16	0.11	0.14	0.19	0.14	0.21	0.24	0.26	0.25	0.18	0.14	0.25	0.18	0.2	0.26	0.16	0.13	0.25	0.2	0.15	0.19	0.29	0.24	0.1	0.15	0.06	0.1	0.12	0.0	0.11	0.12	0.04	0.15	0.13	0.07	0.11	0.08	0.11	0.09	0.12	0.09	0.13	0.12	0.05	0.16	0.17	0.14	0.13	0.15	0.15	0.13	0.16	0.09	0.13	0.13	0.09	0.13	0.19	0.12
Root; d__Bacteria; p__Actinomycetota; c__Acidimicrobiia; o__Acidimicrobiales; f__DATDAH01	0.06	0.08	0.0	0.09	0.12	0.05	0.11	0.07	0.0	0.1	0.1	0.0	0.08	0.12	0.0	0.05	0.07	0.09	0.05	0.08	0.0	0.07	0.09	0.08	0.05	0.05	0.07	0.08	0.05	0.08	0.05	0.07	0.14	0.09	0.07	0.0	0.02	0.03	0.0	0.04	0.03	0.0	0.03	0.02	0.0	0.04	0.04	0.0	0.02	0.03	0.0	0.0	0.03	0.0	0.03	0.02	0.0	0.04	0.04	0.02	0.04	0.04	0.01	0.04	0.02	0.0	0.04	0.03	0.0	0.03	0.04	0.0
Root; d__Bacteria; p__Actinomycetota; c__Acidimicrobiia; o__Acidimicrobiales; f__WLNW01	0.04	0.02	0.0	0.03	0.03	0.0	0.01	0.03	0.0	0.02	0.05	0.0	0.0	0.0	0.0	0.02	0.0	0.0	0.02	0.02	0.0	0.02	0.0	0.0	0.0	0.0	0.0	0.03	0.0	0.0	0.04	0.03	0.05	0.03	0.0	0.0	0.0	0.0	0.0	0.0	0.01	0.0	0.0	0.0	0.0	0.0	0.0	0.0	0.0	0.0	0.0	0.0	0.0	0.0	0.0	0.0	0.0	0.02	0.03	0.0	0.03	0.03	0.0	0.03	0.01	0.0	0.02	0.02	0.0	0.02	0.0	0.0
Root; d__Bacteria; p__Actinomycetota; c__Acidimicrobiia; o__Acidimicrobiales; f__RAAP-2	0.02	0.02	0.0	0.04	0.0	0.0	0.04	0.02	0.0	0.03	0.04	0.0	0.02	0.05	0.0	0.04	0.03	0.05	0.05	0.04	0.0	0.04	0.03	0.0	0.05	0.04	0.0	0.03	0.05	0.0	0.05	0.05	0.0	0.05	0.02	0.06	0.04	0.04	0.0	0.04	0.04	0.0	0.02	0.03	0.0	0.02	0.04	0.0	0.04	0.03	0.0	0.03	0.04	0.0	0.04	0.05	0.0	0.03	0.04	0.0	0.04	0.04	0.02	0.03	0.03	0.0	0.04	0.05	0.0	0.04	0.04	0.08
Root; d__Bacteria; p__Actinomycetota; c__Acidimicrobiia; o__IMCC26256; f__JACDBD01	0.08	0.09	0.08	0.1	0.11	0.05	0.11	0.11	0.11	0.2	0.19	0.15	0.18	0.25	0.14	0.1	0.11	0.13	0.11	0.09	0.11	0.07	0.09	0.08	0.11	0.1	0.08	0.1	0.09	0.06	0.09	0.1	0.11	0.11	0.15	0.06	0.0	0.0	0.0	0.0	0.0	0.0	0.01	0.0	0.0	0.0	0.0	0.0	0.0	0.0	0.0	0.02	0.04	0.0	0.0	0.02	0.0	0.04	0.03	0.0	0.02	0.02	0.02	0.03	0.02	0.0	0.02	0.02	0.0	0.02	0.03	0.0
Root; d__Bacteria; p__Actinomycetota; c__Acidimicrobiia; o__IMCC26256; f__PALSA-555	0.06	0.07	0.0	0.06	0.06	0.08	0.05	0.07	0.0	0.05	0.04	0.07	0.05	0.06	0.0	0.04	0.05	0.05	0.07	0.06	0.04	0.07	0.07	0.0	0.04	0.08	0.08	0.06	0.08	0.07	0.08	0.07	0.0	0.09	0.07	0.08	0.06	0.06	0.0	0.04	0.03	0.06	0.06	0.05	0.0	0.03	0.09	0.0	0.06	0.04	0.05	0.06	0.03	0.0	0.09	0.05	0.04	0.04	0.05	0.06	0.06	0.06	0.05	0.03	0.06	0.0	0.07	0.05	0.07	0.05	0.06	0.08
Root; d__Bacteria; p__Actinomycetota; c__Acidimicrobiia; o__IMCC26256; f__JAENVU01	0.09	0.11	0.08	0.09	0.06	0.08	0.08	0.09	0.06	0.08	0.04	0.0	0.06	0.08	0.0	0.13	0.15	0.13	0.14	0.16	0.1	0.14	0.14	0.14	0.13	0.13	0.19	0.14	0.11	0.1	0.13	0.13	0.17	0.1	0.17	0.17	0.18	0.21	0.09	0.21	0.18	0.13	0.2	0.18	0.18	0.16	0.23	0.13	0.2	0.2	0.12	0.17	0.17	0.18	0.15	0.14	0.07	0.14	0.13	0.11	0.15	0.14	0.15	0.14	0.1	0.11	0.11	0.14	0.11	0.15	0.1	0.11
Root; d__Bacteria; p__Actinomycetota; c__Acidimicrobiia; o__IMCC26256; f__DASPTH01	0.19	0.21	0.16	0.19	0.25	0.14	0.18	0.16	0.15	0.2	0.19	0.23	0.21	0.15	0.14	0.25	0.16	0.12	0.24	0.23	0.2	0.25	0.28	0.25	0.3	0.28	0.15	0.26	0.3	0.32	0.28	0.32	0.32	0.23	0.3	0.22	0.16	0.17	0.12	0.15	0.14	0.11	0.15	0.16	0.12	0.12	0.13	0.11	0.19	0.14	0.06	0.18	0.17	0.14	0.22	0.21	0.16	0.25	0.21	0.22	0.25	0.22	0.22	0.21	0.2	0.21	0.2	0.18	0.13	0.21	0.21	0.11
Root; d__Bacteria; p__Actinomycetota; c__Acidimicrobiia; o__IMCC26256; f__PALSA-610	0.15	0.15	0.09	0.1	0.11	0.07	0.14	0.17	0.08	0.14	0.12	0.08	0.19	0.16	0.13	0.17	0.22	0.17	0.13	0.13	0.09	0.13	0.13	0.07	0.14	0.13	0.12	0.15	0.13	0.1	0.16	0.14	0.08	0.16	0.16	0.18	0.22	0.2	0.15	0.2	0.24	0.13	0.21	0.24	0.23	0.21	0.2	0.19	0.24	0.3	0.25	0.23	0.23	0.18	0.18	0.24	0.24	0.22	0.23	0.22	0.23	0.21	0.19	0.17	0.22	0.21	0.25	0.26	0.16	0.21	0.3	0.21
Root; d__Bacteria; p__Actinomycetota; c__UBA4738; o__UBA4738; f__HRBIN12	0.5	0.43	0.45	0.46	0.44	0.44	0.36	0.36	0.39	0.58	0.54	0.49	0.63	0.6	0.61	0.43	0.48	0.45	0.91	0.94	0.78	0.79	0.9	0.91	0.89	0.86	0.86	0.9	0.99	0.87	0.96	0.94	0.96	0.94	0.86	1.02	0.33	0.34	0.22	0.35	0.35	0.36	0.36	0.37	0.31	0.3	0.23	0.32	0.36	0.32	0.25	0.35	0.42	0.31	0.48	0.54	0.58	0.54	0.57	0.56	0.56	0.56	0.54	0.56	0.45	0.48	0.54	0.56	0.51	0.59	0.61	0.6
Root; d__Bacteria; p__Actinomycetota; c__UBA4738; o__UBA4738; f__JACQTL01	0.03	0.03	0.0	0.02	0.0	0.0	0.02	0.03	0.0	0.05	0.07	0.0	0.04	0.08	0.0	0.02	0.04	0.0	0.05	0.03	0.0	0.03	0.03	0.0	0.03	0.04	0.0	0.03	0.04	0.0	0.03	0.02	0.0	0.04	0.03	0.0	0.0	0.0	0.0	0.0	0.0	0.0	0.0	0.0	0.0	0.0	0.0	0.0	0.0	0.0	0.0	0.0	0.0	0.0	0.04	0.07	0.05	0.06	0.05	0.04	0.04	0.04	0.04	0.05	0.05	0.05	0.06	0.04	0.0	0.04	0.05	0.0
Root; d__Bacteria; p__Actinomycetota; c__Rubrobacteria; o__Rubrobacterales; f__Rubrobacteraceae	1.07	1.03	1.17	1.05	1.02	1.06	1.16	1.02	1.0	1.22	1.38	1.25	1.37	1.33	1.7	1.17	1.09	0.85	1.34	1.22	1.06	1.27	1.36	1.45	1.21	1.24	1.44	1.25	1.38	1.27	1.17	1.27	1.23	1.15	1.28	1.21	0.54	0.47	0.42	0.5	0.5	0.57	0.57	0.55	0.57	0.61	0.54	0.4	0.52	0.51	0.44	0.58	0.54	0.59	0.58	0.64	0.54	0.61	0.56	0.63	0.6	0.58	0.54	0.68	0.68	0.78	0.68	0.76	0.69	0.75	0.8	0.72
Root; d__Bacteria; p__Actinomycetota; c__CALGFH01; o__CALGFH01; f__CALGFH01	0.14	0.18	0.11	0.12	0.16	0.12	0.16	0.13	0.14	0.17	0.17	0.14	0.2	0.18	0.15	0.15	0.14	0.13	0.05	0.04	0.05	0.06	0.03	0.04	0.04	0.07	0.0	0.05	0.04	0.0	0.06	0.09	0.04	0.04	0.07	0.0	0.06	0.08	0.06	0.11	0.06	0.08	0.08	0.1	0.1	0.07	0.05	0.0	0.07	0.05	0.06	0.06	0.07	0.0	0.18	0.19	0.19	0.17	0.18	0.14	0.2	0.19	0.16	0.16	0.14	0.11	0.12	0.15	0.08	0.17	0.14	0.12
Root; d__Bacteria; p__Actinomycetota; c__CADDZG01; o__CADDZG01; f__WHSQ01	0.04	0.0	0.0	0.02	0.05	0.0	0.03	0.0	0.0	0.05	0.06	0.0	0.06	0.05	0.0	0.04	0.05	0.0	0.04	0.03	0.0	0.02	0.02	0.0	0.02	0.04	0.0	0.03	0.0	0.0	0.02	0.02	0.0	0.02	0.04	0.0	0.0	0.0	0.0	0.02	0.02	0.0	0.0	0.0	0.0	0.0	0.0	0.0	0.02	0.0	0.0	0.0	0.0	0.0	0.02	0.0	0.0	0.01	0.01	0.0	0.01	0.02	0.0	0.0	0.0	0.0	0.02	0.0	0.0	0.0	0.02	0.0
Root; d__Bacteria; p__Chloroflexota; c__Chloroflexia; o__Thermomicrobiales; f__UBA6265	1.0	1.14	1.02	1.12	1.16	0.94	1.05	1.01	1.15	0.88	0.89	0.99	0.85	0.96	0.86	0.72	0.75	0.79	0.81	0.9	0.81	0.78	0.84	0.79	0.71	0.79	0.8	0.9	0.77	0.85	0.82	0.77	0.86	0.83	0.88	0.7	0.44	0.46	0.44	0.49	0.46	0.47	0.51	0.5	0.44	0.48	0.47	0.53	0.53	0.52	0.51	0.56	0.51	0.51	0.42	0.46	0.37	0.47	0.45	0.46	0.44	0.48	0.48	0.44	0.48	0.38	0.5	0.44	0.39	0.42	0.39	0.42
Root; d__Bacteria; p__Chloroflexota; c__Chloroflexia; o__Thermomicrobiales; f__CADCWN01	0.03	0.05	0.0	0.06	0.04	0.0	0.03	0.03	0.0	0.05	0.07	0.09	0.03	0.03	0.0	0.04	0.05	0.0	0.03	0.04	0.0	0.04	0.05	0.0	0.04	0.06	0.0	0.03	0.07	0.0	0.06	0.03	0.0	0.04	0.04	0.0	0.04	0.04	0.0	0.05	0.04	0.0	0.03	0.03	0.0	0.03	0.02	0.0	0.04	0.02	0.0	0.03	0.02	0.0	0.03	0.05	0.0	0.06	0.05	0.03	0.07	0.07	0.05	0.04	0.05	0.0	0.06	0.05	0.06	0.05	0.05	0.06
Root; d__Bacteria; p__Chloroflexota; c__Chloroflexia; o__Thermomicrobiales; f__CFX8	0.06	0.09	0.0	0.11	0.11	0.06	0.07	0.06	0.08	0.06	0.06	0.05	0.06	0.05	0.07	0.05	0.07	0.0	0.05	0.04	0.0	0.03	0.04	0.0	0.05	0.03	0.0	0.04	0.04	0.0	0.05	0.03	0.0	0.03	0.04	0.0	0.07	0.05	0.04	0.02	0.05	0.0	0.04	0.06	0.0	0.04	0.03	0.0	0.06	0.03	0.0	0.04	0.0	0.0	0.03	0.02	0.0	0.05	0.04	0.03	0.03	0.04	0.04	0.04	0.02	0.0	0.02	0.06	0.0	0.03	0.02	0.0
Root; d__Bacteria; p__Chloroflexota; c__Chloroflexia; o__QHBQ01; f__JADMIH01	0.07	0.05	0.05	0.08	0.07	0.0	0.04	0.07	0.0	0.06	0.06	0.08	0.02	0.03	0.0	0.08	0.09	0.05	0.06	0.08	0.0	0.05	0.06	0.0	0.08	0.06	0.07	0.06	0.06	0.05	0.04	0.08	0.08	0.05	0.06	0.0	0.18	0.13	0.13	0.12	0.15	0.16	0.18	0.14	0.13	0.17	0.16	0.14	0.17	0.15	0.15	0.21	0.13	0.13	0.19	0.17	0.12	0.19	0.19	0.14	0.18	0.18	0.16	0.15	0.13	0.2	0.18	0.2	0.14	0.21	0.16	0.15
Root; d__Bacteria; p__Chloroflexota; c__Chloroflexia; o__Chloroflexales; f__Roseiflexaceae	0.12	0.09	0.07	0.08	0.11	0.09	0.11	0.12	0.05	0.09	0.1	0.08	0.08	0.07	0.09	0.06	0.12	0.07	0.1	0.08	0.0	0.09	0.04	0.09	0.06	0.07	0.0	0.03	0.09	0.05	0.09	0.08	0.12	0.08	0.05	0.06	0.06	0.07	0.0	0.09	0.09	0.05	0.06	0.09	0.08	0.1	0.11	0.1	0.08	0.11	0.06	0.12	0.09	0.14	0.14	0.12	0.08	0.12	0.12	0.12	0.16	0.12	0.14	0.14	0.17	0.12	0.16	0.11	0.12	0.14	0.15	0.13
Root; d__Bacteria; p__Chloroflexota; c__Chloroflexia; o__Chloroflexales; f__Herpetosiphonaceae	0.02	0.0	0.0	0.0	0.0	0.0	0.02	0.02	0.0	0.02	0.0	0.0	0.0	0.0	0.0	0.0	0.0	0.0	0.0	0.0	0.0	0.0	0.0	0.0	0.0	0.0	0.0	0.0	0.0	0.0	0.0	0.0	0.0	0.0	0.0	0.0	0.0	0.0	0.0	0.0	0.0	0.0	0.0	0.0	0.0	0.0	0.0	0.0	0.0	0.0	0.0	0.0	0.0	0.0	0.0	0.0	0.0	0.0	0.0	0.0	0.0	0.0	0.0	0.0	0.0	0.0	0.0	0.0	0.0	0.0	0.0	0.0
Root; d__Bacteria; p__Chloroflexota; c__Chloroflexia; o__Chloroflexales; f__Kallotenuaceae	0.03	0.04	0.0	0.02	0.02	0.0	0.03	0.02	0.0	0.02	0.02	0.0	0.03	0.03	0.0	0.03	0.05	0.0	0.02	0.02	0.0	0.03	0.02	0.0	0.03	0.02	0.0	0.0	0.02	0.0	0.03	0.03	0.0	0.03	0.02	0.0	0.03	0.02	0.0	0.0	0.0	0.0	0.02	0.02	0.0	0.0	0.03	0.0	0.0	0.0	0.0	0.02	0.02	0.0	0.04	0.0	0.0	0.04	0.02	0.04	0.04	0.04	0.03	0.02	0.03	0.0	0.03	0.01	0.0	0.03	0.02	0.0
Root; d__Bacteria; p__Chloroflexota; c__UBA6077; o__UBA6077; f__CF-72	0.03	0.03	0.0	0.04	0.04	0.0	0.02	0.03	0.05	0.08	0.04	0.0	0.08	0.04	0.0	0.13	0.09	0.1	0.08	0.09	0.07	0.1	0.09	0.06	0.09	0.07	0.0	0.08	0.05	0.06	0.08	0.07	0.06	0.05	0.08	0.0	0.17	0.15	0.15	0.23	0.19	0.2	0.2	0.2	0.09	0.24	0.2	0.13	0.15	0.19	0.2	0.17	0.16	0.27	0.21	0.16	0.16	0.25	0.21	0.22	0.22	0.24	0.22	0.22	0.29	0.22	0.25	0.29	0.18	0.23	0.26	0.2
Root; d__Bacteria; p__Chloroflexota; c__UBA6077; o__UBA6077; f__JACCZL01	0.09	0.16	0.11	0.18	0.15	0.16	0.17	0.12	0.08	0.2	0.18	0.17	0.2	0.18	0.17	0.15	0.22	0.15	0.17	0.17	0.23	0.18	0.15	0.19	0.18	0.16	0.14	0.24	0.21	0.16	0.19	0.2	0.22	0.21	0.17	0.09	0.12	0.12	0.08	0.12	0.17	0.06	0.15	0.13	0.05	0.14	0.15	0.16	0.18	0.16	0.11	0.18	0.13	0.27	0.17	0.18	0.11	0.17	0.15	0.15	0.18	0.19	0.17	0.2	0.21	0.17	0.19	0.18	0.12	0.21	0.22	0.14
Root; d__Bacteria; p__Chloroflexota; c__UBA6077; o__UBA6077; f__JAJPHF01	0.03	0.02	0.0	0.04	0.0	0.0	0.02	0.04	0.0	0.05	0.05	0.0	0.04	0.03	0.0	0.05	0.03	0.0	0.02	0.03	0.05	0.02	0.05	0.06	0.04	0.05	0.0	0.04	0.04	0.0	0.03	0.04	0.0	0.04	0.04	0.0	0.07	0.03	0.06	0.05	0.06	0.0	0.06	0.05	0.0	0.05	0.06	0.05	0.06	0.05	0.0	0.04	0.05	0.0	0.08	0.04	0.07	0.09	0.07	0.07	0.05	0.08	0.09	0.06	0.09	0.0	0.05	0.05	0.06	0.08	0.08	0.06
Root; d__Bacteria; p__Chloroflexota; c__Limnocylindria; o__Limnocylindrales; f__CSP1-4	1.94	1.8	1.68	1.88	1.92	1.8	1.79	1.87	1.89	1.82	1.95	2.01	1.98	1.99	2.17	2.13	2.03	1.68	1.98	2.05	2.17	1.9	2.04	1.52	2.0	2.01	1.85	2.04	1.98	2.05	2.06	2.06	2.0	2.02	1.96	2.07	2.65	2.53	2.4	2.58	2.48	2.41	2.64	2.48	2.33	2.56	2.32	2.6	2.38	2.67	2.4	2.41	2.38	2.49	2.52	2.54	2.6	2.64	2.58	2.69	2.68	2.58	2.59	2.3	2.29	2.48	2.44	2.61	2.45	2.4	2.56	2.48
Root; d__Bacteria; p__Chloroflexota; c__Limnocylindria; o__QHBO01; f__QHBO01	0.23	0.2	0.12	0.29	0.35	0.21	0.29	0.3	0.22	0.32	0.3	0.34	0.3	0.33	0.31	0.29	0.23	0.17	0.17	0.15	0.12	0.16	0.14	0.13	0.14	0.17	0.15	0.14	0.14	0.21	0.15	0.18	0.15	0.16	0.18	0.11	0.24	0.22	0.23	0.21	0.22	0.15	0.26	0.24	0.19	0.19	0.26	0.21	0.18	0.22	0.18	0.24	0.19	0.2	0.05	0.04	0.0	0.05	0.06	0.06	0.07	0.08	0.07	0.06	0.07	0.0	0.05	0.07	0.07	0.05	0.06	0.0
Root; d__Bacteria; p__Chloroflexota; c__UBA11872; o__UBA12225; f__UBA12225	0.04	0.04	0.0	0.04	0.02	0.0	0.0	0.02	0.0	0.02	0.02	0.0	0.0	0.0	0.0	0.02	0.02	0.0	0.0	0.02	0.0	0.0	0.0	0.0	0.0	0.02	0.0	0.02	0.04	0.0	0.0	0.01	0.0	0.0	0.03	0.0	0.02	0.02	0.0	0.02	0.02	0.0	0.02	0.02	0.0	0.03	0.02	0.0	0.0	0.02	0.0	0.03	0.0	0.0	0.02	0.0	0.0	0.02	0.03	0.0	0.03	0.03	0.03	0.0	0.0	0.0	0.03	0.03	0.0	0.02	0.02	0.0
Root; d__Bacteria; p__Chloroflexota; c__Dehalococcoidia; o__DSTF01; f__WHTK01	0.05	0.09	0.0	0.05	0.06	0.06	0.07	0.07	0.06	0.12	0.05	0.09	0.09	0.07	0.09	0.14	0.1	0.06	0.1	0.11	0.1	0.1	0.11	0.06	0.1	0.14	0.07	0.09	0.11	0.1	0.11	0.14	0.12	0.12	0.11	0.14	0.12	0.11	0.11	0.1	0.06	0.07	0.1	0.1	0.07	0.14	0.11	0.07	0.15	0.14	0.11	0.11	0.09	0.09	0.11	0.11	0.06	0.1	0.1	0.08	0.1	0.11	0.08	0.11	0.09	0.0	0.11	0.12	0.07	0.12	0.13	0.1
Root; d__Bacteria; p__Chloroflexota; c__Dehalococcoidia; o__Tepidiformales; f__Tepidiformaceae	0.02	0.02	0.0	0.02	0.0	0.0	0.0	0.02	0.0	0.02	0.02	0.0	0.03	0.04	0.0	0.05	0.04	0.0	0.02	0.0	0.0	0.0	0.02	0.0	0.02	0.02	0.0	0.0	0.03	0.0	0.0	0.02	0.0	0.02	0.02	0.0	0.05	0.05	0.0	0.05	0.03	0.05	0.04	0.03	0.0	0.06	0.07	0.0	0.05	0.09	0.0	0.08	0.08	0.05	0.02	0.03	0.0	0.03	0.04	0.03	0.04	0.03	0.03	0.03	0.03	0.0	0.04	0.04	0.0	0.04	0.04	0.0
Root; d__Bacteria; p__Chloroflexota; c__Dehalococcoidia; o__UBA2979; f__UBA2979	0.03	0.0	0.0	0.0	0.0	0.0	0.0	0.02	0.0	0.0	0.02	0.0	0.0	0.02	0.0	0.02	0.04	0.0	0.02	0.03	0.0	0.0	0.02	0.0	0.02	0.02	0.0	0.02	0.02	0.0	0.04	0.02	0.0	0.02	0.02	0.0	0.03	0.03	0.0	0.04	0.04	0.0	0.03	0.04	0.0	0.05	0.05	0.0	0.03	0.06	0.0	0.03	0.05	0.0	0.03	0.03	0.0	0.04	0.04	0.03	0.04	0.03	0.03	0.03	0.01	0.0	0.03	0.0	0.0	0.02	0.03	0.0
Root; d__Bacteria; p__Chloroflexota; c__Anaerolineae; o__Aggregatilineales; f__Phototrophicaceae	0.15	0.1	0.11	0.12	0.08	0.12	0.16	0.15	0.13	0.1	0.12	0.09	0.12	0.12	0.07	0.1	0.11	0.11	0.05	0.04	0.0	0.04	0.04	0.0	0.05	0.04	0.0	0.06	0.05	0.0	0.04	0.04	0.0	0.03	0.04	0.0	0.02	0.03	0.0	0.02	0.0	0.0	0.04	0.03	0.0	0.05	0.07	0.0	0.06	0.04	0.0	0.05	0.02	0.0	0.06	0.05	0.0	0.07	0.06	0.03	0.06	0.06	0.06	0.09	0.07	0.04	0.05	0.06	0.05	0.05	0.05	0.0
Root; d__Bacteria; p__Chloroflexota; c__Anaerolineae; o__Aggregatilineales; f__UBA2796	0.04	0.03	0.0	0.02	0.02	0.0	0.02	0.02	0.0	0.03	0.04	0.0	0.02	0.03	0.0	0.03	0.05	0.0	0.0	0.0	0.0	0.02	0.0	0.0	0.0	0.02	0.0	0.03	0.03	0.0	0.03	0.0	0.0	0.0	0.0	0.0	0.02	0.0	0.0	0.02	0.03	0.0	0.03	0.0	0.0	0.02	0.03	0.0	0.03	0.02	0.0	0.0	0.03	0.0	0.02	0.04	0.05	0.04	0.04	0.04	0.05	0.05	0.05	0.06	0.07	0.07	0.06	0.07	0.0	0.05	0.06	0.0
Root; d__Bacteria; p__Chloroflexota; c__Anaerolineae; o__Anaerolineales; f__UBA6663	0.04	0.03	0.0	0.02	0.03	0.0	0.02	0.02	0.0	0.0	0.04	0.0	0.02	0.04	0.0	0.03	0.02	0.0	0.0	0.0	0.0	0.0	0.0	0.0	0.0	0.0	0.0	0.02	0.0	0.0	0.0	0.0	0.0	0.0	0.0	0.0	0.0	0.02	0.0	0.03	0.02	0.0	0.03	0.04	0.0	0.02	0.02	0.0	0.03	0.07	0.0	0.03	0.02	0.0	0.04	0.05	0.0	0.06	0.06	0.0	0.05	0.05	0.02	0.03	0.05	0.0	0.03	0.06	0.06	0.05	0.05	0.0
Root; d__Bacteria; p__Chloroflexota; c__Anaerolineae; o__Anaerolineales; f__Villigracilaceae	0.02	0.03	0.0	0.03	0.0	0.0	0.02	0.03	0.0	0.03	0.03	0.0	0.0	0.02	0.0	0.05	0.05	0.0	0.0	0.0	0.0	0.0	0.0	0.0	0.0	0.0	0.0	0.0	0.0	0.0	0.0	0.0	0.0	0.0	0.0	0.0	0.03	0.04	0.04	0.03	0.03	0.04	0.03	0.06	0.05	0.06	0.1	0.0	0.06	0.07	0.05	0.06	0.08	0.05	0.06	0.07	0.09	0.09	0.07	0.05	0.07	0.08	0.06	0.1	0.1	0.09	0.05	0.11	0.1	0.09	0.11	0.07
Root; d__Bacteria; p__Chloroflexota; c__Anaerolineae; o__Caldilineales; f__Caldilineaceae	0.03	0.06	0.06	0.04	0.07	0.0	0.03	0.07	0.05	0.03	0.05	0.0	0.04	0.05	0.07	0.05	0.06	0.0	0.07	0.07	0.0	0.04	0.04	0.0	0.04	0.04	0.0	0.08	0.05	0.0	0.05	0.06	0.05	0.06	0.05	0.0	0.0	0.0	0.0	0.0	0.0	0.0	0.0	0.02	0.0	0.0	0.0	0.0	0.03	0.02	0.0	0.0	0.03	0.0	0.02	0.02	0.0	0.02	0.02	0.0	0.04	0.03	0.03	0.03	0.01	0.04	0.03	0.02	0.0	0.03	0.02	0.0
Root; d__Bacteria; p__Chloroflexota; c__Dormibacteria; o__Dormibacterales; f__Dormibacteraceae	0.07	0.08	0.05	0.05	0.06	0.06	0.06	0.08	0.07	0.08	0.11	0.05	0.07	0.07	0.0	0.09	0.07	0.07	0.02	0.03	0.0	0.0	0.03	0.0	0.03	0.0	0.0	0.04	0.02	0.0	0.03	0.03	0.0	0.04	0.03	0.0	0.09	0.07	0.06	0.08	0.08	0.11	0.05	0.08	0.0	0.06	0.06	0.0	0.09	0.09	0.0	0.08	0.08	0.0	0.17	0.13	0.11	0.14	0.15	0.11	0.16	0.14	0.16	0.12	0.13	0.06	0.15	0.16	0.15	0.14	0.14	0.08
Root; d__Bacteria; p__Pseudomonadota; c__Alphaproteobacteria; o__Rhizobiales; f__Xanthobacteraceae	2.7	2.54	2.63	2.78	2.83	2.78	2.61	2.78	2.66	2.83	2.72	2.45	2.65	2.78	2.59	3.13	3.15	3.09	3.53	3.23	3.34	3.35	3.22	3.37	3.29	3.32	3.2	3.15	3.32	2.97	3.27	3.44	3.19	3.22	3.49	3.41	3.42	3.45	3.44	3.47	3.4	3.31	3.49	3.44	3.34	3.53	3.44	3.56	3.51	3.4	3.37	3.57	3.42	3.61	3.26	3.46	3.47	3.46	3.38	3.15	3.37	3.35	3.4	3.37	3.25	2.89	3.23	3.42	3.32	3.2	3.28	3.29
Root; d__Bacteria; p__Pseudomonadota; c__Alphaproteobacteria; o__Rhizobiales; f__Beijerinckiaceae	0.91	0.92	0.81	0.96	0.79	0.81	1.04	0.94	1.07	0.84	0.91	0.66	0.74	0.82	0.88	0.79	0.83	0.78	0.84	0.91	0.8	0.95	0.94	1.0	0.86	0.82	0.93	0.82	0.95	1.0	0.87	0.89	0.88	0.85	0.88	0.91	0.6	0.57	0.51	0.62	0.58	0.51	0.56	0.6	0.56	0.58	0.6	0.61	0.5	0.52	0.68	0.6	0.61	0.54	0.84	0.89	0.72	0.86	0.89	0.86	0.84	0.79	0.77	0.84	0.82	0.89	0.89	0.73	0.63	0.77	0.77	0.8
Root; d__Bacteria; p__Pseudomonadota; c__Alphaproteobacteria; o__Rhizobiales; f__Kaistiaceae	0.06	0.05	0.0	0.04	0.06	0.0	0.07	0.05	0.0	0.07	0.07	0.09	0.0	0.05	0.0	0.06	0.05	0.0	0.05	0.05	0.0	0.02	0.04	0.05	0.04	0.04	0.0	0.03	0.05	0.0	0.04	0.03	0.0	0.06	0.05	0.0	0.08	0.05	0.0	0.06	0.08	0.08	0.06	0.08	0.06	0.08	0.06	0.07	0.08	0.07	0.08	0.07	0.07	0.06	0.06	0.07	0.0	0.09	0.07	0.08	0.08	0.07	0.07	0.11	0.07	0.0	0.06	0.07	0.0	0.06	0.06	0.07
Root; d__Bacteria; p__Pseudomonadota; c__Alphaproteobacteria; o__Rhizobiales; f__Rhizobiaceae	0.91	0.98	1.08	0.91	0.88	0.81	0.95	0.93	0.83	0.62	0.61	0.64	0.65	0.64	0.75	0.61	0.67	0.7	0.37	0.37	0.3	0.36	0.36	0.31	0.34	0.37	0.39	0.28	0.33	0.36	0.3	0.33	0.29	0.33	0.33	0.3	0.39	0.36	0.36	0.33	0.29	0.27	0.33	0.34	0.29	0.35	0.35	0.17	0.3	0.39	0.34	0.32	0.3	0.23	0.27	0.27	0.34	0.3	0.34	0.27	0.31	0.3	0.28	0.33	0.34	0.28	0.31	0.21	0.35	0.27	0.27	0.28
Root; d__Bacteria; p__Pseudomonadota; c__Alphaproteobacteria; o__Rhizobiales; f__Aestuariivirgaceae	0.17	0.16	0.1	0.13	0.18	0.09	0.16	0.16	0.0	0.14	0.11	0.13	0.17	0.15	0.0	0.09	0.17	0.09	0.09	0.08	0.08	0.06	0.08	0.1	0.09	0.1	0.05	0.07	0.1	0.06	0.09	0.05	0.0	0.07	0.06	0.07	0.14	0.09	0.11	0.14	0.11	0.14	0.13	0.1	0.1	0.12	0.12	0.1	0.12	0.11	0.2	0.14	0.13	0.12	0.17	0.16	0.16	0.18	0.17	0.19	0.19	0.17	0.18	0.16	0.16	0.06	0.18	0.18	0.18	0.18	0.17	0.09
Root; d__Bacteria; p__Pseudomonadota; c__Alphaproteobacteria; o__Rhizobiales; f__Devosiaceae	0.47	0.44	0.48	0.3	0.37	0.29	0.57	0.59	0.43	0.29	0.27	0.23	0.28	0.37	0.14	0.29	0.33	0.3	0.11	0.16	0.12	0.11	0.15	0.07	0.12	0.12	0.14	0.1	0.1	0.08	0.14	0.12	0.12	0.12	0.15	0.08	0.17	0.22	0.13	0.18	0.24	0.15	0.22	0.21	0.12	0.19	0.18	0.15	0.21	0.21	0.13	0.22	0.25	0.23	0.19	0.17	0.06	0.15	0.18	0.13	0.21	0.17	0.18	0.17	0.2	0.18	0.19	0.15	0.11	0.17	0.19	0.15
Root; d__Bacteria; p__Pseudomonadota; c__Alphaproteobacteria; o__Rhizobiales; f__Methyloligellaceae	0.06	0.05	0.0	0.05	0.04	0.0	0.06	0.05	0.0	0.06	0.05	0.06	0.05	0.07	0.0	0.06	0.07	0.06	0.02	0.02	0.0	0.0	0.06	0.0	0.04	0.03	0.0	0.03	0.03	0.06	0.03	0.04	0.0	0.02	0.03	0.05	0.04	0.07	0.04	0.07	0.05	0.0	0.06	0.04	0.0	0.07	0.05	0.0	0.04	0.06	0.06	0.07	0.07	0.06	0.03	0.06	0.0	0.04	0.05	0.05	0.05	0.05	0.04	0.02	0.03	0.0	0.04	0.04	0.04	0.03	0.03	0.05
Root; d__Bacteria; p__Pseudomonadota; c__Alphaproteobacteria; o__Rhizobiales; f__Hyphomicrobiaceae	0.1	0.1	0.07	0.08	0.14	0.12	0.12	0.12	0.12	0.09	0.12	0.08	0.09	0.09	0.1	0.09	0.12	0.11	0.08	0.08	0.07	0.09	0.1	0.09	0.1	0.1	0.05	0.11	0.07	0.07	0.08	0.1	0.06	0.06	0.09	0.05	0.08	0.1	0.12	0.1	0.14	0.05	0.13	0.11	0.1	0.12	0.08	0.07	0.15	0.08	0.12	0.09	0.1	0.06	0.11	0.14	0.1	0.14	0.12	0.12	0.16	0.13	0.12	0.11	0.09	0.08	0.12	0.15	0.0	0.11	0.15	0.13
Root; d__Bacteria; p__Pseudomonadota; c__Alphaproteobacteria; o__Rhizobiales; f__Afifellaceae	0.02	0.02	0.0	0.0	0.04	0.0	0.02	0.02	0.0	0.05	0.04	0.0	0.02	0.03	0.0	0.06	0.03	0.0	0.02	0.04	0.0	0.03	0.05	0.0	0.07	0.03	0.0	0.02	0.03	0.0	0.05	0.05	0.0	0.03	0.02	0.0	0.07	0.09	0.05	0.09	0.06	0.05	0.09	0.07	0.05	0.07	0.07	0.05	0.08	0.09	0.0	0.09	0.08	0.07	0.03	0.06	0.0	0.06	0.07	0.05	0.05	0.06	0.05	0.04	0.03	0.0	0.06	0.06	0.0	0.04	0.04	0.07
Root; d__Bacteria; p__Pseudomonadota; c__Alphaproteobacteria; o__Caulobacterales; f__Caulobacteraceae	0.68	0.72	0.78	0.62	0.67	0.58	0.78	0.81	0.78	0.56	0.57	0.43	0.49	0.54	0.41	0.56	0.49	0.51	0.48	0.38	0.37	0.44	0.42	0.29	0.41	0.43	0.26	0.38	0.36	0.34	0.48	0.39	0.38	0.39	0.42	0.32	0.53	0.52	0.6	0.55	0.56	0.39	0.55	0.53	0.47	0.59	0.64	0.51	0.49	0.46	0.58	0.5	0.49	0.47	0.58	0.52	0.52	0.5	0.49	0.62	0.47	0.53	0.45	0.46	0.52	0.58	0.45	0.5	0.41	0.5	0.5	0.56
Root; d__Bacteria; p__Pseudomonadota; c__Alphaproteobacteria; o__Caulobacterales; f__Hyphomonadaceae	0.02	0.02	0.0	0.0	0.03	0.0	0.03	0.02	0.0	0.0	0.02	0.0	0.02	0.02	0.0	0.0	0.02	0.0	0.0	0.0	0.0	0.0	0.02	0.0	0.0	0.0	0.0	0.0	0.0	0.0	0.0	0.0	0.0	0.0	0.0	0.0	0.0	0.0	0.0	0.0	0.0	0.0	0.0	0.0	0.0	0.0	0.0	0.0	0.0	0.0	0.0	0.0	0.0	0.0	0.0	0.0	0.0	0.01	0.01	0.0	0.01	0.01	0.0	0.0	0.02	0.0	0.0	0.02	0.0	0.0	0.0	0.0
Root; d__Bacteria; p__Pseudomonadota; c__Alphaproteobacteria; o__Reyranellales; f__Reyranellaceae	0.17	0.16	0.13	0.21	0.2	0.18	0.2	0.23	0.19	0.25	0.23	0.22	0.2	0.18	0.1	0.28	0.29	0.25	0.28	0.24	0.22	0.28	0.23	0.23	0.28	0.24	0.12	0.29	0.22	0.24	0.27	0.24	0.26	0.26	0.22	0.16	0.32	0.25	0.39	0.29	0.29	0.19	0.26	0.24	0.31	0.37	0.35	0.43	0.39	0.31	0.2	0.32	0.32	0.38	0.26	0.17	0.3	0.21	0.23	0.2	0.24	0.22	0.21	0.2	0.23	0.15	0.19	0.19	0.33	0.21	0.22	0.18
Root; d__Bacteria; p__Pseudomonadota; c__Alphaproteobacteria; o__Sphingomonadales; f__Sphingomonadaceae	2.76	2.6	3.0	2.77	2.73	2.64	2.67	2.76	2.91	2.26	2.22	2.34	2.36	2.4	2.23	2.64	2.65	2.47	2.57	2.49	2.71	2.49	2.52	2.64	2.59	2.51	2.59	2.26	2.22	2.2	2.38	2.44	2.62	2.35	2.28	2.22	4.9	4.88	4.43	4.72	4.79	5.05	5.08	4.97	4.98	4.24	4.01	3.99	3.97	4.08	4.14	4.1	4.46	3.77	3.48	3.63	3.29	3.48	3.43	3.47	3.49	3.49	3.25	3.2	3.11	3.23	2.97	3.33	3.31	3.19	3.13	3.07
Root; d__Bacteria; p__Pseudomonadota; c__Alphaproteobacteria; o__Acetobacterales; f__Acetobacteraceae	0.23	0.34	0.25	0.25	0.28	0.29	0.28	0.32	0.21	0.25	0.29	0.27	0.31	0.24	0.24	0.29	0.36	0.27	0.24	0.25	0.33	0.19	0.2	0.12	0.29	0.23	0.17	0.24	0.2	0.18	0.27	0.27	0.21	0.23	0.27	0.26	0.42	0.4	0.47	0.42	0.4	0.36	0.43	0.45	0.49	0.36	0.37	0.38	0.47	0.4	0.35	0.38	0.41	0.38	0.43	0.56	0.51	0.48	0.47	0.4	0.47	0.5	0.49	0.53	0.53	0.35	0.42	0.42	0.32	0.42	0.49	0.46
Root; d__Bacteria; p__Pseudomonadota; c__Alphaproteobacteria; o__Geminicoccales; f__Geminicoccaceae	0.13	0.08	0.08	0.13	0.15	0.08	0.16	0.1	0.07	0.1	0.13	0.05	0.13	0.12	0.12	0.14	0.11	0.1	0.1	0.1	0.0	0.11	0.08	0.0	0.1	0.08	0.1	0.12	0.11	0.0	0.07	0.1	0.06	0.06	0.08	0.09	0.11	0.1	0.0	0.12	0.09	0.06	0.11	0.1	0.07	0.09	0.1	0.07	0.08	0.09	0.05	0.09	0.06	0.11	0.18	0.11	0.08	0.14	0.09	0.12	0.14	0.14	0.11	0.12	0.13	0.09	0.11	0.11	0.09	0.11	0.12	0.13
Root; d__Bacteria; p__Pseudomonadota; c__Alphaproteobacteria; o__Azospirillales; f__Azospirillaceae	0.23	0.21	0.23	0.19	0.14	0.05	0.28	0.22	0.31	0.1	0.11	0.08	0.15	0.11	0.11	0.11	0.07	0.09	0.08	0.11	0.1	0.12	0.11	0.07	0.08	0.09	0.1	0.08	0.08	0.08	0.09	0.07	0.05	0.12	0.15	0.09	0.08	0.05	0.0	0.06	0.05	0.06	0.05	0.06	0.0	0.05	0.05	0.0	0.06	0.03	0.0	0.05	0.04	0.0	0.1	0.1	0.05	0.11	0.1	0.09	0.11	0.12	0.11	0.09	0.09	0.06	0.09	0.09	0.06	0.09	0.09	0.0
Root; d__Bacteria; p__Pseudomonadota; c__Alphaproteobacteria; o__Dongiales; f__Dongiaceae	0.11	0.07	0.0	0.09	0.08	0.0	0.08	0.05	0.09	0.08	0.1	0.06	0.11	0.07	0.14	0.12	0.09	0.13	0.1	0.08	0.0	0.08	0.08	0.1	0.09	0.07	0.05	0.06	0.1	0.05	0.12	0.07	0.0	0.09	0.1	0.07	0.09	0.07	0.0	0.11	0.07	0.07	0.09	0.09	0.0	0.1	0.1	0.07	0.12	0.11	0.09	0.12	0.07	0.12	0.1	0.08	0.06	0.08	0.08	0.07	0.09	0.09	0.08	0.09	0.1	0.06	0.09	0.07	0.0	0.12	0.09	0.09
Root; d__Bacteria; p__Pseudomonadota; c__Alphaproteobacteria; o__ATCC43930; f__CGMCC-115725	0.25	0.2	0.21	0.24	0.21	0.18	0.21	0.21	0.12	0.29	0.3	0.3	0.34	0.3	0.31	0.46	0.38	0.41	0.25	0.29	0.14	0.28	0.25	0.28	0.26	0.29	0.2	0.27	0.32	0.23	0.25	0.3	0.22	0.22	0.27	0.23	0.75	0.69	0.6	0.7	0.74	0.55	0.72	0.69	0.7	0.66	0.64	0.72	0.75	0.81	0.61	0.72	0.74	0.85	0.66	0.7	0.6	0.71	0.66	0.63	0.63	0.64	0.63	0.6	0.66	0.64	0.68	0.65	0.73	0.68	0.73	0.65
Root; d__Bacteria; p__Pseudomonadota; c__Alphaproteobacteria; o__Micropepsales; f__Micropepsaceae	0.09	0.13	0.08	0.17	0.19	0.17	0.14	0.13	0.11	0.16	0.12	0.09	0.16	0.14	0.12	0.23	0.28	0.19	0.19	0.19	0.22	0.19	0.18	0.11	0.18	0.18	0.17	0.22	0.19	0.16	0.22	0.22	0.15	0.17	0.21	0.14	0.46	0.46	0.57	0.44	0.41	0.37	0.48	0.5	0.41	0.5	0.52	0.49	0.48	0.51	0.45	0.39	0.43	0.53	0.34	0.31	0.22	0.33	0.36	0.29	0.34	0.33	0.33	0.37	0.29	0.35	0.31	0.34	0.33	0.36	0.36	0.3
Root; d__Bacteria; p__Pseudomonadota; c__Alphaproteobacteria; o__Rhodobacterales; f__Rhodobacteraceae	0.14	0.18	0.18	0.21	0.14	0.14	0.15	0.14	0.12	0.1	0.14	0.11	0.12	0.15	0.13	0.12	0.1	0.06	0.1	0.12	0.1	0.08	0.07	0.07	0.08	0.08	0.04	0.07	0.1	0.0	0.08	0.07	0.06	0.06	0.1	0.09	0.03	0.03	0.0	0.04	0.05	0.0	0.04	0.04	0.0	0.04	0.02	0.0	0.05	0.04	0.0	0.04	0.04	0.0	0.06	0.04	0.08	0.05	0.05	0.0	0.05	0.04	0.05	0.06	0.08	0.0	0.03	0.03	0.0	0.05	0.05	0.0
Root; d__Bacteria; p__Pseudomonadota; c__Gammaproteobacteria; o__Burkholderiales; f__Burkholderiaceae_C	2.11	2.31	1.94	1.87	1.76	1.94	2.17	2.17	2.35	1.79	1.78	1.66	1.67	1.54	1.48	1.3	1.33	1.22	1.25	1.19	1.17	1.17	1.2	1.34	1.16	1.14	1.1	1.11	1.09	1.26	1.22	1.24	1.11	1.11	1.27	1.18	0.9	1.0	0.95	0.87	0.98	1.19	1.01	1.01	1.01	0.77	0.8	0.61	0.67	0.71	0.65	0.78	0.83	0.78	1.07	1.12	1.01	1.12	1.1	1.07	1.15	1.14	1.16	1.02	0.91	1.01	0.97	0.97	0.92	0.88	0.94	0.87
Root; d__Bacteria; p__Pseudomonadota; c__Gammaproteobacteria; o__Burkholderiales; f__SG8-39	0.4	0.42	0.33	0.44	0.46	0.36	0.34	0.4	0.4	0.52	0.57	0.55	0.58	0.51	0.38	0.62	0.69	0.82	0.7	0.73	0.83	0.69	0.66	0.58	0.66	0.75	0.55	0.79	0.72	0.66	0.75	0.72	0.76	0.79	0.74	0.77	0.83	0.89	0.73	0.86	0.81	0.88	0.89	0.78	0.87	1.0	1.02	0.76	0.96	0.99	0.82	0.99	1.1	1.37	0.92	0.85	0.74	0.83	0.82	0.91	0.84	0.86	0.85	0.91	0.88	0.74	0.98	0.97	0.75	0.92	0.97	0.95
Root; d__Bacteria; p__Pseudomonadota; c__Gammaproteobacteria; o__Burkholderiales; f__Burkholderiaceae_E	0.05	0.04	0.05	0.07	0.1	0.14	0.06	0.05	0.06	0.04	0.06	0.0	0.06	0.04	0.0	0.03	0.06	0.0	0.03	0.05	0.0	0.03	0.03	0.0	0.04	0.03	0.0	0.03	0.02	0.0	0.04	0.05	0.0	0.04	0.03	0.0	0.0	0.02	0.0	0.0	0.02	0.0	0.02	0.01	0.0	0.0	0.0	0.0	0.0	0.0	0.0	0.03	0.01	0.0	0.0	0.03	0.0	0.02	0.03	0.0	0.02	0.03	0.0	0.02	0.03	0.0	0.03	0.02	0.0	0.01	0.01	0.0
Root; d__Bacteria; p__Pseudomonadota; c__Gammaproteobacteria; o__Burkholderiales; f__Burkholderiaceae_D	1.33	1.31	1.11	0.6	0.55	0.59	1.16	1.12	1.17	0.2	0.24	0.2	0.19	0.12	0.12	0.26	0.24	0.17	0.16	0.18	0.11	0.19	0.16	0.07	0.19	0.12	0.13	0.14	0.14	0.07	0.15	0.13	0.1	0.13	0.13	0.08	0.42	0.47	0.49	0.44	0.53	0.44	0.51	0.48	0.54	0.17	0.16	0.12	0.14	0.16	0.04	0.14	0.12	0.13	0.38	0.35	0.33	0.41	0.41	0.33	0.4	0.43	0.44	0.15	0.13	0.12	0.12	0.12	0.08	0.14	0.13	0.07
Root; d__Bacteria; p__Pseudomonadota; c__Gammaproteobacteria; o__Burkholderiales; f__Nitrosomonadaceae	0.17	0.2	0.1	0.22	0.17	0.16	0.15	0.16	0.15	0.21	0.17	0.18	0.11	0.13	0.0	0.13	0.18	0.11	0.04	0.03	0.0	0.0	0.02	0.0	0.04	0.04	0.0	0.04	0.04	0.0	0.04	0.04	0.0	0.03	0.02	0.0	0.06	0.05	0.0	0.04	0.06	0.0	0.03	0.05	0.04	0.08	0.06	0.0	0.04	0.06	0.0	0.05	0.06	0.0	0.03	0.04	0.0	0.04	0.03	0.03	0.04	0.04	0.04	0.02	0.02	0.0	0.02	0.01	0.0	0.03	0.03	0.0
Root; d__Bacteria; p__Pseudomonadota; c__Gammaproteobacteria; o__Burkholderiales; f__Usitatibacteraceae	0.17	0.16	0.13	0.2	0.19	0.18	0.19	0.23	0.11	0.19	0.19	0.11	0.16	0.18	0.13	0.13	0.17	0.19	0.27	0.3	0.22	0.35	0.37	0.27	0.27	0.35	0.24	0.31	0.33	0.16	0.27	0.3	0.33	0.25	0.3	0.32	0.27	0.23	0.26	0.26	0.24	0.22	0.23	0.23	0.19	0.19	0.19	0.18	0.23	0.23	0.15	0.19	0.18	0.16	0.29	0.29	0.27	0.3	0.26	0.24	0.33	0.27	0.31	0.23	0.26	0.28	0.3	0.25	0.25	0.27	0.22	0.25
Root; d__Bacteria; p__Pseudomonadota; c__Gammaproteobacteria; o__Burkholderiales; f__Casimicrobiaceae	0.35	0.37	0.28	0.36	0.42	0.19	0.38	0.35	0.35	0.35	0.38	0.33	0.4	0.41	0.34	0.4	0.39	0.5	0.37	0.39	0.5	0.39	0.43	0.43	0.41	0.39	0.38	0.4	0.37	0.46	0.37	0.36	0.35	0.37	0.38	0.43	0.38	0.43	0.4	0.45	0.4	0.35	0.44	0.46	0.42	0.42	0.44	0.4	0.35	0.44	0.34	0.41	0.38	0.27	0.46	0.47	0.41	0.5	0.49	0.45	0.49	0.45	0.44	0.41	0.43	0.45	0.44	0.39	0.31	0.46	0.44	0.31
Root; d__Bacteria; p__Pseudomonadota; c__Gammaproteobacteria; o__Burkholderiales; f__SG8-41	0.15	0.11	0.08	0.14	0.18	0.05	0.12	0.12	0.1	0.13	0.15	0.15	0.17	0.2	0.14	0.23	0.18	0.14	0.3	0.16	0.16	0.22	0.22	0.2	0.21	0.23	0.2	0.26	0.27	0.25	0.21	0.26	0.26	0.24	0.23	0.31	0.2	0.21	0.14	0.17	0.22	0.18	0.18	0.19	0.15	0.22	0.27	0.24	0.18	0.19	0.2	0.24	0.22	0.23	0.19	0.26	0.15	0.24	0.27	0.24	0.23	0.26	0.25	0.21	0.24	0.22	0.29	0.22	0.16	0.27	0.21	0.18
Root; d__Bacteria; p__Pseudomonadota; c__Gammaproteobacteria; o__Burkholderiales; f__Methylophilaceae	0.03	0.03	0.0	0.02	0.02	0.0	0.07	0.1	0.05	0.0	0.0	0.0	0.0	0.0	0.0	0.0	0.0	0.0	0.0	0.0	0.0	0.0	0.0	0.0	0.0	0.0	0.0	0.0	0.0	0.0	0.0	0.0	0.0	0.0	0.0	0.0	0.0	0.02	0.0	0.0	0.0	0.0	0.0	0.02	0.0	0.0	0.03	0.0	0.0	0.02	0.0	0.0	0.0	0.0	0.0	0.0	0.0	0.0	0.01	0.0	0.0	0.01	0.0	0.0	0.0	0.0	0.0	0.0	0.0	0.0	0.0	0.0
Root; d__Bacteria; p__Pseudomonadota; c__Gammaproteobacteria; o__Burkholderiales; f__Burkholderiaceae_B	0.08	0.08	0.0	0.08	0.05	0.07	0.07	0.07	0.0	0.0	0.01	0.0	0.0	0.0	0.0	0.02	0.0	0.0	0.0	0.0	0.0	0.0	0.0	0.0	0.0	0.0	0.0	0.0	0.0	0.0	0.0	0.0	0.0	0.0	0.0	0.0	0.0	0.0	0.0	0.0	0.0	0.0	0.0	0.0	0.0	0.0	0.0	0.0	0.0	0.0	0.0	0.0	0.0	0.0	0.0	0.0	0.0	0.01	0.0	0.0	0.01	0.0	0.0	0.02	0.02	0.0	0.0	0.0	0.0	0.0	0.0	0.0
Root; d__Bacteria; p__Pseudomonadota; c__Gammaproteobacteria; o__Burkholderiales; f__Burkholderiaceae	0.04	0.04	0.0	0.01	0.02	0.0	0.01	0.02	0.0	0.03	0.02	0.0	0.03	0.02	0.0	0.0	0.03	0.0	0.0	0.0	0.0	0.02	0.0	0.0	0.0	0.0	0.0	0.0	0.0	0.0	0.0	0.02	0.0	0.02	0.02	0.0	0.02	0.0	0.0	0.02	0.02	0.0	0.03	0.02	0.0	0.0	0.02	0.0	0.03	0.02	0.0	0.02	0.01	0.0	0.0	0.0	0.0	0.02	0.02	0.0	0.02	0.02	0.02	0.02	0.0	0.0	0.02	0.01	0.0	0.04	0.0	0.0
Root; d__Bacteria; p__Pseudomonadota; c__Gammaproteobacteria; o__Burkholderiales; f__JACQAP01	0.1	0.06	0.0	0.11	0.08	0.08	0.05	0.07	0.0	0.08	0.08	0.05	0.04	0.06	0.0	0.06	0.08	0.05	0.09	0.06	0.09	0.11	0.11	0.13	0.1	0.09	0.05	0.11	0.12	0.09	0.09	0.13	0.07	0.13	0.11	0.06	0.05	0.05	0.0	0.06	0.06	0.0	0.05	0.05	0.0	0.08	0.05	0.0	0.06	0.05	0.05	0.06	0.04	0.0	0.06	0.05	0.0	0.06	0.06	0.05	0.05	0.06	0.06	0.04	0.05	0.0	0.04	0.04	0.05	0.05	0.05	0.0
Root; d__Bacteria; p__Pseudomonadota; c__Gammaproteobacteria; o__Burkholderiales; f__SHXO01	0.02	0.02	0.0	0.0	0.02	0.0	0.0	0.03	0.0	0.02	0.03	0.0	0.0	0.0	0.0	0.02	0.03	0.0	0.0	0.02	0.0	0.0	0.0	0.0	0.0	0.02	0.0	0.02	0.04	0.0	0.0	0.02	0.0	0.02	0.02	0.0	0.03	0.02	0.0	0.0	0.02	0.0	0.01	0.02	0.0	0.04	0.0	0.0	0.03	0.02	0.0	0.02	0.01	0.0	0.04	0.03	0.0	0.05	0.04	0.04	0.06	0.05	0.04	0.04	0.02	0.0	0.04	0.06	0.0	0.05	0.05	0.0
Root; d__Bacteria; p__Pseudomonadota; c__Gammaproteobacteria; o__Pseudomonadales; f__Pseudomonadaceae	0.73	0.77	0.85	0.33	0.35	0.28	0.66	0.62	0.59	0.07	0.06	0.06	0.0	0.0	0.0	0.02	0.03	0.0	0.02	0.0	0.0	0.02	0.0	0.0	0.0	0.0	0.0	0.0	0.0	0.0	0.0	0.02	0.0	0.0	0.0	0.0	0.0	0.0	0.0	0.0	0.0	0.0	0.0	0.0	0.0	0.0	0.0	0.0	0.0	0.0	0.0	0.0	0.0	0.0	0.0	0.0	0.0	0.0	0.0	0.0	0.0	0.0	0.0	0.09	0.09	0.0	0.0	0.0	0.0	0.0	0.0	0.0
Root; d__Bacteria; p__Pseudomonadota; c__Gammaproteobacteria; o__Pseudomonadales; f__Moraxellaceae	0.39	0.36	0.48	0.14	0.15	0.06	0.35	0.4	0.34	0.02	0.03	0.0	0.0	0.0	0.0	0.0	0.0	0.0	0.0	0.0	0.0	0.0	0.0	0.0	0.0	0.0	0.0	0.0	0.0	0.0	0.0	0.0	0.0	0.0	0.0	0.0	0.0	0.0	0.0	0.0	0.0	0.0	0.0	0.0	0.0	0.0	0.0	0.0	0.0	0.0	0.0	0.0	0.0	0.0	0.0	0.0	0.0	0.0	0.0	0.0	0.0	0.0	0.0	0.0	0.0	0.0	0.0	0.0	0.0	0.0	0.0	0.0
Root; d__Bacteria; p__Pseudomonadota; c__Gammaproteobacteria; o__Pseudomonadales; f__Cellvibrionaceae	0.1	0.07	0.1	0.0	0.0	0.0	0.56	0.51	0.57	0.0	0.0	0.0	0.0	0.0	0.0	0.0	0.0	0.0	0.0	0.0	0.0	0.0	0.0	0.0	0.0	0.0	0.0	0.0	0.0	0.0	0.0	0.0	0.0	0.0	0.0	0.0	0.0	0.0	0.0	0.0	0.0	0.0	0.0	0.0	0.0	0.0	0.0	0.0	0.0	0.0	0.0	0.0	0.0	0.0	0.0	0.0	0.0	0.01	0.0	0.0	0.0	0.0	0.0	0.0	0.0	0.0	0.0	0.0	0.0	0.0	0.0	0.0
Root; d__Bacteria; p__Pseudomonadota; c__Gammaproteobacteria; o__Pseudomonadales; f__CAMLJR01	0.02	0.0	0.0	0.0	0.0	0.0	0.0	0.0	0.0	0.0	0.0	0.0	0.0	0.0	0.0	0.0	0.0	0.0	0.0	0.0	0.0	0.0	0.0	0.0	0.0	0.0	0.0	0.0	0.0	0.0	0.0	0.0	0.0	0.0	0.0	0.0	0.0	0.0	0.0	0.0	0.0	0.0	0.0	0.0	0.0	0.0	0.0	0.0	0.0	0.0	0.0	0.0	0.0	0.0	0.0	0.0	0.0	0.0	0.0	0.0	0.0	0.0	0.0	0.0	0.0	0.0	0.0	0.0	0.0	0.0	0.0	0.0
Root; d__Bacteria; p__Pseudomonadota; c__Gammaproteobacteria; o__Steroidobacterales; f__Steroidobacteraceae	1.38	1.39	1.45	1.79	1.69	1.71	1.57	1.46	1.34	1.26	1.21	1.25	1.19	1.38	1.1	1.16	1.15	1.31	1.19	1.18	1.06	1.16	1.12	1.06	1.18	1.29	1.24	1.14	1.21	1.05	1.18	1.23	1.15	1.25	1.28	1.22	0.76	0.81	0.75	0.77	0.87	0.83	0.78	0.73	0.86	1.04	1.11	1.02	1.07	1.02	0.93	1.05	1.08	1.26	0.9	0.89	0.73	0.73	0.79	0.79	0.83	0.81	0.9	0.97	0.95	1.03	0.84	0.9	0.89	0.8	0.94	0.89
Root; d__Bacteria; p__Pseudomonadota; c__Gammaproteobacteria; o__Steroidobacterales; f__Rariloculaceae	0.13	0.1	0.08	0.15	0.17	0.12	0.13	0.08	0.14	0.11	0.14	0.08	0.09	0.11	0.08	0.09	0.13	0.07	0.14	0.13	0.08	0.12	0.11	0.12	0.15	0.13	0.05	0.12	0.16	0.05	0.12	0.19	0.14	0.12	0.12	0.14	0.08	0.06	0.0	0.05	0.07	0.07	0.1	0.08	0.04	0.12	0.11	0.11	0.16	0.13	0.09	0.13	0.13	0.07	0.02	0.05	0.0	0.04	0.04	0.0	0.05	0.04	0.04	0.04	0.04	0.04	0.02	0.03	0.05	0.04	0.05	0.0
Root; d__Bacteria; p__Pseudomonadota; c__Gammaproteobacteria; o__Xanthomonadales; f__Rhodanobacteraceae	0.14	0.13	0.07	0.16	0.12	0.15	0.12	0.13	0.07	0.09	0.12	0.0	0.09	0.1	0.07	0.14	0.13	0.13	0.13	0.1	0.07	0.13	0.15	0.12	0.13	0.11	0.09	0.13	0.1	0.11	0.11	0.14	0.1	0.11	0.19	0.1	0.05	0.07	0.0	0.11	0.11	0.05	0.06	0.06	0.0	0.08	0.09	0.0	0.08	0.08	0.0	0.1	0.09	0.12	0.03	0.02	0.0	0.05	0.06	0.03	0.05	0.05	0.07	0.05	0.06	0.05	0.03	0.05	0.04	0.03	0.06	0.0
Root; d__Bacteria; p__Pseudomonadota; c__Gammaproteobacteria; o__Xanthomonadales; f__Xanthomonadaceae	0.51	0.51	0.48	0.51	0.52	0.45	0.48	0.53	0.45	0.44	0.4	0.43	0.38	0.39	0.34	0.35	0.32	0.37	0.29	0.28	0.17	0.29	0.34	0.24	0.31	0.32	0.2	0.3	0.29	0.21	0.29	0.33	0.29	0.24	0.34	0.18	0.22	0.2	0.19	0.26	0.23	0.23	0.21	0.27	0.17	0.16	0.16	0.11	0.11	0.19	0.15	0.21	0.18	0.18	0.25	0.23	0.27	0.2	0.25	0.14	0.18	0.19	0.21	0.17	0.16	0.09	0.15	0.13	0.15	0.12	0.17	0.08
Root; d__Bacteria; p__Pseudomonadota; c__Gammaproteobacteria; o__Legionellales; f__Legionellaceae	0.03	0.0	0.0	0.0	0.0	0.0	0.0	0.02	0.0	0.0	0.02	0.0	0.0	0.0	0.0	0.02	0.02	0.0	0.02	0.05	0.0	0.05	0.05	0.05	0.04	0.05	0.0	0.03	0.03	0.05	0.06	0.04	0.0	0.04	0.06	0.06	0.02	0.02	0.0	0.02	0.02	0.0	0.01	0.02	0.0	0.03	0.03	0.0	0.03	0.0	0.0	0.03	0.0	0.0	0.02	0.02	0.0	0.03	0.03	0.0	0.03	0.02	0.05	0.02	0.03	0.0	0.0	0.02	0.0	0.03	0.03	0.0
Root; d__Bacteria; p__Pseudomonadota; c__Gammaproteobacteria; o__Diplorickettsiales; f__Diplorickettsiaceae	0.04	0.03	0.0	0.0	0.0	0.0	0.01	0.02	0.0	0.02	0.0	0.0	0.0	0.0	0.0	0.0	0.0	0.0	0.0	0.0	0.0	0.0	0.0	0.0	0.0	0.0	0.0	0.0	0.0	0.0	0.0	0.0	0.0	0.0	0.0	0.0	0.0	0.0	0.0	0.0	0.0	0.0	0.0	0.0	0.0	0.0	0.0	0.0	0.0	0.0	0.0	0.0	0.0	0.0	0.0	0.0	0.0	0.0	0.0	0.0	0.0	0.0	0.0	0.0	0.0	0.0	0.0	0.0	0.0	0.0	0.0	0.0
Root; d__Bacteria; p__Bacillota; c__Bacilli; o__Bacillales; f__DSM-1321	0.21	0.17	0.23	0.18	0.15	0.12	0.19	0.21	0.17	0.06	0.05	0.0	0.02	0.05	0.0	0.05	0.05	0.09	0.04	0.04	0.0	0.06	0.04	0.06	0.06	0.05	0.05	0.06	0.07	0.05	0.05	0.04	0.05	0.07	0.04	0.0	0.03	0.02	0.0	0.02	0.02	0.0	0.02	0.01	0.0	0.04	0.0	0.0	0.02	0.05	0.0	0.04	0.04	0.0	0.0	0.02	0.0	0.02	0.02	0.0	0.01	0.01	0.01	0.0	0.0	0.0	0.02	0.0	0.0	0.01	0.0	0.0
Root; d__Bacteria; p__Bacillota; c__Bacilli; o__Bacillales; f__Cytobacillaceae	1.92	1.78	1.62	1.52	1.7	1.65	1.77	1.72	1.64	0.42	0.41	0.43	0.43	0.41	0.36	0.53	0.58	0.6	0.22	0.26	0.32	0.3	0.31	0.2	0.29	0.32	0.2	0.32	0.31	0.26	0.27	0.33	0.28	0.3	0.32	0.27	0.23	0.2	0.17	0.27	0.25	0.31	0.24	0.2	0.25	0.18	0.17	0.25	0.25	0.19	0.17	0.19	0.25	0.25	0.09	0.16	0.08	0.13	0.16	0.12	0.13	0.14	0.11	0.12	0.14	0.1	0.08	0.11	0.15	0.11	0.12	0.1
Root; d__Bacteria; p__Bacillota; c__Bacilli; o__Bacillales; f__Amphibacillaceae	0.05	0.03	0.0	0.06	0.1	0.0	0.05	0.05	0.0	0.02	0.03	0.0	0.04	0.03	0.0	0.06	0.07	0.05	0.0	0.0	0.0	0.0	0.0	0.0	0.0	0.0	0.0	0.0	0.0	0.0	0.0	0.0	0.0	0.0	0.0	0.0	0.02	0.02	0.0	0.03	0.05	0.0	0.03	0.02	0.0	0.0	0.03	0.0	0.02	0.03	0.0	0.04	0.04	0.0	0.0	0.0	0.0	0.01	0.01	0.0	0.01	0.02	0.0	0.0	0.0	0.0	0.02	0.0	0.0	0.02	0.0	0.0
Root; d__Bacteria; p__Bacillota; c__Bacilli; o__Paenibacillales; f__NBRC-103111	0.04	0.06	0.0	0.05	0.03	0.0	0.04	0.04	0.0	0.04	0.04	0.0	0.0	0.03	0.0	0.05	0.05	0.0	0.0	0.03	0.0	0.0	0.02	0.0	0.0	0.0	0.0	0.0	0.0	0.0	0.02	0.02	0.0	0.0	0.0	0.0	0.05	0.05	0.0	0.04	0.04	0.0	0.05	0.04	0.0	0.04	0.04	0.06	0.04	0.03	0.0	0.03	0.04	0.0	0.02	0.0	0.0	0.03	0.04	0.0	0.03	0.03	0.02	0.01	0.03	0.0	0.03	0.02	0.0	0.02	0.02	0.0
Root; d__Bacteria; p__Bacillota; c__Bacilli; o__Paenibacillales; f__Paenibacillaceae	0.19	0.18	0.23	0.11	0.11	0.0	0.19	0.19	0.19	0.04	0.08	0.06	0.03	0.04	0.0	0.06	0.07	0.05	0.04	0.01	0.0	0.02	0.0	0.0	0.0	0.04	0.0	0.03	0.03	0.0	0.01	0.03	0.0	0.02	0.03	0.0	0.05	0.03	0.0	0.05	0.03	0.0	0.03	0.03	0.0	0.02	0.03	0.0	0.05	0.04	0.0	0.04	0.03	0.0	0.02	0.05	0.0	0.03	0.03	0.03	0.03	0.04	0.04	0.05	0.02	0.0	0.03	0.02	0.0	0.02	0.02	0.0
Root; d__Bacteria; p__Bacillota; c__Bacilli; o__Bacillales_A; f__Planococcaceae	0.54	0.44	0.71	0.54	0.57	0.41	0.53	0.57	0.72	0.45	0.45	0.34	0.35	0.4	0.53	0.46	0.47	0.4	0.29	0.3	0.2	0.31	0.29	0.2	0.3	0.29	0.28	0.37	0.28	0.36	0.32	0.26	0.31	0.34	0.3	0.29	0.07	0.09	0.07	0.13	0.13	0.07	0.11	0.11	0.06	0.08	0.12	0.06	0.11	0.11	0.05	0.06	0.08	0.09	0.04	0.05	0.0	0.06	0.06	0.04	0.06	0.06	0.08	0.06	0.05	0.04	0.06	0.06	0.0	0.06	0.04	0.05
Root; d__Bacteria; p__Bacillota; c__Clostridia; o__Clostridiales; f__Clostridiaceae	0.41	0.41	0.2	0.27	0.33	0.3	0.28	0.28	0.31	0.0	0.0	0.0	0.0	0.0	0.0	0.0	0.0	0.0	0.0	0.0	0.0	0.0	0.0	0.0	0.0	0.0	0.0	0.0	0.0	0.0	0.0	0.0	0.0	0.0	0.0	0.0	0.0	0.0	0.0	0.02	0.02	0.0	0.0	0.0	0.0	0.0	0.0	0.0	0.0	0.0	0.0	0.0	0.0	0.0	0.0	0.0	0.0	0.0	0.01	0.0	0.0	0.01	0.0	0.0	0.0	0.0	0.0	0.0	0.0	0.0	0.0	0.0
Root; d__Bacteria; p__Bacillota; c__Clostridia; o__Lachnospirales; f__Lachnospiraceae	0.03	0.03	0.0	0.0	0.04	0.0	0.0	0.02	0.0	0.0	0.0	0.0	0.0	0.0	0.0	0.02	0.02	0.0	0.0	0.0	0.0	0.0	0.0	0.0	0.0	0.0	0.0	0.0	0.0	0.0	0.0	0.0	0.0	0.0	0.0	0.0	0.0	0.02	0.0	0.03	0.02	0.0	0.02	0.02	0.0	0.0	0.0	0.0	0.03	0.02	0.0	0.03	0.0	0.0	0.0	0.0	0.0	0.01	0.01	0.02	0.01	0.01	0.0	0.0	0.0	0.0	0.0	0.0	0.0	0.0	0.0	0.0
Root; d__Bacteria; p__Bacillota; c__Clostridia; o__Lutisporales; f__Lutisporaceae	0.02	0.0	0.0	0.0	0.0	0.0	0.0	0.0	0.0	0.0	0.0	0.0	0.0	0.0	0.0	0.0	0.0	0.0	0.0	0.0	0.0	0.0	0.0	0.0	0.0	0.0	0.0	0.0	0.0	0.0	0.0	0.0	0.0	0.0	0.0	0.0	0.0	0.03	0.0	0.05	0.02	0.0	0.02	0.03	0.0	0.04	0.0	0.0	0.01	0.02	0.0	0.02	0.0	0.0	0.0	0.0	0.0	0.01	0.01	0.0	0.01	0.01	0.0	0.0	0.0	0.0	0.0	0.0	0.0	0.0	0.0	0.0
Root; d__Bacteria; p__Bacteroidota; c__Bacteroidia; o__Chitinophagales; f__Chitinophagaceae	0.85	0.96	0.96	1.01	0.85	0.96	1.0	1.1	0.84	0.84	0.83	0.85	0.82	0.83	0.83	0.93	0.92	1.04	0.94	0.99	0.94	0.92	0.99	0.82	0.99	0.98	0.99	0.99	1.02	1.05	1.07	1.09	1.26	1.09	0.97	0.97	0.77	0.88	0.69	0.86	0.8	0.85	0.85	0.81	0.68	0.8	0.7	0.62	0.86	0.66	0.74	0.85	0.84	1.0	0.98	0.98	1.0	0.99	0.97	1.21	0.99	0.99	0.94	0.92	0.94	1.1	0.93	0.85	1.01	0.93	0.94	1.07
Root; d__Bacteria; p__Bacteroidota; c__Bacteroidia; o__Cytophagales; f__Cyclobacteriaceae	0.24	0.27	0.15	0.26	0.33	0.16	0.28	0.34	0.23	0.28	0.23	0.18	0.24	0.21	0.16	0.16	0.28	0.19	0.17	0.18	0.12	0.18	0.23	0.11	0.16	0.26	0.16	0.2	0.24	0.25	0.21	0.23	0.21	0.21	0.19	0.18	0.1	0.07	0.04	0.06	0.09	0.0	0.1	0.08	0.07	0.15	0.16	0.08	0.12	0.12	0.08	0.09	0.15	0.15	0.09	0.07	0.06	0.07	0.1	0.08	0.11	0.1	0.09	0.11	0.16	0.11	0.12	0.13	0.07	0.12	0.09	0.07
Root; d__Bacteria; p__Bacteroidota; c__Bacteroidia; o__Cytophagales; f__Hymenobacteraceae	0.07	0.08	0.0	0.05	0.05	0.0	0.06	0.09	0.07	0.02	0.02	0.0	0.0	0.0	0.0	0.03	0.02	0.0	0.0	0.0	0.0	0.0	0.0	0.0	0.0	0.0	0.0	0.0	0.0	0.0	0.0	0.02	0.0	0.0	0.0	0.0	0.03	0.01	0.0	0.02	0.03	0.0	0.02	0.02	0.0	0.0	0.0	0.0	0.0	0.0	0.0	0.0	0.0	0.0	0.02	0.0	0.0	0.02	0.02	0.0	0.02	0.02	0.0	0.0	0.0	0.0	0.02	0.0	0.0	0.0	0.02	0.0
Root; d__Bacteria; p__Bacteroidota; c__Bacteroidia; o__Cytophagales; f__Spirosomataceae	0.11	0.13	0.11	0.04	0.04	0.0	0.16	0.15	0.14	0.0	0.0	0.0	0.0	0.0	0.0	0.02	0.0	0.0	0.0	0.0	0.0	0.0	0.0	0.0	0.0	0.0	0.0	0.0	0.0	0.0	0.0	0.02	0.0	0.0	0.02	0.0	0.0	0.0	0.0	0.0	0.0	0.0	0.0	0.0	0.0	0.0	0.0	0.0	0.0	0.0	0.0	0.0	0.0	0.0	0.0	0.0	0.0	0.01	0.0	0.0	0.01	0.0	0.0	0.0	0.0	0.0	0.0	0.0	0.0	0.0	0.0	0.0
Root; d__Bacteria; p__Bacteroidota; c__Bacteroidia; o__Flavobacteriales; f__Flavobacteriaceae	0.06	0.05	0.0	0.02	0.02	0.0	0.05	0.1	0.05	0.04	0.04	0.0	0.06	0.03	0.0	0.03	0.02	0.0	0.0	0.02	0.0	0.02	0.0	0.0	0.02	0.02	0.0	0.02	0.0	0.0	0.03	0.03	0.0	0.02	0.02	0.0	0.01	0.0	0.0	0.02	0.0	0.0	0.02	0.03	0.0	0.0	0.0	0.0	0.0	0.0	0.0	0.02	0.0	0.0	0.0	0.0	0.0	0.01	0.0	0.0	0.01	0.01	0.0	0.0	0.02	0.0	0.0	0.0	0.0	0.0	0.0	0.0
Root; d__Bacteria; p__Bacteroidota; c__Bacteroidia; o__Sphingobacteriales; f__Sphingobacteriaceae	0.2	0.23	0.12	0.13	0.11	0.15	0.3	0.29	0.28	0.07	0.09	0.05	0.04	0.04	0.0	0.05	0.09	0.0	0.09	0.08	0.05	0.13	0.14	0.13	0.12	0.06	0.05	0.09	0.08	0.11	0.15	0.12	0.1	0.12	0.14	0.15	0.02	0.0	0.0	0.0	0.02	0.0	0.02	0.0	0.0	0.06	0.03	0.0	0.04	0.04	0.0	0.04	0.05	0.05	0.02	0.02	0.0	0.01	0.03	0.02	0.02	0.02	0.02	0.03	0.01	0.0	0.03	0.03	0.0	0.01	0.03	0.0
Root; d__Bacteria; p__Myxococcota; c__Myxococcia; o__Myxococcales; f__40CM-4-68-19	0.05	0.07	0.0	0.03	0.05	0.08	0.07	0.05	0.06	0.09	0.09	0.0	0.1	0.06	0.09	0.17	0.16	0.09	0.2	0.21	0.25	0.19	0.21	0.18	0.2	0.2	0.2	0.16	0.14	0.17	0.25	0.21	0.17	0.16	0.15	0.11	0.35	0.27	0.22	0.34	0.33	0.24	0.31	0.31	0.29	0.36	0.38	0.26	0.32	0.23	0.3	0.29	0.29	0.28	0.38	0.33	0.35	0.35	0.39	0.33	0.33	0.33	0.36	0.3	0.31	0.32	0.35	0.4	0.39	0.4	0.39	0.27
Root; d__Bacteria; p__Myxococcota; c__Myxococcia; o__Myxococcales; f__Myxococcaceae	0.36	0.38	0.29	0.38	0.47	0.32	0.37	0.31	0.32	0.42	0.35	0.36	0.31	0.36	0.21	0.33	0.34	0.38	0.35	0.26	0.29	0.33	0.35	0.34	0.27	0.31	0.24	0.31	0.34	0.36	0.26	0.3	0.22	0.36	0.31	0.22	0.22	0.21	0.19	0.18	0.24	0.25	0.18	0.24	0.15	0.25	0.22	0.3	0.26	0.24	0.2	0.27	0.27	0.17	0.22	0.24	0.3	0.32	0.28	0.32	0.32	0.33	0.34	0.33	0.35	0.27	0.28	0.36	0.27	0.29	0.34	0.22
Root; d__Bacteria; p__Myxococcota; c__Myxococcia; o__Myxococcales; f__Anaeromyxobacteraceae	0.03	0.02	0.0	0.0	0.0	0.0	0.03	0.02	0.0	0.0	0.02	0.0	0.04	0.03	0.0	0.05	0.06	0.0	0.05	0.04	0.04	0.02	0.03	0.0	0.04	0.05	0.0	0.0	0.03	0.05	0.06	0.05	0.0	0.03	0.04	0.0	0.11	0.12	0.08	0.1	0.12	0.09	0.11	0.11	0.1	0.05	0.1	0.0	0.08	0.1	0.06	0.07	0.08	0.0	0.13	0.11	0.09	0.11	0.13	0.11	0.13	0.14	0.15	0.06	0.03	0.04	0.1	0.08	0.07	0.08	0.08	0.05
Root; d__Bacteria; p__Myxococcota; c__Myxococcia; o__Myxococcales; f__Vulgatibacteraceae	0.02	0.0	0.0	0.0	0.03	0.0	0.0	0.0	0.0	0.0	0.0	0.0	0.0	0.0	0.0	0.02	0.02	0.0	0.0	0.02	0.0	0.0	0.02	0.0	0.0	0.02	0.0	0.0	0.0	0.0	0.0	0.0	0.0	0.0	0.0	0.0	0.0	0.0	0.0	0.0	0.0	0.0	0.0	0.0	0.0	0.0	0.0	0.0	0.0	0.0	0.0	0.0	0.0	0.0	0.0	0.0	0.0	0.0	0.0	0.0	0.0	0.0	0.0	0.0	0.0	0.0	0.0	0.0	0.0	0.0	0.0	0.0
Root; d__Bacteria; p__Myxococcota; c__UBA727; o__UBA727; f__VGSZ01	0.02	0.0	0.0	0.0	0.03	0.0	0.0	0.02	0.0	0.0	0.0	0.0	0.0	0.0	0.0	0.0	0.02	0.0	0.02	0.04	0.0	0.02	0.02	0.0	0.03	0.02	0.0	0.03	0.03	0.0	0.02	0.0	0.0	0.03	0.0	0.0	0.02	0.0	0.0	0.02	0.0	0.0	0.0	0.03	0.0	0.03	0.02	0.0	0.02	0.0	0.0	0.04	0.02	0.0	0.02	0.05	0.0	0.02	0.02	0.0	0.02	0.03	0.03	0.02	0.03	0.0	0.03	0.04	0.0	0.04	0.03	0.0
Root; d__Bacteria; p__Planctomycetota; c__Planctomycetia; o__Pirellulales; f__PALSA-1355	0.08	0.05	0.05	0.04	0.06	0.0	0.07	0.04	0.0	0.05	0.05	0.0	0.03	0.03	0.0	0.07	0.04	0.0	0.04	0.03	0.0	0.05	0.04	0.0	0.04	0.04	0.0	0.04	0.05	0.0	0.04	0.03	0.0	0.04	0.04	0.0	0.06	0.05	0.09	0.08	0.04	0.0	0.06	0.08	0.05	0.08	0.07	0.07	0.06	0.08	0.0	0.05	0.07	0.05	0.04	0.05	0.0	0.06	0.07	0.06	0.06	0.07	0.06	0.04	0.04	0.0	0.05	0.05	0.0	0.04	0.05	0.0
Root; d__Bacteria; p__Planctomycetota; c__Planctomycetia; o__Pirellulales; f__Lacipirellulaceae	0.27	0.25	0.32	0.4	0.33	0.21	0.28	0.3	0.31	0.28	0.25	0.31	0.24	0.33	0.23	0.34	0.29	0.28	0.22	0.24	0.16	0.23	0.22	0.14	0.26	0.21	0.13	0.23	0.2	0.12	0.21	0.22	0.13	0.2	0.23	0.14	0.36	0.35	0.25	0.35	0.33	0.36	0.32	0.36	0.34	0.38	0.35	0.32	0.38	0.33	0.31	0.36	0.35	0.32	0.25	0.26	0.24	0.27	0.26	0.25	0.28	0.26	0.28	0.23	0.23	0.16	0.28	0.26	0.25	0.2	0.24	0.31
Root; d__Bacteria; p__Planctomycetota; c__Planctomycetia; o__Pirellulales; f__Pirellulaceae	0.26	0.25	0.19	0.23	0.25	0.24	0.27	0.19	0.19	0.24	0.26	0.21	0.27	0.22	0.11	0.29	0.29	0.3	0.25	0.26	0.27	0.25	0.26	0.25	0.24	0.27	0.25	0.23	0.19	0.18	0.25	0.24	0.23	0.29	0.23	0.24	0.31	0.36	0.3	0.32	0.3	0.28	0.29	0.3	0.22	0.38	0.34	0.36	0.32	0.3	0.29	0.41	0.33	0.28	0.24	0.23	0.28	0.25	0.25	0.24	0.25	0.25	0.25	0.23	0.23	0.24	0.24	0.26	0.33	0.23	0.22	0.24
Root; d__Bacteria; p__Planctomycetota; c__Planctomycetia; o__Isosphaerales; f__Isosphaeraceae	0.78	0.77	0.78	0.87	0.87	0.81	0.84	0.7	0.73	0.74	0.66	0.68	0.71	0.65	0.55	0.91	0.81	0.81	0.55	0.57	0.68	0.6	0.58	0.45	0.6	0.56	0.5	0.59	0.59	0.64	0.59	0.54	0.5	0.55	0.56	0.6	1.16	1.03	1.2	1.05	1.12	0.85	1.03	1.1	1.13	1.03	1.04	1.2	1.05	0.94	1.07	1.02	1.0	0.89	0.85	0.91	0.82	0.9	0.88	0.78	0.93	0.87	0.88	0.94	0.97	0.93	0.84	0.82	0.85	0.97	0.88	0.83
Root; d__Bacteria; p__Planctomycetota; c__Planctomycetia; o__Gemmatales; f__Gemmataceae	1.29	1.4	1.1	1.26	1.3	1.57	1.15	1.15	1.12	1.24	1.28	1.14	1.25	1.34	1.03	1.26	1.23	1.24	1.43	1.32	1.35	1.35	1.46	1.23	1.21	1.29	1.47	1.42	1.39	1.4	1.4	1.44	1.45	1.4	1.26	1.37	1.16	1.07	0.95	0.99	1.05	1.06	1.07	1.07	0.93	1.11	1.12	0.94	1.2	1.17	1.14	1.08	1.15	1.07	1.24	1.29	1.22	1.32	1.26	1.1	1.24	1.29	1.25	1.3	1.39	1.45	1.2	1.31	1.36	1.39	1.46	1.44
Root; d__Bacteria; p__Planctomycetota; c__Planctomycetia; o__Gemmatales; f__HRBIN36	0.03	0.02	0.0	0.02	0.03	0.0	0.03	0.0	0.0	0.0	0.0	0.0	0.0	0.0	0.0	0.03	0.0	0.0	0.04	0.02	0.0	0.03	0.02	0.0	0.0	0.02	0.0	0.0	0.0	0.0	0.03	0.03	0.0	0.03	0.02	0.0	0.02	0.0	0.0	0.02	0.0	0.0	0.0	0.01	0.0	0.0	0.0	0.0	0.02	0.0	0.0	0.0	0.04	0.0	0.03	0.03	0.0	0.03	0.03	0.02	0.03	0.02	0.0	0.03	0.04	0.0	0.03	0.01	0.0	0.03	0.03	0.0
Root; d__Bacteria; p__Planctomycetota; c__Planctomycetia; o__Planctomycetales; f__Planctomycetaceae	0.13	0.17	0.1	0.18	0.15	0.2	0.11	0.15	0.13	0.14	0.13	0.17	0.09	0.12	0.07	0.16	0.17	0.07	0.16	0.13	0.14	0.1	0.1	0.1	0.13	0.14	0.13	0.1	0.14	0.1	0.1	0.13	0.1	0.12	0.12	0.13	0.1	0.13	0.05	0.12	0.09	0.05	0.06	0.07	0.14	0.11	0.1	0.15	0.13	0.12	0.16	0.13	0.15	0.15	0.09	0.12	0.09	0.1	0.1	0.12	0.11	0.11	0.12	0.09	0.12	0.1	0.09	0.13	0.08	0.12	0.12	0.09
Root; d__Bacteria; p__Planctomycetota; c__Phycisphaerae; o__Phycisphaerales; f__UBA1924	0.08	0.13	0.06	0.11	0.12	0.09	0.1	0.08	0.06	0.09	0.12	0.05	0.08	0.09	0.07	0.08	0.11	0.09	0.11	0.09	0.09	0.09	0.13	0.08	0.11	0.11	0.11	0.09	0.1	0.0	0.11	0.1	0.15	0.14	0.16	0.09	0.07	0.08	0.0	0.04	0.06	0.05	0.1	0.04	0.08	0.07	0.06	0.0	0.07	0.1	0.07	0.09	0.08	0.08	0.07	0.09	0.0	0.11	0.08	0.07	0.11	0.09	0.07	0.1	0.09	0.11	0.07	0.08	0.06	0.11	0.1	0.1
Root; d__Bacteria; p__Planctomycetota; c__Phycisphaerae; o__Tepidisphaerales; f__Tepidisphaeraceae	0.89	0.89	0.8	0.97	0.91	0.96	0.9	0.83	0.88	0.93	0.85	0.8	0.88	0.87	0.73	1.0	0.86	0.97	1.05	1.01	0.92	1.05	0.95	0.99	1.06	1.0	1.03	1.07	1.07	1.11	1.05	1.06	1.05	1.01	1.07	1.07	0.88	0.79	0.91	0.91	0.91	0.84	0.83	0.88	0.72	0.92	0.95	0.71	0.91	0.83	1.06	0.9	0.95	0.83	1.03	0.89	0.86	0.96	0.98	0.92	0.98	0.98	1.0	1.11	1.06	1.08	1.1	1.06	1.0	1.06	0.89	1.11
Root; d__Bacteria; p__Planctomycetota; c__Phycisphaerae; o__WQYP01; f__WQYP01	0.04	0.08	0.07	0.08	0.09	0.0	0.06	0.09	0.0	0.06	0.03	0.0	0.04	0.04	0.0	0.07	0.07	0.05	0.06	0.07	0.07	0.08	0.06	0.0	0.05	0.06	0.0	0.07	0.05	0.0	0.05	0.05	0.0	0.03	0.06	0.0	0.04	0.07	0.0	0.06	0.08	0.0	0.07	0.08	0.0	0.07	0.07	0.0	0.08	0.05	0.1	0.07	0.09	0.05	0.03	0.08	0.0	0.06	0.07	0.05	0.07	0.06	0.03	0.08	0.09	0.04	0.06	0.07	0.05	0.08	0.1	0.07
Root; d__Bacteria; p__Planctomycetota; c__UBA1135; o__UBA1135; f__GCA-002686595	0.02	0.0	0.0	0.02	0.02	0.0	0.02	0.02	0.0	0.03	0.03	0.0	0.03	0.04	0.0	0.02	0.02	0.0	0.02	0.02	0.0	0.0	0.0	0.0	0.02	0.02	0.0	0.02	0.0	0.0	0.02	0.03	0.0	0.03	0.02	0.0	0.02	0.02	0.0	0.0	0.03	0.0	0.0	0.02	0.0	0.02	0.02	0.0	0.02	0.02	0.0	0.02	0.02	0.0	0.03	0.03	0.05	0.03	0.05	0.0	0.04	0.04	0.02	0.03	0.06	0.04	0.03	0.04	0.0	0.04	0.02	0.0
Root; d__Bacteria; p__Planctomycetota; c__UBA11346; o__UBA11346; f__UBA11346	0.02	0.0	0.0	0.0	0.0	0.0	0.02	0.0	0.0	0.01	0.0	0.0	0.0	0.0	0.0	0.02	0.0	0.0	0.02	0.03	0.0	0.0	0.0	0.0	0.02	0.03	0.0	0.03	0.02	0.0	0.02	0.02	0.0	0.02	0.03	0.0	0.02	0.03	0.0	0.02	0.0	0.0	0.01	0.02	0.0	0.02	0.0	0.0	0.04	0.03	0.0	0.02	0.03	0.0	0.0	0.0	0.0	0.01	0.01	0.0	0.02	0.03	0.01	0.02	0.03	0.0	0.01	0.03	0.0	0.03	0.02	0.0
Root; d__Bacteria; p__Planctomycetota; c__MHYJ01; o__MHYJ01; f__JACPRB01	0.03	0.02	0.0	0.03	0.02	0.0	0.0	0.02	0.0	0.0	0.0	0.0	0.03	0.02	0.0	0.06	0.03	0.0	0.05	0.09	0.0	0.05	0.08	0.09	0.05	0.05	0.0	0.05	0.04	0.0	0.04	0.05	0.05	0.05	0.06	0.0	0.09	0.06	0.0	0.07	0.1	0.05	0.08	0.08	0.06	0.11	0.06	0.16	0.13	0.13	0.1	0.09	0.1	0.13	0.09	0.11	0.07	0.11	0.11	0.09	0.13	0.1	0.11	0.12	0.11	0.1	0.13	0.12	0.12	0.15	0.09	0.11
Root; d__Bacteria; p__Myxococcota_A; c__Polyangia; o__Polyangiales; f__Polyangiaceae	0.87	0.86	0.81	0.99	1.05	0.85	1.09	1.09	1.21	1.09	1.03	1.02	1.01	1.05	0.92	0.93	0.92	0.85	0.88	0.74	0.94	0.84	0.85	0.92	0.82	0.85	0.8	0.95	0.91	0.83	0.86	0.92	0.9	0.92	0.89	0.91	0.59	0.56	0.54	0.6	0.59	0.47	0.53	0.53	0.4	0.66	0.77	0.68	0.76	0.64	0.72	0.81	0.73	0.74	0.74	0.73	1.0	0.78	0.78	0.81	0.83	0.84	0.82	0.9	0.98	0.92	1.0	0.98	0.9	0.99	1.04	0.87
Root; d__Bacteria; p__Myxococcota_A; c__Polyangia; o__Polyangiales; f__JAFGIB01	0.06	0.07	0.0	0.07	0.08	0.0	0.06	0.1	0.0	0.07	0.05	0.05	0.11	0.1	0.0	0.1	0.1	0.1	0.11	0.09	0.07	0.11	0.14	0.09	0.12	0.1	0.05	0.08	0.1	0.05	0.1	0.1	0.1	0.11	0.16	0.09	0.04	0.05	0.04	0.06	0.05	0.0	0.06	0.05	0.0	0.06	0.06	0.1	0.08	0.1	0.08	0.07	0.09	0.0	0.06	0.06	0.07	0.04	0.05	0.02	0.06	0.06	0.02	0.06	0.08	0.06	0.09	0.05	0.0	0.1	0.05	0.05
Root; d__Bacteria; p__Myxococcota_A; c__Polyangia; o__Polyangiales; f__DASUME01	0.23	0.23	0.21	0.27	0.39	0.18	0.21	0.21	0.23	0.2	0.23	0.21	0.16	0.24	0.07	0.18	0.18	0.08	0.1	0.09	0.0	0.11	0.12	0.09	0.12	0.09	0.07	0.14	0.12	0.07	0.12	0.1	0.07	0.15	0.08	0.06	0.02	0.0	0.0	0.02	0.0	0.0	0.03	0.02	0.0	0.05	0.04	0.0	0.0	0.03	0.0	0.02	0.06	0.0	0.02	0.02	0.0	0.05	0.02	0.02	0.06	0.04	0.08	0.02	0.04	0.0	0.02	0.04	0.06	0.03	0.03	0.0
Root; d__Bacteria; p__Myxococcota_A; c__Polyangia; o__Polyangiales; f__JADJMO01	0.03	0.02	0.0	0.0	0.0	0.0	0.03	0.02	0.0	0.0	0.02	0.0	0.0	0.0	0.0	0.0	0.0	0.0	0.02	0.0	0.0	0.0	0.0	0.0	0.0	0.02	0.0	0.0	0.02	0.0	0.0	0.0	0.0	0.01	0.0	0.0	0.0	0.0	0.0	0.0	0.0	0.0	0.0	0.0	0.0	0.0	0.0	0.0	0.0	0.0	0.0	0.0	0.01	0.0	0.0	0.0	0.0	0.01	0.01	0.02	0.02	0.03	0.0	0.0	0.01	0.0	0.01	0.02	0.0	0.03	0.0	0.0
Root; d__Bacteria; p__Myxococcota_A; c__Polyangia; o__Polyangiales; f__Sandaracinaceae	0.02	0.03	0.0	0.02	0.02	0.0	0.03	0.03	0.0	0.02	0.03	0.0	0.03	0.0	0.0	0.02	0.03	0.0	0.04	0.0	0.0	0.02	0.02	0.0	0.0	0.02	0.0	0.0	0.04	0.0	0.0	0.0	0.0	0.02	0.02	0.0	0.0	0.0	0.0	0.0	0.0	0.0	0.0	0.02	0.0	0.0	0.02	0.0	0.0	0.0	0.0	0.0	0.0	0.0	0.0	0.0	0.0	0.01	0.02	0.0	0.02	0.01	0.02	0.02	0.02	0.0	0.01	0.0	0.0	0.01	0.0	0.0
Root; d__Bacteria; p__Myxococcota_A; c__Polyangia; o__Polyangiales; f__Ga0077539	0.02	0.0	0.0	0.04	0.0	0.0	0.02	0.02	0.0	0.02	0.02	0.0	0.0	0.03	0.0	0.0	0.02	0.0	0.0	0.02	0.0	0.0	0.0	0.0	0.03	0.0	0.0	0.02	0.02	0.0	0.0	0.03	0.0	0.0	0.02	0.0	0.0	0.0	0.0	0.0	0.0	0.0	0.0	0.0	0.0	0.0	0.0	0.0	0.0	0.0	0.0	0.0	0.0	0.0	0.05	0.03	0.0	0.01	0.01	0.0	0.02	0.02	0.0	0.02	0.0	0.0	0.03	0.01	0.0	0.02	0.02	0.0
Root; d__Bacteria; p__Myxococcota_A; c__Polyangia; o__Haliangiales; f__Haliangiaceae	0.46	0.53	0.51	0.48	0.59	0.66	0.49	0.49	0.44	0.46	0.49	0.36	0.49	0.42	0.36	0.71	0.57	0.49	0.52	0.58	0.44	0.65	0.63	0.4	0.49	0.55	0.46	0.51	0.52	0.49	0.56	0.55	0.53	0.6	0.6	0.55	0.5	0.59	0.54	0.5	0.61	0.57	0.57	0.6	0.61	0.79	0.77	0.66	0.79	0.8	0.8	0.66	0.76	0.71	0.57	0.57	0.52	0.61	0.58	0.54	0.6	0.61	0.63	0.62	0.61	0.49	0.62	0.65	0.48	0.62	0.59	0.54
Root; d__Bacteria; p__Myxococcota_A; c__Polyangia; o__Palsa-1104; f__Palsa-1104	0.05	0.06	0.0	0.06	0.05	0.0	0.04	0.07	0.0	0.04	0.07	0.07	0.04	0.06	0.0	0.08	0.06	0.05	0.04	0.05	0.05	0.05	0.1	0.09	0.05	0.08	0.08	0.04	0.08	0.06	0.05	0.09	0.0	0.08	0.08	0.0	0.04	0.03	0.0	0.03	0.03	0.0	0.04	0.06	0.0	0.03	0.03	0.0	0.04	0.03	0.0	0.04	0.03	0.0	0.03	0.02	0.0	0.04	0.04	0.02	0.05	0.04	0.04	0.06	0.03	0.07	0.04	0.03	0.0	0.03	0.03	0.06
Root; d__Bacteria; p__Myxococcota_A; c__Polyangia; o__Fen-1088; f__Fen-1088	0.37	0.43	0.39	0.56	0.53	0.52	0.51	0.46	0.43	0.37	0.46	0.41	0.4	0.44	0.54	0.49	0.42	0.44	0.73	0.8	0.75	0.71	0.72	0.72	0.69	0.7	0.8	0.87	0.77	0.63	0.74	0.74	0.85	0.85	0.81	0.92	0.34	0.36	0.27	0.29	0.31	0.35	0.33	0.34	0.33	0.4	0.46	0.29	0.36	0.4	0.32	0.4	0.41	0.46	0.34	0.35	0.3	0.36	0.35	0.33	0.37	0.36	0.41	0.42	0.4	0.38	0.49	0.44	0.3	0.48	0.45	0.47
Root; d__Bacteria; p__Myxococcota_A; c__Polyangia; o__Nannocystales; f__Nannocystaceae	0.05	0.03	0.0	0.05	0.04	0.06	0.04	0.07	0.05	0.06	0.06	0.06	0.05	0.04	0.0	0.06	0.05	0.0	0.0	0.0	0.0	0.0	0.0	0.0	0.0	0.03	0.0	0.02	0.0	0.0	0.0	0.0	0.0	0.02	0.0	0.0	0.02	0.03	0.0	0.0	0.02	0.0	0.01	0.03	0.0	0.03	0.04	0.0	0.03	0.03	0.0	0.03	0.02	0.0	0.02	0.03	0.0	0.04	0.03	0.03	0.04	0.04	0.03	0.04	0.03	0.0	0.05	0.04	0.0	0.04	0.02	0.0
Root; d__Bacteria; p__Myxococcota_A; c__UBA796; o__UBA796; f__GCA-2862545	0.03	0.0	0.0	0.03	0.02	0.0	0.02	0.03	0.0	0.03	0.05	0.0	0.0	0.04	0.0	0.04	0.05	0.0	0.03	0.0	0.0	0.02	0.02	0.0	0.03	0.03	0.0	0.02	0.02	0.0	0.02	0.02	0.0	0.0	0.02	0.0	0.02	0.05	0.0	0.0	0.02	0.0	0.02	0.0	0.0	0.03	0.0	0.0	0.02	0.02	0.0	0.03	0.04	0.0	0.05	0.02	0.0	0.03	0.03	0.0	0.02	0.03	0.03	0.02	0.02	0.04	0.05	0.02	0.0	0.03	0.03	0.0
Root; d__Bacteria; p__Verrucomicrobiota; c__Verrucomicrobiia; o__Limisphaerales; f__UBA8199	0.03	0.03	0.0	0.0	0.04	0.0	0.03	0.03	0.0	0.03	0.03	0.0	0.05	0.04	0.0	0.03	0.08	0.09	0.12	0.08	0.07	0.1	0.1	0.06	0.08	0.09	0.09	0.13	0.1	0.1	0.13	0.1	0.06	0.12	0.1	0.0	0.07	0.05	0.0	0.07	0.07	0.06	0.07	0.07	0.0	0.05	0.04	0.0	0.09	0.05	0.0	0.1	0.08	0.0	0.06	0.08	0.0	0.08	0.08	0.05	0.08	0.09	0.05	0.13	0.12	0.11	0.11	0.13	0.11	0.13	0.11	0.06
Root; d__Bacteria; p__Verrucomicrobiota; c__Verrucomicrobiia; o__Limisphaerales; f__SXQI01	0.1	0.09	0.05	0.08	0.1	0.0	0.1	0.09	0.0	0.1	0.12	0.07	0.09	0.09	0.09	0.13	0.16	0.11	0.15	0.14	0.06	0.16	0.14	0.05	0.16	0.16	0.09	0.14	0.14	0.1	0.14	0.07	0.15	0.1	0.12	0.19	0.1	0.09	0.07	0.15	0.11	0.09	0.13	0.09	0.09	0.11	0.12	0.05	0.14	0.13	0.07	0.15	0.15	0.08	0.1	0.08	0.1	0.11	0.12	0.1	0.1	0.11	0.08	0.14	0.15	0.08	0.15	0.14	0.13	0.13	0.13	0.15
Root; d__Bacteria; p__Verrucomicrobiota; c__Verrucomicrobiia; o__Limisphaerales; f__SIBH01	0.04	0.04	0.0	0.04	0.03	0.0	0.03	0.04	0.0	0.04	0.07	0.0	0.03	0.05	0.0	0.07	0.07	0.0	0.07	0.07	0.0	0.08	0.06	0.0	0.05	0.06	0.0	0.07	0.06	0.05	0.08	0.07	0.04	0.08	0.07	0.06	0.02	0.02	0.0	0.05	0.04	0.0	0.02	0.02	0.0	0.04	0.07	0.06	0.02	0.05	0.0	0.02	0.03	0.0	0.09	0.06	0.0	0.07	0.06	0.03	0.07	0.08	0.08	0.09	0.09	0.09	0.1	0.07	0.06	0.06	0.07	0.09
Root; d__Bacteria; p__Verrucomicrobiota; c__Verrucomicrobiia; o__Limisphaerales; f__DASXHY01	0.02	0.0	0.0	0.0	0.0	0.0	0.0	0.0	0.0	0.02	0.0	0.0	0.0	0.02	0.0	0.06	0.04	0.0	0.05	0.04	0.0	0.06	0.04	0.04	0.06	0.04	0.0	0.03	0.08	0.0	0.04	0.06	0.0	0.04	0.03	0.0	0.03	0.04	0.0	0.05	0.03	0.0	0.04	0.05	0.0	0.04	0.06	0.05	0.06	0.05	0.0	0.08	0.07	0.06	0.03	0.04	0.0	0.02	0.02	0.02	0.03	0.03	0.04	0.02	0.04	0.0	0.04	0.05	0.0	0.03	0.04	0.07
Root; d__Bacteria; p__Verrucomicrobiota; c__Verrucomicrobiia; o__Chthoniobacterales; f__Chthoniobacteraceae	0.23	0.2	0.23	0.24	0.25	0.18	0.2	0.19	0.19	0.19	0.24	0.22	0.26	0.25	0.16	0.24	0.21	0.35	0.24	0.24	0.1	0.28	0.23	0.27	0.24	0.28	0.16	0.26	0.21	0.24	0.22	0.22	0.18	0.24	0.2	0.22	0.09	0.1	0.08	0.11	0.11	0.08	0.09	0.11	0.05	0.08	0.08	0.06	0.06	0.12	0.06	0.12	0.11	0.13	0.16	0.17	0.17	0.16	0.13	0.13	0.14	0.15	0.14	0.19	0.15	0.2	0.17	0.2	0.27	0.17	0.17	0.16
Root; d__Bacteria; p__Verrucomicrobiota; c__Verrucomicrobiia; o__Chthoniobacterales; f__UBA10450	0.58	0.57	0.59	0.51	0.52	0.52	0.57	0.54	0.71	0.76	0.64	0.52	0.74	0.8	0.69	0.84	0.87	0.79	0.94	0.98	0.93	1.0	1.01	1.24	0.87	0.89	0.95	0.93	1.04	1.02	1.0	1.0	1.15	1.06	1.07	1.03	0.77	0.91	0.92	0.92	0.87	0.89	0.73	0.81	0.75	0.92	0.83	0.83	0.87	0.93	0.89	0.82	0.78	0.92	0.87	0.98	0.94	0.92	0.93	0.94	0.85	0.84	0.8	0.88	0.85	0.83	0.97	0.85	0.99	0.9	0.95	0.99
Root; d__Bacteria; p__Verrucomicrobiota; c__Verrucomicrobiia; o__Verrucomicrobiales; f__Akkermansiaceae	0.03	0.05	0.0	0.02	0.03	0.0	0.04	0.03	0.0	0.03	0.02	0.0	0.0	0.0	0.0	0.0	0.02	0.0	0.0	0.0	0.0	0.02	0.0	0.0	0.0	0.0	0.0	0.0	0.0	0.0	0.0	0.0	0.0	0.0	0.0	0.0	0.0	0.0	0.0	0.0	0.0	0.0	0.0	0.0	0.0	0.0	0.0	0.0	0.0	0.02	0.0	0.0	0.02	0.0	0.0	0.0	0.0	0.0	0.0	0.0	0.01	0.01	0.0	0.0	0.0	0.0	0.0	0.0	0.0	0.0	0.02	0.0
Root; d__Bacteria; p__Verrucomicrobiota; c__Verrucomicrobiia; o__Verrucomicrobiales; f__V1-33	0.03	0.0	0.0	0.0	0.0	0.0	0.03	0.0	0.0	0.0	0.02	0.0	0.0	0.0	0.0	0.0	0.0	0.0	0.0	0.0	0.0	0.0	0.0	0.0	0.02	0.0	0.0	0.0	0.0	0.0	0.0	0.0	0.0	0.0	0.0	0.0	0.0	0.0	0.0	0.0	0.0	0.0	0.0	0.0	0.0	0.0	0.0	0.0	0.0	0.0	0.0	0.0	0.0	0.0	0.0	0.0	0.0	0.0	0.0	0.0	0.01	0.0	0.0	0.0	0.0	0.0	0.0	0.02	0.0	0.0	0.0	0.0
Root; d__Bacteria; p__Verrucomicrobiota; c__Verrucomicrobiia; o__Verrucomicrobiales; f__Verrucomicrobiaceae	0.04	0.05	0.0	0.05	0.06	0.0	0.04	0.05	0.05	0.04	0.06	0.0	0.03	0.02	0.0	0.04	0.06	0.0	0.05	0.05	0.06	0.05	0.04	0.0	0.07	0.06	0.0	0.05	0.03	0.0	0.04	0.05	0.0	0.04	0.04	0.0	0.02	0.03	0.0	0.02	0.02	0.0	0.02	0.02	0.0	0.04	0.03	0.0	0.02	0.03	0.0	0.04	0.04	0.0	0.05	0.04	0.0	0.05	0.04	0.0	0.05	0.04	0.02	0.03	0.03	0.0	0.05	0.06	0.04	0.03	0.05	0.04
Root; d__Bacteria; p__Verrucomicrobiota; c__Verrucomicrobiia; o__Opitutales; f__Opitutaceae	0.1	0.11	0.05	0.1	0.11	0.12	0.14	0.12	0.11	0.2	0.2	0.17	0.17	0.13	0.15	0.23	0.14	0.21	0.28	0.23	0.2	0.23	0.21	0.11	0.24	0.2	0.16	0.18	0.21	0.18	0.24	0.21	0.1	0.18	0.19	0.11	0.16	0.16	0.12	0.15	0.14	0.12	0.15	0.12	0.14	0.16	0.15	0.17	0.17	0.18	0.07	0.13	0.23	0.06	0.22	0.21	0.09	0.22	0.23	0.22	0.21	0.2	0.2	0.21	0.22	0.28	0.2	0.27	0.12	0.25	0.23	0.23
Root; d__Bacteria; p__Acidobacteriota; c__Vicinamibacteria; o__Fen-336; f__Fen-336	0.13	0.15	0.08	0.15	0.14	0.0	0.12	0.11	0.12	0.12	0.1	0.07	0.11	0.09	0.14	0.11	0.1	0.13	0.19	0.22	0.22	0.22	0.21	0.15	0.22	0.22	0.19	0.24	0.18	0.11	0.24	0.23	0.1	0.21	0.2	0.21	0.16	0.1	0.08	0.12	0.09	0.06	0.13	0.11	0.0	0.09	0.12	0.05	0.09	0.13	0.06	0.09	0.14	0.08	0.13	0.16	0.21	0.15	0.18	0.15	0.18	0.15	0.17	0.14	0.14	0.08	0.19	0.15	0.13	0.17	0.16	0.16
Root; d__Bacteria; p__Acidobacteriota; c__Vicinamibacteria; o__Vicinamibacterales; f__CAVVIG01	0.8	0.91	0.68	0.79	0.91	0.78	0.72	0.8	0.67	0.84	0.79	0.92	0.92	0.9	0.88	1.12	1.04	1.07	1.22	1.27	1.21	1.19	1.39	1.25	1.23	1.24	1.27	1.34	1.26	1.28	1.35	1.32	1.42	1.21	1.31	1.24	1.36	1.31	1.27	1.35	1.35	1.3	1.25	1.28	1.33	1.5	1.5	1.22	1.62	1.51	1.3	1.53	1.36	1.3	1.5	1.47	1.24	1.47	1.48	1.47	1.43	1.49	1.5	1.45	1.59	1.49	1.54	1.58	1.35	1.57	1.74	1.39
Root; d__Bacteria; p__Acidobacteriota; c__Vicinamibacteria; o__Vicinamibacterales; f__2-12-FULL-66-21	1.0	1.04	1.02	1.17	1.12	1.05	0.99	1.14	0.95	1.07	1.19	1.07	1.07	1.09	1.45	1.23	1.29	1.24	1.39	1.38	1.33	1.36	1.24	1.19	1.38	1.35	1.42	1.42	1.46	1.29	1.37	1.42	1.37	1.34	1.26	1.41	0.97	0.99	1.14	1.06	1.11	0.92	1.08	1.02	1.09	1.12	1.25	1.03	1.15	1.06	1.0	1.12	1.04	1.01	0.91	0.97	0.81	0.91	1.0	1.02	0.93	0.96	0.92	1.0	0.94	0.95	0.93	1.06	0.75	0.93	0.9	0.88
Root; d__Bacteria; p__Acidobacteriota; c__Vicinamibacteria; o__Vicinamibacterales; f__JAENWD01	0.22	0.22	0.17	0.24	0.21	0.16	0.23	0.25	0.14	0.23	0.24	0.12	0.16	0.19	0.1	0.19	0.14	0.19	0.33	0.29	0.48	0.35	0.37	0.25	0.32	0.3	0.22	0.38	0.33	0.32	0.31	0.33	0.27	0.31	0.33	0.28	0.05	0.06	0.0	0.04	0.06	0.05	0.1	0.06	0.05	0.05	0.09	0.07	0.04	0.05	0.06	0.09	0.07	0.05	0.12	0.11	0.11	0.12	0.12	0.1	0.13	0.12	0.13	0.11	0.14	0.08	0.08	0.08	0.11	0.11	0.12	0.08
Root; d__Bacteria; p__Acidobacteriota; c__Vicinamibacteria; o__Vicinamibacterales; f__UBA2999	0.85	0.99	0.85	1.02	0.99	0.81	0.91	0.9	0.75	0.92	0.93	0.92	0.98	0.96	0.68	0.88	0.83	0.83	1.09	1.07	1.14	1.1	1.14	1.17	1.07	1.11	0.94	1.19	1.08	1.13	1.18	1.06	1.26	1.19	1.15	1.23	0.59	0.6	0.64	0.57	0.56	0.58	0.65	0.61	0.52	0.73	0.71	0.64	0.66	0.65	0.63	0.66	0.71	0.7	0.59	0.64	0.63	0.59	0.61	0.66	0.64	0.69	0.64	0.68	0.61	0.89	0.66	0.65	0.63	0.68	0.66	0.71
Root; d__Bacteria; p__Acidobacteriota; c__Vicinamibacteria; o__Vicinamibacterales; f__JAMQPK01	0.14	0.1	0.05	0.1	0.14	0.11	0.11	0.12	0.09	0.11	0.07	0.09	0.13	0.15	0.12	0.12	0.15	0.19	0.26	0.19	0.19	0.22	0.22	0.2	0.19	0.18	0.17	0.23	0.25	0.16	0.22	0.19	0.11	0.21	0.2	0.19	0.11	0.13	0.0	0.1	0.1	0.1	0.11	0.12	0.08	0.13	0.12	0.06	0.15	0.14	0.1	0.13	0.16	0.05	0.15	0.13	0.08	0.17	0.13	0.14	0.12	0.17	0.11	0.11	0.16	0.09	0.15	0.12	0.14	0.13	0.16	0.14
Root; d__Bacteria; p__Acidobacteriota; c__Vicinamibacteria; o__Vicinamibacterales; f__Vicinamibacteraceae	0.33	0.36	0.41	0.46	0.39	0.4	0.41	0.34	0.29	0.32	0.33	0.25	0.34	0.35	0.21	0.26	0.34	0.2	0.37	0.33	0.29	0.4	0.36	0.23	0.34	0.33	0.3	0.29	0.32	0.2	0.32	0.38	0.21	0.39	0.34	0.24	0.06	0.05	0.08	0.07	0.04	0.07	0.04	0.06	0.08	0.05	0.06	0.07	0.09	0.05	0.06	0.07	0.07	0.04	0.15	0.07	0.08	0.1	0.11	0.07	0.11	0.1	0.1	0.08	0.12	0.0	0.08	0.08	0.08	0.11	0.11	0.05
Root; d__Bacteria; p__Acidobacteriota; c__Vicinamibacteria; o__Vicinamibacterales; f__SCN-69-37	0.14	0.15	0.13	0.25	0.2	0.25	0.17	0.19	0.18	0.22	0.17	0.18	0.21	0.18	0.16	0.17	0.21	0.12	0.25	0.2	0.2	0.19	0.22	0.22	0.18	0.21	0.19	0.22	0.21	0.15	0.22	0.21	0.17	0.23	0.17	0.25	0.12	0.15	0.16	0.16	0.15	0.13	0.12	0.12	0.12	0.16	0.19	0.13	0.12	0.15	0.19	0.15	0.14	0.13	0.18	0.16	0.15	0.15	0.17	0.13	0.19	0.18	0.15	0.19	0.13	0.15	0.16	0.13	0.18	0.18	0.16	0.13
Root; d__Bacteria; p__Acidobacteriota; c__Blastocatellia; o__Pyrinomonadales; f__Pyrinomonadaceae	1.04	1.16	1.07	0.79	0.94	0.93	0.98	0.95	0.93	0.99	0.92	0.99	1.19	1.19	1.23	1.22	1.13	1.32	0.79	0.81	1.0	0.81	0.77	0.7	0.88	0.93	0.96	0.71	0.72	0.82	0.91	0.91	0.81	0.9	0.83	1.06	1.29	1.25	1.26	1.41	1.21	1.55	1.23	1.2	1.36	1.25	1.36	1.19	1.41	1.35	1.48	1.25	1.32	1.27	1.48	1.56	1.42	1.58	1.48	1.46	1.49	1.42	1.39	1.59	1.84	1.75	1.75	1.64	1.86	1.66	1.62	1.87
Root; d__Bacteria; p__Acidobacteriota; c__Blastocatellia; o__UBA7656; f__JADIYM01	0.02	0.0	0.0	0.02	0.03	0.0	0.0	0.03	0.0	0.0	0.0	0.0	0.0	0.0	0.0	0.0	0.0	0.0	0.0	0.0	0.0	0.02	0.02	0.0	0.02	0.02	0.0	0.02	0.02	0.0	0.02	0.02	0.0	0.03	0.03	0.0	0.0	0.0	0.0	0.0	0.02	0.0	0.0	0.0	0.0	0.0	0.0	0.0	0.0	0.0	0.0	0.0	0.02	0.0	0.02	0.02	0.0	0.02	0.03	0.0	0.04	0.04	0.02	0.03	0.04	0.0	0.02	0.02	0.0	0.03	0.03	0.0
Root; d__Bacteria; p__Acidobacteriota; c__Thermoanaerobaculia; o__Multivoradales; f__UBA5704	0.29	0.27	0.22	0.5	0.45	0.46	0.26	0.26	0.28	0.56	0.56	0.39	0.54	0.56	0.64	0.31	0.29	0.31	0.33	0.37	0.41	0.42	0.31	0.25	0.4	0.35	0.36	0.4	0.42	0.37	0.38	0.39	0.3	0.37	0.42	0.39	0.27	0.33	0.36	0.3	0.29	0.26	0.26	0.31	0.26	0.32	0.33	0.29	0.31	0.33	0.3	0.22	0.32	0.31	0.34	0.25	0.28	0.3	0.3	0.26	0.3	0.29	0.3	0.4	0.39	0.37	0.4	0.34	0.37	0.39	0.41	0.36
Root; d__Bacteria; p__Acidobacteriota; c__Thermoanaerobaculia; o__Gp7-AA8; f__Gp7-AA8	0.17	0.21	0.12	0.2	0.19	0.13	0.16	0.16	0.14	0.26	0.22	0.24	0.33	0.27	0.28	0.38	0.31	0.21	0.32	0.31	0.31	0.3	0.32	0.4	0.4	0.37	0.32	0.28	0.24	0.29	0.3	0.33	0.29	0.4	0.35	0.32	0.5	0.47	0.42	0.57	0.5	0.35	0.52	0.43	0.51	0.48	0.46	0.5	0.44	0.49	0.63	0.47	0.47	0.44	0.47	0.5	0.4	0.54	0.52	0.58	0.52	0.5	0.54	0.66	0.72	0.65	0.74	0.74	0.88	0.67	0.64	0.68
Root; d__Bacteria; p__Acidobacteriota; c__Terriglobia; o__Terriglobales; f__Acidobacteriaceae	0.27	0.28	0.17	0.29	0.24	0.28	0.26	0.24	0.16	0.37	0.31	0.23	0.33	0.28	0.42	0.92	0.97	1.04	0.23	0.25	0.32	0.29	0.22	0.15	0.26	0.25	0.26	0.25	0.23	0.14	0.25	0.23	0.2	0.21	0.22	0.19	2.61	2.78	2.7	2.62	2.76	2.48	2.71	2.76	2.98	2.66	2.69	2.85	2.65	2.62	3.1	2.78	2.63	2.94	1.99	1.87	1.61	1.9	1.97	2.03	1.9	1.93	2.06	1.97	1.91	1.69	2.22	2.18	2.26	2.04	2.12	2.25
Root; d__Bacteria; p__Acidobacteriota; c__Terriglobia; o__Bryobacterales; f__Bryobacteraceae	0.64	0.57	0.59	0.72	0.72	0.61	0.59	0.61	0.48	0.65	0.68	0.71	0.63	0.67	0.58	0.94	0.99	0.96	0.81	0.82	0.77	0.97	0.84	0.76	0.74	0.73	0.65	0.74	0.7	0.83	0.73	0.77	0.78	0.72	0.73	0.71	1.53	1.5	1.42	1.68	1.59	1.47	1.54	1.59	1.62	1.71	1.62	1.37	1.67	1.63	1.33	1.42	1.56	1.39	1.4	1.38	1.43	1.33	1.27	1.32	1.38	1.3	1.37	1.56	1.58	1.38	1.56	1.55	1.28	1.47	1.56	1.51
Root; d__Bacteria; p__Acidobacteriota; c__Terriglobia; o__20CM-2-55-15; f__20CM-2-55-15	0.08	0.1	0.1	0.15	0.12	0.07	0.11	0.08	0.15	0.15	0.15	0.05	0.12	0.12	0.1	0.18	0.12	0.05	0.18	0.21	0.11	0.28	0.25	0.19	0.22	0.23	0.16	0.22	0.23	0.18	0.25	0.28	0.15	0.24	0.25	0.19	0.17	0.14	0.14	0.13	0.16	0.18	0.15	0.14	0.14	0.18	0.2	0.14	0.21	0.26	0.09	0.16	0.18	0.22	0.21	0.22	0.23	0.23	0.21	0.23	0.22	0.2	0.2	0.25	0.2	0.19	0.26	0.27	0.24	0.26	0.24	0.23
Root; d__Bacteria; p__Patescibacteriota; c__Saccharimonadia; o__Saccharimonadales; f__Saccharimonadaceae	0.05	0.04	0.0	0.0	0.04	0.0	0.07	0.04	0.0	0.02	0.02	0.0	0.02	0.0	0.0	0.02	0.0	0.0	0.02	0.02	0.05	0.04	0.04	0.0	0.05	0.02	0.0	0.03	0.02	0.0	0.04	0.05	0.0	0.02	0.03	0.05	0.03	0.03	0.0	0.02	0.02	0.0	0.03	0.02	0.0	0.03	0.04	0.0	0.03	0.06	0.0	0.03	0.04	0.0	0.02	0.0	0.0	0.11	0.11	0.1	0.03	0.03	0.02	0.02	0.02	0.0	0.03	0.04	0.0	0.01	0.03	0.0
Root; d__Bacteria; p__Patescibacteriota; c__Saccharimonadia; o__Saccharimonadales; f__UBA4665	0.04	0.05	0.06	0.06	0.07	0.0	0.05	0.04	0.0	0.03	0.05	0.0	0.05	0.05	0.0	0.09	0.11	0.0	0.16	0.15	0.11	0.16	0.11	0.15	0.13	0.14	0.2	0.13	0.09	0.1	0.17	0.17	0.17	0.11	0.12	0.14	0.27	0.29	0.25	0.27	0.25	0.17	0.26	0.23	0.19	0.31	0.27	0.35	0.27	0.3	0.25	0.24	0.24	0.16	0.2	0.19	0.12	0.19	0.18	0.14	0.17	0.2	0.17	0.2	0.16	0.09	0.18	0.16	0.19	0.15	0.14	0.16
Root; d__Bacteria; p__Armatimonadota; c__SYMT01; o__SYMT01; f__SYMT01	0.05	0.05	0.0	0.03	0.05	0.0	0.03	0.03	0.0	0.05	0.04	0.05	0.02	0.02	0.0	0.04	0.04	0.04	0.02	0.03	0.05	0.04	0.04	0.0	0.03	0.04	0.0	0.03	0.04	0.0	0.05	0.04	0.06	0.04	0.05	0.0	0.06	0.06	0.0	0.06	0.07	0.0	0.04	0.04	0.04	0.06	0.08	0.12	0.06	0.07	0.0	0.08	0.09	0.0	0.04	0.06	0.0	0.06	0.06	0.04	0.06	0.06	0.07	0.06	0.06	0.0	0.06	0.07	0.05	0.07	0.07	0.05
Root; d__Bacteria; p__Armatimonadota; c__Fimbriimonadia; o__Fimbriimonadales; f__Fimbriimonadaceae	0.02	0.05	0.0	0.04	0.05	0.0	0.03	0.04	0.0	0.03	0.05	0.08	0.02	0.06	0.0	0.05	0.05	0.0	0.02	0.04	0.0	0.03	0.03	0.0	0.03	0.02	0.0	0.03	0.02	0.0	0.0	0.04	0.0	0.02	0.04	0.0	0.09	0.06	0.05	0.08	0.07	0.05	0.08	0.07	0.05	0.07	0.07	0.0	0.08	0.08	0.0	0.08	0.08	0.05	0.07	0.06	0.09	0.09	0.11	0.07	0.09	0.11	0.09	0.08	0.12	0.0	0.06	0.1	0.06	0.09	0.1	0.0
Root; d__Bacteria; p__Desulfobacterota; c__Binatia; o__UBA9968; f__UBA9968	0.11	0.12	0.06	0.12	0.12	0.0	0.1	0.12	0.04	0.15	0.19	0.12	0.2	0.22	0.16	0.21	0.23	0.16	0.05	0.04	0.0	0.06	0.04	0.0	0.05	0.06	0.0	0.05	0.05	0.0	0.05	0.04	0.0	0.04	0.07	0.0	0.2	0.21	0.08	0.22	0.21	0.14	0.19	0.23	0.16	0.23	0.19	0.19	0.27	0.22	0.19	0.16	0.24	0.14	0.19	0.19	0.08	0.2	0.2	0.15	0.19	0.2	0.19	0.14	0.19	0.13	0.23	0.19	0.13	0.19	0.21	0.24
Root; d__Bacteria; p__Desulfobacterota; c__Binatia; o__UTPRO1; f__UTPRO1	0.04	0.02	0.0	0.02	0.03	0.0	0.0	0.02	0.0	0.02	0.04	0.0	0.0	0.02	0.0	0.03	0.02	0.0	0.03	0.02	0.0	0.02	0.02	0.0	0.02	0.02	0.0	0.02	0.0	0.0	0.0	0.02	0.0	0.02	0.0	0.0	0.0	0.03	0.0	0.0	0.02	0.0	0.01	0.02	0.0	0.02	0.02	0.0	0.0	0.0	0.0	0.02	0.03	0.0	0.02	0.05	0.0	0.05	0.05	0.0	0.06	0.05	0.05	0.03	0.04	0.0	0.03	0.04	0.0	0.04	0.05	0.0
Root; d__Bacteria; p__Desulfobacterota; c__Binatia; o__UBA1149; f__CAITLU01	0.02	0.03	0.0	0.03	0.0	0.0	0.02	0.0	0.0	0.0	0.02	0.0	0.0	0.0	0.0	0.02	0.0	0.0	0.0	0.0	0.0	0.0	0.0	0.0	0.0	0.0	0.0	0.02	0.0	0.0	0.02	0.0	0.0	0.02	0.02	0.0	0.02	0.0	0.0	0.0	0.0	0.0	0.0	0.0	0.0	0.02	0.02	0.0	0.0	0.02	0.0	0.0	0.0	0.0	0.03	0.03	0.0	0.04	0.03	0.0	0.02	0.04	0.02	0.03	0.02	0.04	0.04	0.03	0.0	0.02	0.03	0.0
Root; d__Bacteria; p__Desulfobacterota; c__Desulfuromonadia; o__Geobacterales; f__Geobacteraceae	0.03	0.05	0.0	0.03	0.02	0.0	0.06	0.04	0.0	0.0	0.0	0.0	0.0	0.0	0.0	0.0	0.0	0.0	0.07	0.07	0.0	0.1	0.07	0.0	0.05	0.05	0.0	0.04	0.02	0.0	0.02	0.02	0.0	0.0	0.02	0.0	0.05	0.03	0.0	0.02	0.02	0.0	0.02	0.03	0.0	0.0	0.0	0.0	0.0	0.0	0.0	0.0	0.0	0.0	0.0	0.0	0.0	0.02	0.01	0.0	0.03	0.03	0.02	0.0	0.0	0.0	0.0	0.0	0.0	0.0	0.0	0.0
Root; d__Bacteria; p__Bdellovibrionota; c__UBA1018; o__UBA1018; f__UBA1018	0.13	0.16	0.14	0.16	0.15	0.19	0.15	0.16	0.11	0.11	0.11	0.08	0.08	0.1	0.07	0.1	0.14	0.12	0.18	0.2	0.18	0.17	0.21	0.11	0.16	0.22	0.13	0.17	0.14	0.14	0.14	0.16	0.19	0.16	0.14	0.13	0.15	0.14	0.1	0.15	0.1	0.18	0.13	0.11	0.11	0.12	0.15	0.13	0.18	0.17	0.14	0.12	0.15	0.13	0.1	0.14	0.1	0.15	0.15	0.11	0.15	0.14	0.16	0.11	0.18	0.21	0.1	0.15	0.15	0.11	0.12	0.17
Root; d__Bacteria; p__Bdellovibrionota; c__Bdellovibrionia; o__Bdellovibrionales; f__UBA1609	0.02	0.02	0.0	0.04	0.02	0.0	0.02	0.01	0.0	0.02	0.02	0.0	0.02	0.0	0.0	0.0	0.03	0.0	0.03	0.0	0.0	0.0	0.04	0.0	0.0	0.03	0.0	0.02	0.0	0.0	0.0	0.0	0.0	0.03	0.03	0.0	0.0	0.02	0.0	0.04	0.02	0.0	0.01	0.0	0.0	0.0	0.02	0.0	0.02	0.0	0.0	0.03	0.03	0.0	0.02	0.0	0.0	0.02	0.01	0.0	0.02	0.02	0.02	0.01	0.03	0.0	0.02	0.01	0.0	0.02	0.0	0.0
Root; d__Bacteria; p__Bdellovibrionota; c__FAC87; o__UBA2466; f__UBA2466	0.02	0.0	0.0	0.0	0.03	0.0	0.03	0.02	0.0	0.0	0.02	0.0	0.03	0.0	0.0	0.0	0.02	0.0	0.06	0.03	0.0	0.04	0.04	0.0	0.03	0.03	0.0	0.0	0.04	0.0	0.04	0.03	0.05	0.03	0.03	0.0	0.0	0.0	0.0	0.0	0.0	0.0	0.0	0.0	0.0	0.04	0.0	0.0	0.0	0.0	0.0	0.0	0.02	0.0	0.0	0.02	0.0	0.02	0.02	0.0	0.02	0.02	0.0	0.0	0.01	0.0	0.0	0.03	0.0	0.02	0.01	0.0
Root; d__Bacteria; p__Bdellovibrionota; c__Bacteriovoracia; o__Bacteriovoracales; f__Bacteriovoracaceae	0.07	0.05	0.0	0.03	0.05	0.0	0.07	0.06	0.05	0.02	0.03	0.0	0.0	0.0	0.0	0.02	0.0	0.0	0.0	0.0	0.0	0.0	0.0	0.0	0.0	0.0	0.0	0.0	0.0	0.0	0.0	0.0	0.0	0.0	0.0	0.0	0.0	0.02	0.0	0.02	0.02	0.0	0.0	0.0	0.0	0.0	0.0	0.0	0.0	0.0	0.0	0.0	0.0	0.0	0.0	0.0	0.0	0.01	0.01	0.0	0.01	0.01	0.02	0.0	0.01	0.0	0.0	0.0	0.0	0.0	0.01	0.0
Root; d__Bacteria; p__Gemmatimonadota; c__Gemmatimonadetes; o__Gemmatimonadales; f__Gemmatimonadaceae	1.07	1.13	1.09	1.36	1.19	1.22	1.13	1.03	0.91	1.25	1.13	1.09	1.16	1.17	0.98	1.65	1.79	1.78	1.88	1.76	1.73	1.79	1.7	1.81	1.73	1.74	1.75	1.68	1.79	1.83	1.76	1.73	1.69	1.75	1.64	1.7	3.09	3.14	2.9	3.0	3.22	2.71	3.07	2.92	3.27	3.04	2.96	2.54	2.97	3.11	2.96	2.85	3.0	2.62	2.47	2.43	2.57	2.47	2.52	2.48	2.5	2.55	2.49	2.41	2.42	2.23	2.56	2.65	2.37	2.61	2.49	2.69
Root; d__Bacteria; p__Gemmatimonadota; c__Gemmatimonadetes; o__Gemmatimonadales; f__GWC2-71-9	0.93	0.8	0.87	0.83	0.93	0.96	0.81	0.81	0.95	0.91	0.85	0.79	0.94	0.81	0.92	1.62	1.55	1.57	0.75	0.82	0.92	0.81	0.79	0.8	0.82	0.9	0.69	0.83	0.78	0.74	0.83	0.8	0.68	0.81	0.77	0.86	2.73	2.83	2.38	2.95	2.75	2.67	2.68	2.87	2.82	3.04	3.11	2.92	3.08	2.96	3.0	2.95	2.89	3.18	1.8	1.89	1.75	1.87	1.88	1.85	1.79	1.83	1.93	1.87	1.75	1.79	1.92	1.92	1.73	1.95	1.79	1.8
Root; d__Bacteria; p__Gemmatimonadota; c__Gemmatimonadetes; o__Longimicrobiales; f__Longimicrobiaceae	0.12	0.11	0.17	0.1	0.12	0.1	0.12	0.07	0.15	0.13	0.09	0.15	0.2	0.16	0.1	0.14	0.15	0.12	0.18	0.24	0.2	0.18	0.17	0.2	0.15	0.19	0.13	0.14	0.11	0.08	0.2	0.15	0.09	0.13	0.12	0.11	0.24	0.23	0.23	0.23	0.29	0.16	0.27	0.26	0.27	0.16	0.18	0.2	0.19	0.15	0.16	0.19	0.19	0.14	0.21	0.15	0.32	0.2	0.15	0.19	0.17	0.16	0.22	0.18	0.17	0.16	0.22	0.24	0.23	0.2	0.25	0.17
Root; d__Bacteria; p__Gemmatimonadota; c__Gemmatimonadetes; o__Longimicrobiales; f__RSA9	0.02	0.03	0.0	0.04	0.03	0.0	0.0	0.0	0.0	0.03	0.05	0.0	0.0	0.0	0.0	0.03	0.04	0.0	0.03	0.03	0.0	0.02	0.02	0.0	0.0	0.03	0.0	0.04	0.04	0.0	0.02	0.02	0.0	0.02	0.03	0.0	0.09	0.08	0.0	0.07	0.09	0.09	0.08	0.09	0.1	0.05	0.09	0.05	0.07	0.06	0.0	0.05	0.05	0.0	0.04	0.04	0.0	0.06	0.04	0.02	0.05	0.04	0.06	0.04	0.04	0.0	0.03	0.04	0.0	0.04	0.04	0.0
Root; d__Bacteria; p__Methylomirabilota; c__Methylomirabilia; o__Rokubacteriales; f__CSP1-6	0.03	0.02	0.0	0.02	0.03	0.0	0.02	0.03	0.0	0.05	0.05	0.0	0.08	0.04	0.0	0.04	0.04	0.0	0.0	0.0	0.0	0.0	0.0	0.0	0.0	0.0	0.0	0.0	0.0	0.0	0.0	0.0	0.0	0.0	0.0	0.0	0.04	0.04	0.0	0.03	0.05	0.0	0.03	0.04	0.04	0.02	0.03	0.0	0.07	0.04	0.0	0.05	0.03	0.0	0.08	0.08	0.07	0.06	0.09	0.09	0.07	0.06	0.05	0.09	0.08	0.07	0.11	0.09	0.06	0.08	0.09	0.11
Root; d__Bacteria; p__Nitrospirota; c__Nitrospiria; o__Nitrospirales; f__Nitrospiraceae	0.07	0.15	0.11	0.12	0.11	0.09	0.14	0.11	0.11	0.12	0.16	0.07	0.12	0.14	0.13	0.21	0.26	0.21	0.09	0.04	0.05	0.05	0.05	0.08	0.06	0.06	0.0	0.07	0.05	0.0	0.08	0.06	0.05	0.06	0.05	0.0	0.34	0.31	0.33	0.37	0.31	0.32	0.33	0.28	0.35	0.38	0.43	0.38	0.44	0.36	0.32	0.35	0.35	0.45	0.3	0.25	0.21	0.27	0.3	0.28	0.34	0.28	0.27	0.29	0.3	0.19	0.29	0.31	0.31	0.34	0.36	0.26
Root; d__Bacteria; p__Sumerlaeota; c__Sumerlaeia; o__Sumerlaeales; f__Sumerlaeaceae	0.03	0.02	0.0	0.02	0.02	0.0	0.0	0.02	0.0	0.0	0.02	0.0	0.0	0.0	0.0	0.02	0.0	0.0	0.0	0.02	0.0	0.0	0.02	0.0	0.0	0.0	0.0	0.0	0.0	0.0	0.02	0.02	0.0	0.0	0.0	0.0	0.0	0.0	0.0	0.0	0.0	0.0	0.0	0.0	0.0	0.0	0.0	0.0	0.0	0.0	0.0	0.02	0.0	0.0	0.0	0.02	0.0	0.01	0.02	0.0	0.02	0.02	0.02	0.0	0.02	0.0	0.0	0.02	0.0	0.0	0.02	0.0
Root; d__Bacteria; p__Fibrobacterota; c__Fibrobacteria; o__UBA11236; f__UBA11236	0.04	0.05	0.0	0.04	0.04	0.0	0.07	0.06	0.0	0.03	0.05	0.06	0.0	0.03	0.0	0.03	0.04	0.05	0.03	0.02	0.0	0.02	0.03	0.0	0.02	0.03	0.0	0.0	0.03	0.0	0.03	0.02	0.05	0.04	0.03	0.0	0.02	0.0	0.0	0.0	0.0	0.0	0.02	0.03	0.0	0.03	0.02	0.0	0.0	0.03	0.0	0.02	0.0	0.0	0.06	0.05	0.0	0.05	0.06	0.05	0.05	0.06	0.04	0.05	0.07	0.05	0.08	0.06	0.04	0.09	0.09	0.11
Root; d__Bacteria; p__Pseudomonadota; c__Gammaproteobacteria; o__Burkholderiales; f__Rhodocyclaceae	0.0	0.03	0.0	0.03	0.04	0.0	0.04	0.03	0.0	0.02	0.02	0.0	0.0	0.03	0.0	0.02	0.03	0.0	0.07	0.03	0.0	0.05	0.05	0.0	0.04	0.04	0.0	0.03	0.02	0.0	0.04	0.03	0.0	0.03	0.03	0.0	0.0	0.04	0.0	0.02	0.0	0.0	0.02	0.01	0.0	0.04	0.03	0.0	0.0	0.0	0.0	0.02	0.03	0.0	0.02	0.02	0.0	0.03	0.03	0.0	0.03	0.03	0.03	0.01	0.01	0.0	0.04	0.02	0.04	0.03	0.02	0.0
Root; d__Bacteria; p__Pseudomonadota; c__Gammaproteobacteria; o__Xanthomonadales; f__Ahniellaceae	0.0	0.02	0.0	0.0	0.0	0.0	0.0	0.02	0.0	0.0	0.0	0.0	0.0	0.0	0.0	0.0	0.0	0.0	0.0	0.0	0.0	0.0	0.0	0.0	0.0	0.0	0.0	0.0	0.0	0.0	0.0	0.01	0.0	0.0	0.0	0.0	0.0	0.0	0.0	0.0	0.0	0.0	0.0	0.0	0.0	0.0	0.0	0.0	0.0	0.0	0.0	0.0	0.0	0.0	0.0	0.0	0.0	0.0	0.0	0.0	0.01	0.0	0.0	0.0	0.0	0.0	0.0	0.0	0.0	0.0	0.0	0.0
Root; d__Bacteria; p__Pseudomonadota; c__Alphaproteobacteria; o__Rhizobiales; f__Labraceae	0.0	0.02	0.0	0.0	0.0	0.0	0.0	0.0	0.0	0.0	0.02	0.0	0.0	0.0	0.0	0.0	0.0	0.0	0.0	0.0	0.0	0.0	0.0	0.0	0.0	0.0	0.0	0.0	0.0	0.0	0.0	0.0	0.0	0.0	0.0	0.0	0.0	0.0	0.0	0.0	0.0	0.0	0.0	0.0	0.0	0.0	0.0	0.0	0.0	0.0	0.0	0.0	0.0	0.0	0.0	0.0	0.0	0.01	0.01	0.0	0.02	0.01	0.0	0.0	0.01	0.0	0.0	0.0	0.0	0.0	0.0	0.0
Root; d__Bacteria; p__Pseudomonadota; c__Alphaproteobacteria; o__DSM-16000; f__Inquilinaceae	0.0	0.02	0.0	0.02	0.0	0.0	0.02	0.0	0.0	0.02	0.03	0.0	0.0	0.0	0.0	0.05	0.05	0.0	0.0	0.0	0.0	0.0	0.0	0.0	0.0	0.0	0.0	0.0	0.0	0.0	0.0	0.0	0.0	0.0	0.0	0.0	0.0	0.0	0.0	0.01	0.03	0.0	0.01	0.0	0.0	0.02	0.0	0.0	0.03	0.02	0.0	0.02	0.0	0.0	0.0	0.02	0.0	0.01	0.01	0.0	0.02	0.02	0.0	0.03	0.01	0.0	0.02	0.0	0.0	0.02	0.01	0.0
Root; d__Bacteria; p__Actinomycetota; c__Actinomycetes; o__Mycobacteriales; f__Cryptosporangiaceae	0.0	0.03	0.0	0.02	0.0	0.0	0.0	0.01	0.0	0.0	0.0	0.0	0.0	0.0	0.0	0.03	0.0	0.0	0.0	0.02	0.0	0.02	0.02	0.0	0.03	0.0	0.0	0.0	0.02	0.0	0.0	0.01	0.0	0.02	0.04	0.0	0.01	0.02	0.0	0.0	0.02	0.0	0.0	0.02	0.0	0.02	0.0	0.0	0.0	0.03	0.0	0.03	0.0	0.0	0.03	0.05	0.0	0.04	0.02	0.02	0.03	0.03	0.02	0.03	0.02	0.0	0.02	0.02	0.0	0.02	0.03	0.0
Root; d__Bacteria; p__Actinomycetota; c__Actinomycetes; o__Propionibacteriales; f__Actinopolymorphaceae	0.0	0.03	0.0	0.03	0.0	0.0	0.03	0.02	0.0	0.02	0.03	0.0	0.05	0.02	0.0	0.02	0.0	0.0	0.0	0.0	0.0	0.0	0.0	0.0	0.0	0.0	0.0	0.0	0.0	0.0	0.0	0.0	0.0	0.0	0.0	0.0	0.0	0.0	0.0	0.0	0.0	0.0	0.02	0.01	0.0	0.02	0.0	0.0	0.0	0.0	0.0	0.0	0.0	0.0	0.0	0.0	0.0	0.01	0.0	0.0	0.01	0.01	0.0	0.0	0.0	0.0	0.0	0.0	0.0	0.01	0.01	0.0
Root; d__Bacteria; p__Actinomycetota; c__Actinomycetes; o__Sporichthyales; f__Sporichthyaceae	0.0	0.02	0.0	0.0	0.0	0.0	0.0	0.0	0.0	0.0	0.0	0.0	0.02	0.0	0.0	0.04	0.03	0.0	0.0	0.0	0.0	0.0	0.0	0.0	0.0	0.0	0.0	0.0	0.0	0.0	0.0	0.0	0.0	0.0	0.0	0.0	0.0	0.02	0.0	0.02	0.02	0.0	0.0	0.0	0.0	0.0	0.02	0.0	0.0	0.02	0.0	0.0	0.0	0.0	0.0	0.0	0.0	0.01	0.01	0.0	0.02	0.02	0.01	0.0	0.03	0.0	0.02	0.02	0.0	0.0	0.03	0.0
Root; d__Bacteria; p__Actinomycetota; c__Actinomycetes; o__Jiangellales; f__Jiangellaceae	0.0	0.02	0.0	0.0	0.02	0.0	0.0	0.03	0.0	0.0	0.02	0.0	0.02	0.0	0.0	0.03	0.0	0.0	0.02	0.0	0.0	0.0	0.03	0.0	0.02	0.02	0.0	0.02	0.02	0.0	0.02	0.02	0.0	0.04	0.01	0.0	0.02	0.02	0.0	0.0	0.0	0.0	0.02	0.01	0.0	0.0	0.0	0.0	0.02	0.0	0.0	0.0	0.0	0.0	0.02	0.02	0.0	0.01	0.02	0.0	0.03	0.03	0.02	0.03	0.02	0.05	0.02	0.02	0.0	0.02	0.0	0.0
Root; d__Bacteria; p__Chloroflexota; c__Chloroflexia; o__QHBQ01; f__JAICKM01	0.0	0.02	0.0	0.0	0.0	0.0	0.02	0.02	0.0	0.0	0.02	0.0	0.0	0.0	0.0	0.03	0.02	0.0	0.03	0.0	0.0	0.02	0.0	0.0	0.02	0.03	0.0	0.02	0.03	0.0	0.02	0.03	0.0	0.02	0.03	0.0	0.07	0.06	0.05	0.05	0.06	0.0	0.05	0.04	0.0	0.06	0.07	0.05	0.08	0.07	0.0	0.05	0.07	0.04	0.07	0.08	0.1	0.11	0.07	0.06	0.09	0.1	0.05	0.1	0.1	0.08	0.1	0.09	0.09	0.1	0.08	0.04
Root; d__Bacteria; p__Chloroflexota; c__Limnocylindria; o__P2-11E; f__P2-11E	0.0	0.03	0.0	0.0	0.0	0.0	0.02	0.0	0.0	0.03	0.03	0.0	0.04	0.06	0.0	0.06	0.04	0.0	0.0	0.0	0.0	0.0	0.0	0.0	0.02	0.0	0.0	0.0	0.0	0.0	0.01	0.0	0.0	0.02	0.0	0.0	0.14	0.12	0.11	0.12	0.11	0.05	0.1	0.12	0.15	0.13	0.12	0.12	0.14	0.12	0.14	0.18	0.12	0.16	0.14	0.09	0.07	0.14	0.13	0.13	0.14	0.14	0.11	0.11	0.13	0.0	0.13	0.15	0.1	0.12	0.13	0.13
Root; d__Bacteria; p__Planctomycetota; c__Planctomycetia; o__Pirellulales; f__JALHPA01	0.0	0.03	0.0	0.02	0.02	0.0	0.0	0.03	0.0	0.02	0.02	0.0	0.0	0.0	0.0	0.02	0.02	0.0	0.0	0.0	0.0	0.0	0.0	0.0	0.0	0.0	0.0	0.0	0.0	0.0	0.01	0.0	0.0	0.0	0.0	0.0	0.0	0.0	0.0	0.0	0.0	0.0	0.0	0.01	0.0	0.0	0.0	0.0	0.0	0.0	0.0	0.02	0.0	0.0	0.0	0.0	0.0	0.0	0.0	0.0	0.0	0.0	0.0	0.0	0.0	0.0	0.0	0.0	0.0	0.01	0.0	0.0
Root; d__Bacteria; p__Acidobacteriota; c__Thermoanaerobaculia; o__Multivoradales; f__JAIOJS01	0.0	0.03	0.0	0.0	0.02	0.0	0.04	0.02	0.0	0.02	0.03	0.0	0.04	0.08	0.0	0.03	0.03	0.0	0.05	0.05	0.0	0.04	0.06	0.0	0.05	0.05	0.0	0.03	0.03	0.0	0.05	0.06	0.0	0.06	0.03	0.0	0.0	0.0	0.0	0.0	0.0	0.0	0.0	0.0	0.0	0.0	0.0	0.0	0.0	0.0	0.0	0.0	0.0	0.0	0.02	0.02	0.0	0.03	0.02	0.0	0.02	0.01	0.03	0.02	0.01	0.0	0.01	0.0	0.0	0.01	0.0	0.0
Root; d__Bacteria; p__Myxococcota_A; c__Polyangia; o__Haliangiales; f__SHYZ01	0.0	0.02	0.0	0.02	0.03	0.0	0.03	0.03	0.0	0.0	0.03	0.0	0.0	0.0	0.0	0.05	0.03	0.0	0.03	0.03	0.04	0.02	0.05	0.0	0.04	0.03	0.0	0.03	0.05	0.0	0.04	0.04	0.0	0.04	0.04	0.0	0.02	0.0	0.0	0.0	0.0	0.0	0.02	0.02	0.0	0.0	0.0	0.0	0.02	0.0	0.0	0.02	0.03	0.0	0.0	0.0	0.0	0.02	0.02	0.0	0.02	0.02	0.0	0.0	0.02	0.0	0.01	0.0	0.0	0.0	0.02	0.0
Root; d__Bacteria; p__Myxococcota_A; c__UBA796; o__UBA796; f__SXON01	0.0	0.03	0.0	0.02	0.02	0.0	0.0	0.0	0.0	0.0	0.0	0.0	0.0	0.0	0.0	0.02	0.02	0.0	0.02	0.0	0.0	0.0	0.0	0.0	0.0	0.02	0.0	0.0	0.0	0.0	0.0	0.02	0.0	0.03	0.02	0.0	0.0	0.0	0.0	0.0	0.0	0.0	0.0	0.0	0.0	0.0	0.0	0.0	0.0	0.0	0.0	0.0	0.0	0.0	0.0	0.0	0.0	0.01	0.0	0.0	0.01	0.01	0.0	0.0	0.0	0.0	0.0	0.0	0.0	0.01	0.01	0.0
Root; d__Bacteria; p__Bacillota; c__Bacilli; o__Bacillales; f__Bacillaceae	0.0	0.02	0.0	0.0	0.0	0.0	0.0	0.0	0.0	0.0	0.0	0.0	0.0	0.02	0.0	0.0	0.0	0.0	0.0	0.0	0.0	0.0	0.0	0.0	0.0	0.0	0.0	0.0	0.0	0.0	0.0	0.0	0.0	0.0	0.0	0.0	0.0	0.0	0.0	0.0	0.0	0.0	0.0	0.0	0.0	0.0	0.0	0.0	0.0	0.0	0.0	0.0	0.0	0.0	0.0	0.0	0.0	0.0	0.0	0.0	0.0	0.0	0.0	0.0	0.0	0.0	0.0	0.0	0.0	0.0	0.0	0.0
Root; d__Bacteria; p__Bacteroidota; c__Bacteroidia; o__AKYH767-A; f__2013-40CM-41-45	0.0	0.02	0.0	0.0	0.03	0.0	0.0	0.02	0.0	0.03	0.03	0.0	0.03	0.0	0.0	0.04	0.03	0.0	0.03	0.03	0.0	0.06	0.03	0.0	0.05	0.04	0.0	0.05	0.07	0.0	0.04	0.04	0.0	0.04	0.05	0.05	0.02	0.03	0.0	0.02	0.04	0.0	0.02	0.05	0.0	0.04	0.0	0.0	0.03	0.05	0.0	0.02	0.04	0.0	0.05	0.05	0.0	0.06	0.05	0.07	0.06	0.05	0.06	0.06	0.06	0.06	0.06	0.05	0.04	0.05	0.05	0.05
Root; d__Bacteria; p__Verrucomicrobiota; c__Verrucomicrobiia; o__Limisphaerales; f__JADLHS01	0.0	0.02	0.0	0.0	0.0	0.0	0.0	0.0	0.0	0.0	0.0	0.0	0.02	0.0	0.0	0.0	0.0	0.0	0.02	0.03	0.0	0.0	0.0	0.0	0.0	0.0	0.0	0.0	0.02	0.0	0.0	0.0	0.0	0.02	0.0	0.0	0.0	0.0	0.0	0.0	0.0	0.0	0.0	0.0	0.0	0.0	0.0	0.0	0.0	0.0	0.0	0.0	0.0	0.0	0.0	0.0	0.0	0.01	0.0	0.0	0.0	0.01	0.0	0.0	0.0	0.0	0.02	0.0	0.0	0.0	0.0	0.0
Root; d__Bacteria; p__Verrucomicrobiota; c__Verrucomicrobiia; o__Limisphaerales; f__Pedosphaeraceae	0.0	0.02	0.0	0.0	0.0	0.0	0.0	0.02	0.0	0.02	0.0	0.0	0.03	0.0	0.0	0.0	0.01	0.0	0.0	0.0	0.0	0.0	0.02	0.0	0.0	0.0	0.0	0.02	0.0	0.0	0.0	0.0	0.0	0.02	0.0	0.0	0.03	0.01	0.0	0.0	0.02	0.0	0.0	0.03	0.0	0.02	0.0	0.0	0.02	0.03	0.0	0.0	0.02	0.0	0.02	0.0	0.0	0.03	0.03	0.0	0.03	0.02	0.02	0.02	0.0	0.0	0.03	0.02	0.0	0.02	0.03	0.0
Root; d__Bacteria; p__Bdellovibrionota; c__Bdellovibrionia; o__Bdellovibrionales; f__Bdellovibrionaceae	0.0	0.02	0.0	0.02	0.0	0.0	0.02	0.0	0.0	0.0	0.0	0.0	0.0	0.0	0.0	0.0	0.0	0.0	0.0	0.0	0.0	0.0	0.0	0.0	0.0	0.0	0.0	0.0	0.0	0.0	0.01	0.0	0.0	0.0	0.0	0.0	0.02	0.0	0.0	0.0	0.0	0.0	0.0	0.0	0.0	0.0	0.0	0.0	0.0	0.0	0.0	0.01	0.02	0.0	0.0	0.02	0.0	0.01	0.02	0.0	0.02	0.02	0.0	0.01	0.0	0.0	0.0	0.0	0.0	0.0	0.0	0.0
Root; d__Bacteria; p__Pseudomonadota; c__Alphaproteobacteria; o__CACIAM-22H2; f__CACIAM-22H2	0.0	0.0	0.0	0.02	0.02	0.0	0.0	0.0	0.0	0.0	0.0	0.0	0.0	0.0	0.0	0.0	0.03	0.0	0.0	0.0	0.0	0.0	0.0	0.0	0.0	0.0	0.0	0.0	0.0	0.0	0.0	0.0	0.0	0.0	0.0	0.0	0.04	0.03	0.0	0.02	0.02	0.0	0.03	0.03	0.0	0.04	0.05	0.0	0.03	0.02	0.0	0.04	0.03	0.0	0.02	0.03	0.0	0.04	0.03	0.0	0.04	0.04	0.02	0.04	0.03	0.0	0.04	0.03	0.0	0.05	0.03	0.0
Root; d__Bacteria; p__Pseudomonadota; c__Gammaproteobacteria; o__DSM-16500; f__DSM-16500	0.0	0.0	0.0	0.02	0.04	0.0	0.02	0.0	0.0	0.0	0.0	0.0	0.0	0.0	0.0	0.02	0.03	0.0	0.02	0.05	0.0	0.03	0.02	0.05	0.03	0.06	0.0	0.03	0.05	0.06	0.05	0.04	0.05	0.02	0.04	0.0	0.05	0.07	0.06	0.08	0.06	0.0	0.05	0.06	0.0	0.08	0.05	0.0	0.08	0.11	0.07	0.08	0.07	0.0	0.06	0.05	0.06	0.07	0.08	0.08	0.08	0.1	0.07	0.1	0.1	0.08	0.06	0.1	0.04	0.06	0.08	0.07
Root; d__Bacteria; p__Verrucomicrobiota; c__Verrucomicrobiia; o__Limisphaerales; f__UBA11358	0.0	0.0	0.0	0.02	0.03	0.0	0.03	0.02	0.0	0.03	0.03	0.0	0.0	0.03	0.0	0.03	0.04	0.0	0.06	0.03	0.0	0.03	0.03	0.05	0.03	0.04	0.0	0.02	0.05	0.0	0.05	0.07	0.0	0.07	0.05	0.0	0.03	0.02	0.0	0.03	0.04	0.0	0.02	0.02	0.0	0.03	0.03	0.0	0.05	0.07	0.0	0.04	0.03	0.0	0.02	0.02	0.0	0.04	0.04	0.05	0.04	0.05	0.04	0.07	0.04	0.05	0.06	0.04	0.07	0.04	0.04	0.0
Root; d__Bacteria; p__Patescibacteriota; c__Microgenomatia; o__Levybacterales; f__UBA12049	0.0	0.0	0.0	0.02	0.0	0.0	0.0	0.0	0.0	0.0	0.0	0.0	0.0	0.0	0.0	0.0	0.02	0.0	0.0	0.02	0.0	0.02	0.0	0.0	0.02	0.03	0.0	0.02	0.02	0.0	0.02	0.03	0.0	0.02	0.0	0.0	0.04	0.04	0.0	0.06	0.04	0.07	0.05	0.05	0.04	0.03	0.06	0.0	0.06	0.04	0.0	0.09	0.11	0.0	0.04	0.05	0.0	0.05	0.04	0.02	0.07	0.06	0.03	0.03	0.06	0.05	0.04	0.02	0.04	0.05	0.06	0.04
Root; d__Bacteria; p__Actinomycetota; c__UBA4738; o__UBA4738; f__UBA4738	0.0	0.0	0.0	0.02	0.0	0.0	0.0	0.0	0.0	0.05	0.04	0.0	0.04	0.02	0.0	0.02	0.02	0.0	0.0	0.0	0.0	0.0	0.0	0.0	0.0	0.0	0.0	0.0	0.0	0.0	0.0	0.0	0.0	0.0	0.0	0.0	0.0	0.0	0.0	0.0	0.0	0.0	0.0	0.0	0.0	0.0	0.0	0.0	0.0	0.0	0.0	0.0	0.0	0.0	0.05	0.04	0.07	0.03	0.05	0.05	0.06	0.05	0.03	0.05	0.04	0.04	0.04	0.04	0.0	0.05	0.03	0.04
Root; d__Bacteria; p__Gemmatimonadota; c__Gemmatimonadetes; o__Longimicrobiales; f__Gaopeijiaceae	0.0	0.0	0.0	0.03	0.02	0.0	0.0	0.0	0.0	0.0	0.02	0.0	0.0	0.0	0.0	0.02	0.03	0.0	0.02	0.0	0.0	0.02	0.02	0.0	0.02	0.04	0.0	0.0	0.04	0.0	0.02	0.0	0.0	0.02	0.02	0.0	0.04	0.04	0.0	0.06	0.05	0.0	0.04	0.05	0.0	0.04	0.02	0.07	0.04	0.04	0.0	0.05	0.03	0.0	0.04	0.0	0.0	0.03	0.03	0.0	0.04	0.03	0.02	0.03	0.03	0.0	0.03	0.02	0.0	0.04	0.05	0.05
Root; d__Bacteria; p__Eisenbacteria; c__RBG-16-71-46; o__RBG-16-71-46; f__DASYSL01	0.0	0.0	0.0	0.02	0.0	0.0	0.0	0.0	0.0	0.0	0.0	0.0	0.0	0.0	0.0	0.0	0.0	0.0	0.06	0.05	0.0	0.06	0.03	0.0	0.04	0.03	0.0	0.03	0.0	0.0	0.03	0.03	0.0	0.02	0.04	0.0	0.0	0.0	0.0	0.0	0.0	0.0	0.0	0.0	0.0	0.0	0.0	0.0	0.0	0.0	0.0	0.0	0.0	0.0	0.0	0.0	0.0	0.01	0.01	0.0	0.01	0.01	0.0	0.0	0.0	0.0	0.0	0.0	0.0	0.01	0.0	0.0
Root; d__Bacteria; p__Bdellovibrionota_B; c__Oligoflexia; o__Oligoflexales; f__CAIYRB01	0.0	0.0	0.0	0.02	0.02	0.0	0.0	0.0	0.0	0.0	0.0	0.0	0.0	0.0	0.0	0.0	0.02	0.0	0.0	0.0	0.0	0.0	0.0	0.0	0.0	0.0	0.0	0.0	0.0	0.0	0.02	0.0	0.0	0.0	0.0	0.0	0.0	0.0	0.0	0.0	0.03	0.0	0.0	0.0	0.0	0.02	0.02	0.0	0.02	0.0	0.0	0.0	0.0	0.0	0.0	0.0	0.0	0.02	0.01	0.0	0.01	0.01	0.03	0.0	0.0	0.0	0.01	0.01	0.0	0.01	0.01	0.0
Root; d__Bacteria; p__Chlamydiota; c__Chlamydiia; o__Chlamydiales; f__Parachlamydiaceae	0.0	0.0	0.0	0.03	0.0	0.0	0.02	0.02	0.0	0.02	0.0	0.0	0.0	0.0	0.0	0.03	0.03	0.0	0.0	0.02	0.0	0.02	0.0	0.0	0.02	0.0	0.0	0.02	0.03	0.0	0.04	0.02	0.0	0.03	0.02	0.0	0.08	0.06	0.0	0.08	0.07	0.0	0.07	0.07	0.06	0.08	0.08	0.0	0.08	0.08	0.0	0.11	0.13	0.0	0.04	0.05	0.0	0.05	0.05	0.04	0.05	0.04	0.04	0.03	0.04	0.0	0.04	0.05	0.0	0.04	0.03	0.0
Root; d__Bacteria; p__Actinomycetota; c__Actinomycetes; o__Actinomycetales; f__Brevibacteriaceae	0.0	0.0	0.0	0.0	0.02	0.0	0.0	0.0	0.0	0.0	0.0	0.0	0.0	0.0	0.0	0.0	0.0	0.0	0.0	0.0	0.0	0.0	0.0	0.0	0.0	0.0	0.0	0.0	0.0	0.0	0.0	0.0	0.0	0.0	0.0	0.0	0.0	0.0	0.0	0.0	0.0	0.0	0.0	0.0	0.0	0.0	0.0	0.0	0.0	0.0	0.0	0.0	0.0	0.0	0.0	0.0	0.0	0.0	0.0	0.0	0.0	0.0	0.0	0.0	0.0	0.0	0.0	0.0	0.0	0.0	0.0	0.0
Root; d__Bacteria; p__Actinomycetota; c__Acidimicrobiia; o__Acidimicrobiales; f__CAIXPF01	0.0	0.0	0.0	0.0	0.03	0.0	0.03	0.0	0.0	0.0	0.0	0.0	0.0	0.03	0.0	0.02	0.02	0.0	0.0	0.0	0.0	0.02	0.02	0.0	0.04	0.02	0.0	0.02	0.02	0.0	0.02	0.01	0.0	0.02	0.0	0.0	0.02	0.02	0.0	0.0	0.0	0.0	0.0	0.0	0.0	0.0	0.0	0.0	0.0	0.0	0.0	0.0	0.0	0.0	0.02	0.0	0.0	0.01	0.02	0.0	0.01	0.02	0.02	0.0	0.0	0.0	0.0	0.02	0.0	0.01	0.02	0.0
Root; d__Bacteria; p__Actinomycetota; c__Acidimicrobiia; o__Acidimicrobiales; f__Salinilacustritrichaceae	0.0	0.0	0.0	0.0	0.03	0.0	0.0	0.0	0.0	0.0	0.0	0.0	0.0	0.02	0.0	0.0	0.0	0.0	0.0	0.0	0.0	0.0	0.0	0.0	0.0	0.0	0.0	0.0	0.0	0.0	0.02	0.0	0.0	0.0	0.0	0.0	0.0	0.0	0.0	0.0	0.0	0.0	0.0	0.0	0.0	0.0	0.0	0.0	0.0	0.0	0.0	0.0	0.0	0.0	0.0	0.0	0.0	0.0	0.0	0.0	0.0	0.0	0.0	0.0	0.0	0.0	0.0	0.0	0.0	0.0	0.0	0.0
Root; d__Bacteria; p__Actinomycetota; c__Acidimicrobiia; o__Acidimicrobiales; f__Palsa-688	0.0	0.0	0.0	0.0	0.03	0.0	0.0	0.01	0.0	0.02	0.03	0.0	0.03	0.02	0.0	0.03	0.03	0.0	0.04	0.03	0.0	0.03	0.03	0.0	0.03	0.03	0.0	0.04	0.02	0.0	0.01	0.02	0.0	0.04	0.02	0.0	0.03	0.04	0.0	0.02	0.01	0.0	0.0	0.0	0.0	0.0	0.02	0.0	0.01	0.03	0.0	0.02	0.02	0.0	0.0	0.02	0.0	0.03	0.03	0.04	0.03	0.03	0.02	0.02	0.02	0.0	0.01	0.02	0.0	0.03	0.02	0.0
Root; d__Bacteria; p__Actinomycetota; c__Acidimicrobiia; o__Acidimicrobiales; f__SKKL01	0.0	0.0	0.0	0.0	0.02	0.0	0.0	0.02	0.0	0.0	0.02	0.0	0.0	0.0	0.0	0.0	0.0	0.0	0.01	0.0	0.0	0.0	0.0	0.0	0.0	0.02	0.0	0.0	0.03	0.0	0.02	0.0	0.0	0.0	0.02	0.0	0.0	0.0	0.0	0.0	0.0	0.0	0.0	0.0	0.0	0.0	0.0	0.0	0.0	0.0	0.0	0.0	0.0	0.0	0.0	0.0	0.0	0.0	0.01	0.0	0.0	0.01	0.0	0.0	0.0	0.0	0.0	0.0	0.0	0.0	0.0	0.0
Root; d__Bacteria; p__Bacteroidota; c__Bacteroidia; o__Chitinophagales; f__Saprospiraceae	0.0	0.0	0.0	0.0	0.03	0.0	0.02	0.0	0.0	0.0	0.02	0.0	0.02	0.0	0.0	0.0	0.02	0.0	0.0	0.0	0.0	0.0	0.0	0.0	0.0	0.0	0.0	0.0	0.0	0.0	0.0	0.02	0.0	0.0	0.0	0.0	0.0	0.0	0.0	0.0	0.0	0.0	0.0	0.0	0.0	0.0	0.0	0.0	0.0	0.0	0.0	0.0	0.0	0.0	0.0	0.0	0.0	0.0	0.0	0.0	0.0	0.0	0.0	0.0	0.0	0.0	0.0	0.0	0.0	0.0	0.0	0.0
Root; d__Bacteria; p__Verrucomicrobiota; c__Verrucomicrobiia; o__Limisphaerales; f__JAQGOV01	0.0	0.0	0.0	0.0	0.02	0.0	0.0	0.0	0.0	0.0	0.02	0.0	0.0	0.0	0.0	0.03	0.0	0.0	0.0	0.0	0.0	0.0	0.02	0.0	0.0	0.0	0.0	0.02	0.02	0.0	0.0	0.02	0.0	0.01	0.0	0.0	0.02	0.0	0.0	0.02	0.03	0.0	0.02	0.01	0.0	0.02	0.02	0.0	0.03	0.02	0.0	0.03	0.02	0.0	0.0	0.0	0.0	0.04	0.02	0.04	0.02	0.02	0.01	0.02	0.02	0.0	0.02	0.02	0.0	0.03	0.03	0.0
Root; d__Bacteria; p__Planctomycetota; c__Planctomycetia; o__Kolteriales; f__SPIREOTU_00053555	0.0	0.0	0.0	0.0	0.02	0.0	0.0	0.0	0.0	0.0	0.0	0.0	0.0	0.0	0.0	0.0	0.0	0.0	0.02	0.0	0.0	0.0	0.03	0.0	0.03	0.02	0.0	0.0	0.02	0.0	0.0	0.0	0.0	0.0	0.02	0.0	0.0	0.0	0.0	0.0	0.0	0.0	0.0	0.0	0.0	0.0	0.0	0.0	0.0	0.0	0.0	0.0	0.0	0.0	0.0	0.0	0.0	0.02	0.01	0.0	0.02	0.02	0.02	0.03	0.0	0.0	0.0	0.0	0.0	0.0	0.0	0.0
Root; d__Bacteria; p__Planctomycetota; c__J058; o__J058; f__J058	0.0	0.0	0.0	0.0	0.02	0.0	0.0	0.0	0.0	0.0	0.0	0.0	0.0	0.0	0.0	0.0	0.0	0.0	0.0	0.0	0.0	0.0	0.0	0.0	0.0	0.0	0.0	0.0	0.0	0.0	0.0	0.0	0.0	0.0	0.0	0.0	0.0	0.0	0.0	0.0	0.0	0.0	0.0	0.0	0.0	0.0	0.0	0.0	0.02	0.0	0.0	0.0	0.0	0.0	0.0	0.0	0.0	0.01	0.0	0.0	0.0	0.0	0.0	0.0	0.0	0.0	0.0	0.0	0.0	0.0	0.0	0.0
Root; d__Bacteria; p__Elusimicrobiota; c__Elusimicrobia; o__2-01-FULL-59-12; f__2-01-FULL-59-12	0.0	0.0	0.0	0.0	0.02	0.0	0.0	0.02	0.0	0.0	0.02	0.0	0.03	0.03	0.0	0.02	0.0	0.0	0.05	0.04	0.0	0.04	0.04	0.0	0.04	0.04	0.08	0.05	0.05	0.0	0.04	0.05	0.05	0.06	0.05	0.05	0.02	0.0	0.0	0.0	0.02	0.0	0.0	0.03	0.0	0.03	0.02	0.0	0.02	0.0	0.0	0.05	0.02	0.0	0.04	0.03	0.0	0.05	0.03	0.03	0.05	0.05	0.04	0.03	0.04	0.0	0.07	0.06	0.0	0.06	0.05	0.0
Root; d__Bacteria; p__Acidobacteriota; c__Vicinamibacteria; o__Vicinamibacterales; f__Fen-181	0.0	0.0	0.0	0.0	0.0	0.0	0.02	0.0	0.0	0.0	0.02	0.0	0.0	0.0	0.0	0.0	0.02	0.0	0.0	0.02	0.0	0.0	0.02	0.0	0.02	0.02	0.0	0.02	0.0	0.0	0.0	0.02	0.0	0.04	0.0	0.0	0.0	0.0	0.0	0.0	0.0	0.0	0.0	0.0	0.0	0.0	0.0	0.0	0.0	0.01	0.0	0.0	0.0	0.0	0.0	0.0	0.0	0.02	0.01	0.0	0.02	0.02	0.01	0.02	0.02	0.0	0.01	0.0	0.0	0.0	0.01	0.0
Root; d__Bacteria; p__Pseudomonadota; c__Alphaproteobacteria; o__Rhizobiales; f__Methylopilaceae	0.0	0.0	0.0	0.0	0.0	0.0	0.01	0.0	0.0	0.0	0.0	0.0	0.0	0.0	0.0	0.0	0.0	0.0	0.0	0.0	0.0	0.0	0.0	0.0	0.0	0.0	0.0	0.0	0.0	0.0	0.0	0.0	0.0	0.0	0.0	0.0	0.0	0.0	0.0	0.0	0.0	0.0	0.0	0.0	0.0	0.0	0.0	0.0	0.0	0.0	0.0	0.0	0.0	0.0	0.0	0.0	0.0	0.01	0.01	0.0	0.0	0.02	0.01	0.0	0.01	0.0	0.0	0.01	0.0	0.0	0.01	0.0
Root; d__Bacteria; p__Pseudomonadota; c__Alphaproteobacteria; o__Rhodospirillales; f__Rhodospirillaceae	0.0	0.0	0.0	0.0	0.0	0.0	0.02	0.01	0.0	0.02	0.0	0.0	0.0	0.0	0.0	0.03	0.02	0.0	0.0	0.02	0.0	0.02	0.0	0.0	0.0	0.02	0.0	0.0	0.02	0.0	0.03	0.0	0.0	0.0	0.02	0.0	0.03	0.03	0.0	0.04	0.02	0.0	0.03	0.04	0.0	0.04	0.04	0.06	0.06	0.03	0.0	0.04	0.03	0.0	0.03	0.03	0.0	0.05	0.04	0.02	0.04	0.04	0.02	0.02	0.03	0.0	0.04	0.04	0.0	0.04	0.04	0.04
Root; d__Bacteria; p__Pseudomonadota; c__Gammaproteobacteria; o__Pseudomonadales; f__Pseudohongiellaceae	0.0	0.0	0.0	0.0	0.0	0.0	0.02	0.0	0.0	0.0	0.0	0.0	0.0	0.0	0.0	0.0	0.0	0.0	0.0	0.0	0.0	0.0	0.0	0.0	0.0	0.0	0.0	0.0	0.0	0.0	0.0	0.0	0.0	0.0	0.0	0.0	0.0	0.0	0.0	0.0	0.0	0.0	0.0	0.0	0.0	0.0	0.0	0.0	0.0	0.0	0.0	0.0	0.0	0.0	0.0	0.0	0.0	0.0	0.0	0.0	0.0	0.0	0.0	0.0	0.0	0.0	0.0	0.0	0.0	0.0	0.0	0.0
Root; d__Bacteria; p__Pseudomonadota; c__Gammaproteobacteria; o__Enterobacterales; f__Enterobacteriaceae	0.0	0.0	0.0	0.0	0.0	0.0	0.02	0.0	0.0	0.02	0.02	0.0	0.0	0.0	0.0	0.0	0.0	0.0	0.0	0.0	0.0	0.0	0.0	0.0	0.0	0.0	0.0	0.0	0.0	0.0	0.0	0.0	0.0	0.0	0.0	0.0	0.0	0.0	0.0	0.0	0.0	0.0	0.0	0.0	0.0	0.0	0.0	0.0	0.0	0.0	0.0	0.0	0.0	0.0	0.0	0.0	0.0	0.0	0.0	0.0	0.0	0.0	0.0	0.39	0.37	0.38	0.0	0.0	0.0	0.0	0.0	0.0
Root; d__Bacteria; p__Bacillota; c__Bacilli; o__Bacillales; f__Pradoshiaceae	0.0	0.0	0.0	0.0	0.0	0.0	0.02	0.03	0.0	0.0	0.0	0.0	0.0	0.0	0.0	0.0	0.0	0.0	0.02	0.04	0.0	0.02	0.03	0.0	0.03	0.04	0.0	0.04	0.02	0.0	0.04	0.03	0.0	0.03	0.03	0.0	0.0	0.0	0.0	0.0	0.0	0.0	0.0	0.0	0.0	0.0	0.0	0.0	0.0	0.0	0.0	0.0	0.0	0.0	0.0	0.0	0.0	0.0	0.0	0.0	0.0	0.0	0.0	0.0	0.0	0.0	0.0	0.0	0.0	0.0	0.0	0.0
Root; d__Bacteria; p__Planctomycetota; c__Planctomycetia; o__Pirellulales; f__Thermoguttaceae	0.0	0.0	0.0	0.0	0.0	0.0	0.01	0.0	0.0	0.0	0.0	0.0	0.0	0.0	0.0	0.02	0.0	0.0	0.0	0.0	0.0	0.0	0.0	0.0	0.0	0.0	0.0	0.0	0.0	0.0	0.0	0.0	0.0	0.02	0.0	0.0	0.0	0.0	0.0	0.0	0.0	0.0	0.02	0.02	0.0	0.0	0.0	0.0	0.02	0.0	0.0	0.0	0.0	0.0	0.0	0.0	0.0	0.02	0.01	0.0	0.01	0.02	0.02	0.0	0.0	0.0	0.02	0.02	0.0	0.0	0.02	0.0
Root; d__Bacteria; p__Planctomycetota; c__Planctomycetia; o__Pirellulales; f__PNKZ01	0.0	0.0	0.0	0.0	0.0	0.0	0.02	0.0	0.0	0.02	0.03	0.0	0.0	0.0	0.0	0.03	0.03	0.0	0.03	0.0	0.0	0.02	0.0	0.0	0.02	0.0	0.0	0.02	0.02	0.0	0.02	0.0	0.0	0.0	0.0	0.0	0.04	0.0	0.0	0.0	0.02	0.0	0.02	0.03	0.0	0.0	0.04	0.0	0.03	0.03	0.0	0.02	0.03	0.0	0.0	0.03	0.0	0.02	0.03	0.0	0.02	0.02	0.05	0.03	0.02	0.0	0.02	0.01	0.0	0.02	0.0	0.0
Root; d__Bacteria; p__Verrucomicrobiota; c__Verrucomicrobiia; o__Limisphaerales; f__SIBE01	0.0	0.0	0.0	0.0	0.0	0.0	0.04	0.01	0.0	0.0	0.02	0.0	0.0	0.0	0.0	0.02	0.0	0.0	0.02	0.0	0.0	0.02	0.02	0.0	0.02	0.0	0.0	0.0	0.01	0.0	0.0	0.0	0.0	0.0	0.03	0.0	0.02	0.04	0.0	0.0	0.02	0.0	0.02	0.05	0.0	0.03	0.0	0.0	0.0	0.03	0.0	0.03	0.0	0.0	0.02	0.03	0.0	0.03	0.03	0.02	0.02	0.03	0.05	0.02	0.02	0.0	0.02	0.03	0.0	0.03	0.03	0.0
Root; d__Bacteria; p__Cyanobacteriota; c__Sericytochromatia; o__S15B-MN24; f__JAQBPE01	0.0	0.0	0.0	0.0	0.0	0.0	0.02	0.02	0.0	0.0	0.0	0.0	0.0	0.0	0.0	0.0	0.0	0.0	0.0	0.0	0.0	0.0	0.0	0.0	0.0	0.0	0.0	0.0	0.0	0.0	0.0	0.0	0.0	0.0	0.0	0.0	0.0	0.0	0.0	0.0	0.0	0.0	0.0	0.0	0.0	0.0	0.0	0.0	0.0	0.0	0.0	0.0	0.0	0.0	0.0	0.0	0.0	0.0	0.01	0.0	0.01	0.01	0.0	0.0	0.0	0.0	0.0	0.0	0.0	0.0	0.0	0.0
Root; d__Bacteria; p__Bdellovibrionota_B; c__Oligoflexia; o__Oligoflexales; f__Oligoflexaceae	0.0	0.0	0.0	0.0	0.0	0.0	0.02	0.0	0.0	0.0	0.0	0.0	0.0	0.0	0.0	0.0	0.0	0.0	0.0	0.0	0.0	0.0	0.0	0.0	0.0	0.0	0.0	0.0	0.0	0.0	0.0	0.0	0.0	0.0	0.0	0.0	0.0	0.0	0.0	0.0	0.0	0.0	0.0	0.0	0.0	0.0	0.0	0.0	0.0	0.0	0.0	0.0	0.0	0.0	0.0	0.0	0.0	0.0	0.0	0.0	0.0	0.0	0.0	0.0	0.0	0.0	0.0	0.0	0.0	0.0	0.0	0.0
Root; d__Bacteria; p__Bacillota; c__Bacilli; o__Bacillales; f__Bacillaceae_C	0.0	0.0	0.0	0.0	0.0	0.0	0.0	0.02	0.0	0.0	0.0	0.0	0.0	0.0	0.0	0.0	0.0	0.0	0.0	0.0	0.0	0.0	0.0	0.0	0.0	0.0	0.0	0.0	0.0	0.0	0.0	0.0	0.0	0.0	0.0	0.0	0.0	0.0	0.0	0.0	0.0	0.0	0.0	0.0	0.0	0.0	0.0	0.0	0.0	0.0	0.0	0.0	0.0	0.0	0.0	0.0	0.0	0.0	0.0	0.0	0.0	0.0	0.0	0.0	0.0	0.0	0.0	0.0	0.0	0.0	0.0	0.0
Root; d__Bacteria; p__Acidobacteriota; c__Thermoanaerobaculia; o__UBA5066; f__Gp7-AA6	0.0	0.0	0.0	0.0	0.0	0.0	0.0	0.02	0.0	0.0	0.0	0.0	0.0	0.0	0.0	0.0	0.0	0.0	0.0	0.02	0.0	0.0	0.0	0.0	0.02	0.0	0.0	0.02	0.0	0.0	0.02	0.0	0.0	0.0	0.0	0.0	0.04	0.0	0.0	0.03	0.03	0.0	0.02	0.02	0.0	0.0	0.02	0.0	0.02	0.0	0.0	0.02	0.02	0.0	0.0	0.0	0.0	0.02	0.03	0.0	0.02	0.02	0.02	0.0	0.01	0.0	0.02	0.03	0.0	0.0	0.0	0.0
Root; d__Bacteria; p__Verrucomicrobiota; c__Verrucomicrobiia; o__Limisphaerales; f__CANJXF01	0.0	0.0	0.0	0.0	0.0	0.0	0.0	0.01	0.0	0.0	0.0	0.0	0.0	0.0	0.0	0.03	0.0	0.0	0.0	0.0	0.0	0.0	0.0	0.0	0.0	0.0	0.0	0.0	0.02	0.0	0.0	0.0	0.0	0.0	0.0	0.0	0.0	0.0	0.0	0.0	0.0	0.0	0.0	0.0	0.0	0.0	0.0	0.0	0.0	0.0	0.0	0.0	0.0	0.0	0.0	0.0	0.0	0.0	0.01	0.0	0.0	0.0	0.0	0.0	0.0	0.0	0.0	0.0	0.0	0.01	0.0	0.0
Root; d__Bacteria; p__Planctomycetota; c__UBA1135; o__UBA1135; f__UBA2386	0.0	0.0	0.0	0.0	0.0	0.0	0.0	0.0	0.0	0.02	0.0	0.0	0.0	0.03	0.0	0.0	0.02	0.0	0.0	0.0	0.0	0.0	0.02	0.0	0.0	0.02	0.0	0.0	0.0	0.0	0.02	0.0	0.0	0.0	0.0	0.0	0.0	0.0	0.0	0.0	0.0	0.0	0.0	0.0	0.0	0.0	0.0	0.0	0.0	0.0	0.0	0.0	0.0	0.0	0.0	0.0	0.0	0.01	0.0	0.0	0.0	0.0	0.0	0.0	0.0	0.0	0.0	0.0	0.0	0.0	0.0	0.0
Root; d__Bacteria; p__Planctomycetota; c__PLA2; o__PLA2; f__JAEUHO01	0.0	0.0	0.0	0.0	0.0	0.0	0.0	0.0	0.0	0.02	0.0	0.0	0.0	0.0	0.0	0.0	0.0	0.0	0.03	0.0	0.0	0.02	0.0	0.0	0.0	0.0	0.0	0.0	0.0	0.0	0.0	0.0	0.0	0.0	0.03	0.0	0.0	0.0	0.0	0.0	0.0	0.0	0.0	0.0	0.0	0.0	0.0	0.0	0.0	0.0	0.0	0.0	0.0	0.0	0.0	0.0	0.0	0.02	0.02	0.03	0.02	0.02	0.0	0.02	0.0	0.0	0.02	0.02	0.0	0.01	0.01	0.0
Root; d__Bacteria; p__Actinomycetota; c__Thermoleophilia; o__Gaiellales; f__SKUG01	0.0	0.0	0.0	0.0	0.0	0.0	0.0	0.0	0.0	0.03	0.03	0.0	0.0	0.0	0.0	0.0	0.0	0.0	0.0	0.02	0.0	0.05	0.0	0.0	0.0	0.0	0.0	0.0	0.03	0.0	0.04	0.02	0.0	0.02	0.0	0.0	0.0	0.02	0.0	0.02	0.02	0.0	0.0	0.03	0.0	0.0	0.02	0.0	0.03	0.04	0.0	0.0	0.0	0.0	0.0	0.02	0.0	0.01	0.01	0.0	0.02	0.01	0.0	0.0	0.0	0.0	0.01	0.0	0.0	0.0	0.01	0.0
Root; d__Bacteria; p__Actinomycetota; c__Actinomycetes; o__Actinomycetales; f__Dermabacteraceae	0.0	0.0	0.0	0.0	0.0	0.0	0.0	0.0	0.0	0.02	0.0	0.0	0.0	0.0	0.0	0.0	0.0	0.0	0.0	0.0	0.0	0.0	0.0	0.0	0.0	0.0	0.0	0.0	0.0	0.0	0.0	0.0	0.0	0.0	0.0	0.0	0.0	0.0	0.0	0.0	0.0	0.0	0.0	0.0	0.0	0.0	0.0	0.0	0.0	0.0	0.0	0.0	0.0	0.0	0.0	0.0	0.0	0.01	0.01	0.0	0.01	0.01	0.0	0.0	0.0	0.0	0.0	0.0	0.0	0.0	0.0	0.0
Root; d__Bacteria; p__Actinomycetota; c__Actinomycetes; o__Propionibacteriales; f__DAIQRJ01	0.0	0.0	0.0	0.0	0.0	0.0	0.0	0.0	0.0	0.01	0.0	0.0	0.0	0.0	0.0	0.0	0.0	0.0	0.0	0.0	0.0	0.0	0.0	0.0	0.0	0.0	0.0	0.0	0.01	0.0	0.0	0.02	0.0	0.0	0.02	0.0	0.0	0.0	0.0	0.0	0.0	0.0	0.0	0.0	0.0	0.0	0.0	0.0	0.0	0.0	0.0	0.0	0.0	0.0	0.0	0.0	0.0	0.0	0.0	0.0	0.0	0.0	0.0	0.0	0.0	0.0	0.0	0.0	0.0	0.0	0.0	0.0
Root; d__Bacteria; p__Actinomycetota; c__Actinomycetes; o__Prado026; f__Prado026	0.0	0.0	0.0	0.0	0.0	0.0	0.0	0.0	0.0	0.02	0.0	0.0	0.0	0.0	0.0	0.0	0.0	0.0	0.0	0.02	0.0	0.02	0.0	0.0	0.02	0.03	0.0	0.0	0.0	0.0	0.0	0.0	0.0	0.0	0.02	0.0	0.0	0.0	0.0	0.02	0.0	0.0	0.0	0.0	0.0	0.0	0.0	0.0	0.0	0.01	0.0	0.0	0.0	0.0	0.0	0.02	0.0	0.01	0.02	0.0	0.01	0.01	0.01	0.02	0.0	0.0	0.01	0.02	0.0	0.02	0.01	0.0
Root; d__Bacteria; p__Actinomycetota; c__Acidimicrobiia; o__Acidimicrobiales; f__Bog-793	0.0	0.0	0.0	0.0	0.0	0.0	0.0	0.0	0.0	0.03	0.0	0.0	0.0	0.0	0.0	0.0	0.0	0.0	0.0	0.0	0.0	0.02	0.02	0.0	0.02	0.0	0.0	0.0	0.0	0.0	0.02	0.02	0.0	0.0	0.0	0.0	0.0	0.0	0.0	0.0	0.0	0.0	0.0	0.02	0.0	0.0	0.0	0.0	0.0	0.0	0.0	0.0	0.0	0.0	0.0	0.0	0.0	0.02	0.02	0.0	0.02	0.02	0.0	0.0	0.02	0.0	0.0	0.0	0.0	0.0	0.0	0.0
Root; d__Bacteria; p__Actinomycetota; c__Acidimicrobiia; o__IMCC26256; f__BP-133	0.0	0.0	0.0	0.0	0.0	0.0	0.0	0.0	0.0	0.02	0.02	0.0	0.06	0.03	0.0	0.11	0.08	0.07	0.0	0.0	0.0	0.0	0.0	0.0	0.0	0.0	0.0	0.0	0.0	0.0	0.0	0.0	0.0	0.0	0.0	0.0	0.06	0.06	0.04	0.09	0.06	0.05	0.07	0.09	0.05	0.17	0.23	0.18	0.19	0.21	0.22	0.16	0.18	0.1	0.04	0.04	0.08	0.09	0.09	0.04	0.08	0.06	0.06	0.11	0.12	0.1	0.11	0.15	0.11	0.13	0.15	0.09
Root; d__Bacteria; p__Chloroflexota; c__UBA6077; o__UBA6077; f__SHYK01	0.0	0.0	0.0	0.0	0.0	0.0	0.0	0.0	0.0	0.03	0.02	0.0	0.0	0.04	0.0	0.02	0.02	0.0	0.02	0.03	0.0	0.0	0.0	0.0	0.02	0.04	0.0	0.02	0.02	0.0	0.02	0.02	0.0	0.03	0.02	0.0	0.02	0.03	0.0	0.03	0.05	0.0	0.05	0.05	0.0	0.04	0.04	0.0	0.04	0.04	0.0	0.02	0.04	0.07	0.04	0.02	0.0	0.05	0.05	0.05	0.04	0.04	0.03	0.03	0.06	0.0	0.04	0.03	0.04	0.06	0.07	0.04
Root; d__Bacteria; p__Patescibacteriota; c__Saccharimonadia; o__Saccharimonadales; f__UBA10212	0.0	0.0	0.0	0.0	0.0	0.0	0.0	0.0	0.0	0.02	0.0	0.0	0.0	0.0	0.0	0.05	0.05	0.0	0.05	0.05	0.0	0.05	0.07	0.0	0.06	0.06	0.05	0.04	0.05	0.0	0.07	0.06	0.0	0.06	0.03	0.05	0.14	0.19	0.21	0.13	0.17	0.13	0.14	0.13	0.1	0.25	0.14	0.08	0.17	0.15	0.05	0.18	0.16	0.09	0.1	0.14	0.06	0.11	0.1	0.11	0.1	0.12	0.11	0.09	0.1	0.07	0.06	0.09	0.15	0.09	0.07	0.1
Root; d__Bacteria; p__Desulfobacterota; c__Binatia; o__Bin18; f__Bin18	0.0	0.0	0.0	0.0	0.0	0.0	0.0	0.0	0.0	0.02	0.02	0.0	0.0	0.0	0.0	0.02	0.02	0.0	0.0	0.0	0.0	0.0	0.0	0.0	0.02	0.0	0.0	0.0	0.0	0.0	0.0	0.0	0.0	0.0	0.0	0.0	0.02	0.0	0.0	0.0	0.02	0.0	0.0	0.02	0.0	0.02	0.0	0.0	0.0	0.0	0.0	0.03	0.0	0.0	0.03	0.03	0.0	0.03	0.02	0.02	0.03	0.03	0.02	0.02	0.03	0.0	0.04	0.03	0.0	0.02	0.03	0.0
Root; d__Bacteria; p__Pseudomonadota; c__Alphaproteobacteria; o__SMXQ01; f__SMXQ01	0.0	0.0	0.0	0.0	0.0	0.0	0.0	0.0	0.0	0.02	0.0	0.0	0.0	0.0	0.0	0.0	0.0	0.0	0.0	0.0	0.0	0.0	0.0	0.0	0.0	0.0	0.0	0.0	0.0	0.0	0.0	0.0	0.0	0.0	0.0	0.0	0.0	0.0	0.0	0.0	0.02	0.0	0.02	0.0	0.0	0.0	0.0	0.0	0.0	0.0	0.0	0.0	0.0	0.0	0.0	0.0	0.0	0.0	0.01	0.0	0.01	0.01	0.0	0.0	0.0	0.0	0.0	0.0	0.0	0.0	0.0	0.0
Root; d__Bacteria; p__Actinomycetota; c__Actinomycetes; o__Actinomycetales; f__CAWJMD01	0.0	0.0	0.0	0.0	0.0	0.0	0.0	0.0	0.0	0.0	0.02	0.0	0.0	0.0	0.0	0.0	0.0	0.0	0.0	0.0	0.0	0.0	0.0	0.0	0.0	0.0	0.0	0.0	0.0	0.0	0.0	0.0	0.0	0.0	0.0	0.0	0.0	0.01	0.0	0.01	0.0	0.0	0.0	0.02	0.0	0.0	0.0	0.0	0.01	0.0	0.0	0.0	0.01	0.0	0.0	0.0	0.0	0.01	0.01	0.0	0.01	0.01	0.02	0.0	0.0	0.0	0.0	0.0	0.0	0.01	0.0	0.0
Root; d__Bacteria; p__Actinomycetota; c__UBA4738; o__UBA4738; f__JBJMLN01	0.0	0.0	0.0	0.0	0.0	0.0	0.0	0.0	0.0	0.0	0.03	0.0	0.02	0.02	0.0	0.03	0.03	0.0	0.03	0.02	0.0	0.02	0.0	0.0	0.0	0.0	0.0	0.02	0.0	0.0	0.0	0.03	0.0	0.02	0.0	0.0	0.08	0.05	0.05	0.07	0.06	0.0	0.08	0.07	0.05	0.07	0.07	0.0	0.05	0.07	0.0	0.06	0.08	0.08	0.06	0.06	0.0	0.1	0.09	0.07	0.09	0.08	0.08	0.06	0.1	0.0	0.07	0.08	0.06	0.08	0.09	0.05
Root; d__Bacteria; p__Planctomycetota; c__SZUA-567; o__H5-PLA8; f__H5-PLA8	0.0	0.0	0.0	0.0	0.0	0.0	0.0	0.0	0.0	0.0	0.02	0.0	0.0	0.0	0.0	0.0	0.03	0.0	0.0	0.02	0.0	0.0	0.02	0.0	0.0	0.0	0.0	0.0	0.0	0.0	0.0	0.0	0.0	0.02	0.0	0.0	0.03	0.03	0.0	0.02	0.02	0.0	0.04	0.03	0.0	0.03	0.0	0.0	0.02	0.02	0.0	0.03	0.04	0.0	0.03	0.05	0.0	0.05	0.04	0.03	0.05	0.04	0.04	0.03	0.05	0.0	0.05	0.05	0.0	0.06	0.04	0.07
Root; d__Bacteria; p__Acidobacteriota; c__Blastocatellia; o__UBA7656; f__UBA7656	0.0	0.0	0.0	0.0	0.0	0.0	0.0	0.0	0.0	0.0	0.03	0.0	0.0	0.0	0.0	0.05	0.06	0.06	0.0	0.0	0.0	0.0	0.0	0.0	0.03	0.0	0.0	0.0	0.0	0.0	0.0	0.0	0.0	0.0	0.0	0.0	0.11	0.16	0.08	0.09	0.1	0.15	0.08	0.13	0.07	0.16	0.11	0.13	0.13	0.13	0.08	0.12	0.11	0.12	0.09	0.07	0.05	0.09	0.09	0.09	0.08	0.12	0.07	0.09	0.1	0.07	0.07	0.14	0.15	0.1	0.09	0.05
Root; d__Bacteria; p__Bacteroidota; c__Ignavibacteria; o__OLB7; f__OLB7	0.0	0.0	0.0	0.0	0.0	0.0	0.0	0.0	0.0	0.0	0.02	0.0	0.0	0.0	0.0	0.02	0.02	0.0	0.0	0.0	0.0	0.0	0.0	0.0	0.0	0.0	0.0	0.0	0.0	0.0	0.0	0.0	0.0	0.0	0.0	0.0	0.03	0.0	0.0	0.03	0.02	0.0	0.03	0.03	0.0	0.02	0.03	0.0	0.02	0.05	0.0	0.03	0.03	0.0	0.0	0.03	0.0	0.03	0.02	0.0	0.02	0.04	0.03	0.03	0.03	0.0	0.02	0.03	0.0	0.02	0.04	0.0
Root; d__Bacteria; p__Verrucomicrobiota; c__Verrucomicrobiia; o__Limisphaerales; f__JADJPG01	0.0	0.0	0.0	0.0	0.0	0.0	0.0	0.0	0.0	0.0	0.03	0.0	0.0	0.0	0.0	0.0	0.01	0.0	0.0	0.0	0.0	0.0	0.02	0.0	0.0	0.0	0.0	0.0	0.0	0.0	0.0	0.0	0.0	0.0	0.0	0.0	0.0	0.0	0.0	0.0	0.0	0.0	0.0	0.0	0.0	0.0	0.0	0.0	0.0	0.0	0.0	0.0	0.0	0.0	0.0	0.0	0.0	0.01	0.01	0.0	0.01	0.0	0.0	0.0	0.01	0.0	0.0	0.0	0.0	0.0	0.0	0.0
Root; d__Bacteria; p__Armatimonadota; c__Chthonomonadetes; o__Chthonomonadales; f__CAJBBX01	0.0	0.0	0.0	0.0	0.0	0.0	0.0	0.0	0.0	0.0	0.02	0.0	0.0	0.0	0.0	0.02	0.0	0.0	0.0	0.0	0.0	0.0	0.0	0.0	0.02	0.0	0.0	0.0	0.0	0.0	0.02	0.0	0.0	0.0	0.0	0.0	0.0	0.02	0.0	0.0	0.0	0.0	0.02	0.0	0.0	0.03	0.0	0.0	0.02	0.0	0.0	0.0	0.0	0.0	0.05	0.03	0.0	0.04	0.04	0.02	0.04	0.03	0.04	0.04	0.06	0.04	0.06	0.04	0.0	0.05	0.06	0.0
Root; d__Bacteria; p__Elusimicrobiota; c__Elusimicrobia; o__UBA1565; f__UBA9628	0.0	0.0	0.0	0.0	0.0	0.0	0.0	0.0	0.0	0.0	0.02	0.0	0.02	0.0	0.0	0.02	0.0	0.0	0.02	0.0	0.0	0.02	0.0	0.0	0.0	0.02	0.0	0.0	0.02	0.0	0.02	0.03	0.0	0.02	0.03	0.05	0.02	0.02	0.0	0.0	0.0	0.0	0.02	0.01	0.0	0.04	0.02	0.0	0.02	0.02	0.0	0.02	0.02	0.0	0.02	0.0	0.0	0.02	0.02	0.0	0.02	0.02	0.02	0.02	0.0	0.0	0.0	0.02	0.0	0.01	0.04	0.0
Root; d__Bacteria; p__Tectomicrobia; c__Entotheonellia; o__Entotheonellales; f__Entotheonellaceae	0.0	0.0	0.0	0.0	0.0	0.0	0.0	0.0	0.0	0.0	0.02	0.0	0.0	0.0	0.0	0.0	0.0	0.0	0.0	0.0	0.0	0.0	0.0	0.0	0.0	0.0	0.0	0.0	0.0	0.0	0.0	0.0	0.0	0.0	0.0	0.0	0.0	0.0	0.0	0.0	0.0	0.0	0.0	0.0	0.0	0.0	0.0	0.0	0.0	0.0	0.0	0.0	0.0	0.0	0.0	0.0	0.0	0.01	0.01	0.0	0.01	0.0	0.0	0.0	0.0	0.0	0.02	0.0	0.0	0.0	0.0	0.0
Root; d__Bacteria; p__Actinomycetota; c__Acidimicrobiia; o__Acidimicrobiales; f__JAUTXP01	0.0	0.0	0.0	0.0	0.0	0.0	0.0	0.0	0.0	0.0	0.0	0.0	0.02	0.0	0.0	0.0	0.0	0.0	0.0	0.0	0.0	0.0	0.0	0.0	0.0	0.0	0.0	0.0	0.0	0.0	0.0	0.0	0.0	0.0	0.0	0.0	0.0	0.0	0.0	0.0	0.0	0.0	0.0	0.0	0.0	0.0	0.0	0.0	0.0	0.0	0.0	0.0	0.0	0.0	0.0	0.0	0.0	0.0	0.01	0.0	0.01	0.01	0.0	0.0	0.0	0.0	0.0	0.0	0.0	0.0	0.0	0.0
Root; d__Bacteria; p__Desulfobacterota; c__Binatia; o__DP-6; f__DP-6	0.0	0.0	0.0	0.0	0.0	0.0	0.0	0.0	0.0	0.0	0.0	0.0	0.0	0.0	0.0	0.02	0.0	0.0	0.0	0.0	0.0	0.0	0.0	0.0	0.0	0.0	0.0	0.0	0.0	0.0	0.0	0.02	0.0	0.0	0.0	0.0	0.0	0.0	0.0	0.0	0.0	0.0	0.02	0.0	0.0	0.0	0.02	0.0	0.02	0.0	0.0	0.0	0.02	0.0	0.0	0.0	0.0	0.02	0.03	0.02	0.03	0.02	0.01	0.02	0.01	0.0	0.01	0.0	0.0	0.04	0.02	0.0
Root; d__Bacteria; p__Actinomycetota; c__Actinomycetes; o__JAWWOW01; f__JAWWOW01	0.0	0.0	0.0	0.0	0.0	0.0	0.0	0.0	0.0	0.0	0.0	0.0	0.0	0.0	0.0	0.02	0.0	0.0	0.02	0.03	0.0	0.02	0.0	0.0	0.0	0.0	0.0	0.02	0.02	0.0	0.02	0.03	0.0	0.0	0.0	0.0	0.0	0.02	0.0	0.02	0.02	0.0	0.02	0.0	0.0	0.02	0.02	0.0	0.04	0.02	0.0	0.0	0.03	0.0	0.02	0.0	0.0	0.03	0.02	0.0	0.01	0.02	0.0	0.01	0.0	0.0	0.02	0.02	0.0	0.02	0.02	0.0
Root; d__Bacteria; p__Pseudomonadota; c__Alphaproteobacteria; o__Caulobacterales; f__Aquidulcibacteraceae	0.0	0.0	0.0	0.0	0.0	0.0	0.0	0.0	0.0	0.0	0.0	0.0	0.0	0.0	0.0	0.03	0.02	0.0	0.0	0.0	0.0	0.0	0.0	0.0	0.0	0.0	0.0	0.0	0.0	0.0	0.0	0.0	0.0	0.0	0.0	0.0	0.02	0.03	0.0	0.03	0.03	0.0	0.04	0.04	0.0	0.04	0.03	0.0	0.02	0.04	0.0	0.02	0.02	0.0	0.02	0.0	0.0	0.02	0.03	0.03	0.03	0.03	0.02	0.03	0.02	0.04	0.02	0.01	0.0	0.02	0.02	0.0
Root; d__Bacteria; p__Pseudomonadota; c__Alphaproteobacteria; o__Micavibrionales; f__Micavibrionaceae	0.0	0.0	0.0	0.0	0.0	0.0	0.0	0.0	0.0	0.0	0.0	0.0	0.0	0.0	0.0	0.02	0.0	0.0	0.0	0.0	0.0	0.0	0.0	0.0	0.0	0.0	0.0	0.0	0.0	0.0	0.0	0.0	0.0	0.0	0.0	0.0	0.02	0.0	0.0	0.0	0.02	0.0	0.0	0.0	0.0	0.02	0.04	0.0	0.0	0.02	0.0	0.02	0.0	0.0	0.0	0.0	0.0	0.0	0.01	0.0	0.0	0.01	0.0	0.0	0.0	0.0	0.02	0.0	0.0	0.0	0.0	0.0
Root; d__Bacteria; p__Pseudomonadota; c__Gammaproteobacteria; o__Burkholderiales; f__Burkholderiaceae_F	0.0	0.0	0.0	0.0	0.0	0.0	0.0	0.0	0.0	0.0	0.0	0.0	0.0	0.0	0.0	0.01	0.02	0.0	0.0	0.02	0.0	0.0	0.0	0.0	0.0	0.0	0.0	0.0	0.0	0.0	0.0	0.0	0.0	0.0	0.0	0.0	0.0	0.02	0.0	0.0	0.0	0.0	0.0	0.0	0.0	0.0	0.0	0.0	0.0	0.0	0.0	0.0	0.0	0.0	0.0	0.0	0.0	0.01	0.02	0.02	0.02	0.02	0.02	0.0	0.0	0.0	0.0	0.0	0.0	0.02	0.0	0.0
Root; d__Bacteria; p__Pseudomonadota; c__Gammaproteobacteria; o__Nevskiales; f__Nevskiaceae	0.0	0.0	0.0	0.0	0.0	0.0	0.0	0.0	0.0	0.0	0.0	0.0	0.0	0.0	0.0	0.03	0.0	0.0	0.0	0.0	0.0	0.0	0.0	0.0	0.0	0.0	0.0	0.0	0.0	0.0	0.0	0.0	0.0	0.0	0.0	0.0	0.0	0.0	0.0	0.02	0.0	0.0	0.02	0.0	0.0	0.0	0.0	0.0	0.03	0.03	0.0	0.03	0.02	0.0	0.02	0.04	0.0	0.04	0.06	0.0	0.05	0.04	0.03	0.04	0.04	0.0	0.04	0.08	0.04	0.09	0.06	0.0
Root; d__Bacteria; p__Bacillota; c__Bacilli; o__Bacillales; f__Bacillaceae_L	0.0	0.0	0.0	0.0	0.0	0.0	0.0	0.0	0.0	0.0	0.0	0.0	0.0	0.0	0.0	0.01	0.0	0.0	0.0	0.0	0.0	0.0	0.0	0.0	0.0	0.0	0.0	0.0	0.0	0.0	0.0	0.0	0.0	0.0	0.0	0.0	0.0	0.0	0.0	0.0	0.0	0.0	0.0	0.0	0.0	0.0	0.0	0.0	0.0	0.0	0.0	0.0	0.0	0.0	0.0	0.0	0.0	0.0	0.0	0.0	0.01	0.0	0.0	0.0	0.0	0.0	0.0	0.0	0.0	0.0	0.0	0.0
Root; d__Bacteria; p__Acidobacteriota; c__Terriglobia; o__Acidiferrales; f__UBA7541	0.0	0.0	0.0	0.0	0.0	0.0	0.0	0.0	0.0	0.0	0.0	0.0	0.0	0.0	0.0	0.02	0.0	0.0	0.0	0.0	0.0	0.0	0.0	0.0	0.0	0.0	0.0	0.0	0.0	0.0	0.0	0.0	0.0	0.0	0.0	0.0	0.04	0.03	0.0	0.04	0.03	0.0	0.03	0.03	0.0	0.05	0.05	0.0	0.07	0.03	0.05	0.01	0.03	0.0	0.05	0.04	0.0	0.06	0.06	0.02	0.05	0.05	0.05	0.08	0.06	0.04	0.06	0.06	0.04	0.06	0.06	0.04
Root; d__Bacteria; p__Verrucomicrobiota; c__Verrucomicrobiia; o__Limisphaerales; f__DATENK01	0.0	0.0	0.0	0.0	0.0	0.0	0.0	0.0	0.0	0.0	0.0	0.0	0.0	0.0	0.0	0.03	0.02	0.0	0.0	0.0	0.0	0.0	0.0	0.0	0.0	0.0	0.0	0.0	0.0	0.0	0.0	0.0	0.0	0.0	0.0	0.0	0.0	0.0	0.0	0.0	0.0	0.0	0.0	0.0	0.0	0.0	0.02	0.0	0.0	0.0	0.0	0.0	0.0	0.0	0.0	0.0	0.0	0.01	0.01	0.0	0.01	0.01	0.0	0.03	0.0	0.0	0.02	0.0	0.0	0.0	0.02	0.0
Root; d__Bacteria; p__Verrucomicrobiota; c__Verrucomicrobiia; o__Limisphaerales; f__Palsa-1400	0.0	0.0	0.0	0.0	0.0	0.0	0.0	0.0	0.0	0.0	0.0	0.0	0.0	0.0	0.0	0.02	0.0	0.0	0.0	0.0	0.0	0.0	0.0	0.0	0.02	0.03	0.0	0.0	0.0	0.0	0.0	0.0	0.0	0.02	0.0	0.0	0.0	0.01	0.0	0.0	0.0	0.0	0.0	0.01	0.0	0.0	0.0	0.0	0.03	0.02	0.0	0.0	0.02	0.0	0.0	0.0	0.0	0.02	0.01	0.0	0.02	0.01	0.0	0.0	0.02	0.0	0.02	0.03	0.0	0.03	0.01	0.0
Root; d__Bacteria; p__Patescibacteriota; c__Minisyncoccia; o__Phycocordibacterales; f__Phycocordibacteraceae	0.0	0.0	0.0	0.0	0.0	0.0	0.0	0.0	0.0	0.0	0.0	0.0	0.0	0.0	0.0	0.02	0.0	0.0	0.03	0.03	0.0	0.03	0.0	0.0	0.02	0.0	0.0	0.02	0.02	0.0	0.02	0.0	0.0	0.02	0.02	0.0	0.0	0.02	0.0	0.0	0.03	0.0	0.02	0.0	0.0	0.02	0.0	0.0	0.03	0.0	0.0	0.02	0.02	0.0	0.0	0.0	0.0	0.01	0.01	0.0	0.01	0.01	0.02	0.0	0.02	0.0	0.01	0.0	0.0	0.0	0.0	0.0
Root; d__Bacteria; p__Babelota; c__Babeliae; o__Babelales; f__Babelaceae	0.0	0.0	0.0	0.0	0.0	0.0	0.0	0.0	0.0	0.0	0.0	0.0	0.0	0.0	0.0	0.03	0.02	0.0	0.0	0.0	0.0	0.0	0.0	0.0	0.0	0.0	0.0	0.0	0.0	0.0	0.0	0.0	0.0	0.0	0.0	0.0	0.05	0.08	0.04	0.05	0.07	0.0	0.07	0.06	0.0	0.09	0.09	0.0	0.08	0.07	0.08	0.06	0.07	0.05	0.04	0.06	0.0	0.03	0.03	0.02	0.03	0.03	0.02	0.02	0.0	0.0	0.02	0.02	0.0	0.02	0.02	0.0
Root; d__Bacteria; p__Planctomycetota; c__Planctomycetia; o__Pirellulales; f__JADZDJ01	0.0	0.0	0.0	0.0	0.0	0.0	0.0	0.0	0.0	0.0	0.0	0.0	0.0	0.0	0.0	0.0	0.02	0.0	0.0	0.0	0.0	0.0	0.0	0.0	0.0	0.0	0.0	0.0	0.0	0.0	0.0	0.0	0.0	0.0	0.0	0.0	0.02	0.02	0.0	0.02	0.03	0.0	0.02	0.05	0.0	0.03	0.0	0.0	0.02	0.03	0.0	0.03	0.03	0.0	0.0	0.0	0.0	0.02	0.02	0.0	0.02	0.03	0.0	0.0	0.0	0.0	0.0	0.02	0.0	0.0	0.0	0.0
Root; d__Bacteria; p__Actinomycetota; c__Acidimicrobiia; o__Acidimicrobiales; f__JACCXE01	0.0	0.0	0.0	0.0	0.0	0.0	0.0	0.0	0.0	0.0	0.0	0.0	0.0	0.0	0.0	0.0	0.02	0.0	0.0	0.0	0.0	0.0	0.0	0.0	0.0	0.0	0.0	0.0	0.0	0.0	0.0	0.0	0.0	0.0	0.0	0.0	0.02	0.02	0.0	0.02	0.0	0.0	0.0	0.0	0.0	0.0	0.02	0.0	0.04	0.0	0.0	0.03	0.02	0.0	0.04	0.05	0.04	0.05	0.06	0.08	0.04	0.05	0.03	0.05	0.06	0.08	0.1	0.08	0.06	0.07	0.09	0.04
Root; d__Bacteria; p__Verrucomicrobiota; c__Verrucomicrobiia; o__Limisphaerales; f__JACDHS01	0.0	0.0	0.0	0.0	0.0	0.0	0.0	0.0	0.0	0.0	0.0	0.0	0.0	0.0	0.0	0.0	0.01	0.0	0.0	0.0	0.0	0.0	0.0	0.0	0.0	0.0	0.0	0.0	0.0	0.0	0.0	0.0	0.0	0.0	0.02	0.0	0.0	0.0	0.0	0.0	0.0	0.0	0.0	0.0	0.0	0.0	0.0	0.0	0.0	0.0	0.0	0.0	0.0	0.0	0.0	0.0	0.0	0.0	0.01	0.0	0.01	0.0	0.0	0.0	0.0	0.0	0.0	0.0	0.0	0.0	0.0	0.0
Root; d__Bacteria; p__Bacteroidota; c__Bacteroidia; o__B-17B0; f__Aurantibacillaceae	0.0	0.0	0.0	0.0	0.0	0.0	0.0	0.0	0.0	0.0	0.0	0.0	0.0	0.0	0.0	0.0	0.03	0.0	0.03	0.05	0.0	0.0	0.03	0.0	0.04	0.04	0.0	0.04	0.05	0.0	0.02	0.04	0.0	0.03	0.03	0.0	0.03	0.05	0.0	0.03	0.06	0.0	0.04	0.04	0.0	0.0	0.0	0.0	0.02	0.03	0.0	0.02	0.02	0.0	0.06	0.06	0.05	0.07	0.07	0.05	0.03	0.06	0.06	0.06	0.03	0.0	0.05	0.03	0.04	0.04	0.06	0.0
Root; d__Bacteria; p__Patescibacteriota; c__Doudnabacteria; o__UBA920; f__UBA920	0.0	0.0	0.0	0.0	0.0	0.0	0.0	0.0	0.0	0.0	0.0	0.0	0.0	0.0	0.0	0.0	0.02	0.0	0.02	0.02	0.0	0.0	0.0	0.0	0.02	0.02	0.0	0.02	0.0	0.0	0.02	0.02	0.0	0.03	0.0	0.0	0.0	0.0	0.0	0.0	0.03	0.0	0.02	0.0	0.0	0.0	0.03	0.0	0.03	0.02	0.0	0.03	0.0	0.0	0.0	0.0	0.0	0.01	0.01	0.0	0.02	0.01	0.02	0.02	0.0	0.0	0.0	0.02	0.0	0.01	0.0	0.0
Root; d__Bacteria; p__Actinomycetota; c__Actinomycetes; o__CAVWCF01; f__CAVWCF01	0.0	0.0	0.0	0.0	0.0	0.0	0.0	0.0	0.0	0.0	0.0	0.0	0.0	0.0	0.0	0.0	0.0	0.0	0.01	0.0	0.0	0.0	0.0	0.0	0.0	0.0	0.0	0.0	0.0	0.0	0.0	0.0	0.0	0.0	0.0	0.0	0.0	0.0	0.0	0.0	0.0	0.0	0.0	0.0	0.0	0.0	0.0	0.0	0.0	0.0	0.0	0.0	0.0	0.0	0.0	0.02	0.0	0.0	0.0	0.0	0.0	0.0	0.0	0.0	0.0	0.0	0.0	0.0	0.0	0.0	0.0	0.0
Root; d__Bacteria; p__Actinomycetota; c__Acidimicrobiia; o__Acidimicrobiales; f__GCA-2861595	0.0	0.0	0.0	0.0	0.0	0.0	0.0	0.0	0.0	0.0	0.0	0.0	0.0	0.0	0.0	0.0	0.0	0.0	0.02	0.02	0.0	0.0	0.0	0.0	0.02	0.0	0.0	0.0	0.02	0.0	0.0	0.0	0.0	0.02	0.0	0.0	0.02	0.0	0.0	0.0	0.02	0.0	0.0	0.0	0.0	0.0	0.0	0.0	0.0	0.01	0.0	0.0	0.02	0.0	0.0	0.0	0.0	0.02	0.01	0.0	0.01	0.02	0.0	0.0	0.0	0.0	0.01	0.0	0.0	0.01	0.0	0.0
Root; d__Bacteria; p__Patescibacteriota; c__Minisyncoccia; o__Phycocordibacterales; f__SBAW01	0.0	0.0	0.0	0.0	0.0	0.0	0.0	0.0	0.0	0.0	0.0	0.0	0.0	0.0	0.0	0.0	0.0	0.0	0.03	0.0	0.0	0.0	0.02	0.0	0.02	0.02	0.0	0.0	0.0	0.0	0.02	0.03	0.0	0.0	0.0	0.0	0.03	0.02	0.0	0.0	0.03	0.0	0.02	0.0	0.0	0.04	0.03	0.0	0.04	0.02	0.0	0.02	0.03	0.0	0.02	0.0	0.0	0.02	0.02	0.0	0.01	0.02	0.01	0.02	0.02	0.0	0.02	0.04	0.0	0.03	0.02	0.0
Root; d__Bacteria; p__Patescibacteriota; c__Minisyncoccia; o__Phycocordibacterales; f__Zambryskibacteraceae	0.0	0.0	0.0	0.0	0.0	0.0	0.0	0.0	0.0	0.0	0.0	0.0	0.0	0.0	0.0	0.0	0.0	0.0	0.02	0.02	0.0	0.02	0.03	0.0	0.03	0.04	0.0	0.0	0.0	0.0	0.03	0.02	0.0	0.03	0.0	0.0	0.0	0.0	0.0	0.02	0.0	0.0	0.0	0.0	0.0	0.0	0.0	0.0	0.0	0.0	0.0	0.0	0.0	0.0	0.0	0.0	0.0	0.0	0.0	0.0	0.01	0.0	0.0	0.0	0.0	0.0	0.0	0.0	0.0	0.0	0.0	0.0
Root; d__Bacteria; p__Patescibacteriota; c__Microgenomatia; o__Daviesbacterales; f__UBA10151	0.0	0.0	0.0	0.0	0.0	0.0	0.0	0.0	0.0	0.0	0.0	0.0	0.0	0.0	0.0	0.0	0.0	0.0	0.02	0.0	0.0	0.0	0.0	0.0	0.0	0.0	0.0	0.02	0.0	0.0	0.0	0.0	0.0	0.0	0.0	0.0	0.0	0.0	0.0	0.02	0.02	0.0	0.02	0.04	0.0	0.02	0.0	0.0	0.04	0.04	0.0	0.03	0.04	0.0	0.0	0.02	0.0	0.02	0.01	0.0	0.01	0.01	0.0	0.01	0.0	0.0	0.01	0.0	0.0	0.0	0.0	0.0
Root; d__Bacteria; p__Eisenbacteria; c__RBG-16-71-46; o__RBG-16-71-46; f__RBG-16-71-46	0.0	0.0	0.0	0.0	0.0	0.0	0.0	0.0	0.0	0.0	0.0	0.0	0.0	0.0	0.0	0.0	0.0	0.0	0.02	0.04	0.0	0.03	0.0	0.0	0.0	0.0	0.0	0.02	0.02	0.0	0.02	0.02	0.0	0.02	0.03	0.0	0.0	0.0	0.0	0.0	0.0	0.0	0.0	0.0	0.0	0.0	0.0	0.0	0.0	0.0	0.0	0.0	0.0	0.0	0.03	0.06	0.0	0.06	0.06	0.04	0.06	0.05	0.06	0.03	0.04	0.04	0.08	0.05	0.0	0.07	0.05	0.0
Root; d__Bacteria; p__Actinomycetota; c__Actinomycetes; o__JAFAQI01; f__DASSKL01	0.0	0.0	0.0	0.0	0.0	0.0	0.0	0.0	0.0	0.0	0.0	0.0	0.0	0.0	0.0	0.0	0.0	0.0	0.0	0.01	0.0	0.0	0.0	0.0	0.0	0.0	0.0	0.0	0.0	0.0	0.0	0.0	0.0	0.0	0.0	0.0	0.01	0.0	0.0	0.0	0.0	0.0	0.0	0.0	0.0	0.0	0.0	0.0	0.0	0.0	0.0	0.0	0.0	0.0	0.0	0.0	0.0	0.0	0.0	0.0	0.01	0.01	0.0	0.0	0.0	0.0	0.0	0.02	0.0	0.0	0.0	0.0
Root; d__Bacteria; p__Actinomycetota; c__Acidimicrobiia; o__Acidimicrobiales; f__JAFATL01	0.0	0.0	0.0	0.0	0.0	0.0	0.0	0.0	0.0	0.0	0.0	0.0	0.0	0.0	0.0	0.0	0.0	0.0	0.0	0.02	0.0	0.02	0.02	0.0	0.02	0.0	0.0	0.0	0.02	0.0	0.02	0.0	0.0	0.02	0.0	0.0	0.02	0.02	0.0	0.02	0.02	0.0	0.03	0.02	0.0	0.03	0.03	0.0	0.01	0.03	0.0	0.06	0.03	0.0	0.02	0.02	0.0	0.03	0.04	0.03	0.03	0.03	0.04	0.02	0.01	0.0	0.03	0.02	0.0	0.03	0.04	0.0
Root; d__Bacteria; p__Actinomycetota; c__Acidimicrobiia; o__Acidimicrobiales; f__Aldehydirespiratoraceae	0.0	0.0	0.0	0.0	0.0	0.0	0.0	0.0	0.0	0.0	0.0	0.0	0.0	0.0	0.0	0.0	0.0	0.0	0.0	0.02	0.0	0.0	0.0	0.0	0.0	0.0	0.0	0.0	0.0	0.0	0.0	0.0	0.0	0.0	0.0	0.0	0.0	0.0	0.0	0.0	0.0	0.0	0.0	0.0	0.0	0.0	0.0	0.0	0.0	0.0	0.0	0.0	0.0	0.0	0.0	0.0	0.0	0.0	0.0	0.0	0.0	0.0	0.0	0.0	0.0	0.0	0.0	0.0	0.0	0.0	0.0	0.0
Root; d__Bacteria; p__Pseudomonadota; c__Gammaproteobacteria; o__UBA6002; f__UBA6002	0.0	0.0	0.0	0.0	0.0	0.0	0.0	0.0	0.0	0.0	0.0	0.0	0.0	0.0	0.0	0.0	0.0	0.0	0.0	0.02	0.0	0.0	0.0	0.0	0.02	0.0	0.0	0.0	0.0	0.0	0.0	0.0	0.0	0.0	0.0	0.0	0.0	0.0	0.0	0.0	0.0	0.0	0.0	0.0	0.0	0.0	0.0	0.0	0.0	0.0	0.0	0.0	0.0	0.0	0.0	0.0	0.0	0.0	0.0	0.0	0.0	0.0	0.0	0.0	0.0	0.0	0.0	0.0	0.0	0.0	0.0	0.0
Root; d__Bacteria; p__Bacteroidota; c__Bacteroidia; o__Chitinophagales; f__LD1	0.0	0.0	0.0	0.0	0.0	0.0	0.0	0.0	0.0	0.0	0.0	0.0	0.0	0.0	0.0	0.0	0.0	0.0	0.0	0.02	0.0	0.0	0.0	0.0	0.02	0.0	0.0	0.0	0.0	0.0	0.0	0.0	0.0	0.0	0.0	0.0	0.0	0.0	0.0	0.0	0.0	0.0	0.0	0.0	0.0	0.0	0.0	0.0	0.0	0.0	0.0	0.0	0.0	0.0	0.0	0.0	0.0	0.01	0.0	0.0	0.01	0.01	0.0	0.0	0.0	0.0	0.0	0.0	0.0	0.0	0.02	0.0
Root; d__Bacteria; p__Bacteroidota; c__Ignavibacteria; o__Palsa-1295; f__Palsa-1295	0.0	0.0	0.0	0.0	0.0	0.0	0.0	0.0	0.0	0.0	0.0	0.0	0.0	0.0	0.0	0.0	0.0	0.0	0.0	0.02	0.0	0.0	0.0	0.0	0.0	0.0	0.0	0.0	0.0	0.0	0.0	0.0	0.0	0.0	0.0	0.0	0.05	0.05	0.0	0.04	0.02	0.0	0.03	0.03	0.0	0.02	0.0	0.0	0.02	0.03	0.0	0.02	0.02	0.0	0.03	0.02	0.0	0.03	0.03	0.0	0.03	0.03	0.03	0.03	0.02	0.0	0.02	0.02	0.0	0.03	0.0	0.0
Root; d__Bacteria; p__Verrucomicrobiota; c__Verrucomicrobiia; o__Chthoniobacterales; f__JAATET01	0.0	0.0	0.0	0.0	0.0	0.0	0.0	0.0	0.0	0.0	0.0	0.0	0.0	0.0	0.0	0.0	0.0	0.0	0.0	0.02	0.0	0.0	0.0	0.0	0.0	0.0	0.0	0.0	0.0	0.0	0.0	0.0	0.0	0.0	0.0	0.0	0.0	0.0	0.0	0.0	0.0	0.0	0.0	0.0	0.0	0.0	0.0	0.0	0.0	0.0	0.0	0.0	0.0	0.0	0.0	0.0	0.0	0.0	0.0	0.0	0.0	0.0	0.0	0.0	0.0	0.0	0.0	0.0	0.0	0.0	0.0	0.0
Root; d__Bacteria; p__Chloroflexota; c__UBA6077; o__FW602-bin22; f__FW602-bin22	0.0	0.0	0.0	0.0	0.0	0.0	0.0	0.0	0.0	0.0	0.0	0.0	0.0	0.0	0.0	0.0	0.0	0.0	0.0	0.02	0.0	0.0	0.0	0.0	0.02	0.0	0.0	0.0	0.0	0.0	0.0	0.02	0.0	0.0	0.0	0.0	0.02	0.02	0.0	0.03	0.03	0.0	0.03	0.02	0.0	0.03	0.04	0.0	0.02	0.03	0.0	0.04	0.03	0.0	0.04	0.05	0.0	0.04	0.04	0.0	0.04	0.04	0.04	0.03	0.03	0.0	0.04	0.04	0.06	0.04	0.05	0.0
Root; d__Bacteria; p__Desulfobacterota; c__Desulfuromonadia; o__Geobacterales; f__Pseudopelobacteraceae	0.0	0.0	0.0	0.0	0.0	0.0	0.0	0.0	0.0	0.0	0.0	0.0	0.0	0.0	0.0	0.0	0.0	0.0	0.0	0.02	0.0	0.02	0.02	0.0	0.03	0.0	0.0	0.0	0.0	0.0	0.0	0.0	0.0	0.0	0.0	0.0	0.0	0.0	0.0	0.0	0.0	0.0	0.0	0.0	0.0	0.0	0.0	0.0	0.0	0.0	0.0	0.0	0.0	0.0	0.0	0.0	0.0	0.0	0.0	0.0	0.0	0.0	0.0	0.0	0.0	0.0	0.0	0.0	0.0	0.0	0.0	0.0
Root; d__Bacteria; p__Patescibacteriota; c__Minisyncoccia; o__Phycocordibacterales; f__UBA9973	0.0	0.0	0.0	0.0	0.0	0.0	0.0	0.0	0.0	0.0	0.0	0.0	0.0	0.0	0.0	0.0	0.0	0.0	0.0	0.02	0.0	0.0	0.0	0.0	0.0	0.02	0.0	0.0	0.0	0.0	0.0	0.0	0.0	0.0	0.03	0.0	0.0	0.0	0.0	0.0	0.0	0.0	0.0	0.0	0.0	0.0	0.0	0.0	0.0	0.0	0.0	0.02	0.02	0.0	0.0	0.0	0.0	0.01	0.01	0.0	0.01	0.01	0.0	0.01	0.0	0.0	0.0	0.01	0.0	0.02	0.02	0.0
Root; d__Bacteria; p__Armatimonadota; c__Armatimonadia; o__Armatimonadales; f__Armatimonadaceae	0.0	0.0	0.0	0.0	0.0	0.0	0.0	0.0	0.0	0.0	0.0	0.0	0.0	0.0	0.0	0.0	0.0	0.0	0.0	0.02	0.0	0.02	0.0	0.0	0.0	0.0	0.0	0.0	0.0	0.0	0.0	0.0	0.0	0.0	0.0	0.0	0.0	0.02	0.0	0.02	0.02	0.0	0.02	0.02	0.0	0.0	0.0	0.0	0.0	0.0	0.0	0.02	0.02	0.0	0.02	0.02	0.0	0.01	0.02	0.03	0.03	0.03	0.03	0.02	0.04	0.0	0.02	0.02	0.0	0.03	0.01	0.0
Root; d__Bacteria; p__Myxococcota; c__JADLHZ01; o__JADLHZ01; f__JADLHZ01	0.0	0.0	0.0	0.0	0.0	0.0	0.0	0.0	0.0	0.0	0.0	0.0	0.0	0.0	0.0	0.0	0.0	0.0	0.0	0.0	0.0	0.02	0.0	0.0	0.0	0.0	0.0	0.0	0.0	0.0	0.0	0.0	0.0	0.0	0.0	0.0	0.0	0.0	0.0	0.0	0.0	0.0	0.0	0.0	0.0	0.0	0.0	0.0	0.0	0.0	0.0	0.0	0.0	0.0	0.0	0.0	0.0	0.0	0.0	0.0	0.0	0.0	0.0	0.0	0.0	0.0	0.0	0.0	0.0	0.0	0.01	0.0
Root; d__Bacteria; p__Bacillota_I; c__Bacilli_A; o__Mycoplasmatales; f__CGIF01	0.0	0.0	0.0	0.0	0.0	0.0	0.0	0.0	0.0	0.0	0.0	0.0	0.0	0.0	0.0	0.0	0.0	0.0	0.0	0.0	0.0	0.02	0.0	0.0	0.0	0.0	0.0	0.0	0.03	0.0	0.0	0.0	0.0	0.0	0.0	0.0	0.0	0.0	0.0	0.0	0.0	0.0	0.0	0.0	0.0	0.0	0.0	0.0	0.0	0.0	0.0	0.0	0.0	0.0	0.02	0.0	0.0	0.02	0.03	0.0	0.03	0.03	0.02	0.04	0.02	0.0	0.04	0.04	0.0	0.02	0.03	0.0
Root; d__Bacteria; p__Krumholzibacteriota; c__Krumholzibacteriia; o__WVZY01; f__JAKEHA01	0.0	0.0	0.0	0.0	0.0	0.0	0.0	0.0	0.0	0.0	0.0	0.0	0.0	0.0	0.0	0.0	0.0	0.0	0.0	0.0	0.0	0.03	0.03	0.0	0.0	0.02	0.0	0.02	0.02	0.0	0.03	0.02	0.0	0.02	0.0	0.0	0.0	0.0	0.0	0.0	0.0	0.0	0.0	0.0	0.0	0.0	0.0	0.0	0.0	0.0	0.0	0.0	0.0	0.0	0.0	0.0	0.0	0.0	0.0	0.0	0.0	0.0	0.0	0.0	0.0	0.0	0.0	0.0	0.0	0.0	0.0	0.0
Root; d__Bacteria; p__Actinomycetota; c__Actinomycetes; o__S36-B12; f__GCA-2699445	0.0	0.0	0.0	0.0	0.0	0.0	0.0	0.0	0.0	0.0	0.0	0.0	0.0	0.0	0.0	0.0	0.0	0.0	0.0	0.0	0.0	0.0	0.02	0.0	0.0	0.03	0.0	0.02	0.0	0.0	0.01	0.0	0.0	0.0	0.0	0.0	0.0	0.0	0.0	0.0	0.0	0.0	0.0	0.0	0.0	0.0	0.0	0.0	0.0	0.0	0.0	0.0	0.0	0.0	0.0	0.0	0.0	0.0	0.0	0.0	0.0	0.0	0.0	0.0	0.0	0.0	0.0	0.0	0.0	0.0	0.0	0.0
Root; d__Bacteria; p__Actinomycetota; c__Acidimicrobiia; o__Acidimicrobiales; f__JBBSGY01	0.0	0.0	0.0	0.0	0.0	0.0	0.0	0.0	0.0	0.0	0.0	0.0	0.0	0.0	0.0	0.0	0.0	0.0	0.0	0.0	0.0	0.0	0.02	0.0	0.0	0.0	0.0	0.0	0.0	0.0	0.0	0.0	0.0	0.0	0.01	0.0	0.0	0.0	0.0	0.0	0.0	0.0	0.0	0.0	0.0	0.0	0.0	0.0	0.0	0.0	0.0	0.0	0.0	0.0	0.0	0.0	0.0	0.01	0.01	0.0	0.01	0.0	0.0	0.0	0.0	0.0	0.0	0.0	0.0	0.0	0.0	0.0
Root; d__Bacteria; p__Elusimicrobiota; c__Elusimicrobia; o__FEN-1173; f__FEN-1173	0.0	0.0	0.0	0.0	0.0	0.0	0.0	0.0	0.0	0.0	0.0	0.0	0.0	0.0	0.0	0.0	0.0	0.0	0.0	0.0	0.0	0.0	0.02	0.0	0.0	0.0	0.0	0.0	0.0	0.0	0.0	0.0	0.0	0.0	0.0	0.0	0.0	0.0	0.0	0.0	0.0	0.0	0.0	0.0	0.0	0.0	0.0	0.0	0.0	0.0	0.0	0.0	0.0	0.0	0.0	0.0	0.0	0.0	0.0	0.0	0.0	0.0	0.0	0.0	0.0	0.0	0.0	0.0	0.0	0.0	0.0	0.0
Root; d__Bacteria; p__Acidobacteriota; c__Vicinamibacteria; o__Vicinamibacterales; f__JAKQTR01	0.0	0.0	0.0	0.0	0.0	0.0	0.0	0.0	0.0	0.0	0.0	0.0	0.0	0.0	0.0	0.0	0.0	0.0	0.0	0.0	0.0	0.0	0.0	0.0	0.01	0.0	0.0	0.0	0.0	0.0	0.0	0.02	0.0	0.02	0.0	0.0	0.0	0.0	0.0	0.0	0.0	0.0	0.0	0.0	0.0	0.0	0.0	0.0	0.0	0.0	0.0	0.02	0.0	0.0	0.0	0.0	0.0	0.01	0.01	0.0	0.0	0.01	0.0	0.0	0.0	0.0	0.0	0.0	0.0	0.0	0.0	0.0
Root; d__Bacteria; p__Pseudomonadota; c__Gammaproteobacteria; o__Acidiferrobacterales; f__Sulfurifustaceae	0.0	0.0	0.0	0.0	0.0	0.0	0.0	0.0	0.0	0.0	0.0	0.0	0.0	0.0	0.0	0.0	0.0	0.0	0.0	0.0	0.0	0.0	0.0	0.0	0.02	0.0	0.0	0.0	0.0	0.0	0.0	0.0	0.0	0.0	0.02	0.0	0.02	0.0	0.0	0.02	0.0	0.0	0.0	0.0	0.0	0.0	0.0	0.0	0.0	0.0	0.0	0.0	0.0	0.0	0.0	0.0	0.0	0.01	0.01	0.0	0.02	0.01	0.0	0.0	0.0	0.0	0.0	0.0	0.0	0.0	0.0	0.0
Root; d__Bacteria; p__Bacteroidota; c__Bacteroidia; o__2-12-FULL-35-15; f__2-12-FULL-35-15	0.0	0.0	0.0	0.0	0.0	0.0	0.0	0.0	0.0	0.0	0.0	0.0	0.0	0.0	0.0	0.0	0.0	0.0	0.0	0.0	0.0	0.0	0.0	0.0	0.0	0.02	0.0	0.0	0.0	0.0	0.0	0.0	0.0	0.0	0.0	0.0	0.01	0.02	0.0	0.02	0.02	0.0	0.01	0.0	0.0	0.0	0.0	0.0	0.0	0.0	0.0	0.0	0.0	0.0	0.0	0.0	0.0	0.01	0.01	0.0	0.01	0.01	0.0	0.0	0.0	0.0	0.0	0.0	0.0	0.0	0.0	0.0
Root; d__Bacteria; p__Patescibacteriota; c__Doudnabacteria; o__UBA920; f__O2-02-FULL-48-8	0.0	0.0	0.0	0.0	0.0	0.0	0.0	0.0	0.0	0.0	0.0	0.0	0.0	0.0	0.0	0.0	0.0	0.0	0.0	0.0	0.0	0.0	0.0	0.0	0.0	0.03	0.0	0.02	0.0	0.0	0.02	0.02	0.0	0.02	0.02	0.0	0.0	0.0	0.0	0.0	0.0	0.0	0.0	0.0	0.0	0.0	0.02	0.0	0.0	0.0	0.0	0.0	0.0	0.0	0.0	0.0	0.0	0.0	0.01	0.0	0.01	0.01	0.0	0.0	0.0	0.0	0.0	0.01	0.0	0.0	0.01	0.0
Root; d__Bacteria; p__Babelota; c__Babeliae; o__Babelales; f__Vermiphilaceae	0.0	0.0	0.0	0.0	0.0	0.0	0.0	0.0	0.0	0.0	0.0	0.0	0.0	0.0	0.0	0.0	0.0	0.0	0.0	0.0	0.0	0.0	0.0	0.0	0.0	0.02	0.0	0.0	0.0	0.0	0.0	0.0	0.0	0.0	0.0	0.0	0.04	0.03	0.0	0.02	0.0	0.0	0.03	0.03	0.0	0.02	0.03	0.0	0.03	0.03	0.0	0.05	0.02	0.0	0.03	0.02	0.0	0.03	0.01	0.0	0.02	0.02	0.0	0.02	0.0	0.0	0.03	0.03	0.0	0.02	0.02	0.0
Root; d__Bacteria; p__Actinomycetota; c__Actinomycetes; o__Actinomycetales; f__Quadrisphaeraceae	0.0	0.0	0.0	0.0	0.0	0.0	0.0	0.0	0.0	0.0	0.0	0.0	0.0	0.0	0.0	0.0	0.0	0.0	0.0	0.0	0.0	0.0	0.0	0.0	0.0	0.0	0.0	0.02	0.0	0.0	0.0	0.01	0.0	0.0	0.0	0.0	0.0	0.0	0.0	0.0	0.0	0.0	0.0	0.0	0.0	0.0	0.0	0.0	0.0	0.0	0.0	0.0	0.0	0.0	0.0	0.0	0.0	0.01	0.01	0.0	0.01	0.02	0.0	0.02	0.02	0.0	0.0	0.02	0.0	0.0	0.0	0.0
Root; d__Bacteria; p__Chloroflexota; c__UBA6077; o__UBA6077; f__JAJPGT01	0.0	0.0	0.0	0.0	0.0	0.0	0.0	0.0	0.0	0.0	0.0	0.0	0.0	0.0	0.0	0.0	0.0	0.0	0.0	0.0	0.0	0.0	0.0	0.0	0.0	0.0	0.0	0.0	0.02	0.0	0.0	0.0	0.0	0.0	0.0	0.0	0.02	0.02	0.0	0.0	0.0	0.0	0.0	0.0	0.0	0.0	0.02	0.0	0.0	0.02	0.0	0.0	0.0	0.0	0.02	0.0	0.0	0.02	0.01	0.0	0.02	0.02	0.0	0.02	0.02	0.0	0.02	0.0	0.0	0.03	0.0	0.0
Root; d__Bacteria; p__Pseudomonadota; c__Alphaproteobacteria; o__Micavibrionales; f__UBA2020	0.0	0.0	0.0	0.0	0.0	0.0	0.0	0.0	0.0	0.0	0.0	0.0	0.0	0.0	0.0	0.0	0.0	0.0	0.0	0.0	0.0	0.0	0.0	0.0	0.0	0.0	0.0	0.0	0.02	0.0	0.0	0.02	0.0	0.0	0.0	0.0	0.0	0.0	0.0	0.0	0.0	0.0	0.0	0.0	0.0	0.0	0.0	0.0	0.0	0.0	0.0	0.0	0.0	0.0	0.0	0.0	0.0	0.0	0.0	0.0	0.0	0.0	0.0	0.0	0.0	0.0	0.0	0.0	0.0	0.0	0.0	0.0
Root; d__Bacteria; p__Myxococcota_A; c__Polyangia; o__Haliangiales; f__SPIREOTU_01877383	0.0	0.0	0.0	0.0	0.0	0.0	0.0	0.0	0.0	0.0	0.0	0.0	0.0	0.0	0.0	0.0	0.0	0.0	0.0	0.0	0.0	0.0	0.0	0.0	0.0	0.0	0.0	0.0	0.02	0.0	0.0	0.0	0.0	0.0	0.02	0.0	0.02	0.0	0.0	0.0	0.0	0.0	0.01	0.02	0.0	0.0	0.0	0.0	0.02	0.0	0.0	0.0	0.0	0.0	0.0	0.0	0.0	0.02	0.03	0.0	0.01	0.02	0.0	0.0	0.03	0.0	0.01	0.01	0.0	0.02	0.0	0.0
Root; d__Bacteria; p__Patescibacteriota; c__Saccharimonadia; o__UBA4664; f__UBA4664	0.0	0.0	0.0	0.0	0.0	0.0	0.0	0.0	0.0	0.0	0.0	0.0	0.0	0.0	0.0	0.0	0.0	0.0	0.0	0.0	0.0	0.0	0.0	0.0	0.0	0.0	0.0	0.0	0.0	0.0	0.02	0.0	0.0	0.0	0.0	0.0	0.02	0.02	0.0	0.02	0.02	0.0	0.02	0.02	0.0	0.03	0.02	0.0	0.02	0.02	0.0	0.02	0.03	0.0	0.02	0.03	0.0	0.03	0.02	0.0	0.02	0.03	0.03	0.05	0.03	0.08	0.04	0.03	0.0	0.02	0.02	0.0
Root; d__Bacteria; p__Patescibacteriota; c__Minisyncoccia; o__Phycocordibacterales; f__DATDWN01	0.0	0.0	0.0	0.0	0.0	0.0	0.0	0.0	0.0	0.0	0.0	0.0	0.0	0.0	0.0	0.0	0.0	0.0	0.0	0.0	0.0	0.0	0.0	0.0	0.0	0.0	0.0	0.0	0.0	0.0	0.02	0.0	0.0	0.0	0.0	0.0	0.0	0.0	0.0	0.0	0.0	0.0	0.0	0.0	0.0	0.0	0.0	0.0	0.0	0.0	0.0	0.0	0.0	0.0	0.0	0.0	0.0	0.0	0.0	0.0	0.0	0.0	0.0	0.0	0.0	0.0	0.0	0.0	0.0	0.0	0.0	0.0
Root; d__Bacteria; p__Cyanobacteriota; c__Vampirovibrionia; o__Obscuribacterales; f__Obscuribacteraceae	0.0	0.0	0.0	0.0	0.0	0.0	0.0	0.0	0.0	0.0	0.0	0.0	0.0	0.0	0.0	0.0	0.0	0.0	0.0	0.0	0.0	0.0	0.0	0.0	0.0	0.0	0.0	0.0	0.0	0.0	0.02	0.0	0.0	0.0	0.0	0.0	0.0	0.0	0.0	0.0	0.0	0.0	0.0	0.02	0.0	0.0	0.02	0.0	0.02	0.02	0.0	0.02	0.0	0.0	0.0	0.0	0.0	0.01	0.03	0.0	0.0	0.01	0.0	0.02	0.0	0.0	0.01	0.02	0.0	0.0	0.0	0.0
Root; d__Bacteria; p__Pseudomonadota; c__Alphaproteobacteria; o__Rickettsiales; f__SXRF01	0.0	0.0	0.0	0.0	0.0	0.0	0.0	0.0	0.0	0.0	0.0	0.0	0.0	0.0	0.0	0.0	0.0	0.0	0.0	0.0	0.0	0.0	0.0	0.0	0.0	0.0	0.0	0.0	0.0	0.0	0.02	0.0	0.0	0.0	0.0	0.0	0.0	0.0	0.0	0.0	0.0	0.0	0.0	0.0	0.0	0.0	0.0	0.0	0.0	0.0	0.0	0.0	0.0	0.0	0.0	0.0	0.0	0.01	0.01	0.0	0.01	0.01	0.0	0.0	0.0	0.0	0.02	0.0	0.0	0.0	0.0	0.0
Root; d__Bacteria; p__Pseudomonadota; c__Gammaproteobacteria; o__Pseudomonadales; f__Azotimanducaceae	0.0	0.0	0.0	0.0	0.0	0.0	0.0	0.0	0.0	0.0	0.0	0.0	0.0	0.0	0.0	0.0	0.0	0.0	0.0	0.0	0.0	0.0	0.0	0.0	0.0	0.0	0.0	0.0	0.0	0.0	0.0	0.02	0.0	0.0	0.0	0.0	0.0	0.0	0.0	0.0	0.0	0.0	0.0	0.0	0.0	0.0	0.0	0.0	0.0	0.0	0.0	0.0	0.0	0.0	0.0	0.0	0.0	0.0	0.0	0.0	0.0	0.0	0.0	0.0	0.0	0.0	0.0	0.0	0.0	0.0	0.0	0.0
Root; d__Bacteria; p__Bacillota; c__Clostridia; o__Peptostreptococcales; f__Peptostreptococcaceae	0.0	0.0	0.0	0.0	0.0	0.0	0.0	0.0	0.0	0.0	0.0	0.0	0.0	0.0	0.0	0.0	0.0	0.0	0.0	0.0	0.0	0.0	0.0	0.0	0.0	0.0	0.0	0.0	0.0	0.0	0.0	0.0	0.0	0.01	0.0	0.0	0.0	0.0	0.0	0.0	0.0	0.0	0.0	0.0	0.0	0.0	0.0	0.0	0.0	0.0	0.0	0.0	0.0	0.0	0.0	0.0	0.0	0.0	0.0	0.0	0.0	0.0	0.0	0.0	0.0	0.0	0.0	0.0	0.0	0.0	0.0	0.0
Root; d__Bacteria; p__Elusimicrobiota; c__Elusimicrobia; o__F11; f__F11	0.0	0.0	0.0	0.0	0.0	0.0	0.0	0.0	0.0	0.0	0.0	0.0	0.0	0.0	0.0	0.0	0.0	0.0	0.0	0.0	0.0	0.0	0.0	0.0	0.0	0.0	0.0	0.0	0.0	0.0	0.0	0.0	0.0	0.0	0.02	0.0	0.0	0.0	0.0	0.0	0.0	0.0	0.0	0.0	0.0	0.0	0.02	0.0	0.03	0.02	0.0	0.0	0.0	0.0	0.02	0.0	0.0	0.01	0.01	0.0	0.02	0.01	0.0	0.02	0.02	0.0	0.02	0.0	0.0	0.0	0.01	0.0
Root; d__Bacteria; p__Pseudomonadota; c__Alphaproteobacteria; o__JAREAF01; f__JAREAF01	0.0	0.0	0.0	0.0	0.0	0.0	0.0	0.0	0.0	0.0	0.0	0.0	0.0	0.0	0.0	0.0	0.0	0.0	0.0	0.0	0.0	0.0	0.0	0.0	0.0	0.0	0.0	0.0	0.0	0.0	0.0	0.0	0.0	0.0	0.0	0.0	0.03	0.0	0.0	0.02	0.03	0.0	0.02	0.01	0.0	0.02	0.01	0.0	0.02	0.03	0.0	0.0	0.02	0.0	0.02	0.03	0.0	0.03	0.04	0.02	0.04	0.04	0.02	0.03	0.01	0.0	0.03	0.03	0.0	0.02	0.02	0.0
Root; d__Bacteria; p__Actinomycetota; c__Actinomycetes; o__Actinomycetales; f__CAVURS01	0.0	0.0	0.0	0.0	0.0	0.0	0.0	0.0	0.0	0.0	0.0	0.0	0.0	0.0	0.0	0.0	0.0	0.0	0.0	0.0	0.0	0.0	0.0	0.0	0.0	0.0	0.0	0.0	0.0	0.0	0.0	0.0	0.0	0.0	0.0	0.0	0.03	0.04	0.0	0.03	0.03	0.0	0.05	0.04	0.0	0.02	0.04	0.05	0.02	0.02	0.0	0.03	0.02	0.0	0.03	0.03	0.0	0.05	0.05	0.08	0.05	0.07	0.06	0.04	0.04	0.0	0.04	0.04	0.0	0.04	0.04	0.0
Root; d__Bacteria; p__Actinomycetota; c__Acidimicrobiia; o__Acidimicrobiales; f__JACDEA01	0.0	0.0	0.0	0.0	0.0	0.0	0.0	0.0	0.0	0.0	0.0	0.0	0.0	0.0	0.0	0.0	0.0	0.0	0.0	0.0	0.0	0.0	0.0	0.0	0.0	0.0	0.0	0.0	0.0	0.0	0.0	0.0	0.0	0.0	0.0	0.0	0.02	0.0	0.0	0.0	0.0	0.0	0.02	0.0	0.0	0.02	0.03	0.0	0.02	0.02	0.0	0.03	0.0	0.0	0.02	0.02	0.0	0.02	0.02	0.0	0.02	0.03	0.02	0.03	0.03	0.0	0.04	0.04	0.0	0.02	0.04	0.0
Root; d__Bacteria; p__Armatimonadota; c__Chthonomonadetes; o__Chthonomonadales; f__Chthonomonadaceae	0.0	0.0	0.0	0.0	0.0	0.0	0.0	0.0	0.0	0.0	0.0	0.0	0.0	0.0	0.0	0.0	0.0	0.0	0.0	0.0	0.0	0.0	0.0	0.0	0.0	0.0	0.0	0.0	0.0	0.0	0.0	0.0	0.0	0.0	0.0	0.0	0.02	0.02	0.0	0.04	0.03	0.0	0.03	0.02	0.0	0.0	0.03	0.0	0.02	0.02	0.0	0.03	0.0	0.0	0.05	0.02	0.0	0.03	0.04	0.02	0.05	0.06	0.05	0.03	0.05	0.0	0.04	0.03	0.0	0.04	0.04	0.0
Root; d__Bacteria; p__Armatimonadota; c__DTGP01; o__DTGP01; f__JAHWJO01	0.0	0.0	0.0	0.0	0.0	0.0	0.0	0.0	0.0	0.0	0.0	0.0	0.0	0.0	0.0	0.0	0.0	0.0	0.0	0.0	0.0	0.0	0.0	0.0	0.0	0.0	0.0	0.0	0.0	0.0	0.0	0.0	0.0	0.0	0.0	0.0	0.02	0.0	0.0	0.0	0.02	0.0	0.0	0.0	0.0	0.0	0.0	0.0	0.0	0.0	0.0	0.0	0.0	0.0	0.0	0.0	0.0	0.01	0.01	0.0	0.01	0.01	0.0	0.0	0.02	0.0	0.0	0.0	0.0	0.03	0.0	0.0
Root; d__Bacteria; p__Armatimonadota; c__Abditibacteriia; o__Abditibacteriales; f__Abditibacteriaceae	0.0	0.0	0.0	0.0	0.0	0.0	0.0	0.0	0.0	0.0	0.0	0.0	0.0	0.0	0.0	0.0	0.0	0.0	0.0	0.0	0.0	0.0	0.0	0.0	0.0	0.0	0.0	0.0	0.0	0.0	0.0	0.0	0.0	0.0	0.0	0.0	0.02	0.02	0.0	0.02	0.02	0.0	0.03	0.02	0.0	0.0	0.0	0.0	0.02	0.03	0.0	0.03	0.02	0.0	0.0	0.02	0.0	0.02	0.02	0.02	0.03	0.02	0.03	0.03	0.03	0.0	0.0	0.02	0.0	0.03	0.02	0.04
Root; d__Bacteria; p__Patescibacteriota; c__Minisyncoccia; o__Phycocordibacterales; f__UBA2100	0.0	0.0	0.0	0.0	0.0	0.0	0.0	0.0	0.0	0.0	0.0	0.0	0.0	0.0	0.0	0.0	0.0	0.0	0.0	0.0	0.0	0.0	0.0	0.0	0.0	0.0	0.0	0.0	0.0	0.0	0.0	0.0	0.0	0.0	0.0	0.0	0.03	0.02	0.0	0.0	0.0	0.0	0.02	0.03	0.0	0.04	0.02	0.0	0.02	0.02	0.0	0.02	0.0	0.0	0.02	0.0	0.0	0.01	0.01	0.0	0.02	0.02	0.0	0.03	0.01	0.0	0.0	0.02	0.0	0.01	0.01	0.0
Root; d__Bacteria; p__Patescibacteriota; c__Saccharimonadia; o__UBA4664; f__SCTI01	0.0	0.0	0.0	0.0	0.0	0.0	0.0	0.0	0.0	0.0	0.0	0.0	0.0	0.0	0.0	0.0	0.0	0.0	0.0	0.0	0.0	0.0	0.0	0.0	0.0	0.0	0.0	0.0	0.0	0.0	0.0	0.0	0.0	0.0	0.0	0.0	0.02	0.0	0.0	0.02	0.0	0.0	0.0	0.02	0.0	0.0	0.0	0.0	0.0	0.0	0.0	0.0	0.0	0.0	0.0	0.02	0.0	0.02	0.02	0.0	0.02	0.01	0.0	0.0	0.0	0.0	0.0	0.0	0.0	0.0	0.0	0.0
Root; d__Bacteria; p__Chloroflexota; c__UBA5177; o__SPIREOTU_01175024; f__SPIREOTU_01174954	0.0	0.0	0.0	0.0	0.0	0.0	0.0	0.0	0.0	0.0	0.0	0.0	0.0	0.0	0.0	0.0	0.0	0.0	0.0	0.0	0.0	0.0	0.0	0.0	0.0	0.0	0.0	0.0	0.0	0.0	0.0	0.0	0.0	0.0	0.0	0.0	0.02	0.0	0.0	0.0	0.01	0.0	0.0	0.0	0.0	0.0	0.0	0.0	0.0	0.0	0.0	0.0	0.0	0.0	0.02	0.02	0.0	0.03	0.02	0.0	0.02	0.02	0.02	0.02	0.0	0.0	0.03	0.02	0.0	0.02	0.01	0.0
Root; d__Bacteria; p__Bacillota; c__Bacilli; o__Bacillales; f__Bacillaceae_H	0.0	0.0	0.0	0.0	0.0	0.0	0.0	0.0	0.0	0.0	0.0	0.0	0.0	0.0	0.0	0.0	0.0	0.0	0.0	0.0	0.0	0.0	0.0	0.0	0.0	0.0	0.0	0.0	0.0	0.0	0.0	0.0	0.0	0.0	0.0	0.0	0.02	0.0	0.0	0.0	0.02	0.0	0.0	0.0	0.0	0.0	0.0	0.0	0.0	0.0	0.0	0.02	0.01	0.0	0.02	0.0	0.0	0.03	0.01	0.0	0.02	0.02	0.0	0.0	0.04	0.0	0.03	0.01	0.0	0.01	0.0	0.0
Root; d__Bacteria; p__Bacillota; c__Bacilli; o__Thermoactinomycetales; f__Thermoactinomycetaceae	0.0	0.0	0.0	0.0	0.0	0.0	0.0	0.0	0.0	0.0	0.0	0.0	0.0	0.0	0.0	0.0	0.0	0.0	0.0	0.0	0.0	0.0	0.0	0.0	0.0	0.0	0.0	0.0	0.0	0.0	0.0	0.0	0.0	0.0	0.0	0.0	0.02	0.0	0.0	0.0	0.0	0.0	0.0	0.02	0.0	0.0	0.0	0.0	0.0	0.0	0.0	0.0	0.0	0.0	0.0	0.0	0.0	0.01	0.01	0.0	0.01	0.0	0.0	0.0	0.0	0.0	0.0	0.0	0.0	0.0	0.0	0.0
Root; d__Bacteria; p__Gemmatimonadota; c__Gemmatimonadetes; o__Gemmatimonadales; f__JACORV01	0.0	0.0	0.0	0.0	0.0	0.0	0.0	0.0	0.0	0.0	0.0	0.0	0.0	0.0	0.0	0.0	0.0	0.0	0.0	0.0	0.0	0.0	0.0	0.0	0.0	0.0	0.0	0.0	0.0	0.0	0.0	0.0	0.0	0.0	0.0	0.0	0.05	0.03	0.0	0.03	0.05	0.0	0.03	0.04	0.05	0.07	0.02	0.06	0.02	0.0	0.0	0.04	0.05	0.0	0.04	0.02	0.0	0.03	0.03	0.02	0.03	0.03	0.03	0.03	0.02	0.0	0.02	0.02	0.04	0.04	0.04	0.0
Root; d__Bacteria; p__Pseudomonadota; c__Alphaproteobacteria; o__Rhizobiales; f__Pleomorphomonadaceae	0.0	0.0	0.0	0.0	0.0	0.0	0.0	0.0	0.0	0.0	0.0	0.0	0.0	0.0	0.0	0.0	0.0	0.0	0.0	0.0	0.0	0.0	0.0	0.0	0.0	0.0	0.0	0.0	0.0	0.0	0.0	0.0	0.0	0.0	0.0	0.0	0.0	0.02	0.0	0.0	0.0	0.0	0.0	0.0	0.0	0.0	0.0	0.0	0.0	0.0	0.0	0.0	0.0	0.0	0.0	0.0	0.0	0.0	0.0	0.0	0.0	0.0	0.0	0.0	0.0	0.0	0.0	0.0	0.0	0.0	0.0	0.0
Root; d__Bacteria; p__Pseudomonadota; c__Alphaproteobacteria; o__Elsterales; f__Elsteraceae	0.0	0.0	0.0	0.0	0.0	0.0	0.0	0.0	0.0	0.0	0.0	0.0	0.0	0.0	0.0	0.0	0.0	0.0	0.0	0.0	0.0	0.0	0.0	0.0	0.0	0.0	0.0	0.0	0.0	0.0	0.0	0.0	0.0	0.0	0.0	0.0	0.0	0.02	0.0	0.0	0.0	0.0	0.0	0.0	0.0	0.0	0.0	0.0	0.0	0.0	0.0	0.0	0.0	0.0	0.03	0.0	0.0	0.02	0.02	0.0	0.02	0.03	0.0	0.01	0.02	0.0	0.03	0.03	0.0	0.02	0.02	0.0
Root; d__Bacteria; p__Chloroflexota; c__Anaerolineae; o__Anaerolineales; f__Anaerolineaceae	0.0	0.0	0.0	0.0	0.0	0.0	0.0	0.0	0.0	0.0	0.0	0.0	0.0	0.0	0.0	0.0	0.0	0.0	0.0	0.0	0.0	0.0	0.0	0.0	0.0	0.0	0.0	0.0	0.0	0.0	0.0	0.0	0.0	0.0	0.0	0.0	0.0	0.02	0.0	0.0	0.0	0.0	0.0	0.02	0.0	0.0	0.0	0.0	0.0	0.0	0.0	0.0	0.0	0.0	0.0	0.0	0.0	0.0	0.01	0.0	0.0	0.01	0.0	0.0	0.0	0.0	0.0	0.0	0.0	0.0	0.0	0.0
Root; d__Bacteria; p__Acidobacteriota; c__Terriglobia; o__Terriglobales; f__SPIREOTU_01958427	0.0	0.0	0.0	0.0	0.0	0.0	0.0	0.0	0.0	0.0	0.0	0.0	0.0	0.0	0.0	0.0	0.0	0.0	0.0	0.0	0.0	0.0	0.0	0.0	0.0	0.0	0.0	0.0	0.0	0.0	0.0	0.0	0.0	0.0	0.0	0.0	0.0	0.02	0.0	0.02	0.03	0.0	0.03	0.01	0.0	0.0	0.03	0.0	0.0	0.03	0.0	0.02	0.01	0.0	0.0	0.0	0.0	0.0	0.0	0.0	0.0	0.01	0.0	0.02	0.0	0.0	0.0	0.0	0.0	0.0	0.0	0.0
Root; d__Bacteria; p__Desulfobacterota; c__Binatia; o__Binatales; f__Binataceae	0.0	0.0	0.0	0.0	0.0	0.0	0.0	0.0	0.0	0.0	0.0	0.0	0.0	0.0	0.0	0.0	0.0	0.0	0.0	0.0	0.0	0.0	0.0	0.0	0.0	0.0	0.0	0.0	0.0	0.0	0.0	0.0	0.0	0.0	0.0	0.0	0.0	0.02	0.0	0.0	0.0	0.0	0.0	0.01	0.0	0.0	0.0	0.0	0.0	0.02	0.0	0.0	0.02	0.0	0.0	0.02	0.0	0.02	0.02	0.0	0.01	0.01	0.0	0.0	0.0	0.0	0.01	0.0	0.0	0.02	0.0	0.0
Root; d__Bacteria; p__4484-113; c__4484-113; o__4484-113; f__JAFGCY01	0.0	0.0	0.0	0.0	0.0	0.0	0.0	0.0	0.0	0.0	0.0	0.0	0.0	0.0	0.0	0.0	0.0	0.0	0.0	0.0	0.0	0.0	0.0	0.0	0.0	0.0	0.0	0.0	0.0	0.0	0.0	0.0	0.0	0.0	0.0	0.0	0.0	0.01	0.0	0.0	0.02	0.0	0.02	0.0	0.0	0.0	0.02	0.0	0.02	0.02	0.0	0.0	0.02	0.0	0.02	0.0	0.0	0.01	0.03	0.03	0.02	0.02	0.0	0.02	0.02	0.0	0.02	0.02	0.0	0.03	0.0	0.0
Root; d__Bacteria; p__Pseudomonadota; c__Alphaproteobacteria; o__Rhizobiales; f__Tepidamorphaceae	0.0	0.0	0.0	0.0	0.0	0.0	0.0	0.0	0.0	0.0	0.0	0.0	0.0	0.0	0.0	0.0	0.0	0.0	0.0	0.0	0.0	0.0	0.0	0.0	0.0	0.0	0.0	0.0	0.0	0.0	0.0	0.0	0.0	0.0	0.0	0.0	0.0	0.0	0.0	0.01	0.0	0.0	0.0	0.0	0.0	0.0	0.0	0.0	0.0	0.0	0.0	0.0	0.0	0.0	0.0	0.0	0.0	0.0	0.0	0.0	0.0	0.0	0.0	0.0	0.0	0.0	0.0	0.0	0.0	0.0	0.0	0.0
Root; d__Bacteria; p__Pseudomonadota; c__Gammaproteobacteria; o__UBA6186; f__Azoamicaceae	0.0	0.0	0.0	0.0	0.0	0.0	0.0	0.0	0.0	0.0	0.0	0.0	0.0	0.0	0.0	0.0	0.0	0.0	0.0	0.0	0.0	0.0	0.0	0.0	0.0	0.0	0.0	0.0	0.0	0.0	0.0	0.0	0.0	0.0	0.0	0.0	0.0	0.0	0.0	0.02	0.0	0.0	0.0	0.0	0.0	0.02	0.0	0.0	0.0	0.0	0.0	0.0	0.0	0.0	0.0	0.0	0.0	0.01	0.0	0.0	0.0	0.0	0.0	0.0	0.0	0.0	0.0	0.0	0.0	0.0	0.0	0.0
Root; d__Bacteria; p__Chloroflexota; c__Dehalococcoidia; o__DSTF01; f__JACRBR01	0.0	0.0	0.0	0.0	0.0	0.0	0.0	0.0	0.0	0.0	0.0	0.0	0.0	0.0	0.0	0.0	0.0	0.0	0.0	0.0	0.0	0.0	0.0	0.0	0.0	0.0	0.0	0.0	0.0	0.0	0.0	0.0	0.0	0.0	0.0	0.0	0.0	0.0	0.0	0.02	0.02	0.0	0.0	0.0	0.0	0.0	0.0	0.0	0.0	0.0	0.0	0.0	0.0	0.0	0.02	0.0	0.0	0.02	0.03	0.0	0.01	0.01	0.0	0.02	0.02	0.0	0.03	0.02	0.0	0.03	0.01	0.0
Root; d__Bacteria; p__Bacillota; c__Clostridia; o__Clostridiales; f__Caloramatoraceae	0.0	0.0	0.0	0.0	0.0	0.0	0.0	0.0	0.0	0.0	0.0	0.0	0.0	0.0	0.0	0.0	0.0	0.0	0.0	0.0	0.0	0.0	0.0	0.0	0.0	0.0	0.0	0.0	0.0	0.0	0.0	0.0	0.0	0.0	0.0	0.0	0.0	0.0	0.0	0.02	0.0	0.0	0.02	0.0	0.0	0.02	0.0	0.0	0.0	0.0	0.0	0.0	0.0	0.0	0.0	0.0	0.0	0.0	0.01	0.0	0.0	0.01	0.0	0.0	0.0	0.0	0.0	0.0	0.0	0.0	0.0	0.0
Root; d__Bacteria; p__Patescibacteriota; c__Saccharimonadia; o__Saccharimonadales; f__2-12-FULL-41-12	0.0	0.0	0.0	0.0	0.0	0.0	0.0	0.0	0.0	0.0	0.0	0.0	0.0	0.0	0.0	0.0	0.0	0.0	0.0	0.0	0.0	0.0	0.0	0.0	0.0	0.0	0.0	0.0	0.0	0.0	0.0	0.0	0.0	0.0	0.0	0.0	0.0	0.0	0.0	0.0	0.02	0.0	0.0	0.02	0.0	0.02	0.0	0.0	0.0	0.02	0.0	0.02	0.0	0.0	0.0	0.0	0.0	0.01	0.01	0.0	0.02	0.01	0.0	0.0	0.02	0.0	0.0	0.0	0.0	0.0	0.0	0.0
Root; d__Bacteria; p__Myxococcota_A; c__Polyangia; o__Palsa-1104; f__JAEUJZ01	0.0	0.0	0.0	0.0	0.0	0.0	0.0	0.0	0.0	0.0	0.0	0.0	0.0	0.0	0.0	0.0	0.0	0.0	0.0	0.0	0.0	0.0	0.0	0.0	0.0	0.0	0.0	0.0	0.0	0.0	0.0	0.0	0.0	0.0	0.0	0.0	0.0	0.0	0.0	0.0	0.01	0.0	0.0	0.0	0.0	0.0	0.0	0.0	0.0	0.0	0.0	0.0	0.0	0.0	0.0	0.0	0.0	0.02	0.03	0.03	0.03	0.01	0.02	0.02	0.03	0.0	0.03	0.0	0.0	0.03	0.02	0.0
Root; d__Bacteria; p__Actinomycetota; c__Actinomycetes; o__JAWWOL01; f__JAWWOL01	0.0	0.0	0.0	0.0	0.0	0.0	0.0	0.0	0.0	0.0	0.0	0.0	0.0	0.0	0.0	0.0	0.0	0.0	0.0	0.0	0.0	0.0	0.0	0.0	0.0	0.0	0.0	0.0	0.0	0.0	0.0	0.0	0.0	0.0	0.0	0.0	0.0	0.0	0.0	0.0	0.02	0.0	0.02	0.0	0.0	0.0	0.0	0.0	0.0	0.0	0.0	0.0	0.02	0.0	0.0	0.03	0.0	0.01	0.02	0.03	0.03	0.02	0.02	0.03	0.03	0.0	0.01	0.01	0.0	0.02	0.03	0.0
Root; d__Bacteria; p__Chloroflexota; c__Chloroflexia; o__Thermomicrobiales; f__Thermomicrobiaceae	0.0	0.0	0.0	0.0	0.0	0.0	0.0	0.0	0.0	0.0	0.0	0.0	0.0	0.0	0.0	0.0	0.0	0.0	0.0	0.0	0.0	0.0	0.0	0.0	0.0	0.0	0.0	0.0	0.0	0.0	0.0	0.0	0.0	0.0	0.0	0.0	0.0	0.0	0.0	0.0	0.0	0.0	0.02	0.0	0.0	0.0	0.0	0.0	0.0	0.0	0.0	0.0	0.0	0.0	0.0	0.0	0.0	0.0	0.0	0.0	0.01	0.01	0.0	0.0	0.0	0.0	0.0	0.0	0.0	0.0	0.0	0.0
Root; d__Bacteria; p__Chloroflexota; c__Chloroflexia; o__Chloroheliales; f__Chloroheliaceae	0.0	0.0	0.0	0.0	0.0	0.0	0.0	0.0	0.0	0.0	0.0	0.0	0.0	0.0	0.0	0.0	0.0	0.0	0.0	0.0	0.0	0.0	0.0	0.0	0.0	0.0	0.0	0.0	0.0	0.0	0.0	0.0	0.0	0.0	0.0	0.0	0.0	0.0	0.0	0.0	0.0	0.0	0.01	0.0	0.0	0.0	0.0	0.0	0.0	0.0	0.0	0.02	0.0	0.0	0.0	0.02	0.0	0.01	0.01	0.0	0.02	0.02	0.02	0.0	0.0	0.0	0.01	0.0	0.0	0.0	0.0	0.0
Root; d__Bacteria; p__Patescibacteriota; c__Gracilibacteria; o__Peribacterales; f__Peribacteraceae	0.0	0.0	0.0	0.0	0.0	0.0	0.0	0.0	0.0	0.0	0.0	0.0	0.0	0.0	0.0	0.0	0.0	0.0	0.0	0.0	0.0	0.0	0.0	0.0	0.0	0.0	0.0	0.0	0.0	0.0	0.0	0.0	0.0	0.0	0.0	0.0	0.0	0.0	0.0	0.0	0.0	0.0	0.01	0.02	0.0	0.0	0.02	0.0	0.03	0.02	0.0	0.03	0.0	0.0	0.0	0.0	0.0	0.01	0.01	0.0	0.01	0.01	0.0	0.0	0.0	0.0	0.0	0.01	0.0	0.0	0.0	0.0
Root; d__Bacteria; p__Bacillota; c__Clostridia; o__Lutisporales; f__MOTU40_072132	0.0	0.0	0.0	0.0	0.0	0.0	0.0	0.0	0.0	0.0	0.0	0.0	0.0	0.0	0.0	0.0	0.0	0.0	0.0	0.0	0.0	0.0	0.0	0.0	0.0	0.0	0.0	0.0	0.0	0.0	0.0	0.0	0.0	0.0	0.0	0.0	0.0	0.0	0.0	0.0	0.0	0.0	0.02	0.0	0.0	0.0	0.0	0.0	0.0	0.0	0.0	0.0	0.0	0.0	0.0	0.0	0.0	0.0	0.0	0.0	0.0	0.0	0.0	0.0	0.0	0.0	0.0	0.0	0.0	0.0	0.0	0.0
Root; d__Bacteria; p__Chloroflexota; c__Dehalococcoidia; o__CAUJGQ01; f__CAUJGQ01	0.0	0.0	0.0	0.0	0.0	0.0	0.0	0.0	0.0	0.0	0.0	0.0	0.0	0.0	0.0	0.0	0.0	0.0	0.0	0.0	0.0	0.0	0.0	0.0	0.0	0.0	0.0	0.0	0.0	0.0	0.0	0.0	0.0	0.0	0.0	0.0	0.0	0.0	0.0	0.0	0.0	0.0	0.0	0.02	0.0	0.0	0.0	0.0	0.0	0.0	0.0	0.0	0.0	0.0	0.0	0.0	0.0	0.02	0.01	0.0	0.01	0.02	0.02	0.02	0.02	0.0	0.0	0.02	0.0	0.03	0.03	0.0
Root; d__Bacteria; p__Bdellovibrionota; c__Bdellovibrionia; o__Bdellovibrionales; f__JAMPXM01	0.0	0.0	0.0	0.0	0.0	0.0	0.0	0.0	0.0	0.0	0.0	0.0	0.0	0.0	0.0	0.0	0.0	0.0	0.0	0.0	0.0	0.0	0.0	0.0	0.0	0.0	0.0	0.0	0.0	0.0	0.0	0.0	0.0	0.0	0.0	0.0	0.0	0.0	0.0	0.0	0.0	0.0	0.0	0.01	0.0	0.0	0.0	0.0	0.0	0.0	0.0	0.02	0.0	0.0	0.02	0.02	0.0	0.02	0.01	0.0	0.01	0.02	0.0	0.0	0.02	0.0	0.02	0.0	0.0	0.0	0.01	0.0
Root; d__Bacteria; p__Planctomycetota; c__Planctomycetia; o__Pirellulales; f__JAICIG01	0.0	0.0	0.0	0.0	0.0	0.0	0.0	0.0	0.0	0.0	0.0	0.0	0.0	0.0	0.0	0.0	0.0	0.0	0.0	0.0	0.0	0.0	0.0	0.0	0.0	0.0	0.0	0.0	0.0	0.0	0.0	0.0	0.0	0.0	0.0	0.0	0.0	0.0	0.0	0.0	0.0	0.0	0.0	0.0	0.0	0.02	0.0	0.0	0.0	0.0	0.0	0.02	0.0	0.0	0.0	0.0	0.0	0.01	0.01	0.0	0.01	0.01	0.0	0.0	0.0	0.0	0.0	0.0	0.0	0.0	0.02	0.0
Root; d__Archaea; p__Thermoplasmatota; c__E2; o__JACPAO01; f__JAHFTW01	0.0	0.0	0.0	0.0	0.0	0.0	0.0	0.0	0.0	0.0	0.0	0.0	0.0	0.0	0.0	0.0	0.0	0.0	0.0	0.0	0.0	0.0	0.0	0.0	0.0	0.0	0.0	0.0	0.0	0.0	0.0	0.0	0.0	0.0	0.0	0.0	0.0	0.0	0.0	0.0	0.0	0.0	0.0	0.0	0.0	0.0	0.0	0.0	0.03	0.0	0.0	0.0	0.0	0.0	0.0	0.0	0.0	0.01	0.02	0.0	0.01	0.02	0.0	0.02	0.03	0.0	0.03	0.04	0.04	0.03	0.05	0.06
Root; d__Bacteria; p__Omnitrophota; c__Omnitrophia; o__Omnitrophales; f__Aquincolibacteriaceae	0.0	0.0	0.0	0.0	0.0	0.0	0.0	0.0	0.0	0.0	0.0	0.0	0.0	0.0	0.0	0.0	0.0	0.0	0.0	0.0	0.0	0.0	0.0	0.0	0.0	0.0	0.0	0.0	0.0	0.0	0.0	0.0	0.0	0.0	0.0	0.0	0.0	0.0	0.0	0.0	0.0	0.0	0.0	0.0	0.0	0.0	0.0	0.0	0.02	0.0	0.0	0.0	0.0	0.0	0.0	0.0	0.0	0.0	0.0	0.0	0.0	0.0	0.0	0.0	0.0	0.0	0.0	0.0	0.0	0.0	0.0	0.0
Root; d__Bacteria; p__Omnitrophota; c__Gorgyraeia; o__Zapsychrales; f__Fredricksoniimonadaceae	0.0	0.0	0.0	0.0	0.0	0.0	0.0	0.0	0.0	0.0	0.0	0.0	0.0	0.0	0.0	0.0	0.0	0.0	0.0	0.0	0.0	0.0	0.0	0.0	0.0	0.0	0.0	0.0	0.0	0.0	0.0	0.0	0.0	0.0	0.0	0.0	0.0	0.0	0.0	0.0	0.0	0.0	0.0	0.0	0.0	0.0	0.0	0.0	0.0	0.02	0.0	0.0	0.0	0.0	0.0	0.0	0.0	0.0	0.0	0.0	0.01	0.01	0.0	0.0	0.0	0.0	0.0	0.0	0.0	0.02	0.0	0.0
Root; d__Bacteria; p__Pseudomonadota; c__Gammaproteobacteria; o__Natronospirales; f__REEB76	0.0	0.0	0.0	0.0	0.0	0.0	0.0	0.0	0.0	0.0	0.0	0.0	0.0	0.0	0.0	0.0	0.0	0.0	0.0	0.0	0.0	0.0	0.0	0.0	0.0	0.0	0.0	0.0	0.0	0.0	0.0	0.0	0.0	0.0	0.0	0.0	0.0	0.0	0.0	0.0	0.0	0.0	0.0	0.0	0.0	0.0	0.0	0.0	0.0	0.0	0.0	0.02	0.02	0.0	0.0	0.0	0.0	0.0	0.0	0.0	0.0	0.0	0.0	0.0	0.0	0.0	0.0	0.0	0.0	0.0	0.0	0.0
Root; d__Bacteria; p__Actinomycetota; c__AC-67; o__AC-67; f__AC-67	0.0	0.0	0.0	0.0	0.0	0.0	0.0	0.0	0.0	0.0	0.0	0.0	0.0	0.0	0.0	0.0	0.0	0.0	0.0	0.0	0.0	0.0	0.0	0.0	0.0	0.0	0.0	0.0	0.0	0.0	0.0	0.0	0.0	0.0	0.0	0.0	0.0	0.0	0.0	0.0	0.0	0.0	0.0	0.0	0.0	0.0	0.0	0.0	0.0	0.0	0.0	0.0	0.0	0.0	0.02	0.0	0.0	0.02	0.02	0.0	0.02	0.02	0.0	0.02	0.0	0.0	0.01	0.0	0.0	0.0	0.0	0.0
Root; d__Bacteria; p__Acidobacteriota; c__Thermoanaerobaculia; o__UBA5066; f__UBA5066	0.0	0.0	0.0	0.0	0.0	0.0	0.0	0.0	0.0	0.0	0.0	0.0	0.0	0.0	0.0	0.0	0.0	0.0	0.0	0.0	0.0	0.0	0.0	0.0	0.0	0.0	0.0	0.0	0.0	0.0	0.0	0.0	0.0	0.0	0.0	0.0	0.0	0.0	0.0	0.0	0.0	0.0	0.0	0.0	0.0	0.0	0.0	0.0	0.0	0.0	0.0	0.0	0.0	0.0	0.02	0.0	0.0	0.02	0.02	0.0	0.01	0.02	0.0	0.0	0.0	0.0	0.0	0.0	0.0	0.0	0.0	0.0
Root; d__Bacteria; p__Verrucomicrobiota; c__Verrucomicrobiia; o__Limisphaerales; f__JBBRPK01	0.0	0.0	0.0	0.0	0.0	0.0	0.0	0.0	0.0	0.0	0.0	0.0	0.0	0.0	0.0	0.0	0.0	0.0	0.0	0.0	0.0	0.0	0.0	0.0	0.0	0.0	0.0	0.0	0.0	0.0	0.0	0.0	0.0	0.0	0.0	0.0	0.0	0.0	0.0	0.0	0.0	0.0	0.0	0.0	0.0	0.0	0.0	0.0	0.0	0.0	0.0	0.0	0.0	0.0	0.02	0.02	0.0	0.02	0.02	0.0	0.02	0.02	0.03	0.0	0.0	0.0	0.02	0.01	0.0	0.02	0.01	0.0
Root; d__Bacteria; p__Chloroflexota; c__Chloroflexia; o__Thermomicrobiales; f__JALYUS01	0.0	0.0	0.0	0.0	0.0	0.0	0.0	0.0	0.0	0.0	0.0	0.0	0.0	0.0	0.0	0.0	0.0	0.0	0.0	0.0	0.0	0.0	0.0	0.0	0.0	0.0	0.0	0.0	0.0	0.0	0.0	0.0	0.0	0.0	0.0	0.0	0.0	0.0	0.0	0.0	0.0	0.0	0.0	0.0	0.0	0.0	0.0	0.0	0.0	0.0	0.0	0.0	0.0	0.0	0.02	0.0	0.0	0.01	0.02	0.0	0.01	0.01	0.0	0.0	0.0	0.0	0.0	0.0	0.0	0.0	0.0	0.0
Root; d__Bacteria; p__Chloroflexota; c__UBA6077; o__FW602-bin22; f__SMAGOTU_05446	0.0	0.0	0.0	0.0	0.0	0.0	0.0	0.0	0.0	0.0	0.0	0.0	0.0	0.0	0.0	0.0	0.0	0.0	0.0	0.0	0.0	0.0	0.0	0.0	0.0	0.0	0.0	0.0	0.0	0.0	0.0	0.0	0.0	0.0	0.0	0.0	0.0	0.0	0.0	0.0	0.0	0.0	0.0	0.0	0.0	0.0	0.0	0.0	0.0	0.0	0.0	0.0	0.0	0.0	0.02	0.0	0.0	0.01	0.01	0.0	0.02	0.01	0.03	0.02	0.0	0.0	0.02	0.0	0.0	0.02	0.02	0.0
Root; d__Bacteria; p__Acidobacteriota; c__Terriglobia; o__UBA7540; f__UBA7540	0.0	0.0	0.0	0.0	0.0	0.0	0.0	0.0	0.0	0.0	0.0	0.0	0.0	0.0	0.0	0.0	0.0	0.0	0.0	0.0	0.0	0.0	0.0	0.0	0.0	0.0	0.0	0.0	0.0	0.0	0.0	0.0	0.0	0.0	0.0	0.0	0.0	0.0	0.0	0.0	0.0	0.0	0.0	0.0	0.0	0.0	0.0	0.0	0.0	0.0	0.0	0.0	0.0	0.0	0.0	0.02	0.0	0.02	0.01	0.0	0.01	0.01	0.0	0.0	0.0	0.0	0.0	0.0	0.0	0.0	0.0	0.0
Root; d__Bacteria; p__Pseudomonadota; c__Alphaproteobacteria; o__Reyranellales; f__JAQSWP01	0.0	0.0	0.0	0.0	0.0	0.0	0.0	0.0	0.0	0.0	0.0	0.0	0.0	0.0	0.0	0.0	0.0	0.0	0.0	0.0	0.0	0.0	0.0	0.0	0.0	0.0	0.0	0.0	0.0	0.0	0.0	0.0	0.0	0.0	0.0	0.0	0.0	0.0	0.0	0.0	0.0	0.0	0.0	0.0	0.0	0.0	0.0	0.0	0.0	0.0	0.0	0.0	0.0	0.0	0.0	0.0	0.0	0.01	0.0	0.0	0.0	0.0	0.0	0.0	0.0	0.0	0.0	0.0	0.0	0.0	0.0	0.0
Root; d__Bacteria; p__Pseudomonadota; c__Alphaproteobacteria; o__Rhodospirillales; f__Magnetospirillaceae	0.0	0.0	0.0	0.0	0.0	0.0	0.0	0.0	0.0	0.0	0.0	0.0	0.0	0.0	0.0	0.0	0.0	0.0	0.0	0.0	0.0	0.0	0.0	0.0	0.0	0.0	0.0	0.0	0.0	0.0	0.0	0.0	0.0	0.0	0.0	0.0	0.0	0.0	0.0	0.0	0.0	0.0	0.0	0.0	0.0	0.0	0.0	0.0	0.0	0.0	0.0	0.0	0.0	0.0	0.0	0.0	0.0	0.01	0.0	0.02	0.01	0.01	0.0	0.0	0.0	0.0	0.0	0.0	0.0	0.0	0.0	0.0
Root; d__Bacteria; p__Planctomycetota; c__Planctomycetia; o__Pirellulales; f__UBA1268	0.0	0.0	0.0	0.0	0.0	0.0	0.0	0.0	0.0	0.0	0.0	0.0	0.0	0.0	0.0	0.0	0.0	0.0	0.0	0.0	0.0	0.0	0.0	0.0	0.0	0.0	0.0	0.0	0.0	0.0	0.0	0.0	0.0	0.0	0.0	0.0	0.0	0.0	0.0	0.0	0.0	0.0	0.0	0.0	0.0	0.0	0.0	0.0	0.0	0.0	0.0	0.0	0.0	0.0	0.0	0.0	0.0	0.01	0.01	0.0	0.01	0.01	0.0	0.0	0.0	0.0	0.0	0.0	0.0	0.0	0.0	0.0
Root; d__Bacteria; p__Planctomycetota; c__Phycisphaerae; o__Phycisphaerales; f__Phycisphaeraceae	0.0	0.0	0.0	0.0	0.0	0.0	0.0	0.0	0.0	0.0	0.0	0.0	0.0	0.0	0.0	0.0	0.0	0.0	0.0	0.0	0.0	0.0	0.0	0.0	0.0	0.0	0.0	0.0	0.0	0.0	0.0	0.0	0.0	0.0	0.0	0.0	0.0	0.0	0.0	0.0	0.0	0.0	0.0	0.0	0.0	0.0	0.0	0.0	0.0	0.0	0.0	0.0	0.0	0.0	0.0	0.0	0.0	0.01	0.01	0.0	0.01	0.01	0.0	0.0	0.0	0.0	0.0	0.02	0.0	0.0	0.0	0.0
Root; d__Bacteria; p__Planctomycetota; c__J058; o__J058; f__JACQDU01	0.0	0.0	0.0	0.0	0.0	0.0	0.0	0.0	0.0	0.0	0.0	0.0	0.0	0.0	0.0	0.0	0.0	0.0	0.0	0.0	0.0	0.0	0.0	0.0	0.0	0.0	0.0	0.0	0.0	0.0	0.0	0.0	0.0	0.0	0.0	0.0	0.0	0.0	0.0	0.0	0.0	0.0	0.0	0.0	0.0	0.0	0.0	0.0	0.0	0.0	0.0	0.0	0.0	0.0	0.0	0.0	0.0	0.01	0.0	0.0	0.01	0.0	0.01	0.0	0.0	0.0	0.0	0.0	0.0	0.0	0.02	0.0
Root; d__Bacteria; p__Acidobacteriota; c__Vicinamibacteria; o__Vicinamibacterales; f__JAFNAJ01	0.0	0.0	0.0	0.0	0.0	0.0	0.0	0.0	0.0	0.0	0.0	0.0	0.0	0.0	0.0	0.0	0.0	0.0	0.0	0.0	0.0	0.0	0.0	0.0	0.0	0.0	0.0	0.0	0.0	0.0	0.0	0.0	0.0	0.0	0.0	0.0	0.0	0.0	0.0	0.0	0.0	0.0	0.0	0.0	0.0	0.0	0.0	0.0	0.0	0.0	0.0	0.0	0.0	0.0	0.0	0.0	0.0	0.01	0.0	0.0	0.01	0.0	0.0	0.0	0.0	0.0	0.0	0.0	0.0	0.0	0.0	0.0
Root; d__Bacteria; p__Bdellovibrionota; c__UBA1018; o__UBA1018; f__UBA923	0.0	0.0	0.0	0.0	0.0	0.0	0.0	0.0	0.0	0.0	0.0	0.0	0.0	0.0	0.0	0.0	0.0	0.0	0.0	0.0	0.0	0.0	0.0	0.0	0.0	0.0	0.0	0.0	0.0	0.0	0.0	0.0	0.0	0.0	0.0	0.0	0.0	0.0	0.0	0.0	0.0	0.0	0.0	0.0	0.0	0.0	0.0	0.0	0.0	0.0	0.0	0.0	0.0	0.0	0.0	0.0	0.0	0.01	0.01	0.0	0.01	0.01	0.0	0.0	0.0	0.0	0.0	0.0	0.0	0.0	0.0	0.0
Root; d__Bacteria; p__Patescibacteriota; c__Minisyncoccia; o__Phycocordibacterales; f__JAKAEA01	0.0	0.0	0.0	0.0	0.0	0.0	0.0	0.0	0.0	0.0	0.0	0.0	0.0	0.0	0.0	0.0	0.0	0.0	0.0	0.0	0.0	0.0	0.0	0.0	0.0	0.0	0.0	0.0	0.0	0.0	0.0	0.0	0.0	0.0	0.0	0.0	0.0	0.0	0.0	0.0	0.0	0.0	0.0	0.0	0.0	0.0	0.0	0.0	0.0	0.0	0.0	0.0	0.0	0.0	0.0	0.0	0.0	0.01	0.0	0.0	0.0	0.0	0.0	0.0	0.0	0.0	0.0	0.0	0.0	0.0	0.0	0.0
Root; d__Bacteria; p__Patescibacteriota; c__Microgenomatia; o__UBA1406; f__GWC2-37-13	0.0	0.0	0.0	0.0	0.0	0.0	0.0	0.0	0.0	0.0	0.0	0.0	0.0	0.0	0.0	0.0	0.0	0.0	0.0	0.0	0.0	0.0	0.0	0.0	0.0	0.0	0.0	0.0	0.0	0.0	0.0	0.0	0.0	0.0	0.0	0.0	0.0	0.0	0.0	0.0	0.0	0.0	0.0	0.0	0.0	0.0	0.0	0.0	0.0	0.0	0.0	0.0	0.0	0.0	0.0	0.0	0.0	0.01	0.0	0.0	0.01	0.01	0.0	0.0	0.0	0.0	0.0	0.0	0.0	0.0	0.0	0.0
Root; d__Bacteria; p__Patescibacteriota; c__Gracilibacteria; o__BD1-5; f__UBA2023	0.0	0.0	0.0	0.0	0.0	0.0	0.0	0.0	0.0	0.0	0.0	0.0	0.0	0.0	0.0	0.0	0.0	0.0	0.0	0.0	0.0	0.0	0.0	0.0	0.0	0.0	0.0	0.0	0.0	0.0	0.0	0.0	0.0	0.0	0.0	0.0	0.0	0.0	0.0	0.0	0.0	0.0	0.0	0.0	0.0	0.0	0.0	0.0	0.0	0.0	0.0	0.0	0.0	0.0	0.0	0.0	0.0	0.01	0.01	0.0	0.01	0.01	0.0	0.0	0.0	0.0	0.0	0.0	0.0	0.0	0.0	0.0
Root; d__Bacteria; p__Chloroflexota; c__Chloroflexia; o__Chloroflexales; f__Chloroflexaceae	0.0	0.0	0.0	0.0	0.0	0.0	0.0	0.0	0.0	0.0	0.0	0.0	0.0	0.0	0.0	0.0	0.0	0.0	0.0	0.0	0.0	0.0	0.0	0.0	0.0	0.0	0.0	0.0	0.0	0.0	0.0	0.0	0.0	0.0	0.0	0.0	0.0	0.0	0.0	0.0	0.0	0.0	0.0	0.0	0.0	0.0	0.0	0.0	0.0	0.0	0.0	0.0	0.0	0.0	0.0	0.0	0.0	0.01	0.0	0.0	0.0	0.0	0.0	0.0	0.0	0.0	0.0	0.0	0.0	0.0	0.0	0.0
Root; d__Bacteria; p__Chloroflexota; c__Anaerolineae; o__Aggregatilineales; f__UBA3940	0.0	0.0	0.0	0.0	0.0	0.0	0.0	0.0	0.0	0.0	0.0	0.0	0.0	0.0	0.0	0.0	0.0	0.0	0.0	0.0	0.0	0.0	0.0	0.0	0.0	0.0	0.0	0.0	0.0	0.0	0.0	0.0	0.0	0.0	0.0	0.0	0.0	0.0	0.0	0.0	0.0	0.0	0.0	0.0	0.0	0.0	0.0	0.0	0.0	0.0	0.0	0.0	0.0	0.0	0.0	0.0	0.0	0.01	0.01	0.0	0.02	0.01	0.0	0.03	0.01	0.0	0.02	0.0	0.0	0.02	0.01	0.0
Root; d__Bacteria; p__Chloroflexota; c__Anaerolineae; o__UBA4142; f__SHND01	0.0	0.0	0.0	0.0	0.0	0.0	0.0	0.0	0.0	0.0	0.0	0.0	0.0	0.0	0.0	0.0	0.0	0.0	0.0	0.0	0.0	0.0	0.0	0.0	0.0	0.0	0.0	0.0	0.0	0.0	0.0	0.0	0.0	0.0	0.0	0.0	0.0	0.0	0.0	0.0	0.0	0.0	0.0	0.0	0.0	0.0	0.0	0.0	0.0	0.0	0.0	0.0	0.0	0.0	0.0	0.0	0.0	0.01	0.01	0.0	0.01	0.01	0.0	0.0	0.0	0.0	0.0	0.0	0.0	0.0	0.0	0.0
Root; d__Bacteria; p__Chloroflexota; c__UBA5177; o__SPIREOTU_01175024; f__SPIREOTU_01175024	0.0	0.0	0.0	0.0	0.0	0.0	0.0	0.0	0.0	0.0	0.0	0.0	0.0	0.0	0.0	0.0	0.0	0.0	0.0	0.0	0.0	0.0	0.0	0.0	0.0	0.0	0.0	0.0	0.0	0.0	0.0	0.0	0.0	0.0	0.0	0.0	0.0	0.0	0.0	0.0	0.0	0.0	0.0	0.0	0.0	0.0	0.0	0.0	0.0	0.0	0.0	0.0	0.0	0.0	0.0	0.0	0.0	0.01	0.01	0.0	0.01	0.01	0.0	0.0	0.0	0.0	0.0	0.01	0.0	0.0	0.01	0.0
Root; d__Bacteria; p__Chloroflexota; c__UBA6077; o__FW602-bin22; f__CADDYW01	0.0	0.0	0.0	0.0	0.0	0.0	0.0	0.0	0.0	0.0	0.0	0.0	0.0	0.0	0.0	0.0	0.0	0.0	0.0	0.0	0.0	0.0	0.0	0.0	0.0	0.0	0.0	0.0	0.0	0.0	0.0	0.0	0.0	0.0	0.0	0.0	0.0	0.0	0.0	0.0	0.0	0.0	0.0	0.0	0.0	0.0	0.0	0.0	0.0	0.0	0.0	0.0	0.0	0.0	0.0	0.0	0.0	0.01	0.01	0.0	0.0	0.01	0.0	0.0	0.0	0.0	0.0	0.0	0.0	0.0	0.0	0.0
Root; d__Bacteria; p__Chloroflexota; c__Ktedonobacteria; o__Ktedonobacterales; f__Ktedonobacteraceae	0.0	0.0	0.0	0.0	0.0	0.0	0.0	0.0	0.0	0.0	0.0	0.0	0.0	0.0	0.0	0.0	0.0	0.0	0.0	0.0	0.0	0.0	0.0	0.0	0.0	0.0	0.0	0.0	0.0	0.0	0.0	0.0	0.0	0.0	0.0	0.0	0.0	0.0	0.0	0.0	0.0	0.0	0.0	0.0	0.0	0.0	0.0	0.0	0.0	0.0	0.0	0.0	0.0	0.0	0.0	0.0	0.0	0.01	0.02	0.0	0.02	0.02	0.02	0.0	0.0	0.0	0.02	0.0	0.0	0.0	0.01	0.0
Root; d__Bacteria; p__Chloroflexota; c__JAJPGV01; o__JAJPGV01; f__JAJPGV01	0.0	0.0	0.0	0.0	0.0	0.0	0.0	0.0	0.0	0.0	0.0	0.0	0.0	0.0	0.0	0.0	0.0	0.0	0.0	0.0	0.0	0.0	0.0	0.0	0.0	0.0	0.0	0.0	0.0	0.0	0.0	0.0	0.0	0.0	0.0	0.0	0.0	0.0	0.0	0.0	0.0	0.0	0.0	0.0	0.0	0.0	0.0	0.0	0.0	0.0	0.0	0.0	0.0	0.0	0.0	0.0	0.0	0.01	0.01	0.0	0.01	0.01	0.0	0.0	0.0	0.0	0.0	0.0	0.0	0.0	0.0	0.0
Root; d__Bacteria; p__Armatimonadota; c__SYMT01; o__SYMT01; f__BCRBG_73794	0.0	0.0	0.0	0.0	0.0	0.0	0.0	0.0	0.0	0.0	0.0	0.0	0.0	0.0	0.0	0.0	0.0	0.0	0.0	0.0	0.0	0.0	0.0	0.0	0.0	0.0	0.0	0.0	0.0	0.0	0.0	0.0	0.0	0.0	0.0	0.0	0.0	0.0	0.0	0.0	0.0	0.0	0.0	0.0	0.0	0.0	0.0	0.0	0.0	0.0	0.0	0.0	0.0	0.0	0.0	0.0	0.0	0.01	0.01	0.0	0.01	0.01	0.0	0.0	0.0	0.0	0.0	0.0	0.0	0.0	0.0	0.0
Root; d__Bacteria; p__Myxococcota_A; c__Polyangia; o__Palsa-1104; f__MOTU40_085013	0.0	0.0	0.0	0.0	0.0	0.0	0.0	0.0	0.0	0.0	0.0	0.0	0.0	0.0	0.0	0.0	0.0	0.0	0.0	0.0	0.0	0.0	0.0	0.0	0.0	0.0	0.0	0.0	0.0	0.0	0.0	0.0	0.0	0.0	0.0	0.0	0.0	0.0	0.0	0.0	0.0	0.0	0.0	0.0	0.0	0.0	0.0	0.0	0.0	0.0	0.0	0.0	0.0	0.0	0.0	0.0	0.0	0.01	0.0	0.0	0.0	0.0	0.0	0.0	0.0	0.0	0.0	0.0	0.0	0.0	0.0	0.0
Root; d__Bacteria; p__Myxococcota; c__Kuafuiibacteriia; o__Kuafuiibacteriales; f__AMXMAG_0720	0.0	0.0	0.0	0.0	0.0	0.0	0.0	0.0	0.0	0.0	0.0	0.0	0.0	0.0	0.0	0.0	0.0	0.0	0.0	0.0	0.0	0.0	0.0	0.0	0.0	0.0	0.0	0.0	0.0	0.0	0.0	0.0	0.0	0.0	0.0	0.0	0.0	0.0	0.0	0.0	0.0	0.0	0.0	0.0	0.0	0.0	0.0	0.0	0.0	0.0	0.0	0.0	0.0	0.0	0.0	0.0	0.0	0.01	0.01	0.0	0.01	0.01	0.0	0.0	0.0	0.0	0.0	0.01	0.0	0.0	0.0	0.0
Root; d__Bacteria; p__Nitrospirota; c__Nitrospiria; o__Nitrospirales; f__NS-4	0.0	0.0	0.0	0.0	0.0	0.0	0.0	0.0	0.0	0.0	0.0	0.0	0.0	0.0	0.0	0.0	0.0	0.0	0.0	0.0	0.0	0.0	0.0	0.0	0.0	0.0	0.0	0.0	0.0	0.0	0.0	0.0	0.0	0.0	0.0	0.0	0.0	0.0	0.0	0.0	0.0	0.0	0.0	0.0	0.0	0.0	0.0	0.0	0.0	0.0	0.0	0.0	0.0	0.0	0.0	0.0	0.0	0.02	0.02	0.0	0.03	0.02	0.02	0.0	0.0	0.0	0.02	0.0	0.0	0.02	0.0	0.0
Root; d__Bacteria; p__Omnitrophota; c__Gorgyraeia; o__2-02-FULL-51-18; f__2-02-FULL-51-18	0.0	0.0	0.0	0.0	0.0	0.0	0.0	0.0	0.0	0.0	0.0	0.0	0.0	0.0	0.0	0.0	0.0	0.0	0.0	0.0	0.0	0.0	0.0	0.0	0.0	0.0	0.0	0.0	0.0	0.0	0.0	0.0	0.0	0.0	0.0	0.0	0.0	0.0	0.0	0.0	0.0	0.0	0.0	0.0	0.0	0.0	0.0	0.0	0.0	0.0	0.0	0.0	0.0	0.0	0.0	0.0	0.0	0.01	0.0	0.0	0.01	0.01	0.0	0.02	0.0	0.0	0.0	0.0	0.0	0.0	0.0	0.0
Root; d__Bacteria; p__Actinomycetota; c__Actinomycetes; o__Mycobacteriales; f__QHCD01	0.0	0.0	0.0	0.0	0.0	0.0	0.0	0.0	0.0	0.0	0.0	0.0	0.0	0.0	0.0	0.0	0.0	0.0	0.0	0.0	0.0	0.0	0.0	0.0	0.0	0.0	0.0	0.0	0.0	0.0	0.0	0.0	0.0	0.0	0.0	0.0	0.0	0.0	0.0	0.0	0.0	0.0	0.0	0.0	0.0	0.0	0.0	0.0	0.0	0.0	0.0	0.0	0.0	0.0	0.0	0.0	0.0	0.01	0.0	0.0	0.01	0.0	0.0	0.0	0.0	0.0	0.0	0.0	0.0	0.0	0.0	0.0
Root; d__Bacteria; p__Actinomycetota; c__Actinomycetes; o__Actinomycetales; f__JBBAYJ01	0.0	0.0	0.0	0.0	0.0	0.0	0.0	0.0	0.0	0.0	0.0	0.0	0.0	0.0	0.0	0.0	0.0	0.0	0.0	0.0	0.0	0.0	0.0	0.0	0.0	0.0	0.0	0.0	0.0	0.0	0.0	0.0	0.0	0.0	0.0	0.0	0.0	0.0	0.0	0.0	0.0	0.0	0.0	0.0	0.0	0.0	0.0	0.0	0.0	0.0	0.0	0.0	0.0	0.0	0.0	0.0	0.0	0.01	0.0	0.0	0.01	0.0	0.0	0.0	0.0	0.0	0.0	0.0	0.0	0.0	0.0	0.0
Root; d__Bacteria; p__Actinomycetota; c__Acidimicrobiia; o__Acidimicrobiales; f__JAUJNH01	0.0	0.0	0.0	0.0	0.0	0.0	0.0	0.0	0.0	0.0	0.0	0.0	0.0	0.0	0.0	0.0	0.0	0.0	0.0	0.0	0.0	0.0	0.0	0.0	0.0	0.0	0.0	0.0	0.0	0.0	0.0	0.0	0.0	0.0	0.0	0.0	0.0	0.0	0.0	0.0	0.0	0.0	0.0	0.0	0.0	0.0	0.0	0.0	0.0	0.0	0.0	0.0	0.0	0.0	0.0	0.0	0.0	0.01	0.01	0.0	0.0	0.01	0.0	0.0	0.0	0.0	0.0	0.01	0.0	0.0	0.0	0.0
Root; d__Bacteria; p__Actinomycetota; c__Acidimicrobiia; o__Acidimicrobiales; f__SPIREOTU_01380607	0.0	0.0	0.0	0.0	0.0	0.0	0.0	0.0	0.0	0.0	0.0	0.0	0.0	0.0	0.0	0.0	0.0	0.0	0.0	0.0	0.0	0.0	0.0	0.0	0.0	0.0	0.0	0.0	0.0	0.0	0.0	0.0	0.0	0.0	0.0	0.0	0.0	0.0	0.0	0.0	0.0	0.0	0.0	0.0	0.0	0.0	0.0	0.0	0.0	0.0	0.0	0.0	0.0	0.0	0.0	0.0	0.0	0.01	0.0	0.0	0.01	0.01	0.0	0.0	0.0	0.0	0.0	0.0	0.0	0.0	0.0	0.0
Root; d__Bacteria; p__Actinomycetota; c__JAICYB01; o__JAICYB01; f__JAICYB01	0.0	0.0	0.0	0.0	0.0	0.0	0.0	0.0	0.0	0.0	0.0	0.0	0.0	0.0	0.0	0.0	0.0	0.0	0.0	0.0	0.0	0.0	0.0	0.0	0.0	0.0	0.0	0.0	0.0	0.0	0.0	0.0	0.0	0.0	0.0	0.0	0.0	0.0	0.0	0.0	0.0	0.0	0.0	0.0	0.0	0.0	0.0	0.0	0.0	0.0	0.0	0.0	0.0	0.0	0.0	0.0	0.0	0.01	0.0	0.0	0.01	0.02	0.0	0.0	0.02	0.0	0.01	0.03	0.0	0.02	0.02	0.0
Root; d__Bacteria; p__Eisenbacteria; c__RBG-16-71-46; o__SZUA-252; f__SZUA-252	0.0	0.0	0.0	0.0	0.0	0.0	0.0	0.0	0.0	0.0	0.0	0.0	0.0	0.0	0.0	0.0	0.0	0.0	0.0	0.0	0.0	0.0	0.0	0.0	0.0	0.0	0.0	0.0	0.0	0.0	0.0	0.0	0.0	0.0	0.0	0.0	0.0	0.0	0.0	0.0	0.0	0.0	0.0	0.0	0.0	0.0	0.0	0.0	0.0	0.0	0.0	0.0	0.0	0.0	0.0	0.0	0.0	0.01	0.0	0.0	0.02	0.02	0.0	0.0	0.02	0.0	0.01	0.01	0.0	0.02	0.0	0.0
Root; d__Archaea; p__Thermoplasmatota; c__SW-10-69-26; o__JACQPN01; f__JAJPHT01	0.0	0.0	0.0	0.0	0.0	0.0	0.0	0.0	0.0	0.0	0.0	0.0	0.0	0.0	0.0	0.0	0.0	0.0	0.0	0.0	0.0	0.0	0.0	0.0	0.0	0.0	0.0	0.0	0.0	0.0	0.0	0.0	0.0	0.0	0.0	0.0	0.0	0.0	0.0	0.0	0.0	0.0	0.0	0.0	0.0	0.0	0.0	0.0	0.0	0.0	0.0	0.0	0.0	0.0	0.0	0.0	0.0	0.0	0.01	0.0	0.0	0.01	0.0	0.0	0.0	0.0	0.0	0.0	0.0	0.0	0.0	0.0
Root; d__Bacteria; p__Actinomycetota; c__Acidimicrobiia; o__IMCC26256; f__JAMXLJ01	0.0	0.0	0.0	0.0	0.0	0.0	0.0	0.0	0.0	0.0	0.0	0.0	0.0	0.0	0.0	0.0	0.0	0.0	0.0	0.0	0.0	0.0	0.0	0.0	0.0	0.0	0.0	0.0	0.0	0.0	0.0	0.0	0.0	0.0	0.0	0.0	0.0	0.0	0.0	0.0	0.0	0.0	0.0	0.0	0.0	0.0	0.0	0.0	0.0	0.0	0.0	0.0	0.0	0.0	0.0	0.0	0.0	0.0	0.01	0.0	0.01	0.01	0.0	0.0	0.0	0.0	0.0	0.0	0.0	0.0	0.0	0.0
Root; d__Bacteria; p__Actinomycetota; c__Acidimicrobiia; o__IMCC26256; f__VFJJ01	0.0	0.0	0.0	0.0	0.0	0.0	0.0	0.0	0.0	0.0	0.0	0.0	0.0	0.0	0.0	0.0	0.0	0.0	0.0	0.0	0.0	0.0	0.0	0.0	0.0	0.0	0.0	0.0	0.0	0.0	0.0	0.0	0.0	0.0	0.0	0.0	0.0	0.0	0.0	0.0	0.0	0.0	0.0	0.0	0.0	0.0	0.0	0.0	0.0	0.0	0.0	0.0	0.0	0.0	0.0	0.0	0.0	0.0	0.01	0.0	0.0	0.01	0.0	0.0	0.0	0.0	0.0	0.0	0.0	0.0	0.02	0.0
Root; d__Bacteria; p__Actinomycetota; c__Actinomycetes; o__Mycobacteriales; f__JACQDL01	0.0	0.0	0.0	0.0	0.0	0.0	0.0	0.0	0.0	0.0	0.0	0.0	0.0	0.0	0.0	0.0	0.0	0.0	0.0	0.0	0.0	0.0	0.0	0.0	0.0	0.0	0.0	0.0	0.0	0.0	0.0	0.0	0.0	0.0	0.0	0.0	0.0	0.0	0.0	0.0	0.0	0.0	0.0	0.0	0.0	0.0	0.0	0.0	0.0	0.0	0.0	0.0	0.0	0.0	0.0	0.0	0.0	0.0	0.02	0.0	0.01	0.0	0.0	0.0	0.0	0.0	0.01	0.0	0.0	0.0	0.0	0.0
Root; d__Bacteria; p__Actinomycetota; c__Actinomycetes; o__Mycobacteriales; f__CAJCIY01	0.0	0.0	0.0	0.0	0.0	0.0	0.0	0.0	0.0	0.0	0.0	0.0	0.0	0.0	0.0	0.0	0.0	0.0	0.0	0.0	0.0	0.0	0.0	0.0	0.0	0.0	0.0	0.0	0.0	0.0	0.0	0.0	0.0	0.0	0.0	0.0	0.0	0.0	0.0	0.0	0.0	0.0	0.0	0.0	0.0	0.0	0.0	0.0	0.0	0.0	0.0	0.0	0.0	0.0	0.0	0.0	0.0	0.0	0.01	0.0	0.0	0.01	0.0	0.0	0.0	0.0	0.0	0.0	0.0	0.0	0.0	0.0
Root; d__Bacteria; p__Actinomycetota; c__Actinomycetes; o__Mycobacteriales; f__QHCA01	0.0	0.0	0.0	0.0	0.0	0.0	0.0	0.0	0.0	0.0	0.0	0.0	0.0	0.0	0.0	0.0	0.0	0.0	0.0	0.0	0.0	0.0	0.0	0.0	0.0	0.0	0.0	0.0	0.0	0.0	0.0	0.0	0.0	0.0	0.0	0.0	0.0	0.0	0.0	0.0	0.0	0.0	0.0	0.0	0.0	0.0	0.0	0.0	0.0	0.0	0.0	0.0	0.0	0.0	0.0	0.0	0.0	0.0	0.01	0.0	0.0	0.0	0.0	0.0	0.0	0.0	0.0	0.0	0.0	0.0	0.0	0.0
Root; d__Bacteria; p__Actinomycetota; c__Actinomycetes; o__Streptosporangiales; f__WHST01	0.0	0.0	0.0	0.0	0.0	0.0	0.0	0.0	0.0	0.0	0.0	0.0	0.0	0.0	0.0	0.0	0.0	0.0	0.0	0.0	0.0	0.0	0.0	0.0	0.0	0.0	0.0	0.0	0.0	0.0	0.0	0.0	0.0	0.0	0.0	0.0	0.0	0.0	0.0	0.0	0.0	0.0	0.0	0.0	0.0	0.0	0.0	0.0	0.0	0.0	0.0	0.0	0.0	0.0	0.0	0.0	0.0	0.0	0.01	0.0	0.0	0.0	0.0	0.0	0.0	0.0	0.0	0.0	0.0	0.0	0.0	0.0
Root; d__Bacteria; p__Actinomycetota; c__Thermoleophilia; o__UBA2241; f__UBA2241	0.0	0.0	0.0	0.0	0.0	0.0	0.0	0.0	0.0	0.0	0.0	0.0	0.0	0.0	0.0	0.0	0.0	0.0	0.0	0.0	0.0	0.0	0.0	0.0	0.0	0.0	0.0	0.0	0.0	0.0	0.0	0.0	0.0	0.0	0.0	0.0	0.0	0.0	0.0	0.0	0.0	0.0	0.0	0.0	0.0	0.0	0.0	0.0	0.0	0.0	0.0	0.0	0.0	0.0	0.0	0.0	0.0	0.0	0.01	0.0	0.01	0.01	0.0	0.0	0.0	0.0	0.0	0.0	0.0	0.0	0.0	0.0
Root; d__Bacteria; p__Chloroflexota; c__UBA5177; o__UBA5177; f__UBA5177	0.0	0.0	0.0	0.0	0.0	0.0	0.0	0.0	0.0	0.0	0.0	0.0	0.0	0.0	0.0	0.0	0.0	0.0	0.0	0.0	0.0	0.0	0.0	0.0	0.0	0.0	0.0	0.0	0.0	0.0	0.0	0.0	0.0	0.0	0.0	0.0	0.0	0.0	0.0	0.0	0.0	0.0	0.0	0.0	0.0	0.0	0.0	0.0	0.0	0.0	0.0	0.0	0.0	0.0	0.0	0.0	0.0	0.0	0.01	0.0	0.0	0.0	0.0	0.0	0.0	0.0	0.0	0.0	0.0	0.0	0.0	0.0
Root; d__Bacteria; p__Myxococcota_A; c__Polyangia; o__Haliangiales; f__JADYYK01	0.0	0.0	0.0	0.0	0.0	0.0	0.0	0.0	0.0	0.0	0.0	0.0	0.0	0.0	0.0	0.0	0.0	0.0	0.0	0.0	0.0	0.0	0.0	0.0	0.0	0.0	0.0	0.0	0.0	0.0	0.0	0.0	0.0	0.0	0.0	0.0	0.0	0.0	0.0	0.0	0.0	0.0	0.0	0.0	0.0	0.0	0.0	0.0	0.0	0.0	0.0	0.0	0.0	0.0	0.0	0.0	0.0	0.0	0.01	0.0	0.0	0.0	0.0	0.0	0.0	0.0	0.0	0.0	0.0	0.0	0.0	0.0
Root; d__Bacteria; p__Myxococcota_A; c__Polyangia; o__Palsa-1104; f__SHYY01	0.0	0.0	0.0	0.0	0.0	0.0	0.0	0.0	0.0	0.0	0.0	0.0	0.0	0.0	0.0	0.0	0.0	0.0	0.0	0.0	0.0	0.0	0.0	0.0	0.0	0.0	0.0	0.0	0.0	0.0	0.0	0.0	0.0	0.0	0.0	0.0	0.0	0.0	0.0	0.0	0.0	0.0	0.0	0.0	0.0	0.0	0.0	0.0	0.0	0.0	0.0	0.0	0.0	0.0	0.0	0.0	0.0	0.0	0.01	0.0	0.0	0.01	0.0	0.0	0.0	0.0	0.0	0.0	0.0	0.0	0.0	0.0
Root; d__Bacteria; p__Acidobacteriota; c__Blastocatellia; o__Chloracidobacteriales; f__JADJPF01	0.0	0.0	0.0	0.0	0.0	0.0	0.0	0.0	0.0	0.0	0.0	0.0	0.0	0.0	0.0	0.0	0.0	0.0	0.0	0.0	0.0	0.0	0.0	0.0	0.0	0.0	0.0	0.0	0.0	0.0	0.0	0.0	0.0	0.0	0.0	0.0	0.0	0.0	0.0	0.0	0.0	0.0	0.0	0.0	0.0	0.0	0.0	0.0	0.0	0.0	0.0	0.0	0.0	0.0	0.0	0.0	0.0	0.0	0.01	0.0	0.0	0.0	0.0	0.0	0.0	0.0	0.0	0.0	0.0	0.02	0.0	0.0
Root; d__Bacteria; p__Acidobacteriota; c__Blastocatellia; o__RBC074; f__RBC074	0.0	0.0	0.0	0.0	0.0	0.0	0.0	0.0	0.0	0.0	0.0	0.0	0.0	0.0	0.0	0.0	0.0	0.0	0.0	0.0	0.0	0.0	0.0	0.0	0.0	0.0	0.0	0.0	0.0	0.0	0.0	0.0	0.0	0.0	0.0	0.0	0.0	0.0	0.0	0.0	0.0	0.0	0.0	0.0	0.0	0.0	0.0	0.0	0.0	0.0	0.0	0.0	0.0	0.0	0.0	0.0	0.0	0.0	0.01	0.0	0.02	0.01	0.0	0.0	0.01	0.0	0.0	0.0	0.0	0.0	0.0	0.0
Root; d__Bacteria; p__Acidobacteriota; c__Terriglobia; o__2-12-FULL-54-10; f__2-12-FULL-54-10	0.0	0.0	0.0	0.0	0.0	0.0	0.0	0.0	0.0	0.0	0.0	0.0	0.0	0.0	0.0	0.0	0.0	0.0	0.0	0.0	0.0	0.0	0.0	0.0	0.0	0.0	0.0	0.0	0.0	0.0	0.0	0.0	0.0	0.0	0.0	0.0	0.0	0.0	0.0	0.0	0.0	0.0	0.0	0.0	0.0	0.0	0.0	0.0	0.0	0.0	0.0	0.0	0.0	0.0	0.0	0.0	0.0	0.0	0.01	0.0	0.01	0.01	0.0	0.0	0.0	0.0	0.0	0.0	0.0	0.0	0.0	0.0
Root; d__Bacteria; p__Acidobacteriota; c__Vicinamibacteria; o__Vicinamibacterales; f__UBA8438	0.0	0.0	0.0	0.0	0.0	0.0	0.0	0.0	0.0	0.0	0.0	0.0	0.0	0.0	0.0	0.0	0.0	0.0	0.0	0.0	0.0	0.0	0.0	0.0	0.0	0.0	0.0	0.0	0.0	0.0	0.0	0.0	0.0	0.0	0.0	0.0	0.0	0.0	0.0	0.0	0.0	0.0	0.0	0.0	0.0	0.0	0.0	0.0	0.0	0.0	0.0	0.0	0.0	0.0	0.0	0.0	0.0	0.0	0.01	0.0	0.01	0.01	0.0	0.0	0.0	0.0	0.0	0.0	0.0	0.01	0.0	0.0
Root; d__Bacteria; p__Planctomycetota; c__JAJSAM01; o__JAJSAM01; f__JAJVHW01	0.0	0.0	0.0	0.0	0.0	0.0	0.0	0.0	0.0	0.0	0.0	0.0	0.0	0.0	0.0	0.0	0.0	0.0	0.0	0.0	0.0	0.0	0.0	0.0	0.0	0.0	0.0	0.0	0.0	0.0	0.0	0.0	0.0	0.0	0.0	0.0	0.0	0.0	0.0	0.0	0.0	0.0	0.0	0.0	0.0	0.0	0.0	0.0	0.0	0.0	0.0	0.0	0.0	0.0	0.0	0.0	0.0	0.0	0.01	0.0	0.01	0.01	0.0	0.0	0.0	0.0	0.0	0.0	0.0	0.0	0.0	0.0
Root; d__Bacteria; p__Desulfobacterota; c__Binatia; o__UBA12015; f__UBA12015	0.0	0.0	0.0	0.0	0.0	0.0	0.0	0.0	0.0	0.0	0.0	0.0	0.0	0.0	0.0	0.0	0.0	0.0	0.0	0.0	0.0	0.0	0.0	0.0	0.0	0.0	0.0	0.0	0.0	0.0	0.0	0.0	0.0	0.0	0.0	0.0	0.0	0.0	0.0	0.0	0.0	0.0	0.0	0.0	0.0	0.0	0.0	0.0	0.0	0.0	0.0	0.0	0.0	0.0	0.0	0.0	0.0	0.0	0.01	0.0	0.01	0.01	0.0	0.0	0.0	0.0	0.0	0.0	0.0	0.0	0.0	0.0
Root; d__Bacteria; p__Actinomycetota; c__Actinomycetes; o__Actinomycetales; f__SCSIO-59966	0.0	0.0	0.0	0.0	0.0	0.0	0.0	0.0	0.0	0.0	0.0	0.0	0.0	0.0	0.0	0.0	0.0	0.0	0.0	0.0	0.0	0.0	0.0	0.0	0.0	0.0	0.0	0.0	0.0	0.0	0.0	0.0	0.0	0.0	0.0	0.0	0.0	0.0	0.0	0.0	0.0	0.0	0.0	0.0	0.0	0.0	0.0	0.0	0.0	0.0	0.0	0.0	0.0	0.0	0.0	0.0	0.0	0.0	0.0	0.0	0.01	0.0	0.0	0.0	0.0	0.0	0.0	0.0	0.0	0.0	0.0	0.0
Root; d__Bacteria; p__Actinomycetota; c__Acidimicrobiia; o__Acidimicrobiales; f__JANYDT01	0.0	0.0	0.0	0.0	0.0	0.0	0.0	0.0	0.0	0.0	0.0	0.0	0.0	0.0	0.0	0.0	0.0	0.0	0.0	0.0	0.0	0.0	0.0	0.0	0.0	0.0	0.0	0.0	0.0	0.0	0.0	0.0	0.0	0.0	0.0	0.0	0.0	0.0	0.0	0.0	0.0	0.0	0.0	0.0	0.0	0.0	0.0	0.0	0.0	0.0	0.0	0.0	0.0	0.0	0.0	0.0	0.0	0.0	0.0	0.0	0.01	0.01	0.0	0.0	0.0	0.0	0.0	0.0	0.0	0.0	0.0	0.0
Root; d__Bacteria; p__Actinomycetota; c__Acidimicrobiia; o__Acidimicrobiales; f__UBA8190	0.0	0.0	0.0	0.0	0.0	0.0	0.0	0.0	0.0	0.0	0.0	0.0	0.0	0.0	0.0	0.0	0.0	0.0	0.0	0.0	0.0	0.0	0.0	0.0	0.0	0.0	0.0	0.0	0.0	0.0	0.0	0.0	0.0	0.0	0.0	0.0	0.0	0.0	0.0	0.0	0.0	0.0	0.0	0.0	0.0	0.0	0.0	0.0	0.0	0.0	0.0	0.0	0.0	0.0	0.0	0.0	0.0	0.0	0.0	0.0	0.0	0.01	0.0	0.0	0.0	0.0	0.0	0.0	0.0	0.0	0.0	0.0
Root; d__Bacteria; p__Actinomycetota; c__Acidimicrobiia; o__Acidimicrobiales; f__SZUA-35	0.0	0.0	0.0	0.0	0.0	0.0	0.0	0.0	0.0	0.0	0.0	0.0	0.0	0.0	0.0	0.0	0.0	0.0	0.0	0.0	0.0	0.0	0.0	0.0	0.0	0.0	0.0	0.0	0.0	0.0	0.0	0.0	0.0	0.0	0.0	0.0	0.0	0.0	0.0	0.0	0.0	0.0	0.0	0.0	0.0	0.0	0.0	0.0	0.0	0.0	0.0	0.0	0.0	0.0	0.0	0.0	0.0	0.0	0.0	0.0	0.0	0.01	0.0	0.0	0.0	0.0	0.0	0.0	0.0	0.0	0.0	0.0
Root; d__Bacteria; p__Actinomycetota; c__Acidimicrobiia; o__Acidimicrobiales; f__DATKAS01	0.0	0.0	0.0	0.0	0.0	0.0	0.0	0.0	0.0	0.0	0.0	0.0	0.0	0.0	0.0	0.0	0.0	0.0	0.0	0.0	0.0	0.0	0.0	0.0	0.0	0.0	0.0	0.0	0.0	0.0	0.0	0.0	0.0	0.0	0.0	0.0	0.0	0.0	0.0	0.0	0.0	0.0	0.0	0.0	0.0	0.0	0.0	0.0	0.0	0.0	0.0	0.0	0.0	0.0	0.0	0.0	0.0	0.0	0.0	0.0	0.01	0.0	0.0	0.0	0.0	0.0	0.0	0.0	0.0	0.0	0.0	0.0
Root; d__Bacteria; p__Pseudomonadota; c__Alphaproteobacteria; o__Rhizobiales; f__Amorphaceae	0.0	0.0	0.0	0.0	0.0	0.0	0.0	0.0	0.0	0.0	0.0	0.0	0.0	0.0	0.0	0.0	0.0	0.0	0.0	0.0	0.0	0.0	0.0	0.0	0.0	0.0	0.0	0.0	0.0	0.0	0.0	0.0	0.0	0.0	0.0	0.0	0.0	0.0	0.0	0.0	0.0	0.0	0.0	0.0	0.0	0.0	0.0	0.0	0.0	0.0	0.0	0.0	0.0	0.0	0.0	0.0	0.0	0.0	0.0	0.0	0.0	0.0	0.0	0.0	0.0	0.0	0.0	0.0	0.0	0.0	0.0	0.0
Root; d__Bacteria; p__Pseudomonadota; c__Alphaproteobacteria; o__Rhizobiales; f__Phreatobacteraceae	0.0	0.0	0.0	0.0	0.0	0.0	0.0	0.0	0.0	0.0	0.0	0.0	0.0	0.0	0.0	0.0	0.0	0.0	0.0	0.0	0.0	0.0	0.0	0.0	0.0	0.0	0.0	0.0	0.0	0.0	0.0	0.0	0.0	0.0	0.0	0.0	0.0	0.0	0.0	0.0	0.0	0.0	0.0	0.0	0.0	0.0	0.0	0.0	0.0	0.0	0.0	0.0	0.0	0.0	0.0	0.0	0.0	0.0	0.0	0.0	0.0	0.0	0.0	0.0	0.0	0.0	0.0	0.0	0.0	0.0	0.0	0.0
Root; d__Bacteria; p__Pseudomonadota; c__Alphaproteobacteria; o__Caulobacterales; f__Parvularculaceae	0.0	0.0	0.0	0.0	0.0	0.0	0.0	0.0	0.0	0.0	0.0	0.0	0.0	0.0	0.0	0.0	0.0	0.0	0.0	0.0	0.0	0.0	0.0	0.0	0.0	0.0	0.0	0.0	0.0	0.0	0.0	0.0	0.0	0.0	0.0	0.0	0.0	0.0	0.0	0.0	0.0	0.0	0.0	0.0	0.0	0.0	0.0	0.0	0.0	0.0	0.0	0.0	0.0	0.0	0.0	0.0	0.0	0.0	0.0	0.0	0.01	0.01	0.0	0.0	0.0	0.0	0.0	0.0	0.0	0.0	0.0	0.0
Root; d__Bacteria; p__Pseudomonadota; c__Alphaproteobacteria; o__Ferrovibrionales; f__Ferrovibrionaceae	0.0	0.0	0.0	0.0	0.0	0.0	0.0	0.0	0.0	0.0	0.0	0.0	0.0	0.0	0.0	0.0	0.0	0.0	0.0	0.0	0.0	0.0	0.0	0.0	0.0	0.0	0.0	0.0	0.0	0.0	0.0	0.0	0.0	0.0	0.0	0.0	0.0	0.0	0.0	0.0	0.0	0.0	0.0	0.0	0.0	0.0	0.0	0.0	0.0	0.0	0.0	0.0	0.0	0.0	0.0	0.0	0.0	0.0	0.0	0.0	0.01	0.0	0.0	0.0	0.0	0.0	0.0	0.0	0.0	0.0	0.0	0.0
Root; d__Bacteria; p__Pseudomonadota; c__Alphaproteobacteria; o__UBA9655; f__UBA9655	0.0	0.0	0.0	0.0	0.0	0.0	0.0	0.0	0.0	0.0	0.0	0.0	0.0	0.0	0.0	0.0	0.0	0.0	0.0	0.0	0.0	0.0	0.0	0.0	0.0	0.0	0.0	0.0	0.0	0.0	0.0	0.0	0.0	0.0	0.0	0.0	0.0	0.0	0.0	0.0	0.0	0.0	0.0	0.0	0.0	0.0	0.0	0.0	0.0	0.0	0.0	0.0	0.0	0.0	0.0	0.0	0.0	0.0	0.0	0.0	0.01	0.0	0.0	0.0	0.0	0.0	0.0	0.0	0.0	0.0	0.0	0.0
Root; d__Bacteria; p__Pseudomonadota; c__Alphaproteobacteria; o__SHVZ01; f__SHVZ01	0.0	0.0	0.0	0.0	0.0	0.0	0.0	0.0	0.0	0.0	0.0	0.0	0.0	0.0	0.0	0.0	0.0	0.0	0.0	0.0	0.0	0.0	0.0	0.0	0.0	0.0	0.0	0.0	0.0	0.0	0.0	0.0	0.0	0.0	0.0	0.0	0.0	0.0	0.0	0.0	0.0	0.0	0.0	0.0	0.0	0.0	0.0	0.0	0.0	0.0	0.0	0.0	0.0	0.0	0.0	0.0	0.0	0.0	0.0	0.0	0.0	0.01	0.0	0.0	0.0	0.0	0.0	0.0	0.0	0.0	0.0	0.0
Root; d__Bacteria; p__Armatimonadota; c__Armatimonadia; o__Armatimonadales; f__Capsulimonadaceae	0.0	0.0	0.0	0.0	0.0	0.0	0.0	0.0	0.0	0.0	0.0	0.0	0.0	0.0	0.0	0.0	0.0	0.0	0.0	0.0	0.0	0.0	0.0	0.0	0.0	0.0	0.0	0.0	0.0	0.0	0.0	0.0	0.0	0.0	0.0	0.0	0.0	0.0	0.0	0.0	0.0	0.0	0.0	0.0	0.0	0.0	0.0	0.0	0.0	0.0	0.0	0.0	0.0	0.0	0.0	0.0	0.0	0.0	0.0	0.0	0.01	0.01	0.0	0.0	0.0	0.0	0.0	0.0	0.0	0.0	0.0	0.0
Root; d__Bacteria; p__Bacillota; c__Clostridia; o__Oscillospirales; f__Oscillospiraceae	0.0	0.0	0.0	0.0	0.0	0.0	0.0	0.0	0.0	0.0	0.0	0.0	0.0	0.0	0.0	0.0	0.0	0.0	0.0	0.0	0.0	0.0	0.0	0.0	0.0	0.0	0.0	0.0	0.0	0.0	0.0	0.0	0.0	0.0	0.0	0.0	0.0	0.0	0.0	0.0	0.0	0.0	0.0	0.0	0.0	0.0	0.0	0.0	0.0	0.0	0.0	0.0	0.0	0.0	0.0	0.0	0.0	0.0	0.0	0.0	0.01	0.0	0.0	0.0	0.0	0.0	0.0	0.0	0.0	0.0	0.0	0.0
Root; d__Bacteria; p__Planctomycetota; c__Phycisphaerae; o__Phycisphaerales; f__SM1A02	0.0	0.0	0.0	0.0	0.0	0.0	0.0	0.0	0.0	0.0	0.0	0.0	0.0	0.0	0.0	0.0	0.0	0.0	0.0	0.0	0.0	0.0	0.0	0.0	0.0	0.0	0.0	0.0	0.0	0.0	0.0	0.0	0.0	0.0	0.0	0.0	0.0	0.0	0.0	0.0	0.0	0.0	0.0	0.0	0.0	0.0	0.0	0.0	0.0	0.0	0.0	0.0	0.0	0.0	0.0	0.0	0.0	0.0	0.0	0.0	0.01	0.01	0.0	0.0	0.0	0.0	0.0	0.0	0.0	0.0	0.0	0.0
Root; d__Bacteria; p__Planctomycetota; c__Phycisphaerae; o__UBA1845; f__PWPN01	0.0	0.0	0.0	0.0	0.0	0.0	0.0	0.0	0.0	0.0	0.0	0.0	0.0	0.0	0.0	0.0	0.0	0.0	0.0	0.0	0.0	0.0	0.0	0.0	0.0	0.0	0.0	0.0	0.0	0.0	0.0	0.0	0.0	0.0	0.0	0.0	0.0	0.0	0.0	0.0	0.0	0.0	0.0	0.0	0.0	0.0	0.0	0.0	0.0	0.0	0.0	0.0	0.0	0.0	0.0	0.0	0.0	0.0	0.0	0.0	0.01	0.01	0.0	0.0	0.0	0.0	0.0	0.0	0.0	0.0	0.01	0.0
Root; d__Bacteria; p__Planctomycetota; c__Planctomycetia; o__Pirellulales; f__JAEUIK01	0.0	0.0	0.0	0.0	0.0	0.0	0.0	0.0	0.0	0.0	0.0	0.0	0.0	0.0	0.0	0.0	0.0	0.0	0.0	0.0	0.0	0.0	0.0	0.0	0.0	0.0	0.0	0.0	0.0	0.0	0.0	0.0	0.0	0.0	0.0	0.0	0.0	0.0	0.0	0.0	0.0	0.0	0.0	0.0	0.0	0.0	0.0	0.0	0.0	0.0	0.0	0.0	0.0	0.0	0.0	0.0	0.0	0.0	0.0	0.0	0.01	0.0	0.0	0.0	0.0	0.0	0.0	0.0	0.0	0.0	0.0	0.0
Root; d__Bacteria; p__Chloroflexota; c__Anaerolineae; o__J036; f__Brachytrichaceae	0.0	0.0	0.0	0.0	0.0	0.0	0.0	0.0	0.0	0.0	0.0	0.0	0.0	0.0	0.0	0.0	0.0	0.0	0.0	0.0	0.0	0.0	0.0	0.0	0.0	0.0	0.0	0.0	0.0	0.0	0.0	0.0	0.0	0.0	0.0	0.0	0.0	0.0	0.0	0.0	0.0	0.0	0.0	0.0	0.0	0.0	0.0	0.0	0.0	0.0	0.0	0.0	0.0	0.0	0.0	0.0	0.0	0.0	0.0	0.0	0.01	0.01	0.0	0.0	0.0	0.0	0.0	0.0	0.0	0.0	0.0	0.0
Root; d__Bacteria; p__Chloroflexota; c__Anaerolineae; o__JACRMK01; f__JACRMK01	0.0	0.0	0.0	0.0	0.0	0.0	0.0	0.0	0.0	0.0	0.0	0.0	0.0	0.0	0.0	0.0	0.0	0.0	0.0	0.0	0.0	0.0	0.0	0.0	0.0	0.0	0.0	0.0	0.0	0.0	0.0	0.0	0.0	0.0	0.0	0.0	0.0	0.0	0.0	0.0	0.0	0.0	0.0	0.0	0.0	0.0	0.0	0.0	0.0	0.0	0.0	0.0	0.0	0.0	0.0	0.0	0.0	0.0	0.0	0.0	0.01	0.01	0.0	0.01	0.02	0.0	0.0	0.0	0.0	0.0	0.0	0.0
Root; d__Bacteria; p__Chloroflexota; c__Dormibacteria; o__Aeolococcales; f__Aeolococcaceae	0.0	0.0	0.0	0.0	0.0	0.0	0.0	0.0	0.0	0.0	0.0	0.0	0.0	0.0	0.0	0.0	0.0	0.0	0.0	0.0	0.0	0.0	0.0	0.0	0.0	0.0	0.0	0.0	0.0	0.0	0.0	0.0	0.0	0.0	0.0	0.0	0.0	0.0	0.0	0.0	0.0	0.0	0.0	0.0	0.0	0.0	0.0	0.0	0.0	0.0	0.0	0.0	0.0	0.0	0.0	0.0	0.0	0.0	0.0	0.0	0.01	0.0	0.0	0.0	0.0	0.0	0.0	0.0	0.0	0.0	0.0	0.0
Root; d__Bacteria; p__Chloroflexota; c__Dormibacteria; o__CF-121; f__CF-121	0.0	0.0	0.0	0.0	0.0	0.0	0.0	0.0	0.0	0.0	0.0	0.0	0.0	0.0	0.0	0.0	0.0	0.0	0.0	0.0	0.0	0.0	0.0	0.0	0.0	0.0	0.0	0.0	0.0	0.0	0.0	0.0	0.0	0.0	0.0	0.0	0.0	0.0	0.0	0.0	0.0	0.0	0.0	0.0	0.0	0.0	0.0	0.0	0.0	0.0	0.0	0.0	0.0	0.0	0.0	0.0	0.0	0.0	0.0	0.0	0.01	0.01	0.0	0.0	0.0	0.0	0.0	0.0	0.0	0.0	0.0	0.0
Root; d__Bacteria; p__Acidobacteriota; c__Vicinamibacteria; o__Vicinamibacterales; f__JAHECP01	0.0	0.0	0.0	0.0	0.0	0.0	0.0	0.0	0.0	0.0	0.0	0.0	0.0	0.0	0.0	0.0	0.0	0.0	0.0	0.0	0.0	0.0	0.0	0.0	0.0	0.0	0.0	0.0	0.0	0.0	0.0	0.0	0.0	0.0	0.0	0.0	0.0	0.0	0.0	0.0	0.0	0.0	0.0	0.0	0.0	0.0	0.0	0.0	0.0	0.0	0.0	0.0	0.0	0.0	0.0	0.0	0.0	0.0	0.0	0.0	0.01	0.01	0.0	0.0	0.0	0.0	0.0	0.0	0.0	0.0	0.0	0.0
Root; d__Bacteria; p__Patescibacteriota; c__Saccharimonadia; o__Saccharimonadales; f__EFPC-124	0.0	0.0	0.0	0.0	0.0	0.0	0.0	0.0	0.0	0.0	0.0	0.0	0.0	0.0	0.0	0.0	0.0	0.0	0.0	0.0	0.0	0.0	0.0	0.0	0.0	0.0	0.0	0.0	0.0	0.0	0.0	0.0	0.0	0.0	0.0	0.0	0.0	0.0	0.0	0.0	0.0	0.0	0.0	0.0	0.0	0.0	0.0	0.0	0.0	0.0	0.0	0.0	0.0	0.0	0.0	0.0	0.0	0.0	0.0	0.0	0.01	0.01	0.0	0.0	0.0	0.0	0.0	0.0	0.0	0.0	0.0	0.0
Root; d__Bacteria; p__Patescibacteriota; c__Saccharimonadia; o__Saccharimonadales; f__JANWIN01	0.0	0.0	0.0	0.0	0.0	0.0	0.0	0.0	0.0	0.0	0.0	0.0	0.0	0.0	0.0	0.0	0.0	0.0	0.0	0.0	0.0	0.0	0.0	0.0	0.0	0.0	0.0	0.0	0.0	0.0	0.0	0.0	0.0	0.0	0.0	0.0	0.0	0.0	0.0	0.0	0.0	0.0	0.0	0.0	0.0	0.0	0.0	0.0	0.0	0.0	0.0	0.0	0.0	0.0	0.0	0.0	0.0	0.0	0.0	0.0	0.01	0.01	0.0	0.0	0.0	0.0	0.0	0.0	0.0	0.0	0.0	0.0
Root; d__Bacteria; p__Patescibacteriota; c__Minisyncoccia; o__UBA6257; f__2-01-FULL-56-20	0.0	0.0	0.0	0.0	0.0	0.0	0.0	0.0	0.0	0.0	0.0	0.0	0.0	0.0	0.0	0.0	0.0	0.0	0.0	0.0	0.0	0.0	0.0	0.0	0.0	0.0	0.0	0.0	0.0	0.0	0.0	0.0	0.0	0.0	0.0	0.0	0.0	0.0	0.0	0.0	0.0	0.0	0.0	0.0	0.0	0.0	0.0	0.0	0.0	0.0	0.0	0.0	0.0	0.0	0.0	0.0	0.0	0.0	0.0	0.0	0.01	0.0	0.0	0.0	0.0	0.0	0.0	0.0	0.0	0.0	0.0	0.0
Root; d__Bacteria; p__Myxococcota; c__XYA12-FULL-58-9; o__XYA12-FULL-58-9; f__JAFGEK01	0.0	0.0	0.0	0.0	0.0	0.0	0.0	0.0	0.0	0.0	0.0	0.0	0.0	0.0	0.0	0.0	0.0	0.0	0.0	0.0	0.0	0.0	0.0	0.0	0.0	0.0	0.0	0.0	0.0	0.0	0.0	0.0	0.0	0.0	0.0	0.0	0.0	0.0	0.0	0.0	0.0	0.0	0.0	0.0	0.0	0.0	0.0	0.0	0.0	0.0	0.0	0.0	0.0	0.0	0.0	0.0	0.0	0.0	0.0	0.0	0.01	0.0	0.0	0.0	0.0	0.0	0.0	0.0	0.0	0.0	0.0	0.0
Root; d__Bacteria; p__Myxococcota; c__XYA12-FULL-58-9; o__XYA12-FULL-58-9; f__JALHOP01	0.0	0.0	0.0	0.0	0.0	0.0	0.0	0.0	0.0	0.0	0.0	0.0	0.0	0.0	0.0	0.0	0.0	0.0	0.0	0.0	0.0	0.0	0.0	0.0	0.0	0.0	0.0	0.0	0.0	0.0	0.0	0.0	0.0	0.0	0.0	0.0	0.0	0.0	0.0	0.0	0.0	0.0	0.0	0.0	0.0	0.0	0.0	0.0	0.0	0.0	0.0	0.0	0.0	0.0	0.0	0.0	0.0	0.0	0.0	0.0	0.01	0.0	0.0	0.0	0.0	0.0	0.0	0.0	0.0	0.0	0.0	0.0
Root; d__Bacteria; p__Myxococcota; c__Kuafuiibacteriia; o__Kuafuiibacteriales; f__Kuafuiibacteriaceae	0.0	0.0	0.0	0.0	0.0	0.0	0.0	0.0	0.0	0.0	0.0	0.0	0.0	0.0	0.0	0.0	0.0	0.0	0.0	0.0	0.0	0.0	0.0	0.0	0.0	0.0	0.0	0.0	0.0	0.0	0.0	0.0	0.0	0.0	0.0	0.0	0.0	0.0	0.0	0.0	0.0	0.0	0.0	0.0	0.0	0.0	0.0	0.0	0.0	0.0	0.0	0.0	0.0	0.0	0.0	0.0	0.0	0.0	0.0	0.0	0.01	0.0	0.0	0.0	0.0	0.0	0.0	0.0	0.0	0.0	0.0	0.0
Root; d__Bacteria; p__Verrucomicrobiota; c__Verrucomicrobiia; o__Chthoniobacterales; f__Terrimicrobiaceae	0.0	0.0	0.0	0.0	0.0	0.0	0.0	0.0	0.0	0.0	0.0	0.0	0.0	0.0	0.0	0.0	0.0	0.0	0.0	0.0	0.0	0.0	0.0	0.0	0.0	0.0	0.0	0.0	0.0	0.0	0.0	0.0	0.0	0.0	0.0	0.0	0.0	0.0	0.0	0.0	0.0	0.0	0.0	0.0	0.0	0.0	0.0	0.0	0.0	0.0	0.0	0.0	0.0	0.0	0.0	0.0	0.0	0.0	0.0	0.0	0.01	0.0	0.0	0.0	0.0	0.0	0.0	0.0	0.0	0.0	0.0	0.0
Root; d__Bacteria; p__Verrucomicrobiota; c__Verrucomicrobiia; o__Limisphaerales; f__AV2	0.0	0.0	0.0	0.0	0.0	0.0	0.0	0.0	0.0	0.0	0.0	0.0	0.0	0.0	0.0	0.0	0.0	0.0	0.0	0.0	0.0	0.0	0.0	0.0	0.0	0.0	0.0	0.0	0.0	0.0	0.0	0.0	0.0	0.0	0.0	0.0	0.0	0.0	0.0	0.0	0.0	0.0	0.0	0.0	0.0	0.0	0.0	0.0	0.0	0.0	0.0	0.0	0.0	0.0	0.0	0.0	0.0	0.0	0.0	0.0	0.01	0.0	0.0	0.0	0.0	0.0	0.0	0.0	0.0	0.0	0.0	0.0
Root; d__Bacteria; p__Bacteroidota; c__Bacteroidia; o__Chitinophagales; f__UBA10324	0.0	0.0	0.0	0.0	0.0	0.0	0.0	0.0	0.0	0.0	0.0	0.0	0.0	0.0	0.0	0.0	0.0	0.0	0.0	0.0	0.0	0.0	0.0	0.0	0.0	0.0	0.0	0.0	0.0	0.0	0.0	0.0	0.0	0.0	0.0	0.0	0.0	0.0	0.0	0.0	0.0	0.0	0.0	0.0	0.0	0.0	0.0	0.0	0.0	0.0	0.0	0.0	0.0	0.0	0.0	0.0	0.0	0.0	0.0	0.0	0.01	0.0	0.0	0.0	0.0	0.0	0.0	0.0	0.0	0.0	0.0	0.0
Root; d__Bacteria; p__Bacteroidota; c__Bacteroidia; o__Cytophagales; f__Cytophagaceae	0.0	0.0	0.0	0.0	0.0	0.0	0.0	0.0	0.0	0.0	0.0	0.0	0.0	0.0	0.0	0.0	0.0	0.0	0.0	0.0	0.0	0.0	0.0	0.0	0.0	0.0	0.0	0.0	0.0	0.0	0.0	0.0	0.0	0.0	0.0	0.0	0.0	0.0	0.0	0.0	0.0	0.0	0.0	0.0	0.0	0.0	0.0	0.0	0.0	0.0	0.0	0.0	0.0	0.0	0.0	0.0	0.0	0.0	0.0	0.0	0.01	0.0	0.0	0.0	0.0	0.0	0.0	0.0	0.0	0.0	0.0	0.0
Root; d__Bacteria; p__Bacteroidota; c__Bacteroidia; o__AKYH767-A; f__OLB10	0.0	0.0	0.0	0.0	0.0	0.0	0.0	0.0	0.0	0.0	0.0	0.0	0.0	0.0	0.0	0.0	0.0	0.0	0.0	0.0	0.0	0.0	0.0	0.0	0.0	0.0	0.0	0.0	0.0	0.0	0.0	0.0	0.0	0.0	0.0	0.0	0.0	0.0	0.0	0.0	0.0	0.0	0.0	0.0	0.0	0.0	0.0	0.0	0.0	0.0	0.0	0.0	0.0	0.0	0.0	0.0	0.0	0.0	0.0	0.0	0.0	0.0	0.0	0.0	0.0	0.0	0.0	0.0	0.0	0.0	0.0	0.0
Root; d__Bacteria; p__Bacteroidota; c__Bacteroidia; o__Flavobacteriales_F; f__PHOS-HE28	0.0	0.0	0.0	0.0	0.0	0.0	0.0	0.0	0.0	0.0	0.0	0.0	0.0	0.0	0.0	0.0	0.0	0.0	0.0	0.0	0.0	0.0	0.0	0.0	0.0	0.0	0.0	0.0	0.0	0.0	0.0	0.0	0.0	0.0	0.0	0.0	0.0	0.0	0.0	0.0	0.0	0.0	0.0	0.0	0.0	0.0	0.0	0.0	0.0	0.0	0.0	0.0	0.0	0.0	0.0	0.0	0.0	0.0	0.0	0.0	0.01	0.01	0.0	0.0	0.0	0.0	0.0	0.0	0.0	0.0	0.0	0.0
Root; d__Bacteria; p__Desulfobacterota; c__Binatia; o__HRBIN30; f__HRBIN30	0.0	0.0	0.0	0.0	0.0	0.0	0.0	0.0	0.0	0.0	0.0	0.0	0.0	0.0	0.0	0.0	0.0	0.0	0.0	0.0	0.0	0.0	0.0	0.0	0.0	0.0	0.0	0.0	0.0	0.0	0.0	0.0	0.0	0.0	0.0	0.0	0.0	0.0	0.0	0.0	0.0	0.0	0.0	0.0	0.0	0.0	0.0	0.0	0.0	0.0	0.0	0.0	0.0	0.0	0.0	0.0	0.0	0.0	0.0	0.0	0.01	0.01	0.01	0.0	0.0	0.0	0.0	0.0	0.0	0.0	0.0	0.0
Root; d__Bacteria; p__Desulfobacterota; c__Binatia; o__JACPRU01; f__JACPRU01	0.0	0.0	0.0	0.0	0.0	0.0	0.0	0.0	0.0	0.0	0.0	0.0	0.0	0.0	0.0	0.0	0.0	0.0	0.0	0.0	0.0	0.0	0.0	0.0	0.0	0.0	0.0	0.0	0.0	0.0	0.0	0.0	0.0	0.0	0.0	0.0	0.0	0.0	0.0	0.0	0.0	0.0	0.0	0.0	0.0	0.0	0.0	0.0	0.0	0.0	0.0	0.0	0.0	0.0	0.0	0.0	0.0	0.0	0.0	0.0	0.01	0.0	0.0	0.0	0.0	0.0	0.01	0.02	0.0	0.0	0.0	0.0
Root; d__Bacteria; p__Cyanobacteriota; c__Cyanobacteriia; o__Cyanobacteriales; f__Microcoleaceae	0.0	0.0	0.0	0.0	0.0	0.0	0.0	0.0	0.0	0.0	0.0	0.0	0.0	0.0	0.0	0.0	0.0	0.0	0.0	0.0	0.0	0.0	0.0	0.0	0.0	0.0	0.0	0.0	0.0	0.0	0.0	0.0	0.0	0.0	0.0	0.0	0.0	0.0	0.0	0.0	0.0	0.0	0.0	0.0	0.0	0.0	0.0	0.0	0.0	0.0	0.0	0.0	0.0	0.0	0.0	0.0	0.0	0.0	0.0	0.0	0.01	0.01	0.0	0.0	0.0	0.0	0.0	0.0	0.0	0.0	0.0	0.0
Root; d__Bacteria; p__Chlamydiota; c__Chlamydiia; o__Chlamydiales; f__Rhabdochlamydiaceae	0.0	0.0	0.0	0.0	0.0	0.0	0.0	0.0	0.0	0.0	0.0	0.0	0.0	0.0	0.0	0.0	0.0	0.0	0.0	0.0	0.0	0.0	0.0	0.0	0.0	0.0	0.0	0.0	0.0	0.0	0.0	0.0	0.0	0.0	0.0	0.0	0.0	0.0	0.0	0.0	0.0	0.0	0.0	0.0	0.0	0.0	0.0	0.0	0.0	0.0	0.0	0.0	0.0	0.0	0.0	0.0	0.0	0.0	0.0	0.0	0.01	0.0	0.0	0.0	0.0	0.0	0.0	0.0	0.0	0.0	0.0	0.0
Root; d__Archaea; p__Nanobdellota; c__Nanobdellia; o__Woesearchaeales; f__UBA525	0.0	0.0	0.0	0.0	0.0	0.0	0.0	0.0	0.0	0.0	0.0	0.0	0.0	0.0	0.0	0.0	0.0	0.0	0.0	0.0	0.0	0.0	0.0	0.0	0.0	0.0	0.0	0.0	0.0	0.0	0.0	0.0	0.0	0.0	0.0	0.0	0.0	0.0	0.0	0.0	0.0	0.0	0.0	0.0	0.0	0.0	0.0	0.0	0.0	0.0	0.0	0.0	0.0	0.0	0.0	0.0	0.0	0.0	0.0	0.0	0.0	0.01	0.0	0.0	0.0	0.0	0.0	0.0	0.0	0.0	0.0	0.0
Root; d__Bacteria; p__Pseudomonadota; c__Gammaproteobacteria; o__Burkholderiales; f__Gallionellaceae	0.0	0.0	0.0	0.0	0.0	0.0	0.0	0.0	0.0	0.0	0.0	0.0	0.0	0.0	0.0	0.0	0.0	0.0	0.0	0.0	0.0	0.0	0.0	0.0	0.0	0.0	0.0	0.0	0.0	0.0	0.0	0.0	0.0	0.0	0.0	0.0	0.0	0.0	0.0	0.0	0.0	0.0	0.0	0.0	0.0	0.0	0.0	0.0	0.0	0.0	0.0	0.0	0.0	0.0	0.0	0.0	0.0	0.0	0.0	0.0	0.0	0.01	0.0	0.0	0.0	0.0	0.0	0.0	0.0	0.0	0.0	0.0
Root; d__Bacteria; p__Actinomycetota; c__Actinomycetes; o__S36-B12; f__UBA10799	0.0	0.0	0.0	0.0	0.0	0.0	0.0	0.0	0.0	0.0	0.0	0.0	0.0	0.0	0.0	0.0	0.0	0.0	0.0	0.0	0.0	0.0	0.0	0.0	0.0	0.0	0.0	0.0	0.0	0.0	0.0	0.0	0.0	0.0	0.0	0.0	0.0	0.0	0.0	0.0	0.0	0.0	0.0	0.0	0.0	0.0	0.0	0.0	0.0	0.0	0.0	0.0	0.0	0.0	0.0	0.0	0.0	0.0	0.0	0.0	0.0	0.0	0.0	0.0	0.0	0.0	0.0	0.0	0.0	0.0	0.0	0.0
Root; d__Bacteria; p__Actinomycetota; c__Actinomycetes; o__Acidothermales; f__Acidothermaceae	0.0	0.0	0.0	0.0	0.0	0.0	0.0	0.0	0.0	0.0	0.0	0.0	0.0	0.0	0.0	0.0	0.0	0.0	0.0	0.0	0.0	0.0	0.0	0.0	0.0	0.0	0.0	0.0	0.0	0.0	0.0	0.0	0.0	0.0	0.0	0.0	0.0	0.0	0.0	0.0	0.0	0.0	0.0	0.0	0.0	0.0	0.0	0.0	0.0	0.0	0.0	0.0	0.0	0.0	0.0	0.0	0.0	0.0	0.0	0.0	0.0	0.0	0.0	0.0	0.0	0.0	0.0	0.0	0.0	0.0	0.0	0.0
Root; d__Bacteria; p__Actinomycetota; c__Actinomycetes; o__JAVEEJ01; f__JAVEEJ01	0.0	0.0	0.0	0.0	0.0	0.0	0.0	0.0	0.0	0.0	0.0	0.0	0.0	0.0	0.0	0.0	0.0	0.0	0.0	0.0	0.0	0.0	0.0	0.0	0.0	0.0	0.0	0.0	0.0	0.0	0.0	0.0	0.0	0.0	0.0	0.0	0.0	0.0	0.0	0.0	0.0	0.0	0.0	0.0	0.0	0.0	0.0	0.0	0.0	0.0	0.0	0.0	0.0	0.0	0.0	0.0	0.0	0.0	0.0	0.0	0.0	0.0	0.0	0.0	0.0	0.0	0.0	0.0	0.0	0.0	0.0	0.0
Root; d__Bacteria; p__Actinomycetota; c__Acidimicrobiia; o__IMCC26256; f__JANYLB01	0.0	0.0	0.0	0.0	0.0	0.0	0.0	0.0	0.0	0.0	0.0	0.0	0.0	0.0	0.0	0.0	0.0	0.0	0.0	0.0	0.0	0.0	0.0	0.0	0.0	0.0	0.0	0.0	0.0	0.0	0.0	0.0	0.0	0.0	0.0	0.0	0.0	0.0	0.0	0.0	0.0	0.0	0.0	0.0	0.0	0.0	0.0	0.0	0.0	0.0	0.0	0.0	0.0	0.0	0.0	0.0	0.0	0.0	0.0	0.0	0.0	0.01	0.0	0.0	0.0	0.0	0.0	0.0	0.0	0.0	0.0	0.0
Root; d__Bacteria; p__Actinomycetota; c__Acidimicrobiia; o__Acidimicrobiales; f__JAHWLA01	0.0	0.0	0.0	0.0	0.0	0.0	0.0	0.0	0.0	0.0	0.0	0.0	0.0	0.0	0.0	0.0	0.0	0.0	0.0	0.0	0.0	0.0	0.0	0.0	0.0	0.0	0.0	0.0	0.0	0.0	0.0	0.0	0.0	0.0	0.0	0.0	0.0	0.0	0.0	0.0	0.0	0.0	0.0	0.0	0.0	0.0	0.0	0.0	0.0	0.0	0.0	0.0	0.0	0.0	0.0	0.0	0.0	0.0	0.0	0.0	0.0	0.0	0.0	0.0	0.0	0.0	0.0	0.0	0.0	0.0	0.0	0.0
Root; d__Bacteria; p__Actinomycetota; c__Acidimicrobiia; o__Acidimicrobiales; f__SPIREOTU_01586354	0.0	0.0	0.0	0.0	0.0	0.0	0.0	0.0	0.0	0.0	0.0	0.0	0.0	0.0	0.0	0.0	0.0	0.0	0.0	0.0	0.0	0.0	0.0	0.0	0.0	0.0	0.0	0.0	0.0	0.0	0.0	0.0	0.0	0.0	0.0	0.0	0.0	0.0	0.0	0.0	0.0	0.0	0.0	0.0	0.0	0.0	0.0	0.0	0.0	0.0	0.0	0.0	0.0	0.0	0.0	0.0	0.0	0.0	0.0	0.0	0.0	0.01	0.0	0.0	0.0	0.0	0.0	0.0	0.0	0.0	0.0	0.0
Root; d__Bacteria; p__Planctomycetota; c__Planctomycetia; o__Isosphaerales; f__GCMETA_00802140	0.0	0.0	0.0	0.0	0.0	0.0	0.0	0.0	0.0	0.0	0.0	0.0	0.0	0.0	0.0	0.0	0.0	0.0	0.0	0.0	0.0	0.0	0.0	0.0	0.0	0.0	0.0	0.0	0.0	0.0	0.0	0.0	0.0	0.0	0.0	0.0	0.0	0.0	0.0	0.0	0.0	0.0	0.0	0.0	0.0	0.0	0.0	0.0	0.0	0.0	0.0	0.0	0.0	0.0	0.0	0.0	0.0	0.0	0.0	0.0	0.0	0.01	0.0	0.0	0.0	0.0	0.0	0.0	0.0	0.0	0.0	0.0
Root; d__Bacteria; p__Patescibacteriota; c__Microgenomatia; o__Levybacterales; f__GWA1-39-11	0.0	0.0	0.0	0.0	0.0	0.0	0.0	0.0	0.0	0.0	0.0	0.0	0.0	0.0	0.0	0.0	0.0	0.0	0.0	0.0	0.0	0.0	0.0	0.0	0.0	0.0	0.0	0.0	0.0	0.0	0.0	0.0	0.0	0.0	0.0	0.0	0.0	0.0	0.0	0.0	0.0	0.0	0.0	0.0	0.0	0.0	0.0	0.0	0.0	0.0	0.0	0.0	0.0	0.0	0.0	0.0	0.0	0.0	0.0	0.0	0.0	0.0	0.0	0.0	0.0	0.0	0.0	0.0	0.0	0.0	0.0	0.0
Root; d__Bacteria; p__Patescibacteriota; c__Saccharimonadia; o__Saccharimonadales; f__AWTP1-31	0.0	0.0	0.0	0.0	0.0	0.0	0.0	0.0	0.0	0.0	0.0	0.0	0.0	0.0	0.0	0.0	0.0	0.0	0.0	0.0	0.0	0.0	0.0	0.0	0.0	0.0	0.0	0.0	0.0	0.0	0.0	0.0	0.0	0.0	0.0	0.0	0.0	0.0	0.0	0.0	0.0	0.0	0.0	0.0	0.0	0.0	0.0	0.0	0.0	0.0	0.0	0.0	0.0	0.0	0.0	0.0	0.0	0.0	0.0	0.0	0.0	0.01	0.0	0.0	0.0	0.0	0.0	0.0	0.0	0.0	0.0	0.0
Root; d__Bacteria; p__Verrucomicrobiota; c__Verrucomicrobiia; o__Limisphaerales; f__JAKEEH01	0.0	0.0	0.0	0.0	0.0	0.0	0.0	0.0	0.0	0.0	0.0	0.0	0.0	0.0	0.0	0.0	0.0	0.0	0.0	0.0	0.0	0.0	0.0	0.0	0.0	0.0	0.0	0.0	0.0	0.0	0.0	0.0	0.0	0.0	0.0	0.0	0.0	0.0	0.0	0.0	0.0	0.0	0.0	0.0	0.0	0.0	0.0	0.0	0.0	0.0	0.0	0.0	0.0	0.0	0.0	0.0	0.0	0.0	0.0	0.0	0.0	0.01	0.0	0.0	0.0	0.0	0.0	0.0	0.0	0.0	0.01	0.0
Root; d__Bacteria; p__Verrucomicrobiota; c__Verrucomicrobiia; o__Limisphaerales; f__UBA9464	0.0	0.0	0.0	0.0	0.0	0.0	0.0	0.0	0.0	0.0	0.0	0.0	0.0	0.0	0.0	0.0	0.0	0.0	0.0	0.0	0.0	0.0	0.0	0.0	0.0	0.0	0.0	0.0	0.0	0.0	0.0	0.0	0.0	0.0	0.0	0.0	0.0	0.0	0.0	0.0	0.0	0.0	0.0	0.0	0.0	0.0	0.0	0.0	0.0	0.0	0.0	0.0	0.0	0.0	0.0	0.0	0.0	0.0	0.0	0.0	0.0	0.0	0.0	0.0	0.0	0.0	0.0	0.0	0.0	0.0	0.0	0.0
Root; d__Bacteria; p__Acidobacteriota; c__HRBIN11; o__JAKEFK01; f__JAKEFK01	0.0	0.0	0.0	0.0	0.0	0.0	0.0	0.0	0.0	0.0	0.0	0.0	0.0	0.0	0.0	0.0	0.0	0.0	0.0	0.0	0.0	0.0	0.0	0.0	0.0	0.0	0.0	0.0	0.0	0.0	0.0	0.0	0.0	0.0	0.0	0.0	0.0	0.0	0.0	0.0	0.0	0.0	0.0	0.0	0.0	0.0	0.0	0.0	0.0	0.0	0.0	0.0	0.0	0.0	0.0	0.0	0.0	0.0	0.0	0.0	0.0	0.01	0.0	0.0	0.0	0.0	0.0	0.0	0.0	0.0	0.0	0.0
Root; d__Bacteria; p__Myxococcota_A; c__Polyangia; o__JAHFDS01; f__JAHFDS01	0.0	0.0	0.0	0.0	0.0	0.0	0.0	0.0	0.0	0.0	0.0	0.0	0.0	0.0	0.0	0.0	0.0	0.0	0.0	0.0	0.0	0.0	0.0	0.0	0.0	0.0	0.0	0.0	0.0	0.0	0.0	0.0	0.0	0.0	0.0	0.0	0.0	0.0	0.0	0.0	0.0	0.0	0.0	0.0	0.0	0.0	0.0	0.0	0.0	0.0	0.0	0.0	0.0	0.0	0.0	0.0	0.0	0.0	0.0	0.0	0.0	0.0	0.0	0.0	0.0	0.0	0.0	0.0	0.0	0.0	0.0	0.0
Root; d__Bacteria; p__Bacteroidota; c__Bacteroidia; o__CAILMK01; f__CAILMK01	0.0	0.0	0.0	0.0	0.0	0.0	0.0	0.0	0.0	0.0	0.0	0.0	0.0	0.0	0.0	0.0	0.0	0.0	0.0	0.0	0.0	0.0	0.0	0.0	0.0	0.0	0.0	0.0	0.0	0.0	0.0	0.0	0.0	0.0	0.0	0.0	0.0	0.0	0.0	0.0	0.0	0.0	0.0	0.0	0.0	0.0	0.0	0.0	0.0	0.0	0.0	0.0	0.0	0.0	0.0	0.0	0.0	0.0	0.0	0.0	0.0	0.01	0.0	0.0	0.0	0.0	0.0	0.0	0.0	0.0	0.0	0.0
Root; d__Bacteria; p__Bdellovibrionota; c__UBA1018; o__CAIPTA01; f__CAIPTA01	0.0	0.0	0.0	0.0	0.0	0.0	0.0	0.0	0.0	0.0	0.0	0.0	0.0	0.0	0.0	0.0	0.0	0.0	0.0	0.0	0.0	0.0	0.0	0.0	0.0	0.0	0.0	0.0	0.0	0.0	0.0	0.0	0.0	0.0	0.0	0.0	0.0	0.0	0.0	0.0	0.0	0.0	0.0	0.0	0.0	0.0	0.0	0.0	0.0	0.0	0.0	0.0	0.0	0.0	0.0	0.0	0.0	0.0	0.0	0.0	0.0	0.0	0.0	0.0	0.0	0.0	0.0	0.0	0.0	0.0	0.0	0.0
Root; d__Bacteria; p__Myxococcota; c__XYA12-FULL-58-9; o__XYA12-FULL-58-9; f__SPIREOTU_01113172	0.0	0.0	0.0	0.0	0.0	0.0	0.0	0.0	0.0	0.0	0.0	0.0	0.0	0.0	0.0	0.0	0.0	0.0	0.0	0.0	0.0	0.0	0.0	0.0	0.0	0.0	0.0	0.0	0.0	0.0	0.0	0.0	0.0	0.0	0.0	0.0	0.0	0.0	0.0	0.0	0.0	0.0	0.0	0.0	0.0	0.0	0.0	0.0	0.0	0.0	0.0	0.0	0.0	0.0	0.0	0.0	0.0	0.0	0.0	0.0	0.0	0.0	0.0	0.0	0.0	0.0	0.0	0.0	0.0	0.0	0.0	0.0
Root; d__Bacteria; p__Elusimicrobiota; c__Elusimicrobia; o__2-02-FULL-39-32; f__2-02-FULL-39-32	0.0	0.0	0.0	0.0	0.0	0.0	0.0	0.0	0.0	0.0	0.0	0.0	0.0	0.0	0.0	0.0	0.0	0.0	0.0	0.0	0.0	0.0	0.0	0.0	0.0	0.0	0.0	0.0	0.0	0.0	0.0	0.0	0.0	0.0	0.0	0.0	0.0	0.0	0.0	0.0	0.0	0.0	0.0	0.0	0.0	0.0	0.0	0.0	0.0	0.0	0.0	0.0	0.0	0.0	0.0	0.0	0.0	0.0	0.0	0.0	0.0	0.0	0.0	0.0	0.0	0.0	0.0	0.0	0.0	0.0	0.0	0.0
Root; d__Bacteria; p__Vulcanimicrobiota; c__Vulcanimicrobiia; o__Vulcanimicrobiales; f__Vulcanimicrobiaceae	0.0	0.0	0.0	0.0	0.0	0.0	0.0	0.0	0.0	0.0	0.0	0.0	0.0	0.0	0.0	0.0	0.0	0.0	0.0	0.0	0.0	0.0	0.0	0.0	0.0	0.0	0.0	0.0	0.0	0.0	0.0	0.0	0.0	0.0	0.0	0.0	0.0	0.0	0.0	0.0	0.0	0.0	0.0	0.0	0.0	0.0	0.0	0.0	0.0	0.0	0.0	0.0	0.0	0.0	0.0	0.0	0.0	0.0	0.0	0.0	0.0	0.0	0.0	0.0	0.0	0.0	0.0	0.0	0.0	0.0	0.0	0.0
