taxonomy	Caro-Soil-SIP-pooled__JR71_7__27651__L1_S31_L005_R1_001	Caro-Soil-SIP-pooled__JR71_7__27651__L2_S55_L006_R1_001	Caro-Soil-SIP-pooled__JR71_7__27651__L3_S1319_L007_R1_001	Caro-Soil-SIP-pooled__JR72_8__27652__L1_S32_L005_R1_001	Caro-Soil-SIP-pooled__JR72_8__27652__L2_S56_L006_R1_001	Caro-Soil-SIP-pooled__JR72_8__27652__L3_S1320_L007_R1_001	Caro-Soil-SIP-pooled__JR73_9__27663__L1_S33_L005_R1_001	Caro-Soil-SIP-pooled__JR73_9__27663__L2_S57_L006_R1_001	Caro-Soil-SIP-pooled__JR73_9__27663__L3_S1321_L007_R1_001	Caro-Soil-SIP-pooled__JRP1_1__27645__L1_S25_L005_R1_001	Caro-Soil-SIP-pooled__JRP1_1__27645__L2_S49_L006_R1_001	Caro-Soil-SIP-pooled__JRP1_1__27645__L3_S1313_L007_R1_001	Caro-Soil-SIP-pooled__JRP2_2__27646__L1_S26_L005_R1_001	Caro-Soil-SIP-pooled__JRP2_2__27646__L2_S50_L006_R1_001	Caro-Soil-SIP-pooled__JRP2_2__27646__L3_S1314_L007_R1_001	Caro-Soil-SIP-pooled__JRP3_3__27647__L1_S27_L005_R1_001	Caro-Soil-SIP-pooled__JRP3_3__27647__L2_S51_L006_R1_001	Caro-Soil-SIP-pooled__JRP3_3__27647__L3_S1315_L007_R1_001	Caro-Soil-SIP-pooled__JS71_10__27664__L1_S34_L005_R1_001	Caro-Soil-SIP-pooled__JS71_10__27664__L2_S58_L006_R1_001	Caro-Soil-SIP-pooled__JS71_10__27664__L3_S1322_L007_R1_001	Caro-Soil-SIP-pooled__JS72_11__27665__L1_S35_L005_R1_001	Caro-Soil-SIP-pooled__JS72_11__27665__L2_S59_L006_R1_001	Caro-Soil-SIP-pooled__JS72_11__27665__L3_S1323_L007_R1_001	Caro-Soil-SIP-pooled__JS73_12__27666__L1_S36_L005_R1_001	Caro-Soil-SIP-pooled__JS73_12__27666__L2_S60_L006_R1_001	Caro-Soil-SIP-pooled__JS73_12__27666__L3_S1324_L007_R1_001	Caro-Soil-SIP-pooled__JSP1_4__27648__L1_S28_L005_R1_001	Caro-Soil-SIP-pooled__JSP1_4__27648__L2_S52_L006_R1_001	Caro-Soil-SIP-pooled__JSP1_4__27648__L3_S1316_L007_R1_001	Caro-Soil-SIP-pooled__JSP2_5__27649__L1_S29_L005_R1_001	Caro-Soil-SIP-pooled__JSP2_5__27649__L2_S53_L006_R1_001	Caro-Soil-SIP-pooled__JSP2_5__27649__L3_S1317_L007_R1_001	Caro-Soil-SIP-pooled__JSP3_6__27650__L1_S30_L005_R1_001	Caro-Soil-SIP-pooled__JSP3_6__27650__L2_S54_L006_R1_001	Caro-Soil-SIP-pooled__JSP3_6__27650__L3_S1318_L007_R1_001	Caro-Soil-SIP-pooled__LR71_19__27673__L1_S43_L005_R1_001	Caro-Soil-SIP-pooled__LR71_19__27673__L2_S67_L006_R1_001	Caro-Soil-SIP-pooled__LR71_19__27673__L3_S1331_L007_R1_001	Caro-Soil-SIP-pooled__LR72_20__27674__L1_S44_L005_R1_001	Caro-Soil-SIP-pooled__LR72_20__27674__L2_S68_L006_R1_001	Caro-Soil-SIP-pooled__LR72_20__27674__L3_S1332_L007_R1_001	Caro-Soil-SIP-pooled__LR73_21__27675__L1_S45_L005_R1_001	Caro-Soil-SIP-pooled__LR73_21__27675__L2_S69_L006_R1_001	Caro-Soil-SIP-pooled__LR73_21__27675__L3_S1333_L007_R1_001	Caro-Soil-SIP-pooled__LRP1_13__27667__L1_S37_L005_R1_001	Caro-Soil-SIP-pooled__LRP1_13__27667__L2_S61_L006_R1_001	Caro-Soil-SIP-pooled__LRP1_13__27667__L3_S1325_L007_R1_001	Caro-Soil-SIP-pooled__LRP2_14__27668__L1_S38_L005_R1_001	Caro-Soil-SIP-pooled__LRP2_14__27668__L2_S62_L006_R1_001	Caro-Soil-SIP-pooled__LRP2_14__27668__L3_S1326_L007_R1_001	Caro-Soil-SIP-pooled__LRP3_15__27669__L1_S39_L005_R1_001	Caro-Soil-SIP-pooled__LRP3_15__27669__L2_S63_L006_R1_001	Caro-Soil-SIP-pooled__LRP3_15__27669__L3_S1327_L007_R1_001	Caro-Soil-SIP-pooled__LS71_22__27676__L1_S46_L005_R1_001	Caro-Soil-SIP-pooled__LS71_22__27676__L2_S70_L006_R1_001	Caro-Soil-SIP-pooled__LS71_22__27676__L3_S1334_L007_R1_001	Caro-Soil-SIP-pooled__LS72_23__27677__L1_S47_L005_R1_001	Caro-Soil-SIP-pooled__LS72_23__27677__L2_S71_L006_R1_001	Caro-Soil-SIP-pooled__LS72_23__27677__L3_S1335_L007_R1_001	Caro-Soil-SIP-pooled__LS73_24__27678__L1_S48_L005_R1_001	Caro-Soil-SIP-pooled__LS73_24__27678__L2_S72_L006_R1_001	Caro-Soil-SIP-pooled__LS73_24__27678__L3_S1336_L007_R1_001	Caro-Soil-SIP-pooled__LSP1_16__27670__L1_S40_L005_R1_001	Caro-Soil-SIP-pooled__LSP1_16__27670__L2_S64_L006_R1_001	Caro-Soil-SIP-pooled__LSP1_16__27670__L3_S1328_L007_R1_001	Caro-Soil-SIP-pooled__LSP2_17__27671__L1_S41_L005_R1_001	Caro-Soil-SIP-pooled__LSP2_17__27671__L2_S65_L006_R1_001	Caro-Soil-SIP-pooled__LSP2_17__27671__L3_S1329_L007_R1_001	Caro-Soil-SIP-pooled__LSP3_18__27672__L1_S42_L005_R1_001	Caro-Soil-SIP-pooled__LSP3_18__27672__L2_S66_L006_R1_001	Caro-Soil-SIP-pooled__LSP3_18__27672__L3_S1330_L007_R1_001
unassigned	36.99	37.46	51.26	38.7	38.88	53.92	35.69	35.81	49.95	37.11	36.93	51.25	39.05	39.0	52.92	37.25	37.63	51.95	35.97	36.35	49.51	36.41	36.57	49.96	36.41	37.34	49.26	36.9	36.55	49.98	35.39	35.91	47.98	36.4	36.52	49.18	37.68	37.7	50.66	37.85	37.94	50.62	36.77	37.28	47.93	39.32	39.05	53.64	39.04	39.01	51.98	38.58	38.17	51.39	39.66	39.41	53.25	31.41	31.32	42.8	28.56	28.9	38.57	39.56	38.84	52.82	38.1	37.95	51.42	37.49	37.14	50.26
Root; d__Archaea; p__Thermoproteota; c__Nitrososphaeria; o__Nitrososphaerales; f__Nitrososphaeraceae; g__JARBAU01	0.15	0.15	0.14	0.11	0.1	0.0	0.11	0.13	0.09	0.12	0.13	0.16	0.14	0.15	0.11	0.14	0.16	0.08	0.12	0.12	0.09	0.06	0.13	0.07	0.11	0.12	0.11	0.1	0.13	0.15	0.1	0.12	0.09	0.1	0.14	0.09	0.13	0.1	0.14	0.15	0.13	0.09	0.13	0.16	0.12	0.14	0.13	0.14	0.16	0.14	0.1	0.15	0.13	0.04	0.11	0.11	0.0	0.12	0.09	0.1	0.1	0.08	0.11	0.11	0.09	0.06	0.13	0.08	0.11	0.09	0.1	0.05
Root; d__Archaea; p__Thermoproteota; c__Nitrososphaeria; o__Nitrososphaerales; f__Nitrososphaeraceae; g__Nitrosocosmicus	0.08	0.06	0.07	0.08	0.05	0.07	0.07	0.08	0.06	0.07	0.07	0.07	0.06	0.1	0.0	0.13	0.15	0.08	0.11	0.09	0.06	0.08	0.08	0.09	0.09	0.11	0.05	0.13	0.11	0.08	0.14	0.13	0.08	0.12	0.11	0.05	0.12	0.1	0.11	0.09	0.1	0.08	0.14	0.13	0.11	0.16	0.12	0.08	0.12	0.17	0.09	0.13	0.14	0.1	0.06	0.11	0.11	0.08	0.08	0.06	0.08	0.08	0.08	0.07	0.09	0.08	0.06	0.06	0.0	0.07	0.06	0.04
Root; d__Archaea; p__Thermoproteota; c__Nitrososphaeria; o__Nitrososphaerales; f__Nitrososphaeraceae; g__JAFAQB01	0.19	0.2	0.09	0.15	0.21	0.08	0.15	0.19	0.14	0.15	0.2	0.07	0.18	0.23	0.13	0.2	0.2	0.15	0.07	0.09	0.0	0.05	0.09	0.05	0.07	0.1	0.07	0.09	0.08	0.06	0.07	0.09	0.0	0.1	0.05	0.04	0.15	0.16	0.15	0.21	0.17	0.16	0.18	0.16	0.12	0.16	0.18	0.21	0.2	0.18	0.17	0.16	0.18	0.1	0.21	0.2	0.21	0.2	0.23	0.18	0.2	0.18	0.17	0.18	0.17	0.16	0.17	0.16	0.15	0.16	0.15	0.14
Root; d__Archaea; p__Thermoproteota; c__Nitrososphaeria; o__Nitrososphaerales; f__Nitrososphaeraceae; g__TA-21	0.04	0.04	0.0	0.04	0.03	0.0	0.03	0.06	0.0	0.04	0.04	0.05	0.06	0.06	0.0	0.03	0.03	0.0	0.0	0.0	0.0	0.0	0.0	0.0	0.0	0.0	0.0	0.0	0.0	0.0	0.0	0.0	0.0	0.0	0.0	0.0	0.0	0.02	0.0	0.0	0.0	0.0	0.01	0.02	0.0	0.0	0.0	0.0	0.0	0.0	0.0	0.0	0.0	0.0	0.0	0.0	0.0	0.02	0.02	0.02	0.02	0.02	0.02	0.03	0.0	0.0	0.01	0.0	0.0	0.02	0.03	0.0
Root; d__Archaea; p__Thermoproteota; c__Nitrososphaeria; o__Nitrososphaerales; f__Nitrososphaeraceae; g__JAJNBK01	0.15	0.2	0.11	0.14	0.18	0.14	0.16	0.15	0.14	0.17	0.16	0.16	0.2	0.2	0.12	0.19	0.15	0.13	0.09	0.05	0.0	0.06	0.07	0.05	0.11	0.09	0.06	0.07	0.08	0.06	0.1	0.09	0.07	0.07	0.08	0.0	0.05	0.05	0.04	0.08	0.05	0.0	0.04	0.04	0.05	0.08	0.04	0.0	0.07	0.07	0.05	0.07	0.05	0.0	0.08	0.03	0.0	0.05	0.06	0.02	0.04	0.05	0.04	0.03	0.05	0.0	0.07	0.02	0.05	0.05	0.05	0.0
Root; d__Archaea; p__Thermoproteota; c__Nitrososphaeria; o__Nitrososphaerales; f__Nitrososphaeraceae; g__CAWGVG01	0.02	0.0	0.0	0.0	0.03	0.0	0.02	0.02	0.0	0.02	0.02	0.0	0.02	0.0	0.0	0.02	0.02	0.0	0.0	0.0	0.0	0.0	0.0	0.0	0.0	0.0	0.0	0.0	0.0	0.0	0.0	0.0	0.0	0.0	0.0	0.0	0.04	0.06	0.0	0.05	0.06	0.05	0.07	0.05	0.0	0.05	0.03	0.0	0.08	0.08	0.0	0.08	0.08	0.05	0.1	0.08	0.0	0.07	0.08	0.05	0.08	0.06	0.07	0.06	0.05	0.0	0.06	0.07	0.09	0.06	0.05	0.04
Root; d__Archaea; p__Thermoproteota; c__Nitrososphaeria; o__Nitrososphaerales; f__Nitrososphaeraceae; g__Nitrososphaera	0.15	0.13	0.15	0.14	0.13	0.11	0.16	0.14	0.11	0.11	0.12	0.1	0.17	0.14	0.2	0.16	0.17	0.11	0.09	0.07	0.06	0.05	0.07	0.06	0.07	0.08	0.0	0.05	0.07	0.0	0.08	0.1	0.12	0.08	0.11	0.06	0.17	0.17	0.16	0.17	0.17	0.17	0.17	0.18	0.2	0.17	0.21	0.21	0.17	0.17	0.15	0.21	0.16	0.13	0.16	0.15	0.08	0.15	0.15	0.16	0.14	0.18	0.14	0.15	0.12	0.1	0.13	0.11	0.18	0.15	0.14	0.09
Root; d__Archaea; p__Thermoproteota; c__Nitrososphaeria; o__Nitrososphaerales; f__Nitrososphaeraceae; g__TH1177	0.03	0.03	0.0	0.02	0.0	0.0	0.03	0.03	0.0	0.02	0.0	0.0	0.02	0.0	0.0	0.02	0.04	0.0	0.0	0.02	0.0	0.0	0.0	0.0	0.0	0.0	0.0	0.0	0.0	0.0	0.0	0.03	0.0	0.03	0.02	0.0	0.0	0.0	0.0	0.0	0.0	0.0	0.0	0.0	0.0	0.0	0.0	0.0	0.0	0.0	0.0	0.0	0.0	0.0	0.0	0.0	0.0	0.0	0.0	0.0	0.0	0.0	0.0	0.0	0.0	0.0	0.0	0.0	0.0	0.0	0.0	0.0
Root; d__Archaea; p__Thermoproteota; c__Nitrososphaeria; o__Nitrososphaerales; f__Nitrososphaeraceae; g__DATDLD01	0.07	0.06	0.0	0.04	0.07	0.0	0.06	0.04	0.0	0.03	0.06	0.05	0.05	0.05	0.0	0.03	0.03	0.0	0.0	0.0	0.0	0.0	0.0	0.0	0.0	0.0	0.0	0.0	0.0	0.0	0.0	0.02	0.0	0.0	0.0	0.0	0.0	0.0	0.0	0.0	0.0	0.0	0.0	0.0	0.0	0.0	0.0	0.0	0.0	0.0	0.0	0.0	0.0	0.0	0.0	0.0	0.0	0.0	0.0	0.0	0.0	0.0	0.0	0.0	0.0	0.0	0.0	0.0	0.0	0.0	0.0	0.0
Root; d__Bacteria; p__Actinomycetota; c__Actinomycetes; o__Propionibacteriales; f__Propionibacteriaceae; g__Microlunatus	0.66	0.64	0.62	0.69	0.64	0.61	0.58	0.57	0.5	0.71	0.64	0.7	0.6	0.51	0.47	0.51	0.48	0.38	0.51	0.48	0.39	0.41	0.45	0.46	0.42	0.4	0.37	0.49	0.5	0.32	0.51	0.46	0.35	0.45	0.38	0.35	0.14	0.13	0.14	0.17	0.15	0.14	0.17	0.16	0.22	0.11	0.11	0.08	0.13	0.19	0.15	0.19	0.11	0.06	0.25	0.25	0.26	0.23	0.25	0.24	0.27	0.26	0.25	0.29	0.24	0.25	0.24	0.27	0.2	0.2	0.22	0.15
Root; d__Bacteria; p__Actinomycetota; c__Actinomycetes; o__Propionibacteriales; f__Nocardioidaceae; g__Mumia	0.02	0.0	0.0	0.03	0.0	0.0	0.03	0.02	0.0	0.0	0.0	0.0	0.02	0.0	0.0	0.0	0.0	0.0	0.0	0.0	0.0	0.03	0.0	0.0	0.0	0.0	0.0	0.0	0.0	0.0	0.02	0.02	0.0	0.0	0.0	0.0	0.0	0.0	0.0	0.0	0.0	0.0	0.0	0.0	0.0	0.0	0.0	0.0	0.0	0.0	0.0	0.0	0.0	0.0	0.0	0.0	0.0	0.0	0.0	0.0	0.0	0.0	0.0	0.0	0.0	0.0	0.0	0.0	0.0	0.0	0.0	0.0
Root; d__Bacteria; p__Actinomycetota; c__Actinomycetes; o__Propionibacteriales; f__Nocardioidaceae; g__Aeromicrobium	0.27	0.31	0.15	0.22	0.27	0.19	0.25	0.3	0.22	0.18	0.24	0.13	0.18	0.21	0.11	0.22	0.24	0.21	0.22	0.22	0.21	0.2	0.19	0.22	0.2	0.22	0.14	0.24	0.26	0.24	0.26	0.24	0.25	0.25	0.23	0.27	0.21	0.16	0.2	0.13	0.14	0.13	0.2	0.17	0.16	0.19	0.17	0.24	0.24	0.16	0.18	0.16	0.15	0.13	0.18	0.18	0.1	0.14	0.16	0.16	0.14	0.15	0.14	0.15	0.15	0.11	0.15	0.15	0.2	0.19	0.13	0.15
Root; d__Bacteria; p__Actinomycetota; c__Actinomycetes; o__Propionibacteriales; f__Nocardioidaceae; g__Nocardioides	2.52	2.55	2.49	2.47	2.56	2.41	2.46	2.77	2.64	2.79	2.72	2.58	2.47	2.33	2.59	2.18	1.97	2.05	2.72	2.91	2.45	2.96	2.75	2.55	2.97	3.1	2.96	2.78	2.95	2.84	2.84	2.81	2.6	2.51	2.74	2.5	1.46	1.24	1.24	1.37	1.37	1.03	1.38	1.27	1.14	1.03	0.98	0.88	1.17	1.06	1.01	1.04	1.07	1.24	1.81	1.71	1.66	1.63	1.7	1.74	1.77	1.66	1.74	1.59	1.56	1.52	1.34	1.32	1.42	1.32	1.43	1.53
Root; d__Bacteria; p__Actinomycetota; c__Actinomycetes; o__Propionibacteriales; f__Nocardioidaceae; g__Nocardioides_B	0.48	0.4	0.36	0.39	0.58	0.58	0.51	0.37	0.41	0.41	0.3	0.51	0.33	0.36	0.29	0.34	0.36	0.37	0.42	0.4	0.42	0.44	0.46	0.42	0.53	0.49	0.41	0.55	0.55	0.55	0.45	0.48	0.48	0.36	0.44	0.38	0.24	0.2	0.2	0.2	0.27	0.19	0.27	0.18	0.26	0.21	0.18	0.25	0.2	0.15	0.25	0.17	0.17	0.19	0.32	0.29	0.2	0.33	0.26	0.25	0.28	0.3	0.29	0.22	0.24	0.32	0.27	0.25	0.25	0.2	0.24	0.31
Root; d__Bacteria; p__Actinomycetota; c__Actinomycetes; o__Propionibacteriales; f__Nocardioidaceae; g__Marmoricola	0.55	0.42	0.57	0.49	0.41	0.66	0.47	0.57	0.53	0.51	0.49	0.45	0.48	0.53	0.72	0.4	0.37	0.44	0.55	0.49	0.51	0.43	0.5	0.45	0.49	0.45	0.56	0.56	0.56	0.47	0.47	0.51	0.58	0.52	0.52	0.51	0.19	0.23	0.17	0.24	0.16	0.25	0.21	0.23	0.33	0.2	0.27	0.14	0.17	0.22	0.21	0.15	0.14	0.14	0.23	0.25	0.33	0.25	0.24	0.21	0.28	0.26	0.22	0.27	0.26	0.31	0.23	0.24	0.21	0.22	0.19	0.26
Root; d__Bacteria; p__Actinomycetota; c__Actinomycetes; o__Propionibacteriales; f__Nocardioidaceae; g__Nocardioides_C	0.17	0.15	0.08	0.19	0.18	0.13	0.14	0.13	0.08	0.07	0.1	0.16	0.13	0.11	0.12	0.12	0.11	0.18	0.08	0.08	0.06	0.06	0.12	0.08	0.1	0.07	0.05	0.09	0.11	0.07	0.11	0.09	0.12	0.08	0.09	0.05	0.03	0.03	0.0	0.02	0.02	0.0	0.05	0.04	0.0	0.06	0.04	0.0	0.05	0.05	0.0	0.0	0.02	0.0	0.04	0.07	0.0	0.05	0.05	0.03	0.06	0.06	0.04	0.0	0.06	0.0	0.04	0.05	0.0	0.06	0.05	0.05
Root; d__Bacteria; p__Actinomycetota; c__Actinomycetes; o__Propionibacteriales; f__Nocardioidaceae; g__Marmoricola_A	0.2	0.21	0.14	0.22	0.23	0.23	0.21	0.22	0.2	0.17	0.17	0.15	0.22	0.2	0.16	0.16	0.22	0.22	0.22	0.24	0.27	0.29	0.24	0.2	0.3	0.17	0.26	0.35	0.2	0.14	0.23	0.19	0.21	0.21	0.2	0.17	0.15	0.16	0.12	0.1	0.14	0.12	0.16	0.13	0.12	0.1	0.09	0.09	0.1	0.11	0.08	0.1	0.12	0.0	0.26	0.24	0.27	0.16	0.21	0.18	0.16	0.22	0.17	0.2	0.21	0.25	0.18	0.17	0.13	0.12	0.19	0.12
Root; d__Bacteria; p__Actinomycetota; c__Actinomycetes; o__Propionibacteriales; f__Nocardioidaceae; g__JALZDI01	0.03	0.02	0.0	0.03	0.04	0.0	0.03	0.04	0.0	0.03	0.03	0.0	0.05	0.03	0.0	0.04	0.03	0.0	0.0	0.0	0.0	0.0	0.03	0.0	0.0	0.02	0.0	0.0	0.0	0.0	0.02	0.0	0.0	0.03	0.0	0.0	0.0	0.0	0.0	0.0	0.0	0.0	0.0	0.0	0.0	0.0	0.0	0.0	0.0	0.0	0.0	0.0	0.0	0.0	0.0	0.0	0.0	0.01	0.01	0.0	0.01	0.0	0.0	0.0	0.0	0.0	0.0	0.0	0.0	0.0	0.0	0.0
Root; d__Bacteria; p__Actinomycetota; c__Actinomycetes; o__Propionibacteriales; f__Nocardioidaceae; g__DATFRX01	0.02	0.02	0.0	0.03	0.03	0.0	0.03	0.02	0.0	0.06	0.08	0.0	0.09	0.05	0.0	0.05	0.06	0.0	0.02	0.04	0.0	0.04	0.02	0.0	0.02	0.02	0.0	0.03	0.02	0.0	0.02	0.0	0.0	0.0	0.0	0.0	0.0	0.0	0.0	0.0	0.0	0.0	0.0	0.0	0.0	0.0	0.0	0.0	0.0	0.0	0.0	0.0	0.0	0.0	0.0	0.0	0.0	0.0	0.0	0.0	0.0	0.0	0.0	0.0	0.0	0.0	0.0	0.0	0.0	0.0	0.0	0.0
Root; d__Bacteria; p__Actinomycetota; c__Actinomycetes; o__Propionibacteriales; f__Nocardioidaceae; g__JANLYC01	0.06	0.06	0.0	0.04	0.07	0.0	0.06	0.06	0.07	0.06	0.07	0.0	0.07	0.07	0.09	0.06	0.05	0.0	0.14	0.15	0.08	0.16	0.12	0.16	0.19	0.12	0.06	0.16	0.12	0.13	0.16	0.11	0.15	0.14	0.14	0.13	0.01	0.05	0.0	0.02	0.03	0.0	0.03	0.02	0.05	0.0	0.02	0.0	0.02	0.02	0.0	0.02	0.02	0.0	0.02	0.02	0.0	0.03	0.03	0.02	0.04	0.04	0.02	0.02	0.01	0.0	0.02	0.02	0.0	0.03	0.03	0.0
Root; d__Bacteria; p__Actinomycetota; c__Actinomycetes; o__Propionibacteriales; f__Nocardioidaceae; g__SSC3	0.03	0.03	0.0	0.02	0.0	0.0	0.0	0.02	0.0	0.01	0.02	0.0	0.0	0.03	0.0	0.02	0.02	0.0	0.02	0.0	0.0	0.0	0.03	0.0	0.0	0.04	0.05	0.0	0.03	0.0	0.03	0.03	0.0	0.0	0.02	0.0	0.0	0.0	0.0	0.0	0.0	0.0	0.0	0.01	0.0	0.0	0.0	0.0	0.0	0.0	0.0	0.0	0.0	0.0	0.0	0.02	0.0	0.02	0.02	0.0	0.02	0.01	0.0	0.0	0.03	0.0	0.0	0.02	0.0	0.0	0.0	0.0
Root; d__Bacteria; p__Actinomycetota; c__Actinomycetes; o__Propionibacteriales; f__Nocardioidaceae; g__Nocardioides_A	0.02	0.0	0.0	0.0	0.02	0.0	0.0	0.0	0.0	0.0	0.0	0.0	0.0	0.0	0.0	0.01	0.0	0.0	0.02	0.0	0.0	0.02	0.02	0.0	0.0	0.02	0.0	0.0	0.0	0.0	0.02	0.0	0.0	0.02	0.0	0.0	0.0	0.0	0.0	0.0	0.0	0.0	0.0	0.0	0.0	0.0	0.0	0.0	0.0	0.0	0.0	0.0	0.0	0.0	0.0	0.0	0.0	0.01	0.0	0.0	0.01	0.01	0.02	0.02	0.0	0.0	0.0	0.0	0.0	0.0	0.0	0.0
Root; d__Bacteria; p__Actinomycetota; c__Actinomycetes; o__Propionibacteriales; f__Kribbellaceae; g__Kribbella	0.18	0.14	0.17	0.14	0.17	0.16	0.2	0.16	0.21	0.2	0.24	0.2	0.21	0.18	0.12	0.23	0.24	0.28	0.13	0.12	0.15	0.12	0.13	0.0	0.12	0.13	0.1	0.12	0.13	0.1	0.13	0.13	0.1	0.14	0.13	0.09	0.19	0.17	0.21	0.19	0.21	0.23	0.23	0.2	0.24	0.17	0.25	0.19	0.22	0.2	0.2	0.24	0.16	0.17	0.2	0.18	0.21	0.17	0.18	0.2	0.16	0.16	0.15	0.15	0.13	0.09	0.18	0.19	0.17	0.22	0.16	0.13
Root; d__Bacteria; p__Actinomycetota; c__Actinomycetes; o__Mycobacteriales; f__Micromonosporaceae; g__Micromonospora	0.16	0.1	0.16	0.13	0.18	0.17	0.14	0.12	0.08	0.17	0.1	0.12	0.08	0.09	0.0	0.12	0.14	0.08	0.2	0.2	0.13	0.2	0.17	0.2	0.2	0.2	0.15	0.2	0.16	0.16	0.18	0.22	0.2	0.17	0.18	0.19	0.12	0.1	0.11	0.06	0.05	0.08	0.07	0.05	0.06	0.07	0.07	0.0	0.06	0.07	0.05	0.07	0.1	0.04	0.05	0.05	0.09	0.06	0.06	0.05	0.06	0.07	0.11	0.05	0.05	0.04	0.05	0.06	0.07	0.07	0.05	0.09
Root; d__Bacteria; p__Actinomycetota; c__Actinomycetes; o__Mycobacteriales; f__Micromonosporaceae; g__Rhizocola	0.06	0.07	0.0	0.06	0.08	0.0	0.08	0.08	0.04	0.05	0.04	0.05	0.07	0.03	0.11	0.07	0.05	0.0	0.08	0.12	0.07	0.07	0.09	0.1	0.07	0.1	0.07	0.06	0.08	0.07	0.05	0.04	0.09	0.04	0.07	0.0	0.0	0.0	0.0	0.0	0.0	0.0	0.0	0.0	0.0	0.0	0.0	0.0	0.0	0.0	0.0	0.0	0.0	0.0	0.0	0.0	0.0	0.0	0.0	0.0	0.0	0.0	0.0	0.0	0.0	0.0	0.0	0.0	0.0	0.0	0.0	0.0
Root; d__Bacteria; p__Actinomycetota; c__Actinomycetes; o__Mycobacteriales; f__Micromonosporaceae; g__Actinoplanes	0.35	0.34	0.39	0.36	0.41	0.34	0.38	0.39	0.39	0.35	0.34	0.39	0.37	0.41	0.26	0.38	0.4	0.45	0.27	0.25	0.35	0.32	0.24	0.25	0.25	0.29	0.2	0.24	0.24	0.3	0.26	0.35	0.21	0.23	0.29	0.28	0.42	0.38	0.51	0.4	0.44	0.49	0.31	0.39	0.42	0.36	0.44	0.24	0.38	0.39	0.42	0.4	0.39	0.35	0.43	0.4	0.47	0.45	0.42	0.44	0.49	0.49	0.47	0.41	0.44	0.37	0.44	0.35	0.49	0.42	0.33	0.55
Root; d__Bacteria; p__Actinomycetota; c__Actinomycetes; o__Mycobacteriales; f__Micromonosporaceae; g__Catellatospora	0.07	0.04	0.0	0.06	0.06	0.0	0.05	0.04	0.07	0.03	0.04	0.0	0.02	0.0	0.0	0.05	0.04	0.0	0.03	0.0	0.0	0.03	0.03	0.0	0.03	0.03	0.0	0.04	0.03	0.0	0.03	0.04	0.04	0.05	0.0	0.0	0.03	0.03	0.0	0.03	0.0	0.0	0.03	0.02	0.0	0.0	0.0	0.0	0.02	0.02	0.0	0.02	0.02	0.0	0.02	0.02	0.0	0.02	0.02	0.03	0.02	0.02	0.0	0.05	0.0	0.0	0.03	0.02	0.0	0.02	0.03	0.0
Root; d__Bacteria; p__Actinomycetota; c__Actinomycetes; o__Mycobacteriales; f__Micromonosporaceae; g__Planosporangium	0.04	0.03	0.0	0.02	0.0	0.0	0.0	0.0	0.0	0.04	0.05	0.0	0.0	0.0	0.0	0.03	0.04	0.0	0.01	0.0	0.0	0.0	0.02	0.0	0.02	0.02	0.0	0.0	0.03	0.0	0.02	0.01	0.0	0.04	0.02	0.0	0.03	0.05	0.0	0.02	0.03	0.0	0.02	0.01	0.0	0.03	0.04	0.06	0.02	0.02	0.0	0.0	0.03	0.0	0.02	0.03	0.0	0.05	0.05	0.0	0.03	0.03	0.03	0.02	0.0	0.0	0.02	0.04	0.0	0.03	0.03	0.0
Root; d__Bacteria; p__Actinomycetota; c__Actinomycetes; o__Mycobacteriales; f__Micromonosporaceae; g__Dactylosporangium	0.15	0.15	0.14	0.19	0.18	0.18	0.12	0.17	0.15	0.09	0.12	0.1	0.12	0.13	0.0	0.09	0.08	0.09	0.05	0.07	0.05	0.04	0.07	0.0	0.07	0.07	0.08	0.07	0.06	0.0	0.07	0.06	0.05	0.07	0.03	0.0	0.05	0.06	0.0	0.06	0.05	0.06	0.04	0.06	0.0	0.08	0.05	0.0	0.07	0.09	0.06	0.04	0.06	0.06	0.08	0.06	0.0	0.06	0.08	0.04	0.08	0.09	0.1	0.08	0.09	0.0	0.09	0.09	0.0	0.08	0.07	0.04
Root; d__Bacteria; p__Actinomycetota; c__Actinomycetes; o__Mycobacteriales; f__Micromonosporaceae; g__Luedemannella	0.03	0.02	0.0	0.03	0.03	0.0	0.05	0.04	0.0	0.03	0.06	0.0	0.0	0.03	0.0	0.02	0.0	0.0	0.02	0.0	0.0	0.0	0.03	0.0	0.04	0.02	0.0	0.02	0.0	0.0	0.05	0.04	0.0	0.02	0.02	0.0	0.0	0.0	0.0	0.0	0.0	0.0	0.0	0.0	0.0	0.0	0.0	0.0	0.0	0.0	0.0	0.0	0.0	0.0	0.0	0.0	0.0	0.01	0.01	0.0	0.01	0.01	0.0	0.0	0.0	0.0	0.0	0.0	0.0	0.0	0.02	0.0
Root; d__Bacteria; p__Actinomycetota; c__Actinomycetes; o__Mycobacteriales; f__Micromonosporaceae; g__Virgisporangium	0.05	0.06	0.0	0.04	0.07	0.0	0.04	0.06	0.0	0.03	0.04	0.0	0.0	0.04	0.0	0.03	0.02	0.0	0.05	0.06	0.04	0.08	0.03	0.0	0.03	0.02	0.04	0.04	0.02	0.0	0.04	0.04	0.0	0.04	0.06	0.05	0.03	0.03	0.0	0.02	0.02	0.0	0.03	0.02	0.0	0.04	0.05	0.0	0.02	0.02	0.0	0.02	0.0	0.0	0.0	0.02	0.0	0.02	0.03	0.02	0.04	0.03	0.01	0.02	0.02	0.0	0.02	0.02	0.0	0.03	0.03	0.0
Root; d__Bacteria; p__Actinomycetota; c__Actinomycetes; o__Mycobacteriales; f__Mycobacteriaceae; g__Mycobacterium	1.46	1.37	1.33	1.48	1.25	1.03	1.45	1.34	1.39	1.09	1.0	0.9	1.09	1.04	1.01	1.23	1.09	0.97	0.66	0.64	0.65	0.79	0.75	0.77	0.63	0.7	0.65	0.72	0.66	0.74	0.6	0.59	0.69	0.62	0.65	0.61	0.86	0.9	0.96	0.97	0.95	0.79	0.99	1.01	1.13	0.95	1.03	0.97	0.98	0.9	0.82	0.89	1.02	1.01	0.75	0.83	0.82	0.85	0.92	0.84	0.86	0.89	0.85	0.84	0.9	1.01	0.86	0.85	0.62	0.77	0.81	0.8
Root; d__Bacteria; p__Actinomycetota; c__Actinomycetes; o__Mycobacteriales; f__Mycobacteriaceae; g__Rhodococcus_F	0.03	0.0	0.0	0.0	0.0	0.0	0.02	0.02	0.0	0.0	0.0	0.0	0.0	0.0	0.0	0.0	0.0	0.0	0.0	0.0	0.0	0.0	0.0	0.0	0.0	0.0	0.0	0.0	0.0	0.0	0.0	0.0	0.0	0.0	0.0	0.0	0.0	0.0	0.0	0.0	0.0	0.0	0.0	0.0	0.0	0.0	0.0	0.0	0.0	0.0	0.0	0.0	0.0	0.0	0.0	0.0	0.0	0.0	0.0	0.0	0.0	0.0	0.0	0.0	0.02	0.0	0.0	0.0	0.0	0.0	0.0	0.0
Root; d__Bacteria; p__Actinomycetota; c__Actinomycetes; o__Mycobacteriales; f__Mycobacteriaceae; g__Rhodococcus_G	0.02	0.04	0.0	0.0	0.02	0.0	0.07	0.08	0.0	0.02	0.0	0.0	0.0	0.0	0.0	0.0	0.02	0.0	0.0	0.0	0.0	0.0	0.0	0.0	0.0	0.0	0.0	0.0	0.0	0.0	0.0	0.0	0.0	0.03	0.03	0.0	0.0	0.0	0.0	0.0	0.0	0.0	0.0	0.0	0.0	0.0	0.0	0.0	0.0	0.0	0.0	0.0	0.0	0.0	0.0	0.0	0.0	0.0	0.0	0.0	0.0	0.0	0.0	0.0	0.0	0.0	0.0	0.0	0.0	0.0	0.0	0.0
Root; d__Bacteria; p__Actinomycetota; c__Actinomycetes; o__Mycobacteriales; f__Mycobacteriaceae; g__Nocardia	0.06	0.04	0.0	0.03	0.04	0.0	0.05	0.0	0.05	0.02	0.02	0.0	0.03	0.03	0.0	0.02	0.03	0.0	0.0	0.02	0.0	0.0	0.0	0.0	0.0	0.0	0.0	0.0	0.0	0.0	0.0	0.02	0.0	0.02	0.0	0.0	0.03	0.02	0.0	0.0	0.02	0.0	0.02	0.02	0.0	0.0	0.0	0.0	0.03	0.03	0.0	0.02	0.0	0.0	0.02	0.0	0.0	0.01	0.02	0.0	0.02	0.02	0.0	0.02	0.0	0.0	0.02	0.0	0.0	0.02	0.02	0.0
Root; d__Bacteria; p__Actinomycetota; c__Actinomycetes; o__Mycobacteriales; f__Mycobacteriaceae; g__Rhodococcoides	0.05	0.08	0.0	0.04	0.04	0.0	0.03	0.02	0.0	0.04	0.03	0.0	0.03	0.05	0.0	0.0	0.02	0.0	0.0	0.0	0.0	0.0	0.0	0.0	0.0	0.0	0.0	0.0	0.0	0.0	0.0	0.0	0.0	0.0	0.0	0.0	0.0	0.0	0.0	0.0	0.0	0.0	0.0	0.0	0.0	0.0	0.0	0.0	0.0	0.0	0.0	0.0	0.0	0.0	0.0	0.0	0.0	0.0	0.0	0.0	0.0	0.0	0.0	0.0	0.0	0.0	0.0	0.0	0.0	0.0	0.0	0.0
Root; d__Bacteria; p__Actinomycetota; c__Actinomycetes; o__Mycobacteriales; f__Mycobacteriaceae; g__Rhodococcus	0.02	0.03	0.0	0.03	0.04	0.0	0.04	0.05	0.0	0.02	0.05	0.0	0.04	0.0	0.0	0.0	0.0	0.0	0.03	0.04	0.0	0.02	0.03	0.0	0.0	0.04	0.0	0.0	0.02	0.0	0.02	0.01	0.0	0.02	0.0	0.0	0.0	0.0	0.0	0.0	0.0	0.0	0.0	0.0	0.0	0.0	0.0	0.0	0.0	0.0	0.0	0.0	0.0	0.0	0.0	0.0	0.0	0.0	0.0	0.0	0.0	0.0	0.0	0.0	0.0	0.0	0.0	0.0	0.0	0.0	0.0	0.0
Root; d__Bacteria; p__Actinomycetota; c__Actinomycetes; o__Mycobacteriales; f__Geodermatophilaceae; g__Klenkia	0.02	0.03	0.0	0.03	0.03	0.0	0.02	0.02	0.0	0.0	0.02	0.0	0.03	0.04	0.0	0.06	0.06	0.0	0.03	0.03	0.0	0.03	0.04	0.0	0.04	0.03	0.0	0.02	0.02	0.0	0.02	0.0	0.0	0.02	0.02	0.0	0.02	0.06	0.0	0.05	0.03	0.0	0.03	0.03	0.07	0.04	0.03	0.0	0.02	0.0	0.0	0.03	0.04	0.0	0.06	0.06	0.05	0.04	0.07	0.02	0.05	0.04	0.05	0.07	0.07	0.0	0.04	0.05	0.04	0.06	0.04	0.0
Root; d__Bacteria; p__Actinomycetota; c__Actinomycetes; o__Mycobacteriales; f__Geodermatophilaceae; g__Blastococcus_B	0.56	0.54	0.45	0.45	0.52	0.47	0.47	0.56	0.47	0.55	0.55	0.7	0.5	0.49	0.53	0.3	0.47	0.43	0.5	0.68	0.66	0.53	0.38	0.66	0.59	0.44	0.71	0.6	0.46	0.57	0.69	0.44	0.58	0.56	0.63	0.78	0.35	0.4	0.28	0.38	0.42	0.35	0.26	0.32	0.45	0.34	0.35	0.4	0.27	0.31	0.27	0.26	0.26	0.25	0.33	0.44	0.48	0.34	0.34	0.45	0.33	0.32	0.36	0.4	0.4	0.39	0.35	0.38	0.33	0.38	0.32	0.32
Root; d__Bacteria; p__Actinomycetota; c__Actinomycetes; o__Mycobacteriales; f__Geodermatophilaceae; g__Blastococcus	0.14	0.18	0.24	0.26	0.22	0.28	0.19	0.16	0.25	0.16	0.19	0.17	0.18	0.14	0.13	0.16	0.19	0.23	0.21	0.23	0.14	0.21	0.18	0.33	0.27	0.15	0.26	0.2	0.25	0.27	0.17	0.27	0.15	0.2	0.15	0.13	0.15	0.14	0.25	0.19	0.13	0.26	0.15	0.14	0.09	0.14	0.09	0.19	0.18	0.15	0.07	0.16	0.16	0.17	0.24	0.21	0.19	0.15	0.1	0.15	0.19	0.17	0.17	0.23	0.18	0.24	0.23	0.1	0.15	0.12	0.21	0.15
Root; d__Bacteria; p__Actinomycetota; c__Actinomycetes; o__Mycobacteriales; f__Geodermatophilaceae; g__Geodermatophilus	0.28	0.14	0.23	0.16	0.19	0.28	0.24	0.19	0.21	0.14	0.22	0.32	0.19	0.24	0.24	0.28	0.24	0.2	0.23	0.18	0.27	0.19	0.17	0.22	0.22	0.13	0.13	0.29	0.28	0.24	0.17	0.23	0.27	0.23	0.24	0.22	0.44	0.4	0.4	0.33	0.37	0.49	0.43	0.34	0.3	0.32	0.39	0.46	0.35	0.41	0.3	0.41	0.36	0.47	0.45	0.49	0.51	0.53	0.48	0.59	0.52	0.52	0.39	0.42	0.41	0.43	0.38	0.29	0.43	0.46	0.4	0.37
Root; d__Bacteria; p__Actinomycetota; c__Actinomycetes; o__Mycobacteriales; f__Geodermatophilaceae; g__Modestobacter	0.13	0.18	0.09	0.2	0.17	0.13	0.21	0.15	0.2	0.15	0.14	0.09	0.16	0.15	0.12	0.18	0.19	0.17	0.21	0.23	0.16	0.2	0.22	0.21	0.22	0.21	0.23	0.23	0.28	0.17	0.23	0.21	0.2	0.22	0.19	0.17	0.24	0.21	0.32	0.26	0.19	0.15	0.25	0.25	0.14	0.17	0.23	0.19	0.16	0.22	0.2	0.21	0.33	0.14	0.36	0.4	0.37	0.35	0.4	0.37	0.32	0.39	0.38	0.35	0.26	0.27	0.25	0.29	0.22	0.32	0.29	0.42
Root; d__Bacteria; p__Actinomycetota; c__Actinomycetes; o__Mycobacteriales; f__Geodermatophilaceae; g__Trujillonella	0.08	0.04	0.0	0.1	0.04	0.0	0.07	0.04	0.0	0.05	0.06	0.0	0.09	0.03	0.0	0.07	0.04	0.06	0.08	0.04	0.0	0.08	0.05	0.05	0.03	0.04	0.0	0.08	0.06	0.0	0.07	0.05	0.0	0.03	0.05	0.0	0.04	0.06	0.06	0.07	0.09	0.06	0.09	0.09	0.06	0.08	0.07	0.0	0.07	0.07	0.0	0.08	0.05	0.07	0.09	0.09	0.1	0.13	0.11	0.11	0.12	0.13	0.11	0.08	0.09	0.12	0.09	0.09	0.06	0.08	0.11	0.12
Root; d__Bacteria; p__Actinomycetota; c__Actinomycetes; o__Mycobacteriales; f__Geodermatophilaceae; g__CAVZOY01	0.07	0.05	0.0	0.05	0.06	0.0	0.05	0.07	0.0	0.04	0.03	0.0	0.03	0.02	0.0	0.06	0.04	0.04	0.06	0.06	0.0	0.04	0.04	0.0	0.06	0.07	0.0	0.05	0.02	0.06	0.04	0.03	0.0	0.06	0.05	0.0	0.04	0.06	0.05	0.03	0.04	0.0	0.04	0.03	0.0	0.03	0.05	0.0	0.03	0.06	0.0	0.04	0.03	0.0	0.06	0.03	0.0	0.05	0.05	0.06	0.08	0.07	0.05	0.06	0.07	0.09	0.05	0.05	0.0	0.05	0.05	0.04
Root; d__Bacteria; p__Actinomycetota; c__Actinomycetes; o__Mycobacteriales; f__Geodermatophilaceae; g__Petropleomorpha	0.08	0.06	0.07	0.05	0.03	0.0	0.07	0.05	0.04	0.06	0.07	0.0	0.02	0.05	0.0	0.08	0.07	0.05	0.06	0.07	0.0	0.06	0.06	0.05	0.06	0.05	0.07	0.04	0.06	0.06	0.07	0.05	0.0	0.04	0.05	0.07	0.15	0.14	0.15	0.12	0.15	0.13	0.18	0.18	0.08	0.12	0.17	0.15	0.13	0.14	0.1	0.13	0.11	0.05	0.1	0.09	0.1	0.12	0.11	0.14	0.12	0.13	0.1	0.12	0.12	0.13	0.07	0.09	0.11	0.14	0.13	0.04
Root; d__Bacteria; p__Actinomycetota; c__Actinomycetes; o__Mycobacteriales; f__Geodermatophilaceae; g__CAVRRZ01	0.03	0.0	0.0	0.02	0.03	0.0	0.03	0.03	0.0	0.0	0.04	0.0	0.02	0.0	0.0	0.0	0.03	0.0	0.02	0.05	0.0	0.03	0.0	0.0	0.0	0.0	0.0	0.03	0.0	0.0	0.02	0.02	0.0	0.02	0.0	0.0	0.02	0.02	0.0	0.03	0.02	0.0	0.03	0.04	0.0	0.02	0.03	0.0	0.0	0.0	0.0	0.0	0.02	0.0	0.02	0.02	0.0	0.03	0.04	0.0	0.03	0.03	0.02	0.0	0.0	0.0	0.0	0.0	0.0	0.0	0.03	0.0
Root; d__Bacteria; p__Actinomycetota; c__Actinomycetes; o__Mycobacteriales; f__Pseudonocardiaceae; g__Pseudonocardia	0.32	0.22	0.2	0.33	0.24	0.28	0.24	0.32	0.22	0.38	0.32	0.4	0.35	0.32	0.27	0.41	0.34	0.34	0.41	0.38	0.35	0.38	0.37	0.23	0.34	0.4	0.28	0.41	0.33	0.29	0.39	0.35	0.36	0.4	0.39	0.29	0.37	0.37	0.33	0.37	0.37	0.28	0.36	0.36	0.23	0.32	0.32	0.27	0.34	0.33	0.35	0.34	0.37	0.27	0.42	0.41	0.39	0.45	0.45	0.36	0.43	0.45	0.41	0.36	0.39	0.4	0.42	0.35	0.37	0.38	0.38	0.31
Root; d__Bacteria; p__Actinomycetota; c__Actinomycetes; o__Mycobacteriales; f__Pseudonocardiaceae; g__Amycolatopsis	0.04	0.03	0.08	0.04	0.04	0.0	0.06	0.04	0.0	0.08	0.06	0.05	0.07	0.06	0.0	0.07	0.08	0.06	0.05	0.07	0.08	0.04	0.04	0.0	0.06	0.08	0.0	0.04	0.03	0.0	0.05	0.04	0.0	0.09	0.07	0.09	0.05	0.03	0.0	0.05	0.03	0.0	0.02	0.03	0.0	0.05	0.03	0.0	0.05	0.04	0.0	0.05	0.07	0.0	0.03	0.05	0.06	0.04	0.04	0.02	0.02	0.03	0.03	0.04	0.05	0.07	0.04	0.08	0.0	0.01	0.02	0.0
Root; d__Bacteria; p__Actinomycetota; c__Actinomycetes; o__Mycobacteriales; f__Pseudonocardiaceae; g__Actinomycetospora	0.13	0.16	0.14	0.09	0.12	0.08	0.09	0.11	0.06	0.15	0.14	0.09	0.11	0.11	0.1	0.1	0.13	0.13	0.14	0.15	0.13	0.16	0.17	0.15	0.13	0.15	0.12	0.12	0.15	0.11	0.19	0.17	0.11	0.14	0.15	0.13	0.07	0.11	0.09	0.14	0.13	0.11	0.09	0.12	0.09	0.12	0.12	0.12	0.08	0.12	0.09	0.11	0.09	0.11	0.15	0.14	0.15	0.14	0.16	0.1	0.13	0.13	0.14	0.12	0.15	0.1	0.09	0.13	0.12	0.11	0.16	0.1
Root; d__Bacteria; p__Actinomycetota; c__Actinomycetes; o__Mycobacteriales; f__Pseudonocardiaceae; g__Actinophytocola	0.03	0.03	0.0	0.07	0.04	0.0	0.05	0.04	0.0	0.1	0.09	0.14	0.07	0.1	0.0	0.12	0.14	0.1	0.1	0.11	0.07	0.11	0.1	0.09	0.12	0.08	0.11	0.11	0.08	0.06	0.09	0.08	0.08	0.09	0.09	0.1	0.08	0.11	0.11	0.13	0.12	0.16	0.1	0.09	0.17	0.09	0.13	0.11	0.16	0.16	0.15	0.12	0.15	0.05	0.07	0.05	0.0	0.04	0.06	0.07	0.07	0.06	0.04	0.06	0.08	0.12	0.04	0.06	0.05	0.05	0.06	0.04
Root; d__Bacteria; p__Actinomycetota; c__Actinomycetes; o__Mycobacteriales; f__Pseudonocardiaceae; g__Lentzea	0.03	0.03	0.0	0.0	0.0	0.0	0.0	0.03	0.0	0.03	0.03	0.0	0.03	0.05	0.06	0.04	0.03	0.0	0.0	0.0	0.0	0.0	0.0	0.0	0.02	0.0	0.0	0.0	0.0	0.0	0.0	0.0	0.0	0.0	0.0	0.0	0.0	0.0	0.0	0.0	0.0	0.0	0.0	0.0	0.0	0.0	0.0	0.0	0.0	0.0	0.0	0.0	0.0	0.0	0.0	0.02	0.0	0.02	0.02	0.0	0.02	0.03	0.01	0.02	0.03	0.0	0.02	0.03	0.0	0.05	0.0	0.0
Root; d__Bacteria; p__Actinomycetota; c__Actinomycetes; o__Mycobacteriales; f__SCTD01; g__RYN-111	0.03	0.0	0.0	0.0	0.0	0.0	0.02	0.02	0.0	0.0	0.02	0.0	0.0	0.0	0.0	0.02	0.01	0.0	0.02	0.02	0.0	0.04	0.0	0.0	0.03	0.03	0.0	0.03	0.04	0.0	0.03	0.04	0.0	0.03	0.04	0.0	0.0	0.02	0.0	0.02	0.0	0.0	0.03	0.02	0.0	0.02	0.0	0.0	0.02	0.02	0.0	0.0	0.02	0.0	0.03	0.04	0.0	0.03	0.02	0.04	0.02	0.03	0.01	0.02	0.03	0.0	0.04	0.02	0.0	0.02	0.07	0.0
Root; d__Bacteria; p__Actinomycetota; c__Actinomycetes; o__Mycobacteriales; f__Jatrophihabitantaceae; g__Jatrophihabitans	0.04	0.04	0.0	0.0	0.02	0.0	0.04	0.03	0.0	0.04	0.03	0.0	0.04	0.05	0.0	0.06	0.07	0.07	0.05	0.05	0.0	0.03	0.05	0.0	0.05	0.03	0.0	0.04	0.03	0.0	0.05	0.06	0.0	0.05	0.03	0.0	0.15	0.16	0.13	0.17	0.11	0.19	0.12	0.15	0.11	0.19	0.16	0.12	0.18	0.19	0.15	0.19	0.19	0.11	0.18	0.18	0.15	0.18	0.16	0.14	0.15	0.17	0.19	0.2	0.12	0.17	0.2	0.19	0.15	0.18	0.15	0.11
Root; d__Bacteria; p__Actinomycetota; c__Actinomycetes; o__Mycobacteriales; f__CADCTP01; g__CADCTP01	0.04	0.02	0.0	0.0	0.0	0.0	0.0	0.02	0.0	0.03	0.03	0.0	0.0	0.03	0.0	0.08	0.05	0.0	0.0	0.02	0.0	0.02	0.02	0.0	0.02	0.02	0.0	0.02	0.0	0.0	0.0	0.02	0.0	0.03	0.0	0.0	0.13	0.12	0.13	0.14	0.15	0.1	0.15	0.13	0.14	0.18	0.12	0.14	0.15	0.16	0.15	0.19	0.16	0.12	0.11	0.09	0.06	0.12	0.1	0.1	0.14	0.14	0.15	0.12	0.07	0.06	0.09	0.09	0.0	0.1	0.12	0.08
Root; d__Bacteria; p__Actinomycetota; c__Actinomycetes; o__Mycobacteriales; f__Nakamurellaceae; g__Nakamurella	0.08	0.06	0.0	0.05	0.07	0.0	0.07	0.09	0.09	0.08	0.09	0.08	0.07	0.06	0.0	0.07	0.07	0.0	0.07	0.07	0.0	0.05	0.07	0.0	0.07	0.06	0.05	0.06	0.07	0.0	0.06	0.05	0.06	0.06	0.09	0.0	0.03	0.03	0.0	0.03	0.02	0.0	0.03	0.0	0.0	0.0	0.04	0.0	0.01	0.02	0.0	0.03	0.02	0.0	0.03	0.04	0.0	0.04	0.03	0.05	0.03	0.04	0.03	0.05	0.04	0.0	0.04	0.02	0.0	0.02	0.05	0.0
Root; d__Bacteria; p__Actinomycetota; c__Actinomycetes; o__Streptomycetales; f__Streptomycetaceae; g__Streptomyces	0.42	0.41	0.38	0.38	0.33	0.31	0.4	0.41	0.37	0.47	0.43	0.47	0.42	0.47	0.34	0.44	0.43	0.4	0.37	0.33	0.28	0.39	0.41	0.33	0.29	0.36	0.32	0.37	0.41	0.45	0.38	0.49	0.36	0.35	0.34	0.37	0.27	0.34	0.25	0.32	0.3	0.29	0.26	0.32	0.25	0.31	0.33	0.37	0.32	0.27	0.29	0.34	0.26	0.29	0.3	0.24	0.26	0.28	0.25	0.24	0.26	0.26	0.27	0.3	0.27	0.27	0.3	0.27	0.19	0.24	0.25	0.28
Root; d__Bacteria; p__Actinomycetota; c__Actinomycetes; o__Streptomycetales; f__Streptomycetaceae; g__Actinacidiphila	0.05	0.05	0.0	0.04	0.04	0.0	0.05	0.04	0.04	0.05	0.04	0.0	0.05	0.05	0.0	0.07	0.04	0.08	0.05	0.05	0.0	0.05	0.05	0.0	0.04	0.05	0.0	0.04	0.06	0.0	0.02	0.05	0.05	0.04	0.04	0.05	0.04	0.04	0.07	0.04	0.05	0.0	0.06	0.06	0.04	0.04	0.07	0.0	0.04	0.05	0.0	0.05	0.06	0.0	0.03	0.04	0.07	0.04	0.01	0.04	0.04	0.04	0.04	0.02	0.04	0.0	0.06	0.04	0.0	0.03	0.03	0.0
Root; d__Bacteria; p__Actinomycetota; c__Actinomycetes; o__Actinomycetales; f__Microbacteriaceae; g__Microbacterium	0.93	0.96	0.87	0.79	0.65	0.77	0.97	0.89	0.88	0.71	0.69	0.79	0.57	0.47	0.56	0.38	0.49	0.42	0.18	0.16	0.18	0.18	0.17	0.19	0.17	0.18	0.19	0.13	0.17	0.12	0.15	0.17	0.11	0.19	0.18	0.15	0.05	0.08	0.0	0.05	0.07	0.07	0.1	0.06	0.05	0.06	0.04	0.0	0.07	0.06	0.13	0.07	0.08	0.09	0.07	0.08	0.11	0.08	0.09	0.08	0.1	0.1	0.09	0.62	0.7	0.54	0.08	0.07	0.0	0.08	0.09	0.09
Root; d__Bacteria; p__Actinomycetota; c__Actinomycetes; o__Actinomycetales; f__Microbacteriaceae; g__Agromyces	0.28	0.22	0.21	0.31	0.29	0.29	0.24	0.26	0.24	0.22	0.23	0.28	0.2	0.19	0.3	0.13	0.09	0.12	0.08	0.06	0.05	0.11	0.1	0.08	0.07	0.06	0.06	0.11	0.1	0.11	0.06	0.1	0.11	0.14	0.18	0.18	0.0	0.0	0.0	0.0	0.0	0.0	0.0	0.01	0.0	0.0	0.0	0.0	0.02	0.0	0.0	0.02	0.02	0.0	0.0	0.03	0.0	0.02	0.02	0.0	0.02	0.01	0.02	0.02	0.02	0.0	0.0	0.01	0.0	0.01	0.0	0.0
Root; d__Bacteria; p__Actinomycetota; c__Actinomycetes; o__Actinomycetales; f__Microbacteriaceae; g__Rhodoglobus	0.1	0.08	0.07	0.06	0.08	0.0	0.1	0.09	0.11	0.05	0.04	0.0	0.08	0.09	0.1	0.06	0.05	0.0	0.04	0.05	0.0	0.03	0.07	0.0	0.02	0.01	0.0	0.03	0.04	0.0	0.02	0.03	0.0	0.04	0.04	0.0	0.02	0.02	0.0	0.02	0.03	0.0	0.02	0.01	0.0	0.0	0.02	0.05	0.02	0.0	0.0	0.0	0.02	0.0	0.0	0.0	0.0	0.02	0.01	0.02	0.02	0.02	0.01	0.02	0.02	0.0	0.02	0.02	0.0	0.0	0.0	0.0
Root; d__Bacteria; p__Actinomycetota; c__Actinomycetes; o__Actinomycetales; f__Microbacteriaceae; g__Microcella	0.04	0.0	0.0	0.0	0.05	0.0	0.0	0.03	0.0	0.0	0.0	0.0	0.02	0.02	0.0	0.0	0.0	0.0	0.0	0.0	0.0	0.0	0.0	0.0	0.0	0.01	0.0	0.0	0.02	0.0	0.0	0.0	0.0	0.02	0.0	0.0	0.0	0.0	0.0	0.0	0.0	0.0	0.0	0.0	0.0	0.0	0.0	0.0	0.0	0.0	0.0	0.0	0.0	0.0	0.0	0.0	0.0	0.0	0.01	0.0	0.01	0.01	0.0	0.0	0.0	0.0	0.0	0.0	0.0	0.01	0.0	0.0
Root; d__Bacteria; p__Actinomycetota; c__Actinomycetes; o__Actinomycetales; f__Microbacteriaceae; g__Naasia	0.02	0.04	0.0	0.02	0.0	0.09	0.02	0.0	0.0	0.03	0.02	0.0	0.0	0.03	0.0	0.02	0.02	0.0	0.0	0.02	0.0	0.02	0.03	0.0	0.03	0.02	0.0	0.04	0.02	0.0	0.02	0.0	0.0	0.02	0.0	0.0	0.0	0.04	0.0	0.0	0.0	0.0	0.02	0.02	0.0	0.0	0.0	0.0	0.0	0.02	0.0	0.0	0.02	0.0	0.04	0.02	0.0	0.04	0.03	0.04	0.03	0.04	0.01	0.03	0.01	0.0	0.03	0.04	0.0	0.03	0.03	0.0
Root; d__Bacteria; p__Actinomycetota; c__Actinomycetes; o__Actinomycetales; f__Microbacteriaceae; g__Orlajensenia	0.04	0.05	0.0	0.0	0.0	0.0	0.02	0.03	0.0	0.02	0.03	0.0	0.03	0.02	0.0	0.0	0.0	0.0	0.0	0.0	0.0	0.0	0.0	0.0	0.0	0.0	0.0	0.0	0.0	0.0	0.0	0.0	0.0	0.0	0.0	0.0	0.0	0.0	0.0	0.0	0.0	0.0	0.0	0.0	0.0	0.0	0.0	0.0	0.0	0.0	0.0	0.0	0.0	0.0	0.0	0.0	0.0	0.0	0.0	0.0	0.0	0.0	0.0	0.0	0.0	0.0	0.0	0.0	0.0	0.0	0.0	0.0
Root; d__Bacteria; p__Actinomycetota; c__Actinomycetes; o__Actinomycetales; f__Microbacteriaceae; g__Curtobacterium	0.1	0.09	0.06	0.04	0.02	0.0	0.05	0.08	0.07	0.03	0.04	0.0	0.04	0.03	0.0	0.05	0.05	0.0	0.0	0.0	0.0	0.0	0.0	0.0	0.0	0.0	0.0	0.0	0.0	0.0	0.0	0.0	0.0	0.0	0.0	0.0	0.0	0.0	0.0	0.0	0.0	0.0	0.0	0.0	0.0	0.0	0.0	0.0	0.0	0.0	0.0	0.0	0.0	0.0	0.0	0.0	0.0	0.0	0.01	0.0	0.0	0.0	0.0	0.0	0.0	0.0	0.0	0.0	0.0	0.0	0.0	0.0
Root; d__Bacteria; p__Actinomycetota; c__Actinomycetes; o__Actinomycetales; f__Microbacteriaceae; g__Frigoribacterium	0.04	0.03	0.0	0.0	0.0	0.0	0.02	0.0	0.0	0.11	0.08	0.12	0.33	0.28	0.25	0.03	0.02	0.0	0.0	0.0	0.0	0.0	0.0	0.0	0.0	0.0	0.0	0.0	0.0	0.0	0.0	0.0	0.0	0.0	0.0	0.0	0.0	0.0	0.0	0.0	0.0	0.0	0.0	0.0	0.0	0.0	0.0	0.0	0.0	0.0	0.0	0.0	0.0	0.0	0.0	0.0	0.0	0.0	0.0	0.0	0.0	0.0	0.0	0.02	0.02	0.0	0.0	0.0	0.0	0.0	0.0	0.0
Root; d__Bacteria; p__Actinomycetota; c__Actinomycetes; o__Actinomycetales; f__Microbacteriaceae; g__Pseudolysinimonas_A	0.03	0.06	0.0	0.06	0.02	0.0	0.08	0.06	0.09	0.04	0.05	0.0	0.05	0.03	0.0	0.0	0.03	0.0	0.01	0.02	0.0	0.0	0.02	0.0	0.0	0.01	0.0	0.0	0.0	0.0	0.0	0.0	0.0	0.0	0.0	0.0	0.0	0.0	0.0	0.0	0.0	0.0	0.0	0.0	0.0	0.0	0.0	0.0	0.0	0.0	0.0	0.0	0.0	0.0	0.0	0.0	0.0	0.0	0.0	0.0	0.0	0.01	0.0	0.0	0.0	0.0	0.0	0.0	0.0	0.0	0.0	0.0
Root; d__Bacteria; p__Actinomycetota; c__Actinomycetes; o__Actinomycetales; f__Microbacteriaceae; g__JBDSKH01	0.1	0.09	0.0	0.08	0.11	0.0	0.13	0.11	0.09	0.06	0.06	0.0	0.09	0.09	0.0	0.04	0.04	0.05	0.05	0.05	0.06	0.06	0.04	0.0	0.05	0.06	0.0	0.06	0.05	0.0	0.06	0.06	0.04	0.04	0.03	0.0	0.0	0.0	0.0	0.0	0.02	0.0	0.0	0.01	0.0	0.0	0.0	0.0	0.0	0.02	0.0	0.02	0.0	0.0	0.0	0.0	0.0	0.01	0.02	0.0	0.01	0.01	0.01	0.0	0.01	0.0	0.0	0.0	0.0	0.0	0.0	0.0
Root; d__Bacteria; p__Actinomycetota; c__Actinomycetes; o__Actinomycetales; f__Microbacteriaceae; g__Homoserinibacter	0.02	0.05	0.0	0.05	0.08	0.0	0.04	0.04	0.06	0.04	0.05	0.0	0.03	0.04	0.0	0.01	0.03	0.0	0.0	0.0	0.0	0.03	0.03	0.0	0.02	0.02	0.0	0.0	0.02	0.0	0.02	0.02	0.0	0.0	0.02	0.0	0.0	0.0	0.0	0.0	0.0	0.0	0.0	0.0	0.0	0.0	0.0	0.0	0.0	0.0	0.0	0.0	0.0	0.0	0.0	0.0	0.0	0.0	0.0	0.0	0.01	0.0	0.0	0.0	0.0	0.0	0.0	0.0	0.0	0.0	0.0	0.0
Root; d__Bacteria; p__Actinomycetota; c__Actinomycetes; o__Actinomycetales; f__Microbacteriaceae; g__Leifsonia	0.06	0.06	0.07	0.07	0.07	0.0	0.04	0.06	0.05	0.02	0.05	0.05	0.05	0.05	0.0	0.03	0.04	0.0	0.02	0.03	0.0	0.04	0.02	0.0	0.03	0.03	0.0	0.03	0.02	0.0	0.04	0.02	0.0	0.03	0.03	0.0	0.01	0.02	0.0	0.0	0.0	0.0	0.0	0.01	0.0	0.0	0.02	0.0	0.02	0.0	0.0	0.0	0.0	0.0	0.0	0.0	0.0	0.02	0.02	0.0	0.02	0.02	0.02	0.02	0.02	0.0	0.0	0.02	0.0	0.02	0.0	0.0
Root; d__Bacteria; p__Actinomycetota; c__Actinomycetes; o__Actinomycetales; f__Microbacteriaceae; g__Amnibacterium	0.03	0.03	0.0	0.02	0.02	0.0	0.05	0.03	0.0	0.0	0.0	0.0	0.0	0.02	0.0	0.04	0.02	0.0	0.02	0.03	0.0	0.04	0.0	0.0	0.0	0.02	0.0	0.02	0.02	0.0	0.02	0.0	0.0	0.02	0.03	0.0	0.03	0.02	0.0	0.02	0.0	0.0	0.0	0.04	0.0	0.02	0.0	0.0	0.02	0.0	0.0	0.02	0.0	0.0	0.04	0.0	0.0	0.03	0.02	0.0	0.03	0.03	0.02	0.04	0.03	0.0	0.03	0.02	0.05	0.02	0.03	0.0
Root; d__Bacteria; p__Actinomycetota; c__Actinomycetes; o__Actinomycetales; f__Microbacteriaceae; g__Rathayibacter	0.02	0.03	0.0	0.0	0.0	0.0	0.0	0.02	0.0	0.1	0.1	0.06	0.02	0.06	0.0	0.03	0.0	0.0	0.0	0.0	0.0	0.0	0.0	0.0	0.0	0.0	0.0	0.0	0.0	0.0	0.0	0.0	0.0	0.0	0.0	0.0	0.0	0.0	0.0	0.0	0.0	0.0	0.0	0.0	0.0	0.0	0.0	0.0	0.0	0.0	0.0	0.0	0.0	0.0	0.0	0.0	0.0	0.01	0.02	0.0	0.01	0.0	0.0	0.0	0.0	0.0	0.0	0.0	0.0	0.0	0.0	0.0
Root; d__Bacteria; p__Actinomycetota; c__Actinomycetes; o__Actinomycetales; f__Microbacteriaceae; g__Herbiconiux	0.06	0.04	0.0	0.03	0.07	0.0	0.04	0.04	0.0	0.02	0.03	0.0	0.03	0.03	0.0	0.03	0.04	0.0	0.0	0.02	0.0	0.02	0.02	0.0	0.02	0.0	0.0	0.0	0.0	0.0	0.02	0.01	0.0	0.0	0.02	0.0	0.0	0.0	0.0	0.0	0.0	0.0	0.0	0.0	0.0	0.0	0.0	0.0	0.0	0.0	0.0	0.0	0.0	0.0	0.0	0.0	0.0	0.0	0.0	0.0	0.0	0.0	0.0	0.01	0.0	0.0	0.0	0.0	0.0	0.0	0.0	0.0
Root; d__Bacteria; p__Actinomycetota; c__Actinomycetes; o__Actinomycetales; f__Microbacteriaceae; g__Parafrigoribacterium	0.02	0.0	0.0	0.02	0.0	0.0	0.02	0.03	0.0	0.0	0.0	0.0	0.0	0.0	0.0	0.0	0.0	0.0	0.0	0.0	0.0	0.0	0.0	0.0	0.0	0.0	0.0	0.0	0.0	0.0	0.0	0.0	0.0	0.0	0.0	0.0	0.0	0.0	0.0	0.0	0.0	0.0	0.0	0.0	0.0	0.0	0.0	0.0	0.0	0.0	0.0	0.0	0.0	0.0	0.0	0.0	0.0	0.0	0.0	0.0	0.0	0.0	0.0	0.0	0.0	0.0	0.0	0.0	0.0	0.0	0.0	0.0
Root; d__Bacteria; p__Actinomycetota; c__Actinomycetes; o__Actinomycetales; f__Microbacteriaceae; g__Conyzicola	0.04	0.04	0.08	0.0	0.04	0.0	0.06	0.04	0.06	0.0	0.03	0.0	0.02	0.03	0.0	0.04	0.02	0.0	0.0	0.0	0.0	0.0	0.0	0.0	0.0	0.0	0.0	0.0	0.0	0.0	0.0	0.0	0.0	0.02	0.0	0.0	0.0	0.0	0.0	0.0	0.0	0.0	0.0	0.0	0.0	0.0	0.0	0.0	0.0	0.0	0.0	0.0	0.0	0.0	0.0	0.0	0.0	0.0	0.0	0.0	0.0	0.0	0.0	0.0	0.0	0.0	0.0	0.0	0.0	0.0	0.0	0.0
Root; d__Bacteria; p__Actinomycetota; c__Actinomycetes; o__Actinomycetales; f__Dermatophilaceae; g__Oryzobacter	0.03	0.03	0.0	0.04	0.03	0.0	0.04	0.08	0.0	0.02	0.0	0.0	0.0	0.02	0.0	0.02	0.0	0.0	0.0	0.02	0.0	0.02	0.0	0.0	0.02	0.04	0.0	0.0	0.0	0.0	0.03	0.0	0.0	0.02	0.0	0.0	0.0	0.0	0.0	0.0	0.0	0.0	0.0	0.0	0.0	0.0	0.0	0.0	0.0	0.0	0.0	0.0	0.0	0.0	0.0	0.0	0.0	0.02	0.0	0.0	0.02	0.01	0.0	0.0	0.03	0.0	0.0	0.0	0.0	0.0	0.0	0.0
Root; d__Bacteria; p__Actinomycetota; c__Actinomycetes; o__Actinomycetales; f__Dermatophilaceae; g__Fodinibacter	0.17	0.18	0.25	0.16	0.16	0.05	0.21	0.23	0.19	0.16	0.12	0.09	0.11	0.12	0.06	0.07	0.09	0.11	0.08	0.11	0.13	0.08	0.09	0.1	0.1	0.11	0.06	0.05	0.09	0.08	0.1	0.11	0.06	0.08	0.09	0.0	0.0	0.0	0.0	0.0	0.0	0.0	0.0	0.0	0.0	0.0	0.0	0.0	0.0	0.0	0.0	0.0	0.0	0.0	0.02	0.03	0.0	0.02	0.01	0.0	0.02	0.03	0.02	0.02	0.03	0.0	0.01	0.02	0.0	0.03	0.02	0.0
Root; d__Bacteria; p__Actinomycetota; c__Actinomycetes; o__Actinomycetales; f__Dermatophilaceae; g__Phycicoccus	0.02	0.02	0.0	0.0	0.03	0.0	0.03	0.02	0.0	0.03	0.02	0.0	0.0	0.0	0.0	0.0	0.0	0.0	0.02	0.03	0.0	0.0	0.02	0.0	0.02	0.0	0.0	0.0	0.02	0.0	0.0	0.03	0.0	0.0	0.0	0.0	0.0	0.0	0.0	0.0	0.0	0.0	0.0	0.0	0.0	0.0	0.0	0.0	0.0	0.0	0.0	0.0	0.0	0.0	0.0	0.0	0.0	0.01	0.01	0.0	0.01	0.01	0.0	0.0	0.0	0.0	0.0	0.01	0.0	0.0	0.0	0.0
Root; d__Bacteria; p__Actinomycetota; c__Actinomycetes; o__Actinomycetales; f__Dermatophilaceae; g__Pedococcus	0.11	0.08	0.06	0.11	0.09	0.09	0.13	0.1	0.0	0.07	0.11	0.0	0.03	0.07	0.0	0.05	0.07	0.08	0.03	0.03	0.0	0.03	0.04	0.0	0.03	0.04	0.0	0.04	0.02	0.0	0.04	0.04	0.0	0.04	0.01	0.0	0.08	0.07	0.0	0.08	0.08	0.07	0.07	0.07	0.0	0.07	0.06	0.06	0.05	0.04	0.0	0.04	0.08	0.09	0.1	0.09	0.1	0.09	0.08	0.07	0.09	0.07	0.09	0.07	0.09	0.11	0.05	0.05	0.07	0.06	0.09	0.06
Root; d__Bacteria; p__Actinomycetota; c__Actinomycetes; o__Actinomycetales; f__Dermatophilaceae; g__Knoellia	0.06	0.06	0.0	0.03	0.06	0.06	0.05	0.08	0.05	0.04	0.04	0.0	0.03	0.04	0.0	0.02	0.03	0.0	0.0	0.0	0.0	0.0	0.0	0.0	0.0	0.0	0.0	0.0	0.0	0.0	0.0	0.0	0.0	0.0	0.0	0.0	0.0	0.0	0.0	0.0	0.0	0.0	0.0	0.0	0.0	0.0	0.0	0.0	0.0	0.0	0.0	0.0	0.0	0.0	0.0	0.0	0.0	0.01	0.01	0.0	0.01	0.0	0.0	0.0	0.0	0.0	0.0	0.0	0.0	0.0	0.0	0.0
Root; d__Bacteria; p__Actinomycetota; c__Actinomycetes; o__Actinomycetales; f__Dermatophilaceae; g__CAVRTM01	0.05	0.04	0.06	0.05	0.05	0.0	0.05	0.07	0.0	0.06	0.03	0.0	0.07	0.07	0.0	0.05	0.06	0.0	0.07	0.06	0.0	0.04	0.05	0.0	0.05	0.05	0.0	0.06	0.06	0.0	0.06	0.06	0.06	0.04	0.06	0.0	0.0	0.0	0.0	0.0	0.0	0.0	0.0	0.0	0.0	0.0	0.0	0.0	0.0	0.0	0.0	0.0	0.0	0.0	0.0	0.0	0.0	0.01	0.01	0.0	0.01	0.01	0.0	0.0	0.0	0.0	0.0	0.0	0.0	0.0	0.0	0.0
Root; d__Bacteria; p__Actinomycetota; c__Actinomycetes; o__Actinomycetales; f__Dermatophilaceae; g__Humibacillus	0.03	0.03	0.0	0.0	0.04	0.0	0.03	0.03	0.0	0.03	0.02	0.0	0.03	0.02	0.0	0.02	0.0	0.0	0.02	0.0	0.0	0.02	0.03	0.0	0.02	0.0	0.0	0.04	0.0	0.06	0.05	0.03	0.0	0.02	0.02	0.0	0.0	0.0	0.0	0.0	0.0	0.0	0.0	0.0	0.0	0.0	0.0	0.0	0.0	0.0	0.0	0.0	0.0	0.0	0.0	0.0	0.0	0.0	0.0	0.0	0.0	0.0	0.0	0.0	0.0	0.0	0.0	0.0	0.0	0.0	0.0	0.0
Root; d__Bacteria; p__Actinomycetota; c__Actinomycetes; o__Actinomycetales; f__Dermatophilaceae; g__Terrabacter	0.13	0.13	0.19	0.12	0.09	0.07	0.13	0.16	0.09	0.06	0.1	0.08	0.07	0.06	0.0	0.06	0.08	0.0	0.06	0.09	0.14	0.1	0.1	0.1	0.1	0.13	0.12	0.1	0.11	0.11	0.09	0.08	0.11	0.12	0.08	0.08	0.02	0.0	0.0	0.0	0.02	0.0	0.02	0.02	0.0	0.0	0.0	0.0	0.0	0.0	0.0	0.0	0.01	0.0	0.03	0.03	0.0	0.03	0.02	0.0	0.02	0.03	0.02	0.03	0.03	0.06	0.0	0.02	0.0	0.03	0.03	0.0
Root; d__Bacteria; p__Actinomycetota; c__Actinomycetes; o__Actinomycetales; f__Dermatophilaceae; g__Lapillicoccus	0.04	0.07	0.07	0.08	0.07	0.0	0.07	0.08	0.04	0.05	0.07	0.05	0.05	0.03	0.0	0.04	0.07	0.0	0.12	0.1	0.08	0.08	0.1	0.07	0.07	0.09	0.07	0.11	0.08	0.0	0.1	0.09	0.05	0.1	0.09	0.0	0.04	0.02	0.0	0.0	0.03	0.0	0.04	0.03	0.0	0.02	0.02	0.0	0.02	0.03	0.0	0.01	0.0	0.0	0.03	0.04	0.0	0.03	0.04	0.0	0.04	0.05	0.03	0.04	0.05	0.0	0.02	0.05	0.0	0.04	0.05	0.0
Root; d__Bacteria; p__Actinomycetota; c__Actinomycetes; o__Actinomycetales; f__Dermatophilaceae; g__Ornithinicoccus	0.03	0.02	0.0	0.06	0.06	0.0	0.06	0.04	0.0	0.04	0.02	0.0	0.03	0.03	0.0	0.02	0.02	0.0	0.02	0.03	0.0	0.0	0.0	0.0	0.02	0.04	0.0	0.02	0.03	0.06	0.02	0.03	0.0	0.0	0.02	0.0	0.0	0.0	0.0	0.0	0.02	0.0	0.01	0.02	0.0	0.0	0.0	0.0	0.0	0.0	0.0	0.02	0.0	0.0	0.0	0.0	0.0	0.02	0.01	0.0	0.01	0.01	0.0	0.03	0.0	0.0	0.02	0.02	0.0	0.02	0.0	0.0
Root; d__Bacteria; p__Actinomycetota; c__Actinomycetes; o__Actinomycetales; f__Actinomycetaceae; g__Georgenia	0.13	0.05	0.08	0.12	0.08	0.1	0.1	0.1	0.0	0.05	0.07	0.0	0.07	0.04	0.0	0.04	0.06	0.0	0.02	0.02	0.0	0.0	0.03	0.0	0.03	0.04	0.0	0.05	0.03	0.0	0.03	0.02	0.0	0.02	0.02	0.07	0.01	0.01	0.0	0.02	0.0	0.0	0.02	0.02	0.0	0.02	0.0	0.0	0.0	0.0	0.0	0.02	0.0	0.0	0.0	0.0	0.0	0.02	0.02	0.0	0.01	0.02	0.0	0.0	0.0	0.0	0.0	0.02	0.0	0.0	0.0	0.0
Root; d__Bacteria; p__Actinomycetota; c__Actinomycetes; o__Actinomycetales; f__Kineosporiaceae; g__JANNPJ01	0.02	0.03	0.0	0.02	0.03	0.0	0.05	0.02	0.0	0.02	0.05	0.0	0.08	0.04	0.0	0.02	0.03	0.0	0.0	0.03	0.0	0.0	0.0	0.0	0.0	0.05	0.0	0.0	0.02	0.0	0.02	0.0	0.0	0.0	0.03	0.0	0.0	0.0	0.0	0.0	0.0	0.0	0.0	0.0	0.0	0.0	0.0	0.0	0.0	0.0	0.0	0.0	0.0	0.0	0.0	0.0	0.0	0.0	0.01	0.0	0.01	0.01	0.0	0.0	0.0	0.0	0.0	0.01	0.0	0.0	0.0	0.0
Root; d__Bacteria; p__Actinomycetota; c__Actinomycetes; o__Actinomycetales; f__Angustibacteraceae; g__Angustibacter	0.02	0.0	0.0	0.03	0.0	0.0	0.03	0.02	0.0	0.02	0.02	0.0	0.02	0.0	0.0	0.01	0.0	0.0	0.04	0.02	0.0	0.04	0.03	0.0	0.02	0.03	0.0	0.04	0.02	0.0	0.02	0.04	0.0	0.04	0.04	0.0	0.0	0.0	0.0	0.0	0.02	0.0	0.0	0.02	0.0	0.02	0.0	0.0	0.0	0.0	0.0	0.0	0.03	0.0	0.02	0.02	0.0	0.02	0.03	0.02	0.03	0.02	0.02	0.0	0.0	0.0	0.0	0.02	0.0	0.0	0.03	0.0
Root; d__Bacteria; p__Actinomycetota; c__Actinomycetes; o__Actinomycetales; f__Cellulomonadaceae; g__Cellulomonas	0.43	0.4	0.52	0.34	0.41	0.39	0.53	0.38	0.52	0.34	0.36	0.32	0.24	0.27	0.19	0.21	0.25	0.28	0.09	0.1	0.07	0.1	0.1	0.07	0.08	0.13	0.1	0.14	0.15	0.08	0.11	0.12	0.11	0.12	0.13	0.12	0.03	0.02	0.0	0.03	0.04	0.0	0.05	0.05	0.0	0.05	0.02	0.0	0.05	0.03	0.04	0.03	0.0	0.0	0.08	0.07	0.08	0.04	0.04	0.04	0.04	0.03	0.04	0.04	0.04	0.0	0.04	0.03	0.0	0.05	0.05	0.0
Root; d__Bacteria; p__Actinomycetota; c__Actinomycetes; o__Actinomycetales; f__Cellulomonadaceae; g__Cellulomonas_A	0.02	0.03	0.0	0.02	0.02	0.0	0.03	0.02	0.0	0.02	0.02	0.0	0.0	0.0	0.0	0.0	0.0	0.0	0.0	0.0	0.0	0.0	0.0	0.0	0.0	0.0	0.0	0.0	0.0	0.0	0.0	0.0	0.0	0.0	0.0	0.0	0.0	0.0	0.0	0.0	0.0	0.0	0.0	0.01	0.0	0.03	0.0	0.0	0.0	0.0	0.0	0.0	0.0	0.0	0.0	0.0	0.0	0.02	0.0	0.0	0.01	0.01	0.0	0.0	0.0	0.0	0.0	0.0	0.0	0.0	0.0	0.0
Root; d__Bacteria; p__Actinomycetota; c__Actinomycetes; o__Actinomycetales; f__Cellulomonadaceae; g__Pengzhenrongella	0.02	0.02	0.0	0.0	0.0	0.0	0.04	0.03	0.0	0.04	0.03	0.05	0.02	0.04	0.0	0.0	0.03	0.0	0.02	0.03	0.0	0.0	0.0	0.0	0.01	0.0	0.0	0.0	0.02	0.0	0.02	0.0	0.0	0.01	0.0	0.0	0.0	0.0	0.0	0.0	0.0	0.0	0.02	0.0	0.0	0.0	0.0	0.0	0.0	0.0	0.0	0.0	0.0	0.0	0.0	0.02	0.0	0.03	0.03	0.03	0.04	0.05	0.02	0.03	0.02	0.0	0.02	0.02	0.0	0.03	0.03	0.0
Root; d__Bacteria; p__Actinomycetota; c__Actinomycetes; o__Actinomycetales; f__Micrococcaceae; g__Arthrobacter	0.31	0.24	0.29	0.22	0.28	0.19	0.25	0.23	0.27	0.25	0.21	0.13	0.23	0.17	0.09	0.18	0.16	0.14	0.07	0.05	0.0	0.05	0.05	0.06	0.05	0.05	0.0	0.02	0.07	0.0	0.03	0.06	0.0	0.05	0.04	0.0	0.09	0.07	0.09	0.08	0.07	0.0	0.1	0.09	0.1	0.07	0.06	0.06	0.09	0.06	0.05	0.08	0.11	0.07	0.1	0.11	0.12	0.1	0.15	0.11	0.12	0.13	0.13	0.11	0.19	0.13	0.11	0.13	0.08	0.14	0.13	0.12
Root; d__Bacteria; p__Actinomycetota; c__Actinomycetes; o__Actinomycetales; f__Micrococcaceae; g__Citricoccus	0.05	0.09	0.0	0.1	0.06	0.06	0.04	0.04	0.0	0.03	0.06	0.0	0.03	0.06	0.0	0.02	0.04	0.0	0.0	0.0	0.0	0.0	0.0	0.0	0.0	0.0	0.0	0.0	0.0	0.0	0.0	0.0	0.0	0.0	0.0	0.0	0.0	0.0	0.0	0.0	0.0	0.0	0.0	0.0	0.0	0.0	0.0	0.0	0.0	0.0	0.0	0.0	0.0	0.0	0.0	0.0	0.0	0.0	0.0	0.0	0.0	0.0	0.0	0.03	0.02	0.0	0.0	0.0	0.0	0.0	0.0	0.0
Root; d__Bacteria; p__Actinomycetota; c__Actinomycetes; o__Actinomycetales; f__Micrococcaceae; g__Arthrobacter_B	0.04	0.02	0.0	0.07	0.05	0.0	0.08	0.11	0.0	0.06	0.09	0.07	0.0	0.0	0.0	0.0	0.0	0.0	0.0	0.0	0.0	0.0	0.0	0.0	0.0	0.0	0.0	0.0	0.0	0.0	0.0	0.0	0.0	0.0	0.0	0.0	0.0	0.0	0.0	0.0	0.0	0.0	0.0	0.0	0.0	0.0	0.0	0.0	0.0	0.0	0.0	0.0	0.0	0.0	0.0	0.0	0.0	0.0	0.0	0.0	0.0	0.0	0.0	0.0	0.0	0.0	0.0	0.0	0.0	0.0	0.0	0.0
Root; d__Bacteria; p__Actinomycetota; c__Actinomycetes; o__Actinomycetales; f__Micrococcaceae; g__Crystallibacter	0.18	0.15	0.12	0.13	0.14	0.08	0.13	0.15	0.1	0.15	0.15	0.13	0.09	0.11	0.09	0.08	0.09	0.1	0.06	0.07	0.06	0.08	0.09	0.07	0.08	0.06	0.0	0.07	0.11	0.08	0.09	0.05	0.0	0.08	0.08	0.0	0.0	0.0	0.0	0.0	0.0	0.0	0.01	0.02	0.0	0.0	0.0	0.0	0.0	0.02	0.0	0.02	0.0	0.0	0.0	0.0	0.0	0.01	0.01	0.0	0.02	0.01	0.0	0.0	0.0	0.0	0.0	0.0	0.0	0.01	0.01	0.0
Root; d__Bacteria; p__Actinomycetota; c__Actinomycetes; o__Actinomycetales; f__Micrococcaceae; g__Glutamicibacter	0.02	0.0	0.0	0.0	0.0	0.0	0.03	0.03	0.0	0.02	0.05	0.0	0.0	0.0	0.0	0.0	0.02	0.0	0.0	0.0	0.0	0.0	0.0	0.0	0.0	0.0	0.0	0.0	0.0	0.0	0.0	0.0	0.0	0.0	0.0	0.0	0.0	0.0	0.0	0.0	0.0	0.0	0.0	0.0	0.0	0.0	0.0	0.0	0.0	0.0	0.0	0.0	0.0	0.0	0.0	0.0	0.0	0.0	0.0	0.0	0.0	0.0	0.0	0.07	0.07	0.0	0.0	0.0	0.0	0.0	0.0	0.0
Root; d__Bacteria; p__Actinomycetota; c__Actinomycetes; o__Actinomycetales; f__Kineococcaceae; g__Kineococcus	0.02	0.0	0.0	0.0	0.0	0.0	0.0	0.0	0.0	0.03	0.02	0.0	0.0	0.0	0.0	0.02	0.0	0.0	0.01	0.0	0.0	0.0	0.0	0.0	0.0	0.0	0.0	0.0	0.0	0.0	0.0	0.02	0.0	0.0	0.02	0.0	0.0	0.0	0.0	0.0	0.0	0.0	0.0	0.0	0.0	0.0	0.0	0.0	0.0	0.0	0.0	0.0	0.0	0.0	0.0	0.0	0.0	0.01	0.0	0.0	0.01	0.01	0.0	0.03	0.01	0.0	0.02	0.0	0.0	0.0	0.0	0.0
Root; d__Bacteria; p__Actinomycetota; c__Actinomycetes; o__Streptosporangiales; f__Streptosporangiaceae; g__Streptosporangium	0.02	0.0	0.0	0.02	0.0	0.0	0.01	0.0	0.0	0.02	0.02	0.0	0.0	0.0	0.0	0.02	0.02	0.0	0.03	0.0	0.0	0.0	0.0	0.0	0.0	0.0	0.0	0.0	0.02	0.0	0.02	0.0	0.0	0.0	0.0	0.0	0.02	0.0	0.0	0.0	0.04	0.05	0.02	0.03	0.0	0.02	0.0	0.0	0.02	0.02	0.0	0.02	0.0	0.0	0.0	0.0	0.0	0.02	0.02	0.0	0.02	0.02	0.01	0.02	0.01	0.0	0.02	0.0	0.0	0.02	0.0	0.0
Root; d__Bacteria; p__Actinomycetota; c__Actinomycetes; o__Streptosporangiales; f__Streptosporangiaceae; g__Spirillospora	0.05	0.03	0.06	0.02	0.03	0.0	0.04	0.02	0.0	0.05	0.05	0.0	0.06	0.05	0.09	0.04	0.03	0.0	0.03	0.03	0.0	0.0	0.04	0.0	0.02	0.02	0.0	0.03	0.02	0.0	0.04	0.04	0.0	0.03	0.03	0.0	0.04	0.03	0.0	0.03	0.02	0.0	0.02	0.05	0.0	0.03	0.03	0.0	0.03	0.03	0.0	0.02	0.03	0.0	0.05	0.03	0.0	0.03	0.03	0.04	0.02	0.03	0.01	0.03	0.0	0.0	0.02	0.02	0.0	0.03	0.03	0.0
Root; d__Bacteria; p__Actinomycetota; c__Actinomycetes; o__Streptosporangiales; f__Streptosporangiaceae; g__Actinocorallia	0.04	0.02	0.0	0.02	0.0	0.0	0.03	0.02	0.0	0.02	0.03	0.0	0.02	0.0	0.0	0.0	0.02	0.0	0.02	0.03	0.0	0.02	0.03	0.0	0.0	0.02	0.0	0.0	0.03	0.0	0.02	0.04	0.0	0.0	0.03	0.0	0.0	0.0	0.0	0.0	0.0	0.0	0.0	0.0	0.0	0.0	0.0	0.0	0.0	0.0	0.0	0.0	0.0	0.0	0.02	0.02	0.0	0.01	0.02	0.03	0.02	0.01	0.0	0.01	0.02	0.0	0.02	0.0	0.0	0.0	0.02	0.0
Root; d__Bacteria; p__Actinomycetota; c__Actinomycetes; o__Streptosporangiales; f__Streptosporangiaceae; g__CALAED01	0.02	0.02	0.0	0.0	0.0	0.0	0.0	0.0	0.0	0.02	0.02	0.0	0.03	0.0	0.0	0.03	0.0	0.0	0.0	0.0	0.0	0.0	0.0	0.0	0.02	0.0	0.0	0.0	0.0	0.0	0.02	0.0	0.0	0.0	0.02	0.0	0.02	0.0	0.0	0.0	0.0	0.0	0.0	0.02	0.0	0.02	0.0	0.0	0.0	0.0	0.0	0.03	0.0	0.0	0.0	0.0	0.0	0.0	0.01	0.0	0.01	0.01	0.0	0.0	0.0	0.0	0.01	0.0	0.0	0.0	0.01	0.0
Root; d__Bacteria; p__Actinomycetota; c__Actinomycetes; o__Streptosporangiales; f__Streptosporangiaceae; g__Actinoallomurus	0.04	0.06	0.0	0.06	0.09	0.0	0.06	0.04	0.0	0.09	0.1	0.09	0.04	0.05	0.0	0.11	0.1	0.14	0.02	0.0	0.0	0.04	0.03	0.05	0.03	0.04	0.0	0.02	0.07	0.0	0.03	0.03	0.0	0.03	0.04	0.0	0.14	0.11	0.15	0.14	0.13	0.13	0.16	0.16	0.1	0.14	0.18	0.11	0.12	0.13	0.12	0.18	0.12	0.18	0.11	0.07	0.05	0.08	0.09	0.06	0.09	0.11	0.11	0.07	0.08	0.0	0.07	0.11	0.06	0.06	0.06	0.1
Root; d__Bacteria; p__Actinomycetota; c__Actinomycetes; o__Streptosporangiales; f__Streptosporangiaceae; g__Nonomuraea	0.03	0.02	0.0	0.0	0.0	0.0	0.0	0.02	0.0	0.04	0.05	0.0	0.02	0.0	0.0	0.03	0.03	0.0	0.0	0.0	0.0	0.02	0.02	0.0	0.0	0.0	0.0	0.0	0.02	0.0	0.0	0.02	0.0	0.01	0.02	0.0	0.02	0.02	0.0	0.02	0.02	0.0	0.03	0.01	0.0	0.04	0.03	0.0	0.03	0.02	0.0	0.05	0.02	0.0	0.02	0.0	0.0	0.02	0.02	0.0	0.02	0.02	0.0	0.02	0.01	0.0	0.02	0.02	0.0	0.02	0.0	0.0
Root; d__Bacteria; p__Actinomycetota; c__Actinomycetes; o__JACCUZ01; f__JACCUZ01; g__CAVVAH01	0.03	0.03	0.0	0.02	0.02	0.0	0.02	0.03	0.0	0.04	0.04	0.0	0.03	0.03	0.0	0.04	0.05	0.0	0.07	0.08	0.05	0.1	0.08	0.0	0.1	0.06	0.07	0.08	0.09	0.0	0.07	0.07	0.0	0.07	0.08	0.0	0.07	0.06	0.04	0.07	0.07	0.05	0.06	0.06	0.05	0.06	0.04	0.0	0.04	0.05	0.0	0.06	0.07	0.08	0.09	0.05	0.05	0.06	0.05	0.06	0.06	0.06	0.05	0.04	0.06	0.0	0.04	0.03	0.0	0.03	0.03	0.0
Root; d__Bacteria; p__Actinomycetota; c__Actinomycetes; o__JACCUZ01; f__JACCUZ01; g__JAVEDA01	0.04	0.05	0.0	0.03	0.05	0.06	0.08	0.05	0.0	0.11	0.08	0.06	0.09	0.06	0.0	0.04	0.06	0.0	0.15	0.12	0.12	0.16	0.16	0.16	0.15	0.16	0.11	0.17	0.13	0.13	0.22	0.17	0.15	0.15	0.22	0.08	0.03	0.0	0.0	0.0	0.0	0.0	0.0	0.0	0.0	0.0	0.0	0.0	0.0	0.0	0.0	0.0	0.0	0.0	0.0	0.0	0.0	0.01	0.01	0.0	0.01	0.02	0.0	0.0	0.0	0.0	0.02	0.0	0.0	0.0	0.0	0.0
Root; d__Bacteria; p__Actinomycetota; c__Actinomycetes; o__JACCUZ01; f__JACCUZ01; g__JBDUAP01	0.02	0.02	0.0	0.03	0.03	0.0	0.03	0.0	0.04	0.04	0.0	0.0	0.0	0.0	0.0	0.03	0.02	0.0	0.03	0.05	0.0	0.04	0.03	0.0	0.02	0.02	0.0	0.04	0.02	0.0	0.03	0.03	0.0	0.03	0.03	0.05	0.0	0.0	0.0	0.0	0.0	0.0	0.0	0.0	0.0	0.02	0.0	0.0	0.0	0.02	0.0	0.0	0.0	0.0	0.0	0.0	0.0	0.02	0.0	0.0	0.01	0.01	0.0	0.0	0.0	0.0	0.0	0.0	0.0	0.0	0.0	0.0
Root; d__Bacteria; p__Actinomycetota; c__Actinomycetes; o__Motilibacterales; f__Motilibacteraceae; g__Motilibacter_A	0.02	0.02	0.0	0.0	0.0	0.0	0.02	0.03	0.0	0.03	0.03	0.0	0.0	0.0	0.0	0.03	0.0	0.0	0.0	0.02	0.0	0.04	0.0	0.0	0.0	0.02	0.0	0.0	0.02	0.0	0.03	0.0	0.0	0.03	0.02	0.0	0.02	0.0	0.0	0.0	0.03	0.0	0.02	0.0	0.0	0.0	0.0	0.0	0.0	0.0	0.0	0.0	0.02	0.0	0.0	0.03	0.0	0.03	0.02	0.03	0.04	0.03	0.03	0.03	0.02	0.0	0.0	0.02	0.0	0.04	0.03	0.04
Root; d__Bacteria; p__Actinomycetota; c__Actinomycetes; o__Frankiales; f__Frankiaceae; g__JAVEDQ01	0.02	0.04	0.0	0.0	0.0	0.0	0.02	0.03	0.0	0.0	0.04	0.0	0.02	0.02	0.0	0.04	0.02	0.0	0.03	0.02	0.06	0.05	0.04	0.0	0.05	0.05	0.0	0.05	0.04	0.0	0.04	0.03	0.0	0.05	0.04	0.0	0.04	0.02	0.0	0.04	0.0	0.0	0.03	0.02	0.0	0.03	0.04	0.0	0.02	0.02	0.0	0.04	0.04	0.0	0.04	0.02	0.0	0.02	0.03	0.02	0.03	0.02	0.02	0.05	0.03	0.0	0.03	0.03	0.0	0.04	0.03	0.0
Root; d__Bacteria; p__Actinomycetota; c__Actinomycetes; o__JAHEKZ01; f__JAHEKZ01; g__JAHEKZ01	0.05	0.04	0.0	0.04	0.02	0.0	0.02	0.02	0.0	0.04	0.05	0.0	0.04	0.04	0.0	0.03	0.03	0.0	0.07	0.06	0.0	0.08	0.06	0.07	0.06	0.08	0.0	0.11	0.07	0.06	0.11	0.09	0.0	0.06	0.09	0.1	0.0	0.0	0.0	0.0	0.0	0.0	0.0	0.0	0.0	0.0	0.0	0.0	0.0	0.0	0.0	0.0	0.0	0.0	0.06	0.03	0.0	0.03	0.03	0.0	0.04	0.04	0.03	0.04	0.04	0.0	0.03	0.03	0.0	0.04	0.03	0.0
Root; d__Bacteria; p__Actinomycetota; c__Thermoleophilia; o__Solirubrobacterales; f__Solirubrobacteraceae; g__DASSUW01	0.6	0.54	0.56	0.53	0.54	0.65	0.54	0.54	0.67	0.63	0.8	0.73	0.77	0.75	1.15	0.67	0.7	0.72	0.76	0.68	0.7	0.7	0.62	0.71	0.63	0.59	0.71	0.75	0.69	0.59	0.77	0.68	0.7	0.75	0.7	0.73	0.65	0.53	0.56	0.66	0.6	0.68	0.6	0.65	0.61	0.52	0.59	0.44	0.48	0.59	0.47	0.65	0.57	0.49	0.47	0.61	0.46	0.46	0.57	0.49	0.54	0.57	0.57	0.51	0.53	0.49	0.57	0.55	0.56	0.57	0.49	0.61
Root; d__Bacteria; p__Actinomycetota; c__Thermoleophilia; o__Solirubrobacterales; f__Solirubrobacteraceae; g__DASXRF01	0.03	0.0	0.0	0.0	0.0	0.0	0.0	0.0	0.0	0.0	0.02	0.0	0.0	0.0	0.0	0.03	0.02	0.0	0.02	0.02	0.0	0.0	0.0	0.0	0.02	0.02	0.0	0.02	0.02	0.0	0.0	0.01	0.0	0.02	0.0	0.0	0.02	0.03	0.0	0.03	0.04	0.0	0.03	0.03	0.0	0.03	0.03	0.0	0.05	0.0	0.0	0.03	0.04	0.0	0.03	0.03	0.0	0.03	0.03	0.02	0.03	0.02	0.02	0.03	0.03	0.0	0.03	0.03	0.0	0.03	0.03	0.0
Root; d__Bacteria; p__Actinomycetota; c__Thermoleophilia; o__Solirubrobacterales; f__Solirubrobacteraceae; g__DATBDE01	0.21	0.16	0.07	0.16	0.14	0.16	0.14	0.19	0.15	0.21	0.29	0.25	0.29	0.3	0.17	0.28	0.25	0.31	0.23	0.21	0.23	0.19	0.17	0.12	0.2	0.21	0.19	0.24	0.23	0.21	0.21	0.26	0.21	0.21	0.15	0.26	0.33	0.29	0.23	0.29	0.3	0.28	0.26	0.36	0.3	0.29	0.31	0.19	0.26	0.31	0.24	0.31	0.32	0.21	0.33	0.27	0.26	0.32	0.31	0.32	0.31	0.35	0.33	0.32	0.27	0.19	0.32	0.31	0.33	0.34	0.32	0.28
Root; d__Bacteria; p__Actinomycetota; c__Thermoleophilia; o__Solirubrobacterales; f__Solirubrobacteraceae; g__Solirubrobacter	1.06	1.17	1.32	1.14	1.22	1.01	1.17	1.11	0.9	1.17	1.3	1.2	1.17	1.29	1.27	1.22	1.28	1.18	1.03	1.02	1.05	1.13	1.21	1.12	1.17	1.03	1.02	1.02	1.15	1.13	1.1	1.09	1.04	1.0	1.14	1.06	1.27	1.19	1.23	1.19	1.35	1.19	1.1	1.23	1.35	1.09	1.24	1.2	1.02	1.07	1.05	1.22	1.17	0.91	1.07	1.21	1.09	1.24	1.26	1.26	1.29	1.34	1.14	1.09	0.99	1.03	1.14	1.11	1.22	1.31	1.22	1.03
Root; d__Bacteria; p__Actinomycetota; c__Thermoleophilia; o__Solirubrobacterales; f__Solirubrobacteraceae; g__DATAEY01	0.07	0.09	0.12	0.08	0.09	0.09	0.14	0.09	0.0	0.12	0.08	0.11	0.09	0.15	0.12	0.1	0.08	0.05	0.13	0.15	0.12	0.13	0.12	0.06	0.2	0.12	0.13	0.08	0.11	0.11	0.1	0.1	0.08	0.13	0.11	0.1	0.06	0.06	0.04	0.08	0.09	0.05	0.06	0.06	0.0	0.06	0.06	0.0	0.05	0.04	0.06	0.07	0.05	0.05	0.05	0.06	0.07	0.07	0.05	0.07	0.06	0.06	0.07	0.05	0.04	0.0	0.05	0.06	0.05	0.06	0.07	0.06
Root; d__Bacteria; p__Actinomycetota; c__Thermoleophilia; o__Solirubrobacterales; f__Solirubrobacteraceae; g__BP-464	0.09	0.16	0.08	0.14	0.12	0.0	0.13	0.14	0.06	0.12	0.13	0.14	0.18	0.18	0.16	0.19	0.12	0.17	0.19	0.21	0.18	0.18	0.21	0.1	0.17	0.19	0.19	0.17	0.14	0.12	0.2	0.16	0.23	0.15	0.15	0.1	0.18	0.17	0.09	0.16	0.15	0.1	0.18	0.14	0.09	0.19	0.16	0.12	0.15	0.13	0.08	0.17	0.13	0.1	0.17	0.17	0.11	0.18	0.21	0.15	0.2	0.19	0.12	0.17	0.12	0.16	0.13	0.13	0.14	0.14	0.17	0.13
Root; d__Bacteria; p__Actinomycetota; c__Thermoleophilia; o__Solirubrobacterales; f__Solirubrobacteraceae; g__DASQMT01	0.38	0.34	0.32	0.38	0.42	0.38	0.42	0.4	0.37	0.49	0.5	0.49	0.57	0.46	0.43	0.45	0.46	0.36	0.54	0.46	0.4	0.49	0.52	0.51	0.48	0.49	0.4	0.52	0.46	0.57	0.5	0.5	0.42	0.48	0.52	0.36	0.35	0.38	0.28	0.44	0.37	0.24	0.3	0.29	0.35	0.3	0.29	0.18	0.38	0.3	0.24	0.33	0.39	0.37	0.41	0.32	0.31	0.32	0.39	0.39	0.37	0.35	0.36	0.38	0.3	0.23	0.34	0.36	0.25	0.28	0.36	0.33
Root; d__Bacteria; p__Actinomycetota; c__Thermoleophilia; o__Solirubrobacterales; f__Solirubrobacteraceae; g__DATFQI01	0.53	0.46	0.44	0.5	0.5	0.53	0.49	0.44	0.43	0.61	0.57	0.52	0.69	0.62	0.61	0.54	0.58	0.51	0.6	0.62	0.59	0.61	0.63	0.57	0.61	0.64	0.5	0.69	0.69	0.58	0.63	0.59	0.68	0.77	0.57	0.66	0.43	0.35	0.39	0.39	0.38	0.39	0.39	0.48	0.52	0.37	0.41	0.3	0.33	0.47	0.33	0.37	0.36	0.36	0.48	0.43	0.38	0.49	0.45	0.48	0.49	0.43	0.48	0.42	0.38	0.52	0.36	0.42	0.39	0.47	0.5	0.48
Root; d__Bacteria; p__Actinomycetota; c__Thermoleophilia; o__Solirubrobacterales; f__Solirubrobacteraceae; g__Palsa-744	0.17	0.17	0.13	0.19	0.13	0.19	0.16	0.21	0.11	0.27	0.26	0.23	0.3	0.33	0.32	0.24	0.25	0.25	0.19	0.2	0.28	0.26	0.24	0.21	0.21	0.23	0.16	0.22	0.23	0.16	0.21	0.22	0.24	0.2	0.24	0.2	0.31	0.28	0.33	0.27	0.31	0.3	0.31	0.29	0.38	0.35	0.27	0.22	0.24	0.29	0.21	0.22	0.25	0.33	0.28	0.3	0.29	0.3	0.3	0.27	0.31	0.32	0.25	0.31	0.25	0.2	0.27	0.3	0.27	0.31	0.31	0.3
Root; d__Bacteria; p__Actinomycetota; c__Thermoleophilia; o__Solirubrobacterales; f__Solirubrobacteraceae; g__JAGIBJ01	0.08	0.08	0.07	0.09	0.12	0.08	0.09	0.09	0.09	0.06	0.04	0.0	0.06	0.05	0.07	0.04	0.04	0.0	0.02	0.0	0.0	0.0	0.0	0.0	0.0	0.0	0.0	0.0	0.0	0.0	0.0	0.0	0.0	0.0	0.0	0.0	0.0	0.0	0.0	0.0	0.0	0.0	0.0	0.0	0.0	0.0	0.0	0.0	0.0	0.0	0.0	0.0	0.0	0.0	0.0	0.0	0.0	0.0	0.0	0.0	0.01	0.01	0.0	0.0	0.0	0.0	0.0	0.0	0.0	0.0	0.0	0.0
Root; d__Bacteria; p__Actinomycetota; c__Thermoleophilia; o__Solirubrobacterales; f__Solirubrobacteraceae; g__AC-38	0.02	0.05	0.05	0.02	0.02	0.0	0.05	0.06	0.0	0.06	0.06	0.05	0.06	0.1	0.07	0.07	0.09	0.07	0.05	0.04	0.0	0.04	0.05	0.0	0.09	0.04	0.0	0.05	0.05	0.0	0.07	0.04	0.0	0.06	0.05	0.0	0.08	0.12	0.04	0.07	0.07	0.0	0.07	0.08	0.08	0.08	0.11	0.0	0.06	0.04	0.05	0.09	0.05	0.07	0.08	0.06	0.12	0.1	0.09	0.12	0.1	0.11	0.09	0.08	0.06	0.07	0.12	0.08	0.03	0.08	0.11	0.05
Root; d__Bacteria; p__Actinomycetota; c__Thermoleophilia; o__Solirubrobacterales; f__Solirubrobacteraceae; g__Paraconexibacter	0.11	0.09	0.08	0.13	0.09	0.11	0.07	0.11	0.07	0.08	0.1	0.0	0.11	0.1	0.09	0.1	0.13	0.13	0.15	0.12	0.11	0.11	0.08	0.18	0.15	0.16	0.15	0.12	0.08	0.11	0.09	0.12	0.16	0.09	0.14	0.09	0.13	0.11	0.15	0.13	0.14	0.14	0.1	0.12	0.1	0.17	0.11	0.08	0.12	0.13	0.07	0.15	0.12	0.12	0.14	0.09	0.09	0.13	0.13	0.13	0.14	0.11	0.15	0.08	0.14	0.1	0.13	0.16	0.11	0.11	0.13	0.08
Root; d__Bacteria; p__Actinomycetota; c__Thermoleophilia; o__Solirubrobacterales; f__Solirubrobacteraceae; g__JAOPZW01	0.67	0.64	0.53	0.65	0.48	0.73	0.55	0.61	0.53	0.92	0.95	0.87	0.97	0.85	0.77	0.89	0.79	0.86	0.99	0.97	0.69	0.81	0.9	0.95	0.8	0.77	0.79	0.81	0.8	1.04	0.76	0.78	0.75	0.85	0.81	0.7	1.09	1.03	0.92	1.1	1.07	0.9	1.04	1.11	1.09	1.02	0.99	1.01	0.98	0.99	1.25	1.06	1.07	0.86	1.1	0.94	0.94	1.03	0.95	1.03	1.1	1.09	1.02	0.81	0.87	0.8	1.02	1.0	0.92	1.03	1.06	0.79
Root; d__Bacteria; p__Actinomycetota; c__Thermoleophilia; o__Solirubrobacterales; f__Solirubrobacteraceae; g__Capillimicrobium	0.13	0.13	0.1	0.12	0.18	0.08	0.14	0.14	0.11	0.15	0.16	0.1	0.22	0.15	0.09	0.18	0.15	0.12	0.17	0.17	0.1	0.13	0.15	0.15	0.14	0.13	0.12	0.13	0.14	0.07	0.11	0.15	0.13	0.15	0.15	0.07	0.16	0.18	0.12	0.14	0.13	0.12	0.19	0.22	0.12	0.14	0.15	0.15	0.17	0.2	0.12	0.18	0.13	0.13	0.19	0.16	0.07	0.16	0.19	0.17	0.18	0.2	0.17	0.19	0.13	0.14	0.16	0.14	0.23	0.19	0.18	0.14
Root; d__Bacteria; p__Actinomycetota; c__Thermoleophilia; o__Solirubrobacterales; f__Solirubrobacteraceae; g__CAVVSD01	0.12	0.11	0.0	0.12	0.16	0.12	0.11	0.15	0.12	0.11	0.15	0.09	0.14	0.1	0.07	0.16	0.16	0.14	0.19	0.14	0.12	0.18	0.16	0.17	0.18	0.14	0.17	0.12	0.21	0.18	0.19	0.13	0.07	0.15	0.13	0.11	0.18	0.17	0.13	0.19	0.16	0.1	0.2	0.2	0.15	0.13	0.15	0.19	0.19	0.14	0.11	0.2	0.16	0.15	0.16	0.19	0.15	0.16	0.16	0.19	0.2	0.2	0.15	0.17	0.19	0.1	0.14	0.14	0.15	0.18	0.12	0.15
Root; d__Bacteria; p__Actinomycetota; c__Thermoleophilia; o__Solirubrobacterales; f__Solirubrobacteraceae; g__DATLGB01	0.19	0.16	0.09	0.17	0.15	0.24	0.15	0.15	0.15	0.24	0.21	0.24	0.19	0.2	0.2	0.24	0.21	0.15	0.3	0.3	0.24	0.25	0.29	0.27	0.34	0.29	0.25	0.25	0.29	0.23	0.23	0.29	0.31	0.3	0.29	0.31	0.22	0.25	0.16	0.21	0.28	0.24	0.27	0.29	0.28	0.17	0.21	0.23	0.25	0.2	0.17	0.3	0.23	0.15	0.3	0.31	0.19	0.29	0.26	0.3	0.27	0.33	0.29	0.31	0.23	0.18	0.26	0.3	0.29	0.3	0.3	0.34
Root; d__Bacteria; p__Actinomycetota; c__Thermoleophilia; o__Solirubrobacterales; f__Solirubrobacteraceae; g__Baekduia	0.32	0.37	0.33	0.39	0.43	0.22	0.3	0.37	0.31	0.34	0.29	0.35	0.33	0.35	0.4	0.35	0.32	0.46	0.44	0.41	0.51	0.36	0.35	0.46	0.38	0.38	0.33	0.45	0.46	0.39	0.47	0.43	0.43	0.41	0.41	0.53	0.43	0.42	0.34	0.43	0.45	0.42	0.41	0.42	0.39	0.42	0.35	0.38	0.37	0.42	0.42	0.36	0.39	0.41	0.35	0.34	0.34	0.37	0.34	0.39	0.32	0.34	0.31	0.37	0.36	0.27	0.3	0.24	0.31	0.34	0.31	0.28
Root; d__Bacteria; p__Actinomycetota; c__Thermoleophilia; o__Solirubrobacterales; f__Solirubrobacteraceae; g__DASQFQ01	0.43	0.55	0.44	0.57	0.51	0.59	0.54	0.52	0.51	0.61	0.7	0.65	0.7	0.72	0.69	0.5	0.64	0.57	0.84	0.84	0.72	0.79	0.91	0.85	0.78	0.82	0.82	0.92	0.78	0.78	0.88	0.77	0.83	0.79	0.76	0.88	0.48	0.41	0.45	0.42	0.41	0.47	0.46	0.44	0.46	0.41	0.44	0.46	0.39	0.37	0.38	0.4	0.49	0.57	0.53	0.56	0.62	0.58	0.59	0.6	0.6	0.59	0.63	0.45	0.53	0.61	0.49	0.54	0.48	0.5	0.52	0.56
Root; d__Bacteria; p__Actinomycetota; c__Thermoleophilia; o__Solirubrobacterales; f__Solirubrobacteraceae; g__CADCVQ01	0.1	0.09	0.16	0.11	0.12	0.22	0.07	0.12	0.1	0.16	0.15	0.18	0.13	0.12	0.21	0.22	0.21	0.13	0.15	0.09	0.14	0.22	0.18	0.18	0.19	0.1	0.23	0.14	0.18	0.16	0.17	0.1	0.22	0.2	0.23	0.14	0.27	0.26	0.19	0.24	0.25	0.2	0.21	0.22	0.17	0.24	0.21	0.3	0.25	0.3	0.28	0.23	0.31	0.29	0.28	0.26	0.35	0.2	0.19	0.19	0.24	0.22	0.23	0.27	0.36	0.27	0.34	0.26	0.29	0.23	0.26	0.16
Root; d__Bacteria; p__Actinomycetota; c__Thermoleophilia; o__Solirubrobacterales; f__Solirubrobacteraceae; g__Palsa-513	0.03	0.03	0.0	0.03	0.05	0.0	0.02	0.05	0.0	0.05	0.02	0.0	0.04	0.0	0.0	0.05	0.05	0.0	0.03	0.02	0.0	0.06	0.03	0.0	0.02	0.04	0.0	0.05	0.04	0.0	0.02	0.05	0.0	0.03	0.02	0.05	0.05	0.04	0.06	0.04	0.04	0.0	0.04	0.06	0.0	0.06	0.05	0.06	0.06	0.05	0.0	0.03	0.05	0.0	0.04	0.04	0.0	0.05	0.05	0.04	0.06	0.04	0.05	0.05	0.06	0.0	0.07	0.03	0.04	0.04	0.05	0.0
Root; d__Bacteria; p__Actinomycetota; c__Thermoleophilia; o__Solirubrobacterales; f__Solirubrobacteraceae; g__F1-60-MAGs163	0.05	0.08	0.08	0.07	0.07	0.07	0.04	0.05	0.08	0.11	0.07	0.05	0.07	0.12	0.08	0.09	0.09	0.0	0.07	0.07	0.07	0.09	0.1	0.08	0.08	0.1	0.06	0.05	0.07	0.07	0.09	0.1	0.05	0.05	0.09	0.06	0.11	0.1	0.07	0.1	0.1	0.12	0.08	0.13	0.09	0.12	0.1	0.08	0.09	0.08	0.08	0.1	0.06	0.09	0.1	0.09	0.08	0.08	0.11	0.11	0.1	0.11	0.07	0.08	0.12	0.07	0.11	0.12	0.07	0.1	0.09	0.1
Root; d__Bacteria; p__Actinomycetota; c__Thermoleophilia; o__Solirubrobacterales; f__Solirubrobacteraceae; g__JBBQAA01	0.02	0.03	0.0	0.02	0.02	0.0	0.03	0.0	0.0	0.0	0.03	0.0	0.03	0.04	0.0	0.04	0.02	0.0	0.04	0.05	0.0	0.05	0.05	0.0	0.02	0.05	0.06	0.04	0.05	0.0	0.04	0.05	0.0	0.04	0.07	0.0	0.02	0.02	0.0	0.02	0.02	0.0	0.03	0.03	0.0	0.02	0.02	0.0	0.03	0.03	0.0	0.02	0.04	0.05	0.02	0.02	0.0	0.02	0.02	0.02	0.02	0.03	0.02	0.03	0.03	0.0	0.0	0.04	0.0	0.04	0.03	0.0
Root; d__Bacteria; p__Actinomycetota; c__Thermoleophilia; o__Solirubrobacterales; f__Solirubrobacteraceae; g__Palsa-465	0.23	0.2	0.16	0.27	0.2	0.25	0.2	0.15	0.16	0.25	0.3	0.3	0.3	0.32	0.33	0.27	0.25	0.29	0.25	0.31	0.3	0.32	0.33	0.43	0.28	0.28	0.32	0.31	0.26	0.31	0.31	0.32	0.33	0.31	0.31	0.29	0.33	0.41	0.26	0.3	0.32	0.23	0.3	0.38	0.45	0.35	0.3	0.39	0.25	0.3	0.23	0.33	0.3	0.3	0.37	0.37	0.37	0.37	0.37	0.34	0.35	0.39	0.39	0.26	0.39	0.31	0.38	0.42	0.39	0.4	0.38	0.35
Root; d__Bacteria; p__Actinomycetota; c__Thermoleophilia; o__Solirubrobacterales; f__Solirubrobacteraceae; g__Conexibacter	0.08	0.1	0.07	0.09	0.12	0.1	0.08	0.08	0.05	0.12	0.08	0.07	0.09	0.12	0.08	0.15	0.12	0.19	0.07	0.07	0.12	0.07	0.09	0.06	0.08	0.11	0.09	0.09	0.11	0.08	0.1	0.1	0.08	0.1	0.07	0.1	0.18	0.17	0.11	0.12	0.14	0.09	0.14	0.16	0.19	0.15	0.12	0.13	0.15	0.18	0.11	0.13	0.15	0.11	0.14	0.13	0.11	0.14	0.13	0.11	0.13	0.1	0.15	0.13	0.12	0.16	0.09	0.16	0.07	0.16	0.1	0.12
Root; d__Bacteria; p__Actinomycetota; c__Thermoleophilia; o__Solirubrobacterales; f__Solirubrobacteraceae; g__JACCYI01	0.03	0.05	0.0	0.02	0.03	0.0	0.07	0.04	0.0	0.04	0.05	0.0	0.04	0.04	0.0	0.04	0.06	0.0	0.06	0.08	0.0	0.1	0.06	0.0	0.07	0.06	0.06	0.07	0.06	0.0	0.07	0.06	0.0	0.05	0.08	0.07	0.04	0.04	0.06	0.04	0.04	0.04	0.04	0.05	0.0	0.06	0.08	0.0	0.06	0.04	0.05	0.06	0.04	0.06	0.05	0.07	0.0	0.07	0.07	0.06	0.06	0.06	0.05	0.06	0.03	0.0	0.05	0.08	0.05	0.07	0.08	0.05
Root; d__Bacteria; p__Actinomycetota; c__Thermoleophilia; o__Solirubrobacterales; f__Solirubrobacteraceae; g__Svornostia	0.02	0.0	0.0	0.0	0.0	0.0	0.02	0.02	0.0	0.0	0.02	0.0	0.02	0.0	0.0	0.02	0.0	0.0	0.02	0.0	0.0	0.0	0.0	0.0	0.03	0.0	0.0	0.0	0.03	0.0	0.02	0.0	0.0	0.02	0.0	0.0	0.02	0.0	0.0	0.02	0.01	0.0	0.03	0.0	0.0	0.03	0.03	0.0	0.02	0.02	0.0	0.04	0.03	0.0	0.03	0.02	0.0	0.04	0.03	0.02	0.01	0.02	0.03	0.03	0.01	0.04	0.0	0.03	0.04	0.04	0.0	0.0
Root; d__Bacteria; p__Actinomycetota; c__Thermoleophilia; o__Solirubrobacterales; f__Solirubrobacteraceae; g__CADCVT01	0.09	0.09	0.06	0.13	0.1	0.16	0.13	0.1	0.12	0.14	0.1	0.14	0.13	0.16	0.19	0.14	0.1	0.07	0.07	0.11	0.04	0.11	0.11	0.06	0.12	0.08	0.11	0.12	0.13	0.06	0.07	0.11	0.08	0.11	0.12	0.12	0.12	0.12	0.14	0.14	0.17	0.14	0.14	0.18	0.2	0.14	0.13	0.13	0.12	0.14	0.1	0.11	0.16	0.09	0.17	0.17	0.11	0.14	0.16	0.21	0.16	0.16	0.13	0.13	0.15	0.15	0.16	0.1	0.14	0.15	0.14	0.09
Root; d__Bacteria; p__Actinomycetota; c__Thermoleophilia; o__Solirubrobacterales; f__Solirubrobacteraceae; g__CAVQBC01	0.06	0.05	0.0	0.06	0.05	0.0	0.05	0.02	0.04	0.07	0.06	0.06	0.06	0.05	0.0	0.02	0.03	0.06	0.03	0.05	0.0	0.06	0.05	0.05	0.03	0.08	0.04	0.08	0.05	0.0	0.03	0.06	0.0	0.06	0.05	0.0	0.02	0.05	0.0	0.05	0.02	0.07	0.02	0.04	0.0	0.03	0.0	0.0	0.02	0.02	0.0	0.02	0.05	0.0	0.03	0.06	0.0	0.06	0.06	0.0	0.02	0.05	0.02	0.02	0.0	0.0	0.0	0.03	0.0	0.06	0.02	0.0
Root; d__Bacteria; p__Actinomycetota; c__Thermoleophilia; o__Solirubrobacterales; f__Solirubrobacteraceae; g__SPIREOTU_00549234	0.02	0.0	0.0	0.0	0.03	0.0	0.0	0.0	0.0	0.0	0.02	0.0	0.03	0.0	0.0	0.03	0.03	0.0	0.02	0.04	0.0	0.04	0.03	0.0	0.03	0.02	0.0	0.02	0.03	0.0	0.02	0.02	0.0	0.02	0.05	0.0	0.04	0.03	0.0	0.03	0.0	0.0	0.04	0.0	0.0	0.0	0.02	0.0	0.04	0.03	0.0	0.0	0.02	0.0	0.0	0.03	0.0	0.02	0.02	0.0	0.03	0.02	0.0	0.03	0.03	0.0	0.02	0.03	0.0	0.01	0.04	0.0
Root; d__Bacteria; p__Actinomycetota; c__Thermoleophilia; o__Solirubrobacterales; f__Solirubrobacteraceae; g__AC-49	0.05	0.07	0.0	0.07	0.04	0.0	0.07	0.05	0.04	0.11	0.09	0.12	0.09	0.05	0.0	0.09	0.1	0.11	0.05	0.07	0.06	0.08	0.07	0.0	0.09	0.08	0.06	0.08	0.09	0.08	0.09	0.06	0.09	0.07	0.06	0.05	0.19	0.21	0.23	0.2	0.2	0.26	0.19	0.21	0.14	0.21	0.2	0.12	0.17	0.16	0.19	0.17	0.17	0.08	0.19	0.16	0.18	0.2	0.16	0.21	0.21	0.18	0.17	0.19	0.16	0.21	0.21	0.17	0.15	0.16	0.17	0.19
Root; d__Bacteria; p__Actinomycetota; c__Thermoleophilia; o__Solirubrobacterales; f__Solirubrobacteraceae; g__SMAGOTU_16506	0.02	0.03	0.0	0.0	0.0	0.0	0.03	0.0	0.0	0.04	0.02	0.0	0.05	0.04	0.0	0.03	0.05	0.0	0.02	0.03	0.0	0.02	0.0	0.0	0.02	0.02	0.0	0.0	0.0	0.0	0.02	0.02	0.0	0.0	0.02	0.0	0.03	0.02	0.0	0.03	0.03	0.0	0.03	0.06	0.0	0.02	0.02	0.0	0.02	0.04	0.0	0.03	0.03	0.0	0.04	0.04	0.0	0.03	0.04	0.02	0.04	0.04	0.03	0.03	0.02	0.0	0.04	0.03	0.0	0.03	0.03	0.0
Root; d__Bacteria; p__Actinomycetota; c__Thermoleophilia; o__Solirubrobacterales; f__Solirubrobacteraceae; g__DATBDM01	0.04	0.04	0.0	0.07	0.05	0.0	0.05	0.03	0.0	0.08	0.08	0.08	0.04	0.04	0.0	0.09	0.09	0.12	0.04	0.08	0.07	0.07	0.07	0.0	0.08	0.07	0.06	0.1	0.07	0.0	0.1	0.08	0.0	0.08	0.1	0.0	0.18	0.24	0.2	0.21	0.22	0.22	0.2	0.16	0.13	0.2	0.22	0.19	0.16	0.22	0.16	0.2	0.2	0.11	0.16	0.14	0.1	0.13	0.14	0.14	0.14	0.14	0.16	0.14	0.12	0.12	0.12	0.12	0.11	0.14	0.13	0.08
Root; d__Bacteria; p__Actinomycetota; c__Thermoleophilia; o__Solirubrobacterales; f__Thermoleophilaceae; g__DATBDN01	0.39	0.3	0.38	0.37	0.31	0.39	0.32	0.37	0.34	0.48	0.44	0.41	0.54	0.44	0.51	0.41	0.43	0.23	0.5	0.49	0.44	0.53	0.54	0.39	0.53	0.51	0.53	0.48	0.49	0.47	0.52	0.51	0.44	0.57	0.5	0.66	0.3	0.31	0.3	0.31	0.31	0.29	0.31	0.32	0.27	0.21	0.23	0.25	0.27	0.27	0.24	0.28	0.26	0.23	0.45	0.38	0.3	0.47	0.4	0.42	0.44	0.45	0.45	0.3	0.41	0.35	0.36	0.45	0.38	0.43	0.41	0.24
Root; d__Bacteria; p__Actinomycetota; c__Thermoleophilia; o__Solirubrobacterales; f__Thermoleophilaceae; g__JACVRW01	0.96	0.81	0.79	0.91	0.85	0.85	0.84	0.94	0.73	1.22	1.36	1.12	1.23	1.36	1.37	1.01	0.95	0.94	1.07	1.12	1.09	1.04	1.1	0.92	1.06	1.03	1.14	0.98	0.95	0.98	1.03	1.09	0.94	1.02	0.98	0.94	0.8	0.85	0.82	0.79	0.76	0.89	0.83	0.73	1.03	0.87	0.86	0.68	0.73	0.73	0.78	0.85	0.89	0.9	0.68	0.71	0.67	0.81	0.74	0.76	0.74	0.78	0.74	0.67	0.76	0.55	0.74	0.76	0.8	0.71	0.7	0.83
Root; d__Bacteria; p__Actinomycetota; c__Thermoleophilia; o__Solirubrobacterales; f__Thermoleophilaceae; g__JAICJR01	0.09	0.11	0.08	0.12	0.08	0.06	0.12	0.13	0.06	0.12	0.16	0.14	0.15	0.14	0.0	0.3	0.34	0.24	0.11	0.11	0.16	0.14	0.1	0.0	0.11	0.13	0.14	0.15	0.12	0.06	0.11	0.14	0.15	0.15	0.13	0.11	0.55	0.64	0.56	0.6	0.62	0.52	0.64	0.65	0.55	0.61	0.58	0.6	0.55	0.62	0.63	0.51	0.52	0.43	0.54	0.57	0.57	0.53	0.54	0.57	0.52	0.56	0.52	0.43	0.49	0.58	0.55	0.49	0.53	0.5	0.48	0.62
Root; d__Bacteria; p__Actinomycetota; c__Thermoleophilia; o__Solirubrobacterales; f__Thermoleophilaceae; g__JACCUC01	0.02	0.0	0.0	0.02	0.0	0.0	0.02	0.0	0.0	0.02	0.02	0.0	0.03	0.04	0.0	0.02	0.0	0.0	0.03	0.03	0.0	0.05	0.02	0.0	0.02	0.03	0.0	0.03	0.02	0.0	0.02	0.05	0.0	0.04	0.02	0.0	0.0	0.0	0.0	0.03	0.0	0.0	0.02	0.03	0.0	0.0	0.0	0.0	0.0	0.02	0.0	0.02	0.02	0.0	0.0	0.02	0.0	0.03	0.03	0.0	0.02	0.02	0.0	0.02	0.03	0.0	0.02	0.02	0.0	0.03	0.02	0.0
Root; d__Bacteria; p__Actinomycetota; c__Thermoleophilia; o__Solirubrobacterales; f__Thermoleophilaceae; g__DASPHG01	0.19	0.14	0.15	0.19	0.23	0.15	0.22	0.2	0.16	0.29	0.25	0.22	0.23	0.27	0.22	0.15	0.19	0.14	0.31	0.33	0.25	0.3	0.34	0.27	0.27	0.31	0.3	0.32	0.27	0.27	0.27	0.28	0.33	0.3	0.33	0.29	0.12	0.12	0.07	0.11	0.12	0.08	0.12	0.11	0.09	0.12	0.08	0.0	0.11	0.09	0.06	0.1	0.09	0.08	0.07	0.07	0.13	0.1	0.08	0.06	0.08	0.08	0.08	0.08	0.08	0.0	0.07	0.07	0.1	0.1	0.09	0.06
Root; d__Bacteria; p__Actinomycetota; c__Thermoleophilia; o__Solirubrobacterales; f__Thermoleophilaceae; g__JACCZR01	0.08	0.11	0.07	0.08	0.1	0.0	0.09	0.12	0.07	0.11	0.09	0.1	0.09	0.05	0.07	0.03	0.05	0.0	0.19	0.19	0.16	0.2	0.18	0.22	0.18	0.22	0.14	0.18	0.18	0.11	0.19	0.18	0.13	0.17	0.2	0.15	0.03	0.03	0.0	0.05	0.0	0.0	0.03	0.02	0.0	0.04	0.02	0.0	0.04	0.03	0.0	0.02	0.0	0.0	0.05	0.05	0.0	0.04	0.03	0.02	0.05	0.05	0.03	0.04	0.05	0.0	0.04	0.07	0.04	0.04	0.02	0.0
Root; d__Bacteria; p__Actinomycetota; c__Thermoleophilia; o__Solirubrobacterales; f__Thermoleophilaceae; g__DASXBA01	0.09	0.05	0.07	0.05	0.04	0.06	0.07	0.07	0.07	0.2	0.22	0.17	0.21	0.18	0.19	0.13	0.15	0.05	0.2	0.21	0.13	0.18	0.17	0.08	0.2	0.18	0.11	0.18	0.19	0.26	0.14	0.15	0.15	0.15	0.16	0.16	0.06	0.06	0.0	0.04	0.04	0.0	0.05	0.05	0.0	0.06	0.06	0.07	0.06	0.06	0.0	0.05	0.06	0.0	0.07	0.08	0.1	0.08	0.08	0.07	0.09	0.1	0.07	0.06	0.06	0.04	0.08	0.09	0.08	0.09	0.07	0.05
Root; d__Bacteria; p__Actinomycetota; c__Thermoleophilia; o__Solirubrobacterales; f__Thermoleophilaceae; g__JAICJV01	0.05	0.06	0.0	0.05	0.04	0.0	0.05	0.05	0.0	0.12	0.08	0.1	0.11	0.07	0.06	0.14	0.1	0.14	0.1	0.07	0.07	0.09	0.08	0.05	0.09	0.13	0.11	0.08	0.09	0.0	0.06	0.07	0.06	0.06	0.07	0.08	0.24	0.21	0.18	0.2	0.21	0.16	0.26	0.23	0.22	0.22	0.18	0.19	0.2	0.24	0.09	0.15	0.21	0.15	0.2	0.15	0.08	0.19	0.19	0.22	0.2	0.17	0.22	0.15	0.13	0.13	0.15	0.14	0.11	0.12	0.18	0.12
Root; d__Bacteria; p__Actinomycetota; c__Thermoleophilia; o__Solirubrobacterales; f__Thermoleophilaceae; g__CAVRTK01	0.09	0.08	0.06	0.08	0.1	0.09	0.09	0.07	0.06	0.13	0.09	0.06	0.07	0.09	0.09	0.12	0.11	0.1	0.12	0.13	0.12	0.13	0.16	0.18	0.17	0.16	0.14	0.12	0.14	0.11	0.14	0.13	0.14	0.12	0.12	0.17	0.18	0.18	0.18	0.15	0.16	0.12	0.11	0.15	0.11	0.13	0.12	0.08	0.16	0.14	0.08	0.12	0.15	0.09	0.11	0.09	0.2	0.14	0.13	0.14	0.14	0.12	0.15	0.09	0.14	0.09	0.13	0.12	0.12	0.11	0.13	0.08
Root; d__Bacteria; p__Actinomycetota; c__Thermoleophilia; o__Solirubrobacterales; f__Thermoleophilaceae; g__JAAYBF01	0.16	0.2	0.13	0.21	0.17	0.2	0.16	0.15	0.11	0.29	0.3	0.06	0.18	0.25	0.34	0.24	0.21	0.18	0.23	0.22	0.23	0.21	0.17	0.21	0.19	0.24	0.14	0.2	0.23	0.26	0.21	0.18	0.18	0.18	0.21	0.21	0.2	0.23	0.16	0.21	0.18	0.16	0.19	0.15	0.09	0.22	0.21	0.1	0.2	0.17	0.31	0.17	0.22	0.18	0.24	0.22	0.24	0.19	0.22	0.15	0.19	0.19	0.23	0.25	0.19	0.23	0.18	0.22	0.23	0.2	0.21	0.17
Root; d__Bacteria; p__Actinomycetota; c__Thermoleophilia; o__Solirubrobacterales; f__Thermoleophilaceae; g__AC-37	0.15	0.13	0.06	0.17	0.17	0.05	0.12	0.12	0.17	0.28	0.23	0.28	0.28	0.4	0.2	0.31	0.27	0.27	0.24	0.25	0.22	0.26	0.24	0.25	0.26	0.25	0.29	0.25	0.25	0.24	0.25	0.24	0.15	0.25	0.27	0.25	0.31	0.37	0.42	0.36	0.35	0.32	0.43	0.33	0.29	0.35	0.3	0.38	0.33	0.33	0.31	0.41	0.39	0.36	0.34	0.34	0.39	0.38	0.37	0.37	0.38	0.36	0.37	0.37	0.32	0.37	0.37	0.33	0.22	0.39	0.43	0.39
Root; d__Bacteria; p__Actinomycetota; c__Thermoleophilia; o__Solirubrobacterales; f__Thermoleophilaceae; g__DATACN01	0.04	0.02	0.0	0.02	0.02	0.0	0.03	0.02	0.0	0.07	0.06	0.09	0.02	0.04	0.0	0.03	0.01	0.04	0.06	0.07	0.04	0.06	0.06	0.1	0.05	0.06	0.08	0.04	0.06	0.08	0.05	0.05	0.0	0.04	0.04	0.05	0.0	0.02	0.0	0.0	0.0	0.0	0.02	0.0	0.0	0.0	0.0	0.0	0.03	0.0	0.0	0.03	0.02	0.0	0.02	0.0	0.0	0.01	0.01	0.0	0.03	0.02	0.0	0.0	0.0	0.0	0.0	0.02	0.0	0.0	0.0	0.0
Root; d__Bacteria; p__Actinomycetota; c__Thermoleophilia; o__Solirubrobacterales; f__70-9; g__DASUPK01	0.65	0.74	0.74	0.82	0.78	0.82	0.62	0.73	0.69	0.77	0.86	0.77	0.99	0.95	0.87	0.78	0.83	0.78	0.62	0.6	0.71	0.63	0.55	0.6	0.59	0.62	0.64	0.59	0.57	0.54	0.66	0.64	0.65	0.7	0.63	0.5	0.88	0.98	0.9	0.99	0.79	1.12	0.93	0.86	0.85	0.88	0.94	0.78	0.97	0.93	0.99	0.99	0.96	1.01	0.83	0.77	0.68	0.79	0.83	0.81	0.83	0.83	0.78	0.7	0.66	0.57	0.85	0.86	0.73	0.81	0.79	0.74
Root; d__Bacteria; p__Actinomycetota; c__Thermoleophilia; o__Solirubrobacterales; f__70-9; g__GCMETA_00121158	0.02	0.0	0.0	0.0	0.0	0.0	0.02	0.02	0.0	0.04	0.02	0.06	0.03	0.02	0.0	0.0	0.0	0.0	0.02	0.0	0.0	0.0	0.02	0.0	0.0	0.0	0.0	0.0	0.0	0.0	0.02	0.01	0.0	0.01	0.01	0.0	0.0	0.0	0.0	0.0	0.0	0.0	0.0	0.0	0.0	0.0	0.0	0.0	0.0	0.0	0.0	0.0	0.0	0.0	0.0	0.0	0.0	0.0	0.01	0.0	0.01	0.01	0.0	0.0	0.0	0.0	0.0	0.0	0.0	0.0	0.0	0.0
Root; d__Bacteria; p__Actinomycetota; c__Thermoleophilia; o__Solirubrobacterales; f__70-9; g__VAYN01	0.32	0.3	0.39	0.35	0.34	0.34	0.39	0.38	0.31	0.36	0.44	0.38	0.39	0.38	0.36	0.44	0.39	0.3	0.42	0.48	0.35	0.46	0.45	0.42	0.5	0.37	0.38	0.41	0.43	0.53	0.41	0.42	0.47	0.44	0.4	0.4	0.73	0.72	0.67	0.57	0.6	0.7	0.68	0.7	0.56	0.69	0.66	0.51	0.64	0.66	0.68	0.71	0.65	0.61	0.4	0.51	0.39	0.43	0.48	0.37	0.46	0.49	0.49	0.39	0.39	0.36	0.37	0.39	0.36	0.37	0.38	0.48
Root; d__Bacteria; p__Actinomycetota; c__Thermoleophilia; o__Solirubrobacterales; f__70-9; g__VRUE01	0.23	0.26	0.32	0.28	0.29	0.26	0.26	0.3	0.33	0.26	0.29	0.27	0.24	0.34	0.37	0.39	0.37	0.39	0.47	0.49	0.54	0.44	0.52	0.46	0.54	0.52	0.6	0.49	0.54	0.38	0.5	0.45	0.48	0.61	0.54	0.32	0.56	0.59	0.53	0.54	0.57	0.58	0.56	0.59	0.54	0.52	0.5	0.54	0.61	0.47	0.43	0.56	0.54	0.55	0.22	0.24	0.21	0.21	0.24	0.22	0.22	0.2	0.24	0.16	0.19	0.27	0.22	0.26	0.16	0.22	0.22	0.32
Root; d__Bacteria; p__Actinomycetota; c__Thermoleophilia; o__Solirubrobacterales; f__70-9; g__AC-56	0.52	0.53	0.42	0.5	0.53	0.49	0.53	0.49	0.54	0.84	0.78	0.93	0.77	0.75	0.91	0.56	0.5	0.63	0.62	0.5	0.49	0.64	0.59	0.62	0.59	0.56	0.6	0.6	0.54	0.61	0.55	0.56	0.47	0.54	0.56	0.56	0.52	0.46	0.4	0.49	0.49	0.49	0.49	0.55	0.4	0.44	0.53	0.43	0.49	0.43	0.44	0.5	0.48	0.42	0.56	0.74	0.65	0.75	0.7	0.59	0.67	0.66	0.71	0.57	0.54	0.53	0.68	0.72	0.7	0.7	0.63	0.6
Root; d__Bacteria; p__Actinomycetota; c__Thermoleophilia; o__Solirubrobacterales; f__70-9; g__WHSW01	0.23	0.25	0.24	0.25	0.2	0.14	0.2	0.21	0.15	0.27	0.23	0.23	0.31	0.26	0.21	0.21	0.17	0.24	0.33	0.31	0.35	0.34	0.37	0.37	0.32	0.26	0.42	0.28	0.29	0.3	0.33	0.3	0.3	0.28	0.29	0.35	0.21	0.24	0.23	0.26	0.25	0.28	0.22	0.2	0.22	0.27	0.23	0.21	0.17	0.26	0.19	0.23	0.21	0.18	0.21	0.24	0.2	0.26	0.2	0.15	0.21	0.21	0.25	0.19	0.21	0.12	0.24	0.16	0.13	0.2	0.22	0.16
Root; d__Bacteria; p__Actinomycetota; c__Thermoleophilia; o__Solirubrobacterales; f__70-9; g__JALZKA01	0.03	0.05	0.0	0.03	0.05	0.0	0.04	0.05	0.0	0.04	0.0	0.0	0.06	0.03	0.0	0.03	0.04	0.0	0.02	0.02	0.0	0.0	0.0	0.0	0.02	0.03	0.0	0.04	0.03	0.0	0.03	0.02	0.0	0.02	0.02	0.05	0.01	0.03	0.0	0.0	0.02	0.0	0.02	0.02	0.0	0.03	0.0	0.0	0.03	0.03	0.0	0.03	0.02	0.0	0.03	0.0	0.0	0.03	0.03	0.0	0.02	0.03	0.04	0.02	0.03	0.0	0.02	0.02	0.0	0.03	0.03	0.0
Root; d__Bacteria; p__Actinomycetota; c__Thermoleophilia; o__Solirubrobacterales; f__70-9; g__67-14	0.08	0.08	0.0	0.06	0.09	0.0	0.07	0.07	0.0	0.05	0.05	0.0	0.05	0.09	0.0	0.05	0.03	0.0	0.0	0.05	0.0	0.02	0.03	0.0	0.02	0.02	0.0	0.0	0.03	0.0	0.02	0.02	0.0	0.03	0.03	0.0	0.0	0.02	0.0	0.0	0.0	0.0	0.0	0.02	0.0	0.0	0.0	0.0	0.0	0.02	0.0	0.0	0.0	0.0	0.0	0.0	0.0	0.01	0.02	0.0	0.02	0.01	0.0	0.0	0.0	0.0	0.02	0.0	0.0	0.01	0.0	0.0
Root; d__Bacteria; p__Actinomycetota; c__Thermoleophilia; o__Solirubrobacterales; f__70-9; g__JAWVFM01	0.03	0.03	0.0	0.02	0.04	0.0	0.01	0.03	0.0	0.05	0.04	0.0	0.06	0.03	0.0	0.03	0.03	0.0	0.02	0.02	0.05	0.06	0.03	0.0	0.03	0.02	0.0	0.05	0.04	0.0	0.03	0.05	0.04	0.02	0.03	0.0	0.1	0.07	0.0	0.09	0.07	0.0	0.06	0.08	0.07	0.09	0.06	0.0	0.04	0.07	0.0	0.04	0.06	0.0	0.13	0.16	0.22	0.14	0.11	0.16	0.14	0.13	0.13	0.13	0.11	0.12	0.12	0.13	0.13	0.15	0.11	0.07
Root; d__Bacteria; p__Actinomycetota; c__Thermoleophilia; o__Solirubrobacterales; f__70-9; g__RHKX01	0.15	0.09	0.09	0.12	0.13	0.1	0.08	0.11	0.09	0.1	0.13	0.05	0.1	0.13	0.0	0.13	0.1	0.08	0.13	0.15	0.09	0.11	0.13	0.11	0.12	0.13	0.14	0.13	0.17	0.05	0.12	0.09	0.13	0.17	0.12	0.15	0.06	0.08	0.04	0.08	0.03	0.0	0.08	0.07	0.0	0.04	0.06	0.0	0.06	0.05	0.06	0.05	0.05	0.0	0.06	0.06	0.08	0.05	0.06	0.05	0.06	0.07	0.07	0.08	0.06	0.0	0.06	0.06	0.06	0.05	0.08	0.0
Root; d__Bacteria; p__Actinomycetota; c__Thermoleophilia; o__Solirubrobacterales; f__70-9; g__CAXMST01	0.03	0.04	0.0	0.04	0.06	0.0	0.02	0.04	0.0	0.03	0.03	0.0	0.02	0.04	0.0	0.02	0.02	0.0	0.03	0.02	0.0	0.03	0.04	0.0	0.02	0.05	0.0	0.03	0.02	0.0	0.02	0.03	0.0	0.03	0.02	0.0	0.0	0.0	0.0	0.0	0.0	0.0	0.0	0.0	0.0	0.0	0.0	0.0	0.0	0.0	0.0	0.0	0.0	0.0	0.0	0.0	0.0	0.01	0.01	0.0	0.01	0.01	0.0	0.01	0.0	0.0	0.0	0.01	0.0	0.02	0.0	0.0
Root; d__Bacteria; p__Actinomycetota; c__Thermoleophilia; o__Solirubrobacterales; f__70-9; g__JBDTSW01	0.03	0.0	0.0	0.02	0.0	0.0	0.02	0.02	0.0	0.02	0.03	0.0	0.05	0.04	0.0	0.02	0.03	0.0	0.03	0.04	0.0	0.02	0.03	0.0	0.02	0.04	0.0	0.02	0.05	0.0	0.02	0.03	0.0	0.04	0.03	0.0	0.02	0.02	0.0	0.03	0.03	0.0	0.0	0.0	0.0	0.04	0.03	0.0	0.0	0.0	0.0	0.02	0.0	0.0	0.04	0.02	0.0	0.02	0.02	0.0	0.02	0.03	0.02	0.0	0.04	0.0	0.03	0.02	0.0	0.03	0.01	0.0
Root; d__Bacteria; p__Actinomycetota; c__Thermoleophilia; o__Solirubrobacterales; f__70-9; g__Mayfieldus	0.06	0.02	0.0	0.04	0.05	0.0	0.04	0.05	0.0	0.05	0.07	0.04	0.07	0.05	0.07	0.04	0.04	0.0	0.04	0.06	0.05	0.05	0.04	0.0	0.03	0.04	0.0	0.06	0.04	0.07	0.03	0.02	0.0	0.04	0.03	0.0	0.02	0.02	0.0	0.04	0.02	0.0	0.03	0.02	0.0	0.02	0.0	0.0	0.03	0.03	0.0	0.02	0.04	0.0	0.0	0.03	0.0	0.02	0.03	0.02	0.03	0.03	0.0	0.02	0.0	0.0	0.03	0.02	0.0	0.02	0.03	0.0
Root; d__Bacteria; p__Actinomycetota; c__Thermoleophilia; o__Solirubrobacterales; f__JBBDJG01; g__JBBQKG01	0.05	0.05	0.09	0.04	0.06	0.0	0.05	0.06	0.0	0.07	0.08	0.0	0.08	0.07	0.0	0.05	0.07	0.0	0.0	0.04	0.0	0.02	0.03	0.0	0.0	0.02	0.0	0.02	0.02	0.0	0.02	0.04	0.0	0.02	0.02	0.0	0.04	0.06	0.0	0.05	0.03	0.0	0.05	0.04	0.0	0.03	0.03	0.0	0.04	0.05	0.0	0.05	0.04	0.05	0.04	0.07	0.0	0.06	0.05	0.03	0.05	0.06	0.05	0.05	0.06	0.0	0.06	0.05	0.0	0.05	0.07	0.04
Root; d__Bacteria; p__Actinomycetota; c__Thermoleophilia; o__Solirubrobacterales; f__JBBDJG01; g__DASRIA01	0.02	0.02	0.0	0.04	0.02	0.0	0.02	0.04	0.0	0.03	0.04	0.0	0.03	0.02	0.0	0.01	0.02	0.0	0.02	0.0	0.0	0.0	0.02	0.0	0.03	0.0	0.0	0.03	0.0	0.0	0.02	0.0	0.0	0.03	0.0	0.0	0.02	0.0	0.0	0.0	0.0	0.0	0.02	0.0	0.0	0.02	0.0	0.0	0.02	0.03	0.0	0.02	0.0	0.0	0.0	0.02	0.0	0.02	0.02	0.0	0.02	0.03	0.02	0.02	0.02	0.0	0.03	0.02	0.0	0.02	0.03	0.0
Root; d__Bacteria; p__Actinomycetota; c__Thermoleophilia; o__Solirubrobacterales; f__JACPNS01; g__JACPNS01	0.05	0.04	0.0	0.08	0.05	0.0	0.03	0.04	0.07	0.04	0.03	0.0	0.02	0.05	0.0	0.05	0.02	0.0	0.02	0.03	0.0	0.03	0.0	0.0	0.03	0.02	0.0	0.03	0.0	0.0	0.01	0.02	0.0	0.02	0.02	0.0	0.0	0.0	0.0	0.0	0.0	0.0	0.0	0.0	0.0	0.0	0.0	0.0	0.0	0.0	0.0	0.0	0.0	0.0	0.0	0.0	0.0	0.0	0.0	0.0	0.0	0.0	0.0	0.0	0.0	0.0	0.0	0.0	0.0	0.0	0.0	0.0
Root; d__Bacteria; p__Actinomycetota; c__Thermoleophilia; o__Gaiellales; f__Gaiellaceae; g__PALSA-600	0.56	0.51	0.43	0.54	0.49	0.47	0.49	0.54	0.35	0.66	0.6	0.6	0.66	0.68	0.58	0.72	0.77	0.71	1.0	1.05	1.06	0.98	0.95	0.76	1.04	1.01	1.04	0.93	1.0	0.84	0.91	0.97	1.02	0.96	1.05	0.87	1.35	1.44	1.36	1.44	1.43	1.52	1.46	1.4	1.06	1.31	1.38	1.22	1.35	1.42	1.13	1.2	1.36	1.17	1.5	1.5	1.29	1.46	1.46	1.35	1.39	1.41	1.4	1.24	1.23	1.06	1.31	1.3	1.38	1.37	1.33	1.2
Root; d__Bacteria; p__Actinomycetota; c__Thermoleophilia; o__Gaiellales; f__Gaiellaceae; g__JACDER01	0.09	0.08	0.13	0.04	0.09	0.0	0.09	0.09	0.1	0.12	0.09	0.08	0.11	0.12	0.07	0.09	0.07	0.0	0.2	0.21	0.25	0.23	0.25	0.17	0.2	0.18	0.14	0.24	0.24	0.17	0.28	0.17	0.19	0.22	0.22	0.09	0.0	0.0	0.0	0.0	0.0	0.0	0.0	0.0	0.0	0.0	0.0	0.0	0.0	0.0	0.0	0.0	0.0	0.0	0.04	0.0	0.0	0.01	0.02	0.0	0.02	0.02	0.02	0.0	0.02	0.0	0.02	0.03	0.0	0.02	0.04	0.0
Root; d__Bacteria; p__Actinomycetota; c__Thermoleophilia; o__Gaiellales; f__Gaiellaceae; g__Palsa-739	0.64	0.61	0.69	0.62	0.52	0.57	0.62	0.58	0.54	0.74	0.71	0.71	0.85	0.82	0.74	0.91	1.03	0.85	1.6	1.53	1.34	1.44	1.68	1.36	1.65	1.46	1.56	1.52	1.65	1.47	1.56	1.62	1.32	1.54	1.47	1.51	1.55	1.62	1.75	1.5	1.63	1.59	1.83	1.71	1.74	1.63	1.52	1.46	1.56	1.49	1.26	1.49	1.56	1.45	1.38	1.41	1.36	1.48	1.52	1.42	1.51	1.45	1.39	1.33	1.28	1.22	1.41	1.39	1.47	1.37	1.34	1.33
Root; d__Bacteria; p__Actinomycetota; c__Thermoleophilia; o__Gaiellales; f__Gaiellaceae; g__DATHTC01	0.12	0.11	0.15	0.09	0.07	0.08	0.09	0.12	0.09	0.16	0.2	0.11	0.14	0.18	0.13	0.07	0.14	0.08	0.22	0.21	0.26	0.28	0.23	0.27	0.22	0.23	0.28	0.24	0.3	0.15	0.29	0.24	0.18	0.27	0.26	0.2	0.02	0.02	0.0	0.02	0.02	0.0	0.02	0.0	0.0	0.0	0.03	0.0	0.02	0.02	0.0	0.03	0.02	0.0	0.04	0.04	0.0	0.03	0.04	0.03	0.03	0.05	0.04	0.03	0.04	0.04	0.02	0.02	0.0	0.03	0.03	0.0
Root; d__Bacteria; p__Actinomycetota; c__Thermoleophilia; o__Gaiellales; f__Gaiellaceae; g__Gaiellasilicea	0.34	0.31	0.4	0.33	0.32	0.29	0.39	0.34	0.34	0.34	0.37	0.48	0.39	0.4	0.35	0.27	0.3	0.32	0.56	0.46	0.46	0.6	0.61	0.56	0.56	0.65	0.57	0.6	0.52	0.45	0.59	0.51	0.68	0.5	0.53	0.47	0.09	0.11	0.07	0.12	0.11	0.09	0.06	0.07	0.05	0.1	0.12	0.15	0.08	0.11	0.12	0.08	0.1	0.0	0.12	0.07	0.08	0.09	0.12	0.1	0.11	0.1	0.1	0.08	0.1	0.12	0.09	0.08	0.11	0.1	0.09	0.1
Root; d__Bacteria; p__Actinomycetota; c__Thermoleophilia; o__Gaiellales; f__Gaiellaceae; g__JACVRU01	0.03	0.04	0.0	0.06	0.02	0.0	0.04	0.04	0.0	0.07	0.04	0.0	0.07	0.06	0.0	0.0	0.05	0.0	0.11	0.09	0.08	0.1	0.07	0.05	0.09	0.1	0.0	0.09	0.07	0.07	0.1	0.1	0.05	0.06	0.09	0.08	0.0	0.0	0.0	0.0	0.0	0.0	0.0	0.0	0.0	0.0	0.0	0.0	0.0	0.0	0.0	0.0	0.0	0.0	0.0	0.0	0.0	0.01	0.02	0.0	0.01	0.01	0.0	0.0	0.0	0.0	0.03	0.0	0.0	0.0	0.02	0.0
Root; d__Bacteria; p__Actinomycetota; c__Thermoleophilia; o__Gaiellales; f__Gaiellaceae; g__DATEOR01	0.33	0.38	0.32	0.42	0.38	0.29	0.4	0.34	0.28	0.46	0.45	0.39	0.45	0.53	0.37	0.32	0.31	0.37	0.45	0.58	0.5	0.53	0.44	0.56	0.45	0.46	0.5	0.48	0.5	0.54	0.46	0.48	0.52	0.55	0.58	0.52	0.11	0.16	0.14	0.08	0.12	0.1	0.08	0.13	0.07	0.14	0.09	0.11	0.12	0.1	0.05	0.12	0.12	0.09	0.11	0.15	0.13	0.13	0.14	0.13	0.14	0.14	0.15	0.1	0.11	0.06	0.11	0.11	0.12	0.15	0.13	0.17
Root; d__Bacteria; p__Actinomycetota; c__Thermoleophilia; o__Gaiellales; f__Gaiellaceae; g__CAVTBT01	0.02	0.0	0.0	0.04	0.0	0.0	0.03	0.03	0.0	0.03	0.03	0.0	0.04	0.05	0.0	0.03	0.03	0.0	0.03	0.06	0.0	0.03	0.04	0.0	0.04	0.04	0.0	0.03	0.03	0.05	0.06	0.05	0.0	0.04	0.03	0.0	0.0	0.0	0.0	0.0	0.0	0.0	0.0	0.0	0.0	0.0	0.0	0.0	0.0	0.0	0.0	0.0	0.0	0.0	0.0	0.0	0.0	0.02	0.0	0.0	0.01	0.0	0.0	0.0	0.0	0.0	0.0	0.0	0.0	0.0	0.0	0.0
Root; d__Bacteria; p__Actinomycetota; c__Thermoleophilia; o__Gaiellales; f__Gaiellaceae; g__Gaiella	0.41	0.46	0.4	0.5	0.43	0.6	0.44	0.47	0.39	0.47	0.45	0.5	0.4	0.32	0.48	0.3	0.3	0.37	0.49	0.47	0.4	0.52	0.44	0.54	0.54	0.57	0.59	0.43	0.53	0.4	0.51	0.55	0.48	0.54	0.5	0.44	0.08	0.11	0.11	0.09	0.07	0.08	0.08	0.07	0.12	0.06	0.08	0.05	0.1	0.08	0.09	0.06	0.08	0.0	0.11	0.15	0.14	0.11	0.12	0.11	0.13	0.1	0.08	0.12	0.08	0.17	0.09	0.1	0.14	0.11	0.09	0.14
Root; d__Bacteria; p__Actinomycetota; c__Thermoleophilia; o__Gaiellales; f__Gaiellaceae; g__AC-32	0.73	0.66	0.63	0.59	0.62	0.58	0.65	0.61	0.65	0.84	0.78	0.88	0.86	0.94	0.73	0.64	0.66	0.64	0.84	0.59	0.77	0.68	0.82	0.76	0.76	0.78	0.76	0.75	0.67	0.65	0.79	0.74	0.76	0.77	0.73	0.7	0.43	0.5	0.53	0.48	0.47	0.47	0.54	0.45	0.41	0.44	0.48	0.64	0.45	0.43	0.38	0.43	0.42	0.46	0.58	0.55	0.58	0.58	0.61	0.63	0.59	0.58	0.63	0.45	0.47	0.51	0.68	0.59	0.46	0.57	0.55	0.55
Root; d__Bacteria; p__Actinomycetota; c__Thermoleophilia; o__Gaiellales; f__Gaiellaceae; g__DATBLE01	0.14	0.14	0.08	0.11	0.11	0.13	0.08	0.14	0.1	0.16	0.16	0.17	0.19	0.17	0.09	0.15	0.14	0.12	0.16	0.19	0.13	0.13	0.17	0.1	0.13	0.12	0.13	0.11	0.15	0.13	0.17	0.17	0.13	0.19	0.13	0.09	0.13	0.17	0.12	0.17	0.12	0.19	0.12	0.13	0.09	0.14	0.21	0.0	0.1	0.15	0.1	0.13	0.12	0.12	0.16	0.15	0.12	0.19	0.17	0.2	0.18	0.17	0.22	0.15	0.15	0.15	0.2	0.18	0.16	0.21	0.18	0.23
Root; d__Bacteria; p__Actinomycetota; c__Thermoleophilia; o__Gaiellales; f__Gaiellaceae; g__3-1-20CM-4-69-9	0.47	0.47	0.43	0.51	0.43	0.55	0.42	0.4	0.41	0.63	0.65	0.62	0.76	0.64	0.77	0.61	0.53	0.47	0.66	0.6	0.58	0.65	0.68	0.65	0.81	0.7	0.63	0.7	0.69	0.65	0.62	0.55	0.66	0.61	0.71	0.67	0.61	0.53	0.49	0.6	0.62	0.56	0.65	0.57	0.67	0.48	0.5	0.45	0.44	0.52	0.5	0.57	0.6	0.56	0.7	0.76	0.69	0.79	0.74	0.72	0.77	0.77	0.67	0.57	0.58	0.5	0.79	0.68	0.66	0.63	0.66	0.57
Root; d__Bacteria; p__Actinomycetota; c__Thermoleophilia; o__Gaiellales; f__Gaiellaceae; g__GMQP-bins7	0.08	0.08	0.06	0.11	0.11	0.1	0.13	0.1	0.11	0.13	0.09	0.17	0.17	0.15	0.14	0.08	0.09	0.09	0.17	0.09	0.1	0.16	0.17	0.08	0.12	0.14	0.15	0.16	0.15	0.08	0.14	0.13	0.16	0.11	0.15	0.14	0.03	0.06	0.0	0.06	0.06	0.06	0.05	0.06	0.04	0.02	0.05	0.07	0.06	0.04	0.04	0.05	0.06	0.0	0.07	0.08	0.05	0.06	0.06	0.06	0.05	0.07	0.07	0.05	0.07	0.04	0.04	0.05	0.04	0.08	0.06	0.06
Root; d__Bacteria; p__Actinomycetota; c__Thermoleophilia; o__Gaiellales; f__Gaiellaceae; g__13-2-20CM-68-14	0.2	0.21	0.16	0.17	0.21	0.14	0.23	0.16	0.13	0.23	0.23	0.21	0.19	0.2	0.18	0.17	0.19	0.11	0.1	0.1	0.08	0.1	0.11	0.06	0.08	0.1	0.0	0.12	0.1	0.11	0.1	0.09	0.09	0.11	0.1	0.1	0.09	0.11	0.06	0.1	0.11	0.06	0.12	0.14	0.08	0.07	0.09	0.0	0.11	0.1	0.07	0.13	0.1	0.08	0.22	0.23	0.15	0.21	0.22	0.19	0.21	0.19	0.21	0.2	0.17	0.2	0.22	0.18	0.11	0.24	0.21	0.14
Root; d__Bacteria; p__Actinomycetota; c__Thermoleophilia; o__Gaiellales; f__Gaiellaceae; g__VAXT01	0.12	0.1	0.07	0.14	0.11	0.09	0.12	0.09	0.14	0.22	0.17	0.06	0.19	0.17	0.1	0.12	0.13	0.08	0.22	0.19	0.19	0.27	0.2	0.07	0.18	0.22	0.2	0.23	0.14	0.2	0.19	0.21	0.25	0.21	0.24	0.19	0.05	0.06	0.04	0.05	0.06	0.0	0.07	0.04	0.0	0.05	0.04	0.0	0.06	0.08	0.0	0.04	0.06	0.04	0.08	0.06	0.0	0.05	0.06	0.04	0.06	0.07	0.09	0.05	0.06	0.09	0.06	0.04	0.04	0.06	0.08	0.0
Root; d__Bacteria; p__Actinomycetota; c__Thermoleophilia; o__Gaiellales; f__Gaiellaceae; g__CAVPGP01	0.05	0.02	0.0	0.02	0.02	0.1	0.0	0.03	0.0	0.04	0.03	0.0	0.0	0.03	0.0	0.0	0.03	0.0	0.04	0.04	0.06	0.05	0.04	0.0	0.06	0.02	0.0	0.03	0.03	0.0	0.05	0.02	0.04	0.02	0.04	0.0	0.0	0.02	0.0	0.0	0.0	0.0	0.0	0.01	0.0	0.0	0.0	0.0	0.0	0.0	0.0	0.01	0.0	0.0	0.0	0.0	0.0	0.03	0.02	0.0	0.02	0.01	0.0	0.02	0.0	0.0	0.0	0.01	0.0	0.02	0.0	0.04
Root; d__Bacteria; p__Actinomycetota; c__Thermoleophilia; o__Gaiellales; f__Gaiellaceae; g__JAIBJN01	0.04	0.06	0.0	0.03	0.0	0.06	0.07	0.05	0.0	0.07	0.07	0.0	0.06	0.03	0.0	0.04	0.07	0.08	0.05	0.07	0.09	0.07	0.06	0.0	0.05	0.08	0.05	0.08	0.07	0.0	0.06	0.05	0.04	0.06	0.07	0.0	0.02	0.03	0.0	0.03	0.03	0.0	0.02	0.03	0.0	0.04	0.03	0.0	0.02	0.04	0.0	0.03	0.05	0.0	0.03	0.05	0.05	0.06	0.05	0.05	0.04	0.04	0.06	0.04	0.05	0.0	0.05	0.07	0.0	0.05	0.04	0.04
Root; d__Bacteria; p__Actinomycetota; c__Thermoleophilia; o__Gaiellales; f__Gaiellaceae; g__JACVRM01	0.02	0.05	0.0	0.08	0.02	0.0	0.03	0.05	0.0	0.09	0.05	0.0	0.06	0.08	0.0	0.05	0.04	0.0	0.1	0.07	0.06	0.11	0.1	0.06	0.12	0.07	0.0	0.11	0.09	0.0	0.08	0.09	0.08	0.12	0.1	0.0	0.06	0.06	0.07	0.06	0.06	0.05	0.03	0.04	0.0	0.05	0.02	0.0	0.03	0.02	0.0	0.07	0.03	0.0	0.04	0.05	0.0	0.05	0.07	0.03	0.08	0.07	0.05	0.06	0.03	0.0	0.03	0.05	0.0	0.05	0.05	0.08
Root; d__Bacteria; p__Actinomycetota; c__Thermoleophilia; o__Gaiellales; f__Gaiellaceae; g__DASVFB01	0.16	0.22	0.14	0.24	0.23	0.17	0.24	0.18	0.19	0.35	0.38	0.47	0.34	0.31	0.32	0.2	0.22	0.17	0.61	0.58	0.62	0.47	0.57	0.71	0.56	0.58	0.47	0.5	0.53	0.46	0.64	0.57	0.56	0.58	0.55	0.44	0.17	0.14	0.09	0.09	0.14	0.1	0.11	0.14	0.06	0.17	0.1	0.0	0.13	0.14	0.05	0.1	0.12	0.1	0.25	0.25	0.15	0.23	0.22	0.22	0.22	0.23	0.21	0.21	0.2	0.16	0.26	0.19	0.17	0.22	0.22	0.19
Root; d__Bacteria; p__Actinomycetota; c__Thermoleophilia; o__Gaiellales; f__Gaiellaceae; g__JAIBJP01	0.17	0.19	0.16	0.15	0.16	0.13	0.16	0.16	0.08	0.19	0.2	0.12	0.23	0.23	0.16	0.12	0.12	0.0	0.1	0.06	0.05	0.1	0.08	0.1	0.08	0.09	0.06	0.09	0.1	0.08	0.12	0.07	0.0	0.1	0.09	0.05	0.03	0.04	0.0	0.0	0.01	0.0	0.02	0.03	0.0	0.0	0.02	0.0	0.03	0.0	0.0	0.02	0.0	0.0	0.04	0.05	0.06	0.09	0.1	0.07	0.06	0.09	0.07	0.06	0.06	0.05	0.08	0.08	0.07	0.08	0.07	0.08
Root; d__Bacteria; p__Actinomycetota; c__Thermoleophilia; o__Gaiellales; f__Gaiellaceae; g__DASSSQ01	0.05	0.07	0.0	0.03	0.04	0.0	0.0	0.02	0.06	0.05	0.07	0.06	0.04	0.05	0.0	0.07	0.06	0.06	0.06	0.08	0.0	0.13	0.12	0.08	0.09	0.08	0.07	0.09	0.08	0.08	0.08	0.07	0.06	0.07	0.06	0.05	0.07	0.07	0.0	0.06	0.06	0.0	0.07	0.06	0.0	0.05	0.06	0.0	0.07	0.03	0.0	0.06	0.04	0.05	0.04	0.04	0.0	0.05	0.05	0.0	0.05	0.06	0.03	0.04	0.04	0.0	0.03	0.06	0.0	0.04	0.04	0.0
Root; d__Bacteria; p__Actinomycetota; c__Thermoleophilia; o__Gaiellales; f__Gaiellaceae; g__JACDAN01	0.04	0.06	0.0	0.03	0.03	0.0	0.03	0.03	0.0	0.06	0.05	0.0	0.03	0.06	0.0	0.04	0.04	0.0	0.04	0.05	0.05	0.04	0.04	0.0	0.04	0.04	0.1	0.03	0.05	0.0	0.04	0.05	0.0	0.06	0.04	0.0	0.05	0.04	0.0	0.02	0.03	0.0	0.03	0.04	0.0	0.04	0.04	0.0	0.03	0.03	0.0	0.05	0.03	0.04	0.08	0.03	0.0	0.04	0.05	0.05	0.05	0.02	0.03	0.04	0.04	0.0	0.06	0.04	0.0	0.05	0.05	0.0
Root; d__Bacteria; p__Actinomycetota; c__Thermoleophilia; o__Gaiellales; f__Gaiellaceae; g__DATFQE01	0.03	0.02	0.0	0.02	0.0	0.0	0.02	0.02	0.0	0.02	0.02	0.0	0.02	0.03	0.0	0.0	0.03	0.0	0.0	0.03	0.0	0.0	0.0	0.0	0.0	0.0	0.0	0.0	0.0	0.0	0.0	0.02	0.0	0.0	0.0	0.0	0.0	0.0	0.0	0.0	0.0	0.0	0.0	0.0	0.0	0.0	0.0	0.0	0.0	0.02	0.0	0.0	0.0	0.0	0.0	0.0	0.0	0.01	0.01	0.0	0.02	0.01	0.0	0.0	0.0	0.0	0.0	0.0	0.0	0.0	0.0	0.0
Root; d__Bacteria; p__Actinomycetota; c__Thermoleophilia; o__Gaiellales; f__Gaiellaceae; g__JACCTU01	0.02	0.03	0.0	0.0	0.08	0.0	0.0	0.06	0.05	0.03	0.05	0.0	0.04	0.04	0.0	0.04	0.05	0.0	0.03	0.04	0.0	0.07	0.07	0.0	0.05	0.04	0.06	0.07	0.05	0.0	0.05	0.04	0.0	0.04	0.04	0.0	0.03	0.04	0.0	0.02	0.05	0.0	0.04	0.03	0.0	0.03	0.0	0.0	0.03	0.03	0.0	0.03	0.03	0.0	0.05	0.05	0.0	0.05	0.04	0.08	0.03	0.05	0.05	0.04	0.05	0.0	0.05	0.05	0.0	0.04	0.05	0.0
Root; d__Bacteria; p__Actinomycetota; c__Thermoleophilia; o__Gaiellales; f__Gaiellaceae; g__PALSA-612	0.02	0.0	0.0	0.02	0.05	0.0	0.02	0.02	0.0	0.03	0.03	0.0	0.05	0.04	0.0	0.04	0.05	0.0	0.04	0.07	0.05	0.06	0.07	0.06	0.06	0.09	0.0	0.06	0.05	0.1	0.04	0.07	0.05	0.06	0.06	0.0	0.05	0.03	0.0	0.03	0.06	0.0	0.04	0.04	0.0	0.04	0.05	0.0	0.04	0.02	0.05	0.02	0.04	0.0	0.06	0.03	0.0	0.05	0.05	0.04	0.05	0.05	0.06	0.04	0.05	0.0	0.05	0.03	0.06	0.04	0.07	0.0
Root; d__Bacteria; p__Actinomycetota; c__Thermoleophilia; o__Gaiellales; f__JAICJC01; g__JAICYJ01	0.08	0.1	0.09	0.08	0.08	0.06	0.07	0.07	0.05	0.11	0.1	0.07	0.1	0.09	0.0	0.11	0.1	0.1	0.21	0.21	0.15	0.2	0.19	0.15	0.17	0.19	0.2	0.2	0.19	0.18	0.22	0.22	0.15	0.23	0.19	0.15	0.18	0.19	0.12	0.14	0.18	0.13	0.17	0.14	0.08	0.14	0.16	0.1	0.13	0.11	0.11	0.13	0.19	0.11	0.14	0.18	0.15	0.18	0.18	0.18	0.15	0.16	0.14	0.13	0.16	0.12	0.13	0.12	0.14	0.12	0.12	0.15
Root; d__Bacteria; p__Actinomycetota; c__Thermoleophilia; o__Gaiellales; f__JAICJC01; g__JAICJC01	0.05	0.06	0.08	0.07	0.08	0.08	0.06	0.1	0.0	0.11	0.11	0.09	0.08	0.1	0.14	0.16	0.14	0.07	0.09	0.07	0.0	0.09	0.07	0.05	0.07	0.1	0.04	0.06	0.12	0.04	0.11	0.08	0.06	0.1	0.1	0.12	0.37	0.34	0.31	0.31	0.33	0.31	0.39	0.27	0.31	0.32	0.36	0.28	0.28	0.28	0.21	0.26	0.28	0.16	0.3	0.34	0.29	0.32	0.32	0.3	0.29	0.3	0.29	0.26	0.32	0.21	0.3	0.31	0.25	0.28	0.32	0.22
Root; d__Bacteria; p__Actinomycetota; c__Thermoleophilia; o__Gaiellales; f__JAICJC01; g__DATLLN01	0.02	0.02	0.0	0.02	0.03	0.0	0.0	0.02	0.0	0.02	0.02	0.0	0.0	0.0	0.0	0.03	0.03	0.0	0.05	0.05	0.04	0.06	0.06	0.0	0.07	0.04	0.07	0.08	0.05	0.0	0.05	0.07	0.05	0.04	0.05	0.0	0.05	0.02	0.0	0.05	0.05	0.0	0.03	0.03	0.0	0.06	0.04	0.0	0.03	0.06	0.0	0.03	0.05	0.0	0.03	0.05	0.0	0.03	0.03	0.02	0.04	0.05	0.02	0.02	0.03	0.0	0.02	0.04	0.0	0.02	0.04	0.0
Root; d__Bacteria; p__Actinomycetota; c__Thermoleophilia; o__Gaiellales; f__F1-60-MAGs149; g__CAVYFW01	0.02	0.05	0.0	0.04	0.0	0.0	0.03	0.03	0.0	0.03	0.03	0.0	0.03	0.0	0.0	0.03	0.03	0.0	0.03	0.02	0.0	0.03	0.0	0.0	0.03	0.02	0.0	0.03	0.04	0.0	0.03	0.03	0.0	0.0	0.02	0.0	0.0	0.0	0.0	0.0	0.0	0.0	0.02	0.0	0.0	0.0	0.0	0.0	0.0	0.0	0.0	0.0	0.0	0.0	0.0	0.0	0.0	0.01	0.01	0.0	0.02	0.01	0.0	0.0	0.01	0.0	0.01	0.0	0.0	0.0	0.0	0.0
Root; d__Bacteria; p__Actinomycetota; c__Thermoleophilia; o__Gaiellales; f__JALYLC01; g__JALYLC01	0.02	0.05	0.0	0.06	0.02	0.0	0.04	0.02	0.0	0.04	0.04	0.0	0.0	0.02	0.0	0.04	0.06	0.05	0.09	0.09	0.0	0.09	0.08	0.0	0.07	0.09	0.05	0.07	0.08	0.07	0.09	0.09	0.05	0.07	0.07	0.06	0.06	0.08	0.07	0.07	0.07	0.1	0.08	0.06	0.08	0.06	0.08	0.06	0.11	0.07	0.06	0.06	0.07	0.06	0.07	0.11	0.08	0.12	0.11	0.14	0.08	0.1	0.08	0.1	0.09	0.04	0.1	0.1	0.05	0.11	0.12	0.1
Root; d__Bacteria; p__Actinomycetota; c__Thermoleophilia; o__Miltoncostaeales; f__Miltoncostaeaceae; g__Miltoncostaea	0.04	0.03	0.0	0.0	0.02	0.0	0.02	0.03	0.0	0.04	0.0	0.0	0.0	0.0	0.0	0.03	0.03	0.0	0.03	0.0	0.0	0.02	0.02	0.0	0.04	0.05	0.0	0.0	0.02	0.0	0.02	0.02	0.0	0.02	0.02	0.0	0.0	0.0	0.0	0.0	0.0	0.0	0.0	0.0	0.0	0.0	0.0	0.0	0.0	0.0	0.0	0.0	0.0	0.0	0.0	0.0	0.0	0.01	0.01	0.02	0.01	0.01	0.0	0.0	0.0	0.0	0.0	0.0	0.0	0.0	0.0	0.0
Root; d__Bacteria; p__Actinomycetota; c__Acidimicrobiia; o__Acidimicrobiales; f__Acidimicrobilacustridaceae; g__UBA4742	0.05	0.0	0.0	0.02	0.05	0.0	0.04	0.03	0.0	0.03	0.04	0.0	0.03	0.04	0.0	0.04	0.02	0.0	0.04	0.04	0.0	0.06	0.05	0.0	0.03	0.04	0.0	0.04	0.04	0.0	0.04	0.05	0.0	0.05	0.04	0.0	0.01	0.0	0.0	0.0	0.0	0.0	0.03	0.0	0.0	0.0	0.0	0.0	0.0	0.0	0.0	0.0	0.0	0.0	0.02	0.02	0.0	0.02	0.01	0.0	0.03	0.03	0.01	0.0	0.02	0.0	0.0	0.02	0.0	0.0	0.02	0.0
Root; d__Bacteria; p__Actinomycetota; c__Acidimicrobiia; o__Acidimicrobiales; f__Acidimicrobilacustridaceae; g__CAMFLJ01	0.02	0.06	0.0	0.04	0.05	0.0	0.03	0.06	0.0	0.05	0.03	0.07	0.04	0.04	0.0	0.03	0.02	0.0	0.0	0.03	0.0	0.02	0.0	0.0	0.01	0.02	0.0	0.02	0.02	0.0	0.01	0.02	0.0	0.03	0.02	0.0	0.0	0.0	0.0	0.0	0.0	0.0	0.0	0.0	0.0	0.0	0.0	0.0	0.0	0.0	0.0	0.0	0.0	0.0	0.0	0.0	0.0	0.01	0.01	0.0	0.01	0.01	0.0	0.0	0.0	0.0	0.01	0.0	0.0	0.0	0.0	0.0
Root; d__Bacteria; p__Actinomycetota; c__Acidimicrobiia; o__Acidimicrobiales; f__Acidimicrobilacustridaceae; g__MOTU40_131144	0.04	0.04	0.09	0.0	0.03	0.0	0.04	0.05	0.0	0.05	0.07	0.0	0.03	0.04	0.0	0.02	0.02	0.0	0.03	0.03	0.0	0.03	0.0	0.0	0.01	0.02	0.0	0.02	0.0	0.0	0.0	0.0	0.0	0.02	0.03	0.0	0.0	0.0	0.0	0.0	0.0	0.0	0.0	0.0	0.0	0.0	0.0	0.0	0.0	0.0	0.0	0.0	0.0	0.0	0.0	0.0	0.0	0.0	0.0	0.0	0.01	0.01	0.02	0.0	0.01	0.0	0.0	0.0	0.0	0.0	0.0	0.0
Root; d__Bacteria; p__Actinomycetota; c__Acidimicrobiia; o__Acidimicrobiales; f__Ilumatobacteraceae; g__WLMZ01	0.05	0.06	0.07	0.06	0.07	0.0	0.1	0.05	0.0	0.04	0.05	0.0	0.06	0.05	0.0	0.05	0.05	0.0	0.06	0.05	0.06	0.06	0.07	0.0	0.07	0.04	0.0	0.06	0.06	0.0	0.08	0.07	0.0	0.03	0.05	0.08	0.0	0.01	0.0	0.0	0.0	0.0	0.0	0.0	0.0	0.0	0.0	0.0	0.0	0.0	0.0	0.0	0.0	0.0	0.03	0.03	0.0	0.02	0.03	0.02	0.03	0.03	0.03	0.02	0.03	0.0	0.02	0.03	0.0	0.03	0.03	0.0
Root; d__Bacteria; p__Actinomycetota; c__Acidimicrobiia; o__Acidimicrobiales; f__Ilumatobacteraceae; g__DASXAI01	0.05	0.0	0.0	0.02	0.05	0.0	0.03	0.03	0.0	0.06	0.06	0.0	0.04	0.04	0.0	0.02	0.03	0.0	0.03	0.05	0.0	0.07	0.04	0.0	0.04	0.05	0.0	0.05	0.07	0.0	0.06	0.07	0.0	0.05	0.04	0.05	0.0	0.0	0.0	0.0	0.0	0.0	0.0	0.02	0.0	0.0	0.0	0.0	0.0	0.0	0.0	0.02	0.0	0.0	0.02	0.0	0.0	0.01	0.02	0.02	0.03	0.03	0.02	0.02	0.03	0.0	0.02	0.01	0.0	0.02	0.02	0.0
Root; d__Bacteria; p__Actinomycetota; c__Acidimicrobiia; o__Acidimicrobiales; f__Ilumatobacteraceae; g__Sva-07	0.03	0.04	0.0	0.04	0.04	0.0	0.05	0.03	0.0	0.03	0.03	0.0	0.02	0.04	0.0	0.03	0.0	0.0	0.02	0.02	0.0	0.05	0.0	0.0	0.02	0.01	0.0	0.02	0.02	0.0	0.02	0.02	0.0	0.04	0.03	0.0	0.0	0.0	0.0	0.0	0.0	0.0	0.0	0.0	0.0	0.0	0.0	0.0	0.0	0.0	0.0	0.0	0.0	0.0	0.0	0.0	0.0	0.01	0.0	0.0	0.0	0.01	0.0	0.0	0.0	0.0	0.0	0.0	0.0	0.0	0.0	0.0
Root; d__Bacteria; p__Actinomycetota; c__Acidimicrobiia; o__Acidimicrobiales; f__Ilumatobacteraceae; g__UBA668	0.02	0.02	0.0	0.04	0.03	0.0	0.03	0.04	0.0	0.05	0.04	0.0	0.03	0.03	0.0	0.03	0.02	0.0	0.02	0.03	0.0	0.05	0.0	0.0	0.04	0.03	0.06	0.02	0.04	0.0	0.02	0.02	0.0	0.04	0.03	0.0	0.0	0.0	0.0	0.0	0.0	0.0	0.0	0.0	0.0	0.0	0.0	0.0	0.0	0.0	0.0	0.0	0.0	0.0	0.0	0.02	0.0	0.02	0.01	0.02	0.02	0.02	0.02	0.0	0.0	0.0	0.01	0.01	0.0	0.02	0.02	0.0
Root; d__Bacteria; p__Actinomycetota; c__Acidimicrobiia; o__Acidimicrobiales; f__Ilumatobacteraceae; g__Ilumatobacter	0.1	0.13	0.12	0.17	0.17	0.11	0.1	0.13	0.14	0.1	0.13	0.1	0.09	0.12	0.0	0.08	0.08	0.0	0.14	0.14	0.12	0.13	0.09	0.05	0.13	0.12	0.08	0.09	0.12	0.14	0.09	0.13	0.11	0.12	0.12	0.11	0.0	0.03	0.0	0.0	0.0	0.0	0.0	0.0	0.0	0.0	0.0	0.0	0.0	0.0	0.0	0.0	0.02	0.0	0.02	0.03	0.06	0.04	0.06	0.04	0.05	0.05	0.04	0.02	0.03	0.04	0.03	0.03	0.0	0.03	0.06	0.0
Root; d__Bacteria; p__Actinomycetota; c__Acidimicrobiia; o__Acidimicrobiales; f__Ilumatobacteraceae; g__CRBC_03337	0.02	0.02	0.0	0.0	0.0	0.0	0.0	0.0	0.0	0.02	0.0	0.0	0.0	0.0	0.0	0.0	0.0	0.0	0.0	0.0	0.0	0.0	0.0	0.0	0.0	0.0	0.0	0.0	0.0	0.0	0.0	0.02	0.0	0.0	0.0	0.0	0.0	0.0	0.0	0.0	0.0	0.0	0.0	0.0	0.0	0.0	0.0	0.0	0.0	0.0	0.0	0.0	0.0	0.0	0.0	0.0	0.0	0.0	0.0	0.0	0.0	0.0	0.0	0.0	0.0	0.0	0.0	0.0	0.0	0.0	0.0	0.0
Root; d__Bacteria; p__Actinomycetota; c__Acidimicrobiia; o__Acidimicrobiales; f__Ilumatobacteraceae; g__JALZMG01	0.17	0.17	0.18	0.21	0.2	0.17	0.17	0.2	0.19	0.15	0.17	0.11	0.19	0.17	0.08	0.12	0.13	0.09	0.22	0.18	0.12	0.14	0.16	0.21	0.18	0.14	0.14	0.14	0.17	0.22	0.15	0.16	0.14	0.14	0.18	0.11	0.04	0.04	0.0	0.03	0.04	0.0	0.04	0.02	0.0	0.02	0.02	0.0	0.0	0.03	0.0	0.03	0.04	0.0	0.04	0.05	0.0	0.06	0.06	0.05	0.06	0.05	0.05	0.07	0.06	0.0	0.04	0.04	0.0	0.06	0.05	0.06
Root; d__Bacteria; p__Actinomycetota; c__Acidimicrobiia; o__Acidimicrobiales; f__Ilumatobacteraceae; g__Desertimonas	0.06	0.05	0.05	0.05	0.06	0.0	0.06	0.06	0.0	0.03	0.07	0.07	0.04	0.04	0.0	0.03	0.03	0.04	0.09	0.06	0.06	0.07	0.07	0.0	0.1	0.06	0.1	0.09	0.09	0.09	0.07	0.07	0.08	0.09	0.09	0.08	0.0	0.0	0.0	0.0	0.0	0.0	0.0	0.0	0.0	0.0	0.0	0.0	0.0	0.0	0.0	0.0	0.0	0.0	0.0	0.0	0.0	0.01	0.0	0.0	0.0	0.01	0.0	0.0	0.01	0.0	0.0	0.0	0.0	0.0	0.0	0.0
Root; d__Bacteria; p__Actinomycetota; c__Acidimicrobiia; o__Acidimicrobiales; f__Ilumatobacteraceae; g__JAODBQ01	0.03	0.04	0.0	0.03	0.02	0.0	0.02	0.03	0.0	0.03	0.03	0.0	0.02	0.04	0.0	0.02	0.03	0.0	0.03	0.03	0.0	0.04	0.02	0.0	0.03	0.04	0.05	0.04	0.02	0.0	0.03	0.05	0.0	0.02	0.02	0.0	0.0	0.0	0.0	0.0	0.0	0.0	0.0	0.0	0.0	0.0	0.0	0.0	0.0	0.0	0.0	0.0	0.0	0.0	0.0	0.0	0.0	0.02	0.02	0.0	0.02	0.03	0.0	0.0	0.01	0.0	0.0	0.01	0.0	0.01	0.01	0.0
Root; d__Bacteria; p__Actinomycetota; c__Acidimicrobiia; o__Acidimicrobiales; f__Ilumatobacteraceae; g__VFMC01	0.02	0.04	0.0	0.05	0.04	0.0	0.03	0.04	0.0	0.0	0.03	0.0	0.02	0.03	0.0	0.04	0.03	0.0	0.04	0.02	0.0	0.04	0.0	0.0	0.02	0.02	0.0	0.03	0.02	0.0	0.02	0.02	0.0	0.04	0.03	0.0	0.0	0.0	0.0	0.0	0.0	0.0	0.01	0.0	0.0	0.0	0.0	0.0	0.0	0.0	0.0	0.0	0.0	0.0	0.0	0.0	0.0	0.03	0.02	0.0	0.01	0.01	0.02	0.02	0.02	0.0	0.01	0.0	0.0	0.02	0.0	0.0
Root; d__Bacteria; p__Actinomycetota; c__Acidimicrobiia; o__Acidimicrobiales; f__VFJN01; g__ZC4RG19	0.11	0.09	0.0	0.11	0.1	0.06	0.07	0.07	0.0	0.08	0.07	0.06	0.06	0.09	0.0	0.09	0.05	0.0	0.06	0.06	0.0	0.06	0.05	0.0	0.06	0.05	0.08	0.07	0.03	0.0	0.06	0.04	0.0	0.06	0.06	0.0	0.0	0.0	0.0	0.0	0.02	0.0	0.0	0.02	0.0	0.03	0.0	0.0	0.0	0.0	0.0	0.0	0.0	0.0	0.0	0.0	0.0	0.01	0.02	0.0	0.01	0.02	0.0	0.0	0.0	0.0	0.0	0.01	0.0	0.02	0.01	0.0
Root; d__Bacteria; p__Actinomycetota; c__Acidimicrobiia; o__Acidimicrobiales; f__VFJN01; g__VFJN01	0.15	0.17	0.15	0.12	0.22	0.21	0.15	0.16	0.12	0.14	0.13	0.17	0.16	0.2	0.23	0.16	0.18	0.13	0.16	0.14	0.13	0.14	0.2	0.2	0.15	0.15	0.16	0.12	0.2	0.13	0.14	0.21	0.1	0.15	0.13	0.08	0.07	0.12	0.06	0.12	0.1	0.07	0.11	0.1	0.05	0.11	0.07	0.06	0.14	0.16	0.15	0.16	0.13	0.16	0.07	0.05	0.0	0.05	0.06	0.04	0.07	0.06	0.08	0.07	0.09	0.06	0.05	0.09	0.09	0.09	0.08	0.05
Root; d__Bacteria; p__Actinomycetota; c__Acidimicrobiia; o__Acidimicrobiales; f__CADCTF01; g__DATLED01	0.04	0.0	0.0	0.0	0.02	0.0	0.02	0.02	0.0	0.04	0.03	0.0	0.04	0.0	0.0	0.03	0.03	0.0	0.03	0.03	0.0	0.02	0.05	0.0	0.06	0.05	0.0	0.05	0.04	0.0	0.04	0.04	0.0	0.04	0.04	0.0	0.0	0.03	0.0	0.02	0.02	0.0	0.0	0.02	0.0	0.03	0.02	0.0	0.05	0.03	0.0	0.02	0.03	0.0	0.0	0.0	0.0	0.03	0.02	0.02	0.02	0.03	0.0	0.03	0.02	0.0	0.02	0.02	0.0	0.02	0.03	0.0
Root; d__Bacteria; p__Actinomycetota; c__Acidimicrobiia; o__Acidimicrobiales; f__JACDCH01; g__DASUCS01	0.02	0.0	0.0	0.0	0.0	0.0	0.0	0.0	0.0	0.0	0.0	0.0	0.0	0.02	0.0	0.04	0.05	0.0	0.02	0.02	0.0	0.02	0.0	0.0	0.02	0.04	0.0	0.03	0.03	0.0	0.02	0.03	0.0	0.0	0.03	0.0	0.06	0.06	0.04	0.07	0.04	0.08	0.05	0.04	0.06	0.05	0.08	0.05	0.08	0.09	0.0	0.09	0.07	0.06	0.03	0.05	0.0	0.06	0.04	0.08	0.05	0.05	0.04	0.04	0.06	0.0	0.07	0.04	0.0	0.04	0.06	0.0
Root; d__Bacteria; p__Actinomycetota; c__Acidimicrobiia; o__Acidimicrobiales; f__AC-14; g__CADCTB01	0.02	0.02	0.0	0.0	0.0	0.0	0.02	0.0	0.0	0.02	0.03	0.0	0.02	0.03	0.0	0.04	0.05	0.05	0.02	0.0	0.0	0.0	0.02	0.0	0.0	0.02	0.0	0.0	0.0	0.0	0.0	0.02	0.0	0.0	0.0	0.0	0.06	0.05	0.08	0.07	0.05	0.05	0.05	0.07	0.06	0.09	0.08	0.07	0.09	0.1	0.08	0.09	0.11	0.07	0.11	0.09	0.09	0.09	0.08	0.09	0.09	0.08	0.08	0.13	0.11	0.14	0.15	0.14	0.13	0.11	0.14	0.08
Root; d__Bacteria; p__Actinomycetota; c__Acidimicrobiia; o__Acidimicrobiales; f__AC-14; g__CADDZP01	0.03	0.0	0.0	0.02	0.02	0.0	0.0	0.02	0.0	0.03	0.03	0.0	0.03	0.02	0.0	0.04	0.0	0.0	0.03	0.05	0.0	0.03	0.03	0.0	0.03	0.02	0.0	0.05	0.02	0.0	0.03	0.02	0.05	0.03	0.04	0.0	0.04	0.04	0.0	0.05	0.01	0.0	0.04	0.04	0.06	0.04	0.05	0.0	0.03	0.03	0.0	0.04	0.03	0.0	0.03	0.02	0.0	0.04	0.03	0.03	0.04	0.04	0.02	0.02	0.03	0.0	0.03	0.02	0.0	0.04	0.02	0.0
Root; d__Bacteria; p__Actinomycetota; c__Acidimicrobiia; o__Acidimicrobiales; f__Iamiaceae; g__Aquihabitans	0.16	0.16	0.08	0.14	0.14	0.06	0.14	0.17	0.22	0.14	0.19	0.1	0.08	0.11	0.0	0.11	0.1	0.12	0.06	0.08	0.0	0.06	0.09	0.07	0.1	0.06	0.07	0.07	0.08	0.05	0.1	0.06	0.06	0.08	0.08	0.06	0.04	0.05	0.0	0.03	0.03	0.0	0.02	0.03	0.0	0.04	0.03	0.0	0.02	0.03	0.0	0.03	0.03	0.0	0.04	0.03	0.0	0.03	0.03	0.03	0.04	0.05	0.05	0.03	0.03	0.0	0.03	0.02	0.0	0.03	0.03	0.0
Root; d__Bacteria; p__Actinomycetota; c__Acidimicrobiia; o__Acidimicrobiales; f__Iamiaceae; g__Iamia	0.02	0.02	0.0	0.04	0.03	0.0	0.0	0.03	0.0	0.03	0.02	0.0	0.04	0.0	0.0	0.02	0.02	0.0	0.05	0.02	0.0	0.03	0.0	0.0	0.03	0.04	0.0	0.03	0.04	0.05	0.0	0.02	0.0	0.04	0.03	0.0	0.0	0.0	0.0	0.0	0.0	0.0	0.0	0.02	0.0	0.0	0.02	0.0	0.0	0.02	0.0	0.0	0.0	0.0	0.02	0.0	0.0	0.01	0.01	0.02	0.02	0.01	0.02	0.02	0.02	0.0	0.0	0.01	0.0	0.0	0.02	0.0
Root; d__Bacteria; p__Actinomycetota; c__Acidimicrobiia; o__Acidimicrobiales; f__DATDAH01; g__DATDAH01	0.04	0.05	0.0	0.04	0.06	0.05	0.06	0.04	0.0	0.07	0.07	0.0	0.04	0.09	0.0	0.03	0.04	0.0	0.03	0.04	0.0	0.05	0.06	0.05	0.02	0.03	0.0	0.04	0.04	0.0	0.03	0.06	0.09	0.06	0.04	0.0	0.0	0.02	0.0	0.01	0.0	0.0	0.02	0.02	0.0	0.02	0.02	0.0	0.02	0.02	0.0	0.0	0.02	0.0	0.02	0.0	0.0	0.02	0.02	0.02	0.03	0.02	0.0	0.03	0.01	0.0	0.02	0.0	0.0	0.01	0.02	0.0
Root; d__Bacteria; p__Actinomycetota; c__Acidimicrobiia; o__Acidimicrobiales; f__WLNW01; g__WLNW01	0.02	0.02	0.0	0.02	0.0	0.0	0.0	0.0	0.0	0.0	0.02	0.0	0.0	0.0	0.0	0.0	0.0	0.0	0.0	0.0	0.0	0.0	0.0	0.0	0.0	0.0	0.0	0.0	0.0	0.0	0.02	0.01	0.0	0.0	0.0	0.0	0.0	0.0	0.0	0.0	0.0	0.0	0.0	0.0	0.0	0.0	0.0	0.0	0.0	0.0	0.0	0.0	0.0	0.0	0.0	0.0	0.0	0.0	0.01	0.0	0.01	0.01	0.0	0.0	0.0	0.0	0.0	0.0	0.0	0.0	0.0	0.0
Root; d__Bacteria; p__Actinomycetota; c__Acidimicrobiia; o__IMCC26256; f__JACDBD01; g__JALZAA01	0.08	0.08	0.07	0.08	0.09	0.05	0.11	0.1	0.08	0.19	0.18	0.15	0.17	0.24	0.14	0.09	0.1	0.11	0.09	0.08	0.1	0.07	0.09	0.08	0.1	0.09	0.08	0.1	0.08	0.06	0.09	0.09	0.1	0.1	0.13	0.06	0.0	0.0	0.0	0.0	0.0	0.0	0.0	0.0	0.0	0.0	0.0	0.0	0.0	0.0	0.0	0.0	0.03	0.0	0.0	0.0	0.0	0.03	0.02	0.0	0.01	0.01	0.01	0.01	0.0	0.0	0.02	0.0	0.0	0.01	0.02	0.0
Root; d__Bacteria; p__Actinomycetota; c__Acidimicrobiia; o__IMCC26256; f__PALSA-555; g__CAIUKV01	0.02	0.03	0.0	0.02	0.04	0.0	0.04	0.03	0.0	0.02	0.02	0.0	0.03	0.03	0.0	0.02	0.0	0.0	0.03	0.03	0.0	0.03	0.03	0.0	0.02	0.04	0.05	0.02	0.05	0.0	0.04	0.03	0.0	0.03	0.02	0.05	0.0	0.0	0.0	0.0	0.0	0.0	0.02	0.0	0.0	0.0	0.0	0.0	0.0	0.0	0.0	0.0	0.01	0.0	0.03	0.0	0.0	0.01	0.01	0.0	0.01	0.02	0.02	0.0	0.01	0.0	0.02	0.0	0.0	0.0	0.02	0.0
Root; d__Bacteria; p__Actinomycetota; c__Acidimicrobiia; o__IMCC26256; f__JAENVU01; g__Chersky-806	0.05	0.04	0.05	0.05	0.02	0.0	0.04	0.06	0.0	0.05	0.02	0.0	0.0	0.05	0.0	0.09	0.1	0.07	0.07	0.07	0.04	0.07	0.08	0.08	0.07	0.06	0.07	0.08	0.07	0.0	0.08	0.09	0.07	0.05	0.09	0.06	0.08	0.12	0.0	0.13	0.11	0.07	0.12	0.11	0.1	0.09	0.13	0.06	0.1	0.1	0.05	0.12	0.1	0.1	0.08	0.07	0.0	0.09	0.08	0.07	0.1	0.07	0.09	0.08	0.07	0.05	0.06	0.06	0.06	0.07	0.05	0.05
Root; d__Bacteria; p__Actinomycetota; c__Acidimicrobiia; o__IMCC26256; f__DASPTH01; g__DASUAS01	0.13	0.17	0.09	0.13	0.17	0.07	0.14	0.09	0.13	0.13	0.14	0.18	0.12	0.11	0.1	0.17	0.12	0.07	0.16	0.15	0.13	0.17	0.17	0.17	0.18	0.2	0.11	0.17	0.21	0.24	0.2	0.2	0.18	0.16	0.21	0.18	0.12	0.12	0.11	0.11	0.11	0.1	0.11	0.1	0.11	0.07	0.09	0.07	0.13	0.11	0.05	0.1	0.13	0.13	0.16	0.18	0.11	0.2	0.15	0.2	0.21	0.18	0.17	0.17	0.16	0.14	0.16	0.15	0.11	0.16	0.18	0.08
Root; d__Bacteria; p__Actinomycetota; c__Acidimicrobiia; o__IMCC26256; f__PALSA-610; g__GCMETA_00542028	0.02	0.02	0.0	0.0	0.0	0.0	0.0	0.03	0.0	0.0	0.0	0.0	0.03	0.03	0.0	0.0	0.0	0.0	0.0	0.0	0.0	0.0	0.0	0.0	0.0	0.0	0.0	0.0	0.03	0.0	0.02	0.0	0.0	0.02	0.0	0.0	0.0	0.0	0.0	0.0	0.0	0.0	0.0	0.0	0.0	0.0	0.0	0.0	0.0	0.0	0.0	0.0	0.0	0.0	0.0	0.0	0.0	0.0	0.0	0.0	0.01	0.0	0.0	0.0	0.0	0.0	0.0	0.0	0.0	0.0	0.0	0.0
Root; d__Bacteria; p__Actinomycetota; c__UBA4738; o__UBA4738; f__HRBIN12; g__JAOUEA01	0.07	0.06	0.07	0.09	0.05	0.08	0.03	0.04	0.05	0.07	0.07	0.09	0.05	0.09	0.0	0.03	0.07	0.0	0.13	0.11	0.09	0.11	0.13	0.06	0.12	0.09	0.12	0.11	0.15	0.13	0.14	0.11	0.09	0.13	0.12	0.14	0.0	0.0	0.0	0.0	0.0	0.0	0.0	0.0	0.0	0.0	0.0	0.0	0.0	0.0	0.0	0.0	0.0	0.0	0.02	0.02	0.0	0.02	0.02	0.0	0.04	0.02	0.0	0.0	0.0	0.0	0.0	0.0	0.0	0.02	0.01	0.0
Root; d__Bacteria; p__Actinomycetota; c__UBA4738; o__UBA4738; f__HRBIN12; g__CALGFI01	0.04	0.03	0.0	0.04	0.03	0.0	0.03	0.02	0.0	0.04	0.04	0.0	0.03	0.04	0.0	0.03	0.02	0.0	0.09	0.04	0.05	0.07	0.08	0.05	0.07	0.08	0.07	0.1	0.09	0.05	0.07	0.07	0.0	0.07	0.05	0.04	0.03	0.02	0.0	0.03	0.01	0.0	0.02	0.03	0.0	0.04	0.0	0.0	0.03	0.02	0.0	0.02	0.04	0.0	0.05	0.04	0.0	0.06	0.05	0.07	0.06	0.06	0.05	0.04	0.03	0.0	0.05	0.04	0.04	0.05	0.06	0.0
Root; d__Bacteria; p__Actinomycetota; c__UBA4738; o__UBA4738; f__HRBIN12; g__AC-51	0.21	0.14	0.13	0.18	0.16	0.14	0.15	0.16	0.14	0.22	0.18	0.14	0.23	0.21	0.24	0.18	0.17	0.18	0.45	0.51	0.37	0.37	0.41	0.47	0.48	0.48	0.4	0.45	0.49	0.37	0.53	0.49	0.5	0.49	0.44	0.52	0.14	0.15	0.06	0.15	0.15	0.15	0.17	0.15	0.11	0.1	0.11	0.1	0.14	0.12	0.13	0.14	0.18	0.1	0.2	0.21	0.24	0.21	0.22	0.24	0.22	0.21	0.21	0.17	0.21	0.17	0.22	0.23	0.18	0.25	0.25	0.25
Root; d__Bacteria; p__Actinomycetota; c__UBA4738; o__UBA4738; f__HRBIN12; g__DASSJM01	0.02	0.03	0.0	0.0	0.0	0.0	0.0	0.03	0.0	0.06	0.08	0.0	0.09	0.06	0.08	0.04	0.05	0.0	0.04	0.02	0.05	0.03	0.03	0.0	0.02	0.03	0.0	0.05	0.03	0.0	0.03	0.04	0.0	0.03	0.03	0.0	0.0	0.01	0.0	0.0	0.0	0.0	0.02	0.0	0.0	0.0	0.0	0.0	0.0	0.02	0.0	0.0	0.02	0.0	0.0	0.0	0.0	0.03	0.02	0.02	0.03	0.03	0.01	0.02	0.02	0.0	0.02	0.02	0.0	0.03	0.03	0.0
Root; d__Bacteria; p__Actinomycetota; c__UBA4738; o__UBA4738; f__HRBIN12; g__JALYMB01	0.02	0.0	0.0	0.0	0.02	0.0	0.02	0.03	0.0	0.03	0.03	0.0	0.05	0.04	0.0	0.02	0.02	0.0	0.03	0.03	0.0	0.03	0.05	0.0	0.04	0.01	0.0	0.05	0.04	0.0	0.03	0.03	0.0	0.0	0.04	0.0	0.02	0.02	0.0	0.02	0.0	0.0	0.0	0.02	0.0	0.02	0.0	0.0	0.02	0.0	0.0	0.02	0.02	0.0	0.0	0.03	0.0	0.04	0.03	0.03	0.03	0.04	0.03	0.03	0.02	0.0	0.02	0.02	0.0	0.02	0.04	0.0
Root; d__Bacteria; p__Actinomycetota; c__Rubrobacteria; o__Rubrobacterales; f__Rubrobacteraceae; g__Rubrobacter_D	0.73	0.71	0.81	0.69	0.64	0.58	0.8	0.68	0.69	0.86	0.92	0.8	0.89	0.85	1.12	0.8	0.7	0.5	0.92	0.84	0.72	0.83	0.99	1.09	0.9	0.88	0.94	0.92	0.95	0.9	0.84	0.95	0.92	0.83	0.9	0.81	0.26	0.21	0.22	0.25	0.26	0.23	0.32	0.29	0.31	0.31	0.25	0.17	0.26	0.24	0.25	0.25	0.28	0.25	0.33	0.4	0.35	0.38	0.32	0.39	0.38	0.37	0.33	0.37	0.37	0.32	0.31	0.34	0.38	0.38	0.38	0.35
Root; d__Bacteria; p__Actinomycetota; c__Rubrobacteria; o__Rubrobacterales; f__Rubrobacteraceae; g__JALYGY01	0.21	0.2	0.17	0.26	0.24	0.27	0.26	0.22	0.19	0.21	0.29	0.19	0.24	0.29	0.28	0.17	0.18	0.14	0.25	0.25	0.12	0.22	0.16	0.16	0.17	0.23	0.26	0.17	0.19	0.19	0.16	0.19	0.16	0.14	0.21	0.12	0.04	0.05	0.0	0.04	0.04	0.0	0.05	0.05	0.05	0.05	0.05	0.0	0.04	0.04	0.0	0.03	0.03	0.0	0.04	0.02	0.0	0.04	0.06	0.02	0.05	0.03	0.03	0.03	0.04	0.09	0.05	0.05	0.04	0.05	0.06	0.06
Root; d__Bacteria; p__Actinomycetota; c__Rubrobacteria; o__Rubrobacterales; f__Rubrobacteraceae; g__Rubrobacter_F	0.07	0.1	0.09	0.05	0.08	0.06	0.06	0.06	0.05	0.12	0.12	0.09	0.15	0.11	0.13	0.14	0.14	0.08	0.11	0.1	0.06	0.15	0.13	0.05	0.1	0.1	0.1	0.09	0.14	0.08	0.09	0.08	0.05	0.1	0.11	0.13	0.2	0.16	0.1	0.18	0.15	0.21	0.16	0.16	0.18	0.16	0.2	0.08	0.17	0.19	0.1	0.22	0.19	0.22	0.15	0.13	0.09	0.15	0.13	0.14	0.13	0.13	0.13	0.23	0.22	0.26	0.26	0.29	0.2	0.25	0.31	0.18
Root; d__Bacteria; p__Actinomycetota; c__CALGFH01; o__CALGFH01; f__CALGFH01; g__CALGFH01	0.12	0.16	0.08	0.11	0.14	0.1	0.14	0.12	0.14	0.13	0.15	0.14	0.17	0.16	0.12	0.13	0.12	0.12	0.04	0.03	0.05	0.04	0.03	0.0	0.03	0.04	0.0	0.03	0.03	0.0	0.05	0.07	0.0	0.03	0.06	0.0	0.05	0.07	0.05	0.09	0.05	0.07	0.06	0.09	0.05	0.06	0.04	0.0	0.05	0.04	0.0	0.05	0.06	0.0	0.15	0.16	0.17	0.14	0.15	0.11	0.16	0.15	0.14	0.12	0.11	0.08	0.11	0.13	0.04	0.15	0.12	0.1
Root; d__Bacteria; p__Chloroflexota; c__Chloroflexia; o__Thermomicrobiales; f__UBA6265; g__JACCXM01	0.38	0.44	0.37	0.39	0.45	0.32	0.4	0.43	0.35	0.32	0.34	0.35	0.32	0.4	0.22	0.29	0.31	0.21	0.36	0.41	0.38	0.32	0.27	0.27	0.31	0.36	0.38	0.43	0.35	0.36	0.33	0.34	0.35	0.34	0.3	0.3	0.19	0.18	0.15	0.2	0.17	0.16	0.18	0.2	0.13	0.21	0.21	0.22	0.21	0.22	0.22	0.2	0.19	0.24	0.19	0.18	0.15	0.2	0.21	0.2	0.2	0.22	0.22	0.18	0.17	0.14	0.23	0.17	0.16	0.18	0.16	0.19
Root; d__Bacteria; p__Chloroflexota; c__Chloroflexia; o__Thermomicrobiales; f__UBA6265; g__UBA6265	0.02	0.04	0.0	0.03	0.02	0.0	0.01	0.02	0.0	0.0	0.0	0.0	0.0	0.0	0.0	0.02	0.0	0.0	0.0	0.0	0.0	0.0	0.0	0.0	0.0	0.0	0.0	0.0	0.0	0.0	0.0	0.0	0.0	0.0	0.0	0.0	0.0	0.0	0.0	0.0	0.0	0.0	0.0	0.0	0.0	0.0	0.0	0.0	0.0	0.0	0.0	0.0	0.0	0.0	0.0	0.0	0.0	0.0	0.0	0.0	0.0	0.0	0.0	0.0	0.0	0.0	0.0	0.0	0.0	0.0	0.0	0.0
Root; d__Bacteria; p__Chloroflexota; c__Chloroflexia; o__Thermomicrobiales; f__UBA6265; g__CAYJPA01	0.02	0.03	0.0	0.05	0.03	0.06	0.03	0.03	0.0	0.02	0.02	0.0	0.03	0.03	0.0	0.0	0.03	0.0	0.0	0.03	0.0	0.04	0.02	0.0	0.03	0.03	0.0	0.04	0.02	0.0	0.04	0.02	0.0	0.02	0.04	0.0	0.0	0.0	0.0	0.0	0.0	0.0	0.0	0.0	0.0	0.0	0.0	0.0	0.0	0.0	0.0	0.0	0.0	0.0	0.0	0.0	0.0	0.01	0.0	0.0	0.01	0.01	0.0	0.0	0.0	0.0	0.0	0.0	0.0	0.0	0.0	0.0
Root; d__Bacteria; p__Chloroflexota; c__Chloroflexia; o__Thermomicrobiales; f__UBA6265; g__JACCYX01	0.04	0.03	0.0	0.02	0.03	0.0	0.03	0.03	0.0	0.02	0.0	0.0	0.0	0.03	0.0	0.0	0.0	0.0	0.0	0.0	0.0	0.0	0.0	0.0	0.0	0.0	0.0	0.0	0.0	0.0	0.0	0.0	0.0	0.0	0.0	0.0	0.0	0.0	0.0	0.0	0.0	0.0	0.0	0.0	0.0	0.0	0.0	0.0	0.0	0.0	0.0	0.0	0.0	0.0	0.0	0.0	0.0	0.0	0.0	0.0	0.0	0.01	0.0	0.0	0.0	0.0	0.0	0.0	0.0	0.0	0.0	0.0
Root; d__Bacteria; p__Chloroflexota; c__Chloroflexia; o__Thermomicrobiales; f__UBA6265; g__DATBFX01	0.02	0.03	0.0	0.04	0.04	0.0	0.02	0.03	0.0	0.04	0.04	0.0	0.0	0.05	0.0	0.03	0.02	0.0	0.02	0.03	0.0	0.03	0.05	0.0	0.02	0.02	0.0	0.0	0.03	0.0	0.02	0.03	0.0	0.04	0.0	0.0	0.01	0.01	0.0	0.03	0.02	0.0	0.01	0.03	0.0	0.0	0.02	0.0	0.02	0.03	0.0	0.03	0.02	0.0	0.03	0.0	0.0	0.04	0.03	0.0	0.03	0.03	0.02	0.0	0.03	0.0	0.03	0.03	0.0	0.03	0.02	0.0
Root; d__Bacteria; p__Chloroflexota; c__Chloroflexia; o__Thermomicrobiales; f__UBA6265; g__GCMETA_00120394	0.07	0.08	0.0	0.07	0.08	0.0	0.07	0.07	0.1	0.1	0.07	0.09	0.06	0.06	0.13	0.06	0.06	0.11	0.07	0.07	0.0	0.05	0.08	0.05	0.05	0.06	0.0	0.05	0.05	0.0	0.07	0.05	0.0	0.04	0.06	0.0	0.06	0.06	0.1	0.07	0.07	0.0	0.08	0.09	0.12	0.09	0.05	0.0	0.07	0.09	0.06	0.09	0.06	0.06	0.05	0.08	0.0	0.06	0.06	0.05	0.06	0.08	0.07	0.09	0.07	0.0	0.06	0.07	0.0	0.04	0.04	0.0
Root; d__Bacteria; p__Chloroflexota; c__Chloroflexia; o__Thermomicrobiales; f__UBA6265; g__JADLGF01	0.04	0.06	0.05	0.03	0.05	0.0	0.08	0.04	0.08	0.05	0.04	0.0	0.02	0.0	0.0	0.03	0.02	0.0	0.04	0.04	0.0	0.05	0.05	0.0	0.03	0.02	0.0	0.05	0.04	0.0	0.03	0.03	0.0	0.04	0.04	0.0	0.0	0.0	0.0	0.0	0.0	0.0	0.0	0.0	0.0	0.0	0.0	0.0	0.0	0.0	0.0	0.0	0.0	0.0	0.0	0.0	0.0	0.01	0.0	0.0	0.01	0.0	0.0	0.0	0.0	0.0	0.0	0.0	0.0	0.0	0.0	0.0
Root; d__Bacteria; p__Chloroflexota; c__Chloroflexia; o__Thermomicrobiales; f__UBA6265; g__DASQCG01	0.05	0.05	0.0	0.07	0.06	0.0	0.07	0.05	0.0	0.05	0.03	0.0	0.03	0.03	0.0	0.03	0.02	0.0	0.04	0.08	0.0	0.06	0.07	0.05	0.07	0.06	0.0	0.05	0.04	0.0	0.05	0.04	0.06	0.07	0.07	0.0	0.0	0.0	0.0	0.0	0.0	0.0	0.0	0.02	0.0	0.0	0.0	0.0	0.0	0.02	0.0	0.02	0.0	0.0	0.0	0.02	0.0	0.02	0.01	0.0	0.01	0.02	0.0	0.0	0.0	0.0	0.0	0.0	0.0	0.0	0.01	0.0
Root; d__Bacteria; p__Chloroflexota; c__Chloroflexia; o__Thermomicrobiales; f__UBA6265; g__JAMLHN01	0.05	0.04	0.0	0.05	0.06	0.0	0.06	0.04	0.04	0.03	0.05	0.0	0.06	0.03	0.0	0.0	0.05	0.0	0.05	0.06	0.0	0.04	0.05	0.0	0.04	0.05	0.0	0.03	0.06	0.0	0.05	0.05	0.0	0.04	0.1	0.0	0.0	0.01	0.0	0.0	0.02	0.0	0.02	0.0	0.0	0.0	0.02	0.0	0.0	0.0	0.0	0.03	0.02	0.0	0.0	0.0	0.0	0.0	0.0	0.0	0.01	0.01	0.0	0.0	0.0	0.0	0.0	0.0	0.0	0.0	0.0	0.0
Root; d__Bacteria; p__Chloroflexota; c__Chloroflexia; o__Thermomicrobiales; f__UBA6265; g__CAVTUU01	0.04	0.05	0.0	0.06	0.04	0.0	0.05	0.03	0.0	0.07	0.06	0.0	0.04	0.06	0.0	0.02	0.02	0.0	0.02	0.02	0.0	0.0	0.02	0.0	0.0	0.03	0.0	0.04	0.02	0.0	0.02	0.02	0.0	0.03	0.0	0.0	0.0	0.0	0.0	0.0	0.0	0.0	0.0	0.0	0.0	0.0	0.0	0.0	0.0	0.0	0.0	0.0	0.0	0.0	0.0	0.0	0.0	0.01	0.01	0.0	0.01	0.01	0.0	0.0	0.0	0.0	0.0	0.02	0.0	0.0	0.0	0.0
Root; d__Bacteria; p__Chloroflexota; c__Chloroflexia; o__Thermomicrobiales; f__CADCWN01; g__CADCWN01	0.02	0.03	0.0	0.02	0.0	0.0	0.02	0.0	0.0	0.03	0.03	0.0	0.02	0.0	0.0	0.03	0.02	0.0	0.01	0.02	0.0	0.0	0.02	0.0	0.03	0.03	0.0	0.02	0.04	0.0	0.02	0.02	0.0	0.02	0.02	0.0	0.02	0.02	0.0	0.02	0.02	0.0	0.0	0.0	0.0	0.02	0.0	0.0	0.0	0.0	0.0	0.02	0.0	0.0	0.02	0.02	0.0	0.03	0.02	0.0	0.04	0.03	0.03	0.03	0.02	0.0	0.01	0.02	0.0	0.02	0.02	0.0
Root; d__Bacteria; p__Chloroflexota; c__Chloroflexia; o__Thermomicrobiales; f__CFX8; g__JBBECJ01	0.04	0.04	0.0	0.07	0.09	0.0	0.05	0.04	0.07	0.03	0.03	0.0	0.04	0.04	0.0	0.03	0.05	0.0	0.03	0.02	0.0	0.02	0.02	0.0	0.04	0.02	0.0	0.02	0.03	0.0	0.03	0.02	0.0	0.0	0.0	0.0	0.03	0.0	0.0	0.0	0.0	0.0	0.0	0.02	0.0	0.0	0.0	0.0	0.02	0.0	0.0	0.0	0.0	0.0	0.02	0.0	0.0	0.01	0.02	0.0	0.01	0.01	0.0	0.0	0.0	0.0	0.0	0.01	0.0	0.0	0.0	0.0
Root; d__Bacteria; p__Chloroflexota; c__Chloroflexia; o__QHBQ01; f__JADMIH01; g__JADMIH01	0.06	0.04	0.05	0.07	0.06	0.0	0.04	0.05	0.0	0.05	0.04	0.06	0.0	0.02	0.0	0.07	0.08	0.05	0.06	0.07	0.0	0.04	0.05	0.0	0.06	0.05	0.05	0.05	0.05	0.0	0.03	0.07	0.06	0.05	0.05	0.0	0.16	0.11	0.13	0.1	0.13	0.14	0.16	0.12	0.11	0.16	0.14	0.13	0.15	0.14	0.14	0.19	0.12	0.13	0.16	0.14	0.1	0.17	0.17	0.14	0.15	0.16	0.12	0.12	0.12	0.18	0.14	0.17	0.12	0.17	0.13	0.1
Root; d__Bacteria; p__Chloroflexota; c__Chloroflexia; o__Chloroflexales; f__Roseiflexaceae; g__SPIREOTU_00096833	0.08	0.05	0.05	0.04	0.07	0.0	0.06	0.06	0.0	0.04	0.05	0.06	0.05	0.04	0.07	0.03	0.05	0.0	0.06	0.04	0.0	0.04	0.02	0.05	0.03	0.03	0.0	0.02	0.06	0.0	0.05	0.05	0.06	0.05	0.02	0.0	0.02	0.0	0.0	0.03	0.02	0.0	0.02	0.03	0.04	0.02	0.03	0.0	0.02	0.06	0.0	0.04	0.03	0.05	0.05	0.04	0.0	0.04	0.05	0.04	0.07	0.05	0.03	0.04	0.08	0.06	0.05	0.04	0.04	0.05	0.05	0.0
Root; d__Bacteria; p__Chloroflexota; c__UBA6077; o__UBA6077; f__CF-72; g__CF-72	0.03	0.03	0.0	0.03	0.03	0.0	0.02	0.03	0.05	0.07	0.03	0.0	0.07	0.04	0.0	0.1	0.09	0.07	0.07	0.08	0.05	0.09	0.08	0.06	0.08	0.06	0.0	0.08	0.04	0.0	0.07	0.06	0.05	0.05	0.07	0.0	0.16	0.14	0.11	0.21	0.16	0.15	0.17	0.17	0.09	0.22	0.19	0.13	0.14	0.18	0.16	0.15	0.16	0.26	0.19	0.14	0.16	0.22	0.18	0.21	0.21	0.21	0.2	0.19	0.25	0.17	0.21	0.27	0.16	0.19	0.22	0.19
Root; d__Bacteria; p__Chloroflexota; c__UBA6077; o__UBA6077; f__JACCZL01; g__JADZEM01	0.05	0.08	0.05	0.11	0.11	0.09	0.1	0.07	0.07	0.11	0.12	0.12	0.14	0.1	0.11	0.11	0.12	0.1	0.09	0.1	0.12	0.09	0.07	0.1	0.1	0.1	0.07	0.14	0.09	0.08	0.11	0.1	0.08	0.12	0.07	0.06	0.08	0.07	0.08	0.08	0.11	0.0	0.1	0.08	0.0	0.08	0.08	0.1	0.11	0.12	0.08	0.11	0.1	0.19	0.11	0.12	0.08	0.11	0.1	0.1	0.1	0.12	0.1	0.14	0.12	0.1	0.1	0.11	0.07	0.14	0.13	0.1
Root; d__Bacteria; p__Chloroflexota; c__UBA6077; o__UBA6077; f__JAJPHF01; g__JAJPHF01	0.02	0.02	0.0	0.03	0.0	0.0	0.0	0.03	0.0	0.04	0.04	0.0	0.02	0.02	0.0	0.03	0.02	0.0	0.0	0.02	0.0	0.0	0.04	0.05	0.03	0.04	0.0	0.02	0.03	0.0	0.02	0.03	0.0	0.04	0.03	0.0	0.04	0.03	0.0	0.04	0.05	0.0	0.05	0.03	0.0	0.03	0.04	0.0	0.05	0.04	0.0	0.03	0.04	0.0	0.07	0.03	0.05	0.07	0.06	0.05	0.04	0.06	0.07	0.04	0.07	0.0	0.04	0.04	0.04	0.06	0.06	0.0
Root; d__Bacteria; p__Chloroflexota; c__Limnocylindria; o__Limnocylindrales; f__CSP1-4; g__SPCO01	0.56	0.55	0.45	0.56	0.52	0.42	0.51	0.51	0.56	0.5	0.54	0.44	0.55	0.6	0.57	0.43	0.43	0.37	0.66	0.63	0.49	0.64	0.66	0.48	0.61	0.65	0.58	0.62	0.66	0.65	0.59	0.66	0.62	0.61	0.6	0.67	0.3	0.23	0.35	0.26	0.3	0.21	0.3	0.33	0.22	0.32	0.25	0.32	0.26	0.32	0.28	0.28	0.28	0.29	0.27	0.34	0.31	0.31	0.36	0.34	0.34	0.35	0.38	0.32	0.26	0.3	0.32	0.31	0.27	0.3	0.3	0.36
Root; d__Bacteria; p__Chloroflexota; c__Limnocylindria; o__Limnocylindrales; f__CSP1-4; g__UBA5189	0.16	0.12	0.14	0.17	0.21	0.17	0.12	0.17	0.23	0.2	0.24	0.23	0.23	0.22	0.25	0.29	0.27	0.23	0.12	0.14	0.11	0.1	0.12	0.07	0.11	0.1	0.0	0.1	0.12	0.05	0.14	0.1	0.14	0.15	0.11	0.09	0.44	0.42	0.36	0.4	0.36	0.37	0.41	0.38	0.32	0.45	0.38	0.33	0.43	0.43	0.38	0.43	0.43	0.41	0.45	0.4	0.32	0.44	0.39	0.43	0.47	0.42	0.44	0.34	0.35	0.35	0.37	0.45	0.47	0.45	0.46	0.35
Root; d__Bacteria; p__Chloroflexota; c__Limnocylindria; o__Limnocylindrales; f__CSP1-4; g__CF-46	0.15	0.13	0.09	0.11	0.13	0.1	0.13	0.14	0.06	0.16	0.14	0.11	0.15	0.2	0.19	0.21	0.19	0.13	0.09	0.11	0.15	0.15	0.1	0.0	0.14	0.1	0.23	0.14	0.09	0.22	0.12	0.13	0.08	0.13	0.12	0.12	0.4	0.39	0.33	0.41	0.42	0.38	0.39	0.36	0.32	0.45	0.36	0.47	0.38	0.4	0.4	0.41	0.37	0.27	0.39	0.44	0.36	0.41	0.42	0.41	0.47	0.38	0.39	0.36	0.39	0.39	0.42	0.39	0.4	0.34	0.39	0.46
Root; d__Bacteria; p__Chloroflexota; c__Limnocylindria; o__Limnocylindrales; f__CSP1-4; g__JALYGJ01	0.25	0.21	0.2	0.19	0.17	0.17	0.23	0.24	0.15	0.21	0.22	0.13	0.21	0.14	0.28	0.18	0.15	0.17	0.29	0.3	0.35	0.23	0.26	0.19	0.31	0.37	0.17	0.35	0.31	0.22	0.34	0.29	0.18	0.34	0.32	0.25	0.22	0.21	0.18	0.18	0.29	0.22	0.24	0.2	0.28	0.27	0.17	0.17	0.16	0.23	0.19	0.17	0.19	0.19	0.2	0.22	0.3	0.26	0.18	0.22	0.22	0.25	0.23	0.22	0.19	0.12	0.16	0.19	0.21	0.18	0.2	0.29
Root; d__Bacteria; p__Chloroflexota; c__Limnocylindria; o__Limnocylindrales; f__CSP1-4; g__JAFMJV01	0.04	0.07	0.0	0.05	0.08	0.0	0.04	0.08	0.07	0.03	0.05	0.05	0.07	0.04	0.0	0.05	0.07	0.08	0.06	0.08	0.09	0.05	0.06	0.04	0.06	0.06	0.0	0.08	0.08	0.0	0.09	0.09	0.06	0.08	0.08	0.05	0.06	0.05	0.0	0.07	0.06	0.0	0.06	0.07	0.1	0.05	0.03	0.06	0.07	0.04	0.0	0.05	0.07	0.0	0.03	0.02	0.0	0.05	0.05	0.02	0.05	0.05	0.04	0.04	0.03	0.0	0.05	0.03	0.0	0.05	0.04	0.0
Root; d__Bacteria; p__Chloroflexota; c__Limnocylindria; o__Limnocylindrales; f__CSP1-4; g__CAIXZV01	0.29	0.3	0.22	0.31	0.27	0.34	0.27	0.29	0.34	0.25	0.24	0.42	0.28	0.29	0.22	0.26	0.25	0.18	0.27	0.28	0.34	0.27	0.36	0.23	0.36	0.29	0.25	0.31	0.28	0.33	0.34	0.33	0.28	0.34	0.29	0.28	0.12	0.16	0.09	0.12	0.13	0.13	0.14	0.13	0.1	0.09	0.11	0.09	0.12	0.13	0.14	0.1	0.17	0.09	0.23	0.17	0.28	0.17	0.18	0.17	0.2	0.2	0.17	0.19	0.19	0.17	0.17	0.18	0.17	0.17	0.19	0.16
Root; d__Bacteria; p__Chloroflexota; c__Limnocylindria; o__Limnocylindrales; f__CSP1-4; g__JACDAV01	0.05	0.03	0.0	0.03	0.02	0.0	0.03	0.02	0.0	0.04	0.03	0.0	0.05	0.02	0.0	0.08	0.08	0.0	0.03	0.02	0.0	0.02	0.0	0.0	0.02	0.03	0.0	0.02	0.02	0.0	0.02	0.02	0.0	0.02	0.03	0.0	0.18	0.14	0.13	0.2	0.15	0.19	0.14	0.15	0.12	0.13	0.15	0.14	0.14	0.22	0.11	0.12	0.11	0.14	0.09	0.09	0.08	0.1	0.13	0.11	0.13	0.11	0.11	0.08	0.1	0.04	0.13	0.1	0.07	0.12	0.1	0.07
Root; d__Bacteria; p__Chloroflexota; c__Limnocylindria; o__QHBO01; f__QHBO01; g__JACDBZ01	0.1	0.1	0.05	0.12	0.14	0.06	0.12	0.13	0.11	0.14	0.11	0.1	0.14	0.12	0.09	0.1	0.09	0.08	0.0	0.0	0.0	0.0	0.0	0.0	0.0	0.0	0.0	0.0	0.0	0.0	0.0	0.0	0.0	0.0	0.0	0.0	0.08	0.07	0.07	0.07	0.08	0.0	0.08	0.09	0.05	0.06	0.06	0.0	0.06	0.09	0.05	0.06	0.07	0.0	0.0	0.0	0.0	0.0	0.01	0.02	0.01	0.02	0.0	0.0	0.02	0.0	0.0	0.0	0.0	0.0	0.0	0.0
Root; d__Bacteria; p__Chloroflexota; c__Limnocylindria; o__QHBO01; f__QHBO01; g__DASSCW01	0.09	0.07	0.0	0.09	0.11	0.0	0.1	0.12	0.0	0.11	0.11	0.08	0.11	0.13	0.07	0.11	0.07	0.0	0.13	0.12	0.09	0.13	0.1	0.1	0.11	0.14	0.13	0.11	0.11	0.17	0.12	0.14	0.12	0.13	0.13	0.09	0.07	0.06	0.06	0.07	0.08	0.0	0.11	0.08	0.08	0.06	0.12	0.13	0.09	0.06	0.06	0.09	0.05	0.08	0.03	0.0	0.0	0.03	0.04	0.0	0.04	0.04	0.03	0.03	0.02	0.0	0.03	0.02	0.04	0.03	0.03	0.0
Root; d__Bacteria; p__Chloroflexota; c__Dehalococcoidia; o__DSTF01; f__WHTK01; g__WHTK01	0.04	0.08	0.0	0.04	0.05	0.06	0.07	0.06	0.05	0.1	0.05	0.09	0.08	0.07	0.07	0.12	0.09	0.06	0.1	0.09	0.07	0.1	0.09	0.06	0.08	0.13	0.06	0.07	0.11	0.08	0.1	0.11	0.12	0.11	0.09	0.12	0.09	0.08	0.09	0.09	0.06	0.05	0.08	0.08	0.07	0.13	0.1	0.06	0.13	0.11	0.1	0.11	0.07	0.08	0.1	0.07	0.05	0.09	0.09	0.07	0.09	0.1	0.07	0.1	0.08	0.0	0.09	0.1	0.07	0.11	0.12	0.08
Root; d__Bacteria; p__Chloroflexota; c__Anaerolineae; o__Aggregatilineales; f__Phototrophicaceae; g__Flexifilum	0.02	0.0	0.0	0.04	0.0	0.0	0.02	0.02	0.0	0.0	0.02	0.0	0.0	0.0	0.0	0.0	0.02	0.0	0.0	0.0	0.0	0.0	0.0	0.0	0.02	0.0	0.0	0.0	0.02	0.0	0.02	0.02	0.0	0.0	0.0	0.0	0.0	0.0	0.0	0.0	0.0	0.0	0.0	0.0	0.0	0.0	0.03	0.0	0.02	0.01	0.0	0.0	0.0	0.0	0.0	0.02	0.0	0.03	0.02	0.0	0.02	0.02	0.02	0.02	0.02	0.0	0.0	0.02	0.0	0.0	0.0	0.0
Root; d__Bacteria; p__Chloroflexota; c__Anaerolineae; o__Aggregatilineales; f__Phototrophicaceae; g__JALHOR01	0.02	0.03	0.0	0.0	0.0	0.0	0.03	0.04	0.0	0.0	0.0	0.0	0.03	0.0	0.0	0.0	0.0	0.0	0.0	0.0	0.0	0.0	0.0	0.0	0.0	0.0	0.0	0.0	0.0	0.0	0.0	0.0	0.0	0.0	0.0	0.0	0.0	0.0	0.0	0.0	0.0	0.0	0.0	0.0	0.0	0.0	0.0	0.0	0.0	0.0	0.0	0.0	0.0	0.0	0.0	0.0	0.0	0.0	0.0	0.0	0.0	0.0	0.0	0.0	0.0	0.0	0.0	0.0	0.0	0.0	0.0	0.0
Root; d__Bacteria; p__Chloroflexota; c__Anaerolineae; o__Aggregatilineales; f__Phototrophicaceae; g__CFX2	0.05	0.03	0.0	0.02	0.04	0.0	0.05	0.06	0.05	0.04	0.05	0.0	0.04	0.04	0.0	0.03	0.03	0.0	0.02	0.0	0.0	0.0	0.02	0.0	0.0	0.0	0.0	0.02	0.0	0.0	0.01	0.0	0.0	0.0	0.02	0.0	0.0	0.02	0.0	0.0	0.0	0.0	0.02	0.0	0.0	0.02	0.03	0.0	0.03	0.0	0.0	0.02	0.0	0.0	0.02	0.0	0.0	0.02	0.02	0.0	0.02	0.02	0.01	0.03	0.02	0.0	0.01	0.02	0.0	0.02	0.02	0.0
Root; d__Bacteria; p__Chloroflexota; c__Anaerolineae; o__Caldilineales; f__Caldilineaceae; g__QEUY01	0.02	0.03	0.0	0.02	0.04	0.0	0.0	0.02	0.0	0.02	0.03	0.0	0.0	0.02	0.0	0.03	0.02	0.0	0.05	0.05	0.0	0.02	0.03	0.0	0.02	0.02	0.0	0.03	0.03	0.0	0.03	0.04	0.0	0.04	0.03	0.0	0.0	0.0	0.0	0.0	0.0	0.0	0.0	0.0	0.0	0.0	0.0	0.0	0.0	0.0	0.0	0.0	0.0	0.0	0.0	0.0	0.0	0.01	0.0	0.0	0.01	0.01	0.0	0.0	0.0	0.0	0.0	0.0	0.0	0.0	0.0	0.0
Root; d__Bacteria; p__Chloroflexota; c__Dormibacteria; o__Dormibacterales; f__Dormibacteraceae; g__SPIREOTU_01764225	0.03	0.03	0.0	0.03	0.03	0.0	0.03	0.05	0.05	0.04	0.05	0.0	0.04	0.03	0.0	0.03	0.02	0.0	0.02	0.0	0.0	0.0	0.0	0.0	0.02	0.0	0.0	0.02	0.0	0.0	0.02	0.02	0.0	0.02	0.02	0.0	0.0	0.0	0.0	0.0	0.0	0.0	0.0	0.0	0.0	0.0	0.0	0.0	0.0	0.0	0.0	0.0	0.0	0.0	0.0	0.0	0.0	0.02	0.01	0.0	0.01	0.01	0.0	0.0	0.02	0.0	0.0	0.02	0.0	0.02	0.02	0.0
Root; d__Bacteria; p__Pseudomonadota; c__Alphaproteobacteria; o__Rhizobiales; f__Xanthobacteraceae; g__VAZQ01	0.3	0.29	0.39	0.28	0.35	0.29	0.33	0.32	0.24	0.41	0.35	0.35	0.38	0.38	0.21	0.3	0.29	0.21	0.54	0.44	0.47	0.39	0.56	0.4	0.42	0.46	0.36	0.43	0.51	0.39	0.56	0.48	0.43	0.53	0.51	0.41	0.32	0.25	0.23	0.28	0.34	0.32	0.3	0.29	0.33	0.28	0.34	0.3	0.35	0.29	0.32	0.28	0.3	0.28	0.36	0.37	0.31	0.37	0.36	0.33	0.35	0.38	0.33	0.33	0.36	0.3	0.31	0.36	0.3	0.38	0.32	0.39
Root; d__Bacteria; p__Pseudomonadota; c__Alphaproteobacteria; o__Rhizobiales; f__Xanthobacteraceae; g__Bradyrhizobium	1.04	0.99	0.92	1.12	1.16	1.11	0.96	1.16	0.95	0.94	1.07	0.87	0.96	0.96	0.9	1.15	1.11	1.12	1.29	1.23	1.19	1.2	1.13	1.24	1.25	1.16	1.05	1.03	1.08	0.89	1.08	1.25	1.21	1.07	1.14	1.22	1.06	1.11	1.05	1.09	1.0	0.96	1.1	1.14	1.17	1.09	0.94	0.95	1.11	1.02	0.87	1.19	1.08	1.03	1.15	1.14	1.12	1.22	1.22	1.11	1.25	1.25	1.24	1.2	1.16	1.0	1.07	1.18	1.15	1.17	1.13	1.07
Root; d__Bacteria; p__Pseudomonadota; c__Alphaproteobacteria; o__Rhizobiales; f__Xanthobacteraceae; g__PALSA-894	0.16	0.11	0.07	0.15	0.1	0.06	0.11	0.12	0.07	0.19	0.16	0.09	0.15	0.15	0.11	0.18	0.19	0.1	0.27	0.29	0.19	0.24	0.2	0.23	0.28	0.23	0.2	0.27	0.28	0.29	0.24	0.24	0.16	0.24	0.32	0.2	0.15	0.15	0.2	0.16	0.16	0.12	0.19	0.15	0.1	0.2	0.21	0.12	0.18	0.18	0.16	0.18	0.18	0.14	0.29	0.29	0.34	0.32	0.28	0.23	0.28	0.28	0.25	0.32	0.28	0.25	0.3	0.28	0.24	0.27	0.3	0.35
Root; d__Bacteria; p__Pseudomonadota; c__Alphaproteobacteria; o__Rhizobiales; f__Xanthobacteraceae; g__Pseudolabrys	0.13	0.08	0.15	0.12	0.1	0.13	0.13	0.12	0.1	0.12	0.11	0.13	0.09	0.12	0.06	0.25	0.28	0.27	0.13	0.13	0.07	0.2	0.15	0.14	0.13	0.17	0.11	0.14	0.14	0.14	0.18	0.15	0.16	0.17	0.14	0.14	0.57	0.53	0.51	0.63	0.63	0.64	0.63	0.61	0.43	0.56	0.61	0.65	0.55	0.58	0.66	0.61	0.59	0.61	0.19	0.25	0.22	0.26	0.23	0.19	0.23	0.22	0.21	0.22	0.2	0.17	0.26	0.25	0.29	0.21	0.19	0.29
Root; d__Bacteria; p__Pseudomonadota; c__Alphaproteobacteria; o__Rhizobiales; f__Xanthobacteraceae; g__Afipia	0.04	0.02	0.0	0.04	0.0	0.0	0.03	0.04	0.0	0.02	0.04	0.0	0.04	0.0	0.0	0.0	0.03	0.0	0.03	0.02	0.0	0.03	0.02	0.0	0.02	0.0	0.0	0.03	0.02	0.0	0.04	0.02	0.0	0.03	0.0	0.0	0.02	0.02	0.0	0.03	0.02	0.0	0.02	0.02	0.0	0.04	0.03	0.0	0.01	0.02	0.0	0.02	0.04	0.0	0.0	0.02	0.0	0.02	0.02	0.02	0.03	0.02	0.03	0.04	0.02	0.0	0.02	0.02	0.0	0.02	0.03	0.0
Root; d__Bacteria; p__Pseudomonadota; c__Alphaproteobacteria; o__Rhizobiales; f__Xanthobacteraceae; g__Z2-YC6860	0.17	0.17	0.17	0.18	0.18	0.12	0.15	0.17	0.14	0.22	0.19	0.21	0.21	0.22	0.34	0.24	0.29	0.28	0.41	0.33	0.51	0.45	0.37	0.42	0.36	0.36	0.5	0.35	0.35	0.33	0.35	0.37	0.32	0.37	0.44	0.4	0.3	0.33	0.34	0.27	0.26	0.36	0.28	0.28	0.33	0.4	0.33	0.32	0.33	0.29	0.29	0.3	0.3	0.41	0.3	0.33	0.27	0.3	0.24	0.3	0.27	0.3	0.31	0.3	0.29	0.21	0.24	0.27	0.24	0.27	0.34	0.27
Root; d__Bacteria; p__Pseudomonadota; c__Alphaproteobacteria; o__Rhizobiales; f__Xanthobacteraceae; g__Pseudorhodoplanes	0.03	0.04	0.0	0.03	0.06	0.0	0.03	0.03	0.04	0.02	0.02	0.0	0.03	0.04	0.0	0.06	0.04	0.06	0.02	0.0	0.0	0.03	0.02	0.0	0.02	0.03	0.0	0.03	0.03	0.0	0.03	0.03	0.0	0.02	0.02	0.0	0.04	0.02	0.0	0.03	0.02	0.0	0.03	0.04	0.0	0.02	0.04	0.0	0.03	0.07	0.0	0.06	0.02	0.0	0.02	0.02	0.05	0.04	0.05	0.03	0.04	0.04	0.02	0.04	0.03	0.0	0.04	0.03	0.0	0.04	0.03	0.0
Root; d__Bacteria; p__Pseudomonadota; c__Alphaproteobacteria; o__Rhizobiales; f__Xanthobacteraceae; g__CANKHA01	0.02	0.02	0.0	0.02	0.05	0.0	0.04	0.04	0.0	0.03	0.04	0.0	0.03	0.05	0.0	0.06	0.04	0.0	0.06	0.08	0.0	0.06	0.04	0.05	0.05	0.04	0.04	0.02	0.03	0.0	0.03	0.06	0.0	0.05	0.04	0.0	0.05	0.06	0.0	0.04	0.03	0.0	0.05	0.06	0.0	0.04	0.06	0.0	0.07	0.07	0.0	0.05	0.05	0.0	0.03	0.03	0.0	0.04	0.05	0.0	0.04	0.04	0.06	0.05	0.02	0.0	0.03	0.06	0.0	0.05	0.02	0.0
Root; d__Bacteria; p__Pseudomonadota; c__Alphaproteobacteria; o__Rhizobiales; f__Xanthobacteraceae; g__Nitrobacter	0.04	0.06	0.0	0.07	0.06	0.0	0.04	0.05	0.0	0.05	0.04	0.0	0.03	0.04	0.0	0.04	0.03	0.0	0.03	0.03	0.0	0.02	0.03	0.0	0.0	0.0	0.0	0.0	0.03	0.0	0.02	0.02	0.0	0.0	0.02	0.0	0.03	0.02	0.0	0.02	0.04	0.0	0.0	0.02	0.0	0.02	0.02	0.0	0.04	0.02	0.0	0.02	0.0	0.0	0.03	0.02	0.0	0.02	0.02	0.0	0.02	0.02	0.0	0.0	0.0	0.0	0.0	0.01	0.0	0.01	0.02	0.0
Root; d__Bacteria; p__Pseudomonadota; c__Alphaproteobacteria; o__Rhizobiales; f__Xanthobacteraceae; g__Tardiphaga	0.08	0.09	0.0	0.06	0.05	0.07	0.1	0.1	0.12	0.06	0.09	0.0	0.03	0.05	0.0	0.04	0.05	0.0	0.01	0.03	0.0	0.02	0.0	0.0	0.0	0.0	0.0	0.02	0.0	0.0	0.02	0.01	0.0	0.03	0.04	0.0	0.0	0.0	0.0	0.0	0.0	0.0	0.0	0.02	0.0	0.0	0.0	0.0	0.0	0.0	0.0	0.0	0.0	0.0	0.01	0.02	0.0	0.01	0.01	0.0	0.01	0.01	0.0	0.0	0.0	0.0	0.01	0.0	0.0	0.0	0.01	0.0
Root; d__Bacteria; p__Pseudomonadota; c__Alphaproteobacteria; o__Rhizobiales; f__Xanthobacteraceae; g__BOG-931	0.04	0.02	0.0	0.04	0.02	0.0	0.03	0.03	0.0	0.05	0.02	0.0	0.05	0.05	0.0	0.07	0.06	0.06	0.06	0.05	0.0	0.06	0.06	0.05	0.05	0.06	0.04	0.05	0.09	0.0	0.06	0.06	0.0	0.06	0.06	0.0	0.07	0.08	0.07	0.06	0.1	0.1	0.06	0.09	0.04	0.08	0.05	0.05	0.1	0.07	0.0	0.11	0.09	0.07	0.06	0.07	0.07	0.1	0.08	0.07	0.08	0.07	0.06	0.07	0.07	0.08	0.07	0.07	0.11	0.07	0.09	0.06
Root; d__Bacteria; p__Pseudomonadota; c__Alphaproteobacteria; o__Rhizobiales; f__Beijerinckiaceae; g__JAJKJG01	0.16	0.16	0.09	0.18	0.15	0.09	0.22	0.17	0.14	0.18	0.18	0.16	0.18	0.23	0.19	0.19	0.19	0.15	0.27	0.32	0.24	0.31	0.36	0.3	0.29	0.25	0.32	0.29	0.3	0.33	0.28	0.3	0.25	0.35	0.33	0.32	0.04	0.03	0.04	0.05	0.05	0.0	0.06	0.06	0.0	0.06	0.05	0.0	0.04	0.05	0.0	0.07	0.05	0.04	0.08	0.08	0.0	0.09	0.09	0.07	0.08	0.07	0.08	0.07	0.1	0.04	0.08	0.08	0.0	0.1	0.08	0.09
Root; d__Bacteria; p__Pseudomonadota; c__Alphaproteobacteria; o__Rhizobiales; f__Beijerinckiaceae; g__Microvirga	0.39	0.29	0.29	0.37	0.34	0.36	0.39	0.36	0.49	0.36	0.37	0.26	0.24	0.27	0.36	0.27	0.3	0.3	0.29	0.34	0.26	0.37	0.27	0.35	0.29	0.27	0.38	0.31	0.35	0.28	0.27	0.31	0.31	0.25	0.3	0.31	0.18	0.23	0.12	0.2	0.18	0.16	0.17	0.19	0.14	0.17	0.17	0.22	0.14	0.18	0.18	0.16	0.17	0.12	0.31	0.36	0.34	0.32	0.35	0.36	0.33	0.31	0.28	0.27	0.31	0.33	0.34	0.25	0.23	0.28	0.28	0.33
Root; d__Bacteria; p__Pseudomonadota; c__Alphaproteobacteria; o__Rhizobiales; f__Beijerinckiaceae; g__Methylobacterium	0.1	0.14	0.1	0.09	0.06	0.0	0.1	0.11	0.1	0.06	0.05	0.0	0.06	0.06	0.0	0.06	0.05	0.05	0.04	0.06	0.05	0.04	0.04	0.05	0.03	0.04	0.0	0.03	0.04	0.06	0.06	0.04	0.0	0.05	0.04	0.05	0.08	0.03	0.0	0.05	0.04	0.05	0.04	0.04	0.05	0.05	0.03	0.06	0.04	0.04	0.0	0.04	0.05	0.0	0.07	0.07	0.0	0.07	0.08	0.05	0.08	0.07	0.06	0.07	0.06	0.08	0.06	0.03	0.06	0.08	0.05	0.05
Root; d__Bacteria; p__Pseudomonadota; c__Alphaproteobacteria; o__Rhizobiales; f__Beijerinckiaceae; g__Allobosea	0.04	0.05	0.0	0.05	0.0	0.0	0.04	0.06	0.05	0.0	0.02	0.0	0.0	0.03	0.0	0.02	0.03	0.0	0.0	0.0	0.0	0.0	0.0	0.0	0.0	0.0	0.0	0.0	0.0	0.0	0.0	0.0	0.0	0.0	0.0	0.0	0.02	0.0	0.0	0.0	0.0	0.0	0.0	0.0	0.0	0.0	0.0	0.0	0.0	0.0	0.0	0.0	0.02	0.0	0.0	0.02	0.0	0.01	0.01	0.0	0.01	0.01	0.01	0.0	0.0	0.0	0.01	0.0	0.0	0.0	0.0	0.0
Root; d__Bacteria; p__Pseudomonadota; c__Alphaproteobacteria; o__Rhizobiales; f__Kaistiaceae; g__Kaistia	0.02	0.0	0.0	0.0	0.0	0.0	0.03	0.02	0.0	0.0	0.0	0.0	0.0	0.0	0.0	0.0	0.0	0.0	0.0	0.0	0.0	0.0	0.0	0.0	0.0	0.0	0.0	0.0	0.0	0.0	0.0	0.0	0.0	0.0	0.0	0.0	0.0	0.0	0.0	0.0	0.0	0.0	0.0	0.0	0.0	0.0	0.0	0.0	0.0	0.0	0.0	0.0	0.0	0.0	0.0	0.0	0.0	0.0	0.0	0.0	0.0	0.0	0.0	0.0	0.0	0.0	0.0	0.0	0.0	0.0	0.0	0.0
Root; d__Bacteria; p__Pseudomonadota; c__Alphaproteobacteria; o__Rhizobiales; f__Rhizobiaceae; g__Rhizobium	0.09	0.15	0.09	0.12	0.1	0.0	0.15	0.16	0.14	0.09	0.08	0.0	0.07	0.06	0.1	0.07	0.09	0.06	0.04	0.05	0.0	0.03	0.05	0.05	0.04	0.05	0.0	0.02	0.04	0.0	0.04	0.03	0.04	0.04	0.03	0.06	0.03	0.0	0.0	0.0	0.0	0.0	0.0	0.0	0.0	0.0	0.02	0.0	0.0	0.03	0.0	0.0	0.0	0.0	0.0	0.0	0.0	0.02	0.02	0.0	0.02	0.03	0.0	0.01	0.03	0.0	0.03	0.0	0.0	0.01	0.0	0.0
Root; d__Bacteria; p__Pseudomonadota; c__Alphaproteobacteria; o__Rhizobiales; f__Rhizobiaceae; g__Mesorhizobium	0.18	0.16	0.22	0.12	0.15	0.16	0.15	0.15	0.08	0.1	0.12	0.13	0.15	0.13	0.18	0.15	0.18	0.1	0.08	0.11	0.07	0.09	0.08	0.09	0.13	0.08	0.1	0.08	0.09	0.07	0.09	0.09	0.07	0.06	0.05	0.0	0.1	0.13	0.16	0.11	0.09	0.07	0.11	0.12	0.11	0.14	0.13	0.0	0.11	0.11	0.15	0.09	0.08	0.09	0.11	0.11	0.12	0.09	0.1	0.1	0.09	0.09	0.09	0.1	0.1	0.09	0.06	0.09	0.12	0.08	0.08	0.1
Root; d__Bacteria; p__Pseudomonadota; c__Alphaproteobacteria; o__Rhizobiales; f__Rhizobiaceae; g__Agrobacterium	0.07	0.05	0.0	0.02	0.06	0.0	0.03	0.04	0.0	0.0	0.0	0.0	0.0	0.0	0.0	0.0	0.0	0.0	0.0	0.0	0.0	0.0	0.0	0.0	0.0	0.0	0.0	0.0	0.0	0.0	0.0	0.0	0.0	0.0	0.0	0.0	0.0	0.0	0.0	0.0	0.0	0.0	0.0	0.0	0.0	0.0	0.0	0.0	0.0	0.0	0.0	0.0	0.0	0.0	0.0	0.0	0.0	0.0	0.0	0.0	0.0	0.0	0.0	0.0	0.0	0.0	0.0	0.0	0.0	0.0	0.0	0.0
Root; d__Bacteria; p__Pseudomonadota; c__Alphaproteobacteria; o__Rhizobiales; f__Rhizobiaceae; g__Kumtagia	0.02	0.0	0.0	0.0	0.0	0.0	0.03	0.0	0.0	0.0	0.0	0.0	0.0	0.0	0.0	0.01	0.02	0.0	0.0	0.0	0.0	0.0	0.0	0.0	0.0	0.0	0.0	0.0	0.0	0.0	0.0	0.0	0.0	0.0	0.0	0.0	0.0	0.0	0.0	0.0	0.0	0.0	0.0	0.0	0.0	0.0	0.0	0.0	0.0	0.0	0.0	0.0	0.0	0.0	0.0	0.0	0.0	0.0	0.0	0.0	0.0	0.0	0.0	0.0	0.0	0.0	0.0	0.0	0.0	0.0	0.0	0.0
Root; d__Bacteria; p__Pseudomonadota; c__Alphaproteobacteria; o__Rhizobiales; f__Rhizobiaceae; g__Rhizobium_E	0.03	0.05	0.0	0.03	0.04	0.0	0.04	0.04	0.0	0.02	0.02	0.0	0.0	0.0	0.0	0.02	0.02	0.0	0.0	0.0	0.0	0.0	0.0	0.0	0.0	0.0	0.0	0.0	0.0	0.0	0.0	0.0	0.0	0.0	0.0	0.0	0.0	0.0	0.0	0.0	0.0	0.0	0.0	0.0	0.0	0.0	0.0	0.0	0.0	0.0	0.0	0.0	0.0	0.0	0.0	0.0	0.0	0.01	0.01	0.0	0.0	0.01	0.0	0.0	0.0	0.0	0.0	0.0	0.0	0.0	0.0	0.0
Root; d__Bacteria; p__Pseudomonadota; c__Alphaproteobacteria; o__Rhizobiales; f__Rhizobiaceae; g__Neorhizobium	0.02	0.03	0.0	0.03	0.0	0.0	0.05	0.03	0.0	0.0	0.0	0.0	0.02	0.0	0.0	0.0	0.0	0.0	0.0	0.0	0.0	0.0	0.0	0.0	0.0	0.0	0.0	0.0	0.0	0.0	0.0	0.0	0.0	0.0	0.0	0.0	0.0	0.0	0.0	0.0	0.0	0.0	0.0	0.0	0.0	0.0	0.0	0.0	0.0	0.0	0.0	0.0	0.0	0.0	0.0	0.0	0.0	0.0	0.0	0.0	0.01	0.0	0.0	0.0	0.0	0.0	0.0	0.0	0.0	0.0	0.0	0.0
Root; d__Bacteria; p__Pseudomonadota; c__Alphaproteobacteria; o__Rhizobiales; f__Rhizobiaceae; g__Phyllobacterium	0.03	0.04	0.0	0.04	0.03	0.0	0.0	0.0	0.0	0.04	0.03	0.0	0.0	0.0	0.0	0.0	0.02	0.0	0.0	0.0	0.0	0.0	0.02	0.0	0.0	0.0	0.0	0.0	0.0	0.0	0.0	0.0	0.0	0.0	0.0	0.0	0.0	0.0	0.0	0.0	0.0	0.0	0.0	0.0	0.0	0.0	0.0	0.0	0.0	0.0	0.0	0.0	0.0	0.0	0.0	0.0	0.0	0.0	0.0	0.0	0.0	0.0	0.0	0.0	0.0	0.0	0.0	0.0	0.0	0.0	0.0	0.0
Root; d__Bacteria; p__Pseudomonadota; c__Alphaproteobacteria; o__Rhizobiales; f__Rhizobiaceae; g__Pararhizobium	0.02	0.0	0.0	0.02	0.02	0.0	0.03	0.03	0.0	0.02	0.0	0.0	0.0	0.0	0.0	0.02	0.0	0.0	0.0	0.0	0.0	0.0	0.0	0.0	0.0	0.0	0.0	0.0	0.0	0.0	0.0	0.0	0.0	0.0	0.0	0.0	0.0	0.0	0.0	0.0	0.0	0.0	0.0	0.0	0.0	0.0	0.0	0.0	0.0	0.0	0.0	0.0	0.0	0.0	0.0	0.0	0.0	0.0	0.0	0.0	0.0	0.0	0.0	0.0	0.0	0.0	0.0	0.0	0.0	0.0	0.0	0.0
Root; d__Bacteria; p__Pseudomonadota; c__Alphaproteobacteria; o__Rhizobiales; f__Aestuariivirgaceae; g__Aestuariivirga	0.08	0.07	0.06	0.05	0.07	0.0	0.05	0.07	0.0	0.06	0.05	0.0	0.09	0.04	0.0	0.04	0.05	0.0	0.04	0.01	0.0	0.0	0.0	0.0	0.0	0.03	0.0	0.03	0.02	0.0	0.03	0.0	0.0	0.0	0.0	0.0	0.0	0.0	0.0	0.0	0.0	0.0	0.0	0.01	0.0	0.02	0.02	0.0	0.0	0.02	0.0	0.02	0.02	0.0	0.03	0.04	0.0	0.04	0.03	0.05	0.05	0.04	0.04	0.02	0.04	0.0	0.03	0.03	0.0	0.04	0.03	0.0
Root; d__Bacteria; p__Pseudomonadota; c__Alphaproteobacteria; o__Rhizobiales; f__Devosiaceae; g__Devosia_A	0.23	0.21	0.18	0.16	0.22	0.1	0.31	0.35	0.24	0.19	0.16	0.14	0.15	0.16	0.1	0.17	0.2	0.17	0.07	0.13	0.1	0.07	0.1	0.0	0.11	0.1	0.1	0.06	0.08	0.07	0.09	0.08	0.09	0.08	0.12	0.05	0.14	0.16	0.1	0.15	0.13	0.1	0.15	0.14	0.1	0.14	0.13	0.12	0.15	0.14	0.11	0.16	0.18	0.16	0.15	0.13	0.05	0.13	0.13	0.1	0.16	0.14	0.14	0.11	0.15	0.1	0.15	0.11	0.08	0.12	0.14	0.11
Root; d__Bacteria; p__Pseudomonadota; c__Alphaproteobacteria; o__Rhizobiales; f__Devosiaceae; g__Devosia	0.19	0.17	0.22	0.08	0.08	0.15	0.21	0.19	0.13	0.05	0.08	0.0	0.09	0.16	0.0	0.06	0.09	0.07	0.0	0.02	0.0	0.0	0.02	0.0	0.0	0.0	0.0	0.02	0.0	0.0	0.02	0.02	0.0	0.01	0.01	0.0	0.01	0.0	0.0	0.02	0.03	0.0	0.02	0.03	0.0	0.02	0.03	0.0	0.02	0.02	0.0	0.02	0.02	0.0	0.02	0.0	0.0	0.01	0.03	0.0	0.03	0.01	0.0	0.02	0.01	0.0	0.0	0.02	0.0	0.02	0.02	0.0
Root; d__Bacteria; p__Pseudomonadota; c__Alphaproteobacteria; o__Rhizobiales; f__Methyloligellaceae; g__Methyloceanibacter	0.04	0.0	0.0	0.03	0.02	0.0	0.04	0.02	0.0	0.03	0.03	0.0	0.0	0.02	0.0	0.03	0.06	0.0	0.01	0.02	0.0	0.0	0.04	0.0	0.03	0.02	0.0	0.02	0.02	0.0	0.02	0.03	0.0	0.02	0.02	0.05	0.03	0.07	0.0	0.06	0.05	0.0	0.06	0.03	0.0	0.06	0.05	0.0	0.04	0.05	0.06	0.06	0.06	0.06	0.02	0.05	0.0	0.03	0.03	0.02	0.04	0.04	0.03	0.01	0.02	0.0	0.02	0.03	0.0	0.02	0.02	0.0
Root; d__Bacteria; p__Pseudomonadota; c__Alphaproteobacteria; o__Rhizobiales; f__Hyphomicrobiaceae; g__Hyphomicrobium_A	0.02	0.02	0.0	0.03	0.02	0.0	0.0	0.02	0.0	0.0	0.03	0.0	0.0	0.0	0.0	0.0	0.02	0.0	0.02	0.0	0.0	0.02	0.02	0.0	0.02	0.02	0.0	0.02	0.02	0.0	0.0	0.02	0.0	0.0	0.0	0.0	0.02	0.03	0.0	0.02	0.03	0.0	0.02	0.03	0.0	0.04	0.02	0.0	0.05	0.0	0.0	0.02	0.01	0.0	0.0	0.03	0.0	0.02	0.01	0.0	0.03	0.02	0.03	0.02	0.01	0.0	0.02	0.02	0.0	0.01	0.02	0.0
Root; d__Bacteria; p__Pseudomonadota; c__Alphaproteobacteria; o__Rhizobiales; f__Afifellaceae; g__DASWJZ01	0.02	0.0	0.0	0.0	0.03	0.0	0.01	0.0	0.0	0.04	0.03	0.0	0.0	0.0	0.0	0.05	0.03	0.0	0.0	0.03	0.0	0.02	0.04	0.0	0.04	0.02	0.0	0.02	0.03	0.0	0.05	0.04	0.0	0.03	0.02	0.0	0.06	0.04	0.0	0.05	0.04	0.0	0.07	0.06	0.04	0.06	0.06	0.05	0.06	0.06	0.0	0.07	0.04	0.0	0.01	0.05	0.0	0.05	0.05	0.03	0.05	0.04	0.04	0.03	0.02	0.0	0.05	0.04	0.0	0.04	0.04	0.04
Root; d__Bacteria; p__Pseudomonadota; c__Alphaproteobacteria; o__Caulobacterales; f__Caulobacteraceae; g__Caulobacter	0.12	0.09	0.13	0.06	0.07	0.0	0.12	0.12	0.18	0.04	0.05	0.0	0.08	0.06	0.0	0.04	0.04	0.0	0.03	0.04	0.0	0.05	0.04	0.0	0.03	0.04	0.0	0.03	0.03	0.0	0.05	0.04	0.06	0.04	0.03	0.0	0.03	0.05	0.06	0.05	0.06	0.0	0.02	0.03	0.0	0.03	0.04	0.0	0.06	0.04	0.0	0.02	0.04	0.0	0.0	0.03	0.0	0.02	0.02	0.0	0.02	0.02	0.02	0.02	0.03	0.0	0.02	0.02	0.0	0.02	0.03	0.0
Root; d__Bacteria; p__Pseudomonadota; c__Alphaproteobacteria; o__Caulobacterales; f__Caulobacteraceae; g__Phenylobacterium	0.19	0.21	0.27	0.24	0.24	0.19	0.21	0.26	0.13	0.27	0.25	0.19	0.17	0.19	0.19	0.22	0.2	0.22	0.19	0.14	0.2	0.18	0.21	0.15	0.16	0.17	0.14	0.16	0.13	0.22	0.22	0.18	0.17	0.15	0.2	0.12	0.17	0.19	0.21	0.21	0.2	0.14	0.19	0.18	0.24	0.24	0.23	0.22	0.16	0.16	0.24	0.17	0.19	0.14	0.23	0.22	0.15	0.18	0.18	0.28	0.16	0.2	0.19	0.17	0.17	0.22	0.17	0.17	0.19	0.16	0.2	0.18
Root; d__Bacteria; p__Pseudomonadota; c__Alphaproteobacteria; o__Caulobacterales; f__Caulobacteraceae; g__Brevundimonas	0.1	0.09	0.09	0.04	0.09	0.06	0.12	0.11	0.08	0.0	0.03	0.0	0.0	0.02	0.0	0.0	0.03	0.0	0.0	0.02	0.0	0.0	0.0	0.0	0.0	0.02	0.0	0.0	0.0	0.0	0.02	0.0	0.0	0.0	0.02	0.0	0.0	0.01	0.0	0.02	0.02	0.0	0.0	0.03	0.0	0.0	0.03	0.0	0.0	0.0	0.0	0.01	0.03	0.0	0.03	0.02	0.0	0.03	0.02	0.03	0.01	0.02	0.01	0.0	0.03	0.0	0.02	0.02	0.0	0.02	0.02	0.0
Root; d__Bacteria; p__Pseudomonadota; c__Alphaproteobacteria; o__Reyranellales; f__Reyranellaceae; g__Reyranella	0.14	0.14	0.11	0.18	0.15	0.16	0.18	0.2	0.17	0.23	0.21	0.19	0.18	0.17	0.1	0.21	0.24	0.19	0.23	0.22	0.2	0.24	0.2	0.23	0.25	0.21	0.09	0.25	0.2	0.23	0.23	0.22	0.24	0.24	0.18	0.15	0.29	0.21	0.35	0.27	0.22	0.15	0.22	0.2	0.21	0.33	0.29	0.41	0.35	0.27	0.16	0.28	0.25	0.33	0.22	0.13	0.25	0.16	0.18	0.15	0.18	0.16	0.16	0.16	0.19	0.12	0.14	0.13	0.25	0.16	0.17	0.15
Root; d__Bacteria; p__Pseudomonadota; c__Alphaproteobacteria; o__Sphingomonadales; f__Sphingomonadaceae; g__Sphingomonas	0.16	0.19	0.27	0.11	0.18	0.1	0.23	0.23	0.23	0.08	0.11	0.07	0.17	0.19	0.12	0.1	0.12	0.12	0.07	0.06	0.08	0.1	0.09	0.08	0.12	0.11	0.0	0.07	0.11	0.06	0.09	0.06	0.04	0.1	0.12	0.04	0.1	0.12	0.09	0.07	0.09	0.09	0.12	0.11	0.08	0.07	0.07	0.14	0.06	0.08	0.13	0.11	0.1	0.0	0.04	0.07	0.0	0.1	0.07	0.08	0.07	0.07	0.04	0.12	0.07	0.09	0.1	0.07	0.06	0.07	0.07	0.05
Root; d__Bacteria; p__Pseudomonadota; c__Alphaproteobacteria; o__Sphingomonadales; f__Sphingomonadaceae; g__Sphingobium	0.05	0.04	0.0	0.02	0.03	0.0	0.06	0.08	0.04	0.02	0.02	0.0	0.02	0.0	0.0	0.0	0.0	0.0	0.0	0.0	0.0	0.0	0.0	0.0	0.0	0.0	0.0	0.0	0.0	0.0	0.0	0.02	0.0	0.0	0.0	0.0	0.01	0.0	0.0	0.0	0.0	0.0	0.02	0.02	0.0	0.02	0.0	0.0	0.0	0.0	0.0	0.0	0.0	0.0	0.0	0.0	0.0	0.01	0.01	0.0	0.01	0.01	0.0	0.0	0.0	0.0	0.01	0.0	0.0	0.01	0.01	0.0
Root; d__Bacteria; p__Pseudomonadota; c__Alphaproteobacteria; o__Sphingomonadales; f__Sphingomonadaceae; g__Novosphingobium	0.11	0.1	0.12	0.09	0.06	0.09	0.06	0.09	0.11	0.06	0.04	0.05	0.08	0.06	0.0	0.07	0.05	0.0	0.04	0.03	0.0	0.04	0.05	0.0	0.03	0.05	0.0	0.03	0.03	0.04	0.06	0.05	0.06	0.04	0.04	0.0	0.05	0.05	0.0	0.05	0.05	0.0	0.04	0.05	0.04	0.04	0.02	0.0	0.03	0.05	0.0	0.04	0.03	0.0	0.06	0.06	0.05	0.06	0.08	0.05	0.07	0.06	0.09	0.03	0.09	0.04	0.06	0.04	0.0	0.07	0.05	0.08
Root; d__Bacteria; p__Pseudomonadota; c__Alphaproteobacteria; o__Sphingomonadales; f__Sphingomonadaceae; g__Sphingomicrobium	1.27	1.19	1.25	1.36	1.23	1.51	1.19	1.17	1.22	1.06	1.0	0.98	1.04	1.04	1.06	1.37	1.42	1.25	1.35	1.29	1.38	1.28	1.26	1.35	1.39	1.29	1.39	1.1	1.19	1.27	1.24	1.29	1.62	1.2	1.22	1.37	2.97	2.86	2.73	2.94	2.98	3.07	3.16	3.12	2.93	2.33	2.41	2.31	2.42	2.41	2.58	2.43	2.57	2.35	2.01	2.23	1.94	2.0	2.01	2.04	2.04	2.07	2.0	1.85	1.74	1.76	1.72	1.93	1.91	1.83	1.73	1.72
Root; d__Bacteria; p__Pseudomonadota; c__Alphaproteobacteria; o__Sphingomonadales; f__Sphingomonadaceae; g__Allosphingosinicella	0.22	0.19	0.17	0.22	0.22	0.13	0.14	0.2	0.2	0.26	0.21	0.26	0.19	0.22	0.25	0.25	0.27	0.25	0.3	0.23	0.32	0.29	0.28	0.2	0.3	0.29	0.21	0.32	0.26	0.13	0.19	0.29	0.22	0.23	0.21	0.19	0.48	0.55	0.51	0.42	0.45	0.53	0.47	0.53	0.45	0.51	0.41	0.36	0.45	0.49	0.41	0.47	0.53	0.45	0.41	0.31	0.31	0.36	0.35	0.27	0.38	0.33	0.3	0.3	0.38	0.35	0.37	0.41	0.32	0.36	0.37	0.46
Root; d__Bacteria; p__Pseudomonadota; c__Alphaproteobacteria; o__Sphingomonadales; f__Sphingomonadaceae; g__Croceibacterium_A	0.05	0.03	0.0	0.04	0.04	0.0	0.06	0.04	0.0	0.04	0.06	0.0	0.04	0.0	0.0	0.0	0.04	0.0	0.03	0.04	0.0	0.0	0.0	0.0	0.02	0.03	0.0	0.0	0.03	0.0	0.03	0.0	0.0	0.0	0.02	0.0	0.02	0.03	0.0	0.04	0.02	0.0	0.02	0.01	0.0	0.02	0.02	0.0	0.0	0.0	0.0	0.02	0.03	0.0	0.03	0.02	0.0	0.03	0.03	0.0	0.03	0.03	0.04	0.01	0.02	0.0	0.0	0.01	0.0	0.02	0.02	0.0
Root; d__Bacteria; p__Pseudomonadota; c__Alphaproteobacteria; o__Sphingomonadales; f__Sphingomonadaceae; g__Sphingopyxis	0.06	0.05	0.09	0.02	0.04	0.0	0.07	0.06	0.07	0.04	0.03	0.0	0.02	0.04	0.0	0.03	0.03	0.05	0.0	0.0	0.0	0.0	0.0	0.0	0.0	0.0	0.0	0.0	0.0	0.0	0.0	0.0	0.0	0.0	0.0	0.0	0.0	0.02	0.0	0.02	0.0	0.0	0.01	0.0	0.0	0.0	0.0	0.0	0.0	0.0	0.0	0.0	0.0	0.0	0.0	0.0	0.0	0.01	0.01	0.0	0.01	0.01	0.0	0.0	0.0	0.0	0.0	0.0	0.0	0.0	0.0	0.0
Root; d__Bacteria; p__Pseudomonadota; c__Alphaproteobacteria; o__Sphingomonadales; f__Sphingomonadaceae; g__Sphingomonas_I	0.02	0.03	0.0	0.0	0.0	0.0	0.05	0.07	0.0	0.0	0.0	0.0	0.03	0.03	0.0	0.0	0.0	0.0	0.0	0.02	0.0	0.0	0.0	0.0	0.02	0.0	0.0	0.0	0.0	0.0	0.03	0.03	0.0	0.03	0.0	0.0	0.0	0.0	0.0	0.0	0.0	0.0	0.0	0.0	0.0	0.0	0.0	0.0	0.0	0.0	0.0	0.0	0.02	0.0	0.0	0.0	0.0	0.02	0.01	0.0	0.01	0.01	0.0	0.01	0.0	0.0	0.0	0.0	0.0	0.0	0.0	0.0
Root; d__Bacteria; p__Pseudomonadota; c__Alphaproteobacteria; o__Acetobacterales; f__Acetobacteraceae; g__Paracraurococcus	0.02	0.03	0.0	0.0	0.0	0.0	0.01	0.03	0.0	0.02	0.02	0.0	0.0	0.0	0.0	0.0	0.02	0.0	0.0	0.0	0.0	0.0	0.0	0.0	0.0	0.0	0.0	0.0	0.0	0.0	0.0	0.0	0.0	0.0	0.0	0.0	0.02	0.0	0.0	0.0	0.02	0.0	0.02	0.01	0.0	0.0	0.0	0.0	0.0	0.02	0.0	0.0	0.0	0.0	0.04	0.05	0.0	0.04	0.04	0.04	0.05	0.05	0.03	0.04	0.06	0.0	0.03	0.03	0.0	0.03	0.04	0.0
Root; d__Bacteria; p__Pseudomonadota; c__Alphaproteobacteria; o__Acetobacterales; f__Acetobacteraceae; g__Pseudoroseomonas	0.03	0.03	0.0	0.0	0.0	0.0	0.0	0.0	0.0	0.0	0.0	0.0	0.0	0.0	0.0	0.0	0.0	0.0	0.0	0.0	0.0	0.0	0.0	0.0	0.0	0.0	0.0	0.0	0.0	0.0	0.0	0.0	0.0	0.0	0.0	0.0	0.0	0.0	0.0	0.0	0.0	0.0	0.0	0.0	0.0	0.0	0.0	0.0	0.0	0.0	0.0	0.0	0.0	0.0	0.0	0.0	0.0	0.01	0.01	0.0	0.01	0.01	0.01	0.0	0.0	0.0	0.0	0.0	0.0	0.0	0.0	0.0
Root; d__Bacteria; p__Pseudomonadota; c__Alphaproteobacteria; o__Acetobacterales; f__Acetobacteraceae; g__Rhodopila	0.03	0.02	0.0	0.03	0.0	0.0	0.03	0.03	0.0	0.03	0.0	0.0	0.02	0.0	0.0	0.03	0.04	0.05	0.02	0.05	0.0	0.02	0.02	0.0	0.06	0.02	0.0	0.04	0.02	0.0	0.04	0.04	0.0	0.03	0.03	0.0	0.07	0.07	0.12	0.07	0.08	0.0	0.09	0.09	0.08	0.08	0.07	0.0	0.1	0.09	0.1	0.08	0.08	0.07	0.08	0.1	0.0	0.08	0.1	0.07	0.09	0.1	0.09	0.07	0.09	0.0	0.07	0.11	0.05	0.09	0.08	0.04
Root; d__Bacteria; p__Pseudomonadota; c__Alphaproteobacteria; o__Acetobacterales; f__Acetobacteraceae; g__JAMXLO01	0.03	0.03	0.0	0.03	0.02	0.0	0.04	0.04	0.0	0.03	0.06	0.04	0.07	0.03	0.0	0.05	0.07	0.0	0.04	0.04	0.0	0.02	0.05	0.0	0.07	0.06	0.0	0.03	0.04	0.0	0.05	0.04	0.0	0.04	0.04	0.0	0.09	0.09	0.05	0.12	0.07	0.06	0.08	0.07	0.12	0.05	0.1	0.09	0.08	0.09	0.09	0.09	0.11	0.06	0.07	0.08	0.11	0.09	0.11	0.06	0.07	0.09	0.08	0.1	0.09	0.05	0.11	0.09	0.07	0.08	0.09	0.09
Root; d__Bacteria; p__Pseudomonadota; c__Alphaproteobacteria; o__Geminicoccales; f__Geminicoccaceae; g__Benzoatithermus	0.04	0.0	0.0	0.03	0.03	0.0	0.05	0.02	0.0	0.03	0.04	0.0	0.04	0.04	0.0	0.03	0.04	0.0	0.04	0.03	0.0	0.04	0.02	0.0	0.04	0.02	0.05	0.04	0.04	0.0	0.02	0.03	0.0	0.02	0.03	0.0	0.03	0.02	0.0	0.03	0.0	0.0	0.03	0.04	0.0	0.0	0.0	0.0	0.03	0.02	0.0	0.01	0.01	0.0	0.05	0.02	0.0	0.04	0.04	0.02	0.04	0.05	0.05	0.03	0.05	0.0	0.03	0.03	0.0	0.04	0.05	0.07
Root; d__Bacteria; p__Pseudomonadota; c__Alphaproteobacteria; o__Azospirillales; f__Azospirillaceae; g__Azospirillum	0.08	0.1	0.1	0.0	0.02	0.0	0.09	0.09	0.12	0.0	0.0	0.0	0.0	0.0	0.0	0.0	0.0	0.0	0.0	0.0	0.0	0.0	0.0	0.0	0.0	0.0	0.0	0.0	0.0	0.0	0.0	0.0	0.0	0.0	0.0	0.0	0.0	0.0	0.0	0.0	0.0	0.0	0.0	0.0	0.0	0.0	0.0	0.0	0.0	0.0	0.0	0.0	0.0	0.0	0.0	0.0	0.0	0.02	0.01	0.0	0.01	0.01	0.0	0.0	0.0	0.0	0.0	0.0	0.0	0.0	0.0	0.0
Root; d__Bacteria; p__Pseudomonadota; c__Alphaproteobacteria; o__Azospirillales; f__Azospirillaceae; g__Skermanella	0.13	0.1	0.09	0.14	0.11	0.0	0.16	0.13	0.13	0.08	0.09	0.05	0.13	0.1	0.1	0.09	0.06	0.06	0.07	0.1	0.09	0.1	0.1	0.05	0.06	0.08	0.07	0.06	0.06	0.08	0.07	0.06	0.0	0.1	0.11	0.08	0.04	0.04	0.0	0.04	0.03	0.05	0.02	0.03	0.0	0.03	0.03	0.0	0.04	0.0	0.0	0.03	0.0	0.0	0.06	0.06	0.0	0.07	0.07	0.06	0.08	0.09	0.09	0.07	0.07	0.06	0.08	0.06	0.04	0.07	0.06	0.0
Root; d__Bacteria; p__Pseudomonadota; c__Alphaproteobacteria; o__Dongiales; f__Dongiaceae; g__Dongia	0.08	0.04	0.0	0.07	0.05	0.0	0.05	0.03	0.07	0.05	0.06	0.0	0.06	0.04	0.07	0.07	0.06	0.06	0.08	0.07	0.0	0.07	0.06	0.09	0.06	0.06	0.0	0.05	0.09	0.0	0.08	0.03	0.0	0.07	0.08	0.0	0.04	0.04	0.0	0.04	0.04	0.0	0.05	0.03	0.0	0.06	0.05	0.0	0.06	0.06	0.0	0.07	0.04	0.0	0.06	0.04	0.0	0.03	0.02	0.0	0.04	0.04	0.02	0.04	0.04	0.0	0.03	0.01	0.0	0.04	0.04	0.06
Root; d__Bacteria; p__Pseudomonadota; c__Alphaproteobacteria; o__ATCC43930; f__CGMCC-115725; g__DATARH01	0.15	0.14	0.12	0.15	0.13	0.06	0.12	0.13	0.09	0.18	0.2	0.2	0.24	0.18	0.26	0.27	0.23	0.26	0.16	0.19	0.1	0.22	0.18	0.18	0.2	0.2	0.12	0.21	0.22	0.18	0.19	0.21	0.15	0.15	0.2	0.14	0.36	0.36	0.37	0.35	0.41	0.28	0.35	0.39	0.26	0.4	0.35	0.43	0.44	0.44	0.39	0.41	0.45	0.53	0.37	0.38	0.36	0.39	0.39	0.31	0.34	0.38	0.4	0.35	0.36	0.43	0.39	0.35	0.42	0.38	0.42	0.29
Root; d__Bacteria; p__Pseudomonadota; c__Alphaproteobacteria; o__ATCC43930; f__CGMCC-115725; g__AP-15	0.03	0.0	0.0	0.04	0.03	0.0	0.03	0.04	0.0	0.05	0.03	0.0	0.05	0.06	0.0	0.05	0.06	0.05	0.02	0.03	0.0	0.0	0.0	0.0	0.0	0.0	0.0	0.0	0.02	0.0	0.02	0.02	0.0	0.0	0.02	0.0	0.12	0.07	0.09	0.09	0.09	0.06	0.08	0.1	0.1	0.07	0.07	0.0	0.11	0.12	0.05	0.09	0.08	0.0	0.06	0.08	0.06	0.08	0.08	0.08	0.08	0.08	0.08	0.07	0.09	0.04	0.07	0.09	0.04	0.07	0.08	0.08
Root; d__Bacteria; p__Pseudomonadota; c__Alphaproteobacteria; o__Micropepsales; f__Micropepsaceae; g__Rhizomicrobium	0.07	0.11	0.08	0.15	0.16	0.15	0.11	0.1	0.09	0.11	0.08	0.05	0.12	0.08	0.08	0.2	0.24	0.14	0.16	0.14	0.17	0.15	0.14	0.09	0.13	0.13	0.15	0.19	0.16	0.12	0.16	0.19	0.13	0.14	0.15	0.13	0.37	0.38	0.48	0.36	0.34	0.31	0.41	0.38	0.36	0.44	0.4	0.41	0.4	0.43	0.37	0.31	0.33	0.4	0.26	0.23	0.17	0.25	0.28	0.24	0.28	0.24	0.25	0.28	0.22	0.29	0.24	0.29	0.27	0.27	0.3	0.26
Root; d__Bacteria; p__Pseudomonadota; c__Alphaproteobacteria; o__Rhodobacterales; f__Rhodobacteraceae; g__Amaricoccus	0.08	0.09	0.1	0.13	0.09	0.06	0.09	0.07	0.06	0.04	0.09	0.0	0.06	0.08	0.1	0.05	0.04	0.0	0.05	0.06	0.04	0.05	0.04	0.0	0.04	0.07	0.0	0.04	0.06	0.0	0.03	0.03	0.0	0.04	0.04	0.05	0.0	0.0	0.0	0.0	0.0	0.0	0.0	0.0	0.0	0.0	0.0	0.0	0.0	0.0	0.0	0.0	0.0	0.0	0.0	0.0	0.0	0.01	0.01	0.0	0.0	0.0	0.0	0.0	0.0	0.0	0.0	0.0	0.0	0.0	0.0	0.0
Root; d__Bacteria; p__Pseudomonadota; c__Gammaproteobacteria; o__Burkholderiales; f__Burkholderiaceae_C; g__Pseudorhodoferax	0.04	0.08	0.0	0.02	0.02	0.0	0.06	0.07	0.0	0.0	0.0	0.0	0.0	0.0	0.0	0.0	0.0	0.0	0.0	0.0	0.0	0.0	0.0	0.0	0.0	0.0	0.0	0.0	0.0	0.0	0.0	0.0	0.0	0.0	0.0	0.0	0.0	0.0	0.0	0.0	0.0	0.0	0.0	0.0	0.0	0.0	0.0	0.0	0.0	0.0	0.0	0.0	0.0	0.0	0.0	0.0	0.0	0.0	0.0	0.0	0.0	0.0	0.0	0.0	0.0	0.0	0.0	0.0	0.0	0.0	0.0	0.0
Root; d__Bacteria; p__Pseudomonadota; c__Gammaproteobacteria; o__Burkholderiales; f__Burkholderiaceae_C; g__Acidovorax	0.05	0.04	0.0	0.0	0.0	0.0	0.0	0.02	0.05	0.0	0.0	0.0	0.0	0.0	0.0	0.0	0.0	0.0	0.0	0.0	0.0	0.0	0.0	0.0	0.0	0.0	0.0	0.0	0.0	0.0	0.0	0.0	0.0	0.0	0.0	0.0	0.0	0.0	0.0	0.0	0.0	0.0	0.0	0.0	0.0	0.0	0.0	0.0	0.0	0.0	0.0	0.0	0.0	0.0	0.0	0.0	0.0	0.0	0.0	0.0	0.0	0.0	0.0	0.0	0.0	0.0	0.0	0.0	0.0	0.0	0.0	0.0
Root; d__Bacteria; p__Pseudomonadota; c__Gammaproteobacteria; o__Burkholderiales; f__Burkholderiaceae_C; g__Ramlibacter	0.34	0.34	0.26	0.38	0.32	0.43	0.32	0.28	0.32	0.26	0.27	0.24	0.3	0.23	0.21	0.24	0.23	0.16	0.23	0.25	0.21	0.23	0.25	0.4	0.25	0.21	0.15	0.2	0.18	0.23	0.22	0.22	0.22	0.18	0.26	0.15	0.24	0.27	0.28	0.25	0.26	0.36	0.28	0.25	0.28	0.18	0.19	0.22	0.13	0.17	0.17	0.21	0.17	0.19	0.25	0.25	0.24	0.25	0.25	0.21	0.28	0.22	0.32	0.25	0.22	0.2	0.17	0.16	0.14	0.22	0.19	0.16
Root; d__Bacteria; p__Pseudomonadota; c__Gammaproteobacteria; o__Burkholderiales; f__Burkholderiaceae_C; g__Piscinibacter	0.02	0.03	0.0	0.03	0.03	0.0	0.03	0.0	0.0	0.03	0.0	0.05	0.02	0.02	0.0	0.03	0.0	0.0	0.02	0.0	0.0	0.0	0.03	0.0	0.02	0.02	0.0	0.03	0.02	0.0	0.03	0.02	0.0	0.0	0.02	0.0	0.0	0.01	0.0	0.0	0.0	0.0	0.0	0.02	0.0	0.0	0.0	0.0	0.0	0.0	0.0	0.02	0.0	0.0	0.03	0.0	0.0	0.02	0.02	0.0	0.02	0.01	0.02	0.0	0.0	0.0	0.01	0.02	0.0	0.03	0.02	0.0
Root; d__Bacteria; p__Pseudomonadota; c__Gammaproteobacteria; o__Burkholderiales; f__Burkholderiaceae_C; g__Polaromonas	0.04	0.05	0.0	0.0	0.0	0.0	0.05	0.04	0.0	0.02	0.02	0.0	0.03	0.0	0.0	0.0	0.0	0.0	0.02	0.02	0.0	0.0	0.0	0.0	0.0	0.0	0.0	0.0	0.0	0.0	0.02	0.0	0.0	0.0	0.0	0.0	0.0	0.0	0.0	0.0	0.0	0.0	0.0	0.0	0.0	0.0	0.0	0.0	0.0	0.0	0.0	0.0	0.0	0.0	0.0	0.0	0.0	0.0	0.01	0.0	0.01	0.0	0.0	0.0	0.0	0.0	0.0	0.0	0.0	0.0	0.0	0.0
Root; d__Bacteria; p__Pseudomonadota; c__Gammaproteobacteria; o__Burkholderiales; f__Burkholderiaceae_C; g__Pelomonas	0.02	0.04	0.0	0.0	0.0	0.0	0.0	0.0	0.0	0.0	0.0	0.0	0.0	0.02	0.0	0.02	0.03	0.0	0.0	0.0	0.0	0.0	0.0	0.0	0.0	0.0	0.0	0.0	0.0	0.0	0.0	0.0	0.0	0.0	0.0	0.0	0.0	0.0	0.0	0.0	0.0	0.0	0.0	0.0	0.0	0.0	0.0	0.0	0.0	0.0	0.0	0.0	0.0	0.0	0.0	0.0	0.0	0.01	0.02	0.0	0.01	0.01	0.0	0.0	0.0	0.0	0.0	0.0	0.0	0.0	0.0	0.0
Root; d__Bacteria; p__Pseudomonadota; c__Gammaproteobacteria; o__Burkholderiales; f__Burkholderiaceae_C; g__Schlegelella_A	0.19	0.21	0.21	0.21	0.2	0.26	0.18	0.18	0.2	0.16	0.23	0.13	0.14	0.17	0.16	0.15	0.16	0.12	0.23	0.25	0.26	0.25	0.25	0.2	0.21	0.2	0.26	0.27	0.25	0.26	0.22	0.25	0.2	0.24	0.27	0.25	0.07	0.09	0.1	0.08	0.11	0.12	0.08	0.09	0.07	0.09	0.07	0.0	0.1	0.06	0.0	0.07	0.09	0.08	0.14	0.2	0.11	0.14	0.17	0.12	0.14	0.15	0.16	0.12	0.12	0.13	0.11	0.15	0.18	0.13	0.12	0.13
Root; d__Bacteria; p__Pseudomonadota; c__Gammaproteobacteria; o__Burkholderiales; f__Burkholderiaceae_C; g__Comamonas	0.1	0.09	0.09	0.02	0.0	0.0	0.09	0.08	0.07	0.0	0.02	0.0	0.0	0.0	0.0	0.0	0.0	0.0	0.0	0.0	0.0	0.0	0.0	0.0	0.0	0.0	0.0	0.0	0.0	0.0	0.0	0.0	0.0	0.0	0.0	0.0	0.0	0.0	0.0	0.0	0.0	0.0	0.0	0.0	0.0	0.0	0.0	0.0	0.0	0.0	0.0	0.0	0.0	0.0	0.0	0.0	0.0	0.0	0.0	0.0	0.0	0.0	0.0	0.0	0.0	0.0	0.0	0.0	0.0	0.0	0.0	0.0
Root; d__Bacteria; p__Pseudomonadota; c__Gammaproteobacteria; o__Burkholderiales; f__Burkholderiaceae_C; g__Rubrivivax	0.06	0.06	0.09	0.1	0.07	0.06	0.08	0.08	0.12	0.1	0.08	0.0	0.09	0.08	0.0	0.05	0.06	0.08	0.07	0.05	0.09	0.05	0.06	0.0	0.06	0.03	0.0	0.04	0.03	0.07	0.06	0.04	0.06	0.05	0.06	0.07	0.04	0.05	0.0	0.02	0.02	0.0	0.03	0.05	0.0	0.03	0.02	0.0	0.03	0.03	0.0	0.03	0.04	0.0	0.05	0.05	0.0	0.05	0.04	0.05	0.04	0.05	0.04	0.05	0.04	0.13	0.06	0.02	0.04	0.03	0.05	0.0
Root; d__Bacteria; p__Pseudomonadota; c__Gammaproteobacteria; o__Burkholderiales; f__Burkholderiaceae_C; g__Variovorax	0.24	0.24	0.18	0.17	0.17	0.18	0.19	0.23	0.31	0.23	0.2	0.16	0.17	0.15	0.11	0.11	0.13	0.05	0.04	0.03	0.0	0.04	0.05	0.0	0.05	0.04	0.0	0.04	0.06	0.0	0.05	0.06	0.0	0.06	0.06	0.05	0.03	0.04	0.0	0.02	0.02	0.0	0.04	0.05	0.0	0.02	0.04	0.0	0.03	0.04	0.0	0.03	0.03	0.0	0.04	0.03	0.0	0.05	0.05	0.05	0.03	0.03	0.05	0.02	0.02	0.0	0.04	0.06	0.0	0.03	0.03	0.0
Root; d__Bacteria; p__Pseudomonadota; c__Gammaproteobacteria; o__Burkholderiales; f__Burkholderiaceae_C; g__Rhizobacter	0.1	0.15	0.07	0.09	0.1	0.0	0.17	0.21	0.16	0.17	0.13	0.18	0.14	0.1	0.0	0.05	0.06	0.0	0.03	0.03	0.07	0.05	0.01	0.0	0.03	0.02	0.0	0.02	0.04	0.0	0.03	0.04	0.0	0.04	0.05	0.05	0.02	0.0	0.0	0.0	0.0	0.0	0.0	0.0	0.0	0.0	0.0	0.0	0.0	0.0	0.0	0.0	0.0	0.0	0.0	0.02	0.0	0.02	0.01	0.0	0.02	0.03	0.02	0.02	0.01	0.0	0.04	0.04	0.0	0.0	0.0	0.0
Root; d__Bacteria; p__Pseudomonadota; c__Gammaproteobacteria; o__Burkholderiales; f__Burkholderiaceae_C; g__CAIKUF01	0.02	0.0	0.0	0.0	0.0	0.0	0.0	0.0	0.0	0.0	0.0	0.0	0.0	0.0	0.0	0.0	0.0	0.0	0.0	0.0	0.0	0.0	0.0	0.0	0.0	0.0	0.0	0.0	0.0	0.0	0.0	0.0	0.0	0.0	0.0	0.0	0.0	0.0	0.0	0.0	0.0	0.0	0.0	0.0	0.0	0.0	0.0	0.0	0.0	0.0	0.0	0.0	0.0	0.0	0.0	0.0	0.0	0.0	0.0	0.0	0.01	0.01	0.0	0.0	0.0	0.0	0.0	0.0	0.0	0.0	0.0	0.0
Root; d__Bacteria; p__Pseudomonadota; c__Gammaproteobacteria; o__Burkholderiales; f__Burkholderiaceae_C; g__Albitalea	0.03	0.0	0.0	0.0	0.02	0.0	0.01	0.03	0.0	0.0	0.0	0.0	0.0	0.0	0.0	0.02	0.03	0.0	0.0	0.02	0.0	0.0	0.0	0.0	0.0	0.02	0.0	0.0	0.02	0.0	0.0	0.0	0.0	0.0	0.01	0.0	0.04	0.02	0.0	0.0	0.0	0.0	0.05	0.01	0.0	0.0	0.0	0.0	0.0	0.02	0.0	0.02	0.02	0.0	0.02	0.02	0.0	0.02	0.03	0.02	0.03	0.03	0.03	0.02	0.01	0.0	0.03	0.04	0.0	0.01	0.02	0.0
Root; d__Bacteria; p__Pseudomonadota; c__Gammaproteobacteria; o__Burkholderiales; f__Burkholderiaceae_C; g__LMDS01	0.05	0.03	0.0	0.04	0.04	0.0	0.05	0.04	0.0	0.03	0.03	0.0	0.04	0.03	0.0	0.02	0.03	0.0	0.02	0.0	0.0	0.0	0.0	0.0	0.02	0.03	0.0	0.02	0.02	0.0	0.03	0.02	0.0	0.01	0.02	0.0	0.03	0.0	0.0	0.0	0.0	0.0	0.0	0.02	0.0	0.0	0.0	0.0	0.0	0.0	0.0	0.02	0.0	0.0	0.02	0.02	0.0	0.01	0.02	0.02	0.02	0.02	0.02	0.0	0.01	0.0	0.02	0.0	0.0	0.02	0.0	0.0
Root; d__Bacteria; p__Pseudomonadota; c__Gammaproteobacteria; o__Burkholderiales; f__SG8-39; g__SCGC-AG-212-J23	0.34	0.29	0.29	0.3	0.26	0.31	0.24	0.26	0.26	0.38	0.43	0.41	0.42	0.39	0.32	0.47	0.52	0.62	0.52	0.57	0.63	0.52	0.51	0.43	0.52	0.58	0.42	0.61	0.6	0.54	0.53	0.54	0.57	0.59	0.54	0.61	0.62	0.67	0.57	0.65	0.6	0.54	0.7	0.54	0.73	0.77	0.78	0.58	0.72	0.69	0.62	0.76	0.75	0.99	0.67	0.63	0.6	0.64	0.59	0.69	0.59	0.62	0.62	0.72	0.64	0.49	0.71	0.7	0.48	0.68	0.7	0.67
Root; d__Bacteria; p__Pseudomonadota; c__Gammaproteobacteria; o__Burkholderiales; f__Burkholderiaceae_E; g__Lautropia	0.02	0.03	0.0	0.04	0.07	0.0	0.04	0.03	0.0	0.02	0.04	0.0	0.03	0.02	0.0	0.03	0.05	0.0	0.03	0.04	0.0	0.02	0.0	0.0	0.03	0.01	0.0	0.02	0.0	0.0	0.01	0.03	0.0	0.02	0.02	0.0	0.0	0.0	0.0	0.0	0.0	0.0	0.0	0.0	0.0	0.0	0.0	0.0	0.0	0.0	0.0	0.0	0.0	0.0	0.0	0.0	0.0	0.0	0.01	0.0	0.01	0.0	0.0	0.0	0.0	0.0	0.0	0.0	0.0	0.0	0.0	0.0
Root; d__Bacteria; p__Pseudomonadota; c__Gammaproteobacteria; o__Burkholderiales; f__Burkholderiaceae_D; g__Noviherbaspirillum_A	0.06	0.06	0.0	0.03	0.05	0.0	0.04	0.05	0.04	0.0	0.02	0.0	0.0	0.0	0.0	0.0	0.0	0.0	0.0	0.0	0.0	0.0	0.0	0.0	0.0	0.0	0.0	0.0	0.0	0.0	0.0	0.02	0.0	0.0	0.0	0.0	0.0	0.01	0.0	0.0	0.02	0.0	0.0	0.03	0.0	0.0	0.0	0.0	0.0	0.0	0.0	0.0	0.0	0.0	0.0	0.0	0.0	0.01	0.01	0.0	0.02	0.02	0.0	0.0	0.0	0.0	0.01	0.01	0.0	0.0	0.0	0.0
Root; d__Bacteria; p__Pseudomonadota; c__Gammaproteobacteria; o__Burkholderiales; f__Burkholderiaceae_D; g__Janthinobacterium	0.02	0.0	0.0	0.0	0.0	0.0	0.0	0.02	0.0	0.0	0.0	0.0	0.0	0.0	0.0	0.0	0.0	0.0	0.0	0.0	0.0	0.0	0.0	0.0	0.0	0.0	0.0	0.0	0.0	0.0	0.0	0.0	0.0	0.0	0.0	0.0	0.0	0.0	0.0	0.0	0.0	0.0	0.0	0.0	0.0	0.0	0.0	0.0	0.0	0.0	0.0	0.0	0.0	0.0	0.0	0.0	0.0	0.0	0.0	0.0	0.0	0.0	0.0	0.0	0.0	0.0	0.0	0.0	0.0	0.0	0.0	0.0
Root; d__Bacteria; p__Pseudomonadota; c__Gammaproteobacteria; o__Burkholderiales; f__Burkholderiaceae_D; g__Rugamonas	0.14	0.21	0.15	0.05	0.04	0.0	0.14	0.13	0.2	0.0	0.0	0.0	0.0	0.0	0.0	0.0	0.0	0.0	0.0	0.02	0.0	0.0	0.02	0.0	0.0	0.0	0.0	0.0	0.0	0.0	0.0	0.0	0.0	0.02	0.0	0.0	0.11	0.15	0.13	0.11	0.1	0.12	0.14	0.09	0.1	0.0	0.02	0.0	0.0	0.0	0.0	0.0	0.0	0.0	0.09	0.07	0.06	0.1	0.09	0.04	0.08	0.08	0.11	0.0	0.0	0.0	0.0	0.0	0.0	0.01	0.01	0.0
Root; d__Bacteria; p__Pseudomonadota; c__Gammaproteobacteria; o__Burkholderiales; f__Burkholderiaceae_D; g__Telluria_A	0.09	0.06	0.05	0.02	0.02	0.0	0.04	0.07	0.0	0.0	0.0	0.0	0.0	0.0	0.0	0.0	0.02	0.0	0.0	0.02	0.0	0.0	0.0	0.0	0.0	0.0	0.0	0.0	0.0	0.0	0.0	0.0	0.0	0.0	0.0	0.0	0.02	0.01	0.0	0.06	0.05	0.0	0.04	0.04	0.0	0.02	0.02	0.0	0.0	0.02	0.0	0.03	0.0	0.0	0.02	0.03	0.0	0.02	0.03	0.03	0.03	0.03	0.03	0.02	0.0	0.0	0.0	0.0	0.0	0.01	0.01	0.0
Root; d__Bacteria; p__Pseudomonadota; c__Gammaproteobacteria; o__Burkholderiales; f__Burkholderiaceae_D; g__Telluria	0.59	0.58	0.4	0.24	0.19	0.23	0.47	0.45	0.43	0.04	0.03	0.0	0.04	0.03	0.0	0.09	0.06	0.0	0.02	0.03	0.0	0.03	0.0	0.0	0.03	0.03	0.0	0.03	0.0	0.0	0.03	0.03	0.0	0.04	0.0	0.0	0.06	0.06	0.09	0.08	0.11	0.07	0.12	0.09	0.11	0.04	0.03	0.0	0.01	0.03	0.0	0.02	0.02	0.0	0.06	0.03	0.0	0.06	0.05	0.04	0.06	0.05	0.04	0.03	0.01	0.0	0.0	0.03	0.0	0.03	0.02	0.0
Root; d__Bacteria; p__Pseudomonadota; c__Gammaproteobacteria; o__Burkholderiales; f__Burkholderiaceae_D; g__Noviherbaspirillum	0.05	0.09	0.0	0.0	0.04	0.0	0.11	0.05	0.05	0.03	0.04	0.0	0.03	0.0	0.0	0.02	0.0	0.0	0.0	0.0	0.0	0.02	0.02	0.0	0.02	0.0	0.0	0.0	0.02	0.0	0.02	0.02	0.0	0.0	0.0	0.0	0.03	0.03	0.0	0.0	0.05	0.0	0.04	0.03	0.0	0.0	0.0	0.0	0.0	0.0	0.0	0.0	0.0	0.0	0.06	0.07	0.0	0.08	0.08	0.06	0.06	0.07	0.09	0.0	0.0	0.0	0.02	0.0	0.0	0.0	0.0	0.0
Root; d__Bacteria; p__Pseudomonadota; c__Gammaproteobacteria; o__Burkholderiales; f__Burkholderiaceae_D; g__Paucimonas	0.02	0.04	0.0	0.0	0.0	0.0	0.0	0.03	0.0	0.0	0.0	0.0	0.0	0.0	0.0	0.0	0.0	0.0	0.0	0.0	0.0	0.0	0.0	0.0	0.0	0.0	0.0	0.0	0.0	0.0	0.0	0.0	0.0	0.0	0.0	0.0	0.0	0.0	0.0	0.0	0.0	0.0	0.0	0.0	0.0	0.0	0.0	0.0	0.0	0.0	0.0	0.0	0.0	0.0	0.0	0.0	0.0	0.0	0.0	0.0	0.01	0.0	0.0	0.0	0.0	0.0	0.0	0.0	0.0	0.0	0.0	0.0
Root; d__Bacteria; p__Pseudomonadota; c__Gammaproteobacteria; o__Burkholderiales; f__Nitrosomonadaceae; g__Nitrosospira	0.17	0.2	0.1	0.22	0.17	0.16	0.14	0.16	0.15	0.21	0.17	0.17	0.11	0.13	0.0	0.12	0.17	0.1	0.04	0.03	0.0	0.0	0.02	0.0	0.04	0.03	0.0	0.04	0.04	0.0	0.03	0.04	0.0	0.02	0.02	0.0	0.06	0.05	0.0	0.04	0.05	0.0	0.02	0.05	0.04	0.07	0.06	0.0	0.04	0.06	0.0	0.05	0.06	0.0	0.02	0.04	0.0	0.03	0.03	0.03	0.04	0.03	0.04	0.02	0.02	0.0	0.02	0.01	0.0	0.03	0.03	0.0
Root; d__Bacteria; p__Pseudomonadota; c__Gammaproteobacteria; o__Burkholderiales; f__Usitatibacteraceae; g__Usitatibacter	0.11	0.1	0.08	0.14	0.12	0.13	0.14	0.16	0.1	0.14	0.13	0.08	0.1	0.12	0.12	0.1	0.11	0.16	0.18	0.19	0.11	0.23	0.23	0.2	0.18	0.23	0.18	0.18	0.22	0.12	0.18	0.19	0.21	0.16	0.2	0.23	0.2	0.18	0.17	0.18	0.19	0.2	0.19	0.17	0.14	0.12	0.14	0.16	0.16	0.17	0.13	0.14	0.15	0.12	0.19	0.21	0.19	0.21	0.18	0.17	0.22	0.17	0.2	0.16	0.17	0.2	0.21	0.18	0.22	0.19	0.13	0.19
Root; d__Bacteria; p__Pseudomonadota; c__Gammaproteobacteria; o__Burkholderiales; f__Casimicrobiaceae; g__CAIWHR01	0.07	0.08	0.05	0.05	0.09	0.0	0.04	0.05	0.07	0.04	0.06	0.0	0.1	0.09	0.0	0.07	0.06	0.05	0.09	0.08	0.1	0.09	0.1	0.08	0.09	0.08	0.07	0.11	0.1	0.06	0.09	0.1	0.05	0.09	0.09	0.09	0.07	0.06	0.06	0.07	0.05	0.0	0.06	0.07	0.04	0.03	0.06	0.0	0.06	0.09	0.0	0.05	0.06	0.0	0.08	0.07	0.0	0.1	0.1	0.06	0.09	0.08	0.07	0.08	0.08	0.04	0.05	0.06	0.05	0.07	0.07	0.03
Root; d__Bacteria; p__Pseudomonadota; c__Gammaproteobacteria; o__Burkholderiales; f__Casimicrobiaceae; g__VBCG01	0.22	0.22	0.15	0.23	0.25	0.1	0.24	0.21	0.13	0.21	0.26	0.22	0.23	0.25	0.17	0.24	0.24	0.31	0.19	0.21	0.27	0.22	0.23	0.27	0.22	0.2	0.22	0.19	0.18	0.26	0.2	0.18	0.19	0.19	0.2	0.18	0.23	0.26	0.2	0.29	0.24	0.25	0.29	0.29	0.22	0.28	0.28	0.2	0.2	0.28	0.24	0.26	0.24	0.16	0.26	0.29	0.2	0.28	0.28	0.3	0.28	0.24	0.26	0.24	0.22	0.31	0.25	0.22	0.16	0.23	0.28	0.17
Root; d__Bacteria; p__Pseudomonadota; c__Gammaproteobacteria; o__Burkholderiales; f__SG8-41; g__JAQGMV01	0.08	0.03	0.0	0.04	0.08	0.0	0.04	0.06	0.0	0.05	0.06	0.05	0.06	0.1	0.1	0.11	0.09	0.06	0.09	0.06	0.04	0.09	0.08	0.1	0.09	0.06	0.06	0.12	0.09	0.09	0.07	0.1	0.09	0.09	0.08	0.11	0.1	0.14	0.04	0.1	0.11	0.09	0.08	0.1	0.08	0.12	0.13	0.12	0.11	0.11	0.13	0.13	0.12	0.12	0.11	0.14	0.08	0.14	0.16	0.12	0.14	0.15	0.16	0.11	0.16	0.13	0.16	0.13	0.09	0.17	0.12	0.11
Root; d__Bacteria; p__Pseudomonadota; c__Gammaproteobacteria; o__Burkholderiales; f__SG8-41; g__PALSA-1004	0.04	0.03	0.0	0.04	0.03	0.0	0.03	0.02	0.0	0.04	0.04	0.0	0.04	0.03	0.0	0.03	0.01	0.0	0.13	0.07	0.07	0.07	0.1	0.05	0.08	0.11	0.06	0.1	0.11	0.11	0.09	0.09	0.11	0.09	0.1	0.13	0.0	0.0	0.0	0.0	0.0	0.0	0.0	0.0	0.0	0.0	0.02	0.0	0.0	0.0	0.0	0.02	0.0	0.0	0.03	0.04	0.0	0.02	0.04	0.0	0.03	0.05	0.03	0.02	0.02	0.0	0.06	0.02	0.0	0.03	0.05	0.0
Root; d__Bacteria; p__Pseudomonadota; c__Gammaproteobacteria; o__Burkholderiales; f__Burkholderiaceae_B; g__Pigmentiphaga	0.03	0.03	0.0	0.0	0.0	0.0	0.0	0.02	0.0	0.0	0.0	0.0	0.0	0.0	0.0	0.0	0.0	0.0	0.0	0.0	0.0	0.0	0.0	0.0	0.0	0.0	0.0	0.0	0.0	0.0	0.0	0.0	0.0	0.0	0.0	0.0	0.0	0.0	0.0	0.0	0.0	0.0	0.0	0.0	0.0	0.0	0.0	0.0	0.0	0.0	0.0	0.0	0.0	0.0	0.0	0.0	0.0	0.0	0.0	0.0	0.0	0.0	0.0	0.0	0.0	0.0	0.0	0.0	0.0	0.0	0.0	0.0
Root; d__Bacteria; p__Pseudomonadota; c__Gammaproteobacteria; o__Burkholderiales; f__Burkholderiaceae; g__Paraburkholderia	0.02	0.0	0.0	0.0	0.0	0.0	0.0	0.0	0.0	0.0	0.0	0.0	0.0	0.0	0.0	0.0	0.0	0.0	0.0	0.0	0.0	0.0	0.0	0.0	0.0	0.0	0.0	0.0	0.0	0.0	0.0	0.0	0.0	0.0	0.0	0.0	0.0	0.0	0.0	0.0	0.0	0.0	0.0	0.02	0.0	0.0	0.0	0.0	0.01	0.0	0.0	0.0	0.0	0.0	0.0	0.0	0.0	0.0	0.01	0.0	0.0	0.0	0.0	0.0	0.0	0.0	0.0	0.0	0.0	0.01	0.0	0.0
Root; d__Bacteria; p__Pseudomonadota; c__Gammaproteobacteria; o__Burkholderiales; f__JACQAP01; g__JACQAP01	0.1	0.06	0.0	0.11	0.08	0.08	0.05	0.07	0.0	0.08	0.08	0.05	0.04	0.06	0.0	0.06	0.08	0.05	0.09	0.06	0.09	0.11	0.11	0.13	0.1	0.09	0.05	0.11	0.12	0.09	0.09	0.13	0.07	0.13	0.11	0.06	0.05	0.05	0.0	0.06	0.06	0.0	0.05	0.05	0.0	0.08	0.05	0.0	0.06	0.05	0.05	0.06	0.04	0.0	0.06	0.05	0.0	0.06	0.06	0.05	0.05	0.06	0.06	0.04	0.05	0.0	0.04	0.04	0.05	0.05	0.05	0.0
Root; d__Bacteria; p__Pseudomonadota; c__Gammaproteobacteria; o__Burkholderiales; f__SHXO01; g__SHXO01	0.02	0.02	0.0	0.0	0.0	0.0	0.0	0.03	0.0	0.02	0.02	0.0	0.0	0.0	0.0	0.02	0.02	0.0	0.0	0.0	0.0	0.0	0.0	0.0	0.0	0.0	0.0	0.0	0.04	0.0	0.0	0.02	0.0	0.02	0.02	0.0	0.03	0.02	0.0	0.0	0.02	0.0	0.0	0.02	0.0	0.03	0.0	0.0	0.03	0.02	0.0	0.0	0.0	0.0	0.03	0.03	0.0	0.04	0.04	0.03	0.06	0.05	0.04	0.04	0.02	0.0	0.04	0.05	0.0	0.04	0.05	0.0
Root; d__Bacteria; p__Pseudomonadota; c__Gammaproteobacteria; o__Pseudomonadales; f__Pseudomonadaceae; g__Aquipseudomonas	0.59	0.64	0.71	0.28	0.3	0.26	0.58	0.55	0.52	0.06	0.05	0.06	0.0	0.0	0.0	0.02	0.03	0.0	0.02	0.0	0.0	0.02	0.0	0.0	0.0	0.0	0.0	0.0	0.0	0.0	0.0	0.02	0.0	0.0	0.0	0.0	0.0	0.0	0.0	0.0	0.0	0.0	0.0	0.0	0.0	0.0	0.0	0.0	0.0	0.0	0.0	0.0	0.0	0.0	0.0	0.0	0.0	0.0	0.0	0.0	0.0	0.0	0.0	0.08	0.09	0.0	0.0	0.0	0.0	0.0	0.0	0.0
Root; d__Bacteria; p__Pseudomonadota; c__Gammaproteobacteria; o__Pseudomonadales; f__Pseudomonadaceae; g__Stutzerimonas	0.1	0.1	0.08	0.0	0.0	0.0	0.06	0.06	0.0	0.0	0.0	0.0	0.0	0.0	0.0	0.0	0.0	0.0	0.0	0.0	0.0	0.0	0.0	0.0	0.0	0.0	0.0	0.0	0.0	0.0	0.0	0.0	0.0	0.0	0.0	0.0	0.0	0.0	0.0	0.0	0.0	0.0	0.0	0.0	0.0	0.0	0.0	0.0	0.0	0.0	0.0	0.0	0.0	0.0	0.0	0.0	0.0	0.0	0.0	0.0	0.0	0.0	0.0	0.0	0.0	0.0	0.0	0.0	0.0	0.0	0.0	0.0
Root; d__Bacteria; p__Pseudomonadota; c__Gammaproteobacteria; o__Pseudomonadales; f__Moraxellaceae; g__Acinetobacter	0.38	0.36	0.47	0.14	0.15	0.06	0.34	0.4	0.34	0.0	0.02	0.0	0.0	0.0	0.0	0.0	0.0	0.0	0.0	0.0	0.0	0.0	0.0	0.0	0.0	0.0	0.0	0.0	0.0	0.0	0.0	0.0	0.0	0.0	0.0	0.0	0.0	0.0	0.0	0.0	0.0	0.0	0.0	0.0	0.0	0.0	0.0	0.0	0.0	0.0	0.0	0.0	0.0	0.0	0.0	0.0	0.0	0.0	0.0	0.0	0.0	0.0	0.0	0.0	0.0	0.0	0.0	0.0	0.0	0.0	0.0	0.0
Root; d__Bacteria; p__Pseudomonadota; c__Gammaproteobacteria; o__Pseudomonadales; f__Cellvibrionaceae; g__Cellvibrio	0.1	0.06	0.1	0.0	0.0	0.0	0.54	0.51	0.57	0.0	0.0	0.0	0.0	0.0	0.0	0.0	0.0	0.0	0.0	0.0	0.0	0.0	0.0	0.0	0.0	0.0	0.0	0.0	0.0	0.0	0.0	0.0	0.0	0.0	0.0	0.0	0.0	0.0	0.0	0.0	0.0	0.0	0.0	0.0	0.0	0.0	0.0	0.0	0.0	0.0	0.0	0.0	0.0	0.0	0.0	0.0	0.0	0.01	0.0	0.0	0.0	0.0	0.0	0.0	0.0	0.0	0.0	0.0	0.0	0.0	0.0	0.0
Root; d__Bacteria; p__Pseudomonadota; c__Gammaproteobacteria; o__Pseudomonadales; f__CAMLJR01; g__CAMLJR01	0.02	0.0	0.0	0.0	0.0	0.0	0.0	0.0	0.0	0.0	0.0	0.0	0.0	0.0	0.0	0.0	0.0	0.0	0.0	0.0	0.0	0.0	0.0	0.0	0.0	0.0	0.0	0.0	0.0	0.0	0.0	0.0	0.0	0.0	0.0	0.0	0.0	0.0	0.0	0.0	0.0	0.0	0.0	0.0	0.0	0.0	0.0	0.0	0.0	0.0	0.0	0.0	0.0	0.0	0.0	0.0	0.0	0.0	0.0	0.0	0.0	0.0	0.0	0.0	0.0	0.0	0.0	0.0	0.0	0.0	0.0	0.0
Root; d__Bacteria; p__Pseudomonadota; c__Gammaproteobacteria; o__Steroidobacterales; f__Steroidobacteraceae; g__ZC4RG30	0.08	0.06	0.0	0.07	0.08	0.0	0.1	0.06	0.07	0.07	0.08	0.08	0.05	0.06	0.0	0.06	0.04	0.0	0.06	0.05	0.0	0.04	0.04	0.0	0.04	0.04	0.0	0.02	0.05	0.0	0.04	0.05	0.0	0.03	0.04	0.0	0.0	0.0	0.0	0.0	0.0	0.0	0.0	0.0	0.0	0.02	0.0	0.0	0.0	0.0	0.0	0.0	0.0	0.0	0.03	0.03	0.0	0.02	0.04	0.0	0.02	0.02	0.03	0.02	0.02	0.0	0.03	0.04	0.0	0.03	0.02	0.0
Root; d__Bacteria; p__Pseudomonadota; c__Gammaproteobacteria; o__Steroidobacterales; f__Steroidobacteraceae; g__CADEED01	0.62	0.65	0.66	0.83	0.77	0.77	0.74	0.72	0.58	0.47	0.51	0.47	0.47	0.63	0.47	0.43	0.41	0.48	0.48	0.46	0.51	0.46	0.41	0.37	0.53	0.56	0.59	0.47	0.48	0.41	0.42	0.49	0.44	0.52	0.5	0.51	0.17	0.18	0.15	0.2	0.26	0.21	0.23	0.18	0.24	0.29	0.26	0.35	0.3	0.3	0.34	0.32	0.32	0.3	0.23	0.23	0.13	0.19	0.2	0.27	0.27	0.25	0.31	0.29	0.28	0.27	0.2	0.24	0.2	0.26	0.3	0.26
Root; d__Bacteria; p__Pseudomonadota; c__Gammaproteobacteria; o__Steroidobacterales; f__Steroidobacteraceae; g__RPQJ01	0.12	0.11	0.09	0.09	0.08	0.12	0.09	0.08	0.07	0.1	0.08	0.07	0.1	0.06	0.0	0.1	0.06	0.04	0.13	0.11	0.07	0.07	0.07	0.06	0.04	0.09	0.07	0.1	0.05	0.09	0.13	0.12	0.13	0.11	0.1	0.07	0.0	0.0	0.0	0.0	0.0	0.0	0.0	0.0	0.0	0.0	0.0	0.0	0.0	0.0	0.0	0.0	0.0	0.0	0.02	0.0	0.0	0.02	0.02	0.0	0.03	0.03	0.02	0.02	0.0	0.0	0.0	0.02	0.0	0.0	0.01	0.0
Root; d__Bacteria; p__Pseudomonadota; c__Gammaproteobacteria; o__Steroidobacterales; f__Steroidobacteraceae; g__Steroidobacter	0.23	0.25	0.17	0.33	0.31	0.28	0.27	0.25	0.16	0.26	0.2	0.25	0.25	0.3	0.2	0.24	0.25	0.36	0.2	0.23	0.16	0.23	0.26	0.24	0.23	0.24	0.19	0.25	0.32	0.12	0.21	0.25	0.24	0.27	0.27	0.2	0.21	0.28	0.24	0.25	0.21	0.21	0.19	0.22	0.23	0.29	0.32	0.18	0.3	0.29	0.25	0.34	0.29	0.48	0.2	0.23	0.17	0.18	0.2	0.14	0.21	0.18	0.18	0.23	0.2	0.17	0.2	0.2	0.22	0.15	0.2	0.25
Root; d__Bacteria; p__Pseudomonadota; c__Gammaproteobacteria; o__Steroidobacterales; f__Steroidobacteraceae; g__JADGHX01	0.04	0.05	0.06	0.04	0.05	0.0	0.03	0.04	0.0	0.06	0.03	0.0	0.0	0.05	0.0	0.08	0.09	0.0	0.05	0.06	0.05	0.08	0.04	0.0	0.07	0.05	0.0	0.03	0.03	0.0	0.05	0.06	0.0	0.07	0.09	0.1	0.12	0.1	0.0	0.06	0.09	0.05	0.05	0.09	0.0	0.12	0.17	0.12	0.15	0.12	0.1	0.12	0.12	0.08	0.11	0.08	0.05	0.08	0.08	0.09	0.07	0.09	0.09	0.08	0.09	0.1	0.08	0.07	0.1	0.07	0.09	0.06
Root; d__Bacteria; p__Pseudomonadota; c__Gammaproteobacteria; o__Steroidobacterales; f__Rariloculaceae; g__FEN-1219	0.13	0.09	0.08	0.14	0.17	0.12	0.13	0.07	0.14	0.1	0.14	0.08	0.08	0.1	0.07	0.09	0.12	0.07	0.13	0.12	0.08	0.11	0.11	0.12	0.14	0.12	0.0	0.11	0.15	0.05	0.11	0.18	0.13	0.12	0.11	0.13	0.05	0.05	0.0	0.04	0.05	0.0	0.08	0.05	0.0	0.09	0.09	0.09	0.14	0.11	0.07	0.1	0.11	0.07	0.0	0.04	0.0	0.03	0.03	0.0	0.04	0.02	0.03	0.03	0.03	0.04	0.01	0.02	0.04	0.03	0.04	0.0
Root; d__Bacteria; p__Pseudomonadota; c__Gammaproteobacteria; o__Xanthomonadales; f__Rhodanobacteraceae; g__Luteibacter	0.02	0.02	0.0	0.0	0.02	0.0	0.04	0.02	0.0	0.0	0.02	0.0	0.0	0.0	0.0	0.02	0.02	0.0	0.0	0.02	0.0	0.05	0.05	0.0	0.0	0.02	0.0	0.03	0.02	0.0	0.03	0.03	0.0	0.03	0.03	0.0	0.0	0.0	0.0	0.0	0.0	0.0	0.0	0.0	0.0	0.0	0.0	0.0	0.0	0.0	0.0	0.0	0.0	0.0	0.0	0.0	0.0	0.0	0.0	0.0	0.0	0.0	0.0	0.0	0.0	0.0	0.0	0.0	0.0	0.0	0.0	0.0
Root; d__Bacteria; p__Pseudomonadota; c__Gammaproteobacteria; o__Xanthomonadales; f__Rhodanobacteraceae; g__Dokdonella_A	0.03	0.07	0.0	0.07	0.04	0.06	0.02	0.02	0.0	0.04	0.04	0.0	0.03	0.04	0.0	0.05	0.04	0.05	0.05	0.06	0.0	0.03	0.05	0.05	0.07	0.04	0.0	0.04	0.04	0.0	0.03	0.06	0.0	0.04	0.09	0.0	0.0	0.02	0.0	0.02	0.03	0.0	0.03	0.02	0.0	0.03	0.02	0.0	0.04	0.04	0.0	0.03	0.03	0.0	0.0	0.0	0.0	0.01	0.02	0.0	0.01	0.01	0.0	0.0	0.03	0.0	0.0	0.01	0.0	0.0	0.02	0.0
Root; d__Bacteria; p__Pseudomonadota; c__Gammaproteobacteria; o__Xanthomonadales; f__Xanthomonadaceae; g__Arenimonas	0.1	0.05	0.0	0.08	0.06	0.07	0.07	0.09	0.07	0.07	0.05	0.11	0.06	0.06	0.0	0.05	0.06	0.0	0.08	0.09	0.04	0.1	0.1	0.05	0.14	0.1	0.05	0.1	0.1	0.06	0.08	0.11	0.12	0.08	0.11	0.0	0.08	0.05	0.08	0.05	0.07	0.07	0.05	0.06	0.0	0.03	0.03	0.0	0.02	0.04	0.05	0.03	0.04	0.0	0.05	0.06	0.08	0.05	0.06	0.04	0.05	0.06	0.07	0.03	0.04	0.0	0.02	0.03	0.0	0.03	0.04	0.0
Root; d__Bacteria; p__Pseudomonadota; c__Gammaproteobacteria; o__Xanthomonadales; f__Xanthomonadaceae; g__Thermomonas	0.02	0.02	0.0	0.0	0.02	0.0	0.02	0.0	0.0	0.0	0.0	0.0	0.0	0.0	0.0	0.03	0.0	0.0	0.0	0.0	0.0	0.0	0.0	0.0	0.0	0.0	0.0	0.0	0.0	0.0	0.0	0.0	0.0	0.0	0.0	0.0	0.0	0.0	0.0	0.0	0.0	0.0	0.0	0.0	0.0	0.0	0.0	0.0	0.0	0.0	0.0	0.0	0.0	0.0	0.0	0.0	0.0	0.01	0.01	0.0	0.0	0.0	0.0	0.0	0.0	0.0	0.0	0.0	0.0	0.0	0.0	0.0
Root; d__Bacteria; p__Pseudomonadota; c__Gammaproteobacteria; o__Xanthomonadales; f__Xanthomonadaceae; g__Pseudoxanthomonas_A	0.03	0.03	0.0	0.03	0.03	0.0	0.05	0.04	0.0	0.02	0.04	0.0	0.03	0.05	0.0	0.02	0.03	0.0	0.0	0.0	0.0	0.0	0.0	0.0	0.0	0.0	0.0	0.0	0.0	0.0	0.0	0.0	0.0	0.0	0.0	0.0	0.0	0.0	0.0	0.0	0.0	0.0	0.0	0.0	0.0	0.0	0.0	0.0	0.0	0.0	0.0	0.0	0.0	0.0	0.0	0.0	0.0	0.0	0.0	0.0	0.0	0.01	0.0	0.0	0.0	0.0	0.0	0.0	0.0	0.0	0.0	0.0
Root; d__Bacteria; p__Pseudomonadota; c__Gammaproteobacteria; o__Xanthomonadales; f__Xanthomonadaceae; g__Stenotrophomonas	0.04	0.02	0.0	0.04	0.06	0.0	0.03	0.02	0.0	0.03	0.03	0.0	0.0	0.03	0.0	0.02	0.03	0.0	0.0	0.0	0.0	0.02	0.04	0.0	0.0	0.0	0.0	0.0	0.0	0.0	0.0	0.0	0.0	0.0	0.0	0.0	0.0	0.0	0.0	0.0	0.0	0.0	0.0	0.0	0.0	0.0	0.0	0.0	0.0	0.0	0.0	0.0	0.0	0.0	0.0	0.0	0.0	0.0	0.0	0.0	0.0	0.0	0.0	0.0	0.0	0.0	0.0	0.0	0.0	0.0	0.0	0.0
Root; d__Bacteria; p__Pseudomonadota; c__Gammaproteobacteria; o__Xanthomonadales; f__Xanthomonadaceae; g__Luteimonas	0.03	0.03	0.0	0.04	0.0	0.0	0.03	0.03	0.0	0.03	0.0	0.0	0.04	0.0	0.0	0.0	0.0	0.0	0.0	0.02	0.0	0.0	0.02	0.0	0.02	0.0	0.0	0.0	0.0	0.0	0.02	0.02	0.0	0.02	0.02	0.0	0.0	0.0	0.0	0.02	0.0	0.0	0.0	0.01	0.0	0.0	0.0	0.0	0.0	0.0	0.0	0.0	0.0	0.0	0.0	0.0	0.0	0.01	0.02	0.0	0.01	0.01	0.0	0.0	0.0	0.0	0.0	0.0	0.0	0.0	0.0	0.0
Root; d__Bacteria; p__Pseudomonadota; c__Gammaproteobacteria; o__Xanthomonadales; f__Xanthomonadaceae; g__Noviluteimonas	0.03	0.06	0.0	0.05	0.05	0.0	0.04	0.02	0.0	0.02	0.03	0.0	0.03	0.02	0.0	0.0	0.0	0.0	0.02	0.0	0.0	0.0	0.0	0.0	0.0	0.0	0.0	0.03	0.01	0.0	0.0	0.02	0.0	0.0	0.02	0.0	0.0	0.0	0.0	0.01	0.0	0.0	0.0	0.0	0.0	0.0	0.0	0.0	0.0	0.0	0.0	0.0	0.0	0.0	0.02	0.0	0.0	0.01	0.02	0.0	0.01	0.01	0.0	0.02	0.0	0.0	0.0	0.0	0.0	0.0	0.0	0.0
Root; d__Bacteria; p__Pseudomonadota; c__Gammaproteobacteria; o__Xanthomonadales; f__Xanthomonadaceae; g__Agrilutibacter	0.03	0.02	0.0	0.0	0.02	0.0	0.02	0.02	0.0	0.0	0.0	0.0	0.0	0.0	0.0	0.0	0.0	0.0	0.0	0.0	0.0	0.0	0.0	0.0	0.0	0.0	0.0	0.0	0.0	0.0	0.0	0.0	0.0	0.0	0.0	0.0	0.0	0.0	0.0	0.0	0.0	0.0	0.0	0.0	0.0	0.0	0.0	0.0	0.0	0.0	0.0	0.0	0.0	0.0	0.0	0.0	0.0	0.0	0.0	0.0	0.0	0.0	0.0	0.0	0.0	0.0	0.0	0.0	0.0	0.0	0.0	0.0
Root; d__Bacteria; p__Pseudomonadota; c__Gammaproteobacteria; o__Diplorickettsiales; f__Diplorickettsiaceae; g__Aquirickettsiella	0.04	0.02	0.0	0.0	0.0	0.0	0.0	0.02	0.0	0.02	0.0	0.0	0.0	0.0	0.0	0.0	0.0	0.0	0.0	0.0	0.0	0.0	0.0	0.0	0.0	0.0	0.0	0.0	0.0	0.0	0.0	0.0	0.0	0.0	0.0	0.0	0.0	0.0	0.0	0.0	0.0	0.0	0.0	0.0	0.0	0.0	0.0	0.0	0.0	0.0	0.0	0.0	0.0	0.0	0.0	0.0	0.0	0.0	0.0	0.0	0.0	0.0	0.0	0.0	0.0	0.0	0.0	0.0	0.0	0.0	0.0	0.0
Root; d__Bacteria; p__Bacillota; c__Bacilli; o__Bacillales; f__DSM-1321; g__Peribacillus	0.2	0.16	0.21	0.16	0.13	0.12	0.18	0.19	0.15	0.05	0.05	0.0	0.02	0.04	0.0	0.03	0.04	0.06	0.03	0.04	0.0	0.05	0.03	0.05	0.06	0.04	0.0	0.05	0.07	0.0	0.04	0.04	0.0	0.06	0.03	0.0	0.03	0.01	0.0	0.02	0.0	0.0	0.02	0.0	0.0	0.03	0.0	0.0	0.01	0.04	0.0	0.03	0.02	0.0	0.0	0.0	0.0	0.01	0.02	0.0	0.01	0.01	0.01	0.0	0.0	0.0	0.02	0.0	0.0	0.0	0.0	0.0
Root; d__Bacteria; p__Bacillota; c__Bacilli; o__Bacillales; f__Cytobacillaceae; g__Neobacillus	1.4	1.23	1.16	1.04	1.25	1.06	1.27	1.23	1.18	0.06	0.09	0.08	0.09	0.11	0.0	0.17	0.17	0.07	0.07	0.07	0.0	0.08	0.08	0.0	0.1	0.09	0.05	0.1	0.1	0.06	0.1	0.08	0.05	0.08	0.11	0.05	0.06	0.07	0.07	0.1	0.08	0.08	0.08	0.05	0.08	0.06	0.04	0.0	0.04	0.06	0.0	0.07	0.1	0.07	0.03	0.05	0.0	0.05	0.05	0.03	0.04	0.06	0.02	0.04	0.05	0.0	0.01	0.04	0.0	0.02	0.04	0.0
Root; d__Bacteria; p__Bacillota; c__Bacilli; o__Bacillales; f__Cytobacillaceae; g__Bacillus_BU	0.03	0.05	0.0	0.03	0.03	0.0	0.02	0.02	0.0	0.0	0.0	0.0	0.0	0.0	0.0	0.0	0.0	0.0	0.0	0.0	0.0	0.0	0.0	0.0	0.0	0.0	0.0	0.0	0.0	0.0	0.0	0.0	0.0	0.0	0.0	0.0	0.0	0.0	0.0	0.0	0.0	0.0	0.0	0.0	0.0	0.0	0.0	0.0	0.0	0.0	0.0	0.0	0.0	0.0	0.0	0.0	0.0	0.0	0.0	0.0	0.0	0.0	0.0	0.0	0.0	0.0	0.0	0.0	0.0	0.0	0.0	0.0
Root; d__Bacteria; p__Bacillota; c__Bacilli; o__Bacillales; f__Cytobacillaceae; g__Bacillus_BD	0.26	0.27	0.18	0.26	0.27	0.29	0.29	0.25	0.26	0.29	0.25	0.23	0.28	0.24	0.23	0.26	0.33	0.39	0.11	0.14	0.18	0.17	0.16	0.12	0.13	0.16	0.07	0.17	0.13	0.14	0.12	0.19	0.12	0.18	0.17	0.13	0.11	0.09	0.05	0.12	0.11	0.09	0.11	0.1	0.1	0.07	0.07	0.14	0.14	0.07	0.08	0.09	0.1	0.11	0.03	0.07	0.0	0.06	0.08	0.03	0.07	0.06	0.06	0.06	0.06	0.0	0.04	0.04	0.1	0.06	0.06	0.06
Root; d__Bacteria; p__Bacillota; c__Bacilli; o__Bacillales; f__Amphibacillaceae; g__Oceanobacillus	0.02	0.02	0.0	0.03	0.04	0.0	0.0	0.03	0.0	0.0	0.0	0.0	0.0	0.0	0.0	0.0	0.02	0.0	0.0	0.0	0.0	0.0	0.0	0.0	0.0	0.0	0.0	0.0	0.0	0.0	0.0	0.0	0.0	0.0	0.0	0.0	0.0	0.0	0.0	0.0	0.0	0.0	0.0	0.0	0.0	0.0	0.0	0.0	0.0	0.0	0.0	0.0	0.0	0.0	0.0	0.0	0.0	0.0	0.0	0.0	0.01	0.01	0.0	0.0	0.0	0.0	0.0	0.0	0.0	0.0	0.0	0.0
Root; d__Bacteria; p__Bacillota; c__Bacilli; o__Paenibacillales; f__Paenibacillaceae; g__Paenibacillus_AQ	0.07	0.05	0.09	0.04	0.03	0.0	0.04	0.03	0.0	0.0	0.0	0.0	0.0	0.0	0.0	0.0	0.0	0.0	0.0	0.0	0.0	0.0	0.0	0.0	0.0	0.0	0.0	0.0	0.0	0.0	0.0	0.0	0.0	0.0	0.0	0.0	0.0	0.0	0.0	0.0	0.0	0.0	0.0	0.0	0.0	0.0	0.0	0.0	0.0	0.0	0.0	0.0	0.0	0.0	0.0	0.0	0.0	0.0	0.01	0.0	0.0	0.0	0.0	0.0	0.0	0.0	0.0	0.0	0.0	0.0	0.0	0.0
Root; d__Bacteria; p__Bacillota; c__Bacilli; o__Paenibacillales; f__Paenibacillaceae; g__Cohnella	0.02	0.04	0.0	0.0	0.0	0.0	0.05	0.07	0.07	0.0	0.02	0.0	0.0	0.0	0.0	0.0	0.0	0.0	0.0	0.0	0.0	0.0	0.0	0.0	0.0	0.0	0.0	0.0	0.0	0.0	0.0	0.0	0.0	0.0	0.0	0.0	0.0	0.0	0.0	0.0	0.0	0.0	0.0	0.0	0.0	0.0	0.0	0.0	0.0	0.0	0.0	0.0	0.0	0.0	0.0	0.0	0.0	0.0	0.0	0.0	0.0	0.0	0.0	0.0	0.0	0.0	0.0	0.0	0.0	0.0	0.0	0.0
Root; d__Bacteria; p__Bacillota; c__Bacilli; o__Bacillales_A; f__Planococcaceae; g__Sporosarcina	0.27	0.23	0.34	0.33	0.31	0.19	0.19	0.2	0.16	0.2	0.21	0.19	0.16	0.21	0.31	0.27	0.23	0.23	0.11	0.08	0.05	0.13	0.12	0.06	0.07	0.08	0.07	0.09	0.1	0.06	0.09	0.06	0.07	0.12	0.1	0.07	0.03	0.03	0.0	0.05	0.04	0.0	0.04	0.04	0.0	0.03	0.04	0.0	0.04	0.03	0.0	0.02	0.04	0.0	0.02	0.03	0.0	0.03	0.03	0.03	0.03	0.03	0.02	0.03	0.03	0.0	0.04	0.03	0.0	0.03	0.02	0.0
Root; d__Bacteria; p__Bacillota; c__Bacilli; o__Bacillales_A; f__Planococcaceae; g__Rummeliibacillus	0.03	0.0	0.0	0.02	0.03	0.0	0.03	0.03	0.0	0.05	0.0	0.0	0.0	0.03	0.0	0.02	0.0	0.0	0.02	0.02	0.0	0.0	0.02	0.0	0.03	0.0	0.0	0.03	0.03	0.05	0.03	0.0	0.0	0.04	0.0	0.0	0.0	0.0	0.0	0.0	0.0	0.0	0.0	0.0	0.0	0.0	0.0	0.0	0.0	0.0	0.0	0.0	0.0	0.0	0.0	0.0	0.0	0.0	0.0	0.0	0.0	0.0	0.0	0.0	0.0	0.0	0.0	0.0	0.0	0.0	0.0	0.0
Root; d__Bacteria; p__Bacillota; c__Bacilli; o__Bacillales_A; f__Planococcaceae; g__Bhargavaea	0.02	0.0	0.0	0.0	0.02	0.0	0.02	0.02	0.0	0.02	0.03	0.0	0.0	0.02	0.0	0.0	0.0	0.0	0.0	0.0	0.0	0.0	0.0	0.0	0.0	0.0	0.0	0.0	0.0	0.0	0.0	0.0	0.0	0.0	0.0	0.0	0.0	0.0	0.0	0.0	0.0	0.0	0.0	0.0	0.0	0.0	0.0	0.0	0.0	0.0	0.0	0.0	0.0	0.0	0.0	0.0	0.0	0.0	0.0	0.0	0.0	0.0	0.0	0.0	0.0	0.0	0.0	0.0	0.0	0.0	0.0	0.0
Root; d__Bacteria; p__Bacillota; c__Bacilli; o__Bacillales_A; f__Planococcaceae; g__Ureibacillus	0.05	0.03	0.05	0.03	0.03	0.0	0.05	0.06	0.11	0.0	0.0	0.0	0.0	0.0	0.0	0.02	0.03	0.0	0.0	0.0	0.0	0.0	0.0	0.0	0.0	0.0	0.0	0.02	0.0	0.0	0.0	0.03	0.0	0.0	0.0	0.0	0.0	0.0	0.0	0.0	0.0	0.0	0.0	0.0	0.0	0.0	0.0	0.0	0.0	0.0	0.0	0.0	0.0	0.0	0.0	0.0	0.0	0.0	0.0	0.0	0.01	0.01	0.0	0.0	0.0	0.0	0.0	0.0	0.0	0.0	0.0	0.0
Root; d__Bacteria; p__Bacillota; c__Bacilli; o__Bacillales_A; f__Planococcaceae; g__Psychrobacillus	0.03	0.04	0.0	0.0	0.0	0.0	0.0	0.02	0.0	0.02	0.02	0.0	0.0	0.0	0.0	0.02	0.02	0.0	0.02	0.02	0.0	0.03	0.02	0.0	0.03	0.03	0.0	0.03	0.02	0.0	0.03	0.0	0.0	0.02	0.04	0.0	0.0	0.0	0.0	0.0	0.0	0.0	0.0	0.0	0.0	0.0	0.0	0.0	0.0	0.0	0.0	0.0	0.0	0.0	0.0	0.0	0.0	0.0	0.0	0.0	0.0	0.0	0.0	0.0	0.0	0.0	0.0	0.0	0.0	0.0	0.0	0.0
Root; d__Bacteria; p__Bacillota; c__Clostridia; o__Clostridiales; f__Clostridiaceae; g__Clostridium_AT	0.14	0.23	0.06	0.11	0.12	0.08	0.12	0.12	0.07	0.0	0.0	0.0	0.0	0.0	0.0	0.0	0.0	0.0	0.0	0.0	0.0	0.0	0.0	0.0	0.0	0.0	0.0	0.0	0.0	0.0	0.0	0.0	0.0	0.0	0.0	0.0	0.0	0.0	0.0	0.0	0.0	0.0	0.0	0.0	0.0	0.0	0.0	0.0	0.0	0.0	0.0	0.0	0.0	0.0	0.0	0.0	0.0	0.0	0.0	0.0	0.0	0.0	0.0	0.0	0.0	0.0	0.0	0.0	0.0	0.0	0.0	0.0
Root; d__Bacteria; p__Bacillota; c__Clostridia; o__Clostridiales; f__Clostridiaceae; g__Clostridium	0.05	0.05	0.0	0.04	0.07	0.0	0.06	0.04	0.0	0.0	0.0	0.0	0.0	0.0	0.0	0.0	0.0	0.0	0.0	0.0	0.0	0.0	0.0	0.0	0.0	0.0	0.0	0.0	0.0	0.0	0.0	0.0	0.0	0.0	0.0	0.0	0.0	0.0	0.0	0.0	0.0	0.0	0.0	0.0	0.0	0.0	0.0	0.0	0.0	0.0	0.0	0.0	0.0	0.0	0.0	0.0	0.0	0.0	0.0	0.0	0.0	0.0	0.0	0.0	0.0	0.0	0.0	0.0	0.0	0.0	0.0	0.0
Root; d__Bacteria; p__Bacillota; c__Clostridia; o__Clostridiales; f__Clostridiaceae; g__Clostridium_AD	0.02	0.0	0.0	0.0	0.0	0.0	0.0	0.0	0.0	0.0	0.0	0.0	0.0	0.0	0.0	0.0	0.0	0.0	0.0	0.0	0.0	0.0	0.0	0.0	0.0	0.0	0.0	0.0	0.0	0.0	0.0	0.0	0.0	0.0	0.0	0.0	0.0	0.0	0.0	0.0	0.0	0.0	0.0	0.0	0.0	0.0	0.0	0.0	0.0	0.0	0.0	0.0	0.0	0.0	0.0	0.0	0.0	0.0	0.0	0.0	0.0	0.0	0.0	0.0	0.0	0.0	0.0	0.0	0.0	0.0	0.0	0.0
Root; d__Bacteria; p__Bacillota; c__Clostridia; o__Lutisporales; f__Lutisporaceae; g__GWB2-37-7	0.02	0.0	0.0	0.0	0.0	0.0	0.0	0.0	0.0	0.0	0.0	0.0	0.0	0.0	0.0	0.0	0.0	0.0	0.0	0.0	0.0	0.0	0.0	0.0	0.0	0.0	0.0	0.0	0.0	0.0	0.0	0.0	0.0	0.0	0.0	0.0	0.0	0.0	0.0	0.0	0.0	0.0	0.0	0.0	0.0	0.0	0.0	0.0	0.0	0.0	0.0	0.0	0.0	0.0	0.0	0.0	0.0	0.0	0.0	0.0	0.0	0.0	0.0	0.0	0.0	0.0	0.0	0.0	0.0	0.0	0.0	0.0
Root; d__Bacteria; p__Bacteroidota; c__Bacteroidia; o__Chitinophagales; f__Chitinophagaceae; g__Ferruginibacter	0.12	0.12	0.11	0.17	0.08	0.07	0.09	0.13	0.1	0.13	0.11	0.06	0.08	0.12	0.0	0.08	0.09	0.14	0.07	0.09	0.05	0.08	0.09	0.09	0.07	0.07	0.1	0.09	0.07	0.0	0.09	0.08	0.08	0.08	0.1	0.08	0.03	0.02	0.0	0.02	0.02	0.0	0.05	0.02	0.0	0.05	0.0	0.05	0.03	0.02	0.0	0.02	0.03	0.0	0.06	0.06	0.0	0.07	0.08	0.08	0.09	0.07	0.06	0.06	0.04	0.06	0.07	0.06	0.04	0.06	0.06	0.06
Root; d__Bacteria; p__Bacteroidota; c__Bacteroidia; o__Chitinophagales; f__Chitinophagaceae; g__JJ008	0.02	0.05	0.05	0.05	0.02	0.0	0.04	0.04	0.05	0.04	0.03	0.0	0.04	0.07	0.0	0.04	0.04	0.04	0.04	0.03	0.0	0.06	0.03	0.0	0.03	0.04	0.0	0.0	0.03	0.06	0.05	0.06	0.0	0.05	0.05	0.0	0.0	0.02	0.0	0.03	0.0	0.0	0.02	0.02	0.0	0.0	0.02	0.0	0.03	0.03	0.0	0.03	0.04	0.0	0.07	0.07	0.06	0.08	0.05	0.09	0.07	0.05	0.04	0.05	0.04	0.0	0.06	0.05	0.0	0.06	0.05	0.09
Root; d__Bacteria; p__Bacteroidota; c__Bacteroidia; o__Chitinophagales; f__Chitinophagaceae; g__Flavisolibacter	0.13	0.2	0.09	0.13	0.12	0.14	0.18	0.21	0.04	0.11	0.12	0.11	0.08	0.1	0.0	0.16	0.17	0.12	0.15	0.16	0.13	0.13	0.16	0.08	0.19	0.2	0.09	0.15	0.16	0.18	0.15	0.17	0.17	0.14	0.14	0.16	0.17	0.18	0.13	0.21	0.15	0.21	0.19	0.2	0.08	0.16	0.19	0.05	0.24	0.15	0.12	0.18	0.19	0.17	0.17	0.19	0.17	0.18	0.21	0.24	0.21	0.22	0.18	0.18	0.22	0.13	0.17	0.16	0.22	0.18	0.17	0.13
Root; d__Bacteria; p__Bacteroidota; c__Bacteroidia; o__Chitinophagales; f__Chitinophagaceae; g__VBAS01	0.05	0.03	0.0	0.03	0.05	0.0	0.05	0.04	0.0	0.04	0.03	0.07	0.05	0.02	0.09	0.04	0.01	0.0	0.09	0.11	0.05	0.07	0.12	0.0	0.11	0.08	0.08	0.11	0.1	0.11	0.13	0.08	0.18	0.11	0.11	0.08	0.0	0.0	0.0	0.0	0.0	0.0	0.0	0.0	0.0	0.0	0.0	0.0	0.0	0.0	0.0	0.0	0.0	0.0	0.0	0.0	0.0	0.0	0.0	0.0	0.01	0.01	0.0	0.0	0.0	0.0	0.0	0.0	0.0	0.0	0.0	0.0
Root; d__Bacteria; p__Bacteroidota; c__Bacteroidia; o__Chitinophagales; f__Chitinophagaceae; g__Segetibacter	0.02	0.0	0.0	0.02	0.0	0.0	0.03	0.02	0.0	0.02	0.02	0.0	0.0	0.0	0.0	0.02	0.01	0.0	0.0	0.0	0.0	0.0	0.02	0.0	0.0	0.02	0.0	0.03	0.02	0.0	0.02	0.02	0.0	0.03	0.02	0.0	0.02	0.03	0.0	0.03	0.04	0.0	0.03	0.03	0.0	0.02	0.0	0.0	0.02	0.02	0.0	0.05	0.03	0.0	0.05	0.06	0.0	0.05	0.04	0.03	0.04	0.05	0.05	0.04	0.04	0.05	0.06	0.05	0.0	0.03	0.04	0.08
Root; d__Bacteria; p__Bacteroidota; c__Bacteroidia; o__Chitinophagales; f__Chitinophagaceae; g__Niastella	0.04	0.02	0.0	0.04	0.0	0.0	0.02	0.05	0.0	0.03	0.03	0.0	0.0	0.03	0.0	0.04	0.03	0.0	0.02	0.04	0.0	0.0	0.02	0.0	0.02	0.0	0.0	0.02	0.02	0.0	0.02	0.02	0.0	0.0	0.0	0.0	0.0	0.01	0.0	0.0	0.0	0.0	0.01	0.0	0.0	0.02	0.02	0.0	0.03	0.0	0.0	0.0	0.01	0.0	0.0	0.0	0.0	0.02	0.01	0.02	0.02	0.02	0.0	0.0	0.0	0.0	0.0	0.01	0.0	0.01	0.01	0.0
Root; d__Bacteria; p__Bacteroidota; c__Bacteroidia; o__Chitinophagales; f__Chitinophagaceae; g__Pollutibacter	0.02	0.0	0.0	0.0	0.0	0.0	0.0	0.0	0.0	0.0	0.02	0.0	0.0	0.0	0.0	0.0	0.0	0.0	0.0	0.0	0.0	0.0	0.0	0.0	0.0	0.0	0.0	0.0	0.0	0.0	0.0	0.0	0.0	0.0	0.02	0.0	0.0	0.0	0.0	0.0	0.0	0.0	0.0	0.0	0.0	0.0	0.0	0.0	0.0	0.0	0.0	0.0	0.0	0.0	0.0	0.0	0.0	0.0	0.0	0.0	0.0	0.0	0.0	0.0	0.0	0.0	0.0	0.0	0.0	0.0	0.0	0.0
Root; d__Bacteria; p__Bacteroidota; c__Bacteroidia; o__Chitinophagales; f__Chitinophagaceae; g__Flavitalea	0.03	0.06	0.0	0.03	0.03	0.0	0.05	0.03	0.0	0.04	0.0	0.0	0.02	0.05	0.0	0.05	0.03	0.07	0.0	0.02	0.0	0.02	0.02	0.0	0.0	0.02	0.04	0.0	0.05	0.0	0.04	0.02	0.0	0.04	0.01	0.0	0.02	0.04	0.0	0.01	0.03	0.0	0.0	0.03	0.0	0.03	0.0	0.0	0.02	0.02	0.0	0.02	0.03	0.05	0.02	0.04	0.0	0.03	0.04	0.0	0.03	0.02	0.03	0.0	0.03	0.0	0.0	0.02	0.0	0.02	0.02	0.0
Root; d__Bacteria; p__Bacteroidota; c__Bacteroidia; o__Cytophagales; f__Cyclobacteriaceae; g__ELB16-189	0.05	0.05	0.06	0.08	0.07	0.0	0.08	0.08	0.0	0.06	0.05	0.0	0.04	0.04	0.0	0.04	0.09	0.0	0.11	0.07	0.0	0.08	0.11	0.04	0.06	0.1	0.04	0.09	0.11	0.12	0.1	0.09	0.08	0.09	0.09	0.07	0.02	0.01	0.0	0.0	0.02	0.0	0.01	0.0	0.0	0.05	0.04	0.0	0.02	0.03	0.0	0.02	0.04	0.0	0.04	0.0	0.0	0.02	0.02	0.02	0.04	0.05	0.04	0.03	0.06	0.0	0.04	0.04	0.0	0.05	0.03	0.0
Root; d__Bacteria; p__Bacteroidota; c__Bacteroidia; o__Cytophagales; f__Cyclobacteriaceae; g__Ohtaekwangia	0.02	0.03	0.0	0.0	0.03	0.0	0.0	0.0	0.0	0.02	0.02	0.0	0.0	0.0	0.0	0.0	0.0	0.0	0.0	0.0	0.0	0.0	0.0	0.0	0.0	0.0	0.0	0.0	0.0	0.0	0.0	0.02	0.0	0.0	0.0	0.0	0.0	0.0	0.0	0.0	0.0	0.0	0.02	0.0	0.0	0.0	0.0	0.0	0.0	0.0	0.0	0.0	0.0	0.0	0.0	0.0	0.0	0.0	0.0	0.0	0.01	0.01	0.0	0.0	0.0	0.0	0.0	0.0	0.0	0.0	0.0	0.0
Root; d__Bacteria; p__Bacteroidota; c__Bacteroidia; o__Cytophagales; f__Cyclobacteriaceae; g__Chryseolinea	0.05	0.06	0.0	0.07	0.09	0.0	0.08	0.09	0.0	0.08	0.09	0.0	0.05	0.07	0.0	0.03	0.05	0.05	0.02	0.03	0.0	0.02	0.02	0.0	0.0	0.02	0.0	0.03	0.0	0.0	0.02	0.01	0.0	0.0	0.02	0.0	0.0	0.0	0.0	0.0	0.0	0.0	0.0	0.0	0.0	0.0	0.0	0.0	0.0	0.0	0.0	0.0	0.0	0.0	0.0	0.0	0.0	0.01	0.01	0.0	0.01	0.0	0.0	0.0	0.0	0.0	0.0	0.0	0.0	0.0	0.0	0.0
Root; d__Bacteria; p__Bacteroidota; c__Bacteroidia; o__Cytophagales; f__Cyclobacteriaceae; g__Chryseosolibacter	0.02	0.0	0.0	0.02	0.05	0.0	0.0	0.03	0.0	0.04	0.02	0.0	0.04	0.0	0.0	0.03	0.02	0.0	0.0	0.02	0.0	0.02	0.02	0.0	0.0	0.06	0.0	0.0	0.03	0.0	0.02	0.05	0.0	0.03	0.0	0.0	0.04	0.03	0.0	0.02	0.04	0.0	0.03	0.03	0.04	0.03	0.05	0.0	0.04	0.05	0.05	0.04	0.05	0.0	0.02	0.02	0.0	0.01	0.02	0.0	0.02	0.03	0.01	0.03	0.03	0.0	0.03	0.03	0.0	0.02	0.03	0.0
Root; d__Bacteria; p__Bacteroidota; c__Bacteroidia; o__Cytophagales; f__Hymenobacteraceae; g__Adhaeribacter_A	0.04	0.03	0.0	0.02	0.02	0.0	0.04	0.04	0.0	0.0	0.0	0.0	0.0	0.0	0.0	0.0	0.0	0.0	0.0	0.0	0.0	0.0	0.0	0.0	0.0	0.0	0.0	0.0	0.0	0.0	0.0	0.0	0.0	0.0	0.0	0.0	0.0	0.0	0.0	0.0	0.0	0.0	0.0	0.0	0.0	0.0	0.0	0.0	0.0	0.0	0.0	0.0	0.0	0.0	0.0	0.0	0.0	0.0	0.0	0.0	0.01	0.01	0.0	0.0	0.0	0.0	0.0	0.0	0.0	0.0	0.0	0.0
Root; d__Bacteria; p__Bacteroidota; c__Bacteroidia; o__Cytophagales; f__Spirosomataceae; g__Dyadobacter	0.1	0.1	0.08	0.02	0.03	0.0	0.12	0.13	0.08	0.0	0.0	0.0	0.0	0.0	0.0	0.0	0.0	0.0	0.0	0.0	0.0	0.0	0.0	0.0	0.0	0.0	0.0	0.0	0.0	0.0	0.0	0.0	0.0	0.0	0.0	0.0	0.0	0.0	0.0	0.0	0.0	0.0	0.0	0.0	0.0	0.0	0.0	0.0	0.0	0.0	0.0	0.0	0.0	0.0	0.0	0.0	0.0	0.0	0.0	0.0	0.0	0.0	0.0	0.0	0.0	0.0	0.0	0.0	0.0	0.0	0.0	0.0
Root; d__Bacteria; p__Bacteroidota; c__Bacteroidia; o__Flavobacteriales; f__Flavobacteriaceae; g__Flavobacterium	0.06	0.04	0.0	0.0	0.02	0.0	0.04	0.1	0.05	0.04	0.04	0.0	0.06	0.03	0.0	0.03	0.02	0.0	0.0	0.02	0.0	0.02	0.0	0.0	0.0	0.02	0.0	0.02	0.0	0.0	0.03	0.03	0.0	0.02	0.02	0.0	0.0	0.0	0.0	0.0	0.0	0.0	0.01	0.02	0.0	0.0	0.0	0.0	0.0	0.0	0.0	0.0	0.0	0.0	0.0	0.0	0.0	0.0	0.0	0.0	0.01	0.01	0.0	0.0	0.01	0.0	0.0	0.0	0.0	0.0	0.0	0.0
Root; d__Bacteria; p__Bacteroidota; c__Bacteroidia; o__Sphingobacteriales; f__Sphingobacteriaceae; g__Pedobacter	0.08	0.13	0.0	0.06	0.04	0.0	0.17	0.13	0.16	0.02	0.03	0.0	0.0	0.0	0.0	0.02	0.03	0.0	0.0	0.0	0.0	0.0	0.0	0.0	0.0	0.0	0.0	0.0	0.0	0.0	0.02	0.0	0.0	0.0	0.0	0.0	0.0	0.0	0.0	0.0	0.0	0.0	0.0	0.0	0.0	0.0	0.0	0.0	0.0	0.0	0.0	0.0	0.0	0.0	0.0	0.0	0.0	0.0	0.0	0.0	0.0	0.0	0.0	0.0	0.0	0.0	0.0	0.0	0.0	0.0	0.0	0.0
Root; d__Bacteria; p__Bacteroidota; c__Bacteroidia; o__Sphingobacteriales; f__Sphingobacteriaceae; g__Mucilaginibacter	0.03	0.04	0.0	0.03	0.0	0.06	0.06	0.09	0.0	0.02	0.0	0.0	0.0	0.0	0.0	0.0	0.02	0.0	0.06	0.05	0.0	0.1	0.1	0.09	0.1	0.04	0.0	0.08	0.05	0.08	0.11	0.1	0.06	0.09	0.11	0.08	0.0	0.0	0.0	0.0	0.0	0.0	0.0	0.0	0.0	0.03	0.02	0.0	0.03	0.02	0.0	0.02	0.03	0.0	0.0	0.0	0.0	0.01	0.01	0.0	0.01	0.0	0.0	0.0	0.0	0.0	0.02	0.02	0.0	0.0	0.01	0.0
Root; d__Bacteria; p__Bacteroidota; c__Bacteroidia; o__Sphingobacteriales; f__Sphingobacteriaceae; g__Daejeonella	0.04	0.0	0.0	0.0	0.0	0.0	0.0	0.03	0.0	0.0	0.0	0.0	0.0	0.0	0.0	0.0	0.0	0.0	0.0	0.0	0.0	0.0	0.0	0.0	0.0	0.0	0.0	0.0	0.0	0.0	0.0	0.0	0.0	0.0	0.0	0.0	0.0	0.0	0.0	0.0	0.0	0.0	0.0	0.0	0.0	0.0	0.0	0.0	0.0	0.0	0.0	0.0	0.0	0.0	0.0	0.0	0.0	0.0	0.0	0.0	0.0	0.0	0.0	0.0	0.0	0.0	0.0	0.0	0.0	0.0	0.0	0.0
Root; d__Bacteria; p__Myxococcota; c__Myxococcia; o__Myxococcales; f__40CM-4-68-19; g__VBKO01	0.02	0.03	0.0	0.0	0.02	0.0	0.03	0.02	0.0	0.03	0.04	0.0	0.04	0.0	0.0	0.06	0.06	0.0	0.14	0.14	0.1	0.13	0.15	0.1	0.11	0.15	0.13	0.11	0.09	0.07	0.17	0.14	0.11	0.1	0.09	0.08	0.08	0.06	0.07	0.11	0.1	0.07	0.09	0.08	0.05	0.08	0.09	0.05	0.08	0.07	0.0	0.08	0.07	0.04	0.11	0.09	0.07	0.11	0.12	0.09	0.09	0.09	0.1	0.11	0.09	0.1	0.08	0.13	0.07	0.11	0.11	0.05
Root; d__Bacteria; p__Myxococcota; c__Myxococcia; o__Myxococcales; f__Myxococcaceae; g__Archangium	0.06	0.05	0.0	0.03	0.05	0.0	0.06	0.04	0.05	0.05	0.03	0.0	0.04	0.06	0.0	0.04	0.05	0.0	0.02	0.0	0.0	0.0	0.05	0.0	0.03	0.02	0.0	0.02	0.02	0.0	0.04	0.02	0.0	0.02	0.03	0.0	0.0	0.01	0.0	0.01	0.0	0.0	0.0	0.0	0.0	0.0	0.0	0.0	0.03	0.02	0.0	0.01	0.0	0.0	0.0	0.02	0.0	0.03	0.01	0.02	0.01	0.02	0.0	0.0	0.01	0.0	0.0	0.01	0.0	0.01	0.02	0.0
Root; d__Bacteria; p__Myxococcota; c__Myxococcia; o__Myxococcales; f__Myxococcaceae; g__Archangium_A	0.02	0.04	0.0	0.03	0.04	0.0	0.01	0.03	0.0	0.02	0.03	0.0	0.02	0.03	0.0	0.02	0.02	0.0	0.0	0.03	0.0	0.0	0.0	0.0	0.02	0.0	0.0	0.0	0.0	0.0	0.0	0.0	0.0	0.02	0.0	0.0	0.0	0.0	0.0	0.0	0.0	0.0	0.0	0.02	0.0	0.0	0.0	0.0	0.0	0.0	0.0	0.0	0.0	0.0	0.0	0.0	0.0	0.02	0.01	0.0	0.01	0.01	0.0	0.0	0.0	0.0	0.0	0.0	0.0	0.0	0.01	0.0
Root; d__Bacteria; p__Myxococcota; c__Myxococcia; o__Myxococcales; f__Myxococcaceae; g__Xiheicaenimonas	0.02	0.0	0.0	0.0	0.02	0.0	0.0	0.02	0.0	0.0	0.03	0.0	0.02	0.0	0.0	0.0	0.02	0.0	0.02	0.02	0.0	0.04	0.02	0.0	0.02	0.03	0.0	0.03	0.02	0.08	0.02	0.03	0.0	0.03	0.03	0.0	0.0	0.0	0.0	0.02	0.0	0.0	0.0	0.0	0.0	0.0	0.0	0.0	0.0	0.0	0.0	0.0	0.02	0.0	0.0	0.0	0.0	0.01	0.01	0.0	0.02	0.02	0.0	0.02	0.03	0.0	0.02	0.03	0.0	0.01	0.02	0.0
Root; d__Bacteria; p__Myxococcota; c__Myxococcia; o__Myxococcales; f__Myxococcaceae; g__Hyalangium	0.03	0.03	0.0	0.02	0.02	0.0	0.03	0.02	0.0	0.03	0.02	0.0	0.03	0.02	0.0	0.0	0.0	0.0	0.03	0.0	0.0	0.03	0.02	0.0	0.0	0.01	0.0	0.02	0.0	0.0	0.0	0.02	0.0	0.02	0.0	0.0	0.02	0.0	0.0	0.0	0.02	0.0	0.0	0.02	0.0	0.03	0.03	0.0	0.0	0.0	0.0	0.03	0.02	0.0	0.0	0.0	0.0	0.02	0.03	0.0	0.02	0.02	0.03	0.03	0.01	0.0	0.03	0.03	0.0	0.02	0.04	0.0
Root; d__Bacteria; p__Planctomycetota; c__Planctomycetia; o__Pirellulales; f__PALSA-1355; g__JALHMI01	0.02	0.0	0.0	0.0	0.02	0.0	0.02	0.0	0.0	0.0	0.0	0.0	0.0	0.0	0.0	0.0	0.0	0.0	0.0	0.0	0.0	0.0	0.0	0.0	0.0	0.0	0.0	0.0	0.0	0.0	0.0	0.0	0.0	0.0	0.0	0.0	0.0	0.0	0.0	0.0	0.0	0.0	0.0	0.0	0.0	0.0	0.0	0.0	0.0	0.0	0.0	0.0	0.0	0.0	0.0	0.0	0.0	0.0	0.0	0.0	0.0	0.0	0.0	0.0	0.0	0.0	0.0	0.0	0.0	0.0	0.0	0.0
Root; d__Bacteria; p__Planctomycetota; c__Planctomycetia; o__Pirellulales; f__PALSA-1355; g__PALSA-1355	0.03	0.0	0.0	0.0	0.0	0.0	0.0	0.0	0.0	0.0	0.0	0.0	0.0	0.0	0.0	0.02	0.0	0.0	0.01	0.0	0.0	0.02	0.0	0.0	0.0	0.0	0.0	0.0	0.03	0.0	0.0	0.0	0.0	0.0	0.0	0.0	0.02	0.0	0.0	0.03	0.0	0.0	0.02	0.02	0.0	0.02	0.03	0.0	0.0	0.03	0.0	0.0	0.03	0.0	0.0	0.02	0.0	0.03	0.02	0.0	0.02	0.02	0.02	0.02	0.02	0.0	0.01	0.02	0.0	0.0	0.01	0.0
Root; d__Bacteria; p__Planctomycetota; c__Planctomycetia; o__Pirellulales; f__Lacipirellulaceae; g__JABDGM01	0.16	0.19	0.21	0.24	0.21	0.12	0.21	0.19	0.18	0.18	0.16	0.22	0.16	0.24	0.13	0.24	0.2	0.18	0.18	0.18	0.15	0.16	0.17	0.09	0.21	0.16	0.09	0.15	0.15	0.05	0.17	0.18	0.1	0.14	0.18	0.08	0.28	0.25	0.2	0.23	0.22	0.25	0.25	0.28	0.24	0.3	0.26	0.16	0.25	0.22	0.2	0.25	0.24	0.24	0.2	0.22	0.16	0.22	0.22	0.18	0.22	0.2	0.23	0.19	0.18	0.15	0.24	0.2	0.22	0.14	0.21	0.23
Root; d__Bacteria; p__Planctomycetota; c__Planctomycetia; o__Pirellulales; f__Lacipirellulaceae; g__Lacipirellula	0.03	0.03	0.0	0.07	0.06	0.0	0.05	0.05	0.05	0.06	0.04	0.0	0.02	0.03	0.07	0.05	0.05	0.0	0.0	0.03	0.0	0.0	0.0	0.0	0.02	0.0	0.0	0.02	0.0	0.0	0.0	0.0	0.0	0.01	0.02	0.0	0.05	0.04	0.0	0.05	0.05	0.05	0.03	0.02	0.0	0.03	0.04	0.0	0.05	0.03	0.0	0.03	0.06	0.0	0.0	0.0	0.0	0.01	0.02	0.0	0.04	0.03	0.0	0.0	0.02	0.0	0.0	0.02	0.0	0.0	0.0	0.0
Root; d__Bacteria; p__Planctomycetota; c__Planctomycetia; o__Pirellulales; f__Pirellulaceae; g__CAYLLN01	0.09	0.09	0.06	0.06	0.06	0.09	0.11	0.07	0.0	0.08	0.11	0.06	0.1	0.09	0.0	0.12	0.12	0.16	0.12	0.11	0.09	0.12	0.11	0.11	0.1	0.12	0.11	0.07	0.09	0.06	0.11	0.1	0.06	0.15	0.11	0.13	0.16	0.21	0.11	0.14	0.12	0.12	0.15	0.15	0.1	0.18	0.18	0.2	0.16	0.14	0.12	0.2	0.19	0.14	0.08	0.11	0.09	0.14	0.13	0.09	0.13	0.12	0.12	0.09	0.12	0.08	0.12	0.14	0.11	0.11	0.11	0.14
Root; d__Bacteria; p__Planctomycetota; c__Planctomycetia; o__Pirellulales; f__Pirellulaceae; g__BCRBG_76913	0.02	0.0	0.0	0.0	0.0	0.0	0.03	0.0	0.0	0.0	0.0	0.0	0.02	0.0	0.0	0.01	0.02	0.0	0.02	0.0	0.0	0.0	0.0	0.0	0.02	0.02	0.0	0.0	0.0	0.0	0.01	0.0	0.0	0.02	0.0	0.0	0.0	0.02	0.0	0.0	0.02	0.0	0.02	0.0	0.0	0.02	0.02	0.0	0.0	0.02	0.0	0.0	0.0	0.0	0.0	0.0	0.0	0.01	0.01	0.0	0.01	0.01	0.0	0.02	0.0	0.0	0.0	0.0	0.0	0.02	0.0	0.0
Root; d__Bacteria; p__Planctomycetota; c__Planctomycetia; o__Isosphaerales; f__Isosphaeraceae; g__SPIREOTU_01173876	0.07	0.04	0.06	0.05	0.05	0.0	0.04	0.05	0.06	0.06	0.06	0.0	0.03	0.0	0.0	0.05	0.04	0.0	0.03	0.03	0.0	0.04	0.06	0.0	0.04	0.02	0.0	0.04	0.02	0.0	0.04	0.05	0.0	0.04	0.06	0.0	0.06	0.03	0.0	0.04	0.03	0.0	0.04	0.03	0.06	0.0	0.03	0.0	0.05	0.03	0.0	0.04	0.02	0.0	0.04	0.05	0.0	0.05	0.04	0.03	0.05	0.05	0.03	0.04	0.05	0.0	0.03	0.03	0.0	0.04	0.04	0.0
Root; d__Bacteria; p__Planctomycetota; c__Planctomycetia; o__Isosphaerales; f__Isosphaeraceae; g__Aquisphaera	0.06	0.04	0.0	0.05	0.05	0.0	0.06	0.07	0.0	0.05	0.06	0.05	0.06	0.04	0.0	0.08	0.06	0.0	0.04	0.08	0.0	0.03	0.05	0.0	0.04	0.08	0.0	0.03	0.06	0.04	0.05	0.04	0.0	0.05	0.06	0.1	0.08	0.07	0.1	0.11	0.05	0.0	0.09	0.1	0.08	0.14	0.09	0.05	0.08	0.1	0.0	0.08	0.09	0.0	0.04	0.06	0.0	0.08	0.07	0.06	0.06	0.08	0.09	0.08	0.04	0.05	0.07	0.05	0.0	0.07	0.08	0.09
Root; d__Bacteria; p__Planctomycetota; c__Planctomycetia; o__Isosphaerales; f__Isosphaeraceae; g__Paludisphaera	0.04	0.03	0.0	0.06	0.07	0.07	0.06	0.04	0.0	0.02	0.03	0.0	0.03	0.04	0.0	0.03	0.02	0.0	0.0	0.0	0.0	0.02	0.0	0.0	0.04	0.0	0.0	0.02	0.02	0.0	0.02	0.02	0.0	0.02	0.0	0.0	0.05	0.03	0.0	0.05	0.03	0.0	0.02	0.03	0.0	0.06	0.03	0.0	0.03	0.04	0.0	0.02	0.0	0.0	0.0	0.02	0.0	0.03	0.03	0.03	0.02	0.02	0.02	0.01	0.02	0.0	0.02	0.03	0.0	0.02	0.02	0.0
Root; d__Bacteria; p__Planctomycetota; c__Planctomycetia; o__Isosphaerales; f__Isosphaeraceae; g__CAMFLR01	0.02	0.02	0.0	0.02	0.0	0.0	0.02	0.0	0.0	0.02	0.0	0.0	0.0	0.0	0.0	0.02	0.0	0.0	0.0	0.0	0.0	0.0	0.0	0.0	0.02	0.0	0.0	0.0	0.0	0.0	0.02	0.0	0.0	0.02	0.02	0.0	0.02	0.04	0.0	0.03	0.02	0.0	0.0	0.02	0.04	0.0	0.0	0.0	0.02	0.02	0.0	0.0	0.02	0.0	0.02	0.0	0.0	0.02	0.02	0.0	0.03	0.03	0.02	0.0	0.02	0.0	0.0	0.02	0.0	0.0	0.0	0.0
Root; d__Bacteria; p__Planctomycetota; c__Planctomycetia; o__Isosphaerales; f__Isosphaeraceae; g__Tundrisphaera	0.04	0.05	0.0	0.07	0.08	0.0	0.04	0.04	0.06	0.06	0.02	0.0	0.05	0.03	0.0	0.05	0.07	0.0	0.04	0.03	0.0	0.03	0.04	0.0	0.04	0.0	0.0	0.06	0.03	0.06	0.04	0.04	0.05	0.04	0.03	0.0	0.06	0.07	0.04	0.06	0.05	0.0	0.06	0.04	0.06	0.04	0.06	0.0	0.05	0.04	0.05	0.06	0.03	0.0	0.09	0.05	0.0	0.07	0.05	0.04	0.05	0.06	0.05	0.07	0.06	0.08	0.04	0.05	0.0	0.08	0.05	0.04
Root; d__Bacteria; p__Planctomycetota; c__Planctomycetia; o__Isosphaerales; f__Isosphaeraceae; g__JAFANO01	0.03	0.03	0.0	0.03	0.0	0.0	0.0	0.02	0.0	0.02	0.03	0.0	0.02	0.0	0.0	0.03	0.03	0.0	0.03	0.0	0.0	0.02	0.0	0.0	0.0	0.0	0.0	0.02	0.0	0.0	0.02	0.0	0.0	0.0	0.0	0.0	0.04	0.04	0.0	0.04	0.03	0.0	0.06	0.06	0.04	0.02	0.04	0.0	0.03	0.02	0.0	0.03	0.04	0.0	0.0	0.04	0.0	0.05	0.03	0.05	0.04	0.04	0.01	0.02	0.04	0.0	0.02	0.02	0.04	0.03	0.04	0.0
Root; d__Bacteria; p__Planctomycetota; c__Planctomycetia; o__Isosphaerales; f__Isosphaeraceae; g__JAQGHR01	0.03	0.05	0.0	0.03	0.04	0.0	0.04	0.03	0.0	0.03	0.04	0.05	0.02	0.04	0.0	0.03	0.03	0.0	0.02	0.02	0.0	0.03	0.0	0.0	0.03	0.02	0.0	0.0	0.02	0.0	0.0	0.02	0.0	0.04	0.0	0.0	0.05	0.02	0.06	0.02	0.03	0.0	0.03	0.04	0.0	0.03	0.03	0.0	0.02	0.02	0.0	0.04	0.04	0.0	0.03	0.03	0.0	0.03	0.03	0.02	0.04	0.03	0.03	0.04	0.03	0.0	0.04	0.02	0.0	0.03	0.04	0.0
Root; d__Bacteria; p__Planctomycetota; c__Planctomycetia; o__Isosphaerales; f__Isosphaeraceae; g__Singulisphaera	0.02	0.02	0.0	0.0	0.02	0.0	0.05	0.03	0.0	0.03	0.02	0.0	0.0	0.0	0.0	0.02	0.02	0.0	0.0	0.0	0.0	0.02	0.0	0.0	0.0	0.0	0.0	0.02	0.0	0.0	0.01	0.0	0.0	0.0	0.01	0.0	0.02	0.03	0.0	0.02	0.03	0.0	0.02	0.03	0.0	0.0	0.02	0.0	0.02	0.02	0.0	0.02	0.02	0.0	0.0	0.0	0.0	0.01	0.02	0.02	0.02	0.01	0.02	0.02	0.0	0.0	0.0	0.02	0.0	0.02	0.02	0.0
Root; d__Bacteria; p__Planctomycetota; c__Planctomycetia; o__Gemmatales; f__Gemmataceae; g__RGDT01	0.04	0.02	0.0	0.04	0.0	0.0	0.01	0.0	0.0	0.03	0.03	0.0	0.0	0.03	0.0	0.0	0.02	0.0	0.03	0.03	0.0	0.03	0.03	0.0	0.02	0.03	0.0	0.02	0.03	0.0	0.02	0.02	0.0	0.02	0.05	0.0	0.02	0.0	0.0	0.0	0.02	0.0	0.0	0.02	0.0	0.03	0.03	0.0	0.0	0.0	0.0	0.0	0.0	0.0	0.0	0.0	0.0	0.02	0.02	0.0	0.02	0.02	0.02	0.02	0.04	0.0	0.02	0.01	0.0	0.03	0.02	0.0
Root; d__Bacteria; p__Planctomycetota; c__Planctomycetia; o__Gemmatales; f__Gemmataceae; g__Urbifossiella	0.09	0.12	0.1	0.09	0.1	0.06	0.09	0.05	0.0	0.1	0.06	0.05	0.06	0.07	0.0	0.08	0.07	0.05	0.07	0.08	0.0	0.07	0.06	0.0	0.05	0.04	0.0	0.08	0.04	0.0	0.07	0.05	0.0	0.08	0.06	0.05	0.07	0.07	0.0	0.08	0.09	0.09	0.07	0.1	0.05	0.05	0.07	0.09	0.09	0.05	0.0	0.06	0.06	0.0	0.08	0.08	0.0	0.06	0.07	0.02	0.08	0.07	0.03	0.08	0.07	0.08	0.07	0.07	0.0	0.08	0.07	0.0
Root; d__Bacteria; p__Planctomycetota; c__Planctomycetia; o__Gemmatales; f__Gemmataceae; g__Gemmata	0.14	0.16	0.1	0.13	0.17	0.15	0.16	0.17	0.12	0.12	0.16	0.08	0.13	0.11	0.08	0.12	0.15	0.19	0.16	0.14	0.08	0.14	0.14	0.17	0.14	0.15	0.09	0.14	0.17	0.07	0.14	0.14	0.08	0.16	0.09	0.17	0.15	0.17	0.11	0.13	0.14	0.05	0.14	0.11	0.09	0.16	0.16	0.0	0.14	0.18	0.15	0.15	0.15	0.1	0.14	0.1	0.0	0.12	0.11	0.12	0.12	0.11	0.09	0.12	0.11	0.2	0.11	0.15	0.11	0.16	0.12	0.16
Root; d__Bacteria; p__Planctomycetota; c__Planctomycetia; o__Gemmatales; f__Gemmataceae; g__DASXAN01	0.02	0.03	0.0	0.0	0.02	0.0	0.02	0.03	0.0	0.0	0.02	0.0	0.02	0.03	0.0	0.03	0.03	0.0	0.03	0.02	0.0	0.03	0.03	0.0	0.03	0.03	0.0	0.03	0.03	0.0	0.02	0.04	0.0	0.03	0.03	0.0	0.04	0.03	0.0	0.02	0.0	0.0	0.03	0.02	0.0	0.02	0.02	0.0	0.02	0.02	0.0	0.03	0.03	0.0	0.0	0.03	0.0	0.06	0.04	0.03	0.03	0.04	0.03	0.05	0.03	0.0	0.03	0.04	0.0	0.04	0.06	0.0
Root; d__Bacteria; p__Planctomycetota; c__Planctomycetia; o__Gemmatales; f__Gemmataceae; g__SIAJ01	0.07	0.06	0.09	0.05	0.04	0.06	0.06	0.05	0.0	0.05	0.05	0.05	0.05	0.08	0.0	0.06	0.06	0.0	0.09	0.09	0.07	0.1	0.1	0.0	0.06	0.07	0.07	0.12	0.06	0.07	0.07	0.07	0.04	0.06	0.06	0.08	0.04	0.02	0.0	0.02	0.02	0.05	0.04	0.04	0.0	0.03	0.03	0.0	0.03	0.04	0.06	0.04	0.06	0.0	0.05	0.04	0.0	0.05	0.06	0.04	0.07	0.05	0.08	0.03	0.04	0.0	0.05	0.05	0.0	0.07	0.05	0.05
Root; d__Bacteria; p__Planctomycetota; c__Planctomycetia; o__Gemmatales; f__Gemmataceae; g__JALHQU01	0.04	0.04	0.0	0.04	0.04	0.0	0.02	0.03	0.0	0.03	0.02	0.0	0.04	0.06	0.0	0.03	0.03	0.0	0.05	0.02	0.0	0.02	0.02	0.0	0.02	0.0	0.0	0.03	0.04	0.0	0.05	0.04	0.0	0.02	0.02	0.0	0.02	0.0	0.0	0.02	0.0	0.0	0.0	0.0	0.0	0.0	0.0	0.0	0.02	0.0	0.0	0.0	0.04	0.0	0.02	0.03	0.0	0.03	0.03	0.02	0.03	0.03	0.03	0.0	0.02	0.0	0.03	0.02	0.0	0.0	0.03	0.0
Root; d__Bacteria; p__Planctomycetota; c__Planctomycetia; o__Gemmatales; f__Gemmataceae; g__JAIEPT01	0.02	0.0	0.0	0.0	0.0	0.0	0.0	0.02	0.0	0.02	0.02	0.0	0.0	0.0	0.0	0.0	0.0	0.0	0.01	0.02	0.0	0.03	0.04	0.0	0.03	0.02	0.0	0.03	0.05	0.0	0.03	0.02	0.0	0.04	0.03	0.0	0.0	0.0	0.0	0.0	0.0	0.0	0.0	0.0	0.0	0.0	0.0	0.0	0.0	0.0	0.0	0.0	0.0	0.0	0.0	0.02	0.0	0.02	0.01	0.0	0.02	0.02	0.01	0.03	0.0	0.0	0.0	0.0	0.0	0.02	0.03	0.0
Root; d__Bacteria; p__Planctomycetota; c__Planctomycetia; o__Gemmatales; f__Gemmataceae; g__JAXMAS01	0.02	0.02	0.0	0.02	0.0	0.0	0.0	0.01	0.0	0.0	0.0	0.0	0.0	0.0	0.0	0.0	0.03	0.0	0.02	0.02	0.0	0.0	0.02	0.0	0.0	0.02	0.0	0.0	0.0	0.0	0.01	0.03	0.0	0.02	0.0	0.0	0.01	0.0	0.0	0.0	0.0	0.0	0.0	0.0	0.0	0.0	0.0	0.0	0.0	0.0	0.0	0.0	0.0	0.0	0.0	0.02	0.0	0.02	0.02	0.0	0.01	0.02	0.0	0.0	0.0	0.0	0.0	0.0	0.0	0.0	0.0	0.0
Root; d__Bacteria; p__Planctomycetota; c__Planctomycetia; o__Gemmatales; f__Gemmataceae; g__CALDUY01	0.03	0.0	0.0	0.0	0.0	0.0	0.0	0.02	0.0	0.02	0.02	0.0	0.03	0.03	0.0	0.02	0.03	0.0	0.02	0.02	0.0	0.0	0.02	0.0	0.02	0.0	0.0	0.02	0.03	0.0	0.02	0.04	0.0	0.03	0.0	0.0	0.0	0.0	0.0	0.0	0.0	0.0	0.0	0.02	0.0	0.02	0.02	0.0	0.02	0.0	0.0	0.0	0.02	0.0	0.0	0.02	0.0	0.03	0.02	0.0	0.02	0.02	0.0	0.0	0.03	0.0	0.0	0.01	0.0	0.0	0.01	0.0
Root; d__Bacteria; p__Planctomycetota; c__Planctomycetia; o__Gemmatales; f__Gemmataceae; g__JAJPHU01	0.02	0.04	0.0	0.02	0.02	0.0	0.04	0.02	0.0	0.0	0.03	0.0	0.04	0.06	0.0	0.04	0.04	0.0	0.04	0.04	0.0	0.05	0.04	0.0	0.02	0.02	0.0	0.06	0.05	0.0	0.03	0.02	0.0	0.03	0.05	0.0	0.04	0.03	0.0	0.02	0.02	0.05	0.03	0.03	0.0	0.02	0.03	0.0	0.04	0.04	0.0	0.03	0.05	0.0	0.03	0.02	0.05	0.05	0.05	0.03	0.05	0.05	0.03	0.05	0.06	0.0	0.05	0.05	0.0	0.04	0.06	0.05
Root; d__Bacteria; p__Planctomycetota; c__Planctomycetia; o__Planctomycetales; f__Planctomycetaceae; g__Caulifigura	0.03	0.02	0.0	0.03	0.03	0.0	0.0	0.03	0.0	0.02	0.0	0.0	0.0	0.02	0.0	0.02	0.02	0.0	0.02	0.01	0.0	0.0	0.0	0.0	0.0	0.0	0.0	0.0	0.02	0.0	0.0	0.02	0.0	0.0	0.0	0.0	0.0	0.02	0.0	0.0	0.02	0.0	0.0	0.0	0.0	0.0	0.0	0.0	0.0	0.0	0.0	0.02	0.0	0.0	0.0	0.0	0.0	0.01	0.01	0.02	0.02	0.01	0.02	0.0	0.01	0.0	0.0	0.02	0.0	0.02	0.0	0.0
Root; d__Bacteria; p__Planctomycetota; c__Phycisphaerae; o__Tepidisphaerales; f__Tepidisphaeraceae; g__SMAGOTU_07783	0.04	0.03	0.0	0.0	0.02	0.0	0.02	0.0	0.0	0.0	0.0	0.0	0.0	0.02	0.0	0.03	0.03	0.0	0.02	0.0	0.0	0.03	0.02	0.0	0.03	0.02	0.0	0.02	0.02	0.0	0.03	0.04	0.0	0.02	0.03	0.0	0.0	0.0	0.0	0.01	0.0	0.0	0.0	0.0	0.0	0.02	0.02	0.0	0.02	0.02	0.0	0.01	0.0	0.0	0.0	0.0	0.0	0.02	0.02	0.0	0.02	0.03	0.0	0.03	0.0	0.0	0.02	0.02	0.0	0.02	0.02	0.0
Root; d__Bacteria; p__Planctomycetota; c__Phycisphaerae; o__Tepidisphaerales; f__Tepidisphaeraceae; g__RYN-433	0.04	0.02	0.0	0.06	0.04	0.0	0.03	0.04	0.0	0.04	0.05	0.0	0.04	0.04	0.0	0.04	0.04	0.05	0.06	0.05	0.0	0.07	0.06	0.06	0.04	0.07	0.0	0.06	0.05	0.06	0.05	0.05	0.06	0.05	0.08	0.06	0.05	0.05	0.0	0.06	0.02	0.0	0.03	0.03	0.0	0.03	0.04	0.0	0.05	0.04	0.06	0.03	0.03	0.0	0.04	0.02	0.0	0.03	0.05	0.04	0.05	0.05	0.05	0.05	0.04	0.0	0.05	0.04	0.0	0.06	0.03	0.0
Root; d__Bacteria; p__Planctomycetota; c__Phycisphaerae; o__Tepidisphaerales; f__Tepidisphaeraceae; g__JAICTV01	0.04	0.05	0.0	0.05	0.06	0.0	0.08	0.05	0.0	0.06	0.08	0.0	0.08	0.05	0.0	0.07	0.06	0.0	0.09	0.08	0.04	0.08	0.07	0.0	0.1	0.03	0.0	0.08	0.06	0.05	0.08	0.07	0.07	0.06	0.07	0.0	0.02	0.05	0.06	0.04	0.05	0.0	0.03	0.05	0.0	0.04	0.03	0.0	0.02	0.07	0.05	0.05	0.04	0.0	0.06	0.07	0.0	0.05	0.05	0.03	0.06	0.06	0.05	0.03	0.05	0.0	0.03	0.05	0.0	0.05	0.05	0.05
Root; d__Bacteria; p__Planctomycetota; c__Phycisphaerae; o__Tepidisphaerales; f__Tepidisphaeraceae; g__JBKJRK01	0.02	0.02	0.0	0.0	0.0	0.0	0.0	0.02	0.0	0.02	0.03	0.0	0.02	0.0	0.0	0.02	0.0	0.0	0.02	0.01	0.0	0.02	0.0	0.0	0.02	0.02	0.0	0.0	0.02	0.0	0.02	0.02	0.0	0.0	0.0	0.0	0.0	0.0	0.0	0.0	0.01	0.0	0.0	0.0	0.0	0.0	0.0	0.0	0.0	0.0	0.0	0.0	0.0	0.0	0.0	0.0	0.0	0.01	0.02	0.0	0.01	0.01	0.0	0.0	0.02	0.0	0.0	0.0	0.0	0.0	0.01	0.0
Root; d__Bacteria; p__Planctomycetota; c__Phycisphaerae; o__Tepidisphaerales; f__Tepidisphaeraceae; g__DASYWJ01	0.06	0.05	0.0	0.07	0.07	0.0	0.07	0.04	0.0	0.06	0.04	0.0	0.05	0.05	0.0	0.03	0.04	0.0	0.05	0.05	0.0	0.06	0.06	0.0	0.03	0.06	0.0	0.08	0.04	0.0	0.04	0.05	0.0	0.06	0.04	0.0	0.04	0.03	0.0	0.04	0.05	0.0	0.04	0.04	0.0	0.03	0.04	0.0	0.03	0.0	0.0	0.04	0.04	0.0	0.04	0.03	0.0	0.04	0.05	0.03	0.05	0.04	0.04	0.07	0.07	0.0	0.02	0.04	0.0	0.03	0.03	0.0
Root; d__Bacteria; p__Planctomycetota; c__Phycisphaerae; o__Tepidisphaerales; f__Tepidisphaeraceae; g__JANMES01	0.02	0.02	0.0	0.0	0.0	0.0	0.0	0.0	0.0	0.0	0.0	0.0	0.0	0.0	0.0	0.03	0.02	0.0	0.01	0.0	0.0	0.0	0.0	0.0	0.02	0.0	0.0	0.0	0.02	0.0	0.02	0.02	0.0	0.02	0.0	0.0	0.0	0.0	0.0	0.0	0.0	0.0	0.02	0.0	0.0	0.0	0.0	0.0	0.0	0.0	0.0	0.0	0.03	0.0	0.03	0.0	0.0	0.02	0.02	0.0	0.03	0.03	0.0	0.03	0.02	0.0	0.04	0.02	0.0	0.0	0.01	0.0
Root; d__Bacteria; p__Planctomycetota; c__Phycisphaerae; o__Tepidisphaerales; f__Tepidisphaeraceae; g__Humisphaera	0.04	0.05	0.0	0.04	0.03	0.0	0.02	0.03	0.0	0.03	0.02	0.0	0.0	0.04	0.0	0.03	0.01	0.0	0.03	0.05	0.0	0.03	0.02	0.0	0.03	0.04	0.0	0.03	0.03	0.0	0.03	0.04	0.0	0.0	0.04	0.0	0.03	0.02	0.0	0.03	0.0	0.0	0.0	0.03	0.0	0.0	0.0	0.0	0.03	0.02	0.0	0.03	0.02	0.0	0.04	0.05	0.0	0.03	0.02	0.0	0.04	0.04	0.04	0.04	0.02	0.0	0.04	0.04	0.0	0.02	0.02	0.0
Root; d__Bacteria; p__Planctomycetota; c__MHYJ01; o__MHYJ01; f__JACPRB01; g__JACQFK01	0.03	0.02	0.0	0.02	0.0	0.0	0.0	0.02	0.0	0.0	0.0	0.0	0.03	0.02	0.0	0.06	0.02	0.0	0.04	0.09	0.0	0.05	0.07	0.08	0.05	0.05	0.0	0.05	0.04	0.0	0.04	0.05	0.05	0.05	0.06	0.0	0.09	0.05	0.0	0.06	0.09	0.0	0.07	0.07	0.06	0.1	0.05	0.15	0.11	0.12	0.1	0.08	0.08	0.12	0.08	0.1	0.06	0.09	0.1	0.08	0.12	0.1	0.1	0.11	0.11	0.08	0.11	0.11	0.11	0.13	0.09	0.1
Root; d__Bacteria; p__Myxococcota_A; c__Polyangia; o__Polyangiales; f__Polyangiaceae; g__DASZVB01	0.02	0.0	0.0	0.02	0.03	0.0	0.03	0.03	0.0	0.08	0.06	0.09	0.03	0.03	0.0	0.05	0.05	0.05	0.04	0.05	0.09	0.06	0.06	0.0	0.06	0.04	0.0	0.08	0.05	0.0	0.05	0.07	0.0	0.09	0.07	0.05	0.05	0.05	0.0	0.04	0.03	0.0	0.04	0.03	0.0	0.05	0.1	0.0	0.07	0.08	0.07	0.07	0.11	0.0	0.04	0.04	0.05	0.05	0.04	0.04	0.05	0.05	0.06	0.05	0.05	0.0	0.06	0.04	0.05	0.07	0.05	0.0
Root; d__Bacteria; p__Myxococcota_A; c__Polyangia; o__Polyangiales; f__Polyangiaceae; g__SZUA-265	0.06	0.1	0.08	0.09	0.05	0.0	0.08	0.1	0.1	0.08	0.1	0.07	0.09	0.09	0.07	0.07	0.09	0.0	0.07	0.07	0.0	0.09	0.08	0.0	0.08	0.1	0.05	0.08	0.08	0.07	0.07	0.1	0.0	0.13	0.1	0.08	0.0	0.0	0.0	0.02	0.0	0.0	0.0	0.02	0.0	0.04	0.04	0.0	0.05	0.05	0.05	0.06	0.05	0.0	0.04	0.04	0.0	0.04	0.05	0.03	0.04	0.06	0.04	0.07	0.04	0.0	0.06	0.08	0.04	0.07	0.06	0.06
Root; d__Bacteria; p__Myxococcota_A; c__Polyangia; o__Polyangiales; f__Polyangiaceae; g__PMG-095	0.27	0.25	0.18	0.27	0.26	0.16	0.44	0.43	0.39	0.35	0.33	0.35	0.36	0.36	0.35	0.25	0.26	0.17	0.17	0.17	0.22	0.16	0.18	0.09	0.18	0.18	0.11	0.18	0.17	0.1	0.18	0.17	0.17	0.15	0.16	0.07	0.08	0.07	0.1	0.07	0.05	0.0	0.05	0.05	0.0	0.1	0.14	0.06	0.09	0.09	0.06	0.11	0.1	0.1	0.08	0.13	0.09	0.08	0.1	0.12	0.13	0.13	0.13	0.18	0.19	0.18	0.17	0.17	0.14	0.15	0.19	0.12
Root; d__Bacteria; p__Myxococcota_A; c__Polyangia; o__Polyangiales; f__Polyangiaceae; g__Labilithrix	0.14	0.13	0.07	0.16	0.16	0.1	0.09	0.12	0.1	0.15	0.08	0.07	0.12	0.12	0.11	0.13	0.13	0.07	0.14	0.1	0.08	0.14	0.15	0.1	0.15	0.13	0.11	0.13	0.15	0.11	0.14	0.17	0.13	0.13	0.12	0.18	0.08	0.06	0.0	0.05	0.09	0.0	0.09	0.07	0.0	0.07	0.08	0.0	0.1	0.05	0.06	0.07	0.04	0.0	0.08	0.05	0.0	0.09	0.1	0.07	0.1	0.11	0.08	0.1	0.08	0.1	0.13	0.1	0.2	0.13	0.13	0.06
Root; d__Bacteria; p__Myxococcota_A; c__Polyangia; o__Polyangiales; f__Polyangiaceae; g__DASWDH01	0.03	0.0	0.0	0.02	0.05	0.0	0.02	0.03	0.0	0.02	0.05	0.0	0.02	0.02	0.0	0.05	0.04	0.0	0.03	0.02	0.04	0.03	0.03	0.0	0.02	0.03	0.0	0.06	0.03	0.0	0.05	0.02	0.05	0.06	0.04	0.05	0.03	0.05	0.0	0.06	0.03	0.0	0.04	0.03	0.0	0.03	0.05	0.06	0.05	0.04	0.05	0.07	0.05	0.0	0.04	0.05	0.0	0.07	0.05	0.05	0.06	0.06	0.02	0.06	0.08	0.0	0.08	0.07	0.0	0.08	0.08	0.08
Root; d__Bacteria; p__Myxococcota_A; c__Polyangia; o__Polyangiales; f__Polyangiaceae; g__TG2G_00811	0.02	0.02	0.0	0.02	0.03	0.0	0.02	0.02	0.0	0.0	0.0	0.0	0.0	0.0	0.0	0.0	0.0	0.0	0.0	0.02	0.0	0.0	0.0	0.0	0.02	0.0	0.0	0.0	0.0	0.0	0.0	0.0	0.0	0.02	0.0	0.0	0.0	0.01	0.0	0.02	0.0	0.0	0.02	0.0	0.0	0.0	0.0	0.0	0.0	0.0	0.0	0.02	0.0	0.0	0.0	0.0	0.0	0.02	0.02	0.0	0.02	0.02	0.0	0.0	0.0	0.0	0.02	0.0	0.0	0.01	0.02	0.0
Root; d__Bacteria; p__Myxococcota_A; c__Polyangia; o__Polyangiales; f__Polyangiaceae; g__JANYGI01	0.03	0.0	0.0	0.02	0.0	0.0	0.0	0.02	0.0	0.0	0.02	0.0	0.0	0.0	0.0	0.0	0.0	0.0	0.0	0.0	0.0	0.0	0.02	0.0	0.0	0.0	0.0	0.02	0.03	0.0	0.0	0.02	0.0	0.0	0.0	0.0	0.02	0.01	0.0	0.01	0.02	0.0	0.0	0.0	0.0	0.0	0.0	0.0	0.03	0.0	0.0	0.03	0.02	0.0	0.0	0.02	0.0	0.02	0.02	0.03	0.02	0.02	0.02	0.02	0.02	0.0	0.03	0.02	0.0	0.02	0.02	0.0
Root; d__Bacteria; p__Myxococcota_A; c__Polyangia; o__Polyangiales; f__Polyangiaceae; g__Polyangium	0.02	0.0	0.0	0.0	0.03	0.0	0.02	0.03	0.0	0.0	0.0	0.0	0.0	0.0	0.0	0.0	0.0	0.0	0.01	0.0	0.0	0.0	0.0	0.0	0.0	0.0	0.0	0.0	0.0	0.0	0.0	0.0	0.0	0.02	0.0	0.0	0.0	0.0	0.0	0.0	0.02	0.0	0.0	0.0	0.0	0.0	0.0	0.0	0.0	0.0	0.0	0.0	0.0	0.0	0.0	0.02	0.0	0.03	0.01	0.02	0.02	0.02	0.03	0.02	0.0	0.0	0.01	0.01	0.0	0.01	0.02	0.0
Root; d__Bacteria; p__Myxococcota_A; c__Polyangia; o__Polyangiales; f__DASUME01; g__DASUME01	0.17	0.15	0.15	0.13	0.21	0.0	0.16	0.14	0.18	0.12	0.16	0.12	0.12	0.15	0.0	0.11	0.13	0.0	0.07	0.06	0.0	0.09	0.06	0.07	0.08	0.05	0.04	0.07	0.07	0.0	0.08	0.07	0.0	0.11	0.05	0.0	0.02	0.0	0.0	0.0	0.0	0.0	0.02	0.0	0.0	0.0	0.02	0.0	0.0	0.02	0.0	0.0	0.04	0.0	0.0	0.0	0.0	0.02	0.01	0.0	0.02	0.02	0.03	0.01	0.03	0.0	0.02	0.01	0.04	0.02	0.02	0.0
Root; d__Bacteria; p__Myxococcota_A; c__Polyangia; o__Polyangiales; f__DASUME01; g__GCMETA_00778936	0.02	0.02	0.0	0.06	0.09	0.05	0.0	0.0	0.0	0.02	0.02	0.0	0.0	0.0	0.0	0.02	0.0	0.0	0.0	0.0	0.0	0.0	0.0	0.0	0.0	0.0	0.0	0.02	0.02	0.0	0.0	0.0	0.0	0.0	0.0	0.0	0.0	0.0	0.0	0.0	0.0	0.0	0.0	0.0	0.0	0.02	0.0	0.0	0.0	0.0	0.0	0.0	0.0	0.0	0.0	0.0	0.0	0.0	0.0	0.0	0.01	0.01	0.0	0.0	0.0	0.0	0.0	0.0	0.0	0.0	0.0	0.0
Root; d__Bacteria; p__Myxococcota_A; c__Polyangia; o__Polyangiales; f__JADJMO01; g__JALHOE01	0.02	0.0	0.0	0.0	0.0	0.0	0.0	0.02	0.0	0.0	0.0	0.0	0.0	0.0	0.0	0.0	0.0	0.0	0.0	0.0	0.0	0.0	0.0	0.0	0.0	0.0	0.0	0.0	0.0	0.0	0.0	0.0	0.0	0.01	0.0	0.0	0.0	0.0	0.0	0.0	0.0	0.0	0.0	0.0	0.0	0.0	0.0	0.0	0.0	0.0	0.0	0.0	0.0	0.0	0.0	0.0	0.0	0.0	0.0	0.0	0.01	0.01	0.0	0.0	0.0	0.0	0.0	0.0	0.0	0.0	0.0	0.0
Root; d__Bacteria; p__Myxococcota_A; c__Polyangia; o__Haliangiales; f__Haliangiaceae; g__JABFXX01	0.32	0.4	0.39	0.38	0.43	0.48	0.38	0.37	0.34	0.33	0.36	0.23	0.36	0.3	0.26	0.56	0.44	0.43	0.43	0.46	0.37	0.54	0.5	0.32	0.38	0.45	0.35	0.43	0.39	0.4	0.44	0.44	0.48	0.5	0.48	0.46	0.37	0.44	0.45	0.39	0.46	0.44	0.45	0.45	0.52	0.62	0.62	0.51	0.6	0.6	0.67	0.52	0.56	0.56	0.45	0.46	0.37	0.48	0.45	0.43	0.47	0.46	0.48	0.48	0.47	0.41	0.45	0.48	0.35	0.45	0.45	0.41
Root; d__Bacteria; p__Myxococcota_A; c__Polyangia; o__Haliangiales; f__Haliangiaceae; g__UBA2376	0.05	0.03	0.0	0.03	0.07	0.07	0.04	0.03	0.0	0.04	0.05	0.0	0.04	0.03	0.0	0.06	0.05	0.0	0.03	0.03	0.0	0.04	0.04	0.0	0.02	0.03	0.0	0.02	0.03	0.0	0.03	0.03	0.0	0.03	0.03	0.0	0.02	0.04	0.0	0.05	0.03	0.0	0.02	0.04	0.0	0.06	0.06	0.0	0.08	0.07	0.0	0.04	0.04	0.05	0.04	0.05	0.0	0.05	0.05	0.03	0.04	0.05	0.06	0.04	0.06	0.0	0.06	0.07	0.04	0.06	0.03	0.0
Root; d__Bacteria; p__Myxococcota_A; c__Polyangia; o__Fen-1088; f__Fen-1088; g__JADGRB01	0.17	0.18	0.16	0.27	0.22	0.22	0.24	0.19	0.21	0.15	0.2	0.17	0.17	0.17	0.16	0.21	0.17	0.12	0.36	0.34	0.28	0.29	0.35	0.37	0.33	0.35	0.4	0.32	0.34	0.25	0.36	0.33	0.34	0.34	0.38	0.34	0.16	0.12	0.12	0.09	0.16	0.16	0.13	0.12	0.15	0.15	0.18	0.06	0.12	0.14	0.18	0.14	0.19	0.18	0.12	0.09	0.07	0.1	0.09	0.09	0.12	0.1	0.12	0.1	0.09	0.07	0.13	0.13	0.05	0.14	0.13	0.08
Root; d__Bacteria; p__Myxococcota_A; c__Polyangia; o__Nannocystales; f__Nannocystaceae; g__Nannocystis	0.03	0.0	0.0	0.02	0.0	0.0	0.0	0.0	0.0	0.0	0.0	0.0	0.02	0.0	0.0	0.02	0.02	0.0	0.0	0.0	0.0	0.0	0.0	0.0	0.0	0.0	0.0	0.0	0.0	0.0	0.0	0.0	0.0	0.0	0.0	0.0	0.0	0.0	0.0	0.0	0.0	0.0	0.0	0.0	0.0	0.0	0.0	0.0	0.0	0.0	0.0	0.0	0.0	0.0	0.0	0.0	0.0	0.0	0.0	0.0	0.0	0.0	0.0	0.0	0.0	0.0	0.0	0.0	0.0	0.0	0.0	0.0
Root; d__Bacteria; p__Verrucomicrobiota; c__Verrucomicrobiia; o__Limisphaerales; f__SXQI01; g__DASVNK01	0.06	0.06	0.0	0.03	0.05	0.0	0.05	0.05	0.0	0.05	0.06	0.0	0.04	0.03	0.0	0.06	0.08	0.05	0.06	0.08	0.0	0.11	0.08	0.0	0.08	0.09	0.0	0.09	0.09	0.07	0.09	0.04	0.1	0.05	0.07	0.12	0.03	0.04	0.0	0.06	0.05	0.0	0.03	0.03	0.0	0.05	0.04	0.0	0.05	0.05	0.0	0.05	0.05	0.0	0.0	0.03	0.05	0.04	0.04	0.05	0.04	0.05	0.03	0.04	0.05	0.0	0.05	0.05	0.0	0.04	0.04	0.08
Root; d__Bacteria; p__Verrucomicrobiota; c__Verrucomicrobiia; o__Limisphaerales; f__SIBH01; g__JANNGC01	0.03	0.02	0.0	0.03	0.03	0.0	0.0	0.02	0.0	0.03	0.05	0.0	0.0	0.03	0.0	0.03	0.04	0.0	0.05	0.03	0.0	0.06	0.02	0.0	0.03	0.02	0.0	0.02	0.02	0.0	0.05	0.03	0.0	0.04	0.03	0.0	0.0	0.0	0.0	0.03	0.02	0.0	0.02	0.0	0.0	0.03	0.04	0.0	0.02	0.03	0.0	0.02	0.02	0.0	0.04	0.04	0.0	0.03	0.04	0.0	0.04	0.05	0.04	0.05	0.06	0.04	0.05	0.03	0.04	0.03	0.04	0.04
Root; d__Bacteria; p__Verrucomicrobiota; c__Verrucomicrobiia; o__Limisphaerales; f__DASXHY01; g__DASXHY01	0.02	0.0	0.0	0.0	0.0	0.0	0.0	0.0	0.0	0.02	0.0	0.0	0.0	0.02	0.0	0.06	0.03	0.0	0.05	0.04	0.0	0.06	0.03	0.0	0.06	0.04	0.0	0.03	0.07	0.0	0.04	0.05	0.0	0.04	0.03	0.0	0.02	0.04	0.0	0.04	0.02	0.0	0.03	0.04	0.0	0.03	0.05	0.0	0.06	0.04	0.0	0.06	0.06	0.05	0.03	0.03	0.0	0.02	0.02	0.0	0.03	0.03	0.04	0.02	0.04	0.0	0.03	0.05	0.0	0.02	0.04	0.06
Root; d__Bacteria; p__Verrucomicrobiota; c__Verrucomicrobiia; o__Chthoniobacterales; f__Chthoniobacteraceae; g__Chthoniobacter	0.02	0.03	0.06	0.05	0.03	0.0	0.04	0.05	0.0	0.04	0.06	0.0	0.04	0.05	0.0	0.03	0.05	0.08	0.05	0.03	0.0	0.08	0.05	0.0	0.04	0.03	0.0	0.03	0.04	0.05	0.04	0.05	0.0	0.04	0.03	0.0	0.0	0.0	0.0	0.0	0.0	0.0	0.0	0.0	0.0	0.0	0.02	0.0	0.0	0.02	0.0	0.01	0.02	0.0	0.04	0.02	0.0	0.02	0.03	0.0	0.03	0.03	0.02	0.02	0.01	0.0	0.03	0.02	0.07	0.01	0.02	0.04
Root; d__Bacteria; p__Verrucomicrobiota; c__Verrucomicrobiia; o__Chthoniobacterales; f__Chthoniobacteraceae; g__SXWH01	0.04	0.0	0.0	0.03	0.0	0.0	0.04	0.02	0.0	0.0	0.04	0.0	0.0	0.03	0.0	0.03	0.02	0.0	0.0	0.0	0.0	0.02	0.0	0.0	0.02	0.03	0.0	0.0	0.0	0.0	0.02	0.0	0.0	0.02	0.03	0.0	0.0	0.0	0.0	0.0	0.0	0.0	0.0	0.0	0.0	0.0	0.0	0.0	0.0	0.0	0.0	0.0	0.0	0.0	0.0	0.02	0.0	0.01	0.01	0.0	0.01	0.01	0.0	0.03	0.02	0.0	0.0	0.03	0.0	0.02	0.02	0.0
Root; d__Bacteria; p__Verrucomicrobiota; c__Verrucomicrobiia; o__Chthoniobacterales; f__UBA10450; g__Udaeobacter	0.19	0.2	0.26	0.2	0.19	0.21	0.22	0.21	0.28	0.33	0.27	0.18	0.29	0.36	0.31	0.37	0.33	0.37	0.5	0.52	0.35	0.45	0.5	0.56	0.37	0.4	0.42	0.41	0.48	0.39	0.47	0.44	0.45	0.51	0.45	0.48	0.28	0.31	0.38	0.35	0.34	0.33	0.3	0.31	0.31	0.3	0.31	0.26	0.32	0.36	0.36	0.31	0.29	0.22	0.35	0.41	0.44	0.44	0.41	0.41	0.37	0.38	0.34	0.37	0.36	0.31	0.42	0.31	0.44	0.43	0.39	0.36
Root; d__Bacteria; p__Verrucomicrobiota; c__Verrucomicrobiia; o__Chthoniobacterales; f__UBA10450; g__JACCTI01	0.05	0.03	0.0	0.03	0.04	0.0	0.04	0.03	0.0	0.04	0.04	0.0	0.04	0.03	0.0	0.03	0.04	0.0	0.04	0.05	0.11	0.07	0.07	0.1	0.11	0.09	0.0	0.09	0.09	0.08	0.07	0.07	0.05	0.07	0.09	0.08	0.02	0.03	0.0	0.02	0.02	0.0	0.03	0.01	0.0	0.02	0.0	0.0	0.03	0.02	0.0	0.02	0.0	0.0	0.04	0.03	0.0	0.03	0.03	0.02	0.04	0.03	0.04	0.0	0.02	0.05	0.02	0.04	0.0	0.01	0.03	0.0
Root; d__Bacteria; p__Verrucomicrobiota; c__Verrucomicrobiia; o__Chthoniobacterales; f__UBA10450; g__AV69	0.07	0.09	0.09	0.08	0.06	0.0	0.07	0.08	0.0	0.08	0.08	0.06	0.13	0.06	0.0	0.06	0.09	0.0	0.02	0.04	0.0	0.04	0.03	0.04	0.03	0.02	0.0	0.03	0.04	0.0	0.03	0.03	0.0	0.03	0.05	0.0	0.0	0.02	0.0	0.03	0.03	0.0	0.02	0.03	0.0	0.02	0.0	0.0	0.02	0.02	0.0	0.02	0.0	0.0	0.04	0.1	0.05	0.07	0.07	0.05	0.06	0.05	0.07	0.06	0.03	0.0	0.07	0.08	0.04	0.07	0.05	0.07
Root; d__Bacteria; p__Verrucomicrobiota; c__Verrucomicrobiia; o__Chthoniobacterales; f__UBA10450; g__Palsa-1392	0.06	0.02	0.0	0.03	0.03	0.0	0.02	0.02	0.04	0.02	0.03	0.0	0.04	0.04	0.0	0.09	0.1	0.04	0.06	0.02	0.05	0.05	0.04	0.07	0.04	0.03	0.0	0.03	0.05	0.0	0.03	0.06	0.08	0.05	0.06	0.06	0.07	0.1	0.07	0.13	0.11	0.06	0.11	0.11	0.06	0.13	0.14	0.05	0.15	0.13	0.1	0.1	0.11	0.18	0.09	0.06	0.0	0.06	0.08	0.07	0.07	0.05	0.08	0.07	0.09	0.0	0.05	0.09	0.0	0.04	0.07	0.06
Root; d__Bacteria; p__Verrucomicrobiota; c__Verrucomicrobiia; o__Chthoniobacterales; f__UBA10450; g__AV80	0.06	0.08	0.05	0.07	0.04	0.06	0.07	0.09	0.06	0.12	0.09	0.05	0.08	0.1	0.08	0.12	0.11	0.12	0.22	0.21	0.18	0.25	0.2	0.2	0.2	0.2	0.18	0.22	0.25	0.31	0.26	0.25	0.26	0.26	0.25	0.19	0.17	0.16	0.1	0.15	0.17	0.18	0.1	0.15	0.06	0.16	0.15	0.1	0.15	0.14	0.08	0.13	0.12	0.15	0.12	0.09	0.1	0.11	0.14	0.13	0.11	0.13	0.09	0.16	0.16	0.13	0.15	0.11	0.09	0.12	0.13	0.11
Root; d__Bacteria; p__Verrucomicrobiota; c__Verrucomicrobiia; o__Chthoniobacterales; f__UBA10450; g__MGYG000509563	0.02	0.0	0.0	0.0	0.0	0.0	0.0	0.0	0.0	0.0	0.0	0.0	0.0	0.0	0.0	0.0	0.0	0.0	0.0	0.0	0.0	0.0	0.02	0.0	0.0	0.0	0.0	0.02	0.0	0.0	0.04	0.0	0.0	0.0	0.02	0.0	0.0	0.0	0.0	0.0	0.0	0.0	0.0	0.0	0.0	0.0	0.0	0.0	0.0	0.0	0.0	0.0	0.0	0.0	0.01	0.0	0.0	0.02	0.01	0.0	0.01	0.02	0.0	0.0	0.01	0.0	0.0	0.0	0.0	0.0	0.0	0.0
Root; d__Bacteria; p__Verrucomicrobiota; c__Verrucomicrobiia; o__Verrucomicrobiales; f__Akkermansiaceae; g__Luteolibacter	0.02	0.02	0.0	0.0	0.0	0.0	0.02	0.01	0.0	0.0	0.0	0.0	0.0	0.0	0.0	0.0	0.0	0.0	0.0	0.0	0.0	0.0	0.0	0.0	0.0	0.0	0.0	0.0	0.0	0.0	0.0	0.0	0.0	0.0	0.0	0.0	0.0	0.0	0.0	0.0	0.0	0.0	0.0	0.0	0.0	0.0	0.0	0.0	0.0	0.0	0.0	0.0	0.0	0.0	0.0	0.0	0.0	0.0	0.0	0.0	0.01	0.0	0.0	0.0	0.0	0.0	0.0	0.0	0.0	0.0	0.0	0.0
Root; d__Bacteria; p__Acidobacteriota; c__Vicinamibacteria; o__Vicinamibacterales; f__CAVVIG01; g__CAVTHG01	0.02	0.02	0.0	0.0	0.0	0.0	0.0	0.0	0.0	0.0	0.0	0.0	0.0	0.0	0.0	0.0	0.0	0.0	0.0	0.0	0.0	0.02	0.0	0.0	0.0	0.0	0.0	0.0	0.0	0.0	0.01	0.0	0.0	0.0	0.0	0.0	0.0	0.0	0.0	0.0	0.0	0.0	0.0	0.0	0.0	0.0	0.02	0.0	0.0	0.02	0.0	0.0	0.0	0.0	0.0	0.0	0.0	0.02	0.02	0.02	0.01	0.01	0.0	0.0	0.02	0.0	0.02	0.03	0.0	0.0	0.0	0.0
Root; d__Bacteria; p__Acidobacteriota; c__Vicinamibacteria; o__Vicinamibacterales; f__CAVVIG01; g__CAVQFC01	0.12	0.11	0.0	0.08	0.12	0.07	0.08	0.13	0.0	0.09	0.1	0.05	0.11	0.12	0.12	0.16	0.13	0.16	0.19	0.22	0.19	0.19	0.24	0.23	0.21	0.16	0.1	0.26	0.21	0.2	0.23	0.22	0.27	0.19	0.18	0.2	0.26	0.21	0.2	0.27	0.27	0.16	0.23	0.25	0.26	0.23	0.22	0.22	0.35	0.25	0.21	0.29	0.27	0.21	0.3	0.29	0.24	0.27	0.25	0.31	0.27	0.29	0.36	0.3	0.31	0.27	0.26	0.33	0.23	0.31	0.32	0.2
Root; d__Bacteria; p__Acidobacteriota; c__Vicinamibacteria; o__Vicinamibacterales; f__CAVVIG01; g__DATLLJ01	0.02	0.0	0.0	0.0	0.03	0.0	0.03	0.0	0.0	0.0	0.02	0.0	0.0	0.0	0.0	0.02	0.02	0.0	0.03	0.02	0.0	0.03	0.05	0.0	0.02	0.03	0.0	0.03	0.02	0.0	0.02	0.02	0.0	0.02	0.04	0.0	0.04	0.04	0.07	0.06	0.05	0.0	0.04	0.05	0.06	0.05	0.05	0.0	0.08	0.06	0.0	0.06	0.05	0.05	0.05	0.05	0.0	0.05	0.05	0.05	0.05	0.05	0.03	0.05	0.05	0.04	0.04	0.08	0.0	0.04	0.07	0.05
Root; d__Bacteria; p__Acidobacteriota; c__Vicinamibacteria; o__Vicinamibacterales; f__CAVVIG01; g__CAVVIG01	0.13	0.14	0.1	0.13	0.16	0.12	0.15	0.15	0.1	0.17	0.12	0.13	0.14	0.11	0.12	0.14	0.17	0.13	0.18	0.16	0.13	0.22	0.23	0.14	0.21	0.18	0.22	0.16	0.21	0.21	0.19	0.17	0.18	0.19	0.17	0.17	0.12	0.09	0.12	0.08	0.12	0.11	0.07	0.08	0.09	0.11	0.11	0.06	0.1	0.08	0.0	0.06	0.16	0.12	0.1	0.12	0.07	0.09	0.11	0.08	0.1	0.11	0.11	0.06	0.13	0.13	0.09	0.12	0.06	0.14	0.14	0.06
Root; d__Bacteria; p__Acidobacteriota; c__Vicinamibacteria; o__Vicinamibacterales; f__CAVVIG01; g__CAVQJU01	0.02	0.04	0.0	0.03	0.0	0.0	0.0	0.01	0.0	0.0	0.0	0.0	0.02	0.02	0.0	0.03	0.04	0.0	0.1	0.11	0.05	0.09	0.13	0.06	0.14	0.09	0.1	0.08	0.07	0.08	0.09	0.15	0.08	0.1	0.09	0.13	0.03	0.02	0.0	0.03	0.01	0.0	0.03	0.03	0.0	0.06	0.04	0.0	0.04	0.03	0.0	0.05	0.0	0.0	0.03	0.03	0.0	0.06	0.04	0.04	0.03	0.04	0.03	0.03	0.04	0.0	0.03	0.03	0.0	0.03	0.04	0.04
Root; d__Bacteria; p__Acidobacteriota; c__Vicinamibacteria; o__Vicinamibacterales; f__CAVVIG01; g__QHWK01	0.02	0.02	0.0	0.02	0.0	0.0	0.02	0.0	0.0	0.05	0.02	0.06	0.02	0.02	0.0	0.06	0.04	0.0	0.06	0.04	0.0	0.02	0.06	0.0	0.06	0.11	0.0	0.05	0.09	0.05	0.08	0.07	0.0	0.06	0.04	0.0	0.06	0.07	0.06	0.07	0.06	0.08	0.07	0.07	0.04	0.08	0.08	0.0	0.08	0.1	0.05	0.07	0.04	0.0	0.09	0.09	0.12	0.08	0.1	0.11	0.09	0.08	0.1	0.08	0.11	0.04	0.09	0.11	0.06	0.1	0.11	0.07
Root; d__Bacteria; p__Acidobacteriota; c__Vicinamibacteria; o__Vicinamibacterales; f__2-12-FULL-66-21; g__JALZOC01	0.16	0.21	0.18	0.2	0.19	0.2	0.2	0.18	0.2	0.21	0.24	0.15	0.22	0.22	0.23	0.33	0.25	0.28	0.26	0.25	0.25	0.28	0.2	0.24	0.28	0.2	0.23	0.26	0.3	0.25	0.25	0.31	0.32	0.24	0.23	0.2	0.24	0.25	0.35	0.25	0.26	0.23	0.29	0.26	0.31	0.28	0.33	0.34	0.32	0.29	0.29	0.29	0.27	0.2	0.22	0.2	0.18	0.22	0.25	0.22	0.22	0.21	0.22	0.26	0.19	0.26	0.2	0.25	0.15	0.22	0.2	0.17
Root; d__Bacteria; p__Acidobacteriota; c__Vicinamibacteria; o__Vicinamibacterales; f__2-12-FULL-66-21; g__DATBJJ01	0.06	0.07	0.0	0.09	0.09	0.0	0.11	0.1	0.04	0.06	0.07	0.06	0.06	0.04	0.0	0.1	0.07	0.0	0.08	0.05	0.1	0.07	0.09	0.17	0.07	0.07	0.1	0.11	0.09	0.0	0.08	0.1	0.07	0.05	0.11	0.11	0.03	0.03	0.0	0.03	0.03	0.0	0.04	0.03	0.0	0.04	0.03	0.0	0.05	0.03	0.0	0.03	0.04	0.0	0.02	0.02	0.0	0.03	0.03	0.02	0.03	0.03	0.03	0.03	0.04	0.0	0.03	0.04	0.0	0.03	0.02	0.0
Root; d__Bacteria; p__Acidobacteriota; c__Vicinamibacteria; o__Vicinamibacterales; f__2-12-FULL-66-21; g__JAICSD01	0.12	0.13	0.11	0.08	0.13	0.05	0.1	0.1	0.07	0.13	0.14	0.08	0.13	0.09	0.21	0.12	0.16	0.14	0.16	0.21	0.17	0.21	0.18	0.13	0.24	0.22	0.11	0.23	0.2	0.17	0.25	0.21	0.25	0.21	0.19	0.21	0.13	0.12	0.13	0.15	0.15	0.11	0.18	0.11	0.11	0.16	0.18	0.09	0.13	0.11	0.13	0.16	0.15	0.11	0.09	0.11	0.13	0.1	0.16	0.14	0.13	0.13	0.13	0.15	0.13	0.09	0.12	0.12	0.09	0.12	0.12	0.09
Root; d__Bacteria; p__Acidobacteriota; c__Vicinamibacteria; o__Vicinamibacterales; f__2-12-FULL-66-21; g__SPIREOTU_01779061	0.02	0.0	0.0	0.0	0.02	0.0	0.02	0.02	0.0	0.02	0.03	0.0	0.03	0.02	0.0	0.06	0.03	0.0	0.06	0.07	0.0	0.06	0.03	0.0	0.06	0.06	0.08	0.07	0.09	0.0	0.08	0.05	0.0	0.07	0.06	0.06	0.02	0.02	0.0	0.02	0.04	0.0	0.03	0.02	0.0	0.03	0.02	0.0	0.03	0.04	0.0	0.05	0.04	0.0	0.04	0.03	0.0	0.03	0.02	0.03	0.02	0.04	0.02	0.02	0.02	0.0	0.02	0.04	0.0	0.02	0.03	0.04
Root; d__Bacteria; p__Acidobacteriota; c__Vicinamibacteria; o__Vicinamibacterales; f__2-12-FULL-66-21; g__CAVSUB01	0.05	0.06	0.0	0.14	0.08	0.0	0.05	0.08	0.04	0.06	0.08	0.0	0.03	0.05	0.0	0.06	0.05	0.05	0.05	0.05	0.0	0.08	0.05	0.0	0.05	0.08	0.1	0.04	0.05	0.05	0.06	0.06	0.06	0.06	0.05	0.0	0.03	0.03	0.0	0.01	0.03	0.0	0.03	0.02	0.0	0.0	0.04	0.0	0.04	0.04	0.0	0.02	0.02	0.0	0.04	0.03	0.0	0.04	0.05	0.04	0.05	0.04	0.06	0.07	0.06	0.07	0.05	0.05	0.0	0.04	0.04	0.04
Root; d__Bacteria; p__Acidobacteriota; c__Vicinamibacteria; o__Vicinamibacterales; f__2-12-FULL-66-21; g__JACCXG01	0.04	0.04	0.0	0.06	0.05	0.0	0.04	0.06	0.0	0.03	0.02	0.0	0.05	0.04	0.09	0.05	0.04	0.05	0.06	0.06	0.04	0.06	0.03	0.0	0.07	0.05	0.0	0.05	0.06	0.0	0.02	0.06	0.0	0.06	0.03	0.07	0.0	0.0	0.0	0.02	0.0	0.0	0.0	0.03	0.0	0.0	0.03	0.0	0.02	0.02	0.0	0.02	0.0	0.0	0.02	0.03	0.0	0.03	0.03	0.0	0.03	0.02	0.0	0.02	0.04	0.0	0.02	0.03	0.0	0.03	0.0	0.0
Root; d__Bacteria; p__Acidobacteriota; c__Vicinamibacteria; o__Vicinamibacterales; f__2-12-FULL-66-21; g__JACDCA01	0.13	0.04	0.0	0.12	0.11	0.09	0.09	0.1	0.12	0.08	0.08	0.07	0.07	0.05	0.0	0.08	0.1	0.05	0.13	0.08	0.07	0.1	0.11	0.0	0.1	0.12	0.06	0.1	0.07	0.1	0.09	0.11	0.05	0.08	0.08	0.05	0.04	0.02	0.0	0.05	0.03	0.0	0.04	0.05	0.0	0.05	0.04	0.0	0.05	0.03	0.0	0.04	0.04	0.04	0.04	0.02	0.0	0.04	0.04	0.03	0.04	0.05	0.04	0.02	0.03	0.0	0.03	0.03	0.0	0.04	0.03	0.0
Root; d__Bacteria; p__Acidobacteriota; c__Vicinamibacteria; o__Vicinamibacterales; f__2-12-FULL-66-21; g__QHWT01	0.02	0.05	0.09	0.03	0.05	0.0	0.03	0.04	0.0	0.06	0.08	0.06	0.06	0.06	0.0	0.05	0.07	0.05	0.02	0.04	0.0	0.02	0.02	0.0	0.03	0.03	0.0	0.0	0.04	0.0	0.04	0.04	0.0	0.03	0.03	0.0	0.05	0.07	0.04	0.07	0.09	0.0	0.05	0.07	0.0	0.06	0.04	0.0	0.05	0.05	0.04	0.06	0.05	0.05	0.06	0.08	0.0	0.07	0.08	0.06	0.08	0.09	0.07	0.07	0.06	0.0	0.07	0.07	0.08	0.08	0.07	0.06
Root; d__Bacteria; p__Acidobacteriota; c__Vicinamibacteria; o__Vicinamibacterales; f__JAENWD01; g__CAVUCH01	0.11	0.1	0.1	0.14	0.08	0.07	0.15	0.1	0.07	0.12	0.12	0.08	0.1	0.08	0.0	0.1	0.09	0.06	0.15	0.14	0.21	0.18	0.14	0.11	0.14	0.13	0.08	0.17	0.14	0.15	0.14	0.14	0.12	0.15	0.14	0.14	0.0	0.02	0.0	0.0	0.02	0.0	0.0	0.0	0.0	0.0	0.02	0.0	0.0	0.0	0.0	0.02	0.0	0.0	0.05	0.04	0.0	0.04	0.04	0.04	0.05	0.04	0.03	0.03	0.03	0.0	0.03	0.03	0.0	0.05	0.03	0.0
Root; d__Bacteria; p__Acidobacteriota; c__Vicinamibacteria; o__Vicinamibacterales; f__JAENWD01; g__MGYG000494584	0.02	0.0	0.0	0.0	0.0	0.0	0.02	0.03	0.0	0.02	0.0	0.0	0.0	0.02	0.0	0.0	0.0	0.0	0.02	0.02	0.0	0.02	0.03	0.0	0.02	0.02	0.0	0.03	0.0	0.0	0.02	0.02	0.0	0.02	0.02	0.0	0.0	0.0	0.0	0.0	0.0	0.0	0.0	0.0	0.0	0.0	0.0	0.0	0.0	0.0	0.0	0.0	0.0	0.0	0.0	0.0	0.0	0.01	0.01	0.0	0.01	0.02	0.0	0.0	0.0	0.0	0.0	0.0	0.0	0.01	0.02	0.0
Root; d__Bacteria; p__Acidobacteriota; c__Vicinamibacteria; o__Vicinamibacterales; f__JAENWD01; g__JAENWD01	0.02	0.0	0.0	0.03	0.05	0.0	0.02	0.03	0.0	0.02	0.02	0.0	0.0	0.0	0.0	0.02	0.02	0.0	0.08	0.04	0.0	0.09	0.11	0.0	0.08	0.07	0.0	0.06	0.08	0.04	0.07	0.07	0.0	0.05	0.06	0.05	0.01	0.0	0.0	0.0	0.0	0.0	0.02	0.02	0.0	0.02	0.02	0.0	0.0	0.0	0.0	0.01	0.0	0.0	0.0	0.02	0.0	0.03	0.03	0.0	0.03	0.03	0.04	0.02	0.04	0.0	0.0	0.0	0.0	0.0	0.02	0.0
Root; d__Bacteria; p__Acidobacteriota; c__Vicinamibacteria; o__Vicinamibacterales; f__UBA2999; g__MGYG000491239	0.05	0.03	0.0	0.0	0.03	0.07	0.07	0.03	0.07	0.04	0.05	0.0	0.05	0.05	0.0	0.03	0.03	0.0	0.05	0.04	0.0	0.04	0.04	0.0	0.04	0.02	0.0	0.07	0.03	0.0	0.04	0.03	0.07	0.05	0.03	0.07	0.01	0.0	0.0	0.03	0.02	0.0	0.02	0.0	0.0	0.0	0.0	0.0	0.0	0.02	0.0	0.0	0.0	0.0	0.03	0.01	0.0	0.02	0.02	0.0	0.02	0.03	0.02	0.02	0.02	0.0	0.03	0.03	0.0	0.03	0.03	0.0
Root; d__Bacteria; p__Acidobacteriota; c__Vicinamibacteria; o__Vicinamibacterales; f__UBA2999; g__JBFWUM01	0.02	0.0	0.0	0.0	0.0	0.0	0.02	0.0	0.0	0.0	0.0	0.0	0.0	0.0	0.0	0.0	0.0	0.0	0.02	0.0	0.0	0.0	0.0	0.0	0.0	0.0	0.0	0.0	0.0	0.0	0.02	0.0	0.0	0.0	0.0	0.0	0.0	0.0	0.0	0.0	0.0	0.0	0.0	0.0	0.0	0.0	0.0	0.0	0.0	0.0	0.0	0.0	0.0	0.0	0.0	0.0	0.0	0.0	0.01	0.0	0.01	0.01	0.0	0.0	0.0	0.0	0.0	0.0	0.0	0.0	0.01	0.0
Root; d__Bacteria; p__Acidobacteriota; c__Vicinamibacteria; o__Vicinamibacterales; f__UBA2999; g__Gp6-AA40	0.3	0.32	0.31	0.37	0.32	0.3	0.27	0.3	0.26	0.29	0.33	0.23	0.35	0.28	0.2	0.3	0.3	0.3	0.34	0.41	0.37	0.41	0.4	0.37	0.42	0.39	0.38	0.45	0.4	0.37	0.41	0.41	0.58	0.37	0.39	0.42	0.21	0.2	0.12	0.14	0.2	0.11	0.21	0.19	0.22	0.22	0.25	0.21	0.25	0.24	0.24	0.23	0.23	0.22	0.19	0.17	0.25	0.18	0.18	0.19	0.22	0.19	0.2	0.25	0.2	0.26	0.18	0.18	0.2	0.21	0.16	0.22
Root; d__Bacteria; p__Acidobacteriota; c__Vicinamibacteria; o__Vicinamibacterales; f__UBA2999; g__VFZN01	0.03	0.06	0.0	0.05	0.04	0.0	0.03	0.04	0.0	0.03	0.03	0.0	0.03	0.05	0.0	0.03	0.0	0.0	0.04	0.06	0.05	0.05	0.04	0.0	0.04	0.03	0.0	0.07	0.05	0.05	0.05	0.03	0.0	0.06	0.08	0.06	0.0	0.01	0.0	0.0	0.0	0.0	0.0	0.0	0.0	0.0	0.0	0.0	0.0	0.0	0.0	0.0	0.0	0.0	0.0	0.0	0.0	0.01	0.01	0.0	0.01	0.01	0.01	0.0	0.0	0.0	0.0	0.0	0.0	0.0	0.01	0.0
Root; d__Bacteria; p__Acidobacteriota; c__Vicinamibacteria; o__Vicinamibacterales; f__UBA2999; g__12-FULL-67-14b	0.13	0.16	0.16	0.17	0.18	0.13	0.17	0.14	0.1	0.16	0.15	0.11	0.13	0.17	0.14	0.14	0.13	0.08	0.2	0.19	0.15	0.16	0.16	0.16	0.17	0.19	0.17	0.22	0.15	0.15	0.2	0.17	0.17	0.21	0.21	0.16	0.09	0.1	0.14	0.13	0.09	0.09	0.11	0.1	0.07	0.12	0.13	0.06	0.12	0.09	0.06	0.09	0.14	0.06	0.11	0.11	0.08	0.08	0.1	0.13	0.12	0.13	0.12	0.1	0.09	0.21	0.11	0.13	0.15	0.11	0.13	0.11
Root; d__Bacteria; p__Acidobacteriota; c__Vicinamibacteria; o__Vicinamibacterales; f__UBA2999; g__DASYRM01	0.03	0.04	0.0	0.02	0.04	0.0	0.02	0.05	0.0	0.03	0.02	0.05	0.06	0.03	0.0	0.03	0.02	0.0	0.03	0.03	0.07	0.04	0.05	0.0	0.04	0.04	0.0	0.02	0.05	0.04	0.04	0.06	0.0	0.04	0.04	0.0	0.0	0.0	0.0	0.0	0.0	0.0	0.0	0.01	0.0	0.0	0.0	0.0	0.0	0.02	0.0	0.02	0.03	0.0	0.0	0.02	0.0	0.01	0.03	0.0	0.02	0.02	0.0	0.02	0.01	0.0	0.02	0.0	0.0	0.01	0.02	0.0
Root; d__Bacteria; p__Acidobacteriota; c__Vicinamibacteria; o__Vicinamibacterales; f__JAMQPK01; g__JAMQPK01	0.11	0.08	0.0	0.1	0.12	0.1	0.11	0.1	0.09	0.1	0.06	0.07	0.1	0.12	0.12	0.1	0.13	0.14	0.21	0.15	0.13	0.15	0.19	0.15	0.14	0.14	0.13	0.19	0.2	0.11	0.16	0.13	0.1	0.19	0.15	0.16	0.08	0.09	0.0	0.08	0.08	0.09	0.08	0.1	0.06	0.11	0.11	0.05	0.11	0.13	0.08	0.1	0.13	0.0	0.12	0.1	0.05	0.12	0.1	0.09	0.09	0.14	0.08	0.1	0.12	0.07	0.08	0.08	0.09	0.1	0.1	0.11
Root; d__Bacteria; p__Acidobacteriota; c__Vicinamibacteria; o__Vicinamibacterales; f__Vicinamibacteraceae; g__JBDSLU01	0.2	0.24	0.24	0.31	0.3	0.21	0.26	0.23	0.19	0.23	0.21	0.12	0.2	0.21	0.12	0.17	0.22	0.15	0.28	0.26	0.25	0.31	0.29	0.21	0.26	0.26	0.26	0.22	0.27	0.14	0.26	0.27	0.14	0.29	0.26	0.17	0.04	0.02	0.06	0.03	0.02	0.0	0.03	0.03	0.05	0.02	0.03	0.0	0.05	0.04	0.04	0.06	0.04	0.0	0.11	0.04	0.0	0.06	0.07	0.04	0.07	0.08	0.04	0.06	0.09	0.0	0.04	0.07	0.05	0.07	0.06	0.04
Root; d__Bacteria; p__Acidobacteriota; c__Vicinamibacteria; o__Vicinamibacterales; f__Vicinamibacteraceae; g__Luteitalea	0.05	0.07	0.0	0.09	0.05	0.08	0.06	0.06	0.0	0.03	0.06	0.0	0.05	0.05	0.0	0.05	0.04	0.0	0.02	0.02	0.0	0.02	0.02	0.0	0.02	0.02	0.0	0.02	0.03	0.0	0.04	0.05	0.0	0.02	0.02	0.0	0.0	0.0	0.0	0.0	0.0	0.0	0.0	0.0	0.0	0.0	0.0	0.0	0.0	0.0	0.0	0.0	0.0	0.0	0.0	0.0	0.0	0.01	0.01	0.0	0.01	0.01	0.0	0.0	0.0	0.0	0.0	0.0	0.0	0.0	0.0	0.0
Root; d__Bacteria; p__Acidobacteriota; c__Vicinamibacteria; o__Vicinamibacterales; f__Vicinamibacteraceae; g__MGYG000499490	0.02	0.0	0.0	0.0	0.0	0.0	0.02	0.0	0.0	0.02	0.0	0.0	0.02	0.0	0.0	0.02	0.02	0.0	0.01	0.0	0.0	0.02	0.0	0.0	0.03	0.0	0.0	0.0	0.0	0.0	0.0	0.02	0.0	0.03	0.0	0.0	0.0	0.0	0.0	0.0	0.0	0.0	0.0	0.0	0.0	0.0	0.0	0.0	0.0	0.0	0.0	0.0	0.0	0.0	0.0	0.0	0.0	0.01	0.0	0.0	0.01	0.01	0.01	0.0	0.0	0.0	0.0	0.0	0.0	0.0	0.0	0.0
Root; d__Bacteria; p__Acidobacteriota; c__Blastocatellia; o__Pyrinomonadales; f__Pyrinomonadaceae; g__PSRF01	0.46	0.49	0.43	0.27	0.38	0.34	0.38	0.39	0.35	0.37	0.36	0.35	0.55	0.58	0.81	0.48	0.4	0.44	0.14	0.17	0.16	0.16	0.13	0.11	0.17	0.16	0.21	0.11	0.13	0.17	0.21	0.21	0.17	0.18	0.15	0.16	0.24	0.26	0.28	0.29	0.27	0.34	0.25	0.27	0.29	0.24	0.29	0.25	0.27	0.24	0.36	0.26	0.26	0.25	0.36	0.35	0.43	0.38	0.42	0.31	0.36	0.34	0.42	0.37	0.46	0.51	0.48	0.42	0.45	0.45	0.36	0.39
Root; d__Bacteria; p__Acidobacteriota; c__Blastocatellia; o__Pyrinomonadales; f__Pyrinomonadaceae; g__OLB17	0.36	0.43	0.34	0.33	0.36	0.31	0.36	0.3	0.38	0.35	0.32	0.32	0.37	0.36	0.22	0.39	0.28	0.33	0.34	0.33	0.41	0.34	0.37	0.29	0.43	0.42	0.3	0.33	0.3	0.32	0.42	0.38	0.38	0.42	0.37	0.46	0.23	0.2	0.27	0.26	0.16	0.24	0.24	0.2	0.24	0.2	0.26	0.18	0.21	0.24	0.2	0.25	0.24	0.28	0.2	0.24	0.11	0.25	0.26	0.26	0.26	0.25	0.23	0.23	0.27	0.26	0.27	0.19	0.23	0.21	0.21	0.25
Root; d__Bacteria; p__Acidobacteriota; c__Blastocatellia; o__Pyrinomonadales; f__Pyrinomonadaceae; g__QHXN01	0.05	0.05	0.0	0.02	0.02	0.0	0.03	0.04	0.0	0.07	0.06	0.0	0.03	0.03	0.0	0.1	0.14	0.11	0.05	0.06	0.0	0.07	0.05	0.0	0.05	0.05	0.06	0.05	0.06	0.0	0.04	0.06	0.05	0.08	0.06	0.05	0.33	0.3	0.24	0.3	0.32	0.34	0.29	0.26	0.31	0.31	0.25	0.17	0.32	0.3	0.32	0.25	0.31	0.19	0.43	0.41	0.27	0.4	0.38	0.33	0.37	0.4	0.37	0.38	0.4	0.39	0.47	0.44	0.47	0.44	0.48	0.54
Root; d__Bacteria; p__Acidobacteriota; c__Thermoanaerobaculia; o__Multivoradales; f__UBA5704; g__DATARR01	0.15	0.16	0.09	0.26	0.23	0.14	0.12	0.13	0.12	0.23	0.24	0.16	0.22	0.24	0.28	0.15	0.15	0.18	0.15	0.19	0.18	0.15	0.1	0.09	0.16	0.14	0.16	0.19	0.18	0.16	0.16	0.18	0.08	0.18	0.17	0.2	0.17	0.22	0.23	0.2	0.21	0.19	0.18	0.2	0.2	0.2	0.22	0.21	0.2	0.21	0.22	0.16	0.23	0.23	0.22	0.12	0.17	0.18	0.2	0.17	0.18	0.17	0.2	0.24	0.26	0.22	0.28	0.21	0.22	0.26	0.26	0.24
Root; d__Bacteria; p__Acidobacteriota; c__Thermoanaerobaculia; o__Multivoradales; f__UBA5704; g__DATMER01	0.06	0.05	0.0	0.09	0.1	0.16	0.06	0.07	0.08	0.12	0.11	0.06	0.18	0.19	0.17	0.07	0.07	0.0	0.05	0.05	0.0	0.13	0.07	0.0	0.05	0.04	0.0	0.08	0.07	0.0	0.07	0.06	0.0	0.06	0.06	0.05	0.02	0.01	0.0	0.0	0.0	0.0	0.0	0.0	0.0	0.03	0.0	0.0	0.0	0.02	0.0	0.0	0.0	0.0	0.0	0.03	0.0	0.02	0.03	0.03	0.03	0.02	0.0	0.02	0.02	0.0	0.02	0.02	0.0	0.01	0.02	0.0
Root; d__Bacteria; p__Acidobacteriota; c__Thermoanaerobaculia; o__Gp7-AA8; f__Gp7-AA8; g__QHVT01	0.12	0.11	0.08	0.12	0.09	0.07	0.1	0.09	0.04	0.12	0.11	0.11	0.18	0.17	0.14	0.21	0.19	0.12	0.11	0.14	0.11	0.13	0.13	0.16	0.12	0.15	0.14	0.14	0.07	0.12	0.1	0.15	0.08	0.13	0.13	0.11	0.28	0.22	0.18	0.21	0.2	0.16	0.23	0.2	0.27	0.23	0.19	0.31	0.2	0.21	0.3	0.2	0.21	0.19	0.17	0.12	0.12	0.16	0.12	0.17	0.16	0.15	0.17	0.18	0.19	0.18	0.17	0.18	0.23	0.16	0.17	0.15
Root; d__Bacteria; p__Acidobacteriota; c__Terriglobia; o__Terriglobales; f__Acidobacteriaceae; g__JAICLA01	0.02	0.0	0.0	0.0	0.02	0.0	0.02	0.0	0.0	0.02	0.0	0.0	0.0	0.0	0.0	0.0	0.03	0.0	0.0	0.0	0.0	0.0	0.0	0.0	0.0	0.0	0.0	0.0	0.0	0.0	0.0	0.0	0.0	0.0	0.0	0.0	0.05	0.07	0.0	0.05	0.04	0.0	0.03	0.06	0.0	0.06	0.08	0.0	0.07	0.03	0.0	0.06	0.06	0.06	0.04	0.02	0.0	0.04	0.04	0.04	0.04	0.03	0.05	0.04	0.03	0.0	0.03	0.04	0.0	0.02	0.02	0.0
Root; d__Bacteria; p__Acidobacteriota; c__Terriglobia; o__Bryobacterales; f__Bryobacteraceae; g__DASQDN01	0.13	0.1	0.13	0.16	0.15	0.06	0.11	0.17	0.16	0.13	0.15	0.11	0.13	0.15	0.13	0.14	0.13	0.13	0.13	0.12	0.08	0.16	0.14	0.0	0.1	0.11	0.0	0.11	0.1	0.07	0.09	0.11	0.17	0.13	0.07	0.06	0.03	0.05	0.04	0.04	0.06	0.0	0.05	0.05	0.0	0.07	0.04	0.0	0.05	0.04	0.0	0.05	0.06	0.0	0.1	0.07	0.06	0.06	0.08	0.03	0.08	0.06	0.09	0.07	0.06	0.05	0.09	0.08	0.06	0.07	0.06	0.05
Root; d__Bacteria; p__Acidobacteriota; c__Terriglobia; o__Bryobacterales; f__Bryobacteraceae; g__Bog-105	0.04	0.03	0.0	0.05	0.0	0.0	0.04	0.04	0.0	0.03	0.03	0.0	0.02	0.02	0.0	0.09	0.1	0.09	0.06	0.06	0.0	0.03	0.04	0.0	0.05	0.04	0.0	0.06	0.03	0.0	0.06	0.02	0.0	0.04	0.05	0.0	0.28	0.24	0.25	0.26	0.27	0.23	0.28	0.3	0.33	0.29	0.3	0.22	0.27	0.33	0.23	0.21	0.29	0.18	0.25	0.25	0.21	0.24	0.25	0.29	0.27	0.27	0.24	0.26	0.26	0.3	0.23	0.25	0.11	0.27	0.25	0.3
Root; d__Bacteria; p__Acidobacteriota; c__Terriglobia; o__Bryobacterales; f__Bryobacteraceae; g__PSRJ01	0.02	0.0	0.0	0.0	0.0	0.0	0.0	0.0	0.0	0.0	0.0	0.0	0.0	0.0	0.0	0.05	0.04	0.0	0.0	0.0	0.0	0.0	0.0	0.0	0.0	0.0	0.0	0.0	0.0	0.0	0.0	0.02	0.0	0.0	0.0	0.0	0.06	0.06	0.0	0.05	0.04	0.0	0.05	0.05	0.08	0.04	0.05	0.0	0.06	0.08	0.0	0.05	0.04	0.06	0.03	0.04	0.0	0.05	0.02	0.02	0.05	0.05	0.04	0.04	0.05	0.05	0.06	0.04	0.06	0.05	0.06	0.0
Root; d__Bacteria; p__Acidobacteriota; c__Terriglobia; o__Bryobacterales; f__Bryobacteraceae; g__Solibacter	0.03	0.02	0.0	0.04	0.06	0.0	0.04	0.02	0.0	0.05	0.02	0.0	0.04	0.04	0.0	0.03	0.07	0.0	0.04	0.07	0.04	0.08	0.07	0.06	0.05	0.05	0.06	0.05	0.03	0.0	0.07	0.06	0.0	0.08	0.06	0.0	0.09	0.13	0.07	0.13	0.11	0.12	0.09	0.11	0.11	0.13	0.07	0.1	0.1	0.11	0.06	0.1	0.08	0.05	0.08	0.07	0.0	0.08	0.05	0.06	0.09	0.08	0.05	0.11	0.08	0.1	0.07	0.09	0.0	0.08	0.11	0.07
Root; d__Bacteria; p__Acidobacteriota; c__Terriglobia; o__Bryobacterales; f__Bryobacteraceae; g__SPIREOTU_00059425	0.03	0.0	0.0	0.04	0.02	0.0	0.01	0.0	0.0	0.02	0.0	0.0	0.0	0.04	0.0	0.02	0.02	0.0	0.04	0.04	0.0	0.03	0.03	0.0	0.03	0.05	0.0	0.04	0.03	0.0	0.02	0.02	0.0	0.03	0.02	0.0	0.04	0.04	0.0	0.03	0.05	0.0	0.04	0.04	0.0	0.04	0.04	0.0	0.04	0.02	0.0	0.04	0.02	0.05	0.0	0.0	0.0	0.02	0.01	0.0	0.03	0.02	0.02	0.02	0.01	0.0	0.02	0.02	0.0	0.02	0.03	0.0
Root; d__Bacteria; p__Acidobacteriota; c__Terriglobia; o__Bryobacterales; f__Bryobacteraceae; g__JAWXCM01	0.02	0.02	0.0	0.03	0.02	0.0	0.03	0.01	0.0	0.0	0.0	0.0	0.02	0.02	0.0	0.03	0.03	0.0	0.03	0.04	0.0	0.08	0.02	0.0	0.02	0.05	0.0	0.02	0.05	0.0	0.03	0.03	0.0	0.02	0.03	0.0	0.03	0.02	0.0	0.0	0.03	0.0	0.02	0.02	0.0	0.02	0.0	0.0	0.02	0.05	0.0	0.0	0.0	0.0	0.03	0.03	0.0	0.03	0.02	0.02	0.02	0.02	0.02	0.03	0.03	0.0	0.02	0.04	0.0	0.02	0.03	0.0
Root; d__Bacteria; p__Acidobacteriota; c__Terriglobia; o__20CM-2-55-15; f__20CM-2-55-15; g__SPIREOTU_01781836	0.03	0.02	0.0	0.05	0.03	0.0	0.04	0.0	0.0	0.02	0.04	0.0	0.03	0.03	0.0	0.04	0.0	0.0	0.09	0.1	0.05	0.11	0.12	0.08	0.11	0.11	0.05	0.14	0.1	0.08	0.13	0.13	0.08	0.13	0.13	0.08	0.0	0.0	0.0	0.0	0.0	0.0	0.0	0.0	0.0	0.0	0.0	0.0	0.0	0.0	0.0	0.0	0.0	0.0	0.0	0.0	0.0	0.02	0.02	0.0	0.02	0.01	0.0	0.0	0.0	0.0	0.0	0.03	0.0	0.03	0.0	0.0
Root; d__Bacteria; p__Desulfobacterota; c__Binatia; o__UBA9968; f__UBA9968; g__DP-20	0.05	0.04	0.0	0.03	0.05	0.0	0.05	0.04	0.0	0.07	0.08	0.0	0.09	0.1	0.0	0.06	0.11	0.05	0.02	0.02	0.0	0.03	0.0	0.0	0.02	0.02	0.0	0.02	0.02	0.0	0.01	0.02	0.0	0.0	0.02	0.0	0.08	0.1	0.06	0.11	0.08	0.07	0.1	0.16	0.05	0.07	0.06	0.08	0.12	0.09	0.09	0.09	0.13	0.05	0.06	0.09	0.0	0.1	0.09	0.06	0.1	0.09	0.08	0.05	0.09	0.06	0.08	0.1	0.09	0.08	0.08	0.08
Root; d__Bacteria; p__Desulfobacterota; c__Binatia; o__UBA9968; f__UBA9968; g__WHTF01	0.03	0.04	0.0	0.03	0.04	0.0	0.03	0.04	0.0	0.02	0.05	0.0	0.04	0.05	0.0	0.06	0.04	0.0	0.0	0.0	0.0	0.02	0.0	0.0	0.0	0.0	0.0	0.0	0.0	0.0	0.0	0.0	0.0	0.0	0.02	0.0	0.06	0.05	0.0	0.04	0.04	0.0	0.04	0.03	0.0	0.07	0.07	0.0	0.08	0.06	0.0	0.02	0.04	0.0	0.03	0.03	0.0	0.04	0.03	0.03	0.03	0.04	0.04	0.02	0.03	0.0	0.03	0.03	0.0	0.04	0.04	0.0
Root; d__Bacteria; p__Desulfobacterota; c__Binatia; o__UTPRO1; f__UTPRO1; g__UTPRO1	0.03	0.02	0.0	0.02	0.02	0.0	0.0	0.0	0.0	0.02	0.03	0.0	0.0	0.0	0.0	0.02	0.0	0.0	0.03	0.0	0.0	0.02	0.0	0.0	0.02	0.02	0.0	0.02	0.0	0.0	0.0	0.02	0.0	0.0	0.0	0.0	0.0	0.0	0.0	0.0	0.0	0.0	0.0	0.0	0.0	0.0	0.0	0.0	0.0	0.0	0.0	0.0	0.0	0.0	0.0	0.02	0.0	0.02	0.02	0.0	0.03	0.02	0.02	0.0	0.0	0.0	0.01	0.02	0.0	0.02	0.02	0.0
Root; d__Bacteria; p__Bdellovibrionota; c__Bacteriovoracia; o__Bacteriovoracales; f__Bacteriovoracaceae; g__Peredibacter	0.05	0.03	0.0	0.02	0.04	0.0	0.04	0.03	0.0	0.0	0.02	0.0	0.0	0.0	0.0	0.0	0.0	0.0	0.0	0.0	0.0	0.0	0.0	0.0	0.0	0.0	0.0	0.0	0.0	0.0	0.0	0.0	0.0	0.0	0.0	0.0	0.0	0.0	0.0	0.02	0.0	0.0	0.0	0.0	0.0	0.0	0.0	0.0	0.0	0.0	0.0	0.0	0.0	0.0	0.0	0.0	0.0	0.0	0.01	0.0	0.01	0.0	0.02	0.0	0.0	0.0	0.0	0.0	0.0	0.0	0.0	0.0
Root; d__Bacteria; p__Gemmatimonadota; c__Gemmatimonadetes; o__Gemmatimonadales; f__Gemmatimonadaceae; g__JADGGM01	0.02	0.0	0.0	0.0	0.0	0.0	0.0	0.0	0.0	0.0	0.02	0.0	0.0	0.0	0.0	0.0	0.02	0.0	0.0	0.0	0.0	0.0	0.0	0.0	0.0	0.0	0.0	0.0	0.0	0.0	0.0	0.0	0.0	0.0	0.0	0.0	0.04	0.03	0.0	0.03	0.04	0.0	0.03	0.02	0.0	0.03	0.03	0.0	0.03	0.0	0.05	0.03	0.02	0.0	0.02	0.03	0.0	0.02	0.03	0.0	0.02	0.03	0.02	0.02	0.02	0.0	0.0	0.02	0.0	0.0	0.02	0.0
Root; d__Bacteria; p__Gemmatimonadota; c__Gemmatimonadetes; o__Gemmatimonadales; f__Gemmatimonadaceae; g__UBA4720	0.16	0.2	0.08	0.19	0.15	0.2	0.18	0.13	0.15	0.22	0.18	0.16	0.18	0.16	0.18	0.31	0.34	0.32	0.3	0.3	0.31	0.34	0.23	0.29	0.31	0.27	0.28	0.24	0.28	0.24	0.23	0.28	0.19	0.32	0.3	0.29	0.72	0.74	0.68	0.73	0.8	0.66	0.72	0.78	0.83	0.75	0.76	0.62	0.68	0.79	0.74	0.77	0.73	0.7	0.47	0.54	0.57	0.61	0.58	0.58	0.57	0.6	0.55	0.4	0.59	0.57	0.56	0.59	0.49	0.66	0.53	0.59
Root; d__Bacteria; p__Gemmatimonadota; c__Gemmatimonadetes; o__Gemmatimonadales; f__Gemmatimonadaceae; g__JAQBQB01	0.07	0.06	0.1	0.1	0.06	0.08	0.1	0.08	0.1	0.11	0.11	0.08	0.15	0.1	0.0	0.16	0.17	0.19	0.24	0.21	0.21	0.23	0.23	0.2	0.23	0.29	0.28	0.23	0.3	0.21	0.25	0.22	0.19	0.25	0.19	0.3	0.35	0.3	0.39	0.26	0.3	0.23	0.31	0.32	0.35	0.37	0.31	0.21	0.38	0.39	0.3	0.31	0.3	0.33	0.31	0.28	0.21	0.27	0.24	0.23	0.3	0.26	0.26	0.34	0.25	0.27	0.29	0.24	0.26	0.28	0.28	0.22
Root; d__Bacteria; p__Gemmatimonadota; c__Gemmatimonadetes; o__Gemmatimonadales; f__Gemmatimonadaceae; g__AG11	0.31	0.34	0.3	0.36	0.38	0.34	0.33	0.31	0.19	0.26	0.26	0.23	0.26	0.29	0.23	0.31	0.42	0.36	0.54	0.48	0.39	0.46	0.49	0.43	0.55	0.47	0.44	0.48	0.42	0.56	0.49	0.51	0.51	0.49	0.48	0.3	0.45	0.46	0.4	0.44	0.5	0.39	0.48	0.4	0.58	0.45	0.44	0.31	0.43	0.41	0.28	0.42	0.49	0.37	0.3	0.37	0.34	0.33	0.35	0.3	0.35	0.32	0.31	0.35	0.31	0.27	0.31	0.38	0.26	0.31	0.33	0.47
Root; d__Bacteria; p__Gemmatimonadota; c__Gemmatimonadetes; o__Gemmatimonadales; f__Gemmatimonadaceae; g__Gemmatimonas	0.04	0.04	0.0	0.06	0.05	0.0	0.03	0.02	0.0	0.04	0.02	0.0	0.0	0.02	0.0	0.03	0.04	0.0	0.02	0.03	0.0	0.0	0.0	0.0	0.0	0.02	0.0	0.02	0.02	0.0	0.03	0.01	0.0	0.0	0.0	0.0	0.02	0.02	0.0	0.02	0.01	0.0	0.0	0.02	0.0	0.0	0.0	0.0	0.0	0.0	0.0	0.0	0.0	0.0	0.04	0.02	0.0	0.03	0.03	0.0	0.02	0.03	0.02	0.01	0.0	0.0	0.02	0.02	0.0	0.02	0.03	0.0
Root; d__Bacteria; p__Gemmatimonadota; c__Gemmatimonadetes; o__Gemmatimonadales; f__Gemmatimonadaceae; g__DASPMP01	0.02	0.0	0.0	0.05	0.0	0.0	0.0	0.03	0.0	0.03	0.02	0.0	0.03	0.04	0.0	0.04	0.06	0.0	0.08	0.05	0.05	0.08	0.07	0.0	0.04	0.09	0.0	0.06	0.05	0.05	0.06	0.06	0.0	0.07	0.05	0.06	0.1	0.11	0.1	0.13	0.12	0.12	0.08	0.1	0.08	0.1	0.12	0.08	0.11	0.13	0.05	0.1	0.15	0.08	0.1	0.1	0.05	0.1	0.1	0.08	0.09	0.11	0.08	0.09	0.09	0.09	0.14	0.11	0.11	0.11	0.1	0.06
Root; d__Bacteria; p__Gemmatimonadota; c__Gemmatimonadetes; o__Gemmatimonadales; f__Gemmatimonadaceae; g__JAJKIV01	0.07	0.07	0.07	0.11	0.09	0.0	0.05	0.06	0.0	0.07	0.06	0.0	0.07	0.07	0.0	0.08	0.06	0.0	0.09	0.11	0.06	0.07	0.06	0.0	0.07	0.05	0.05	0.06	0.08	0.06	0.07	0.07	0.06	0.09	0.07	0.0	0.07	0.07	0.05	0.08	0.1	0.06	0.07	0.06	0.0	0.06	0.04	0.05	0.06	0.07	0.07	0.08	0.06	0.0	0.06	0.08	0.07	0.07	0.11	0.08	0.11	0.1	0.1	0.06	0.07	0.05	0.07	0.09	0.06	0.07	0.11	0.06
Root; d__Bacteria; p__Gemmatimonadota; c__Gemmatimonadetes; o__Gemmatimonadales; f__GWC2-71-9; g__CAVVWJ01	0.72	0.58	0.61	0.6	0.64	0.6	0.6	0.59	0.73	0.66	0.61	0.57	0.67	0.62	0.73	1.12	1.05	1.04	0.49	0.65	0.68	0.58	0.59	0.57	0.63	0.63	0.47	0.64	0.55	0.56	0.6	0.59	0.5	0.55	0.62	0.57	1.85	2.01	1.68	2.03	1.87	1.79	1.85	2.06	2.01	1.99	1.99	1.77	1.96	1.89	1.79	1.91	1.86	1.99	1.42	1.48	1.28	1.45	1.5	1.51	1.41	1.45	1.53	1.34	1.27	1.25	1.43	1.41	1.3	1.4	1.34	1.34
Root; d__Bacteria; p__Gemmatimonadota; c__Gemmatimonadetes; o__Gemmatimonadales; f__GWC2-71-9; g__JAGGAG01	0.04	0.04	0.08	0.05	0.03	0.0	0.03	0.03	0.0	0.05	0.03	0.0	0.04	0.02	0.0	0.02	0.0	0.0	0.05	0.03	0.0	0.05	0.05	0.0	0.03	0.05	0.0	0.03	0.06	0.05	0.06	0.03	0.0	0.05	0.03	0.05	0.0	0.0	0.0	0.0	0.0	0.0	0.0	0.0	0.0	0.0	0.0	0.0	0.0	0.0	0.0	0.0	0.0	0.0	0.0	0.0	0.0	0.0	0.0	0.0	0.0	0.0	0.0	0.0	0.0	0.0	0.0	0.0	0.0	0.0	0.0	0.0
Root; d__Bacteria; p__Gemmatimonadota; c__Gemmatimonadetes; o__Longimicrobiales; f__Longimicrobiaceae; g__Longimicrobium	0.08	0.07	0.07	0.07	0.07	0.0	0.08	0.04	0.12	0.09	0.07	0.09	0.16	0.13	0.08	0.09	0.1	0.06	0.13	0.16	0.12	0.13	0.13	0.15	0.11	0.15	0.12	0.11	0.07	0.06	0.16	0.12	0.07	0.09	0.09	0.07	0.18	0.18	0.16	0.17	0.23	0.12	0.17	0.18	0.19	0.11	0.14	0.13	0.14	0.11	0.11	0.15	0.15	0.11	0.15	0.1	0.25	0.13	0.12	0.13	0.12	0.12	0.15	0.13	0.13	0.09	0.17	0.15	0.18	0.14	0.19	0.12
Root; d__Bacteria; p__Nitrospirota; c__Nitrospiria; o__Nitrospirales; f__Nitrospiraceae; g__Nitrospira_C	0.03	0.02	0.0	0.02	0.03	0.0	0.05	0.02	0.0	0.04	0.04	0.0	0.03	0.04	0.0	0.05	0.05	0.0	0.0	0.0	0.0	0.0	0.0	0.0	0.02	0.0	0.0	0.0	0.0	0.0	0.0	0.0	0.0	0.0	0.0	0.0	0.05	0.03	0.05	0.03	0.03	0.0	0.04	0.05	0.0	0.03	0.03	0.0	0.07	0.06	0.0	0.04	0.04	0.0	0.06	0.03	0.0	0.04	0.03	0.04	0.04	0.03	0.03	0.04	0.03	0.0	0.03	0.04	0.0	0.04	0.03	0.0
Root; d__Bacteria; p__Sumerlaeota; c__Sumerlaeia; o__Sumerlaeales; f__Sumerlaeaceae; g__JBPCLP01	0.02	0.0	0.0	0.0	0.0	0.0	0.0	0.0	0.0	0.0	0.0	0.0	0.0	0.0	0.0	0.0	0.0	0.0	0.0	0.0	0.0	0.0	0.0	0.0	0.0	0.0	0.0	0.0	0.0	0.0	0.0	0.0	0.0	0.0	0.0	0.0	0.0	0.0	0.0	0.0	0.0	0.0	0.0	0.0	0.0	0.0	0.0	0.0	0.0	0.0	0.0	0.02	0.0	0.0	0.0	0.02	0.0	0.01	0.01	0.0	0.01	0.01	0.0	0.0	0.0	0.0	0.0	0.0	0.0	0.0	0.02	0.0
Root; d__Bacteria; p__Fibrobacterota; c__Fibrobacteria; o__UBA11236; f__UBA11236; g__Chersky-265	0.02	0.0	0.0	0.02	0.02	0.0	0.04	0.03	0.0	0.02	0.04	0.0	0.0	0.02	0.0	0.02	0.02	0.0	0.0	0.0	0.0	0.0	0.0	0.0	0.0	0.02	0.0	0.0	0.02	0.0	0.02	0.02	0.0	0.02	0.02	0.0	0.0	0.0	0.0	0.0	0.0	0.0	0.0	0.0	0.0	0.0	0.0	0.0	0.0	0.0	0.0	0.0	0.0	0.0	0.05	0.04	0.0	0.04	0.06	0.04	0.04	0.04	0.03	0.04	0.06	0.0	0.06	0.05	0.0	0.07	0.08	0.08
Root; d__Bacteria; p__Pseudomonadota; c__Gammaproteobacteria; o__Burkholderiales; f__Burkholderiaceae_C; g__Ideonella	0.0	0.03	0.0	0.02	0.0	0.0	0.02	0.02	0.0	0.03	0.03	0.0	0.05	0.02	0.0	0.03	0.02	0.0	0.02	0.0	0.0	0.0	0.02	0.0	0.0	0.0	0.0	0.0	0.0	0.0	0.01	0.0	0.0	0.0	0.0	0.0	0.0	0.0	0.0	0.0	0.0	0.0	0.0	0.0	0.0	0.0	0.0	0.0	0.0	0.0	0.0	0.0	0.0	0.0	0.0	0.0	0.0	0.02	0.02	0.03	0.02	0.03	0.02	0.0	0.02	0.0	0.01	0.0	0.0	0.0	0.0	0.0
Root; d__Bacteria; p__Pseudomonadota; c__Gammaproteobacteria; o__Burkholderiales; f__Burkholderiaceae_C; g__Hydrogenophaga	0.0	0.02	0.0	0.0	0.0	0.0	0.0	0.02	0.0	0.0	0.02	0.0	0.0	0.0	0.0	0.0	0.0	0.0	0.0	0.0	0.0	0.0	0.0	0.0	0.0	0.0	0.0	0.0	0.0	0.0	0.0	0.0	0.0	0.0	0.0	0.0	0.0	0.0	0.0	0.0	0.0	0.0	0.0	0.0	0.0	0.0	0.0	0.0	0.0	0.0	0.0	0.0	0.0	0.0	0.0	0.0	0.0	0.0	0.0	0.0	0.01	0.0	0.0	0.0	0.0	0.0	0.0	0.0	0.0	0.0	0.0	0.0
Root; d__Bacteria; p__Pseudomonadota; c__Gammaproteobacteria; o__Xanthomonadales; f__Xanthomonadaceae; g__Cognatiluteimonas	0.0	0.04	0.0	0.03	0.02	0.0	0.02	0.0	0.0	0.02	0.03	0.0	0.0	0.02	0.0	0.0	0.03	0.0	0.02	0.03	0.0	0.02	0.0	0.0	0.03	0.05	0.0	0.04	0.02	0.0	0.03	0.02	0.0	0.0	0.02	0.0	0.03	0.03	0.0	0.03	0.02	0.0	0.03	0.03	0.0	0.03	0.03	0.0	0.0	0.02	0.0	0.04	0.03	0.0	0.03	0.03	0.0	0.02	0.03	0.0	0.03	0.01	0.01	0.0	0.02	0.0	0.02	0.02	0.0	0.0	0.02	0.0
Root; d__Bacteria; p__Pseudomonadota; c__Alphaproteobacteria; o__Rhizobiales; f__Xanthobacteraceae; g__CRBC_04148	0.0	0.02	0.0	0.0	0.0	0.0	0.0	0.0	0.0	0.0	0.0	0.0	0.0	0.0	0.0	0.0	0.0	0.0	0.0	0.0	0.0	0.0	0.0	0.0	0.0	0.0	0.0	0.0	0.0	0.0	0.0	0.0	0.0	0.0	0.0	0.0	0.0	0.0	0.0	0.0	0.0	0.0	0.0	0.0	0.0	0.0	0.0	0.0	0.0	0.0	0.0	0.0	0.0	0.0	0.0	0.0	0.0	0.01	0.01	0.0	0.02	0.01	0.0	0.0	0.0	0.0	0.0	0.02	0.0	0.0	0.0	0.0
Root; d__Bacteria; p__Pseudomonadota; c__Alphaproteobacteria; o__Rhizobiales; f__Aestuariivirgaceae; g__Taklimakanibacter	0.0	0.02	0.0	0.0	0.04	0.0	0.04	0.0	0.0	0.02	0.02	0.0	0.0	0.04	0.0	0.02	0.03	0.0	0.0	0.0	0.0	0.0	0.0	0.0	0.0	0.02	0.0	0.0	0.03	0.0	0.0	0.0	0.0	0.0	0.0	0.0	0.06	0.04	0.0	0.05	0.06	0.0	0.05	0.05	0.0	0.03	0.05	0.0	0.07	0.03	0.08	0.06	0.04	0.0	0.06	0.06	0.04	0.07	0.08	0.05	0.07	0.07	0.04	0.04	0.06	0.0	0.07	0.05	0.1	0.07	0.07	0.0
Root; d__Bacteria; p__Pseudomonadota; c__Alphaproteobacteria; o__Rhizobiales; f__Beijerinckiaceae; g__Alsobacter	0.0	0.02	0.0	0.03	0.02	0.0	0.04	0.0	0.0	0.02	0.0	0.0	0.0	0.0	0.0	0.0	0.0	0.0	0.0	0.0	0.0	0.0	0.0	0.0	0.0	0.0	0.0	0.0	0.0	0.0	0.0	0.03	0.0	0.0	0.0	0.0	0.0	0.0	0.0	0.0	0.0	0.0	0.0	0.0	0.0	0.0	0.0	0.0	0.0	0.0	0.0	0.0	0.0	0.0	0.0	0.0	0.0	0.01	0.02	0.0	0.01	0.01	0.0	0.0	0.0	0.0	0.0	0.0	0.0	0.0	0.0	0.0
Root; d__Bacteria; p__Pseudomonadota; c__Alphaproteobacteria; o__Rhizobiales; f__Rhizobiaceae; g__Mesorhizobium_K	0.0	0.06	0.05	0.04	0.04	0.06	0.04	0.03	0.06	0.03	0.03	0.0	0.03	0.02	0.0	0.02	0.02	0.05	0.0	0.0	0.0	0.0	0.0	0.0	0.0	0.0	0.0	0.0	0.0	0.0	0.0	0.0	0.0	0.0	0.0	0.0	0.0	0.0	0.0	0.0	0.0	0.0	0.0	0.0	0.0	0.0	0.0	0.0	0.0	0.0	0.0	0.0	0.0	0.0	0.0	0.0	0.0	0.0	0.0	0.0	0.0	0.0	0.0	0.0	0.0	0.0	0.0	0.0	0.0	0.0	0.0	0.0
Root; d__Bacteria; p__Pseudomonadota; c__Alphaproteobacteria; o__Rhizobiales; f__Rhizobiaceae; g__JBGTLX01	0.0	0.02	0.0	0.0	0.0	0.0	0.0	0.02	0.0	0.0	0.0	0.0	0.0	0.0	0.0	0.0	0.02	0.0	0.0	0.0	0.0	0.0	0.0	0.0	0.0	0.0	0.0	0.0	0.0	0.0	0.0	0.0	0.0	0.0	0.0	0.0	0.0	0.0	0.0	0.0	0.0	0.0	0.0	0.0	0.0	0.0	0.0	0.0	0.0	0.0	0.0	0.0	0.0	0.0	0.0	0.0	0.0	0.0	0.0	0.0	0.0	0.0	0.0	0.0	0.0	0.0	0.0	0.0	0.0	0.0	0.0	0.0
Root; d__Bacteria; p__Pseudomonadota; c__Alphaproteobacteria; o__Rhizobiales; f__Methyloligellaceae; g__GCMETA_00120072	0.0	0.02	0.0	0.0	0.0	0.0	0.0	0.0	0.0	0.0	0.02	0.0	0.02	0.03	0.0	0.0	0.0	0.0	0.0	0.0	0.0	0.0	0.0	0.0	0.0	0.0	0.0	0.0	0.0	0.0	0.0	0.0	0.0	0.0	0.0	0.0	0.0	0.0	0.0	0.0	0.0	0.0	0.0	0.0	0.0	0.0	0.0	0.0	0.0	0.0	0.0	0.0	0.0	0.0	0.0	0.0	0.0	0.0	0.0	0.0	0.0	0.0	0.0	0.0	0.0	0.0	0.0	0.0	0.0	0.0	0.0	0.0
Root; d__Bacteria; p__Pseudomonadota; c__Alphaproteobacteria; o__Rhizobiales; f__Labraceae; g__Labrys	0.0	0.02	0.0	0.0	0.0	0.0	0.0	0.0	0.0	0.0	0.02	0.0	0.0	0.0	0.0	0.0	0.0	0.0	0.0	0.0	0.0	0.0	0.0	0.0	0.0	0.0	0.0	0.0	0.0	0.0	0.0	0.0	0.0	0.0	0.0	0.0	0.0	0.0	0.0	0.0	0.0	0.0	0.0	0.0	0.0	0.0	0.0	0.0	0.0	0.0	0.0	0.0	0.0	0.0	0.0	0.0	0.0	0.01	0.01	0.0	0.02	0.01	0.0	0.0	0.0	0.0	0.0	0.0	0.0	0.0	0.0	0.0
Root; d__Bacteria; p__Pseudomonadota; c__Alphaproteobacteria; o__Sphingomonadales; f__Sphingomonadaceae; g__Tsuneonella	0.0	0.02	0.0	0.02	0.04	0.0	0.04	0.02	0.0	0.02	0.02	0.0	0.0	0.0	0.0	0.05	0.02	0.0	0.02	0.0	0.0	0.0	0.0	0.0	0.0	0.0	0.0	0.0	0.0	0.0	0.02	0.0	0.0	0.0	0.02	0.0	0.03	0.02	0.0	0.02	0.02	0.0	0.02	0.02	0.04	0.0	0.0	0.0	0.02	0.02	0.0	0.02	0.0	0.0	0.03	0.0	0.0	0.02	0.02	0.0	0.02	0.02	0.02	0.03	0.0	0.0	0.0	0.0	0.0	0.02	0.02	0.0
Root; d__Bacteria; p__Pseudomonadota; c__Alphaproteobacteria; o__Caulobacterales; f__Caulobacteraceae; g__SPIREOTU_01664641	0.0	0.02	0.0	0.0	0.0	0.0	0.0	0.02	0.0	0.0	0.0	0.0	0.0	0.0	0.0	0.0	0.0	0.0	0.0	0.0	0.0	0.0	0.0	0.0	0.0	0.0	0.0	0.0	0.0	0.0	0.0	0.0	0.0	0.0	0.0	0.0	0.0	0.0	0.0	0.0	0.0	0.0	0.0	0.0	0.0	0.0	0.0	0.0	0.0	0.0	0.0	0.0	0.0	0.0	0.0	0.0	0.0	0.0	0.0	0.0	0.0	0.0	0.0	0.0	0.0	0.0	0.0	0.0	0.0	0.0	0.0	0.0
Root; d__Bacteria; p__Pseudomonadota; c__Alphaproteobacteria; o__Caulobacterales; f__Hyphomonadaceae; g__UBA7672	0.0	0.02	0.0	0.0	0.0	0.0	0.03	0.02	0.0	0.0	0.02	0.0	0.0	0.02	0.0	0.0	0.0	0.0	0.0	0.0	0.0	0.0	0.02	0.0	0.0	0.0	0.0	0.0	0.0	0.0	0.0	0.0	0.0	0.0	0.0	0.0	0.0	0.0	0.0	0.0	0.0	0.0	0.0	0.0	0.0	0.0	0.0	0.0	0.0	0.0	0.0	0.0	0.0	0.0	0.0	0.0	0.0	0.01	0.01	0.0	0.01	0.01	0.0	0.0	0.0	0.0	0.0	0.01	0.0	0.0	0.0	0.0
Root; d__Bacteria; p__Pseudomonadota; c__Alphaproteobacteria; o__Geminicoccales; f__Geminicoccaceae; g__Geminicoccus	0.0	0.02	0.0	0.0	0.02	0.0	0.03	0.02	0.0	0.0	0.02	0.0	0.0	0.0	0.0	0.0	0.02	0.0	0.0	0.0	0.0	0.0	0.0	0.0	0.0	0.0	0.0	0.0	0.0	0.0	0.0	0.0	0.0	0.0	0.0	0.0	0.0	0.0	0.0	0.0	0.0	0.0	0.0	0.0	0.0	0.0	0.0	0.0	0.0	0.0	0.0	0.0	0.0	0.0	0.0	0.0	0.0	0.0	0.0	0.0	0.0	0.0	0.0	0.0	0.0	0.0	0.0	0.0	0.0	0.0	0.0	0.0
Root; d__Bacteria; p__Pseudomonadota; c__Alphaproteobacteria; o__DSM-16000; f__Inquilinaceae; g__Inquilinus	0.0	0.02	0.0	0.0	0.0	0.0	0.0	0.0	0.0	0.0	0.03	0.0	0.0	0.0	0.0	0.05	0.05	0.0	0.0	0.0	0.0	0.0	0.0	0.0	0.0	0.0	0.0	0.0	0.0	0.0	0.0	0.0	0.0	0.0	0.0	0.0	0.0	0.0	0.0	0.0	0.0	0.0	0.0	0.0	0.0	0.0	0.0	0.0	0.02	0.0	0.0	0.0	0.0	0.0	0.0	0.0	0.0	0.01	0.0	0.0	0.01	0.01	0.0	0.02	0.0	0.0	0.0	0.0	0.0	0.0	0.0	0.0
Root; d__Bacteria; p__Actinomycetota; c__Thermoleophilia; o__Gaiellales; f__Gaiellaceae; g__CAVQZA01	0.0	0.02	0.0	0.04	0.03	0.0	0.03	0.0	0.0	0.03	0.0	0.0	0.0	0.02	0.0	0.04	0.03	0.0	0.05	0.04	0.0	0.05	0.04	0.0	0.03	0.03	0.0	0.03	0.02	0.0	0.05	0.04	0.0	0.05	0.04	0.0	0.0	0.02	0.0	0.0	0.03	0.0	0.02	0.02	0.0	0.0	0.0	0.0	0.03	0.0	0.0	0.02	0.02	0.0	0.0	0.0	0.0	0.03	0.02	0.0	0.02	0.02	0.0	0.0	0.0	0.0	0.03	0.02	0.0	0.0	0.0	0.0
Root; d__Bacteria; p__Actinomycetota; c__Thermoleophilia; o__Gaiellales; f__F1-60-MAGs149; g__VFJZ01	0.0	0.03	0.0	0.03	0.03	0.0	0.02	0.02	0.0	0.02	0.02	0.0	0.0	0.0	0.0	0.02	0.02	0.0	0.03	0.05	0.04	0.06	0.05	0.0	0.04	0.04	0.0	0.06	0.06	0.0	0.06	0.04	0.06	0.04	0.03	0.0	0.0	0.0	0.0	0.0	0.0	0.0	0.0	0.0	0.0	0.0	0.0	0.0	0.0	0.0	0.0	0.0	0.0	0.0	0.03	0.0	0.0	0.01	0.01	0.0	0.02	0.02	0.0	0.02	0.0	0.0	0.0	0.01	0.0	0.0	0.02	0.0
Root; d__Bacteria; p__Actinomycetota; c__Thermoleophilia; o__Solirubrobacterales; f__Solirubrobacteraceae; g__GEMOTU_16036	0.0	0.02	0.0	0.0	0.03	0.0	0.03	0.0	0.0	0.02	0.02	0.0	0.03	0.0	0.0	0.03	0.02	0.0	0.03	0.03	0.0	0.02	0.02	0.0	0.03	0.04	0.0	0.02	0.0	0.0	0.0	0.0	0.0	0.03	0.02	0.0	0.04	0.02	0.0	0.0	0.03	0.0	0.03	0.04	0.04	0.05	0.03	0.05	0.04	0.05	0.0	0.02	0.02	0.0	0.02	0.02	0.0	0.02	0.02	0.04	0.02	0.03	0.02	0.04	0.02	0.0	0.03	0.01	0.0	0.05	0.03	0.0
Root; d__Bacteria; p__Actinomycetota; c__Thermoleophilia; o__Solirubrobacterales; f__70-9; g__DASPWW01	0.0	0.02	0.0	0.02	0.0	0.0	0.03	0.0	0.0	0.03	0.03	0.0	0.02	0.03	0.0	0.0	0.01	0.0	0.02	0.02	0.0	0.02	0.0	0.0	0.02	0.0	0.0	0.03	0.0	0.0	0.0	0.01	0.0	0.02	0.02	0.0	0.02	0.0	0.0	0.0	0.0	0.0	0.0	0.0	0.0	0.0	0.0	0.0	0.0	0.0	0.0	0.0	0.0	0.0	0.0	0.0	0.0	0.03	0.01	0.0	0.02	0.02	0.01	0.01	0.02	0.0	0.02	0.0	0.0	0.01	0.0	0.0
Root; d__Bacteria; p__Actinomycetota; c__Actinomycetes; o__Mycobacteriales; f__Micromonosporaceae; g__Glycomyces	0.0	0.03	0.0	0.03	0.02	0.0	0.03	0.0	0.0	0.0	0.0	0.0	0.03	0.0	0.0	0.04	0.0	0.0	0.0	0.0	0.0	0.0	0.0	0.0	0.0	0.0	0.0	0.0	0.0	0.0	0.0	0.0	0.0	0.0	0.0	0.0	0.06	0.03	0.0	0.03	0.02	0.0	0.04	0.03	0.0	0.03	0.03	0.05	0.03	0.03	0.0	0.05	0.05	0.0	0.0	0.0	0.0	0.01	0.01	0.0	0.01	0.01	0.0	0.0	0.0	0.0	0.0	0.0	0.0	0.0	0.0	0.0
Root; d__Bacteria; p__Actinomycetota; c__Actinomycetes; o__Mycobacteriales; f__Mycobacteriaceae; g__Williamsia_A	0.0	0.02	0.0	0.0	0.0	0.0	0.0	0.03	0.0	0.0	0.0	0.0	0.0	0.0	0.0	0.0	0.0	0.0	0.0	0.0	0.0	0.0	0.0	0.0	0.0	0.0	0.0	0.0	0.0	0.0	0.0	0.0	0.0	0.0	0.0	0.0	0.0	0.0	0.0	0.0	0.0	0.0	0.0	0.0	0.0	0.0	0.0	0.0	0.0	0.0	0.0	0.0	0.0	0.0	0.0	0.0	0.0	0.0	0.0	0.0	0.0	0.0	0.0	0.0	0.0	0.0	0.0	0.0	0.0	0.0	0.0	0.0
Root; d__Bacteria; p__Actinomycetota; c__Actinomycetes; o__Mycobacteriales; f__Pseudonocardiaceae; g__GCA-003244245	0.0	0.02	0.0	0.0	0.0	0.0	0.0	0.0	0.0	0.0	0.0	0.0	0.0	0.0	0.0	0.03	0.03	0.0	0.0	0.0	0.0	0.0	0.0	0.0	0.0	0.0	0.0	0.0	0.0	0.0	0.0	0.0	0.0	0.0	0.0	0.0	0.08	0.1	0.0	0.08	0.09	0.0	0.12	0.14	0.1	0.12	0.14	0.09	0.12	0.14	0.18	0.08	0.12	0.05	0.06	0.06	0.08	0.11	0.1	0.08	0.11	0.13	0.11	0.12	0.13	0.0	0.11	0.08	0.04	0.13	0.12	0.09
Root; d__Bacteria; p__Actinomycetota; c__Actinomycetes; o__Actinomycetales; f__Microbacteriaceae; g__Agrococcus	0.0	0.02	0.0	0.0	0.0	0.0	0.03	0.0	0.0	0.0	0.03	0.0	0.0	0.0	0.0	0.0	0.0	0.0	0.0	0.0	0.0	0.0	0.0	0.0	0.0	0.0	0.0	0.0	0.0	0.0	0.0	0.0	0.0	0.0	0.0	0.0	0.0	0.0	0.0	0.0	0.0	0.0	0.0	0.0	0.0	0.0	0.0	0.0	0.0	0.0	0.0	0.0	0.0	0.0	0.0	0.0	0.0	0.01	0.02	0.0	0.01	0.01	0.0	0.0	0.0	0.0	0.0	0.0	0.0	0.0	0.0	0.0
Root; d__Bacteria; p__Actinomycetota; c__Actinomycetes; o__Actinomycetales; f__Microbacteriaceae; g__Terrimesophilobacter	0.0	0.02	0.0	0.06	0.02	0.0	0.0	0.03	0.0	0.02	0.0	0.0	0.0	0.0	0.0	0.0	0.0	0.0	0.0	0.0	0.0	0.0	0.0	0.0	0.0	0.0	0.0	0.0	0.0	0.0	0.0	0.0	0.0	0.0	0.0	0.0	0.0	0.0	0.0	0.0	0.0	0.0	0.0	0.0	0.0	0.0	0.0	0.0	0.0	0.0	0.0	0.0	0.0	0.0	0.0	0.0	0.0	0.0	0.0	0.0	0.0	0.0	0.0	0.0	0.0	0.0	0.0	0.0	0.0	0.0	0.0	0.0
Root; d__Bacteria; p__Actinomycetota; c__Actinomycetes; o__Actinomycetales; f__Microbacteriaceae; g__Clavibacter	0.0	0.02	0.0	0.0	0.0	0.0	0.0	0.0	0.0	0.06	0.08	0.0	0.07	0.09	0.0	0.0	0.0	0.0	0.0	0.0	0.0	0.0	0.0	0.0	0.0	0.0	0.0	0.0	0.0	0.0	0.0	0.0	0.0	0.0	0.0	0.0	0.0	0.0	0.0	0.0	0.0	0.0	0.0	0.0	0.0	0.0	0.0	0.0	0.0	0.0	0.0	0.0	0.0	0.0	0.0	0.0	0.0	0.0	0.0	0.0	0.0	0.0	0.0	0.0	0.0	0.0	0.0	0.0	0.0	0.0	0.0	0.0
Root; d__Bacteria; p__Actinomycetota; c__Actinomycetes; o__Actinomycetales; f__Microbacteriaceae; g__Mycetocola_A	0.0	0.03	0.0	0.0	0.03	0.0	0.03	0.03	0.0	0.03	0.02	0.0	0.0	0.0	0.0	0.0	0.02	0.0	0.0	0.0	0.0	0.0	0.0	0.0	0.0	0.0	0.0	0.02	0.0	0.0	0.0	0.0	0.0	0.0	0.0	0.0	0.0	0.0	0.0	0.0	0.0	0.0	0.0	0.0	0.0	0.0	0.0	0.0	0.0	0.0	0.0	0.0	0.0	0.0	0.0	0.0	0.0	0.0	0.0	0.0	0.0	0.0	0.0	0.0	0.0	0.0	0.0	0.0	0.0	0.0	0.0	0.0
Root; d__Bacteria; p__Actinomycetota; c__Actinomycetes; o__Actinomycetales; f__Cellulomonadaceae; g__Promicromonospora	0.0	0.03	0.0	0.0	0.0	0.0	0.0	0.0	0.0	0.11	0.16	0.12	0.0	0.0	0.0	0.04	0.02	0.0	0.0	0.0	0.0	0.0	0.0	0.0	0.0	0.0	0.0	0.0	0.0	0.0	0.0	0.0	0.0	0.0	0.0	0.0	0.0	0.0	0.0	0.0	0.0	0.0	0.0	0.0	0.0	0.02	0.0	0.0	0.0	0.0	0.0	0.0	0.0	0.0	0.0	0.0	0.0	0.0	0.0	0.0	0.0	0.01	0.0	0.0	0.0	0.0	0.0	0.0	0.0	0.0	0.0	0.0
Root; d__Bacteria; p__Actinomycetota; c__Actinomycetes; o__Actinomycetales; f__Cellulomonadaceae; g__Isoptericola	0.0	0.02	0.0	0.02	0.03	0.0	0.0	0.0	0.0	0.0	0.03	0.0	0.0	0.0	0.0	0.02	0.02	0.0	0.0	0.0	0.0	0.0	0.0	0.0	0.0	0.0	0.0	0.0	0.0	0.0	0.0	0.0	0.0	0.0	0.0	0.0	0.0	0.0	0.0	0.0	0.0	0.0	0.0	0.0	0.0	0.0	0.0	0.0	0.0	0.0	0.0	0.0	0.0	0.0	0.0	0.0	0.0	0.01	0.01	0.0	0.01	0.02	0.0	0.0	0.0	0.0	0.0	0.0	0.0	0.0	0.0	0.0
Root; d__Bacteria; p__Actinomycetota; c__Actinomycetes; o__Actinomycetales; f__Kineosporiaceae; g__DATKNA01	0.0	0.03	0.0	0.04	0.03	0.0	0.02	0.02	0.0	0.02	0.02	0.0	0.02	0.03	0.0	0.05	0.05	0.0	0.03	0.0	0.0	0.05	0.04	0.0	0.02	0.04	0.0	0.03	0.02	0.0	0.02	0.05	0.0	0.03	0.02	0.0	0.11	0.1	0.08	0.12	0.16	0.12	0.1	0.12	0.08	0.05	0.08	0.11	0.08	0.08	0.05	0.09	0.12	0.11	0.13	0.1	0.06	0.14	0.14	0.13	0.14	0.15	0.15	0.12	0.1	0.07	0.12	0.11	0.11	0.09	0.16	0.12
Root; d__Bacteria; p__Actinomycetota; c__Actinomycetes; o__Actinomycetales; f__Demequinaceae; g__Demequina	0.0	0.02	0.0	0.0	0.03	0.0	0.04	0.04	0.0	0.0	0.02	0.0	0.0	0.02	0.0	0.02	0.0	0.0	0.02	0.0	0.0	0.0	0.0	0.0	0.0	0.0	0.0	0.03	0.0	0.0	0.0	0.0	0.0	0.02	0.02	0.0	0.0	0.0	0.0	0.0	0.0	0.0	0.0	0.0	0.0	0.0	0.0	0.0	0.0	0.0	0.0	0.0	0.0	0.0	0.0	0.0	0.0	0.0	0.0	0.0	0.0	0.0	0.0	0.0	0.0	0.0	0.0	0.0	0.0	0.0	0.0	0.0
Root; d__Bacteria; p__Actinomycetota; c__Actinomycetes; o__Propionibacteriales; f__Nocardioidaceae; g__CRBC_03940	0.0	0.02	0.0	0.06	0.05	0.0	0.02	0.03	0.0	0.0	0.04	0.0	0.04	0.0	0.0	0.0	0.0	0.04	0.02	0.04	0.0	0.04	0.0	0.0	0.03	0.01	0.05	0.04	0.03	0.0	0.06	0.03	0.04	0.04	0.0	0.0	0.01	0.0	0.0	0.0	0.02	0.0	0.02	0.0	0.0	0.0	0.02	0.0	0.0	0.0	0.0	0.05	0.0	0.0	0.02	0.02	0.0	0.01	0.03	0.02	0.02	0.02	0.03	0.0	0.03	0.0	0.02	0.02	0.0	0.0	0.01	0.0
Root; d__Bacteria; p__Actinomycetota; c__Actinomycetes; o__Propionibacteriales; f__Nocardioidaceae; g__CRBC_02290	0.0	0.03	0.0	0.0	0.0	0.0	0.02	0.02	0.0	0.02	0.02	0.0	0.0	0.0	0.0	0.0	0.01	0.0	0.02	0.02	0.0	0.02	0.02	0.0	0.0	0.0	0.0	0.02	0.0	0.0	0.0	0.02	0.0	0.01	0.0	0.0	0.0	0.0	0.0	0.0	0.0	0.0	0.0	0.0	0.0	0.0	0.0	0.0	0.0	0.0	0.0	0.0	0.0	0.0	0.0	0.0	0.0	0.01	0.01	0.0	0.01	0.01	0.0	0.0	0.02	0.0	0.0	0.0	0.0	0.0	0.0	0.0
Root; d__Bacteria; p__Actinomycetota; c__Actinomycetes; o__Propionibacteriales; f__Actinopolymorphaceae; g__Thermasporomyces	0.0	0.03	0.0	0.0	0.0	0.0	0.02	0.0	0.0	0.0	0.0	0.0	0.03	0.0	0.0	0.0	0.0	0.0	0.0	0.0	0.0	0.0	0.0	0.0	0.0	0.0	0.0	0.0	0.0	0.0	0.0	0.0	0.0	0.0	0.0	0.0	0.0	0.0	0.0	0.0	0.0	0.0	0.0	0.0	0.0	0.0	0.0	0.0	0.0	0.0	0.0	0.0	0.0	0.0	0.0	0.0	0.0	0.0	0.0	0.0	0.0	0.0	0.0	0.0	0.0	0.0	0.0	0.0	0.0	0.0	0.0	0.0
Root; d__Bacteria; p__Actinomycetota; c__Acidimicrobiia; o__Acidimicrobiales; f__Ilumatobacteraceae; g__JAENVT01	0.0	0.03	0.0	0.02	0.02	0.0	0.02	0.02	0.0	0.0	0.02	0.0	0.0	0.0	0.0	0.02	0.0	0.0	0.03	0.02	0.0	0.04	0.02	0.0	0.07	0.03	0.0	0.03	0.03	0.0	0.04	0.05	0.0	0.04	0.03	0.0	0.0	0.02	0.0	0.0	0.0	0.0	0.02	0.0	0.0	0.0	0.0	0.0	0.0	0.02	0.0	0.0	0.0	0.0	0.04	0.04	0.0	0.03	0.02	0.0	0.04	0.03	0.02	0.04	0.02	0.0	0.03	0.03	0.0	0.04	0.02	0.0
Root; d__Bacteria; p__Actinomycetota; c__Acidimicrobiia; o__Acidimicrobiales; f__Microtrichaceae; g__SSF14	0.0	0.03	0.0	0.0	0.0	0.0	0.02	0.02	0.0	0.02	0.0	0.0	0.0	0.0	0.0	0.0	0.0	0.0	0.0	0.0	0.0	0.0	0.0	0.0	0.0	0.0	0.0	0.0	0.0	0.0	0.0	0.0	0.0	0.0	0.0	0.0	0.0	0.0	0.0	0.0	0.0	0.0	0.0	0.0	0.0	0.0	0.0	0.0	0.0	0.0	0.0	0.0	0.0	0.0	0.0	0.02	0.0	0.01	0.01	0.0	0.01	0.01	0.0	0.0	0.0	0.0	0.0	0.0	0.0	0.0	0.0	0.0
Root; d__Bacteria; p__Actinomycetota; c__Acidimicrobiia; o__Acidimicrobiales; f__CADCSY01; g__CAWIVE01	0.0	0.02	0.0	0.02	0.0	0.0	0.0	0.0	0.0	0.02	0.0	0.0	0.0	0.0	0.0	0.0	0.0	0.0	0.02	0.03	0.0	0.02	0.0	0.0	0.02	0.0	0.0	0.0	0.0	0.0	0.0	0.0	0.0	0.02	0.0	0.0	0.0	0.02	0.0	0.0	0.0	0.0	0.02	0.01	0.0	0.0	0.02	0.0	0.0	0.0	0.0	0.0	0.0	0.0	0.02	0.02	0.0	0.01	0.02	0.0	0.01	0.01	0.01	0.02	0.0	0.0	0.0	0.02	0.0	0.01	0.01	0.0
Root; d__Bacteria; p__Actinomycetota; c__Acidimicrobiia; o__Acidimicrobiales; f__CADCSY01; g__SPIREOTU_01959684	0.0	0.02	0.0	0.0	0.0	0.0	0.02	0.0	0.0	0.0	0.02	0.0	0.02	0.0	0.0	0.0	0.0	0.0	0.02	0.02	0.0	0.04	0.02	0.0	0.0	0.02	0.0	0.0	0.0	0.0	0.02	0.02	0.0	0.01	0.01	0.0	0.0	0.0	0.0	0.0	0.0	0.0	0.0	0.0	0.0	0.0	0.0	0.0	0.0	0.0	0.0	0.0	0.0	0.0	0.0	0.0	0.0	0.0	0.02	0.0	0.01	0.01	0.0	0.0	0.0	0.0	0.0	0.0	0.0	0.0	0.0	0.0
Root; d__Bacteria; p__Actinomycetota; c__Acidimicrobiia; o__Acidimicrobiales; f__Acidimicrobilacustridaceae; g__CAYUOL01	0.0	0.02	0.0	0.02	0.0	0.0	0.0	0.02	0.0	0.02	0.0	0.0	0.0	0.0	0.0	0.0	0.0	0.0	0.0	0.02	0.0	0.02	0.02	0.0	0.0	0.02	0.0	0.0	0.0	0.0	0.03	0.04	0.0	0.02	0.02	0.0	0.0	0.0	0.0	0.0	0.0	0.0	0.0	0.0	0.0	0.0	0.0	0.0	0.0	0.0	0.0	0.0	0.0	0.0	0.0	0.0	0.0	0.01	0.0	0.0	0.01	0.01	0.0	0.0	0.0	0.0	0.0	0.0	0.0	0.0	0.0	0.0
Root; d__Bacteria; p__Actinomycetota; c__Acidimicrobiia; o__Acidimicrobiales; f__AC-14; g__SMAGOTU_12944	0.0	0.03	0.0	0.0	0.02	0.0	0.0	0.0	0.0	0.02	0.0	0.0	0.0	0.02	0.0	0.02	0.02	0.0	0.0	0.0	0.0	0.0	0.02	0.0	0.02	0.03	0.0	0.0	0.0	0.0	0.02	0.02	0.0	0.02	0.02	0.0	0.02	0.02	0.0	0.02	0.02	0.0	0.02	0.02	0.0	0.02	0.03	0.0	0.02	0.04	0.0	0.03	0.02	0.0	0.0	0.0	0.0	0.01	0.02	0.0	0.02	0.03	0.02	0.0	0.02	0.0	0.03	0.04	0.0	0.03	0.04	0.0
Root; d__Bacteria; p__Actinomycetota; c__Acidimicrobiia; o__Acidimicrobiales; f__DATDAH01; g__JAEUJM01	0.0	0.02	0.0	0.03	0.04	0.0	0.03	0.0	0.0	0.0	0.02	0.0	0.03	0.0	0.0	0.0	0.02	0.0	0.0	0.03	0.0	0.0	0.01	0.0	0.0	0.02	0.0	0.02	0.0	0.0	0.02	0.0	0.0	0.02	0.02	0.0	0.0	0.0	0.0	0.0	0.0	0.0	0.0	0.0	0.0	0.0	0.0	0.0	0.0	0.0	0.0	0.0	0.0	0.0	0.0	0.0	0.0	0.01	0.01	0.0	0.01	0.01	0.0	0.0	0.0	0.0	0.0	0.0	0.0	0.0	0.0	0.0
Root; d__Bacteria; p__Actinomycetota; c__Acidimicrobiia; o__IMCC26256; f__JAENVU01; g__JAENVU01	0.0	0.06	0.0	0.02	0.02	0.0	0.03	0.03	0.0	0.02	0.0	0.0	0.04	0.02	0.0	0.03	0.04	0.0	0.05	0.07	0.0	0.06	0.04	0.0	0.05	0.05	0.09	0.05	0.03	0.0	0.04	0.03	0.06	0.03	0.06	0.08	0.08	0.06	0.0	0.05	0.04	0.0	0.07	0.06	0.05	0.06	0.08	0.0	0.07	0.07	0.05	0.03	0.05	0.05	0.04	0.04	0.0	0.04	0.04	0.03	0.05	0.06	0.05	0.05	0.02	0.0	0.03	0.06	0.0	0.06	0.03	0.04
Root; d__Bacteria; p__Actinomycetota; c__Acidimicrobiia; o__IMCC26256; f__PALSA-610; g__JAODBJ01	0.0	0.02	0.0	0.0	0.0	0.0	0.0	0.02	0.0	0.02	0.03	0.0	0.02	0.0	0.0	0.02	0.03	0.0	0.0	0.0	0.0	0.0	0.0	0.0	0.02	0.0	0.0	0.0	0.0	0.0	0.0	0.0	0.0	0.0	0.02	0.0	0.0	0.0	0.0	0.02	0.02	0.0	0.02	0.0	0.0	0.03	0.0	0.0	0.01	0.02	0.0	0.02	0.02	0.0	0.0	0.0	0.0	0.01	0.01	0.0	0.02	0.01	0.0	0.0	0.02	0.0	0.0	0.01	0.0	0.0	0.02	0.0
Root; d__Bacteria; p__Desulfobacterota; c__Binatia; o__UBA1149; f__CAITLU01; g__DATNBU01	0.0	0.02	0.0	0.03	0.0	0.0	0.0	0.0	0.0	0.0	0.0	0.0	0.0	0.0	0.0	0.02	0.0	0.0	0.0	0.0	0.0	0.0	0.0	0.0	0.0	0.0	0.0	0.02	0.0	0.0	0.0	0.0	0.0	0.02	0.02	0.0	0.0	0.0	0.0	0.0	0.0	0.0	0.0	0.0	0.0	0.02	0.0	0.0	0.0	0.0	0.0	0.0	0.0	0.0	0.03	0.0	0.0	0.03	0.03	0.0	0.02	0.03	0.0	0.02	0.0	0.0	0.03	0.02	0.0	0.02	0.02	0.0
Root; d__Bacteria; p__Desulfobacterota; c__Desulfuromonadia; o__Geobacterales; f__Geobacteraceae; g__Geomonas	0.0	0.04	0.0	0.0	0.0	0.0	0.03	0.02	0.0	0.0	0.0	0.0	0.0	0.0	0.0	0.0	0.0	0.0	0.04	0.03	0.0	0.04	0.03	0.0	0.03	0.03	0.0	0.02	0.0	0.0	0.0	0.0	0.0	0.0	0.0	0.0	0.03	0.02	0.0	0.01	0.0	0.0	0.02	0.02	0.0	0.0	0.0	0.0	0.0	0.0	0.0	0.0	0.0	0.0	0.0	0.0	0.0	0.01	0.01	0.0	0.03	0.02	0.02	0.0	0.0	0.0	0.0	0.0	0.0	0.0	0.0	0.0
Root; d__Bacteria; p__Chloroflexota; c__Anaerolineae; o__Anaerolineales; f__Villigracilaceae; g__Defluviilinea	0.0	0.02	0.0	0.0	0.0	0.0	0.0	0.02	0.0	0.0	0.0	0.0	0.0	0.0	0.0	0.03	0.03	0.0	0.0	0.0	0.0	0.0	0.0	0.0	0.0	0.0	0.0	0.0	0.0	0.0	0.0	0.0	0.0	0.0	0.0	0.0	0.02	0.02	0.0	0.02	0.03	0.0	0.02	0.05	0.0	0.05	0.07	0.0	0.06	0.04	0.0	0.06	0.05	0.05	0.05	0.06	0.09	0.07	0.06	0.04	0.06	0.06	0.05	0.09	0.09	0.06	0.03	0.09	0.1	0.08	0.09	0.05
Root; d__Bacteria; p__Chloroflexota; c__Chloroflexia; o__QHBQ01; f__JAICKM01; g__JAICKM01	0.0	0.02	0.0	0.0	0.0	0.0	0.02	0.02	0.0	0.0	0.0	0.0	0.0	0.0	0.0	0.02	0.02	0.0	0.02	0.0	0.0	0.02	0.0	0.0	0.0	0.02	0.0	0.02	0.03	0.0	0.02	0.02	0.0	0.02	0.02	0.0	0.05	0.03	0.0	0.04	0.04	0.0	0.03	0.04	0.0	0.02	0.03	0.0	0.05	0.04	0.0	0.02	0.04	0.0	0.04	0.06	0.0	0.07	0.05	0.04	0.05	0.06	0.03	0.06	0.08	0.04	0.05	0.05	0.05	0.06	0.05	0.0
Root; d__Bacteria; p__Chloroflexota; c__UBA6077; o__UBA6077; f__JACCZL01; g__CAVXYC01	0.0	0.03	0.0	0.03	0.0	0.0	0.03	0.0	0.0	0.03	0.0	0.0	0.02	0.0	0.0	0.0	0.02	0.0	0.03	0.03	0.05	0.04	0.03	0.0	0.04	0.04	0.0	0.06	0.04	0.0	0.05	0.06	0.0	0.04	0.06	0.0	0.0	0.0	0.0	0.0	0.0	0.0	0.0	0.0	0.0	0.0	0.0	0.0	0.0	0.0	0.0	0.0	0.0	0.0	0.0	0.0	0.0	0.02	0.01	0.0	0.02	0.01	0.02	0.02	0.02	0.0	0.03	0.0	0.0	0.02	0.02	0.0
Root; d__Bacteria; p__Planctomycetota; c__Planctomycetia; o__Gemmatales; f__Gemmataceae; g__UBA4732	0.0	0.03	0.0	0.0	0.0	0.0	0.0	0.0	0.0	0.0	0.0	0.0	0.0	0.0	0.0	0.02	0.01	0.0	0.02	0.01	0.0	0.0	0.02	0.0	0.0	0.02	0.0	0.03	0.02	0.0	0.01	0.0	0.0	0.02	0.02	0.0	0.0	0.03	0.0	0.0	0.02	0.0	0.02	0.01	0.0	0.02	0.0	0.0	0.0	0.02	0.0	0.03	0.0	0.0	0.0	0.0	0.0	0.03	0.03	0.0	0.02	0.02	0.03	0.01	0.02	0.0	0.0	0.02	0.0	0.02	0.03	0.0
Root; d__Bacteria; p__Planctomycetota; c__Planctomycetia; o__Gemmatales; f__Gemmataceae; g__SIAQ01	0.0	0.02	0.0	0.02	0.03	0.0	0.01	0.02	0.0	0.04	0.03	0.0	0.0	0.0	0.0	0.03	0.0	0.0	0.03	0.0	0.0	0.03	0.05	0.0	0.03	0.02	0.0	0.02	0.03	0.0	0.03	0.02	0.0	0.03	0.03	0.0	0.02	0.03	0.0	0.02	0.0	0.0	0.01	0.02	0.0	0.03	0.03	0.0	0.03	0.04	0.0	0.0	0.04	0.0	0.02	0.02	0.0	0.04	0.04	0.02	0.03	0.03	0.03	0.04	0.04	0.0	0.02	0.03	0.0	0.01	0.05	0.0
Root; d__Bacteria; p__Planctomycetota; c__Planctomycetia; o__Gemmatales; f__Gemmataceae; g__JACOUH01	0.0	0.02	0.0	0.0	0.0	0.0	0.0	0.0	0.0	0.0	0.02	0.0	0.0	0.0	0.0	0.0	0.0	0.0	0.0	0.0	0.0	0.0	0.0	0.0	0.0	0.0	0.0	0.0	0.0	0.0	0.0	0.0	0.0	0.0	0.0	0.0	0.0	0.0	0.0	0.0	0.0	0.0	0.0	0.0	0.0	0.0	0.0	0.0	0.0	0.0	0.0	0.0	0.0	0.0	0.0	0.0	0.0	0.01	0.01	0.0	0.0	0.01	0.0	0.0	0.0	0.0	0.0	0.0	0.0	0.0	0.0	0.0
Root; d__Bacteria; p__Planctomycetota; c__Planctomycetia; o__Pirellulales; f__Pirellulaceae; g__Anatilimnocola	0.0	0.02	0.0	0.02	0.0	0.0	0.0	0.0	0.0	0.03	0.02	0.0	0.0	0.0	0.0	0.0	0.02	0.0	0.0	0.01	0.0	0.0	0.02	0.0	0.0	0.0	0.0	0.0	0.0	0.0	0.0	0.0	0.0	0.02	0.0	0.0	0.0	0.0	0.0	0.03	0.02	0.0	0.01	0.02	0.0	0.03	0.02	0.0	0.03	0.02	0.0	0.02	0.02	0.0	0.02	0.0	0.0	0.01	0.01	0.0	0.01	0.02	0.0	0.0	0.0	0.0	0.0	0.02	0.0	0.01	0.0	0.0
Root; d__Bacteria; p__Planctomycetota; c__Planctomycetia; o__Isosphaerales; f__Isosphaeraceae; g__G963708145	0.0	0.02	0.0	0.0	0.02	0.0	0.0	0.0	0.0	0.0	0.02	0.0	0.0	0.0	0.0	0.02	0.03	0.0	0.02	0.02	0.0	0.0	0.02	0.0	0.0	0.0	0.0	0.02	0.02	0.0	0.0	0.0	0.0	0.0	0.02	0.0	0.05	0.02	0.0	0.03	0.04	0.0	0.04	0.04	0.0	0.02	0.02	0.0	0.03	0.03	0.0	0.03	0.03	0.0	0.0	0.02	0.0	0.03	0.03	0.0	0.02	0.02	0.02	0.03	0.03	0.0	0.03	0.01	0.0	0.02	0.02	0.0
Root; d__Bacteria; p__Planctomycetota; c__Phycisphaerae; o__Tepidisphaerales; f__Tepidisphaeraceae; g__DASXMX01	0.0	0.02	0.0	0.05	0.03	0.0	0.02	0.02	0.0	0.04	0.0	0.0	0.05	0.03	0.0	0.03	0.02	0.0	0.04	0.03	0.0	0.02	0.04	0.0	0.02	0.03	0.0	0.04	0.04	0.0	0.03	0.03	0.0	0.04	0.05	0.0	0.04	0.04	0.05	0.04	0.03	0.0	0.02	0.02	0.0	0.03	0.03	0.0	0.02	0.03	0.0	0.02	0.03	0.0	0.02	0.0	0.0	0.02	0.03	0.0	0.03	0.03	0.02	0.04	0.03	0.0	0.03	0.03	0.0	0.03	0.02	0.0
Root; d__Bacteria; p__Planctomycetota; c__Phycisphaerae; o__Tepidisphaerales; f__Tepidisphaeraceae; g__RYN-428	0.0	0.02	0.0	0.0	0.0	0.0	0.02	0.0	0.0	0.0	0.0	0.0	0.0	0.0	0.0	0.02	0.0	0.0	0.0	0.01	0.0	0.0	0.0	0.0	0.02	0.0	0.0	0.03	0.0	0.0	0.0	0.0	0.0	0.0	0.03	0.0	0.0	0.0	0.0	0.02	0.01	0.0	0.0	0.02	0.0	0.0	0.0	0.0	0.0	0.0	0.0	0.0	0.0	0.0	0.0	0.02	0.0	0.02	0.01	0.0	0.02	0.02	0.0	0.0	0.02	0.0	0.02	0.02	0.0	0.02	0.01	0.0
Root; d__Bacteria; p__Planctomycetota; c__Phycisphaerae; o__Phycisphaerales; f__UBA1924; g__JAEYTB01	0.0	0.02	0.0	0.0	0.0	0.0	0.0	0.0	0.0	0.0	0.02	0.0	0.0	0.0	0.0	0.0	0.0	0.0	0.0	0.0	0.0	0.0	0.0	0.0	0.0	0.02	0.0	0.0	0.0	0.0	0.0	0.02	0.0	0.01	0.0	0.0	0.0	0.0	0.0	0.0	0.0	0.0	0.0	0.0	0.0	0.0	0.0	0.0	0.0	0.0	0.0	0.0	0.0	0.0	0.0	0.0	0.0	0.0	0.01	0.0	0.01	0.0	0.0	0.0	0.0	0.0	0.0	0.0	0.0	0.0	0.0	0.0
Root; d__Bacteria; p__Planctomycetota; c__Phycisphaerae; o__WQYP01; f__WQYP01; g__CALCHA01	0.0	0.02	0.0	0.02	0.03	0.0	0.0	0.02	0.0	0.0	0.0	0.0	0.0	0.0	0.0	0.0	0.02	0.0	0.0	0.0	0.0	0.02	0.0	0.0	0.0	0.0	0.0	0.02	0.0	0.0	0.0	0.0	0.0	0.0	0.02	0.0	0.0	0.0	0.0	0.02	0.0	0.0	0.0	0.0	0.0	0.0	0.0	0.0	0.0	0.0	0.0	0.02	0.02	0.0	0.0	0.0	0.0	0.02	0.02	0.0	0.02	0.01	0.0	0.0	0.02	0.0	0.0	0.02	0.0	0.01	0.01	0.0
Root; d__Bacteria; p__Planctomycetota; c__Phycisphaerae; o__WQYP01; f__WQYP01; g__SPIREOTU_00519946	0.0	0.02	0.0	0.0	0.0	0.0	0.0	0.02	0.0	0.0	0.0	0.0	0.0	0.0	0.0	0.0	0.01	0.0	0.02	0.0	0.0	0.0	0.0	0.0	0.0	0.0	0.0	0.0	0.0	0.0	0.02	0.0	0.0	0.0	0.0	0.0	0.0	0.0	0.0	0.0	0.02	0.0	0.0	0.0	0.0	0.02	0.0	0.0	0.0	0.0	0.0	0.0	0.0	0.0	0.0	0.0	0.0	0.01	0.01	0.0	0.01	0.01	0.0	0.01	0.02	0.0	0.0	0.01	0.0	0.01	0.02	0.0
Root; d__Bacteria; p__Acidobacteriota; c__Vicinamibacteria; o__Vicinamibacterales; f__2-12-FULL-66-21; g__MGYG000495508	0.0	0.02	0.0	0.0	0.0	0.0	0.03	0.0	0.0	0.03	0.03	0.0	0.03	0.02	0.0	0.0	0.0	0.0	0.02	0.04	0.0	0.03	0.04	0.0	0.03	0.04	0.0	0.02	0.03	0.0	0.05	0.0	0.0	0.0	0.02	0.0	0.0	0.0	0.0	0.0	0.0	0.0	0.0	0.0	0.0	0.0	0.0	0.0	0.0	0.0	0.0	0.0	0.0	0.0	0.0	0.0	0.0	0.0	0.0	0.0	0.0	0.0	0.0	0.0	0.0	0.0	0.0	0.0	0.0	0.0	0.0	0.0
Root; d__Bacteria; p__Acidobacteriota; c__Vicinamibacteria; o__Vicinamibacterales; f__CAVVIG01; g__CADEEX01	0.0	0.02	0.0	0.02	0.02	0.0	0.02	0.02	0.0	0.0	0.0	0.0	0.0	0.0	0.0	0.02	0.0	0.0	0.0	0.0	0.0	0.0	0.0	0.0	0.0	0.02	0.0	0.0	0.0	0.0	0.02	0.0	0.0	0.02	0.0	0.0	0.02	0.0	0.0	0.0	0.0	0.0	0.03	0.02	0.0	0.02	0.03	0.0	0.0	0.02	0.0	0.0	0.01	0.0	0.03	0.03	0.0	0.02	0.03	0.0	0.03	0.03	0.0	0.02	0.0	0.0	0.02	0.02	0.0	0.02	0.02	0.0
Root; d__Bacteria; p__Acidobacteriota; c__Vicinamibacteria; o__Vicinamibacterales; f__CAVVIG01; g__CAVREM01	0.0	0.02	0.0	0.0	0.03	0.0	0.02	0.02	0.0	0.02	0.02	0.0	0.0	0.02	0.0	0.03	0.0	0.0	0.03	0.03	0.0	0.0	0.02	0.0	0.03	0.0	0.0	0.02	0.03	0.0	0.04	0.03	0.0	0.03	0.02	0.0	0.04	0.03	0.0	0.01	0.02	0.0	0.0	0.0	0.0	0.02	0.0	0.0	0.04	0.03	0.0	0.04	0.02	0.0	0.03	0.0	0.0	0.02	0.03	0.0	0.02	0.02	0.03	0.02	0.04	0.0	0.05	0.01	0.0	0.03	0.02	0.0
Root; d__Bacteria; p__Acidobacteriota; c__Vicinamibacteria; o__Vicinamibacterales; f__CAVVIG01; g__QHWF01	0.0	0.02	0.0	0.0	0.02	0.0	0.0	0.03	0.0	0.03	0.02	0.0	0.0	0.0	0.0	0.02	0.02	0.0	0.0	0.03	0.0	0.0	0.03	0.0	0.02	0.0	0.0	0.0	0.0	0.0	0.02	0.04	0.0	0.04	0.02	0.0	0.0	0.02	0.0	0.02	0.02	0.0	0.02	0.0	0.0	0.0	0.0	0.0	0.0	0.02	0.0	0.02	0.03	0.0	0.06	0.05	0.0	0.02	0.03	0.02	0.03	0.03	0.03	0.01	0.02	0.04	0.02	0.03	0.0	0.03	0.03	0.0
Root; d__Bacteria; p__Acidobacteriota; c__Vicinamibacteria; o__Vicinamibacterales; f__SCN-69-37; g__SYFT01	0.0	0.02	0.0	0.02	0.0	0.0	0.0	0.01	0.0	0.0	0.0	0.0	0.0	0.0	0.0	0.0	0.0	0.0	0.0	0.0	0.0	0.0	0.02	0.0	0.0	0.0	0.0	0.0	0.0	0.0	0.0	0.0	0.0	0.02	0.0	0.0	0.0	0.0	0.0	0.0	0.0	0.0	0.0	0.0	0.0	0.0	0.0	0.0	0.0	0.0	0.0	0.0	0.0	0.0	0.02	0.0	0.0	0.02	0.01	0.0	0.02	0.02	0.0	0.0	0.0	0.0	0.02	0.0	0.0	0.0	0.02	0.0
Root; d__Bacteria; p__Acidobacteriota; c__Vicinamibacteria; o__Vicinamibacterales; f__JAENWD01; g__TPMCS_01225	0.0	0.02	0.0	0.0	0.0	0.0	0.0	0.0	0.0	0.0	0.0	0.0	0.0	0.0	0.0	0.02	0.0	0.0	0.02	0.03	0.0	0.0	0.02	0.0	0.0	0.0	0.0	0.02	0.02	0.0	0.02	0.02	0.0	0.02	0.03	0.0	0.0	0.0	0.0	0.0	0.0	0.0	0.0	0.0	0.0	0.0	0.0	0.0	0.0	0.0	0.0	0.0	0.0	0.0	0.0	0.0	0.0	0.0	0.0	0.0	0.0	0.01	0.0	0.0	0.0	0.0	0.0	0.0	0.0	0.0	0.0	0.0
Root; d__Bacteria; p__Acidobacteriota; c__Vicinamibacteria; o__Fen-336; f__Fen-336; g__AA29	0.0	0.02	0.0	0.0	0.02	0.0	0.02	0.02	0.0	0.0	0.02	0.0	0.03	0.0	0.0	0.0	0.0	0.0	0.04	0.02	0.07	0.04	0.03	0.0	0.05	0.04	0.04	0.05	0.05	0.0	0.05	0.06	0.0	0.05	0.04	0.0	0.03	0.02	0.0	0.02	0.0	0.0	0.02	0.03	0.0	0.0	0.0	0.0	0.02	0.03	0.0	0.02	0.04	0.0	0.03	0.02	0.0	0.03	0.04	0.0	0.03	0.04	0.05	0.02	0.04	0.0	0.04	0.01	0.0	0.03	0.04	0.0
Root; d__Bacteria; p__Acidobacteriota; c__Thermoanaerobaculia; o__Multivoradales; f__JAIOJS01; g__DASYQD01	0.0	0.03	0.0	0.0	0.0	0.0	0.04	0.02	0.0	0.02	0.02	0.0	0.04	0.08	0.0	0.02	0.02	0.0	0.05	0.04	0.0	0.03	0.05	0.0	0.04	0.04	0.0	0.02	0.02	0.0	0.05	0.06	0.0	0.06	0.03	0.0	0.0	0.0	0.0	0.0	0.0	0.0	0.0	0.0	0.0	0.0	0.0	0.0	0.0	0.0	0.0	0.0	0.0	0.0	0.02	0.02	0.0	0.02	0.02	0.0	0.01	0.01	0.03	0.02	0.0	0.0	0.01	0.0	0.0	0.0	0.0	0.0
Root; d__Bacteria; p__Acidobacteriota; c__Blastocatellia; o__Pyrinomonadales; f__Pyrinomonadaceae; g__UBA11740	0.0	0.02	0.0	0.0	0.02	0.0	0.0	0.01	0.0	0.06	0.03	0.0	0.04	0.07	0.0	0.05	0.04	0.04	0.06	0.08	0.06	0.08	0.07	0.0	0.05	0.07	0.0	0.06	0.07	0.04	0.06	0.07	0.0	0.07	0.07	0.09	0.04	0.07	0.0	0.04	0.04	0.0	0.07	0.03	0.0	0.07	0.05	0.05	0.08	0.06	0.0	0.04	0.05	0.0	0.05	0.1	0.0	0.09	0.05	0.03	0.08	0.06	0.04	0.07	0.1	0.06	0.09	0.1	0.1	0.07	0.09	0.08
Root; d__Bacteria; p__Acidobacteriota; c__Terriglobia; o__Terriglobales; f__Acidobacteriaceae; g__Gp1-AA145	0.0	0.02	0.0	0.0	0.0	0.0	0.02	0.02	0.0	0.03	0.02	0.0	0.0	0.04	0.0	0.05	0.07	0.07	0.0	0.0	0.0	0.0	0.0	0.0	0.0	0.0	0.0	0.0	0.0	0.0	0.0	0.0	0.0	0.0	0.0	0.0	0.23	0.2	0.24	0.19	0.17	0.13	0.21	0.19	0.24	0.26	0.26	0.27	0.17	0.2	0.21	0.21	0.22	0.2	0.2	0.18	0.14	0.19	0.22	0.19	0.21	0.21	0.23	0.19	0.21	0.12	0.23	0.21	0.23	0.21	0.23	0.23
Root; d__Bacteria; p__Acidobacteriota; c__Terriglobia; o__Bryobacterales; f__Bryobacteraceae; g__Palsa-187	0.0	0.02	0.0	0.03	0.03	0.0	0.03	0.02	0.0	0.0	0.0	0.0	0.0	0.02	0.0	0.05	0.05	0.0	0.01	0.02	0.0	0.0	0.02	0.0	0.0	0.0	0.0	0.0	0.02	0.0	0.02	0.0	0.0	0.02	0.02	0.0	0.05	0.07	0.07	0.09	0.08	0.1	0.07	0.06	0.0	0.05	0.08	0.05	0.07	0.07	0.0	0.09	0.09	0.05	0.07	0.09	0.06	0.11	0.09	0.06	0.09	0.11	0.1	0.09	0.12	0.0	0.1	0.1	0.06	0.1	0.11	0.0
Root; d__Bacteria; p__Acidobacteriota; c__Terriglobia; o__20CM-2-55-15; f__20CM-2-55-15; g__20CM-2-55-15	0.0	0.02	0.0	0.0	0.0	0.0	0.03	0.0	0.0	0.04	0.04	0.0	0.04	0.0	0.0	0.04	0.03	0.0	0.03	0.02	0.0	0.03	0.03	0.0	0.04	0.02	0.0	0.02	0.03	0.0	0.03	0.03	0.0	0.02	0.03	0.0	0.07	0.04	0.0	0.04	0.07	0.1	0.05	0.05	0.06	0.06	0.06	0.0	0.07	0.07	0.0	0.06	0.05	0.05	0.07	0.06	0.06	0.1	0.09	0.11	0.09	0.07	0.06	0.11	0.06	0.08	0.07	0.11	0.07	0.09	0.08	0.06
Root; d__Bacteria; p__Myxococcota_A; c__Polyangia; o__Fen-1088; f__Fen-1088; g__SPIREOTU_00061819	0.0	0.02	0.0	0.0	0.0	0.0	0.0	0.0	0.0	0.02	0.03	0.0	0.0	0.0	0.0	0.0	0.0	0.0	0.02	0.0	0.0	0.0	0.0	0.0	0.0	0.0	0.0	0.0	0.02	0.0	0.0	0.0	0.0	0.03	0.0	0.0	0.0	0.0	0.0	0.0	0.0	0.0	0.0	0.0	0.0	0.0	0.0	0.0	0.0	0.0	0.0	0.0	0.0	0.0	0.0	0.0	0.0	0.01	0.02	0.0	0.01	0.01	0.0	0.02	0.02	0.0	0.02	0.01	0.0	0.02	0.03	0.0
Root; d__Bacteria; p__Bacillota; c__Bacilli; o__Paenibacillales; f__NBRC-103111; g__Paenibacillus_E	0.0	0.02	0.0	0.02	0.0	0.0	0.02	0.02	0.0	0.0	0.02	0.0	0.0	0.0	0.0	0.02	0.02	0.0	0.0	0.0	0.0	0.0	0.0	0.0	0.0	0.0	0.0	0.0	0.0	0.0	0.0	0.0	0.0	0.0	0.0	0.0	0.0	0.02	0.0	0.0	0.01	0.0	0.02	0.0	0.0	0.0	0.02	0.0	0.02	0.0	0.0	0.0	0.01	0.0	0.0	0.0	0.0	0.01	0.02	0.0	0.01	0.01	0.0	0.0	0.02	0.0	0.0	0.0	0.0	0.0	0.0	0.0
Root; d__Bacteria; p__Bacteroidota; c__Bacteroidia; o__Cytophagales; f__Cyclobacteriaceae; g__UBA2336	0.0	0.02	0.0	0.0	0.0	0.0	0.0	0.0	0.0	0.0	0.0	0.0	0.0	0.0	0.0	0.0	0.0	0.0	0.0	0.0	0.0	0.0	0.0	0.0	0.0	0.0	0.0	0.0	0.0	0.0	0.0	0.0	0.0	0.0	0.0	0.0	0.0	0.0	0.0	0.0	0.0	0.0	0.0	0.0	0.0	0.0	0.0	0.0	0.0	0.0	0.0	0.0	0.0	0.0	0.0	0.0	0.0	0.0	0.0	0.0	0.0	0.0	0.0	0.0	0.0	0.0	0.0	0.0	0.0	0.0	0.0	0.0
Root; d__Bacteria; p__Verrucomicrobiota; c__Verrucomicrobiia; o__Verrucomicrobiales; f__Verrucomicrobiaceae; g__TPMCOTU_01116	0.0	0.03	0.0	0.0	0.0	0.0	0.0	0.02	0.0	0.0	0.02	0.0	0.0	0.0	0.0	0.0	0.02	0.0	0.0	0.0	0.0	0.0	0.0	0.0	0.0	0.0	0.0	0.02	0.0	0.0	0.0	0.0	0.0	0.0	0.0	0.0	0.0	0.0	0.0	0.0	0.0	0.0	0.0	0.0	0.0	0.0	0.0	0.0	0.0	0.0	0.0	0.0	0.02	0.0	0.0	0.0	0.0	0.01	0.0	0.0	0.02	0.01	0.0	0.0	0.0	0.0	0.01	0.02	0.0	0.0	0.01	0.0
Root; d__Bacteria; p__Verrucomicrobiota; c__Verrucomicrobiia; o__Opitutales; f__Opitutaceae; g__ER46	0.0	0.02	0.0	0.02	0.03	0.0	0.04	0.03	0.0	0.04	0.06	0.06	0.07	0.05	0.0	0.09	0.05	0.0	0.09	0.05	0.08	0.08	0.07	0.0	0.08	0.06	0.05	0.04	0.05	0.0	0.07	0.06	0.0	0.06	0.06	0.0	0.07	0.06	0.06	0.07	0.05	0.0	0.04	0.06	0.09	0.05	0.04	0.06	0.05	0.04	0.0	0.03	0.07	0.0	0.09	0.08	0.0	0.1	0.11	0.08	0.09	0.08	0.08	0.08	0.07	0.05	0.08	0.1	0.0	0.08	0.07	0.05
Root; d__Bacteria; p__Myxococcota; c__Myxococcia; o__Myxococcales; f__Myxococcaceae; g__Myxococcus	0.0	0.02	0.0	0.03	0.03	0.0	0.0	0.0	0.0	0.0	0.0	0.0	0.0	0.0	0.0	0.0	0.01	0.0	0.0	0.0	0.0	0.0	0.03	0.0	0.0	0.02	0.0	0.0	0.0	0.0	0.0	0.0	0.0	0.01	0.0	0.0	0.0	0.0	0.0	0.0	0.0	0.0	0.0	0.0	0.0	0.0	0.0	0.0	0.0	0.0	0.0	0.0	0.03	0.0	0.0	0.0	0.0	0.04	0.02	0.02	0.03	0.02	0.03	0.01	0.0	0.0	0.0	0.0	0.0	0.03	0.0	0.0
Root; d__Bacteria; p__Myxococcota; c__Myxococcia; o__Myxococcales; f__40CM-4-68-19; g__40CM-4-68-19	0.0	0.03	0.0	0.0	0.0	0.0	0.02	0.0	0.0	0.03	0.03	0.0	0.0	0.0	0.0	0.06	0.07	0.05	0.03	0.04	0.1	0.04	0.03	0.0	0.07	0.03	0.0	0.02	0.02	0.05	0.04	0.04	0.0	0.03	0.05	0.0	0.21	0.16	0.1	0.19	0.2	0.12	0.17	0.19	0.2	0.2	0.24	0.15	0.18	0.13	0.22	0.17	0.18	0.16	0.22	0.19	0.25	0.21	0.22	0.19	0.2	0.19	0.21	0.14	0.17	0.15	0.2	0.21	0.25	0.24	0.2	0.18
Root; d__Bacteria; p__Nitrospirota; c__Nitrospiria; o__Nitrospirales; f__Nitrospiraceae; g__Nitrospira_D	0.0	0.06	0.0	0.02	0.05	0.0	0.03	0.03	0.0	0.04	0.04	0.0	0.04	0.06	0.0	0.05	0.05	0.05	0.06	0.0	0.0	0.03	0.02	0.0	0.02	0.04	0.0	0.02	0.02	0.0	0.05	0.04	0.0	0.03	0.03	0.0	0.04	0.04	0.0	0.07	0.03	0.0	0.05	0.03	0.04	0.06	0.07	0.0	0.0	0.04	0.0	0.03	0.06	0.05	0.02	0.02	0.0	0.03	0.03	0.03	0.04	0.04	0.02	0.02	0.02	0.0	0.01	0.03	0.04	0.03	0.04	0.0
Root; d__Bacteria; p__Nitrospirota; c__Nitrospiria; o__Nitrospirales; f__Nitrospiraceae; g__JAICXS01	0.0	0.02	0.0	0.0	0.0	0.0	0.0	0.0	0.0	0.0	0.02	0.0	0.0	0.0	0.0	0.0	0.03	0.0	0.0	0.0	0.0	0.0	0.0	0.0	0.0	0.0	0.0	0.0	0.0	0.0	0.0	0.0	0.0	0.0	0.0	0.0	0.08	0.07	0.0	0.07	0.08	0.05	0.08	0.05	0.1	0.08	0.1	0.13	0.1	0.06	0.06	0.07	0.06	0.07	0.06	0.05	0.0	0.05	0.09	0.05	0.1	0.07	0.07	0.05	0.07	0.0	0.07	0.05	0.04	0.09	0.11	0.04
Root; d__Bacteria; p__Gemmatimonadota; c__Gemmatimonadetes; o__Gemmatimonadales; f__Gemmatimonadaceae; g__DATANT01	0.0	0.02	0.0	0.02	0.0	0.0	0.0	0.0	0.0	0.02	0.0	0.0	0.0	0.0	0.0	0.0	0.0	0.0	0.0	0.0	0.0	0.0	0.0	0.0	0.0	0.0	0.0	0.0	0.0	0.0	0.0	0.0	0.0	0.0	0.0	0.0	0.0	0.0	0.0	0.0	0.0	0.0	0.0	0.0	0.0	0.0	0.0	0.0	0.0	0.0	0.0	0.0	0.0	0.0	0.0	0.0	0.0	0.0	0.0	0.0	0.0	0.0	0.0	0.0	0.0	0.0	0.0	0.0	0.0	0.0	0.0	0.0
Root; d__Bacteria; p__Gemmatimonadota; c__Gemmatimonadetes; o__Gemmatimonadales; f__Gemmatimonadaceae; g__Gemmatirosa	0.0	0.02	0.0	0.0	0.0	0.0	0.0	0.0	0.0	0.02	0.02	0.0	0.0	0.0	0.0	0.0	0.03	0.0	0.0	0.0	0.0	0.0	0.02	0.0	0.0	0.0	0.0	0.0	0.0	0.0	0.0	0.0	0.0	0.0	0.0	0.0	0.1	0.09	0.07	0.09	0.12	0.08	0.08	0.06	0.08	0.08	0.09	0.05	0.11	0.08	0.07	0.08	0.09	0.05	0.05	0.07	0.07	0.08	0.1	0.1	0.09	0.11	0.06	0.07	0.1	0.04	0.08	0.09	0.05	0.11	0.08	0.07
Root; d__Bacteria; p__Gemmatimonadota; c__Gemmatimonadetes; o__Gemmatimonadales; f__GWC2-71-9; g__20CM-2-65-7	0.0	0.03	0.0	0.0	0.03	0.0	0.03	0.02	0.0	0.06	0.04	0.0	0.06	0.03	0.0	0.23	0.29	0.23	0.04	0.04	0.0	0.03	0.03	0.0	0.03	0.05	0.0	0.03	0.05	0.0	0.06	0.05	0.0	0.06	0.04	0.0	0.5	0.45	0.42	0.53	0.47	0.41	0.45	0.42	0.5	0.7	0.73	0.63	0.69	0.65	0.61	0.64	0.66	0.66	0.12	0.15	0.12	0.15	0.15	0.14	0.13	0.13	0.11	0.19	0.24	0.21	0.26	0.26	0.15	0.24	0.19	0.21
Root; d__Bacteria; p__Pseudomonadota; c__Alphaproteobacteria; o__Rhizobiales; f__Beijerinckiaceae; g__SPIREOTU_00549828	0.0	0.0	0.0	0.03	0.0	0.0	0.0	0.02	0.0	0.0	0.0	0.0	0.02	0.0	0.0	0.03	0.0	0.0	0.0	0.0	0.0	0.0	0.0	0.0	0.0	0.0	0.0	0.0	0.0	0.0	0.0	0.0	0.0	0.0	0.0	0.0	0.02	0.03	0.04	0.02	0.03	0.0	0.04	0.03	0.0	0.0	0.0	0.0	0.03	0.0	0.0	0.03	0.03	0.04	0.03	0.05	0.0	0.06	0.04	0.02	0.05	0.05	0.02	0.06	0.04	0.0	0.04	0.05	0.0	0.04	0.04	0.0
Root; d__Bacteria; p__Pseudomonadota; c__Alphaproteobacteria; o__Sphingomonadales; f__Sphingomonadaceae; g__Croceibacterium_B	0.0	0.0	0.0	0.02	0.04	0.0	0.03	0.0	0.0	0.0	0.0	0.0	0.0	0.03	0.0	0.0	0.0	0.0	0.02	0.05	0.04	0.05	0.02	0.0	0.04	0.0	0.0	0.02	0.03	0.0	0.03	0.02	0.0	0.04	0.04	0.0	0.04	0.05	0.0	0.05	0.03	0.06	0.03	0.05	0.0	0.06	0.04	0.0	0.03	0.04	0.0	0.05	0.03	0.0	0.0	0.0	0.0	0.02	0.02	0.0	0.01	0.03	0.02	0.0	0.02	0.0	0.0	0.03	0.0	0.0	0.01	0.0
Root; d__Bacteria; p__Pseudomonadota; c__Alphaproteobacteria; o__Caulobacterales; f__Caulobacteraceae; g__Acaudatibacter	0.0	0.0	0.0	0.02	0.0	0.0	0.0	0.02	0.0	0.0	0.0	0.0	0.0	0.0	0.0	0.02	0.0	0.0	0.02	0.0	0.0	0.0	0.0	0.0	0.0	0.0	0.0	0.0	0.0	0.0	0.0	0.0	0.0	0.0	0.0	0.0	0.05	0.03	0.0	0.03	0.02	0.0	0.03	0.02	0.0	0.02	0.03	0.0	0.03	0.02	0.0	0.03	0.03	0.0	0.03	0.02	0.0	0.03	0.03	0.04	0.03	0.03	0.02	0.0	0.0	0.0	0.04	0.03	0.0	0.03	0.02	0.04
Root; d__Bacteria; p__Pseudomonadota; c__Gammaproteobacteria; o__Burkholderiales; f__Burkholderiaceae_C; g__Pseudaquabacterium	0.0	0.0	0.0	0.02	0.03	0.0	0.01	0.04	0.0	0.0	0.0	0.0	0.03	0.0	0.0	0.0	0.02	0.0	0.0	0.0	0.0	0.0	0.0	0.0	0.0	0.0	0.0	0.0	0.0	0.0	0.0	0.02	0.0	0.0	0.0	0.0	0.0	0.0	0.0	0.0	0.0	0.0	0.0	0.0	0.0	0.0	0.0	0.0	0.0	0.0	0.0	0.0	0.0	0.0	0.0	0.0	0.0	0.01	0.01	0.0	0.01	0.01	0.0	0.0	0.0	0.0	0.0	0.0	0.0	0.0	0.0	0.0
Root; d__Bacteria; p__Pseudomonadota; c__Gammaproteobacteria; o__Burkholderiales; f__SG8-39; g__RBG-16-66-20	0.0	0.0	0.0	0.02	0.03	0.0	0.02	0.02	0.0	0.02	0.0	0.0	0.0	0.0	0.0	0.0	0.04	0.0	0.0	0.02	0.0	0.03	0.04	0.0	0.0	0.0	0.0	0.0	0.0	0.0	0.03	0.02	0.0	0.04	0.03	0.0	0.02	0.01	0.0	0.02	0.03	0.0	0.03	0.0	0.0	0.03	0.02	0.0	0.0	0.04	0.0	0.0	0.04	0.0	0.02	0.02	0.0	0.01	0.01	0.0	0.02	0.02	0.02	0.02	0.02	0.0	0.02	0.02	0.0	0.01	0.02	0.0
Root; d__Bacteria; p__Pseudomonadota; c__Gammaproteobacteria; o__Steroidobacterales; f__Steroidobacteraceae; g__13-2-20CM-66-19	0.0	0.0	0.0	0.05	0.0	0.0	0.03	0.0	0.0	0.02	0.03	0.0	0.03	0.0	0.0	0.04	0.05	0.06	0.03	0.01	0.0	0.0	0.02	0.0	0.0	0.03	0.0	0.02	0.02	0.0	0.02	0.02	0.0	0.0	0.03	0.0	0.06	0.06	0.05	0.06	0.08	0.04	0.06	0.06	0.0	0.08	0.11	0.0	0.07	0.06	0.0	0.07	0.1	0.13	0.08	0.08	0.12	0.07	0.07	0.05	0.06	0.07	0.05	0.08	0.09	0.06	0.08	0.08	0.05	0.05	0.09	0.05
Root; d__Bacteria; p__Planctomycetota; c__Phycisphaerae; o__Tepidisphaerales; f__Tepidisphaeraceae; g__JAICIO01	0.0	0.0	0.0	0.02	0.0	0.0	0.0	0.0	0.0	0.0	0.0	0.0	0.0	0.02	0.0	0.0	0.02	0.0	0.0	0.03	0.0	0.0	0.0	0.0	0.0	0.0	0.0	0.0	0.02	0.0	0.02	0.03	0.0	0.0	0.0	0.0	0.01	0.0	0.0	0.01	0.03	0.0	0.01	0.02	0.0	0.0	0.02	0.0	0.03	0.0	0.0	0.01	0.0	0.0	0.0	0.0	0.0	0.01	0.02	0.0	0.02	0.02	0.01	0.01	0.02	0.0	0.01	0.03	0.0	0.03	0.0	0.0
Root; d__Bacteria; p__Planctomycetota; c__Phycisphaerae; o__Tepidisphaerales; f__Tepidisphaeraceae; g__DASVUC01	0.0	0.0	0.0	0.02	0.02	0.0	0.04	0.04	0.0	0.0	0.03	0.0	0.0	0.0	0.0	0.0	0.03	0.0	0.05	0.03	0.0	0.03	0.03	0.0	0.04	0.03	0.0	0.02	0.02	0.0	0.04	0.03	0.0	0.03	0.02	0.0	0.03	0.0	0.0	0.0	0.03	0.0	0.02	0.0	0.0	0.02	0.03	0.0	0.03	0.0	0.0	0.0	0.02	0.0	0.02	0.0	0.0	0.03	0.03	0.0	0.04	0.03	0.02	0.02	0.02	0.06	0.04	0.02	0.0	0.04	0.03	0.0
Root; d__Bacteria; p__Planctomycetota; c__Planctomycetia; o__Isosphaerales; f__Isosphaeraceae; g__PoT	0.0	0.0	0.0	0.02	0.0	0.0	0.0	0.0	0.0	0.0	0.0	0.0	0.0	0.0	0.0	0.0	0.0	0.0	0.0	0.0	0.0	0.0	0.0	0.0	0.0	0.0	0.0	0.0	0.0	0.0	0.0	0.0	0.0	0.0	0.0	0.0	0.0	0.0	0.0	0.0	0.0	0.0	0.0	0.0	0.0	0.0	0.0	0.0	0.0	0.0	0.0	0.0	0.0	0.0	0.0	0.0	0.0	0.0	0.01	0.0	0.0	0.01	0.0	0.0	0.0	0.0	0.0	0.0	0.0	0.0	0.0	0.0
Root; d__Bacteria; p__Planctomycetota; c__Planctomycetia; o__Gemmatales; f__Gemmataceae; g__DATFNV01	0.0	0.0	0.0	0.02	0.0	0.0	0.02	0.0	0.0	0.0	0.0	0.0	0.0	0.04	0.0	0.0	0.0	0.0	0.0	0.01	0.0	0.0	0.03	0.0	0.0	0.0	0.0	0.0	0.0	0.0	0.02	0.02	0.0	0.0	0.0	0.0	0.0	0.01	0.0	0.02	0.02	0.0	0.02	0.02	0.0	0.02	0.0	0.0	0.0	0.02	0.0	0.0	0.02	0.0	0.03	0.03	0.0	0.02	0.03	0.0	0.03	0.03	0.02	0.02	0.02	0.0	0.02	0.04	0.0	0.02	0.02	0.0
Root; d__Bacteria; p__Planctomycetota; c__Planctomycetia; o__Gemmatales; f__Gemmataceae; g__SPIREOTU_01100871	0.0	0.0	0.0	0.03	0.02	0.0	0.0	0.02	0.0	0.0	0.02	0.0	0.0	0.03	0.0	0.01	0.0	0.0	0.02	0.0	0.0	0.0	0.04	0.0	0.03	0.03	0.0	0.0	0.0	0.0	0.04	0.01	0.0	0.0	0.02	0.0	0.0	0.02	0.0	0.0	0.0	0.0	0.0	0.0	0.0	0.0	0.0	0.0	0.0	0.0	0.0	0.0	0.0	0.0	0.02	0.0	0.0	0.01	0.02	0.0	0.01	0.01	0.02	0.0	0.0	0.0	0.0	0.0	0.05	0.02	0.0	0.0
Root; d__Bacteria; p__Myxococcota_A; c__Polyangia; o__Polyangiales; f__Polyangiaceae; g__Sorangium	0.0	0.0	0.0	0.02	0.0	0.0	0.0	0.02	0.0	0.0	0.0	0.0	0.0	0.0	0.0	0.0	0.01	0.0	0.0	0.0	0.0	0.0	0.0	0.0	0.0	0.02	0.0	0.0	0.0	0.0	0.0	0.0	0.0	0.0	0.0	0.0	0.0	0.0	0.0	0.0	0.0	0.0	0.0	0.0	0.0	0.0	0.0	0.0	0.02	0.0	0.0	0.0	0.0	0.0	0.0	0.0	0.0	0.01	0.02	0.0	0.01	0.01	0.0	0.0	0.02	0.0	0.0	0.02	0.0	0.02	0.0	0.0
Root; d__Bacteria; p__Myxococcota_A; c__Polyangia; o__Polyangiales; f__DASUME01; g__GCMETA_00121043	0.0	0.0	0.0	0.04	0.04	0.0	0.0	0.01	0.0	0.03	0.02	0.0	0.0	0.0	0.0	0.02	0.0	0.0	0.0	0.0	0.0	0.0	0.0	0.0	0.0	0.0	0.0	0.0	0.0	0.0	0.0	0.0	0.0	0.0	0.0	0.0	0.0	0.0	0.0	0.0	0.0	0.0	0.0	0.0	0.0	0.0	0.0	0.0	0.0	0.0	0.0	0.0	0.0	0.0	0.0	0.0	0.0	0.01	0.0	0.0	0.02	0.0	0.0	0.0	0.0	0.0	0.0	0.0	0.0	0.0	0.0	0.0
Root; d__Bacteria; p__Myxococcota_A; c__Polyangia; o__Fen-1088; f__Fen-1088; g__CAVYGB01	0.0	0.0	0.0	0.03	0.02	0.0	0.0	0.03	0.0	0.0	0.0	0.0	0.0	0.0	0.0	0.02	0.02	0.0	0.02	0.0	0.0	0.03	0.03	0.0	0.04	0.03	0.0	0.02	0.04	0.0	0.02	0.04	0.0	0.03	0.02	0.0	0.0	0.0	0.0	0.0	0.0	0.0	0.0	0.0	0.0	0.0	0.0	0.0	0.0	0.0	0.0	0.0	0.0	0.0	0.0	0.0	0.0	0.0	0.01	0.0	0.01	0.01	0.0	0.0	0.0	0.0	0.01	0.0	0.0	0.01	0.0	0.04
Root; d__Bacteria; p__Verrucomicrobiota; c__Verrucomicrobiia; o__Limisphaerales; f__UBA11358; g__UBA11358	0.0	0.0	0.0	0.02	0.03	0.0	0.03	0.02	0.0	0.02	0.03	0.0	0.0	0.03	0.0	0.02	0.04	0.0	0.05	0.03	0.0	0.03	0.03	0.0	0.03	0.04	0.0	0.02	0.05	0.0	0.05	0.07	0.0	0.05	0.04	0.0	0.02	0.02	0.0	0.03	0.04	0.0	0.02	0.02	0.0	0.03	0.03	0.0	0.04	0.07	0.0	0.03	0.02	0.0	0.02	0.02	0.0	0.04	0.04	0.05	0.04	0.05	0.03	0.06	0.04	0.0	0.05	0.04	0.07	0.03	0.04	0.0
Root; d__Bacteria; p__Verrucomicrobiota; c__Verrucomicrobiia; o__Opitutales; f__Opitutaceae; g__Lacunisphaera	0.0	0.0	0.0	0.03	0.03	0.0	0.04	0.02	0.0	0.04	0.05	0.0	0.0	0.03	0.0	0.04	0.0	0.0	0.05	0.05	0.0	0.04	0.05	0.0	0.03	0.04	0.0	0.03	0.05	0.0	0.04	0.04	0.0	0.04	0.03	0.0	0.0	0.0	0.0	0.0	0.0	0.0	0.0	0.0	0.0	0.0	0.0	0.0	0.03	0.0	0.0	0.0	0.03	0.0	0.0	0.0	0.0	0.02	0.02	0.0	0.02	0.02	0.02	0.03	0.02	0.0	0.02	0.02	0.0	0.03	0.02	0.0
Root; d__Bacteria; p__Acidobacteriota; c__Vicinamibacteria; o__Vicinamibacterales; f__UBA2999; g__CADEFD01	0.0	0.0	0.0	0.02	0.0	0.0	0.0	0.0	0.0	0.0	0.0	0.0	0.0	0.0	0.0	0.0	0.0	0.0	0.0	0.02	0.0	0.0	0.0	0.0	0.0	0.0	0.0	0.0	0.0	0.0	0.0	0.0	0.0	0.0	0.0	0.0	0.0	0.0	0.0	0.0	0.0	0.0	0.0	0.0	0.0	0.0	0.0	0.0	0.0	0.0	0.0	0.0	0.0	0.0	0.0	0.0	0.0	0.01	0.01	0.0	0.01	0.01	0.0	0.0	0.0	0.0	0.0	0.0	0.0	0.0	0.0	0.0
Root; d__Bacteria; p__Acidobacteriota; c__Vicinamibacteria; o__Vicinamibacterales; f__SCN-69-37; g__DASUGC01	0.0	0.0	0.0	0.02	0.0	0.0	0.02	0.0	0.0	0.0	0.0	0.0	0.0	0.0	0.0	0.0	0.0	0.0	0.02	0.02	0.0	0.0	0.0	0.0	0.02	0.03	0.0	0.02	0.0	0.0	0.02	0.0	0.0	0.0	0.0	0.0	0.0	0.0	0.0	0.0	0.0	0.0	0.0	0.0	0.0	0.0	0.0	0.0	0.0	0.0	0.0	0.0	0.0	0.0	0.0	0.0	0.0	0.0	0.0	0.0	0.01	0.01	0.0	0.0	0.0	0.0	0.0	0.0	0.0	0.0	0.0	0.0
Root; d__Bacteria; p__Acidobacteriota; c__Vicinamibacteria; o__Fen-336; f__Fen-336; g__JANMPI01	0.0	0.0	0.0	0.02	0.0	0.0	0.0	0.0	0.0	0.0	0.0	0.0	0.0	0.0	0.0	0.0	0.0	0.0	0.0	0.02	0.0	0.0	0.03	0.0	0.0	0.0	0.0	0.02	0.0	0.0	0.0	0.0	0.0	0.0	0.0	0.0	0.0	0.0	0.0	0.0	0.0	0.0	0.0	0.0	0.0	0.0	0.0	0.0	0.0	0.0	0.0	0.0	0.0	0.0	0.0	0.0	0.0	0.01	0.0	0.0	0.01	0.0	0.0	0.0	0.0	0.0	0.0	0.0	0.0	0.0	0.0	0.0
Root; d__Bacteria; p__Acidobacteriota; c__Thermoanaerobaculia; o__Multivoradales; f__UBA5704; g__UBA5704	0.0	0.0	0.0	0.03	0.02	0.0	0.02	0.0	0.0	0.07	0.07	0.0	0.0	0.04	0.0	0.0	0.0	0.0	0.04	0.04	0.0	0.04	0.04	0.0	0.05	0.02	0.0	0.02	0.04	0.0	0.05	0.04	0.05	0.02	0.03	0.0	0.0	0.0	0.0	0.0	0.0	0.0	0.0	0.0	0.0	0.0	0.0	0.0	0.0	0.0	0.0	0.0	0.0	0.0	0.02	0.0	0.0	0.01	0.01	0.0	0.02	0.01	0.0	0.01	0.0	0.0	0.0	0.02	0.0	0.01	0.04	0.0
Root; d__Bacteria; p__Bacillota; c__Bacilli; o__Bacillales; f__Cytobacillaceae; g__JAUZPL01	0.0	0.0	0.0	0.02	0.0	0.0	0.0	0.0	0.0	0.0	0.0	0.0	0.0	0.0	0.0	0.0	0.0	0.0	0.0	0.0	0.0	0.0	0.0	0.0	0.0	0.0	0.0	0.0	0.0	0.0	0.0	0.0	0.0	0.0	0.0	0.0	0.0	0.0	0.0	0.0	0.0	0.0	0.0	0.0	0.0	0.0	0.0	0.0	0.0	0.0	0.0	0.0	0.0	0.0	0.0	0.0	0.0	0.0	0.0	0.0	0.0	0.0	0.0	0.0	0.0	0.0	0.0	0.0	0.0	0.0	0.0	0.0
Root; d__Bacteria; p__Actinomycetota; c__Thermoleophilia; o__Solirubrobacterales; f__Solirubrobacteraceae; g__Patulibacter	0.0	0.0	0.0	0.02	0.02	0.0	0.0	0.0	0.0	0.0	0.0	0.0	0.02	0.0	0.0	0.0	0.0	0.0	0.02	0.03	0.0	0.0	0.0	0.0	0.03	0.03	0.0	0.0	0.02	0.0	0.02	0.0	0.0	0.03	0.0	0.0	0.03	0.0	0.0	0.02	0.0	0.0	0.0	0.0	0.0	0.0	0.03	0.0	0.0	0.0	0.0	0.02	0.0	0.0	0.02	0.0	0.05	0.01	0.02	0.02	0.03	0.03	0.03	0.02	0.03	0.0	0.02	0.02	0.0	0.02	0.02	0.0
Root; d__Bacteria; p__Actinomycetota; c__Thermoleophilia; o__Solirubrobacterales; f__Thermoleophilaceae; g__JBBDYQ01	0.0	0.0	0.0	0.05	0.02	0.0	0.02	0.02	0.0	0.03	0.0	0.0	0.03	0.0	0.0	0.02	0.0	0.05	0.02	0.05	0.0	0.02	0.02	0.0	0.01	0.02	0.0	0.0	0.03	0.0	0.0	0.03	0.0	0.02	0.03	0.0	0.02	0.02	0.0	0.0	0.03	0.0	0.03	0.03	0.0	0.0	0.03	0.0	0.02	0.03	0.0	0.02	0.02	0.0	0.03	0.04	0.0	0.04	0.02	0.0	0.05	0.04	0.04	0.04	0.0	0.0	0.04	0.03	0.0	0.02	0.03	0.0
Root; d__Bacteria; p__Actinomycetota; c__Thermoleophilia; o__Gaiellales; f__JALYLC01; g__CAWCFJ01	0.0	0.0	0.0	0.03	0.02	0.0	0.0	0.02	0.0	0.02	0.02	0.0	0.02	0.0	0.0	0.05	0.06	0.0	0.02	0.01	0.0	0.03	0.02	0.0	0.02	0.03	0.0	0.02	0.03	0.0	0.02	0.02	0.0	0.02	0.03	0.0	0.11	0.1	0.08	0.11	0.08	0.0	0.11	0.08	0.06	0.11	0.11	0.0	0.09	0.11	0.08	0.1	0.12	0.06	0.08	0.09	0.06	0.06	0.09	0.07	0.1	0.09	0.11	0.09	0.06	0.07	0.05	0.07	0.07	0.07	0.08	0.07
Root; d__Bacteria; p__Actinomycetota; c__Thermoleophilia; o__Gaiellales; f__JAICJC01; g__DATLLX01	0.0	0.0	0.0	0.02	0.0	0.0	0.0	0.0	0.0	0.0	0.0	0.0	0.0	0.0	0.0	0.0	0.01	0.0	0.0	0.02	0.0	0.03	0.04	0.0	0.0	0.0	0.0	0.02	0.03	0.0	0.02	0.02	0.0	0.02	0.0	0.0	0.0	0.0	0.0	0.03	0.0	0.0	0.03	0.0	0.0	0.0	0.0	0.0	0.0	0.02	0.0	0.0	0.02	0.0	0.0	0.0	0.0	0.02	0.02	0.0	0.02	0.02	0.01	0.02	0.02	0.0	0.0	0.0	0.0	0.0	0.02	0.0
Root; d__Bacteria; p__Actinomycetota; c__Actinomycetes; o__Mycobacteriales; f__Micromonosporaceae; g__Plantactinospora	0.0	0.0	0.0	0.02	0.0	0.0	0.02	0.0	0.0	0.03	0.0	0.0	0.0	0.0	0.0	0.02	0.03	0.0	0.0	0.0	0.0	0.0	0.0	0.0	0.02	0.0	0.0	0.0	0.0	0.0	0.0	0.0	0.0	0.0	0.0	0.0	0.02	0.0	0.0	0.0	0.0	0.0	0.01	0.01	0.0	0.0	0.0	0.0	0.02	0.02	0.0	0.03	0.03	0.0	0.02	0.0	0.0	0.01	0.01	0.0	0.01	0.02	0.02	0.0	0.0	0.0	0.0	0.0	0.0	0.0	0.0	0.0
Root; d__Bacteria; p__Actinomycetota; c__Actinomycetes; o__Mycobacteriales; f__SCTD01; g__SCTD01	0.0	0.0	0.0	0.02	0.0	0.0	0.0	0.0	0.0	0.0	0.02	0.0	0.0	0.0	0.0	0.0	0.03	0.0	0.03	0.03	0.0	0.03	0.04	0.0	0.02	0.03	0.0	0.03	0.05	0.0	0.03	0.03	0.0	0.01	0.02	0.0	0.02	0.02	0.0	0.0	0.03	0.0	0.02	0.02	0.0	0.0	0.02	0.0	0.0	0.02	0.0	0.02	0.02	0.0	0.02	0.03	0.0	0.03	0.03	0.02	0.03	0.03	0.04	0.02	0.02	0.0	0.02	0.01	0.0	0.03	0.02	0.0
Root; d__Bacteria; p__Actinomycetota; c__Actinomycetes; o__Propionibacteriales; f__Nocardioidaceae; g__CRBC_00942	0.0	0.0	0.0	0.02	0.02	0.0	0.0	0.02	0.04	0.03	0.02	0.0	0.0	0.0	0.0	0.02	0.0	0.0	0.0	0.0	0.0	0.0	0.0	0.0	0.02	0.0	0.0	0.0	0.02	0.0	0.02	0.02	0.0	0.0	0.0	0.0	0.0	0.0	0.0	0.0	0.0	0.0	0.0	0.0	0.0	0.0	0.0	0.0	0.0	0.0	0.0	0.0	0.0	0.0	0.0	0.0	0.0	0.0	0.0	0.0	0.01	0.01	0.02	0.0	0.0	0.0	0.0	0.0	0.0	0.0	0.0	0.0
Root; d__Bacteria; p__Actinomycetota; c__Actinomycetes; o__Streptomycetales; f__Streptomycetaceae; g__Kitasatospora	0.0	0.0	0.0	0.02	0.0	0.0	0.03	0.0	0.0	0.02	0.03	0.0	0.02	0.02	0.0	0.02	0.02	0.0	0.03	0.02	0.0	0.03	0.04	0.0	0.02	0.02	0.0	0.03	0.02	0.0	0.03	0.02	0.0	0.02	0.0	0.0	0.0	0.0	0.0	0.0	0.0	0.0	0.0	0.0	0.0	0.0	0.0	0.0	0.02	0.0	0.0	0.0	0.0	0.0	0.0	0.02	0.0	0.01	0.0	0.0	0.01	0.01	0.0	0.0	0.0	0.0	0.0	0.0	0.0	0.0	0.0	0.0
Root; d__Bacteria; p__Actinomycetota; c__Actinomycetes; o__Actinomycetales; f__Microbacteriaceae; g__SPIREOTU_01820187	0.0	0.0	0.0	0.02	0.0	0.0	0.02	0.02	0.0	0.02	0.0	0.0	0.0	0.0	0.0	0.0	0.02	0.0	0.0	0.0	0.0	0.0	0.0	0.0	0.0	0.0	0.0	0.0	0.0	0.0	0.0	0.0	0.0	0.0	0.0	0.0	0.0	0.0	0.0	0.0	0.0	0.0	0.0	0.0	0.0	0.0	0.0	0.0	0.0	0.0	0.0	0.0	0.0	0.0	0.0	0.0	0.0	0.0	0.0	0.0	0.0	0.0	0.0	0.0	0.0	0.0	0.0	0.0	0.0	0.0	0.0	0.0
Root; d__Bacteria; p__Actinomycetota; c__Actinomycetes; o__JACCUZ01; f__JACCUZ01; g__DATHAP01	0.0	0.0	0.0	0.02	0.0	0.0	0.01	0.0	0.0	0.0	0.0	0.0	0.02	0.0	0.0	0.02	0.0	0.0	0.02	0.0	0.0	0.03	0.02	0.0	0.02	0.03	0.0	0.03	0.04	0.0	0.0	0.0	0.0	0.02	0.04	0.0	0.0	0.0	0.0	0.0	0.0	0.0	0.0	0.0	0.0	0.0	0.0	0.0	0.0	0.0	0.0	0.0	0.0	0.0	0.0	0.0	0.0	0.0	0.0	0.0	0.0	0.01	0.0	0.0	0.0	0.0	0.0	0.0	0.0	0.0	0.0	0.0
Root; d__Bacteria; p__Actinomycetota; c__Acidimicrobiia; o__Acidimicrobiales; f__CADCSY01; g__JAEKLB01	0.0	0.0	0.0	0.02	0.02	0.0	0.02	0.02	0.0	0.02	0.0	0.0	0.02	0.03	0.0	0.03	0.03	0.0	0.02	0.02	0.0	0.02	0.03	0.0	0.02	0.02	0.0	0.04	0.0	0.0	0.03	0.02	0.0	0.02	0.03	0.0	0.0	0.0	0.0	0.0	0.02	0.0	0.0	0.02	0.0	0.0	0.02	0.0	0.0	0.0	0.0	0.0	0.0	0.0	0.0	0.0	0.0	0.02	0.02	0.0	0.01	0.02	0.01	0.02	0.02	0.0	0.02	0.02	0.0	0.01	0.03	0.0
Root; d__Bacteria; p__Actinomycetota; c__Acidimicrobiia; o__Acidimicrobiales; f__RAAP-2; g__Bog-473	0.0	0.0	0.0	0.02	0.0	0.0	0.0	0.0	0.0	0.0	0.0	0.0	0.0	0.0	0.0	0.0	0.0	0.0	0.0	0.0	0.0	0.0	0.0	0.0	0.0	0.0	0.0	0.0	0.0	0.0	0.0	0.01	0.0	0.0	0.0	0.0	0.0	0.0	0.0	0.0	0.0	0.0	0.0	0.0	0.0	0.0	0.0	0.0	0.0	0.0	0.0	0.0	0.0	0.0	0.0	0.0	0.0	0.0	0.01	0.0	0.01	0.01	0.0	0.0	0.0	0.0	0.0	0.0	0.0	0.0	0.0	0.0
Root; d__Bacteria; p__Gemmatimonadota; c__Gemmatimonadetes; o__Gemmatimonadales; f__Gemmatimonadaceae; g__SPIREOTU_01109947	0.0	0.0	0.0	0.02	0.02	0.0	0.02	0.01	0.0	0.03	0.02	0.05	0.0	0.0	0.0	0.06	0.03	0.04	0.06	0.08	0.05	0.03	0.07	0.05	0.05	0.06	0.05	0.09	0.09	0.12	0.07	0.07	0.0	0.07	0.07	0.05	0.09	0.13	0.07	0.12	0.12	0.11	0.11	0.11	0.13	0.09	0.07	0.07	0.08	0.09	0.12	0.11	0.1	0.0	0.09	0.09	0.05	0.11	0.11	0.08	0.08	0.1	0.1	0.06	0.06	0.0	0.08	0.09	0.05	0.1	0.09	0.06
Root; d__Bacteria; p__Pseudomonadota; c__Alphaproteobacteria; o__Rhizobiales; f__Beijerinckiaceae; g__Terripilifer	0.0	0.0	0.0	0.0	0.02	0.0	0.02	0.0	0.0	0.0	0.0	0.0	0.0	0.0	0.0	0.02	0.0	0.0	0.02	0.0	0.0	0.0	0.0	0.0	0.0	0.0	0.0	0.0	0.0	0.0	0.0	0.0	0.0	0.0	0.0	0.0	0.0	0.0	0.0	0.02	0.0	0.0	0.0	0.02	0.0	0.02	0.0	0.0	0.0	0.02	0.0	0.02	0.0	0.0	0.02	0.03	0.0	0.02	0.02	0.02	0.02	0.02	0.02	0.02	0.0	0.0	0.02	0.02	0.0	0.01	0.0	0.0
Root; d__Bacteria; p__Pseudomonadota; c__Alphaproteobacteria; o__Rhizobiales; f__Xanthobacteraceae; g__CANJBX01	0.0	0.0	0.0	0.0	0.02	0.0	0.0	0.04	0.0	0.0	0.0	0.0	0.0	0.0	0.0	0.02	0.0	0.0	0.0	0.0	0.0	0.0	0.0	0.0	0.0	0.0	0.0	0.0	0.0	0.0	0.0	0.0	0.0	0.0	0.02	0.0	0.0	0.0	0.0	0.0	0.0	0.0	0.0	0.0	0.0	0.0	0.0	0.0	0.0	0.0	0.0	0.0	0.02	0.0	0.0	0.0	0.0	0.01	0.02	0.02	0.02	0.01	0.0	0.0	0.0	0.0	0.0	0.0	0.0	0.0	0.0	0.0
Root; d__Bacteria; p__Pseudomonadota; c__Alphaproteobacteria; o__Rhizobiales; f__Xanthobacteraceae; g__P52-10	0.0	0.0	0.0	0.0	0.02	0.0	0.0	0.0	0.0	0.0	0.0	0.0	0.0	0.0	0.0	0.0	0.0	0.0	0.0	0.0	0.0	0.0	0.0	0.0	0.0	0.0	0.0	0.0	0.0	0.0	0.01	0.0	0.0	0.0	0.0	0.0	0.0	0.0	0.0	0.02	0.03	0.0	0.0	0.0	0.0	0.0	0.0	0.0	0.0	0.0	0.0	0.0	0.0	0.0	0.02	0.0	0.0	0.02	0.01	0.0	0.02	0.02	0.02	0.0	0.0	0.0	0.02	0.02	0.0	0.0	0.0	0.0
Root; d__Bacteria; p__Pseudomonadota; c__Alphaproteobacteria; o__Rhizobiales; f__Hyphomicrobiaceae; g__AWTP1-13	0.0	0.0	0.0	0.0	0.02	0.0	0.0	0.0	0.0	0.0	0.02	0.0	0.0	0.0	0.0	0.02	0.0	0.0	0.0	0.0	0.0	0.0	0.0	0.0	0.0	0.0	0.0	0.0	0.0	0.0	0.0	0.0	0.0	0.0	0.0	0.0	0.03	0.02	0.0	0.02	0.04	0.0	0.03	0.02	0.0	0.02	0.0	0.0	0.02	0.03	0.0	0.01	0.02	0.0	0.03	0.02	0.0	0.03	0.03	0.05	0.05	0.03	0.03	0.02	0.02	0.0	0.05	0.05	0.0	0.04	0.03	0.05
Root; d__Bacteria; p__Pseudomonadota; c__Alphaproteobacteria; o__Acetobacterales; f__Acetobacteraceae; g__G192	0.0	0.0	0.0	0.0	0.02	0.0	0.0	0.0	0.0	0.0	0.0	0.0	0.0	0.0	0.0	0.0	0.0	0.0	0.0	0.0	0.0	0.0	0.0	0.0	0.0	0.0	0.0	0.0	0.0	0.0	0.0	0.0	0.0	0.0	0.0	0.0	0.0	0.0	0.0	0.0	0.0	0.0	0.0	0.0	0.0	0.0	0.0	0.0	0.0	0.0	0.0	0.0	0.0	0.0	0.0	0.0	0.0	0.0	0.0	0.0	0.01	0.01	0.0	0.0	0.0	0.0	0.0	0.0	0.0	0.0	0.0	0.0
Root; d__Bacteria; p__Pseudomonadota; c__Gammaproteobacteria; o__Xanthomonadales; f__Xanthomonadaceae; g__Xanthomonas	0.0	0.0	0.0	0.0	0.02	0.0	0.0	0.0	0.0	0.0	0.0	0.0	0.0	0.0	0.0	0.0	0.0	0.0	0.0	0.0	0.0	0.0	0.0	0.0	0.0	0.0	0.0	0.0	0.0	0.0	0.0	0.0	0.0	0.0	0.0	0.0	0.0	0.0	0.0	0.0	0.0	0.0	0.0	0.0	0.0	0.0	0.0	0.0	0.0	0.0	0.0	0.0	0.0	0.0	0.0	0.0	0.0	0.0	0.0	0.0	0.0	0.0	0.0	0.0	0.0	0.0	0.0	0.0	0.0	0.0	0.0	0.0
Root; d__Bacteria; p__Pseudomonadota; c__Gammaproteobacteria; o__Burkholderiales; f__Burkholderiaceae_C; g__Scleromatobacter	0.0	0.0	0.0	0.0	0.02	0.0	0.02	0.02	0.0	0.0	0.0	0.0	0.0	0.0	0.0	0.0	0.02	0.0	0.03	0.02	0.0	0.02	0.02	0.0	0.04	0.02	0.05	0.02	0.0	0.0	0.04	0.05	0.05	0.05	0.04	0.0	0.0	0.0	0.0	0.0	0.0	0.0	0.02	0.0	0.0	0.0	0.0	0.0	0.0	0.0	0.0	0.0	0.0	0.0	0.0	0.0	0.0	0.01	0.0	0.0	0.01	0.01	0.01	0.0	0.0	0.0	0.02	0.0	0.0	0.0	0.01	0.0
Root; d__Bacteria; p__Pseudomonadota; c__Gammaproteobacteria; o__Burkholderiales; f__SG8-41; g__SG8-41	0.0	0.0	0.0	0.0	0.03	0.0	0.0	0.0	0.0	0.0	0.02	0.0	0.0	0.0	0.0	0.0	0.0	0.0	0.0	0.0	0.0	0.0	0.0	0.0	0.0	0.0	0.0	0.0	0.0	0.0	0.0	0.0	0.0	0.0	0.0	0.0	0.0	0.0	0.0	0.0	0.0	0.0	0.01	0.03	0.0	0.04	0.0	0.0	0.0	0.0	0.0	0.03	0.0	0.0	0.0	0.0	0.0	0.01	0.01	0.0	0.01	0.01	0.0	0.0	0.0	0.0	0.0	0.01	0.0	0.02	0.0	0.0
Root; d__Bacteria; p__Actinomycetota; c__Thermoleophilia; o__Solirubrobacterales; f__Solirubrobacteraceae; g__JBBPZA01	0.0	0.0	0.0	0.0	0.03	0.0	0.0	0.0	0.0	0.0	0.0	0.0	0.0	0.0	0.0	0.02	0.0	0.0	0.0	0.0	0.0	0.0	0.02	0.0	0.0	0.04	0.0	0.0	0.0	0.0	0.0	0.0	0.0	0.0	0.0	0.0	0.03	0.02	0.0	0.03	0.01	0.0	0.02	0.02	0.0	0.0	0.02	0.0	0.0	0.02	0.0	0.02	0.03	0.0	0.0	0.02	0.0	0.01	0.03	0.02	0.02	0.02	0.02	0.02	0.02	0.0	0.02	0.03	0.0	0.02	0.02	0.0
Root; d__Bacteria; p__Actinomycetota; c__Thermoleophilia; o__Solirubrobacterales; f__Thermoleophilaceae; g__JADGHQ01	0.0	0.0	0.0	0.0	0.02	0.0	0.02	0.0	0.0	0.03	0.0	0.0	0.0	0.03	0.0	0.03	0.03	0.0	0.02	0.03	0.0	0.0	0.0	0.0	0.0	0.02	0.0	0.02	0.04	0.0	0.0	0.0	0.0	0.01	0.02	0.0	0.05	0.04	0.0	0.02	0.04	0.0	0.04	0.02	0.0	0.03	0.03	0.0	0.03	0.04	0.06	0.04	0.04	0.0	0.03	0.04	0.0	0.05	0.02	0.05	0.02	0.05	0.04	0.02	0.05	0.06	0.03	0.02	0.0	0.04	0.05	0.04
Root; d__Bacteria; p__Actinomycetota; c__Actinomycetes; o__Mycobacteriales; f__Micromonosporaceae; g__CAWDLX01	0.0	0.0	0.0	0.0	0.02	0.0	0.0	0.0	0.0	0.0	0.0	0.0	0.0	0.0	0.0	0.0	0.0	0.0	0.0	0.0	0.0	0.0	0.0	0.0	0.0	0.02	0.0	0.0	0.0	0.0	0.0	0.0	0.0	0.0	0.0	0.0	0.0	0.0	0.0	0.0	0.0	0.0	0.0	0.0	0.0	0.0	0.0	0.0	0.0	0.0	0.0	0.0	0.0	0.0	0.0	0.0	0.0	0.0	0.0	0.0	0.0	0.01	0.0	0.0	0.0	0.0	0.0	0.0	0.0	0.0	0.0	0.0
Root; d__Bacteria; p__Actinomycetota; c__Actinomycetes; o__Propionibacteriales; f__Propionibacteriaceae; g__Enemella	0.0	0.0	0.0	0.0	0.02	0.0	0.0	0.0	0.0	0.0	0.0	0.0	0.0	0.0	0.0	0.0	0.02	0.0	0.0	0.0	0.0	0.0	0.0	0.0	0.0	0.0	0.0	0.0	0.0	0.0	0.0	0.0	0.0	0.0	0.0	0.0	0.0	0.0	0.0	0.0	0.0	0.0	0.0	0.0	0.0	0.0	0.0	0.0	0.0	0.0	0.0	0.0	0.0	0.0	0.0	0.0	0.0	0.0	0.0	0.0	0.0	0.0	0.0	0.0	0.0	0.0	0.0	0.0	0.0	0.0	0.0	0.0
Root; d__Bacteria; p__Actinomycetota; c__Actinomycetes; o__Actinomycetales; f__Cellulomonadaceae; g__Actinotalea	0.0	0.0	0.0	0.0	0.03	0.0	0.03	0.02	0.0	0.0	0.0	0.0	0.0	0.03	0.0	0.02	0.0	0.0	0.0	0.02	0.0	0.0	0.0	0.0	0.0	0.02	0.0	0.02	0.02	0.0	0.03	0.0	0.0	0.02	0.0	0.0	0.0	0.0	0.0	0.01	0.0	0.0	0.0	0.02	0.0	0.0	0.0	0.0	0.0	0.0	0.0	0.0	0.0	0.0	0.0	0.02	0.0	0.01	0.01	0.02	0.02	0.02	0.01	0.02	0.0	0.0	0.02	0.0	0.0	0.0	0.02	0.0
Root; d__Bacteria; p__Actinomycetota; c__Actinomycetes; o__Actinomycetales; f__Demequinaceae; g__SPIREOTU_01945138	0.0	0.0	0.0	0.0	0.02	0.0	0.0	0.0	0.0	0.0	0.0	0.0	0.0	0.0	0.0	0.0	0.0	0.0	0.0	0.0	0.0	0.0	0.0	0.0	0.0	0.0	0.0	0.0	0.0	0.0	0.0	0.0	0.0	0.0	0.0	0.0	0.0	0.0	0.0	0.0	0.0	0.0	0.0	0.0	0.0	0.0	0.0	0.0	0.0	0.0	0.0	0.0	0.0	0.0	0.0	0.0	0.0	0.0	0.0	0.0	0.0	0.0	0.0	0.0	0.0	0.0	0.0	0.0	0.0	0.0	0.0	0.0
Root; d__Bacteria; p__Actinomycetota; c__Actinomycetes; o__Actinomycetales; f__Brevibacteriaceae; g__Brevibacterium	0.0	0.0	0.0	0.0	0.02	0.0	0.0	0.0	0.0	0.0	0.0	0.0	0.0	0.0	0.0	0.0	0.0	0.0	0.0	0.0	0.0	0.0	0.0	0.0	0.0	0.0	0.0	0.0	0.0	0.0	0.0	0.0	0.0	0.0	0.0	0.0	0.0	0.0	0.0	0.0	0.0	0.0	0.0	0.0	0.0	0.0	0.0	0.0	0.0	0.0	0.0	0.0	0.0	0.0	0.0	0.0	0.0	0.0	0.0	0.0	0.0	0.0	0.0	0.0	0.0	0.0	0.0	0.0	0.0	0.0	0.0	0.0
Root; d__Bacteria; p__Actinomycetota; c__Acidimicrobiia; o__Acidimicrobiales; f__JACDCH01; g__JBEEGB01	0.0	0.0	0.0	0.0	0.02	0.0	0.0	0.0	0.0	0.0	0.02	0.0	0.0	0.0	0.0	0.0	0.0	0.0	0.03	0.04	0.0	0.03	0.04	0.0	0.06	0.03	0.0	0.06	0.03	0.0	0.05	0.05	0.0	0.02	0.04	0.0	0.01	0.0	0.0	0.0	0.0	0.0	0.0	0.0	0.0	0.0	0.0	0.0	0.0	0.0	0.0	0.0	0.0	0.0	0.0	0.0	0.0	0.01	0.0	0.0	0.01	0.01	0.0	0.0	0.0	0.0	0.0	0.0	0.0	0.0	0.0	0.0
Root; d__Bacteria; p__Actinomycetota; c__Acidimicrobiia; o__Acidimicrobiales; f__Salinilacustritrichaceae; g__Salinilacustrithrix	0.0	0.0	0.0	0.0	0.02	0.0	0.0	0.0	0.0	0.0	0.0	0.0	0.0	0.0	0.0	0.0	0.0	0.0	0.0	0.0	0.0	0.0	0.0	0.0	0.0	0.0	0.0	0.0	0.0	0.0	0.0	0.0	0.0	0.0	0.0	0.0	0.0	0.0	0.0	0.0	0.0	0.0	0.0	0.0	0.0	0.0	0.0	0.0	0.0	0.0	0.0	0.0	0.0	0.0	0.0	0.0	0.0	0.0	0.0	0.0	0.0	0.0	0.0	0.0	0.0	0.0	0.0	0.0	0.0	0.0	0.0	0.0
Root; d__Bacteria; p__Bacteroidota; c__Bacteroidia; o__Chitinophagales; f__Chitinophagaceae; g__JAJKIP01	0.0	0.0	0.0	0.0	0.02	0.0	0.0	0.02	0.0	0.0	0.0	0.0	0.0	0.0	0.0	0.02	0.0	0.0	0.04	0.04	0.0	0.02	0.0	0.0	0.03	0.03	0.0	0.04	0.02	0.0	0.02	0.05	0.0	0.04	0.02	0.0	0.0	0.0	0.0	0.02	0.0	0.0	0.0	0.0	0.0	0.02	0.02	0.0	0.0	0.02	0.0	0.02	0.03	0.0	0.03	0.02	0.0	0.02	0.03	0.02	0.03	0.03	0.06	0.02	0.03	0.0	0.04	0.03	0.0	0.02	0.04	0.0
Root; d__Bacteria; p__Bacteroidota; c__Bacteroidia; o__Chitinophagales; f__Chitinophagaceae; g__Ilyomonas	0.0	0.0	0.0	0.0	0.02	0.0	0.02	0.0	0.0	0.0	0.0	0.0	0.0	0.0	0.0	0.01	0.02	0.0	0.03	0.02	0.0	0.03	0.04	0.0	0.0	0.03	0.0	0.0	0.02	0.05	0.02	0.03	0.0	0.04	0.03	0.0	0.03	0.02	0.0	0.05	0.02	0.0	0.02	0.0	0.0	0.0	0.0	0.0	0.0	0.03	0.0	0.02	0.03	0.0	0.02	0.04	0.0	0.03	0.03	0.03	0.05	0.04	0.04	0.05	0.02	0.05	0.01	0.02	0.0	0.01	0.05	0.0
Root; d__Bacteria; p__Bacteroidota; c__Bacteroidia; o__Chitinophagales; f__Saprospiraceae; g__Opimibacter	0.0	0.0	0.0	0.0	0.02	0.0	0.0	0.0	0.0	0.0	0.0	0.0	0.0	0.0	0.0	0.0	0.0	0.0	0.0	0.0	0.0	0.0	0.0	0.0	0.0	0.0	0.0	0.0	0.0	0.0	0.0	0.02	0.0	0.0	0.0	0.0	0.0	0.0	0.0	0.0	0.0	0.0	0.0	0.0	0.0	0.0	0.0	0.0	0.0	0.0	0.0	0.0	0.0	0.0	0.0	0.0	0.0	0.0	0.0	0.0	0.0	0.0	0.0	0.0	0.0	0.0	0.0	0.0	0.0	0.0	0.0	0.0
Root; d__Bacteria; p__Acidobacteriota; c__Thermoanaerobaculia; o__Multivoradales; f__UBA5704; g__SPIREOTU_01876756	0.0	0.0	0.0	0.0	0.02	0.0	0.0	0.0	0.0	0.02	0.02	0.0	0.0	0.0	0.0	0.0	0.0	0.0	0.02	0.0	0.0	0.0	0.0	0.0	0.03	0.02	0.0	0.03	0.0	0.0	0.0	0.0	0.0	0.0	0.03	0.0	0.0	0.0	0.0	0.0	0.0	0.0	0.0	0.0	0.0	0.0	0.0	0.0	0.0	0.0	0.0	0.0	0.0	0.0	0.0	0.0	0.0	0.01	0.01	0.0	0.01	0.01	0.0	0.0	0.0	0.0	0.01	0.02	0.0	0.0	0.0	0.0
Root; d__Bacteria; p__Bacillota; c__Bacilli; o__Bacillales_A; f__Planococcaceae; g__Lysinibacillus_B	0.0	0.0	0.0	0.0	0.02	0.0	0.0	0.02	0.0	0.0	0.0	0.0	0.0	0.0	0.0	0.0	0.02	0.0	0.0	0.0	0.0	0.0	0.0	0.0	0.0	0.0	0.0	0.0	0.0	0.0	0.02	0.0	0.0	0.0	0.0	0.0	0.0	0.0	0.0	0.0	0.0	0.0	0.0	0.02	0.0	0.0	0.0	0.0	0.0	0.02	0.0	0.0	0.0	0.0	0.0	0.0	0.0	0.0	0.0	0.0	0.0	0.0	0.0	0.0	0.0	0.0	0.0	0.0	0.0	0.0	0.0	0.0
Root; d__Bacteria; p__Verrucomicrobiota; c__Verrucomicrobiia; o__Limisphaerales; f__SXQI01; g__SPIREOTU_01905845	0.0	0.0	0.0	0.0	0.02	0.0	0.0	0.0	0.0	0.02	0.0	0.0	0.0	0.0	0.0	0.02	0.02	0.0	0.0	0.03	0.0	0.02	0.02	0.0	0.03	0.0	0.0	0.02	0.0	0.0	0.01	0.0	0.0	0.0	0.0	0.0	0.02	0.02	0.0	0.02	0.02	0.0	0.03	0.0	0.0	0.02	0.02	0.0	0.0	0.02	0.0	0.03	0.04	0.0	0.03	0.0	0.0	0.03	0.03	0.0	0.02	0.03	0.01	0.02	0.02	0.0	0.02	0.03	0.0	0.04	0.04	0.0
Root; d__Bacteria; p__Myxococcota; c__Myxococcia; o__Myxococcales; f__Myxococcaceae; g__DASRBA01	0.0	0.0	0.0	0.0	0.02	0.0	0.0	0.0	0.0	0.02	0.04	0.0	0.0	0.0	0.0	0.02	0.0	0.0	0.02	0.0	0.0	0.0	0.03	0.0	0.0	0.0	0.0	0.02	0.02	0.0	0.01	0.02	0.0	0.02	0.0	0.0	0.02	0.03	0.0	0.0	0.05	0.05	0.03	0.04	0.0	0.04	0.03	0.0	0.04	0.01	0.0	0.04	0.04	0.0	0.04	0.02	0.0	0.04	0.02	0.03	0.04	0.04	0.02	0.03	0.02	0.0	0.02	0.05	0.0	0.03	0.02	0.0
Root; d__Bacteria; p__Myxococcota_A; c__Polyangia; o__Fen-1088; f__Fen-1088; g__MGYG000494173	0.0	0.0	0.0	0.0	0.03	0.0	0.03	0.02	0.0	0.0	0.0	0.0	0.0	0.03	0.0	0.04	0.03	0.0	0.05	0.08	0.0	0.06	0.04	0.0	0.0	0.03	0.0	0.08	0.06	0.0	0.04	0.04	0.08	0.04	0.05	0.0	0.02	0.03	0.0	0.02	0.02	0.0	0.0	0.03	0.0	0.03	0.03	0.0	0.02	0.03	0.0	0.02	0.02	0.0	0.0	0.0	0.0	0.01	0.02	0.0	0.0	0.01	0.01	0.0	0.0	0.0	0.0	0.0	0.0	0.0	0.0	0.0
Root; d__Bacteria; p__Myxococcota_A; c__Polyangia; o__Fen-1088; f__Fen-1088; g__JANNNO01	0.0	0.0	0.0	0.0	0.03	0.0	0.0	0.0	0.0	0.02	0.0	0.0	0.0	0.0	0.0	0.0	0.0	0.0	0.0	0.02	0.0	0.0	0.0	0.0	0.0	0.0	0.0	0.04	0.0	0.0	0.01	0.01	0.0	0.02	0.0	0.0	0.0	0.0	0.0	0.0	0.0	0.0	0.0	0.0	0.0	0.0	0.0	0.0	0.0	0.0	0.0	0.0	0.0	0.0	0.0	0.0	0.0	0.0	0.01	0.0	0.01	0.01	0.0	0.0	0.0	0.0	0.0	0.0	0.0	0.0	0.0	0.0
Root; d__Bacteria; p__Myxococcota_A; c__Polyangia; o__Fen-1088; f__Fen-1088; g__DASZFV01	0.0	0.0	0.0	0.0	0.02	0.0	0.0	0.0	0.0	0.0	0.0	0.0	0.0	0.0	0.0	0.0	0.0	0.0	0.03	0.0	0.04	0.03	0.03	0.0	0.02	0.02	0.0	0.03	0.02	0.0	0.02	0.02	0.0	0.03	0.02	0.0	0.0	0.0	0.0	0.0	0.0	0.0	0.0	0.0	0.0	0.0	0.0	0.0	0.0	0.0	0.0	0.0	0.0	0.0	0.0	0.0	0.0	0.02	0.01	0.0	0.02	0.01	0.0	0.01	0.01	0.0	0.0	0.01	0.0	0.02	0.0	0.0
Root; d__Bacteria; p__Planctomycetota; c__Planctomycetia; o__Isosphaerales; f__Isosphaeraceae; g__JAKAUH01	0.0	0.0	0.0	0.0	0.02	0.0	0.0	0.0	0.0	0.02	0.0	0.0	0.0	0.02	0.0	0.04	0.04	0.0	0.0	0.01	0.0	0.0	0.0	0.0	0.02	0.0	0.0	0.0	0.0	0.0	0.0	0.02	0.0	0.0	0.0	0.0	0.07	0.04	0.05	0.07	0.05	0.0	0.04	0.07	0.0	0.06	0.02	0.05	0.06	0.04	0.0	0.04	0.05	0.0	0.02	0.02	0.0	0.02	0.03	0.03	0.03	0.03	0.02	0.02	0.06	0.0	0.05	0.03	0.0	0.03	0.02	0.0
Root; d__Bacteria; p__Planctomycetota; c__Planctomycetia; o__Kolteriales; f__SPIREOTU_00053555; g__SPIREOTU_00053555	0.0	0.0	0.0	0.0	0.02	0.0	0.0	0.0	0.0	0.0	0.0	0.0	0.0	0.0	0.0	0.0	0.0	0.0	0.02	0.0	0.0	0.0	0.03	0.0	0.02	0.02	0.0	0.0	0.02	0.0	0.0	0.0	0.0	0.0	0.02	0.0	0.0	0.0	0.0	0.0	0.0	0.0	0.0	0.0	0.0	0.0	0.0	0.0	0.0	0.0	0.0	0.0	0.0	0.0	0.0	0.0	0.0	0.01	0.01	0.0	0.01	0.01	0.01	0.03	0.0	0.0	0.0	0.0	0.0	0.0	0.0	0.0
Root; d__Bacteria; p__Planctomycetota; c__Phycisphaerae; o__Tepidisphaerales; f__Tepidisphaeraceae; g__CBDAQA01	0.0	0.0	0.0	0.0	0.03	0.0	0.0	0.01	0.0	0.0	0.0	0.0	0.0	0.0	0.0	0.0	0.01	0.0	0.0	0.0	0.0	0.0	0.02	0.0	0.02	0.0	0.0	0.0	0.0	0.0	0.02	0.0	0.0	0.03	0.04	0.0	0.0	0.0	0.0	0.0	0.02	0.0	0.0	0.02	0.0	0.0	0.02	0.0	0.0	0.0	0.0	0.0	0.0	0.0	0.0	0.0	0.0	0.02	0.03	0.0	0.01	0.02	0.0	0.0	0.0	0.0	0.0	0.02	0.0	0.01	0.01	0.0
Root; d__Bacteria; p__Chloroflexota; c__Limnocylindria; o__Limnocylindrales; f__CSP1-4; g__Chersky-267	0.0	0.0	0.0	0.0	0.0	0.0	0.02	0.01	0.0	0.0	0.0	0.0	0.0	0.0	0.0	0.02	0.0	0.0	0.0	0.0	0.0	0.0	0.0	0.0	0.0	0.0	0.0	0.0	0.0	0.0	0.0	0.0	0.0	0.0	0.0	0.0	0.02	0.02	0.0	0.02	0.01	0.0	0.03	0.02	0.0	0.0	0.0	0.0	0.0	0.0	0.0	0.03	0.0	0.0	0.02	0.0	0.04	0.02	0.02	0.05	0.03	0.03	0.0	0.0	0.02	0.0	0.02	0.04	0.0	0.03	0.03	0.0
Root; d__Bacteria; p__Acidobacteriota; c__Terriglobia; o__Bryobacterales; f__Bryobacteraceae; g__BOG-234	0.0	0.0	0.0	0.0	0.0	0.0	0.02	0.02	0.0	0.0	0.02	0.0	0.0	0.0	0.0	0.02	0.05	0.0	0.0	0.02	0.0	0.03	0.0	0.0	0.02	0.0	0.0	0.0	0.0	0.0	0.02	0.02	0.0	0.0	0.02	0.0	0.11	0.1	0.0	0.1	0.09	0.0	0.08	0.09	0.09	0.15	0.12	0.06	0.08	0.09	0.0	0.07	0.13	0.07	0.08	0.11	0.07	0.11	0.11	0.06	0.1	0.09	0.1	0.11	0.16	0.14	0.19	0.13	0.08	0.12	0.11	0.14
Root; d__Bacteria; p__Pseudomonadota; c__Alphaproteobacteria; o__Sphingomonadales; f__Sphingomonadaceae; g__Rhizorhabdus	0.0	0.0	0.0	0.0	0.0	0.0	0.02	0.02	0.0	0.02	0.0	0.0	0.0	0.0	0.0	0.0	0.02	0.0	0.0	0.03	0.0	0.0	0.02	0.0	0.0	0.03	0.0	0.0	0.02	0.0	0.0	0.01	0.0	0.0	0.01	0.0	0.02	0.02	0.0	0.02	0.0	0.0	0.0	0.0	0.0	0.02	0.0	0.0	0.0	0.02	0.0	0.0	0.02	0.0	0.0	0.0	0.0	0.01	0.0	0.0	0.01	0.01	0.0	0.0	0.0	0.0	0.0	0.01	0.0	0.0	0.0	0.0
Root; d__Bacteria; p__Pseudomonadota; c__Alphaproteobacteria; o__Sphingomonadales; f__Sphingomonadaceae; g__Sphingomonas_B	0.0	0.0	0.0	0.0	0.0	0.0	0.02	0.0	0.0	0.0	0.0	0.0	0.0	0.0	0.0	0.0	0.0	0.0	0.0	0.0	0.0	0.0	0.0	0.0	0.0	0.0	0.0	0.0	0.0	0.0	0.0	0.0	0.0	0.0	0.0	0.0	0.0	0.0	0.0	0.0	0.0	0.0	0.0	0.02	0.0	0.0	0.0	0.0	0.0	0.0	0.0	0.0	0.0	0.0	0.0	0.0	0.0	0.01	0.0	0.0	0.01	0.02	0.0	0.0	0.0	0.0	0.0	0.0	0.0	0.0	0.0	0.0
Root; d__Bacteria; p__Pseudomonadota; c__Alphaproteobacteria; o__Rhizobiales; f__Xanthobacteraceae; g__Rhodopseudomonas	0.0	0.0	0.0	0.0	0.0	0.0	0.01	0.0	0.0	0.0	0.0	0.0	0.0	0.0	0.0	0.0	0.0	0.0	0.0	0.0	0.0	0.0	0.0	0.0	0.0	0.0	0.0	0.02	0.02	0.0	0.0	0.0	0.0	0.0	0.0	0.0	0.0	0.0	0.0	0.0	0.0	0.0	0.0	0.01	0.0	0.0	0.0	0.0	0.0	0.0	0.0	0.0	0.0	0.0	0.0	0.0	0.0	0.01	0.01	0.0	0.01	0.01	0.01	0.02	0.0	0.0	0.02	0.0	0.0	0.02	0.0	0.0
Root; d__Bacteria; p__Pseudomonadota; c__Alphaproteobacteria; o__Rhizobiales; f__Hyphomicrobiaceae; g__Hyphomicrobium_B	0.0	0.0	0.0	0.0	0.0	0.0	0.02	0.0	0.0	0.0	0.0	0.0	0.0	0.0	0.0	0.0	0.0	0.0	0.0	0.0	0.0	0.0	0.0	0.0	0.0	0.0	0.0	0.0	0.0	0.0	0.0	0.0	0.0	0.0	0.02	0.0	0.0	0.0	0.0	0.0	0.01	0.0	0.0	0.0	0.0	0.0	0.0	0.0	0.02	0.0	0.0	0.0	0.0	0.0	0.0	0.0	0.0	0.01	0.01	0.0	0.01	0.01	0.0	0.0	0.0	0.0	0.0	0.0	0.0	0.0	0.01	0.0
Root; d__Bacteria; p__Pseudomonadota; c__Alphaproteobacteria; o__Caulobacterales; f__Caulobacteraceae; g__Asticcacaulis	0.0	0.0	0.0	0.0	0.0	0.0	0.03	0.01	0.0	0.0	0.0	0.0	0.0	0.0	0.0	0.0	0.0	0.0	0.0	0.0	0.0	0.0	0.0	0.0	0.0	0.0	0.0	0.0	0.0	0.0	0.0	0.0	0.0	0.0	0.0	0.0	0.0	0.0	0.0	0.0	0.0	0.0	0.0	0.0	0.0	0.0	0.0	0.0	0.0	0.0	0.0	0.0	0.0	0.0	0.0	0.0	0.0	0.0	0.0	0.0	0.0	0.0	0.0	0.0	0.0	0.0	0.0	0.0	0.0	0.0	0.0	0.0
Root; d__Bacteria; p__Pseudomonadota; c__Alphaproteobacteria; o__Micropepsales; f__Micropepsaceae; g__CAIYRG01	0.0	0.0	0.0	0.0	0.0	0.0	0.02	0.0	0.0	0.0	0.0	0.0	0.0	0.0	0.0	0.02	0.0	0.0	0.02	0.02	0.0	0.0	0.02	0.0	0.03	0.02	0.0	0.02	0.0	0.0	0.02	0.0	0.0	0.02	0.03	0.0	0.05	0.03	0.0	0.04	0.02	0.0	0.03	0.06	0.0	0.04	0.08	0.0	0.04	0.04	0.05	0.06	0.03	0.0	0.04	0.04	0.0	0.04	0.04	0.0	0.03	0.04	0.03	0.04	0.02	0.0	0.04	0.03	0.0	0.05	0.03	0.0
Root; d__Bacteria; p__Pseudomonadota; c__Alphaproteobacteria; o__Acetobacterales; f__Acetobacteraceae; g__Belnapia	0.0	0.0	0.0	0.0	0.0	0.0	0.02	0.0	0.0	0.0	0.0	0.0	0.0	0.0	0.0	0.0	0.0	0.0	0.0	0.0	0.0	0.0	0.0	0.0	0.0	0.0	0.0	0.0	0.0	0.0	0.0	0.0	0.0	0.0	0.0	0.0	0.0	0.0	0.0	0.0	0.0	0.0	0.0	0.0	0.0	0.0	0.0	0.0	0.0	0.0	0.0	0.0	0.0	0.0	0.0	0.0	0.0	0.01	0.01	0.0	0.01	0.01	0.0	0.0	0.0	0.0	0.0	0.0	0.0	0.0	0.0	0.0
Root; d__Bacteria; p__Pseudomonadota; c__Alphaproteobacteria; o__Dongiales; f__Dongiaceae; g__Dongia_A	0.0	0.0	0.0	0.0	0.0	0.0	0.02	0.0	0.0	0.03	0.02	0.0	0.02	0.0	0.0	0.02	0.0	0.0	0.0	0.0	0.0	0.0	0.0	0.0	0.0	0.0	0.0	0.0	0.0	0.0	0.0	0.02	0.0	0.0	0.0	0.0	0.0	0.0	0.0	0.02	0.0	0.0	0.0	0.02	0.0	0.0	0.0	0.0	0.0	0.0	0.0	0.0	0.0	0.0	0.0	0.0	0.0	0.02	0.02	0.0	0.02	0.02	0.01	0.0	0.02	0.0	0.02	0.02	0.0	0.03	0.02	0.0
Root; d__Bacteria; p__Pseudomonadota; c__Gammaproteobacteria; o__Burkholderiales; f__Methylophilaceae; g__Methylophilus	0.0	0.0	0.0	0.0	0.0	0.0	0.02	0.03	0.0	0.0	0.0	0.0	0.0	0.0	0.0	0.0	0.0	0.0	0.0	0.0	0.0	0.0	0.0	0.0	0.0	0.0	0.0	0.0	0.0	0.0	0.0	0.0	0.0	0.0	0.0	0.0	0.0	0.0	0.0	0.0	0.0	0.0	0.0	0.0	0.0	0.0	0.0	0.0	0.0	0.0	0.0	0.0	0.0	0.0	0.0	0.0	0.0	0.0	0.0	0.0	0.0	0.0	0.0	0.0	0.0	0.0	0.0	0.0	0.0	0.0	0.0	0.0
Root; d__Bacteria; p__Pseudomonadota; c__Gammaproteobacteria; o__Burkholderiales; f__Burkholderiaceae_B; g__Achromobacter	0.0	0.0	0.0	0.0	0.0	0.0	0.03	0.02	0.0	0.0	0.0	0.0	0.0	0.0	0.0	0.0	0.0	0.0	0.0	0.0	0.0	0.0	0.0	0.0	0.0	0.0	0.0	0.0	0.0	0.0	0.0	0.0	0.0	0.0	0.0	0.0	0.0	0.0	0.0	0.0	0.0	0.0	0.0	0.0	0.0	0.0	0.0	0.0	0.0	0.0	0.0	0.0	0.0	0.0	0.0	0.0	0.0	0.0	0.0	0.0	0.0	0.0	0.0	0.0	0.0	0.0	0.0	0.0	0.0	0.0	0.0	0.0
Root; d__Bacteria; p__Pseudomonadota; c__Gammaproteobacteria; o__Pseudomonadales; f__Pseudohongiellaceae; g__CAILUG01	0.0	0.0	0.0	0.0	0.0	0.0	0.02	0.0	0.0	0.0	0.0	0.0	0.0	0.0	0.0	0.0	0.0	0.0	0.0	0.0	0.0	0.0	0.0	0.0	0.0	0.0	0.0	0.0	0.0	0.0	0.0	0.0	0.0	0.0	0.0	0.0	0.0	0.0	0.0	0.0	0.0	0.0	0.0	0.0	0.0	0.0	0.0	0.0	0.0	0.0	0.0	0.0	0.0	0.0	0.0	0.0	0.0	0.0	0.0	0.0	0.0	0.0	0.0	0.0	0.0	0.0	0.0	0.0	0.0	0.0	0.0	0.0
Root; d__Bacteria; p__Bacillota; c__Bacilli; o__Paenibacillales; f__Paenibacillaceae; g__Paenibacillus_Z	0.0	0.0	0.0	0.0	0.0	0.0	0.01	0.0	0.0	0.0	0.0	0.0	0.0	0.0	0.0	0.0	0.0	0.0	0.0	0.0	0.0	0.0	0.0	0.0	0.0	0.0	0.0	0.0	0.0	0.0	0.0	0.0	0.0	0.0	0.0	0.0	0.0	0.0	0.0	0.0	0.0	0.0	0.0	0.0	0.0	0.0	0.0	0.0	0.0	0.0	0.0	0.0	0.0	0.0	0.0	0.0	0.0	0.0	0.01	0.0	0.0	0.01	0.0	0.0	0.0	0.0	0.0	0.0	0.0	0.0	0.0	0.0
Root; d__Bacteria; p__Bacillota; c__Bacilli; o__Paenibacillales; f__Paenibacillaceae; g__Pristimantibacillus	0.0	0.0	0.0	0.0	0.0	0.0	0.02	0.03	0.0	0.0	0.0	0.0	0.0	0.0	0.0	0.0	0.0	0.0	0.0	0.0	0.0	0.0	0.0	0.0	0.0	0.0	0.0	0.0	0.0	0.0	0.0	0.0	0.0	0.0	0.0	0.0	0.0	0.0	0.0	0.0	0.0	0.0	0.0	0.0	0.0	0.0	0.0	0.0	0.0	0.0	0.0	0.0	0.0	0.0	0.0	0.0	0.0	0.0	0.0	0.0	0.0	0.0	0.0	0.0	0.0	0.0	0.0	0.0	0.0	0.0	0.0	0.0
Root; d__Bacteria; p__Bacillota; c__Bacilli; o__Bacillales; f__Cytobacillaceae; g__Pseudoneobacillus	0.0	0.0	0.0	0.0	0.0	0.0	0.02	0.0	0.0	0.0	0.0	0.0	0.0	0.0	0.0	0.0	0.0	0.0	0.0	0.0	0.0	0.0	0.0	0.0	0.0	0.0	0.0	0.0	0.0	0.0	0.0	0.0	0.0	0.0	0.0	0.0	0.0	0.0	0.0	0.0	0.0	0.0	0.0	0.0	0.0	0.0	0.0	0.0	0.0	0.0	0.0	0.0	0.0	0.0	0.0	0.0	0.0	0.0	0.0	0.0	0.0	0.0	0.0	0.0	0.0	0.0	0.0	0.0	0.0	0.0	0.0	0.0
Root; d__Bacteria; p__Bacillota; c__Bacilli; o__Bacillales; f__Cytobacillaceae; g__Neobacillus_A	0.0	0.0	0.0	0.0	0.0	0.0	0.02	0.0	0.0	0.02	0.0	0.0	0.0	0.0	0.0	0.0	0.0	0.0	0.0	0.0	0.0	0.0	0.0	0.0	0.0	0.0	0.0	0.0	0.03	0.0	0.0	0.0	0.0	0.0	0.0	0.0	0.0	0.0	0.0	0.0	0.0	0.0	0.0	0.0	0.0	0.0	0.0	0.0	0.0	0.0	0.0	0.0	0.0	0.0	0.0	0.0	0.0	0.0	0.0	0.0	0.0	0.0	0.0	0.0	0.0	0.0	0.0	0.0	0.0	0.0	0.0	0.0
Root; d__Bacteria; p__Bacillota; c__Bacilli; o__Bacillales; f__Pradoshiaceae; g__Pradoshia	0.0	0.0	0.0	0.0	0.0	0.0	0.02	0.03	0.0	0.0	0.0	0.0	0.0	0.0	0.0	0.0	0.0	0.0	0.02	0.04	0.0	0.02	0.03	0.0	0.02	0.04	0.0	0.04	0.02	0.0	0.04	0.03	0.0	0.03	0.03	0.0	0.0	0.0	0.0	0.0	0.0	0.0	0.0	0.0	0.0	0.0	0.0	0.0	0.0	0.0	0.0	0.0	0.0	0.0	0.0	0.0	0.0	0.0	0.0	0.0	0.0	0.0	0.0	0.0	0.0	0.0	0.0	0.0	0.0	0.0	0.0	0.0
Root; d__Bacteria; p__Bacillota; c__Bacilli; o__Bacillales_A; f__Planococcaceae; g__Solibacillus	0.0	0.0	0.0	0.0	0.0	0.0	0.06	0.04	0.05	0.03	0.02	0.0	0.0	0.02	0.0	0.03	0.02	0.0	0.02	0.06	0.0	0.02	0.03	0.0	0.03	0.04	0.0	0.07	0.05	0.05	0.05	0.04	0.0	0.06	0.04	0.0	0.0	0.0	0.0	0.0	0.0	0.0	0.0	0.0	0.0	0.0	0.0	0.0	0.0	0.0	0.0	0.0	0.0	0.0	0.0	0.0	0.0	0.0	0.0	0.0	0.0	0.0	0.0	0.0	0.0	0.0	0.0	0.0	0.0	0.0	0.0	0.0
Root; d__Bacteria; p__Bacillota; c__Bacilli; o__Bacillales_A; f__Planococcaceae; g__JAZLIT01	0.0	0.0	0.0	0.0	0.0	0.0	0.02	0.05	0.0	0.0	0.0	0.0	0.0	0.0	0.0	0.0	0.0	0.0	0.0	0.0	0.0	0.0	0.0	0.0	0.02	0.0	0.0	0.0	0.0	0.0	0.0	0.0	0.0	0.0	0.0	0.0	0.0	0.0	0.0	0.0	0.0	0.0	0.0	0.0	0.0	0.0	0.0	0.0	0.0	0.0	0.0	0.0	0.0	0.0	0.0	0.0	0.0	0.0	0.0	0.0	0.0	0.0	0.0	0.0	0.0	0.0	0.0	0.0	0.0	0.0	0.0	0.0
Root; d__Bacteria; p__Planctomycetota; c__Phycisphaerae; o__Tepidisphaerales; f__Tepidisphaeraceae; g__PALSA-1353	0.0	0.0	0.0	0.0	0.0	0.0	0.02	0.0	0.0	0.0	0.0	0.0	0.0	0.0	0.0	0.0	0.0	0.0	0.0	0.0	0.0	0.0	0.0	0.0	0.0	0.0	0.0	0.0	0.01	0.0	0.02	0.0	0.0	0.02	0.02	0.0	0.02	0.03	0.0	0.0	0.03	0.0	0.0	0.03	0.0	0.0	0.0	0.0	0.04	0.0	0.0	0.02	0.03	0.0	0.03	0.0	0.0	0.02	0.02	0.02	0.02	0.02	0.0	0.03	0.02	0.0	0.03	0.0	0.0	0.04	0.0	0.0
Root; d__Bacteria; p__Planctomycetota; c__Planctomycetia; o__Gemmatales; f__Gemmataceae; g__DATJGQ01	0.0	0.0	0.0	0.0	0.0	0.0	0.02	0.0	0.0	0.0	0.0	0.0	0.0	0.0	0.0	0.0	0.0	0.0	0.0	0.0	0.0	0.0	0.0	0.0	0.0	0.0	0.0	0.0	0.0	0.0	0.0	0.0	0.0	0.0	0.0	0.0	0.0	0.0	0.0	0.0	0.0	0.0	0.0	0.0	0.0	0.0	0.0	0.0	0.0	0.0	0.0	0.0	0.0	0.0	0.0	0.0	0.0	0.02	0.01	0.0	0.01	0.01	0.0	0.0	0.0	0.0	0.0	0.0	0.0	0.0	0.0	0.0
Root; d__Bacteria; p__Verrucomicrobiota; c__Verrucomicrobiia; o__Verrucomicrobiales; f__V1-33; g__CAIZWU01	0.0	0.0	0.0	0.0	0.0	0.0	0.02	0.0	0.0	0.0	0.0	0.0	0.0	0.0	0.0	0.0	0.0	0.0	0.0	0.0	0.0	0.0	0.0	0.0	0.0	0.0	0.0	0.0	0.0	0.0	0.0	0.0	0.0	0.0	0.0	0.0	0.0	0.0	0.0	0.0	0.0	0.0	0.0	0.0	0.0	0.0	0.0	0.0	0.0	0.0	0.0	0.0	0.0	0.0	0.0	0.0	0.0	0.0	0.0	0.0	0.0	0.0	0.0	0.0	0.0	0.0	0.0	0.0	0.0	0.0	0.0	0.0
Root; d__Bacteria; p__Verrucomicrobiota; c__Verrucomicrobiia; o__Limisphaerales; f__SIBE01; g__JAXMHN01	0.0	0.0	0.0	0.0	0.0	0.0	0.02	0.0	0.0	0.0	0.0	0.0	0.0	0.0	0.0	0.0	0.0	0.0	0.0	0.0	0.0	0.0	0.0	0.0	0.0	0.0	0.0	0.0	0.0	0.0	0.0	0.0	0.0	0.0	0.0	0.0	0.02	0.02	0.0	0.0	0.0	0.0	0.0	0.03	0.0	0.0	0.0	0.0	0.0	0.0	0.0	0.0	0.0	0.0	0.0	0.02	0.0	0.01	0.01	0.0	0.01	0.02	0.02	0.0	0.0	0.0	0.0	0.0	0.0	0.01	0.0	0.0
Root; d__Bacteria; p__Myxococcota_A; c__Polyangia; o__Polyangiales; f__Polyangiaceae; g__JADJRH01	0.0	0.0	0.0	0.0	0.0	0.0	0.01	0.02	0.0	0.0	0.0	0.0	0.0	0.0	0.0	0.0	0.0	0.0	0.0	0.0	0.0	0.0	0.0	0.0	0.0	0.0	0.0	0.0	0.02	0.0	0.0	0.0	0.0	0.0	0.0	0.0	0.0	0.0	0.0	0.02	0.0	0.0	0.0	0.01	0.0	0.0	0.0	0.0	0.0	0.0	0.0	0.0	0.0	0.0	0.02	0.0	0.0	0.02	0.02	0.0	0.03	0.03	0.02	0.0	0.02	0.0	0.01	0.02	0.0	0.02	0.01	0.0
Root; d__Bacteria; p__Myxococcota_A; c__Polyangia; o__Polyangiales; f__Polyangiaceae; g__GCMETA_00120856	0.0	0.0	0.0	0.0	0.0	0.0	0.01	0.0	0.0	0.01	0.0	0.0	0.0	0.0	0.0	0.0	0.0	0.0	0.02	0.02	0.0	0.0	0.02	0.0	0.0	0.0	0.0	0.0	0.0	0.0	0.02	0.03	0.0	0.0	0.03	0.0	0.0	0.0	0.0	0.0	0.0	0.0	0.0	0.0	0.0	0.0	0.0	0.0	0.0	0.0	0.0	0.0	0.0	0.0	0.02	0.0	0.0	0.0	0.01	0.0	0.01	0.01	0.02	0.0	0.0	0.0	0.01	0.0	0.0	0.0	0.0	0.04
Root; d__Bacteria; p__Bacteroidota; c__Bacteroidia; o__Chitinophagales; f__Chitinophagaceae; g__Phnomibacter	0.0	0.0	0.0	0.0	0.0	0.0	0.02	0.03	0.0	0.0	0.0	0.0	0.0	0.0	0.0	0.0	0.0	0.0	0.0	0.0	0.0	0.0	0.0	0.0	0.0	0.0	0.0	0.0	0.0	0.0	0.0	0.0	0.0	0.0	0.0	0.0	0.0	0.0	0.0	0.0	0.0	0.0	0.0	0.0	0.0	0.0	0.0	0.0	0.0	0.0	0.0	0.0	0.0	0.0	0.0	0.0	0.0	0.0	0.01	0.0	0.0	0.01	0.0	0.0	0.0	0.0	0.0	0.0	0.0	0.0	0.0	0.0
Root; d__Bacteria; p__Bacteroidota; c__Bacteroidia; o__Chitinophagales; f__Chitinophagaceae; g__SMAGOTU_20969	0.0	0.0	0.0	0.0	0.0	0.0	0.02	0.0	0.0	0.0	0.0	0.0	0.0	0.0	0.0	0.0	0.0	0.0	0.0	0.0	0.0	0.0	0.0	0.0	0.0	0.0	0.0	0.0	0.0	0.0	0.0	0.0	0.0	0.0	0.0	0.0	0.0	0.0	0.0	0.0	0.0	0.0	0.0	0.0	0.0	0.0	0.0	0.0	0.0	0.0	0.0	0.0	0.0	0.0	0.0	0.0	0.0	0.0	0.0	0.0	0.0	0.01	0.0	0.0	0.0	0.0	0.0	0.0	0.0	0.0	0.0	0.0
Root; d__Bacteria; p__Cyanobacteriota; c__Sericytochromatia; o__S15B-MN24; f__JAQBPE01; g__TPMCOTU_05163	0.0	0.0	0.0	0.0	0.0	0.0	0.02	0.02	0.0	0.0	0.0	0.0	0.0	0.0	0.0	0.0	0.0	0.0	0.0	0.0	0.0	0.0	0.0	0.0	0.0	0.0	0.0	0.0	0.0	0.0	0.0	0.0	0.0	0.0	0.0	0.0	0.0	0.0	0.0	0.0	0.0	0.0	0.0	0.0	0.0	0.0	0.0	0.0	0.0	0.0	0.0	0.0	0.0	0.0	0.0	0.0	0.0	0.0	0.0	0.0	0.0	0.0	0.0	0.0	0.0	0.0	0.0	0.0	0.0	0.0	0.0	0.0
Root; d__Bacteria; p__Actinomycetota; c__Actinomycetes; o__Mycobacteriales; f__Jatrophihabitantaceae; g__Jatrophihabitans_A	0.0	0.0	0.0	0.0	0.0	0.0	0.02	0.0	0.0	0.0	0.0	0.0	0.0	0.0	0.0	0.02	0.02	0.0	0.0	0.0	0.0	0.0	0.0	0.0	0.0	0.0	0.0	0.0	0.0	0.0	0.0	0.0	0.0	0.0	0.0	0.0	0.06	0.07	0.06	0.05	0.06	0.0	0.06	0.05	0.04	0.0	0.05	0.07	0.05	0.03	0.0	0.06	0.06	0.0	0.1	0.12	0.08	0.11	0.14	0.1	0.11	0.11	0.09	0.15	0.13	0.05	0.14	0.12	0.08	0.1	0.09	0.04
Root; d__Bacteria; p__Actinomycetota; c__Actinomycetes; o__Mycobacteriales; f__Micromonosporaceae; g__Asanoa	0.0	0.0	0.0	0.0	0.0	0.0	0.01	0.0	0.0	0.0	0.0	0.0	0.0	0.0	0.0	0.0	0.02	0.0	0.0	0.0	0.0	0.0	0.0	0.0	0.0	0.0	0.0	0.0	0.0	0.0	0.0	0.0	0.0	0.0	0.0	0.0	0.01	0.02	0.0	0.02	0.03	0.0	0.02	0.0	0.0	0.02	0.0	0.0	0.0	0.0	0.0	0.02	0.0	0.0	0.0	0.0	0.0	0.02	0.03	0.0	0.02	0.02	0.0	0.02	0.01	0.0	0.0	0.0	0.0	0.02	0.01	0.0
Root; d__Bacteria; p__Actinomycetota; c__Actinomycetes; o__Mycobacteriales; f__Micromonosporaceae; g__Hamadaea	0.0	0.0	0.0	0.0	0.0	0.0	0.02	0.0	0.0	0.0	0.0	0.0	0.0	0.0	0.0	0.0	0.0	0.0	0.01	0.02	0.0	0.0	0.0	0.0	0.02	0.0	0.0	0.0	0.02	0.0	0.0	0.0	0.0	0.0	0.0	0.0	0.0	0.0	0.0	0.02	0.0	0.0	0.02	0.0	0.0	0.0	0.0	0.0	0.0	0.0	0.0	0.0	0.02	0.0	0.02	0.02	0.0	0.02	0.01	0.0	0.02	0.02	0.03	0.02	0.0	0.0	0.02	0.04	0.0	0.02	0.02	0.0
Root; d__Bacteria; p__Actinomycetota; c__Actinomycetes; o__Mycobacteriales; f__SCTD01; g__RYN-124	0.0	0.0	0.0	0.0	0.0	0.0	0.02	0.02	0.0	0.02	0.03	0.0	0.02	0.0	0.0	0.03	0.02	0.0	0.04	0.04	0.04	0.04	0.07	0.0	0.02	0.02	0.0	0.04	0.06	0.0	0.08	0.06	0.04	0.0	0.04	0.0	0.02	0.02	0.0	0.02	0.02	0.0	0.02	0.02	0.0	0.02	0.0	0.0	0.0	0.02	0.0	0.02	0.0	0.0	0.02	0.04	0.0	0.02	0.02	0.0	0.03	0.03	0.03	0.02	0.02	0.0	0.02	0.03	0.0	0.02	0.03	0.0
Root; d__Bacteria; p__Actinomycetota; c__Actinomycetes; o__Actinomycetales; f__Microbacteriaceae; g__Leucobacter	0.0	0.0	0.0	0.0	0.0	0.0	0.01	0.0	0.0	0.0	0.02	0.0	0.0	0.02	0.0	0.0	0.0	0.0	0.0	0.0	0.0	0.0	0.0	0.0	0.0	0.0	0.0	0.0	0.0	0.0	0.0	0.0	0.0	0.0	0.0	0.0	0.0	0.0	0.0	0.0	0.0	0.0	0.0	0.0	0.0	0.0	0.0	0.0	0.0	0.0	0.0	0.0	0.0	0.0	0.0	0.0	0.0	0.0	0.0	0.0	0.0	0.0	0.0	0.01	0.03	0.0	0.0	0.0	0.0	0.0	0.0	0.0
Root; d__Bacteria; p__Actinomycetota; c__Actinomycetes; o__Actinomycetales; f__Microbacteriaceae; g__Lysinimonas	0.0	0.0	0.0	0.0	0.0	0.0	0.02	0.0	0.0	0.0	0.0	0.0	0.0	0.0	0.0	0.0	0.0	0.0	0.0	0.0	0.0	0.0	0.0	0.0	0.0	0.0	0.0	0.0	0.0	0.0	0.0	0.0	0.0	0.0	0.0	0.0	0.0	0.0	0.0	0.0	0.0	0.0	0.0	0.0	0.0	0.0	0.0	0.0	0.0	0.0	0.0	0.0	0.0	0.0	0.0	0.0	0.0	0.0	0.0	0.0	0.0	0.0	0.0	0.0	0.0	0.0	0.0	0.0	0.0	0.0	0.0	0.0
Root; d__Bacteria; p__Actinomycetota; c__Actinomycetes; o__Actinomycetales; f__Cellulomonadaceae; g__Cellulosimicrobium	0.0	0.0	0.0	0.0	0.0	0.0	0.02	0.0	0.0	0.0	0.0	0.0	0.0	0.0	0.0	0.0	0.0	0.0	0.0	0.0	0.0	0.0	0.0	0.0	0.0	0.0	0.0	0.0	0.0	0.0	0.0	0.0	0.0	0.0	0.0	0.0	0.0	0.0	0.0	0.0	0.0	0.0	0.0	0.0	0.0	0.0	0.0	0.0	0.0	0.0	0.0	0.0	0.0	0.0	0.0	0.0	0.0	0.0	0.0	0.0	0.01	0.0	0.0	0.0	0.0	0.0	0.0	0.0	0.0	0.0	0.0	0.0
Root; d__Bacteria; p__Actinomycetota; c__Actinomycetes; o__Actinomycetales; f__Cellulomonadaceae; g__CRBC_04066	0.0	0.0	0.0	0.0	0.0	0.0	0.02	0.0	0.0	0.0	0.02	0.0	0.0	0.0	0.0	0.0	0.0	0.0	0.0	0.0	0.0	0.0	0.0	0.0	0.0	0.0	0.0	0.0	0.02	0.0	0.0	0.0	0.0	0.0	0.0	0.0	0.0	0.0	0.0	0.0	0.0	0.0	0.0	0.0	0.0	0.0	0.0	0.0	0.0	0.0	0.0	0.0	0.0	0.0	0.0	0.0	0.0	0.0	0.0	0.0	0.01	0.0	0.0	0.0	0.0	0.0	0.0	0.0	0.0	0.0	0.0	0.0
Root; d__Bacteria; p__Actinomycetota; c__Actinomycetes; o__Propionibacteriales; f__Nocardioidaceae; g__SPIREOTU_01876529	0.0	0.0	0.0	0.0	0.0	0.0	0.02	0.0	0.0	0.0	0.0	0.0	0.0	0.0	0.0	0.0	0.0	0.0	0.01	0.0	0.0	0.0	0.0	0.0	0.0	0.0	0.0	0.0	0.0	0.0	0.0	0.0	0.0	0.0	0.0	0.0	0.0	0.0	0.0	0.0	0.0	0.0	0.0	0.0	0.0	0.0	0.0	0.0	0.0	0.0	0.0	0.0	0.0	0.0	0.0	0.0	0.0	0.0	0.01	0.0	0.01	0.0	0.0	0.0	0.0	0.0	0.0	0.02	0.0	0.0	0.0	0.0
Root; d__Bacteria; p__Actinomycetota; c__Actinomycetes; o__Propionibacteriales; f__Nocardioidaceae; g__MOTU40_061319	0.0	0.0	0.0	0.0	0.0	0.0	0.02	0.0	0.0	0.0	0.0	0.0	0.0	0.0	0.0	0.0	0.0	0.0	0.0	0.0	0.0	0.0	0.0	0.0	0.0	0.0	0.0	0.0	0.0	0.0	0.0	0.0	0.0	0.0	0.0	0.0	0.0	0.0	0.0	0.0	0.0	0.0	0.0	0.0	0.0	0.0	0.0	0.0	0.0	0.0	0.0	0.0	0.0	0.0	0.0	0.0	0.0	0.0	0.0	0.0	0.0	0.01	0.0	0.0	0.0	0.0	0.0	0.0	0.0	0.0	0.0	0.0
Root; d__Bacteria; p__Actinomycetota; c__Actinomycetes; o__Motilibacterales; f__Motilibacteraceae; g__JBQCHF01	0.0	0.0	0.0	0.0	0.0	0.0	0.02	0.0	0.0	0.0	0.0	0.0	0.0	0.0	0.0	0.0	0.0	0.0	0.02	0.0	0.0	0.0	0.0	0.0	0.0	0.0	0.0	0.0	0.0	0.0	0.02	0.01	0.0	0.02	0.0	0.0	0.0	0.0	0.0	0.0	0.0	0.0	0.0	0.0	0.0	0.0	0.0	0.0	0.0	0.0	0.0	0.0	0.0	0.0	0.0	0.0	0.0	0.02	0.0	0.0	0.02	0.01	0.0	0.02	0.0	0.0	0.0	0.0	0.0	0.0	0.02	0.0
Root; d__Bacteria; p__Actinomycetota; c__Thermoleophilia; o__Solirubrobacterales; f__Solirubrobacteraceae; g__SPIREOTU_00550353	0.0	0.0	0.0	0.0	0.0	0.0	0.02	0.0	0.0	0.0	0.0	0.0	0.0	0.0	0.0	0.0	0.02	0.0	0.0	0.0	0.0	0.0	0.0	0.0	0.0	0.0	0.0	0.0	0.0	0.0	0.0	0.0	0.0	0.0	0.0	0.0	0.02	0.02	0.0	0.0	0.01	0.0	0.03	0.0	0.0	0.0	0.03	0.0	0.02	0.0	0.0	0.02	0.0	0.0	0.02	0.02	0.0	0.01	0.01	0.0	0.01	0.02	0.0	0.02	0.0	0.0	0.02	0.01	0.0	0.01	0.02	0.0
Root; d__Bacteria; p__Actinomycetota; c__Thermoleophilia; o__Solirubrobacterales; f__Solirubrobacteraceae; g__AMXMAG_1593	0.0	0.0	0.0	0.0	0.0	0.0	0.02	0.0	0.0	0.0	0.0	0.0	0.0	0.0	0.0	0.0	0.0	0.0	0.0	0.0	0.0	0.0	0.0	0.0	0.0	0.0	0.0	0.0	0.0	0.0	0.0	0.0	0.0	0.0	0.0	0.0	0.01	0.02	0.0	0.0	0.0	0.0	0.0	0.0	0.0	0.0	0.0	0.0	0.0	0.0	0.0	0.0	0.02	0.0	0.0	0.0	0.0	0.0	0.01	0.0	0.01	0.01	0.0	0.0	0.0	0.0	0.0	0.0	0.0	0.0	0.01	0.0
Root; d__Bacteria; p__Actinomycetota; c__Thermoleophilia; o__Solirubrobacterales; f__70-9; g__DASUSH01	0.0	0.0	0.0	0.0	0.0	0.0	0.02	0.02	0.0	0.02	0.02	0.0	0.03	0.0	0.0	0.03	0.0	0.0	0.02	0.0	0.0	0.0	0.0	0.0	0.0	0.0	0.0	0.0	0.0	0.0	0.0	0.0	0.0	0.02	0.01	0.0	0.0	0.05	0.0	0.0	0.02	0.0	0.03	0.03	0.0	0.02	0.02	0.0	0.03	0.02	0.0	0.0	0.0	0.0	0.0	0.0	0.0	0.01	0.03	0.0	0.02	0.03	0.01	0.02	0.02	0.0	0.0	0.02	0.0	0.0	0.02	0.0
Root; d__Bacteria; p__Actinomycetota; c__Thermoleophilia; o__Solirubrobacterales; f__Thermoleophilaceae; g__GEMOTU_02405	0.0	0.0	0.0	0.0	0.0	0.0	0.02	0.0	0.0	0.0	0.0	0.0	0.0	0.0	0.0	0.0	0.0	0.0	0.0	0.0	0.0	0.0	0.0	0.0	0.0	0.0	0.0	0.0	0.0	0.0	0.0	0.0	0.0	0.0	0.0	0.0	0.0	0.0	0.0	0.0	0.0	0.0	0.0	0.0	0.0	0.0	0.0	0.0	0.0	0.0	0.0	0.0	0.0	0.0	0.0	0.0	0.0	0.0	0.0	0.0	0.0	0.0	0.0	0.0	0.0	0.0	0.0	0.0	0.0	0.0	0.0	0.0
Root; d__Bacteria; p__Actinomycetota; c__Thermoleophilia; o__Solirubrobacterales; f__JBBDJG01; g__MOTU40_122834	0.0	0.0	0.0	0.0	0.0	0.0	0.02	0.0	0.0	0.02	0.0	0.0	0.0	0.0	0.0	0.0	0.0	0.0	0.0	0.0	0.0	0.0	0.0	0.0	0.0	0.0	0.0	0.0	0.0	0.0	0.0	0.0	0.0	0.0	0.0	0.0	0.0	0.0	0.0	0.0	0.0	0.0	0.0	0.0	0.0	0.0	0.0	0.0	0.0	0.0	0.0	0.0	0.0	0.0	0.0	0.0	0.0	0.0	0.0	0.0	0.0	0.0	0.0	0.0	0.0	0.0	0.0	0.0	0.0	0.0	0.0	0.0
Root; d__Bacteria; p__Actinomycetota; c__Thermoleophilia; o__Solirubrobacterales; f__JBBDJG01; g__JBBQNR01	0.0	0.0	0.0	0.0	0.0	0.0	0.02	0.02	0.0	0.03	0.02	0.0	0.0	0.02	0.0	0.02	0.0	0.0	0.0	0.0	0.0	0.0	0.0	0.0	0.0	0.0	0.0	0.0	0.0	0.0	0.0	0.0	0.0	0.0	0.0	0.0	0.0	0.0	0.0	0.0	0.0	0.0	0.0	0.0	0.0	0.0	0.0	0.0	0.0	0.0	0.0	0.0	0.0	0.0	0.0	0.0	0.0	0.02	0.01	0.0	0.01	0.01	0.0	0.0	0.02	0.0	0.0	0.0	0.0	0.02	0.0	0.0
Root; d__Bacteria; p__Actinomycetota; c__Acidimicrobiia; o__Acidimicrobiales; f__Iamiaceae; g__JAFBAD01	0.0	0.0	0.0	0.0	0.0	0.0	0.02	0.0	0.0	0.0	0.0	0.0	0.0	0.0	0.0	0.02	0.02	0.0	0.0	0.02	0.0	0.0	0.0	0.0	0.0	0.0	0.0	0.0	0.0	0.0	0.02	0.02	0.0	0.02	0.02	0.0	0.02	0.03	0.0	0.0	0.02	0.0	0.02	0.02	0.0	0.0	0.03	0.0	0.03	0.03	0.0	0.03	0.02	0.0	0.0	0.0	0.0	0.03	0.02	0.02	0.01	0.02	0.01	0.03	0.0	0.0	0.0	0.03	0.0	0.02	0.0	0.0
Root; d__Bacteria; p__Actinomycetota; c__Acidimicrobiia; o__Acidimicrobiales; f__Microtrichaceae; g__JBAOHV01	0.0	0.0	0.0	0.0	0.0	0.0	0.02	0.0	0.0	0.0	0.0	0.0	0.0	0.0	0.0	0.0	0.0	0.0	0.0	0.0	0.0	0.0	0.0	0.0	0.0	0.0	0.0	0.0	0.0	0.0	0.0	0.0	0.0	0.0	0.0	0.0	0.0	0.0	0.0	0.0	0.0	0.0	0.0	0.0	0.0	0.0	0.0	0.0	0.0	0.0	0.0	0.0	0.0	0.0	0.0	0.0	0.0	0.0	0.0	0.0	0.0	0.0	0.0	0.0	0.0	0.0	0.0	0.0	0.0	0.0	0.0	0.0
Root; d__Bacteria; p__Gemmatimonadota; c__Gemmatimonadetes; o__Gemmatimonadales; f__Gemmatimonadaceae; g__AG2	0.0	0.0	0.0	0.0	0.0	0.0	0.03	0.0	0.0	0.02	0.0	0.0	0.02	0.0	0.0	0.08	0.06	0.07	0.02	0.03	0.0	0.0	0.0	0.0	0.0	0.02	0.0	0.03	0.02	0.0	0.02	0.03	0.0	0.02	0.0	0.0	0.2	0.23	0.13	0.23	0.23	0.11	0.24	0.21	0.19	0.18	0.19	0.14	0.22	0.24	0.13	0.2	0.23	0.13	0.18	0.15	0.21	0.13	0.21	0.19	0.18	0.2	0.18	0.16	0.18	0.13	0.16	0.21	0.16	0.16	0.16	0.14
Root; d__Bacteria; p__Pseudomonadota; c__Gammaproteobacteria; o__Steroidobacterales; f__Steroidobacteraceae; g__GCMETA_00120561	0.0	0.0	0.0	0.0	0.0	0.0	0.0	0.01	0.0	0.0	0.0	0.0	0.0	0.0	0.0	0.0	0.0	0.0	0.0	0.0	0.0	0.0	0.0	0.0	0.0	0.0	0.0	0.0	0.0	0.0	0.0	0.0	0.0	0.0	0.0	0.0	0.0	0.0	0.0	0.0	0.0	0.0	0.0	0.0	0.0	0.0	0.0	0.0	0.0	0.0	0.0	0.0	0.0	0.0	0.0	0.0	0.0	0.0	0.0	0.0	0.0	0.0	0.0	0.0	0.0	0.0	0.0	0.0	0.0	0.0	0.0	0.0
Root; d__Bacteria; p__Pseudomonadota; c__Gammaproteobacteria; o__Burkholderiales; f__Burkholderiaceae_C; g__JAEUPI01	0.0	0.0	0.0	0.0	0.0	0.0	0.0	0.02	0.0	0.0	0.0	0.0	0.02	0.03	0.0	0.02	0.02	0.0	0.0	0.0	0.0	0.0	0.0	0.0	0.0	0.0	0.0	0.0	0.0	0.0	0.0	0.0	0.0	0.0	0.0	0.0	0.0	0.02	0.0	0.0	0.0	0.0	0.0	0.0	0.0	0.02	0.0	0.0	0.0	0.0	0.0	0.0	0.0	0.0	0.0	0.0	0.0	0.03	0.03	0.0	0.01	0.02	0.0	0.02	0.0	0.0	0.0	0.02	0.0	0.02	0.02	0.0
Root; d__Bacteria; p__Pseudomonadota; c__Gammaproteobacteria; o__Burkholderiales; f__Methylophilaceae; g__Methylotenera	0.0	0.0	0.0	0.0	0.0	0.0	0.0	0.03	0.0	0.0	0.0	0.0	0.0	0.0	0.0	0.0	0.0	0.0	0.0	0.0	0.0	0.0	0.0	0.0	0.0	0.0	0.0	0.0	0.0	0.0	0.0	0.0	0.0	0.0	0.0	0.0	0.0	0.0	0.0	0.0	0.0	0.0	0.0	0.0	0.0	0.0	0.0	0.0	0.0	0.0	0.0	0.0	0.0	0.0	0.0	0.0	0.0	0.0	0.0	0.0	0.0	0.0	0.0	0.0	0.0	0.0	0.0	0.0	0.0	0.0	0.0	0.0
Root; d__Bacteria; p__Pseudomonadota; c__Alphaproteobacteria; o__Rhizobiales; f__Xanthobacteraceae; g__62-47	0.0	0.0	0.0	0.0	0.0	0.0	0.0	0.03	0.0	0.0	0.0	0.0	0.0	0.0	0.0	0.0	0.0	0.0	0.02	0.0	0.0	0.0	0.0	0.0	0.02	0.0	0.0	0.0	0.03	0.0	0.0	0.01	0.0	0.0	0.0	0.0	0.0	0.02	0.0	0.0	0.0	0.0	0.01	0.0	0.0	0.0	0.0	0.0	0.0	0.0	0.0	0.0	0.02	0.0	0.0	0.0	0.0	0.01	0.02	0.0	0.01	0.01	0.0	0.0	0.0	0.0	0.02	0.0	0.0	0.0	0.0	0.0
Root; d__Bacteria; p__Actinomycetota; c__Actinomycetes; o__Propionibacteriales; f__Nocardioidaceae; g__DASSKA01	0.0	0.0	0.0	0.0	0.0	0.0	0.0	0.02	0.0	0.0	0.0	0.0	0.0	0.0	0.0	0.0	0.0	0.0	0.0	0.02	0.0	0.0	0.0	0.0	0.0	0.0	0.0	0.0	0.0	0.0	0.0	0.0	0.0	0.0	0.0	0.0	0.0	0.0	0.0	0.0	0.0	0.0	0.0	0.0	0.0	0.0	0.0	0.0	0.0	0.0	0.0	0.0	0.0	0.0	0.0	0.0	0.0	0.01	0.0	0.0	0.01	0.01	0.0	0.0	0.0	0.0	0.0	0.0	0.0	0.0	0.02	0.0
Root; d__Bacteria; p__Actinomycetota; c__Actinomycetes; o__Actinomycetales; f__Microbacteriaceae; g__Plantibacter	0.0	0.0	0.0	0.0	0.0	0.0	0.0	0.01	0.0	0.04	0.05	0.0	0.0	0.0	0.0	0.0	0.0	0.0	0.0	0.0	0.0	0.0	0.0	0.0	0.0	0.0	0.0	0.0	0.0	0.0	0.0	0.0	0.0	0.0	0.0	0.0	0.0	0.0	0.0	0.0	0.0	0.0	0.0	0.0	0.0	0.0	0.0	0.0	0.0	0.0	0.0	0.0	0.0	0.0	0.0	0.0	0.0	0.0	0.0	0.0	0.0	0.0	0.0	0.0	0.0	0.0	0.0	0.0	0.0	0.0	0.0	0.0
Root; d__Bacteria; p__Actinomycetota; c__Actinomycetes; o__Actinomycetales; f__Microbacteriaceae; g__Agreia	0.0	0.0	0.0	0.0	0.0	0.0	0.0	0.02	0.0	0.0	0.0	0.0	0.0	0.0	0.0	0.0	0.0	0.0	0.0	0.0	0.0	0.0	0.0	0.0	0.0	0.0	0.0	0.0	0.0	0.0	0.0	0.0	0.0	0.0	0.0	0.0	0.0	0.0	0.0	0.0	0.0	0.0	0.0	0.0	0.0	0.0	0.0	0.0	0.0	0.0	0.0	0.0	0.0	0.0	0.0	0.0	0.0	0.0	0.0	0.0	0.0	0.0	0.0	0.0	0.0	0.0	0.0	0.0	0.0	0.0	0.0	0.0
Root; d__Bacteria; p__Actinomycetota; c__Actinomycetes; o__Actinomycetales; f__Microbacteriaceae; g__CRBC_01587	0.0	0.0	0.0	0.0	0.0	0.0	0.0	0.01	0.0	0.0	0.0	0.0	0.0	0.0	0.0	0.0	0.0	0.0	0.0	0.0	0.0	0.0	0.0	0.0	0.0	0.0	0.0	0.0	0.0	0.0	0.0	0.0	0.0	0.0	0.0	0.0	0.0	0.0	0.0	0.0	0.0	0.0	0.0	0.0	0.0	0.0	0.0	0.0	0.0	0.0	0.0	0.0	0.0	0.0	0.0	0.0	0.0	0.0	0.0	0.0	0.0	0.0	0.0	0.0	0.0	0.0	0.0	0.0	0.0	0.0	0.0	0.0
Root; d__Bacteria; p__Actinomycetota; c__Actinomycetes; o__Actinomycetales; f__Dermatophilaceae; g__Janibacter	0.0	0.0	0.0	0.0	0.0	0.0	0.0	0.02	0.0	0.0	0.0	0.0	0.0	0.0	0.0	0.0	0.0	0.0	0.0	0.0	0.0	0.0	0.0	0.0	0.0	0.0	0.0	0.0	0.0	0.0	0.0	0.0	0.0	0.0	0.0	0.0	0.0	0.0	0.0	0.0	0.0	0.0	0.0	0.0	0.0	0.0	0.0	0.0	0.0	0.0	0.0	0.0	0.0	0.0	0.0	0.0	0.0	0.01	0.0	0.0	0.01	0.01	0.0	0.0	0.0	0.0	0.0	0.0	0.0	0.0	0.0	0.0
Root; d__Bacteria; p__Actinomycetota; c__Actinomycetes; o__Mycobacteriales; f__Micromonosporaceae; g__Actinocatenispora	0.0	0.0	0.0	0.0	0.0	0.0	0.0	0.02	0.0	0.0	0.0	0.0	0.0	0.0	0.0	0.0	0.0	0.0	0.0	0.0	0.0	0.0	0.0	0.0	0.0	0.0	0.0	0.0	0.0	0.0	0.0	0.0	0.0	0.0	0.0	0.0	0.0	0.0	0.0	0.0	0.0	0.0	0.0	0.0	0.0	0.0	0.0	0.0	0.0	0.0	0.0	0.0	0.0	0.0	0.0	0.0	0.0	0.01	0.0	0.0	0.0	0.01	0.0	0.0	0.0	0.0	0.0	0.0	0.0	0.0	0.0	0.0
Root; d__Bacteria; p__Actinomycetota; c__Actinomycetes; o__BP-191; f__BP-191; g__BP-191	0.0	0.0	0.0	0.0	0.0	0.0	0.0	0.02	0.0	0.02	0.0	0.0	0.0	0.0	0.0	0.0	0.0	0.0	0.0	0.0	0.0	0.0	0.0	0.0	0.0	0.0	0.0	0.0	0.02	0.0	0.02	0.02	0.0	0.02	0.02	0.0	0.0	0.0	0.0	0.0	0.0	0.0	0.0	0.0	0.0	0.0	0.0	0.0	0.0	0.0	0.0	0.0	0.0	0.0	0.0	0.0	0.0	0.03	0.01	0.02	0.01	0.01	0.0	0.01	0.02	0.0	0.01	0.0	0.0	0.0	0.0	0.0
Root; d__Bacteria; p__Actinomycetota; c__Acidimicrobiia; o__Acidimicrobiales; f__Acidimicrobilacustridaceae; g__JAWKIW01	0.0	0.0	0.0	0.0	0.0	0.0	0.0	0.01	0.0	0.0	0.0	0.0	0.0	0.0	0.0	0.0	0.0	0.0	0.02	0.0	0.0	0.0	0.0	0.0	0.0	0.0	0.0	0.0	0.0	0.0	0.0	0.0	0.0	0.0	0.0	0.0	0.0	0.0	0.0	0.0	0.0	0.0	0.0	0.0	0.0	0.0	0.0	0.0	0.0	0.0	0.0	0.0	0.0	0.0	0.0	0.0	0.0	0.0	0.0	0.0	0.0	0.0	0.0	0.0	0.0	0.0	0.0	0.0	0.0	0.0	0.0	0.0
Root; d__Bacteria; p__Actinomycetota; c__UBA4738; o__UBA4738; f__JACQTL01; g__DATBHM01	0.0	0.0	0.0	0.0	0.0	0.0	0.0	0.02	0.0	0.02	0.02	0.0	0.0	0.04	0.0	0.0	0.0	0.0	0.03	0.03	0.0	0.02	0.02	0.0	0.02	0.02	0.0	0.02	0.03	0.0	0.0	0.0	0.0	0.04	0.02	0.0	0.0	0.0	0.0	0.0	0.0	0.0	0.0	0.0	0.0	0.0	0.0	0.0	0.0	0.0	0.0	0.0	0.0	0.0	0.0	0.0	0.0	0.01	0.01	0.0	0.01	0.01	0.0	0.0	0.0	0.0	0.0	0.0	0.0	0.02	0.0	0.0
Root; d__Bacteria; p__Bacillota; c__Bacilli; o__Bacillales; f__Bacillaceae_C; g__Lederbergia	0.0	0.0	0.0	0.0	0.0	0.0	0.0	0.02	0.0	0.0	0.0	0.0	0.0	0.0	0.0	0.0	0.0	0.0	0.0	0.0	0.0	0.0	0.0	0.0	0.0	0.0	0.0	0.0	0.0	0.0	0.0	0.0	0.0	0.0	0.0	0.0	0.0	0.0	0.0	0.0	0.0	0.0	0.0	0.0	0.0	0.0	0.0	0.0	0.0	0.0	0.0	0.0	0.0	0.0	0.0	0.0	0.0	0.0	0.0	0.0	0.0	0.0	0.0	0.0	0.0	0.0	0.0	0.0	0.0	0.0	0.0	0.0
Root; d__Bacteria; p__Acidobacteriota; c__Thermoanaerobaculia; o__UBA5066; f__Gp7-AA6; g__DAHUXD01	0.0	0.0	0.0	0.0	0.0	0.0	0.0	0.02	0.0	0.0	0.0	0.0	0.0	0.0	0.0	0.0	0.0	0.0	0.0	0.02	0.0	0.0	0.0	0.0	0.0	0.0	0.0	0.0	0.0	0.0	0.0	0.0	0.0	0.0	0.0	0.0	0.02	0.0	0.0	0.0	0.02	0.0	0.0	0.0	0.0	0.0	0.0	0.0	0.0	0.0	0.0	0.0	0.0	0.0	0.0	0.0	0.0	0.01	0.02	0.0	0.01	0.02	0.0	0.0	0.0	0.0	0.0	0.0	0.0	0.0	0.0	0.0
Root; d__Bacteria; p__Bacteroidota; c__Bacteroidia; o__Chitinophagales; f__Chitinophagaceae; g__UBA1952	0.0	0.0	0.0	0.0	0.0	0.0	0.0	0.02	0.0	0.0	0.0	0.0	0.0	0.0	0.0	0.0	0.0	0.0	0.0	0.0	0.0	0.02	0.0	0.0	0.0	0.0	0.0	0.0	0.0	0.0	0.0	0.0	0.0	0.0	0.0	0.0	0.0	0.02	0.0	0.02	0.02	0.0	0.02	0.0	0.0	0.0	0.0	0.0	0.0	0.0	0.0	0.02	0.0	0.0	0.01	0.02	0.0	0.03	0.02	0.0	0.02	0.02	0.0	0.01	0.02	0.0	0.02	0.02	0.0	0.02	0.01	0.0
Root; d__Bacteria; p__Bacteroidota; c__Bacteroidia; o__Chitinophagales; f__Chitinophagaceae; g__JBEVJC01	0.0	0.0	0.0	0.0	0.0	0.0	0.0	0.02	0.0	0.0	0.0	0.0	0.0	0.0	0.0	0.0	0.0	0.0	0.0	0.0	0.0	0.0	0.0	0.0	0.0	0.0	0.0	0.0	0.0	0.0	0.0	0.0	0.0	0.0	0.0	0.0	0.0	0.0	0.0	0.0	0.0	0.0	0.0	0.0	0.0	0.0	0.0	0.0	0.0	0.0	0.0	0.0	0.0	0.0	0.0	0.0	0.0	0.0	0.0	0.0	0.0	0.0	0.0	0.0	0.0	0.0	0.0	0.0	0.0	0.0	0.0	0.0
Root; d__Bacteria; p__Bacteroidota; c__Bacteroidia; o__Chitinophagales; f__Chitinophagaceae; g__Ginsengibacter	0.0	0.0	0.0	0.0	0.0	0.0	0.0	0.02	0.0	0.02	0.0	0.0	0.0	0.0	0.0	0.03	0.01	0.0	0.0	0.0	0.0	0.0	0.0	0.0	0.02	0.0	0.0	0.0	0.02	0.0	0.0	0.0	0.0	0.0	0.0	0.0	0.02	0.03	0.0	0.0	0.04	0.0	0.02	0.0	0.0	0.02	0.03	0.0	0.03	0.0	0.0	0.04	0.02	0.0	0.04	0.03	0.0	0.05	0.04	0.04	0.05	0.05	0.02	0.03	0.04	0.0	0.03	0.03	0.0	0.03	0.03	0.0
Root; d__Bacteria; p__Myxococcota_A; c__Polyangia; o__Polyangiales; f__JAFGIB01; g__JADGRF01	0.0	0.0	0.0	0.0	0.0	0.0	0.0	0.02	0.0	0.0	0.0	0.0	0.03	0.0	0.0	0.03	0.03	0.0	0.03	0.02	0.0	0.02	0.06	0.0	0.03	0.02	0.0	0.03	0.02	0.0	0.03	0.03	0.0	0.03	0.05	0.0	0.0	0.0	0.0	0.0	0.0	0.0	0.0	0.0	0.0	0.0	0.0	0.0	0.0	0.03	0.0	0.02	0.02	0.0	0.0	0.0	0.0	0.01	0.01	0.0	0.02	0.01	0.0	0.0	0.0	0.0	0.02	0.0	0.0	0.02	0.0	0.0
Root; d__Bacteria; p__Myxococcota_A; c__Polyangia; o__Polyangiales; f__JAFGIB01; g__CAVZVA01	0.0	0.0	0.0	0.0	0.0	0.0	0.0	0.02	0.0	0.0	0.0	0.0	0.02	0.02	0.0	0.0	0.0	0.0	0.02	0.0	0.0	0.0	0.03	0.0	0.02	0.02	0.0	0.0	0.03	0.0	0.0	0.0	0.0	0.02	0.02	0.0	0.0	0.0	0.0	0.0	0.0	0.0	0.02	0.0	0.0	0.0	0.0	0.0	0.02	0.0	0.0	0.02	0.0	0.0	0.0	0.02	0.0	0.01	0.02	0.0	0.01	0.02	0.0	0.02	0.03	0.0	0.0	0.0	0.0	0.02	0.0	0.0
Root; d__Bacteria; p__Planctomycetota; c__Phycisphaerae; o__Tepidisphaerales; f__Tepidisphaeraceae; g__DASPKW01	0.0	0.0	0.0	0.0	0.0	0.0	0.0	0.01	0.0	0.02	0.0	0.0	0.0	0.0	0.0	0.02	0.0	0.0	0.0	0.02	0.0	0.0	0.0	0.0	0.0	0.0	0.0	0.0	0.0	0.0	0.0	0.0	0.0	0.0	0.0	0.0	0.0	0.0	0.0	0.0	0.0	0.0	0.0	0.01	0.0	0.0	0.0	0.0	0.0	0.0	0.0	0.0	0.0	0.0	0.0	0.02	0.0	0.02	0.01	0.0	0.02	0.02	0.01	0.03	0.02	0.0	0.0	0.0	0.0	0.0	0.0	0.0
Root; d__Bacteria; p__Planctomycetota; c__Phycisphaerae; o__WQYP01; f__WQYP01; g__DATKPA01	0.0	0.0	0.0	0.0	0.0	0.0	0.0	0.01	0.0	0.0	0.0	0.0	0.0	0.0	0.0	0.01	0.01	0.0	0.0	0.0	0.0	0.0	0.0	0.0	0.0	0.0	0.0	0.02	0.0	0.0	0.0	0.0	0.0	0.0	0.0	0.0	0.0	0.01	0.0	0.0	0.0	0.0	0.02	0.02	0.0	0.0	0.02	0.0	0.0	0.0	0.0	0.0	0.02	0.0	0.0	0.0	0.0	0.01	0.01	0.0	0.01	0.01	0.0	0.02	0.0	0.0	0.0	0.0	0.0	0.02	0.01	0.0
Root; d__Bacteria; p__Planctomycetota; c__Planctomycetia; o__Gemmatales; f__Gemmataceae; g__DASSAT01	0.0	0.0	0.0	0.0	0.0	0.0	0.0	0.02	0.0	0.0	0.0	0.0	0.0	0.0	0.0	0.0	0.0	0.0	0.0	0.0	0.0	0.0	0.0	0.0	0.0	0.0	0.0	0.0	0.02	0.0	0.0	0.0	0.0	0.0	0.0	0.0	0.0	0.0	0.0	0.0	0.0	0.0	0.0	0.0	0.0	0.0	0.0	0.0	0.0	0.0	0.0	0.0	0.0	0.0	0.0	0.0	0.0	0.01	0.01	0.0	0.01	0.01	0.0	0.0	0.0	0.0	0.01	0.0	0.0	0.0	0.02	0.0
Root; d__Bacteria; p__Verrucomicrobiota; c__Verrucomicrobiia; o__Limisphaerales; f__CANJXF01; g__CANJXF01	0.0	0.0	0.0	0.0	0.0	0.0	0.0	0.01	0.0	0.0	0.0	0.0	0.0	0.0	0.0	0.02	0.0	0.0	0.0	0.0	0.0	0.0	0.0	0.0	0.0	0.0	0.0	0.0	0.02	0.0	0.0	0.0	0.0	0.0	0.0	0.0	0.0	0.0	0.0	0.0	0.0	0.0	0.0	0.0	0.0	0.0	0.0	0.0	0.0	0.0	0.0	0.0	0.0	0.0	0.0	0.0	0.0	0.0	0.0	0.0	0.0	0.0	0.0	0.0	0.0	0.0	0.0	0.0	0.0	0.01	0.0	0.0
Root; d__Bacteria; p__Myxococcota; c__Myxococcia; o__Myxococcales; f__Myxococcaceae; g__Corallococcus	0.0	0.0	0.0	0.0	0.0	0.0	0.0	0.01	0.0	0.0	0.0	0.0	0.0	0.0	0.0	0.0	0.0	0.0	0.0	0.0	0.0	0.0	0.0	0.0	0.0	0.0	0.0	0.0	0.0	0.0	0.0	0.0	0.0	0.0	0.0	0.0	0.0	0.0	0.0	0.0	0.0	0.0	0.0	0.0	0.0	0.0	0.0	0.0	0.0	0.0	0.0	0.0	0.0	0.0	0.0	0.0	0.0	0.0	0.01	0.0	0.0	0.0	0.0	0.0	0.0	0.0	0.0	0.0	0.0	0.0	0.0	0.0
Root; d__Bacteria; p__Planctomycetota; c__Phycisphaerae; o__Tepidisphaerales; f__Tepidisphaeraceae; g__DASYHQ01	0.0	0.0	0.0	0.0	0.0	0.0	0.0	0.0	0.0	0.02	0.0	0.0	0.0	0.0	0.0	0.0	0.0	0.0	0.0	0.0	0.0	0.0	0.0	0.0	0.0	0.0	0.0	0.0	0.0	0.0	0.0	0.0	0.0	0.0	0.0	0.0	0.0	0.0	0.0	0.0	0.0	0.0	0.0	0.0	0.0	0.0	0.0	0.0	0.0	0.0	0.0	0.0	0.0	0.0	0.0	0.0	0.0	0.0	0.01	0.0	0.01	0.01	0.0	0.02	0.0	0.0	0.01	0.0	0.0	0.0	0.0	0.0
Root; d__Bacteria; p__Planctomycetota; c__Planctomycetia; o__Gemmatales; f__Gemmataceae; g__DASPXY01	0.0	0.0	0.0	0.0	0.0	0.0	0.0	0.0	0.0	0.02	0.0	0.0	0.0	0.0	0.0	0.0	0.02	0.0	0.02	0.02	0.0	0.0	0.0	0.0	0.0	0.0	0.0	0.0	0.0	0.0	0.02	0.02	0.0	0.0	0.0	0.0	0.03	0.03	0.0	0.0	0.0	0.0	0.02	0.0	0.0	0.0	0.02	0.0	0.02	0.0	0.0	0.0	0.0	0.0	0.0	0.0	0.0	0.02	0.02	0.0	0.01	0.03	0.0	0.0	0.02	0.05	0.02	0.03	0.0	0.0	0.02	0.0
Root; d__Bacteria; p__Actinomycetota; c__Thermoleophilia; o__Solirubrobacterales; f__Solirubrobacteraceae; g__SPIREOTU_00549727	0.0	0.0	0.0	0.0	0.0	0.0	0.0	0.0	0.0	0.02	0.0	0.0	0.0	0.0	0.0	0.01	0.0	0.0	0.0	0.0	0.0	0.0	0.0	0.0	0.0	0.0	0.0	0.0	0.0	0.0	0.0	0.0	0.0	0.0	0.02	0.0	0.0	0.0	0.0	0.02	0.0	0.0	0.0	0.0	0.0	0.0	0.0	0.0	0.01	0.0	0.0	0.0	0.0	0.0	0.02	0.0	0.0	0.01	0.01	0.0	0.01	0.01	0.0	0.0	0.0	0.0	0.0	0.0	0.0	0.01	0.03	0.0
Root; d__Bacteria; p__Actinomycetota; c__Thermoleophilia; o__Solirubrobacterales; f__70-9; g__JBBRHQ01	0.0	0.0	0.0	0.0	0.0	0.0	0.0	0.0	0.0	0.02	0.02	0.0	0.0	0.0	0.0	0.02	0.0	0.0	0.0	0.0	0.0	0.0	0.02	0.0	0.0	0.0	0.0	0.0	0.0	0.0	0.0	0.02	0.0	0.0	0.02	0.0	0.0	0.0	0.0	0.0	0.0	0.0	0.0	0.0	0.0	0.0	0.0	0.0	0.0	0.0	0.0	0.0	0.0	0.0	0.0	0.0	0.0	0.01	0.0	0.0	0.01	0.01	0.0	0.0	0.01	0.0	0.0	0.0	0.0	0.0	0.0	0.0
Root; d__Bacteria; p__Actinomycetota; c__Actinomycetes; o__Mycobacteriales; f__Pseudonocardiaceae; g__Actinosynnema	0.0	0.0	0.0	0.0	0.0	0.0	0.0	0.0	0.0	0.02	0.03	0.0	0.0	0.0	0.0	0.0	0.0	0.0	0.02	0.0	0.0	0.0	0.0	0.0	0.0	0.0	0.0	0.0	0.0	0.0	0.0	0.0	0.0	0.0	0.0	0.0	0.0	0.02	0.0	0.02	0.0	0.0	0.02	0.0	0.0	0.02	0.03	0.0	0.0	0.02	0.0	0.02	0.03	0.0	0.0	0.0	0.0	0.03	0.03	0.03	0.02	0.02	0.0	0.04	0.01	0.0	0.0	0.03	0.0	0.02	0.02	0.0
Root; d__Bacteria; p__Actinomycetota; c__Actinomycetes; o__Mycobacteriales; f__Pseudonocardiaceae; g__Actinokineospora	0.0	0.0	0.0	0.0	0.0	0.0	0.0	0.0	0.0	0.02	0.0	0.0	0.0	0.0	0.0	0.0	0.0	0.0	0.0	0.0	0.0	0.0	0.0	0.0	0.02	0.0	0.0	0.0	0.0	0.0	0.0	0.0	0.0	0.01	0.0	0.0	0.0	0.0	0.0	0.02	0.02	0.0	0.0	0.01	0.0	0.0	0.0	0.0	0.0	0.0	0.0	0.0	0.0	0.0	0.0	0.0	0.0	0.02	0.01	0.0	0.01	0.01	0.01	0.0	0.0	0.0	0.0	0.0	0.0	0.01	0.0	0.0
Root; d__Bacteria; p__Actinomycetota; c__Actinomycetes; o__Mycobacteriales; f__Pseudonocardiaceae; g__DASYTH01	0.0	0.0	0.0	0.0	0.0	0.0	0.0	0.0	0.0	0.02	0.0	0.0	0.0	0.0	0.0	0.0	0.0	0.0	0.01	0.0	0.0	0.0	0.0	0.0	0.0	0.0	0.0	0.0	0.0	0.0	0.0	0.0	0.0	0.0	0.02	0.0	0.0	0.0	0.0	0.0	0.0	0.0	0.0	0.0	0.0	0.0	0.0	0.0	0.0	0.0	0.0	0.0	0.01	0.0	0.0	0.0	0.0	0.02	0.02	0.0	0.02	0.02	0.02	0.02	0.03	0.0	0.0	0.02	0.0	0.03	0.0	0.0
Root; d__Bacteria; p__Actinomycetota; c__Actinomycetes; o__S36-B12; f__CAIYMF01; g__Longivirga	0.0	0.0	0.0	0.0	0.0	0.0	0.0	0.0	0.0	0.02	0.02	0.0	0.0	0.0	0.0	0.0	0.0	0.0	0.0	0.0	0.0	0.02	0.0	0.0	0.02	0.0	0.0	0.03	0.0	0.0	0.0	0.0	0.0	0.0	0.0	0.0	0.02	0.0	0.0	0.0	0.02	0.0	0.02	0.0	0.0	0.0	0.0	0.0	0.02	0.0	0.0	0.0	0.0	0.0	0.0	0.0	0.0	0.01	0.01	0.0	0.02	0.01	0.0	0.0	0.02	0.0	0.01	0.0	0.0	0.01	0.0	0.0
Root; d__Bacteria; p__Actinomycetota; c__Actinomycetes; o__Streptosporangiales; f__Streptosporangiaceae; g__Palsa-504	0.0	0.0	0.0	0.0	0.0	0.0	0.0	0.0	0.0	0.02	0.0	0.0	0.0	0.0	0.0	0.02	0.02	0.0	0.0	0.0	0.0	0.0	0.0	0.0	0.0	0.0	0.0	0.0	0.0	0.0	0.0	0.0	0.0	0.02	0.0	0.0	0.04	0.03	0.0	0.03	0.03	0.05	0.03	0.02	0.0	0.02	0.03	0.0	0.04	0.03	0.0	0.03	0.04	0.0	0.04	0.04	0.0	0.04	0.04	0.05	0.04	0.04	0.03	0.04	0.02	0.0	0.06	0.04	0.0	0.04	0.04	0.0
Root; d__Bacteria; p__Actinomycetota; c__Actinomycetes; o__Motilibacterales; f__Motilibacteraceae; g__Motilibacter	0.0	0.0	0.0	0.0	0.0	0.0	0.0	0.0	0.0	0.02	0.0	0.0	0.0	0.0	0.0	0.0	0.0	0.0	0.0	0.0	0.0	0.0	0.0	0.0	0.0	0.0	0.0	0.0	0.0	0.0	0.0	0.0	0.0	0.0	0.0	0.0	0.0	0.0	0.0	0.0	0.0	0.0	0.0	0.0	0.0	0.0	0.0	0.0	0.0	0.0	0.0	0.0	0.0	0.0	0.02	0.0	0.0	0.0	0.01	0.0	0.01	0.01	0.0	0.0	0.0	0.0	0.0	0.0	0.0	0.0	0.0	0.0
Root; d__Bacteria; p__Actinomycetota; c__Acidimicrobiia; o__Acidimicrobiales; f__CADCSY01; g__DATLFP01	0.0	0.0	0.0	0.0	0.0	0.0	0.0	0.0	0.0	0.02	0.0	0.0	0.0	0.0	0.0	0.02	0.02	0.0	0.05	0.05	0.06	0.05	0.03	0.0	0.07	0.03	0.0	0.06	0.04	0.0	0.06	0.07	0.0	0.04	0.08	0.05	0.0	0.02	0.0	0.0	0.0	0.0	0.0	0.0	0.0	0.0	0.0	0.0	0.0	0.0	0.0	0.0	0.0	0.0	0.0	0.0	0.0	0.02	0.02	0.0	0.01	0.03	0.0	0.02	0.03	0.0	0.0	0.0	0.0	0.01	0.02	0.0
Root; d__Bacteria; p__Actinomycetota; c__Acidimicrobiia; o__Acidimicrobiales; f__Ilumatobacteraceae; g__DASTFY01	0.0	0.0	0.0	0.0	0.0	0.0	0.0	0.0	0.0	0.02	0.0	0.0	0.0	0.0	0.0	0.0	0.0	0.0	0.0	0.04	0.0	0.03	0.0	0.0	0.0	0.02	0.0	0.02	0.0	0.0	0.02	0.02	0.0	0.0	0.0	0.0	0.0	0.0	0.0	0.0	0.0	0.0	0.0	0.0	0.0	0.0	0.0	0.0	0.0	0.0	0.0	0.0	0.0	0.0	0.0	0.0	0.0	0.0	0.0	0.0	0.0	0.0	0.0	0.0	0.0	0.0	0.0	0.0	0.0	0.0	0.0	0.0
Root; d__Bacteria; p__Actinomycetota; c__Acidimicrobiia; o__Acidimicrobiales; f__Microtrichaceae; g__Dermatobacter	0.0	0.0	0.0	0.0	0.0	0.0	0.0	0.0	0.0	0.02	0.0	0.0	0.0	0.0	0.0	0.0	0.0	0.0	0.0	0.0	0.0	0.0	0.0	0.0	0.0	0.0	0.0	0.0	0.0	0.0	0.0	0.0	0.0	0.0	0.0	0.0	0.0	0.0	0.0	0.0	0.0	0.0	0.0	0.0	0.0	0.0	0.0	0.0	0.0	0.0	0.0	0.0	0.0	0.0	0.0	0.0	0.0	0.0	0.0	0.0	0.0	0.0	0.0	0.0	0.0	0.0	0.0	0.0	0.0	0.0	0.0	0.0
Root; d__Bacteria; p__Actinomycetota; c__Acidimicrobiia; o__IMCC26256; f__BP-133; g__BP-133	0.0	0.0	0.0	0.0	0.0	0.0	0.0	0.0	0.0	0.02	0.02	0.0	0.05	0.02	0.0	0.1	0.07	0.07	0.0	0.0	0.0	0.0	0.0	0.0	0.0	0.0	0.0	0.0	0.0	0.0	0.0	0.0	0.0	0.0	0.0	0.0	0.05	0.05	0.0	0.08	0.05	0.05	0.07	0.08	0.04	0.15	0.2	0.17	0.16	0.2	0.21	0.16	0.17	0.1	0.04	0.04	0.08	0.09	0.08	0.04	0.07	0.06	0.05	0.1	0.11	0.08	0.11	0.14	0.11	0.11	0.15	0.09
Root; d__Bacteria; p__Acidobacteriota; c__Vicinamibacteria; o__Vicinamibacterales; f__UBA2999; g__MGYG000492566	0.0	0.0	0.0	0.0	0.0	0.0	0.0	0.0	0.0	0.02	0.02	0.0	0.0	0.0	0.0	0.0	0.0	0.0	0.0	0.0	0.0	0.0	0.0	0.0	0.0	0.0	0.0	0.0	0.0	0.0	0.0	0.0	0.0	0.0	0.0	0.0	0.0	0.0	0.0	0.0	0.0	0.0	0.0	0.0	0.0	0.0	0.0	0.0	0.0	0.0	0.0	0.0	0.0	0.0	0.0	0.0	0.0	0.0	0.0	0.0	0.0	0.0	0.0	0.0	0.0	0.0	0.0	0.0	0.0	0.0	0.0	0.0
Root; d__Bacteria; p__Acidobacteriota; c__Vicinamibacteria; o__Vicinamibacterales; f__CAVVIG01; g__Gp6-AA45	0.0	0.0	0.0	0.0	0.0	0.0	0.0	0.0	0.0	0.02	0.03	0.0	0.0	0.02	0.0	0.02	0.02	0.0	0.0	0.0	0.0	0.03	0.0	0.0	0.0	0.02	0.0	0.03	0.03	0.0	0.01	0.0	0.0	0.0	0.0	0.0	0.02	0.0	0.0	0.03	0.04	0.0	0.02	0.03	0.0	0.02	0.04	0.0	0.04	0.02	0.0	0.02	0.02	0.0	0.03	0.03	0.0	0.03	0.04	0.02	0.03	0.04	0.03	0.05	0.03	0.0	0.02	0.04	0.0	0.03	0.05	0.0
Root; d__Bacteria; p__Acidobacteriota; c__Vicinamibacteria; o__Vicinamibacterales; f__2-12-FULL-66-21; g__MGYG000495566	0.0	0.0	0.0	0.0	0.0	0.0	0.0	0.0	0.0	0.02	0.0	0.0	0.0	0.0	0.0	0.0	0.0	0.0	0.0	0.0	0.0	0.02	0.0	0.0	0.0	0.0	0.0	0.0	0.0	0.0	0.0	0.0	0.0	0.0	0.0	0.0	0.0	0.0	0.0	0.0	0.0	0.0	0.0	0.0	0.0	0.0	0.0	0.0	0.0	0.0	0.0	0.0	0.0	0.0	0.0	0.0	0.0	0.0	0.0	0.0	0.0	0.0	0.0	0.0	0.0	0.0	0.0	0.0	0.0	0.0	0.0	0.0
Root; d__Bacteria; p__Acidobacteriota; c__Terriglobia; o__Terriglobales; f__Acidobacteriaceae; g__Sulfotelmatobacter	0.0	0.0	0.0	0.0	0.0	0.0	0.0	0.0	0.0	0.02	0.0	0.0	0.0	0.0	0.0	0.19	0.19	0.2	0.0	0.0	0.0	0.0	0.0	0.0	0.0	0.0	0.0	0.0	0.0	0.0	0.0	0.0	0.0	0.0	0.0	0.0	0.52	0.63	0.44	0.58	0.62	0.5	0.58	0.56	0.56	0.62	0.66	0.6	0.62	0.57	0.69	0.56	0.59	0.58	0.26	0.3	0.2	0.26	0.34	0.37	0.32	0.3	0.32	0.28	0.27	0.22	0.33	0.35	0.32	0.29	0.35	0.26
Root; d__Bacteria; p__Acidobacteriota; c__Terriglobia; o__Bryobacterales; f__Bryobacteraceae; g__Sulfopaludibacter	0.0	0.0	0.0	0.0	0.0	0.0	0.0	0.0	0.0	0.02	0.02	0.0	0.0	0.0	0.0	0.02	0.0	0.0	0.0	0.0	0.0	0.02	0.0	0.0	0.0	0.0	0.0	0.0	0.0	0.0	0.0	0.02	0.0	0.0	0.0	0.0	0.01	0.03	0.0	0.03	0.02	0.0	0.02	0.05	0.0	0.04	0.03	0.0	0.05	0.05	0.0	0.0	0.03	0.0	0.0	0.0	0.0	0.02	0.01	0.03	0.01	0.02	0.0	0.0	0.02	0.0	0.02	0.0	0.0	0.02	0.03	0.0
Root; d__Bacteria; p__Acidobacteriota; c__Terriglobia; o__Bryobacterales; f__Bryobacteraceae; g__CAZSQK01	0.0	0.0	0.0	0.0	0.0	0.0	0.0	0.0	0.0	0.02	0.02	0.0	0.0	0.0	0.0	0.0	0.02	0.0	0.04	0.01	0.0	0.02	0.04	0.0	0.02	0.03	0.0	0.03	0.02	0.0	0.0	0.04	0.0	0.0	0.0	0.0	0.02	0.04	0.0	0.03	0.03	0.0	0.03	0.0	0.0	0.02	0.0	0.0	0.04	0.03	0.0	0.03	0.02	0.0	0.0	0.0	0.0	0.02	0.02	0.0	0.02	0.01	0.01	0.04	0.01	0.0	0.03	0.01	0.0	0.02	0.01	0.0
Root; d__Bacteria; p__Chloroflexota; c__Chloroflexia; o__Chloroflexales; f__Roseiflexaceae; g__Kouleothrix	0.0	0.0	0.0	0.0	0.0	0.0	0.0	0.0	0.0	0.02	0.0	0.0	0.0	0.0	0.0	0.0	0.0	0.0	0.0	0.0	0.0	0.0	0.0	0.0	0.0	0.0	0.0	0.0	0.0	0.0	0.0	0.0	0.0	0.0	0.0	0.0	0.0	0.0	0.0	0.0	0.02	0.0	0.0	0.0	0.0	0.0	0.0	0.0	0.0	0.0	0.0	0.0	0.0	0.0	0.0	0.01	0.0	0.01	0.01	0.0	0.02	0.02	0.01	0.01	0.0	0.0	0.01	0.0	0.0	0.02	0.03	0.0
Root; d__Bacteria; p__Verrucomicrobiota; c__Verrucomicrobiia; o__Chthoniobacterales; f__UBA10450; g__SMAGOTU_15214	0.0	0.0	0.0	0.0	0.0	0.0	0.0	0.0	0.0	0.02	0.0	0.0	0.0	0.0	0.0	0.0	0.0	0.0	0.0	0.0	0.0	0.0	0.0	0.0	0.0	0.0	0.0	0.0	0.0	0.0	0.0	0.0	0.0	0.0	0.0	0.0	0.0	0.0	0.0	0.0	0.0	0.0	0.0	0.0	0.0	0.0	0.0	0.0	0.0	0.0	0.0	0.0	0.0	0.0	0.0	0.0	0.0	0.0	0.0	0.0	0.0	0.0	0.0	0.0	0.0	0.0	0.0	0.0	0.0	0.0	0.0	0.0
Root; d__Bacteria; p__Verrucomicrobiota; c__Verrucomicrobiia; o__Opitutales; f__Opitutaceae; g__Opitutus	0.0	0.0	0.0	0.0	0.0	0.0	0.0	0.0	0.0	0.02	0.0	0.0	0.0	0.0	0.0	0.02	0.0	0.0	0.02	0.0	0.0	0.0	0.0	0.0	0.01	0.0	0.0	0.0	0.0	0.0	0.0	0.0	0.0	0.0	0.0	0.0	0.0	0.0	0.0	0.0	0.0	0.0	0.01	0.02	0.0	0.0	0.03	0.0	0.0	0.02	0.0	0.0	0.0	0.0	0.02	0.0	0.0	0.01	0.01	0.0	0.02	0.01	0.0	0.0	0.01	0.0	0.0	0.02	0.0	0.02	0.02	0.0
Root; d__Bacteria; p__Myxococcota; c__Myxococcia; o__Myxococcales; f__Myxococcaceae; g__Aggregicoccus	0.0	0.0	0.0	0.0	0.0	0.0	0.0	0.0	0.0	0.02	0.0	0.0	0.0	0.0	0.0	0.0	0.0	0.0	0.0	0.0	0.0	0.0	0.0	0.0	0.0	0.0	0.0	0.0	0.0	0.0	0.0	0.0	0.0	0.0	0.0	0.0	0.0	0.0	0.0	0.0	0.0	0.0	0.0	0.0	0.0	0.0	0.0	0.0	0.0	0.0	0.0	0.0	0.0	0.0	0.0	0.0	0.0	0.01	0.0	0.0	0.01	0.01	0.0	0.0	0.01	0.0	0.0	0.0	0.0	0.0	0.0	0.0
Root; d__Bacteria; p__Pseudomonadota; c__Gammaproteobacteria; o__Xanthomonadales; f__Xanthomonadaceae; g__Lysobacter	0.0	0.0	0.0	0.0	0.0	0.0	0.0	0.0	0.0	0.03	0.03	0.0	0.0	0.0	0.0	0.0	0.0	0.0	0.0	0.0	0.0	0.0	0.0	0.0	0.0	0.0	0.0	0.0	0.0	0.0	0.0	0.0	0.0	0.0	0.0	0.0	0.0	0.0	0.0	0.0	0.0	0.0	0.0	0.0	0.0	0.0	0.0	0.0	0.0	0.0	0.0	0.0	0.0	0.0	0.0	0.0	0.0	0.0	0.0	0.0	0.0	0.0	0.0	0.0	0.0	0.0	0.0	0.0	0.0	0.0	0.0	0.0
Root; d__Bacteria; p__Actinomycetota; c__Actinomycetes; o__Mycobacteriales; f__Pseudonocardiaceae; g__Kutzneria	0.0	0.0	0.0	0.0	0.0	0.0	0.0	0.0	0.0	0.0	0.02	0.0	0.0	0.0	0.0	0.0	0.0	0.0	0.0	0.0	0.0	0.0	0.0	0.0	0.0	0.0	0.0	0.0	0.0	0.0	0.0	0.0	0.0	0.0	0.0	0.0	0.0	0.0	0.0	0.0	0.0	0.0	0.0	0.0	0.0	0.0	0.0	0.0	0.0	0.0	0.0	0.0	0.0	0.0	0.0	0.0	0.0	0.01	0.01	0.0	0.01	0.01	0.0	0.0	0.0	0.0	0.0	0.0	0.0	0.01	0.0	0.0
Root; d__Bacteria; p__Actinomycetota; c__Actinomycetes; o__Propionibacteriales; f__Nocardioidaceae; g__JAWWPG01	0.0	0.0	0.0	0.0	0.0	0.0	0.0	0.0	0.0	0.0	0.02	0.0	0.0	0.0	0.0	0.02	0.0	0.0	0.04	0.05	0.0	0.04	0.02	0.0	0.03	0.04	0.0	0.02	0.04	0.0	0.02	0.04	0.0	0.02	0.03	0.0	0.01	0.01	0.0	0.02	0.0	0.0	0.02	0.0	0.0	0.0	0.02	0.0	0.0	0.02	0.0	0.02	0.0	0.0	0.02	0.03	0.0	0.02	0.02	0.0	0.03	0.02	0.01	0.02	0.02	0.0	0.02	0.0	0.0	0.02	0.0	0.0
Root; d__Bacteria; p__Actinomycetota; c__Actinomycetes; o__Streptomycetales; f__Streptomycetaceae; g__Streptantibioticus_A	0.0	0.0	0.0	0.0	0.0	0.0	0.0	0.0	0.0	0.0	0.02	0.0	0.0	0.0	0.0	0.03	0.0	0.0	0.0	0.0	0.0	0.0	0.0	0.0	0.0	0.0	0.0	0.0	0.0	0.0	0.0	0.0	0.0	0.0	0.0	0.0	0.0	0.0	0.0	0.0	0.0	0.0	0.0	0.0	0.0	0.0	0.0	0.0	0.0	0.0	0.0	0.0	0.0	0.0	0.0	0.0	0.0	0.0	0.01	0.0	0.0	0.0	0.0	0.0	0.0	0.0	0.0	0.0	0.0	0.0	0.0	0.0
Root; d__Bacteria; p__Actinomycetota; c__Actinomycetes; o__Actinomycetales; f__Cellulomonadaceae; g__Sanguibacter	0.0	0.0	0.0	0.0	0.0	0.0	0.0	0.0	0.0	0.0	0.02	0.0	0.0	0.0	0.0	0.0	0.0	0.0	0.0	0.0	0.0	0.0	0.0	0.0	0.0	0.0	0.0	0.0	0.0	0.0	0.0	0.0	0.0	0.0	0.0	0.0	0.0	0.0	0.0	0.0	0.0	0.0	0.0	0.0	0.0	0.0	0.0	0.0	0.0	0.0	0.0	0.0	0.0	0.0	0.0	0.0	0.0	0.0	0.0	0.0	0.0	0.0	0.0	0.2	0.15	0.16	0.0	0.0	0.0	0.0	0.0	0.0
Root; d__Bacteria; p__Actinomycetota; c__Actinomycetes; o__Streptosporangiales; f__Streptosporangiaceae; g__UBA9676	0.0	0.0	0.0	0.0	0.0	0.0	0.0	0.0	0.0	0.0	0.02	0.0	0.0	0.0	0.0	0.0	0.0	0.0	0.0	0.0	0.0	0.0	0.0	0.0	0.0	0.0	0.0	0.0	0.0	0.0	0.0	0.0	0.0	0.0	0.0	0.0	0.0	0.0	0.0	0.0	0.0	0.0	0.0	0.0	0.0	0.0	0.0	0.0	0.0	0.0	0.0	0.0	0.0	0.0	0.0	0.0	0.0	0.0	0.0	0.0	0.0	0.0	0.0	0.0	0.0	0.0	0.0	0.0	0.0	0.0	0.0	0.0
Root; d__Bacteria; p__Actinomycetota; c__Acidimicrobiia; o__Acidimicrobiales; f__Acidimicrobilacustridaceae; g__Acidimicrobilacustris	0.0	0.0	0.0	0.0	0.0	0.0	0.0	0.0	0.0	0.0	0.02	0.0	0.0	0.0	0.0	0.0	0.0	0.0	0.0	0.0	0.0	0.0	0.0	0.0	0.0	0.02	0.0	0.0	0.0	0.0	0.0	0.0	0.0	0.0	0.0	0.0	0.0	0.0	0.0	0.0	0.0	0.0	0.0	0.0	0.0	0.0	0.0	0.0	0.0	0.0	0.0	0.0	0.0	0.0	0.0	0.0	0.0	0.0	0.01	0.0	0.0	0.0	0.0	0.0	0.0	0.0	0.0	0.0	0.0	0.0	0.0	0.0
Root; d__Bacteria; p__Actinomycetota; c__Thermoleophilia; o__Solirubrobacterales; f__Solirubrobacteraceae; g__SPIREOTU_00550811	0.0	0.0	0.0	0.0	0.0	0.0	0.0	0.0	0.0	0.0	0.02	0.0	0.0	0.02	0.0	0.02	0.0	0.0	0.0	0.0	0.0	0.0	0.0	0.0	0.02	0.0	0.0	0.0	0.0	0.0	0.0	0.0	0.0	0.02	0.0	0.0	0.0	0.0	0.0	0.0	0.01	0.0	0.03	0.02	0.0	0.0	0.02	0.0	0.02	0.0	0.0	0.0	0.0	0.0	0.02	0.0	0.0	0.01	0.03	0.0	0.02	0.02	0.0	0.0	0.0	0.0	0.0	0.01	0.0	0.0	0.0	0.0
Root; d__Bacteria; p__Actinomycetota; c__Thermoleophilia; o__Solirubrobacterales; f__70-9; g__DATFPK01	0.0	0.0	0.0	0.0	0.0	0.0	0.0	0.0	0.0	0.0	0.02	0.0	0.0	0.0	0.0	0.0	0.0	0.0	0.01	0.0	0.0	0.0	0.0	0.0	0.0	0.0	0.0	0.0	0.0	0.0	0.02	0.0	0.0	0.0	0.0	0.0	0.0	0.0	0.0	0.0	0.0	0.0	0.0	0.0	0.0	0.0	0.0	0.0	0.0	0.0	0.0	0.0	0.0	0.0	0.0	0.0	0.0	0.0	0.0	0.0	0.0	0.0	0.0	0.0	0.0	0.0	0.0	0.0	0.0	0.0	0.0	0.0
Root; d__Bacteria; p__Actinomycetota; c__Thermoleophilia; o__Solirubrobacterales; f__Thermoleophilaceae; g__JACCZP01	0.0	0.0	0.0	0.0	0.0	0.0	0.0	0.0	0.0	0.0	0.02	0.0	0.0	0.0	0.0	0.0	0.0	0.0	0.0	0.0	0.0	0.0	0.0	0.0	0.0	0.0	0.0	0.0	0.0	0.0	0.0	0.0	0.0	0.0	0.0	0.0	0.0	0.01	0.0	0.0	0.02	0.0	0.0	0.02	0.0	0.0	0.02	0.0	0.0	0.0	0.0	0.0	0.0	0.0	0.0	0.02	0.0	0.01	0.0	0.0	0.01	0.01	0.0	0.0	0.02	0.0	0.0	0.01	0.0	0.02	0.0	0.0
Root; d__Bacteria; p__Actinomycetota; c__Thermoleophilia; o__Gaiellales; f__SKUG01; g__JAGQUL01	0.0	0.0	0.0	0.0	0.0	0.0	0.0	0.0	0.0	0.0	0.02	0.0	0.0	0.0	0.0	0.0	0.0	0.0	0.0	0.0	0.0	0.03	0.0	0.0	0.0	0.0	0.0	0.0	0.02	0.0	0.03	0.0	0.0	0.02	0.0	0.0	0.0	0.0	0.0	0.0	0.0	0.0	0.0	0.02	0.0	0.0	0.0	0.0	0.0	0.0	0.0	0.0	0.0	0.0	0.0	0.0	0.0	0.01	0.01	0.0	0.01	0.01	0.0	0.0	0.0	0.0	0.0	0.0	0.0	0.0	0.0	0.0
Root; d__Bacteria; p__Actinomycetota; c__UBA4738; o__UBA4738; f__JBJMLN01; g__JBJMLN01	0.0	0.0	0.0	0.0	0.0	0.0	0.0	0.0	0.0	0.0	0.03	0.0	0.02	0.02	0.0	0.03	0.03	0.0	0.03	0.02	0.0	0.02	0.0	0.0	0.0	0.0	0.0	0.02	0.0	0.0	0.0	0.03	0.0	0.02	0.0	0.0	0.08	0.05	0.05	0.07	0.06	0.0	0.08	0.07	0.05	0.07	0.07	0.0	0.05	0.07	0.0	0.06	0.08	0.08	0.06	0.06	0.0	0.1	0.09	0.07	0.09	0.08	0.08	0.06	0.1	0.0	0.07	0.08	0.06	0.08	0.09	0.05
Root; d__Bacteria; p__Planctomycetota; c__Planctomycetia; o__Gemmatales; f__Gemmataceae; g__JANXSH01	0.0	0.0	0.0	0.0	0.0	0.0	0.0	0.0	0.0	0.0	0.02	0.0	0.0	0.0	0.0	0.0	0.0	0.0	0.0	0.0	0.0	0.0	0.0	0.0	0.0	0.0	0.0	0.0	0.0	0.0	0.02	0.02	0.0	0.0	0.0	0.0	0.0	0.0	0.0	0.0	0.0	0.0	0.0	0.0	0.0	0.0	0.0	0.0	0.0	0.0	0.0	0.0	0.0	0.0	0.0	0.0	0.0	0.01	0.01	0.0	0.0	0.01	0.0	0.0	0.0	0.0	0.0	0.0	0.0	0.0	0.01	0.0
Root; d__Bacteria; p__Planctomycetota; c__Phycisphaerae; o__Tepidisphaerales; f__Tepidisphaeraceae; g__SPIREOTU_01668215	0.0	0.0	0.0	0.0	0.0	0.0	0.0	0.0	0.0	0.0	0.02	0.0	0.0	0.0	0.0	0.0	0.0	0.0	0.0	0.0	0.0	0.0	0.0	0.0	0.0	0.0	0.0	0.0	0.0	0.0	0.0	0.02	0.0	0.0	0.0	0.0	0.0	0.0	0.0	0.0	0.02	0.0	0.0	0.01	0.0	0.02	0.0	0.0	0.0	0.0	0.0	0.0	0.0	0.0	0.0	0.0	0.0	0.01	0.02	0.0	0.02	0.02	0.0	0.0	0.0	0.0	0.02	0.0	0.0	0.02	0.01	0.0
Root; d__Bacteria; p__Pseudomonadota; c__Alphaproteobacteria; o__Rhizobiales; f__Kaistiaceae; g__CAVSRC01	0.0	0.0	0.0	0.0	0.0	0.0	0.0	0.0	0.0	0.0	0.02	0.0	0.0	0.0	0.0	0.0	0.0	0.0	0.0	0.0	0.0	0.0	0.0	0.0	0.0	0.0	0.0	0.0	0.0	0.0	0.0	0.0	0.0	0.0	0.0	0.0	0.0	0.0	0.0	0.0	0.0	0.0	0.0	0.0	0.0	0.0	0.0	0.0	0.0	0.0	0.0	0.0	0.0	0.0	0.0	0.0	0.0	0.01	0.01	0.0	0.0	0.0	0.0	0.0	0.0	0.0	0.0	0.0	0.0	0.0	0.0	0.0
Root; d__Bacteria; p__Chloroflexota; c__Anaerolineae; o__Anaerolineales; f__UBA6663; g__JADZEK01	0.0	0.0	0.0	0.0	0.0	0.0	0.0	0.0	0.0	0.0	0.02	0.0	0.0	0.0	0.0	0.0	0.0	0.0	0.0	0.0	0.0	0.0	0.0	0.0	0.0	0.0	0.0	0.0	0.0	0.0	0.0	0.0	0.0	0.0	0.0	0.0	0.0	0.0	0.0	0.0	0.0	0.0	0.0	0.0	0.0	0.0	0.0	0.0	0.0	0.0	0.0	0.0	0.0	0.0	0.0	0.0	0.0	0.02	0.01	0.0	0.01	0.01	0.0	0.0	0.02	0.0	0.0	0.02	0.0	0.0	0.01	0.0
Root; d__Bacteria; p__Acidobacteriota; c__Vicinamibacteria; o__Vicinamibacterales; f__CAVVIG01; g__DATKHR01	0.0	0.0	0.0	0.0	0.0	0.0	0.0	0.0	0.0	0.0	0.02	0.0	0.0	0.02	0.0	0.03	0.0	0.0	0.02	0.04	0.0	0.02	0.02	0.0	0.01	0.03	0.0	0.02	0.0	0.0	0.0	0.0	0.0	0.02	0.04	0.0	0.0	0.02	0.0	0.02	0.02	0.0	0.04	0.03	0.0	0.04	0.03	0.0	0.03	0.03	0.0	0.04	0.04	0.0	0.02	0.02	0.0	0.05	0.02	0.0	0.04	0.03	0.02	0.06	0.03	0.0	0.02	0.03	0.0	0.06	0.06	0.0
Root; d__Archaea; p__Thermoproteota; c__Nitrososphaeria; o__Nitrososphaerales; f__Nitrososphaeraceae; g__DASQQB01	0.0	0.0	0.0	0.0	0.0	0.0	0.0	0.0	0.0	0.0	0.0	0.0	0.02	0.0	0.0	0.02	0.0	0.0	0.01	0.0	0.0	0.0	0.0	0.0	0.02	0.0	0.0	0.0	0.0	0.0	0.0	0.0	0.0	0.01	0.0	0.0	0.02	0.02	0.0	0.02	0.02	0.05	0.02	0.02	0.0	0.02	0.02	0.0	0.04	0.03	0.0	0.05	0.02	0.0	0.02	0.03	0.05	0.03	0.04	0.04	0.02	0.02	0.0	0.04	0.02	0.0	0.02	0.03	0.0	0.02	0.03	0.0
Root; d__Bacteria; p__Acidobacteriota; c__Vicinamibacteria; o__Vicinamibacterales; f__CAVVIG01; g__SPIREOTU_00488961	0.0	0.0	0.0	0.0	0.0	0.0	0.0	0.0	0.0	0.0	0.0	0.0	0.02	0.02	0.0	0.0	0.0	0.0	0.0	0.0	0.0	0.0	0.0	0.0	0.0	0.0	0.0	0.0	0.0	0.0	0.0	0.0	0.0	0.0	0.0	0.0	0.0	0.02	0.0	0.0	0.02	0.0	0.0	0.02	0.0	0.0	0.0	0.0	0.0	0.01	0.0	0.0	0.0	0.0	0.02	0.0	0.0	0.01	0.02	0.0	0.02	0.01	0.0	0.0	0.02	0.0	0.02	0.0	0.0	0.02	0.04	0.0
Root; d__Bacteria; p__Acidobacteriota; c__Thermoanaerobaculia; o__Gp7-AA8; f__Gp7-AA8; g__JAJPHC01	0.0	0.0	0.0	0.0	0.0	0.0	0.0	0.0	0.0	0.0	0.0	0.0	0.03	0.0	0.0	0.0	0.0	0.0	0.05	0.02	0.0	0.03	0.05	0.0	0.07	0.05	0.05	0.03	0.02	0.0	0.06	0.07	0.06	0.06	0.04	0.0	0.0	0.0	0.0	0.01	0.02	0.0	0.02	0.0	0.0	0.02	0.02	0.0	0.0	0.02	0.0	0.0	0.0	0.0	0.0	0.02	0.0	0.02	0.03	0.02	0.03	0.02	0.02	0.06	0.06	0.04	0.05	0.05	0.0	0.05	0.04	0.0
Root; d__Bacteria; p__Bacteroidota; c__Bacteroidia; o__Chitinophagales; f__Chitinophagaceae; g__JACMLD01	0.0	0.0	0.0	0.0	0.0	0.0	0.0	0.0	0.0	0.0	0.0	0.0	0.04	0.0	0.0	0.0	0.0	0.0	0.0	0.01	0.0	0.02	0.0	0.0	0.0	0.0	0.0	0.0	0.0	0.0	0.0	0.0	0.0	0.0	0.0	0.0	0.0	0.0	0.0	0.0	0.0	0.0	0.0	0.0	0.0	0.0	0.0	0.0	0.0	0.0	0.0	0.0	0.0	0.0	0.0	0.0	0.0	0.0	0.0	0.0	0.0	0.0	0.0	0.0	0.0	0.0	0.0	0.0	0.0	0.0	0.0	0.0
Root; d__Bacteria; p__Myxococcota; c__Myxococcia; o__Myxococcales; f__Anaeromyxobacteraceae; g__Anaeromyxobacter	0.0	0.0	0.0	0.0	0.0	0.0	0.0	0.0	0.0	0.0	0.0	0.0	0.02	0.0	0.0	0.0	0.02	0.0	0.02	0.02	0.0	0.0	0.0	0.0	0.0	0.0	0.0	0.0	0.0	0.0	0.02	0.02	0.0	0.0	0.0	0.0	0.04	0.03	0.0	0.02	0.03	0.0	0.02	0.02	0.04	0.03	0.02	0.0	0.04	0.03	0.0	0.03	0.04	0.0	0.04	0.03	0.0	0.03	0.03	0.02	0.03	0.03	0.03	0.02	0.01	0.0	0.02	0.03	0.04	0.02	0.01	0.0
Root; d__Bacteria; p__Verrucomicrobiota; c__Verrucomicrobiia; o__Chthoniobacterales; f__Chthoniobacteraceae; g__DASYIS01	0.0	0.0	0.0	0.0	0.0	0.0	0.0	0.0	0.0	0.0	0.0	0.0	0.02	0.0	0.0	0.0	0.0	0.0	0.01	0.0	0.0	0.0	0.0	0.0	0.0	0.02	0.0	0.0	0.0	0.0	0.0	0.0	0.0	0.0	0.0	0.0	0.0	0.0	0.0	0.0	0.0	0.0	0.02	0.0	0.0	0.0	0.0	0.0	0.0	0.0	0.0	0.0	0.0	0.0	0.02	0.0	0.0	0.01	0.01	0.0	0.01	0.02	0.01	0.02	0.01	0.0	0.03	0.03	0.0	0.02	0.01	0.0
Root; d__Bacteria; p__Actinomycetota; c__Thermoleophilia; o__Gaiellales; f__Gaiellaceae; g__DATLFU01	0.0	0.0	0.0	0.0	0.0	0.0	0.0	0.0	0.0	0.0	0.0	0.0	0.02	0.0	0.0	0.0	0.0	0.0	0.02	0.03	0.0	0.0	0.0	0.0	0.0	0.0	0.0	0.0	0.02	0.0	0.0	0.01	0.0	0.01	0.02	0.0	0.0	0.0	0.0	0.0	0.0	0.0	0.0	0.0	0.0	0.0	0.0	0.0	0.0	0.0	0.0	0.0	0.0	0.0	0.0	0.0	0.0	0.01	0.01	0.0	0.0	0.0	0.0	0.0	0.0	0.0	0.0	0.0	0.0	0.0	0.0	0.0
Root; d__Bacteria; p__Actinomycetota; c__Thermoleophilia; o__Solirubrobacterales; f__Thermoleophilaceae; g__SPIREOTU_01951859	0.0	0.0	0.0	0.0	0.0	0.0	0.0	0.0	0.0	0.0	0.0	0.0	0.03	0.0	0.0	0.0	0.0	0.0	0.0	0.02	0.0	0.0	0.03	0.0	0.0	0.0	0.0	0.02	0.0	0.0	0.02	0.02	0.0	0.0	0.03	0.0	0.0	0.0	0.0	0.0	0.0	0.0	0.0	0.0	0.0	0.0	0.0	0.0	0.0	0.0	0.0	0.0	0.0	0.0	0.0	0.0	0.0	0.0	0.01	0.0	0.01	0.01	0.0	0.0	0.0	0.0	0.01	0.0	0.0	0.0	0.0	0.0
Root; d__Bacteria; p__Actinomycetota; c__Acidimicrobiia; o__Acidimicrobiales; f__VFJN01; g__DATCLS01	0.0	0.0	0.0	0.0	0.0	0.0	0.0	0.0	0.0	0.0	0.0	0.0	0.02	0.0	0.0	0.0	0.0	0.0	0.0	0.0	0.0	0.0	0.0	0.0	0.0	0.0	0.0	0.0	0.0	0.0	0.0	0.0	0.0	0.0	0.0	0.0	0.0	0.0	0.0	0.0	0.0	0.0	0.0	0.0	0.0	0.0	0.0	0.0	0.0	0.0	0.0	0.0	0.0	0.0	0.0	0.0	0.0	0.0	0.0	0.0	0.0	0.0	0.0	0.0	0.0	0.0	0.0	0.0	0.0	0.0	0.0	0.0
Root; d__Bacteria; p__Actinomycetota; c__Actinomycetes; o__Actinomycetales; f__Dermatophilaceae; g__CAWFKL01	0.0	0.0	0.0	0.0	0.0	0.0	0.0	0.0	0.0	0.0	0.0	0.0	0.02	0.0	0.0	0.0	0.0	0.0	0.02	0.02	0.0	0.0	0.0	0.0	0.0	0.0	0.0	0.0	0.02	0.0	0.0	0.02	0.0	0.0	0.04	0.0	0.0	0.0	0.0	0.0	0.0	0.0	0.0	0.0	0.0	0.0	0.0	0.0	0.0	0.0	0.0	0.0	0.0	0.0	0.0	0.0	0.0	0.0	0.0	0.0	0.0	0.0	0.0	0.0	0.0	0.0	0.0	0.0	0.0	0.0	0.0	0.0
Root; d__Bacteria; p__Actinomycetota; c__Actinomycetes; o__Mycobacteriales; f__Pseudonocardiaceae; g__Halosaccharopolyspora	0.0	0.0	0.0	0.0	0.0	0.0	0.0	0.0	0.0	0.0	0.0	0.0	0.02	0.0	0.0	0.0	0.0	0.0	0.0	0.0	0.0	0.0	0.0	0.0	0.0	0.0	0.0	0.0	0.0	0.0	0.0	0.0	0.0	0.0	0.0	0.0	0.0	0.0	0.0	0.0	0.0	0.0	0.0	0.0	0.0	0.0	0.0	0.0	0.0	0.0	0.0	0.0	0.0	0.0	0.0	0.0	0.0	0.0	0.0	0.0	0.0	0.0	0.0	0.0	0.0	0.0	0.0	0.0	0.0	0.0	0.0	0.0
Root; d__Bacteria; p__Actinomycetota; c__Actinomycetes; o__Propionibacteriales; f__Nocardioidaceae; g__SPIREOTU_00060742	0.0	0.0	0.0	0.0	0.0	0.0	0.0	0.0	0.0	0.0	0.0	0.0	0.03	0.0	0.0	0.0	0.0	0.0	0.0	0.01	0.0	0.0	0.0	0.0	0.0	0.0	0.0	0.0	0.0	0.0	0.02	0.0	0.0	0.0	0.0	0.0	0.0	0.0	0.0	0.0	0.0	0.0	0.0	0.0	0.0	0.0	0.0	0.0	0.0	0.0	0.0	0.0	0.0	0.0	0.0	0.0	0.0	0.0	0.01	0.0	0.0	0.01	0.0	0.0	0.0	0.0	0.0	0.0	0.0	0.0	0.0	0.0
Root; d__Bacteria; p__Actinomycetota; c__Actinomycetes; o__S36-B12; f__S36-B12; g__UBA10649	0.0	0.0	0.0	0.0	0.0	0.0	0.0	0.0	0.0	0.0	0.0	0.0	0.02	0.0	0.0	0.02	0.0	0.0	0.0	0.0	0.0	0.0	0.0	0.0	0.0	0.0	0.0	0.0	0.0	0.0	0.0	0.0	0.0	0.0	0.0	0.0	0.0	0.0	0.0	0.0	0.0	0.0	0.0	0.0	0.0	0.0	0.0	0.0	0.0	0.0	0.0	0.0	0.0	0.0	0.0	0.0	0.0	0.01	0.01	0.02	0.01	0.01	0.0	0.0	0.02	0.0	0.0	0.0	0.0	0.0	0.0	0.0
Root; d__Bacteria; p__Actinomycetota; c__Thermoleophilia; o__Solirubrobacterales; f__70-9; g__VGBV01	0.0	0.0	0.0	0.0	0.0	0.0	0.0	0.0	0.0	0.0	0.0	0.0	0.0	0.03	0.0	0.0	0.0	0.0	0.0	0.0	0.0	0.0	0.0	0.0	0.0	0.0	0.0	0.0	0.0	0.0	0.0	0.0	0.0	0.0	0.0	0.0	0.0	0.0	0.0	0.0	0.0	0.0	0.0	0.0	0.0	0.0	0.0	0.0	0.0	0.0	0.0	0.02	0.0	0.0	0.0	0.0	0.0	0.01	0.01	0.0	0.01	0.01	0.0	0.0	0.0	0.0	0.0	0.0	0.0	0.0	0.0	0.0
Root; d__Bacteria; p__Actinomycetota; c__Actinomycetes; o__Actinomycetales; f__Kineosporiaceae; g__Kineosporia	0.0	0.0	0.0	0.0	0.0	0.0	0.0	0.0	0.0	0.0	0.0	0.0	0.0	0.02	0.0	0.0	0.0	0.0	0.0	0.0	0.0	0.0	0.0	0.0	0.0	0.0	0.0	0.0	0.0	0.0	0.0	0.0	0.0	0.0	0.0	0.0	0.0	0.0	0.0	0.0	0.0	0.0	0.0	0.0	0.0	0.0	0.0	0.0	0.0	0.0	0.0	0.0	0.0	0.0	0.0	0.0	0.0	0.01	0.0	0.0	0.01	0.0	0.0	0.0	0.0	0.0	0.0	0.0	0.0	0.0	0.0	0.0
Root; d__Bacteria; p__Actinomycetota; c__Actinomycetes; o__JAFAQI01; f__JAFAQI01; g__JAFAQI01	0.0	0.0	0.0	0.0	0.0	0.0	0.0	0.0	0.0	0.0	0.0	0.0	0.0	0.03	0.0	0.03	0.03	0.0	0.05	0.07	0.0	0.06	0.03	0.07	0.08	0.06	0.06	0.05	0.05	0.0	0.05	0.04	0.04	0.07	0.07	0.07	0.1	0.08	0.06	0.07	0.06	0.0	0.06	0.11	0.09	0.06	0.05	0.08	0.06	0.08	0.06	0.06	0.07	0.0	0.04	0.05	0.0	0.05	0.05	0.02	0.05	0.03	0.03	0.05	0.04	0.0	0.03	0.03	0.04	0.02	0.03	0.05
Root; d__Bacteria; p__Pseudomonadota; c__Alphaproteobacteria; o__Sphingomonadales; f__Sphingomonadaceae; g__Erythrobacter	0.0	0.0	0.0	0.0	0.0	0.0	0.0	0.0	0.0	0.0	0.0	0.0	0.0	0.03	0.0	0.03	0.0	0.0	0.02	0.0	0.0	0.0	0.0	0.0	0.02	0.0	0.0	0.0	0.0	0.0	0.0	0.0	0.0	0.0	0.0	0.0	0.02	0.0	0.0	0.0	0.0	0.0	0.0	0.0	0.0	0.0	0.02	0.0	0.0	0.0	0.0	0.0	0.02	0.0	0.0	0.0	0.0	0.01	0.01	0.0	0.01	0.01	0.0	0.0	0.0	0.0	0.0	0.0	0.0	0.0	0.0	0.0
Root; d__Bacteria; p__Chloroflexota; c__Limnocylindria; o__P2-11E; f__P2-11E; g__CF-39	0.0	0.0	0.0	0.0	0.0	0.0	0.0	0.0	0.0	0.0	0.0	0.0	0.0	0.03	0.0	0.02	0.03	0.0	0.0	0.0	0.0	0.0	0.0	0.0	0.0	0.0	0.0	0.0	0.0	0.0	0.0	0.0	0.0	0.0	0.0	0.0	0.08	0.07	0.06	0.07	0.05	0.0	0.07	0.06	0.04	0.09	0.06	0.0	0.08	0.07	0.08	0.08	0.08	0.09	0.09	0.05	0.0	0.08	0.07	0.06	0.08	0.07	0.05	0.06	0.06	0.0	0.06	0.08	0.07	0.07	0.07	0.06
Root; d__Bacteria; p__Bacteroidota; c__Bacteroidia; o__Cytophagales; f__Cyclobacteriaceae; g__CRBC_04676	0.0	0.0	0.0	0.0	0.0	0.0	0.0	0.0	0.0	0.0	0.0	0.0	0.0	0.02	0.0	0.0	0.0	0.0	0.0	0.0	0.0	0.0	0.0	0.0	0.0	0.0	0.0	0.0	0.0	0.0	0.0	0.0	0.0	0.0	0.0	0.0	0.0	0.0	0.0	0.0	0.0	0.0	0.0	0.0	0.0	0.0	0.0	0.0	0.0	0.0	0.0	0.0	0.0	0.0	0.0	0.0	0.0	0.0	0.0	0.0	0.0	0.0	0.0	0.0	0.0	0.0	0.0	0.0	0.0	0.0	0.0	0.0
Root; d__Archaea; p__Thermoproteota; c__Nitrososphaeria; o__Nitrososphaerales; f__Nitrososphaeraceae; g__Nitrososphaera_A	0.0	0.0	0.0	0.0	0.0	0.0	0.0	0.0	0.0	0.0	0.0	0.0	0.0	0.0	0.0	0.03	0.03	0.0	0.0	0.0	0.0	0.0	0.0	0.0	0.0	0.0	0.0	0.0	0.0	0.0	0.0	0.0	0.0	0.0	0.0	0.0	0.06	0.07	0.0	0.04	0.06	0.0	0.05	0.06	0.0	0.04	0.06	0.07	0.07	0.08	0.0	0.05	0.04	0.07	0.07	0.06	0.07	0.07	0.05	0.04	0.05	0.06	0.07	0.04	0.04	0.04	0.04	0.06	0.04	0.03	0.05	0.04
Root; d__Bacteria; p__Actinomycetota; c__Actinomycetes; o__S36-B12; f__CAIYMF01; g__Prado023	0.0	0.0	0.0	0.0	0.0	0.0	0.0	0.0	0.0	0.0	0.0	0.0	0.0	0.0	0.0	0.02	0.0	0.0	0.0	0.02	0.0	0.0	0.02	0.0	0.01	0.0	0.0	0.0	0.0	0.0	0.0	0.0	0.0	0.02	0.0	0.0	0.0	0.0	0.0	0.0	0.0	0.0	0.0	0.0	0.0	0.0	0.0	0.0	0.0	0.0	0.0	0.0	0.0	0.0	0.0	0.0	0.0	0.0	0.01	0.0	0.01	0.01	0.0	0.0	0.0	0.0	0.0	0.0	0.0	0.0	0.0	0.0
Root; d__Bacteria; p__Actinomycetota; c__Actinomycetes; o__JAFAQI01; f__JAFAQI01; g__DASZTV01	0.0	0.0	0.0	0.0	0.0	0.0	0.0	0.0	0.0	0.0	0.0	0.0	0.0	0.0	0.0	0.03	0.0	0.0	0.0	0.0	0.0	0.0	0.0	0.0	0.0	0.0	0.0	0.0	0.0	0.0	0.0	0.0	0.0	0.01	0.0	0.0	0.05	0.04	0.0	0.02	0.04	0.0	0.04	0.03	0.0	0.03	0.03	0.0	0.05	0.02	0.0	0.07	0.02	0.04	0.0	0.02	0.0	0.02	0.03	0.02	0.02	0.01	0.0	0.03	0.04	0.0	0.03	0.04	0.0	0.02	0.03	0.0
Root; d__Bacteria; p__Actinomycetota; c__Actinomycetes; o__JAFAQI01; f__JAFAQI01; g__DATBDO01	0.0	0.0	0.0	0.0	0.0	0.0	0.0	0.0	0.0	0.0	0.0	0.0	0.0	0.0	0.0	0.02	0.0	0.0	0.0	0.01	0.0	0.0	0.0	0.0	0.0	0.0	0.0	0.0	0.0	0.0	0.0	0.0	0.0	0.0	0.0	0.0	0.05	0.03	0.0	0.03	0.04	0.0	0.03	0.05	0.05	0.03	0.04	0.0	0.04	0.03	0.0	0.04	0.02	0.0	0.0	0.0	0.0	0.01	0.01	0.0	0.02	0.01	0.0	0.0	0.0	0.0	0.0	0.0	0.0	0.0	0.01	0.0
Root; d__Bacteria; p__Actinomycetota; c__Actinomycetes; o__Sporichthyales; f__Sporichthyaceae; g__Sporichthya	0.0	0.0	0.0	0.0	0.0	0.0	0.0	0.0	0.0	0.0	0.0	0.0	0.0	0.0	0.0	0.02	0.02	0.0	0.0	0.0	0.0	0.0	0.0	0.0	0.0	0.0	0.0	0.0	0.0	0.0	0.0	0.0	0.0	0.0	0.0	0.0	0.0	0.0	0.0	0.0	0.0	0.0	0.0	0.0	0.0	0.0	0.0	0.0	0.0	0.0	0.0	0.0	0.0	0.0	0.0	0.0	0.0	0.0	0.0	0.0	0.01	0.01	0.0	0.0	0.0	0.0	0.01	0.0	0.0	0.0	0.0	0.0
Root; d__Bacteria; p__Actinomycetota; c__Thermoleophilia; o__Gaiellales; f__Gaiellaceae; g__AC-16	0.0	0.0	0.0	0.0	0.0	0.0	0.0	0.0	0.0	0.0	0.0	0.0	0.0	0.0	0.0	0.01	0.0	0.0	0.0	0.0	0.0	0.0	0.0	0.0	0.0	0.0	0.0	0.0	0.0	0.0	0.0	0.0	0.0	0.0	0.0	0.0	0.0	0.0	0.0	0.0	0.0	0.0	0.0	0.0	0.0	0.0	0.0	0.0	0.0	0.02	0.0	0.0	0.0	0.0	0.0	0.0	0.0	0.01	0.01	0.0	0.01	0.01	0.01	0.0	0.0	0.0	0.0	0.02	0.0	0.0	0.0	0.0
Root; d__Bacteria; p__Actinomycetota; c__Thermoleophilia; o__Solirubrobacterales; f__70-9; g__CAVVYV01	0.0	0.0	0.0	0.0	0.0	0.0	0.0	0.0	0.0	0.0	0.0	0.0	0.0	0.0	0.0	0.02	0.0	0.0	0.0	0.02	0.0	0.0	0.0	0.0	0.0	0.0	0.0	0.0	0.0	0.0	0.0	0.0	0.0	0.0	0.0	0.0	0.0	0.01	0.0	0.0	0.0	0.0	0.0	0.0	0.0	0.0	0.0	0.0	0.0	0.0	0.0	0.0	0.0	0.0	0.0	0.0	0.0	0.01	0.0	0.0	0.01	0.01	0.0	0.0	0.0	0.0	0.0	0.0	0.0	0.0	0.0	0.0
Root; d__Bacteria; p__Actinomycetota; c__Thermoleophilia; o__Solirubrobacterales; f__70-9; g__JAWVFN01	0.0	0.0	0.0	0.0	0.0	0.0	0.0	0.0	0.0	0.0	0.0	0.0	0.0	0.0	0.0	0.01	0.0	0.0	0.0	0.0	0.0	0.0	0.0	0.0	0.0	0.0	0.0	0.0	0.0	0.0	0.0	0.0	0.0	0.0	0.0	0.0	0.0	0.0	0.0	0.0	0.0	0.0	0.0	0.0	0.0	0.0	0.0	0.0	0.0	0.0	0.0	0.01	0.02	0.0	0.0	0.0	0.0	0.0	0.01	0.0	0.01	0.01	0.0	0.0	0.0	0.0	0.0	0.0	0.0	0.0	0.0	0.0
Root; d__Bacteria; p__Actinomycetota; c__Thermoleophilia; o__Solirubrobacterales; f__JBBDJG01; g__CAWACB01	0.0	0.0	0.0	0.0	0.0	0.0	0.0	0.0	0.0	0.0	0.0	0.0	0.0	0.0	0.0	0.03	0.01	0.0	0.02	0.03	0.0	0.02	0.05	0.0	0.02	0.02	0.05	0.03	0.03	0.0	0.03	0.02	0.0	0.03	0.03	0.0	0.02	0.0	0.0	0.0	0.0	0.0	0.0	0.0	0.0	0.0	0.0	0.0	0.01	0.02	0.0	0.0	0.02	0.0	0.02	0.02	0.0	0.03	0.03	0.0	0.02	0.02	0.02	0.0	0.0	0.0	0.01	0.03	0.0	0.02	0.02	0.0
Root; d__Bacteria; p__Actinomycetota; c__Acidimicrobiia; o__IMCC26256; f__PALSA-610; g__PALSA-610	0.0	0.0	0.0	0.0	0.0	0.0	0.0	0.0	0.0	0.0	0.0	0.0	0.0	0.0	0.0	0.03	0.03	0.0	0.0	0.03	0.0	0.03	0.0	0.0	0.0	0.0	0.0	0.0	0.0	0.0	0.0	0.0	0.0	0.0	0.02	0.0	0.05	0.02	0.0	0.02	0.06	0.0	0.03	0.06	0.0	0.04	0.04	0.0	0.03	0.05	0.0	0.06	0.06	0.0	0.05	0.05	0.0	0.05	0.04	0.03	0.05	0.05	0.0	0.02	0.04	0.0	0.06	0.03	0.0	0.05	0.06	0.0
Root; d__Bacteria; p__Pseudomonadota; c__Alphaproteobacteria; o__Caulobacterales; f__Aquidulcibacteraceae; g__Vitreimonas	0.0	0.0	0.0	0.0	0.0	0.0	0.0	0.0	0.0	0.0	0.0	0.0	0.0	0.0	0.0	0.03	0.02	0.0	0.0	0.0	0.0	0.0	0.0	0.0	0.0	0.0	0.0	0.0	0.0	0.0	0.0	0.0	0.0	0.0	0.0	0.0	0.02	0.03	0.0	0.02	0.03	0.0	0.03	0.03	0.0	0.03	0.02	0.0	0.02	0.04	0.0	0.02	0.02	0.0	0.0	0.0	0.0	0.02	0.02	0.02	0.02	0.02	0.01	0.01	0.0	0.0	0.02	0.0	0.0	0.01	0.01	0.0
Root; d__Bacteria; p__Pseudomonadota; c__Alphaproteobacteria; o__ATCC43930; f__CGMCC-115725; g__URHD0088	0.0	0.0	0.0	0.0	0.0	0.0	0.0	0.0	0.0	0.0	0.0	0.0	0.0	0.0	0.0	0.02	0.0	0.0	0.0	0.0	0.0	0.0	0.0	0.0	0.0	0.0	0.0	0.0	0.0	0.0	0.0	0.0	0.0	0.0	0.0	0.0	0.05	0.06	0.0	0.04	0.06	0.0	0.05	0.05	0.05	0.03	0.05	0.0	0.03	0.06	0.0	0.04	0.06	0.05	0.06	0.05	0.0	0.04	0.05	0.06	0.04	0.04	0.03	0.03	0.03	0.0	0.05	0.05	0.05	0.05	0.05	0.08
Root; d__Bacteria; p__Chloroflexota; c__Limnocylindria; o__Limnocylindrales; f__CSP1-4; g__MOTU40_059771	0.0	0.0	0.0	0.0	0.0	0.0	0.0	0.0	0.0	0.0	0.0	0.0	0.0	0.0	0.0	0.03	0.01	0.0	0.0	0.0	0.0	0.0	0.0	0.0	0.0	0.0	0.0	0.0	0.0	0.0	0.0	0.0	0.0	0.0	0.0	0.0	0.06	0.07	0.05	0.07	0.05	0.0	0.06	0.05	0.04	0.05	0.05	0.0	0.04	0.05	0.0	0.06	0.05	0.0	0.06	0.07	0.07	0.05	0.06	0.05	0.05	0.06	0.07	0.03	0.05	0.04	0.04	0.07	0.04	0.05	0.05	0.04
Root; d__Bacteria; p__Chloroflexota; c__Limnocylindria; o__Limnocylindrales; f__CSP1-4; g__CTSoil-043	0.0	0.0	0.0	0.0	0.0	0.0	0.0	0.0	0.0	0.0	0.0	0.0	0.0	0.0	0.0	0.02	0.0	0.0	0.0	0.0	0.0	0.0	0.03	0.0	0.0	0.0	0.0	0.0	0.0	0.0	0.02	0.0	0.0	0.0	0.0	0.0	0.01	0.0	0.0	0.02	0.03	0.0	0.02	0.02	0.0	0.02	0.0	0.0	0.03	0.02	0.0	0.0	0.03	0.0	0.03	0.03	0.0	0.02	0.03	0.03	0.03	0.02	0.02	0.01	0.03	0.0	0.02	0.02	0.0	0.01	0.05	0.0
Root; d__Bacteria; p__Chloroflexota; c__Limnocylindria; o__Limnocylindrales; f__CSP1-4; g__DASSHA01	0.0	0.0	0.0	0.0	0.0	0.0	0.0	0.0	0.0	0.0	0.0	0.0	0.0	0.0	0.0	0.03	0.03	0.0	0.0	0.0	0.0	0.0	0.0	0.0	0.0	0.0	0.0	0.0	0.0	0.0	0.0	0.0	0.0	0.0	0.0	0.0	0.07	0.06	0.07	0.08	0.06	0.0	0.07	0.09	0.0	0.04	0.06	0.0	0.04	0.04	0.0	0.08	0.05	0.0	0.05	0.04	0.0	0.05	0.05	0.04	0.05	0.05	0.04	0.02	0.03	0.0	0.05	0.05	0.0	0.03	0.05	0.0
Root; d__Bacteria; p__Chloroflexota; c__Dormibacteria; o__Dormibacterales; f__Dormibacteraceae; g__40CM-4-65-16	0.0	0.0	0.0	0.0	0.0	0.0	0.0	0.0	0.0	0.0	0.0	0.0	0.0	0.0	0.0	0.02	0.0	0.0	0.0	0.0	0.0	0.0	0.0	0.0	0.0	0.0	0.0	0.0	0.0	0.0	0.0	0.0	0.0	0.0	0.0	0.0	0.04	0.03	0.0	0.05	0.03	0.05	0.02	0.03	0.0	0.04	0.03	0.0	0.04	0.02	0.0	0.04	0.04	0.0	0.1	0.09	0.05	0.08	0.08	0.05	0.08	0.08	0.09	0.06	0.07	0.0	0.1	0.08	0.07	0.07	0.07	0.06
Root; d__Bacteria; p__Bacillota; c__Bacilli; o__Bacillales; f__Amphibacillaceae; g__Ornithinibacillus	0.0	0.0	0.0	0.0	0.0	0.0	0.0	0.0	0.0	0.0	0.0	0.0	0.0	0.0	0.0	0.02	0.02	0.0	0.0	0.0	0.0	0.0	0.0	0.0	0.0	0.0	0.0	0.0	0.0	0.0	0.0	0.0	0.0	0.0	0.0	0.0	0.0	0.0	0.0	0.0	0.03	0.0	0.02	0.0	0.0	0.0	0.0	0.0	0.0	0.0	0.0	0.02	0.02	0.0	0.0	0.0	0.0	0.0	0.0	0.0	0.0	0.01	0.0	0.0	0.0	0.0	0.0	0.0	0.0	0.0	0.0	0.0
Root; d__Bacteria; p__Acidobacteriota; c__Terriglobia; o__Terriglobales; f__Acidobacteriaceae; g__Telmatobacter	0.0	0.0	0.0	0.0	0.0	0.0	0.0	0.0	0.0	0.0	0.0	0.0	0.0	0.0	0.0	0.03	0.02	0.0	0.0	0.0	0.0	0.0	0.0	0.0	0.0	0.0	0.0	0.0	0.0	0.0	0.0	0.0	0.0	0.0	0.0	0.0	0.07	0.08	0.07	0.06	0.1	0.09	0.08	0.07	0.12	0.09	0.09	0.12	0.08	0.09	0.0	0.13	0.06	0.07	0.04	0.04	0.0	0.05	0.03	0.06	0.05	0.04	0.03	0.05	0.04	0.0	0.05	0.06	0.05	0.02	0.03	0.0
Root; d__Bacteria; p__Acidobacteriota; c__Terriglobia; o__Terriglobales; f__Acidobacteriaceae; g__Angelobacter	0.0	0.0	0.0	0.0	0.0	0.0	0.0	0.0	0.0	0.0	0.0	0.0	0.0	0.0	0.0	0.04	0.03	0.0	0.0	0.0	0.0	0.0	0.0	0.0	0.0	0.0	0.0	0.0	0.0	0.0	0.0	0.0	0.0	0.0	0.0	0.0	0.09	0.08	0.08	0.06	0.07	0.0	0.06	0.09	0.07	0.05	0.08	0.07	0.09	0.09	0.09	0.09	0.09	0.0	0.03	0.05	0.0	0.05	0.05	0.04	0.04	0.05	0.05	0.07	0.05	0.0	0.13	0.06	0.07	0.06	0.05	0.0
Root; d__Bacteria; p__Acidobacteriota; c__Terriglobia; o__Terriglobales; f__Acidobacteriaceae; g__Gp1-AA122	0.0	0.0	0.0	0.0	0.0	0.0	0.0	0.0	0.0	0.0	0.0	0.0	0.0	0.0	0.0	0.03	0.0	0.0	0.0	0.0	0.0	0.0	0.0	0.0	0.0	0.0	0.0	0.0	0.0	0.0	0.0	0.0	0.0	0.0	0.0	0.0	0.13	0.16	0.14	0.16	0.17	0.09	0.13	0.14	0.1	0.13	0.13	0.09	0.14	0.15	0.13	0.17	0.13	0.08	0.12	0.11	0.06	0.13	0.16	0.12	0.15	0.14	0.13	0.14	0.12	0.07	0.15	0.16	0.15	0.14	0.16	0.12
Root; d__Bacteria; p__Acidobacteriota; c__Terriglobia; o__Terriglobales; f__Acidobacteriaceae; g__JAEZPW01	0.0	0.0	0.0	0.0	0.0	0.0	0.0	0.0	0.0	0.0	0.0	0.0	0.0	0.0	0.0	0.02	0.0	0.0	0.0	0.0	0.0	0.0	0.0	0.0	0.0	0.0	0.0	0.0	0.0	0.0	0.0	0.0	0.0	0.0	0.0	0.0	0.07	0.05	0.0	0.06	0.07	0.0	0.06	0.05	0.0	0.06	0.03	0.05	0.06	0.05	0.0	0.03	0.04	0.06	0.04	0.04	0.0	0.04	0.05	0.04	0.05	0.05	0.03	0.03	0.03	0.0	0.03	0.05	0.0	0.04	0.04	0.08
Root; d__Bacteria; p__Acidobacteriota; c__Terriglobia; o__Terriglobales; f__Acidobacteriaceae; g__Bog-257	0.0	0.0	0.0	0.0	0.0	0.0	0.0	0.0	0.0	0.0	0.0	0.0	0.0	0.0	0.0	0.03	0.02	0.0	0.0	0.0	0.0	0.0	0.0	0.0	0.0	0.0	0.0	0.0	0.0	0.0	0.0	0.0	0.0	0.0	0.0	0.0	0.09	0.11	0.04	0.08	0.1	0.07	0.13	0.08	0.08	0.08	0.08	0.11	0.08	0.1	0.13	0.09	0.1	0.14	0.05	0.03	0.0	0.06	0.06	0.03	0.06	0.06	0.05	0.04	0.03	0.0	0.07	0.05	0.04	0.07	0.05	0.0
Root; d__Bacteria; p__Acidobacteriota; c__Terriglobia; o__Terriglobales; f__Acidobacteriaceae; g__Edaphobacter	0.0	0.0	0.0	0.0	0.0	0.0	0.0	0.0	0.0	0.0	0.0	0.0	0.0	0.0	0.0	0.02	0.04	0.0	0.0	0.0	0.0	0.0	0.0	0.0	0.0	0.0	0.0	0.0	0.0	0.0	0.0	0.0	0.0	0.0	0.0	0.0	0.05	0.04	0.0	0.05	0.02	0.07	0.06	0.04	0.0	0.03	0.03	0.0	0.04	0.05	0.0	0.06	0.04	0.0	0.02	0.02	0.0	0.01	0.03	0.0	0.03	0.03	0.0	0.02	0.02	0.0	0.02	0.04	0.0	0.03	0.05	0.0
Root; d__Bacteria; p__Acidobacteriota; c__Terriglobia; o__Terriglobales; f__Acidobacteriaceae; g__DATMXP01	0.0	0.0	0.0	0.0	0.0	0.0	0.0	0.0	0.0	0.0	0.0	0.0	0.0	0.0	0.0	0.02	0.02	0.0	0.0	0.0	0.0	0.0	0.0	0.0	0.0	0.0	0.0	0.0	0.0	0.0	0.0	0.0	0.0	0.0	0.0	0.0	0.07	0.07	0.0	0.05	0.07	0.0	0.09	0.05	0.1	0.06	0.05	0.06	0.07	0.07	0.11	0.07	0.09	0.06	0.03	0.04	0.0	0.04	0.02	0.0	0.04	0.04	0.02	0.03	0.02	0.0	0.03	0.02	0.04	0.03	0.02	0.0
Root; d__Bacteria; p__Acidobacteriota; c__Terriglobia; o__Terriglobales; f__Acidobacteriaceae; g__Gp1-AA142	0.0	0.0	0.0	0.0	0.0	0.0	0.0	0.0	0.0	0.0	0.0	0.0	0.0	0.0	0.0	0.02	0.0	0.0	0.0	0.0	0.0	0.0	0.0	0.0	0.0	0.0	0.0	0.0	0.0	0.0	0.0	0.0	0.0	0.0	0.0	0.0	0.03	0.06	0.06	0.04	0.04	0.0	0.05	0.06	0.05	0.05	0.03	0.0	0.06	0.07	0.07	0.05	0.07	0.07	0.06	0.06	0.07	0.09	0.12	0.09	0.09	0.09	0.1	0.1	0.09	0.11	0.11	0.08	0.04	0.06	0.09	0.06
Root; d__Bacteria; p__Acidobacteriota; c__Terriglobia; o__Bryobacterales; f__Bryobacteraceae; g__CAWCDJ01	0.0	0.0	0.0	0.0	0.0	0.0	0.0	0.0	0.0	0.0	0.0	0.0	0.0	0.0	0.0	0.02	0.0	0.0	0.0	0.0	0.0	0.0	0.02	0.0	0.0	0.0	0.0	0.0	0.0	0.0	0.0	0.0	0.0	0.0	0.0	0.0	0.03	0.04	0.0	0.05	0.05	0.0	0.05	0.01	0.04	0.02	0.04	0.0	0.04	0.03	0.07	0.05	0.05	0.0	0.0	0.04	0.0	0.04	0.03	0.02	0.03	0.03	0.01	0.03	0.0	0.0	0.02	0.03	0.0	0.05	0.03	0.0
Root; d__Bacteria; p__Acidobacteriota; c__Vicinamibacteria; o__Vicinamibacterales; f__SCN-69-37; g__CAVXSP01	0.0	0.0	0.0	0.0	0.0	0.0	0.0	0.0	0.0	0.0	0.0	0.0	0.0	0.0	0.0	0.02	0.0	0.0	0.0	0.0	0.0	0.0	0.0	0.0	0.0	0.0	0.0	0.0	0.0	0.0	0.0	0.0	0.0	0.0	0.0	0.0	0.02	0.0	0.0	0.0	0.02	0.0	0.0	0.0	0.0	0.03	0.0	0.0	0.0	0.02	0.0	0.0	0.0	0.0	0.0	0.0	0.0	0.01	0.02	0.0	0.02	0.01	0.02	0.04	0.0	0.0	0.0	0.0	0.0	0.02	0.0	0.0
Root; d__Bacteria; p__Acidobacteriota; c__Vicinamibacteria; o__Vicinamibacterales; f__CAVVIG01; g__WHSN01	0.0	0.0	0.0	0.0	0.0	0.0	0.0	0.0	0.0	0.0	0.0	0.0	0.0	0.0	0.0	0.01	0.0	0.0	0.0	0.0	0.0	0.0	0.0	0.0	0.0	0.0	0.0	0.0	0.0	0.0	0.01	0.0	0.0	0.0	0.0	0.0	0.0	0.0	0.0	0.0	0.0	0.0	0.0	0.0	0.0	0.0	0.0	0.0	0.0	0.0	0.0	0.0	0.0	0.0	0.0	0.0	0.0	0.01	0.01	0.0	0.01	0.0	0.0	0.0	0.0	0.0	0.0	0.0	0.0	0.0	0.01	0.0
Root; d__Bacteria; p__Acidobacteriota; c__Vicinamibacteria; o__Vicinamibacterales; f__CAVVIG01; g__JAHFUI01	0.0	0.0	0.0	0.0	0.0	0.0	0.0	0.0	0.0	0.0	0.0	0.0	0.0	0.0	0.0	0.02	0.0	0.0	0.0	0.02	0.0	0.02	0.0	0.0	0.0	0.02	0.0	0.0	0.02	0.0	0.02	0.0	0.0	0.02	0.02	0.0	0.0	0.02	0.0	0.01	0.0	0.0	0.0	0.02	0.0	0.03	0.0	0.0	0.0	0.0	0.0	0.01	0.0	0.0	0.0	0.01	0.0	0.04	0.02	0.0	0.03	0.03	0.02	0.02	0.03	0.0	0.03	0.01	0.0	0.02	0.04	0.0
Root; d__Bacteria; p__Acidobacteriota; c__Vicinamibacteria; o__Vicinamibacterales; f__CAVVIG01; g__DATNBT01	0.0	0.0	0.0	0.0	0.0	0.0	0.0	0.0	0.0	0.0	0.0	0.0	0.0	0.0	0.0	0.02	0.0	0.0	0.0	0.0	0.0	0.0	0.0	0.0	0.0	0.0	0.0	0.0	0.0	0.0	0.0	0.0	0.0	0.0	0.0	0.0	0.03	0.02	0.0	0.02	0.01	0.0	0.03	0.02	0.0	0.0	0.04	0.0	0.02	0.03	0.0	0.02	0.0	0.0	0.02	0.02	0.0	0.03	0.03	0.0	0.03	0.03	0.0	0.03	0.03	0.0	0.03	0.03	0.0	0.03	0.03	0.04
Root; d__Bacteria; p__Acidobacteriota; c__Vicinamibacteria; o__Vicinamibacterales; f__CAVVIG01; g__VFZL01	0.0	0.0	0.0	0.0	0.0	0.0	0.0	0.0	0.0	0.0	0.0	0.0	0.0	0.0	0.0	0.02	0.0	0.0	0.0	0.01	0.0	0.0	0.0	0.0	0.0	0.0	0.0	0.0	0.0	0.0	0.0	0.0	0.0	0.0	0.0	0.0	0.0	0.0	0.0	0.0	0.0	0.0	0.0	0.0	0.0	0.0	0.0	0.0	0.0	0.0	0.0	0.0	0.0	0.0	0.0	0.0	0.0	0.01	0.01	0.03	0.01	0.01	0.02	0.0	0.0	0.0	0.0	0.0	0.0	0.0	0.01	0.0
Root; d__Bacteria; p__Acidobacteriota; c__Vicinamibacteria; o__Vicinamibacterales; f__CAVVIG01; g__DATATJ01	0.0	0.0	0.0	0.0	0.0	0.0	0.0	0.0	0.0	0.0	0.0	0.0	0.0	0.0	0.0	0.02	0.02	0.0	0.01	0.0	0.0	0.0	0.0	0.0	0.0	0.0	0.0	0.0	0.0	0.0	0.0	0.0	0.0	0.0	0.0	0.0	0.03	0.02	0.0	0.04	0.02	0.0	0.04	0.0	0.05	0.04	0.05	0.0	0.02	0.03	0.0	0.03	0.03	0.0	0.02	0.0	0.0	0.02	0.02	0.02	0.02	0.03	0.0	0.0	0.0	0.0	0.03	0.02	0.0	0.03	0.0	0.0
Root; d__Bacteria; p__Acidobacteriota; c__Vicinamibacteria; o__Vicinamibacterales; f__CAVVIG01; g__CAWBVG01	0.0	0.0	0.0	0.0	0.0	0.0	0.0	0.0	0.0	0.0	0.0	0.0	0.0	0.0	0.0	0.02	0.0	0.0	0.0	0.0	0.0	0.0	0.0	0.0	0.0	0.0	0.0	0.0	0.0	0.0	0.0	0.0	0.0	0.0	0.0	0.0	0.0	0.02	0.0	0.0	0.02	0.0	0.03	0.02	0.0	0.0	0.02	0.0	0.02	0.02	0.0	0.0	0.02	0.0	0.0	0.0	0.0	0.03	0.02	0.0	0.02	0.03	0.0	0.0	0.02	0.0	0.02	0.02	0.0	0.01	0.01	0.0
Root; d__Bacteria; p__Acidobacteriota; c__Vicinamibacteria; o__Vicinamibacterales; f__2-12-FULL-66-21; g__SPIREOTU_01824231	0.0	0.0	0.0	0.0	0.0	0.0	0.0	0.0	0.0	0.0	0.0	0.0	0.0	0.0	0.0	0.02	0.0	0.0	0.0	0.0	0.0	0.0	0.0	0.0	0.0	0.0	0.0	0.0	0.0	0.0	0.0	0.0	0.0	0.0	0.0	0.0	0.0	0.0	0.0	0.0	0.0	0.0	0.0	0.0	0.0	0.0	0.0	0.0	0.0	0.0	0.0	0.0	0.0	0.0	0.0	0.0	0.0	0.0	0.0	0.0	0.0	0.01	0.0	0.0	0.0	0.0	0.0	0.0	0.0	0.0	0.0	0.0
Root; d__Bacteria; p__Acidobacteriota; c__Vicinamibacteria; o__Vicinamibacterales; f__2-12-FULL-66-21; g__DATJFQ01	0.0	0.0	0.0	0.0	0.0	0.0	0.0	0.0	0.0	0.0	0.0	0.0	0.0	0.0	0.0	0.01	0.0	0.0	0.0	0.0	0.0	0.0	0.0	0.0	0.0	0.0	0.0	0.0	0.0	0.0	0.0	0.0	0.0	0.0	0.0	0.0	0.0	0.0	0.0	0.0	0.0	0.0	0.0	0.0	0.0	0.0	0.0	0.0	0.0	0.0	0.0	0.0	0.0	0.0	0.0	0.0	0.0	0.01	0.0	0.0	0.0	0.0	0.0	0.0	0.0	0.0	0.0	0.0	0.0	0.0	0.0	0.0
Root; d__Bacteria; p__Acidobacteriota; c__Vicinamibacteria; o__Vicinamibacterales; f__2-12-FULL-66-21; g__SPIREOTU_00081680	0.0	0.0	0.0	0.0	0.0	0.0	0.0	0.0	0.0	0.0	0.0	0.0	0.0	0.0	0.0	0.02	0.0	0.0	0.0	0.0	0.0	0.0	0.02	0.0	0.0	0.0	0.0	0.0	0.0	0.0	0.0	0.0	0.0	0.0	0.0	0.0	0.0	0.0	0.0	0.0	0.0	0.0	0.02	0.0	0.0	0.0	0.0	0.0	0.0	0.0	0.0	0.0	0.0	0.0	0.02	0.02	0.0	0.01	0.03	0.0	0.01	0.01	0.01	0.0	0.02	0.0	0.0	0.01	0.0	0.0	0.0	0.0
Root; d__Bacteria; p__Acidobacteriota; c__Thermoanaerobaculia; o__Gp7-AA8; f__Gp7-AA8; g__DATDFB01	0.0	0.0	0.0	0.0	0.0	0.0	0.0	0.0	0.0	0.0	0.0	0.0	0.0	0.0	0.0	0.02	0.0	0.0	0.0	0.0	0.0	0.0	0.0	0.0	0.0	0.0	0.0	0.0	0.0	0.0	0.0	0.0	0.0	0.0	0.0	0.0	0.0	0.0	0.0	0.04	0.0	0.0	0.02	0.0	0.0	0.0	0.0	0.0	0.02	0.0	0.0	0.0	0.01	0.0	0.02	0.04	0.0	0.03	0.05	0.02	0.03	0.03	0.02	0.04	0.05	0.0	0.07	0.08	0.07	0.04	0.04	0.06
Root; d__Bacteria; p__Acidobacteriota; c__Blastocatellia; o__Pyrinomonadales; f__Pyrinomonadaceae; g__QHXM01	0.0	0.0	0.0	0.0	0.0	0.0	0.0	0.0	0.0	0.0	0.0	0.0	0.0	0.0	0.0	0.02	0.03	0.0	0.0	0.0	0.0	0.0	0.0	0.0	0.0	0.0	0.0	0.0	0.0	0.0	0.0	0.0	0.0	0.0	0.0	0.0	0.1	0.07	0.0	0.09	0.07	0.06	0.06	0.07	0.0	0.06	0.09	0.0	0.05	0.07	0.0	0.07	0.07	0.05	0.05	0.06	0.0	0.06	0.05	0.04	0.06	0.05	0.05	0.04	0.07	0.04	0.1	0.07	0.06	0.06	0.05	0.06
Root; d__Bacteria; p__Acidobacteriota; c__Blastocatellia; o__UBA7656; f__UBA7656; g__DATENM01	0.0	0.0	0.0	0.0	0.0	0.0	0.0	0.0	0.0	0.0	0.0	0.0	0.0	0.0	0.0	0.03	0.04	0.05	0.0	0.0	0.0	0.0	0.0	0.0	0.0	0.0	0.0	0.0	0.0	0.0	0.0	0.0	0.0	0.0	0.0	0.0	0.08	0.11	0.05	0.07	0.08	0.14	0.06	0.1	0.04	0.12	0.09	0.07	0.09	0.11	0.05	0.09	0.08	0.08	0.06	0.04	0.0	0.04	0.05	0.05	0.04	0.08	0.04	0.04	0.05	0.06	0.05	0.1	0.06	0.06	0.05	0.0
Root; d__Bacteria; p__Verrucomicrobiota; c__Verrucomicrobiia; o__Chthoniobacterales; f__UBA10450; g__DATFCK01	0.0	0.0	0.0	0.0	0.0	0.0	0.0	0.0	0.0	0.0	0.0	0.0	0.0	0.0	0.0	0.02	0.0	0.0	0.0	0.0	0.0	0.0	0.0	0.0	0.0	0.0	0.0	0.0	0.0	0.0	0.0	0.0	0.0	0.0	0.0	0.0	0.02	0.02	0.0	0.02	0.0	0.0	0.02	0.03	0.0	0.02	0.02	0.0	0.0	0.03	0.0	0.0	0.03	0.0	0.02	0.02	0.0	0.04	0.02	0.0	0.04	0.02	0.01	0.0	0.02	0.0	0.02	0.02	0.0	0.03	0.04	0.04
Root; d__Bacteria; p__Verrucomicrobiota; c__Verrucomicrobiia; o__Limisphaerales; f__JAQGOV01; g__JAQGOV01	0.0	0.0	0.0	0.0	0.0	0.0	0.0	0.0	0.0	0.0	0.0	0.0	0.0	0.0	0.0	0.02	0.0	0.0	0.0	0.0	0.0	0.0	0.0	0.0	0.0	0.0	0.0	0.0	0.0	0.0	0.0	0.0	0.0	0.0	0.0	0.0	0.0	0.0	0.0	0.0	0.0	0.0	0.0	0.0	0.0	0.0	0.0	0.0	0.0	0.0	0.0	0.0	0.0	0.0	0.0	0.0	0.0	0.02	0.01	0.0	0.01	0.01	0.0	0.01	0.0	0.0	0.02	0.0	0.0	0.0	0.02	0.0
Root; d__Bacteria; p__Myxococcota_A; c__Polyangia; o__Polyangiales; f__JAFGIB01; g__GCMETA_00120384	0.0	0.0	0.0	0.0	0.0	0.0	0.0	0.0	0.0	0.0	0.0	0.0	0.0	0.0	0.0	0.02	0.0	0.0	0.0	0.0	0.0	0.0	0.0	0.0	0.0	0.0	0.0	0.0	0.0	0.0	0.0	0.02	0.0	0.0	0.03	0.0	0.0	0.0	0.0	0.0	0.0	0.0	0.0	0.0	0.0	0.0	0.0	0.0	0.0	0.0	0.0	0.0	0.0	0.0	0.0	0.0	0.0	0.0	0.0	0.0	0.01	0.01	0.0	0.0	0.0	0.0	0.02	0.0	0.0	0.01	0.0	0.0
Root; d__Bacteria; p__Myxococcota_A; c__Polyangia; o__Haliangiales; f__SHYZ01; g__SPIREOTU_01600238	0.0	0.0	0.0	0.0	0.0	0.0	0.0	0.0	0.0	0.0	0.0	0.0	0.0	0.0	0.0	0.02	0.0	0.0	0.02	0.0	0.0	0.0	0.03	0.0	0.02	0.0	0.0	0.03	0.02	0.0	0.0	0.02	0.0	0.03	0.03	0.0	0.0	0.0	0.0	0.0	0.0	0.0	0.0	0.0	0.0	0.0	0.0	0.0	0.0	0.0	0.0	0.0	0.0	0.0	0.0	0.0	0.0	0.01	0.01	0.0	0.01	0.01	0.0	0.0	0.0	0.0	0.0	0.0	0.0	0.0	0.02	0.0
Root; d__Bacteria; p__Myxococcota_A; c__Polyangia; o__Fen-1088; f__Fen-1088; g__SPIREOTU_01906057	0.0	0.0	0.0	0.0	0.0	0.0	0.0	0.0	0.0	0.0	0.0	0.0	0.0	0.0	0.0	0.03	0.0	0.0	0.02	0.0	0.0	0.03	0.0	0.0	0.02	0.02	0.0	0.02	0.0	0.0	0.0	0.0	0.0	0.02	0.03	0.0	0.0	0.0	0.0	0.0	0.0	0.0	0.0	0.0	0.0	0.0	0.0	0.0	0.0	0.0	0.0	0.0	0.0	0.0	0.0	0.0	0.0	0.01	0.0	0.0	0.01	0.01	0.0	0.0	0.0	0.0	0.0	0.01	0.0	0.01	0.0	0.0
Root; d__Bacteria; p__Myxococcota_A; c__Polyangia; o__Nannocystales; f__Nannocystaceae; g__Xiheibacterium	0.0	0.0	0.0	0.0	0.0	0.0	0.0	0.0	0.0	0.0	0.0	0.0	0.0	0.0	0.0	0.02	0.0	0.0	0.0	0.0	0.0	0.0	0.0	0.0	0.0	0.0	0.0	0.0	0.0	0.0	0.0	0.0	0.0	0.0	0.0	0.0	0.0	0.0	0.0	0.0	0.0	0.0	0.0	0.0	0.0	0.0	0.02	0.0	0.0	0.0	0.0	0.02	0.0	0.0	0.0	0.0	0.0	0.01	0.02	0.0	0.02	0.02	0.0	0.02	0.01	0.0	0.03	0.02	0.0	0.02	0.02	0.0
Root; d__Bacteria; p__Myxococcota_A; c__UBA796; o__UBA796; f__GCA-2862545; g__JACKER01	0.0	0.0	0.0	0.0	0.0	0.0	0.0	0.0	0.0	0.0	0.0	0.0	0.0	0.0	0.0	0.02	0.0	0.0	0.0	0.0	0.0	0.0	0.0	0.0	0.0	0.0	0.0	0.0	0.0	0.0	0.0	0.0	0.0	0.0	0.0	0.0	0.01	0.01	0.0	0.0	0.0	0.0	0.0	0.0	0.0	0.02	0.0	0.0	0.0	0.0	0.0	0.0	0.0	0.0	0.02	0.0	0.0	0.01	0.01	0.0	0.01	0.01	0.0	0.0	0.0	0.0	0.0	0.0	0.0	0.01	0.0	0.0
Root; d__Bacteria; p__Planctomycetota; c__Phycisphaerae; o__Tepidisphaerales; f__Tepidisphaeraceae; g__JBGPEF01	0.0	0.0	0.0	0.0	0.0	0.0	0.0	0.0	0.0	0.0	0.0	0.0	0.0	0.0	0.0	0.02	0.0	0.0	0.02	0.03	0.0	0.0	0.02	0.0	0.0	0.02	0.0	0.03	0.02	0.0	0.02	0.02	0.0	0.04	0.0	0.0	0.03	0.0	0.0	0.03	0.02	0.0	0.02	0.04	0.05	0.04	0.06	0.0	0.03	0.05	0.0	0.07	0.03	0.0	0.06	0.03	0.06	0.04	0.05	0.03	0.06	0.05	0.03	0.04	0.07	0.0	0.06	0.06	0.0	0.05	0.05	0.0
Root; d__Bacteria; p__Planctomycetota; c__Planctomycetia; o__Isosphaerales; f__Isosphaeraceae; g__SPIREOTU_01923212	0.0	0.0	0.0	0.0	0.0	0.0	0.0	0.0	0.0	0.0	0.0	0.0	0.0	0.0	0.0	0.02	0.0	0.0	0.0	0.0	0.0	0.0	0.0	0.0	0.0	0.0	0.0	0.0	0.0	0.0	0.0	0.0	0.0	0.0	0.0	0.0	0.03	0.03	0.0	0.03	0.03	0.0	0.03	0.04	0.0	0.03	0.02	0.0	0.02	0.03	0.06	0.03	0.02	0.0	0.04	0.05	0.0	0.05	0.05	0.0	0.05	0.04	0.04	0.04	0.05	0.04	0.05	0.03	0.0	0.05	0.06	0.0
Root; d__Bacteria; p__Planctomycetota; c__Planctomycetia; o__Gemmatales; f__Gemmataceae; g__SPIREOTU_01827118	0.0	0.0	0.0	0.0	0.0	0.0	0.0	0.0	0.0	0.0	0.0	0.0	0.0	0.0	0.0	0.02	0.0	0.0	0.0	0.02	0.0	0.0	0.0	0.0	0.02	0.02	0.0	0.02	0.0	0.0	0.0	0.0	0.0	0.0	0.0	0.0	0.0	0.0	0.0	0.0	0.0	0.0	0.0	0.0	0.0	0.0	0.0	0.0	0.0	0.03	0.0	0.0	0.0	0.0	0.0	0.0	0.0	0.01	0.01	0.0	0.01	0.01	0.0	0.0	0.0	0.0	0.0	0.0	0.0	0.0	0.02	0.0
Root; d__Bacteria; p__Patescibacteriota; c__Saccharimonadia; o__Saccharimonadales; f__UBA10212; g__JAIFWC01	0.0	0.0	0.0	0.0	0.0	0.0	0.0	0.0	0.0	0.0	0.0	0.0	0.0	0.0	0.0	0.02	0.0	0.0	0.0	0.0	0.0	0.0	0.0	0.0	0.0	0.02	0.0	0.0	0.0	0.0	0.0	0.0	0.0	0.0	0.0	0.0	0.02	0.02	0.0	0.02	0.03	0.0	0.03	0.02	0.0	0.06	0.03	0.0	0.05	0.04	0.0	0.03	0.04	0.0	0.0	0.02	0.0	0.03	0.02	0.0	0.02	0.03	0.02	0.0	0.02	0.0	0.0	0.02	0.0	0.03	0.02	0.0
Root; d__Bacteria; p__Nitrospirota; c__Nitrospiria; o__Nitrospirales; f__Nitrospiraceae; g__Palsa-1315	0.0	0.0	0.0	0.0	0.0	0.0	0.0	0.0	0.0	0.0	0.0	0.0	0.0	0.0	0.0	0.04	0.05	0.0	0.0	0.0	0.0	0.0	0.0	0.0	0.0	0.0	0.0	0.0	0.0	0.0	0.0	0.0	0.0	0.0	0.0	0.0	0.08	0.08	0.11	0.1	0.07	0.05	0.09	0.07	0.06	0.14	0.15	0.08	0.15	0.12	0.11	0.15	0.11	0.11	0.09	0.08	0.08	0.1	0.12	0.06	0.11	0.1	0.08	0.11	0.11	0.12	0.14	0.12	0.08	0.13	0.12	0.07
Root; d__Bacteria; p__Gemmatimonadota; c__Gemmatimonadetes; o__Gemmatimonadales; f__GWC2-71-9; g__Palsa-1233	0.0	0.0	0.0	0.0	0.0	0.0	0.0	0.0	0.0	0.0	0.0	0.0	0.0	0.0	0.0	0.02	0.0	0.0	0.0	0.0	0.0	0.0	0.0	0.0	0.0	0.0	0.0	0.0	0.0	0.0	0.0	0.0	0.0	0.0	0.0	0.0	0.01	0.02	0.0	0.0	0.0	0.0	0.0	0.03	0.0	0.0	0.03	0.0	0.02	0.0	0.0	0.0	0.03	0.0	0.02	0.0	0.0	0.01	0.01	0.0	0.01	0.02	0.0	0.01	0.01	0.0	0.02	0.02	0.0	0.02	0.02	0.0
Root; d__Bacteria; p__Gemmatimonadota; c__Gemmatimonadetes; o__Gemmatimonadales; f__Gemmatimonadaceae; g__Roseisolibacter	0.0	0.0	0.0	0.0	0.0	0.0	0.0	0.0	0.0	0.0	0.0	0.0	0.0	0.0	0.0	0.02	0.0	0.0	0.0	0.0	0.0	0.0	0.0	0.0	0.0	0.0	0.0	0.0	0.0	0.0	0.0	0.0	0.0	0.0	0.0	0.0	0.0	0.0	0.0	0.02	0.0	0.0	0.02	0.02	0.0	0.0	0.0	0.0	0.0	0.0	0.0	0.0	0.02	0.0	0.03	0.0	0.0	0.01	0.02	0.0	0.01	0.01	0.02	0.0	0.0	0.0	0.03	0.0	0.0	0.02	0.0	0.0
Root; d__Bacteria; p__Gemmatimonadota; c__Gemmatimonadetes; o__Gemmatimonadales; f__Gemmatimonadaceae; g__JABFXC01	0.0	0.0	0.0	0.0	0.0	0.0	0.0	0.0	0.0	0.0	0.0	0.0	0.0	0.0	0.0	0.02	0.02	0.0	0.02	0.0	0.0	0.0	0.0	0.0	0.0	0.0	0.0	0.0	0.0	0.0	0.0	0.0	0.0	0.0	0.0	0.0	0.08	0.08	0.0	0.05	0.02	0.0	0.05	0.05	0.0	0.05	0.05	0.0	0.04	0.05	0.0	0.03	0.04	0.0	0.05	0.06	0.05	0.07	0.04	0.03	0.04	0.05	0.05	0.06	0.03	0.08	0.04	0.04	0.0	0.05	0.05	0.0
Root; d__Bacteria; p__Gemmatimonadota; c__Gemmatimonadetes; o__Gemmatimonadales; f__Gemmatimonadaceae; g__DATMHT01	0.0	0.0	0.0	0.0	0.0	0.0	0.0	0.0	0.0	0.0	0.0	0.0	0.0	0.0	0.0	0.02	0.0	0.0	0.0	0.0	0.0	0.0	0.0	0.0	0.0	0.0	0.0	0.0	0.0	0.0	0.0	0.0	0.0	0.0	0.0	0.0	0.02	0.02	0.0	0.03	0.02	0.0	0.04	0.03	0.05	0.04	0.02	0.0	0.02	0.0	0.0	0.0	0.04	0.0	0.03	0.0	0.0	0.04	0.02	0.0	0.03	0.02	0.02	0.02	0.03	0.0	0.03	0.03	0.04	0.03	0.03	0.0
Root; d__Bacteria; p__Actinomycetota; c__Actinomycetes; o__Mycobacteriales; f__Geodermatophilaceae; g__YIM-151500	0.0	0.0	0.0	0.0	0.0	0.0	0.0	0.0	0.0	0.0	0.0	0.0	0.0	0.0	0.0	0.0	0.02	0.0	0.0	0.0	0.0	0.0	0.0	0.0	0.0	0.0	0.0	0.0	0.0	0.0	0.0	0.0	0.0	0.0	0.02	0.0	0.03	0.0	0.0	0.03	0.02	0.0	0.0	0.0	0.0	0.0	0.0	0.0	0.0	0.0	0.0	0.0	0.0	0.0	0.02	0.0	0.0	0.01	0.02	0.0	0.02	0.02	0.0	0.0	0.02	0.0	0.01	0.0	0.0	0.0	0.0	0.0
Root; d__Bacteria; p__Actinomycetota; c__Actinomycetes; o__Mycobacteriales; f__Jatrophihabitantaceae; g__RYN-133	0.0	0.0	0.0	0.0	0.0	0.0	0.0	0.0	0.0	0.0	0.0	0.0	0.0	0.0	0.0	0.0	0.02	0.0	0.0	0.0	0.0	0.0	0.0	0.0	0.0	0.0	0.0	0.0	0.0	0.0	0.0	0.0	0.0	0.0	0.0	0.0	0.01	0.02	0.0	0.0	0.0	0.0	0.0	0.0	0.0	0.0	0.0	0.0	0.0	0.02	0.0	0.0	0.0	0.0	0.0	0.0	0.0	0.01	0.02	0.0	0.01	0.01	0.0	0.0	0.0	0.0	0.0	0.02	0.0	0.01	0.0	0.0
Root; d__Bacteria; p__Actinomycetota; c__Actinomycetes; o__Actinomycetales; f__Microbacteriaceae; g__Lacisediminihabitans	0.0	0.0	0.0	0.0	0.0	0.0	0.0	0.0	0.0	0.0	0.0	0.0	0.0	0.0	0.0	0.0	0.03	0.0	0.0	0.0	0.0	0.02	0.02	0.0	0.0	0.0	0.0	0.0	0.02	0.0	0.02	0.0	0.0	0.0	0.02	0.0	0.0	0.0	0.0	0.0	0.0	0.0	0.0	0.0	0.0	0.0	0.0	0.0	0.0	0.0	0.0	0.0	0.0	0.0	0.0	0.0	0.0	0.0	0.0	0.0	0.0	0.0	0.0	0.0	0.0	0.0	0.0	0.0	0.0	0.0	0.0	0.0
Root; d__Bacteria; p__Actinomycetota; c__Actinomycetes; o__Streptosporangiales; f__Streptosporangiaceae; g__Microbispora	0.0	0.0	0.0	0.0	0.0	0.0	0.0	0.0	0.0	0.0	0.0	0.0	0.0	0.0	0.0	0.0	0.02	0.0	0.0	0.0	0.0	0.0	0.0	0.0	0.0	0.0	0.0	0.0	0.0	0.0	0.0	0.0	0.0	0.0	0.0	0.0	0.0	0.0	0.0	0.0	0.0	0.0	0.0	0.0	0.0	0.0	0.0	0.0	0.0	0.0	0.0	0.0	0.0	0.0	0.0	0.0	0.0	0.0	0.01	0.0	0.01	0.01	0.0	0.0	0.0	0.0	0.0	0.0	0.0	0.0	0.0	0.0
Root; d__Bacteria; p__Actinomycetota; c__Thermoleophilia; o__Solirubrobacterales; f__Solirubrobacteraceae; g__JBBQCW01	0.0	0.0	0.0	0.0	0.0	0.0	0.0	0.0	0.0	0.0	0.0	0.0	0.0	0.0	0.0	0.0	0.02	0.0	0.01	0.0	0.0	0.0	0.0	0.0	0.0	0.0	0.0	0.0	0.02	0.0	0.02	0.0	0.0	0.02	0.0	0.0	0.0	0.0	0.0	0.02	0.0	0.0	0.0	0.0	0.0	0.0	0.0	0.0	0.0	0.0	0.0	0.0	0.0	0.0	0.0	0.0	0.0	0.01	0.01	0.0	0.01	0.02	0.0	0.0	0.0	0.0	0.02	0.0	0.0	0.02	0.0	0.0
Root; d__Bacteria; p__Actinomycetota; c__Thermoleophilia; o__Solirubrobacterales; f__Thermoleophilaceae; g__JACCYP01	0.0	0.0	0.0	0.0	0.0	0.0	0.0	0.0	0.0	0.0	0.0	0.0	0.0	0.0	0.0	0.0	0.02	0.0	0.02	0.01	0.0	0.0	0.0	0.0	0.02	0.02	0.0	0.02	0.02	0.0	0.0	0.02	0.0	0.0	0.03	0.0	0.03	0.03	0.0	0.0	0.0	0.0	0.01	0.02	0.0	0.0	0.02	0.0	0.02	0.0	0.0	0.0	0.02	0.0	0.0	0.02	0.0	0.02	0.02	0.0	0.02	0.01	0.02	0.0	0.0	0.0	0.02	0.0	0.0	0.02	0.0	0.0
Root; d__Bacteria; p__Actinomycetota; c__Thermoleophilia; o__Gaiellales; f__Gaiellaceae; g__AC-50	0.0	0.0	0.0	0.0	0.0	0.0	0.0	0.0	0.0	0.0	0.0	0.0	0.0	0.0	0.0	0.0	0.02	0.0	0.0	0.0	0.0	0.0	0.0	0.0	0.0	0.0	0.0	0.01	0.02	0.0	0.0	0.0	0.0	0.0	0.0	0.0	0.0	0.02	0.0	0.0	0.04	0.0	0.02	0.02	0.0	0.0	0.03	0.0	0.04	0.0	0.0	0.02	0.03	0.0	0.06	0.05	0.0	0.05	0.06	0.08	0.05	0.05	0.06	0.05	0.06	0.0	0.06	0.05	0.0	0.05	0.05	0.05
Root; d__Bacteria; p__Actinomycetota; c__Acidimicrobiia; o__Acidimicrobiales; f__JACCXE01; g__JACCXE01	0.0	0.0	0.0	0.0	0.0	0.0	0.0	0.0	0.0	0.0	0.0	0.0	0.0	0.0	0.0	0.0	0.02	0.0	0.0	0.0	0.0	0.0	0.0	0.0	0.0	0.0	0.0	0.0	0.0	0.0	0.0	0.0	0.0	0.0	0.0	0.0	0.02	0.02	0.0	0.02	0.0	0.0	0.0	0.0	0.0	0.0	0.02	0.0	0.04	0.0	0.0	0.03	0.02	0.0	0.04	0.05	0.04	0.05	0.06	0.08	0.04	0.05	0.03	0.05	0.06	0.08	0.1	0.08	0.05	0.07	0.09	0.04
Root; d__Bacteria; p__Pseudomonadota; c__Alphaproteobacteria; o__Rhizobiales; f__Xanthobacteraceae; g__JAVDCA01	0.0	0.0	0.0	0.0	0.0	0.0	0.0	0.0	0.0	0.0	0.0	0.0	0.0	0.0	0.0	0.0	0.01	0.0	0.0	0.0	0.0	0.0	0.0	0.0	0.0	0.0	0.0	0.0	0.0	0.0	0.0	0.0	0.0	0.0	0.0	0.0	0.01	0.02	0.0	0.02	0.0	0.0	0.04	0.0	0.0	0.0	0.0	0.0	0.0	0.0	0.0	0.02	0.02	0.0	0.0	0.0	0.0	0.01	0.01	0.0	0.01	0.02	0.02	0.0	0.0	0.0	0.0	0.0	0.0	0.0	0.02	0.0
Root; d__Bacteria; p__Pseudomonadota; c__Alphaproteobacteria; o__Rhizobiales; f__Xanthobacteraceae; g__AP-16	0.0	0.0	0.0	0.0	0.0	0.0	0.0	0.0	0.0	0.0	0.0	0.0	0.0	0.0	0.0	0.0	0.01	0.0	0.0	0.0	0.0	0.0	0.0	0.0	0.0	0.0	0.0	0.0	0.0	0.0	0.0	0.0	0.0	0.0	0.0	0.0	0.0	0.0	0.0	0.0	0.0	0.0	0.0	0.0	0.0	0.0	0.0	0.0	0.0	0.0	0.0	0.02	0.0	0.0	0.02	0.03	0.0	0.03	0.03	0.02	0.02	0.02	0.0	0.03	0.0	0.0	0.02	0.0	0.0	0.02	0.02	0.0
Root; d__Bacteria; p__Pseudomonadota; c__Alphaproteobacteria; o__Rhizobiales; f__Xanthobacteraceae; g__Palsa-892	0.0	0.0	0.0	0.0	0.0	0.0	0.0	0.0	0.0	0.0	0.0	0.0	0.0	0.0	0.0	0.0	0.02	0.0	0.0	0.0	0.0	0.0	0.0	0.0	0.0	0.0	0.0	0.0	0.0	0.0	0.0	0.0	0.0	0.0	0.0	0.0	0.0	0.0	0.0	0.04	0.0	0.0	0.0	0.0	0.0	0.0	0.0	0.0	0.0	0.0	0.0	0.0	0.02	0.0	0.0	0.0	0.0	0.01	0.01	0.0	0.01	0.0	0.0	0.0	0.0	0.0	0.01	0.0	0.0	0.0	0.0	0.0
Root; d__Bacteria; p__Pseudomonadota; c__Alphaproteobacteria; o__Rhizobiales; f__Xanthobacteraceae; g__JAJPKK01	0.0	0.0	0.0	0.0	0.0	0.0	0.0	0.0	0.0	0.0	0.0	0.0	0.0	0.0	0.0	0.0	0.02	0.0	0.0	0.0	0.0	0.0	0.0	0.0	0.0	0.0	0.0	0.0	0.0	0.0	0.0	0.0	0.0	0.0	0.0	0.0	0.0	0.0	0.0	0.0	0.0	0.0	0.01	0.0	0.0	0.0	0.0	0.0	0.0	0.0	0.0	0.0	0.0	0.0	0.0	0.0	0.0	0.02	0.01	0.0	0.01	0.01	0.0	0.0	0.0	0.0	0.02	0.0	0.0	0.0	0.0	0.0
Root; d__Bacteria; p__Pseudomonadota; c__Gammaproteobacteria; o__Steroidobacterales; f__Steroidobacteraceae; g__UBA964	0.0	0.0	0.0	0.0	0.0	0.0	0.0	0.0	0.0	0.0	0.0	0.0	0.0	0.0	0.0	0.0	0.01	0.0	0.0	0.0	0.0	0.0	0.0	0.0	0.0	0.0	0.0	0.0	0.0	0.0	0.0	0.0	0.0	0.0	0.0	0.0	0.0	0.0	0.0	0.0	0.0	0.0	0.0	0.0	0.0	0.0	0.0	0.0	0.0	0.0	0.0	0.0	0.0	0.0	0.0	0.0	0.0	0.0	0.01	0.0	0.01	0.01	0.0	0.0	0.01	0.0	0.0	0.0	0.0	0.0	0.0	0.0
Root; d__Bacteria; p__Pseudomonadota; c__Gammaproteobacteria; o__Burkholderiales; f__Casimicrobiaceae; g__PALSA-1003	0.0	0.0	0.0	0.0	0.0	0.0	0.0	0.0	0.0	0.0	0.0	0.0	0.0	0.0	0.0	0.0	0.02	0.0	0.0	0.01	0.0	0.02	0.0	0.0	0.0	0.03	0.0	0.0	0.0	0.0	0.0	0.0	0.0	0.0	0.02	0.0	0.0	0.0	0.0	0.0	0.0	0.0	0.0	0.0	0.0	0.0	0.0	0.0	0.0	0.0	0.0	0.0	0.0	0.0	0.03	0.0	0.0	0.03	0.03	0.0	0.03	0.03	0.01	0.0	0.02	0.0	0.03	0.02	0.0	0.05	0.02	0.0
Root; d__Bacteria; p__Pseudomonadota; c__Gammaproteobacteria; o__Burkholderiales; f__Usitatibacteraceae; g__FEB-7	0.0	0.0	0.0	0.0	0.0	0.0	0.0	0.0	0.0	0.0	0.0	0.0	0.0	0.0	0.0	0.0	0.03	0.0	0.0	0.0	0.0	0.0	0.02	0.0	0.0	0.0	0.0	0.0	0.0	0.0	0.0	0.01	0.0	0.0	0.0	0.0	0.0	0.0	0.0	0.0	0.0	0.0	0.0	0.0	0.0	0.0	0.0	0.0	0.0	0.02	0.0	0.0	0.0	0.0	0.0	0.0	0.0	0.01	0.01	0.0	0.03	0.02	0.03	0.0	0.01	0.0	0.02	0.01	0.0	0.0	0.0	0.0
Root; d__Bacteria; p__Pseudomonadota; c__Gammaproteobacteria; o__DSM-16500; f__DSM-16500; g__Aquicella	0.0	0.0	0.0	0.0	0.0	0.0	0.0	0.0	0.0	0.0	0.0	0.0	0.0	0.0	0.0	0.0	0.02	0.0	0.0	0.02	0.0	0.0	0.0	0.0	0.0	0.0	0.0	0.0	0.02	0.0	0.0	0.0	0.0	0.0	0.0	0.0	0.03	0.03	0.0	0.05	0.03	0.0	0.03	0.03	0.0	0.02	0.04	0.0	0.04	0.05	0.0	0.05	0.04	0.0	0.04	0.03	0.0	0.04	0.05	0.03	0.04	0.05	0.03	0.03	0.05	0.0	0.03	0.03	0.0	0.03	0.04	0.04
Root; d__Bacteria; p__Acidobacteriota; c__Terriglobia; o__20CM-2-55-15; f__20CM-2-55-15; g__JAHFTY01	0.0	0.0	0.0	0.0	0.0	0.0	0.0	0.0	0.0	0.0	0.0	0.0	0.0	0.0	0.0	0.0	0.02	0.0	0.0	0.0	0.0	0.02	0.0	0.0	0.0	0.0	0.0	0.0	0.0	0.0	0.0	0.0	0.0	0.02	0.0	0.0	0.0	0.02	0.0	0.01	0.02	0.0	0.03	0.02	0.0	0.03	0.05	0.0	0.03	0.03	0.0	0.0	0.04	0.0	0.0	0.02	0.0	0.03	0.02	0.0	0.03	0.02	0.02	0.02	0.03	0.0	0.04	0.03	0.0	0.03	0.02	0.0
Root; d__Bacteria; p__Acidobacteriota; c__Blastocatellia; o__Pyrinomonadales; f__Pyrinomonadaceae; g__JACVRN01	0.0	0.0	0.0	0.0	0.0	0.0	0.0	0.0	0.0	0.0	0.0	0.0	0.0	0.0	0.0	0.0	0.02	0.0	0.0	0.0	0.0	0.0	0.0	0.0	0.0	0.0	0.0	0.0	0.0	0.0	0.0	0.0	0.0	0.0	0.0	0.0	0.05	0.05	0.0	0.08	0.06	0.07	0.04	0.05	0.05	0.04	0.07	0.0	0.04	0.07	0.07	0.05	0.05	0.0	0.03	0.04	0.0	0.04	0.04	0.03	0.05	0.03	0.02	0.02	0.04	0.0	0.03	0.04	0.0	0.03	0.07	0.0
Root; d__Bacteria; p__Acidobacteriota; c__Thermoanaerobaculia; o__Gp7-AA8; f__Gp7-AA8; g__JADGNZ01	0.0	0.0	0.0	0.0	0.0	0.0	0.0	0.0	0.0	0.0	0.0	0.0	0.0	0.0	0.0	0.0	0.02	0.0	0.02	0.0	0.0	0.0	0.02	0.0	0.02	0.0	0.0	0.0	0.0	0.0	0.0	0.0	0.0	0.0	0.0	0.0	0.02	0.04	0.0	0.03	0.03	0.0	0.0	0.02	0.0	0.04	0.0	0.0	0.03	0.03	0.0	0.0	0.03	0.0	0.07	0.08	0.06	0.06	0.05	0.08	0.07	0.06	0.06	0.05	0.12	0.04	0.08	0.1	0.11	0.09	0.09	0.08
Root; d__Bacteria; p__Verrucomicrobiota; c__Verrucomicrobiia; o__Chthoniobacterales; f__UBA10450; g__AV40	0.0	0.0	0.0	0.0	0.0	0.0	0.0	0.0	0.0	0.0	0.0	0.0	0.0	0.0	0.0	0.0	0.01	0.0	0.0	0.0	0.0	0.0	0.0	0.0	0.0	0.0	0.0	0.0	0.0	0.0	0.0	0.0	0.0	0.0	0.0	0.0	0.03	0.03	0.0	0.0	0.0	0.0	0.0	0.0	0.0	0.02	0.02	0.0	0.02	0.03	0.0	0.02	0.0	0.0	0.02	0.04	0.0	0.03	0.05	0.0	0.04	0.03	0.02	0.01	0.02	0.0	0.03	0.05	0.0	0.04	0.03	0.0
Root; d__Bacteria; p__Myxococcota_A; c__Polyangia; o__Fen-1088; f__Fen-1088; g__DASRQZ01	0.0	0.0	0.0	0.0	0.0	0.0	0.0	0.0	0.0	0.0	0.0	0.0	0.0	0.0	0.0	0.0	0.02	0.0	0.02	0.02	0.0	0.0	0.0	0.0	0.0	0.02	0.0	0.0	0.03	0.0	0.0	0.0	0.0	0.0	0.03	0.0	0.02	0.03	0.0	0.03	0.02	0.0	0.02	0.03	0.0	0.03	0.03	0.0	0.04	0.03	0.0	0.02	0.02	0.0	0.02	0.05	0.0	0.04	0.02	0.04	0.03	0.04	0.03	0.03	0.04	0.0	0.03	0.02	0.0	0.03	0.04	0.0
Root; d__Bacteria; p__Bacteroidota; c__Bacteroidia; o__Chitinophagales; f__Chitinophagaceae; g__DATBFI01	0.0	0.0	0.0	0.0	0.0	0.0	0.0	0.0	0.0	0.0	0.0	0.0	0.0	0.0	0.0	0.0	0.02	0.0	0.0	0.02	0.0	0.0	0.0	0.0	0.0	0.0	0.0	0.03	0.02	0.0	0.0	0.01	0.0	0.0	0.02	0.0	0.0	0.0	0.0	0.0	0.0	0.0	0.01	0.0	0.0	0.02	0.0	0.0	0.0	0.0	0.0	0.0	0.0	0.0	0.0	0.0	0.0	0.02	0.01	0.04	0.01	0.0	0.0	0.0	0.0	0.0	0.0	0.0	0.0	0.0	0.01	0.0
Root; d__Bacteria; p__Bacteroidota; c__Bacteroidia; o__Chitinophagales; f__Chitinophagaceae; g__DATHKG01	0.0	0.0	0.0	0.0	0.0	0.0	0.0	0.0	0.0	0.0	0.0	0.0	0.0	0.0	0.0	0.0	0.02	0.0	0.0	0.0	0.0	0.0	0.0	0.0	0.0	0.0	0.0	0.0	0.0	0.0	0.0	0.0	0.0	0.0	0.0	0.0	0.0	0.0	0.0	0.0	0.0	0.0	0.0	0.0	0.0	0.0	0.0	0.0	0.0	0.0	0.0	0.0	0.0	0.0	0.0	0.0	0.0	0.0	0.0	0.0	0.0	0.01	0.0	0.0	0.0	0.0	0.0	0.0	0.0	0.0	0.0	0.0
Root; d__Bacteria; p__Bacteroidota; c__Bacteroidia; o__B-17B0; f__Aurantibacillaceae; g__Aurantibacillus	0.0	0.0	0.0	0.0	0.0	0.0	0.0	0.0	0.0	0.0	0.0	0.0	0.0	0.0	0.0	0.0	0.03	0.0	0.02	0.03	0.0	0.0	0.03	0.0	0.03	0.02	0.0	0.03	0.04	0.0	0.01	0.03	0.0	0.0	0.02	0.0	0.01	0.03	0.0	0.01	0.04	0.0	0.03	0.03	0.0	0.0	0.0	0.0	0.0	0.0	0.0	0.02	0.0	0.0	0.04	0.04	0.0	0.05	0.05	0.02	0.02	0.04	0.02	0.04	0.02	0.0	0.04	0.02	0.04	0.03	0.05	0.0
Root; d__Bacteria; p__Methylomirabilota; c__Methylomirabilia; o__Rokubacteriales; f__CSP1-6; g__AR5	0.0	0.0	0.0	0.0	0.0	0.0	0.0	0.0	0.0	0.0	0.0	0.0	0.0	0.0	0.0	0.0	0.02	0.0	0.0	0.0	0.0	0.0	0.0	0.0	0.0	0.0	0.0	0.0	0.0	0.0	0.0	0.0	0.0	0.0	0.0	0.0	0.0	0.02	0.0	0.0	0.02	0.0	0.0	0.0	0.0	0.0	0.02	0.0	0.03	0.0	0.0	0.02	0.0	0.0	0.03	0.0	0.0	0.02	0.03	0.0	0.02	0.02	0.0	0.03	0.02	0.0	0.03	0.04	0.0	0.0	0.02	0.0
Root; d__Bacteria; p__Pseudomonadota; c__Gammaproteobacteria; o__Burkholderiales; f__Usitatibacteraceae; g__SPIREOTU_00486402	0.0	0.0	0.0	0.0	0.0	0.0	0.0	0.0	0.0	0.0	0.0	0.0	0.0	0.0	0.0	0.0	0.0	0.0	0.02	0.03	0.0	0.05	0.04	0.0	0.02	0.06	0.0	0.04	0.02	0.0	0.04	0.03	0.0	0.03	0.04	0.0	0.0	0.0	0.0	0.0	0.0	0.0	0.0	0.0	0.0	0.0	0.0	0.0	0.02	0.0	0.0	0.0	0.0	0.0	0.03	0.02	0.0	0.02	0.03	0.0	0.02	0.02	0.0	0.02	0.01	0.0	0.02	0.0	0.0	0.01	0.02	0.0
Root; d__Bacteria; p__Pseudomonadota; c__Gammaproteobacteria; o__Burkholderiales; f__Rhodocyclaceae; g__Azonexus	0.0	0.0	0.0	0.0	0.0	0.0	0.0	0.0	0.0	0.0	0.0	0.0	0.0	0.0	0.0	0.0	0.0	0.0	0.01	0.0	0.0	0.0	0.0	0.0	0.0	0.0	0.0	0.0	0.0	0.0	0.0	0.0	0.0	0.0	0.0	0.0	0.0	0.0	0.0	0.0	0.0	0.0	0.0	0.0	0.0	0.0	0.0	0.0	0.0	0.0	0.0	0.0	0.0	0.0	0.0	0.0	0.0	0.0	0.0	0.0	0.0	0.0	0.0	0.0	0.0	0.0	0.0	0.0	0.0	0.0	0.0	0.0
Root; d__Bacteria; p__Actinomycetota; c__Thermoleophilia; o__Gaiellales; f__Gaiellaceae; g__JBKPFU01	0.0	0.0	0.0	0.0	0.0	0.0	0.0	0.0	0.0	0.0	0.0	0.0	0.0	0.0	0.0	0.0	0.0	0.0	0.01	0.0	0.0	0.0	0.0	0.0	0.0	0.0	0.0	0.0	0.0	0.0	0.03	0.0	0.0	0.0	0.02	0.0	0.0	0.0	0.0	0.0	0.0	0.0	0.0	0.0	0.0	0.0	0.0	0.0	0.0	0.0	0.0	0.0	0.0	0.0	0.0	0.02	0.0	0.01	0.01	0.0	0.01	0.02	0.02	0.0	0.0	0.0	0.0	0.0	0.0	0.0	0.0	0.0
Root; d__Bacteria; p__Actinomycetota; c__Thermoleophilia; o__Gaiellales; f__Gaiellaceae; g__SMAGOTU_02858	0.0	0.0	0.0	0.0	0.0	0.0	0.0	0.0	0.0	0.0	0.0	0.0	0.0	0.0	0.0	0.0	0.0	0.0	0.03	0.0	0.0	0.0	0.0	0.0	0.0	0.02	0.0	0.0	0.0	0.0	0.0	0.0	0.0	0.0	0.0	0.0	0.0	0.0	0.0	0.0	0.0	0.0	0.01	0.01	0.0	0.0	0.0	0.0	0.0	0.0	0.0	0.0	0.0	0.0	0.02	0.0	0.0	0.02	0.02	0.0	0.02	0.02	0.02	0.0	0.0	0.0	0.02	0.02	0.0	0.01	0.02	0.0
Root; d__Bacteria; p__Actinomycetota; c__Thermoleophilia; o__Solirubrobacterales; f__Thermoleophilaceae; g__JBKPHS01	0.0	0.0	0.0	0.0	0.0	0.0	0.0	0.0	0.0	0.0	0.0	0.0	0.0	0.0	0.0	0.0	0.0	0.0	0.02	0.0	0.0	0.02	0.0	0.0	0.0	0.0	0.0	0.02	0.0	0.0	0.0	0.0	0.0	0.0	0.0	0.0	0.02	0.0	0.0	0.0	0.02	0.0	0.0	0.01	0.0	0.0	0.0	0.0	0.01	0.0	0.0	0.0	0.0	0.0	0.0	0.02	0.0	0.02	0.01	0.0	0.01	0.02	0.02	0.01	0.0	0.0	0.0	0.0	0.0	0.0	0.0	0.0
Root; d__Bacteria; p__Actinomycetota; c__Thermoleophilia; o__Solirubrobacterales; f__70-9; g__CAWCGU01	0.0	0.0	0.0	0.0	0.0	0.0	0.0	0.0	0.0	0.0	0.0	0.0	0.0	0.0	0.0	0.0	0.0	0.0	0.02	0.0	0.0	0.0	0.0	0.0	0.0	0.02	0.0	0.0	0.0	0.0	0.0	0.0	0.0	0.0	0.01	0.0	0.0	0.0	0.0	0.0	0.0	0.0	0.0	0.0	0.0	0.0	0.0	0.0	0.0	0.0	0.0	0.0	0.0	0.0	0.0	0.0	0.0	0.0	0.0	0.0	0.01	0.0	0.0	0.0	0.0	0.0	0.0	0.0	0.0	0.0	0.0	0.0
Root; d__Bacteria; p__Actinomycetota; c__Actinomycetes; o__Propionibacteriales; f__Nocardioidaceae; g__CRBC_02214	0.0	0.0	0.0	0.0	0.0	0.0	0.0	0.0	0.0	0.0	0.0	0.0	0.0	0.0	0.0	0.0	0.0	0.0	0.02	0.0	0.0	0.0	0.0	0.0	0.02	0.0	0.0	0.0	0.0	0.0	0.0	0.02	0.0	0.0	0.0	0.0	0.01	0.02	0.0	0.0	0.0	0.0	0.0	0.0	0.0	0.0	0.0	0.0	0.0	0.0	0.0	0.0	0.0	0.0	0.0	0.0	0.0	0.01	0.0	0.0	0.02	0.01	0.0	0.0	0.0	0.0	0.0	0.0	0.0	0.0	0.01	0.0
Root; d__Bacteria; p__Actinomycetota; c__Actinomycetes; o__JAFAQI01; f__JAFAQI01; g__DASSKP01	0.0	0.0	0.0	0.0	0.0	0.0	0.0	0.0	0.0	0.0	0.0	0.0	0.0	0.0	0.0	0.0	0.0	0.0	0.03	0.02	0.0	0.03	0.02	0.0	0.04	0.02	0.0	0.04	0.03	0.0	0.02	0.04	0.0	0.03	0.03	0.0	0.0	0.0	0.0	0.0	0.0	0.0	0.02	0.02	0.0	0.02	0.0	0.0	0.0	0.0	0.0	0.0	0.0	0.0	0.0	0.0	0.0	0.01	0.01	0.0	0.01	0.01	0.0	0.0	0.0	0.0	0.0	0.0	0.0	0.0	0.0	0.0
Root; d__Bacteria; p__Actinomycetota; c__Acidimicrobiia; o__Acidimicrobiales; f__JACDCH01; g__JACDCH01	0.0	0.0	0.0	0.0	0.0	0.0	0.0	0.0	0.0	0.0	0.0	0.0	0.0	0.0	0.0	0.0	0.0	0.0	0.01	0.0	0.0	0.0	0.0	0.0	0.0	0.0	0.0	0.0	0.0	0.0	0.0	0.03	0.0	0.0	0.0	0.0	0.0	0.0	0.0	0.0	0.0	0.0	0.0	0.0	0.0	0.0	0.0	0.0	0.0	0.0	0.0	0.0	0.0	0.0	0.0	0.0	0.0	0.0	0.0	0.0	0.01	0.0	0.0	0.0	0.0	0.0	0.0	0.0	0.0	0.0	0.0	0.0
Root; d__Bacteria; p__Actinomycetota; c__Acidimicrobiia; o__IMCC26256; f__DASPTH01; g__CAVRGQ01	0.0	0.0	0.0	0.0	0.0	0.0	0.0	0.0	0.0	0.0	0.0	0.0	0.0	0.0	0.0	0.0	0.0	0.0	0.02	0.0	0.0	0.0	0.02	0.0	0.0	0.0	0.0	0.02	0.0	0.0	0.0	0.0	0.0	0.0	0.0	0.0	0.0	0.0	0.0	0.0	0.0	0.0	0.0	0.0	0.0	0.0	0.0	0.0	0.0	0.0	0.0	0.0	0.0	0.0	0.0	0.0	0.0	0.0	0.0	0.0	0.0	0.0	0.0	0.0	0.0	0.0	0.0	0.0	0.0	0.0	0.0	0.0
Root; d__Bacteria; p__Acidobacteriota; c__Terriglobia; o__Bryobacterales; f__Bryobacteraceae; g__TMP-7	0.0	0.0	0.0	0.0	0.0	0.0	0.0	0.0	0.0	0.0	0.0	0.0	0.0	0.0	0.0	0.0	0.0	0.0	0.01	0.02	0.0	0.0	0.0	0.0	0.0	0.02	0.0	0.02	0.02	0.0	0.02	0.02	0.0	0.03	0.0	0.0	0.0	0.01	0.0	0.03	0.0	0.0	0.02	0.0	0.0	0.03	0.0	0.0	0.02	0.02	0.0	0.03	0.0	0.0	0.0	0.02	0.0	0.02	0.01	0.0	0.02	0.01	0.0	0.02	0.0	0.0	0.0	0.01	0.0	0.02	0.0	0.0
Root; d__Bacteria; p__Acidobacteriota; c__Blastocatellia; o__Pyrinomonadales; f__Pyrinomonadaceae; g__SPIREOTU_01959905	0.0	0.0	0.0	0.0	0.0	0.0	0.0	0.0	0.0	0.0	0.0	0.0	0.0	0.0	0.0	0.0	0.0	0.0	0.01	0.0	0.0	0.0	0.0	0.0	0.0	0.0	0.0	0.0	0.0	0.0	0.01	0.01	0.0	0.0	0.0	0.0	0.0	0.02	0.0	0.0	0.02	0.0	0.0	0.02	0.0	0.03	0.02	0.0	0.02	0.0	0.0	0.02	0.0	0.0	0.0	0.0	0.0	0.01	0.02	0.0	0.01	0.02	0.01	0.02	0.0	0.0	0.0	0.0	0.0	0.01	0.02	0.0
Root; d__Bacteria; p__Acidobacteriota; c__Blastocatellia; o__Pyrinomonadales; f__Pyrinomonadaceae; g__JAFDVJ01	0.0	0.0	0.0	0.0	0.0	0.0	0.0	0.0	0.0	0.0	0.0	0.0	0.0	0.0	0.0	0.0	0.0	0.0	0.02	0.0	0.0	0.0	0.0	0.0	0.0	0.02	0.0	0.0	0.0	0.0	0.0	0.0	0.0	0.0	0.0	0.0	0.0	0.0	0.0	0.0	0.0	0.0	0.0	0.0	0.0	0.0	0.0	0.0	0.0	0.0	0.0	0.0	0.02	0.0	0.0	0.0	0.0	0.01	0.01	0.0	0.02	0.01	0.0	0.0	0.0	0.0	0.0	0.03	0.0	0.02	0.01	0.0
Root; d__Bacteria; p__Acidobacteriota; c__Vicinamibacteria; o__Vicinamibacterales; f__CAVVIG01; g__MGYG000494966	0.0	0.0	0.0	0.0	0.0	0.0	0.0	0.0	0.0	0.0	0.0	0.0	0.0	0.0	0.0	0.0	0.0	0.0	0.02	0.0	0.0	0.0	0.0	0.0	0.0	0.0	0.0	0.0	0.0	0.0	0.0	0.0	0.0	0.0	0.0	0.0	0.02	0.0	0.0	0.02	0.02	0.0	0.0	0.02	0.0	0.02	0.0	0.0	0.0	0.0	0.0	0.02	0.0	0.0	0.0	0.0	0.0	0.01	0.02	0.0	0.02	0.02	0.0	0.0	0.01	0.0	0.02	0.01	0.0	0.0	0.0	0.0
Root; d__Bacteria; p__Acidobacteriota; c__Vicinamibacteria; o__Vicinamibacterales; f__UBA2999; g__CAWJWY01	0.0	0.0	0.0	0.0	0.0	0.0	0.0	0.0	0.0	0.0	0.0	0.0	0.0	0.0	0.0	0.0	0.0	0.0	0.01	0.0	0.0	0.0	0.02	0.0	0.0	0.0	0.0	0.0	0.0	0.0	0.0	0.0	0.0	0.0	0.0	0.0	0.0	0.0	0.0	0.0	0.0	0.0	0.0	0.0	0.0	0.0	0.0	0.0	0.0	0.0	0.0	0.0	0.0	0.0	0.0	0.0	0.0	0.0	0.01	0.0	0.01	0.01	0.0	0.0	0.0	0.0	0.0	0.0	0.0	0.0	0.0	0.0
Root; d__Bacteria; p__Acidobacteriota; c__Vicinamibacteria; o__Vicinamibacterales; f__UBA2999; g__CAWAQA01	0.0	0.0	0.0	0.0	0.0	0.0	0.0	0.0	0.0	0.0	0.0	0.0	0.0	0.0	0.0	0.0	0.0	0.0	0.02	0.0	0.0	0.02	0.0	0.0	0.0	0.0	0.0	0.0	0.0	0.0	0.0	0.0	0.0	0.0	0.0	0.0	0.0	0.0	0.0	0.0	0.0	0.0	0.01	0.0	0.0	0.0	0.0	0.0	0.0	0.0	0.0	0.0	0.0	0.0	0.0	0.0	0.0	0.01	0.0	0.0	0.01	0.01	0.0	0.01	0.0	0.0	0.0	0.0	0.0	0.0	0.0	0.0
Root; d__Bacteria; p__Acidobacteriota; c__Vicinamibacteria; o__Vicinamibacterales; f__2-12-FULL-66-21; g__MGYG000498238	0.0	0.0	0.0	0.0	0.0	0.0	0.0	0.0	0.0	0.0	0.0	0.0	0.0	0.0	0.0	0.0	0.0	0.0	0.02	0.0	0.0	0.0	0.0	0.0	0.0	0.0	0.0	0.0	0.0	0.0	0.0	0.0	0.0	0.0	0.0	0.0	0.0	0.0	0.0	0.0	0.0	0.0	0.0	0.0	0.0	0.0	0.0	0.0	0.0	0.0	0.0	0.0	0.0	0.0	0.0	0.0	0.0	0.0	0.0	0.0	0.0	0.0	0.0	0.0	0.0	0.0	0.0	0.0	0.0	0.0	0.0	0.0
Root; d__Bacteria; p__Acidobacteriota; c__Vicinamibacteria; o__Vicinamibacterales; f__2-12-FULL-66-21; g__SPIREOTU_01101673	0.0	0.0	0.0	0.0	0.0	0.0	0.0	0.0	0.0	0.0	0.0	0.0	0.0	0.0	0.0	0.0	0.0	0.0	0.02	0.0	0.0	0.0	0.0	0.0	0.0	0.0	0.0	0.0	0.0	0.0	0.0	0.0	0.0	0.0	0.0	0.0	0.0	0.0	0.0	0.0	0.0	0.0	0.0	0.0	0.0	0.0	0.0	0.0	0.0	0.0	0.0	0.0	0.0	0.0	0.0	0.0	0.0	0.0	0.0	0.0	0.0	0.0	0.0	0.0	0.0	0.0	0.0	0.0	0.0	0.0	0.0	0.0
Root; d__Bacteria; p__Acidobacteriota; c__Vicinamibacteria; o__Vicinamibacterales; f__JAMQPK01; g__SMAGOTU_19894	0.0	0.0	0.0	0.0	0.0	0.0	0.0	0.0	0.0	0.0	0.0	0.0	0.0	0.0	0.0	0.0	0.0	0.0	0.03	0.02	0.0	0.03	0.02	0.0	0.02	0.02	0.0	0.03	0.03	0.0	0.04	0.04	0.0	0.0	0.03	0.0	0.0	0.0	0.0	0.0	0.0	0.0	0.0	0.0	0.0	0.0	0.0	0.0	0.02	0.0	0.0	0.0	0.02	0.0	0.0	0.02	0.0	0.03	0.01	0.0	0.02	0.02	0.02	0.0	0.02	0.0	0.03	0.02	0.0	0.02	0.03	0.0
Root; d__Bacteria; p__Myxococcota_A; c__Polyangia; o__Polyangiales; f__Polyangiaceae; g__Xiheicaenibacterium	0.0	0.0	0.0	0.0	0.0	0.0	0.0	0.0	0.0	0.0	0.0	0.0	0.0	0.0	0.0	0.0	0.0	0.0	0.03	0.0	0.0	0.0	0.0	0.0	0.0	0.0	0.0	0.0	0.0	0.0	0.0	0.02	0.0	0.0	0.0	0.0	0.0	0.0	0.0	0.0	0.0	0.0	0.0	0.0	0.0	0.0	0.0	0.0	0.0	0.0	0.0	0.01	0.02	0.0	0.0	0.0	0.0	0.01	0.01	0.0	0.01	0.0	0.0	0.0	0.0	0.0	0.0	0.0	0.0	0.01	0.0	0.0
Root; d__Bacteria; p__Bacteroidota; c__Bacteroidia; o__Chitinophagales; f__Chitinophagaceae; g__Sediminibacterium	0.0	0.0	0.0	0.0	0.0	0.0	0.0	0.0	0.0	0.0	0.0	0.0	0.0	0.0	0.0	0.0	0.0	0.0	0.02	0.0	0.0	0.0	0.0	0.0	0.0	0.0	0.0	0.0	0.0	0.0	0.0	0.0	0.0	0.0	0.01	0.0	0.0	0.0	0.0	0.0	0.0	0.0	0.0	0.0	0.0	0.0	0.0	0.0	0.0	0.0	0.0	0.0	0.0	0.0	0.0	0.0	0.0	0.01	0.01	0.0	0.0	0.01	0.0	0.0	0.0	0.0	0.0	0.0	0.0	0.0	0.0	0.0
Root; d__Bacteria; p__Planctomycetota; c__Planctomycetia; o__Pirellulales; f__Pirellulaceae; g__SXOA01	0.0	0.0	0.0	0.0	0.0	0.0	0.0	0.0	0.0	0.0	0.0	0.0	0.0	0.0	0.0	0.0	0.0	0.0	0.02	0.0	0.0	0.0	0.02	0.0	0.0	0.0	0.0	0.0	0.0	0.0	0.0	0.0	0.0	0.0	0.0	0.0	0.0	0.02	0.0	0.0	0.0	0.0	0.0	0.0	0.0	0.0	0.0	0.0	0.0	0.0	0.0	0.0	0.0	0.0	0.0	0.0	0.0	0.01	0.0	0.0	0.01	0.01	0.0	0.0	0.0	0.0	0.0	0.0	0.0	0.0	0.0	0.0
Root; d__Bacteria; p__Planctomycetota; c__Planctomycetia; o__Isosphaerales; f__Isosphaeraceae; g__MOTU40_125692	0.0	0.0	0.0	0.0	0.0	0.0	0.0	0.0	0.0	0.0	0.0	0.0	0.0	0.0	0.0	0.0	0.0	0.0	0.02	0.0	0.0	0.0	0.0	0.0	0.0	0.0	0.0	0.0	0.0	0.0	0.0	0.0	0.0	0.0	0.0	0.0	0.03	0.0	0.0	0.0	0.0	0.0	0.0	0.0	0.0	0.02	0.03	0.0	0.0	0.02	0.0	0.0	0.0	0.0	0.02	0.02	0.0	0.0	0.01	0.0	0.02	0.01	0.0	0.0	0.01	0.0	0.0	0.0	0.0	0.03	0.0	0.0
Root; d__Bacteria; p__Planctomycetota; c__Planctomycetia; o__Gemmatales; f__Gemmataceae; g__CAWATZ01	0.0	0.0	0.0	0.0	0.0	0.0	0.0	0.0	0.0	0.0	0.0	0.0	0.0	0.0	0.0	0.0	0.0	0.0	0.02	0.0	0.0	0.0	0.0	0.0	0.0	0.0	0.0	0.0	0.0	0.0	0.0	0.0	0.0	0.0	0.0	0.0	0.0	0.0	0.0	0.0	0.0	0.0	0.02	0.0	0.0	0.0	0.0	0.0	0.0	0.0	0.0	0.0	0.0	0.0	0.0	0.0	0.0	0.0	0.0	0.0	0.0	0.01	0.0	0.0	0.0	0.0	0.0	0.0	0.0	0.0	0.0	0.0
Root; d__Bacteria; p__Planctomycetota; c__Planctomycetia; o__Gemmatales; f__Gemmataceae; g__JBBQPD01	0.0	0.0	0.0	0.0	0.0	0.0	0.0	0.0	0.0	0.0	0.0	0.0	0.0	0.0	0.0	0.0	0.0	0.0	0.01	0.0	0.0	0.0	0.02	0.0	0.0	0.0	0.0	0.0	0.0	0.0	0.0	0.0	0.0	0.0	0.0	0.0	0.0	0.0	0.0	0.0	0.0	0.0	0.0	0.0	0.0	0.0	0.0	0.0	0.0	0.0	0.0	0.0	0.0	0.0	0.0	0.0	0.0	0.01	0.01	0.0	0.01	0.01	0.0	0.03	0.0	0.0	0.0	0.02	0.0	0.01	0.01	0.0
Root; d__Bacteria; p__Planctomycetota; c__Planctomycetia; o__Gemmatales; f__HRBIN36; g__JAEUIE01	0.0	0.0	0.0	0.0	0.0	0.0	0.0	0.0	0.0	0.0	0.0	0.0	0.0	0.0	0.0	0.0	0.0	0.0	0.01	0.0	0.0	0.02	0.0	0.0	0.0	0.0	0.0	0.0	0.0	0.0	0.0	0.0	0.0	0.0	0.0	0.0	0.0	0.0	0.0	0.0	0.0	0.0	0.0	0.0	0.0	0.0	0.0	0.0	0.0	0.0	0.0	0.0	0.0	0.0	0.0	0.0	0.0	0.01	0.01	0.0	0.01	0.01	0.0	0.0	0.02	0.0	0.0	0.0	0.0	0.0	0.0	0.0
Root; d__Bacteria; p__Planctomycetota; c__Phycisphaerae; o__Phycisphaerales; f__UBA1924; g__SPIREOTU_01906236	0.0	0.0	0.0	0.0	0.0	0.0	0.0	0.0	0.0	0.0	0.0	0.0	0.0	0.0	0.0	0.0	0.0	0.0	0.03	0.02	0.0	0.02	0.0	0.0	0.02	0.0	0.0	0.0	0.02	0.0	0.03	0.0	0.05	0.0	0.03	0.0	0.0	0.0	0.0	0.0	0.0	0.0	0.0	0.0	0.0	0.0	0.0	0.0	0.0	0.0	0.0	0.0	0.0	0.0	0.0	0.0	0.0	0.0	0.0	0.0	0.0	0.01	0.0	0.0	0.0	0.0	0.0	0.0	0.0	0.0	0.0	0.0
Root; d__Bacteria; p__Gemmatimonadota; c__Gemmatimonadetes; o__Gemmatimonadales; f__Gemmatimonadaceae; g__SPIREOTU_01310080	0.0	0.0	0.0	0.0	0.0	0.0	0.0	0.0	0.0	0.0	0.0	0.0	0.0	0.0	0.0	0.0	0.0	0.0	0.02	0.03	0.0	0.0	0.02	0.0	0.0	0.0	0.0	0.0	0.02	0.0	0.01	0.02	0.0	0.02	0.02	0.0	0.03	0.03	0.0	0.02	0.05	0.0	0.05	0.06	0.04	0.0	0.03	0.0	0.04	0.03	0.0	0.04	0.02	0.0	0.02	0.02	0.0	0.04	0.02	0.05	0.02	0.03	0.02	0.02	0.02	0.0	0.02	0.02	0.0	0.01	0.02	0.0
Root; d__Bacteria; p__Gemmatimonadota; c__Gemmatimonadetes; o__Gemmatimonadales; f__Gemmatimonadaceae; g__SPIREOTU_01830912	0.0	0.0	0.0	0.0	0.0	0.0	0.0	0.0	0.0	0.0	0.0	0.0	0.0	0.0	0.0	0.0	0.0	0.0	0.02	0.0	0.0	0.0	0.0	0.0	0.0	0.0	0.0	0.0	0.0	0.0	0.0	0.0	0.0	0.0	0.0	0.0	0.0	0.0	0.0	0.0	0.0	0.0	0.0	0.0	0.0	0.0	0.0	0.0	0.0	0.0	0.0	0.0	0.0	0.0	0.0	0.0	0.0	0.0	0.0	0.0	0.0	0.0	0.0	0.0	0.0	0.0	0.0	0.0	0.0	0.0	0.0	0.0
Root; d__Bacteria; p__Gemmatimonadota; c__Gemmatimonadetes; o__Longimicrobiales; f__Longimicrobiaceae; g__SPIREOTU_01906109	0.0	0.0	0.0	0.0	0.0	0.0	0.0	0.0	0.0	0.0	0.0	0.0	0.0	0.0	0.0	0.0	0.0	0.0	0.02	0.03	0.0	0.03	0.0	0.0	0.0	0.0	0.0	0.0	0.0	0.0	0.0	0.0	0.0	0.0	0.0	0.0	0.0	0.0	0.0	0.0	0.0	0.0	0.02	0.0	0.0	0.0	0.0	0.0	0.0	0.0	0.0	0.0	0.0	0.0	0.0	0.0	0.0	0.01	0.01	0.0	0.01	0.01	0.0	0.0	0.0	0.0	0.0	0.01	0.0	0.0	0.01	0.0
Root; d__Bacteria; p__Patescibacteriota; c__Minisyncoccia; o__Phycocordibacterales; f__SBAW01; g__GWA1-54-10	0.0	0.0	0.0	0.0	0.0	0.0	0.0	0.0	0.0	0.0	0.0	0.0	0.0	0.0	0.0	0.0	0.0	0.0	0.02	0.0	0.0	0.0	0.02	0.0	0.0	0.0	0.0	0.0	0.0	0.0	0.0	0.02	0.0	0.0	0.0	0.0	0.02	0.0	0.0	0.0	0.03	0.0	0.0	0.0	0.0	0.03	0.03	0.0	0.04	0.02	0.0	0.02	0.02	0.0	0.02	0.0	0.0	0.01	0.02	0.0	0.01	0.02	0.0	0.01	0.0	0.0	0.02	0.03	0.0	0.02	0.02	0.0
Root; d__Bacteria; p__Patescibacteriota; c__Minisyncoccia; o__Phycocordibacterales; f__Phycocordibacteraceae; g__C7867-001	0.0	0.0	0.0	0.0	0.0	0.0	0.0	0.0	0.0	0.0	0.0	0.0	0.0	0.0	0.0	0.0	0.0	0.0	0.02	0.03	0.0	0.03	0.0	0.0	0.02	0.0	0.0	0.02	0.02	0.0	0.02	0.0	0.0	0.02	0.0	0.0	0.0	0.0	0.0	0.0	0.02	0.0	0.02	0.0	0.0	0.02	0.0	0.0	0.02	0.0	0.0	0.0	0.02	0.0	0.0	0.0	0.0	0.0	0.01	0.0	0.01	0.01	0.0	0.0	0.02	0.0	0.0	0.0	0.0	0.0	0.0	0.0
Root; d__Bacteria; p__Patescibacteriota; c__Saccharimonadia; o__Saccharimonadales; f__UBA4665; g__JACMPA01	0.0	0.0	0.0	0.0	0.0	0.0	0.0	0.0	0.0	0.0	0.0	0.0	0.0	0.0	0.0	0.0	0.0	0.0	0.02	0.0	0.0	0.0	0.0	0.0	0.0	0.0	0.0	0.0	0.0	0.0	0.0	0.0	0.0	0.0	0.0	0.0	0.0	0.0	0.0	0.0	0.0	0.0	0.0	0.0	0.0	0.0	0.0	0.0	0.0	0.0	0.0	0.0	0.0	0.0	0.0	0.0	0.0	0.01	0.01	0.0	0.01	0.0	0.0	0.0	0.0	0.0	0.0	0.0	0.0	0.0	0.0	0.0
Root; d__Bacteria; p__Eisenbacteria; c__RBG-16-71-46; o__RBG-16-71-46; f__DASYSL01; g__JANPEF01	0.0	0.0	0.0	0.0	0.0	0.0	0.0	0.0	0.0	0.0	0.0	0.0	0.0	0.0	0.0	0.0	0.0	0.0	0.04	0.04	0.0	0.05	0.02	0.0	0.03	0.02	0.0	0.02	0.0	0.0	0.02	0.02	0.0	0.0	0.03	0.0	0.0	0.0	0.0	0.0	0.0	0.0	0.0	0.0	0.0	0.0	0.0	0.0	0.0	0.0	0.0	0.0	0.0	0.0	0.0	0.0	0.0	0.01	0.01	0.0	0.0	0.0	0.0	0.0	0.0	0.0	0.0	0.0	0.0	0.0	0.0	0.0
Root; d__Bacteria; p__Elusimicrobiota; c__Elusimicrobia; o__UBA1565; f__UBA9628; g__GWA2-66-18	0.0	0.0	0.0	0.0	0.0	0.0	0.0	0.0	0.0	0.0	0.0	0.0	0.0	0.0	0.0	0.0	0.0	0.0	0.02	0.0	0.0	0.0	0.0	0.0	0.0	0.0	0.0	0.0	0.0	0.0	0.0	0.01	0.0	0.0	0.0	0.0	0.0	0.0	0.0	0.0	0.0	0.0	0.0	0.0	0.0	0.0	0.0	0.0	0.0	0.0	0.0	0.0	0.0	0.0	0.02	0.0	0.0	0.01	0.01	0.0	0.01	0.01	0.0	0.0	0.0	0.0	0.0	0.0	0.0	0.0	0.01	0.0
Root; d__Bacteria; p__Elusimicrobiota; c__Elusimicrobia; o__2-01-FULL-59-12; f__2-01-FULL-59-12; g__2-01-FULL-59-12	0.0	0.0	0.0	0.0	0.0	0.0	0.0	0.0	0.0	0.0	0.0	0.0	0.0	0.0	0.0	0.0	0.0	0.0	0.02	0.0	0.0	0.0	0.0	0.0	0.0	0.0	0.0	0.0	0.0	0.0	0.0	0.0	0.0	0.0	0.0	0.0	0.0	0.0	0.0	0.0	0.0	0.0	0.0	0.0	0.0	0.0	0.0	0.0	0.0	0.0	0.0	0.0	0.0	0.0	0.0	0.0	0.0	0.01	0.0	0.0	0.01	0.01	0.02	0.0	0.0	0.0	0.02	0.0	0.0	0.02	0.0	0.0
Root; d__Bacteria; p__Actinomycetota; c__Actinomycetes; o__Mycobacteriales; f__Micromonosporaceae; g__DATBGZ01	0.0	0.0	0.0	0.0	0.0	0.0	0.0	0.0	0.0	0.0	0.0	0.0	0.0	0.0	0.0	0.0	0.0	0.0	0.0	0.02	0.0	0.02	0.0	0.0	0.0	0.0	0.0	0.0	0.0	0.0	0.02	0.02	0.0	0.01	0.0	0.0	0.0	0.0	0.0	0.0	0.0	0.0	0.0	0.0	0.0	0.0	0.0	0.0	0.0	0.0	0.0	0.0	0.0	0.0	0.0	0.0	0.0	0.0	0.0	0.0	0.01	0.0	0.0	0.0	0.0	0.0	0.0	0.0	0.0	0.0	0.0	0.0
Root; d__Bacteria; p__Actinomycetota; c__Actinomycetes; o__Propionibacteriales; f__Propionibacteriaceae; g__Micropruina	0.0	0.0	0.0	0.0	0.0	0.0	0.0	0.0	0.0	0.0	0.0	0.0	0.0	0.0	0.0	0.0	0.0	0.0	0.0	0.02	0.0	0.02	0.0	0.0	0.0	0.0	0.0	0.0	0.0	0.0	0.0	0.0	0.0	0.0	0.0	0.0	0.0	0.0	0.0	0.0	0.0	0.0	0.0	0.0	0.0	0.0	0.0	0.0	0.0	0.0	0.0	0.0	0.0	0.0	0.0	0.0	0.0	0.0	0.0	0.0	0.0	0.0	0.0	0.0	0.0	0.0	0.0	0.0	0.0	0.0	0.0	0.0
Root; d__Bacteria; p__Actinomycetota; c__Actinomycetes; o__JAWWOW01; f__JAWWOW01; g__JBJMHR01	0.0	0.0	0.0	0.0	0.0	0.0	0.0	0.0	0.0	0.0	0.0	0.0	0.0	0.0	0.0	0.0	0.0	0.0	0.0	0.02	0.0	0.0	0.0	0.0	0.0	0.0	0.0	0.0	0.0	0.0	0.0	0.0	0.0	0.0	0.0	0.0	0.0	0.0	0.0	0.0	0.0	0.0	0.02	0.0	0.0	0.0	0.0	0.0	0.03	0.0	0.0	0.0	0.02	0.0	0.0	0.0	0.0	0.02	0.01	0.0	0.01	0.01	0.0	0.01	0.0	0.0	0.0	0.0	0.0	0.0	0.02	0.0
Root; d__Bacteria; p__Actinomycetota; c__Thermoleophilia; o__Solirubrobacterales; f__70-9; g__SPIREOTU_00919821	0.0	0.0	0.0	0.0	0.0	0.0	0.0	0.0	0.0	0.0	0.0	0.0	0.0	0.0	0.0	0.0	0.0	0.0	0.0	0.02	0.0	0.0	0.0	0.0	0.0	0.0	0.0	0.0	0.0	0.0	0.0	0.0	0.0	0.0	0.0	0.0	0.0	0.0	0.0	0.0	0.0	0.0	0.0	0.0	0.0	0.0	0.0	0.0	0.0	0.0	0.0	0.0	0.0	0.0	0.0	0.0	0.0	0.0	0.0	0.0	0.0	0.0	0.0	0.0	0.0	0.0	0.0	0.0	0.0	0.0	0.0	0.0
Root; d__Bacteria; p__Actinomycetota; c__Thermoleophilia; o__Gaiellales; f__Gaiellaceae; g__SMAGOTU_02925	0.0	0.0	0.0	0.0	0.0	0.0	0.0	0.0	0.0	0.0	0.0	0.0	0.0	0.0	0.0	0.0	0.0	0.0	0.0	0.02	0.0	0.0	0.0	0.0	0.0	0.0	0.0	0.0	0.0	0.0	0.0	0.02	0.0	0.02	0.0	0.0	0.01	0.02	0.0	0.0	0.0	0.0	0.02	0.02	0.0	0.0	0.0	0.0	0.0	0.0	0.0	0.0	0.0	0.0	0.0	0.0	0.0	0.01	0.01	0.0	0.02	0.01	0.01	0.0	0.0	0.0	0.01	0.01	0.0	0.0	0.0	0.0
Root; d__Bacteria; p__Actinomycetota; c__Acidimicrobiia; o__Acidimicrobiales; f__JAFATL01; g__JBEEFP01	0.0	0.0	0.0	0.0	0.0	0.0	0.0	0.0	0.0	0.0	0.0	0.0	0.0	0.0	0.0	0.0	0.0	0.0	0.0	0.02	0.0	0.0	0.02	0.0	0.02	0.0	0.0	0.0	0.02	0.0	0.02	0.0	0.0	0.0	0.0	0.0	0.01	0.0	0.0	0.0	0.0	0.0	0.02	0.0	0.0	0.03	0.0	0.0	0.0	0.01	0.0	0.02	0.0	0.0	0.0	0.02	0.0	0.02	0.03	0.0	0.03	0.02	0.03	0.0	0.0	0.0	0.02	0.0	0.0	0.02	0.02	0.0
Root; d__Bacteria; p__Planctomycetota; c__Phycisphaerae; o__Tepidisphaerales; f__Tepidisphaeraceae; g__JANXVV01	0.0	0.0	0.0	0.0	0.0	0.0	0.0	0.0	0.0	0.0	0.0	0.0	0.0	0.0	0.0	0.0	0.0	0.0	0.0	0.02	0.0	0.0	0.0	0.0	0.0	0.0	0.0	0.0	0.0	0.0	0.0	0.0	0.0	0.0	0.0	0.0	0.0	0.0	0.0	0.0	0.0	0.0	0.0	0.0	0.0	0.0	0.0	0.0	0.0	0.0	0.0	0.0	0.02	0.0	0.0	0.0	0.0	0.01	0.01	0.0	0.01	0.01	0.0	0.0	0.0	0.0	0.01	0.0	0.0	0.0	0.01	0.0
Root; d__Bacteria; p__Pseudomonadota; c__Gammaproteobacteria; o__Burkholderiales; f__Burkholderiaceae_C; g__DATCSE01	0.0	0.0	0.0	0.0	0.0	0.0	0.0	0.0	0.0	0.0	0.0	0.0	0.0	0.0	0.0	0.0	0.0	0.0	0.0	0.01	0.0	0.0	0.0	0.0	0.0	0.0	0.0	0.0	0.0	0.0	0.0	0.0	0.0	0.0	0.0	0.0	0.0	0.0	0.0	0.0	0.0	0.0	0.0	0.0	0.0	0.0	0.0	0.0	0.0	0.0	0.0	0.0	0.0	0.0	0.0	0.0	0.0	0.0	0.01	0.0	0.01	0.01	0.0	0.0	0.0	0.0	0.0	0.0	0.0	0.0	0.01	0.0
Root; d__Bacteria; p__Pseudomonadota; c__Gammaproteobacteria; o__Legionellales; f__Legionellaceae; g__Legionella	0.0	0.0	0.0	0.0	0.0	0.0	0.0	0.0	0.0	0.0	0.0	0.0	0.0	0.0	0.0	0.0	0.0	0.0	0.0	0.03	0.0	0.02	0.02	0.0	0.02	0.02	0.0	0.0	0.0	0.0	0.03	0.0	0.0	0.0	0.03	0.0	0.0	0.0	0.0	0.0	0.0	0.0	0.0	0.0	0.0	0.0	0.0	0.0	0.0	0.0	0.0	0.0	0.0	0.0	0.0	0.0	0.0	0.01	0.01	0.0	0.01	0.01	0.02	0.0	0.0	0.0	0.0	0.0	0.0	0.0	0.0	0.0
Root; d__Bacteria; p__Pseudomonadota; c__Gammaproteobacteria; o__UBA6002; f__UBA6002; g__UBA6002	0.0	0.0	0.0	0.0	0.0	0.0	0.0	0.0	0.0	0.0	0.0	0.0	0.0	0.0	0.0	0.0	0.0	0.0	0.0	0.02	0.0	0.0	0.0	0.0	0.02	0.0	0.0	0.0	0.0	0.0	0.0	0.0	0.0	0.0	0.0	0.0	0.0	0.0	0.0	0.0	0.0	0.0	0.0	0.0	0.0	0.0	0.0	0.0	0.0	0.0	0.0	0.0	0.0	0.0	0.0	0.0	0.0	0.0	0.0	0.0	0.0	0.0	0.0	0.0	0.0	0.0	0.0	0.0	0.0	0.0	0.0	0.0
Root; d__Bacteria; p__Bacteroidota; c__Bacteroidia; o__Chitinophagales; f__Chitinophagaceae; g__VBAU01	0.0	0.0	0.0	0.0	0.0	0.0	0.0	0.0	0.0	0.0	0.0	0.0	0.0	0.0	0.0	0.0	0.0	0.0	0.0	0.02	0.0	0.02	0.0	0.0	0.0	0.02	0.0	0.02	0.0	0.0	0.0	0.0	0.0	0.02	0.02	0.0	0.0	0.0	0.0	0.0	0.0	0.0	0.0	0.0	0.0	0.0	0.0	0.0	0.0	0.0	0.0	0.0	0.0	0.0	0.0	0.0	0.0	0.01	0.0	0.0	0.0	0.01	0.0	0.0	0.0	0.0	0.0	0.0	0.0	0.0	0.0	0.0
Root; d__Bacteria; p__Bacteroidota; c__Bacteroidia; o__Chitinophagales; f__Chitinophagaceae; g__Parafilimonas	0.0	0.0	0.0	0.0	0.0	0.0	0.0	0.0	0.0	0.0	0.0	0.0	0.0	0.0	0.0	0.0	0.0	0.0	0.0	0.01	0.0	0.0	0.0	0.0	0.02	0.02	0.0	0.02	0.0	0.0	0.01	0.03	0.0	0.0	0.0	0.0	0.0	0.0	0.0	0.02	0.02	0.0	0.02	0.02	0.0	0.0	0.0	0.0	0.0	0.0	0.0	0.02	0.0	0.0	0.0	0.0	0.0	0.01	0.01	0.0	0.01	0.01	0.0	0.0	0.0	0.0	0.0	0.0	0.0	0.0	0.0	0.0
Root; d__Bacteria; p__Acidobacteriota; c__Vicinamibacteria; o__Vicinamibacterales; f__CAVVIG01; g__CAVSWN01	0.0	0.0	0.0	0.0	0.0	0.0	0.0	0.0	0.0	0.0	0.0	0.0	0.0	0.0	0.0	0.0	0.0	0.0	0.0	0.02	0.0	0.0	0.0	0.0	0.0	0.0	0.0	0.0	0.0	0.0	0.0	0.0	0.0	0.0	0.0	0.0	0.0	0.0	0.0	0.0	0.0	0.0	0.02	0.0	0.0	0.0	0.0	0.0	0.02	0.0	0.0	0.0	0.0	0.0	0.0	0.0	0.0	0.01	0.01	0.0	0.02	0.01	0.02	0.0	0.0	0.0	0.02	0.02	0.0	0.0	0.01	0.0
Root; d__Bacteria; p__Acidobacteriota; c__Vicinamibacteria; o__Vicinamibacterales; f__2-12-FULL-66-21; g__SPIREOTU_01379579	0.0	0.0	0.0	0.0	0.0	0.0	0.0	0.0	0.0	0.0	0.0	0.0	0.0	0.0	0.0	0.0	0.0	0.0	0.0	0.02	0.0	0.0	0.03	0.0	0.02	0.02	0.0	0.02	0.03	0.0	0.02	0.0	0.0	0.02	0.02	0.0	0.0	0.0	0.0	0.0	0.0	0.0	0.0	0.0	0.0	0.0	0.0	0.0	0.0	0.0	0.0	0.0	0.0	0.0	0.0	0.0	0.0	0.0	0.0	0.0	0.01	0.01	0.0	0.0	0.0	0.0	0.0	0.0	0.0	0.0	0.0	0.0
Root; d__Bacteria; p__Acidobacteriota; c__Vicinamibacteria; o__Vicinamibacterales; f__2-12-FULL-66-21; g__SMAGOTU_12245	0.0	0.0	0.0	0.0	0.0	0.0	0.0	0.0	0.0	0.0	0.0	0.0	0.0	0.0	0.0	0.0	0.0	0.0	0.0	0.02	0.0	0.0	0.0	0.0	0.0	0.0	0.0	0.0	0.0	0.0	0.0	0.0	0.0	0.02	0.0	0.0	0.0	0.0	0.0	0.0	0.0	0.0	0.0	0.0	0.0	0.0	0.0	0.0	0.0	0.0	0.0	0.0	0.0	0.0	0.0	0.0	0.0	0.0	0.0	0.0	0.0	0.01	0.0	0.0	0.0	0.0	0.0	0.0	0.0	0.0	0.0	0.0
Root; d__Bacteria; p__Acidobacteriota; c__Vicinamibacteria; o__Fen-336; f__Fen-336; g__SPIREOTU_01099398	0.0	0.0	0.0	0.0	0.0	0.0	0.0	0.0	0.0	0.0	0.0	0.0	0.0	0.0	0.0	0.0	0.0	0.0	0.0	0.02	0.0	0.0	0.0	0.0	0.02	0.02	0.0	0.0	0.0	0.0	0.02	0.0	0.0	0.0	0.0	0.0	0.02	0.0	0.0	0.0	0.0	0.0	0.02	0.0	0.0	0.0	0.0	0.0	0.0	0.0	0.0	0.0	0.0	0.0	0.0	0.03	0.0	0.01	0.01	0.0	0.01	0.02	0.0	0.0	0.0	0.0	0.01	0.02	0.0	0.02	0.0	0.0
Root; d__Bacteria; p__Acidobacteriota; c__Thermoanaerobaculia; o__Gp7-AA8; f__Gp7-AA8; g__SPIREOTU_00061581	0.0	0.0	0.0	0.0	0.0	0.0	0.0	0.0	0.0	0.0	0.0	0.0	0.0	0.0	0.0	0.0	0.0	0.0	0.0	0.02	0.0	0.02	0.02	0.0	0.0	0.02	0.0	0.0	0.0	0.0	0.0	0.0	0.0	0.0	0.0	0.0	0.0	0.0	0.0	0.0	0.0	0.0	0.0	0.0	0.0	0.0	0.0	0.0	0.0	0.0	0.0	0.0	0.0	0.0	0.0	0.0	0.0	0.0	0.0	0.0	0.0	0.0	0.0	0.0	0.0	0.0	0.0	0.0	0.0	0.0	0.0	0.0
Root; d__Bacteria; p__Acidobacteriota; c__Blastocatellia; o__Pyrinomonadales; f__Pyrinomonadaceae; g__MOTU40_088234	0.0	0.0	0.0	0.0	0.0	0.0	0.0	0.0	0.0	0.0	0.0	0.0	0.0	0.0	0.0	0.0	0.0	0.0	0.0	0.02	0.0	0.02	0.0	0.0	0.0	0.02	0.0	0.0	0.0	0.0	0.01	0.02	0.0	0.0	0.0	0.0	0.0	0.0	0.0	0.0	0.0	0.0	0.0	0.0	0.0	0.0	0.0	0.0	0.0	0.0	0.0	0.0	0.0	0.0	0.0	0.0	0.0	0.0	0.0	0.0	0.0	0.0	0.0	0.0	0.0	0.0	0.0	0.0	0.0	0.0	0.0	0.0
Root; d__Bacteria; p__Myxococcota_A; c__Polyangia; o__Fen-1088; f__Fen-1088; g__Fen-1137	0.0	0.0	0.0	0.0	0.0	0.0	0.0	0.0	0.0	0.0	0.0	0.0	0.0	0.0	0.0	0.0	0.0	0.0	0.0	0.02	0.0	0.0	0.0	0.0	0.0	0.0	0.0	0.0	0.0	0.0	0.0	0.0	0.0	0.02	0.0	0.0	0.0	0.0	0.0	0.0	0.0	0.0	0.0	0.0	0.0	0.0	0.0	0.0	0.0	0.0	0.0	0.0	0.0	0.0	0.0	0.0	0.0	0.0	0.0	0.0	0.0	0.0	0.0	0.0	0.0	0.0	0.0	0.0	0.0	0.0	0.0	0.0
Root; d__Bacteria; p__Myxococcota_A; c__Polyangia; o__Fen-1088; f__Fen-1088; g__Fen-1118	0.0	0.0	0.0	0.0	0.0	0.0	0.0	0.0	0.0	0.0	0.0	0.0	0.0	0.0	0.0	0.0	0.0	0.0	0.0	0.01	0.0	0.0	0.0	0.0	0.0	0.0	0.0	0.0	0.0	0.0	0.0	0.0	0.0	0.0	0.0	0.0	0.0	0.0	0.0	0.0	0.0	0.0	0.0	0.0	0.0	0.0	0.0	0.0	0.0	0.0	0.0	0.0	0.0	0.0	0.0	0.0	0.0	0.0	0.0	0.0	0.0	0.0	0.0	0.0	0.0	0.0	0.0	0.0	0.0	0.0	0.0	0.0
Root; d__Bacteria; p__Actinomycetota; c__Actinomycetes; o__Mycobacteriales; f__Micromonosporaceae; g__CAVTWH01	0.0	0.0	0.0	0.0	0.0	0.0	0.0	0.0	0.0	0.0	0.0	0.0	0.0	0.0	0.0	0.0	0.0	0.0	0.0	0.0	0.0	0.02	0.0	0.0	0.0	0.0	0.0	0.0	0.0	0.0	0.02	0.0	0.0	0.0	0.03	0.0	0.0	0.0	0.0	0.0	0.0	0.0	0.0	0.0	0.0	0.0	0.0	0.0	0.0	0.0	0.0	0.0	0.0	0.0	0.0	0.0	0.0	0.01	0.01	0.0	0.01	0.01	0.0	0.0	0.0	0.0	0.0	0.0	0.0	0.0	0.0	0.0
Root; d__Bacteria; p__Pseudomonadota; c__Gammaproteobacteria; o__Burkholderiales; f__Burkholderiaceae_C; g__CADEEN01	0.0	0.0	0.0	0.0	0.0	0.0	0.0	0.0	0.0	0.0	0.0	0.0	0.0	0.0	0.0	0.0	0.0	0.0	0.0	0.0	0.0	0.02	0.0	0.0	0.0	0.0	0.0	0.0	0.0	0.0	0.0	0.02	0.0	0.0	0.0	0.0	0.0	0.0	0.0	0.0	0.0	0.0	0.0	0.0	0.0	0.0	0.0	0.0	0.0	0.0	0.0	0.0	0.0	0.0	0.0	0.0	0.0	0.01	0.01	0.0	0.02	0.01	0.0	0.0	0.0	0.0	0.0	0.0	0.0	0.0	0.0	0.0
Root; d__Bacteria; p__Verrucomicrobiota; c__Verrucomicrobiia; o__Limisphaerales; f__UBA8199; g__SPIREOTU_00494719	0.0	0.0	0.0	0.0	0.0	0.0	0.0	0.0	0.0	0.0	0.0	0.0	0.0	0.0	0.0	0.0	0.0	0.0	0.0	0.0	0.0	0.02	0.0	0.0	0.0	0.0	0.0	0.0	0.0	0.0	0.01	0.0	0.0	0.0	0.0	0.0	0.0	0.0	0.0	0.0	0.0	0.0	0.0	0.0	0.0	0.0	0.0	0.0	0.0	0.0	0.0	0.0	0.0	0.0	0.0	0.0	0.0	0.01	0.0	0.0	0.01	0.01	0.0	0.0	0.0	0.0	0.0	0.0	0.0	0.0	0.0	0.0
Root; d__Bacteria; p__Myxococcota; c__JADLHZ01; o__JADLHZ01; f__JADLHZ01; g__JADLHZ01	0.0	0.0	0.0	0.0	0.0	0.0	0.0	0.0	0.0	0.0	0.0	0.0	0.0	0.0	0.0	0.0	0.0	0.0	0.0	0.0	0.0	0.02	0.0	0.0	0.0	0.0	0.0	0.0	0.0	0.0	0.0	0.0	0.0	0.0	0.0	0.0	0.0	0.0	0.0	0.0	0.0	0.0	0.0	0.0	0.0	0.0	0.0	0.0	0.0	0.0	0.0	0.0	0.0	0.0	0.0	0.0	0.0	0.0	0.0	0.0	0.0	0.0	0.0	0.0	0.0	0.0	0.0	0.0	0.0	0.0	0.01	0.0
Root; d__Bacteria; p__Acidobacteriota; c__Vicinamibacteria; o__Fen-336; f__Fen-336; g__MOTU40_059783	0.0	0.0	0.0	0.0	0.0	0.0	0.0	0.0	0.0	0.0	0.0	0.0	0.0	0.0	0.0	0.0	0.0	0.0	0.0	0.0	0.0	0.02	0.0	0.0	0.0	0.0	0.0	0.0	0.0	0.0	0.02	0.0	0.0	0.02	0.0	0.0	0.0	0.0	0.0	0.0	0.0	0.0	0.0	0.0	0.0	0.0	0.0	0.0	0.0	0.0	0.0	0.0	0.0	0.0	0.0	0.0	0.0	0.02	0.02	0.0	0.03	0.02	0.02	0.0	0.0	0.0	0.0	0.01	0.0	0.02	0.0	0.0
Root; d__Bacteria; p__Acidobacteriota; c__Terriglobia; o__Terriglobales; f__Acidobacteriaceae; g__SPIREOTU_01113139	0.0	0.0	0.0	0.0	0.0	0.0	0.0	0.0	0.0	0.0	0.0	0.0	0.0	0.0	0.0	0.0	0.0	0.0	0.0	0.0	0.0	0.02	0.0	0.0	0.0	0.0	0.0	0.0	0.0	0.0	0.0	0.0	0.0	0.0	0.0	0.0	0.0	0.0	0.0	0.0	0.0	0.0	0.0	0.02	0.0	0.0	0.0	0.0	0.02	0.0	0.0	0.0	0.0	0.0	0.0	0.0	0.0	0.0	0.0	0.0	0.0	0.0	0.0	0.0	0.0	0.0	0.0	0.0	0.0	0.0	0.0	0.0
Root; d__Bacteria; p__Acidobacteriota; c__Terriglobia; o__Bryobacterales; f__Bryobacteraceae; g__JANXXV01	0.0	0.0	0.0	0.0	0.0	0.0	0.0	0.0	0.0	0.0	0.0	0.0	0.0	0.0	0.0	0.0	0.0	0.0	0.0	0.0	0.0	0.03	0.0	0.0	0.03	0.0	0.0	0.02	0.0	0.0	0.0	0.0	0.0	0.02	0.0	0.0	0.0	0.0	0.0	0.0	0.0	0.0	0.0	0.0	0.0	0.0	0.0	0.0	0.0	0.0	0.0	0.0	0.0	0.0	0.02	0.0	0.0	0.01	0.02	0.0	0.02	0.02	0.0	0.02	0.03	0.0	0.02	0.02	0.0	0.0	0.0	0.0
Root; d__Bacteria; p__Planctomycetota; c__Planctomycetia; o__Gemmatales; f__Gemmataceae; g__JAIBBI01	0.0	0.0	0.0	0.0	0.0	0.0	0.0	0.0	0.0	0.0	0.0	0.0	0.0	0.0	0.0	0.0	0.0	0.0	0.0	0.0	0.0	0.02	0.0	0.0	0.0	0.02	0.0	0.0	0.0	0.0	0.0	0.0	0.0	0.0	0.0	0.0	0.0	0.0	0.0	0.0	0.0	0.0	0.0	0.0	0.0	0.0	0.0	0.0	0.0	0.0	0.0	0.0	0.0	0.0	0.0	0.0	0.0	0.0	0.01	0.0	0.0	0.01	0.0	0.0	0.0	0.0	0.0	0.0	0.0	0.0	0.0	0.0
Root; d__Bacteria; p__Patescibacteriota; c__Saccharimonadia; o__Saccharimonadales; f__UBA4665; g__PMNU01	0.0	0.0	0.0	0.0	0.0	0.0	0.0	0.0	0.0	0.0	0.0	0.0	0.0	0.0	0.0	0.0	0.0	0.0	0.0	0.0	0.0	0.02	0.0	0.0	0.0	0.0	0.0	0.0	0.0	0.0	0.0	0.01	0.0	0.0	0.0	0.0	0.0	0.02	0.0	0.0	0.0	0.0	0.0	0.0	0.0	0.03	0.0	0.0	0.02	0.02	0.0	0.0	0.0	0.0	0.0	0.0	0.0	0.0	0.01	0.0	0.01	0.01	0.02	0.0	0.02	0.0	0.0	0.02	0.0	0.0	0.0	0.0
Root; d__Bacteria; p__Krumholzibacteriota; c__Krumholzibacteriia; o__WVZY01; f__JAKEHA01; g__JAKEHA01	0.0	0.0	0.0	0.0	0.0	0.0	0.0	0.0	0.0	0.0	0.0	0.0	0.0	0.0	0.0	0.0	0.0	0.0	0.0	0.0	0.0	0.02	0.02	0.0	0.0	0.02	0.0	0.02	0.02	0.0	0.02	0.02	0.0	0.02	0.0	0.0	0.0	0.0	0.0	0.0	0.0	0.0	0.0	0.0	0.0	0.0	0.0	0.0	0.0	0.0	0.0	0.0	0.0	0.0	0.0	0.0	0.0	0.0	0.0	0.0	0.0	0.0	0.0	0.0	0.0	0.0	0.0	0.0	0.0	0.0	0.0	0.0
Root; d__Bacteria; p__Actinomycetota; c__Actinomycetes; o__Mycobacteriales; f__Micromonosporaceae; g__AC-43	0.0	0.0	0.0	0.0	0.0	0.0	0.0	0.0	0.0	0.0	0.0	0.0	0.0	0.0	0.0	0.0	0.0	0.0	0.0	0.0	0.0	0.0	0.02	0.0	0.0	0.0	0.0	0.0	0.0	0.0	0.0	0.0	0.0	0.0	0.0	0.0	0.01	0.0	0.0	0.02	0.04	0.0	0.02	0.02	0.0	0.02	0.05	0.0	0.02	0.0	0.0	0.02	0.02	0.0	0.02	0.02	0.0	0.02	0.02	0.02	0.04	0.03	0.02	0.01	0.02	0.0	0.03	0.03	0.0	0.02	0.04	0.0
Root; d__Bacteria; p__Actinomycetota; c__Actinomycetes; o__JACCUZ01; f__JACCUZ01; g__CAVYTH01	0.0	0.0	0.0	0.0	0.0	0.0	0.0	0.0	0.0	0.0	0.0	0.0	0.0	0.0	0.0	0.0	0.0	0.0	0.0	0.0	0.0	0.0	0.02	0.0	0.0	0.0	0.0	0.0	0.02	0.0	0.0	0.0	0.0	0.01	0.0	0.0	0.0	0.0	0.0	0.0	0.0	0.0	0.0	0.0	0.0	0.0	0.0	0.0	0.0	0.0	0.0	0.0	0.0	0.0	0.0	0.0	0.0	0.0	0.0	0.0	0.0	0.0	0.0	0.0	0.0	0.0	0.0	0.0	0.0	0.0	0.0	0.0
Root; d__Bacteria; p__Actinomycetota; c__Thermoleophilia; o__Gaiellales; f__Gaiellaceae; g__G963720515	0.0	0.0	0.0	0.0	0.0	0.0	0.0	0.0	0.0	0.0	0.0	0.0	0.0	0.0	0.0	0.0	0.0	0.0	0.0	0.0	0.0	0.0	0.02	0.0	0.02	0.02	0.0	0.02	0.0	0.0	0.02	0.0	0.0	0.02	0.0	0.0	0.0	0.0	0.0	0.0	0.0	0.0	0.0	0.0	0.0	0.0	0.0	0.0	0.0	0.0	0.0	0.0	0.0	0.0	0.0	0.0	0.0	0.0	0.0	0.0	0.01	0.0	0.0	0.0	0.0	0.0	0.0	0.0	0.0	0.0	0.0	0.0
Root; d__Bacteria; p__Acidobacteriota; c__Terriglobia; o__Bryobacterales; f__Bryobacteraceae; g__PALSA-243	0.0	0.0	0.0	0.0	0.0	0.0	0.0	0.0	0.0	0.0	0.0	0.0	0.0	0.0	0.0	0.0	0.0	0.0	0.0	0.0	0.0	0.0	0.02	0.0	0.0	0.0	0.0	0.0	0.0	0.0	0.0	0.0	0.0	0.0	0.0	0.0	0.01	0.01	0.0	0.03	0.0	0.0	0.02	0.02	0.0	0.02	0.02	0.0	0.0	0.02	0.0	0.0	0.03	0.0	0.02	0.0	0.0	0.02	0.02	0.0	0.03	0.01	0.03	0.01	0.01	0.0	0.0	0.02	0.0	0.0	0.0	0.0
Root; d__Bacteria; p__Myxococcota_A; c__Polyangia; o__Haliangiales; f__Haliangiaceae; g__WYBA01	0.0	0.0	0.0	0.0	0.0	0.0	0.0	0.0	0.0	0.0	0.0	0.0	0.0	0.0	0.0	0.0	0.0	0.0	0.0	0.0	0.0	0.0	0.02	0.0	0.0	0.0	0.0	0.0	0.0	0.0	0.0	0.0	0.0	0.0	0.0	0.0	0.0	0.0	0.0	0.0	0.0	0.0	0.0	0.0	0.0	0.0	0.0	0.0	0.0	0.0	0.0	0.0	0.0	0.0	0.0	0.0	0.0	0.0	0.0	0.0	0.0	0.0	0.0	0.0	0.0	0.0	0.0	0.0	0.0	0.0	0.0	0.0
Root; d__Bacteria; p__Verrucomicrobiota; c__Verrucomicrobiia; o__Limisphaerales; f__UBA8199; g__SPIREOTU_01780739	0.0	0.0	0.0	0.0	0.0	0.0	0.0	0.0	0.0	0.0	0.0	0.0	0.0	0.0	0.0	0.0	0.0	0.0	0.0	0.0	0.0	0.0	0.02	0.0	0.0	0.0	0.0	0.0	0.0	0.0	0.0	0.0	0.0	0.0	0.0	0.0	0.0	0.0	0.0	0.0	0.0	0.0	0.0	0.0	0.0	0.0	0.0	0.0	0.0	0.0	0.0	0.0	0.0	0.0	0.0	0.0	0.0	0.0	0.01	0.0	0.0	0.0	0.0	0.0	0.0	0.0	0.0	0.0	0.0	0.0	0.0	0.0
Root; d__Bacteria; p__Verrucomicrobiota; c__Verrucomicrobiia; o__Limisphaerales; f__UBA8199; g__SPIREOTU_01976983	0.0	0.0	0.0	0.0	0.0	0.0	0.0	0.0	0.0	0.0	0.0	0.0	0.0	0.0	0.0	0.0	0.0	0.0	0.0	0.0	0.0	0.0	0.02	0.0	0.0	0.0	0.0	0.0	0.0	0.0	0.0	0.0	0.0	0.0	0.0	0.0	0.0	0.0	0.0	0.0	0.0	0.0	0.0	0.0	0.0	0.0	0.0	0.0	0.02	0.0	0.0	0.0	0.0	0.0	0.0	0.0	0.0	0.0	0.01	0.0	0.01	0.01	0.0	0.02	0.02	0.0	0.0	0.0	0.0	0.0	0.0	0.0
Root; d__Bacteria; p__Bacteroidota; c__Bacteroidia; o__Chitinophagales; f__Chitinophagaceae; g__SPIREOTU_01668253	0.0	0.0	0.0	0.0	0.0	0.0	0.0	0.0	0.0	0.0	0.0	0.0	0.0	0.0	0.0	0.0	0.0	0.0	0.0	0.0	0.0	0.0	0.02	0.0	0.0	0.0	0.0	0.0	0.0	0.0	0.0	0.0	0.0	0.0	0.0	0.0	0.0	0.01	0.0	0.02	0.01	0.0	0.0	0.0	0.0	0.0	0.0	0.0	0.01	0.0	0.0	0.0	0.0	0.0	0.02	0.0	0.0	0.01	0.01	0.0	0.02	0.02	0.01	0.01	0.02	0.0	0.0	0.02	0.0	0.0	0.0	0.0
Root; d__Bacteria; p__Bacteroidota; c__Bacteroidia; o__Chitinophagales; f__Chitinophagaceae; g__Nemorincola	0.0	0.0	0.0	0.0	0.0	0.0	0.0	0.0	0.0	0.0	0.0	0.0	0.0	0.0	0.0	0.0	0.0	0.0	0.0	0.0	0.0	0.0	0.02	0.0	0.0	0.0	0.0	0.0	0.0	0.0	0.0	0.0	0.0	0.0	0.0	0.0	0.05	0.06	0.0	0.03	0.07	0.0	0.05	0.06	0.05	0.0	0.0	0.0	0.02	0.0	0.0	0.0	0.02	0.0	0.02	0.03	0.0	0.02	0.02	0.03	0.01	0.02	0.0	0.0	0.0	0.0	0.0	0.02	0.0	0.0	0.02	0.0
Root; d__Bacteria; p__Actinomycetota; c__Acidimicrobiia; o__IMCC26256; f__PALSA-610; g__DASQHW01	0.0	0.0	0.0	0.0	0.0	0.0	0.0	0.0	0.0	0.0	0.0	0.0	0.0	0.0	0.0	0.0	0.0	0.0	0.0	0.0	0.0	0.0	0.0	0.0	0.02	0.0	0.0	0.0	0.0	0.0	0.0	0.0	0.0	0.0	0.0	0.0	0.02	0.02	0.0	0.0	0.02	0.0	0.03	0.01	0.0	0.0	0.0	0.0	0.0	0.04	0.0	0.0	0.0	0.0	0.0	0.0	0.0	0.01	0.02	0.02	0.02	0.02	0.02	0.0	0.01	0.0	0.02	0.02	0.0	0.0	0.02	0.0
Root; d__Bacteria; p__Myxococcota_A; c__Polyangia; o__Fen-1088; f__Fen-1088; g__SPIREOTU_00490741	0.0	0.0	0.0	0.0	0.0	0.0	0.0	0.0	0.0	0.0	0.0	0.0	0.0	0.0	0.0	0.0	0.0	0.0	0.0	0.0	0.0	0.0	0.0	0.0	0.02	0.0	0.0	0.0	0.0	0.0	0.0	0.0	0.0	0.0	0.0	0.0	0.0	0.0	0.0	0.0	0.0	0.0	0.0	0.0	0.0	0.0	0.0	0.0	0.0	0.0	0.0	0.0	0.0	0.0	0.0	0.0	0.0	0.0	0.0	0.0	0.0	0.0	0.0	0.0	0.0	0.0	0.0	0.0	0.0	0.0	0.0	0.0
Root; d__Bacteria; p__Myxococcota_A; c__Polyangia; o__Fen-1088; f__Fen-1088; g__MGYG000498458	0.0	0.0	0.0	0.0	0.0	0.0	0.0	0.0	0.0	0.0	0.0	0.0	0.0	0.0	0.0	0.0	0.0	0.0	0.0	0.0	0.0	0.0	0.0	0.0	0.01	0.0	0.0	0.0	0.0	0.0	0.0	0.0	0.0	0.0	0.0	0.0	0.0	0.0	0.0	0.0	0.0	0.0	0.0	0.0	0.0	0.0	0.0	0.0	0.0	0.0	0.0	0.0	0.0	0.0	0.0	0.0	0.0	0.0	0.0	0.0	0.0	0.0	0.0	0.0	0.0	0.0	0.0	0.0	0.0	0.0	0.0	0.0
Root; d__Bacteria; p__Chloroflexota; c__UBA6077; o__FW602-bin22; f__FW602-bin22; g__DASRFH01	0.0	0.0	0.0	0.0	0.0	0.0	0.0	0.0	0.0	0.0	0.0	0.0	0.0	0.0	0.0	0.0	0.0	0.0	0.0	0.0	0.0	0.0	0.0	0.0	0.02	0.0	0.0	0.0	0.0	0.0	0.0	0.0	0.0	0.0	0.0	0.0	0.0	0.0	0.0	0.02	0.02	0.0	0.02	0.02	0.0	0.0	0.03	0.0	0.0	0.03	0.0	0.04	0.02	0.0	0.02	0.03	0.0	0.03	0.03	0.0	0.03	0.03	0.03	0.03	0.02	0.0	0.03	0.03	0.04	0.03	0.04	0.0
Root; d__Bacteria; p__Acidobacteriota; c__Terriglobia; o__Terriglobales; f__Acidobacteriaceae; g__DATLCI01	0.0	0.0	0.0	0.0	0.0	0.0	0.0	0.0	0.0	0.0	0.0	0.0	0.0	0.0	0.0	0.0	0.0	0.0	0.0	0.0	0.0	0.0	0.0	0.0	0.02	0.0	0.0	0.0	0.0	0.0	0.0	0.0	0.0	0.0	0.0	0.0	0.0	0.0	0.0	0.0	0.0	0.0	0.0	0.0	0.0	0.0	0.0	0.0	0.0	0.0	0.0	0.0	0.0	0.0	0.02	0.0	0.0	0.01	0.01	0.0	0.01	0.01	0.0	0.0	0.01	0.0	0.0	0.0	0.0	0.02	0.02	0.0
Root; d__Bacteria; p__Acidobacteriota; c__Thermoanaerobaculia; o__Gp7-AA8; f__Gp7-AA8; g__JAOBAU01	0.0	0.0	0.0	0.0	0.0	0.0	0.0	0.0	0.0	0.0	0.0	0.0	0.0	0.0	0.0	0.0	0.0	0.0	0.0	0.0	0.0	0.0	0.0	0.0	0.03	0.01	0.0	0.0	0.02	0.0	0.0	0.02	0.0	0.03	0.02	0.0	0.0	0.0	0.0	0.0	0.0	0.0	0.0	0.0	0.0	0.0	0.0	0.0	0.0	0.0	0.0	0.0	0.0	0.0	0.0	0.0	0.0	0.0	0.01	0.0	0.0	0.0	0.0	0.0	0.0	0.0	0.0	0.0	0.0	0.0	0.0	0.0
Root; d__Bacteria; p__Acidobacteriota; c__Vicinamibacteria; o__Vicinamibacterales; f__UBA2999; g__JACCSI01	0.0	0.0	0.0	0.0	0.0	0.0	0.0	0.0	0.0	0.0	0.0	0.0	0.0	0.0	0.0	0.0	0.0	0.0	0.0	0.0	0.0	0.0	0.0	0.0	0.02	0.0	0.0	0.0	0.0	0.0	0.0	0.0	0.0	0.0	0.02	0.0	0.0	0.0	0.0	0.0	0.0	0.0	0.0	0.0	0.0	0.0	0.0	0.0	0.0	0.0	0.0	0.0	0.0	0.0	0.0	0.0	0.0	0.0	0.0	0.0	0.0	0.0	0.0	0.0	0.0	0.0	0.0	0.0	0.0	0.0	0.0	0.0
Root; d__Bacteria; p__Planctomycetota; c__Planctomycetia; o__Gemmatales; f__Gemmataceae; g__JBBRIK01	0.0	0.0	0.0	0.0	0.0	0.0	0.0	0.0	0.0	0.0	0.0	0.0	0.0	0.0	0.0	0.0	0.0	0.0	0.0	0.0	0.0	0.0	0.0	0.0	0.01	0.0	0.0	0.0	0.0	0.0	0.0	0.0	0.0	0.0	0.0	0.0	0.02	0.0	0.0	0.0	0.0	0.0	0.0	0.0	0.0	0.0	0.0	0.0	0.0	0.0	0.0	0.0	0.0	0.0	0.0	0.0	0.0	0.02	0.01	0.0	0.01	0.01	0.0	0.0	0.0	0.0	0.0	0.0	0.0	0.02	0.0	0.0
Root; d__Bacteria; p__Planctomycetota; c__Planctomycetia; o__Gemmatales; f__Gemmataceae; g__CAWIDK01	0.0	0.0	0.0	0.0	0.0	0.0	0.0	0.0	0.0	0.0	0.0	0.0	0.0	0.0	0.0	0.0	0.0	0.0	0.0	0.0	0.0	0.0	0.0	0.0	0.01	0.0	0.0	0.0	0.0	0.0	0.0	0.0	0.0	0.0	0.0	0.0	0.0	0.0	0.0	0.0	0.0	0.0	0.0	0.0	0.0	0.0	0.0	0.0	0.0	0.0	0.0	0.0	0.0	0.0	0.0	0.0	0.0	0.0	0.01	0.0	0.01	0.01	0.0	0.0	0.0	0.0	0.0	0.0	0.0	0.0	0.0	0.0
Root; d__Bacteria; p__Planctomycetota; c__Phycisphaerae; o__Tepidisphaerales; f__Tepidisphaeraceae; g__DATAPK01	0.0	0.0	0.0	0.0	0.0	0.0	0.0	0.0	0.0	0.0	0.0	0.0	0.0	0.0	0.0	0.0	0.0	0.0	0.0	0.0	0.0	0.0	0.0	0.0	0.01	0.0	0.0	0.0	0.02	0.0	0.0	0.0	0.0	0.0	0.0	0.0	0.0	0.0	0.0	0.0	0.0	0.0	0.02	0.0	0.0	0.0	0.02	0.0	0.0	0.03	0.0	0.0	0.0	0.0	0.0	0.02	0.0	0.02	0.02	0.0	0.01	0.01	0.0	0.0	0.0	0.0	0.02	0.01	0.0	0.01	0.0	0.0
Root; d__Bacteria; p__Bacteroidota; c__Bacteroidia; o__Chitinophagales; f__LD1; g__Bog-950	0.0	0.0	0.0	0.0	0.0	0.0	0.0	0.0	0.0	0.0	0.0	0.0	0.0	0.0	0.0	0.0	0.0	0.0	0.0	0.0	0.0	0.0	0.0	0.0	0.02	0.0	0.0	0.0	0.0	0.0	0.0	0.0	0.0	0.0	0.0	0.0	0.0	0.0	0.0	0.0	0.0	0.0	0.0	0.0	0.0	0.0	0.0	0.0	0.0	0.0	0.0	0.0	0.0	0.0	0.0	0.0	0.0	0.01	0.0	0.0	0.01	0.01	0.0	0.0	0.0	0.0	0.0	0.0	0.0	0.0	0.01	0.0
Root; d__Bacteria; p__Actinomycetota; c__Thermoleophilia; o__Gaiellales; f__Gaiellaceae; g__UBA5186	0.0	0.0	0.0	0.0	0.0	0.0	0.0	0.0	0.0	0.0	0.0	0.0	0.0	0.0	0.0	0.0	0.0	0.0	0.0	0.0	0.0	0.0	0.0	0.0	0.0	0.01	0.0	0.0	0.0	0.0	0.0	0.0	0.0	0.0	0.0	0.0	0.0	0.0	0.0	0.0	0.0	0.0	0.0	0.0	0.0	0.0	0.0	0.0	0.0	0.0	0.0	0.0	0.0	0.0	0.0	0.0	0.0	0.0	0.0	0.0	0.01	0.01	0.0	0.0	0.0	0.0	0.0	0.0	0.0	0.0	0.0	0.0
Root; d__Bacteria; p__Actinomycetota; c__Actinomycetes; o__Mycobacteriales; f__Micromonosporaceae; g__Rugosimonospora	0.0	0.0	0.0	0.0	0.0	0.0	0.0	0.0	0.0	0.0	0.0	0.0	0.0	0.0	0.0	0.0	0.0	0.0	0.0	0.0	0.0	0.0	0.0	0.0	0.0	0.02	0.0	0.0	0.0	0.0	0.0	0.0	0.0	0.0	0.0	0.0	0.0	0.0	0.0	0.0	0.0	0.0	0.0	0.0	0.0	0.0	0.0	0.0	0.0	0.0	0.0	0.0	0.0	0.0	0.0	0.0	0.0	0.0	0.0	0.02	0.01	0.01	0.0	0.0	0.0	0.0	0.0	0.0	0.0	0.0	0.0	0.0
Root; d__Bacteria; p__Actinomycetota; c__Actinomycetes; o__S36-B12; f__GCA-2699445; g__MGYG000491855	0.0	0.0	0.0	0.0	0.0	0.0	0.0	0.0	0.0	0.0	0.0	0.0	0.0	0.0	0.0	0.0	0.0	0.0	0.0	0.0	0.0	0.0	0.0	0.0	0.0	0.03	0.0	0.0	0.0	0.0	0.0	0.0	0.0	0.0	0.0	0.0	0.0	0.0	0.0	0.0	0.0	0.0	0.0	0.0	0.0	0.0	0.0	0.0	0.0	0.0	0.0	0.0	0.0	0.0	0.0	0.0	0.0	0.0	0.0	0.0	0.0	0.0	0.0	0.0	0.0	0.0	0.0	0.0	0.0	0.0	0.0	0.0
Root; d__Bacteria; p__Acidobacteriota; c__Vicinamibacteria; o__Vicinamibacterales; f__CAVVIG01; g__CAVQHT01	0.0	0.0	0.0	0.0	0.0	0.0	0.0	0.0	0.0	0.0	0.0	0.0	0.0	0.0	0.0	0.0	0.0	0.0	0.0	0.0	0.0	0.0	0.0	0.0	0.0	0.02	0.0	0.0	0.0	0.0	0.0	0.0	0.0	0.0	0.0	0.0	0.0	0.0	0.0	0.0	0.0	0.0	0.0	0.0	0.0	0.0	0.0	0.0	0.0	0.0	0.0	0.0	0.0	0.0	0.0	0.0	0.0	0.0	0.01	0.0	0.01	0.0	0.0	0.0	0.0	0.0	0.0	0.0	0.0	0.0	0.0	0.0
Root; d__Bacteria; p__Pseudomonadota; c__Gammaproteobacteria; o__Burkholderiales; f__SG8-39; g__SZAS-79	0.0	0.0	0.0	0.0	0.0	0.0	0.0	0.0	0.0	0.0	0.0	0.0	0.0	0.0	0.0	0.0	0.0	0.0	0.0	0.0	0.0	0.0	0.0	0.0	0.0	0.02	0.0	0.02	0.0	0.0	0.0	0.0	0.0	0.0	0.0	0.0	0.0	0.0	0.0	0.0	0.0	0.0	0.02	0.0	0.0	0.0	0.0	0.0	0.0	0.0	0.0	0.02	0.0	0.0	0.0	0.0	0.0	0.01	0.01	0.0	0.02	0.02	0.01	0.02	0.0	0.0	0.04	0.0	0.0	0.02	0.0	0.0
Root; d__Bacteria; p__Bacteroidota; c__Bacteroidia; o__2-12-FULL-35-15; f__2-12-FULL-35-15; g__2-12-FULL-35-15	0.0	0.0	0.0	0.0	0.0	0.0	0.0	0.0	0.0	0.0	0.0	0.0	0.0	0.0	0.0	0.0	0.0	0.0	0.0	0.0	0.0	0.0	0.0	0.0	0.0	0.02	0.0	0.0	0.0	0.0	0.0	0.0	0.0	0.0	0.0	0.0	0.0	0.0	0.0	0.02	0.02	0.0	0.0	0.0	0.0	0.0	0.0	0.0	0.0	0.0	0.0	0.0	0.0	0.0	0.0	0.0	0.0	0.0	0.01	0.0	0.01	0.01	0.0	0.0	0.0	0.0	0.0	0.0	0.0	0.0	0.0	0.0
Root; d__Bacteria; p__Gemmatimonadota; c__Gemmatimonadetes; o__Longimicrobiales; f__Gaopeijiaceae; g__UBA2988	0.0	0.0	0.0	0.0	0.0	0.0	0.0	0.0	0.0	0.0	0.0	0.0	0.0	0.0	0.0	0.0	0.0	0.0	0.0	0.0	0.0	0.0	0.0	0.0	0.0	0.03	0.0	0.0	0.02	0.0	0.0	0.0	0.0	0.0	0.0	0.0	0.02	0.02	0.0	0.03	0.03	0.0	0.02	0.02	0.0	0.02	0.0	0.0	0.02	0.03	0.0	0.03	0.02	0.0	0.02	0.0	0.0	0.01	0.01	0.0	0.02	0.01	0.0	0.02	0.01	0.0	0.01	0.0	0.0	0.02	0.03	0.0
Root; d__Bacteria; p__Gemmatimonadota; c__Gemmatimonadetes; o__Gemmatimonadales; f__GWC2-71-9; g__SHZT01	0.0	0.0	0.0	0.0	0.0	0.0	0.0	0.0	0.0	0.0	0.0	0.0	0.0	0.0	0.0	0.0	0.0	0.0	0.0	0.0	0.0	0.0	0.0	0.0	0.0	0.02	0.0	0.0	0.0	0.0	0.0	0.0	0.0	0.0	0.0	0.0	0.0	0.01	0.0	0.01	0.02	0.0	0.02	0.02	0.0	0.03	0.0	0.0	0.02	0.02	0.0	0.01	0.0	0.0	0.0	0.02	0.0	0.02	0.01	0.0	0.01	0.01	0.0	0.01	0.0	0.0	0.02	0.02	0.0	0.02	0.0	0.0
Root; d__Bacteria; p__Bacteroidota; c__Bacteroidia; o__AKYH767-A; f__2013-40CM-41-45; g__SPIREOTU_02502951	0.0	0.0	0.0	0.0	0.0	0.0	0.0	0.0	0.0	0.0	0.0	0.0	0.0	0.0	0.0	0.0	0.0	0.0	0.0	0.0	0.0	0.0	0.0	0.0	0.0	0.0	0.0	0.02	0.0	0.0	0.0	0.0	0.0	0.0	0.0	0.0	0.0	0.0	0.0	0.0	0.0	0.0	0.0	0.0	0.0	0.0	0.0	0.0	0.0	0.0	0.0	0.0	0.0	0.0	0.0	0.0	0.0	0.0	0.0	0.0	0.0	0.0	0.0	0.0	0.0	0.0	0.0	0.0	0.0	0.0	0.0	0.0
Root; d__Bacteria; p__Actinomycetota; c__Acidimicrobiia; o__IMCC26256; f__DASPTH01; g__CAVRJC01	0.0	0.0	0.0	0.0	0.0	0.0	0.0	0.0	0.0	0.0	0.0	0.0	0.0	0.0	0.0	0.0	0.0	0.0	0.0	0.0	0.0	0.0	0.0	0.0	0.0	0.0	0.0	0.02	0.0	0.0	0.0	0.0	0.0	0.02	0.0	0.0	0.0	0.0	0.0	0.0	0.0	0.0	0.0	0.0	0.0	0.0	0.0	0.0	0.0	0.0	0.0	0.0	0.0	0.0	0.0	0.0	0.0	0.0	0.0	0.0	0.01	0.0	0.0	0.0	0.0	0.0	0.0	0.0	0.0	0.0	0.0	0.0
Root; d__Bacteria; p__Actinomycetota; c__Actinomycetes; o__JAFAQI01; f__JAFAQI01; g__BP-197	0.0	0.0	0.0	0.0	0.0	0.0	0.0	0.0	0.0	0.0	0.0	0.0	0.0	0.0	0.0	0.0	0.0	0.0	0.0	0.0	0.0	0.0	0.0	0.0	0.0	0.0	0.0	0.02	0.0	0.0	0.0	0.02	0.0	0.0	0.0	0.0	0.02	0.0	0.0	0.0	0.0	0.0	0.02	0.0	0.0	0.0	0.0	0.0	0.0	0.0	0.0	0.0	0.0	0.0	0.0	0.0	0.0	0.01	0.0	0.0	0.01	0.01	0.0	0.0	0.0	0.0	0.0	0.0	0.0	0.0	0.01	0.0
Root; d__Bacteria; p__Chloroflexota; c__Limnocylindria; o__Limnocylindrales; f__CSP1-4; g__VGPE01	0.0	0.0	0.0	0.0	0.0	0.0	0.0	0.0	0.0	0.0	0.0	0.0	0.0	0.0	0.0	0.0	0.0	0.0	0.0	0.0	0.0	0.0	0.0	0.0	0.0	0.0	0.0	0.02	0.0	0.0	0.0	0.0	0.0	0.0	0.0	0.0	0.0	0.02	0.0	0.03	0.02	0.0	0.02	0.0	0.0	0.03	0.0	0.0	0.0	0.02	0.0	0.01	0.02	0.0	0.0	0.02	0.0	0.02	0.01	0.0	0.02	0.02	0.0	0.0	0.0	0.0	0.01	0.01	0.0	0.02	0.02	0.0
Root; d__Bacteria; p__Chloroflexota; c__Anaerolineae; o__Aggregatilineales; f__UBA2796; g__DATGFK01	0.0	0.0	0.0	0.0	0.0	0.0	0.0	0.0	0.0	0.0	0.0	0.0	0.0	0.0	0.0	0.0	0.0	0.0	0.0	0.0	0.0	0.0	0.0	0.0	0.0	0.0	0.0	0.02	0.0	0.0	0.0	0.0	0.0	0.0	0.0	0.0	0.0	0.0	0.0	0.0	0.0	0.0	0.0	0.0	0.0	0.0	0.0	0.0	0.0	0.0	0.0	0.0	0.0	0.0	0.0	0.0	0.0	0.0	0.01	0.0	0.02	0.01	0.02	0.02	0.0	0.0	0.02	0.01	0.0	0.02	0.03	0.0
Root; d__Bacteria; p__Actinomycetota; c__Acidimicrobiia; o__Acidimicrobiales; f__Ilumatobacteraceae; g__GEMOTU_15395	0.0	0.0	0.0	0.0	0.0	0.0	0.0	0.0	0.0	0.0	0.0	0.0	0.0	0.0	0.0	0.0	0.0	0.0	0.0	0.0	0.0	0.0	0.0	0.0	0.0	0.0	0.0	0.0	0.02	0.0	0.0	0.0	0.0	0.0	0.0	0.0	0.0	0.0	0.0	0.0	0.0	0.0	0.0	0.0	0.0	0.0	0.0	0.0	0.0	0.0	0.0	0.0	0.0	0.0	0.0	0.0	0.0	0.0	0.01	0.0	0.01	0.0	0.0	0.0	0.0	0.0	0.0	0.0	0.0	0.0	0.01	0.0
Root; d__Bacteria; p__Chloroflexota; c__UBA6077; o__UBA6077; f__JACCZL01; g__AMXMAG_1623	0.0	0.0	0.0	0.0	0.0	0.0	0.0	0.0	0.0	0.0	0.0	0.0	0.0	0.0	0.0	0.0	0.0	0.0	0.0	0.0	0.0	0.0	0.0	0.0	0.0	0.0	0.0	0.0	0.02	0.0	0.0	0.0	0.0	0.0	0.0	0.0	0.0	0.0	0.0	0.0	0.0	0.0	0.0	0.0	0.0	0.0	0.0	0.0	0.0	0.0	0.0	0.0	0.0	0.0	0.0	0.0	0.0	0.0	0.0	0.0	0.01	0.01	0.0	0.0	0.0	0.0	0.0	0.0	0.0	0.0	0.0	0.0
Root; d__Bacteria; p__Chloroflexota; c__UBA6077; o__UBA6077; f__JAJPGT01; g__JAJPGT01	0.0	0.0	0.0	0.0	0.0	0.0	0.0	0.0	0.0	0.0	0.0	0.0	0.0	0.0	0.0	0.0	0.0	0.0	0.0	0.0	0.0	0.0	0.0	0.0	0.0	0.0	0.0	0.0	0.02	0.0	0.0	0.0	0.0	0.0	0.0	0.0	0.02	0.02	0.0	0.0	0.0	0.0	0.0	0.0	0.0	0.0	0.02	0.0	0.0	0.02	0.0	0.0	0.0	0.0	0.02	0.0	0.0	0.02	0.01	0.0	0.02	0.02	0.0	0.02	0.02	0.0	0.02	0.0	0.0	0.03	0.0	0.0
Root; d__Bacteria; p__Planctomycetota; c__Planctomycetia; o__Gemmatales; f__Gemmataceae; g__SPIREOTU_00843165	0.0	0.0	0.0	0.0	0.0	0.0	0.0	0.0	0.0	0.0	0.0	0.0	0.0	0.0	0.0	0.0	0.0	0.0	0.0	0.0	0.0	0.0	0.0	0.0	0.0	0.0	0.0	0.0	0.02	0.0	0.0	0.0	0.0	0.0	0.0	0.0	0.0	0.0	0.0	0.0	0.0	0.0	0.02	0.0	0.0	0.0	0.0	0.0	0.0	0.0	0.0	0.0	0.0	0.0	0.0	0.0	0.0	0.01	0.01	0.0	0.02	0.01	0.0	0.0	0.0	0.0	0.0	0.0	0.0	0.0	0.0	0.0
Root; d__Bacteria; p__Planctomycetota; c__Planctomycetia; o__Gemmatales; f__Gemmataceae; g__GCMETA_00121031	0.0	0.0	0.0	0.0	0.0	0.0	0.0	0.0	0.0	0.0	0.0	0.0	0.0	0.0	0.0	0.0	0.0	0.0	0.0	0.0	0.0	0.0	0.0	0.0	0.0	0.0	0.0	0.0	0.02	0.0	0.0	0.0	0.0	0.0	0.0	0.0	0.0	0.0	0.0	0.0	0.0	0.0	0.0	0.0	0.0	0.0	0.0	0.0	0.0	0.0	0.0	0.0	0.0	0.0	0.0	0.0	0.0	0.0	0.01	0.0	0.01	0.01	0.0	0.0	0.0	0.0	0.0	0.0	0.0	0.0	0.0	0.0
Root; d__Bacteria; p__Acidobacteriota; c__Vicinamibacteria; o__Vicinamibacterales; f__CAVVIG01; g__SRVP-36	0.0	0.0	0.0	0.0	0.0	0.0	0.0	0.0	0.0	0.0	0.0	0.0	0.0	0.0	0.0	0.0	0.0	0.0	0.0	0.0	0.0	0.0	0.0	0.0	0.0	0.0	0.0	0.0	0.02	0.0	0.0	0.0	0.0	0.0	0.0	0.0	0.02	0.02	0.0	0.02	0.02	0.0	0.0	0.0	0.0	0.0	0.02	0.0	0.03	0.04	0.0	0.0	0.0	0.0	0.0	0.02	0.0	0.03	0.02	0.0	0.02	0.02	0.0	0.02	0.0	0.0	0.01	0.02	0.0	0.0	0.01	0.0
Root; d__Bacteria; p__Pseudomonadota; c__Alphaproteobacteria; o__Rhizobiales; f__Xanthobacteraceae; g__Rhodoplanes	0.0	0.0	0.0	0.0	0.0	0.0	0.0	0.0	0.0	0.0	0.0	0.0	0.0	0.0	0.0	0.0	0.0	0.0	0.0	0.0	0.0	0.0	0.0	0.0	0.0	0.0	0.0	0.0	0.02	0.0	0.0	0.0	0.0	0.0	0.0	0.0	0.0	0.0	0.0	0.0	0.0	0.0	0.0	0.01	0.0	0.0	0.0	0.0	0.0	0.0	0.0	0.0	0.0	0.0	0.0	0.0	0.0	0.01	0.02	0.0	0.01	0.01	0.0	0.0	0.0	0.0	0.0	0.0	0.0	0.0	0.0	0.0
Root; d__Bacteria; p__Myxococcota; c__UBA727; o__UBA727; f__VGSZ01; g__CAVZJB01	0.0	0.0	0.0	0.0	0.0	0.0	0.0	0.0	0.0	0.0	0.0	0.0	0.0	0.0	0.0	0.0	0.0	0.0	0.0	0.0	0.0	0.0	0.0	0.0	0.0	0.0	0.0	0.0	0.02	0.0	0.0	0.0	0.0	0.0	0.0	0.0	0.0	0.0	0.0	0.0	0.0	0.0	0.0	0.0	0.0	0.0	0.0	0.0	0.0	0.0	0.0	0.0	0.0	0.0	0.0	0.0	0.0	0.0	0.0	0.0	0.01	0.01	0.0	0.0	0.0	0.0	0.0	0.0	0.0	0.0	0.0	0.0
Root; d__Bacteria; p__Actinomycetota; c__Thermoleophilia; o__Solirubrobacterales; f__Solirubrobacteraceae; g__SPIREOTU_00907282	0.0	0.0	0.0	0.0	0.0	0.0	0.0	0.0	0.0	0.0	0.0	0.0	0.0	0.0	0.0	0.0	0.0	0.0	0.0	0.0	0.0	0.0	0.0	0.0	0.0	0.0	0.0	0.0	0.0	0.0	0.02	0.0	0.0	0.0	0.0	0.0	0.0	0.0	0.0	0.0	0.0	0.0	0.0	0.0	0.0	0.0	0.0	0.0	0.0	0.0	0.0	0.0	0.0	0.0	0.0	0.0	0.0	0.01	0.0	0.0	0.01	0.01	0.0	0.0	0.0	0.0	0.0	0.0	0.0	0.0	0.0	0.0
Root; d__Bacteria; p__Actinomycetota; c__Thermoleophilia; o__Solirubrobacterales; f__Thermoleophilaceae; g__JBHELQ01	0.0	0.0	0.0	0.0	0.0	0.0	0.0	0.0	0.0	0.0	0.0	0.0	0.0	0.0	0.0	0.0	0.0	0.0	0.0	0.0	0.0	0.0	0.0	0.0	0.0	0.0	0.0	0.0	0.0	0.0	0.02	0.0	0.0	0.0	0.0	0.0	0.0	0.0	0.0	0.0	0.0	0.0	0.0	0.0	0.0	0.0	0.0	0.0	0.0	0.0	0.0	0.0	0.0	0.0	0.02	0.0	0.0	0.01	0.01	0.0	0.01	0.01	0.01	0.0	0.0	0.0	0.0	0.02	0.0	0.0	0.0	0.0
Root; d__Bacteria; p__Actinomycetota; c__Thermoleophilia; o__Solirubrobacterales; f__70-9; g__JBKPNZ01	0.0	0.0	0.0	0.0	0.0	0.0	0.0	0.0	0.0	0.0	0.0	0.0	0.0	0.0	0.0	0.0	0.0	0.0	0.0	0.0	0.0	0.0	0.0	0.0	0.0	0.0	0.0	0.0	0.0	0.0	0.01	0.0	0.0	0.0	0.0	0.0	0.0	0.0	0.0	0.0	0.0	0.0	0.0	0.0	0.0	0.0	0.0	0.0	0.0	0.0	0.0	0.0	0.0	0.0	0.0	0.0	0.0	0.0	0.01	0.0	0.01	0.0	0.0	0.0	0.0	0.0	0.0	0.0	0.0	0.0	0.0	0.0
Root; d__Bacteria; p__Actinomycetota; c__Acidimicrobiia; o__Acidimicrobiales; f__CADCSY01; g__SPIREOTU_02378469	0.0	0.0	0.0	0.0	0.0	0.0	0.0	0.0	0.0	0.0	0.0	0.0	0.0	0.0	0.0	0.0	0.0	0.0	0.0	0.0	0.0	0.0	0.0	0.0	0.0	0.0	0.0	0.0	0.0	0.0	0.02	0.0	0.0	0.0	0.02	0.0	0.0	0.0	0.0	0.0	0.0	0.0	0.0	0.0	0.0	0.0	0.0	0.0	0.0	0.0	0.0	0.0	0.0	0.0	0.0	0.0	0.0	0.01	0.01	0.0	0.0	0.0	0.0	0.0	0.0	0.0	0.0	0.0	0.0	0.0	0.0	0.0
Root; d__Bacteria; p__Actinomycetota; c__Acidimicrobiia; o__Acidimicrobiales; f__WLNW01; g__DATLFA01	0.0	0.0	0.0	0.0	0.0	0.0	0.0	0.0	0.0	0.0	0.0	0.0	0.0	0.0	0.0	0.0	0.0	0.0	0.0	0.0	0.0	0.0	0.0	0.0	0.0	0.0	0.0	0.0	0.0	0.0	0.02	0.0	0.0	0.0	0.0	0.0	0.0	0.0	0.0	0.0	0.0	0.0	0.0	0.0	0.0	0.0	0.0	0.0	0.0	0.0	0.0	0.0	0.0	0.0	0.0	0.0	0.0	0.01	0.01	0.0	0.01	0.01	0.0	0.0	0.0	0.0	0.0	0.0	0.0	0.0	0.0	0.0
Root; d__Bacteria; p__Actinomycetota; c__Actinomycetes; o__Mycobacteriales; f__Micromonosporaceae; g__Phytohabitans	0.0	0.0	0.0	0.0	0.0	0.0	0.0	0.0	0.0	0.0	0.0	0.0	0.0	0.0	0.0	0.0	0.0	0.0	0.0	0.0	0.0	0.0	0.0	0.0	0.0	0.0	0.0	0.0	0.0	0.0	0.02	0.0	0.0	0.0	0.0	0.0	0.0	0.0	0.0	0.02	0.0	0.0	0.0	0.0	0.0	0.0	0.0	0.0	0.0	0.0	0.0	0.0	0.0	0.0	0.0	0.0	0.0	0.02	0.01	0.0	0.0	0.01	0.0	0.0	0.01	0.0	0.02	0.0	0.0	0.01	0.0	0.0
Root; d__Bacteria; p__Actinomycetota; c__Actinomycetes; o__JAWWOW01; f__JAWWOW01; g__JAWWOW01	0.0	0.0	0.0	0.0	0.0	0.0	0.0	0.0	0.0	0.0	0.0	0.0	0.0	0.0	0.0	0.0	0.0	0.0	0.0	0.0	0.0	0.0	0.0	0.0	0.0	0.0	0.0	0.0	0.0	0.0	0.01	0.0	0.0	0.0	0.0	0.0	0.0	0.0	0.0	0.0	0.0	0.0	0.0	0.0	0.0	0.0	0.0	0.0	0.0	0.0	0.0	0.0	0.0	0.0	0.0	0.0	0.0	0.0	0.01	0.0	0.0	0.0	0.0	0.0	0.0	0.0	0.0	0.0	0.0	0.0	0.0	0.0
Root; d__Bacteria; p__Acidobacteriota; c__Vicinamibacteria; o__Vicinamibacterales; f__CAVVIG01; g__SMAGOTU_15266	0.0	0.0	0.0	0.0	0.0	0.0	0.0	0.0	0.0	0.0	0.0	0.0	0.0	0.0	0.0	0.0	0.0	0.0	0.0	0.0	0.0	0.0	0.0	0.0	0.0	0.0	0.0	0.0	0.0	0.0	0.02	0.0	0.0	0.0	0.0	0.0	0.0	0.0	0.0	0.0	0.0	0.0	0.0	0.0	0.0	0.0	0.0	0.0	0.0	0.0	0.0	0.0	0.0	0.0	0.02	0.02	0.0	0.02	0.01	0.0	0.02	0.01	0.02	0.0	0.0	0.0	0.0	0.0	0.0	0.0	0.02	0.0
Root; d__Bacteria; p__Acidobacteriota; c__Vicinamibacteria; o__Vicinamibacterales; f__2-12-FULL-66-21; g__MGYG000497160	0.0	0.0	0.0	0.0	0.0	0.0	0.0	0.0	0.0	0.0	0.0	0.0	0.0	0.0	0.0	0.0	0.0	0.0	0.0	0.0	0.0	0.0	0.0	0.0	0.0	0.0	0.0	0.0	0.0	0.0	0.01	0.0	0.0	0.0	0.0	0.0	0.0	0.0	0.0	0.0	0.0	0.0	0.0	0.0	0.0	0.0	0.0	0.0	0.0	0.0	0.0	0.0	0.0	0.0	0.0	0.0	0.0	0.0	0.0	0.0	0.0	0.0	0.0	0.0	0.0	0.0	0.0	0.0	0.0	0.0	0.0	0.0
Root; d__Bacteria; p__Acidobacteriota; c__Vicinamibacteria; o__Vicinamibacterales; f__SCN-69-37; g__SCUN01	0.0	0.0	0.0	0.0	0.0	0.0	0.0	0.0	0.0	0.0	0.0	0.0	0.0	0.0	0.0	0.0	0.0	0.0	0.0	0.0	0.0	0.0	0.0	0.0	0.0	0.0	0.0	0.0	0.0	0.0	0.01	0.0	0.0	0.0	0.0	0.0	0.02	0.0	0.0	0.0	0.0	0.0	0.0	0.0	0.0	0.0	0.0	0.0	0.0	0.0	0.0	0.0	0.0	0.0	0.03	0.0	0.0	0.01	0.01	0.0	0.01	0.01	0.0	0.02	0.0	0.0	0.0	0.0	0.0	0.02	0.0	0.0
Root; d__Bacteria; p__Bacteroidota; c__Bacteroidia; o__Chitinophagales; f__Chitinophagaceae; g__Puia	0.0	0.0	0.0	0.0	0.0	0.0	0.0	0.0	0.0	0.0	0.0	0.0	0.0	0.0	0.0	0.0	0.0	0.0	0.0	0.0	0.0	0.0	0.0	0.0	0.0	0.0	0.0	0.0	0.0	0.0	0.02	0.0	0.0	0.02	0.0	0.0	0.01	0.0	0.0	0.0	0.0	0.0	0.0	0.0	0.0	0.0	0.0	0.0	0.02	0.0	0.0	0.02	0.03	0.0	0.0	0.0	0.0	0.01	0.01	0.0	0.02	0.01	0.0	0.0	0.0	0.0	0.0	0.0	0.0	0.0	0.01	0.0
Root; d__Bacteria; p__Pseudomonadota; c__Alphaproteobacteria; o__Rhizobiales; f__Xanthobacteraceae; g__GEMOTU_13438	0.0	0.0	0.0	0.0	0.0	0.0	0.0	0.0	0.0	0.0	0.0	0.0	0.0	0.0	0.0	0.0	0.0	0.0	0.0	0.0	0.0	0.0	0.0	0.0	0.0	0.0	0.0	0.0	0.0	0.0	0.01	0.0	0.0	0.0	0.0	0.0	0.0	0.0	0.0	0.0	0.0	0.0	0.0	0.0	0.0	0.0	0.0	0.0	0.0	0.0	0.0	0.0	0.0	0.0	0.0	0.0	0.0	0.01	0.0	0.0	0.0	0.0	0.0	0.0	0.0	0.0	0.0	0.0	0.0	0.0	0.0	0.0
Root; d__Bacteria; p__Acidobacteriota; c__Terriglobia; o__Bryobacterales; f__Bryobacteraceae; g__PALSA-129	0.0	0.0	0.0	0.0	0.0	0.0	0.0	0.0	0.0	0.0	0.0	0.0	0.0	0.0	0.0	0.0	0.0	0.0	0.0	0.0	0.0	0.0	0.0	0.0	0.0	0.0	0.0	0.0	0.0	0.0	0.0	0.01	0.0	0.0	0.0	0.0	0.02	0.0	0.0	0.0	0.0	0.0	0.03	0.01	0.0	0.0	0.0	0.0	0.02	0.02	0.0	0.0	0.0	0.0	0.0	0.0	0.0	0.01	0.01	0.0	0.01	0.01	0.02	0.02	0.0	0.0	0.0	0.02	0.0	0.0	0.0	0.0
Root; d__Bacteria; p__Acidobacteriota; c__Terriglobia; o__20CM-2-55-15; f__20CM-2-55-15; g__DASTBJ01	0.0	0.0	0.0	0.0	0.0	0.0	0.0	0.0	0.0	0.0	0.0	0.0	0.0	0.0	0.0	0.0	0.0	0.0	0.0	0.0	0.0	0.0	0.0	0.0	0.0	0.0	0.0	0.0	0.0	0.0	0.0	0.02	0.0	0.0	0.0	0.0	0.01	0.0	0.0	0.0	0.0	0.0	0.0	0.0	0.0	0.0	0.0	0.0	0.02	0.0	0.0	0.0	0.0	0.0	0.02	0.02	0.0	0.01	0.01	0.0	0.01	0.02	0.0	0.0	0.0	0.0	0.02	0.02	0.0	0.02	0.01	0.0
Root; d__Bacteria; p__Myxococcota_A; c__Polyangia; o__Palsa-1104; f__Palsa-1104; g__PALSA-1104	0.0	0.0	0.0	0.0	0.0	0.0	0.0	0.0	0.0	0.0	0.0	0.0	0.0	0.0	0.0	0.0	0.0	0.0	0.0	0.0	0.0	0.0	0.0	0.0	0.0	0.0	0.0	0.0	0.0	0.0	0.0	0.01	0.0	0.0	0.0	0.0	0.0	0.0	0.0	0.0	0.0	0.0	0.0	0.0	0.0	0.0	0.0	0.0	0.0	0.0	0.0	0.0	0.0	0.0	0.0	0.0	0.0	0.0	0.0	0.0	0.0	0.0	0.0	0.0	0.0	0.0	0.0	0.0	0.0	0.0	0.0	0.0
Root; d__Bacteria; p__Planctomycetota; c__Phycisphaerae; o__Tepidisphaerales; f__Tepidisphaeraceae; g__SPIREOTU_01631136	0.0	0.0	0.0	0.0	0.0	0.0	0.0	0.0	0.0	0.0	0.0	0.0	0.0	0.0	0.0	0.0	0.0	0.0	0.0	0.0	0.0	0.0	0.0	0.0	0.0	0.0	0.0	0.0	0.0	0.0	0.0	0.02	0.0	0.0	0.0	0.0	0.0	0.0	0.0	0.0	0.0	0.0	0.0	0.0	0.0	0.0	0.0	0.0	0.0	0.0	0.0	0.0	0.0	0.0	0.0	0.0	0.0	0.0	0.0	0.0	0.01	0.0	0.01	0.0	0.0	0.0	0.0	0.0	0.0	0.0	0.0	0.0
Root; d__Bacteria; p__Acidobacteriota; c__Vicinamibacteria; o__Vicinamibacterales; f__UBA2999; g__DASPWV01	0.0	0.0	0.0	0.0	0.0	0.0	0.0	0.0	0.0	0.0	0.0	0.0	0.0	0.0	0.0	0.0	0.0	0.0	0.0	0.0	0.0	0.0	0.0	0.0	0.0	0.0	0.0	0.0	0.0	0.0	0.0	0.0	0.0	0.01	0.0	0.0	0.0	0.0	0.0	0.0	0.0	0.0	0.0	0.0	0.0	0.0	0.0	0.0	0.0	0.0	0.0	0.0	0.0	0.0	0.0	0.0	0.0	0.0	0.0	0.0	0.0	0.0	0.0	0.0	0.0	0.0	0.0	0.0	0.0	0.0	0.0	0.0
Root; d__Bacteria; p__Acidobacteriota; c__Blastocatellia; o__UBA7656; f__JADIYM01; g__JADIYM01	0.0	0.0	0.0	0.0	0.0	0.0	0.0	0.0	0.0	0.0	0.0	0.0	0.0	0.0	0.0	0.0	0.0	0.0	0.0	0.0	0.0	0.0	0.0	0.0	0.0	0.0	0.0	0.0	0.0	0.0	0.0	0.0	0.0	0.02	0.0	0.0	0.0	0.0	0.0	0.0	0.0	0.0	0.0	0.0	0.0	0.0	0.0	0.0	0.0	0.0	0.0	0.0	0.0	0.0	0.0	0.0	0.0	0.01	0.01	0.0	0.01	0.01	0.0	0.02	0.0	0.0	0.0	0.01	0.0	0.01	0.0	0.0
Root; d__Bacteria; p__Bacteroidota; c__Bacteroidia; o__Chitinophagales; f__Chitinophagaceae; g__JADCRZ01	0.0	0.0	0.0	0.0	0.0	0.0	0.0	0.0	0.0	0.0	0.0	0.0	0.0	0.0	0.0	0.0	0.0	0.0	0.0	0.0	0.0	0.0	0.0	0.0	0.0	0.0	0.0	0.0	0.0	0.0	0.0	0.0	0.0	0.03	0.0	0.0	0.0	0.0	0.0	0.0	0.0	0.0	0.0	0.0	0.0	0.0	0.0	0.0	0.0	0.0	0.0	0.0	0.0	0.0	0.0	0.0	0.0	0.01	0.01	0.0	0.01	0.02	0.0	0.01	0.0	0.0	0.02	0.0	0.0	0.01	0.0	0.0
Root; d__Bacteria; p__Bacteroidota; c__Bacteroidia; o__AKYH767-A; f__2013-40CM-41-45; g__JADKIH01	0.0	0.0	0.0	0.0	0.0	0.0	0.0	0.0	0.0	0.0	0.0	0.0	0.0	0.0	0.0	0.0	0.0	0.0	0.0	0.0	0.0	0.0	0.0	0.0	0.0	0.0	0.0	0.0	0.0	0.0	0.0	0.0	0.0	0.02	0.02	0.0	0.0	0.0	0.0	0.0	0.0	0.0	0.0	0.0	0.0	0.0	0.0	0.0	0.0	0.0	0.0	0.0	0.0	0.0	0.0	0.0	0.0	0.01	0.01	0.0	0.01	0.02	0.02	0.0	0.01	0.0	0.01	0.0	0.0	0.0	0.0	0.0
Root; d__Bacteria; p__Planctomycetota; c__Planctomycetia; o__Gemmatales; f__Gemmataceae; g__SPIREOTU_01824369	0.0	0.0	0.0	0.0	0.0	0.0	0.0	0.0	0.0	0.0	0.0	0.0	0.0	0.0	0.0	0.0	0.0	0.0	0.0	0.0	0.0	0.0	0.0	0.0	0.0	0.0	0.0	0.0	0.0	0.0	0.0	0.0	0.0	0.01	0.0	0.0	0.0	0.0	0.0	0.0	0.0	0.0	0.0	0.0	0.0	0.0	0.0	0.0	0.0	0.0	0.0	0.0	0.0	0.0	0.0	0.0	0.0	0.0	0.01	0.0	0.01	0.01	0.0	0.0	0.0	0.0	0.0	0.0	0.0	0.0	0.01	0.0
Root; d__Bacteria; p__Planctomycetota; c__Planctomycetia; o__Planctomycetales; f__Planctomycetaceae; g__Schlesneria	0.0	0.0	0.0	0.0	0.0	0.0	0.0	0.0	0.0	0.0	0.0	0.0	0.0	0.0	0.0	0.0	0.0	0.0	0.0	0.0	0.0	0.0	0.0	0.0	0.0	0.0	0.0	0.0	0.0	0.0	0.0	0.0	0.0	0.02	0.0	0.0	0.0	0.0	0.0	0.0	0.0	0.0	0.0	0.0	0.0	0.0	0.0	0.0	0.0	0.0	0.0	0.0	0.0	0.0	0.0	0.0	0.0	0.0	0.0	0.0	0.01	0.0	0.0	0.0	0.0	0.0	0.0	0.0	0.0	0.0	0.0	0.0
Root; d__Bacteria; p__Planctomycetota; c__Phycisphaerae; o__Tepidisphaerales; f__Tepidisphaeraceae; g__SPIREOTU_01101389	0.0	0.0	0.0	0.0	0.0	0.0	0.0	0.0	0.0	0.0	0.0	0.0	0.0	0.0	0.0	0.0	0.0	0.0	0.0	0.0	0.0	0.0	0.0	0.0	0.0	0.0	0.0	0.0	0.0	0.0	0.0	0.0	0.0	0.01	0.0	0.0	0.0	0.0	0.0	0.0	0.0	0.0	0.0	0.0	0.0	0.02	0.0	0.0	0.0	0.0	0.0	0.0	0.0	0.0	0.0	0.0	0.0	0.02	0.01	0.0	0.01	0.01	0.0	0.0	0.02	0.0	0.0	0.0	0.0	0.02	0.0	0.0
Root; d__Bacteria; p__Myxococcota_A; c__Polyangia; o__Palsa-1104; f__Palsa-1104; g__JAQBQH01	0.0	0.0	0.0	0.0	0.0	0.0	0.0	0.0	0.0	0.0	0.0	0.0	0.0	0.0	0.0	0.0	0.0	0.0	0.0	0.0	0.0	0.0	0.0	0.0	0.0	0.0	0.0	0.0	0.0	0.0	0.0	0.0	0.0	0.02	0.0	0.0	0.0	0.0	0.0	0.0	0.0	0.0	0.0	0.0	0.0	0.0	0.0	0.0	0.0	0.0	0.0	0.0	0.0	0.0	0.0	0.0	0.0	0.01	0.01	0.0	0.01	0.01	0.0	0.01	0.0	0.0	0.0	0.0	0.0	0.0	0.0	0.0
Root; d__Bacteria; p__Myxococcota_A; c__Polyangia; o__Fen-1088; f__Fen-1088; g__JANPFD01	0.0	0.0	0.0	0.0	0.0	0.0	0.0	0.0	0.0	0.0	0.0	0.0	0.0	0.0	0.0	0.0	0.0	0.0	0.0	0.0	0.0	0.0	0.0	0.0	0.0	0.0	0.0	0.0	0.0	0.0	0.0	0.0	0.0	0.03	0.0	0.0	0.0	0.0	0.0	0.0	0.0	0.0	0.0	0.0	0.0	0.0	0.0	0.0	0.0	0.0	0.0	0.0	0.0	0.0	0.0	0.0	0.0	0.0	0.01	0.0	0.01	0.0	0.0	0.0	0.01	0.0	0.0	0.0	0.0	0.0	0.0	0.0
Root; d__Bacteria; p__Myxococcota_A; c__UBA796; o__UBA796; f__SXON01; g__CAJBVW01	0.0	0.0	0.0	0.0	0.0	0.0	0.0	0.0	0.0	0.0	0.0	0.0	0.0	0.0	0.0	0.0	0.0	0.0	0.0	0.0	0.0	0.0	0.0	0.0	0.0	0.0	0.0	0.0	0.0	0.0	0.0	0.0	0.0	0.02	0.0	0.0	0.0	0.0	0.0	0.0	0.0	0.0	0.0	0.0	0.0	0.0	0.0	0.0	0.0	0.0	0.0	0.0	0.0	0.0	0.0	0.0	0.0	0.0	0.0	0.0	0.01	0.01	0.0	0.0	0.0	0.0	0.0	0.0	0.0	0.0	0.0	0.0
Root; d__Bacteria; p__Pseudomonadota; c__Alphaproteobacteria; o__Geminicoccales; f__Geminicoccaceae; g__CAWHNT01	0.0	0.0	0.0	0.0	0.0	0.0	0.0	0.0	0.0	0.0	0.0	0.0	0.0	0.0	0.0	0.0	0.0	0.0	0.0	0.0	0.0	0.0	0.0	0.0	0.0	0.0	0.0	0.0	0.0	0.0	0.0	0.0	0.0	0.02	0.0	0.0	0.0	0.0	0.0	0.0	0.0	0.0	0.0	0.0	0.0	0.0	0.0	0.0	0.0	0.0	0.0	0.0	0.0	0.0	0.0	0.0	0.0	0.02	0.01	0.0	0.01	0.01	0.0	0.0	0.0	0.0	0.0	0.0	0.0	0.0	0.0	0.0
Root; d__Bacteria; p__Pseudomonadota; c__Gammaproteobacteria; o__Burkholderiales; f__SG8-39; g__JAABQT01	0.0	0.0	0.0	0.0	0.0	0.0	0.0	0.0	0.0	0.0	0.0	0.0	0.0	0.0	0.0	0.0	0.0	0.0	0.0	0.0	0.0	0.0	0.0	0.0	0.0	0.0	0.0	0.0	0.0	0.0	0.0	0.0	0.0	0.02	0.0	0.0	0.0	0.02	0.0	0.02	0.02	0.0	0.01	0.0	0.0	0.02	0.04	0.0	0.02	0.02	0.0	0.02	0.03	0.0	0.02	0.02	0.0	0.02	0.02	0.0	0.02	0.03	0.03	0.0	0.01	0.0	0.01	0.02	0.0	0.02	0.02	0.0
Root; d__Bacteria; p__Actinomycetota; c__Actinomycetes; o__JACCUZ01; f__JACCUZ01; g__CAWDZK01	0.0	0.0	0.0	0.0	0.0	0.0	0.0	0.0	0.0	0.0	0.0	0.0	0.0	0.0	0.0	0.0	0.0	0.0	0.0	0.0	0.0	0.0	0.0	0.0	0.0	0.0	0.0	0.0	0.0	0.0	0.0	0.0	0.0	0.01	0.0	0.0	0.0	0.03	0.0	0.0	0.0	0.0	0.0	0.0	0.0	0.03	0.0	0.0	0.0	0.0	0.0	0.0	0.0	0.0	0.0	0.0	0.0	0.0	0.01	0.0	0.0	0.0	0.01	0.0	0.0	0.0	0.0	0.0	0.0	0.0	0.0	0.0
Root; d__Bacteria; p__Actinomycetota; c__Acidimicrobiia; o__Acidimicrobiales; f__JACDCH01; g__GEMOTU_41263	0.0	0.0	0.0	0.0	0.0	0.0	0.0	0.0	0.0	0.0	0.0	0.0	0.0	0.0	0.0	0.0	0.0	0.0	0.0	0.0	0.0	0.0	0.0	0.0	0.0	0.0	0.0	0.0	0.0	0.0	0.0	0.0	0.0	0.02	0.0	0.0	0.0	0.0	0.0	0.0	0.0	0.0	0.0	0.0	0.0	0.0	0.0	0.0	0.0	0.0	0.0	0.0	0.0	0.0	0.0	0.0	0.0	0.0	0.0	0.0	0.0	0.0	0.0	0.0	0.0	0.0	0.0	0.0	0.0	0.0	0.0	0.0
Root; d__Bacteria; p__Actinomycetota; c__Actinomycetes; o__Mycobacteriales; f__Cryptosporangiaceae; g__Cryptosporangium	0.0	0.0	0.0	0.0	0.0	0.0	0.0	0.0	0.0	0.0	0.0	0.0	0.0	0.0	0.0	0.0	0.0	0.0	0.0	0.0	0.0	0.0	0.0	0.0	0.0	0.0	0.0	0.0	0.0	0.0	0.0	0.0	0.0	0.0	0.03	0.0	0.0	0.0	0.0	0.0	0.0	0.0	0.0	0.0	0.0	0.0	0.0	0.0	0.0	0.0	0.0	0.0	0.0	0.0	0.02	0.02	0.0	0.02	0.01	0.0	0.01	0.01	0.0	0.0	0.0	0.0	0.0	0.0	0.0	0.0	0.0	0.0
Root; d__Bacteria; p__Actinomycetota; c__Actinomycetes; o__JACCUZ01; f__JACCUZ01; g__DASVBQ01	0.0	0.0	0.0	0.0	0.0	0.0	0.0	0.0	0.0	0.0	0.0	0.0	0.0	0.0	0.0	0.0	0.0	0.0	0.0	0.0	0.0	0.0	0.0	0.0	0.0	0.0	0.0	0.0	0.0	0.0	0.0	0.0	0.0	0.0	0.02	0.0	0.0	0.0	0.0	0.0	0.0	0.0	0.0	0.0	0.0	0.0	0.0	0.0	0.0	0.0	0.0	0.0	0.0	0.0	0.0	0.0	0.0	0.0	0.0	0.0	0.0	0.01	0.0	0.0	0.0	0.0	0.0	0.0	0.0	0.0	0.0	0.0
Root; d__Bacteria; p__Acidobacteriota; c__Vicinamibacteria; o__Vicinamibacterales; f__CAVVIG01; g__CAVQFD01	0.0	0.0	0.0	0.0	0.0	0.0	0.0	0.0	0.0	0.0	0.0	0.0	0.0	0.0	0.0	0.0	0.0	0.0	0.0	0.0	0.0	0.0	0.0	0.0	0.0	0.0	0.0	0.0	0.0	0.0	0.0	0.0	0.0	0.0	0.02	0.0	0.0	0.0	0.0	0.0	0.0	0.0	0.0	0.0	0.0	0.0	0.0	0.0	0.0	0.0	0.0	0.0	0.0	0.0	0.0	0.0	0.0	0.0	0.01	0.0	0.0	0.01	0.0	0.0	0.0	0.0	0.0	0.0	0.0	0.0	0.0	0.0
Root; d__Bacteria; p__Acidobacteriota; c__Vicinamibacteria; o__Vicinamibacterales; f__CAVVIG01; g__MGYG000497092	0.0	0.0	0.0	0.0	0.0	0.0	0.0	0.0	0.0	0.0	0.0	0.0	0.0	0.0	0.0	0.0	0.0	0.0	0.0	0.0	0.0	0.0	0.0	0.0	0.0	0.0	0.0	0.0	0.0	0.0	0.0	0.0	0.0	0.0	0.02	0.0	0.0	0.0	0.0	0.0	0.0	0.0	0.0	0.0	0.0	0.0	0.0	0.0	0.0	0.0	0.0	0.0	0.0	0.0	0.0	0.0	0.0	0.0	0.0	0.0	0.0	0.0	0.0	0.0	0.0	0.0	0.0	0.0	0.0	0.0	0.0	0.0
Root; d__Bacteria; p__Acidobacteriota; c__Vicinamibacteria; o__Vicinamibacterales; f__UBA2999; g__CANNDT01	0.0	0.0	0.0	0.0	0.0	0.0	0.0	0.0	0.0	0.0	0.0	0.0	0.0	0.0	0.0	0.0	0.0	0.0	0.0	0.0	0.0	0.0	0.0	0.0	0.0	0.0	0.0	0.0	0.0	0.0	0.0	0.0	0.0	0.0	0.01	0.0	0.0	0.0	0.0	0.0	0.0	0.0	0.0	0.0	0.0	0.0	0.0	0.0	0.0	0.0	0.0	0.0	0.0	0.0	0.0	0.0	0.0	0.01	0.01	0.0	0.01	0.01	0.0	0.0	0.0	0.0	0.0	0.0	0.0	0.01	0.0	0.0
Root; d__Bacteria; p__Myxococcota_A; c__Polyangia; o__Palsa-1104; f__Palsa-1104; g__CRBC_05052	0.0	0.0	0.0	0.0	0.0	0.0	0.0	0.0	0.0	0.0	0.0	0.0	0.0	0.0	0.0	0.0	0.0	0.0	0.0	0.0	0.0	0.0	0.0	0.0	0.0	0.0	0.0	0.0	0.0	0.0	0.0	0.0	0.0	0.0	0.01	0.0	0.0	0.0	0.0	0.0	0.0	0.0	0.0	0.0	0.0	0.0	0.0	0.0	0.0	0.0	0.0	0.0	0.0	0.0	0.0	0.0	0.0	0.0	0.0	0.0	0.0	0.0	0.0	0.0	0.0	0.0	0.0	0.0	0.0	0.0	0.0	0.0
Root; d__Bacteria; p__Bacteroidota; c__Bacteroidia; o__Chitinophagales; f__Chitinophagaceae; g__VBAT01	0.0	0.0	0.0	0.0	0.0	0.0	0.0	0.0	0.0	0.0	0.0	0.0	0.0	0.0	0.0	0.0	0.0	0.0	0.0	0.0	0.0	0.0	0.0	0.0	0.0	0.0	0.0	0.0	0.0	0.0	0.0	0.0	0.0	0.0	0.02	0.0	0.0	0.0	0.0	0.0	0.0	0.0	0.0	0.0	0.0	0.0	0.0	0.0	0.0	0.0	0.0	0.0	0.0	0.0	0.0	0.0	0.0	0.01	0.0	0.0	0.01	0.01	0.0	0.0	0.0	0.0	0.0	0.0	0.0	0.01	0.02	0.0
Root; d__Bacteria; p__Acidobacteriota; c__Vicinamibacteria; o__Vicinamibacterales; f__CAVVIG01; g__CAVQZZ01	0.0	0.0	0.0	0.0	0.0	0.0	0.0	0.0	0.0	0.0	0.0	0.0	0.0	0.0	0.0	0.0	0.0	0.0	0.0	0.0	0.0	0.0	0.0	0.0	0.0	0.0	0.0	0.0	0.0	0.0	0.0	0.0	0.0	0.0	0.0	0.0	0.02	0.02	0.0	0.03	0.0	0.0	0.01	0.01	0.0	0.02	0.03	0.0	0.03	0.0	0.0	0.02	0.0	0.0	0.02	0.0	0.0	0.02	0.01	0.0	0.02	0.02	0.02	0.01	0.02	0.0	0.02	0.0	0.0	0.02	0.03	0.05
Root; d__Bacteria; p__Acidobacteriota; c__Terriglobia; o__Terriglobales; f__Acidobacteriaceae; g__JACPNR01	0.0	0.0	0.0	0.0	0.0	0.0	0.0	0.0	0.0	0.0	0.0	0.0	0.0	0.0	0.0	0.0	0.0	0.0	0.0	0.0	0.0	0.0	0.0	0.0	0.0	0.0	0.0	0.0	0.0	0.0	0.0	0.0	0.0	0.0	0.0	0.0	0.04	0.04	0.0	0.04	0.03	0.0	0.03	0.03	0.05	0.03	0.03	0.0	0.05	0.02	0.0	0.0	0.03	0.0	0.04	0.02	0.0	0.02	0.03	0.0	0.03	0.02	0.01	0.02	0.0	0.0	0.03	0.03	0.0	0.03	0.02	0.0
Root; d__Bacteria; p__Acidobacteriota; c__Terriglobia; o__Terriglobales; f__Acidobacteriaceae; g__CAWBRT01	0.0	0.0	0.0	0.0	0.0	0.0	0.0	0.0	0.0	0.0	0.0	0.0	0.0	0.0	0.0	0.0	0.0	0.0	0.0	0.0	0.0	0.0	0.0	0.0	0.0	0.0	0.0	0.0	0.0	0.0	0.0	0.0	0.0	0.0	0.0	0.0	0.01	0.0	0.0	0.0	0.0	0.0	0.0	0.0	0.0	0.0	0.0	0.0	0.0	0.0	0.0	0.0	0.0	0.0	0.0	0.0	0.0	0.01	0.0	0.0	0.0	0.01	0.0	0.0	0.0	0.0	0.0	0.0	0.0	0.0	0.0	0.0
Root; d__Bacteria; p__Acidobacteriota; c__Terriglobia; o__Terriglobales; f__Acidobacteriaceae; g__CAVQGF01	0.0	0.0	0.0	0.0	0.0	0.0	0.0	0.0	0.0	0.0	0.0	0.0	0.0	0.0	0.0	0.0	0.0	0.0	0.0	0.0	0.0	0.0	0.0	0.0	0.0	0.0	0.0	0.0	0.0	0.0	0.0	0.0	0.0	0.0	0.0	0.0	0.04	0.04	0.0	0.04	0.05	0.0	0.03	0.03	0.0	0.03	0.02	0.0	0.05	0.03	0.0	0.03	0.03	0.0	0.03	0.03	0.0	0.05	0.05	0.04	0.04	0.04	0.06	0.04	0.05	0.0	0.05	0.03	0.0	0.03	0.06	0.0
Root; d__Bacteria; p__Acidobacteriota; c__Terriglobia; o__Terriglobales; f__Acidobacteriaceae; g__Gp1-AA112	0.0	0.0	0.0	0.0	0.0	0.0	0.0	0.0	0.0	0.0	0.0	0.0	0.0	0.0	0.0	0.0	0.0	0.0	0.0	0.0	0.0	0.0	0.0	0.0	0.0	0.0	0.0	0.0	0.0	0.0	0.0	0.0	0.0	0.0	0.0	0.0	0.02	0.02	0.0	0.02	0.02	0.0	0.02	0.02	0.0	0.02	0.0	0.0	0.02	0.02	0.0	0.02	0.02	0.0	0.0	0.02	0.0	0.03	0.03	0.0	0.03	0.03	0.02	0.0	0.01	0.0	0.03	0.05	0.0	0.03	0.01	0.0
Root; d__Bacteria; p__Acidobacteriota; c__Terriglobia; o__Terriglobales; f__Acidobacteriaceae; g__DAISJI01	0.0	0.0	0.0	0.0	0.0	0.0	0.0	0.0	0.0	0.0	0.0	0.0	0.0	0.0	0.0	0.0	0.0	0.0	0.0	0.0	0.0	0.0	0.0	0.0	0.0	0.0	0.0	0.0	0.0	0.0	0.0	0.0	0.0	0.0	0.0	0.0	0.05	0.04	0.0	0.05	0.05	0.0	0.03	0.06	0.07	0.02	0.04	0.0	0.02	0.03	0.0	0.07	0.04	0.05	0.04	0.04	0.0	0.05	0.04	0.02	0.03	0.03	0.03	0.03	0.04	0.0	0.07	0.04	0.0	0.04	0.04	0.04
Root; d__Bacteria; p__Acidobacteriota; c__Terriglobia; o__Terriglobales; f__Acidobacteriaceae; g__KBS-83	0.0	0.0	0.0	0.0	0.0	0.0	0.0	0.0	0.0	0.0	0.0	0.0	0.0	0.0	0.0	0.0	0.0	0.0	0.0	0.0	0.0	0.0	0.0	0.0	0.0	0.0	0.0	0.0	0.0	0.0	0.0	0.0	0.0	0.0	0.0	0.0	0.02	0.02	0.0	0.02	0.02	0.0	0.02	0.02	0.0	0.02	0.02	0.0	0.0	0.02	0.0	0.02	0.0	0.0	0.0	0.0	0.0	0.01	0.02	0.0	0.01	0.01	0.0	0.01	0.0	0.0	0.02	0.01	0.0	0.0	0.02	0.0
Root; d__Bacteria; p__Acidobacteriota; c__Terriglobia; o__Terriglobales; f__Acidobacteriaceae; g__JBBRZF01	0.0	0.0	0.0	0.0	0.0	0.0	0.0	0.0	0.0	0.0	0.0	0.0	0.0	0.0	0.0	0.0	0.0	0.0	0.0	0.0	0.0	0.0	0.0	0.0	0.0	0.0	0.0	0.0	0.0	0.0	0.0	0.0	0.0	0.0	0.0	0.0	0.03	0.02	0.0	0.02	0.01	0.0	0.02	0.02	0.0	0.0	0.02	0.0	0.0	0.02	0.0	0.02	0.0	0.0	0.0	0.0	0.0	0.02	0.01	0.0	0.01	0.01	0.02	0.0	0.0	0.0	0.01	0.0	0.0	0.02	0.0	0.0
Root; d__Bacteria; p__Acidobacteriota; c__Terriglobia; o__Terriglobales; f__Acidobacteriaceae; g__Acidiflorens	0.0	0.0	0.0	0.0	0.0	0.0	0.0	0.0	0.0	0.0	0.0	0.0	0.0	0.0	0.0	0.0	0.0	0.0	0.0	0.0	0.0	0.0	0.0	0.0	0.0	0.0	0.0	0.0	0.0	0.0	0.0	0.0	0.0	0.0	0.0	0.0	0.02	0.06	0.0	0.05	0.03	0.0	0.03	0.03	0.0	0.05	0.04	0.07	0.04	0.05	0.0	0.06	0.04	0.0	0.04	0.02	0.0	0.06	0.03	0.03	0.05	0.05	0.06	0.05	0.07	0.0	0.03	0.06	0.0	0.05	0.06	0.0
Root; d__Bacteria; p__Acidobacteriota; c__Terriglobia; o__Terriglobales; f__Acidobacteriaceae; g__JAIQGF01	0.0	0.0	0.0	0.0	0.0	0.0	0.0	0.0	0.0	0.0	0.0	0.0	0.0	0.0	0.0	0.0	0.0	0.0	0.0	0.0	0.0	0.0	0.0	0.0	0.0	0.0	0.0	0.0	0.0	0.0	0.0	0.0	0.0	0.0	0.0	0.0	0.02	0.02	0.0	0.02	0.01	0.05	0.03	0.03	0.0	0.03	0.02	0.0	0.02	0.02	0.0	0.02	0.05	0.0	0.02	0.02	0.0	0.04	0.02	0.0	0.02	0.04	0.03	0.03	0.03	0.0	0.02	0.03	0.0	0.04	0.04	0.0
Root; d__Bacteria; p__Acidobacteriota; c__Terriglobia; o__Terriglobales; f__Acidobacteriaceae; g__MGYG000497932	0.0	0.0	0.0	0.0	0.0	0.0	0.0	0.0	0.0	0.0	0.0	0.0	0.0	0.0	0.0	0.0	0.0	0.0	0.0	0.0	0.0	0.0	0.0	0.0	0.0	0.0	0.0	0.0	0.0	0.0	0.0	0.0	0.0	0.0	0.0	0.0	0.02	0.0	0.0	0.0	0.01	0.0	0.02	0.02	0.0	0.02	0.02	0.0	0.0	0.02	0.0	0.0	0.0	0.0	0.0	0.0	0.0	0.0	0.01	0.0	0.0	0.01	0.0	0.0	0.0	0.0	0.0	0.0	0.0	0.0	0.0	0.0
Root; d__Bacteria; p__Acidobacteriota; c__Terriglobia; o__Terriglobales; f__Acidobacteriaceae; g__Korobacter	0.0	0.0	0.0	0.0	0.0	0.0	0.0	0.0	0.0	0.0	0.0	0.0	0.0	0.0	0.0	0.0	0.0	0.0	0.0	0.0	0.0	0.0	0.0	0.0	0.0	0.0	0.0	0.0	0.0	0.0	0.0	0.0	0.0	0.0	0.0	0.0	0.02	0.0	0.0	0.0	0.0	0.0	0.0	0.0	0.0	0.0	0.0	0.0	0.0	0.0	0.0	0.0	0.0	0.0	0.0	0.0	0.0	0.0	0.0	0.0	0.01	0.0	0.0	0.0	0.0	0.0	0.0	0.0	0.0	0.0	0.0	0.0
Root; d__Bacteria; p__Acidobacteriota; c__Terriglobia; o__Bryobacterales; f__Bryobacteraceae; g__DATMNI01	0.0	0.0	0.0	0.0	0.0	0.0	0.0	0.0	0.0	0.0	0.0	0.0	0.0	0.0	0.0	0.0	0.0	0.0	0.0	0.0	0.0	0.0	0.0	0.0	0.0	0.0	0.0	0.0	0.0	0.0	0.0	0.0	0.0	0.0	0.0	0.0	0.02	0.0	0.0	0.0	0.0	0.0	0.01	0.0	0.0	0.02	0.0	0.0	0.02	0.0	0.0	0.0	0.0	0.0	0.0	0.0	0.0	0.01	0.0	0.0	0.01	0.01	0.0	0.0	0.0	0.0	0.0	0.0	0.0	0.0	0.0	0.0
Root; d__Bacteria; p__Acidobacteriota; c__Terriglobia; o__Bryobacterales; f__Bryobacteraceae; g__KBS-96	0.0	0.0	0.0	0.0	0.0	0.0	0.0	0.0	0.0	0.0	0.0	0.0	0.0	0.0	0.0	0.0	0.0	0.0	0.0	0.0	0.0	0.0	0.0	0.0	0.0	0.0	0.0	0.0	0.0	0.0	0.0	0.0	0.0	0.0	0.0	0.0	0.02	0.0	0.0	0.05	0.01	0.0	0.0	0.0	0.0	0.0	0.02	0.0	0.03	0.03	0.0	0.0	0.02	0.0	0.0	0.0	0.0	0.01	0.01	0.0	0.01	0.01	0.0	0.0	0.0	0.0	0.0	0.0	0.0	0.0	0.0	0.0
Root; d__Bacteria; p__Acidobacteriota; c__Terriglobia; o__Bryobacterales; f__Bryobacteraceae; g__Bog-159	0.0	0.0	0.0	0.0	0.0	0.0	0.0	0.0	0.0	0.0	0.0	0.0	0.0	0.0	0.0	0.0	0.0	0.0	0.0	0.0	0.0	0.0	0.0	0.0	0.0	0.0	0.0	0.0	0.0	0.0	0.0	0.0	0.0	0.0	0.0	0.0	0.02	0.0	0.0	0.02	0.0	0.0	0.02	0.0	0.0	0.0	0.04	0.0	0.0	0.0	0.0	0.02	0.02	0.0	0.02	0.03	0.0	0.02	0.02	0.0	0.03	0.03	0.02	0.03	0.0	0.0	0.03	0.03	0.0	0.02	0.02	0.0
Root; d__Bacteria; p__Acidobacteriota; c__Thermoanaerobaculia; o__Gp7-AA8; f__Gp7-AA8; g__DASXHZ01	0.0	0.0	0.0	0.0	0.0	0.0	0.0	0.0	0.0	0.0	0.0	0.0	0.0	0.0	0.0	0.0	0.0	0.0	0.0	0.0	0.0	0.0	0.0	0.0	0.0	0.0	0.0	0.0	0.0	0.0	0.0	0.0	0.0	0.0	0.0	0.0	0.02	0.02	0.0	0.02	0.0	0.0	0.04	0.0	0.0	0.0	0.02	0.0	0.0	0.02	0.0	0.02	0.0	0.0	0.0	0.02	0.0	0.01	0.01	0.02	0.02	0.02	0.0	0.02	0.01	0.0	0.02	0.03	0.0	0.03	0.03	0.0
Root; d__Bacteria; p__Pseudomonadota; c__Alphaproteobacteria; o__Rhodospirillales; f__Rhodospirillaceae; g__SHVO01	0.0	0.0	0.0	0.0	0.0	0.0	0.0	0.0	0.0	0.0	0.0	0.0	0.0	0.0	0.0	0.0	0.0	0.0	0.0	0.0	0.0	0.0	0.0	0.0	0.0	0.0	0.0	0.0	0.0	0.0	0.0	0.0	0.0	0.0	0.0	0.0	0.02	0.0	0.0	0.0	0.01	0.0	0.0	0.02	0.0	0.0	0.03	0.0	0.02	0.0	0.0	0.02	0.01	0.0	0.0	0.02	0.0	0.02	0.02	0.02	0.02	0.02	0.02	0.0	0.02	0.0	0.02	0.02	0.0	0.02	0.02	0.0
Root; d__Bacteria; p__Pseudomonadota; c__Alphaproteobacteria; o__JAREAF01; f__JAREAF01; g__MGYG000511604	0.0	0.0	0.0	0.0	0.0	0.0	0.0	0.0	0.0	0.0	0.0	0.0	0.0	0.0	0.0	0.0	0.0	0.0	0.0	0.0	0.0	0.0	0.0	0.0	0.0	0.0	0.0	0.0	0.0	0.0	0.0	0.0	0.0	0.0	0.0	0.0	0.03	0.0	0.0	0.0	0.02	0.0	0.02	0.0	0.0	0.0	0.0	0.0	0.0	0.02	0.0	0.0	0.02	0.0	0.0	0.02	0.0	0.03	0.03	0.0	0.03	0.03	0.02	0.02	0.0	0.0	0.0	0.02	0.0	0.02	0.02	0.0
Root; d__Bacteria; p__Pseudomonadota; c__Gammaproteobacteria; o__Burkholderiales; f__SG8-39; g__VBDM01	0.0	0.0	0.0	0.0	0.0	0.0	0.0	0.0	0.0	0.0	0.0	0.0	0.0	0.0	0.0	0.0	0.0	0.0	0.0	0.0	0.0	0.0	0.0	0.0	0.0	0.0	0.0	0.0	0.0	0.0	0.0	0.0	0.0	0.0	0.0	0.0	0.02	0.02	0.0	0.03	0.03	0.0	0.0	0.03	0.0	0.02	0.02	0.0	0.04	0.02	0.0	0.02	0.02	0.0	0.0	0.0	0.0	0.01	0.02	0.0	0.03	0.02	0.01	0.0	0.0	0.0	0.02	0.01	0.0	0.01	0.01	0.0
Root; d__Bacteria; p__Pseudomonadota; c__Gammaproteobacteria; o__Xanthomonadales; f__Rhodanobacteraceae; g__Rudaea	0.0	0.0	0.0	0.0	0.0	0.0	0.0	0.0	0.0	0.0	0.0	0.0	0.0	0.0	0.0	0.0	0.0	0.0	0.0	0.0	0.0	0.0	0.0	0.0	0.0	0.0	0.0	0.0	0.0	0.0	0.0	0.0	0.0	0.0	0.0	0.0	0.02	0.0	0.0	0.02	0.04	0.0	0.0	0.0	0.0	0.0	0.0	0.0	0.02	0.0	0.0	0.0	0.0	0.0	0.0	0.0	0.0	0.0	0.01	0.0	0.01	0.01	0.02	0.0	0.0	0.0	0.0	0.0	0.0	0.0	0.0	0.0
Root; d__Bacteria; p__Actinomycetota; c__Actinomycetes; o__Streptosporangiales; f__Streptosporangiaceae; g__Trebonia	0.0	0.0	0.0	0.0	0.0	0.0	0.0	0.0	0.0	0.0	0.0	0.0	0.0	0.0	0.0	0.0	0.0	0.0	0.0	0.0	0.0	0.0	0.0	0.0	0.0	0.0	0.0	0.0	0.0	0.0	0.0	0.0	0.0	0.0	0.0	0.0	0.02	0.0	0.0	0.0	0.0	0.0	0.0	0.01	0.0	0.0	0.0	0.0	0.0	0.0	0.0	0.0	0.01	0.0	0.0	0.0	0.0	0.01	0.01	0.0	0.01	0.01	0.0	0.0	0.0	0.0	0.0	0.0	0.0	0.0	0.0	0.0
Root; d__Bacteria; p__Actinomycetota; c__Actinomycetes; o__Actinomycetales; f__CAVURS01; g__CAVURS01	0.0	0.0	0.0	0.0	0.0	0.0	0.0	0.0	0.0	0.0	0.0	0.0	0.0	0.0	0.0	0.0	0.0	0.0	0.0	0.0	0.0	0.0	0.0	0.0	0.0	0.0	0.0	0.0	0.0	0.0	0.0	0.0	0.0	0.0	0.0	0.0	0.03	0.04	0.0	0.03	0.03	0.0	0.05	0.04	0.0	0.02	0.04	0.05	0.02	0.02	0.0	0.03	0.02	0.0	0.03	0.03	0.0	0.05	0.05	0.08	0.05	0.07	0.06	0.04	0.04	0.0	0.04	0.04	0.0	0.04	0.04	0.0
Root; d__Bacteria; p__Actinomycetota; c__Actinomycetes; o__JAFAQI01; f__JAFAQI01; g__CAWIFV01	0.0	0.0	0.0	0.0	0.0	0.0	0.0	0.0	0.0	0.0	0.0	0.0	0.0	0.0	0.0	0.0	0.0	0.0	0.0	0.0	0.0	0.0	0.0	0.0	0.0	0.0	0.0	0.0	0.0	0.0	0.0	0.0	0.0	0.0	0.0	0.0	0.01	0.0	0.0	0.0	0.0	0.0	0.0	0.0	0.0	0.0	0.0	0.0	0.0	0.0	0.0	0.0	0.0	0.0	0.0	0.0	0.0	0.0	0.0	0.0	0.01	0.01	0.0	0.0	0.0	0.0	0.0	0.0	0.0	0.0	0.0	0.0
Root; d__Bacteria; p__Actinomycetota; c__Thermoleophilia; o__Solirubrobacterales; f__Solirubrobacteraceae; g__MOTU40_082057	0.0	0.0	0.0	0.0	0.0	0.0	0.0	0.0	0.0	0.0	0.0	0.0	0.0	0.0	0.0	0.0	0.0	0.0	0.0	0.0	0.0	0.0	0.0	0.0	0.0	0.0	0.0	0.0	0.0	0.0	0.0	0.0	0.0	0.0	0.0	0.0	0.01	0.0	0.0	0.0	0.0	0.0	0.0	0.0	0.0	0.0	0.0	0.0	0.0	0.0	0.0	0.0	0.0	0.0	0.0	0.0	0.0	0.0	0.01	0.0	0.01	0.0	0.0	0.0	0.0	0.0	0.0	0.0	0.0	0.0	0.0	0.0
Root; d__Bacteria; p__Actinomycetota; c__Thermoleophilia; o__Gaiellales; f__Gaiellaceae; g__SMAGOTU_04220	0.0	0.0	0.0	0.0	0.0	0.0	0.0	0.0	0.0	0.0	0.0	0.0	0.0	0.0	0.0	0.0	0.0	0.0	0.0	0.0	0.0	0.0	0.0	0.0	0.0	0.0	0.0	0.0	0.0	0.0	0.0	0.0	0.0	0.0	0.0	0.0	0.03	0.04	0.0	0.03	0.02	0.0	0.0	0.04	0.0	0.0	0.02	0.0	0.02	0.0	0.0	0.04	0.02	0.0	0.03	0.02	0.0	0.04	0.04	0.0	0.03	0.04	0.02	0.04	0.02	0.0	0.04	0.03	0.0	0.01	0.02	0.0
Root; d__Bacteria; p__Actinomycetota; c__Thermoleophilia; o__Gaiellales; f__Gaiellaceae; g__SPIREOTU_01666299	0.0	0.0	0.0	0.0	0.0	0.0	0.0	0.0	0.0	0.0	0.0	0.0	0.0	0.0	0.0	0.0	0.0	0.0	0.0	0.0	0.0	0.0	0.0	0.0	0.0	0.0	0.0	0.0	0.0	0.0	0.0	0.0	0.0	0.0	0.0	0.0	0.03	0.04	0.0	0.04	0.03	0.0	0.04	0.04	0.0	0.03	0.03	0.0	0.03	0.03	0.0	0.02	0.04	0.0	0.09	0.08	0.05	0.13	0.12	0.1	0.11	0.1	0.07	0.08	0.06	0.0	0.08	0.14	0.11	0.1	0.09	0.08
Root; d__Bacteria; p__Actinomycetota; c__Acidimicrobiia; o__Acidimicrobiales; f__JACDEA01; g__JACDEA01	0.0	0.0	0.0	0.0	0.0	0.0	0.0	0.0	0.0	0.0	0.0	0.0	0.0	0.0	0.0	0.0	0.0	0.0	0.0	0.0	0.0	0.0	0.0	0.0	0.0	0.0	0.0	0.0	0.0	0.0	0.0	0.0	0.0	0.0	0.0	0.0	0.02	0.0	0.0	0.0	0.0	0.0	0.02	0.0	0.0	0.02	0.03	0.0	0.02	0.02	0.0	0.03	0.0	0.0	0.02	0.02	0.0	0.02	0.02	0.0	0.02	0.03	0.02	0.03	0.03	0.0	0.04	0.04	0.0	0.02	0.04	0.0
Root; d__Bacteria; p__Planctomycetota; c__Planctomycetia; o__Isosphaerales; f__Isosphaeraceae; g__CAVZRC01	0.0	0.0	0.0	0.0	0.0	0.0	0.0	0.0	0.0	0.0	0.0	0.0	0.0	0.0	0.0	0.0	0.0	0.0	0.0	0.0	0.0	0.0	0.0	0.0	0.0	0.0	0.0	0.0	0.0	0.0	0.0	0.0	0.0	0.0	0.0	0.0	0.02	0.0	0.0	0.02	0.03	0.0	0.0	0.0	0.0	0.02	0.0	0.0	0.03	0.0	0.0	0.0	0.0	0.0	0.0	0.0	0.0	0.0	0.0	0.0	0.01	0.01	0.0	0.0	0.0	0.0	0.01	0.0	0.0	0.0	0.0	0.0
Root; d__Bacteria; p__Planctomycetota; c__Planctomycetia; o__Isosphaerales; f__Isosphaeraceae; g__GOMCOTU_12566	0.0	0.0	0.0	0.0	0.0	0.0	0.0	0.0	0.0	0.0	0.0	0.0	0.0	0.0	0.0	0.0	0.0	0.0	0.0	0.0	0.0	0.0	0.0	0.0	0.0	0.0	0.0	0.0	0.0	0.0	0.0	0.0	0.0	0.0	0.0	0.0	0.01	0.0	0.0	0.02	0.02	0.0	0.03	0.0	0.0	0.0	0.0	0.0	0.0	0.0	0.0	0.02	0.0	0.0	0.02	0.0	0.0	0.02	0.02	0.0	0.02	0.01	0.0	0.0	0.0	0.0	0.03	0.01	0.0	0.02	0.02	0.0
Root; d__Bacteria; p__Planctomycetota; c__Planctomycetia; o__Isosphaerales; f__Isosphaeraceae; g__GEMOTU_05198	0.0	0.0	0.0	0.0	0.0	0.0	0.0	0.0	0.0	0.0	0.0	0.0	0.0	0.0	0.0	0.0	0.0	0.0	0.0	0.0	0.0	0.0	0.0	0.0	0.0	0.0	0.0	0.0	0.0	0.0	0.0	0.0	0.0	0.0	0.0	0.0	0.02	0.0	0.0	0.0	0.02	0.0	0.0	0.0	0.0	0.0	0.0	0.0	0.0	0.0	0.0	0.0	0.02	0.0	0.0	0.0	0.0	0.01	0.01	0.0	0.01	0.01	0.0	0.02	0.0	0.0	0.01	0.0	0.0	0.0	0.0	0.0
Root; d__Bacteria; p__Planctomycetota; c__Phycisphaerae; o__Tepidisphaerales; f__Tepidisphaeraceae; g__MFD04580-c1	0.0	0.0	0.0	0.0	0.0	0.0	0.0	0.0	0.0	0.0	0.0	0.0	0.0	0.0	0.0	0.0	0.0	0.0	0.0	0.0	0.0	0.0	0.0	0.0	0.0	0.0	0.0	0.0	0.0	0.0	0.0	0.0	0.0	0.0	0.0	0.0	0.02	0.0	0.0	0.0	0.0	0.0	0.0	0.0	0.0	0.02	0.0	0.0	0.0	0.0	0.0	0.0	0.0	0.0	0.0	0.0	0.0	0.0	0.01	0.0	0.01	0.01	0.0	0.0	0.0	0.0	0.01	0.0	0.0	0.0	0.0	0.0
Root; d__Bacteria; p__Armatimonadota; c__Fimbriimonadia; o__Fimbriimonadales; f__Fimbriimonadaceae; g__Fimbriimonas	0.0	0.0	0.0	0.0	0.0	0.0	0.0	0.0	0.0	0.0	0.0	0.0	0.0	0.0	0.0	0.0	0.0	0.0	0.0	0.0	0.0	0.0	0.0	0.0	0.0	0.0	0.0	0.0	0.0	0.0	0.0	0.0	0.0	0.0	0.0	0.0	0.02	0.0	0.0	0.02	0.0	0.0	0.0	0.0	0.0	0.0	0.0	0.0	0.0	0.0	0.0	0.02	0.0	0.0	0.0	0.0	0.0	0.02	0.02	0.0	0.02	0.02	0.0	0.01	0.01	0.0	0.0	0.02	0.0	0.02	0.0	0.0
Root; d__Bacteria; p__Armatimonadota; c__Fimbriimonadia; o__Fimbriimonadales; f__Fimbriimonadaceae; g__JAEVZK01	0.0	0.0	0.0	0.0	0.0	0.0	0.0	0.0	0.0	0.0	0.0	0.0	0.0	0.0	0.0	0.0	0.0	0.0	0.0	0.0	0.0	0.0	0.0	0.0	0.0	0.0	0.0	0.0	0.0	0.0	0.0	0.0	0.0	0.0	0.0	0.0	0.02	0.02	0.0	0.0	0.01	0.0	0.02	0.02	0.0	0.0	0.02	0.0	0.0	0.0	0.0	0.0	0.0	0.0	0.0	0.0	0.0	0.02	0.03	0.0	0.02	0.03	0.02	0.0	0.01	0.0	0.02	0.02	0.0	0.0	0.02	0.0
Root; d__Bacteria; p__Chloroflexota; c__Limnocylindria; o__P2-11E; f__P2-11E; g__3-1-20CM-2-70-9	0.0	0.0	0.0	0.0	0.0	0.0	0.0	0.0	0.0	0.0	0.0	0.0	0.0	0.0	0.0	0.0	0.0	0.0	0.0	0.0	0.0	0.0	0.0	0.0	0.0	0.0	0.0	0.0	0.0	0.0	0.0	0.0	0.0	0.0	0.0	0.0	0.02	0.02	0.0	0.02	0.04	0.0	0.01	0.02	0.04	0.0	0.0	0.0	0.02	0.0	0.0	0.05	0.0	0.0	0.0	0.0	0.0	0.02	0.03	0.02	0.03	0.03	0.02	0.0	0.02	0.0	0.02	0.02	0.0	0.02	0.02	0.0
Root; d__Bacteria; p__Chloroflexota; c__Limnocylindria; o__Limnocylindrales; f__CSP1-4; g__C-114	0.0	0.0	0.0	0.0	0.0	0.0	0.0	0.0	0.0	0.0	0.0	0.0	0.0	0.0	0.0	0.0	0.0	0.0	0.0	0.0	0.0	0.0	0.0	0.0	0.0	0.0	0.0	0.0	0.0	0.0	0.0	0.0	0.0	0.0	0.0	0.0	0.01	0.0	0.0	0.0	0.0	0.0	0.0	0.01	0.0	0.0	0.0	0.0	0.0	0.0	0.0	0.0	0.03	0.0	0.0	0.02	0.0	0.02	0.01	0.02	0.02	0.01	0.0	0.0	0.0	0.0	0.0	0.02	0.0	0.02	0.02	0.0
Root; d__Bacteria; p__Chloroflexota; c__Limnocylindria; o__QHBO01; f__QHBO01; g__JAICUY01	0.0	0.0	0.0	0.0	0.0	0.0	0.0	0.0	0.0	0.0	0.0	0.0	0.0	0.0	0.0	0.0	0.0	0.0	0.0	0.0	0.0	0.0	0.0	0.0	0.0	0.0	0.0	0.0	0.0	0.0	0.0	0.0	0.0	0.0	0.0	0.0	0.02	0.02	0.0	0.02	0.02	0.0	0.02	0.02	0.0	0.03	0.02	0.0	0.0	0.02	0.0	0.03	0.02	0.0	0.0	0.0	0.0	0.0	0.0	0.0	0.0	0.0	0.0	0.0	0.0	0.0	0.0	0.0	0.0	0.0	0.0	0.0
Root; d__Bacteria; p__Chloroflexota; c__UBA6077; o__UBA6077; f__JAJPHF01; g__JADGHJ01	0.0	0.0	0.0	0.0	0.0	0.0	0.0	0.0	0.0	0.0	0.0	0.0	0.0	0.0	0.0	0.0	0.0	0.0	0.0	0.0	0.0	0.0	0.0	0.0	0.0	0.0	0.0	0.0	0.0	0.0	0.0	0.0	0.0	0.0	0.0	0.0	0.02	0.0	0.0	0.0	0.0	0.0	0.0	0.0	0.0	0.0	0.0	0.0	0.0	0.0	0.0	0.0	0.0	0.0	0.0	0.0	0.0	0.02	0.01	0.0	0.01	0.01	0.0	0.0	0.0	0.0	0.0	0.0	0.0	0.0	0.0	0.0
Root; d__Bacteria; p__Bacteroidota; c__Bacteroidia; o__Chitinophagales; f__Chitinophagaceae; g__Polluticoccus	0.0	0.0	0.0	0.0	0.0	0.0	0.0	0.0	0.0	0.0	0.0	0.0	0.0	0.0	0.0	0.0	0.0	0.0	0.0	0.0	0.0	0.0	0.0	0.0	0.0	0.0	0.0	0.0	0.0	0.0	0.0	0.0	0.0	0.0	0.0	0.0	0.02	0.0	0.0	0.01	0.0	0.0	0.03	0.0	0.0	0.0	0.0	0.0	0.0	0.0	0.0	0.0	0.0	0.0	0.0	0.0	0.0	0.0	0.01	0.0	0.01	0.01	0.0	0.0	0.0	0.0	0.0	0.0	0.0	0.0	0.0	0.0
Root; d__Bacteria; p__Bacteroidota; c__Bacteroidia; o__Chitinophagales; f__Chitinophagaceae; g__JAFIGV01	0.0	0.0	0.0	0.0	0.0	0.0	0.0	0.0	0.0	0.0	0.0	0.0	0.0	0.0	0.0	0.0	0.0	0.0	0.0	0.0	0.0	0.0	0.0	0.0	0.0	0.0	0.0	0.0	0.0	0.0	0.0	0.0	0.0	0.0	0.0	0.0	0.02	0.0	0.0	0.0	0.0	0.0	0.02	0.02	0.0	0.0	0.0	0.0	0.0	0.0	0.0	0.0	0.0	0.0	0.0	0.0	0.0	0.0	0.0	0.0	0.0	0.0	0.0	0.0	0.0	0.0	0.0	0.0	0.0	0.0	0.0	0.0
Root; d__Bacteria; p__Bacillota; c__Bacilli; o__Bacillales; f__Bacillaceae_H; g__Priestia	0.0	0.0	0.0	0.0	0.0	0.0	0.0	0.0	0.0	0.0	0.0	0.0	0.0	0.0	0.0	0.0	0.0	0.0	0.0	0.0	0.0	0.0	0.0	0.0	0.0	0.0	0.0	0.0	0.0	0.0	0.0	0.0	0.0	0.0	0.0	0.0	0.02	0.0	0.0	0.0	0.02	0.0	0.0	0.0	0.0	0.0	0.0	0.0	0.0	0.0	0.0	0.02	0.0	0.0	0.02	0.0	0.0	0.03	0.01	0.0	0.02	0.02	0.0	0.0	0.04	0.0	0.03	0.01	0.0	0.01	0.0	0.0
Root; d__Bacteria; p__Myxococcota_A; c__Polyangia; o__Haliangiales; f__SPIREOTU_01877383; g__MOTU40_122868	0.0	0.0	0.0	0.0	0.0	0.0	0.0	0.0	0.0	0.0	0.0	0.0	0.0	0.0	0.0	0.0	0.0	0.0	0.0	0.0	0.0	0.0	0.0	0.0	0.0	0.0	0.0	0.0	0.0	0.0	0.0	0.0	0.0	0.0	0.0	0.0	0.01	0.0	0.0	0.0	0.0	0.0	0.0	0.02	0.0	0.0	0.0	0.0	0.0	0.0	0.0	0.0	0.0	0.0	0.0	0.0	0.0	0.02	0.03	0.0	0.01	0.01	0.0	0.0	0.02	0.0	0.01	0.0	0.0	0.02	0.0	0.0
Root; d__Bacteria; p__Gemmatimonadota; c__Gemmatimonadetes; o__Gemmatimonadales; f__GWC2-71-9; g__DASQPE01	0.0	0.0	0.0	0.0	0.0	0.0	0.0	0.0	0.0	0.0	0.0	0.0	0.0	0.0	0.0	0.0	0.0	0.0	0.0	0.0	0.0	0.0	0.0	0.0	0.0	0.0	0.0	0.0	0.0	0.0	0.0	0.0	0.0	0.0	0.0	0.0	0.02	0.0	0.0	0.0	0.02	0.0	0.0	0.0	0.0	0.0	0.0	0.0	0.0	0.0	0.0	0.0	0.0	0.0	0.0	0.0	0.0	0.0	0.0	0.0	0.01	0.01	0.0	0.0	0.0	0.0	0.0	0.0	0.0	0.0	0.0	0.0
Root; d__Bacteria; p__Gemmatimonadota; c__Gemmatimonadetes; o__Gemmatimonadales; f__GWC2-71-9; g__JAICUF01	0.0	0.0	0.0	0.0	0.0	0.0	0.0	0.0	0.0	0.0	0.0	0.0	0.0	0.0	0.0	0.0	0.0	0.0	0.0	0.0	0.0	0.0	0.0	0.0	0.0	0.0	0.0	0.0	0.0	0.0	0.0	0.0	0.0	0.0	0.0	0.0	0.02	0.0	0.0	0.0	0.03	0.0	0.0	0.0	0.0	0.0	0.0	0.0	0.0	0.0	0.0	0.0	0.01	0.0	0.0	0.0	0.0	0.0	0.01	0.0	0.01	0.01	0.0	0.0	0.0	0.0	0.0	0.0	0.0	0.0	0.0	0.0
Root; d__Bacteria; p__Gemmatimonadota; c__Gemmatimonadetes; o__Gemmatimonadales; f__Gemmatimonadaceae; g__FEN-1250	0.0	0.0	0.0	0.0	0.0	0.0	0.0	0.0	0.0	0.0	0.0	0.0	0.0	0.0	0.0	0.0	0.0	0.0	0.0	0.0	0.0	0.0	0.0	0.0	0.0	0.0	0.0	0.0	0.0	0.0	0.0	0.0	0.0	0.0	0.0	0.0	0.08	0.09	0.0	0.08	0.11	0.07	0.07	0.06	0.06	0.07	0.08	0.05	0.06	0.09	0.0	0.06	0.06	0.0	0.02	0.0	0.0	0.05	0.03	0.0	0.04	0.04	0.04	0.03	0.04	0.0	0.06	0.03	0.0	0.04	0.02	0.0
Root; d__Bacteria; p__Gemmatimonadota; c__Gemmatimonadetes; o__Gemmatimonadales; f__Gemmatimonadaceae; g__SPIREOTU_01959916	0.0	0.0	0.0	0.0	0.0	0.0	0.0	0.0	0.0	0.0	0.0	0.0	0.0	0.0	0.0	0.0	0.0	0.0	0.0	0.0	0.0	0.0	0.0	0.0	0.0	0.0	0.0	0.0	0.0	0.0	0.0	0.0	0.0	0.0	0.0	0.0	0.02	0.0	0.0	0.0	0.0	0.0	0.0	0.0	0.0	0.0	0.0	0.0	0.0	0.0	0.0	0.0	0.0	0.0	0.0	0.0	0.0	0.0	0.01	0.0	0.02	0.01	0.01	0.0	0.0	0.0	0.0	0.0	0.0	0.0	0.0	0.0
Root; d__Bacteria; p__Gemmatimonadota; c__Gemmatimonadetes; o__Gemmatimonadales; f__JACORV01; g__DASXPG01	0.0	0.0	0.0	0.0	0.0	0.0	0.0	0.0	0.0	0.0	0.0	0.0	0.0	0.0	0.0	0.0	0.0	0.0	0.0	0.0	0.0	0.0	0.0	0.0	0.0	0.0	0.0	0.0	0.0	0.0	0.0	0.0	0.0	0.0	0.0	0.0	0.02	0.02	0.0	0.02	0.03	0.0	0.02	0.02	0.0	0.04	0.0	0.0	0.0	0.0	0.0	0.03	0.03	0.0	0.02	0.0	0.0	0.02	0.02	0.0	0.02	0.02	0.0	0.02	0.0	0.0	0.0	0.01	0.0	0.02	0.03	0.0
Root; d__Bacteria; p__Gemmatimonadota; c__Gemmatimonadetes; o__Longimicrobiales; f__RSA9; g__DASUXU01	0.0	0.0	0.0	0.0	0.0	0.0	0.0	0.0	0.0	0.0	0.0	0.0	0.0	0.0	0.0	0.0	0.0	0.0	0.0	0.0	0.0	0.0	0.0	0.0	0.0	0.0	0.0	0.0	0.0	0.0	0.0	0.0	0.0	0.0	0.0	0.0	0.02	0.02	0.0	0.0	0.02	0.0	0.01	0.01	0.0	0.0	0.0	0.0	0.02	0.0	0.0	0.0	0.0	0.0	0.0	0.0	0.0	0.01	0.01	0.0	0.01	0.01	0.0	0.0	0.0	0.0	0.0	0.0	0.0	0.0	0.0	0.0
Root; d__Bacteria; p__Chlamydiota; c__Chlamydiia; o__Chlamydiales; f__Parachlamydiaceae; g__SPIREOTU_00547955	0.0	0.0	0.0	0.0	0.0	0.0	0.0	0.0	0.0	0.0	0.0	0.0	0.0	0.0	0.0	0.0	0.0	0.0	0.0	0.0	0.0	0.0	0.0	0.0	0.0	0.0	0.0	0.0	0.0	0.0	0.0	0.0	0.0	0.0	0.0	0.0	0.02	0.0	0.0	0.02	0.0	0.0	0.0	0.02	0.0	0.02	0.0	0.0	0.0	0.0	0.0	0.03	0.02	0.0	0.0	0.0	0.0	0.0	0.01	0.0	0.01	0.0	0.0	0.0	0.0	0.0	0.0	0.0	0.0	0.0	0.0	0.0
Root; d__Bacteria; p__Bacteroidota; c__Ignavibacteria; o__Palsa-1295; f__Palsa-1295; g__PALSA-1295	0.0	0.0	0.0	0.0	0.0	0.0	0.0	0.0	0.0	0.0	0.0	0.0	0.0	0.0	0.0	0.0	0.0	0.0	0.0	0.0	0.0	0.0	0.0	0.0	0.0	0.0	0.0	0.0	0.0	0.0	0.0	0.0	0.0	0.0	0.0	0.0	0.0	0.02	0.0	0.02	0.0	0.0	0.0	0.0	0.0	0.0	0.0	0.0	0.0	0.0	0.0	0.02	0.0	0.0	0.0	0.0	0.0	0.01	0.01	0.0	0.01	0.01	0.0	0.0	0.0	0.0	0.0	0.0	0.0	0.0	0.0	0.0
Root; d__Bacteria; p__Actinomycetota; c__Thermoleophilia; o__Gaiellales; f__JAICJC01; g__CAVPTL01	0.0	0.0	0.0	0.0	0.0	0.0	0.0	0.0	0.0	0.0	0.0	0.0	0.0	0.0	0.0	0.0	0.0	0.0	0.0	0.0	0.0	0.0	0.0	0.0	0.0	0.0	0.0	0.0	0.0	0.0	0.0	0.0	0.0	0.0	0.0	0.0	0.0	0.02	0.0	0.0	0.0	0.0	0.0	0.0	0.0	0.0	0.0	0.0	0.0	0.0	0.0	0.0	0.0	0.0	0.0	0.0	0.0	0.0	0.0	0.0	0.01	0.01	0.0	0.0	0.0	0.0	0.0	0.0	0.0	0.0	0.0	0.0
Root; d__Bacteria; p__Actinomycetota; c__Acidimicrobiia; o__IMCC26256; f__PALSA-610; g__DATBAK01	0.0	0.0	0.0	0.0	0.0	0.0	0.0	0.0	0.0	0.0	0.0	0.0	0.0	0.0	0.0	0.0	0.0	0.0	0.0	0.0	0.0	0.0	0.0	0.0	0.0	0.0	0.0	0.0	0.0	0.0	0.0	0.0	0.0	0.0	0.0	0.0	0.0	0.02	0.0	0.0	0.02	0.0	0.0	0.02	0.0	0.02	0.02	0.0	0.0	0.02	0.0	0.02	0.03	0.0	0.0	0.0	0.0	0.01	0.01	0.0	0.02	0.01	0.0	0.0	0.0	0.0	0.0	0.01	0.0	0.0	0.03	0.0
Root; d__Bacteria; p__Actinomycetota; c__Actinomycetes; o__Mycobacteriales; f__Jatrophihabitantaceae; g__DASXRA01	0.0	0.0	0.0	0.0	0.0	0.0	0.0	0.0	0.0	0.0	0.0	0.0	0.0	0.0	0.0	0.0	0.0	0.0	0.0	0.0	0.0	0.0	0.0	0.0	0.0	0.0	0.0	0.0	0.0	0.0	0.0	0.0	0.0	0.0	0.0	0.0	0.0	0.03	0.0	0.02	0.0	0.0	0.0	0.02	0.0	0.03	0.0	0.0	0.0	0.02	0.0	0.0	0.0	0.0	0.02	0.02	0.0	0.01	0.03	0.0	0.02	0.03	0.01	0.02	0.02	0.0	0.02	0.02	0.0	0.01	0.02	0.0
Root; d__Bacteria; p__Actinomycetota; c__Actinomycetes; o__Frankiales; f__Frankiaceae; g__DATAZK01	0.0	0.0	0.0	0.0	0.0	0.0	0.0	0.0	0.0	0.0	0.0	0.0	0.0	0.0	0.0	0.0	0.0	0.0	0.0	0.0	0.0	0.0	0.0	0.0	0.0	0.0	0.0	0.0	0.0	0.0	0.0	0.0	0.0	0.0	0.0	0.0	0.0	0.01	0.0	0.0	0.0	0.0	0.01	0.0	0.0	0.0	0.0	0.0	0.0	0.0	0.0	0.0	0.0	0.0	0.0	0.0	0.0	0.01	0.01	0.0	0.01	0.01	0.0	0.0	0.0	0.0	0.0	0.02	0.0	0.02	0.0	0.0
Root; d__Bacteria; p__Pseudomonadota; c__Alphaproteobacteria; o__Rhizobiales; f__Beijerinckiaceae; g__JAFASC01	0.0	0.0	0.0	0.0	0.0	0.0	0.0	0.0	0.0	0.0	0.0	0.0	0.0	0.0	0.0	0.0	0.0	0.0	0.0	0.0	0.0	0.0	0.0	0.0	0.0	0.0	0.0	0.0	0.0	0.0	0.0	0.0	0.0	0.0	0.0	0.0	0.0	0.02	0.0	0.0	0.0	0.0	0.0	0.01	0.0	0.0	0.02	0.0	0.0	0.0	0.0	0.0	0.0	0.0	0.0	0.0	0.0	0.02	0.02	0.0	0.03	0.01	0.0	0.0	0.0	0.0	0.02	0.0	0.0	0.0	0.0	0.0
Root; d__Bacteria; p__Pseudomonadota; c__Gammaproteobacteria; o__Burkholderiales; f__Burkholderiaceae_D; g__JAFCUW01	0.0	0.0	0.0	0.0	0.0	0.0	0.0	0.0	0.0	0.0	0.0	0.0	0.0	0.0	0.0	0.0	0.0	0.0	0.0	0.0	0.0	0.0	0.0	0.0	0.0	0.0	0.0	0.0	0.0	0.0	0.0	0.0	0.0	0.0	0.0	0.0	0.0	0.02	0.0	0.0	0.02	0.0	0.0	0.0	0.0	0.0	0.0	0.0	0.0	0.0	0.0	0.0	0.0	0.0	0.0	0.0	0.0	0.0	0.0	0.0	0.0	0.01	0.0	0.0	0.0	0.0	0.0	0.0	0.0	0.0	0.0	0.0
Root; d__Bacteria; p__Planctomycetota; c__Planctomycetia; o__Isosphaerales; f__Isosphaeraceae; g__JBDTIR01	0.0	0.0	0.0	0.0	0.0	0.0	0.0	0.0	0.0	0.0	0.0	0.0	0.0	0.0	0.0	0.0	0.0	0.0	0.0	0.0	0.0	0.0	0.0	0.0	0.0	0.0	0.0	0.0	0.0	0.0	0.0	0.0	0.0	0.0	0.0	0.0	0.0	0.02	0.0	0.0	0.0	0.0	0.0	0.0	0.0	0.0	0.0	0.0	0.0	0.0	0.0	0.0	0.0	0.0	0.0	0.0	0.0	0.0	0.0	0.0	0.01	0.0	0.0	0.0	0.0	0.0	0.0	0.0	0.0	0.0	0.0	0.0
Root; d__Bacteria; p__Planctomycetota; c__Planctomycetia; o__Isosphaerales; f__Isosphaeraceae; g__MOTU40_054675	0.0	0.0	0.0	0.0	0.0	0.0	0.0	0.0	0.0	0.0	0.0	0.0	0.0	0.0	0.0	0.0	0.0	0.0	0.0	0.0	0.0	0.0	0.0	0.0	0.0	0.0	0.0	0.0	0.0	0.0	0.0	0.0	0.0	0.0	0.0	0.0	0.0	0.02	0.0	0.0	0.02	0.0	0.0	0.0	0.0	0.0	0.0	0.0	0.0	0.0	0.0	0.0	0.0	0.0	0.0	0.0	0.0	0.01	0.01	0.0	0.0	0.01	0.0	0.0	0.0	0.0	0.0	0.0	0.0	0.0	0.02	0.0
Root; d__Bacteria; p__Acidobacteriota; c__Terriglobia; o__Terriglobales; f__Acidobacteriaceae; g__JAFAIN01	0.0	0.0	0.0	0.0	0.0	0.0	0.0	0.0	0.0	0.0	0.0	0.0	0.0	0.0	0.0	0.0	0.0	0.0	0.0	0.0	0.0	0.0	0.0	0.0	0.0	0.0	0.0	0.0	0.0	0.0	0.0	0.0	0.0	0.0	0.0	0.0	0.0	0.01	0.0	0.0	0.02	0.0	0.0	0.0	0.0	0.0	0.0	0.0	0.0	0.02	0.0	0.03	0.02	0.0	0.02	0.03	0.0	0.01	0.02	0.0	0.02	0.02	0.01	0.01	0.0	0.0	0.01	0.02	0.0	0.0	0.0	0.0
Root; d__Bacteria; p__Acidobacteriota; c__Terriglobia; o__Terriglobales; f__Acidobacteriaceae; g__CAVVDY01	0.0	0.0	0.0	0.0	0.0	0.0	0.0	0.0	0.0	0.0	0.0	0.0	0.0	0.0	0.0	0.0	0.0	0.0	0.0	0.0	0.0	0.0	0.0	0.0	0.0	0.0	0.0	0.0	0.0	0.0	0.0	0.0	0.0	0.0	0.0	0.0	0.0	0.02	0.0	0.0	0.0	0.0	0.02	0.03	0.0	0.0	0.02	0.0	0.02	0.02	0.0	0.02	0.0	0.0	0.0	0.0	0.0	0.01	0.01	0.0	0.0	0.01	0.0	0.0	0.01	0.0	0.0	0.0	0.0	0.0	0.01	0.0
Root; d__Bacteria; p__Acidobacteriota; c__Terriglobia; o__Terriglobales; f__Acidobacteriaceae; g__SPIREOTU_00842075	0.0	0.0	0.0	0.0	0.0	0.0	0.0	0.0	0.0	0.0	0.0	0.0	0.0	0.0	0.0	0.0	0.0	0.0	0.0	0.0	0.0	0.0	0.0	0.0	0.0	0.0	0.0	0.0	0.0	0.0	0.0	0.0	0.0	0.0	0.0	0.0	0.0	0.02	0.0	0.02	0.0	0.0	0.0	0.03	0.0	0.0	0.0	0.0	0.02	0.0	0.0	0.01	0.0	0.0	0.0	0.0	0.0	0.01	0.01	0.0	0.01	0.01	0.0	0.02	0.0	0.0	0.0	0.0	0.0	0.0	0.0	0.0
Root; d__Bacteria; p__Acidobacteriota; c__Terriglobia; o__Terriglobales; f__SPIREOTU_01958427; g__SPIREOTU_00550276	0.0	0.0	0.0	0.0	0.0	0.0	0.0	0.0	0.0	0.0	0.0	0.0	0.0	0.0	0.0	0.0	0.0	0.0	0.0	0.0	0.0	0.0	0.0	0.0	0.0	0.0	0.0	0.0	0.0	0.0	0.0	0.0	0.0	0.0	0.0	0.0	0.0	0.02	0.0	0.02	0.02	0.0	0.03	0.01	0.0	0.0	0.03	0.0	0.0	0.03	0.0	0.02	0.01	0.0	0.0	0.0	0.0	0.0	0.0	0.0	0.0	0.01	0.0	0.02	0.0	0.0	0.0	0.0	0.0	0.0	0.0	0.0
Root; d__Bacteria; p__Acidobacteriota; c__Terriglobia; o__Bryobacterales; f__Bryobacteraceae; g__Palsa-89	0.0	0.0	0.0	0.0	0.0	0.0	0.0	0.0	0.0	0.0	0.0	0.0	0.0	0.0	0.0	0.0	0.0	0.0	0.0	0.0	0.0	0.0	0.0	0.0	0.0	0.0	0.0	0.0	0.0	0.0	0.0	0.0	0.0	0.0	0.0	0.0	0.0	0.02	0.0	0.0	0.0	0.0	0.0	0.02	0.0	0.0	0.0	0.0	0.0	0.0	0.0	0.0	0.0	0.0	0.0	0.0	0.0	0.01	0.01	0.0	0.01	0.01	0.01	0.0	0.0	0.0	0.0	0.0	0.0	0.0	0.01	0.0
Root; d__Bacteria; p__Acidobacteriota; c__Thermoanaerobaculia; o__Multivoradales; f__UBA5704; g__SPIREOTU_00547965	0.0	0.0	0.0	0.0	0.0	0.0	0.0	0.0	0.0	0.0	0.0	0.0	0.0	0.0	0.0	0.0	0.0	0.0	0.0	0.0	0.0	0.0	0.0	0.0	0.0	0.0	0.0	0.0	0.0	0.0	0.0	0.0	0.0	0.0	0.0	0.0	0.0	0.02	0.0	0.0	0.0	0.0	0.0	0.0	0.0	0.0	0.0	0.0	0.0	0.0	0.0	0.0	0.0	0.0	0.0	0.0	0.0	0.0	0.0	0.0	0.01	0.01	0.0	0.01	0.0	0.0	0.0	0.0	0.0	0.0	0.0	0.0
Root; d__Bacteria; p__Acidobacteriota; c__Thermoanaerobaculia; o__Gp7-AA8; f__Gp7-AA8; g__Gp7-AA10	0.0	0.0	0.0	0.0	0.0	0.0	0.0	0.0	0.0	0.0	0.0	0.0	0.0	0.0	0.0	0.0	0.0	0.0	0.0	0.0	0.0	0.0	0.0	0.0	0.0	0.0	0.0	0.0	0.0	0.0	0.0	0.0	0.0	0.0	0.0	0.0	0.0	0.01	0.0	0.02	0.0	0.0	0.02	0.01	0.0	0.0	0.02	0.0	0.0	0.0	0.0	0.0	0.0	0.0	0.04	0.03	0.0	0.05	0.04	0.02	0.05	0.03	0.04	0.02	0.06	0.0	0.04	0.03	0.0	0.03	0.03	0.0
Root; d__Bacteria; p__Patescibacteriota; c__Minisyncoccia; o__Phycocordibacterales; f__UBA2100; g__UBA10103	0.0	0.0	0.0	0.0	0.0	0.0	0.0	0.0	0.0	0.0	0.0	0.0	0.0	0.0	0.0	0.0	0.0	0.0	0.0	0.0	0.0	0.0	0.0	0.0	0.0	0.0	0.0	0.0	0.0	0.0	0.0	0.0	0.0	0.0	0.0	0.0	0.0	0.02	0.0	0.0	0.0	0.0	0.0	0.0	0.0	0.0	0.0	0.0	0.0	0.0	0.0	0.02	0.0	0.0	0.0	0.0	0.0	0.01	0.01	0.0	0.01	0.01	0.0	0.01	0.0	0.0	0.0	0.0	0.0	0.0	0.0	0.0
Root; d__Bacteria; p__Patescibacteriota; c__Saccharimonadia; o__Saccharimonadales; f__UBA10212; g__SPIREOTU_00491684	0.0	0.0	0.0	0.0	0.0	0.0	0.0	0.0	0.0	0.0	0.0	0.0	0.0	0.0	0.0	0.0	0.0	0.0	0.0	0.0	0.0	0.0	0.0	0.0	0.0	0.0	0.0	0.0	0.0	0.0	0.0	0.0	0.0	0.0	0.0	0.0	0.0	0.02	0.0	0.0	0.01	0.0	0.0	0.0	0.0	0.0	0.0	0.0	0.0	0.0	0.0	0.0	0.0	0.0	0.0	0.0	0.0	0.0	0.0	0.0	0.0	0.0	0.0	0.0	0.0	0.0	0.0	0.0	0.0	0.0	0.0	0.0
Root; d__Bacteria; p__Patescibacteriota; c__Saccharimonadia; o__Saccharimonadales; f__UBA4665; g__JAJZCD01	0.0	0.0	0.0	0.0	0.0	0.0	0.0	0.0	0.0	0.0	0.0	0.0	0.0	0.0	0.0	0.0	0.0	0.0	0.0	0.0	0.0	0.0	0.0	0.0	0.0	0.0	0.0	0.0	0.0	0.0	0.0	0.0	0.0	0.0	0.0	0.0	0.0	0.01	0.0	0.0	0.02	0.0	0.0	0.0	0.0	0.0	0.0	0.0	0.0	0.03	0.0	0.0	0.0	0.0	0.0	0.0	0.0	0.0	0.0	0.0	0.0	0.0	0.0	0.0	0.0	0.0	0.0	0.0	0.0	0.0	0.0	0.0
Root; d__Bacteria; p__Bdellovibrionota; c__UBA1018; o__UBA1018; f__UBA1018; g__CAIYTD01	0.0	0.0	0.0	0.0	0.0	0.0	0.0	0.0	0.0	0.0	0.0	0.0	0.0	0.0	0.0	0.0	0.0	0.0	0.0	0.0	0.0	0.0	0.0	0.0	0.0	0.0	0.0	0.0	0.0	0.0	0.0	0.0	0.0	0.0	0.0	0.0	0.0	0.01	0.0	0.01	0.0	0.0	0.0	0.0	0.0	0.0	0.0	0.0	0.0	0.0	0.0	0.0	0.0	0.0	0.0	0.0	0.0	0.0	0.0	0.0	0.01	0.01	0.0	0.0	0.0	0.0	0.0	0.0	0.0	0.0	0.0	0.0
Root; d__Bacteria; p__Armatimonadota; c__SYMT01; o__SYMT01; f__SYMT01; g__CAYQDT01	0.0	0.0	0.0	0.0	0.0	0.0	0.0	0.0	0.0	0.0	0.0	0.0	0.0	0.0	0.0	0.0	0.0	0.0	0.0	0.0	0.0	0.0	0.0	0.0	0.0	0.0	0.0	0.0	0.0	0.0	0.0	0.0	0.0	0.0	0.0	0.0	0.0	0.02	0.0	0.0	0.0	0.0	0.0	0.0	0.0	0.0	0.0	0.0	0.0	0.0	0.0	0.02	0.01	0.0	0.0	0.0	0.0	0.01	0.01	0.0	0.01	0.01	0.01	0.0	0.0	0.0	0.0	0.0	0.0	0.0	0.0	0.0
Root; d__Bacteria; p__Myxococcota; c__Myxococcia; o__Myxococcales; f__Anaeromyxobacteraceae; g__Anaeromyxobacter_A	0.0	0.0	0.0	0.0	0.0	0.0	0.0	0.0	0.0	0.0	0.0	0.0	0.0	0.0	0.0	0.0	0.0	0.0	0.0	0.0	0.0	0.0	0.0	0.0	0.0	0.0	0.0	0.0	0.0	0.0	0.0	0.0	0.0	0.0	0.0	0.0	0.0	0.03	0.0	0.03	0.03	0.05	0.02	0.03	0.0	0.0	0.02	0.0	0.0	0.02	0.0	0.02	0.0	0.0	0.03	0.03	0.0	0.03	0.05	0.0	0.04	0.05	0.03	0.02	0.0	0.0	0.02	0.01	0.0	0.01	0.03	0.0
Root; d__Bacteria; p__Gemmatimonadota; c__Gemmatimonadetes; o__Gemmatimonadales; f__Gemmatimonadaceae; g__JAGWRI01	0.0	0.0	0.0	0.0	0.0	0.0	0.0	0.0	0.0	0.0	0.0	0.0	0.0	0.0	0.0	0.0	0.0	0.0	0.0	0.0	0.0	0.0	0.0	0.0	0.0	0.0	0.0	0.0	0.0	0.0	0.0	0.0	0.0	0.0	0.0	0.0	0.0	0.02	0.0	0.02	0.03	0.0	0.02	0.02	0.0	0.0	0.02	0.0	0.0	0.0	0.0	0.03	0.0	0.0	0.0	0.0	0.0	0.01	0.01	0.0	0.02	0.01	0.01	0.0	0.0	0.0	0.0	0.02	0.0	0.02	0.0	0.0
Root; d__Bacteria; p__Gemmatimonadota; c__Gemmatimonadetes; o__Gemmatimonadales; f__Gemmatimonadaceae; g__GCMETA_00780339	0.0	0.0	0.0	0.0	0.0	0.0	0.0	0.0	0.0	0.0	0.0	0.0	0.0	0.0	0.0	0.0	0.0	0.0	0.0	0.0	0.0	0.0	0.0	0.0	0.0	0.0	0.0	0.0	0.0	0.0	0.0	0.0	0.0	0.0	0.0	0.0	0.0	0.01	0.0	0.0	0.0	0.0	0.0	0.0	0.0	0.0	0.0	0.0	0.0	0.0	0.0	0.0	0.0	0.0	0.0	0.0	0.0	0.0	0.0	0.0	0.01	0.01	0.0	0.0	0.0	0.0	0.0	0.0	0.0	0.0	0.0	0.0
Root; d__Bacteria; p__Gemmatimonadota; c__Gemmatimonadetes; o__Longimicrobiales; f__RSA9; g__CBJLQC01	0.0	0.0	0.0	0.0	0.0	0.0	0.0	0.0	0.0	0.0	0.0	0.0	0.0	0.0	0.0	0.0	0.0	0.0	0.0	0.0	0.0	0.0	0.0	0.0	0.0	0.0	0.0	0.0	0.0	0.0	0.0	0.0	0.0	0.0	0.0	0.0	0.0	0.03	0.0	0.0	0.02	0.0	0.03	0.01	0.0	0.0	0.02	0.0	0.0	0.03	0.0	0.0	0.0	0.0	0.0	0.0	0.0	0.01	0.0	0.0	0.01	0.01	0.0	0.0	0.0	0.0	0.0	0.0	0.0	0.01	0.01	0.0
Root; d__Bacteria; p__Armatimonadota; c__SYMT01; o__SYMT01; f__SYMT01; g__JAWLHY01	0.0	0.0	0.0	0.0	0.0	0.0	0.0	0.0	0.0	0.0	0.0	0.0	0.0	0.0	0.0	0.0	0.0	0.0	0.0	0.0	0.0	0.0	0.0	0.0	0.0	0.0	0.0	0.0	0.0	0.0	0.0	0.0	0.0	0.0	0.0	0.0	0.0	0.0	0.0	0.02	0.0	0.0	0.0	0.0	0.0	0.0	0.02	0.0	0.0	0.0	0.0	0.0	0.0	0.0	0.0	0.0	0.0	0.0	0.01	0.0	0.01	0.01	0.0	0.0	0.02	0.0	0.0	0.0	0.0	0.0	0.01	0.0
Root; d__Bacteria; p__Pseudomonadota; c__Alphaproteobacteria; o__Sphingomonadales; f__Sphingomonadaceae; g__SPIREOTU_01922930	0.0	0.0	0.0	0.0	0.0	0.0	0.0	0.0	0.0	0.0	0.0	0.0	0.0	0.0	0.0	0.0	0.0	0.0	0.0	0.0	0.0	0.0	0.0	0.0	0.0	0.0	0.0	0.0	0.0	0.0	0.0	0.0	0.0	0.0	0.0	0.0	0.0	0.0	0.0	0.02	0.0	0.0	0.0	0.0	0.0	0.0	0.0	0.0	0.0	0.0	0.0	0.0	0.0	0.0	0.0	0.0	0.0	0.01	0.0	0.0	0.01	0.0	0.0	0.0	0.0	0.0	0.0	0.0	0.0	0.0	0.0	0.0
Root; d__Bacteria; p__Pseudomonadota; c__Alphaproteobacteria; o__Rhizobiales; f__Beijerinckiaceae; g__JAJXWB01	0.0	0.0	0.0	0.0	0.0	0.0	0.0	0.0	0.0	0.0	0.0	0.0	0.0	0.0	0.0	0.0	0.0	0.0	0.0	0.0	0.0	0.0	0.0	0.0	0.0	0.0	0.0	0.0	0.0	0.0	0.0	0.0	0.0	0.0	0.0	0.0	0.0	0.0	0.0	0.02	0.0	0.0	0.0	0.0	0.0	0.0	0.0	0.0	0.0	0.0	0.0	0.0	0.0	0.0	0.0	0.0	0.0	0.0	0.0	0.0	0.01	0.01	0.0	0.0	0.0	0.0	0.0	0.0	0.0	0.0	0.0	0.0
Root; d__Bacteria; p__Pseudomonadota; c__Alphaproteobacteria; o__Rhizobiales; f__Aestuariivirgaceae; g__DATAFF01	0.0	0.0	0.0	0.0	0.0	0.0	0.0	0.0	0.0	0.0	0.0	0.0	0.0	0.0	0.0	0.0	0.0	0.0	0.0	0.0	0.0	0.0	0.0	0.0	0.0	0.0	0.0	0.0	0.0	0.0	0.0	0.0	0.0	0.0	0.0	0.0	0.0	0.0	0.0	0.02	0.0	0.0	0.0	0.0	0.0	0.0	0.0	0.0	0.0	0.0	0.0	0.0	0.0	0.0	0.0	0.0	0.0	0.01	0.01	0.0	0.01	0.01	0.0	0.0	0.0	0.0	0.0	0.0	0.0	0.0	0.0	0.0
Root; d__Bacteria; p__Acidobacteriota; c__Terriglobia; o__Bryobacterales; f__Bryobacteraceae; g__BOG-224	0.0	0.0	0.0	0.0	0.0	0.0	0.0	0.0	0.0	0.0	0.0	0.0	0.0	0.0	0.0	0.0	0.0	0.0	0.0	0.0	0.0	0.0	0.0	0.0	0.0	0.0	0.0	0.0	0.0	0.0	0.0	0.0	0.0	0.0	0.0	0.0	0.0	0.0	0.0	0.03	0.02	0.0	0.02	0.01	0.0	0.03	0.02	0.0	0.0	0.02	0.0	0.02	0.03	0.0	0.03	0.02	0.0	0.01	0.02	0.0	0.02	0.02	0.0	0.01	0.01	0.0	0.02	0.02	0.0	0.02	0.01	0.0
Root; d__Bacteria; p__Acidobacteriota; c__Terriglobia; o__Terriglobales; f__Acidobacteriaceae; g__TOLSYN	0.0	0.0	0.0	0.0	0.0	0.0	0.0	0.0	0.0	0.0	0.0	0.0	0.0	0.0	0.0	0.0	0.0	0.0	0.0	0.0	0.0	0.0	0.0	0.0	0.0	0.0	0.0	0.0	0.0	0.0	0.0	0.0	0.0	0.0	0.0	0.0	0.0	0.0	0.0	0.02	0.02	0.0	0.0	0.02	0.0	0.0	0.02	0.0	0.0	0.0	0.0	0.02	0.02	0.0	0.0	0.01	0.0	0.01	0.01	0.0	0.01	0.01	0.0	0.0	0.0	0.0	0.0	0.02	0.0	0.0	0.0	0.0
Root; d__Bacteria; p__Acidobacteriota; c__Vicinamibacteria; o__Vicinamibacterales; f__2-12-FULL-66-21; g__CAWAZT01	0.0	0.0	0.0	0.0	0.0	0.0	0.0	0.0	0.0	0.0	0.0	0.0	0.0	0.0	0.0	0.0	0.0	0.0	0.0	0.0	0.0	0.0	0.0	0.0	0.0	0.0	0.0	0.0	0.0	0.0	0.0	0.0	0.0	0.0	0.0	0.0	0.0	0.0	0.0	0.02	0.0	0.0	0.02	0.02	0.0	0.0	0.02	0.0	0.0	0.02	0.0	0.03	0.03	0.0	0.0	0.0	0.0	0.02	0.0	0.0	0.01	0.01	0.0	0.0	0.0	0.0	0.0	0.0	0.0	0.0	0.0	0.0
Root; d__Bacteria; p__Acidobacteriota; c__Thermoanaerobaculia; o__Gp7-AA8; f__Gp7-AA8; g__DASVHS01	0.0	0.0	0.0	0.0	0.0	0.0	0.0	0.0	0.0	0.0	0.0	0.0	0.0	0.0	0.0	0.0	0.0	0.0	0.0	0.0	0.0	0.0	0.0	0.0	0.0	0.0	0.0	0.0	0.0	0.0	0.0	0.0	0.0	0.0	0.0	0.0	0.0	0.0	0.0	0.03	0.0	0.0	0.02	0.0	0.0	0.0	0.02	0.0	0.0	0.02	0.0	0.03	0.0	0.0	0.0	0.0	0.0	0.02	0.02	0.0	0.01	0.01	0.01	0.01	0.0	0.0	0.03	0.02	0.0	0.02	0.0	0.0
Root; d__Bacteria; p__Actinomycetota; c__Thermoleophilia; o__Solirubrobacterales; f__70-9; g__GEMOTU_13978	0.0	0.0	0.0	0.0	0.0	0.0	0.0	0.0	0.0	0.0	0.0	0.0	0.0	0.0	0.0	0.0	0.0	0.0	0.0	0.0	0.0	0.0	0.0	0.0	0.0	0.0	0.0	0.0	0.0	0.0	0.0	0.0	0.0	0.0	0.0	0.0	0.0	0.0	0.0	0.02	0.0	0.0	0.01	0.0	0.0	0.0	0.0	0.0	0.0	0.0	0.0	0.0	0.0	0.0	0.0	0.0	0.0	0.0	0.0	0.0	0.0	0.0	0.0	0.0	0.0	0.0	0.0	0.0	0.0	0.0	0.0	0.0
Root; d__Bacteria; p__Actinomycetota; c__Acidimicrobiia; o__IMCC26256; f__PALSA-610; g__JBBREP01	0.0	0.0	0.0	0.0	0.0	0.0	0.0	0.0	0.0	0.0	0.0	0.0	0.0	0.0	0.0	0.0	0.0	0.0	0.0	0.0	0.0	0.0	0.0	0.0	0.0	0.0	0.0	0.0	0.0	0.0	0.0	0.0	0.0	0.0	0.0	0.0	0.0	0.0	0.0	0.02	0.0	0.0	0.0	0.0	0.0	0.0	0.0	0.0	0.0	0.0	0.0	0.0	0.0	0.0	0.0	0.0	0.0	0.01	0.03	0.0	0.01	0.01	0.0	0.0	0.01	0.0	0.02	0.0	0.0	0.0	0.0	0.0
Root; d__Bacteria; p__Chloroflexota; c__Limnocylindria; o__Limnocylindrales; f__CSP1-4; g__Fen-1039	0.0	0.0	0.0	0.0	0.0	0.0	0.0	0.0	0.0	0.0	0.0	0.0	0.0	0.0	0.0	0.0	0.0	0.0	0.0	0.0	0.0	0.0	0.0	0.0	0.0	0.0	0.0	0.0	0.0	0.0	0.0	0.0	0.0	0.0	0.0	0.0	0.0	0.0	0.0	0.02	0.0	0.0	0.0	0.0	0.0	0.0	0.0	0.0	0.0	0.0	0.0	0.0	0.0	0.0	0.0	0.0	0.0	0.01	0.01	0.0	0.01	0.0	0.0	0.0	0.0	0.0	0.0	0.0	0.0	0.0	0.0	0.0
Root; d__Bacteria; p__Chloroflexota; c__Limnocylindria; o__Limnocylindrales; f__CSP1-4; g__DASTYU01	0.0	0.0	0.0	0.0	0.0	0.0	0.0	0.0	0.0	0.0	0.0	0.0	0.0	0.0	0.0	0.0	0.0	0.0	0.0	0.0	0.0	0.0	0.0	0.0	0.0	0.0	0.0	0.0	0.0	0.0	0.0	0.0	0.0	0.0	0.0	0.0	0.0	0.0	0.0	0.01	0.0	0.0	0.01	0.0	0.0	0.0	0.0	0.0	0.02	0.0	0.0	0.0	0.0	0.0	0.0	0.0	0.0	0.01	0.01	0.0	0.01	0.01	0.0	0.0	0.0	0.0	0.02	0.0	0.0	0.01	0.0	0.0
Root; d__Bacteria; p__Chloroflexota; c__Dehalococcoidia; o__UBA2979; f__UBA2979; g__RH-chloro-G1	0.0	0.0	0.0	0.0	0.0	0.0	0.0	0.0	0.0	0.0	0.0	0.0	0.0	0.0	0.0	0.0	0.0	0.0	0.0	0.0	0.0	0.0	0.0	0.0	0.0	0.0	0.0	0.0	0.0	0.0	0.0	0.0	0.0	0.0	0.0	0.0	0.0	0.0	0.0	0.02	0.02	0.0	0.0	0.01	0.0	0.0	0.02	0.0	0.0	0.02	0.0	0.0	0.0	0.0	0.02	0.0	0.0	0.01	0.01	0.0	0.01	0.01	0.01	0.0	0.0	0.0	0.0	0.0	0.0	0.0	0.0	0.0
Root; d__Bacteria; p__Verrucomicrobiota; c__Verrucomicrobiia; o__Chthoniobacterales; f__UBA10450; g__JBBRDU01	0.0	0.0	0.0	0.0	0.0	0.0	0.0	0.0	0.0	0.0	0.0	0.0	0.0	0.0	0.0	0.0	0.0	0.0	0.0	0.0	0.0	0.0	0.0	0.0	0.0	0.0	0.0	0.0	0.0	0.0	0.0	0.0	0.0	0.0	0.0	0.0	0.0	0.0	0.0	0.02	0.0	0.0	0.0	0.0	0.0	0.0	0.0	0.0	0.0	0.02	0.0	0.0	0.0	0.0	0.0	0.0	0.0	0.0	0.01	0.0	0.01	0.01	0.0	0.0	0.0	0.0	0.0	0.0	0.0	0.01	0.0	0.0
Root; d__Bacteria; p__Verrucomicrobiota; c__Verrucomicrobiia; o__Limisphaerales; f__SXQI01; g__SPIREOTU_01905812	0.0	0.0	0.0	0.0	0.0	0.0	0.0	0.0	0.0	0.0	0.0	0.0	0.0	0.0	0.0	0.0	0.0	0.0	0.0	0.0	0.0	0.0	0.0	0.0	0.0	0.0	0.0	0.0	0.0	0.0	0.0	0.0	0.0	0.0	0.0	0.0	0.0	0.0	0.0	0.02	0.0	0.0	0.0	0.0	0.0	0.0	0.0	0.0	0.0	0.0	0.0	0.0	0.0	0.0	0.0	0.0	0.0	0.0	0.01	0.0	0.01	0.0	0.0	0.02	0.02	0.0	0.01	0.02	0.0	0.0	0.0	0.0
Root; d__Bacteria; p__Planctomycetota; c__Planctomycetia; o__Planctomycetales; f__Planctomycetaceae; g__JACCRE01	0.0	0.0	0.0	0.0	0.0	0.0	0.0	0.0	0.0	0.0	0.0	0.0	0.0	0.0	0.0	0.0	0.0	0.0	0.0	0.0	0.0	0.0	0.0	0.0	0.0	0.0	0.0	0.0	0.0	0.0	0.0	0.0	0.0	0.0	0.0	0.0	0.0	0.0	0.0	0.02	0.0	0.0	0.0	0.0	0.0	0.0	0.0	0.0	0.0	0.0	0.0	0.0	0.0	0.0	0.0	0.0	0.0	0.0	0.0	0.0	0.01	0.01	0.0	0.0	0.0	0.0	0.0	0.0	0.0	0.0	0.0	0.0
Root; d__Bacteria; p__Myxococcota; c__Myxococcia; o__Myxococcales; f__Myxococcaceae; g__RPRB01	0.0	0.0	0.0	0.0	0.0	0.0	0.0	0.0	0.0	0.0	0.0	0.0	0.0	0.0	0.0	0.0	0.0	0.0	0.0	0.0	0.0	0.0	0.0	0.0	0.0	0.0	0.0	0.0	0.0	0.0	0.0	0.0	0.0	0.0	0.0	0.0	0.0	0.0	0.0	0.02	0.0	0.0	0.0	0.0	0.0	0.0	0.0	0.0	0.0	0.0	0.0	0.0	0.0	0.0	0.0	0.0	0.0	0.01	0.0	0.0	0.01	0.02	0.0	0.0	0.0	0.0	0.0	0.0	0.0	0.0	0.0	0.0
Root; d__Bacteria; p__Bacillota; c__Clostridia; o__Lutisporales; f__Lutisporaceae; g__BRH-c25	0.0	0.0	0.0	0.0	0.0	0.0	0.0	0.0	0.0	0.0	0.0	0.0	0.0	0.0	0.0	0.0	0.0	0.0	0.0	0.0	0.0	0.0	0.0	0.0	0.0	0.0	0.0	0.0	0.0	0.0	0.0	0.0	0.0	0.0	0.0	0.0	0.0	0.0	0.0	0.02	0.0	0.0	0.0	0.0	0.0	0.0	0.0	0.0	0.0	0.0	0.0	0.0	0.0	0.0	0.0	0.0	0.0	0.0	0.0	0.0	0.0	0.0	0.0	0.0	0.0	0.0	0.0	0.0	0.0	0.0	0.0	0.0
Root; d__Bacteria; p__Desulfobacterota; c__Binatia; o__UBA9968; f__UBA9968; g__SMAGOTU_04312	0.0	0.0	0.0	0.0	0.0	0.0	0.0	0.0	0.0	0.0	0.0	0.0	0.0	0.0	0.0	0.0	0.0	0.0	0.0	0.0	0.0	0.0	0.0	0.0	0.0	0.0	0.0	0.0	0.0	0.0	0.0	0.0	0.0	0.0	0.0	0.0	0.0	0.0	0.0	0.02	0.0	0.0	0.0	0.0	0.0	0.0	0.0	0.0	0.0	0.0	0.0	0.0	0.0	0.0	0.02	0.0	0.0	0.01	0.01	0.0	0.01	0.01	0.0	0.0	0.0	0.0	0.01	0.0	0.0	0.0	0.01	0.0
Root; d__Bacteria; p__Bdellovibrionota; c__Bdellovibrionia; o__Bdellovibrionales; f__UBA1609; g__JALHOQ01	0.0	0.0	0.0	0.0	0.0	0.0	0.0	0.0	0.0	0.0	0.0	0.0	0.0	0.0	0.0	0.0	0.0	0.0	0.0	0.0	0.0	0.0	0.0	0.0	0.0	0.0	0.0	0.0	0.0	0.0	0.0	0.0	0.0	0.0	0.0	0.0	0.0	0.0	0.0	0.02	0.01	0.0	0.0	0.0	0.0	0.0	0.0	0.0	0.0	0.0	0.0	0.0	0.0	0.0	0.0	0.0	0.0	0.01	0.0	0.0	0.01	0.01	0.0	0.0	0.02	0.0	0.01	0.0	0.0	0.01	0.0	0.0
Root; d__Bacteria; p__Gemmatimonadota; c__Gemmatimonadetes; o__Gemmatimonadales; f__GWC2-71-9; g__GEMOTU_14555	0.0	0.0	0.0	0.0	0.0	0.0	0.0	0.0	0.0	0.0	0.0	0.0	0.0	0.0	0.0	0.0	0.0	0.0	0.0	0.0	0.0	0.0	0.0	0.0	0.0	0.0	0.0	0.0	0.0	0.0	0.0	0.0	0.0	0.0	0.0	0.0	0.0	0.0	0.0	0.02	0.0	0.0	0.0	0.0	0.0	0.0	0.0	0.0	0.0	0.0	0.0	0.0	0.0	0.0	0.0	0.0	0.0	0.0	0.0	0.0	0.0	0.0	0.0	0.0	0.0	0.0	0.0	0.0	0.0	0.0	0.0	0.0
Root; d__Bacteria; p__Nitrospirota; c__Nitrospiria; o__Nitrospirales; f__Nitrospiraceae; g__Nitrospira_A	0.0	0.0	0.0	0.0	0.0	0.0	0.0	0.0	0.0	0.0	0.0	0.0	0.0	0.0	0.0	0.0	0.0	0.0	0.0	0.0	0.0	0.0	0.0	0.0	0.0	0.0	0.0	0.0	0.0	0.0	0.0	0.0	0.0	0.0	0.0	0.0	0.0	0.0	0.0	0.02	0.0	0.0	0.0	0.0	0.0	0.0	0.0	0.0	0.0	0.0	0.0	0.0	0.0	0.0	0.0	0.0	0.0	0.0	0.0	0.0	0.01	0.0	0.0	0.0	0.0	0.0	0.0	0.0	0.0	0.0	0.0	0.0
Root; d__Bacteria; p__Chlamydiota; c__Chlamydiia; o__Chlamydiales; f__Parachlamydiaceae; g__JANWJE01	0.0	0.0	0.0	0.0	0.0	0.0	0.0	0.0	0.0	0.0	0.0	0.0	0.0	0.0	0.0	0.0	0.0	0.0	0.0	0.0	0.0	0.0	0.0	0.0	0.0	0.0	0.0	0.0	0.0	0.0	0.0	0.0	0.0	0.0	0.0	0.0	0.0	0.0	0.0	0.03	0.02	0.0	0.0	0.0	0.0	0.0	0.0	0.0	0.0	0.02	0.0	0.05	0.03	0.0	0.0	0.0	0.0	0.01	0.01	0.0	0.01	0.01	0.0	0.0	0.0	0.0	0.0	0.0	0.0	0.0	0.0	0.0
Root; d__Bacteria; p__Acidobacteriota; c__Terriglobia; o__Terriglobales; f__Acidobacteriaceae; g__JAICWP01	0.0	0.0	0.0	0.0	0.0	0.0	0.0	0.0	0.0	0.0	0.0	0.0	0.0	0.0	0.0	0.0	0.0	0.0	0.0	0.0	0.0	0.0	0.0	0.0	0.0	0.0	0.0	0.0	0.0	0.0	0.0	0.0	0.0	0.0	0.0	0.0	0.0	0.0	0.0	0.0	0.02	0.0	0.0	0.0	0.0	0.02	0.0	0.0	0.0	0.0	0.0	0.0	0.0	0.0	0.0	0.0	0.0	0.0	0.02	0.0	0.02	0.01	0.0	0.0	0.0	0.0	0.0	0.01	0.0	0.0	0.0	0.0
Root; d__Bacteria; p__Acidobacteriota; c__Terriglobia; o__Terriglobales; f__Acidobacteriaceae; g__JAVUPY01	0.0	0.0	0.0	0.0	0.0	0.0	0.0	0.0	0.0	0.0	0.0	0.0	0.0	0.0	0.0	0.0	0.0	0.0	0.0	0.0	0.0	0.0	0.0	0.0	0.0	0.0	0.0	0.0	0.0	0.0	0.0	0.0	0.0	0.0	0.0	0.0	0.0	0.0	0.0	0.0	0.02	0.0	0.0	0.02	0.0	0.0	0.0	0.0	0.0	0.0	0.0	0.0	0.0	0.0	0.0	0.0	0.0	0.0	0.0	0.0	0.0	0.0	0.0	0.0	0.0	0.0	0.0	0.0	0.0	0.0	0.0	0.0
Root; d__Bacteria; p__Acidobacteriota; c__Terriglobia; o__Terriglobales; f__Acidobacteriaceae; g__JAIQFF01	0.0	0.0	0.0	0.0	0.0	0.0	0.0	0.0	0.0	0.0	0.0	0.0	0.0	0.0	0.0	0.0	0.0	0.0	0.0	0.0	0.0	0.0	0.0	0.0	0.0	0.0	0.0	0.0	0.0	0.0	0.0	0.0	0.0	0.0	0.0	0.0	0.0	0.0	0.0	0.0	0.02	0.0	0.01	0.01	0.0	0.0	0.0	0.0	0.0	0.0	0.0	0.0	0.0	0.0	0.02	0.0	0.0	0.01	0.01	0.0	0.01	0.01	0.0	0.0	0.0	0.0	0.0	0.02	0.0	0.0	0.02	0.0
Root; d__Bacteria; p__Acidobacteriota; c__Terriglobia; o__Terriglobales; f__Acidobacteriaceae; g__CAWBXL01	0.0	0.0	0.0	0.0	0.0	0.0	0.0	0.0	0.0	0.0	0.0	0.0	0.0	0.0	0.0	0.0	0.0	0.0	0.0	0.0	0.0	0.0	0.0	0.0	0.0	0.0	0.0	0.0	0.0	0.0	0.0	0.0	0.0	0.0	0.0	0.0	0.0	0.0	0.0	0.0	0.02	0.0	0.0	0.01	0.0	0.0	0.0	0.0	0.04	0.0	0.0	0.02	0.0	0.0	0.0	0.0	0.0	0.0	0.0	0.0	0.0	0.0	0.0	0.0	0.0	0.0	0.0	0.0	0.0	0.0	0.0	0.0
Root; d__Bacteria; p__Acidobacteriota; c__Terriglobia; o__Bryobacterales; f__Bryobacteraceae; g__DASQZT01	0.0	0.0	0.0	0.0	0.0	0.0	0.0	0.0	0.0	0.0	0.0	0.0	0.0	0.0	0.0	0.0	0.0	0.0	0.0	0.0	0.0	0.0	0.0	0.0	0.0	0.0	0.0	0.0	0.0	0.0	0.0	0.0	0.0	0.0	0.0	0.0	0.0	0.0	0.0	0.0	0.02	0.0	0.0	0.02	0.0	0.0	0.0	0.0	0.0	0.0	0.0	0.0	0.0	0.0	0.0	0.0	0.0	0.01	0.0	0.0	0.01	0.01	0.0	0.0	0.0	0.0	0.01	0.0	0.0	0.0	0.01	0.0
Root; d__Bacteria; p__Acidobacteriota; c__Terriglobia; o__Bryobacterales; f__Bryobacteraceae; g__Bog-375	0.0	0.0	0.0	0.0	0.0	0.0	0.0	0.0	0.0	0.0	0.0	0.0	0.0	0.0	0.0	0.0	0.0	0.0	0.0	0.0	0.0	0.0	0.0	0.0	0.0	0.0	0.0	0.0	0.0	0.0	0.0	0.0	0.0	0.0	0.0	0.0	0.0	0.0	0.0	0.0	0.01	0.0	0.02	0.0	0.0	0.0	0.0	0.0	0.0	0.0	0.0	0.0	0.0	0.0	0.0	0.0	0.0	0.0	0.0	0.0	0.0	0.0	0.0	0.0	0.0	0.0	0.0	0.0	0.0	0.0	0.0	0.0
Root; d__Bacteria; p__Acidobacteriota; c__Terriglobia; o__Bryobacterales; f__Bryobacteraceae; g__JAMCRM01	0.0	0.0	0.0	0.0	0.0	0.0	0.0	0.0	0.0	0.0	0.0	0.0	0.0	0.0	0.0	0.0	0.0	0.0	0.0	0.0	0.0	0.0	0.0	0.0	0.0	0.0	0.0	0.0	0.0	0.0	0.0	0.0	0.0	0.0	0.0	0.0	0.0	0.0	0.0	0.0	0.02	0.0	0.0	0.0	0.0	0.0	0.0	0.0	0.0	0.0	0.0	0.0	0.0	0.0	0.0	0.0	0.0	0.0	0.0	0.0	0.0	0.0	0.0	0.0	0.0	0.0	0.0	0.0	0.0	0.01	0.0	0.0
Root; d__Bacteria; p__Chloroflexota; c__Limnocylindria; o__Limnocylindrales; f__CSP1-4; g__CAVZTA01	0.0	0.0	0.0	0.0	0.0	0.0	0.0	0.0	0.0	0.0	0.0	0.0	0.0	0.0	0.0	0.0	0.0	0.0	0.0	0.0	0.0	0.0	0.0	0.0	0.0	0.0	0.0	0.0	0.0	0.0	0.0	0.0	0.0	0.0	0.0	0.0	0.0	0.0	0.0	0.0	0.01	0.0	0.0	0.0	0.0	0.0	0.0	0.0	0.0	0.0	0.0	0.0	0.0	0.0	0.0	0.0	0.0	0.02	0.02	0.02	0.03	0.02	0.01	0.0	0.04	0.0	0.02	0.0	0.0	0.01	0.0	0.0
Root; d__Bacteria; p__Chloroflexota; c__UBA6077; o__UBA6077; f__SHYK01; g__DASRDP01	0.0	0.0	0.0	0.0	0.0	0.0	0.0	0.0	0.0	0.0	0.0	0.0	0.0	0.0	0.0	0.0	0.0	0.0	0.0	0.0	0.0	0.0	0.0	0.0	0.0	0.0	0.0	0.0	0.0	0.0	0.0	0.0	0.0	0.0	0.0	0.0	0.0	0.0	0.0	0.0	0.01	0.0	0.0	0.03	0.0	0.0	0.0	0.0	0.0	0.0	0.0	0.0	0.02	0.0	0.02	0.0	0.0	0.01	0.02	0.0	0.01	0.01	0.01	0.0	0.02	0.0	0.0	0.0	0.0	0.03	0.02	0.0
Root; d__Bacteria; p__Pseudomonadota; c__Alphaproteobacteria; o__ATCC43930; f__CGMCC-115725; g__DASWRT01	0.0	0.0	0.0	0.0	0.0	0.0	0.0	0.0	0.0	0.0	0.0	0.0	0.0	0.0	0.0	0.0	0.0	0.0	0.0	0.0	0.0	0.0	0.0	0.0	0.0	0.0	0.0	0.0	0.0	0.0	0.0	0.0	0.0	0.0	0.0	0.0	0.0	0.0	0.0	0.0	0.02	0.0	0.0	0.0	0.0	0.0	0.0	0.0	0.0	0.0	0.0	0.0	0.0	0.0	0.0	0.02	0.0	0.02	0.02	0.0	0.02	0.02	0.0	0.0	0.02	0.0	0.02	0.01	0.0	0.02	0.01	0.0
Root; d__Bacteria; p__Pseudomonadota; c__Alphaproteobacteria; o__ATCC43930; f__CGMCC-115725; g__CAIKMD01	0.0	0.0	0.0	0.0	0.0	0.0	0.0	0.0	0.0	0.0	0.0	0.0	0.0	0.0	0.0	0.0	0.0	0.0	0.0	0.0	0.0	0.0	0.0	0.0	0.0	0.0	0.0	0.0	0.0	0.0	0.0	0.0	0.0	0.0	0.0	0.0	0.0	0.0	0.0	0.0	0.02	0.0	0.0	0.0	0.0	0.0	0.0	0.0	0.0	0.0	0.0	0.0	0.0	0.0	0.0	0.0	0.0	0.01	0.0	0.0	0.0	0.0	0.0	0.0	0.0	0.0	0.0	0.0	0.0	0.0	0.0	0.0
Root; d__Bacteria; p__Pseudomonadota; c__Alphaproteobacteria; o__Reyranellales; f__Reyranellaceae; g__JAFAZJ01	0.0	0.0	0.0	0.0	0.0	0.0	0.0	0.0	0.0	0.0	0.0	0.0	0.0	0.0	0.0	0.0	0.0	0.0	0.0	0.0	0.0	0.0	0.0	0.0	0.0	0.0	0.0	0.0	0.0	0.0	0.0	0.0	0.0	0.0	0.0	0.0	0.0	0.0	0.0	0.0	0.02	0.0	0.0	0.0	0.0	0.0	0.02	0.0	0.02	0.0	0.0	0.0	0.03	0.0	0.0	0.02	0.0	0.01	0.01	0.0	0.02	0.01	0.02	0.0	0.0	0.0	0.02	0.02	0.0	0.0	0.01	0.0
Root; d__Bacteria; p__Planctomycetota; c__Planctomycetia; o__Isosphaerales; f__Isosphaeraceae; g__JAYUFP01	0.0	0.0	0.0	0.0	0.0	0.0	0.0	0.0	0.0	0.0	0.0	0.0	0.0	0.0	0.0	0.0	0.0	0.0	0.0	0.0	0.0	0.0	0.0	0.0	0.0	0.0	0.0	0.0	0.0	0.0	0.0	0.0	0.0	0.0	0.0	0.0	0.0	0.0	0.0	0.0	0.02	0.0	0.0	0.0	0.0	0.0	0.0	0.0	0.0	0.0	0.0	0.0	0.0	0.0	0.0	0.0	0.0	0.0	0.0	0.0	0.0	0.01	0.0	0.0	0.0	0.0	0.0	0.0	0.0	0.0	0.0	0.0
Root; d__Bacteria; p__Planctomycetota; c__Planctomycetia; o__Gemmatales; f__Gemmataceae; g__JAXMAZ01	0.0	0.0	0.0	0.0	0.0	0.0	0.0	0.0	0.0	0.0	0.0	0.0	0.0	0.0	0.0	0.0	0.0	0.0	0.0	0.0	0.0	0.0	0.0	0.0	0.0	0.0	0.0	0.0	0.0	0.0	0.0	0.0	0.0	0.0	0.0	0.0	0.0	0.0	0.0	0.0	0.01	0.0	0.0	0.0	0.0	0.0	0.0	0.0	0.0	0.0	0.0	0.0	0.0	0.0	0.0	0.0	0.0	0.01	0.01	0.0	0.0	0.01	0.0	0.0	0.0	0.0	0.0	0.0	0.0	0.0	0.0	0.0
Root; d__Bacteria; p__Actinomycetota; c__Thermoleophilia; o__Solirubrobacterales; f__Solirubrobacteraceae; g__Siliceabacter	0.0	0.0	0.0	0.0	0.0	0.0	0.0	0.0	0.0	0.0	0.0	0.0	0.0	0.0	0.0	0.0	0.0	0.0	0.0	0.0	0.0	0.0	0.0	0.0	0.0	0.0	0.0	0.0	0.0	0.0	0.0	0.0	0.0	0.0	0.0	0.0	0.0	0.0	0.0	0.0	0.02	0.0	0.01	0.0	0.0	0.0	0.0	0.0	0.0	0.0	0.0	0.02	0.02	0.0	0.02	0.0	0.0	0.01	0.01	0.0	0.01	0.02	0.02	0.0	0.0	0.0	0.02	0.0	0.0	0.01	0.02	0.0
Root; d__Bacteria; p__Actinomycetota; c__Thermoleophilia; o__Gaiellales; f__JAICJC01; g__DASUHT01	0.0	0.0	0.0	0.0	0.0	0.0	0.0	0.0	0.0	0.0	0.0	0.0	0.0	0.0	0.0	0.0	0.0	0.0	0.0	0.0	0.0	0.0	0.0	0.0	0.0	0.0	0.0	0.0	0.0	0.0	0.0	0.0	0.0	0.0	0.0	0.0	0.0	0.0	0.0	0.0	0.03	0.0	0.03	0.0	0.0	0.0	0.0	0.0	0.0	0.0	0.0	0.0	0.0	0.0	0.02	0.0	0.0	0.01	0.01	0.0	0.01	0.01	0.0	0.0	0.0	0.0	0.0	0.01	0.0	0.02	0.0	0.0
Root; d__Bacteria; p__Actinomycetota; c__Acidimicrobiia; o__IMCC26256; f__PALSA-610; g__JBBQER01	0.0	0.0	0.0	0.0	0.0	0.0	0.0	0.0	0.0	0.0	0.0	0.0	0.0	0.0	0.0	0.0	0.0	0.0	0.0	0.0	0.0	0.0	0.0	0.0	0.0	0.0	0.0	0.0	0.0	0.0	0.0	0.0	0.0	0.0	0.0	0.0	0.0	0.0	0.0	0.0	0.02	0.0	0.0	0.0	0.0	0.0	0.0	0.0	0.0	0.0	0.0	0.0	0.0	0.0	0.0	0.0	0.0	0.02	0.02	0.0	0.01	0.03	0.0	0.0	0.02	0.0	0.02	0.04	0.0	0.02	0.03	0.0
Root; d__Bacteria; p__Actinomycetota; c__UBA4738; o__UBA4738; f__HRBIN12; g__DATAEU01	0.0	0.0	0.0	0.0	0.0	0.0	0.0	0.0	0.0	0.0	0.0	0.0	0.0	0.0	0.0	0.0	0.0	0.0	0.0	0.0	0.0	0.0	0.0	0.0	0.0	0.0	0.0	0.0	0.0	0.0	0.0	0.0	0.0	0.0	0.0	0.0	0.0	0.0	0.0	0.0	0.02	0.0	0.0	0.0	0.0	0.0	0.0	0.0	0.0	0.0	0.0	0.02	0.0	0.0	0.0	0.02	0.0	0.02	0.03	0.0	0.03	0.02	0.0	0.03	0.0	0.0	0.0	0.01	0.0	0.02	0.02	0.0
Root; d__Bacteria; p__Gemmatimonadota; c__Gemmatimonadetes; o__Gemmatimonadales; f__GWC2-71-9; g__JADJOM01	0.0	0.0	0.0	0.0	0.0	0.0	0.0	0.0	0.0	0.0	0.0	0.0	0.0	0.0	0.0	0.0	0.0	0.0	0.0	0.0	0.0	0.0	0.0	0.0	0.0	0.0	0.0	0.0	0.0	0.0	0.0	0.0	0.0	0.0	0.0	0.0	0.0	0.0	0.0	0.0	0.01	0.0	0.02	0.0	0.0	0.0	0.0	0.0	0.02	0.02	0.0	0.0	0.0	0.0	0.0	0.0	0.0	0.01	0.0	0.0	0.01	0.0	0.0	0.0	0.0	0.0	0.0	0.0	0.0	0.0	0.0	0.0
Root; d__Bacteria; p__Actinomycetota; c__Actinomycetes; o__JACCUZ01; f__JACCUZ01; g__DATBDW01	0.0	0.0	0.0	0.0	0.0	0.0	0.0	0.0	0.0	0.0	0.0	0.0	0.0	0.0	0.0	0.0	0.0	0.0	0.0	0.0	0.0	0.0	0.0	0.0	0.0	0.0	0.0	0.0	0.0	0.0	0.0	0.0	0.0	0.0	0.0	0.0	0.0	0.0	0.0	0.0	0.0	0.0	0.02	0.0	0.0	0.0	0.0	0.0	0.0	0.0	0.0	0.0	0.0	0.0	0.0	0.0	0.0	0.0	0.01	0.0	0.0	0.0	0.0	0.0	0.0	0.0	0.0	0.0	0.0	0.0	0.0	0.0
Root; d__Bacteria; p__Actinomycetota; c__Acidimicrobiia; o__IMCC26256; f__PALSA-555; g__PALSA-555	0.0	0.0	0.0	0.0	0.0	0.0	0.0	0.0	0.0	0.0	0.0	0.0	0.0	0.0	0.0	0.0	0.0	0.0	0.0	0.0	0.0	0.0	0.0	0.0	0.0	0.0	0.0	0.0	0.0	0.0	0.0	0.0	0.0	0.0	0.0	0.0	0.0	0.0	0.0	0.0	0.0	0.0	0.01	0.0	0.0	0.0	0.02	0.0	0.02	0.0	0.0	0.0	0.0	0.0	0.0	0.0	0.0	0.0	0.01	0.0	0.01	0.01	0.0	0.0	0.0	0.0	0.0	0.0	0.0	0.0	0.0	0.0
Root; d__Bacteria; p__Actinomycetota; c__UBA4738; o__UBA4738; f__HRBIN12; g__JANXVR01	0.0	0.0	0.0	0.0	0.0	0.0	0.0	0.0	0.0	0.0	0.0	0.0	0.0	0.0	0.0	0.0	0.0	0.0	0.0	0.0	0.0	0.0	0.0	0.0	0.0	0.0	0.0	0.0	0.0	0.0	0.0	0.0	0.0	0.0	0.0	0.0	0.0	0.0	0.0	0.0	0.0	0.0	0.01	0.02	0.0	0.0	0.0	0.0	0.0	0.0	0.0	0.0	0.0	0.0	0.0	0.0	0.0	0.01	0.0	0.0	0.0	0.01	0.0	0.0	0.0	0.0	0.0	0.0	0.0	0.0	0.0	0.0
Root; d__Bacteria; p__Chloroflexota; c__Chloroflexia; o__Thermomicrobiales; f__Thermomicrobiaceae; g__CALAGB01	0.0	0.0	0.0	0.0	0.0	0.0	0.0	0.0	0.0	0.0	0.0	0.0	0.0	0.0	0.0	0.0	0.0	0.0	0.0	0.0	0.0	0.0	0.0	0.0	0.0	0.0	0.0	0.0	0.0	0.0	0.0	0.0	0.0	0.0	0.0	0.0	0.0	0.0	0.0	0.0	0.0	0.0	0.02	0.0	0.0	0.0	0.0	0.0	0.0	0.0	0.0	0.0	0.0	0.0	0.0	0.0	0.0	0.0	0.0	0.0	0.0	0.0	0.0	0.0	0.0	0.0	0.0	0.0	0.0	0.0	0.0	0.0
Root; d__Bacteria; p__Chloroflexota; c__Chloroflexia; o__Chloroheliales; f__Chloroheliaceae; g__54-19	0.0	0.0	0.0	0.0	0.0	0.0	0.0	0.0	0.0	0.0	0.0	0.0	0.0	0.0	0.0	0.0	0.0	0.0	0.0	0.0	0.0	0.0	0.0	0.0	0.0	0.0	0.0	0.0	0.0	0.0	0.0	0.0	0.0	0.0	0.0	0.0	0.0	0.0	0.0	0.0	0.0	0.0	0.01	0.0	0.0	0.0	0.0	0.0	0.0	0.0	0.0	0.02	0.0	0.0	0.0	0.02	0.0	0.01	0.01	0.0	0.02	0.01	0.02	0.0	0.0	0.0	0.0	0.0	0.0	0.0	0.0	0.0
Root; d__Bacteria; p__Acidobacteriota; c__Vicinamibacteria; o__Vicinamibacterales; f__JAENWD01; g__CAVUPP01	0.0	0.0	0.0	0.0	0.0	0.0	0.0	0.0	0.0	0.0	0.0	0.0	0.0	0.0	0.0	0.0	0.0	0.0	0.0	0.0	0.0	0.0	0.0	0.0	0.0	0.0	0.0	0.0	0.0	0.0	0.0	0.0	0.0	0.0	0.0	0.0	0.0	0.0	0.0	0.0	0.0	0.0	0.02	0.0	0.0	0.0	0.0	0.0	0.0	0.0	0.0	0.0	0.0	0.0	0.0	0.0	0.0	0.0	0.0	0.0	0.0	0.0	0.0	0.0	0.0	0.0	0.0	0.0	0.0	0.0	0.0	0.0
Root; d__Bacteria; p__Acidobacteriota; c__Vicinamibacteria; o__Vicinamibacterales; f__UBA2999; g__MOTU40_122901	0.0	0.0	0.0	0.0	0.0	0.0	0.0	0.0	0.0	0.0	0.0	0.0	0.0	0.0	0.0	0.0	0.0	0.0	0.0	0.0	0.0	0.0	0.0	0.0	0.0	0.0	0.0	0.0	0.0	0.0	0.0	0.0	0.0	0.0	0.0	0.0	0.0	0.0	0.0	0.0	0.0	0.0	0.01	0.0	0.0	0.0	0.0	0.0	0.0	0.0	0.0	0.0	0.0	0.0	0.0	0.02	0.0	0.0	0.0	0.0	0.01	0.01	0.0	0.0	0.0	0.0	0.0	0.0	0.0	0.0	0.0	0.0
Root; d__Bacteria; p__Acidobacteriota; c__Terriglobia; o__Bryobacterales; f__Bryobacteraceae; g__SPIREOTU_00488428	0.0	0.0	0.0	0.0	0.0	0.0	0.0	0.0	0.0	0.0	0.0	0.0	0.0	0.0	0.0	0.0	0.0	0.0	0.0	0.0	0.0	0.0	0.0	0.0	0.0	0.0	0.0	0.0	0.0	0.0	0.0	0.0	0.0	0.0	0.0	0.0	0.0	0.0	0.0	0.0	0.0	0.0	0.01	0.0	0.0	0.0	0.0	0.0	0.02	0.0	0.0	0.0	0.0	0.0	0.0	0.0	0.0	0.0	0.01	0.0	0.01	0.01	0.02	0.0	0.0	0.0	0.0	0.0	0.0	0.0	0.0	0.0
Root; d__Bacteria; p__Acidobacteriota; c__Blastocatellia; o__Pyrinomonadales; f__Pyrinomonadaceae; g__DASQYE01	0.0	0.0	0.0	0.0	0.0	0.0	0.0	0.0	0.0	0.0	0.0	0.0	0.0	0.0	0.0	0.0	0.0	0.0	0.0	0.0	0.0	0.0	0.0	0.0	0.0	0.0	0.0	0.0	0.0	0.0	0.0	0.0	0.0	0.0	0.0	0.0	0.0	0.0	0.0	0.0	0.0	0.0	0.01	0.02	0.0	0.02	0.02	0.0	0.02	0.02	0.0	0.0	0.0	0.0	0.0	0.02	0.0	0.02	0.01	0.0	0.02	0.01	0.0	0.08	0.08	0.04	0.0	0.01	0.0	0.01	0.01	0.0
Root; d__Bacteria; p__Planctomycetota; c__Planctomycetia; o__Isosphaerales; f__Isosphaeraceae; g__JBKOZB01	0.0	0.0	0.0	0.0	0.0	0.0	0.0	0.0	0.0	0.0	0.0	0.0	0.0	0.0	0.0	0.0	0.0	0.0	0.0	0.0	0.0	0.0	0.0	0.0	0.0	0.0	0.0	0.0	0.0	0.0	0.0	0.0	0.0	0.0	0.0	0.0	0.0	0.0	0.0	0.0	0.0	0.0	0.01	0.0	0.0	0.0	0.0	0.0	0.0	0.0	0.0	0.0	0.0	0.0	0.0	0.0	0.0	0.01	0.0	0.0	0.01	0.02	0.0	0.0	0.01	0.0	0.0	0.01	0.0	0.0	0.0	0.0
Root; d__Bacteria; p__Bacillota; c__Clostridia; o__Lutisporales; f__MOTU40_072132; g__MOTU40_072132	0.0	0.0	0.0	0.0	0.0	0.0	0.0	0.0	0.0	0.0	0.0	0.0	0.0	0.0	0.0	0.0	0.0	0.0	0.0	0.0	0.0	0.0	0.0	0.0	0.0	0.0	0.0	0.0	0.0	0.0	0.0	0.0	0.0	0.0	0.0	0.0	0.0	0.0	0.0	0.0	0.0	0.0	0.02	0.0	0.0	0.0	0.0	0.0	0.0	0.0	0.0	0.0	0.0	0.0	0.0	0.0	0.0	0.0	0.0	0.0	0.0	0.0	0.0	0.0	0.0	0.0	0.0	0.0	0.0	0.0	0.0	0.0
Root; d__Bacteria; p__Pseudomonadota; c__Alphaproteobacteria; o__Rhizobiales; f__Rhizobiaceae; g__JAWRCU01	0.0	0.0	0.0	0.0	0.0	0.0	0.0	0.0	0.0	0.0	0.0	0.0	0.0	0.0	0.0	0.0	0.0	0.0	0.0	0.0	0.0	0.0	0.0	0.0	0.0	0.0	0.0	0.0	0.0	0.0	0.0	0.0	0.0	0.0	0.0	0.0	0.0	0.0	0.0	0.0	0.0	0.0	0.01	0.0	0.0	0.0	0.0	0.0	0.0	0.0	0.0	0.0	0.0	0.0	0.0	0.0	0.0	0.0	0.0	0.0	0.0	0.0	0.0	0.0	0.0	0.0	0.0	0.0	0.0	0.0	0.0	0.0
Root; d__Bacteria; p__Pseudomonadota; c__Alphaproteobacteria; o__Rhizobiales; f__Rhizobiaceae; g__JBEVJK01	0.0	0.0	0.0	0.0	0.0	0.0	0.0	0.0	0.0	0.0	0.0	0.0	0.0	0.0	0.0	0.0	0.0	0.0	0.0	0.0	0.0	0.0	0.0	0.0	0.0	0.0	0.0	0.0	0.0	0.0	0.0	0.0	0.0	0.0	0.0	0.0	0.0	0.0	0.0	0.0	0.0	0.0	0.01	0.0	0.0	0.0	0.0	0.0	0.0	0.0	0.0	0.0	0.0	0.0	0.0	0.0	0.0	0.0	0.0	0.0	0.0	0.0	0.0	0.0	0.0	0.0	0.0	0.0	0.0	0.0	0.0	0.0
Root; d__Bacteria; p__Pseudomonadota; c__Gammaproteobacteria; o__Burkholderiales; f__SG8-41; g__DSOT01	0.0	0.0	0.0	0.0	0.0	0.0	0.0	0.0	0.0	0.0	0.0	0.0	0.0	0.0	0.0	0.0	0.0	0.0	0.0	0.0	0.0	0.0	0.0	0.0	0.0	0.0	0.0	0.0	0.0	0.0	0.0	0.0	0.0	0.0	0.0	0.0	0.0	0.0	0.0	0.0	0.0	0.0	0.01	0.0	0.0	0.0	0.02	0.0	0.0	0.0	0.0	0.0	0.02	0.0	0.0	0.0	0.0	0.0	0.0	0.0	0.0	0.0	0.0	0.0	0.0	0.0	0.0	0.0	0.0	0.0	0.0	0.0
Root; d__Bacteria; p__Babelota; c__Babeliae; o__Babelales; f__Babelaceae; g__PRDV01	0.0	0.0	0.0	0.0	0.0	0.0	0.0	0.0	0.0	0.0	0.0	0.0	0.0	0.0	0.0	0.0	0.0	0.0	0.0	0.0	0.0	0.0	0.0	0.0	0.0	0.0	0.0	0.0	0.0	0.0	0.0	0.0	0.0	0.0	0.0	0.0	0.0	0.0	0.0	0.0	0.0	0.0	0.01	0.0	0.0	0.0	0.0	0.0	0.0	0.0	0.0	0.0	0.0	0.0	0.0	0.0	0.0	0.0	0.01	0.0	0.0	0.0	0.0	0.0	0.0	0.0	0.0	0.0	0.0	0.0	0.0	0.0
Root; d__Bacteria; p__Actinomycetota; c__Thermoleophilia; o__Solirubrobacterales; f__Solirubrobacteraceae; g__JAOPZQ01	0.0	0.0	0.0	0.0	0.0	0.0	0.0	0.0	0.0	0.0	0.0	0.0	0.0	0.0	0.0	0.0	0.0	0.0	0.0	0.0	0.0	0.0	0.0	0.0	0.0	0.0	0.0	0.0	0.0	0.0	0.0	0.0	0.0	0.0	0.0	0.0	0.0	0.0	0.0	0.0	0.0	0.0	0.0	0.01	0.0	0.0	0.0	0.0	0.0	0.0	0.0	0.0	0.0	0.0	0.02	0.02	0.0	0.0	0.01	0.0	0.01	0.01	0.0	0.0	0.0	0.0	0.0	0.01	0.0	0.0	0.0	0.0
Root; d__Bacteria; p__Actinomycetota; c__Thermoleophilia; o__Solirubrobacterales; f__Solirubrobacteraceae; g__GCMETA_00779366	0.0	0.0	0.0	0.0	0.0	0.0	0.0	0.0	0.0	0.0	0.0	0.0	0.0	0.0	0.0	0.0	0.0	0.0	0.0	0.0	0.0	0.0	0.0	0.0	0.0	0.0	0.0	0.0	0.0	0.0	0.0	0.0	0.0	0.0	0.0	0.0	0.0	0.0	0.0	0.0	0.0	0.0	0.0	0.02	0.0	0.0	0.0	0.0	0.0	0.0	0.0	0.0	0.0	0.0	0.0	0.0	0.0	0.0	0.02	0.0	0.01	0.01	0.0	0.0	0.0	0.0	0.0	0.0	0.0	0.0	0.01	0.0
Root; d__Bacteria; p__Actinomycetota; c__Actinomycetes; o__Mycobacteriales; f__Pseudonocardiaceae; g__Kibdelosporangium	0.0	0.0	0.0	0.0	0.0	0.0	0.0	0.0	0.0	0.0	0.0	0.0	0.0	0.0	0.0	0.0	0.0	0.0	0.0	0.0	0.0	0.0	0.0	0.0	0.0	0.0	0.0	0.0	0.0	0.0	0.0	0.0	0.0	0.0	0.0	0.0	0.0	0.0	0.0	0.0	0.0	0.0	0.0	0.01	0.0	0.0	0.0	0.0	0.02	0.0	0.0	0.0	0.0	0.0	0.0	0.0	0.0	0.01	0.02	0.0	0.01	0.01	0.0	0.02	0.0	0.0	0.0	0.0	0.0	0.0	0.0	0.0
Root; d__Bacteria; p__Planctomycetota; c__Planctomycetia; o__Pirellulales; f__JADZDJ01; g__JADZDJ01	0.0	0.0	0.0	0.0	0.0	0.0	0.0	0.0	0.0	0.0	0.0	0.0	0.0	0.0	0.0	0.0	0.0	0.0	0.0	0.0	0.0	0.0	0.0	0.0	0.0	0.0	0.0	0.0	0.0	0.0	0.0	0.0	0.0	0.0	0.0	0.0	0.0	0.0	0.0	0.0	0.0	0.0	0.0	0.02	0.0	0.0	0.0	0.0	0.0	0.0	0.0	0.0	0.0	0.0	0.0	0.0	0.0	0.0	0.0	0.0	0.0	0.01	0.0	0.0	0.0	0.0	0.0	0.0	0.0	0.0	0.0	0.0
Root; d__Bacteria; p__Planctomycetota; c__Planctomycetia; o__Isosphaerales; f__Isosphaeraceae; g__CAWGMM01	0.0	0.0	0.0	0.0	0.0	0.0	0.0	0.0	0.0	0.0	0.0	0.0	0.0	0.0	0.0	0.0	0.0	0.0	0.0	0.0	0.0	0.0	0.0	0.0	0.0	0.0	0.0	0.0	0.0	0.0	0.0	0.0	0.0	0.0	0.0	0.0	0.0	0.0	0.0	0.0	0.0	0.0	0.0	0.02	0.0	0.0	0.0	0.0	0.0	0.0	0.0	0.0	0.0	0.0	0.0	0.0	0.0	0.01	0.0	0.0	0.01	0.01	0.0	0.0	0.0	0.0	0.0	0.0	0.0	0.0	0.0	0.0
Root; d__Bacteria; p__Chloroflexota; c__Dehalococcoidia; o__UBA2979; f__UBA2979; g__JAIBBD01	0.0	0.0	0.0	0.0	0.0	0.0	0.0	0.0	0.0	0.0	0.0	0.0	0.0	0.0	0.0	0.0	0.0	0.0	0.0	0.0	0.0	0.0	0.0	0.0	0.0	0.0	0.0	0.0	0.0	0.0	0.0	0.0	0.0	0.0	0.0	0.0	0.0	0.0	0.0	0.0	0.0	0.0	0.0	0.02	0.0	0.0	0.0	0.0	0.0	0.0	0.0	0.0	0.0	0.0	0.0	0.0	0.0	0.01	0.01	0.0	0.01	0.0	0.0	0.0	0.0	0.0	0.0	0.0	0.0	0.0	0.0	0.0
Root; d__Bacteria; p__Acidobacteriota; c__Terriglobia; o__Bryobacterales; f__Bryobacteraceae; g__JAIQFL01	0.0	0.0	0.0	0.0	0.0	0.0	0.0	0.0	0.0	0.0	0.0	0.0	0.0	0.0	0.0	0.0	0.0	0.0	0.0	0.0	0.0	0.0	0.0	0.0	0.0	0.0	0.0	0.0	0.0	0.0	0.0	0.0	0.0	0.0	0.0	0.0	0.0	0.0	0.0	0.0	0.0	0.0	0.0	0.01	0.0	0.02	0.0	0.0	0.0	0.0	0.0	0.0	0.0	0.0	0.0	0.0	0.0	0.01	0.01	0.0	0.01	0.01	0.0	0.0	0.02	0.0	0.02	0.0	0.0	0.0	0.0	0.0
Root; d__Bacteria; p__Acidobacteriota; c__Terriglobia; o__Bryobacterales; f__Bryobacteraceae; g__SPIREOTU_01308640	0.0	0.0	0.0	0.0	0.0	0.0	0.0	0.0	0.0	0.0	0.0	0.0	0.0	0.0	0.0	0.0	0.0	0.0	0.0	0.0	0.0	0.0	0.0	0.0	0.0	0.0	0.0	0.0	0.0	0.0	0.0	0.0	0.0	0.0	0.0	0.0	0.0	0.0	0.0	0.0	0.0	0.0	0.0	0.01	0.0	0.0	0.0	0.0	0.0	0.0	0.0	0.01	0.0	0.0	0.02	0.0	0.0	0.01	0.01	0.0	0.01	0.0	0.0	0.02	0.0	0.0	0.01	0.01	0.0	0.01	0.0	0.0
Root; d__Bacteria; p__Acidobacteriota; c__Blastocatellia; o__Pyrinomonadales; f__Pyrinomonadaceae; g__SPIREOTU_01922503	0.0	0.0	0.0	0.0	0.0	0.0	0.0	0.0	0.0	0.0	0.0	0.0	0.0	0.0	0.0	0.0	0.0	0.0	0.0	0.0	0.0	0.0	0.0	0.0	0.0	0.0	0.0	0.0	0.0	0.0	0.0	0.0	0.0	0.0	0.0	0.0	0.0	0.0	0.0	0.0	0.0	0.0	0.0	0.02	0.0	0.0	0.0	0.0	0.0	0.0	0.0	0.0	0.0	0.0	0.0	0.0	0.0	0.0	0.0	0.0	0.0	0.01	0.0	0.0	0.0	0.0	0.0	0.0	0.0	0.0	0.0	0.0
Root; d__Bacteria; p__Acidobacteriota; c__Blastocatellia; o__Pyrinomonadales; f__Pyrinomonadaceae; g__SPIREOTU_01308391	0.0	0.0	0.0	0.0	0.0	0.0	0.0	0.0	0.0	0.0	0.0	0.0	0.0	0.0	0.0	0.0	0.0	0.0	0.0	0.0	0.0	0.0	0.0	0.0	0.0	0.0	0.0	0.0	0.0	0.0	0.0	0.0	0.0	0.0	0.0	0.0	0.0	0.0	0.0	0.0	0.0	0.0	0.0	0.02	0.0	0.0	0.0	0.0	0.0	0.0	0.0	0.0	0.0	0.0	0.0	0.0	0.0	0.0	0.01	0.0	0.0	0.0	0.0	0.0	0.0	0.0	0.0	0.0	0.0	0.0	0.0	0.0
Root; d__Bacteria; p__Myxococcota_A; c__Polyangia; o__Palsa-1104; f__Palsa-1104; g__SMAGOTU_02747	0.0	0.0	0.0	0.0	0.0	0.0	0.0	0.0	0.0	0.0	0.0	0.0	0.0	0.0	0.0	0.0	0.0	0.0	0.0	0.0	0.0	0.0	0.0	0.0	0.0	0.0	0.0	0.0	0.0	0.0	0.0	0.0	0.0	0.0	0.0	0.0	0.0	0.0	0.0	0.0	0.0	0.0	0.0	0.01	0.0	0.0	0.0	0.0	0.0	0.0	0.0	0.0	0.0	0.0	0.0	0.0	0.0	0.01	0.0	0.0	0.01	0.01	0.0	0.0	0.0	0.0	0.0	0.0	0.0	0.0	0.0	0.0
Root; d__Bacteria; p__Pseudomonadota; c__Alphaproteobacteria; o__Rhizobiales; f__Beijerinckiaceae; g__Roseiarcus	0.0	0.0	0.0	0.0	0.0	0.0	0.0	0.0	0.0	0.0	0.0	0.0	0.0	0.0	0.0	0.0	0.0	0.0	0.0	0.0	0.0	0.0	0.0	0.0	0.0	0.0	0.0	0.0	0.0	0.0	0.0	0.0	0.0	0.0	0.0	0.0	0.0	0.0	0.0	0.0	0.0	0.0	0.0	0.02	0.0	0.0	0.0	0.0	0.0	0.0	0.0	0.0	0.0	0.0	0.0	0.0	0.0	0.01	0.01	0.02	0.02	0.01	0.02	0.01	0.0	0.0	0.02	0.01	0.0	0.0	0.02	0.0
Root; d__Bacteria; p__Babelota; c__Babeliae; o__Babelales; f__Babelaceae; g__JACDHA01	0.0	0.0	0.0	0.0	0.0	0.0	0.0	0.0	0.0	0.0	0.0	0.0	0.0	0.0	0.0	0.0	0.0	0.0	0.0	0.0	0.0	0.0	0.0	0.0	0.0	0.0	0.0	0.0	0.0	0.0	0.0	0.0	0.0	0.0	0.0	0.0	0.0	0.0	0.0	0.0	0.0	0.0	0.0	0.02	0.0	0.02	0.02	0.0	0.0	0.02	0.0	0.02	0.0	0.0	0.0	0.02	0.0	0.01	0.0	0.0	0.01	0.0	0.0	0.0	0.0	0.0	0.0	0.0	0.0	0.0	0.0	0.0
Root; d__Bacteria; p__Acidobacteriota; c__Blastocatellia; o__Pyrinomonadales; f__Pyrinomonadaceae; g__JAIVGV01	0.0	0.0	0.0	0.0	0.0	0.0	0.0	0.0	0.0	0.0	0.0	0.0	0.0	0.0	0.0	0.0	0.0	0.0	0.0	0.0	0.0	0.0	0.0	0.0	0.0	0.0	0.0	0.0	0.0	0.0	0.0	0.0	0.0	0.0	0.0	0.0	0.0	0.0	0.0	0.0	0.0	0.0	0.0	0.0	0.0	0.02	0.0	0.0	0.0	0.0	0.0	0.0	0.0	0.0	0.03	0.0	0.0	0.02	0.01	0.0	0.02	0.01	0.0	0.0	0.02	0.0	0.0	0.0	0.0	0.01	0.0	0.0
Root; d__Bacteria; p__Acidobacteriota; c__Thermoanaerobaculia; o__Multivoradales; f__UBA5704; g__DASQPA01	0.0	0.0	0.0	0.0	0.0	0.0	0.0	0.0	0.0	0.0	0.0	0.0	0.0	0.0	0.0	0.0	0.0	0.0	0.0	0.0	0.0	0.0	0.0	0.0	0.0	0.0	0.0	0.0	0.0	0.0	0.0	0.0	0.0	0.0	0.0	0.0	0.0	0.0	0.0	0.0	0.0	0.0	0.0	0.0	0.0	0.02	0.0	0.0	0.0	0.02	0.0	0.0	0.0	0.0	0.0	0.0	0.0	0.01	0.0	0.0	0.01	0.0	0.0	0.02	0.0	0.0	0.02	0.0	0.04	0.02	0.0	0.0
Root; d__Bacteria; p__Pseudomonadota; c__Alphaproteobacteria; o__ATCC43930; f__CGMCC-115725; g__DAHUYF01	0.0	0.0	0.0	0.0	0.0	0.0	0.0	0.0	0.0	0.0	0.0	0.0	0.0	0.0	0.0	0.0	0.0	0.0	0.0	0.0	0.0	0.0	0.0	0.0	0.0	0.0	0.0	0.0	0.0	0.0	0.0	0.0	0.0	0.0	0.0	0.0	0.0	0.0	0.0	0.0	0.0	0.0	0.0	0.0	0.0	0.02	0.02	0.0	0.0	0.0	0.0	0.0	0.0	0.0	0.0	0.0	0.0	0.01	0.01	0.0	0.01	0.01	0.0	0.0	0.0	0.0	0.0	0.0	0.0	0.0	0.0	0.0
Root; d__Bacteria; p__Gemmatimonadota; c__Gemmatimonadetes; o__Gemmatimonadales; f__Gemmatimonadaceae; g__Pseudogemmatithrix	0.0	0.0	0.0	0.0	0.0	0.0	0.0	0.0	0.0	0.0	0.0	0.0	0.0	0.0	0.0	0.0	0.0	0.0	0.0	0.0	0.0	0.0	0.0	0.0	0.0	0.0	0.0	0.0	0.0	0.0	0.0	0.0	0.0	0.0	0.0	0.0	0.0	0.0	0.0	0.0	0.0	0.0	0.0	0.0	0.0	0.02	0.0	0.0	0.02	0.0	0.0	0.0	0.0	0.0	0.0	0.0	0.0	0.02	0.02	0.0	0.01	0.01	0.0	0.0	0.02	0.0	0.0	0.0	0.0	0.02	0.0	0.0
Root; d__Bacteria; p__Actinomycetota; c__Acidimicrobiia; o__IMCC26256; f__PALSA-555; g__SHVJ01	0.0	0.0	0.0	0.0	0.0	0.0	0.0	0.0	0.0	0.0	0.0	0.0	0.0	0.0	0.0	0.0	0.0	0.0	0.0	0.0	0.0	0.0	0.0	0.0	0.0	0.0	0.0	0.0	0.0	0.0	0.0	0.0	0.0	0.0	0.0	0.0	0.0	0.0	0.0	0.0	0.0	0.0	0.0	0.0	0.0	0.0	0.02	0.0	0.0	0.0	0.0	0.0	0.0	0.0	0.0	0.0	0.0	0.0	0.0	0.0	0.01	0.0	0.0	0.0	0.0	0.0	0.0	0.0	0.0	0.0	0.0	0.0
Root; d__Bacteria; p__Planctomycetota; c__Planctomycetia; o__Isosphaerales; f__Isosphaeraceae; g__Tautonia	0.0	0.0	0.0	0.0	0.0	0.0	0.0	0.0	0.0	0.0	0.0	0.0	0.0	0.0	0.0	0.0	0.0	0.0	0.0	0.0	0.0	0.0	0.0	0.0	0.0	0.0	0.0	0.0	0.0	0.0	0.0	0.0	0.0	0.0	0.0	0.0	0.0	0.0	0.0	0.0	0.0	0.0	0.0	0.0	0.0	0.0	0.02	0.0	0.0	0.0	0.0	0.0	0.0	0.0	0.0	0.0	0.0	0.01	0.01	0.0	0.01	0.01	0.0	0.0	0.0	0.0	0.0	0.0	0.0	0.0	0.0	0.0
Root; d__Bacteria; p__Pseudomonadota; c__Alphaproteobacteria; o__Sphingomonadales; f__Sphingomonadaceae; g__Solisphingomonas	0.0	0.0	0.0	0.0	0.0	0.0	0.0	0.0	0.0	0.0	0.0	0.0	0.0	0.0	0.0	0.0	0.0	0.0	0.0	0.0	0.0	0.0	0.0	0.0	0.0	0.0	0.0	0.0	0.0	0.0	0.0	0.0	0.0	0.0	0.0	0.0	0.0	0.0	0.0	0.0	0.0	0.0	0.0	0.0	0.0	0.0	0.02	0.0	0.0	0.0	0.0	0.0	0.0	0.0	0.0	0.0	0.0	0.0	0.01	0.0	0.01	0.01	0.0	0.0	0.0	0.0	0.0	0.0	0.0	0.0	0.0	0.0
Root; d__Bacteria; p__Pseudomonadota; c__Alphaproteobacteria; o__Rhizobiales; f__Beijerinckiaceae; g__Enterovirga	0.0	0.0	0.0	0.0	0.0	0.0	0.0	0.0	0.0	0.0	0.0	0.0	0.0	0.0	0.0	0.0	0.0	0.0	0.0	0.0	0.0	0.0	0.0	0.0	0.0	0.0	0.0	0.0	0.0	0.0	0.0	0.0	0.0	0.0	0.0	0.0	0.0	0.0	0.0	0.0	0.0	0.0	0.0	0.0	0.0	0.0	0.02	0.0	0.0	0.0	0.0	0.0	0.02	0.0	0.0	0.0	0.0	0.02	0.03	0.0	0.02	0.01	0.01	0.0	0.02	0.0	0.01	0.01	0.0	0.0	0.02	0.0
Root; d__Bacteria; p__Acidobacteriota; c__Vicinamibacteria; o__Vicinamibacterales; f__CAVVIG01; g__CAWIMX01	0.0	0.0	0.0	0.0	0.0	0.0	0.0	0.0	0.0	0.0	0.0	0.0	0.0	0.0	0.0	0.0	0.0	0.0	0.0	0.0	0.0	0.0	0.0	0.0	0.0	0.0	0.0	0.0	0.0	0.0	0.0	0.0	0.0	0.0	0.0	0.0	0.0	0.0	0.0	0.0	0.0	0.0	0.0	0.0	0.0	0.0	0.03	0.0	0.0	0.0	0.0	0.0	0.0	0.0	0.0	0.0	0.0	0.0	0.0	0.0	0.01	0.01	0.0	0.0	0.0	0.0	0.0	0.0	0.0	0.0	0.0	0.0
Root; d__Bacteria; p__Bacillota; c__Bacilli; o__Bacillales_A; f__Planococcaceae; g__Chungangia	0.0	0.0	0.0	0.0	0.0	0.0	0.0	0.0	0.0	0.0	0.0	0.0	0.0	0.0	0.0	0.0	0.0	0.0	0.0	0.0	0.0	0.0	0.0	0.0	0.0	0.0	0.0	0.0	0.0	0.0	0.0	0.0	0.0	0.0	0.0	0.0	0.0	0.0	0.0	0.0	0.0	0.0	0.0	0.0	0.0	0.0	0.02	0.0	0.0	0.0	0.0	0.0	0.0	0.0	0.0	0.0	0.0	0.0	0.0	0.0	0.0	0.0	0.0	0.0	0.0	0.0	0.0	0.0	0.0	0.0	0.0	0.0
Root; d__Archaea; p__Thermoplasmatota; c__E2; o__JACPAO01; f__JAHFTW01; g__JAHFTW01	0.0	0.0	0.0	0.0	0.0	0.0	0.0	0.0	0.0	0.0	0.0	0.0	0.0	0.0	0.0	0.0	0.0	0.0	0.0	0.0	0.0	0.0	0.0	0.0	0.0	0.0	0.0	0.0	0.0	0.0	0.0	0.0	0.0	0.0	0.0	0.0	0.0	0.0	0.0	0.0	0.0	0.0	0.0	0.0	0.0	0.0	0.0	0.0	0.03	0.0	0.0	0.0	0.0	0.0	0.0	0.0	0.0	0.01	0.02	0.0	0.01	0.01	0.0	0.02	0.03	0.0	0.03	0.04	0.04	0.03	0.05	0.06
Root; d__Bacteria; p__Pseudomonadota; c__Alphaproteobacteria; o__Rhizobiales; f__Xanthobacteraceae; g__SG-bin9	0.0	0.0	0.0	0.0	0.0	0.0	0.0	0.0	0.0	0.0	0.0	0.0	0.0	0.0	0.0	0.0	0.0	0.0	0.0	0.0	0.0	0.0	0.0	0.0	0.0	0.0	0.0	0.0	0.0	0.0	0.0	0.0	0.0	0.0	0.0	0.0	0.0	0.0	0.0	0.0	0.0	0.0	0.0	0.0	0.0	0.0	0.0	0.0	0.02	0.0	0.0	0.0	0.0	0.0	0.0	0.0	0.0	0.0	0.0	0.0	0.01	0.01	0.0	0.0	0.0	0.0	0.0	0.0	0.0	0.0	0.0	0.0
Root; d__Bacteria; p__Actinomycetota; c__Actinomycetes; o__Streptomycetales; f__Streptomycetaceae; g__Streptantibioticus_C	0.0	0.0	0.0	0.0	0.0	0.0	0.0	0.0	0.0	0.0	0.0	0.0	0.0	0.0	0.0	0.0	0.0	0.0	0.0	0.0	0.0	0.0	0.0	0.0	0.0	0.0	0.0	0.0	0.0	0.0	0.0	0.0	0.0	0.0	0.0	0.0	0.0	0.0	0.0	0.0	0.0	0.0	0.0	0.0	0.0	0.0	0.0	0.0	0.02	0.0	0.0	0.0	0.02	0.0	0.0	0.0	0.0	0.0	0.0	0.0	0.01	0.0	0.0	0.0	0.0	0.0	0.0	0.0	0.0	0.0	0.01	0.0
Root; d__Bacteria; p__Acidobacteriota; c__Terriglobia; o__Bryobacterales; f__Bryobacteraceae; g__QHXW01	0.0	0.0	0.0	0.0	0.0	0.0	0.0	0.0	0.0	0.0	0.0	0.0	0.0	0.0	0.0	0.0	0.0	0.0	0.0	0.0	0.0	0.0	0.0	0.0	0.0	0.0	0.0	0.0	0.0	0.0	0.0	0.0	0.0	0.0	0.0	0.0	0.0	0.0	0.0	0.0	0.0	0.0	0.0	0.0	0.0	0.0	0.0	0.0	0.02	0.0	0.0	0.0	0.0	0.0	0.0	0.0	0.0	0.01	0.01	0.0	0.01	0.01	0.01	0.02	0.02	0.0	0.02	0.0	0.0	0.0	0.0	0.0
Root; d__Bacteria; p__Acidobacteriota; c__Terriglobia; o__Acidiferrales; f__UBA7541; g__Acidiferrum	0.0	0.0	0.0	0.0	0.0	0.0	0.0	0.0	0.0	0.0	0.0	0.0	0.0	0.0	0.0	0.0	0.0	0.0	0.0	0.0	0.0	0.0	0.0	0.0	0.0	0.0	0.0	0.0	0.0	0.0	0.0	0.0	0.0	0.0	0.0	0.0	0.0	0.0	0.0	0.0	0.0	0.0	0.0	0.0	0.0	0.0	0.0	0.0	0.02	0.0	0.0	0.0	0.0	0.0	0.03	0.02	0.0	0.04	0.04	0.0	0.03	0.02	0.02	0.04	0.04	0.0	0.03	0.03	0.0	0.04	0.03	0.0
Root; d__Bacteria; p__Actinomycetota; c__Thermoleophilia; o__Gaiellales; f__Gaiellaceae; g__SPIREOTU_02369671	0.0	0.0	0.0	0.0	0.0	0.0	0.0	0.0	0.0	0.0	0.0	0.0	0.0	0.0	0.0	0.0	0.0	0.0	0.0	0.0	0.0	0.0	0.0	0.0	0.0	0.0	0.0	0.0	0.0	0.0	0.0	0.0	0.0	0.0	0.0	0.0	0.0	0.0	0.0	0.0	0.0	0.0	0.0	0.0	0.0	0.0	0.0	0.0	0.0	0.02	0.0	0.0	0.0	0.0	0.0	0.0	0.0	0.0	0.0	0.0	0.01	0.01	0.0	0.0	0.0	0.0	0.0	0.0	0.0	0.0	0.0	0.0
Root; d__Bacteria; p__Actinomycetota; c__Thermoleophilia; o__Miltoncostaeales; f__Miltoncostaeaceae; g__JAWVEW01	0.0	0.0	0.0	0.0	0.0	0.0	0.0	0.0	0.0	0.0	0.0	0.0	0.0	0.0	0.0	0.0	0.0	0.0	0.0	0.0	0.0	0.0	0.0	0.0	0.0	0.0	0.0	0.0	0.0	0.0	0.0	0.0	0.0	0.0	0.0	0.0	0.0	0.0	0.0	0.0	0.0	0.0	0.0	0.0	0.0	0.0	0.0	0.0	0.0	0.02	0.0	0.0	0.0	0.0	0.0	0.0	0.0	0.02	0.0	0.0	0.01	0.01	0.0	0.03	0.0	0.0	0.01	0.0	0.0	0.0	0.01	0.0
Root; d__Bacteria; p__Planctomycetota; c__Planctomycetia; o__Isosphaerales; f__Isosphaeraceae; g__GEMOTU_16221	0.0	0.0	0.0	0.0	0.0	0.0	0.0	0.0	0.0	0.0	0.0	0.0	0.0	0.0	0.0	0.0	0.0	0.0	0.0	0.0	0.0	0.0	0.0	0.0	0.0	0.0	0.0	0.0	0.0	0.0	0.0	0.0	0.0	0.0	0.0	0.0	0.0	0.0	0.0	0.0	0.0	0.0	0.0	0.0	0.0	0.0	0.0	0.0	0.0	0.02	0.0	0.0	0.0	0.0	0.0	0.0	0.0	0.0	0.0	0.0	0.01	0.01	0.0	0.01	0.0	0.0	0.0	0.01	0.0	0.0	0.0	0.0
Root; d__Bacteria; p__Chloroflexota; c__Dehalococcoidia; o__Tepidiformales; f__Tepidiformaceae; g__Amarobacter	0.0	0.0	0.0	0.0	0.0	0.0	0.0	0.0	0.0	0.0	0.0	0.0	0.0	0.0	0.0	0.0	0.0	0.0	0.0	0.0	0.0	0.0	0.0	0.0	0.0	0.0	0.0	0.0	0.0	0.0	0.0	0.0	0.0	0.0	0.0	0.0	0.0	0.0	0.0	0.0	0.0	0.0	0.0	0.0	0.0	0.0	0.0	0.0	0.0	0.02	0.0	0.0	0.0	0.0	0.0	0.0	0.0	0.01	0.01	0.0	0.0	0.01	0.0	0.0	0.0	0.0	0.0	0.0	0.0	0.0	0.0	0.0
Root; d__Bacteria; p__Actinomycetota; c__Acidimicrobiia; o__Acidimicrobiales; f__JAFATL01; g__JAFATL01	0.0	0.0	0.0	0.0	0.0	0.0	0.0	0.0	0.0	0.0	0.0	0.0	0.0	0.0	0.0	0.0	0.0	0.0	0.0	0.0	0.0	0.0	0.0	0.0	0.0	0.0	0.0	0.0	0.0	0.0	0.0	0.0	0.0	0.0	0.0	0.0	0.0	0.0	0.0	0.0	0.0	0.0	0.0	0.0	0.0	0.0	0.0	0.0	0.0	0.0	0.0	0.02	0.02	0.0	0.0	0.0	0.0	0.0	0.01	0.0	0.0	0.01	0.0	0.0	0.0	0.0	0.0	0.0	0.0	0.0	0.0	0.0
Root; d__Bacteria; p__Pseudomonadota; c__Gammaproteobacteria; o__Natronospirales; f__REEB76; g__DASUBN01	0.0	0.0	0.0	0.0	0.0	0.0	0.0	0.0	0.0	0.0	0.0	0.0	0.0	0.0	0.0	0.0	0.0	0.0	0.0	0.0	0.0	0.0	0.0	0.0	0.0	0.0	0.0	0.0	0.0	0.0	0.0	0.0	0.0	0.0	0.0	0.0	0.0	0.0	0.0	0.0	0.0	0.0	0.0	0.0	0.0	0.0	0.0	0.0	0.0	0.0	0.0	0.01	0.02	0.0	0.0	0.0	0.0	0.0	0.0	0.0	0.0	0.0	0.0	0.0	0.0	0.0	0.0	0.0	0.0	0.0	0.0	0.0
Root; d__Bacteria; p__Planctomycetota; c__Planctomycetia; o__Planctomycetales; f__Planctomycetaceae; g__GCMETA_00542687	0.0	0.0	0.0	0.0	0.0	0.0	0.0	0.0	0.0	0.0	0.0	0.0	0.0	0.0	0.0	0.0	0.0	0.0	0.0	0.0	0.0	0.0	0.0	0.0	0.0	0.0	0.0	0.0	0.0	0.0	0.0	0.0	0.0	0.0	0.0	0.0	0.0	0.0	0.0	0.0	0.0	0.0	0.0	0.0	0.0	0.0	0.0	0.0	0.0	0.0	0.0	0.01	0.0	0.0	0.0	0.0	0.0	0.0	0.0	0.0	0.0	0.01	0.0	0.0	0.0	0.0	0.0	0.0	0.0	0.0	0.0	0.0
Root; d__Bacteria; p__Acidobacteriota; c__Terriglobia; o__Terriglobales; f__Acidobacteriaceae; g__SPIREOTU_00094848	0.0	0.0	0.0	0.0	0.0	0.0	0.0	0.0	0.0	0.0	0.0	0.0	0.0	0.0	0.0	0.0	0.0	0.0	0.0	0.0	0.0	0.0	0.0	0.0	0.0	0.0	0.0	0.0	0.0	0.0	0.0	0.0	0.0	0.0	0.0	0.0	0.0	0.0	0.0	0.0	0.0	0.0	0.0	0.0	0.0	0.0	0.0	0.0	0.0	0.0	0.0	0.02	0.0	0.0	0.0	0.0	0.0	0.0	0.01	0.0	0.0	0.0	0.0	0.0	0.0	0.0	0.0	0.0	0.0	0.0	0.0	0.0
Root; d__Bacteria; p__Acidobacteriota; c__Vicinamibacteria; o__Vicinamibacterales; f__CAVVIG01; g__SPIREOTU_01600612	0.0	0.0	0.0	0.0	0.0	0.0	0.0	0.0	0.0	0.0	0.0	0.0	0.0	0.0	0.0	0.0	0.0	0.0	0.0	0.0	0.0	0.0	0.0	0.0	0.0	0.0	0.0	0.0	0.0	0.0	0.0	0.0	0.0	0.0	0.0	0.0	0.0	0.0	0.0	0.0	0.0	0.0	0.0	0.0	0.0	0.0	0.0	0.0	0.0	0.0	0.0	0.02	0.0	0.0	0.0	0.0	0.0	0.01	0.01	0.0	0.02	0.01	0.01	0.0	0.02	0.0	0.0	0.0	0.0	0.01	0.01	0.0
Root; d__Bacteria; p__Acidobacteriota; c__Vicinamibacteria; o__Vicinamibacterales; f__CAVVIG01; g__JAHFUJ01	0.0	0.0	0.0	0.0	0.0	0.0	0.0	0.0	0.0	0.0	0.0	0.0	0.0	0.0	0.0	0.0	0.0	0.0	0.0	0.0	0.0	0.0	0.0	0.0	0.0	0.0	0.0	0.0	0.0	0.0	0.0	0.0	0.0	0.0	0.0	0.0	0.0	0.0	0.0	0.0	0.0	0.0	0.0	0.0	0.0	0.0	0.0	0.0	0.0	0.0	0.0	0.0	0.02	0.0	0.0	0.0	0.0	0.01	0.0	0.0	0.01	0.0	0.0	0.0	0.0	0.0	0.0	0.0	0.0	0.0	0.0	0.0
Root; d__Bacteria; p__Acidobacteriota; c__Vicinamibacteria; o__Vicinamibacterales; f__CAVVIG01; g__JBDTVS01	0.0	0.0	0.0	0.0	0.0	0.0	0.0	0.0	0.0	0.0	0.0	0.0	0.0	0.0	0.0	0.0	0.0	0.0	0.0	0.0	0.0	0.0	0.0	0.0	0.0	0.0	0.0	0.0	0.0	0.0	0.0	0.0	0.0	0.0	0.0	0.0	0.0	0.0	0.0	0.0	0.0	0.0	0.0	0.0	0.0	0.0	0.0	0.0	0.0	0.0	0.0	0.0	0.02	0.0	0.0	0.0	0.0	0.02	0.02	0.0	0.01	0.02	0.0	0.0	0.0	0.0	0.01	0.0	0.0	0.0	0.0	0.0
Root; d__Bacteria; p__Actinomycetota; c__Thermoleophilia; o__Solirubrobacterales; f__Thermoleophilaceae; g__GCMETA_01097462	0.0	0.0	0.0	0.0	0.0	0.0	0.0	0.0	0.0	0.0	0.0	0.0	0.0	0.0	0.0	0.0	0.0	0.0	0.0	0.0	0.0	0.0	0.0	0.0	0.0	0.0	0.0	0.0	0.0	0.0	0.0	0.0	0.0	0.0	0.0	0.0	0.0	0.0	0.0	0.0	0.0	0.0	0.0	0.0	0.0	0.0	0.0	0.0	0.0	0.0	0.0	0.0	0.02	0.0	0.0	0.0	0.0	0.01	0.02	0.0	0.0	0.01	0.0	0.0	0.0	0.0	0.0	0.0	0.0	0.01	0.0	0.0
Root; d__Bacteria; p__Pseudomonadota; c__Alphaproteobacteria; o__Acetobacterales; f__Acetobacteraceae; g__JAFKFI01	0.0	0.0	0.0	0.0	0.0	0.0	0.0	0.0	0.0	0.0	0.0	0.0	0.0	0.0	0.0	0.0	0.0	0.0	0.0	0.0	0.0	0.0	0.0	0.0	0.0	0.0	0.0	0.0	0.0	0.0	0.0	0.0	0.0	0.0	0.0	0.0	0.0	0.0	0.0	0.0	0.0	0.0	0.0	0.0	0.0	0.0	0.0	0.0	0.0	0.0	0.0	0.0	0.01	0.0	0.0	0.0	0.0	0.0	0.0	0.0	0.01	0.01	0.0	0.0	0.0	0.0	0.0	0.0	0.0	0.0	0.0	0.0
Root; d__Bacteria; p__Chloroflexota; c__Limnocylindria; o__Limnocylindrales; f__CSP1-4; g__JAKAHU01	0.0	0.0	0.0	0.0	0.0	0.0	0.0	0.0	0.0	0.0	0.0	0.0	0.0	0.0	0.0	0.0	0.0	0.0	0.0	0.0	0.0	0.0	0.0	0.0	0.0	0.0	0.0	0.0	0.0	0.0	0.0	0.0	0.0	0.0	0.0	0.0	0.0	0.0	0.0	0.0	0.0	0.0	0.0	0.0	0.0	0.0	0.0	0.0	0.0	0.0	0.0	0.0	0.02	0.0	0.0	0.0	0.0	0.0	0.01	0.0	0.01	0.01	0.0	0.0	0.0	0.0	0.0	0.0	0.0	0.01	0.0	0.0
Root; d__Bacteria; p__Planctomycetota; c__Phycisphaerae; o__Tepidisphaerales; f__Tepidisphaeraceae; g__JBBSDP01	0.0	0.0	0.0	0.0	0.0	0.0	0.0	0.0	0.0	0.0	0.0	0.0	0.0	0.0	0.0	0.0	0.0	0.0	0.0	0.0	0.0	0.0	0.0	0.0	0.0	0.0	0.0	0.0	0.0	0.0	0.0	0.0	0.0	0.0	0.0	0.0	0.0	0.0	0.0	0.0	0.0	0.0	0.0	0.0	0.0	0.0	0.0	0.0	0.0	0.0	0.0	0.0	0.03	0.0	0.0	0.0	0.0	0.01	0.01	0.02	0.02	0.01	0.0	0.0	0.0	0.0	0.0	0.0	0.0	0.01	0.02	0.0
Root; d__Bacteria; p__Planctomycetota; c__Planctomycetia; o__Gemmatales; f__Gemmataceae; g__CAVVPN01	0.0	0.0	0.0	0.0	0.0	0.0	0.0	0.0	0.0	0.0	0.0	0.0	0.0	0.0	0.0	0.0	0.0	0.0	0.0	0.0	0.0	0.0	0.0	0.0	0.0	0.0	0.0	0.0	0.0	0.0	0.0	0.0	0.0	0.0	0.0	0.0	0.0	0.0	0.0	0.0	0.0	0.0	0.0	0.0	0.0	0.0	0.0	0.0	0.0	0.0	0.0	0.0	0.02	0.0	0.0	0.0	0.0	0.01	0.01	0.0	0.01	0.01	0.0	0.0	0.0	0.0	0.0	0.0	0.0	0.0	0.0	0.0
Root; d__Bacteria; p__Actinomycetota; c__Thermoleophilia; o__Solirubrobacterales; f__Thermoleophilaceae; g__SPIREOTU_01780573	0.0	0.0	0.0	0.0	0.0	0.0	0.0	0.0	0.0	0.0	0.0	0.0	0.0	0.0	0.0	0.0	0.0	0.0	0.0	0.0	0.0	0.0	0.0	0.0	0.0	0.0	0.0	0.0	0.0	0.0	0.0	0.0	0.0	0.0	0.0	0.0	0.0	0.0	0.0	0.0	0.0	0.0	0.0	0.0	0.0	0.0	0.0	0.0	0.0	0.0	0.0	0.0	0.0	0.0	0.02	0.0	0.0	0.0	0.01	0.0	0.01	0.01	0.0	0.0	0.0	0.0	0.0	0.0	0.0	0.0	0.0	0.0
Root; d__Bacteria; p__Actinomycetota; c__Actinomycetes; o__Actinomycetales; f__Angustibacteraceae; g__DATFPQ01	0.0	0.0	0.0	0.0	0.0	0.0	0.0	0.0	0.0	0.0	0.0	0.0	0.0	0.0	0.0	0.0	0.0	0.0	0.0	0.0	0.0	0.0	0.0	0.0	0.0	0.0	0.0	0.0	0.0	0.0	0.0	0.0	0.0	0.0	0.0	0.0	0.0	0.0	0.0	0.0	0.0	0.0	0.0	0.0	0.0	0.0	0.0	0.0	0.0	0.0	0.0	0.0	0.0	0.0	0.02	0.0	0.0	0.01	0.01	0.0	0.02	0.01	0.0	0.01	0.0	0.0	0.0	0.0	0.0	0.0	0.0	0.0
Root; d__Bacteria; p__Pseudomonadota; c__Alphaproteobacteria; o__Rhizobiales; f__Xanthobacteraceae; g__DATFWC01	0.0	0.0	0.0	0.0	0.0	0.0	0.0	0.0	0.0	0.0	0.0	0.0	0.0	0.0	0.0	0.0	0.0	0.0	0.0	0.0	0.0	0.0	0.0	0.0	0.0	0.0	0.0	0.0	0.0	0.0	0.0	0.0	0.0	0.0	0.0	0.0	0.0	0.0	0.0	0.0	0.0	0.0	0.0	0.0	0.0	0.0	0.0	0.0	0.0	0.0	0.0	0.0	0.0	0.0	0.02	0.0	0.0	0.01	0.01	0.0	0.01	0.01	0.0	0.0	0.0	0.0	0.0	0.0	0.0	0.01	0.0	0.0
Root; d__Bacteria; p__Pseudomonadota; c__Alphaproteobacteria; o__Geminicoccales; f__Geminicoccaceae; g__DATAOG01	0.0	0.0	0.0	0.0	0.0	0.0	0.0	0.0	0.0	0.0	0.0	0.0	0.0	0.0	0.0	0.0	0.0	0.0	0.0	0.0	0.0	0.0	0.0	0.0	0.0	0.0	0.0	0.0	0.0	0.0	0.0	0.0	0.0	0.0	0.0	0.0	0.0	0.0	0.0	0.0	0.0	0.0	0.0	0.0	0.0	0.0	0.0	0.0	0.0	0.0	0.0	0.0	0.0	0.0	0.03	0.0	0.0	0.01	0.0	0.0	0.01	0.01	0.0	0.0	0.0	0.0	0.0	0.0	0.0	0.0	0.0	0.0
Root; d__Bacteria; p__Planctomycetota; c__Planctomycetia; o__Gemmatales; f__Gemmataceae; g__JBJMQS01	0.0	0.0	0.0	0.0	0.0	0.0	0.0	0.0	0.0	0.0	0.0	0.0	0.0	0.0	0.0	0.0	0.0	0.0	0.0	0.0	0.0	0.0	0.0	0.0	0.0	0.0	0.0	0.0	0.0	0.0	0.0	0.0	0.0	0.0	0.0	0.0	0.0	0.0	0.0	0.0	0.0	0.0	0.0	0.0	0.0	0.0	0.0	0.0	0.0	0.0	0.0	0.0	0.0	0.0	0.02	0.0	0.0	0.0	0.0	0.0	0.01	0.01	0.0	0.0	0.0	0.0	0.0	0.0	0.0	0.0	0.02	0.0
Root; d__Bacteria; p__Chloroflexota; c__Limnocylindria; o__Limnocylindrales; f__CSP1-4; g__SMAGOTU_08354	0.0	0.0	0.0	0.0	0.0	0.0	0.0	0.0	0.0	0.0	0.0	0.0	0.0	0.0	0.0	0.0	0.0	0.0	0.0	0.0	0.0	0.0	0.0	0.0	0.0	0.0	0.0	0.0	0.0	0.0	0.0	0.0	0.0	0.0	0.0	0.0	0.0	0.0	0.0	0.0	0.0	0.0	0.0	0.0	0.0	0.0	0.0	0.0	0.0	0.0	0.0	0.0	0.0	0.0	0.02	0.0	0.0	0.01	0.0	0.0	0.01	0.01	0.0	0.0	0.0	0.0	0.0	0.0	0.0	0.0	0.0	0.0
Root; d__Bacteria; p__Chloroflexota; c__Chloroflexia; o__Thermomicrobiales; f__JALYUS01; g__JALYUS01	0.0	0.0	0.0	0.0	0.0	0.0	0.0	0.0	0.0	0.0	0.0	0.0	0.0	0.0	0.0	0.0	0.0	0.0	0.0	0.0	0.0	0.0	0.0	0.0	0.0	0.0	0.0	0.0	0.0	0.0	0.0	0.0	0.0	0.0	0.0	0.0	0.0	0.0	0.0	0.0	0.0	0.0	0.0	0.0	0.0	0.0	0.0	0.0	0.0	0.0	0.0	0.0	0.0	0.0	0.02	0.0	0.0	0.01	0.02	0.0	0.01	0.01	0.0	0.0	0.0	0.0	0.0	0.0	0.0	0.0	0.0	0.0
Root; d__Bacteria; p__Chloroflexota; c__UBA6077; o__FW602-bin22; f__SMAGOTU_05446; g__SMAGOTU_05446	0.0	0.0	0.0	0.0	0.0	0.0	0.0	0.0	0.0	0.0	0.0	0.0	0.0	0.0	0.0	0.0	0.0	0.0	0.0	0.0	0.0	0.0	0.0	0.0	0.0	0.0	0.0	0.0	0.0	0.0	0.0	0.0	0.0	0.0	0.0	0.0	0.0	0.0	0.0	0.0	0.0	0.0	0.0	0.0	0.0	0.0	0.0	0.0	0.0	0.0	0.0	0.0	0.0	0.0	0.02	0.0	0.0	0.01	0.01	0.0	0.02	0.01	0.03	0.02	0.0	0.0	0.02	0.0	0.0	0.02	0.02	0.0
Root; d__Bacteria; p__Methylomirabilota; c__Methylomirabilia; o__Rokubacteriales; f__CSP1-6; g__AR12	0.0	0.0	0.0	0.0	0.0	0.0	0.0	0.0	0.0	0.0	0.0	0.0	0.0	0.0	0.0	0.0	0.0	0.0	0.0	0.0	0.0	0.0	0.0	0.0	0.0	0.0	0.0	0.0	0.0	0.0	0.0	0.0	0.0	0.0	0.0	0.0	0.0	0.0	0.0	0.0	0.0	0.0	0.0	0.0	0.0	0.0	0.0	0.0	0.0	0.0	0.0	0.0	0.0	0.0	0.02	0.02	0.0	0.01	0.01	0.02	0.01	0.02	0.0	0.01	0.02	0.0	0.0	0.0	0.0	0.03	0.02	0.0
Root; d__Bacteria; p__Actinomycetota; c__Actinomycetes; o__CAVWCF01; f__CAVWCF01; g__CAWFSE01	0.0	0.0	0.0	0.0	0.0	0.0	0.0	0.0	0.0	0.0	0.0	0.0	0.0	0.0	0.0	0.0	0.0	0.0	0.0	0.0	0.0	0.0	0.0	0.0	0.0	0.0	0.0	0.0	0.0	0.0	0.0	0.0	0.0	0.0	0.0	0.0	0.0	0.0	0.0	0.0	0.0	0.0	0.0	0.0	0.0	0.0	0.0	0.0	0.0	0.0	0.0	0.0	0.0	0.0	0.0	0.02	0.0	0.0	0.0	0.0	0.0	0.0	0.0	0.0	0.0	0.0	0.0	0.0	0.0	0.0	0.0	0.0
Root; d__Bacteria; p__Pseudomonadota; c__Gammaproteobacteria; o__Nevskiales; f__Nevskiaceae; g__DASRHK01	0.0	0.0	0.0	0.0	0.0	0.0	0.0	0.0	0.0	0.0	0.0	0.0	0.0	0.0	0.0	0.0	0.0	0.0	0.0	0.0	0.0	0.0	0.0	0.0	0.0	0.0	0.0	0.0	0.0	0.0	0.0	0.0	0.0	0.0	0.0	0.0	0.0	0.0	0.0	0.0	0.0	0.0	0.0	0.0	0.0	0.0	0.0	0.0	0.0	0.0	0.0	0.0	0.0	0.0	0.0	0.02	0.0	0.01	0.01	0.0	0.01	0.01	0.0	0.0	0.0	0.0	0.01	0.0	0.0	0.03	0.03	0.0
Root; d__Bacteria; p__Pseudomonadota; c__Alphaproteobacteria; o__Rhizobiales; f__Kaistiaceae; g__Bauldia	0.0	0.0	0.0	0.0	0.0	0.0	0.0	0.0	0.0	0.0	0.0	0.0	0.0	0.0	0.0	0.0	0.0	0.0	0.0	0.0	0.0	0.0	0.0	0.0	0.0	0.0	0.0	0.0	0.0	0.0	0.0	0.0	0.0	0.0	0.0	0.0	0.0	0.0	0.0	0.0	0.0	0.0	0.0	0.0	0.0	0.0	0.0	0.0	0.0	0.0	0.0	0.0	0.0	0.0	0.0	0.01	0.0	0.02	0.01	0.02	0.01	0.01	0.0	0.0	0.0	0.0	0.0	0.0	0.0	0.0	0.0	0.0
Root; d__Bacteria; p__Pseudomonadota; c__Alphaproteobacteria; o__Sphingomonadales; f__Sphingomonadaceae; g__Sphingoaurantiacus	0.0	0.0	0.0	0.0	0.0	0.0	0.0	0.0	0.0	0.0	0.0	0.0	0.0	0.0	0.0	0.0	0.0	0.0	0.0	0.0	0.0	0.0	0.0	0.0	0.0	0.0	0.0	0.0	0.0	0.0	0.0	0.0	0.0	0.0	0.0	0.0	0.0	0.0	0.0	0.0	0.0	0.0	0.0	0.0	0.0	0.0	0.0	0.0	0.0	0.0	0.0	0.0	0.0	0.0	0.0	0.02	0.0	0.0	0.0	0.0	0.0	0.0	0.0	0.0	0.0	0.0	0.0	0.0	0.0	0.0	0.0	0.0
Root; d__Bacteria; p__Myxococcota_A; c__Polyangia; o__Fen-1088; f__Fen-1088; g__FEN-1088	0.0	0.0	0.0	0.0	0.0	0.0	0.0	0.0	0.0	0.0	0.0	0.0	0.0	0.0	0.0	0.0	0.0	0.0	0.0	0.0	0.0	0.0	0.0	0.0	0.0	0.0	0.0	0.0	0.0	0.0	0.0	0.0	0.0	0.0	0.0	0.0	0.0	0.0	0.0	0.0	0.0	0.0	0.0	0.0	0.0	0.0	0.0	0.0	0.0	0.0	0.0	0.0	0.0	0.0	0.0	0.02	0.0	0.02	0.0	0.0	0.01	0.01	0.02	0.0	0.01	0.0	0.0	0.02	0.0	0.02	0.03	0.0
Root; d__Bacteria; p__Bacteroidota; c__Bacteroidia; o__AKYH767-A; f__2013-40CM-41-45; g__JAPLDB01	0.0	0.0	0.0	0.0	0.0	0.0	0.0	0.0	0.0	0.0	0.0	0.0	0.0	0.0	0.0	0.0	0.0	0.0	0.0	0.0	0.0	0.0	0.0	0.0	0.0	0.0	0.0	0.0	0.0	0.0	0.0	0.0	0.0	0.0	0.0	0.0	0.0	0.0	0.0	0.0	0.0	0.0	0.0	0.0	0.0	0.0	0.0	0.0	0.0	0.0	0.0	0.0	0.0	0.0	0.0	0.02	0.0	0.01	0.01	0.0	0.01	0.01	0.01	0.0	0.0	0.0	0.02	0.0	0.0	0.0	0.0	0.0
Root; d__Bacteria; p__Bacteroidota; c__Ignavibacteria; o__OLB7; f__OLB7; g__JAFDZV01	0.0	0.0	0.0	0.0	0.0	0.0	0.0	0.0	0.0	0.0	0.0	0.0	0.0	0.0	0.0	0.0	0.0	0.0	0.0	0.0	0.0	0.0	0.0	0.0	0.0	0.0	0.0	0.0	0.0	0.0	0.0	0.0	0.0	0.0	0.0	0.0	0.0	0.0	0.0	0.0	0.0	0.0	0.0	0.0	0.0	0.0	0.0	0.0	0.0	0.0	0.0	0.0	0.0	0.0	0.0	0.02	0.0	0.01	0.0	0.0	0.01	0.01	0.0	0.0	0.0	0.0	0.0	0.0	0.0	0.0	0.0	0.0
Root; d__Bacteria; p__Planctomycetota; c__Phycisphaerae; o__Tepidisphaerales; f__Tepidisphaeraceae; g__JANWHF01	0.0	0.0	0.0	0.0	0.0	0.0	0.0	0.0	0.0	0.0	0.0	0.0	0.0	0.0	0.0	0.0	0.0	0.0	0.0	0.0	0.0	0.0	0.0	0.0	0.0	0.0	0.0	0.0	0.0	0.0	0.0	0.0	0.0	0.0	0.0	0.0	0.0	0.0	0.0	0.0	0.0	0.0	0.0	0.0	0.0	0.0	0.0	0.0	0.0	0.0	0.0	0.0	0.0	0.0	0.0	0.02	0.0	0.01	0.0	0.0	0.01	0.01	0.0	0.0	0.0	0.0	0.01	0.0	0.0	0.0	0.0	0.0
Root; d__Bacteria; p__Planctomycetota; c__SZUA-567; o__H5-PLA8; f__H5-PLA8; g__JANXLS01	0.0	0.0	0.0	0.0	0.0	0.0	0.0	0.0	0.0	0.0	0.0	0.0	0.0	0.0	0.0	0.0	0.0	0.0	0.0	0.0	0.0	0.0	0.0	0.0	0.0	0.0	0.0	0.0	0.0	0.0	0.0	0.0	0.0	0.0	0.0	0.0	0.0	0.0	0.0	0.0	0.0	0.0	0.0	0.0	0.0	0.0	0.0	0.0	0.0	0.0	0.0	0.0	0.0	0.0	0.0	0.03	0.0	0.02	0.01	0.0	0.02	0.01	0.0	0.0	0.0	0.0	0.0	0.03	0.0	0.01	0.0	0.0
Root; d__Bacteria; p__Pseudomonadota; c__Gammaproteobacteria; o__Burkholderiales; f__Burkholderiaceae_D; g__Herbaspirillum	0.0	0.0	0.0	0.0	0.0	0.0	0.0	0.0	0.0	0.0	0.0	0.0	0.0	0.0	0.0	0.0	0.0	0.0	0.0	0.0	0.0	0.0	0.0	0.0	0.0	0.0	0.0	0.0	0.0	0.0	0.0	0.0	0.0	0.0	0.0	0.0	0.0	0.0	0.0	0.0	0.0	0.0	0.0	0.0	0.0	0.0	0.0	0.0	0.0	0.0	0.0	0.0	0.0	0.0	0.0	0.0	0.0	0.01	0.0	0.0	0.0	0.0	0.0	0.0	0.0	0.0	0.0	0.0	0.0	0.0	0.0	0.0
Root; d__Bacteria; p__Pseudomonadota; c__Gammaproteobacteria; o__Burkholderiales; f__Burkholderiaceae_D; g__Pernthalerella	0.0	0.0	0.0	0.0	0.0	0.0	0.0	0.0	0.0	0.0	0.0	0.0	0.0	0.0	0.0	0.0	0.0	0.0	0.0	0.0	0.0	0.0	0.0	0.0	0.0	0.0	0.0	0.0	0.0	0.0	0.0	0.0	0.0	0.0	0.0	0.0	0.0	0.0	0.0	0.0	0.0	0.0	0.0	0.0	0.0	0.0	0.0	0.0	0.0	0.0	0.0	0.0	0.0	0.0	0.0	0.0	0.0	0.01	0.0	0.0	0.0	0.01	0.0	0.0	0.0	0.0	0.0	0.0	0.0	0.0	0.0	0.0
Root; d__Bacteria; p__Pseudomonadota; c__Gammaproteobacteria; o__Steroidobacterales; f__Steroidobacteraceae; g__CAVXAE01	0.0	0.0	0.0	0.0	0.0	0.0	0.0	0.0	0.0	0.0	0.0	0.0	0.0	0.0	0.0	0.0	0.0	0.0	0.0	0.0	0.0	0.0	0.0	0.0	0.0	0.0	0.0	0.0	0.0	0.0	0.0	0.0	0.0	0.0	0.0	0.0	0.0	0.0	0.0	0.0	0.0	0.0	0.0	0.0	0.0	0.0	0.0	0.0	0.0	0.0	0.0	0.0	0.0	0.0	0.0	0.0	0.0	0.01	0.0	0.0	0.01	0.01	0.0	0.0	0.0	0.0	0.0	0.0	0.0	0.0	0.0	0.0
Root; d__Bacteria; p__Pseudomonadota; c__Gammaproteobacteria; o__Steroidobacterales; f__Steroidobacteraceae; g__FEN-1191	0.0	0.0	0.0	0.0	0.0	0.0	0.0	0.0	0.0	0.0	0.0	0.0	0.0	0.0	0.0	0.0	0.0	0.0	0.0	0.0	0.0	0.0	0.0	0.0	0.0	0.0	0.0	0.0	0.0	0.0	0.0	0.0	0.0	0.0	0.0	0.0	0.0	0.0	0.0	0.0	0.0	0.0	0.0	0.0	0.0	0.0	0.0	0.0	0.0	0.0	0.0	0.0	0.0	0.0	0.0	0.0	0.0	0.01	0.01	0.0	0.01	0.01	0.0	0.0	0.0	0.0	0.0	0.0	0.0	0.0	0.01	0.0
Root; d__Bacteria; p__Pseudomonadota; c__Gammaproteobacteria; o__Nevskiales; f__Nevskiaceae; g__JACPFV01	0.0	0.0	0.0	0.0	0.0	0.0	0.0	0.0	0.0	0.0	0.0	0.0	0.0	0.0	0.0	0.0	0.0	0.0	0.0	0.0	0.0	0.0	0.0	0.0	0.0	0.0	0.0	0.0	0.0	0.0	0.0	0.0	0.0	0.0	0.0	0.0	0.0	0.0	0.0	0.0	0.0	0.0	0.0	0.0	0.0	0.0	0.0	0.0	0.0	0.0	0.0	0.0	0.0	0.0	0.0	0.0	0.0	0.01	0.02	0.0	0.01	0.01	0.0	0.0	0.0	0.0	0.0	0.02	0.0	0.02	0.0	0.0
Root; d__Bacteria; p__Pseudomonadota; c__Alphaproteobacteria; o__Rhizobiales; f__Xanthobacteraceae; g__FEB-22	0.0	0.0	0.0	0.0	0.0	0.0	0.0	0.0	0.0	0.0	0.0	0.0	0.0	0.0	0.0	0.0	0.0	0.0	0.0	0.0	0.0	0.0	0.0	0.0	0.0	0.0	0.0	0.0	0.0	0.0	0.0	0.0	0.0	0.0	0.0	0.0	0.0	0.0	0.0	0.0	0.0	0.0	0.0	0.0	0.0	0.0	0.0	0.0	0.0	0.0	0.0	0.0	0.0	0.0	0.0	0.0	0.0	0.01	0.0	0.0	0.01	0.0	0.0	0.0	0.0	0.0	0.0	0.0	0.0	0.0	0.0	0.0
Root; d__Bacteria; p__Pseudomonadota; c__Alphaproteobacteria; o__Rhizobiales; f__Kaistiaceae; g__JAFKKF01	0.0	0.0	0.0	0.0	0.0	0.0	0.0	0.0	0.0	0.0	0.0	0.0	0.0	0.0	0.0	0.0	0.0	0.0	0.0	0.0	0.0	0.0	0.0	0.0	0.0	0.0	0.0	0.0	0.0	0.0	0.0	0.0	0.0	0.0	0.0	0.0	0.0	0.0	0.0	0.0	0.0	0.0	0.0	0.0	0.0	0.0	0.0	0.0	0.0	0.0	0.0	0.0	0.0	0.0	0.0	0.0	0.0	0.01	0.0	0.0	0.0	0.01	0.01	0.0	0.0	0.0	0.0	0.0	0.0	0.0	0.0	0.0
Root; d__Bacteria; p__Pseudomonadota; c__Alphaproteobacteria; o__Rhizobiales; f__Kaistiaceae; g__DASZQY01	0.0	0.0	0.0	0.0	0.0	0.0	0.0	0.0	0.0	0.0	0.0	0.0	0.0	0.0	0.0	0.0	0.0	0.0	0.0	0.0	0.0	0.0	0.0	0.0	0.0	0.0	0.0	0.0	0.0	0.0	0.0	0.0	0.0	0.0	0.0	0.0	0.0	0.0	0.0	0.0	0.0	0.0	0.0	0.0	0.0	0.0	0.0	0.0	0.0	0.0	0.0	0.0	0.0	0.0	0.0	0.0	0.0	0.01	0.0	0.0	0.01	0.01	0.0	0.0	0.0	0.0	0.0	0.0	0.0	0.0	0.0	0.0
Root; d__Bacteria; p__Pseudomonadota; c__Alphaproteobacteria; o__Rhizobiales; f__Beijerinckiaceae; g__Salinarimonas	0.0	0.0	0.0	0.0	0.0	0.0	0.0	0.0	0.0	0.0	0.0	0.0	0.0	0.0	0.0	0.0	0.0	0.0	0.0	0.0	0.0	0.0	0.0	0.0	0.0	0.0	0.0	0.0	0.0	0.0	0.0	0.0	0.0	0.0	0.0	0.0	0.0	0.0	0.0	0.0	0.0	0.0	0.0	0.0	0.0	0.0	0.0	0.0	0.0	0.0	0.0	0.0	0.0	0.0	0.0	0.0	0.0	0.01	0.0	0.0	0.0	0.0	0.0	0.0	0.0	0.0	0.0	0.0	0.0	0.0	0.0	0.0
Root; d__Bacteria; p__Pseudomonadota; c__Alphaproteobacteria; o__Rhizobiales; f__Aestuariivirgaceae; g__DATBLQ01	0.0	0.0	0.0	0.0	0.0	0.0	0.0	0.0	0.0	0.0	0.0	0.0	0.0	0.0	0.0	0.0	0.0	0.0	0.0	0.0	0.0	0.0	0.0	0.0	0.0	0.0	0.0	0.0	0.0	0.0	0.0	0.0	0.0	0.0	0.0	0.0	0.0	0.0	0.0	0.0	0.0	0.0	0.0	0.0	0.0	0.0	0.0	0.0	0.0	0.0	0.0	0.0	0.0	0.0	0.0	0.0	0.0	0.02	0.02	0.0	0.02	0.02	0.02	0.01	0.0	0.0	0.0	0.01	0.0	0.01	0.02	0.0
Root; d__Bacteria; p__Pseudomonadota; c__Alphaproteobacteria; o__Rhizobiales; f__Hyphomicrobiaceae; g__Hyphomicrobium_C	0.0	0.0	0.0	0.0	0.0	0.0	0.0	0.0	0.0	0.0	0.0	0.0	0.0	0.0	0.0	0.0	0.0	0.0	0.0	0.0	0.0	0.0	0.0	0.0	0.0	0.0	0.0	0.0	0.0	0.0	0.0	0.0	0.0	0.0	0.0	0.0	0.0	0.0	0.0	0.0	0.0	0.0	0.0	0.0	0.0	0.0	0.0	0.0	0.0	0.0	0.0	0.0	0.0	0.0	0.0	0.0	0.0	0.01	0.0	0.0	0.0	0.0	0.0	0.0	0.0	0.0	0.0	0.0	0.0	0.0	0.0	0.0
Root; d__Bacteria; p__Pseudomonadota; c__Alphaproteobacteria; o__Rhizobiales; f__Methylopilaceae; g__Methylopila	0.0	0.0	0.0	0.0	0.0	0.0	0.0	0.0	0.0	0.0	0.0	0.0	0.0	0.0	0.0	0.0	0.0	0.0	0.0	0.0	0.0	0.0	0.0	0.0	0.0	0.0	0.0	0.0	0.0	0.0	0.0	0.0	0.0	0.0	0.0	0.0	0.0	0.0	0.0	0.0	0.0	0.0	0.0	0.0	0.0	0.0	0.0	0.0	0.0	0.0	0.0	0.0	0.0	0.0	0.0	0.0	0.0	0.01	0.01	0.0	0.0	0.01	0.0	0.0	0.0	0.0	0.0	0.0	0.0	0.0	0.0	0.0
Root; d__Bacteria; p__Pseudomonadota; c__Alphaproteobacteria; o__Sphingomonadales; f__Sphingomonadaceae; g__Alteraurantiacibacter	0.0	0.0	0.0	0.0	0.0	0.0	0.0	0.0	0.0	0.0	0.0	0.0	0.0	0.0	0.0	0.0	0.0	0.0	0.0	0.0	0.0	0.0	0.0	0.0	0.0	0.0	0.0	0.0	0.0	0.0	0.0	0.0	0.0	0.0	0.0	0.0	0.0	0.0	0.0	0.0	0.0	0.0	0.0	0.0	0.0	0.0	0.0	0.0	0.0	0.0	0.0	0.0	0.0	0.0	0.0	0.0	0.0	0.01	0.01	0.0	0.01	0.01	0.0	0.0	0.0	0.0	0.0	0.0	0.0	0.0	0.0	0.0
Root; d__Bacteria; p__Pseudomonadota; c__Alphaproteobacteria; o__Caulobacterales; f__Caulobacteraceae; g__Poindextera	0.0	0.0	0.0	0.0	0.0	0.0	0.0	0.0	0.0	0.0	0.0	0.0	0.0	0.0	0.0	0.0	0.0	0.0	0.0	0.0	0.0	0.0	0.0	0.0	0.0	0.0	0.0	0.0	0.0	0.0	0.0	0.0	0.0	0.0	0.0	0.0	0.0	0.0	0.0	0.0	0.0	0.0	0.0	0.0	0.0	0.0	0.0	0.0	0.0	0.0	0.0	0.0	0.0	0.0	0.0	0.0	0.0	0.01	0.0	0.0	0.0	0.0	0.0	0.0	0.0	0.0	0.0	0.0	0.0	0.0	0.0	0.0
Root; d__Bacteria; p__Pseudomonadota; c__Alphaproteobacteria; o__Caulobacterales; f__Caulobacteraceae; g__UBA5005	0.0	0.0	0.0	0.0	0.0	0.0	0.0	0.0	0.0	0.0	0.0	0.0	0.0	0.0	0.0	0.0	0.0	0.0	0.0	0.0	0.0	0.0	0.0	0.0	0.0	0.0	0.0	0.0	0.0	0.0	0.0	0.0	0.0	0.0	0.0	0.0	0.0	0.0	0.0	0.0	0.0	0.0	0.0	0.0	0.0	0.0	0.0	0.0	0.0	0.0	0.0	0.0	0.0	0.0	0.0	0.0	0.0	0.01	0.01	0.0	0.01	0.01	0.0	0.0	0.0	0.0	0.0	0.0	0.0	0.0	0.0	0.0
Root; d__Bacteria; p__Pseudomonadota; c__Alphaproteobacteria; o__ATCC43930; f__CGMCC-115725; g__SPIREOTU_01600079	0.0	0.0	0.0	0.0	0.0	0.0	0.0	0.0	0.0	0.0	0.0	0.0	0.0	0.0	0.0	0.0	0.0	0.0	0.0	0.0	0.0	0.0	0.0	0.0	0.0	0.0	0.0	0.0	0.0	0.0	0.0	0.0	0.0	0.0	0.0	0.0	0.0	0.0	0.0	0.0	0.0	0.0	0.0	0.0	0.0	0.0	0.0	0.0	0.0	0.0	0.0	0.0	0.0	0.0	0.0	0.0	0.0	0.01	0.0	0.0	0.0	0.0	0.0	0.0	0.0	0.0	0.0	0.0	0.0	0.0	0.0	0.0
Root; d__Bacteria; p__Pseudomonadota; c__Alphaproteobacteria; o__ATCC43930; f__CGMCC-115725; g__DATJLY01	0.0	0.0	0.0	0.0	0.0	0.0	0.0	0.0	0.0	0.0	0.0	0.0	0.0	0.0	0.0	0.0	0.0	0.0	0.0	0.0	0.0	0.0	0.0	0.0	0.0	0.0	0.0	0.0	0.0	0.0	0.0	0.0	0.0	0.0	0.0	0.0	0.0	0.0	0.0	0.0	0.0	0.0	0.0	0.0	0.0	0.0	0.0	0.0	0.0	0.0	0.0	0.0	0.0	0.0	0.0	0.0	0.0	0.01	0.0	0.0	0.0	0.01	0.0	0.0	0.0	0.0	0.0	0.0	0.0	0.0	0.0	0.0
Root; d__Bacteria; p__Pseudomonadota; c__Alphaproteobacteria; o__ATCC43930; f__CGMCC-115725; g__JADGGZ01	0.0	0.0	0.0	0.0	0.0	0.0	0.0	0.0	0.0	0.0	0.0	0.0	0.0	0.0	0.0	0.0	0.0	0.0	0.0	0.0	0.0	0.0	0.0	0.0	0.0	0.0	0.0	0.0	0.0	0.0	0.0	0.0	0.0	0.0	0.0	0.0	0.0	0.0	0.0	0.0	0.0	0.0	0.0	0.0	0.0	0.0	0.0	0.0	0.0	0.0	0.0	0.0	0.0	0.0	0.0	0.0	0.0	0.01	0.0	0.0	0.01	0.01	0.0	0.0	0.0	0.0	0.0	0.0	0.0	0.0	0.0	0.0
Root; d__Bacteria; p__Pseudomonadota; c__Alphaproteobacteria; o__CACIAM-22H2; f__CACIAM-22H2; g__DATAAP01	0.0	0.0	0.0	0.0	0.0	0.0	0.0	0.0	0.0	0.0	0.0	0.0	0.0	0.0	0.0	0.0	0.0	0.0	0.0	0.0	0.0	0.0	0.0	0.0	0.0	0.0	0.0	0.0	0.0	0.0	0.0	0.0	0.0	0.0	0.0	0.0	0.0	0.0	0.0	0.0	0.0	0.0	0.0	0.0	0.0	0.0	0.0	0.0	0.0	0.0	0.0	0.0	0.0	0.0	0.0	0.0	0.0	0.01	0.0	0.0	0.01	0.01	0.0	0.0	0.0	0.0	0.0	0.0	0.0	0.0	0.0	0.0
Root; d__Bacteria; p__Pseudomonadota; c__Alphaproteobacteria; o__Rhodospirillales; f__Rhodospirillaceae; g__SCTM01	0.0	0.0	0.0	0.0	0.0	0.0	0.0	0.0	0.0	0.0	0.0	0.0	0.0	0.0	0.0	0.0	0.0	0.0	0.0	0.0	0.0	0.0	0.0	0.0	0.0	0.0	0.0	0.0	0.0	0.0	0.0	0.0	0.0	0.0	0.0	0.0	0.0	0.0	0.0	0.0	0.0	0.0	0.0	0.0	0.0	0.0	0.0	0.0	0.0	0.0	0.0	0.0	0.0	0.0	0.0	0.0	0.0	0.01	0.01	0.0	0.0	0.0	0.0	0.0	0.0	0.0	0.0	0.0	0.0	0.0	0.0	0.0
Root; d__Bacteria; p__Pseudomonadota; c__Alphaproteobacteria; o__Acetobacterales; f__Acetobacteraceae; g__Neoroseomonas	0.0	0.0	0.0	0.0	0.0	0.0	0.0	0.0	0.0	0.0	0.0	0.0	0.0	0.0	0.0	0.0	0.0	0.0	0.0	0.0	0.0	0.0	0.0	0.0	0.0	0.0	0.0	0.0	0.0	0.0	0.0	0.0	0.0	0.0	0.0	0.0	0.0	0.0	0.0	0.0	0.0	0.0	0.0	0.0	0.0	0.0	0.0	0.0	0.0	0.0	0.0	0.0	0.0	0.0	0.0	0.0	0.0	0.01	0.0	0.0	0.0	0.0	0.0	0.0	0.0	0.0	0.0	0.0	0.0	0.0	0.0	0.0
Root; d__Bacteria; p__Pseudomonadota; c__Alphaproteobacteria; o__Acetobacterales; f__Acetobacteraceae; g__CAMDGX01	0.0	0.0	0.0	0.0	0.0	0.0	0.0	0.0	0.0	0.0	0.0	0.0	0.0	0.0	0.0	0.0	0.0	0.0	0.0	0.0	0.0	0.0	0.0	0.0	0.0	0.0	0.0	0.0	0.0	0.0	0.0	0.0	0.0	0.0	0.0	0.0	0.0	0.0	0.0	0.0	0.0	0.0	0.0	0.0	0.0	0.0	0.0	0.0	0.0	0.0	0.0	0.0	0.0	0.0	0.0	0.0	0.0	0.01	0.0	0.0	0.01	0.0	0.0	0.0	0.0	0.0	0.0	0.0	0.0	0.0	0.0	0.0
Root; d__Bacteria; p__Pseudomonadota; c__Alphaproteobacteria; o__Acetobacterales; f__Acetobacteraceae; g__Siccirubricoccus	0.0	0.0	0.0	0.0	0.0	0.0	0.0	0.0	0.0	0.0	0.0	0.0	0.0	0.0	0.0	0.0	0.0	0.0	0.0	0.0	0.0	0.0	0.0	0.0	0.0	0.0	0.0	0.0	0.0	0.0	0.0	0.0	0.0	0.0	0.0	0.0	0.0	0.0	0.0	0.0	0.0	0.0	0.0	0.0	0.0	0.0	0.0	0.0	0.0	0.0	0.0	0.0	0.0	0.0	0.0	0.0	0.0	0.01	0.0	0.0	0.0	0.0	0.0	0.0	0.0	0.0	0.0	0.0	0.0	0.0	0.0	0.0
Root; d__Bacteria; p__Pseudomonadota; c__Alphaproteobacteria; o__Acetobacterales; f__Acetobacteraceae; g__DATFDN01	0.0	0.0	0.0	0.0	0.0	0.0	0.0	0.0	0.0	0.0	0.0	0.0	0.0	0.0	0.0	0.0	0.0	0.0	0.0	0.0	0.0	0.0	0.0	0.0	0.0	0.0	0.0	0.0	0.0	0.0	0.0	0.0	0.0	0.0	0.0	0.0	0.0	0.0	0.0	0.0	0.0	0.0	0.0	0.0	0.0	0.0	0.0	0.0	0.0	0.0	0.0	0.0	0.0	0.0	0.0	0.0	0.0	0.01	0.0	0.0	0.0	0.0	0.0	0.0	0.0	0.0	0.0	0.0	0.0	0.0	0.0	0.0
Root; d__Bacteria; p__Pseudomonadota; c__Alphaproteobacteria; o__Acetobacterales; f__Acetobacteraceae; g__Falsiroseomonas	0.0	0.0	0.0	0.0	0.0	0.0	0.0	0.0	0.0	0.0	0.0	0.0	0.0	0.0	0.0	0.0	0.0	0.0	0.0	0.0	0.0	0.0	0.0	0.0	0.0	0.0	0.0	0.0	0.0	0.0	0.0	0.0	0.0	0.0	0.0	0.0	0.0	0.0	0.0	0.0	0.0	0.0	0.0	0.0	0.0	0.0	0.0	0.0	0.0	0.0	0.0	0.0	0.0	0.0	0.0	0.0	0.0	0.01	0.0	0.0	0.01	0.01	0.0	0.0	0.0	0.0	0.0	0.0	0.0	0.0	0.0	0.0
Root; d__Bacteria; p__Pseudomonadota; c__Alphaproteobacteria; o__Dongiales; f__Dongiaceae; g__JAXMCI01	0.0	0.0	0.0	0.0	0.0	0.0	0.0	0.0	0.0	0.0	0.0	0.0	0.0	0.0	0.0	0.0	0.0	0.0	0.0	0.0	0.0	0.0	0.0	0.0	0.0	0.0	0.0	0.0	0.0	0.0	0.0	0.0	0.0	0.0	0.0	0.0	0.0	0.0	0.0	0.0	0.0	0.0	0.0	0.0	0.0	0.0	0.0	0.0	0.0	0.0	0.0	0.0	0.0	0.0	0.0	0.0	0.0	0.01	0.01	0.0	0.0	0.0	0.0	0.0	0.0	0.0	0.0	0.0	0.0	0.0	0.0	0.0
Root; d__Bacteria; p__Pseudomonadota; c__Alphaproteobacteria; o__Elsterales; f__Elsteraceae; g__JACQAI01	0.0	0.0	0.0	0.0	0.0	0.0	0.0	0.0	0.0	0.0	0.0	0.0	0.0	0.0	0.0	0.0	0.0	0.0	0.0	0.0	0.0	0.0	0.0	0.0	0.0	0.0	0.0	0.0	0.0	0.0	0.0	0.0	0.0	0.0	0.0	0.0	0.0	0.0	0.0	0.0	0.0	0.0	0.0	0.0	0.0	0.0	0.0	0.0	0.0	0.0	0.0	0.0	0.0	0.0	0.0	0.0	0.0	0.01	0.01	0.0	0.0	0.0	0.0	0.0	0.0	0.0	0.0	0.0	0.0	0.0	0.0	0.0
Root; d__Bacteria; p__Pseudomonadota; c__Alphaproteobacteria; o__Rhodobacterales; f__Rhodobacteraceae; g__Rubellimicrobium	0.0	0.0	0.0	0.0	0.0	0.0	0.0	0.0	0.0	0.0	0.0	0.0	0.0	0.0	0.0	0.0	0.0	0.0	0.0	0.0	0.0	0.0	0.0	0.0	0.0	0.0	0.0	0.0	0.0	0.0	0.0	0.0	0.0	0.0	0.0	0.0	0.0	0.0	0.0	0.0	0.0	0.0	0.0	0.0	0.0	0.0	0.0	0.0	0.0	0.0	0.0	0.0	0.0	0.0	0.0	0.0	0.0	0.01	0.0	0.0	0.01	0.01	0.0	0.0	0.0	0.0	0.0	0.0	0.0	0.0	0.0	0.0
Root; d__Bacteria; p__Planctomycetota; c__Planctomycetia; o__Gemmatales; f__Gemmataceae; g__DASRAT01	0.0	0.0	0.0	0.0	0.0	0.0	0.0	0.0	0.0	0.0	0.0	0.0	0.0	0.0	0.0	0.0	0.0	0.0	0.0	0.0	0.0	0.0	0.0	0.0	0.0	0.0	0.0	0.0	0.0	0.0	0.0	0.0	0.0	0.0	0.0	0.0	0.0	0.0	0.0	0.0	0.0	0.0	0.0	0.0	0.0	0.0	0.0	0.0	0.0	0.0	0.0	0.0	0.0	0.0	0.0	0.0	0.0	0.01	0.0	0.0	0.01	0.01	0.0	0.0	0.0	0.0	0.0	0.0	0.0	0.0	0.0	0.0
Root; d__Bacteria; p__Planctomycetota; c__Planctomycetia; o__Gemmatales; f__Gemmataceae; g__SPIREOTU_01664151	0.0	0.0	0.0	0.0	0.0	0.0	0.0	0.0	0.0	0.0	0.0	0.0	0.0	0.0	0.0	0.0	0.0	0.0	0.0	0.0	0.0	0.0	0.0	0.0	0.0	0.0	0.0	0.0	0.0	0.0	0.0	0.0	0.0	0.0	0.0	0.0	0.0	0.0	0.0	0.0	0.0	0.0	0.0	0.0	0.0	0.0	0.0	0.0	0.0	0.0	0.0	0.0	0.0	0.0	0.0	0.0	0.0	0.01	0.0	0.0	0.0	0.0	0.0	0.0	0.0	0.0	0.0	0.0	0.0	0.0	0.0	0.0
Root; d__Bacteria; p__Planctomycetota; c__Planctomycetia; o__Gemmatales; f__Gemmataceae; g__GCMETA_00542646	0.0	0.0	0.0	0.0	0.0	0.0	0.0	0.0	0.0	0.0	0.0	0.0	0.0	0.0	0.0	0.0	0.0	0.0	0.0	0.0	0.0	0.0	0.0	0.0	0.0	0.0	0.0	0.0	0.0	0.0	0.0	0.0	0.0	0.0	0.0	0.0	0.0	0.0	0.0	0.0	0.0	0.0	0.0	0.0	0.0	0.0	0.0	0.0	0.0	0.0	0.0	0.0	0.0	0.0	0.0	0.0	0.0	0.01	0.0	0.0	0.01	0.01	0.0	0.0	0.0	0.0	0.0	0.0	0.0	0.0	0.0	0.0
Root; d__Bacteria; p__Planctomycetota; c__Planctomycetia; o__Isosphaerales; f__Isosphaeraceae; g__SPIREOTU_02493510	0.0	0.0	0.0	0.0	0.0	0.0	0.0	0.0	0.0	0.0	0.0	0.0	0.0	0.0	0.0	0.0	0.0	0.0	0.0	0.0	0.0	0.0	0.0	0.0	0.0	0.0	0.0	0.0	0.0	0.0	0.0	0.0	0.0	0.0	0.0	0.0	0.0	0.0	0.0	0.0	0.0	0.0	0.0	0.0	0.0	0.0	0.0	0.0	0.0	0.0	0.0	0.0	0.0	0.0	0.0	0.0	0.0	0.01	0.0	0.0	0.01	0.0	0.0	0.0	0.0	0.0	0.0	0.0	0.0	0.0	0.0	0.0
Root; d__Bacteria; p__Planctomycetota; c__Phycisphaerae; o__Tepidisphaerales; f__Tepidisphaeraceae; g__JANYKD01	0.0	0.0	0.0	0.0	0.0	0.0	0.0	0.0	0.0	0.0	0.0	0.0	0.0	0.0	0.0	0.0	0.0	0.0	0.0	0.0	0.0	0.0	0.0	0.0	0.0	0.0	0.0	0.0	0.0	0.0	0.0	0.0	0.0	0.0	0.0	0.0	0.0	0.0	0.0	0.0	0.0	0.0	0.0	0.0	0.0	0.0	0.0	0.0	0.0	0.0	0.0	0.0	0.0	0.0	0.0	0.0	0.0	0.01	0.0	0.0	0.0	0.0	0.0	0.0	0.01	0.0	0.0	0.0	0.0	0.0	0.0	0.0
Root; d__Bacteria; p__Planctomycetota; c__Phycisphaerae; o__Tepidisphaerales; f__Tepidisphaeraceae; g__BCRBG_33069	0.0	0.0	0.0	0.0	0.0	0.0	0.0	0.0	0.0	0.0	0.0	0.0	0.0	0.0	0.0	0.0	0.0	0.0	0.0	0.0	0.0	0.0	0.0	0.0	0.0	0.0	0.0	0.0	0.0	0.0	0.0	0.0	0.0	0.0	0.0	0.0	0.0	0.0	0.0	0.0	0.0	0.0	0.0	0.0	0.0	0.0	0.0	0.0	0.0	0.0	0.0	0.0	0.0	0.0	0.0	0.0	0.0	0.01	0.0	0.0	0.01	0.01	0.0	0.0	0.0	0.0	0.0	0.0	0.0	0.0	0.01	0.0
Root; d__Bacteria; p__Planctomycetota; c__Phycisphaerae; o__Tepidisphaerales; f__Tepidisphaeraceae; g__MFD01213-c1	0.0	0.0	0.0	0.0	0.0	0.0	0.0	0.0	0.0	0.0	0.0	0.0	0.0	0.0	0.0	0.0	0.0	0.0	0.0	0.0	0.0	0.0	0.0	0.0	0.0	0.0	0.0	0.0	0.0	0.0	0.0	0.0	0.0	0.0	0.0	0.0	0.0	0.0	0.0	0.0	0.0	0.0	0.0	0.0	0.0	0.0	0.0	0.0	0.0	0.0	0.0	0.0	0.0	0.0	0.0	0.0	0.0	0.01	0.0	0.02	0.01	0.0	0.0	0.0	0.0	0.0	0.0	0.0	0.0	0.0	0.0	0.0
Root; d__Bacteria; p__Planctomycetota; c__Phycisphaerae; o__Tepidisphaerales; f__Tepidisphaeraceae; g__JAPLNB01	0.0	0.0	0.0	0.0	0.0	0.0	0.0	0.0	0.0	0.0	0.0	0.0	0.0	0.0	0.0	0.0	0.0	0.0	0.0	0.0	0.0	0.0	0.0	0.0	0.0	0.0	0.0	0.0	0.0	0.0	0.0	0.0	0.0	0.0	0.0	0.0	0.0	0.0	0.0	0.0	0.0	0.0	0.0	0.0	0.0	0.0	0.0	0.0	0.0	0.0	0.0	0.0	0.0	0.0	0.0	0.0	0.0	0.01	0.0	0.0	0.01	0.01	0.0	0.0	0.0	0.0	0.01	0.0	0.0	0.0	0.0	0.0
Root; d__Bacteria; p__Planctomycetota; c__Phycisphaerae; o__Tepidisphaerales; f__Tepidisphaeraceae; g__Fontivita	0.0	0.0	0.0	0.0	0.0	0.0	0.0	0.0	0.0	0.0	0.0	0.0	0.0	0.0	0.0	0.0	0.0	0.0	0.0	0.0	0.0	0.0	0.0	0.0	0.0	0.0	0.0	0.0	0.0	0.0	0.0	0.0	0.0	0.0	0.0	0.0	0.0	0.0	0.0	0.0	0.0	0.0	0.0	0.0	0.0	0.0	0.0	0.0	0.0	0.0	0.0	0.0	0.0	0.0	0.0	0.0	0.0	0.01	0.0	0.0	0.0	0.0	0.0	0.0	0.0	0.0	0.0	0.0	0.0	0.0	0.0	0.0
Root; d__Bacteria; p__Planctomycetota; c__UBA1135; o__UBA1135; f__GCA-002686595; g__JADJQU01	0.0	0.0	0.0	0.0	0.0	0.0	0.0	0.0	0.0	0.0	0.0	0.0	0.0	0.0	0.0	0.0	0.0	0.0	0.0	0.0	0.0	0.0	0.0	0.0	0.0	0.0	0.0	0.0	0.0	0.0	0.0	0.0	0.0	0.0	0.0	0.0	0.0	0.0	0.0	0.0	0.0	0.0	0.0	0.0	0.0	0.0	0.0	0.0	0.0	0.0	0.0	0.0	0.0	0.0	0.0	0.0	0.0	0.01	0.01	0.0	0.01	0.01	0.0	0.0	0.0	0.0	0.0	0.0	0.0	0.0	0.0	0.0
Root; d__Bacteria; p__Acidobacteriota; c__Vicinamibacteria; o__Vicinamibacterales; f__CAVVIG01; g__JADZED01	0.0	0.0	0.0	0.0	0.0	0.0	0.0	0.0	0.0	0.0	0.0	0.0	0.0	0.0	0.0	0.0	0.0	0.0	0.0	0.0	0.0	0.0	0.0	0.0	0.0	0.0	0.0	0.0	0.0	0.0	0.0	0.0	0.0	0.0	0.0	0.0	0.0	0.0	0.0	0.0	0.0	0.0	0.0	0.0	0.0	0.0	0.0	0.0	0.0	0.0	0.0	0.0	0.0	0.0	0.0	0.0	0.0	0.01	0.0	0.0	0.0	0.0	0.0	0.0	0.0	0.0	0.0	0.0	0.0	0.0	0.0	0.0
Root; d__Bacteria; p__Acidobacteriota; c__Vicinamibacteria; o__Vicinamibacterales; f__CAVVIG01; g__MOTU40_059653	0.0	0.0	0.0	0.0	0.0	0.0	0.0	0.0	0.0	0.0	0.0	0.0	0.0	0.0	0.0	0.0	0.0	0.0	0.0	0.0	0.0	0.0	0.0	0.0	0.0	0.0	0.0	0.0	0.0	0.0	0.0	0.0	0.0	0.0	0.0	0.0	0.0	0.0	0.0	0.0	0.0	0.0	0.0	0.0	0.0	0.0	0.0	0.0	0.0	0.0	0.0	0.0	0.0	0.0	0.0	0.0	0.0	0.01	0.0	0.0	0.0	0.0	0.0	0.0	0.0	0.0	0.0	0.0	0.0	0.0	0.0	0.0
Root; d__Bacteria; p__Acidobacteriota; c__Vicinamibacteria; o__Vicinamibacterales; f__CAVVIG01; g__SPIREOTU_00919548	0.0	0.0	0.0	0.0	0.0	0.0	0.0	0.0	0.0	0.0	0.0	0.0	0.0	0.0	0.0	0.0	0.0	0.0	0.0	0.0	0.0	0.0	0.0	0.0	0.0	0.0	0.0	0.0	0.0	0.0	0.0	0.0	0.0	0.0	0.0	0.0	0.0	0.0	0.0	0.0	0.0	0.0	0.0	0.0	0.0	0.0	0.0	0.0	0.0	0.0	0.0	0.0	0.0	0.0	0.0	0.0	0.0	0.01	0.0	0.0	0.01	0.01	0.0	0.0	0.0	0.0	0.0	0.0	0.0	0.0	0.0	0.0
Root; d__Bacteria; p__Acidobacteriota; c__Vicinamibacteria; o__Vicinamibacterales; f__CAVVIG01; g__DASQHH01	0.0	0.0	0.0	0.0	0.0	0.0	0.0	0.0	0.0	0.0	0.0	0.0	0.0	0.0	0.0	0.0	0.0	0.0	0.0	0.0	0.0	0.0	0.0	0.0	0.0	0.0	0.0	0.0	0.0	0.0	0.0	0.0	0.0	0.0	0.0	0.0	0.0	0.0	0.0	0.0	0.0	0.0	0.0	0.0	0.0	0.0	0.0	0.0	0.0	0.0	0.0	0.0	0.0	0.0	0.0	0.0	0.0	0.01	0.01	0.0	0.01	0.0	0.0	0.0	0.0	0.0	0.0	0.0	0.0	0.02	0.0	0.0
Root; d__Bacteria; p__Acidobacteriota; c__Vicinamibacteria; o__Vicinamibacterales; f__CAVVIG01; g__SMAGOTU_03446	0.0	0.0	0.0	0.0	0.0	0.0	0.0	0.0	0.0	0.0	0.0	0.0	0.0	0.0	0.0	0.0	0.0	0.0	0.0	0.0	0.0	0.0	0.0	0.0	0.0	0.0	0.0	0.0	0.0	0.0	0.0	0.0	0.0	0.0	0.0	0.0	0.0	0.0	0.0	0.0	0.0	0.0	0.0	0.0	0.0	0.0	0.0	0.0	0.0	0.0	0.0	0.0	0.0	0.0	0.0	0.0	0.0	0.01	0.0	0.0	0.0	0.0	0.0	0.0	0.0	0.0	0.0	0.0	0.0	0.0	0.0	0.0
Root; d__Bacteria; p__Acidobacteriota; c__Vicinamibacteria; o__Vicinamibacterales; f__CAVVIG01; g__SMAGOTU_04326	0.0	0.0	0.0	0.0	0.0	0.0	0.0	0.0	0.0	0.0	0.0	0.0	0.0	0.0	0.0	0.0	0.0	0.0	0.0	0.0	0.0	0.0	0.0	0.0	0.0	0.0	0.0	0.0	0.0	0.0	0.0	0.0	0.0	0.0	0.0	0.0	0.0	0.0	0.0	0.0	0.0	0.0	0.0	0.0	0.0	0.0	0.0	0.0	0.0	0.0	0.0	0.0	0.0	0.0	0.0	0.0	0.0	0.01	0.01	0.0	0.01	0.01	0.02	0.0	0.0	0.0	0.02	0.0	0.0	0.0	0.01	0.0
Root; d__Bacteria; p__Acidobacteriota; c__Vicinamibacteria; o__Vicinamibacterales; f__2-12-FULL-66-21; g__JBKPQB01	0.0	0.0	0.0	0.0	0.0	0.0	0.0	0.0	0.0	0.0	0.0	0.0	0.0	0.0	0.0	0.0	0.0	0.0	0.0	0.0	0.0	0.0	0.0	0.0	0.0	0.0	0.0	0.0	0.0	0.0	0.0	0.0	0.0	0.0	0.0	0.0	0.0	0.0	0.0	0.0	0.0	0.0	0.0	0.0	0.0	0.0	0.0	0.0	0.0	0.0	0.0	0.0	0.0	0.0	0.0	0.0	0.0	0.01	0.0	0.0	0.01	0.01	0.0	0.0	0.0	0.0	0.0	0.0	0.0	0.0	0.0	0.0
Root; d__Bacteria; p__Acidobacteriota; c__Vicinamibacteria; o__Vicinamibacterales; f__UBA2999; g__CAVSPI01	0.0	0.0	0.0	0.0	0.0	0.0	0.0	0.0	0.0	0.0	0.0	0.0	0.0	0.0	0.0	0.0	0.0	0.0	0.0	0.0	0.0	0.0	0.0	0.0	0.0	0.0	0.0	0.0	0.0	0.0	0.0	0.0	0.0	0.0	0.0	0.0	0.0	0.0	0.0	0.0	0.0	0.0	0.0	0.0	0.0	0.0	0.0	0.0	0.0	0.0	0.0	0.0	0.0	0.0	0.0	0.0	0.0	0.01	0.0	0.0	0.01	0.0	0.0	0.0	0.0	0.0	0.0	0.0	0.0	0.0	0.0	0.0
Root; d__Bacteria; p__Acidobacteriota; c__Terriglobia; o__Bryobacterales; f__Bryobacteraceae; g__CAVVFX01	0.0	0.0	0.0	0.0	0.0	0.0	0.0	0.0	0.0	0.0	0.0	0.0	0.0	0.0	0.0	0.0	0.0	0.0	0.0	0.0	0.0	0.0	0.0	0.0	0.0	0.0	0.0	0.0	0.0	0.0	0.0	0.0	0.0	0.0	0.0	0.0	0.0	0.0	0.0	0.0	0.0	0.0	0.0	0.0	0.0	0.0	0.0	0.0	0.0	0.0	0.0	0.0	0.0	0.0	0.0	0.0	0.0	0.01	0.01	0.0	0.01	0.01	0.0	0.0	0.0	0.0	0.0	0.0	0.0	0.0	0.0	0.0
Root; d__Bacteria; p__Acidobacteriota; c__Terriglobia; o__Bryobacterales; f__Bryobacteraceae; g__DATJFH01	0.0	0.0	0.0	0.0	0.0	0.0	0.0	0.0	0.0	0.0	0.0	0.0	0.0	0.0	0.0	0.0	0.0	0.0	0.0	0.0	0.0	0.0	0.0	0.0	0.0	0.0	0.0	0.0	0.0	0.0	0.0	0.0	0.0	0.0	0.0	0.0	0.0	0.0	0.0	0.0	0.0	0.0	0.0	0.0	0.0	0.0	0.0	0.0	0.0	0.0	0.0	0.0	0.0	0.0	0.0	0.0	0.0	0.01	0.01	0.0	0.01	0.0	0.0	0.0	0.0	0.0	0.02	0.0	0.0	0.0	0.0	0.0
Root; d__Bacteria; p__Acidobacteriota; c__Terriglobia; o__20CM-2-55-15; f__20CM-2-55-15; g__SPIREOTU_01781421	0.0	0.0	0.0	0.0	0.0	0.0	0.0	0.0	0.0	0.0	0.0	0.0	0.0	0.0	0.0	0.0	0.0	0.0	0.0	0.0	0.0	0.0	0.0	0.0	0.0	0.0	0.0	0.0	0.0	0.0	0.0	0.0	0.0	0.0	0.0	0.0	0.0	0.0	0.0	0.0	0.0	0.0	0.0	0.0	0.0	0.0	0.0	0.0	0.0	0.0	0.0	0.0	0.0	0.0	0.0	0.0	0.0	0.01	0.01	0.0	0.01	0.01	0.0	0.0	0.0	0.0	0.01	0.0	0.0	0.0	0.02	0.0
Root; d__Bacteria; p__Acidobacteriota; c__Terriglobia; o__Terriglobales; f__Acidobacteriaceae; g__DASREM01	0.0	0.0	0.0	0.0	0.0	0.0	0.0	0.0	0.0	0.0	0.0	0.0	0.0	0.0	0.0	0.0	0.0	0.0	0.0	0.0	0.0	0.0	0.0	0.0	0.0	0.0	0.0	0.0	0.0	0.0	0.0	0.0	0.0	0.0	0.0	0.0	0.0	0.0	0.0	0.0	0.0	0.0	0.0	0.0	0.0	0.0	0.0	0.0	0.0	0.0	0.0	0.0	0.0	0.0	0.0	0.0	0.0	0.02	0.0	0.0	0.01	0.01	0.0	0.0	0.0	0.0	0.0	0.0	0.0	0.0	0.0	0.0
Root; d__Bacteria; p__Acidobacteriota; c__Terriglobia; o__Terriglobales; f__Acidobacteriaceae; g__Gp1-AA133	0.0	0.0	0.0	0.0	0.0	0.0	0.0	0.0	0.0	0.0	0.0	0.0	0.0	0.0	0.0	0.0	0.0	0.0	0.0	0.0	0.0	0.0	0.0	0.0	0.0	0.0	0.0	0.0	0.0	0.0	0.0	0.0	0.0	0.0	0.0	0.0	0.0	0.0	0.0	0.0	0.0	0.0	0.0	0.0	0.0	0.0	0.0	0.0	0.0	0.0	0.0	0.0	0.0	0.0	0.0	0.0	0.0	0.01	0.01	0.0	0.01	0.01	0.0	0.0	0.0	0.0	0.0	0.0	0.0	0.01	0.0	0.0
Root; d__Bacteria; p__Acidobacteriota; c__Terriglobia; o__Acidiferrales; f__UBA7541; g__Palsa-189	0.0	0.0	0.0	0.0	0.0	0.0	0.0	0.0	0.0	0.0	0.0	0.0	0.0	0.0	0.0	0.0	0.0	0.0	0.0	0.0	0.0	0.0	0.0	0.0	0.0	0.0	0.0	0.0	0.0	0.0	0.0	0.0	0.0	0.0	0.0	0.0	0.0	0.0	0.0	0.0	0.0	0.0	0.0	0.0	0.0	0.0	0.0	0.0	0.0	0.0	0.0	0.0	0.0	0.0	0.0	0.0	0.0	0.01	0.0	0.0	0.01	0.01	0.0	0.0	0.0	0.0	0.0	0.0	0.0	0.0	0.0	0.0
Root; d__Bacteria; p__Acidobacteriota; c__Blastocatellia; o__Pyrinomonadales; f__Pyrinomonadaceae; g__QHXQ01	0.0	0.0	0.0	0.0	0.0	0.0	0.0	0.0	0.0	0.0	0.0	0.0	0.0	0.0	0.0	0.0	0.0	0.0	0.0	0.0	0.0	0.0	0.0	0.0	0.0	0.0	0.0	0.0	0.0	0.0	0.0	0.0	0.0	0.0	0.0	0.0	0.0	0.0	0.0	0.0	0.0	0.0	0.0	0.0	0.0	0.0	0.0	0.0	0.0	0.0	0.0	0.0	0.0	0.0	0.0	0.0	0.0	0.01	0.01	0.0	0.01	0.01	0.0	0.0	0.0	0.0	0.0	0.02	0.0	0.0	0.0	0.0
Root; d__Bacteria; p__Acidobacteriota; c__Blastocatellia; o__Pyrinomonadales; f__Pyrinomonadaceae; g__JAIVJZ01	0.0	0.0	0.0	0.0	0.0	0.0	0.0	0.0	0.0	0.0	0.0	0.0	0.0	0.0	0.0	0.0	0.0	0.0	0.0	0.0	0.0	0.0	0.0	0.0	0.0	0.0	0.0	0.0	0.0	0.0	0.0	0.0	0.0	0.0	0.0	0.0	0.0	0.0	0.0	0.0	0.0	0.0	0.0	0.0	0.0	0.0	0.0	0.0	0.0	0.0	0.0	0.0	0.0	0.0	0.0	0.0	0.0	0.01	0.0	0.0	0.0	0.0	0.0	0.0	0.0	0.0	0.0	0.0	0.0	0.0	0.0	0.0
Root; d__Bacteria; p__Acidobacteriota; c__Blastocatellia; o__Pyrinomonadales; f__Pyrinomonadaceae; g__GCA-002050365	0.0	0.0	0.0	0.0	0.0	0.0	0.0	0.0	0.0	0.0	0.0	0.0	0.0	0.0	0.0	0.0	0.0	0.0	0.0	0.0	0.0	0.0	0.0	0.0	0.0	0.0	0.0	0.0	0.0	0.0	0.0	0.0	0.0	0.0	0.0	0.0	0.0	0.0	0.0	0.0	0.0	0.0	0.0	0.0	0.0	0.0	0.0	0.0	0.0	0.0	0.0	0.0	0.0	0.0	0.0	0.0	0.0	0.01	0.0	0.0	0.01	0.0	0.0	0.0	0.0	0.0	0.0	0.0	0.0	0.0	0.0	0.0
Root; d__Bacteria; p__Acidobacteriota; c__Blastocatellia; o__Pyrinomonadales; f__Pyrinomonadaceae; g__SMAGOTU_02691	0.0	0.0	0.0	0.0	0.0	0.0	0.0	0.0	0.0	0.0	0.0	0.0	0.0	0.0	0.0	0.0	0.0	0.0	0.0	0.0	0.0	0.0	0.0	0.0	0.0	0.0	0.0	0.0	0.0	0.0	0.0	0.0	0.0	0.0	0.0	0.0	0.0	0.0	0.0	0.0	0.0	0.0	0.0	0.0	0.0	0.0	0.0	0.0	0.0	0.0	0.0	0.0	0.0	0.0	0.0	0.0	0.0	0.01	0.0	0.0	0.0	0.01	0.0	0.0	0.0	0.0	0.0	0.0	0.0	0.0	0.0	0.0
Root; d__Bacteria; p__Acidobacteriota; c__Blastocatellia; o__UBA7656; f__UBA7656; g__JACQDB01	0.0	0.0	0.0	0.0	0.0	0.0	0.0	0.0	0.0	0.0	0.0	0.0	0.0	0.0	0.0	0.0	0.0	0.0	0.0	0.0	0.0	0.0	0.0	0.0	0.0	0.0	0.0	0.0	0.0	0.0	0.0	0.0	0.0	0.0	0.0	0.0	0.0	0.0	0.0	0.0	0.0	0.0	0.0	0.0	0.0	0.0	0.0	0.0	0.0	0.0	0.0	0.0	0.0	0.0	0.0	0.0	0.0	0.02	0.01	0.0	0.01	0.01	0.0	0.0	0.0	0.0	0.0	0.0	0.0	0.0	0.0	0.0
Root; d__Bacteria; p__Acidobacteriota; c__Blastocatellia; o__UBA7656; f__JADIYM01; g__DAOMFM01	0.0	0.0	0.0	0.0	0.0	0.0	0.0	0.0	0.0	0.0	0.0	0.0	0.0	0.0	0.0	0.0	0.0	0.0	0.0	0.0	0.0	0.0	0.0	0.0	0.0	0.0	0.0	0.0	0.0	0.0	0.0	0.0	0.0	0.0	0.0	0.0	0.0	0.0	0.0	0.0	0.0	0.0	0.0	0.0	0.0	0.0	0.0	0.0	0.0	0.0	0.0	0.0	0.0	0.0	0.0	0.0	0.0	0.01	0.01	0.0	0.02	0.02	0.0	0.0	0.0	0.0	0.0	0.0	0.0	0.0	0.0	0.0
Root; d__Bacteria; p__Acidobacteriota; c__Thermoanaerobaculia; o__Gp7-AA8; f__Gp7-AA8; g__DATLEX01	0.0	0.0	0.0	0.0	0.0	0.0	0.0	0.0	0.0	0.0	0.0	0.0	0.0	0.0	0.0	0.0	0.0	0.0	0.0	0.0	0.0	0.0	0.0	0.0	0.0	0.0	0.0	0.0	0.0	0.0	0.0	0.0	0.0	0.0	0.0	0.0	0.0	0.0	0.0	0.0	0.0	0.0	0.0	0.0	0.0	0.0	0.0	0.0	0.0	0.0	0.0	0.0	0.0	0.0	0.0	0.0	0.0	0.01	0.0	0.0	0.0	0.0	0.0	0.0	0.0	0.0	0.0	0.0	0.0	0.0	0.0	0.0
Root; d__Bacteria; p__Acidobacteriota; c__Thermoanaerobaculia; o__Gp7-AA8; f__Gp7-AA8; g__SPIREOTU_00494134	0.0	0.0	0.0	0.0	0.0	0.0	0.0	0.0	0.0	0.0	0.0	0.0	0.0	0.0	0.0	0.0	0.0	0.0	0.0	0.0	0.0	0.0	0.0	0.0	0.0	0.0	0.0	0.0	0.0	0.0	0.0	0.0	0.0	0.0	0.0	0.0	0.0	0.0	0.0	0.0	0.0	0.0	0.0	0.0	0.0	0.0	0.0	0.0	0.0	0.0	0.0	0.0	0.0	0.0	0.0	0.0	0.0	0.01	0.0	0.0	0.0	0.01	0.0	0.0	0.0	0.0	0.0	0.0	0.0	0.0	0.0	0.0
Root; d__Bacteria; p__Acidobacteriota; c__Thermoanaerobaculia; o__Multivoradales; f__UBA5704; g__DATAHG01	0.0	0.0	0.0	0.0	0.0	0.0	0.0	0.0	0.0	0.0	0.0	0.0	0.0	0.0	0.0	0.0	0.0	0.0	0.0	0.0	0.0	0.0	0.0	0.0	0.0	0.0	0.0	0.0	0.0	0.0	0.0	0.0	0.0	0.0	0.0	0.0	0.0	0.0	0.0	0.0	0.0	0.0	0.0	0.0	0.0	0.0	0.0	0.0	0.0	0.0	0.0	0.0	0.0	0.0	0.0	0.0	0.0	0.01	0.01	0.0	0.0	0.0	0.0	0.0	0.0	0.0	0.0	0.0	0.0	0.0	0.0	0.0
Root; d__Bacteria; p__Verrucomicrobiota; c__Verrucomicrobiia; o__Opitutales; f__Opitutaceae; g__Opi-474	0.0	0.0	0.0	0.0	0.0	0.0	0.0	0.0	0.0	0.0	0.0	0.0	0.0	0.0	0.0	0.0	0.0	0.0	0.0	0.0	0.0	0.0	0.0	0.0	0.0	0.0	0.0	0.0	0.0	0.0	0.0	0.0	0.0	0.0	0.0	0.0	0.0	0.0	0.0	0.0	0.0	0.0	0.0	0.0	0.0	0.0	0.0	0.0	0.0	0.0	0.0	0.0	0.0	0.0	0.0	0.0	0.0	0.01	0.0	0.0	0.0	0.01	0.0	0.0	0.0	0.0	0.0	0.0	0.0	0.0	0.0	0.0
Root; d__Bacteria; p__Verrucomicrobiota; c__Verrucomicrobiia; o__Opitutales; f__Opitutaceae; g__Rariglobus	0.0	0.0	0.0	0.0	0.0	0.0	0.0	0.0	0.0	0.0	0.0	0.0	0.0	0.0	0.0	0.0	0.0	0.0	0.0	0.0	0.0	0.0	0.0	0.0	0.0	0.0	0.0	0.0	0.0	0.0	0.0	0.0	0.0	0.0	0.0	0.0	0.0	0.0	0.0	0.0	0.0	0.0	0.0	0.0	0.0	0.0	0.0	0.0	0.0	0.0	0.0	0.0	0.0	0.0	0.0	0.0	0.0	0.01	0.0	0.0	0.0	0.0	0.0	0.0	0.0	0.0	0.0	0.0	0.0	0.0	0.0	0.0
Root; d__Bacteria; p__Verrucomicrobiota; c__Verrucomicrobiia; o__Chthoniobacterales; f__UBA10450; g__JAICXG01	0.0	0.0	0.0	0.0	0.0	0.0	0.0	0.0	0.0	0.0	0.0	0.0	0.0	0.0	0.0	0.0	0.0	0.0	0.0	0.0	0.0	0.0	0.0	0.0	0.0	0.0	0.0	0.0	0.0	0.0	0.0	0.0	0.0	0.0	0.0	0.0	0.0	0.0	0.0	0.0	0.0	0.0	0.0	0.0	0.0	0.0	0.0	0.0	0.0	0.0	0.0	0.0	0.0	0.0	0.0	0.0	0.0	0.01	0.0	0.0	0.01	0.0	0.0	0.0	0.0	0.0	0.0	0.0	0.0	0.0	0.0	0.0
Root; d__Bacteria; p__Verrucomicrobiota; c__Verrucomicrobiia; o__Limisphaerales; f__SIBH01; g__SPIREOTU_01877440	0.0	0.0	0.0	0.0	0.0	0.0	0.0	0.0	0.0	0.0	0.0	0.0	0.0	0.0	0.0	0.0	0.0	0.0	0.0	0.0	0.0	0.0	0.0	0.0	0.0	0.0	0.0	0.0	0.0	0.0	0.0	0.0	0.0	0.0	0.0	0.0	0.0	0.0	0.0	0.0	0.0	0.0	0.0	0.0	0.0	0.0	0.0	0.0	0.0	0.0	0.0	0.0	0.0	0.0	0.0	0.0	0.0	0.01	0.01	0.0	0.01	0.01	0.0	0.02	0.0	0.0	0.02	0.0	0.0	0.0	0.0	0.0
Root; d__Bacteria; p__Verrucomicrobiota; c__Verrucomicrobiia; o__Limisphaerales; f__SXQI01; g__SPIREOTU_00059271	0.0	0.0	0.0	0.0	0.0	0.0	0.0	0.0	0.0	0.0	0.0	0.0	0.0	0.0	0.0	0.0	0.0	0.0	0.0	0.0	0.0	0.0	0.0	0.0	0.0	0.0	0.0	0.0	0.0	0.0	0.0	0.0	0.0	0.0	0.0	0.0	0.0	0.0	0.0	0.0	0.0	0.0	0.0	0.0	0.0	0.0	0.0	0.0	0.0	0.0	0.0	0.0	0.0	0.0	0.0	0.0	0.0	0.01	0.0	0.0	0.0	0.0	0.0	0.0	0.0	0.0	0.0	0.0	0.0	0.0	0.0	0.0
Root; d__Bacteria; p__Verrucomicrobiota; c__Verrucomicrobiia; o__Limisphaerales; f__JBBRPK01; g__SPIREOTU_01823890	0.0	0.0	0.0	0.0	0.0	0.0	0.0	0.0	0.0	0.0	0.0	0.0	0.0	0.0	0.0	0.0	0.0	0.0	0.0	0.0	0.0	0.0	0.0	0.0	0.0	0.0	0.0	0.0	0.0	0.0	0.0	0.0	0.0	0.0	0.0	0.0	0.0	0.0	0.0	0.0	0.0	0.0	0.0	0.0	0.0	0.0	0.0	0.0	0.0	0.0	0.0	0.0	0.0	0.0	0.0	0.0	0.0	0.01	0.0	0.0	0.0	0.01	0.0	0.0	0.0	0.0	0.0	0.0	0.0	0.0	0.0	0.0
Root; d__Bacteria; p__Verrucomicrobiota; c__Verrucomicrobiia; o__Limisphaerales; f__Pedosphaeraceae; g__Pedosphaera	0.0	0.0	0.0	0.0	0.0	0.0	0.0	0.0	0.0	0.0	0.0	0.0	0.0	0.0	0.0	0.0	0.0	0.0	0.0	0.0	0.0	0.0	0.0	0.0	0.0	0.0	0.0	0.0	0.0	0.0	0.0	0.0	0.0	0.0	0.0	0.0	0.0	0.0	0.0	0.0	0.0	0.0	0.0	0.0	0.0	0.0	0.0	0.0	0.0	0.0	0.0	0.0	0.0	0.0	0.0	0.0	0.0	0.01	0.01	0.0	0.01	0.01	0.0	0.0	0.0	0.0	0.0	0.0	0.0	0.0	0.01	0.0
Root; d__Bacteria; p__Verrucomicrobiota; c__Verrucomicrobiia; o__Limisphaerales; f__JAQGOV01; g__SMAGOTU_18675	0.0	0.0	0.0	0.0	0.0	0.0	0.0	0.0	0.0	0.0	0.0	0.0	0.0	0.0	0.0	0.0	0.0	0.0	0.0	0.0	0.0	0.0	0.0	0.0	0.0	0.0	0.0	0.0	0.0	0.0	0.0	0.0	0.0	0.0	0.0	0.0	0.0	0.0	0.0	0.0	0.0	0.0	0.0	0.0	0.0	0.0	0.0	0.0	0.0	0.0	0.0	0.0	0.0	0.0	0.0	0.0	0.0	0.01	0.0	0.0	0.0	0.0	0.0	0.0	0.0	0.0	0.0	0.0	0.0	0.0	0.0	0.0
Root; d__Bacteria; p__Verrucomicrobiota; c__Verrucomicrobiia; o__Limisphaerales; f__DATENK01; g__DATENK01	0.0	0.0	0.0	0.0	0.0	0.0	0.0	0.0	0.0	0.0	0.0	0.0	0.0	0.0	0.0	0.0	0.0	0.0	0.0	0.0	0.0	0.0	0.0	0.0	0.0	0.0	0.0	0.0	0.0	0.0	0.0	0.0	0.0	0.0	0.0	0.0	0.0	0.0	0.0	0.0	0.0	0.0	0.0	0.0	0.0	0.0	0.0	0.0	0.0	0.0	0.0	0.0	0.0	0.0	0.0	0.0	0.0	0.01	0.0	0.0	0.0	0.0	0.0	0.0	0.0	0.0	0.0	0.0	0.0	0.0	0.0	0.0
Root; d__Bacteria; p__Desulfobacterota; c__Binatia; o__UBA9968; f__UBA9968; g__DP-1	0.0	0.0	0.0	0.0	0.0	0.0	0.0	0.0	0.0	0.0	0.0	0.0	0.0	0.0	0.0	0.0	0.0	0.0	0.0	0.0	0.0	0.0	0.0	0.0	0.0	0.0	0.0	0.0	0.0	0.0	0.0	0.0	0.0	0.0	0.0	0.0	0.0	0.0	0.0	0.0	0.0	0.0	0.0	0.0	0.0	0.0	0.0	0.0	0.0	0.0	0.0	0.0	0.0	0.0	0.0	0.0	0.0	0.01	0.01	0.0	0.01	0.02	0.0	0.0	0.0	0.0	0.0	0.0	0.0	0.0	0.0	0.0
Root; d__Bacteria; p__Desulfobacterota; c__Binatia; o__Bin18; f__Bin18; g__SYOC01	0.0	0.0	0.0	0.0	0.0	0.0	0.0	0.0	0.0	0.0	0.0	0.0	0.0	0.0	0.0	0.0	0.0	0.0	0.0	0.0	0.0	0.0	0.0	0.0	0.0	0.0	0.0	0.0	0.0	0.0	0.0	0.0	0.0	0.0	0.0	0.0	0.0	0.0	0.0	0.0	0.0	0.0	0.0	0.0	0.0	0.0	0.0	0.0	0.0	0.0	0.0	0.0	0.0	0.0	0.0	0.0	0.0	0.01	0.0	0.0	0.01	0.01	0.0	0.0	0.0	0.0	0.01	0.0	0.0	0.0	0.0	0.0
Root; d__Bacteria; p__Desulfobacterota; c__Binatia; o__UTPRO1; f__UTPRO1; g__DP-19	0.0	0.0	0.0	0.0	0.0	0.0	0.0	0.0	0.0	0.0	0.0	0.0	0.0	0.0	0.0	0.0	0.0	0.0	0.0	0.0	0.0	0.0	0.0	0.0	0.0	0.0	0.0	0.0	0.0	0.0	0.0	0.0	0.0	0.0	0.0	0.0	0.0	0.0	0.0	0.0	0.0	0.0	0.0	0.0	0.0	0.0	0.0	0.0	0.0	0.0	0.0	0.0	0.0	0.0	0.0	0.0	0.0	0.02	0.01	0.0	0.01	0.01	0.02	0.0	0.0	0.0	0.0	0.0	0.0	0.01	0.02	0.0
Root; d__Bacteria; p__Bacteroidota; c__Bacteroidia; o__Chitinophagales; f__Chitinophagaceae; g__SPIREOTU_01782194	0.0	0.0	0.0	0.0	0.0	0.0	0.0	0.0	0.0	0.0	0.0	0.0	0.0	0.0	0.0	0.0	0.0	0.0	0.0	0.0	0.0	0.0	0.0	0.0	0.0	0.0	0.0	0.0	0.0	0.0	0.0	0.0	0.0	0.0	0.0	0.0	0.0	0.0	0.0	0.0	0.0	0.0	0.0	0.0	0.0	0.0	0.0	0.0	0.0	0.0	0.0	0.0	0.0	0.0	0.0	0.0	0.0	0.01	0.01	0.0	0.01	0.0	0.0	0.0	0.0	0.0	0.0	0.0	0.0	0.0	0.0	0.0
Root; d__Bacteria; p__Bacteroidota; c__Bacteroidia; o__AKYH767-A; f__2013-40CM-41-45; g__GCMETA_00120289	0.0	0.0	0.0	0.0	0.0	0.0	0.0	0.0	0.0	0.0	0.0	0.0	0.0	0.0	0.0	0.0	0.0	0.0	0.0	0.0	0.0	0.0	0.0	0.0	0.0	0.0	0.0	0.0	0.0	0.0	0.0	0.0	0.0	0.0	0.0	0.0	0.0	0.0	0.0	0.0	0.0	0.0	0.0	0.0	0.0	0.0	0.0	0.0	0.0	0.0	0.0	0.0	0.0	0.0	0.0	0.0	0.0	0.01	0.01	0.0	0.0	0.0	0.0	0.0	0.0	0.0	0.0	0.0	0.0	0.0	0.0	0.0
Root; d__Bacteria; p__Bdellovibrionota; c__UBA1018; o__UBA1018; f__UBA1018; g__CAINWE01	0.0	0.0	0.0	0.0	0.0	0.0	0.0	0.0	0.0	0.0	0.0	0.0	0.0	0.0	0.0	0.0	0.0	0.0	0.0	0.0	0.0	0.0	0.0	0.0	0.0	0.0	0.0	0.0	0.0	0.0	0.0	0.0	0.0	0.0	0.0	0.0	0.0	0.0	0.0	0.0	0.0	0.0	0.0	0.0	0.0	0.0	0.0	0.0	0.0	0.0	0.0	0.0	0.0	0.0	0.0	0.0	0.0	0.01	0.01	0.0	0.01	0.01	0.0	0.0	0.0	0.0	0.0	0.0	0.0	0.0	0.0	0.0
Root; d__Bacteria; p__Patescibacteriota; c__Saccharimonadia; o__Saccharimonadales; f__UBA4665; g__UBA4665	0.0	0.0	0.0	0.0	0.0	0.0	0.0	0.0	0.0	0.0	0.0	0.0	0.0	0.0	0.0	0.0	0.0	0.0	0.0	0.0	0.0	0.0	0.0	0.0	0.0	0.0	0.0	0.0	0.0	0.0	0.0	0.0	0.0	0.0	0.0	0.0	0.0	0.0	0.0	0.0	0.0	0.0	0.0	0.0	0.0	0.0	0.0	0.0	0.0	0.0	0.0	0.0	0.0	0.0	0.0	0.0	0.0	0.01	0.0	0.0	0.0	0.0	0.0	0.02	0.0	0.0	0.0	0.0	0.0	0.0	0.0	0.0
Root; d__Bacteria; p__Patescibacteriota; c__Saccharimonadia; o__Saccharimonadales; f__Saccharimonadaceae; g__Microsaccharimonas	0.0	0.0	0.0	0.0	0.0	0.0	0.0	0.0	0.0	0.0	0.0	0.0	0.0	0.0	0.0	0.0	0.0	0.0	0.0	0.0	0.0	0.0	0.0	0.0	0.0	0.0	0.0	0.0	0.0	0.0	0.0	0.0	0.0	0.0	0.0	0.0	0.0	0.0	0.0	0.0	0.0	0.0	0.0	0.0	0.0	0.0	0.0	0.0	0.0	0.0	0.0	0.0	0.0	0.0	0.0	0.0	0.0	0.01	0.0	0.0	0.0	0.0	0.0	0.0	0.0	0.0	0.0	0.0	0.0	0.0	0.0	0.0
Root; d__Bacteria; p__Patescibacteriota; c__Saccharimonadia; o__Saccharimonadales; f__Saccharimonadaceae; g__JALRBM01	0.0	0.0	0.0	0.0	0.0	0.0	0.0	0.0	0.0	0.0	0.0	0.0	0.0	0.0	0.0	0.0	0.0	0.0	0.0	0.0	0.0	0.0	0.0	0.0	0.0	0.0	0.0	0.0	0.0	0.0	0.0	0.0	0.0	0.0	0.0	0.0	0.0	0.0	0.0	0.0	0.0	0.0	0.0	0.0	0.0	0.0	0.0	0.0	0.0	0.0	0.0	0.0	0.0	0.0	0.0	0.0	0.0	0.02	0.02	0.02	0.0	0.0	0.0	0.0	0.0	0.0	0.0	0.0	0.0	0.0	0.0	0.0
Root; d__Bacteria; p__Patescibacteriota; c__Saccharimonadia; o__UBA4664; f__UBA4664; g__UBA5169	0.0	0.0	0.0	0.0	0.0	0.0	0.0	0.0	0.0	0.0	0.0	0.0	0.0	0.0	0.0	0.0	0.0	0.0	0.0	0.0	0.0	0.0	0.0	0.0	0.0	0.0	0.0	0.0	0.0	0.0	0.0	0.0	0.0	0.0	0.0	0.0	0.0	0.0	0.0	0.0	0.0	0.0	0.0	0.0	0.0	0.0	0.0	0.0	0.0	0.0	0.0	0.0	0.0	0.0	0.0	0.0	0.0	0.01	0.0	0.0	0.0	0.01	0.0	0.0	0.0	0.0	0.02	0.0	0.0	0.0	0.0	0.0
Root; d__Bacteria; p__Patescibacteriota; c__Minisyncoccia; o__Phycocordibacterales; f__UBA9973; g__UBA9973	0.0	0.0	0.0	0.0	0.0	0.0	0.0	0.0	0.0	0.0	0.0	0.0	0.0	0.0	0.0	0.0	0.0	0.0	0.0	0.0	0.0	0.0	0.0	0.0	0.0	0.0	0.0	0.0	0.0	0.0	0.0	0.0	0.0	0.0	0.0	0.0	0.0	0.0	0.0	0.0	0.0	0.0	0.0	0.0	0.0	0.0	0.0	0.0	0.0	0.0	0.0	0.0	0.0	0.0	0.0	0.0	0.0	0.01	0.01	0.0	0.01	0.0	0.0	0.0	0.0	0.0	0.0	0.0	0.0	0.0	0.01	0.0
Root; d__Bacteria; p__Patescibacteriota; c__Gracilibacteria; o__BD1-5; f__UBA2023; g__JBMOJK01	0.0	0.0	0.0	0.0	0.0	0.0	0.0	0.0	0.0	0.0	0.0	0.0	0.0	0.0	0.0	0.0	0.0	0.0	0.0	0.0	0.0	0.0	0.0	0.0	0.0	0.0	0.0	0.0	0.0	0.0	0.0	0.0	0.0	0.0	0.0	0.0	0.0	0.0	0.0	0.0	0.0	0.0	0.0	0.0	0.0	0.0	0.0	0.0	0.0	0.0	0.0	0.0	0.0	0.0	0.0	0.0	0.0	0.01	0.01	0.0	0.01	0.01	0.0	0.0	0.0	0.0	0.0	0.0	0.0	0.0	0.0	0.0
Root; d__Bacteria; p__Chloroflexota; c__Chloroflexia; o__QHBQ01; f__JADMIH01; g__MOTU40_122787	0.0	0.0	0.0	0.0	0.0	0.0	0.0	0.0	0.0	0.0	0.0	0.0	0.0	0.0	0.0	0.0	0.0	0.0	0.0	0.0	0.0	0.0	0.0	0.0	0.0	0.0	0.0	0.0	0.0	0.0	0.0	0.0	0.0	0.0	0.0	0.0	0.0	0.0	0.0	0.0	0.0	0.0	0.0	0.0	0.0	0.0	0.0	0.0	0.0	0.0	0.0	0.0	0.0	0.0	0.0	0.0	0.0	0.01	0.0	0.0	0.01	0.01	0.01	0.0	0.0	0.0	0.0	0.0	0.0	0.0	0.0	0.0
Root; d__Bacteria; p__Chloroflexota; c__Chloroflexia; o__QHBQ01; f__JAICKM01; g__JBBSAN01	0.0	0.0	0.0	0.0	0.0	0.0	0.0	0.0	0.0	0.0	0.0	0.0	0.0	0.0	0.0	0.0	0.0	0.0	0.0	0.0	0.0	0.0	0.0	0.0	0.0	0.0	0.0	0.0	0.0	0.0	0.0	0.0	0.0	0.0	0.0	0.0	0.0	0.0	0.0	0.0	0.0	0.0	0.0	0.0	0.0	0.0	0.0	0.0	0.0	0.0	0.0	0.0	0.0	0.0	0.0	0.0	0.0	0.01	0.01	0.0	0.02	0.02	0.0	0.0	0.0	0.0	0.03	0.0	0.0	0.0	0.0	0.0
Root; d__Bacteria; p__Chloroflexota; c__Chloroflexia; o__QHBQ01; f__JAICKM01; g__MGYG000535616	0.0	0.0	0.0	0.0	0.0	0.0	0.0	0.0	0.0	0.0	0.0	0.0	0.0	0.0	0.0	0.0	0.0	0.0	0.0	0.0	0.0	0.0	0.0	0.0	0.0	0.0	0.0	0.0	0.0	0.0	0.0	0.0	0.0	0.0	0.0	0.0	0.0	0.0	0.0	0.0	0.0	0.0	0.0	0.0	0.0	0.0	0.0	0.0	0.0	0.0	0.0	0.0	0.0	0.0	0.0	0.0	0.0	0.01	0.01	0.0	0.01	0.01	0.0	0.0	0.0	0.0	0.0	0.0	0.0	0.0	0.0	0.0
Root; d__Bacteria; p__Chloroflexota; c__Chloroflexia; o__Chloroflexales; f__Roseiflexaceae; g__SMAGOTU_02931	0.0	0.0	0.0	0.0	0.0	0.0	0.0	0.0	0.0	0.0	0.0	0.0	0.0	0.0	0.0	0.0	0.0	0.0	0.0	0.0	0.0	0.0	0.0	0.0	0.0	0.0	0.0	0.0	0.0	0.0	0.0	0.0	0.0	0.0	0.0	0.0	0.0	0.0	0.0	0.0	0.0	0.0	0.0	0.0	0.0	0.0	0.0	0.0	0.0	0.0	0.0	0.0	0.0	0.0	0.0	0.0	0.0	0.01	0.01	0.0	0.02	0.01	0.03	0.02	0.02	0.0	0.0	0.0	0.0	0.01	0.0	0.0
Root; d__Bacteria; p__Chloroflexota; c__Limnocylindria; o__Limnocylindrales; f__CSP1-4; g__Palsa-1033	0.0	0.0	0.0	0.0	0.0	0.0	0.0	0.0	0.0	0.0	0.0	0.0	0.0	0.0	0.0	0.0	0.0	0.0	0.0	0.0	0.0	0.0	0.0	0.0	0.0	0.0	0.0	0.0	0.0	0.0	0.0	0.0	0.0	0.0	0.0	0.0	0.0	0.0	0.0	0.0	0.0	0.0	0.0	0.0	0.0	0.0	0.0	0.0	0.0	0.0	0.0	0.0	0.0	0.0	0.0	0.0	0.0	0.01	0.01	0.0	0.01	0.01	0.0	0.0	0.02	0.0	0.0	0.02	0.0	0.0	0.0	0.0
Root; d__Bacteria; p__Chloroflexota; c__Limnocylindria; o__Limnocylindrales; f__CSP1-4; g__TPMCS_00910	0.0	0.0	0.0	0.0	0.0	0.0	0.0	0.0	0.0	0.0	0.0	0.0	0.0	0.0	0.0	0.0	0.0	0.0	0.0	0.0	0.0	0.0	0.0	0.0	0.0	0.0	0.0	0.0	0.0	0.0	0.0	0.0	0.0	0.0	0.0	0.0	0.0	0.0	0.0	0.0	0.0	0.0	0.0	0.0	0.0	0.0	0.0	0.0	0.0	0.0	0.0	0.0	0.0	0.0	0.0	0.0	0.0	0.01	0.0	0.0	0.0	0.01	0.0	0.0	0.0	0.0	0.0	0.0	0.0	0.0	0.0	0.0
Root; d__Bacteria; p__Chloroflexota; c__Limnocylindria; o__P2-11E; f__P2-11E; g__UBA4735	0.0	0.0	0.0	0.0	0.0	0.0	0.0	0.0	0.0	0.0	0.0	0.0	0.0	0.0	0.0	0.0	0.0	0.0	0.0	0.0	0.0	0.0	0.0	0.0	0.0	0.0	0.0	0.0	0.0	0.0	0.0	0.0	0.0	0.0	0.0	0.0	0.0	0.0	0.0	0.0	0.0	0.0	0.0	0.0	0.0	0.0	0.0	0.0	0.0	0.0	0.0	0.0	0.0	0.0	0.0	0.0	0.0	0.02	0.01	0.0	0.01	0.02	0.0	0.0	0.02	0.0	0.0	0.02	0.0	0.0	0.0	0.0
Root; d__Bacteria; p__Chloroflexota; c__Anaerolineae; o__Anaerolineales; f__UBA6663; g__JAYTFQ01	0.0	0.0	0.0	0.0	0.0	0.0	0.0	0.0	0.0	0.0	0.0	0.0	0.0	0.0	0.0	0.0	0.0	0.0	0.0	0.0	0.0	0.0	0.0	0.0	0.0	0.0	0.0	0.0	0.0	0.0	0.0	0.0	0.0	0.0	0.0	0.0	0.0	0.0	0.0	0.0	0.0	0.0	0.0	0.0	0.0	0.0	0.0	0.0	0.0	0.0	0.0	0.0	0.0	0.0	0.0	0.0	0.0	0.02	0.02	0.0	0.01	0.01	0.0	0.0	0.0	0.0	0.0	0.0	0.0	0.02	0.0	0.0
Root; d__Bacteria; p__Chloroflexota; c__Anaerolineae; o__Aggregatilineales; f__UBA2796; g__JAJPHV01	0.0	0.0	0.0	0.0	0.0	0.0	0.0	0.0	0.0	0.0	0.0	0.0	0.0	0.0	0.0	0.0	0.0	0.0	0.0	0.0	0.0	0.0	0.0	0.0	0.0	0.0	0.0	0.0	0.0	0.0	0.0	0.0	0.0	0.0	0.0	0.0	0.0	0.0	0.0	0.0	0.0	0.0	0.0	0.0	0.0	0.0	0.0	0.0	0.0	0.0	0.0	0.0	0.0	0.0	0.0	0.0	0.0	0.01	0.01	0.0	0.01	0.01	0.0	0.0	0.01	0.0	0.01	0.02	0.0	0.0	0.0	0.0
Root; d__Bacteria; p__Chloroflexota; c__Anaerolineae; o__UBA4142; f__SHND01; g__SHND01	0.0	0.0	0.0	0.0	0.0	0.0	0.0	0.0	0.0	0.0	0.0	0.0	0.0	0.0	0.0	0.0	0.0	0.0	0.0	0.0	0.0	0.0	0.0	0.0	0.0	0.0	0.0	0.0	0.0	0.0	0.0	0.0	0.0	0.0	0.0	0.0	0.0	0.0	0.0	0.0	0.0	0.0	0.0	0.0	0.0	0.0	0.0	0.0	0.0	0.0	0.0	0.0	0.0	0.0	0.0	0.0	0.0	0.01	0.0	0.0	0.01	0.01	0.0	0.0	0.0	0.0	0.0	0.0	0.0	0.0	0.0	0.0
Root; d__Bacteria; p__Chloroflexota; c__UBA5177; o__SPIREOTU_01175024; f__SPIREOTU_01175024; g__SPIREOTU_01175024	0.0	0.0	0.0	0.0	0.0	0.0	0.0	0.0	0.0	0.0	0.0	0.0	0.0	0.0	0.0	0.0	0.0	0.0	0.0	0.0	0.0	0.0	0.0	0.0	0.0	0.0	0.0	0.0	0.0	0.0	0.0	0.0	0.0	0.0	0.0	0.0	0.0	0.0	0.0	0.0	0.0	0.0	0.0	0.0	0.0	0.0	0.0	0.0	0.0	0.0	0.0	0.0	0.0	0.0	0.0	0.0	0.0	0.01	0.01	0.0	0.0	0.01	0.0	0.0	0.0	0.0	0.0	0.0	0.0	0.0	0.01	0.0
Root; d__Bacteria; p__Chloroflexota; c__UBA5177; o__SPIREOTU_01175024; f__SPIREOTU_01174954; g__SPIREOTU_01174618	0.0	0.0	0.0	0.0	0.0	0.0	0.0	0.0	0.0	0.0	0.0	0.0	0.0	0.0	0.0	0.0	0.0	0.0	0.0	0.0	0.0	0.0	0.0	0.0	0.0	0.0	0.0	0.0	0.0	0.0	0.0	0.0	0.0	0.0	0.0	0.0	0.0	0.0	0.0	0.0	0.0	0.0	0.0	0.0	0.0	0.0	0.0	0.0	0.0	0.0	0.0	0.0	0.0	0.0	0.0	0.0	0.0	0.02	0.01	0.0	0.01	0.01	0.0	0.0	0.0	0.0	0.01	0.02	0.0	0.0	0.0	0.0
Root; d__Bacteria; p__Armatimonadota; c__SYMT01; o__SYMT01; f__SYMT01; g__SYMT01	0.0	0.0	0.0	0.0	0.0	0.0	0.0	0.0	0.0	0.0	0.0	0.0	0.0	0.0	0.0	0.0	0.0	0.0	0.0	0.0	0.0	0.0	0.0	0.0	0.0	0.0	0.0	0.0	0.0	0.0	0.0	0.0	0.0	0.0	0.0	0.0	0.0	0.0	0.0	0.0	0.0	0.0	0.0	0.0	0.0	0.0	0.0	0.0	0.0	0.0	0.0	0.0	0.0	0.0	0.0	0.0	0.0	0.01	0.0	0.0	0.0	0.0	0.0	0.0	0.0	0.0	0.0	0.0	0.0	0.0	0.0	0.0
Root; d__Bacteria; p__Armatimonadota; c__SYMT01; o__SYMT01; f__BCRBG_73794; g__BCRBG_73794	0.0	0.0	0.0	0.0	0.0	0.0	0.0	0.0	0.0	0.0	0.0	0.0	0.0	0.0	0.0	0.0	0.0	0.0	0.0	0.0	0.0	0.0	0.0	0.0	0.0	0.0	0.0	0.0	0.0	0.0	0.0	0.0	0.0	0.0	0.0	0.0	0.0	0.0	0.0	0.0	0.0	0.0	0.0	0.0	0.0	0.0	0.0	0.0	0.0	0.0	0.0	0.0	0.0	0.0	0.0	0.0	0.0	0.01	0.01	0.0	0.01	0.01	0.0	0.0	0.0	0.0	0.0	0.0	0.0	0.0	0.0	0.0
Root; d__Bacteria; p__Armatimonadota; c__Chthonomonadetes; o__Chthonomonadales; f__Chthonomonadaceae; g__DATGJU01	0.0	0.0	0.0	0.0	0.0	0.0	0.0	0.0	0.0	0.0	0.0	0.0	0.0	0.0	0.0	0.0	0.0	0.0	0.0	0.0	0.0	0.0	0.0	0.0	0.0	0.0	0.0	0.0	0.0	0.0	0.0	0.0	0.0	0.0	0.0	0.0	0.0	0.0	0.0	0.0	0.0	0.0	0.0	0.0	0.0	0.0	0.0	0.0	0.0	0.0	0.0	0.0	0.0	0.0	0.0	0.0	0.0	0.01	0.02	0.0	0.02	0.02	0.0	0.0	0.0	0.0	0.0	0.0	0.0	0.0	0.02	0.0
Root; d__Bacteria; p__Armatimonadota; c__Chthonomonadetes; o__Chthonomonadales; f__CAJBBX01; g__JBBROJ01	0.0	0.0	0.0	0.0	0.0	0.0	0.0	0.0	0.0	0.0	0.0	0.0	0.0	0.0	0.0	0.0	0.0	0.0	0.0	0.0	0.0	0.0	0.0	0.0	0.0	0.0	0.0	0.0	0.0	0.0	0.0	0.0	0.0	0.0	0.0	0.0	0.0	0.0	0.0	0.0	0.0	0.0	0.0	0.0	0.0	0.0	0.0	0.0	0.0	0.0	0.0	0.0	0.0	0.0	0.0	0.0	0.0	0.01	0.01	0.0	0.0	0.0	0.0	0.0	0.02	0.0	0.0	0.0	0.0	0.0	0.0	0.0
Root; d__Bacteria; p__Armatimonadota; c__Chthonomonadetes; o__Chthonomonadales; f__CAJBBX01; g__SPIREOTU_00491612	0.0	0.0	0.0	0.0	0.0	0.0	0.0	0.0	0.0	0.0	0.0	0.0	0.0	0.0	0.0	0.0	0.0	0.0	0.0	0.0	0.0	0.0	0.0	0.0	0.0	0.0	0.0	0.0	0.0	0.0	0.0	0.0	0.0	0.0	0.0	0.0	0.0	0.0	0.0	0.0	0.0	0.0	0.0	0.0	0.0	0.0	0.0	0.0	0.0	0.0	0.0	0.0	0.0	0.0	0.0	0.0	0.0	0.01	0.0	0.0	0.01	0.01	0.0	0.0	0.0	0.0	0.01	0.0	0.0	0.0	0.01	0.0
Root; d__Bacteria; p__Armatimonadota; c__Fimbriimonadia; o__Fimbriimonadales; f__Fimbriimonadaceae; g__SPIREOTU_00492109	0.0	0.0	0.0	0.0	0.0	0.0	0.0	0.0	0.0	0.0	0.0	0.0	0.0	0.0	0.0	0.0	0.0	0.0	0.0	0.0	0.0	0.0	0.0	0.0	0.0	0.0	0.0	0.0	0.0	0.0	0.0	0.0	0.0	0.0	0.0	0.0	0.0	0.0	0.0	0.0	0.0	0.0	0.0	0.0	0.0	0.0	0.0	0.0	0.0	0.0	0.0	0.0	0.0	0.0	0.0	0.0	0.0	0.01	0.01	0.0	0.01	0.01	0.0	0.0	0.02	0.0	0.0	0.0	0.0	0.0	0.0	0.0
Root; d__Bacteria; p__Myxococcota_A; c__Polyangia; o__Polyangiales; f__Polyangiaceae; g__SPIREOTU_00382087	0.0	0.0	0.0	0.0	0.0	0.0	0.0	0.0	0.0	0.0	0.0	0.0	0.0	0.0	0.0	0.0	0.0	0.0	0.0	0.0	0.0	0.0	0.0	0.0	0.0	0.0	0.0	0.0	0.0	0.0	0.0	0.0	0.0	0.0	0.0	0.0	0.0	0.0	0.0	0.0	0.0	0.0	0.0	0.0	0.0	0.0	0.0	0.0	0.0	0.0	0.0	0.0	0.0	0.0	0.0	0.0	0.0	0.01	0.01	0.0	0.01	0.01	0.0	0.0	0.0	0.0	0.0	0.0	0.0	0.0	0.0	0.0
Root; d__Bacteria; p__Myxococcota_A; c__Polyangia; o__Polyangiales; f__Polyangiaceae; g__TG2G_00617	0.0	0.0	0.0	0.0	0.0	0.0	0.0	0.0	0.0	0.0	0.0	0.0	0.0	0.0	0.0	0.0	0.0	0.0	0.0	0.0	0.0	0.0	0.0	0.0	0.0	0.0	0.0	0.0	0.0	0.0	0.0	0.0	0.0	0.0	0.0	0.0	0.0	0.0	0.0	0.0	0.0	0.0	0.0	0.0	0.0	0.0	0.0	0.0	0.0	0.0	0.0	0.0	0.0	0.0	0.0	0.0	0.0	0.01	0.0	0.0	0.01	0.01	0.0	0.0	0.0	0.0	0.0	0.0	0.0	0.0	0.0	0.0
Root; d__Bacteria; p__Myxococcota_A; c__Polyangia; o__Polyangiales; f__Polyangiaceae; g__SPIREOTU_01099332	0.0	0.0	0.0	0.0	0.0	0.0	0.0	0.0	0.0	0.0	0.0	0.0	0.0	0.0	0.0	0.0	0.0	0.0	0.0	0.0	0.0	0.0	0.0	0.0	0.0	0.0	0.0	0.0	0.0	0.0	0.0	0.0	0.0	0.0	0.0	0.0	0.0	0.0	0.0	0.0	0.0	0.0	0.0	0.0	0.0	0.0	0.0	0.0	0.0	0.0	0.0	0.0	0.0	0.0	0.0	0.0	0.0	0.01	0.0	0.0	0.01	0.01	0.0	0.0	0.0	0.0	0.0	0.0	0.0	0.0	0.0	0.0
Root; d__Bacteria; p__Myxococcota_A; c__Polyangia; o__Polyangiales; f__Polyangiaceae; g__Palsa-1150	0.0	0.0	0.0	0.0	0.0	0.0	0.0	0.0	0.0	0.0	0.0	0.0	0.0	0.0	0.0	0.0	0.0	0.0	0.0	0.0	0.0	0.0	0.0	0.0	0.0	0.0	0.0	0.0	0.0	0.0	0.0	0.0	0.0	0.0	0.0	0.0	0.0	0.0	0.0	0.0	0.0	0.0	0.0	0.0	0.0	0.0	0.0	0.0	0.0	0.0	0.0	0.0	0.0	0.0	0.0	0.0	0.0	0.01	0.0	0.0	0.0	0.01	0.0	0.0	0.0	0.0	0.0	0.0	0.0	0.0	0.0	0.0
Root; d__Bacteria; p__Myxococcota_A; c__Polyangia; o__Palsa-1104; f__JAEUJZ01; g__CALFML01	0.0	0.0	0.0	0.0	0.0	0.0	0.0	0.0	0.0	0.0	0.0	0.0	0.0	0.0	0.0	0.0	0.0	0.0	0.0	0.0	0.0	0.0	0.0	0.0	0.0	0.0	0.0	0.0	0.0	0.0	0.0	0.0	0.0	0.0	0.0	0.0	0.0	0.0	0.0	0.0	0.0	0.0	0.0	0.0	0.0	0.0	0.0	0.0	0.0	0.0	0.0	0.0	0.0	0.0	0.0	0.0	0.0	0.01	0.01	0.0	0.01	0.0	0.0	0.0	0.0	0.0	0.0	0.0	0.0	0.0	0.0	0.0
Root; d__Bacteria; p__Myxococcota_A; c__Polyangia; o__Palsa-1104; f__MOTU40_085013; g__MOTU40_085013	0.0	0.0	0.0	0.0	0.0	0.0	0.0	0.0	0.0	0.0	0.0	0.0	0.0	0.0	0.0	0.0	0.0	0.0	0.0	0.0	0.0	0.0	0.0	0.0	0.0	0.0	0.0	0.0	0.0	0.0	0.0	0.0	0.0	0.0	0.0	0.0	0.0	0.0	0.0	0.0	0.0	0.0	0.0	0.0	0.0	0.0	0.0	0.0	0.0	0.0	0.0	0.0	0.0	0.0	0.0	0.0	0.0	0.01	0.0	0.0	0.0	0.0	0.0	0.0	0.0	0.0	0.0	0.0	0.0	0.0	0.0	0.0
Root; d__Bacteria; p__Myxococcota; c__Myxococcia; o__Myxococcales; f__Myxococcaceae; g__JBGATB01	0.0	0.0	0.0	0.0	0.0	0.0	0.0	0.0	0.0	0.0	0.0	0.0	0.0	0.0	0.0	0.0	0.0	0.0	0.0	0.0	0.0	0.0	0.0	0.0	0.0	0.0	0.0	0.0	0.0	0.0	0.0	0.0	0.0	0.0	0.0	0.0	0.0	0.0	0.0	0.0	0.0	0.0	0.0	0.0	0.0	0.0	0.0	0.0	0.0	0.0	0.0	0.0	0.0	0.0	0.0	0.0	0.0	0.01	0.01	0.0	0.0	0.01	0.0	0.0	0.0	0.0	0.0	0.0	0.0	0.0	0.0	0.0
Root; d__Bacteria; p__Nitrospirota; c__Nitrospiria; o__Nitrospirales; f__NS-4; g__NS-4	0.0	0.0	0.0	0.0	0.0	0.0	0.0	0.0	0.0	0.0	0.0	0.0	0.0	0.0	0.0	0.0	0.0	0.0	0.0	0.0	0.0	0.0	0.0	0.0	0.0	0.0	0.0	0.0	0.0	0.0	0.0	0.0	0.0	0.0	0.0	0.0	0.0	0.0	0.0	0.0	0.0	0.0	0.0	0.0	0.0	0.0	0.0	0.0	0.0	0.0	0.0	0.0	0.0	0.0	0.0	0.0	0.0	0.01	0.01	0.0	0.01	0.02	0.0	0.0	0.0	0.0	0.0	0.0	0.0	0.02	0.0	0.0
Root; d__Bacteria; p__Gemmatimonadota; c__Gemmatimonadetes; o__Gemmatimonadales; f__Gemmatimonadaceae; g__SPIREOTU_01196212	0.0	0.0	0.0	0.0	0.0	0.0	0.0	0.0	0.0	0.0	0.0	0.0	0.0	0.0	0.0	0.0	0.0	0.0	0.0	0.0	0.0	0.0	0.0	0.0	0.0	0.0	0.0	0.0	0.0	0.0	0.0	0.0	0.0	0.0	0.0	0.0	0.0	0.0	0.0	0.0	0.0	0.0	0.0	0.0	0.0	0.0	0.0	0.0	0.0	0.0	0.0	0.0	0.0	0.0	0.0	0.0	0.0	0.01	0.0	0.0	0.0	0.0	0.0	0.0	0.0	0.0	0.0	0.0	0.0	0.0	0.0	0.0
Root; d__Bacteria; p__Gemmatimonadota; c__Gemmatimonadetes; o__Gemmatimonadales; f__Gemmatimonadaceae; g__SCN-70-22	0.0	0.0	0.0	0.0	0.0	0.0	0.0	0.0	0.0	0.0	0.0	0.0	0.0	0.0	0.0	0.0	0.0	0.0	0.0	0.0	0.0	0.0	0.0	0.0	0.0	0.0	0.0	0.0	0.0	0.0	0.0	0.0	0.0	0.0	0.0	0.0	0.0	0.0	0.0	0.0	0.0	0.0	0.0	0.0	0.0	0.0	0.0	0.0	0.0	0.0	0.0	0.0	0.0	0.0	0.0	0.0	0.0	0.01	0.02	0.0	0.01	0.01	0.0	0.0	0.0	0.0	0.0	0.0	0.0	0.0	0.0	0.0
Root; d__Bacteria; p__Gemmatimonadota; c__Gemmatimonadetes; o__Gemmatimonadales; f__GWC2-71-9; g__JABFSM01	0.0	0.0	0.0	0.0	0.0	0.0	0.0	0.0	0.0	0.0	0.0	0.0	0.0	0.0	0.0	0.0	0.0	0.0	0.0	0.0	0.0	0.0	0.0	0.0	0.0	0.0	0.0	0.0	0.0	0.0	0.0	0.0	0.0	0.0	0.0	0.0	0.0	0.0	0.0	0.0	0.0	0.0	0.0	0.0	0.0	0.0	0.0	0.0	0.0	0.0	0.0	0.0	0.0	0.0	0.0	0.0	0.0	0.01	0.0	0.0	0.0	0.0	0.0	0.0	0.0	0.0	0.0	0.0	0.0	0.0	0.0	0.0
Root; d__Bacteria; p__Gemmatimonadota; c__Gemmatimonadetes; o__Gemmatimonadales; f__GWC2-71-9; g__SHZU01	0.0	0.0	0.0	0.0	0.0	0.0	0.0	0.0	0.0	0.0	0.0	0.0	0.0	0.0	0.0	0.0	0.0	0.0	0.0	0.0	0.0	0.0	0.0	0.0	0.0	0.0	0.0	0.0	0.0	0.0	0.0	0.0	0.0	0.0	0.0	0.0	0.0	0.0	0.0	0.0	0.0	0.0	0.0	0.0	0.0	0.0	0.0	0.0	0.0	0.0	0.0	0.0	0.0	0.0	0.0	0.0	0.0	0.01	0.0	0.0	0.0	0.0	0.0	0.0	0.0	0.0	0.0	0.0	0.0	0.0	0.0	0.0
Root; d__Bacteria; p__Actinomycetota; c__Thermoleophilia; o__Solirubrobacterales; f__70-9; g__CAWGQG01	0.0	0.0	0.0	0.0	0.0	0.0	0.0	0.0	0.0	0.0	0.0	0.0	0.0	0.0	0.0	0.0	0.0	0.0	0.0	0.0	0.0	0.0	0.0	0.0	0.0	0.0	0.0	0.0	0.0	0.0	0.0	0.0	0.0	0.0	0.0	0.0	0.0	0.0	0.0	0.0	0.0	0.0	0.0	0.0	0.0	0.0	0.0	0.0	0.0	0.0	0.0	0.0	0.0	0.0	0.0	0.0	0.0	0.01	0.01	0.0	0.0	0.0	0.0	0.0	0.0	0.0	0.0	0.0	0.0	0.0	0.0	0.0
Root; d__Bacteria; p__Actinomycetota; c__Thermoleophilia; o__Solirubrobacterales; f__70-9; g__RSA11	0.0	0.0	0.0	0.0	0.0	0.0	0.0	0.0	0.0	0.0	0.0	0.0	0.0	0.0	0.0	0.0	0.0	0.0	0.0	0.0	0.0	0.0	0.0	0.0	0.0	0.0	0.0	0.0	0.0	0.0	0.0	0.0	0.0	0.0	0.0	0.0	0.0	0.0	0.0	0.0	0.0	0.0	0.0	0.0	0.0	0.0	0.0	0.0	0.0	0.0	0.0	0.0	0.0	0.0	0.0	0.0	0.0	0.01	0.0	0.0	0.0	0.01	0.0	0.0	0.0	0.0	0.0	0.0	0.0	0.0	0.0	0.0
Root; d__Bacteria; p__Actinomycetota; c__Thermoleophilia; o__Solirubrobacterales; f__Solirubrobacteraceae; g__SPIREOTU_01173789	0.0	0.0	0.0	0.0	0.0	0.0	0.0	0.0	0.0	0.0	0.0	0.0	0.0	0.0	0.0	0.0	0.0	0.0	0.0	0.0	0.0	0.0	0.0	0.0	0.0	0.0	0.0	0.0	0.0	0.0	0.0	0.0	0.0	0.0	0.0	0.0	0.0	0.0	0.0	0.0	0.0	0.0	0.0	0.0	0.0	0.0	0.0	0.0	0.0	0.0	0.0	0.0	0.0	0.0	0.0	0.0	0.0	0.01	0.01	0.0	0.01	0.01	0.0	0.0	0.0	0.0	0.0	0.0	0.0	0.0	0.0	0.0
Root; d__Bacteria; p__Actinomycetota; c__Thermoleophilia; o__Solirubrobacterales; f__Solirubrobacteraceae; g__JALYZC01	0.0	0.0	0.0	0.0	0.0	0.0	0.0	0.0	0.0	0.0	0.0	0.0	0.0	0.0	0.0	0.0	0.0	0.0	0.0	0.0	0.0	0.0	0.0	0.0	0.0	0.0	0.0	0.0	0.0	0.0	0.0	0.0	0.0	0.0	0.0	0.0	0.0	0.0	0.0	0.0	0.0	0.0	0.0	0.0	0.0	0.0	0.0	0.0	0.0	0.0	0.0	0.0	0.0	0.0	0.0	0.0	0.0	0.02	0.01	0.0	0.02	0.02	0.02	0.0	0.0	0.0	0.0	0.0	0.0	0.0	0.02	0.0
Root; d__Bacteria; p__Actinomycetota; c__Thermoleophilia; o__Solirubrobacterales; f__Solirubrobacteraceae; g__JALYMR01	0.0	0.0	0.0	0.0	0.0	0.0	0.0	0.0	0.0	0.0	0.0	0.0	0.0	0.0	0.0	0.0	0.0	0.0	0.0	0.0	0.0	0.0	0.0	0.0	0.0	0.0	0.0	0.0	0.0	0.0	0.0	0.0	0.0	0.0	0.0	0.0	0.0	0.0	0.0	0.0	0.0	0.0	0.0	0.0	0.0	0.0	0.0	0.0	0.0	0.0	0.0	0.0	0.0	0.0	0.0	0.0	0.0	0.01	0.0	0.0	0.01	0.01	0.0	0.0	0.0	0.0	0.0	0.0	0.0	0.0	0.0	0.0
Root; d__Bacteria; p__Actinomycetota; c__Thermoleophilia; o__Solirubrobacterales; f__Solirubrobacteraceae; g__VAWY01	0.0	0.0	0.0	0.0	0.0	0.0	0.0	0.0	0.0	0.0	0.0	0.0	0.0	0.0	0.0	0.0	0.0	0.0	0.0	0.0	0.0	0.0	0.0	0.0	0.0	0.0	0.0	0.0	0.0	0.0	0.0	0.0	0.0	0.0	0.0	0.0	0.0	0.0	0.0	0.0	0.0	0.0	0.0	0.0	0.0	0.0	0.0	0.0	0.0	0.0	0.0	0.0	0.0	0.0	0.0	0.0	0.0	0.01	0.01	0.0	0.01	0.01	0.02	0.0	0.0	0.0	0.0	0.0	0.0	0.0	0.0	0.0
Root; d__Bacteria; p__Actinomycetota; c__Thermoleophilia; o__Solirubrobacterales; f__Thermoleophilaceae; g__SPIREOTU_01952130	0.0	0.0	0.0	0.0	0.0	0.0	0.0	0.0	0.0	0.0	0.0	0.0	0.0	0.0	0.0	0.0	0.0	0.0	0.0	0.0	0.0	0.0	0.0	0.0	0.0	0.0	0.0	0.0	0.0	0.0	0.0	0.0	0.0	0.0	0.0	0.0	0.0	0.0	0.0	0.0	0.0	0.0	0.0	0.0	0.0	0.0	0.0	0.0	0.0	0.0	0.0	0.0	0.0	0.0	0.0	0.0	0.0	0.01	0.0	0.0	0.0	0.0	0.0	0.0	0.0	0.0	0.0	0.0	0.0	0.0	0.0	0.0
Root; d__Bacteria; p__Actinomycetota; c__Thermoleophilia; o__Solirubrobacterales; f__Thermoleophilaceae; g__JACCVG01	0.0	0.0	0.0	0.0	0.0	0.0	0.0	0.0	0.0	0.0	0.0	0.0	0.0	0.0	0.0	0.0	0.0	0.0	0.0	0.0	0.0	0.0	0.0	0.0	0.0	0.0	0.0	0.0	0.0	0.0	0.0	0.0	0.0	0.0	0.0	0.0	0.0	0.0	0.0	0.0	0.0	0.0	0.0	0.0	0.0	0.0	0.0	0.0	0.0	0.0	0.0	0.0	0.0	0.0	0.0	0.0	0.0	0.01	0.01	0.0	0.01	0.01	0.0	0.0	0.01	0.0	0.0	0.0	0.0	0.0	0.02	0.0
Root; d__Bacteria; p__Actinomycetota; c__Thermoleophilia; o__Solirubrobacterales; f__Thermoleophilaceae; g__CAWEHQ01	0.0	0.0	0.0	0.0	0.0	0.0	0.0	0.0	0.0	0.0	0.0	0.0	0.0	0.0	0.0	0.0	0.0	0.0	0.0	0.0	0.0	0.0	0.0	0.0	0.0	0.0	0.0	0.0	0.0	0.0	0.0	0.0	0.0	0.0	0.0	0.0	0.0	0.0	0.0	0.0	0.0	0.0	0.0	0.0	0.0	0.0	0.0	0.0	0.0	0.0	0.0	0.0	0.0	0.0	0.0	0.0	0.0	0.01	0.0	0.0	0.0	0.01	0.0	0.0	0.0	0.0	0.0	0.0	0.0	0.0	0.0	0.0
Root; d__Bacteria; p__Actinomycetota; c__Thermoleophilia; o__Gaiellales; f__Gaiellaceae; g__CAVZAC01	0.0	0.0	0.0	0.0	0.0	0.0	0.0	0.0	0.0	0.0	0.0	0.0	0.0	0.0	0.0	0.0	0.0	0.0	0.0	0.0	0.0	0.0	0.0	0.0	0.0	0.0	0.0	0.0	0.0	0.0	0.0	0.0	0.0	0.0	0.0	0.0	0.0	0.0	0.0	0.0	0.0	0.0	0.0	0.0	0.0	0.0	0.0	0.0	0.0	0.0	0.0	0.0	0.0	0.0	0.0	0.0	0.0	0.01	0.01	0.0	0.01	0.01	0.0	0.0	0.0	0.0	0.0	0.0	0.0	0.0	0.0	0.0
Root; d__Bacteria; p__Actinomycetota; c__Thermoleophilia; o__Gaiellales; f__Gaiellaceae; g__Fen-549	0.0	0.0	0.0	0.0	0.0	0.0	0.0	0.0	0.0	0.0	0.0	0.0	0.0	0.0	0.0	0.0	0.0	0.0	0.0	0.0	0.0	0.0	0.0	0.0	0.0	0.0	0.0	0.0	0.0	0.0	0.0	0.0	0.0	0.0	0.0	0.0	0.0	0.0	0.0	0.0	0.0	0.0	0.0	0.0	0.0	0.0	0.0	0.0	0.0	0.0	0.0	0.0	0.0	0.0	0.0	0.0	0.0	0.01	0.0	0.0	0.0	0.01	0.0	0.0	0.0	0.0	0.0	0.0	0.0	0.0	0.0	0.0
Root; d__Bacteria; p__Actinomycetota; c__Thermoleophilia; o__Gaiellales; f__Gaiellaceae; g__JACDAS01	0.0	0.0	0.0	0.0	0.0	0.0	0.0	0.0	0.0	0.0	0.0	0.0	0.0	0.0	0.0	0.0	0.0	0.0	0.0	0.0	0.0	0.0	0.0	0.0	0.0	0.0	0.0	0.0	0.0	0.0	0.0	0.0	0.0	0.0	0.0	0.0	0.0	0.0	0.0	0.0	0.0	0.0	0.0	0.0	0.0	0.0	0.0	0.0	0.0	0.0	0.0	0.0	0.0	0.0	0.0	0.0	0.0	0.01	0.01	0.0	0.01	0.01	0.0	0.0	0.0	0.0	0.0	0.0	0.0	0.0	0.0	0.0
Root; d__Bacteria; p__Actinomycetota; c__Thermoleophilia; o__Gaiellales; f__Gaiellaceae; g__SPIREOTU_01599924	0.0	0.0	0.0	0.0	0.0	0.0	0.0	0.0	0.0	0.0	0.0	0.0	0.0	0.0	0.0	0.0	0.0	0.0	0.0	0.0	0.0	0.0	0.0	0.0	0.0	0.0	0.0	0.0	0.0	0.0	0.0	0.0	0.0	0.0	0.0	0.0	0.0	0.0	0.0	0.0	0.0	0.0	0.0	0.0	0.0	0.0	0.0	0.0	0.0	0.0	0.0	0.0	0.0	0.0	0.0	0.0	0.0	0.01	0.01	0.0	0.01	0.01	0.0	0.0	0.02	0.0	0.01	0.0	0.0	0.02	0.0	0.0
Root; d__Bacteria; p__Actinomycetota; c__Thermoleophilia; o__Gaiellales; f__Gaiellaceae; g__DASUZD01	0.0	0.0	0.0	0.0	0.0	0.0	0.0	0.0	0.0	0.0	0.0	0.0	0.0	0.0	0.0	0.0	0.0	0.0	0.0	0.0	0.0	0.0	0.0	0.0	0.0	0.0	0.0	0.0	0.0	0.0	0.0	0.0	0.0	0.0	0.0	0.0	0.0	0.0	0.0	0.0	0.0	0.0	0.0	0.0	0.0	0.0	0.0	0.0	0.0	0.0	0.0	0.0	0.0	0.0	0.0	0.0	0.0	0.01	0.0	0.0	0.01	0.01	0.0	0.0	0.0	0.0	0.0	0.0	0.0	0.0	0.0	0.0
Root; d__Bacteria; p__Actinomycetota; c__Thermoleophilia; o__Gaiellales; f__Gaiellaceae; g__GEMOTU_08683	0.0	0.0	0.0	0.0	0.0	0.0	0.0	0.0	0.0	0.0	0.0	0.0	0.0	0.0	0.0	0.0	0.0	0.0	0.0	0.0	0.0	0.0	0.0	0.0	0.0	0.0	0.0	0.0	0.0	0.0	0.0	0.0	0.0	0.0	0.0	0.0	0.0	0.0	0.0	0.0	0.0	0.0	0.0	0.0	0.0	0.0	0.0	0.0	0.0	0.0	0.0	0.0	0.0	0.0	0.0	0.0	0.0	0.01	0.01	0.0	0.01	0.01	0.0	0.0	0.0	0.0	0.01	0.01	0.0	0.0	0.0	0.0
Root; d__Bacteria; p__Actinomycetota; c__Actinomycetes; o__Mycobacteriales; f__Pseudonocardiaceae; g__Amycolatopsis_E	0.0	0.0	0.0	0.0	0.0	0.0	0.0	0.0	0.0	0.0	0.0	0.0	0.0	0.0	0.0	0.0	0.0	0.0	0.0	0.0	0.0	0.0	0.0	0.0	0.0	0.0	0.0	0.0	0.0	0.0	0.0	0.0	0.0	0.0	0.0	0.0	0.0	0.0	0.0	0.0	0.0	0.0	0.0	0.0	0.0	0.0	0.0	0.0	0.0	0.0	0.0	0.0	0.0	0.0	0.0	0.0	0.0	0.01	0.01	0.0	0.02	0.01	0.0	0.0	0.0	0.0	0.01	0.0	0.0	0.0	0.0	0.0
Root; d__Bacteria; p__Actinomycetota; c__Actinomycetes; o__Mycobacteriales; f__Micromonosporaceae; g__Spirilliplanes	0.0	0.0	0.0	0.0	0.0	0.0	0.0	0.0	0.0	0.0	0.0	0.0	0.0	0.0	0.0	0.0	0.0	0.0	0.0	0.0	0.0	0.0	0.0	0.0	0.0	0.0	0.0	0.0	0.0	0.0	0.0	0.0	0.0	0.0	0.0	0.0	0.0	0.0	0.0	0.0	0.0	0.0	0.0	0.0	0.0	0.0	0.0	0.0	0.0	0.0	0.0	0.0	0.0	0.0	0.0	0.0	0.0	0.01	0.01	0.0	0.01	0.01	0.01	0.02	0.0	0.0	0.0	0.0	0.0	0.0	0.0	0.0
Root; d__Bacteria; p__Actinomycetota; c__Actinomycetes; o__Mycobacteriales; f__Micromonosporaceae; g__Micromonospora_E	0.0	0.0	0.0	0.0	0.0	0.0	0.0	0.0	0.0	0.0	0.0	0.0	0.0	0.0	0.0	0.0	0.0	0.0	0.0	0.0	0.0	0.0	0.0	0.0	0.0	0.0	0.0	0.0	0.0	0.0	0.0	0.0	0.0	0.0	0.0	0.0	0.0	0.0	0.0	0.0	0.0	0.0	0.0	0.0	0.0	0.0	0.0	0.0	0.0	0.0	0.0	0.0	0.0	0.0	0.0	0.0	0.0	0.01	0.01	0.0	0.0	0.0	0.0	0.0	0.0	0.0	0.0	0.0	0.0	0.0	0.0	0.0
Root; d__Bacteria; p__Actinomycetota; c__Actinomycetes; o__Mycobacteriales; f__Micromonosporaceae; g__KBS50	0.0	0.0	0.0	0.0	0.0	0.0	0.0	0.0	0.0	0.0	0.0	0.0	0.0	0.0	0.0	0.0	0.0	0.0	0.0	0.0	0.0	0.0	0.0	0.0	0.0	0.0	0.0	0.0	0.0	0.0	0.0	0.0	0.0	0.0	0.0	0.0	0.0	0.0	0.0	0.0	0.0	0.0	0.0	0.0	0.0	0.0	0.0	0.0	0.0	0.0	0.0	0.0	0.0	0.0	0.0	0.0	0.0	0.01	0.0	0.0	0.0	0.01	0.0	0.0	0.0	0.0	0.0	0.0	0.0	0.0	0.0	0.0
Root; d__Bacteria; p__Actinomycetota; c__Actinomycetes; o__Mycobacteriales; f__Micromonosporaceae; g__Longispora	0.0	0.0	0.0	0.0	0.0	0.0	0.0	0.0	0.0	0.0	0.0	0.0	0.0	0.0	0.0	0.0	0.0	0.0	0.0	0.0	0.0	0.0	0.0	0.0	0.0	0.0	0.0	0.0	0.0	0.0	0.0	0.0	0.0	0.0	0.0	0.0	0.0	0.0	0.0	0.0	0.0	0.0	0.0	0.0	0.0	0.0	0.0	0.0	0.0	0.0	0.0	0.0	0.0	0.0	0.0	0.0	0.0	0.01	0.0	0.0	0.0	0.0	0.0	0.0	0.0	0.0	0.0	0.0	0.0	0.0	0.0	0.0
Root; d__Bacteria; p__Actinomycetota; c__Actinomycetes; o__Mycobacteriales; f__Micromonosporaceae; g__DATEJJ01	0.0	0.0	0.0	0.0	0.0	0.0	0.0	0.0	0.0	0.0	0.0	0.0	0.0	0.0	0.0	0.0	0.0	0.0	0.0	0.0	0.0	0.0	0.0	0.0	0.0	0.0	0.0	0.0	0.0	0.0	0.0	0.0	0.0	0.0	0.0	0.0	0.0	0.0	0.0	0.0	0.0	0.0	0.0	0.0	0.0	0.0	0.0	0.0	0.0	0.0	0.0	0.0	0.0	0.0	0.0	0.0	0.0	0.01	0.01	0.0	0.01	0.01	0.0	0.0	0.0	0.0	0.02	0.0	0.0	0.0	0.0	0.0
Root; d__Bacteria; p__Actinomycetota; c__Actinomycetes; o__Mycobacteriales; f__Jatrophihabitantaceae; g__CAVWUZ01	0.0	0.0	0.0	0.0	0.0	0.0	0.0	0.0	0.0	0.0	0.0	0.0	0.0	0.0	0.0	0.0	0.0	0.0	0.0	0.0	0.0	0.0	0.0	0.0	0.0	0.0	0.0	0.0	0.0	0.0	0.0	0.0	0.0	0.0	0.0	0.0	0.0	0.0	0.0	0.0	0.0	0.0	0.0	0.0	0.0	0.0	0.0	0.0	0.0	0.0	0.0	0.0	0.0	0.0	0.0	0.0	0.0	0.01	0.0	0.0	0.01	0.0	0.0	0.0	0.0	0.0	0.0	0.0	0.0	0.0	0.0	0.0
Root; d__Bacteria; p__Actinomycetota; c__Actinomycetes; o__Streptomycetales; f__Streptomycetaceae; g__Yinghuangia	0.0	0.0	0.0	0.0	0.0	0.0	0.0	0.0	0.0	0.0	0.0	0.0	0.0	0.0	0.0	0.0	0.0	0.0	0.0	0.0	0.0	0.0	0.0	0.0	0.0	0.0	0.0	0.0	0.0	0.0	0.0	0.0	0.0	0.0	0.0	0.0	0.0	0.0	0.0	0.0	0.0	0.0	0.0	0.0	0.0	0.0	0.0	0.0	0.0	0.0	0.0	0.0	0.0	0.0	0.0	0.0	0.0	0.01	0.01	0.0	0.01	0.01	0.0	0.0	0.0	0.0	0.0	0.0	0.0	0.0	0.0	0.0
Root; d__Bacteria; p__Actinomycetota; c__Actinomycetes; o__Streptomycetales; f__Catenulisporaceae; g__Catenulispora	0.0	0.0	0.0	0.0	0.0	0.0	0.0	0.0	0.0	0.0	0.0	0.0	0.0	0.0	0.0	0.0	0.0	0.0	0.0	0.0	0.0	0.0	0.0	0.0	0.0	0.0	0.0	0.0	0.0	0.0	0.0	0.0	0.0	0.0	0.0	0.0	0.0	0.0	0.0	0.0	0.0	0.0	0.0	0.0	0.0	0.0	0.0	0.0	0.0	0.0	0.0	0.0	0.0	0.0	0.0	0.0	0.0	0.01	0.01	0.0	0.01	0.0	0.0	0.0	0.01	0.0	0.0	0.01	0.0	0.0	0.0	0.0
Root; d__Bacteria; p__Actinomycetota; c__Actinomycetes; o__Propionibacteriales; f__Nocardioidaceae; g__DASQEH01	0.0	0.0	0.0	0.0	0.0	0.0	0.0	0.0	0.0	0.0	0.0	0.0	0.0	0.0	0.0	0.0	0.0	0.0	0.0	0.0	0.0	0.0	0.0	0.0	0.0	0.0	0.0	0.0	0.0	0.0	0.0	0.0	0.0	0.0	0.0	0.0	0.0	0.0	0.0	0.0	0.0	0.0	0.0	0.0	0.0	0.0	0.0	0.0	0.0	0.0	0.0	0.0	0.0	0.0	0.0	0.0	0.0	0.01	0.0	0.0	0.01	0.0	0.0	0.0	0.0	0.0	0.0	0.0	0.0	0.0	0.0	0.0
Root; d__Bacteria; p__Actinomycetota; c__Actinomycetes; o__Propionibacteriales; f__Nocardioidaceae; g__CAWEQW01	0.0	0.0	0.0	0.0	0.0	0.0	0.0	0.0	0.0	0.0	0.0	0.0	0.0	0.0	0.0	0.0	0.0	0.0	0.0	0.0	0.0	0.0	0.0	0.0	0.0	0.0	0.0	0.0	0.0	0.0	0.0	0.0	0.0	0.0	0.0	0.0	0.0	0.0	0.0	0.0	0.0	0.0	0.0	0.0	0.0	0.0	0.0	0.0	0.0	0.0	0.0	0.0	0.0	0.0	0.0	0.0	0.0	0.01	0.0	0.0	0.01	0.0	0.0	0.0	0.0	0.0	0.0	0.0	0.0	0.0	0.0	0.0
Root; d__Bacteria; p__Actinomycetota; c__Actinomycetes; o__Propionibacteriales; f__Nocardioidaceae; g__DATIOH01	0.0	0.0	0.0	0.0	0.0	0.0	0.0	0.0	0.0	0.0	0.0	0.0	0.0	0.0	0.0	0.0	0.0	0.0	0.0	0.0	0.0	0.0	0.0	0.0	0.0	0.0	0.0	0.0	0.0	0.0	0.0	0.0	0.0	0.0	0.0	0.0	0.0	0.0	0.0	0.0	0.0	0.0	0.0	0.0	0.0	0.0	0.0	0.0	0.0	0.0	0.0	0.0	0.0	0.0	0.0	0.0	0.0	0.01	0.0	0.0	0.01	0.01	0.0	0.0	0.0	0.0	0.0	0.0	0.0	0.0	0.0	0.0
Root; d__Bacteria; p__Actinomycetota; c__Actinomycetes; o__Streptosporangiales; f__Streptosporangiaceae; g__DASVBE01	0.0	0.0	0.0	0.0	0.0	0.0	0.0	0.0	0.0	0.0	0.0	0.0	0.0	0.0	0.0	0.0	0.0	0.0	0.0	0.0	0.0	0.0	0.0	0.0	0.0	0.0	0.0	0.0	0.0	0.0	0.0	0.0	0.0	0.0	0.0	0.0	0.0	0.0	0.0	0.0	0.0	0.0	0.0	0.0	0.0	0.0	0.0	0.0	0.0	0.0	0.0	0.0	0.0	0.0	0.0	0.0	0.0	0.01	0.01	0.0	0.0	0.0	0.0	0.0	0.0	0.0	0.0	0.0	0.0	0.0	0.0	0.0
Root; d__Bacteria; p__Actinomycetota; c__Actinomycetes; o__Streptosporangiales; f__Streptosporangiaceae; g__RYN-230	0.0	0.0	0.0	0.0	0.0	0.0	0.0	0.0	0.0	0.0	0.0	0.0	0.0	0.0	0.0	0.0	0.0	0.0	0.0	0.0	0.0	0.0	0.0	0.0	0.0	0.0	0.0	0.0	0.0	0.0	0.0	0.0	0.0	0.0	0.0	0.0	0.0	0.0	0.0	0.0	0.0	0.0	0.0	0.0	0.0	0.0	0.0	0.0	0.0	0.0	0.0	0.0	0.0	0.0	0.0	0.0	0.0	0.01	0.0	0.0	0.0	0.0	0.0	0.0	0.0	0.0	0.0	0.0	0.0	0.0	0.0	0.0
Root; d__Bacteria; p__Actinomycetota; c__Actinomycetes; o__BP-191; f__BP-191; g__MGYG000511638	0.0	0.0	0.0	0.0	0.0	0.0	0.0	0.0	0.0	0.0	0.0	0.0	0.0	0.0	0.0	0.0	0.0	0.0	0.0	0.0	0.0	0.0	0.0	0.0	0.0	0.0	0.0	0.0	0.0	0.0	0.0	0.0	0.0	0.0	0.0	0.0	0.0	0.0	0.0	0.0	0.0	0.0	0.0	0.0	0.0	0.0	0.0	0.0	0.0	0.0	0.0	0.0	0.0	0.0	0.0	0.0	0.0	0.01	0.01	0.0	0.01	0.01	0.0	0.0	0.0	0.0	0.0	0.0	0.0	0.01	0.0	0.0
Root; d__Bacteria; p__Actinomycetota; c__Acidimicrobiia; o__Acidimicrobiales; f__Ilumatobacteraceae; g__Ilumatobacter_A	0.0	0.0	0.0	0.0	0.0	0.0	0.0	0.0	0.0	0.0	0.0	0.0	0.0	0.0	0.0	0.0	0.0	0.0	0.0	0.0	0.0	0.0	0.0	0.0	0.0	0.0	0.0	0.0	0.0	0.0	0.0	0.0	0.0	0.0	0.0	0.0	0.0	0.0	0.0	0.0	0.0	0.0	0.0	0.0	0.0	0.0	0.0	0.0	0.0	0.0	0.0	0.0	0.0	0.0	0.0	0.0	0.0	0.01	0.0	0.0	0.0	0.0	0.0	0.0	0.0	0.0	0.0	0.0	0.0	0.0	0.0	0.0
Root; d__Bacteria; p__Actinomycetota; c__Acidimicrobiia; o__Acidimicrobiales; f__CADCSY01; g__CADCSY01	0.0	0.0	0.0	0.0	0.0	0.0	0.0	0.0	0.0	0.0	0.0	0.0	0.0	0.0	0.0	0.0	0.0	0.0	0.0	0.0	0.0	0.0	0.0	0.0	0.0	0.0	0.0	0.0	0.0	0.0	0.0	0.0	0.0	0.0	0.0	0.0	0.0	0.0	0.0	0.0	0.0	0.0	0.0	0.0	0.0	0.0	0.0	0.0	0.0	0.0	0.0	0.0	0.0	0.0	0.0	0.0	0.0	0.01	0.01	0.0	0.0	0.0	0.0	0.0	0.0	0.0	0.0	0.0	0.0	0.0	0.0	0.0
Root; d__Bacteria; p__Actinomycetota; c__Acidimicrobiia; o__Acidimicrobiales; f__GCA-2861595; g__JAHFUS01	0.0	0.0	0.0	0.0	0.0	0.0	0.0	0.0	0.0	0.0	0.0	0.0	0.0	0.0	0.0	0.0	0.0	0.0	0.0	0.0	0.0	0.0	0.0	0.0	0.0	0.0	0.0	0.0	0.0	0.0	0.0	0.0	0.0	0.0	0.0	0.0	0.0	0.0	0.0	0.0	0.0	0.0	0.0	0.0	0.0	0.0	0.0	0.0	0.0	0.0	0.0	0.0	0.0	0.0	0.0	0.0	0.0	0.01	0.0	0.0	0.0	0.0	0.0	0.0	0.0	0.0	0.0	0.0	0.0	0.0	0.0	0.0
Root; d__Bacteria; p__Actinomycetota; c__Acidimicrobiia; o__Acidimicrobiales; f__JACDCH01; g__SPIREOTU_01599333	0.0	0.0	0.0	0.0	0.0	0.0	0.0	0.0	0.0	0.0	0.0	0.0	0.0	0.0	0.0	0.0	0.0	0.0	0.0	0.0	0.0	0.0	0.0	0.0	0.0	0.0	0.0	0.0	0.0	0.0	0.0	0.0	0.0	0.0	0.0	0.0	0.0	0.0	0.0	0.0	0.0	0.0	0.0	0.0	0.0	0.0	0.0	0.0	0.0	0.0	0.0	0.0	0.0	0.0	0.0	0.0	0.0	0.01	0.01	0.0	0.01	0.01	0.0	0.0	0.02	0.0	0.0	0.0	0.0	0.01	0.01	0.0
Root; d__Bacteria; p__Actinomycetota; c__Acidimicrobiia; o__Acidimicrobiales; f__JACDCH01; g__DATAES01	0.0	0.0	0.0	0.0	0.0	0.0	0.0	0.0	0.0	0.0	0.0	0.0	0.0	0.0	0.0	0.0	0.0	0.0	0.0	0.0	0.0	0.0	0.0	0.0	0.0	0.0	0.0	0.0	0.0	0.0	0.0	0.0	0.0	0.0	0.0	0.0	0.0	0.0	0.0	0.0	0.0	0.0	0.0	0.0	0.0	0.0	0.0	0.0	0.0	0.0	0.0	0.0	0.0	0.0	0.0	0.0	0.0	0.01	0.01	0.0	0.01	0.0	0.0	0.0	0.0	0.0	0.0	0.0	0.0	0.0	0.0	0.0
Root; d__Bacteria; p__Actinomycetota; c__Acidimicrobiia; o__Acidimicrobiales; f__SPIREOTU_01380607; g__SPIREOTU_01380607	0.0	0.0	0.0	0.0	0.0	0.0	0.0	0.0	0.0	0.0	0.0	0.0	0.0	0.0	0.0	0.0	0.0	0.0	0.0	0.0	0.0	0.0	0.0	0.0	0.0	0.0	0.0	0.0	0.0	0.0	0.0	0.0	0.0	0.0	0.0	0.0	0.0	0.0	0.0	0.0	0.0	0.0	0.0	0.0	0.0	0.0	0.0	0.0	0.0	0.0	0.0	0.0	0.0	0.0	0.0	0.0	0.0	0.01	0.0	0.0	0.01	0.01	0.0	0.0	0.0	0.0	0.0	0.0	0.0	0.0	0.0	0.0
Root; d__Bacteria; p__Actinomycetota; c__UBA4738; o__UBA4738; f__HRBIN12; g__HRBIN12	0.0	0.0	0.0	0.0	0.0	0.0	0.0	0.0	0.0	0.0	0.0	0.0	0.0	0.0	0.0	0.0	0.0	0.0	0.0	0.0	0.0	0.0	0.0	0.0	0.0	0.0	0.0	0.0	0.0	0.0	0.0	0.0	0.0	0.0	0.0	0.0	0.0	0.0	0.0	0.0	0.0	0.0	0.0	0.0	0.0	0.0	0.0	0.0	0.0	0.0	0.0	0.0	0.0	0.0	0.0	0.0	0.0	0.01	0.01	0.0	0.01	0.01	0.0	0.0	0.0	0.0	0.0	0.0	0.0	0.0	0.0	0.0
Root; d__Bacteria; p__Actinomycetota; c__UBA4738; o__UBA4738; f__HRBIN12; g__JBJTIF01	0.0	0.0	0.0	0.0	0.0	0.0	0.0	0.0	0.0	0.0	0.0	0.0	0.0	0.0	0.0	0.0	0.0	0.0	0.0	0.0	0.0	0.0	0.0	0.0	0.0	0.0	0.0	0.0	0.0	0.0	0.0	0.0	0.0	0.0	0.0	0.0	0.0	0.0	0.0	0.0	0.0	0.0	0.0	0.0	0.0	0.0	0.0	0.0	0.0	0.0	0.0	0.0	0.0	0.0	0.0	0.0	0.0	0.01	0.0	0.0	0.0	0.0	0.0	0.0	0.0	0.0	0.0	0.0	0.0	0.0	0.0	0.0
Root; d__Bacteria; p__Actinomycetota; c__UBA4738; o__UBA4738; f__JACQTL01; g__JBHELK01	0.0	0.0	0.0	0.0	0.0	0.0	0.0	0.0	0.0	0.0	0.0	0.0	0.0	0.0	0.0	0.0	0.0	0.0	0.0	0.0	0.0	0.0	0.0	0.0	0.0	0.0	0.0	0.0	0.0	0.0	0.0	0.0	0.0	0.0	0.0	0.0	0.0	0.0	0.0	0.0	0.0	0.0	0.0	0.0	0.0	0.0	0.0	0.0	0.0	0.0	0.0	0.0	0.0	0.0	0.0	0.0	0.0	0.01	0.0	0.0	0.0	0.0	0.0	0.0	0.0	0.0	0.0	0.0	0.0	0.0	0.0	0.0
Root; d__Bacteria; p__Actinomycetota; c__AC-67; o__AC-67; f__AC-67; g__AC-67	0.0	0.0	0.0	0.0	0.0	0.0	0.0	0.0	0.0	0.0	0.0	0.0	0.0	0.0	0.0	0.0	0.0	0.0	0.0	0.0	0.0	0.0	0.0	0.0	0.0	0.0	0.0	0.0	0.0	0.0	0.0	0.0	0.0	0.0	0.0	0.0	0.0	0.0	0.0	0.0	0.0	0.0	0.0	0.0	0.0	0.0	0.0	0.0	0.0	0.0	0.0	0.0	0.0	0.0	0.0	0.0	0.0	0.01	0.01	0.0	0.01	0.01	0.0	0.0	0.0	0.0	0.0	0.0	0.0	0.0	0.0	0.0
Root; d__Bacteria; p__Eisenbacteria; c__RBG-16-71-46; o__SZUA-252; f__SZUA-252; g__WS-7	0.0	0.0	0.0	0.0	0.0	0.0	0.0	0.0	0.0	0.0	0.0	0.0	0.0	0.0	0.0	0.0	0.0	0.0	0.0	0.0	0.0	0.0	0.0	0.0	0.0	0.0	0.0	0.0	0.0	0.0	0.0	0.0	0.0	0.0	0.0	0.0	0.0	0.0	0.0	0.0	0.0	0.0	0.0	0.0	0.0	0.0	0.0	0.0	0.0	0.0	0.0	0.0	0.0	0.0	0.0	0.0	0.0	0.01	0.0	0.0	0.02	0.02	0.0	0.0	0.02	0.0	0.0	0.0	0.0	0.02	0.0	0.0
Root; d__Bacteria; p__Bdellovibrionota_B; c__Oligoflexia; o__Oligoflexales; f__CAIYRB01; g__CAIYRB01	0.0	0.0	0.0	0.0	0.0	0.0	0.0	0.0	0.0	0.0	0.0	0.0	0.0	0.0	0.0	0.0	0.0	0.0	0.0	0.0	0.0	0.0	0.0	0.0	0.0	0.0	0.0	0.0	0.0	0.0	0.0	0.0	0.0	0.0	0.0	0.0	0.0	0.0	0.0	0.0	0.0	0.0	0.0	0.0	0.0	0.0	0.0	0.0	0.0	0.0	0.0	0.0	0.0	0.0	0.0	0.0	0.0	0.01	0.0	0.0	0.0	0.0	0.0	0.0	0.0	0.0	0.0	0.0	0.0	0.0	0.0	0.0
Root; d__Bacteria; p__Tectomicrobia; c__Entotheonellia; o__Entotheonellales; f__Entotheonellaceae; g__SXND01	0.0	0.0	0.0	0.0	0.0	0.0	0.0	0.0	0.0	0.0	0.0	0.0	0.0	0.0	0.0	0.0	0.0	0.0	0.0	0.0	0.0	0.0	0.0	0.0	0.0	0.0	0.0	0.0	0.0	0.0	0.0	0.0	0.0	0.0	0.0	0.0	0.0	0.0	0.0	0.0	0.0	0.0	0.0	0.0	0.0	0.0	0.0	0.0	0.0	0.0	0.0	0.0	0.0	0.0	0.0	0.0	0.0	0.01	0.01	0.0	0.01	0.0	0.0	0.0	0.0	0.0	0.0	0.0	0.0	0.0	0.0	0.0
Root; d__Archaea; p__Thermoplasmatota; c__SW-10-69-26; o__JACQPN01; f__JAJPHT01; g__JAJPHT01	0.0	0.0	0.0	0.0	0.0	0.0	0.0	0.0	0.0	0.0	0.0	0.0	0.0	0.0	0.0	0.0	0.0	0.0	0.0	0.0	0.0	0.0	0.0	0.0	0.0	0.0	0.0	0.0	0.0	0.0	0.0	0.0	0.0	0.0	0.0	0.0	0.0	0.0	0.0	0.0	0.0	0.0	0.0	0.0	0.0	0.0	0.0	0.0	0.0	0.0	0.0	0.0	0.0	0.0	0.0	0.0	0.0	0.0	0.01	0.0	0.0	0.01	0.0	0.0	0.0	0.0	0.0	0.0	0.0	0.0	0.0	0.0
Root; d__Bacteria; p__Actinomycetota; c__Acidimicrobiia; o__IMCC26256; f__VFJJ01; g__VFJJ01	0.0	0.0	0.0	0.0	0.0	0.0	0.0	0.0	0.0	0.0	0.0	0.0	0.0	0.0	0.0	0.0	0.0	0.0	0.0	0.0	0.0	0.0	0.0	0.0	0.0	0.0	0.0	0.0	0.0	0.0	0.0	0.0	0.0	0.0	0.0	0.0	0.0	0.0	0.0	0.0	0.0	0.0	0.0	0.0	0.0	0.0	0.0	0.0	0.0	0.0	0.0	0.0	0.0	0.0	0.0	0.0	0.0	0.0	0.01	0.0	0.0	0.01	0.0	0.0	0.0	0.0	0.0	0.0	0.0	0.0	0.02	0.0
Root; d__Bacteria; p__Actinomycetota; c__Acidimicrobiia; o__Acidimicrobiales; f__CADCSY01; g__RYN-34	0.0	0.0	0.0	0.0	0.0	0.0	0.0	0.0	0.0	0.0	0.0	0.0	0.0	0.0	0.0	0.0	0.0	0.0	0.0	0.0	0.0	0.0	0.0	0.0	0.0	0.0	0.0	0.0	0.0	0.0	0.0	0.0	0.0	0.0	0.0	0.0	0.0	0.0	0.0	0.0	0.0	0.0	0.0	0.0	0.0	0.0	0.0	0.0	0.0	0.0	0.0	0.0	0.0	0.0	0.0	0.0	0.0	0.0	0.01	0.0	0.0	0.01	0.0	0.0	0.0	0.0	0.0	0.0	0.0	0.0	0.0	0.0
Root; d__Bacteria; p__Actinomycetota; c__Acidimicrobiia; o__Acidimicrobiales; f__AC-14; g__JALZBN01	0.0	0.0	0.0	0.0	0.0	0.0	0.0	0.0	0.0	0.0	0.0	0.0	0.0	0.0	0.0	0.0	0.0	0.0	0.0	0.0	0.0	0.0	0.0	0.0	0.0	0.0	0.0	0.0	0.0	0.0	0.0	0.0	0.0	0.0	0.0	0.0	0.0	0.0	0.0	0.0	0.0	0.0	0.0	0.0	0.0	0.0	0.0	0.0	0.0	0.0	0.0	0.0	0.0	0.0	0.0	0.0	0.0	0.0	0.01	0.0	0.01	0.01	0.0	0.01	0.0	0.0	0.02	0.01	0.0	0.02	0.01	0.0
Root; d__Bacteria; p__Actinomycetota; c__Actinomycetes; o__Actinomycetales; f__Dermatophilaceae; g__Pedococcus_A	0.0	0.0	0.0	0.0	0.0	0.0	0.0	0.0	0.0	0.0	0.0	0.0	0.0	0.0	0.0	0.0	0.0	0.0	0.0	0.0	0.0	0.0	0.0	0.0	0.0	0.0	0.0	0.0	0.0	0.0	0.0	0.0	0.0	0.0	0.0	0.0	0.0	0.0	0.0	0.0	0.0	0.0	0.0	0.0	0.0	0.0	0.0	0.0	0.0	0.0	0.0	0.0	0.0	0.0	0.0	0.0	0.0	0.0	0.01	0.0	0.01	0.01	0.0	0.0	0.0	0.0	0.0	0.0	0.0	0.0	0.0	0.0
Root; d__Bacteria; p__Actinomycetota; c__Actinomycetes; o__Propionibacteriales; f__Propionibacteriaceae; g__Propionicimonas	0.0	0.0	0.0	0.0	0.0	0.0	0.0	0.0	0.0	0.0	0.0	0.0	0.0	0.0	0.0	0.0	0.0	0.0	0.0	0.0	0.0	0.0	0.0	0.0	0.0	0.0	0.0	0.0	0.0	0.0	0.0	0.0	0.0	0.0	0.0	0.0	0.0	0.0	0.0	0.0	0.0	0.0	0.0	0.0	0.0	0.0	0.0	0.0	0.0	0.0	0.0	0.0	0.0	0.0	0.0	0.0	0.0	0.0	0.01	0.0	0.0	0.01	0.0	0.0	0.0	0.0	0.0	0.0	0.0	0.0	0.0	0.0
Root; d__Bacteria; p__Actinomycetota; c__Actinomycetes; o__Mycobacteriales; f__Geodermatophilaceae; g__Goekera	0.0	0.0	0.0	0.0	0.0	0.0	0.0	0.0	0.0	0.0	0.0	0.0	0.0	0.0	0.0	0.0	0.0	0.0	0.0	0.0	0.0	0.0	0.0	0.0	0.0	0.0	0.0	0.0	0.0	0.0	0.0	0.0	0.0	0.0	0.0	0.0	0.0	0.0	0.0	0.0	0.0	0.0	0.0	0.0	0.0	0.0	0.0	0.0	0.0	0.0	0.0	0.0	0.0	0.0	0.0	0.0	0.0	0.0	0.01	0.0	0.0	0.0	0.0	0.0	0.0	0.0	0.0	0.0	0.0	0.0	0.0	0.0
Root; d__Bacteria; p__Actinomycetota; c__Actinomycetes; o__Mycobacteriales; f__Micromonosporaceae; g__Micromonospora_I	0.0	0.0	0.0	0.0	0.0	0.0	0.0	0.0	0.0	0.0	0.0	0.0	0.0	0.0	0.0	0.0	0.0	0.0	0.0	0.0	0.0	0.0	0.0	0.0	0.0	0.0	0.0	0.0	0.0	0.0	0.0	0.0	0.0	0.0	0.0	0.0	0.0	0.0	0.0	0.0	0.0	0.0	0.0	0.0	0.0	0.0	0.0	0.0	0.0	0.0	0.0	0.0	0.0	0.0	0.0	0.0	0.0	0.0	0.01	0.0	0.0	0.0	0.0	0.0	0.0	0.0	0.0	0.0	0.0	0.0	0.0	0.0
Root; d__Bacteria; p__Actinomycetota; c__Actinomycetes; o__Mycobacteriales; f__Jatrophihabitantaceae; g__JBQCEE01	0.0	0.0	0.0	0.0	0.0	0.0	0.0	0.0	0.0	0.0	0.0	0.0	0.0	0.0	0.0	0.0	0.0	0.0	0.0	0.0	0.0	0.0	0.0	0.0	0.0	0.0	0.0	0.0	0.0	0.0	0.0	0.0	0.0	0.0	0.0	0.0	0.0	0.0	0.0	0.0	0.0	0.0	0.0	0.0	0.0	0.0	0.0	0.0	0.0	0.0	0.0	0.0	0.0	0.0	0.0	0.0	0.0	0.0	0.01	0.0	0.0	0.0	0.0	0.0	0.0	0.0	0.0	0.0	0.0	0.0	0.0	0.0
Root; d__Bacteria; p__Actinomycetota; c__Actinomycetes; o__Mycobacteriales; f__QHCA01; g__QHCA01	0.0	0.0	0.0	0.0	0.0	0.0	0.0	0.0	0.0	0.0	0.0	0.0	0.0	0.0	0.0	0.0	0.0	0.0	0.0	0.0	0.0	0.0	0.0	0.0	0.0	0.0	0.0	0.0	0.0	0.0	0.0	0.0	0.0	0.0	0.0	0.0	0.0	0.0	0.0	0.0	0.0	0.0	0.0	0.0	0.0	0.0	0.0	0.0	0.0	0.0	0.0	0.0	0.0	0.0	0.0	0.0	0.0	0.0	0.01	0.0	0.0	0.0	0.0	0.0	0.0	0.0	0.0	0.0	0.0	0.0	0.0	0.0
Root; d__Bacteria; p__Actinomycetota; c__Actinomycetes; o__Streptomycetales; f__Streptomycetaceae; g__Streptacidiphilus	0.0	0.0	0.0	0.0	0.0	0.0	0.0	0.0	0.0	0.0	0.0	0.0	0.0	0.0	0.0	0.0	0.0	0.0	0.0	0.0	0.0	0.0	0.0	0.0	0.0	0.0	0.0	0.0	0.0	0.0	0.0	0.0	0.0	0.0	0.0	0.0	0.0	0.0	0.0	0.0	0.0	0.0	0.0	0.0	0.0	0.0	0.0	0.0	0.0	0.0	0.0	0.0	0.0	0.0	0.0	0.0	0.0	0.0	0.01	0.0	0.0	0.0	0.0	0.0	0.0	0.0	0.0	0.0	0.0	0.0	0.0	0.0
Root; d__Bacteria; p__Actinomycetota; c__Actinomycetes; o__Streptosporangiales; f__WHST01; g__WHST01	0.0	0.0	0.0	0.0	0.0	0.0	0.0	0.0	0.0	0.0	0.0	0.0	0.0	0.0	0.0	0.0	0.0	0.0	0.0	0.0	0.0	0.0	0.0	0.0	0.0	0.0	0.0	0.0	0.0	0.0	0.0	0.0	0.0	0.0	0.0	0.0	0.0	0.0	0.0	0.0	0.0	0.0	0.0	0.0	0.0	0.0	0.0	0.0	0.0	0.0	0.0	0.0	0.0	0.0	0.0	0.0	0.0	0.0	0.01	0.0	0.0	0.0	0.0	0.0	0.0	0.0	0.0	0.0	0.0	0.0	0.0	0.0
Root; d__Bacteria; p__Actinomycetota; c__Actinomycetes; o__Jiangellales; f__Jiangellaceae; g__Jiangella	0.0	0.0	0.0	0.0	0.0	0.0	0.0	0.0	0.0	0.0	0.0	0.0	0.0	0.0	0.0	0.0	0.0	0.0	0.0	0.0	0.0	0.0	0.0	0.0	0.0	0.0	0.0	0.0	0.0	0.0	0.0	0.0	0.0	0.0	0.0	0.0	0.0	0.0	0.0	0.0	0.0	0.0	0.0	0.0	0.0	0.0	0.0	0.0	0.0	0.0	0.0	0.0	0.0	0.0	0.0	0.0	0.0	0.0	0.01	0.0	0.01	0.0	0.0	0.0	0.0	0.0	0.0	0.0	0.0	0.0	0.0	0.0
Root; d__Bacteria; p__Actinomycetota; c__Actinomycetes; o__JACCUZ01; f__JACCUZ01; g__CAWBMM01	0.0	0.0	0.0	0.0	0.0	0.0	0.0	0.0	0.0	0.0	0.0	0.0	0.0	0.0	0.0	0.0	0.0	0.0	0.0	0.0	0.0	0.0	0.0	0.0	0.0	0.0	0.0	0.0	0.0	0.0	0.0	0.0	0.0	0.0	0.0	0.0	0.0	0.0	0.0	0.0	0.0	0.0	0.0	0.0	0.0	0.0	0.0	0.0	0.0	0.0	0.0	0.0	0.0	0.0	0.0	0.0	0.0	0.0	0.01	0.0	0.0	0.0	0.0	0.0	0.0	0.0	0.0	0.0	0.0	0.0	0.0	0.0
Root; d__Bacteria; p__Actinomycetota; c__Thermoleophilia; o__Solirubrobacterales; f__Solirubrobacteraceae; g__JBBSBL01	0.0	0.0	0.0	0.0	0.0	0.0	0.0	0.0	0.0	0.0	0.0	0.0	0.0	0.0	0.0	0.0	0.0	0.0	0.0	0.0	0.0	0.0	0.0	0.0	0.0	0.0	0.0	0.0	0.0	0.0	0.0	0.0	0.0	0.0	0.0	0.0	0.0	0.0	0.0	0.0	0.0	0.0	0.0	0.0	0.0	0.0	0.0	0.0	0.0	0.0	0.0	0.0	0.0	0.0	0.0	0.0	0.0	0.0	0.01	0.0	0.01	0.01	0.0	0.0	0.0	0.0	0.0	0.0	0.0	0.0	0.0	0.0
Root; d__Bacteria; p__Actinomycetota; c__Thermoleophilia; o__Solirubrobacterales; f__Solirubrobacteraceae; g__SPIREOTU_01277556	0.0	0.0	0.0	0.0	0.0	0.0	0.0	0.0	0.0	0.0	0.0	0.0	0.0	0.0	0.0	0.0	0.0	0.0	0.0	0.0	0.0	0.0	0.0	0.0	0.0	0.0	0.0	0.0	0.0	0.0	0.0	0.0	0.0	0.0	0.0	0.0	0.0	0.0	0.0	0.0	0.0	0.0	0.0	0.0	0.0	0.0	0.0	0.0	0.0	0.0	0.0	0.0	0.0	0.0	0.0	0.0	0.0	0.0	0.01	0.0	0.0	0.01	0.0	0.0	0.0	0.0	0.0	0.0	0.0	0.0	0.0	0.0
Root; d__Bacteria; p__Actinomycetota; c__Thermoleophilia; o__Solirubrobacterales; f__Thermoleophilaceae; g__SPIREOTU_01173868	0.0	0.0	0.0	0.0	0.0	0.0	0.0	0.0	0.0	0.0	0.0	0.0	0.0	0.0	0.0	0.0	0.0	0.0	0.0	0.0	0.0	0.0	0.0	0.0	0.0	0.0	0.0	0.0	0.0	0.0	0.0	0.0	0.0	0.0	0.0	0.0	0.0	0.0	0.0	0.0	0.0	0.0	0.0	0.0	0.0	0.0	0.0	0.0	0.0	0.0	0.0	0.0	0.0	0.0	0.0	0.0	0.0	0.0	0.01	0.0	0.01	0.01	0.0	0.0	0.0	0.0	0.0	0.0	0.0	0.0	0.0	0.0
Root; d__Bacteria; p__Actinomycetota; c__Thermoleophilia; o__Solirubrobacterales; f__70-9; g__DATAFO01	0.0	0.0	0.0	0.0	0.0	0.0	0.0	0.0	0.0	0.0	0.0	0.0	0.0	0.0	0.0	0.0	0.0	0.0	0.0	0.0	0.0	0.0	0.0	0.0	0.0	0.0	0.0	0.0	0.0	0.0	0.0	0.0	0.0	0.0	0.0	0.0	0.0	0.0	0.0	0.0	0.0	0.0	0.0	0.0	0.0	0.0	0.0	0.0	0.0	0.0	0.0	0.0	0.0	0.0	0.0	0.0	0.0	0.0	0.01	0.0	0.01	0.01	0.0	0.0	0.0	0.0	0.0	0.0	0.0	0.0	0.0	0.0
Root; d__Bacteria; p__Actinomycetota; c__Thermoleophilia; o__Solirubrobacterales; f__70-9; g__GCMETA_00120360	0.0	0.0	0.0	0.0	0.0	0.0	0.0	0.0	0.0	0.0	0.0	0.0	0.0	0.0	0.0	0.0	0.0	0.0	0.0	0.0	0.0	0.0	0.0	0.0	0.0	0.0	0.0	0.0	0.0	0.0	0.0	0.0	0.0	0.0	0.0	0.0	0.0	0.0	0.0	0.0	0.0	0.0	0.0	0.0	0.0	0.0	0.0	0.0	0.0	0.0	0.0	0.0	0.0	0.0	0.0	0.0	0.0	0.0	0.01	0.0	0.0	0.0	0.0	0.0	0.0	0.0	0.0	0.0	0.0	0.0	0.0	0.0
Root; d__Bacteria; p__Actinomycetota; c__Thermoleophilia; o__Gaiellales; f__Gaiellaceae; g__MGYG000492745	0.0	0.0	0.0	0.0	0.0	0.0	0.0	0.0	0.0	0.0	0.0	0.0	0.0	0.0	0.0	0.0	0.0	0.0	0.0	0.0	0.0	0.0	0.0	0.0	0.0	0.0	0.0	0.0	0.0	0.0	0.0	0.0	0.0	0.0	0.0	0.0	0.0	0.0	0.0	0.0	0.0	0.0	0.0	0.0	0.0	0.0	0.0	0.0	0.0	0.0	0.0	0.0	0.0	0.0	0.0	0.0	0.0	0.0	0.01	0.0	0.0	0.01	0.0	0.0	0.0	0.0	0.02	0.0	0.0	0.02	0.0	0.0
Root; d__Bacteria; p__Actinomycetota; c__Thermoleophilia; o__Gaiellales; f__Gaiellaceae; g__CAVRUF01	0.0	0.0	0.0	0.0	0.0	0.0	0.0	0.0	0.0	0.0	0.0	0.0	0.0	0.0	0.0	0.0	0.0	0.0	0.0	0.0	0.0	0.0	0.0	0.0	0.0	0.0	0.0	0.0	0.0	0.0	0.0	0.0	0.0	0.0	0.0	0.0	0.0	0.0	0.0	0.0	0.0	0.0	0.0	0.0	0.0	0.0	0.0	0.0	0.0	0.0	0.0	0.0	0.0	0.0	0.0	0.0	0.0	0.0	0.01	0.0	0.01	0.01	0.0	0.0	0.0	0.0	0.0	0.0	0.0	0.0	0.01	0.0
Root; d__Bacteria; p__Actinomycetota; c__Thermoleophilia; o__Gaiellales; f__Gaiellaceae; g__CAVOKD01	0.0	0.0	0.0	0.0	0.0	0.0	0.0	0.0	0.0	0.0	0.0	0.0	0.0	0.0	0.0	0.0	0.0	0.0	0.0	0.0	0.0	0.0	0.0	0.0	0.0	0.0	0.0	0.0	0.0	0.0	0.0	0.0	0.0	0.0	0.0	0.0	0.0	0.0	0.0	0.0	0.0	0.0	0.0	0.0	0.0	0.0	0.0	0.0	0.0	0.0	0.0	0.0	0.0	0.0	0.0	0.0	0.0	0.0	0.01	0.0	0.01	0.01	0.0	0.0	0.0	0.0	0.0	0.0	0.0	0.0	0.0	0.0
Root; d__Bacteria; p__Actinomycetota; c__Thermoleophilia; o__Gaiellales; f__JALYLC01; g__CAVOLG01	0.0	0.0	0.0	0.0	0.0	0.0	0.0	0.0	0.0	0.0	0.0	0.0	0.0	0.0	0.0	0.0	0.0	0.0	0.0	0.0	0.0	0.0	0.0	0.0	0.0	0.0	0.0	0.0	0.0	0.0	0.0	0.0	0.0	0.0	0.0	0.0	0.0	0.0	0.0	0.0	0.0	0.0	0.0	0.0	0.0	0.0	0.0	0.0	0.0	0.0	0.0	0.0	0.0	0.0	0.0	0.0	0.0	0.0	0.01	0.0	0.0	0.0	0.0	0.0	0.01	0.0	0.0	0.0	0.0	0.0	0.0	0.0
Root; d__Bacteria; p__Actinomycetota; c__UBA4738; o__UBA4738; f__UBA4738; g__JBEDUK01	0.0	0.0	0.0	0.0	0.0	0.0	0.0	0.0	0.0	0.0	0.0	0.0	0.0	0.0	0.0	0.0	0.0	0.0	0.0	0.0	0.0	0.0	0.0	0.0	0.0	0.0	0.0	0.0	0.0	0.0	0.0	0.0	0.0	0.0	0.0	0.0	0.0	0.0	0.0	0.0	0.0	0.0	0.0	0.0	0.0	0.0	0.0	0.0	0.0	0.0	0.0	0.0	0.0	0.0	0.0	0.0	0.0	0.0	0.01	0.0	0.01	0.0	0.0	0.0	0.0	0.0	0.0	0.0	0.0	0.0	0.0	0.0
Root; d__Bacteria; p__Actinomycetota; c__UBA4738; o__UBA4738; f__JACQTL01; g__JBKOXF01	0.0	0.0	0.0	0.0	0.0	0.0	0.0	0.0	0.0	0.0	0.0	0.0	0.0	0.0	0.0	0.0	0.0	0.0	0.0	0.0	0.0	0.0	0.0	0.0	0.0	0.0	0.0	0.0	0.0	0.0	0.0	0.0	0.0	0.0	0.0	0.0	0.0	0.0	0.0	0.0	0.0	0.0	0.0	0.0	0.0	0.0	0.0	0.0	0.0	0.0	0.0	0.0	0.0	0.0	0.0	0.0	0.0	0.0	0.01	0.0	0.01	0.0	0.0	0.0	0.0	0.0	0.0	0.0	0.0	0.0	0.0	0.0
Root; d__Bacteria; p__Actinomycetota; c__CALGFH01; o__CALGFH01; f__CALGFH01; g__SPIREOTU_01780358	0.0	0.0	0.0	0.0	0.0	0.0	0.0	0.0	0.0	0.0	0.0	0.0	0.0	0.0	0.0	0.0	0.0	0.0	0.0	0.0	0.0	0.0	0.0	0.0	0.0	0.0	0.0	0.0	0.0	0.0	0.0	0.0	0.0	0.0	0.0	0.0	0.0	0.0	0.0	0.0	0.0	0.0	0.0	0.0	0.0	0.0	0.0	0.0	0.0	0.0	0.0	0.0	0.0	0.0	0.0	0.0	0.0	0.0	0.01	0.0	0.01	0.01	0.0	0.0	0.0	0.0	0.0	0.0	0.0	0.0	0.0	0.0
Root; d__Bacteria; p__Pseudomonadota; c__Alphaproteobacteria; o__Rhizobiales; f__Beijerinckiaceae; g__Methylocystis	0.0	0.0	0.0	0.0	0.0	0.0	0.0	0.0	0.0	0.0	0.0	0.0	0.0	0.0	0.0	0.0	0.0	0.0	0.0	0.0	0.0	0.0	0.0	0.0	0.0	0.0	0.0	0.0	0.0	0.0	0.0	0.0	0.0	0.0	0.0	0.0	0.0	0.0	0.0	0.0	0.0	0.0	0.0	0.0	0.0	0.0	0.0	0.0	0.0	0.0	0.0	0.0	0.0	0.0	0.0	0.0	0.0	0.0	0.01	0.0	0.01	0.01	0.0	0.0	0.0	0.0	0.0	0.0	0.0	0.0	0.0	0.0
Root; d__Bacteria; p__Pseudomonadota; c__Alphaproteobacteria; o__Rhizobiales; f__Rhizobiaceae; g__RCIO01	0.0	0.0	0.0	0.0	0.0	0.0	0.0	0.0	0.0	0.0	0.0	0.0	0.0	0.0	0.0	0.0	0.0	0.0	0.0	0.0	0.0	0.0	0.0	0.0	0.0	0.0	0.0	0.0	0.0	0.0	0.0	0.0	0.0	0.0	0.0	0.0	0.0	0.0	0.0	0.0	0.0	0.0	0.0	0.0	0.0	0.0	0.0	0.0	0.0	0.0	0.0	0.0	0.0	0.0	0.0	0.0	0.0	0.0	0.01	0.0	0.01	0.0	0.0	0.0	0.0	0.0	0.0	0.0	0.0	0.0	0.0	0.0
Root; d__Bacteria; p__Pseudomonadota; c__Alphaproteobacteria; o__Rhizobiales; f__Xanthobacteraceae; g__SPIREOTU_02191673	0.0	0.0	0.0	0.0	0.0	0.0	0.0	0.0	0.0	0.0	0.0	0.0	0.0	0.0	0.0	0.0	0.0	0.0	0.0	0.0	0.0	0.0	0.0	0.0	0.0	0.0	0.0	0.0	0.0	0.0	0.0	0.0	0.0	0.0	0.0	0.0	0.0	0.0	0.0	0.0	0.0	0.0	0.0	0.0	0.0	0.0	0.0	0.0	0.0	0.0	0.0	0.0	0.0	0.0	0.0	0.0	0.0	0.0	0.01	0.0	0.01	0.0	0.0	0.0	0.0	0.0	0.0	0.0	0.0	0.0	0.0	0.0
Root; d__Bacteria; p__Pseudomonadota; c__Alphaproteobacteria; o__Rhizobiales; f__Xanthobacteraceae; g__Bradyrhizobium_A	0.0	0.0	0.0	0.0	0.0	0.0	0.0	0.0	0.0	0.0	0.0	0.0	0.0	0.0	0.0	0.0	0.0	0.0	0.0	0.0	0.0	0.0	0.0	0.0	0.0	0.0	0.0	0.0	0.0	0.0	0.0	0.0	0.0	0.0	0.0	0.0	0.0	0.0	0.0	0.0	0.0	0.0	0.0	0.0	0.0	0.0	0.0	0.0	0.0	0.0	0.0	0.0	0.0	0.0	0.0	0.0	0.0	0.0	0.01	0.0	0.01	0.01	0.0	0.0	0.0	0.0	0.0	0.0	0.0	0.0	0.0	0.0
Root; d__Bacteria; p__Pseudomonadota; c__Alphaproteobacteria; o__Rhizobiales; f__Xanthobacteraceae; g__JAFAXD01	0.0	0.0	0.0	0.0	0.0	0.0	0.0	0.0	0.0	0.0	0.0	0.0	0.0	0.0	0.0	0.0	0.0	0.0	0.0	0.0	0.0	0.0	0.0	0.0	0.0	0.0	0.0	0.0	0.0	0.0	0.0	0.0	0.0	0.0	0.0	0.0	0.0	0.0	0.0	0.0	0.0	0.0	0.0	0.0	0.0	0.0	0.0	0.0	0.0	0.0	0.0	0.0	0.0	0.0	0.0	0.0	0.0	0.0	0.01	0.0	0.01	0.0	0.0	0.0	0.0	0.0	0.0	0.0	0.0	0.0	0.0	0.0
Root; d__Bacteria; p__Pseudomonadota; c__Alphaproteobacteria; o__Rhizobiales; f__Afifellaceae; g__SMAGOTU_07276	0.0	0.0	0.0	0.0	0.0	0.0	0.0	0.0	0.0	0.0	0.0	0.0	0.0	0.0	0.0	0.0	0.0	0.0	0.0	0.0	0.0	0.0	0.0	0.0	0.0	0.0	0.0	0.0	0.0	0.0	0.0	0.0	0.0	0.0	0.0	0.0	0.0	0.0	0.0	0.0	0.0	0.0	0.0	0.0	0.0	0.0	0.0	0.0	0.0	0.0	0.0	0.0	0.0	0.0	0.0	0.0	0.0	0.0	0.01	0.0	0.0	0.01	0.0	0.0	0.0	0.0	0.0	0.0	0.0	0.0	0.0	0.0
Root; d__Bacteria; p__Pseudomonadota; c__Alphaproteobacteria; o__Sphingomonadales; f__Sphingomonadaceae; g__Qipengyuania	0.0	0.0	0.0	0.0	0.0	0.0	0.0	0.0	0.0	0.0	0.0	0.0	0.0	0.0	0.0	0.0	0.0	0.0	0.0	0.0	0.0	0.0	0.0	0.0	0.0	0.0	0.0	0.0	0.0	0.0	0.0	0.0	0.0	0.0	0.0	0.0	0.0	0.0	0.0	0.0	0.0	0.0	0.0	0.0	0.0	0.0	0.0	0.0	0.0	0.0	0.0	0.0	0.0	0.0	0.0	0.0	0.0	0.0	0.01	0.0	0.01	0.0	0.0	0.0	0.0	0.0	0.0	0.01	0.0	0.0	0.0	0.0
Root; d__Bacteria; p__Pseudomonadota; c__Alphaproteobacteria; o__Acetobacterales; f__Acetobacteraceae; g__Rhodovastum	0.0	0.0	0.0	0.0	0.0	0.0	0.0	0.0	0.0	0.0	0.0	0.0	0.0	0.0	0.0	0.0	0.0	0.0	0.0	0.0	0.0	0.0	0.0	0.0	0.0	0.0	0.0	0.0	0.0	0.0	0.0	0.0	0.0	0.0	0.0	0.0	0.0	0.0	0.0	0.0	0.0	0.0	0.0	0.0	0.0	0.0	0.0	0.0	0.0	0.0	0.0	0.0	0.0	0.0	0.0	0.0	0.0	0.0	0.01	0.0	0.0	0.0	0.0	0.0	0.0	0.0	0.0	0.0	0.0	0.0	0.0	0.0
Root; d__Bacteria; p__Pseudomonadota; c__Alphaproteobacteria; o__Micropepsales; f__Micropepsaceae; g__SZUA-430	0.0	0.0	0.0	0.0	0.0	0.0	0.0	0.0	0.0	0.0	0.0	0.0	0.0	0.0	0.0	0.0	0.0	0.0	0.0	0.0	0.0	0.0	0.0	0.0	0.0	0.0	0.0	0.0	0.0	0.0	0.0	0.0	0.0	0.0	0.0	0.0	0.0	0.0	0.0	0.0	0.0	0.0	0.0	0.0	0.0	0.0	0.0	0.0	0.0	0.0	0.0	0.0	0.0	0.0	0.0	0.0	0.0	0.0	0.01	0.0	0.0	0.01	0.0	0.02	0.0	0.0	0.0	0.0	0.0	0.0	0.0	0.0
Root; d__Bacteria; p__Pseudomonadota; c__Gammaproteobacteria; o__Burkholderiales; f__Burkholderiaceae_C; g__Calidifontimicrobium	0.0	0.0	0.0	0.0	0.0	0.0	0.0	0.0	0.0	0.0	0.0	0.0	0.0	0.0	0.0	0.0	0.0	0.0	0.0	0.0	0.0	0.0	0.0	0.0	0.0	0.0	0.0	0.0	0.0	0.0	0.0	0.0	0.0	0.0	0.0	0.0	0.0	0.0	0.0	0.0	0.0	0.0	0.0	0.0	0.0	0.0	0.0	0.0	0.0	0.0	0.0	0.0	0.0	0.0	0.0	0.0	0.0	0.0	0.01	0.0	0.0	0.0	0.0	0.0	0.0	0.0	0.0	0.0	0.0	0.0	0.0	0.0
Root; d__Bacteria; p__Pseudomonadota; c__Gammaproteobacteria; o__Steroidobacterales; f__Steroidobacteraceae; g__Bog-1198	0.0	0.0	0.0	0.0	0.0	0.0	0.0	0.0	0.0	0.0	0.0	0.0	0.0	0.0	0.0	0.0	0.0	0.0	0.0	0.0	0.0	0.0	0.0	0.0	0.0	0.0	0.0	0.0	0.0	0.0	0.0	0.0	0.0	0.0	0.0	0.0	0.0	0.0	0.0	0.0	0.0	0.0	0.0	0.0	0.0	0.0	0.0	0.0	0.0	0.0	0.0	0.0	0.0	0.0	0.0	0.0	0.0	0.0	0.01	0.0	0.0	0.0	0.0	0.0	0.0	0.0	0.0	0.0	0.0	0.0	0.0	0.0
Root; d__Bacteria; p__Chloroflexota; c__Chloroflexia; o__Thermomicrobiales; f__UBA6265; g__GCMETA_00782106	0.0	0.0	0.0	0.0	0.0	0.0	0.0	0.0	0.0	0.0	0.0	0.0	0.0	0.0	0.0	0.0	0.0	0.0	0.0	0.0	0.0	0.0	0.0	0.0	0.0	0.0	0.0	0.0	0.0	0.0	0.0	0.0	0.0	0.0	0.0	0.0	0.0	0.0	0.0	0.0	0.0	0.0	0.0	0.0	0.0	0.0	0.0	0.0	0.0	0.0	0.0	0.0	0.0	0.0	0.0	0.0	0.0	0.0	0.01	0.0	0.0	0.0	0.0	0.0	0.0	0.0	0.0	0.0	0.0	0.0	0.0	0.0
Root; d__Bacteria; p__Chloroflexota; c__Chloroflexia; o__Chloroflexales; f__Kallotenuaceae; g__JBBSGA01	0.0	0.0	0.0	0.0	0.0	0.0	0.0	0.0	0.0	0.0	0.0	0.0	0.0	0.0	0.0	0.0	0.0	0.0	0.0	0.0	0.0	0.0	0.0	0.0	0.0	0.0	0.0	0.0	0.0	0.0	0.0	0.0	0.0	0.0	0.0	0.0	0.0	0.0	0.0	0.0	0.0	0.0	0.0	0.0	0.0	0.0	0.0	0.0	0.0	0.0	0.0	0.0	0.0	0.0	0.0	0.0	0.0	0.0	0.01	0.0	0.01	0.02	0.0	0.0	0.0	0.0	0.0	0.0	0.0	0.0	0.0	0.0
Root; d__Bacteria; p__Chloroflexota; c__Limnocylindria; o__Limnocylindrales; f__CSP1-4; g__SPIREOTU_00081923	0.0	0.0	0.0	0.0	0.0	0.0	0.0	0.0	0.0	0.0	0.0	0.0	0.0	0.0	0.0	0.0	0.0	0.0	0.0	0.0	0.0	0.0	0.0	0.0	0.0	0.0	0.0	0.0	0.0	0.0	0.0	0.0	0.0	0.0	0.0	0.0	0.0	0.0	0.0	0.0	0.0	0.0	0.0	0.0	0.0	0.0	0.0	0.0	0.0	0.0	0.0	0.0	0.0	0.0	0.0	0.0	0.0	0.0	0.01	0.0	0.0	0.01	0.0	0.0	0.0	0.0	0.0	0.0	0.0	0.0	0.0	0.0
Root; d__Bacteria; p__Chloroflexota; c__Limnocylindria; o__Limnocylindrales; f__CSP1-4; g__DASVZT01	0.0	0.0	0.0	0.0	0.0	0.0	0.0	0.0	0.0	0.0	0.0	0.0	0.0	0.0	0.0	0.0	0.0	0.0	0.0	0.0	0.0	0.0	0.0	0.0	0.0	0.0	0.0	0.0	0.0	0.0	0.0	0.0	0.0	0.0	0.0	0.0	0.0	0.0	0.0	0.0	0.0	0.0	0.0	0.0	0.0	0.0	0.0	0.0	0.0	0.0	0.0	0.0	0.0	0.0	0.0	0.0	0.0	0.0	0.01	0.0	0.0	0.0	0.0	0.0	0.0	0.0	0.0	0.0	0.0	0.0	0.0	0.0
Root; d__Bacteria; p__Chloroflexota; c__UBA6077; o__UBA6077; f__SHYK01; g__JAXDLH01	0.0	0.0	0.0	0.0	0.0	0.0	0.0	0.0	0.0	0.0	0.0	0.0	0.0	0.0	0.0	0.0	0.0	0.0	0.0	0.0	0.0	0.0	0.0	0.0	0.0	0.0	0.0	0.0	0.0	0.0	0.0	0.0	0.0	0.0	0.0	0.0	0.0	0.0	0.0	0.0	0.0	0.0	0.0	0.0	0.0	0.0	0.0	0.0	0.0	0.0	0.0	0.0	0.0	0.0	0.0	0.0	0.0	0.0	0.01	0.0	0.0	0.01	0.0	0.0	0.0	0.0	0.0	0.0	0.0	0.0	0.0	0.0
Root; d__Bacteria; p__Chloroflexota; c__UBA11872; o__UBA12225; f__UBA12225; g__JAUJOR01	0.0	0.0	0.0	0.0	0.0	0.0	0.0	0.0	0.0	0.0	0.0	0.0	0.0	0.0	0.0	0.0	0.0	0.0	0.0	0.0	0.0	0.0	0.0	0.0	0.0	0.0	0.0	0.0	0.0	0.0	0.0	0.0	0.0	0.0	0.0	0.0	0.0	0.0	0.0	0.0	0.0	0.0	0.0	0.0	0.0	0.0	0.0	0.0	0.0	0.0	0.0	0.0	0.0	0.0	0.0	0.0	0.0	0.0	0.01	0.0	0.01	0.01	0.0	0.0	0.0	0.0	0.0	0.0	0.0	0.0	0.0	0.0
Root; d__Bacteria; p__Myxococcota_A; c__Polyangia; o__Polyangiales; f__Polyangiaceae; g__CAYJPW01	0.0	0.0	0.0	0.0	0.0	0.0	0.0	0.0	0.0	0.0	0.0	0.0	0.0	0.0	0.0	0.0	0.0	0.0	0.0	0.0	0.0	0.0	0.0	0.0	0.0	0.0	0.0	0.0	0.0	0.0	0.0	0.0	0.0	0.0	0.0	0.0	0.0	0.0	0.0	0.0	0.0	0.0	0.0	0.0	0.0	0.0	0.0	0.0	0.0	0.0	0.0	0.0	0.0	0.0	0.0	0.0	0.0	0.0	0.01	0.0	0.01	0.0	0.0	0.0	0.0	0.0	0.0	0.0	0.0	0.0	0.0	0.0
Root; d__Bacteria; p__Myxococcota_A; c__Polyangia; o__Polyangiales; f__Polyangiaceae; g__SPIREOTU_01188042	0.0	0.0	0.0	0.0	0.0	0.0	0.0	0.0	0.0	0.0	0.0	0.0	0.0	0.0	0.0	0.0	0.0	0.0	0.0	0.0	0.0	0.0	0.0	0.0	0.0	0.0	0.0	0.0	0.0	0.0	0.0	0.0	0.0	0.0	0.0	0.0	0.0	0.0	0.0	0.0	0.0	0.0	0.0	0.0	0.0	0.0	0.0	0.0	0.0	0.0	0.0	0.0	0.0	0.0	0.0	0.0	0.0	0.0	0.01	0.0	0.0	0.01	0.0	0.0	0.0	0.0	0.0	0.0	0.0	0.0	0.0	0.0
Root; d__Bacteria; p__Myxococcota_A; c__Polyangia; o__Polyangiales; f__Polyangiaceae; g__SPIREOTU_01663880	0.0	0.0	0.0	0.0	0.0	0.0	0.0	0.0	0.0	0.0	0.0	0.0	0.0	0.0	0.0	0.0	0.0	0.0	0.0	0.0	0.0	0.0	0.0	0.0	0.0	0.0	0.0	0.0	0.0	0.0	0.0	0.0	0.0	0.0	0.0	0.0	0.0	0.0	0.0	0.0	0.0	0.0	0.0	0.0	0.0	0.0	0.0	0.0	0.0	0.0	0.0	0.0	0.0	0.0	0.0	0.0	0.0	0.0	0.01	0.0	0.01	0.01	0.0	0.0	0.0	0.0	0.0	0.0	0.0	0.0	0.0	0.0
Root; d__Bacteria; p__Myxococcota_A; c__Polyangia; o__Fen-1088; f__Fen-1088; g__TPMCS_05116	0.0	0.0	0.0	0.0	0.0	0.0	0.0	0.0	0.0	0.0	0.0	0.0	0.0	0.0	0.0	0.0	0.0	0.0	0.0	0.0	0.0	0.0	0.0	0.0	0.0	0.0	0.0	0.0	0.0	0.0	0.0	0.0	0.0	0.0	0.0	0.0	0.0	0.0	0.0	0.0	0.0	0.0	0.0	0.0	0.0	0.0	0.0	0.0	0.0	0.0	0.0	0.0	0.0	0.0	0.0	0.0	0.0	0.0	0.01	0.0	0.01	0.01	0.0	0.0	0.01	0.0	0.02	0.01	0.0	0.01	0.0	0.0
Root; d__Bacteria; p__Bacteroidota; c__Bacteroidia; o__Chitinophagales; f__Chitinophagaceae; g__DASPKM01	0.0	0.0	0.0	0.0	0.0	0.0	0.0	0.0	0.0	0.0	0.0	0.0	0.0	0.0	0.0	0.0	0.0	0.0	0.0	0.0	0.0	0.0	0.0	0.0	0.0	0.0	0.0	0.0	0.0	0.0	0.0	0.0	0.0	0.0	0.0	0.0	0.0	0.0	0.0	0.0	0.0	0.0	0.0	0.0	0.0	0.0	0.0	0.0	0.0	0.0	0.0	0.0	0.0	0.0	0.0	0.0	0.0	0.0	0.01	0.0	0.01	0.0	0.0	0.0	0.0	0.0	0.02	0.0	0.0	0.03	0.01	0.05
Root; d__Bacteria; p__Acidobacteriota; c__Blastocatellia; o__Pyrinomonadales; f__Pyrinomonadaceae; g__JACMLC01	0.0	0.0	0.0	0.0	0.0	0.0	0.0	0.0	0.0	0.0	0.0	0.0	0.0	0.0	0.0	0.0	0.0	0.0	0.0	0.0	0.0	0.0	0.0	0.0	0.0	0.0	0.0	0.0	0.0	0.0	0.0	0.0	0.0	0.0	0.0	0.0	0.0	0.0	0.0	0.0	0.0	0.0	0.0	0.0	0.0	0.0	0.0	0.0	0.0	0.0	0.0	0.0	0.0	0.0	0.0	0.0	0.0	0.0	0.01	0.0	0.01	0.01	0.0	0.0	0.0	0.0	0.0	0.0	0.0	0.0	0.0	0.0
Root; d__Bacteria; p__Acidobacteriota; c__Terriglobia; o__Terriglobales; f__Acidobacteriaceae; g__DASRAA01	0.0	0.0	0.0	0.0	0.0	0.0	0.0	0.0	0.0	0.0	0.0	0.0	0.0	0.0	0.0	0.0	0.0	0.0	0.0	0.0	0.0	0.0	0.0	0.0	0.0	0.0	0.0	0.0	0.0	0.0	0.0	0.0	0.0	0.0	0.0	0.0	0.0	0.0	0.0	0.0	0.0	0.0	0.0	0.0	0.0	0.0	0.0	0.0	0.0	0.0	0.0	0.0	0.0	0.0	0.0	0.0	0.0	0.0	0.01	0.0	0.0	0.01	0.0	0.0	0.0	0.0	0.0	0.0	0.0	0.0	0.0	0.0
Root; d__Bacteria; p__Acidobacteriota; c__Terriglobia; o__Terriglobales; f__Acidobacteriaceae; g__DATFTE01	0.0	0.0	0.0	0.0	0.0	0.0	0.0	0.0	0.0	0.0	0.0	0.0	0.0	0.0	0.0	0.0	0.0	0.0	0.0	0.0	0.0	0.0	0.0	0.0	0.0	0.0	0.0	0.0	0.0	0.0	0.0	0.0	0.0	0.0	0.0	0.0	0.0	0.0	0.0	0.0	0.0	0.0	0.0	0.0	0.0	0.0	0.0	0.0	0.0	0.0	0.0	0.0	0.0	0.0	0.0	0.0	0.0	0.0	0.01	0.0	0.0	0.0	0.0	0.0	0.0	0.0	0.0	0.0	0.0	0.0	0.0	0.0
Root; d__Bacteria; p__Acidobacteriota; c__Vicinamibacteria; o__Vicinamibacterales; f__2-12-FULL-66-21; g__MOTU40_122907	0.0	0.0	0.0	0.0	0.0	0.0	0.0	0.0	0.0	0.0	0.0	0.0	0.0	0.0	0.0	0.0	0.0	0.0	0.0	0.0	0.0	0.0	0.0	0.0	0.0	0.0	0.0	0.0	0.0	0.0	0.0	0.0	0.0	0.0	0.0	0.0	0.0	0.0	0.0	0.0	0.0	0.0	0.0	0.0	0.0	0.0	0.0	0.0	0.0	0.0	0.0	0.0	0.0	0.0	0.0	0.0	0.0	0.0	0.01	0.0	0.0	0.01	0.0	0.0	0.0	0.0	0.0	0.0	0.0	0.0	0.0	0.0
Root; d__Bacteria; p__Acidobacteriota; c__Vicinamibacteria; o__Vicinamibacterales; f__2-12-FULL-66-21; g__JBMDXB01	0.0	0.0	0.0	0.0	0.0	0.0	0.0	0.0	0.0	0.0	0.0	0.0	0.0	0.0	0.0	0.0	0.0	0.0	0.0	0.0	0.0	0.0	0.0	0.0	0.0	0.0	0.0	0.0	0.0	0.0	0.0	0.0	0.0	0.0	0.0	0.0	0.0	0.0	0.0	0.0	0.0	0.0	0.0	0.0	0.0	0.0	0.0	0.0	0.0	0.0	0.0	0.0	0.0	0.0	0.0	0.0	0.0	0.0	0.01	0.0	0.01	0.01	0.0	0.0	0.0	0.0	0.0	0.0	0.0	0.0	0.0	0.0
Root; d__Bacteria; p__Acidobacteriota; c__Vicinamibacteria; o__Vicinamibacterales; f__2-12-FULL-66-21; g__MGYG000492082	0.0	0.0	0.0	0.0	0.0	0.0	0.0	0.0	0.0	0.0	0.0	0.0	0.0	0.0	0.0	0.0	0.0	0.0	0.0	0.0	0.0	0.0	0.0	0.0	0.0	0.0	0.0	0.0	0.0	0.0	0.0	0.0	0.0	0.0	0.0	0.0	0.0	0.0	0.0	0.0	0.0	0.0	0.0	0.0	0.0	0.0	0.0	0.0	0.0	0.0	0.0	0.0	0.0	0.0	0.0	0.0	0.0	0.0	0.01	0.0	0.0	0.0	0.0	0.0	0.0	0.0	0.0	0.0	0.0	0.0	0.0	0.0
Root; d__Bacteria; p__Acidobacteriota; c__Vicinamibacteria; o__Vicinamibacterales; f__CAVVIG01; g__SMAGOTU_15110	0.0	0.0	0.0	0.0	0.0	0.0	0.0	0.0	0.0	0.0	0.0	0.0	0.0	0.0	0.0	0.0	0.0	0.0	0.0	0.0	0.0	0.0	0.0	0.0	0.0	0.0	0.0	0.0	0.0	0.0	0.0	0.0	0.0	0.0	0.0	0.0	0.0	0.0	0.0	0.0	0.0	0.0	0.0	0.0	0.0	0.0	0.0	0.0	0.0	0.0	0.0	0.0	0.0	0.0	0.0	0.0	0.0	0.0	0.01	0.0	0.01	0.01	0.0	0.0	0.0	0.0	0.0	0.0	0.0	0.0	0.01	0.0
Root; d__Bacteria; p__Acidobacteriota; c__Vicinamibacteria; o__Vicinamibacterales; f__CAVVIG01; g__CAVUXJ01	0.0	0.0	0.0	0.0	0.0	0.0	0.0	0.0	0.0	0.0	0.0	0.0	0.0	0.0	0.0	0.0	0.0	0.0	0.0	0.0	0.0	0.0	0.0	0.0	0.0	0.0	0.0	0.0	0.0	0.0	0.0	0.0	0.0	0.0	0.0	0.0	0.0	0.0	0.0	0.0	0.0	0.0	0.0	0.0	0.0	0.0	0.0	0.0	0.0	0.0	0.0	0.0	0.0	0.0	0.0	0.0	0.0	0.0	0.01	0.0	0.0	0.0	0.0	0.0	0.0	0.0	0.0	0.0	0.0	0.0	0.0	0.0
Root; d__Bacteria; p__Acidobacteriota; c__Vicinamibacteria; o__Vicinamibacterales; f__CAVVIG01; g__JADGOC01	0.0	0.0	0.0	0.0	0.0	0.0	0.0	0.0	0.0	0.0	0.0	0.0	0.0	0.0	0.0	0.0	0.0	0.0	0.0	0.0	0.0	0.0	0.0	0.0	0.0	0.0	0.0	0.0	0.0	0.0	0.0	0.0	0.0	0.0	0.0	0.0	0.0	0.0	0.0	0.0	0.0	0.0	0.0	0.0	0.0	0.0	0.0	0.0	0.0	0.0	0.0	0.0	0.0	0.0	0.0	0.0	0.0	0.0	0.01	0.0	0.01	0.0	0.0	0.0	0.0	0.0	0.0	0.0	0.0	0.0	0.0	0.0
Root; d__Bacteria; p__Acidobacteriota; c__Vicinamibacteria; o__Vicinamibacterales; f__CAVVIG01; g__2-12-FULL-65-11	0.0	0.0	0.0	0.0	0.0	0.0	0.0	0.0	0.0	0.0	0.0	0.0	0.0	0.0	0.0	0.0	0.0	0.0	0.0	0.0	0.0	0.0	0.0	0.0	0.0	0.0	0.0	0.0	0.0	0.0	0.0	0.0	0.0	0.0	0.0	0.0	0.0	0.0	0.0	0.0	0.0	0.0	0.0	0.0	0.0	0.0	0.0	0.0	0.0	0.0	0.0	0.0	0.0	0.0	0.0	0.0	0.0	0.0	0.01	0.0	0.0	0.0	0.0	0.0	0.0	0.0	0.0	0.0	0.0	0.0	0.0	0.0
Root; d__Bacteria; p__Acidobacteriota; c__Vicinamibacteria; o__Vicinamibacterales; f__CAVVIG01; g__SPIREOTU_01826350	0.0	0.0	0.0	0.0	0.0	0.0	0.0	0.0	0.0	0.0	0.0	0.0	0.0	0.0	0.0	0.0	0.0	0.0	0.0	0.0	0.0	0.0	0.0	0.0	0.0	0.0	0.0	0.0	0.0	0.0	0.0	0.0	0.0	0.0	0.0	0.0	0.0	0.0	0.0	0.0	0.0	0.0	0.0	0.0	0.0	0.0	0.0	0.0	0.0	0.0	0.0	0.0	0.0	0.0	0.0	0.0	0.0	0.0	0.01	0.0	0.01	0.0	0.0	0.0	0.0	0.0	0.0	0.0	0.0	0.0	0.0	0.0
Root; d__Bacteria; p__Acidobacteriota; c__Vicinamibacteria; o__Vicinamibacterales; f__SCN-69-37; g__DATEGZ01	0.0	0.0	0.0	0.0	0.0	0.0	0.0	0.0	0.0	0.0	0.0	0.0	0.0	0.0	0.0	0.0	0.0	0.0	0.0	0.0	0.0	0.0	0.0	0.0	0.0	0.0	0.0	0.0	0.0	0.0	0.0	0.0	0.0	0.0	0.0	0.0	0.0	0.0	0.0	0.0	0.0	0.0	0.0	0.0	0.0	0.0	0.0	0.0	0.0	0.0	0.0	0.0	0.0	0.0	0.0	0.0	0.0	0.0	0.01	0.0	0.01	0.01	0.0	0.0	0.0	0.0	0.0	0.02	0.0	0.0	0.0	0.0
Root; d__Bacteria; p__Acidobacteriota; c__Thermoanaerobaculia; o__Gp7-AA8; f__Gp7-AA8; g__MOTU40_122864	0.0	0.0	0.0	0.0	0.0	0.0	0.0	0.0	0.0	0.0	0.0	0.0	0.0	0.0	0.0	0.0	0.0	0.0	0.0	0.0	0.0	0.0	0.0	0.0	0.0	0.0	0.0	0.0	0.0	0.0	0.0	0.0	0.0	0.0	0.0	0.0	0.0	0.0	0.0	0.0	0.0	0.0	0.0	0.0	0.0	0.0	0.0	0.0	0.0	0.0	0.0	0.0	0.0	0.0	0.0	0.0	0.0	0.0	0.01	0.0	0.01	0.01	0.0	0.0	0.01	0.0	0.02	0.03	0.0	0.0	0.02	0.0
Root; d__Bacteria; p__Acidobacteriota; c__Thermoanaerobaculia; o__Gp7-AA8; f__Gp7-AA8; g__Gilichinskyi	0.0	0.0	0.0	0.0	0.0	0.0	0.0	0.0	0.0	0.0	0.0	0.0	0.0	0.0	0.0	0.0	0.0	0.0	0.0	0.0	0.0	0.0	0.0	0.0	0.0	0.0	0.0	0.0	0.0	0.0	0.0	0.0	0.0	0.0	0.0	0.0	0.0	0.0	0.0	0.0	0.0	0.0	0.0	0.0	0.0	0.0	0.0	0.0	0.0	0.0	0.0	0.0	0.0	0.0	0.0	0.0	0.0	0.0	0.01	0.0	0.0	0.01	0.0	0.0	0.0	0.0	0.0	0.02	0.0	0.0	0.0	0.0
Root; d__Bacteria; p__Acidobacteriota; c__Thermoanaerobaculia; o__UBA5066; f__UBA5066; g__Fen-183	0.0	0.0	0.0	0.0	0.0	0.0	0.0	0.0	0.0	0.0	0.0	0.0	0.0	0.0	0.0	0.0	0.0	0.0	0.0	0.0	0.0	0.0	0.0	0.0	0.0	0.0	0.0	0.0	0.0	0.0	0.0	0.0	0.0	0.0	0.0	0.0	0.0	0.0	0.0	0.0	0.0	0.0	0.0	0.0	0.0	0.0	0.0	0.0	0.0	0.0	0.0	0.0	0.0	0.0	0.0	0.0	0.0	0.0	0.01	0.0	0.0	0.0	0.0	0.0	0.0	0.0	0.0	0.0	0.0	0.0	0.0	0.0
Root; d__Bacteria; p__Verrucomicrobiota; c__Verrucomicrobiia; o__Limisphaerales; f__JACDHS01; g__CBHWET01	0.0	0.0	0.0	0.0	0.0	0.0	0.0	0.0	0.0	0.0	0.0	0.0	0.0	0.0	0.0	0.0	0.0	0.0	0.0	0.0	0.0	0.0	0.0	0.0	0.0	0.0	0.0	0.0	0.0	0.0	0.0	0.0	0.0	0.0	0.0	0.0	0.0	0.0	0.0	0.0	0.0	0.0	0.0	0.0	0.0	0.0	0.0	0.0	0.0	0.0	0.0	0.0	0.0	0.0	0.0	0.0	0.0	0.0	0.01	0.0	0.0	0.0	0.0	0.0	0.0	0.0	0.0	0.0	0.0	0.0	0.0	0.0
Root; d__Bacteria; p__Verrucomicrobiota; c__Verrucomicrobiia; o__Chthoniobacterales; f__UBA10450; g__SMAGOTU_05765	0.0	0.0	0.0	0.0	0.0	0.0	0.0	0.0	0.0	0.0	0.0	0.0	0.0	0.0	0.0	0.0	0.0	0.0	0.0	0.0	0.0	0.0	0.0	0.0	0.0	0.0	0.0	0.0	0.0	0.0	0.0	0.0	0.0	0.0	0.0	0.0	0.0	0.0	0.0	0.0	0.0	0.0	0.0	0.0	0.0	0.0	0.0	0.0	0.0	0.0	0.0	0.0	0.0	0.0	0.0	0.0	0.0	0.0	0.01	0.0	0.01	0.01	0.0	0.02	0.0	0.0	0.01	0.01	0.0	0.0	0.0	0.0
Root; d__Bacteria; p__Planctomycetota; c__Phycisphaerae; o__Tepidisphaerales; f__Tepidisphaeraceae; g__DASZXJ01	0.0	0.0	0.0	0.0	0.0	0.0	0.0	0.0	0.0	0.0	0.0	0.0	0.0	0.0	0.0	0.0	0.0	0.0	0.0	0.0	0.0	0.0	0.0	0.0	0.0	0.0	0.0	0.0	0.0	0.0	0.0	0.0	0.0	0.0	0.0	0.0	0.0	0.0	0.0	0.0	0.0	0.0	0.0	0.0	0.0	0.0	0.0	0.0	0.0	0.0	0.0	0.0	0.0	0.0	0.0	0.0	0.0	0.0	0.01	0.0	0.01	0.0	0.0	0.0	0.0	0.0	0.0	0.0	0.0	0.0	0.0	0.0
Root; d__Bacteria; p__Planctomycetota; c__Phycisphaerae; o__Tepidisphaerales; f__Tepidisphaeraceae; g__SPIREOTU_01905716	0.0	0.0	0.0	0.0	0.0	0.0	0.0	0.0	0.0	0.0	0.0	0.0	0.0	0.0	0.0	0.0	0.0	0.0	0.0	0.0	0.0	0.0	0.0	0.0	0.0	0.0	0.0	0.0	0.0	0.0	0.0	0.0	0.0	0.0	0.0	0.0	0.0	0.0	0.0	0.0	0.0	0.0	0.0	0.0	0.0	0.0	0.0	0.0	0.0	0.0	0.0	0.0	0.0	0.0	0.0	0.0	0.0	0.0	0.01	0.0	0.0	0.0	0.0	0.0	0.0	0.0	0.0	0.0	0.0	0.0	0.0	0.0
Root; d__Bacteria; p__Planctomycetota; c__Planctomycetia; o__Gemmatales; f__Gemmataceae; g__SPIREOTU_02372505	0.0	0.0	0.0	0.0	0.0	0.0	0.0	0.0	0.0	0.0	0.0	0.0	0.0	0.0	0.0	0.0	0.0	0.0	0.0	0.0	0.0	0.0	0.0	0.0	0.0	0.0	0.0	0.0	0.0	0.0	0.0	0.0	0.0	0.0	0.0	0.0	0.0	0.0	0.0	0.0	0.0	0.0	0.0	0.0	0.0	0.0	0.0	0.0	0.0	0.0	0.0	0.0	0.0	0.0	0.0	0.0	0.0	0.0	0.01	0.0	0.01	0.01	0.0	0.0	0.0	0.0	0.0	0.0	0.0	0.02	0.0	0.0
Root; d__Bacteria; p__Planctomycetota; c__Planctomycetia; o__Gemmatales; f__Gemmataceae; g__JBGQLF01	0.0	0.0	0.0	0.0	0.0	0.0	0.0	0.0	0.0	0.0	0.0	0.0	0.0	0.0	0.0	0.0	0.0	0.0	0.0	0.0	0.0	0.0	0.0	0.0	0.0	0.0	0.0	0.0	0.0	0.0	0.0	0.0	0.0	0.0	0.0	0.0	0.0	0.0	0.0	0.0	0.0	0.0	0.0	0.0	0.0	0.0	0.0	0.0	0.0	0.0	0.0	0.0	0.0	0.0	0.0	0.0	0.0	0.0	0.01	0.0	0.0	0.0	0.0	0.0	0.0	0.0	0.0	0.0	0.0	0.0	0.0	0.0
Root; d__Bacteria; p__Planctomycetota; c__Planctomycetia; o__Gemmatales; f__Gemmataceae; g__JBBSEZ01	0.0	0.0	0.0	0.0	0.0	0.0	0.0	0.0	0.0	0.0	0.0	0.0	0.0	0.0	0.0	0.0	0.0	0.0	0.0	0.0	0.0	0.0	0.0	0.0	0.0	0.0	0.0	0.0	0.0	0.0	0.0	0.0	0.0	0.0	0.0	0.0	0.0	0.0	0.0	0.0	0.0	0.0	0.0	0.0	0.0	0.0	0.0	0.0	0.0	0.0	0.0	0.0	0.0	0.0	0.0	0.0	0.0	0.0	0.01	0.0	0.01	0.01	0.0	0.0	0.0	0.0	0.0	0.0	0.0	0.0	0.0	0.0
Root; d__Bacteria; p__Planctomycetota; c__Planctomycetia; o__Isosphaerales; f__Isosphaeraceae; g__DAIDJG01	0.0	0.0	0.0	0.0	0.0	0.0	0.0	0.0	0.0	0.0	0.0	0.0	0.0	0.0	0.0	0.0	0.0	0.0	0.0	0.0	0.0	0.0	0.0	0.0	0.0	0.0	0.0	0.0	0.0	0.0	0.0	0.0	0.0	0.0	0.0	0.0	0.0	0.0	0.0	0.0	0.0	0.0	0.0	0.0	0.0	0.0	0.0	0.0	0.0	0.0	0.0	0.0	0.0	0.0	0.0	0.0	0.0	0.0	0.01	0.0	0.0	0.0	0.0	0.0	0.0	0.0	0.0	0.0	0.0	0.0	0.0	0.0
Root; d__Bacteria; p__Planctomycetota; c__Planctomycetia; o__Pirellulales; f__JADZDJ01; g__CAVTYH01	0.0	0.0	0.0	0.0	0.0	0.0	0.0	0.0	0.0	0.0	0.0	0.0	0.0	0.0	0.0	0.0	0.0	0.0	0.0	0.0	0.0	0.0	0.0	0.0	0.0	0.0	0.0	0.0	0.0	0.0	0.0	0.0	0.0	0.0	0.0	0.0	0.0	0.0	0.0	0.0	0.0	0.0	0.0	0.0	0.0	0.0	0.0	0.0	0.0	0.0	0.0	0.0	0.0	0.0	0.0	0.0	0.0	0.0	0.01	0.0	0.01	0.01	0.0	0.0	0.0	0.0	0.0	0.0	0.0	0.0	0.0	0.0
Root; d__Bacteria; p__Planctomycetota; c__UBA1135; o__UBA1135; f__GCA-002686595; g__JAEUIA01	0.0	0.0	0.0	0.0	0.0	0.0	0.0	0.0	0.0	0.0	0.0	0.0	0.0	0.0	0.0	0.0	0.0	0.0	0.0	0.0	0.0	0.0	0.0	0.0	0.0	0.0	0.0	0.0	0.0	0.0	0.0	0.0	0.0	0.0	0.0	0.0	0.0	0.0	0.0	0.0	0.0	0.0	0.0	0.0	0.0	0.0	0.0	0.0	0.0	0.0	0.0	0.0	0.0	0.0	0.0	0.0	0.0	0.0	0.01	0.0	0.0	0.0	0.0	0.0	0.0	0.0	0.0	0.0	0.0	0.0	0.0	0.0
Root; d__Bacteria; p__Gemmatimonadota; c__Gemmatimonadetes; o__Gemmatimonadales; f__GWC2-71-9; g__DASSTY01	0.0	0.0	0.0	0.0	0.0	0.0	0.0	0.0	0.0	0.0	0.0	0.0	0.0	0.0	0.0	0.0	0.0	0.0	0.0	0.0	0.0	0.0	0.0	0.0	0.0	0.0	0.0	0.0	0.0	0.0	0.0	0.0	0.0	0.0	0.0	0.0	0.0	0.0	0.0	0.0	0.0	0.0	0.0	0.0	0.0	0.0	0.0	0.0	0.0	0.0	0.0	0.0	0.0	0.0	0.0	0.0	0.0	0.0	0.01	0.0	0.0	0.0	0.0	0.0	0.0	0.0	0.0	0.0	0.0	0.0	0.0	0.0
Root; d__Bacteria; p__Gemmatimonadota; c__Gemmatimonadetes; o__Gemmatimonadales; f__Gemmatimonadaceae; g__DASRAP01	0.0	0.0	0.0	0.0	0.0	0.0	0.0	0.0	0.0	0.0	0.0	0.0	0.0	0.0	0.0	0.0	0.0	0.0	0.0	0.0	0.0	0.0	0.0	0.0	0.0	0.0	0.0	0.0	0.0	0.0	0.0	0.0	0.0	0.0	0.0	0.0	0.0	0.0	0.0	0.0	0.0	0.0	0.0	0.0	0.0	0.0	0.0	0.0	0.0	0.0	0.0	0.0	0.0	0.0	0.0	0.0	0.0	0.0	0.01	0.0	0.01	0.01	0.01	0.0	0.0	0.0	0.0	0.0	0.0	0.0	0.0	0.0
Root; d__Bacteria; p__Gemmatimonadota; c__Gemmatimonadetes; o__Gemmatimonadales; f__Gemmatimonadaceae; g__Fen-1231	0.0	0.0	0.0	0.0	0.0	0.0	0.0	0.0	0.0	0.0	0.0	0.0	0.0	0.0	0.0	0.0	0.0	0.0	0.0	0.0	0.0	0.0	0.0	0.0	0.0	0.0	0.0	0.0	0.0	0.0	0.0	0.0	0.0	0.0	0.0	0.0	0.0	0.0	0.0	0.0	0.0	0.0	0.0	0.0	0.0	0.0	0.0	0.0	0.0	0.0	0.0	0.0	0.0	0.0	0.0	0.0	0.0	0.0	0.01	0.0	0.01	0.01	0.0	0.0	0.0	0.0	0.0	0.0	0.0	0.0	0.0	0.0
Root; d__Bacteria; p__Gemmatimonadota; c__Gemmatimonadetes; o__Gemmatimonadales; f__Gemmatimonadaceae; g__SPIREOTU_01630628	0.0	0.0	0.0	0.0	0.0	0.0	0.0	0.0	0.0	0.0	0.0	0.0	0.0	0.0	0.0	0.0	0.0	0.0	0.0	0.0	0.0	0.0	0.0	0.0	0.0	0.0	0.0	0.0	0.0	0.0	0.0	0.0	0.0	0.0	0.0	0.0	0.0	0.0	0.0	0.0	0.0	0.0	0.0	0.0	0.0	0.0	0.0	0.0	0.0	0.0	0.0	0.0	0.0	0.0	0.0	0.0	0.0	0.0	0.01	0.0	0.0	0.01	0.0	0.0	0.0	0.0	0.0	0.0	0.0	0.0	0.0	0.0
Root; d__Bacteria; p__Bacillota_I; c__Bacilli_A; o__Mycoplasmatales; f__CGIF01; g__CGIF01	0.0	0.0	0.0	0.0	0.0	0.0	0.0	0.0	0.0	0.0	0.0	0.0	0.0	0.0	0.0	0.0	0.0	0.0	0.0	0.0	0.0	0.0	0.0	0.0	0.0	0.0	0.0	0.0	0.0	0.0	0.0	0.0	0.0	0.0	0.0	0.0	0.0	0.0	0.0	0.0	0.0	0.0	0.0	0.0	0.0	0.0	0.0	0.0	0.0	0.0	0.0	0.0	0.0	0.0	0.0	0.0	0.0	0.0	0.01	0.0	0.01	0.01	0.0	0.0	0.0	0.0	0.0	0.02	0.0	0.0	0.0	0.0
Root; d__Bacteria; p__Eisenbacteria; c__RBG-16-71-46; o__RBG-16-71-46; f__RBG-16-71-46; g__DATKAB01	0.0	0.0	0.0	0.0	0.0	0.0	0.0	0.0	0.0	0.0	0.0	0.0	0.0	0.0	0.0	0.0	0.0	0.0	0.0	0.0	0.0	0.0	0.0	0.0	0.0	0.0	0.0	0.0	0.0	0.0	0.0	0.0	0.0	0.0	0.0	0.0	0.0	0.0	0.0	0.0	0.0	0.0	0.0	0.0	0.0	0.0	0.0	0.0	0.0	0.0	0.0	0.0	0.0	0.0	0.0	0.0	0.0	0.0	0.01	0.0	0.01	0.01	0.0	0.0	0.0	0.0	0.0	0.0	0.0	0.0	0.0	0.0
Root; d__Bacteria; p__Methylomirabilota; c__Methylomirabilia; o__Rokubacteriales; f__CSP1-6; g__VGLJ01	0.0	0.0	0.0	0.0	0.0	0.0	0.0	0.0	0.0	0.0	0.0	0.0	0.0	0.0	0.0	0.0	0.0	0.0	0.0	0.0	0.0	0.0	0.0	0.0	0.0	0.0	0.0	0.0	0.0	0.0	0.0	0.0	0.0	0.0	0.0	0.0	0.0	0.0	0.0	0.0	0.0	0.0	0.0	0.0	0.0	0.0	0.0	0.0	0.0	0.0	0.0	0.0	0.0	0.0	0.0	0.0	0.0	0.0	0.01	0.0	0.01	0.0	0.0	0.0	0.01	0.0	0.0	0.0	0.0	0.0	0.0	0.0
Root; d__Bacteria; p__Actinomycetota; c__Thermoleophilia; o__Gaiellales; f__Gaiellaceae; g__JBKJML01	0.0	0.0	0.0	0.0	0.0	0.0	0.0	0.0	0.0	0.0	0.0	0.0	0.0	0.0	0.0	0.0	0.0	0.0	0.0	0.0	0.0	0.0	0.0	0.0	0.0	0.0	0.0	0.0	0.0	0.0	0.0	0.0	0.0	0.0	0.0	0.0	0.0	0.0	0.0	0.0	0.0	0.0	0.0	0.0	0.0	0.0	0.0	0.0	0.0	0.0	0.0	0.0	0.0	0.0	0.0	0.0	0.0	0.0	0.0	0.0	0.01	0.0	0.0	0.0	0.0	0.0	0.0	0.0	0.0	0.0	0.0	0.0
Root; d__Bacteria; p__Actinomycetota; c__Thermoleophilia; o__Gaiellales; f__Gaiellaceae; g__CAYGLV01	0.0	0.0	0.0	0.0	0.0	0.0	0.0	0.0	0.0	0.0	0.0	0.0	0.0	0.0	0.0	0.0	0.0	0.0	0.0	0.0	0.0	0.0	0.0	0.0	0.0	0.0	0.0	0.0	0.0	0.0	0.0	0.0	0.0	0.0	0.0	0.0	0.0	0.0	0.0	0.0	0.0	0.0	0.0	0.0	0.0	0.0	0.0	0.0	0.0	0.0	0.0	0.0	0.0	0.0	0.0	0.0	0.0	0.0	0.0	0.0	0.01	0.0	0.0	0.0	0.0	0.0	0.0	0.0	0.0	0.0	0.0	0.0
Root; d__Bacteria; p__Actinomycetota; c__Thermoleophilia; o__Gaiellales; f__Gaiellaceae; g__JAICNY01	0.0	0.0	0.0	0.0	0.0	0.0	0.0	0.0	0.0	0.0	0.0	0.0	0.0	0.0	0.0	0.0	0.0	0.0	0.0	0.0	0.0	0.0	0.0	0.0	0.0	0.0	0.0	0.0	0.0	0.0	0.0	0.0	0.0	0.0	0.0	0.0	0.0	0.0	0.0	0.0	0.0	0.0	0.0	0.0	0.0	0.0	0.0	0.0	0.0	0.0	0.0	0.0	0.0	0.0	0.0	0.0	0.0	0.0	0.0	0.0	0.0	0.0	0.0	0.0	0.0	0.0	0.0	0.0	0.0	0.0	0.0	0.0
Root; d__Bacteria; p__Actinomycetota; c__Thermoleophilia; o__Gaiellales; f__Gaiellaceae; g__CAVWSR01	0.0	0.0	0.0	0.0	0.0	0.0	0.0	0.0	0.0	0.0	0.0	0.0	0.0	0.0	0.0	0.0	0.0	0.0	0.0	0.0	0.0	0.0	0.0	0.0	0.0	0.0	0.0	0.0	0.0	0.0	0.0	0.0	0.0	0.0	0.0	0.0	0.0	0.0	0.0	0.0	0.0	0.0	0.0	0.0	0.0	0.0	0.0	0.0	0.0	0.0	0.0	0.0	0.0	0.0	0.0	0.0	0.0	0.0	0.0	0.0	0.01	0.0	0.0	0.0	0.0	0.0	0.0	0.0	0.0	0.0	0.0	0.0
Root; d__Bacteria; p__Actinomycetota; c__Thermoleophilia; o__Gaiellales; f__Gaiellaceae; g__SPIREOTU_00497132	0.0	0.0	0.0	0.0	0.0	0.0	0.0	0.0	0.0	0.0	0.0	0.0	0.0	0.0	0.0	0.0	0.0	0.0	0.0	0.0	0.0	0.0	0.0	0.0	0.0	0.0	0.0	0.0	0.0	0.0	0.0	0.0	0.0	0.0	0.0	0.0	0.0	0.0	0.0	0.0	0.0	0.0	0.0	0.0	0.0	0.0	0.0	0.0	0.0	0.0	0.0	0.0	0.0	0.0	0.0	0.0	0.0	0.0	0.0	0.0	0.01	0.0	0.0	0.0	0.0	0.0	0.0	0.0	0.0	0.0	0.0	0.0
Root; d__Bacteria; p__Actinomycetota; c__Thermoleophilia; o__Gaiellales; f__Gaiellaceae; g__SMAGOTU_04304	0.0	0.0	0.0	0.0	0.0	0.0	0.0	0.0	0.0	0.0	0.0	0.0	0.0	0.0	0.0	0.0	0.0	0.0	0.0	0.0	0.0	0.0	0.0	0.0	0.0	0.0	0.0	0.0	0.0	0.0	0.0	0.0	0.0	0.0	0.0	0.0	0.0	0.0	0.0	0.0	0.0	0.0	0.0	0.0	0.0	0.0	0.0	0.0	0.0	0.0	0.0	0.0	0.0	0.0	0.0	0.0	0.0	0.0	0.0	0.0	0.01	0.0	0.0	0.0	0.0	0.0	0.0	0.0	0.0	0.0	0.0	0.0
Root; d__Bacteria; p__Actinomycetota; c__Thermoleophilia; o__Gaiellales; f__F1-60-MAGs149; g__F1-60-MAGs149	0.0	0.0	0.0	0.0	0.0	0.0	0.0	0.0	0.0	0.0	0.0	0.0	0.0	0.0	0.0	0.0	0.0	0.0	0.0	0.0	0.0	0.0	0.0	0.0	0.0	0.0	0.0	0.0	0.0	0.0	0.0	0.0	0.0	0.0	0.0	0.0	0.0	0.0	0.0	0.0	0.0	0.0	0.0	0.0	0.0	0.0	0.0	0.0	0.0	0.0	0.0	0.0	0.0	0.0	0.0	0.0	0.0	0.0	0.0	0.0	0.0	0.01	0.01	0.0	0.0	0.0	0.02	0.01	0.0	0.01	0.0	0.0
Root; d__Bacteria; p__Actinomycetota; c__Thermoleophilia; o__Solirubrobacterales; f__70-9; g__MGYG000494582	0.0	0.0	0.0	0.0	0.0	0.0	0.0	0.0	0.0	0.0	0.0	0.0	0.0	0.0	0.0	0.0	0.0	0.0	0.0	0.0	0.0	0.0	0.0	0.0	0.0	0.0	0.0	0.0	0.0	0.0	0.0	0.0	0.0	0.0	0.0	0.0	0.0	0.0	0.0	0.0	0.0	0.0	0.0	0.0	0.0	0.0	0.0	0.0	0.0	0.0	0.0	0.0	0.0	0.0	0.0	0.0	0.0	0.0	0.0	0.0	0.0	0.0	0.0	0.0	0.0	0.0	0.0	0.0	0.0	0.0	0.0	0.0
Root; d__Bacteria; p__Actinomycetota; c__Thermoleophilia; o__Solirubrobacterales; f__70-9; g__JACDBR01	0.0	0.0	0.0	0.0	0.0	0.0	0.0	0.0	0.0	0.0	0.0	0.0	0.0	0.0	0.0	0.0	0.0	0.0	0.0	0.0	0.0	0.0	0.0	0.0	0.0	0.0	0.0	0.0	0.0	0.0	0.0	0.0	0.0	0.0	0.0	0.0	0.0	0.0	0.0	0.0	0.0	0.0	0.0	0.0	0.0	0.0	0.0	0.0	0.0	0.0	0.0	0.0	0.0	0.0	0.0	0.0	0.0	0.0	0.0	0.0	0.01	0.0	0.0	0.0	0.0	0.0	0.0	0.0	0.0	0.0	0.0	0.0
Root; d__Bacteria; p__Actinomycetota; c__Thermoleophilia; o__Solirubrobacterales; f__70-9; g__SPIREOTU_00520458	0.0	0.0	0.0	0.0	0.0	0.0	0.0	0.0	0.0	0.0	0.0	0.0	0.0	0.0	0.0	0.0	0.0	0.0	0.0	0.0	0.0	0.0	0.0	0.0	0.0	0.0	0.0	0.0	0.0	0.0	0.0	0.0	0.0	0.0	0.0	0.0	0.0	0.0	0.0	0.0	0.0	0.0	0.0	0.0	0.0	0.0	0.0	0.0	0.0	0.0	0.0	0.0	0.0	0.0	0.0	0.0	0.0	0.0	0.0	0.0	0.0	0.0	0.0	0.0	0.0	0.0	0.0	0.0	0.0	0.0	0.0	0.0
Root; d__Bacteria; p__Actinomycetota; c__Thermoleophilia; o__Solirubrobacterales; f__70-9; g__GCMETA_00120231	0.0	0.0	0.0	0.0	0.0	0.0	0.0	0.0	0.0	0.0	0.0	0.0	0.0	0.0	0.0	0.0	0.0	0.0	0.0	0.0	0.0	0.0	0.0	0.0	0.0	0.0	0.0	0.0	0.0	0.0	0.0	0.0	0.0	0.0	0.0	0.0	0.0	0.0	0.0	0.0	0.0	0.0	0.0	0.0	0.0	0.0	0.0	0.0	0.0	0.0	0.0	0.0	0.0	0.0	0.0	0.0	0.0	0.0	0.0	0.0	0.0	0.01	0.0	0.0	0.0	0.0	0.0	0.0	0.0	0.0	0.0	0.0
Root; d__Bacteria; p__Actinomycetota; c__Thermoleophilia; o__Solirubrobacterales; f__Solirubrobacteraceae; g__SMAGOTU_13959	0.0	0.0	0.0	0.0	0.0	0.0	0.0	0.0	0.0	0.0	0.0	0.0	0.0	0.0	0.0	0.0	0.0	0.0	0.0	0.0	0.0	0.0	0.0	0.0	0.0	0.0	0.0	0.0	0.0	0.0	0.0	0.0	0.0	0.0	0.0	0.0	0.0	0.0	0.0	0.0	0.0	0.0	0.0	0.0	0.0	0.0	0.0	0.0	0.0	0.0	0.0	0.0	0.0	0.0	0.0	0.0	0.0	0.0	0.0	0.0	0.01	0.01	0.0	0.0	0.0	0.0	0.01	0.0	0.0	0.0	0.0	0.0
Root; d__Bacteria; p__Actinomycetota; c__Thermoleophilia; o__Solirubrobacterales; f__Solirubrobacteraceae; g__SPIREOTU_01174693	0.0	0.0	0.0	0.0	0.0	0.0	0.0	0.0	0.0	0.0	0.0	0.0	0.0	0.0	0.0	0.0	0.0	0.0	0.0	0.0	0.0	0.0	0.0	0.0	0.0	0.0	0.0	0.0	0.0	0.0	0.0	0.0	0.0	0.0	0.0	0.0	0.0	0.0	0.0	0.0	0.0	0.0	0.0	0.0	0.0	0.0	0.0	0.0	0.0	0.0	0.0	0.0	0.0	0.0	0.0	0.0	0.0	0.0	0.0	0.0	0.01	0.01	0.0	0.0	0.0	0.0	0.0	0.0	0.0	0.0	0.0	0.0
Root; d__Bacteria; p__Actinomycetota; c__Thermoleophilia; o__Solirubrobacterales; f__Solirubrobacteraceae; g__CANJIV01	0.0	0.0	0.0	0.0	0.0	0.0	0.0	0.0	0.0	0.0	0.0	0.0	0.0	0.0	0.0	0.0	0.0	0.0	0.0	0.0	0.0	0.0	0.0	0.0	0.0	0.0	0.0	0.0	0.0	0.0	0.0	0.0	0.0	0.0	0.0	0.0	0.0	0.0	0.0	0.0	0.0	0.0	0.0	0.0	0.0	0.0	0.0	0.0	0.0	0.0	0.0	0.0	0.0	0.0	0.0	0.0	0.0	0.0	0.0	0.0	0.01	0.01	0.0	0.0	0.0	0.0	0.0	0.0	0.0	0.0	0.0	0.0
Root; d__Bacteria; p__Actinomycetota; c__Thermoleophilia; o__Solirubrobacterales; f__Thermoleophilaceae; g__DASQXU01	0.0	0.0	0.0	0.0	0.0	0.0	0.0	0.0	0.0	0.0	0.0	0.0	0.0	0.0	0.0	0.0	0.0	0.0	0.0	0.0	0.0	0.0	0.0	0.0	0.0	0.0	0.0	0.0	0.0	0.0	0.0	0.0	0.0	0.0	0.0	0.0	0.0	0.0	0.0	0.0	0.0	0.0	0.0	0.0	0.0	0.0	0.0	0.0	0.0	0.0	0.0	0.0	0.0	0.0	0.0	0.0	0.0	0.0	0.0	0.0	0.01	0.0	0.0	0.0	0.0	0.0	0.0	0.0	0.0	0.0	0.0	0.0
Root; d__Bacteria; p__Actinomycetota; c__Thermoleophilia; o__Solirubrobacterales; f__Thermoleophilaceae; g__JBKPFJ01	0.0	0.0	0.0	0.0	0.0	0.0	0.0	0.0	0.0	0.0	0.0	0.0	0.0	0.0	0.0	0.0	0.0	0.0	0.0	0.0	0.0	0.0	0.0	0.0	0.0	0.0	0.0	0.0	0.0	0.0	0.0	0.0	0.0	0.0	0.0	0.0	0.0	0.0	0.0	0.0	0.0	0.0	0.0	0.0	0.0	0.0	0.0	0.0	0.0	0.0	0.0	0.0	0.0	0.0	0.0	0.0	0.0	0.0	0.0	0.0	0.0	0.01	0.0	0.0	0.0	0.0	0.0	0.0	0.0	0.0	0.0	0.0
Root; d__Bacteria; p__Actinomycetota; c__Thermoleophilia; o__Solirubrobacterales; f__JBBDJG01; g__CAVSXO01	0.0	0.0	0.0	0.0	0.0	0.0	0.0	0.0	0.0	0.0	0.0	0.0	0.0	0.0	0.0	0.0	0.0	0.0	0.0	0.0	0.0	0.0	0.0	0.0	0.0	0.0	0.0	0.0	0.0	0.0	0.0	0.0	0.0	0.0	0.0	0.0	0.0	0.0	0.0	0.0	0.0	0.0	0.0	0.0	0.0	0.0	0.0	0.0	0.0	0.0	0.0	0.0	0.0	0.0	0.0	0.0	0.0	0.0	0.0	0.0	0.01	0.0	0.0	0.0	0.0	0.0	0.0	0.0	0.0	0.0	0.0	0.0
Root; d__Bacteria; p__Actinomycetota; c__Actinomycetes; o__Propionibacteriales; f__Nocardioidaceae; g__MOTU40_061330	0.0	0.0	0.0	0.0	0.0	0.0	0.0	0.0	0.0	0.0	0.0	0.0	0.0	0.0	0.0	0.0	0.0	0.0	0.0	0.0	0.0	0.0	0.0	0.0	0.0	0.0	0.0	0.0	0.0	0.0	0.0	0.0	0.0	0.0	0.0	0.0	0.0	0.0	0.0	0.0	0.0	0.0	0.0	0.0	0.0	0.0	0.0	0.0	0.0	0.0	0.0	0.0	0.0	0.0	0.0	0.0	0.0	0.0	0.0	0.0	0.0	0.01	0.0	0.0	0.0	0.0	0.0	0.0	0.0	0.0	0.0	0.0
Root; d__Bacteria; p__Actinomycetota; c__Actinomycetes; o__Propionibacteriales; f__Nocardioidaceae; g__JACCWP01	0.0	0.0	0.0	0.0	0.0	0.0	0.0	0.0	0.0	0.0	0.0	0.0	0.0	0.0	0.0	0.0	0.0	0.0	0.0	0.0	0.0	0.0	0.0	0.0	0.0	0.0	0.0	0.0	0.0	0.0	0.0	0.0	0.0	0.0	0.0	0.0	0.0	0.0	0.0	0.0	0.0	0.0	0.0	0.0	0.0	0.0	0.0	0.0	0.0	0.0	0.0	0.0	0.0	0.0	0.0	0.0	0.0	0.0	0.0	0.0	0.0	0.0	0.0	0.0	0.0	0.0	0.0	0.0	0.0	0.0	0.0	0.0
Root; d__Bacteria; p__Actinomycetota; c__Actinomycetes; o__Propionibacteriales; f__Nocardioidaceae; g__GWHBJFB00000000	0.0	0.0	0.0	0.0	0.0	0.0	0.0	0.0	0.0	0.0	0.0	0.0	0.0	0.0	0.0	0.0	0.0	0.0	0.0	0.0	0.0	0.0	0.0	0.0	0.0	0.0	0.0	0.0	0.0	0.0	0.0	0.0	0.0	0.0	0.0	0.0	0.0	0.0	0.0	0.0	0.0	0.0	0.0	0.0	0.0	0.0	0.0	0.0	0.0	0.0	0.0	0.0	0.0	0.0	0.0	0.0	0.0	0.0	0.0	0.0	0.01	0.0	0.0	0.0	0.0	0.0	0.0	0.0	0.0	0.0	0.0	0.0
Root; d__Bacteria; p__Actinomycetota; c__Actinomycetes; o__Propionibacteriales; f__Nocardioidaceae; g__JACDHG01	0.0	0.0	0.0	0.0	0.0	0.0	0.0	0.0	0.0	0.0	0.0	0.0	0.0	0.0	0.0	0.0	0.0	0.0	0.0	0.0	0.0	0.0	0.0	0.0	0.0	0.0	0.0	0.0	0.0	0.0	0.0	0.0	0.0	0.0	0.0	0.0	0.0	0.0	0.0	0.0	0.0	0.0	0.0	0.0	0.0	0.0	0.0	0.0	0.0	0.0	0.0	0.0	0.0	0.0	0.0	0.0	0.0	0.0	0.0	0.0	0.01	0.0	0.0	0.0	0.0	0.0	0.0	0.0	0.0	0.0	0.0	0.0
Root; d__Bacteria; p__Actinomycetota; c__Actinomycetes; o__Propionibacteriales; f__Nocardioidaceae; g__TYQ2	0.0	0.0	0.0	0.0	0.0	0.0	0.0	0.0	0.0	0.0	0.0	0.0	0.0	0.0	0.0	0.0	0.0	0.0	0.0	0.0	0.0	0.0	0.0	0.0	0.0	0.0	0.0	0.0	0.0	0.0	0.0	0.0	0.0	0.0	0.0	0.0	0.0	0.0	0.0	0.0	0.0	0.0	0.0	0.0	0.0	0.0	0.0	0.0	0.0	0.0	0.0	0.0	0.0	0.0	0.0	0.0	0.0	0.0	0.0	0.0	0.0	0.0	0.0	0.0	0.0	0.0	0.0	0.0	0.0	0.0	0.0	0.0
Root; d__Bacteria; p__Actinomycetota; c__Actinomycetes; o__Propionibacteriales; f__Actinopolymorphaceae; g__Actinopolymorpha	0.0	0.0	0.0	0.0	0.0	0.0	0.0	0.0	0.0	0.0	0.0	0.0	0.0	0.0	0.0	0.0	0.0	0.0	0.0	0.0	0.0	0.0	0.0	0.0	0.0	0.0	0.0	0.0	0.0	0.0	0.0	0.0	0.0	0.0	0.0	0.0	0.0	0.0	0.0	0.0	0.0	0.0	0.0	0.0	0.0	0.0	0.0	0.0	0.0	0.0	0.0	0.0	0.0	0.0	0.0	0.0	0.0	0.0	0.0	0.0	0.0	0.0	0.0	0.0	0.0	0.0	0.0	0.0	0.0	0.0	0.0	0.0
Root; d__Bacteria; p__Actinomycetota; c__Actinomycetes; o__Mycobacteriales; f__Micromonosporaceae; g__Catenuloplanes	0.0	0.0	0.0	0.0	0.0	0.0	0.0	0.0	0.0	0.0	0.0	0.0	0.0	0.0	0.0	0.0	0.0	0.0	0.0	0.0	0.0	0.0	0.0	0.0	0.0	0.0	0.0	0.0	0.0	0.0	0.0	0.0	0.0	0.0	0.0	0.0	0.0	0.0	0.0	0.0	0.0	0.0	0.0	0.0	0.0	0.0	0.0	0.0	0.0	0.0	0.0	0.0	0.0	0.0	0.0	0.0	0.0	0.0	0.0	0.0	0.01	0.02	0.0	0.01	0.0	0.0	0.0	0.0	0.0	0.0	0.0	0.0
Root; d__Bacteria; p__Actinomycetota; c__Actinomycetes; o__Mycobacteriales; f__Micromonosporaceae; g__DASQPR01	0.0	0.0	0.0	0.0	0.0	0.0	0.0	0.0	0.0	0.0	0.0	0.0	0.0	0.0	0.0	0.0	0.0	0.0	0.0	0.0	0.0	0.0	0.0	0.0	0.0	0.0	0.0	0.0	0.0	0.0	0.0	0.0	0.0	0.0	0.0	0.0	0.0	0.0	0.0	0.0	0.0	0.0	0.0	0.0	0.0	0.0	0.0	0.0	0.0	0.0	0.0	0.0	0.0	0.0	0.0	0.0	0.0	0.0	0.0	0.0	0.01	0.0	0.0	0.0	0.0	0.0	0.0	0.0	0.0	0.0	0.0	0.0
Root; d__Bacteria; p__Actinomycetota; c__Actinomycetes; o__Mycobacteriales; f__Micromonosporaceae; g__Pilimelia	0.0	0.0	0.0	0.0	0.0	0.0	0.0	0.0	0.0	0.0	0.0	0.0	0.0	0.0	0.0	0.0	0.0	0.0	0.0	0.0	0.0	0.0	0.0	0.0	0.0	0.0	0.0	0.0	0.0	0.0	0.0	0.0	0.0	0.0	0.0	0.0	0.0	0.0	0.0	0.0	0.0	0.0	0.0	0.0	0.0	0.0	0.0	0.0	0.0	0.0	0.0	0.0	0.0	0.0	0.0	0.0	0.0	0.0	0.0	0.0	0.01	0.0	0.0	0.0	0.0	0.0	0.0	0.0	0.0	0.0	0.0	0.0
Root; d__Bacteria; p__Actinomycetota; c__Actinomycetes; o__Mycobacteriales; f__Micromonosporaceae; g__Allocatelliglobosispora	0.0	0.0	0.0	0.0	0.0	0.0	0.0	0.0	0.0	0.0	0.0	0.0	0.0	0.0	0.0	0.0	0.0	0.0	0.0	0.0	0.0	0.0	0.0	0.0	0.0	0.0	0.0	0.0	0.0	0.0	0.0	0.0	0.0	0.0	0.0	0.0	0.0	0.0	0.0	0.0	0.0	0.0	0.0	0.0	0.0	0.0	0.0	0.0	0.0	0.0	0.0	0.0	0.0	0.0	0.0	0.0	0.0	0.0	0.0	0.0	0.01	0.0	0.0	0.0	0.0	0.0	0.0	0.0	0.0	0.0	0.0	0.0
Root; d__Bacteria; p__Actinomycetota; c__Actinomycetes; o__Mycobacteriales; f__Micromonosporaceae; g__Micromonospora_H	0.0	0.0	0.0	0.0	0.0	0.0	0.0	0.0	0.0	0.0	0.0	0.0	0.0	0.0	0.0	0.0	0.0	0.0	0.0	0.0	0.0	0.0	0.0	0.0	0.0	0.0	0.0	0.0	0.0	0.0	0.0	0.0	0.0	0.0	0.0	0.0	0.0	0.0	0.0	0.0	0.0	0.0	0.0	0.0	0.0	0.0	0.0	0.0	0.0	0.0	0.0	0.0	0.0	0.0	0.0	0.0	0.0	0.0	0.0	0.0	0.0	0.0	0.0	0.0	0.0	0.0	0.0	0.0	0.0	0.0	0.0	0.0
Root; d__Bacteria; p__Actinomycetota; c__Actinomycetes; o__Mycobacteriales; f__Jatrophihabitantaceae; g__DASRSS01	0.0	0.0	0.0	0.0	0.0	0.0	0.0	0.0	0.0	0.0	0.0	0.0	0.0	0.0	0.0	0.0	0.0	0.0	0.0	0.0	0.0	0.0	0.0	0.0	0.0	0.0	0.0	0.0	0.0	0.0	0.0	0.0	0.0	0.0	0.0	0.0	0.0	0.0	0.0	0.0	0.0	0.0	0.0	0.0	0.0	0.0	0.0	0.0	0.0	0.0	0.0	0.0	0.0	0.0	0.0	0.0	0.0	0.0	0.0	0.0	0.01	0.0	0.0	0.0	0.0	0.0	0.0	0.0	0.0	0.0	0.0	0.0
Root; d__Bacteria; p__Actinomycetota; c__Actinomycetes; o__Mycobacteriales; f__Jatrophihabitantaceae; g__CAVQKZ01	0.0	0.0	0.0	0.0	0.0	0.0	0.0	0.0	0.0	0.0	0.0	0.0	0.0	0.0	0.0	0.0	0.0	0.0	0.0	0.0	0.0	0.0	0.0	0.0	0.0	0.0	0.0	0.0	0.0	0.0	0.0	0.0	0.0	0.0	0.0	0.0	0.0	0.0	0.0	0.0	0.0	0.0	0.0	0.0	0.0	0.0	0.0	0.0	0.0	0.0	0.0	0.0	0.0	0.0	0.0	0.0	0.0	0.0	0.0	0.0	0.0	0.0	0.0	0.0	0.0	0.0	0.0	0.01	0.0	0.0	0.0	0.0
Root; d__Bacteria; p__Actinomycetota; c__Actinomycetes; o__Mycobacteriales; f__Jatrophihabitantaceae; g__RYN-117	0.0	0.0	0.0	0.0	0.0	0.0	0.0	0.0	0.0	0.0	0.0	0.0	0.0	0.0	0.0	0.0	0.0	0.0	0.0	0.0	0.0	0.0	0.0	0.0	0.0	0.0	0.0	0.0	0.0	0.0	0.0	0.0	0.0	0.0	0.0	0.0	0.0	0.0	0.0	0.0	0.0	0.0	0.0	0.0	0.0	0.0	0.0	0.0	0.0	0.0	0.0	0.0	0.0	0.0	0.0	0.0	0.0	0.0	0.0	0.0	0.0	0.0	0.0	0.0	0.0	0.0	0.0	0.0	0.0	0.0	0.0	0.0
Root; d__Bacteria; p__Actinomycetota; c__Actinomycetes; o__Mycobacteriales; f__Pseudonocardiaceae; g__Labedaea	0.0	0.0	0.0	0.0	0.0	0.0	0.0	0.0	0.0	0.0	0.0	0.0	0.0	0.0	0.0	0.0	0.0	0.0	0.0	0.0	0.0	0.0	0.0	0.0	0.0	0.0	0.0	0.0	0.0	0.0	0.0	0.0	0.0	0.0	0.0	0.0	0.0	0.0	0.0	0.0	0.0	0.0	0.0	0.0	0.0	0.0	0.0	0.0	0.0	0.0	0.0	0.0	0.0	0.0	0.0	0.0	0.0	0.0	0.0	0.0	0.01	0.0	0.0	0.0	0.0	0.0	0.0	0.0	0.0	0.0	0.0	0.0
Root; d__Bacteria; p__Actinomycetota; c__Actinomycetes; o__Mycobacteriales; f__Cryptosporangiaceae; g__CAVVAL01	0.0	0.0	0.0	0.0	0.0	0.0	0.0	0.0	0.0	0.0	0.0	0.0	0.0	0.0	0.0	0.0	0.0	0.0	0.0	0.0	0.0	0.0	0.0	0.0	0.0	0.0	0.0	0.0	0.0	0.0	0.0	0.0	0.0	0.0	0.0	0.0	0.0	0.0	0.0	0.0	0.0	0.0	0.0	0.0	0.0	0.0	0.0	0.0	0.0	0.0	0.0	0.0	0.0	0.0	0.0	0.0	0.0	0.0	0.0	0.0	0.01	0.01	0.0	0.0	0.0	0.0	0.01	0.0	0.0	0.0	0.0	0.0
Root; d__Bacteria; p__Actinomycetota; c__Actinomycetes; o__Mycobacteriales; f__QHCD01; g__DATAVB01	0.0	0.0	0.0	0.0	0.0	0.0	0.0	0.0	0.0	0.0	0.0	0.0	0.0	0.0	0.0	0.0	0.0	0.0	0.0	0.0	0.0	0.0	0.0	0.0	0.0	0.0	0.0	0.0	0.0	0.0	0.0	0.0	0.0	0.0	0.0	0.0	0.0	0.0	0.0	0.0	0.0	0.0	0.0	0.0	0.0	0.0	0.0	0.0	0.0	0.0	0.0	0.0	0.0	0.0	0.0	0.0	0.0	0.0	0.0	0.0	0.0	0.0	0.0	0.0	0.0	0.0	0.0	0.0	0.0	0.0	0.0	0.0
Root; d__Bacteria; p__Actinomycetota; c__Actinomycetes; o__Mycobacteriales; f__SCTD01; g__RYN-170	0.0	0.0	0.0	0.0	0.0	0.0	0.0	0.0	0.0	0.0	0.0	0.0	0.0	0.0	0.0	0.0	0.0	0.0	0.0	0.0	0.0	0.0	0.0	0.0	0.0	0.0	0.0	0.0	0.0	0.0	0.0	0.0	0.0	0.0	0.0	0.0	0.0	0.0	0.0	0.0	0.0	0.0	0.0	0.0	0.0	0.0	0.0	0.0	0.0	0.0	0.0	0.0	0.0	0.0	0.0	0.0	0.0	0.0	0.0	0.0	0.0	0.01	0.0	0.0	0.0	0.0	0.0	0.0	0.0	0.0	0.0	0.0
Root; d__Bacteria; p__Actinomycetota; c__Actinomycetes; o__Mycobacteriales; f__SCTD01; g__CAVSEK01	0.0	0.0	0.0	0.0	0.0	0.0	0.0	0.0	0.0	0.0	0.0	0.0	0.0	0.0	0.0	0.0	0.0	0.0	0.0	0.0	0.0	0.0	0.0	0.0	0.0	0.0	0.0	0.0	0.0	0.0	0.0	0.0	0.0	0.0	0.0	0.0	0.0	0.0	0.0	0.0	0.0	0.0	0.0	0.0	0.0	0.0	0.0	0.0	0.0	0.0	0.0	0.0	0.0	0.0	0.0	0.0	0.0	0.0	0.0	0.0	0.01	0.01	0.0	0.0	0.0	0.0	0.0	0.0	0.0	0.0	0.0	0.0
Root; d__Bacteria; p__Actinomycetota; c__Actinomycetes; o__Actinomycetales; f__Kineosporiaceae; g__JADJPO01	0.0	0.0	0.0	0.0	0.0	0.0	0.0	0.0	0.0	0.0	0.0	0.0	0.0	0.0	0.0	0.0	0.0	0.0	0.0	0.0	0.0	0.0	0.0	0.0	0.0	0.0	0.0	0.0	0.0	0.0	0.0	0.0	0.0	0.0	0.0	0.0	0.0	0.0	0.0	0.0	0.0	0.0	0.0	0.0	0.0	0.0	0.0	0.0	0.0	0.0	0.0	0.0	0.0	0.0	0.0	0.0	0.0	0.0	0.0	0.0	0.01	0.0	0.0	0.0	0.0	0.0	0.0	0.0	0.0	0.0	0.0	0.0
Root; d__Bacteria; p__Actinomycetota; c__Actinomycetes; o__Actinomycetales; f__Microbacteriaceae; g__Planctomonas	0.0	0.0	0.0	0.0	0.0	0.0	0.0	0.0	0.0	0.0	0.0	0.0	0.0	0.0	0.0	0.0	0.0	0.0	0.0	0.0	0.0	0.0	0.0	0.0	0.0	0.0	0.0	0.0	0.0	0.0	0.0	0.0	0.0	0.0	0.0	0.0	0.0	0.0	0.0	0.0	0.0	0.0	0.0	0.0	0.0	0.0	0.0	0.0	0.0	0.0	0.0	0.0	0.0	0.0	0.0	0.0	0.0	0.0	0.0	0.0	0.0	0.0	0.0	0.0	0.0	0.0	0.0	0.0	0.0	0.0	0.0	0.0
Root; d__Bacteria; p__Actinomycetota; c__Actinomycetes; o__Actinomycetales; f__Quadrisphaeraceae; g__Quadrisphaera	0.0	0.0	0.0	0.0	0.0	0.0	0.0	0.0	0.0	0.0	0.0	0.0	0.0	0.0	0.0	0.0	0.0	0.0	0.0	0.0	0.0	0.0	0.0	0.0	0.0	0.0	0.0	0.0	0.0	0.0	0.0	0.0	0.0	0.0	0.0	0.0	0.0	0.0	0.0	0.0	0.0	0.0	0.0	0.0	0.0	0.0	0.0	0.0	0.0	0.0	0.0	0.0	0.0	0.0	0.0	0.0	0.0	0.0	0.0	0.0	0.0	0.01	0.0	0.0	0.0	0.0	0.0	0.0	0.0	0.0	0.0	0.0
Root; d__Bacteria; p__Actinomycetota; c__Actinomycetes; o__Actinomycetales; f__SCSIO-59966; g__SCSIO-59966	0.0	0.0	0.0	0.0	0.0	0.0	0.0	0.0	0.0	0.0	0.0	0.0	0.0	0.0	0.0	0.0	0.0	0.0	0.0	0.0	0.0	0.0	0.0	0.0	0.0	0.0	0.0	0.0	0.0	0.0	0.0	0.0	0.0	0.0	0.0	0.0	0.0	0.0	0.0	0.0	0.0	0.0	0.0	0.0	0.0	0.0	0.0	0.0	0.0	0.0	0.0	0.0	0.0	0.0	0.0	0.0	0.0	0.0	0.0	0.0	0.01	0.0	0.0	0.0	0.0	0.0	0.0	0.0	0.0	0.0	0.0	0.0
Root; d__Bacteria; p__Actinomycetota; c__Actinomycetes; o__Streptomycetales; f__Streptomycetaceae; g__Wenjunlia	0.0	0.0	0.0	0.0	0.0	0.0	0.0	0.0	0.0	0.0	0.0	0.0	0.0	0.0	0.0	0.0	0.0	0.0	0.0	0.0	0.0	0.0	0.0	0.0	0.0	0.0	0.0	0.0	0.0	0.0	0.0	0.0	0.0	0.0	0.0	0.0	0.0	0.0	0.0	0.0	0.0	0.0	0.0	0.0	0.0	0.0	0.0	0.0	0.0	0.0	0.0	0.0	0.0	0.0	0.0	0.0	0.0	0.0	0.0	0.0	0.0	0.01	0.0	0.0	0.0	0.0	0.0	0.0	0.0	0.0	0.0	0.0
Root; d__Bacteria; p__Actinomycetota; c__Actinomycetes; o__Streptosporangiales; f__Streptosporangiaceae; g__Sphaerisporangium	0.0	0.0	0.0	0.0	0.0	0.0	0.0	0.0	0.0	0.0	0.0	0.0	0.0	0.0	0.0	0.0	0.0	0.0	0.0	0.0	0.0	0.0	0.0	0.0	0.0	0.0	0.0	0.0	0.0	0.0	0.0	0.0	0.0	0.0	0.0	0.0	0.0	0.0	0.0	0.0	0.0	0.0	0.0	0.0	0.0	0.0	0.0	0.0	0.0	0.0	0.0	0.0	0.0	0.0	0.0	0.0	0.0	0.0	0.0	0.0	0.0	0.0	0.0	0.0	0.0	0.0	0.0	0.0	0.0	0.0	0.0	0.0
Root; d__Bacteria; p__Actinomycetota; c__Actinomycetes; o__JAFAQI01; f__DASSKL01; g__CAVSIP01	0.0	0.0	0.0	0.0	0.0	0.0	0.0	0.0	0.0	0.0	0.0	0.0	0.0	0.0	0.0	0.0	0.0	0.0	0.0	0.0	0.0	0.0	0.0	0.0	0.0	0.0	0.0	0.0	0.0	0.0	0.0	0.0	0.0	0.0	0.0	0.0	0.0	0.0	0.0	0.0	0.0	0.0	0.0	0.0	0.0	0.0	0.0	0.0	0.0	0.0	0.0	0.0	0.0	0.0	0.0	0.0	0.0	0.0	0.0	0.0	0.01	0.0	0.0	0.0	0.0	0.0	0.0	0.01	0.0	0.0	0.0	0.0
Root; d__Bacteria; p__Actinomycetota; c__Actinomycetes; o__BP-191; f__BP-191; g__DATLNF01	0.0	0.0	0.0	0.0	0.0	0.0	0.0	0.0	0.0	0.0	0.0	0.0	0.0	0.0	0.0	0.0	0.0	0.0	0.0	0.0	0.0	0.0	0.0	0.0	0.0	0.0	0.0	0.0	0.0	0.0	0.0	0.0	0.0	0.0	0.0	0.0	0.0	0.0	0.0	0.0	0.0	0.0	0.0	0.0	0.0	0.0	0.0	0.0	0.0	0.0	0.0	0.0	0.0	0.0	0.0	0.0	0.0	0.0	0.0	0.0	0.01	0.0	0.0	0.0	0.0	0.0	0.0	0.0	0.0	0.0	0.0	0.0
Root; d__Bacteria; p__Actinomycetota; c__Actinomycetes; o__JACCUZ01; f__JACCUZ01; g__JAVEDB01	0.0	0.0	0.0	0.0	0.0	0.0	0.0	0.0	0.0	0.0	0.0	0.0	0.0	0.0	0.0	0.0	0.0	0.0	0.0	0.0	0.0	0.0	0.0	0.0	0.0	0.0	0.0	0.0	0.0	0.0	0.0	0.0	0.0	0.0	0.0	0.0	0.0	0.0	0.0	0.0	0.0	0.0	0.0	0.0	0.0	0.0	0.0	0.0	0.0	0.0	0.0	0.0	0.0	0.0	0.0	0.0	0.0	0.0	0.0	0.0	0.0	0.01	0.0	0.0	0.0	0.0	0.0	0.0	0.0	0.0	0.0	0.0
Root; d__Bacteria; p__Actinomycetota; c__Actinomycetes; o__JACCUZ01; f__JACCUZ01; g__JBBRVW01	0.0	0.0	0.0	0.0	0.0	0.0	0.0	0.0	0.0	0.0	0.0	0.0	0.0	0.0	0.0	0.0	0.0	0.0	0.0	0.0	0.0	0.0	0.0	0.0	0.0	0.0	0.0	0.0	0.0	0.0	0.0	0.0	0.0	0.0	0.0	0.0	0.0	0.0	0.0	0.0	0.0	0.0	0.0	0.0	0.0	0.0	0.0	0.0	0.0	0.0	0.0	0.0	0.0	0.0	0.0	0.0	0.0	0.0	0.0	0.0	0.01	0.01	0.0	0.0	0.0	0.0	0.0	0.0	0.0	0.0	0.0	0.0
Root; d__Bacteria; p__Actinomycetota; c__Actinomycetes; o__JACCUZ01; f__JACCUZ01; g__DASTVO01	0.0	0.0	0.0	0.0	0.0	0.0	0.0	0.0	0.0	0.0	0.0	0.0	0.0	0.0	0.0	0.0	0.0	0.0	0.0	0.0	0.0	0.0	0.0	0.0	0.0	0.0	0.0	0.0	0.0	0.0	0.0	0.0	0.0	0.0	0.0	0.0	0.0	0.0	0.0	0.0	0.0	0.0	0.0	0.0	0.0	0.0	0.0	0.0	0.0	0.0	0.0	0.0	0.0	0.0	0.0	0.0	0.0	0.0	0.0	0.0	0.01	0.01	0.0	0.0	0.0	0.0	0.0	0.0	0.0	0.0	0.0	0.0
Root; d__Bacteria; p__Actinomycetota; c__Actinomycetes; o__JACCUZ01; f__JACCUZ01; g__BP-173	0.0	0.0	0.0	0.0	0.0	0.0	0.0	0.0	0.0	0.0	0.0	0.0	0.0	0.0	0.0	0.0	0.0	0.0	0.0	0.0	0.0	0.0	0.0	0.0	0.0	0.0	0.0	0.0	0.0	0.0	0.0	0.0	0.0	0.0	0.0	0.0	0.0	0.0	0.0	0.0	0.0	0.0	0.0	0.0	0.0	0.0	0.0	0.0	0.0	0.0	0.0	0.0	0.0	0.0	0.0	0.0	0.0	0.0	0.0	0.0	0.01	0.0	0.0	0.0	0.0	0.0	0.0	0.0	0.0	0.0	0.0	0.0
Root; d__Bacteria; p__Actinomycetota; c__Actinomycetes; o__JAWWOL01; f__JAWWOL01; g__JAWWOL01	0.0	0.0	0.0	0.0	0.0	0.0	0.0	0.0	0.0	0.0	0.0	0.0	0.0	0.0	0.0	0.0	0.0	0.0	0.0	0.0	0.0	0.0	0.0	0.0	0.0	0.0	0.0	0.0	0.0	0.0	0.0	0.0	0.0	0.0	0.0	0.0	0.0	0.0	0.0	0.0	0.0	0.0	0.0	0.0	0.0	0.0	0.0	0.0	0.0	0.0	0.0	0.0	0.0	0.0	0.0	0.0	0.0	0.0	0.0	0.0	0.0	0.0	0.0	0.0	0.0	0.0	0.0	0.0	0.0	0.0	0.0	0.0
Root; d__Bacteria; p__Actinomycetota; c__Actinomycetes; o__JAWWOL01; f__JAWWOL01; g__SPIREOTU_00550556	0.0	0.0	0.0	0.0	0.0	0.0	0.0	0.0	0.0	0.0	0.0	0.0	0.0	0.0	0.0	0.0	0.0	0.0	0.0	0.0	0.0	0.0	0.0	0.0	0.0	0.0	0.0	0.0	0.0	0.0	0.0	0.0	0.0	0.0	0.0	0.0	0.0	0.0	0.0	0.0	0.0	0.0	0.0	0.0	0.0	0.0	0.0	0.0	0.0	0.0	0.0	0.0	0.0	0.0	0.0	0.0	0.0	0.0	0.0	0.0	0.01	0.0	0.0	0.0	0.0	0.0	0.0	0.0	0.0	0.0	0.0	0.0
Root; d__Bacteria; p__Actinomycetota; c__Actinomycetes; o__JAWWOL01; f__JAWWOL01; g__JBJMHZ01	0.0	0.0	0.0	0.0	0.0	0.0	0.0	0.0	0.0	0.0	0.0	0.0	0.0	0.0	0.0	0.0	0.0	0.0	0.0	0.0	0.0	0.0	0.0	0.0	0.0	0.0	0.0	0.0	0.0	0.0	0.0	0.0	0.0	0.0	0.0	0.0	0.0	0.0	0.0	0.0	0.0	0.0	0.0	0.0	0.0	0.0	0.0	0.0	0.0	0.0	0.0	0.0	0.0	0.0	0.0	0.0	0.0	0.0	0.0	0.0	0.0	0.01	0.0	0.0	0.0	0.0	0.0	0.0	0.0	0.0	0.0	0.0
Root; d__Bacteria; p__Actinomycetota; c__Acidimicrobiia; o__Acidimicrobiales; f__CADCSY01; g__SPIREOTU_00489033	0.0	0.0	0.0	0.0	0.0	0.0	0.0	0.0	0.0	0.0	0.0	0.0	0.0	0.0	0.0	0.0	0.0	0.0	0.0	0.0	0.0	0.0	0.0	0.0	0.0	0.0	0.0	0.0	0.0	0.0	0.0	0.0	0.0	0.0	0.0	0.0	0.0	0.0	0.0	0.0	0.0	0.0	0.0	0.0	0.0	0.0	0.0	0.0	0.0	0.0	0.0	0.0	0.0	0.0	0.0	0.0	0.0	0.0	0.0	0.0	0.01	0.0	0.01	0.0	0.0	0.0	0.0	0.0	0.0	0.0	0.0	0.0
Root; d__Bacteria; p__Actinomycetota; c__Acidimicrobiia; o__Acidimicrobiales; f__CADCSY01; g__JADDRA01	0.0	0.0	0.0	0.0	0.0	0.0	0.0	0.0	0.0	0.0	0.0	0.0	0.0	0.0	0.0	0.0	0.0	0.0	0.0	0.0	0.0	0.0	0.0	0.0	0.0	0.0	0.0	0.0	0.0	0.0	0.0	0.0	0.0	0.0	0.0	0.0	0.0	0.0	0.0	0.0	0.0	0.0	0.0	0.0	0.0	0.0	0.0	0.0	0.0	0.0	0.0	0.0	0.0	0.0	0.0	0.0	0.0	0.0	0.0	0.0	0.01	0.0	0.0	0.0	0.0	0.0	0.0	0.0	0.0	0.0	0.0	0.0
Root; d__Bacteria; p__Actinomycetota; c__Acidimicrobiia; o__Acidimicrobiales; f__DATKAS01; g__DATKAS01	0.0	0.0	0.0	0.0	0.0	0.0	0.0	0.0	0.0	0.0	0.0	0.0	0.0	0.0	0.0	0.0	0.0	0.0	0.0	0.0	0.0	0.0	0.0	0.0	0.0	0.0	0.0	0.0	0.0	0.0	0.0	0.0	0.0	0.0	0.0	0.0	0.0	0.0	0.0	0.0	0.0	0.0	0.0	0.0	0.0	0.0	0.0	0.0	0.0	0.0	0.0	0.0	0.0	0.0	0.0	0.0	0.0	0.0	0.0	0.0	0.01	0.0	0.0	0.0	0.0	0.0	0.0	0.0	0.0	0.0	0.0	0.0
Root; d__Bacteria; p__Actinomycetota; c__Acidimicrobiia; o__IMCC26256; f__PALSA-610; g__CAVUFH01	0.0	0.0	0.0	0.0	0.0	0.0	0.0	0.0	0.0	0.0	0.0	0.0	0.0	0.0	0.0	0.0	0.0	0.0	0.0	0.0	0.0	0.0	0.0	0.0	0.0	0.0	0.0	0.0	0.0	0.0	0.0	0.0	0.0	0.0	0.0	0.0	0.0	0.0	0.0	0.0	0.0	0.0	0.0	0.0	0.0	0.0	0.0	0.0	0.0	0.0	0.0	0.0	0.0	0.0	0.0	0.0	0.0	0.0	0.0	0.0	0.0	0.0	0.0	0.0	0.0	0.0	0.0	0.0	0.0	0.0	0.0	0.0
Root; d__Bacteria; p__Actinomycetota; c__Acidimicrobiia; o__IMCC26256; f__PALSA-610; g__CAWJBX01	0.0	0.0	0.0	0.0	0.0	0.0	0.0	0.0	0.0	0.0	0.0	0.0	0.0	0.0	0.0	0.0	0.0	0.0	0.0	0.0	0.0	0.0	0.0	0.0	0.0	0.0	0.0	0.0	0.0	0.0	0.0	0.0	0.0	0.0	0.0	0.0	0.0	0.0	0.0	0.0	0.0	0.0	0.0	0.0	0.0	0.0	0.0	0.0	0.0	0.0	0.0	0.0	0.0	0.0	0.0	0.0	0.0	0.0	0.0	0.0	0.01	0.0	0.0	0.0	0.0	0.0	0.0	0.0	0.0	0.0	0.0	0.0
Root; d__Bacteria; p__Actinomycetota; c__Acidimicrobiia; o__IMCC26256; f__JAMXLJ01; g__JAMXLJ01	0.0	0.0	0.0	0.0	0.0	0.0	0.0	0.0	0.0	0.0	0.0	0.0	0.0	0.0	0.0	0.0	0.0	0.0	0.0	0.0	0.0	0.0	0.0	0.0	0.0	0.0	0.0	0.0	0.0	0.0	0.0	0.0	0.0	0.0	0.0	0.0	0.0	0.0	0.0	0.0	0.0	0.0	0.0	0.0	0.0	0.0	0.0	0.0	0.0	0.0	0.0	0.0	0.0	0.0	0.0	0.0	0.0	0.0	0.0	0.0	0.01	0.01	0.0	0.0	0.0	0.0	0.0	0.0	0.0	0.0	0.0	0.0
Root; d__Bacteria; p__Actinomycetota; c__UBA4738; o__UBA4738; f__HRBIN12; g__CAVSJR01	0.0	0.0	0.0	0.0	0.0	0.0	0.0	0.0	0.0	0.0	0.0	0.0	0.0	0.0	0.0	0.0	0.0	0.0	0.0	0.0	0.0	0.0	0.0	0.0	0.0	0.0	0.0	0.0	0.0	0.0	0.0	0.0	0.0	0.0	0.0	0.0	0.0	0.0	0.0	0.0	0.0	0.0	0.0	0.0	0.0	0.0	0.0	0.0	0.0	0.0	0.0	0.0	0.0	0.0	0.0	0.0	0.0	0.0	0.0	0.0	0.01	0.01	0.0	0.0	0.0	0.0	0.0	0.0	0.0	0.0	0.0	0.0
Root; d__Bacteria; p__Actinomycetota; c__UBA4738; o__UBA4738; f__JACQTL01; g__JBJMLO01	0.0	0.0	0.0	0.0	0.0	0.0	0.0	0.0	0.0	0.0	0.0	0.0	0.0	0.0	0.0	0.0	0.0	0.0	0.0	0.0	0.0	0.0	0.0	0.0	0.0	0.0	0.0	0.0	0.0	0.0	0.0	0.0	0.0	0.0	0.0	0.0	0.0	0.0	0.0	0.0	0.0	0.0	0.0	0.0	0.0	0.0	0.0	0.0	0.0	0.0	0.0	0.0	0.0	0.0	0.0	0.0	0.0	0.0	0.0	0.0	0.01	0.0	0.0	0.0	0.0	0.0	0.0	0.0	0.0	0.0	0.0	0.0
Root; d__Bacteria; p__Actinomycetota; c__UBA4738; o__UBA4738; f__UBA4738; g__AC-52	0.0	0.0	0.0	0.0	0.0	0.0	0.0	0.0	0.0	0.0	0.0	0.0	0.0	0.0	0.0	0.0	0.0	0.0	0.0	0.0	0.0	0.0	0.0	0.0	0.0	0.0	0.0	0.0	0.0	0.0	0.0	0.0	0.0	0.0	0.0	0.0	0.0	0.0	0.0	0.0	0.0	0.0	0.0	0.0	0.0	0.0	0.0	0.0	0.0	0.0	0.0	0.0	0.0	0.0	0.0	0.0	0.0	0.0	0.0	0.0	0.0	0.0	0.0	0.0	0.0	0.0	0.0	0.0	0.0	0.0	0.0	0.0
Root; d__Bacteria; p__Pseudomonadota; c__Alphaproteobacteria; o__Rhizobiales; f__Xanthobacteraceae; g__JAFKKS01	0.0	0.0	0.0	0.0	0.0	0.0	0.0	0.0	0.0	0.0	0.0	0.0	0.0	0.0	0.0	0.0	0.0	0.0	0.0	0.0	0.0	0.0	0.0	0.0	0.0	0.0	0.0	0.0	0.0	0.0	0.0	0.0	0.0	0.0	0.0	0.0	0.0	0.0	0.0	0.0	0.0	0.0	0.0	0.0	0.0	0.0	0.0	0.0	0.0	0.0	0.0	0.0	0.0	0.0	0.0	0.0	0.0	0.0	0.0	0.0	0.01	0.0	0.0	0.0	0.0	0.0	0.0	0.0	0.0	0.0	0.0	0.0
Root; d__Bacteria; p__Pseudomonadota; c__Alphaproteobacteria; o__Rhizobiales; f__Beijerinckiaceae; g__SPIREOTU_01952250	0.0	0.0	0.0	0.0	0.0	0.0	0.0	0.0	0.0	0.0	0.0	0.0	0.0	0.0	0.0	0.0	0.0	0.0	0.0	0.0	0.0	0.0	0.0	0.0	0.0	0.0	0.0	0.0	0.0	0.0	0.0	0.0	0.0	0.0	0.0	0.0	0.0	0.0	0.0	0.0	0.0	0.0	0.0	0.0	0.0	0.0	0.0	0.0	0.0	0.0	0.0	0.0	0.0	0.0	0.0	0.0	0.0	0.0	0.0	0.0	0.01	0.0	0.0	0.0	0.0	0.0	0.0	0.0	0.0	0.0	0.0	0.0
Root; d__Bacteria; p__Pseudomonadota; c__Alphaproteobacteria; o__Rhizobiales; f__Beijerinckiaceae; g__Methylocapsa	0.0	0.0	0.0	0.0	0.0	0.0	0.0	0.0	0.0	0.0	0.0	0.0	0.0	0.0	0.0	0.0	0.0	0.0	0.0	0.0	0.0	0.0	0.0	0.0	0.0	0.0	0.0	0.0	0.0	0.0	0.0	0.0	0.0	0.0	0.0	0.0	0.0	0.0	0.0	0.0	0.0	0.0	0.0	0.0	0.0	0.0	0.0	0.0	0.0	0.0	0.0	0.0	0.0	0.0	0.0	0.0	0.0	0.0	0.0	0.0	0.0	0.0	0.0	0.0	0.0	0.0	0.0	0.0	0.0	0.0	0.0	0.0
Root; d__Bacteria; p__Pseudomonadota; c__Alphaproteobacteria; o__Rhizobiales; f__Aestuariivirgaceae; g__SPIREOTU_00486182	0.0	0.0	0.0	0.0	0.0	0.0	0.0	0.0	0.0	0.0	0.0	0.0	0.0	0.0	0.0	0.0	0.0	0.0	0.0	0.0	0.0	0.0	0.0	0.0	0.0	0.0	0.0	0.0	0.0	0.0	0.0	0.0	0.0	0.0	0.0	0.0	0.0	0.0	0.0	0.0	0.0	0.0	0.0	0.0	0.0	0.0	0.0	0.0	0.0	0.0	0.0	0.0	0.0	0.0	0.0	0.0	0.0	0.0	0.0	0.0	0.0	0.0	0.0	0.0	0.0	0.0	0.0	0.0	0.0	0.0	0.0	0.0
Root; d__Bacteria; p__Pseudomonadota; c__Alphaproteobacteria; o__Rhizobiales; f__Aestuariivirgaceae; g__JBJMRA01	0.0	0.0	0.0	0.0	0.0	0.0	0.0	0.0	0.0	0.0	0.0	0.0	0.0	0.0	0.0	0.0	0.0	0.0	0.0	0.0	0.0	0.0	0.0	0.0	0.0	0.0	0.0	0.0	0.0	0.0	0.0	0.0	0.0	0.0	0.0	0.0	0.0	0.0	0.0	0.0	0.0	0.0	0.0	0.0	0.0	0.0	0.0	0.0	0.0	0.0	0.0	0.0	0.0	0.0	0.0	0.0	0.0	0.0	0.0	0.0	0.0	0.0	0.0	0.0	0.0	0.0	0.0	0.0	0.0	0.0	0.0	0.0
Root; d__Bacteria; p__Pseudomonadota; c__Alphaproteobacteria; o__Rhizobiales; f__Kaistiaceae; g__JBBDMC01	0.0	0.0	0.0	0.0	0.0	0.0	0.0	0.0	0.0	0.0	0.0	0.0	0.0	0.0	0.0	0.0	0.0	0.0	0.0	0.0	0.0	0.0	0.0	0.0	0.0	0.0	0.0	0.0	0.0	0.0	0.0	0.0	0.0	0.0	0.0	0.0	0.0	0.0	0.0	0.0	0.0	0.0	0.0	0.0	0.0	0.0	0.0	0.0	0.0	0.0	0.0	0.0	0.0	0.0	0.0	0.0	0.0	0.0	0.0	0.0	0.01	0.0	0.0	0.0	0.0	0.0	0.0	0.0	0.0	0.0	0.0	0.0
Root; d__Bacteria; p__Pseudomonadota; c__Alphaproteobacteria; o__Rhizobiales; f__Phreatobacteraceae; g__Phreatobacter	0.0	0.0	0.0	0.0	0.0	0.0	0.0	0.0	0.0	0.0	0.0	0.0	0.0	0.0	0.0	0.0	0.0	0.0	0.0	0.0	0.0	0.0	0.0	0.0	0.0	0.0	0.0	0.0	0.0	0.0	0.0	0.0	0.0	0.0	0.0	0.0	0.0	0.0	0.0	0.0	0.0	0.0	0.0	0.0	0.0	0.0	0.0	0.0	0.0	0.0	0.0	0.0	0.0	0.0	0.0	0.0	0.0	0.0	0.0	0.0	0.0	0.0	0.0	0.0	0.0	0.0	0.0	0.0	0.0	0.0	0.0	0.0
Root; d__Bacteria; p__Pseudomonadota; c__Alphaproteobacteria; o__Caulobacterales; f__Caulobacteraceae; g__CAHJWH01	0.0	0.0	0.0	0.0	0.0	0.0	0.0	0.0	0.0	0.0	0.0	0.0	0.0	0.0	0.0	0.0	0.0	0.0	0.0	0.0	0.0	0.0	0.0	0.0	0.0	0.0	0.0	0.0	0.0	0.0	0.0	0.0	0.0	0.0	0.0	0.0	0.0	0.0	0.0	0.0	0.0	0.0	0.0	0.0	0.0	0.0	0.0	0.0	0.0	0.0	0.0	0.0	0.0	0.0	0.0	0.0	0.0	0.0	0.0	0.0	0.0	0.0	0.0	0.0	0.0	0.0	0.0	0.0	0.0	0.0	0.0	0.0
Root; d__Bacteria; p__Pseudomonadota; c__Alphaproteobacteria; o__Caulobacterales; f__Caulobacteraceae; g__CAIOYC01	0.0	0.0	0.0	0.0	0.0	0.0	0.0	0.0	0.0	0.0	0.0	0.0	0.0	0.0	0.0	0.0	0.0	0.0	0.0	0.0	0.0	0.0	0.0	0.0	0.0	0.0	0.0	0.0	0.0	0.0	0.0	0.0	0.0	0.0	0.0	0.0	0.0	0.0	0.0	0.0	0.0	0.0	0.0	0.0	0.0	0.0	0.0	0.0	0.0	0.0	0.0	0.0	0.0	0.0	0.0	0.0	0.0	0.0	0.0	0.0	0.01	0.0	0.0	0.0	0.0	0.0	0.0	0.0	0.0	0.0	0.0	0.0
Root; d__Bacteria; p__Pseudomonadota; c__Alphaproteobacteria; o__Caulobacterales; f__Caulobacteraceae; g__JANWHQ01	0.0	0.0	0.0	0.0	0.0	0.0	0.0	0.0	0.0	0.0	0.0	0.0	0.0	0.0	0.0	0.0	0.0	0.0	0.0	0.0	0.0	0.0	0.0	0.0	0.0	0.0	0.0	0.0	0.0	0.0	0.0	0.0	0.0	0.0	0.0	0.0	0.0	0.0	0.0	0.0	0.0	0.0	0.0	0.0	0.0	0.0	0.0	0.0	0.0	0.0	0.0	0.0	0.0	0.0	0.0	0.0	0.0	0.0	0.0	0.0	0.01	0.01	0.0	0.0	0.0	0.0	0.0	0.0	0.0	0.0	0.0	0.0
Root; d__Bacteria; p__Pseudomonadota; c__Alphaproteobacteria; o__Caulobacterales; f__Caulobacteraceae; g__CANJID01	0.0	0.0	0.0	0.0	0.0	0.0	0.0	0.0	0.0	0.0	0.0	0.0	0.0	0.0	0.0	0.0	0.0	0.0	0.0	0.0	0.0	0.0	0.0	0.0	0.0	0.0	0.0	0.0	0.0	0.0	0.0	0.0	0.0	0.0	0.0	0.0	0.0	0.0	0.0	0.0	0.0	0.0	0.0	0.0	0.0	0.0	0.0	0.0	0.0	0.0	0.0	0.0	0.0	0.0	0.0	0.0	0.0	0.0	0.0	0.0	0.01	0.0	0.0	0.0	0.0	0.0	0.0	0.0	0.0	0.0	0.0	0.0
Root; d__Bacteria; p__Pseudomonadota; c__Alphaproteobacteria; o__Caulobacterales; f__Caulobacteraceae; g__BOG-938	0.0	0.0	0.0	0.0	0.0	0.0	0.0	0.0	0.0	0.0	0.0	0.0	0.0	0.0	0.0	0.0	0.0	0.0	0.0	0.0	0.0	0.0	0.0	0.0	0.0	0.0	0.0	0.0	0.0	0.0	0.0	0.0	0.0	0.0	0.0	0.0	0.0	0.0	0.0	0.0	0.0	0.0	0.0	0.0	0.0	0.0	0.0	0.0	0.0	0.0	0.0	0.0	0.0	0.0	0.0	0.0	0.0	0.0	0.0	0.0	0.01	0.01	0.0	0.0	0.0	0.0	0.0	0.0	0.0	0.0	0.01	0.0
Root; d__Bacteria; p__Pseudomonadota; c__Alphaproteobacteria; o__Caulobacterales; f__Caulobacteraceae; g__JAEZEZ01	0.0	0.0	0.0	0.0	0.0	0.0	0.0	0.0	0.0	0.0	0.0	0.0	0.0	0.0	0.0	0.0	0.0	0.0	0.0	0.0	0.0	0.0	0.0	0.0	0.0	0.0	0.0	0.0	0.0	0.0	0.0	0.0	0.0	0.0	0.0	0.0	0.0	0.0	0.0	0.0	0.0	0.0	0.0	0.0	0.0	0.0	0.0	0.0	0.0	0.0	0.0	0.0	0.0	0.0	0.0	0.0	0.0	0.0	0.0	0.0	0.0	0.0	0.0	0.0	0.0	0.0	0.0	0.0	0.0	0.0	0.0	0.0
Root; d__Bacteria; p__Pseudomonadota; c__Alphaproteobacteria; o__Caulobacterales; f__Caulobacteraceae; g__SMAGOTU_08227	0.0	0.0	0.0	0.0	0.0	0.0	0.0	0.0	0.0	0.0	0.0	0.0	0.0	0.0	0.0	0.0	0.0	0.0	0.0	0.0	0.0	0.0	0.0	0.0	0.0	0.0	0.0	0.0	0.0	0.0	0.0	0.0	0.0	0.0	0.0	0.0	0.0	0.0	0.0	0.0	0.0	0.0	0.0	0.0	0.0	0.0	0.0	0.0	0.0	0.0	0.0	0.0	0.0	0.0	0.0	0.0	0.0	0.0	0.0	0.0	0.0	0.0	0.0	0.0	0.0	0.0	0.0	0.0	0.0	0.0	0.0	0.0
Root; d__Bacteria; p__Pseudomonadota; c__Alphaproteobacteria; o__Caulobacterales; f__Caulobacteraceae; g__MOTU40_069091	0.0	0.0	0.0	0.0	0.0	0.0	0.0	0.0	0.0	0.0	0.0	0.0	0.0	0.0	0.0	0.0	0.0	0.0	0.0	0.0	0.0	0.0	0.0	0.0	0.0	0.0	0.0	0.0	0.0	0.0	0.0	0.0	0.0	0.0	0.0	0.0	0.0	0.0	0.0	0.0	0.0	0.0	0.0	0.0	0.0	0.0	0.0	0.0	0.0	0.0	0.0	0.0	0.0	0.0	0.0	0.0	0.0	0.0	0.0	0.0	0.0	0.0	0.0	0.0	0.0	0.0	0.0	0.0	0.0	0.0	0.0	0.0
Root; d__Bacteria; p__Pseudomonadota; c__Alphaproteobacteria; o__ATCC43930; f__CGMCC-115725; g__DASZHJ01	0.0	0.0	0.0	0.0	0.0	0.0	0.0	0.0	0.0	0.0	0.0	0.0	0.0	0.0	0.0	0.0	0.0	0.0	0.0	0.0	0.0	0.0	0.0	0.0	0.0	0.0	0.0	0.0	0.0	0.0	0.0	0.0	0.0	0.0	0.0	0.0	0.0	0.0	0.0	0.0	0.0	0.0	0.0	0.0	0.0	0.0	0.0	0.0	0.0	0.0	0.0	0.0	0.0	0.0	0.0	0.0	0.0	0.0	0.0	0.0	0.0	0.0	0.0	0.0	0.0	0.0	0.0	0.0	0.0	0.0	0.0	0.0
Root; d__Bacteria; p__Pseudomonadota; c__Alphaproteobacteria; o__ATCC43930; f__CGMCC-115725; g__REEB95	0.0	0.0	0.0	0.0	0.0	0.0	0.0	0.0	0.0	0.0	0.0	0.0	0.0	0.0	0.0	0.0	0.0	0.0	0.0	0.0	0.0	0.0	0.0	0.0	0.0	0.0	0.0	0.0	0.0	0.0	0.0	0.0	0.0	0.0	0.0	0.0	0.0	0.0	0.0	0.0	0.0	0.0	0.0	0.0	0.0	0.0	0.0	0.0	0.0	0.0	0.0	0.0	0.0	0.0	0.0	0.0	0.0	0.0	0.0	0.0	0.0	0.0	0.0	0.0	0.0	0.0	0.0	0.0	0.0	0.0	0.0	0.0
Root; d__Bacteria; p__Pseudomonadota; c__Alphaproteobacteria; o__Acetobacterales; f__Acetobacteraceae; g__JAVVHH01	0.0	0.0	0.0	0.0	0.0	0.0	0.0	0.0	0.0	0.0	0.0	0.0	0.0	0.0	0.0	0.0	0.0	0.0	0.0	0.0	0.0	0.0	0.0	0.0	0.0	0.0	0.0	0.0	0.0	0.0	0.0	0.0	0.0	0.0	0.0	0.0	0.0	0.0	0.0	0.0	0.0	0.0	0.0	0.0	0.0	0.0	0.0	0.0	0.0	0.0	0.0	0.0	0.0	0.0	0.0	0.0	0.0	0.0	0.0	0.0	0.01	0.0	0.0	0.0	0.0	0.0	0.0	0.0	0.0	0.0	0.0	0.0
Root; d__Bacteria; p__Pseudomonadota; c__Alphaproteobacteria; o__Acetobacterales; f__Acetobacteraceae; g__Craurococcus	0.0	0.0	0.0	0.0	0.0	0.0	0.0	0.0	0.0	0.0	0.0	0.0	0.0	0.0	0.0	0.0	0.0	0.0	0.0	0.0	0.0	0.0	0.0	0.0	0.0	0.0	0.0	0.0	0.0	0.0	0.0	0.0	0.0	0.0	0.0	0.0	0.0	0.0	0.0	0.0	0.0	0.0	0.0	0.0	0.0	0.0	0.0	0.0	0.0	0.0	0.0	0.0	0.0	0.0	0.0	0.0	0.0	0.0	0.0	0.0	0.0	0.01	0.0	0.0	0.0	0.0	0.0	0.0	0.0	0.0	0.0	0.0
Root; d__Bacteria; p__Pseudomonadota; c__Alphaproteobacteria; o__Geminicoccales; f__Geminicoccaceae; g__SPIREOTU_01198370	0.0	0.0	0.0	0.0	0.0	0.0	0.0	0.0	0.0	0.0	0.0	0.0	0.0	0.0	0.0	0.0	0.0	0.0	0.0	0.0	0.0	0.0	0.0	0.0	0.0	0.0	0.0	0.0	0.0	0.0	0.0	0.0	0.0	0.0	0.0	0.0	0.0	0.0	0.0	0.0	0.0	0.0	0.0	0.0	0.0	0.0	0.0	0.0	0.0	0.0	0.0	0.0	0.0	0.0	0.0	0.0	0.0	0.0	0.0	0.0	0.01	0.01	0.0	0.0	0.0	0.0	0.0	0.0	0.0	0.0	0.0	0.0
Root; d__Bacteria; p__Pseudomonadota; c__Alphaproteobacteria; o__Geminicoccales; f__Geminicoccaceae; g__CALKJU01	0.0	0.0	0.0	0.0	0.0	0.0	0.0	0.0	0.0	0.0	0.0	0.0	0.0	0.0	0.0	0.0	0.0	0.0	0.0	0.0	0.0	0.0	0.0	0.0	0.0	0.0	0.0	0.0	0.0	0.0	0.0	0.0	0.0	0.0	0.0	0.0	0.0	0.0	0.0	0.0	0.0	0.0	0.0	0.0	0.0	0.0	0.0	0.0	0.0	0.0	0.0	0.0	0.0	0.0	0.0	0.0	0.0	0.0	0.0	0.0	0.0	0.01	0.0	0.0	0.0	0.0	0.0	0.0	0.0	0.0	0.0	0.0
Root; d__Bacteria; p__Pseudomonadota; c__Alphaproteobacteria; o__CACIAM-22H2; f__CACIAM-22H2; g__CAIOSQ01	0.0	0.0	0.0	0.0	0.0	0.0	0.0	0.0	0.0	0.0	0.0	0.0	0.0	0.0	0.0	0.0	0.0	0.0	0.0	0.0	0.0	0.0	0.0	0.0	0.0	0.0	0.0	0.0	0.0	0.0	0.0	0.0	0.0	0.0	0.0	0.0	0.0	0.0	0.0	0.0	0.0	0.0	0.0	0.0	0.0	0.0	0.0	0.0	0.0	0.0	0.0	0.0	0.0	0.0	0.0	0.0	0.0	0.0	0.0	0.0	0.01	0.0	0.0	0.0	0.0	0.0	0.0	0.0	0.0	0.0	0.0	0.0
Root; d__Bacteria; p__Pseudomonadota; c__Alphaproteobacteria; o__UBA9655; f__UBA9655; g__UBA9655	0.0	0.0	0.0	0.0	0.0	0.0	0.0	0.0	0.0	0.0	0.0	0.0	0.0	0.0	0.0	0.0	0.0	0.0	0.0	0.0	0.0	0.0	0.0	0.0	0.0	0.0	0.0	0.0	0.0	0.0	0.0	0.0	0.0	0.0	0.0	0.0	0.0	0.0	0.0	0.0	0.0	0.0	0.0	0.0	0.0	0.0	0.0	0.0	0.0	0.0	0.0	0.0	0.0	0.0	0.0	0.0	0.0	0.0	0.0	0.0	0.01	0.0	0.0	0.0	0.0	0.0	0.0	0.0	0.0	0.0	0.0	0.0
Root; d__Bacteria; p__Pseudomonadota; c__Alphaproteobacteria; o__SHVZ01; f__SHVZ01; g__SHVZ01	0.0	0.0	0.0	0.0	0.0	0.0	0.0	0.0	0.0	0.0	0.0	0.0	0.0	0.0	0.0	0.0	0.0	0.0	0.0	0.0	0.0	0.0	0.0	0.0	0.0	0.0	0.0	0.0	0.0	0.0	0.0	0.0	0.0	0.0	0.0	0.0	0.0	0.0	0.0	0.0	0.0	0.0	0.0	0.0	0.0	0.0	0.0	0.0	0.0	0.0	0.0	0.0	0.0	0.0	0.0	0.0	0.0	0.0	0.0	0.0	0.0	0.0	0.0	0.0	0.0	0.0	0.0	0.0	0.0	0.0	0.0	0.0
Root; d__Bacteria; p__Pseudomonadota; c__Gammaproteobacteria; o__Burkholderiales; f__Burkholderiaceae_C; g__MOTU40_088267	0.0	0.0	0.0	0.0	0.0	0.0	0.0	0.0	0.0	0.0	0.0	0.0	0.0	0.0	0.0	0.0	0.0	0.0	0.0	0.0	0.0	0.0	0.0	0.0	0.0	0.0	0.0	0.0	0.0	0.0	0.0	0.0	0.0	0.0	0.0	0.0	0.0	0.0	0.0	0.0	0.0	0.0	0.0	0.0	0.0	0.0	0.0	0.0	0.0	0.0	0.0	0.0	0.0	0.0	0.0	0.0	0.0	0.0	0.0	0.0	0.01	0.0	0.0	0.0	0.0	0.0	0.0	0.0	0.0	0.0	0.0	0.0
Root; d__Bacteria; p__Pseudomonadota; c__Gammaproteobacteria; o__Burkholderiales; f__Burkholderiaceae_C; g__Sphaerotilus	0.0	0.0	0.0	0.0	0.0	0.0	0.0	0.0	0.0	0.0	0.0	0.0	0.0	0.0	0.0	0.0	0.0	0.0	0.0	0.0	0.0	0.0	0.0	0.0	0.0	0.0	0.0	0.0	0.0	0.0	0.0	0.0	0.0	0.0	0.0	0.0	0.0	0.0	0.0	0.0	0.0	0.0	0.0	0.0	0.0	0.0	0.0	0.0	0.0	0.0	0.0	0.0	0.0	0.0	0.0	0.0	0.0	0.0	0.0	0.0	0.01	0.0	0.0	0.0	0.0	0.0	0.0	0.0	0.0	0.0	0.0	0.0
Root; d__Bacteria; p__Pseudomonadota; c__Gammaproteobacteria; o__Burkholderiales; f__Burkholderiaceae_C; g__Ottowia	0.0	0.0	0.0	0.0	0.0	0.0	0.0	0.0	0.0	0.0	0.0	0.0	0.0	0.0	0.0	0.0	0.0	0.0	0.0	0.0	0.0	0.0	0.0	0.0	0.0	0.0	0.0	0.0	0.0	0.0	0.0	0.0	0.0	0.0	0.0	0.0	0.0	0.0	0.0	0.0	0.0	0.0	0.0	0.0	0.0	0.0	0.0	0.0	0.0	0.0	0.0	0.0	0.0	0.0	0.0	0.0	0.0	0.0	0.0	0.0	0.0	0.0	0.0	0.0	0.0	0.0	0.0	0.0	0.0	0.0	0.0	0.0
Root; d__Bacteria; p__Pseudomonadota; c__Gammaproteobacteria; o__Burkholderiales; f__Burkholderiaceae_C; g__CRBC_04101	0.0	0.0	0.0	0.0	0.0	0.0	0.0	0.0	0.0	0.0	0.0	0.0	0.0	0.0	0.0	0.0	0.0	0.0	0.0	0.0	0.0	0.0	0.0	0.0	0.0	0.0	0.0	0.0	0.0	0.0	0.0	0.0	0.0	0.0	0.0	0.0	0.0	0.0	0.0	0.0	0.0	0.0	0.0	0.0	0.0	0.0	0.0	0.0	0.0	0.0	0.0	0.0	0.0	0.0	0.0	0.0	0.0	0.0	0.0	0.0	0.01	0.0	0.0	0.0	0.0	0.0	0.0	0.0	0.0	0.0	0.0	0.0
Root; d__Bacteria; p__Pseudomonadota; c__Gammaproteobacteria; o__Burkholderiales; f__Burkholderiaceae_C; g__Ideonella_A	0.0	0.0	0.0	0.0	0.0	0.0	0.0	0.0	0.0	0.0	0.0	0.0	0.0	0.0	0.0	0.0	0.0	0.0	0.0	0.0	0.0	0.0	0.0	0.0	0.0	0.0	0.0	0.0	0.0	0.0	0.0	0.0	0.0	0.0	0.0	0.0	0.0	0.0	0.0	0.0	0.0	0.0	0.0	0.0	0.0	0.0	0.0	0.0	0.0	0.0	0.0	0.0	0.0	0.0	0.0	0.0	0.0	0.0	0.0	0.0	0.0	0.0	0.0	0.0	0.0	0.0	0.0	0.0	0.0	0.0	0.0	0.0
Root; d__Bacteria; p__Pseudomonadota; c__Gammaproteobacteria; o__Burkholderiales; f__Burkholderiaceae_C; g__JAKFDI01	0.0	0.0	0.0	0.0	0.0	0.0	0.0	0.0	0.0	0.0	0.0	0.0	0.0	0.0	0.0	0.0	0.0	0.0	0.0	0.0	0.0	0.0	0.0	0.0	0.0	0.0	0.0	0.0	0.0	0.0	0.0	0.0	0.0	0.0	0.0	0.0	0.0	0.0	0.0	0.0	0.0	0.0	0.0	0.0	0.0	0.0	0.0	0.0	0.0	0.0	0.0	0.0	0.0	0.0	0.0	0.0	0.0	0.0	0.0	0.0	0.01	0.0	0.0	0.0	0.0	0.0	0.0	0.0	0.0	0.0	0.0	0.0
Root; d__Bacteria; p__Pseudomonadota; c__Gammaproteobacteria; o__Burkholderiales; f__Burkholderiaceae_C; g__SPIREOTU_01631215	0.0	0.0	0.0	0.0	0.0	0.0	0.0	0.0	0.0	0.0	0.0	0.0	0.0	0.0	0.0	0.0	0.0	0.0	0.0	0.0	0.0	0.0	0.0	0.0	0.0	0.0	0.0	0.0	0.0	0.0	0.0	0.0	0.0	0.0	0.0	0.0	0.0	0.0	0.0	0.0	0.0	0.0	0.0	0.0	0.0	0.0	0.0	0.0	0.0	0.0	0.0	0.0	0.0	0.0	0.0	0.0	0.0	0.0	0.0	0.0	0.01	0.0	0.0	0.0	0.0	0.0	0.0	0.0	0.0	0.0	0.0	0.0
Root; d__Bacteria; p__Pseudomonadota; c__Gammaproteobacteria; o__Burkholderiales; f__Burkholderiaceae_C; g__JAMHWF01	0.0	0.0	0.0	0.0	0.0	0.0	0.0	0.0	0.0	0.0	0.0	0.0	0.0	0.0	0.0	0.0	0.0	0.0	0.0	0.0	0.0	0.0	0.0	0.0	0.0	0.0	0.0	0.0	0.0	0.0	0.0	0.0	0.0	0.0	0.0	0.0	0.0	0.0	0.0	0.0	0.0	0.0	0.0	0.0	0.0	0.0	0.0	0.0	0.0	0.0	0.0	0.0	0.0	0.0	0.0	0.0	0.0	0.0	0.0	0.0	0.01	0.0	0.0	0.0	0.0	0.0	0.0	0.0	0.0	0.0	0.0	0.0
Root; d__Bacteria; p__Pseudomonadota; c__Gammaproteobacteria; o__Burkholderiales; f__Burkholderiaceae_C; g__Xenophilus	0.0	0.0	0.0	0.0	0.0	0.0	0.0	0.0	0.0	0.0	0.0	0.0	0.0	0.0	0.0	0.0	0.0	0.0	0.0	0.0	0.0	0.0	0.0	0.0	0.0	0.0	0.0	0.0	0.0	0.0	0.0	0.0	0.0	0.0	0.0	0.0	0.0	0.0	0.0	0.0	0.0	0.0	0.0	0.0	0.0	0.0	0.0	0.0	0.0	0.0	0.0	0.0	0.0	0.0	0.0	0.0	0.0	0.0	0.0	0.0	0.01	0.01	0.0	0.0	0.0	0.0	0.0	0.0	0.0	0.0	0.0	0.0
Root; d__Bacteria; p__Pseudomonadota; c__Gammaproteobacteria; o__Burkholderiales; f__SG8-39; g__CAIYPG01	0.0	0.0	0.0	0.0	0.0	0.0	0.0	0.0	0.0	0.0	0.0	0.0	0.0	0.0	0.0	0.0	0.0	0.0	0.0	0.0	0.0	0.0	0.0	0.0	0.0	0.0	0.0	0.0	0.0	0.0	0.0	0.0	0.0	0.0	0.0	0.0	0.0	0.0	0.0	0.0	0.0	0.0	0.0	0.0	0.0	0.0	0.0	0.0	0.0	0.0	0.0	0.0	0.0	0.0	0.0	0.0	0.0	0.0	0.0	0.0	0.0	0.0	0.0	0.0	0.0	0.0	0.0	0.0	0.0	0.0	0.0	0.0
Root; d__Bacteria; p__Pseudomonadota; c__Gammaproteobacteria; o__Burkholderiales; f__SG8-39; g__MOTU40_056142	0.0	0.0	0.0	0.0	0.0	0.0	0.0	0.0	0.0	0.0	0.0	0.0	0.0	0.0	0.0	0.0	0.0	0.0	0.0	0.0	0.0	0.0	0.0	0.0	0.0	0.0	0.0	0.0	0.0	0.0	0.0	0.0	0.0	0.0	0.0	0.0	0.0	0.0	0.0	0.0	0.0	0.0	0.0	0.0	0.0	0.0	0.0	0.0	0.0	0.0	0.0	0.0	0.0	0.0	0.0	0.0	0.0	0.0	0.0	0.0	0.01	0.01	0.0	0.0	0.0	0.0	0.0	0.0	0.0	0.0	0.0	0.0
Root; d__Bacteria; p__Pseudomonadota; c__Gammaproteobacteria; o__Burkholderiales; f__Usitatibacteraceae; g__JBGAQP01	0.0	0.0	0.0	0.0	0.0	0.0	0.0	0.0	0.0	0.0	0.0	0.0	0.0	0.0	0.0	0.0	0.0	0.0	0.0	0.0	0.0	0.0	0.0	0.0	0.0	0.0	0.0	0.0	0.0	0.0	0.0	0.0	0.0	0.0	0.0	0.0	0.0	0.0	0.0	0.0	0.0	0.0	0.0	0.0	0.0	0.0	0.0	0.0	0.0	0.0	0.0	0.0	0.0	0.0	0.0	0.0	0.0	0.0	0.0	0.0	0.0	0.0	0.0	0.0	0.0	0.0	0.0	0.0	0.0	0.0	0.0	0.0
Root; d__Bacteria; p__Pseudomonadota; c__Gammaproteobacteria; o__Acidiferrobacterales; f__Sulfurifustaceae; g__JACQFZ01	0.0	0.0	0.0	0.0	0.0	0.0	0.0	0.0	0.0	0.0	0.0	0.0	0.0	0.0	0.0	0.0	0.0	0.0	0.0	0.0	0.0	0.0	0.0	0.0	0.0	0.0	0.0	0.0	0.0	0.0	0.0	0.0	0.0	0.0	0.0	0.0	0.0	0.0	0.0	0.0	0.0	0.0	0.0	0.0	0.0	0.0	0.0	0.0	0.0	0.0	0.0	0.0	0.0	0.0	0.0	0.0	0.0	0.0	0.0	0.0	0.01	0.0	0.0	0.0	0.0	0.0	0.0	0.0	0.0	0.0	0.0	0.0
Root; d__Bacteria; p__Armatimonadota; c__SYMT01; o__SYMT01; f__SYMT01; g__JBKBRF01	0.0	0.0	0.0	0.0	0.0	0.0	0.0	0.0	0.0	0.0	0.0	0.0	0.0	0.0	0.0	0.0	0.0	0.0	0.0	0.0	0.0	0.0	0.0	0.0	0.0	0.0	0.0	0.0	0.0	0.0	0.0	0.0	0.0	0.0	0.0	0.0	0.0	0.0	0.0	0.0	0.0	0.0	0.0	0.0	0.0	0.0	0.0	0.0	0.0	0.0	0.0	0.0	0.0	0.0	0.0	0.0	0.0	0.0	0.0	0.0	0.01	0.01	0.0	0.0	0.0	0.0	0.0	0.0	0.0	0.01	0.0	0.0
Root; d__Bacteria; p__Armatimonadota; c__Abditibacteriia; o__Abditibacteriales; f__Abditibacteriaceae; g__DASWNL01	0.0	0.0	0.0	0.0	0.0	0.0	0.0	0.0	0.0	0.0	0.0	0.0	0.0	0.0	0.0	0.0	0.0	0.0	0.0	0.0	0.0	0.0	0.0	0.0	0.0	0.0	0.0	0.0	0.0	0.0	0.0	0.0	0.0	0.0	0.0	0.0	0.0	0.0	0.0	0.0	0.0	0.0	0.0	0.0	0.0	0.0	0.0	0.0	0.0	0.0	0.0	0.0	0.0	0.0	0.0	0.0	0.0	0.0	0.0	0.0	0.0	0.0	0.0	0.0	0.0	0.0	0.0	0.0	0.0	0.0	0.0	0.0
Root; d__Bacteria; p__Armatimonadota; c__Abditibacteriia; o__Abditibacteriales; f__Abditibacteriaceae; g__DASVUS01	0.0	0.0	0.0	0.0	0.0	0.0	0.0	0.0	0.0	0.0	0.0	0.0	0.0	0.0	0.0	0.0	0.0	0.0	0.0	0.0	0.0	0.0	0.0	0.0	0.0	0.0	0.0	0.0	0.0	0.0	0.0	0.0	0.0	0.0	0.0	0.0	0.0	0.0	0.0	0.0	0.0	0.0	0.0	0.0	0.0	0.0	0.0	0.0	0.0	0.0	0.0	0.0	0.0	0.0	0.0	0.0	0.0	0.0	0.0	0.0	0.01	0.0	0.0	0.0	0.0	0.0	0.0	0.0	0.0	0.0	0.0	0.0
Root; d__Bacteria; p__Armatimonadota; c__DTGP01; o__DTGP01; f__JAHWJO01; g__JAHWJO01	0.0	0.0	0.0	0.0	0.0	0.0	0.0	0.0	0.0	0.0	0.0	0.0	0.0	0.0	0.0	0.0	0.0	0.0	0.0	0.0	0.0	0.0	0.0	0.0	0.0	0.0	0.0	0.0	0.0	0.0	0.0	0.0	0.0	0.0	0.0	0.0	0.0	0.0	0.0	0.0	0.0	0.0	0.0	0.0	0.0	0.0	0.0	0.0	0.0	0.0	0.0	0.0	0.0	0.0	0.0	0.0	0.0	0.0	0.0	0.0	0.01	0.0	0.0	0.0	0.0	0.0	0.0	0.0	0.0	0.01	0.0	0.0
Root; d__Bacteria; p__Bacillota; c__Bacilli; o__Bacillales; f__Bacillaceae_L; g__Ferdinandcohnia	0.0	0.0	0.0	0.0	0.0	0.0	0.0	0.0	0.0	0.0	0.0	0.0	0.0	0.0	0.0	0.0	0.0	0.0	0.0	0.0	0.0	0.0	0.0	0.0	0.0	0.0	0.0	0.0	0.0	0.0	0.0	0.0	0.0	0.0	0.0	0.0	0.0	0.0	0.0	0.0	0.0	0.0	0.0	0.0	0.0	0.0	0.0	0.0	0.0	0.0	0.0	0.0	0.0	0.0	0.0	0.0	0.0	0.0	0.0	0.0	0.01	0.0	0.0	0.0	0.0	0.0	0.0	0.0	0.0	0.0	0.0	0.0
Root; d__Bacteria; p__Planctomycetota; c__Phycisphaerae; o__Tepidisphaerales; f__Tepidisphaeraceae; g__CAYTAP01	0.0	0.0	0.0	0.0	0.0	0.0	0.0	0.0	0.0	0.0	0.0	0.0	0.0	0.0	0.0	0.0	0.0	0.0	0.0	0.0	0.0	0.0	0.0	0.0	0.0	0.0	0.0	0.0	0.0	0.0	0.0	0.0	0.0	0.0	0.0	0.0	0.0	0.0	0.0	0.0	0.0	0.0	0.0	0.0	0.0	0.0	0.0	0.0	0.0	0.0	0.0	0.0	0.0	0.0	0.0	0.0	0.0	0.0	0.0	0.0	0.01	0.0	0.0	0.0	0.0	0.0	0.0	0.0	0.0	0.0	0.0	0.0
Root; d__Bacteria; p__Planctomycetota; c__Phycisphaerae; o__Phycisphaerales; f__UBA1924; g__SPIREOTU_01664095	0.0	0.0	0.0	0.0	0.0	0.0	0.0	0.0	0.0	0.0	0.0	0.0	0.0	0.0	0.0	0.0	0.0	0.0	0.0	0.0	0.0	0.0	0.0	0.0	0.0	0.0	0.0	0.0	0.0	0.0	0.0	0.0	0.0	0.0	0.0	0.0	0.0	0.0	0.0	0.0	0.0	0.0	0.0	0.0	0.0	0.0	0.0	0.0	0.0	0.0	0.0	0.0	0.0	0.0	0.0	0.0	0.0	0.0	0.0	0.0	0.01	0.01	0.0	0.0	0.0	0.0	0.0	0.0	0.0	0.0	0.0	0.0
Root; d__Bacteria; p__Planctomycetota; c__Phycisphaerae; o__WQYP01; f__WQYP01; g__CAVYBP01	0.0	0.0	0.0	0.0	0.0	0.0	0.0	0.0	0.0	0.0	0.0	0.0	0.0	0.0	0.0	0.0	0.0	0.0	0.0	0.0	0.0	0.0	0.0	0.0	0.0	0.0	0.0	0.0	0.0	0.0	0.0	0.0	0.0	0.0	0.0	0.0	0.0	0.0	0.0	0.0	0.0	0.0	0.0	0.0	0.0	0.0	0.0	0.0	0.0	0.0	0.0	0.0	0.0	0.0	0.0	0.0	0.0	0.0	0.0	0.0	0.0	0.0	0.0	0.0	0.0	0.0	0.0	0.0	0.0	0.0	0.0	0.0
Root; d__Bacteria; p__Planctomycetota; c__Planctomycetia; o__Pirellulales; f__Pirellulaceae; g__Aureliella	0.0	0.0	0.0	0.0	0.0	0.0	0.0	0.0	0.0	0.0	0.0	0.0	0.0	0.0	0.0	0.0	0.0	0.0	0.0	0.0	0.0	0.0	0.0	0.0	0.0	0.0	0.0	0.0	0.0	0.0	0.0	0.0	0.0	0.0	0.0	0.0	0.0	0.0	0.0	0.0	0.0	0.0	0.0	0.0	0.0	0.0	0.0	0.0	0.0	0.0	0.0	0.0	0.0	0.0	0.0	0.0	0.0	0.0	0.0	0.0	0.0	0.0	0.0	0.0	0.0	0.0	0.0	0.0	0.0	0.0	0.0	0.0
Root; d__Bacteria; p__Planctomycetota; c__Planctomycetia; o__Pirellulales; f__JADZDJ01; g__DATJYL01	0.0	0.0	0.0	0.0	0.0	0.0	0.0	0.0	0.0	0.0	0.0	0.0	0.0	0.0	0.0	0.0	0.0	0.0	0.0	0.0	0.0	0.0	0.0	0.0	0.0	0.0	0.0	0.0	0.0	0.0	0.0	0.0	0.0	0.0	0.0	0.0	0.0	0.0	0.0	0.0	0.0	0.0	0.0	0.0	0.0	0.0	0.0	0.0	0.0	0.0	0.0	0.0	0.0	0.0	0.0	0.0	0.0	0.0	0.0	0.0	0.01	0.01	0.0	0.0	0.0	0.0	0.0	0.0	0.0	0.0	0.0	0.0
Root; d__Bacteria; p__Planctomycetota; c__Planctomycetia; o__Pirellulales; f__PNKZ01; g__GCMETA_00788020	0.0	0.0	0.0	0.0	0.0	0.0	0.0	0.0	0.0	0.0	0.0	0.0	0.0	0.0	0.0	0.0	0.0	0.0	0.0	0.0	0.0	0.0	0.0	0.0	0.0	0.0	0.0	0.0	0.0	0.0	0.0	0.0	0.0	0.0	0.0	0.0	0.0	0.0	0.0	0.0	0.0	0.0	0.0	0.0	0.0	0.0	0.0	0.0	0.0	0.0	0.0	0.0	0.0	0.0	0.0	0.0	0.0	0.0	0.0	0.0	0.0	0.0	0.0	0.0	0.0	0.0	0.0	0.0	0.0	0.0	0.0	0.0
Root; d__Bacteria; p__Planctomycetota; c__Planctomycetia; o__Pirellulales; f__PNKZ01; g__PNKZ01	0.0	0.0	0.0	0.0	0.0	0.0	0.0	0.0	0.0	0.0	0.0	0.0	0.0	0.0	0.0	0.0	0.0	0.0	0.0	0.0	0.0	0.0	0.0	0.0	0.0	0.0	0.0	0.0	0.0	0.0	0.0	0.0	0.0	0.0	0.0	0.0	0.0	0.0	0.0	0.0	0.0	0.0	0.0	0.0	0.0	0.0	0.0	0.0	0.0	0.0	0.0	0.0	0.0	0.0	0.0	0.0	0.0	0.0	0.0	0.0	0.01	0.0	0.0	0.0	0.0	0.0	0.0	0.0	0.0	0.0	0.0	0.0
Root; d__Bacteria; p__Planctomycetota; c__Planctomycetia; o__Gemmatales; f__Gemmataceae; g__MOTU40_034924	0.0	0.0	0.0	0.0	0.0	0.0	0.0	0.0	0.0	0.0	0.0	0.0	0.0	0.0	0.0	0.0	0.0	0.0	0.0	0.0	0.0	0.0	0.0	0.0	0.0	0.0	0.0	0.0	0.0	0.0	0.0	0.0	0.0	0.0	0.0	0.0	0.0	0.0	0.0	0.0	0.0	0.0	0.0	0.0	0.0	0.0	0.0	0.0	0.0	0.0	0.0	0.0	0.0	0.0	0.0	0.0	0.0	0.0	0.0	0.0	0.01	0.0	0.0	0.0	0.0	0.0	0.0	0.0	0.0	0.0	0.0	0.0
Root; d__Bacteria; p__Planctomycetota; c__Planctomycetia; o__Gemmatales; f__Gemmataceae; g__DASXPC01	0.0	0.0	0.0	0.0	0.0	0.0	0.0	0.0	0.0	0.0	0.0	0.0	0.0	0.0	0.0	0.0	0.0	0.0	0.0	0.0	0.0	0.0	0.0	0.0	0.0	0.0	0.0	0.0	0.0	0.0	0.0	0.0	0.0	0.0	0.0	0.0	0.0	0.0	0.0	0.0	0.0	0.0	0.0	0.0	0.0	0.0	0.0	0.0	0.0	0.0	0.0	0.0	0.0	0.0	0.0	0.0	0.0	0.0	0.0	0.0	0.01	0.0	0.0	0.0	0.0	0.0	0.0	0.0	0.0	0.0	0.0	0.0
Root; d__Bacteria; p__Planctomycetota; c__Planctomycetia; o__Gemmatales; f__Gemmataceae; g__MGYG000491447	0.0	0.0	0.0	0.0	0.0	0.0	0.0	0.0	0.0	0.0	0.0	0.0	0.0	0.0	0.0	0.0	0.0	0.0	0.0	0.0	0.0	0.0	0.0	0.0	0.0	0.0	0.0	0.0	0.0	0.0	0.0	0.0	0.0	0.0	0.0	0.0	0.0	0.0	0.0	0.0	0.0	0.0	0.0	0.0	0.0	0.0	0.0	0.0	0.0	0.0	0.0	0.0	0.0	0.0	0.0	0.0	0.0	0.0	0.0	0.0	0.0	0.0	0.0	0.0	0.0	0.0	0.0	0.0	0.0	0.0	0.0	0.0
Root; d__Bacteria; p__Planctomycetota; c__Planctomycetia; o__Gemmatales; f__Gemmataceae; g__VGYC01	0.0	0.0	0.0	0.0	0.0	0.0	0.0	0.0	0.0	0.0	0.0	0.0	0.0	0.0	0.0	0.0	0.0	0.0	0.0	0.0	0.0	0.0	0.0	0.0	0.0	0.0	0.0	0.0	0.0	0.0	0.0	0.0	0.0	0.0	0.0	0.0	0.0	0.0	0.0	0.0	0.0	0.0	0.0	0.0	0.0	0.0	0.0	0.0	0.0	0.0	0.0	0.0	0.0	0.0	0.0	0.0	0.0	0.0	0.0	0.0	0.01	0.0	0.0	0.0	0.0	0.0	0.0	0.0	0.0	0.0	0.0	0.0
Root; d__Bacteria; p__Planctomycetota; c__Planctomycetia; o__Gemmatales; f__Gemmataceae; g__JACPZP01	0.0	0.0	0.0	0.0	0.0	0.0	0.0	0.0	0.0	0.0	0.0	0.0	0.0	0.0	0.0	0.0	0.0	0.0	0.0	0.0	0.0	0.0	0.0	0.0	0.0	0.0	0.0	0.0	0.0	0.0	0.0	0.0	0.0	0.0	0.0	0.0	0.0	0.0	0.0	0.0	0.0	0.0	0.0	0.0	0.0	0.0	0.0	0.0	0.0	0.0	0.0	0.0	0.0	0.0	0.0	0.0	0.0	0.0	0.0	0.0	0.0	0.0	0.0	0.0	0.0	0.0	0.0	0.0	0.0	0.0	0.0	0.0
Root; d__Bacteria; p__Planctomycetota; c__Planctomycetia; o__Gemmatales; f__Gemmataceae; g__Fimbriiglobus	0.0	0.0	0.0	0.0	0.0	0.0	0.0	0.0	0.0	0.0	0.0	0.0	0.0	0.0	0.0	0.0	0.0	0.0	0.0	0.0	0.0	0.0	0.0	0.0	0.0	0.0	0.0	0.0	0.0	0.0	0.0	0.0	0.0	0.0	0.0	0.0	0.0	0.0	0.0	0.0	0.0	0.0	0.0	0.0	0.0	0.0	0.0	0.0	0.0	0.0	0.0	0.0	0.0	0.0	0.0	0.0	0.0	0.0	0.0	0.0	0.01	0.01	0.0	0.0	0.0	0.0	0.0	0.0	0.0	0.0	0.0	0.0
Root; d__Bacteria; p__Planctomycetota; c__Planctomycetia; o__Gemmatales; f__Gemmataceae; g__JBBRLG01	0.0	0.0	0.0	0.0	0.0	0.0	0.0	0.0	0.0	0.0	0.0	0.0	0.0	0.0	0.0	0.0	0.0	0.0	0.0	0.0	0.0	0.0	0.0	0.0	0.0	0.0	0.0	0.0	0.0	0.0	0.0	0.0	0.0	0.0	0.0	0.0	0.0	0.0	0.0	0.0	0.0	0.0	0.0	0.0	0.0	0.0	0.0	0.0	0.0	0.0	0.0	0.0	0.0	0.0	0.0	0.0	0.0	0.0	0.0	0.0	0.0	0.01	0.0	0.0	0.0	0.0	0.0	0.0	0.0	0.0	0.0	0.0
Root; d__Bacteria; p__Planctomycetota; c__Planctomycetia; o__Gemmatales; f__Gemmataceae; g__BCRBG_34232	0.0	0.0	0.0	0.0	0.0	0.0	0.0	0.0	0.0	0.0	0.0	0.0	0.0	0.0	0.0	0.0	0.0	0.0	0.0	0.0	0.0	0.0	0.0	0.0	0.0	0.0	0.0	0.0	0.0	0.0	0.0	0.0	0.0	0.0	0.0	0.0	0.0	0.0	0.0	0.0	0.0	0.0	0.0	0.0	0.0	0.0	0.0	0.0	0.0	0.0	0.0	0.0	0.0	0.0	0.0	0.0	0.0	0.0	0.0	0.0	0.0	0.01	0.0	0.0	0.0	0.0	0.0	0.0	0.0	0.0	0.0	0.0
Root; d__Bacteria; p__Planctomycetota; c__Planctomycetia; o__Gemmatales; f__Gemmataceae; g__GEMOTU_03865	0.0	0.0	0.0	0.0	0.0	0.0	0.0	0.0	0.0	0.0	0.0	0.0	0.0	0.0	0.0	0.0	0.0	0.0	0.0	0.0	0.0	0.0	0.0	0.0	0.0	0.0	0.0	0.0	0.0	0.0	0.0	0.0	0.0	0.0	0.0	0.0	0.0	0.0	0.0	0.0	0.0	0.0	0.0	0.0	0.0	0.0	0.0	0.0	0.0	0.0	0.0	0.0	0.0	0.0	0.0	0.0	0.0	0.0	0.0	0.0	0.01	0.0	0.0	0.0	0.0	0.0	0.0	0.0	0.0	0.0	0.0	0.0
Root; d__Bacteria; p__Planctomycetota; c__Planctomycetia; o__Gemmatales; f__HRBIN36; g__BCRBG_63855	0.0	0.0	0.0	0.0	0.0	0.0	0.0	0.0	0.0	0.0	0.0	0.0	0.0	0.0	0.0	0.0	0.0	0.0	0.0	0.0	0.0	0.0	0.0	0.0	0.0	0.0	0.0	0.0	0.0	0.0	0.0	0.0	0.0	0.0	0.0	0.0	0.0	0.0	0.0	0.0	0.0	0.0	0.0	0.0	0.0	0.0	0.0	0.0	0.0	0.0	0.0	0.0	0.0	0.0	0.0	0.0	0.0	0.0	0.0	0.0	0.01	0.0	0.0	0.0	0.0	0.0	0.0	0.0	0.0	0.0	0.0	0.0
Root; d__Bacteria; p__Planctomycetota; c__Planctomycetia; o__Isosphaerales; f__Isosphaeraceae; g__SPIREOTU_01174785	0.0	0.0	0.0	0.0	0.0	0.0	0.0	0.0	0.0	0.0	0.0	0.0	0.0	0.0	0.0	0.0	0.0	0.0	0.0	0.0	0.0	0.0	0.0	0.0	0.0	0.0	0.0	0.0	0.0	0.0	0.0	0.0	0.0	0.0	0.0	0.0	0.0	0.0	0.0	0.0	0.0	0.0	0.0	0.0	0.0	0.0	0.0	0.0	0.0	0.0	0.0	0.0	0.0	0.0	0.0	0.0	0.0	0.0	0.0	0.0	0.0	0.0	0.0	0.0	0.0	0.0	0.0	0.0	0.0	0.0	0.0	0.0
Root; d__Bacteria; p__Planctomycetota; c__Planctomycetia; o__Isosphaerales; f__Isosphaeraceae; g__SMAGOTU_07496	0.0	0.0	0.0	0.0	0.0	0.0	0.0	0.0	0.0	0.0	0.0	0.0	0.0	0.0	0.0	0.0	0.0	0.0	0.0	0.0	0.0	0.0	0.0	0.0	0.0	0.0	0.0	0.0	0.0	0.0	0.0	0.0	0.0	0.0	0.0	0.0	0.0	0.0	0.0	0.0	0.0	0.0	0.0	0.0	0.0	0.0	0.0	0.0	0.0	0.0	0.0	0.0	0.0	0.0	0.0	0.0	0.0	0.0	0.0	0.0	0.01	0.0	0.0	0.02	0.0	0.0	0.0	0.0	0.0	0.0	0.0	0.0
Root; d__Bacteria; p__Planctomycetota; c__Planctomycetia; o__Isosphaerales; f__Isosphaeraceae; g__CAZRGV01	0.0	0.0	0.0	0.0	0.0	0.0	0.0	0.0	0.0	0.0	0.0	0.0	0.0	0.0	0.0	0.0	0.0	0.0	0.0	0.0	0.0	0.0	0.0	0.0	0.0	0.0	0.0	0.0	0.0	0.0	0.0	0.0	0.0	0.0	0.0	0.0	0.0	0.0	0.0	0.0	0.0	0.0	0.0	0.0	0.0	0.0	0.0	0.0	0.0	0.0	0.0	0.0	0.0	0.0	0.0	0.0	0.0	0.0	0.0	0.0	0.01	0.01	0.0	0.0	0.0	0.0	0.0	0.0	0.0	0.0	0.0	0.0
Root; d__Bacteria; p__Planctomycetota; c__Planctomycetia; o__Isosphaerales; f__Isosphaeraceae; g__CAVVZJ01	0.0	0.0	0.0	0.0	0.0	0.0	0.0	0.0	0.0	0.0	0.0	0.0	0.0	0.0	0.0	0.0	0.0	0.0	0.0	0.0	0.0	0.0	0.0	0.0	0.0	0.0	0.0	0.0	0.0	0.0	0.0	0.0	0.0	0.0	0.0	0.0	0.0	0.0	0.0	0.0	0.0	0.0	0.0	0.0	0.0	0.0	0.0	0.0	0.0	0.0	0.0	0.0	0.0	0.0	0.0	0.0	0.0	0.0	0.0	0.0	0.01	0.0	0.0	0.0	0.0	0.0	0.0	0.0	0.0	0.0	0.0	0.0
Root; d__Bacteria; p__Planctomycetota; c__Planctomycetia; o__Isosphaerales; f__Isosphaeraceae; g__JAJPJC01	0.0	0.0	0.0	0.0	0.0	0.0	0.0	0.0	0.0	0.0	0.0	0.0	0.0	0.0	0.0	0.0	0.0	0.0	0.0	0.0	0.0	0.0	0.0	0.0	0.0	0.0	0.0	0.0	0.0	0.0	0.0	0.0	0.0	0.0	0.0	0.0	0.0	0.0	0.0	0.0	0.0	0.0	0.0	0.0	0.0	0.0	0.0	0.0	0.0	0.0	0.0	0.0	0.0	0.0	0.0	0.0	0.0	0.0	0.0	0.0	0.01	0.0	0.0	0.0	0.0	0.0	0.0	0.0	0.0	0.0	0.0	0.0
Root; d__Bacteria; p__Planctomycetota; c__Planctomycetia; o__Isosphaerales; f__Isosphaeraceae; g__CAZUZD01	0.0	0.0	0.0	0.0	0.0	0.0	0.0	0.0	0.0	0.0	0.0	0.0	0.0	0.0	0.0	0.0	0.0	0.0	0.0	0.0	0.0	0.0	0.0	0.0	0.0	0.0	0.0	0.0	0.0	0.0	0.0	0.0	0.0	0.0	0.0	0.0	0.0	0.0	0.0	0.0	0.0	0.0	0.0	0.0	0.0	0.0	0.0	0.0	0.0	0.0	0.0	0.0	0.0	0.0	0.0	0.0	0.0	0.0	0.0	0.0	0.01	0.0	0.0	0.0	0.0	0.0	0.0	0.0	0.0	0.0	0.0	0.0
Root; d__Bacteria; p__Planctomycetota; c__Planctomycetia; o__Isosphaerales; f__Isosphaeraceae; g__GOMCOTU_12206	0.0	0.0	0.0	0.0	0.0	0.0	0.0	0.0	0.0	0.0	0.0	0.0	0.0	0.0	0.0	0.0	0.0	0.0	0.0	0.0	0.0	0.0	0.0	0.0	0.0	0.0	0.0	0.0	0.0	0.0	0.0	0.0	0.0	0.0	0.0	0.0	0.0	0.0	0.0	0.0	0.0	0.0	0.0	0.0	0.0	0.0	0.0	0.0	0.0	0.0	0.0	0.0	0.0	0.0	0.0	0.0	0.0	0.0	0.0	0.0	0.01	0.0	0.0	0.0	0.0	0.0	0.0	0.0	0.0	0.0	0.0	0.0
Root; d__Bacteria; p__Planctomycetota; c__Planctomycetia; o__Isosphaerales; f__Isosphaeraceae; g__DASZMJ01	0.0	0.0	0.0	0.0	0.0	0.0	0.0	0.0	0.0	0.0	0.0	0.0	0.0	0.0	0.0	0.0	0.0	0.0	0.0	0.0	0.0	0.0	0.0	0.0	0.0	0.0	0.0	0.0	0.0	0.0	0.0	0.0	0.0	0.0	0.0	0.0	0.0	0.0	0.0	0.0	0.0	0.0	0.0	0.0	0.0	0.0	0.0	0.0	0.0	0.0	0.0	0.0	0.0	0.0	0.0	0.0	0.0	0.0	0.0	0.0	0.01	0.0	0.0	0.0	0.0	0.0	0.0	0.0	0.0	0.0	0.0	0.0
Root; d__Bacteria; p__Planctomycetota; c__Planctomycetia; o__Isosphaerales; f__Isosphaeraceae; g__CBDIHP01	0.0	0.0	0.0	0.0	0.0	0.0	0.0	0.0	0.0	0.0	0.0	0.0	0.0	0.0	0.0	0.0	0.0	0.0	0.0	0.0	0.0	0.0	0.0	0.0	0.0	0.0	0.0	0.0	0.0	0.0	0.0	0.0	0.0	0.0	0.0	0.0	0.0	0.0	0.0	0.0	0.0	0.0	0.0	0.0	0.0	0.0	0.0	0.0	0.0	0.0	0.0	0.0	0.0	0.0	0.0	0.0	0.0	0.0	0.0	0.0	0.01	0.0	0.0	0.0	0.0	0.0	0.0	0.0	0.0	0.0	0.0	0.0
Root; d__Bacteria; p__Planctomycetota; c__Planctomycetia; o__Planctomycetales; f__Planctomycetaceae; g__CAZDGB01	0.0	0.0	0.0	0.0	0.0	0.0	0.0	0.0	0.0	0.0	0.0	0.0	0.0	0.0	0.0	0.0	0.0	0.0	0.0	0.0	0.0	0.0	0.0	0.0	0.0	0.0	0.0	0.0	0.0	0.0	0.0	0.0	0.0	0.0	0.0	0.0	0.0	0.0	0.0	0.0	0.0	0.0	0.0	0.0	0.0	0.0	0.0	0.0	0.0	0.0	0.0	0.0	0.0	0.0	0.0	0.0	0.0	0.0	0.0	0.0	0.01	0.0	0.0	0.0	0.0	0.0	0.0	0.0	0.0	0.0	0.0	0.0
Root; d__Bacteria; p__Planctomycetota; c__PLA2; o__PLA2; f__JAEUHO01; g__JAYTCP01	0.0	0.0	0.0	0.0	0.0	0.0	0.0	0.0	0.0	0.0	0.0	0.0	0.0	0.0	0.0	0.0	0.0	0.0	0.0	0.0	0.0	0.0	0.0	0.0	0.0	0.0	0.0	0.0	0.0	0.0	0.0	0.0	0.0	0.0	0.0	0.0	0.0	0.0	0.0	0.0	0.0	0.0	0.0	0.0	0.0	0.0	0.0	0.0	0.0	0.0	0.0	0.0	0.0	0.0	0.0	0.0	0.0	0.0	0.0	0.0	0.01	0.0	0.0	0.0	0.0	0.0	0.0	0.0	0.0	0.0	0.0	0.0
Root; d__Bacteria; p__Planctomycetota; c__UBA11346; o__UBA11346; f__UBA11346; g__JACCZE01	0.0	0.0	0.0	0.0	0.0	0.0	0.0	0.0	0.0	0.0	0.0	0.0	0.0	0.0	0.0	0.0	0.0	0.0	0.0	0.0	0.0	0.0	0.0	0.0	0.0	0.0	0.0	0.0	0.0	0.0	0.0	0.0	0.0	0.0	0.0	0.0	0.0	0.0	0.0	0.0	0.0	0.0	0.0	0.0	0.0	0.0	0.0	0.0	0.0	0.0	0.0	0.0	0.0	0.0	0.0	0.0	0.0	0.0	0.0	0.0	0.01	0.0	0.0	0.0	0.0	0.0	0.0	0.0	0.0	0.0	0.0	0.0
Root; d__Bacteria; p__Chloroflexota; c__Anaerolineae; o__Aggregatilineales; f__UBA3940; g__SPIREOTU_01099945	0.0	0.0	0.0	0.0	0.0	0.0	0.0	0.0	0.0	0.0	0.0	0.0	0.0	0.0	0.0	0.0	0.0	0.0	0.0	0.0	0.0	0.0	0.0	0.0	0.0	0.0	0.0	0.0	0.0	0.0	0.0	0.0	0.0	0.0	0.0	0.0	0.0	0.0	0.0	0.0	0.0	0.0	0.0	0.0	0.0	0.0	0.0	0.0	0.0	0.0	0.0	0.0	0.0	0.0	0.0	0.0	0.0	0.0	0.0	0.0	0.01	0.0	0.0	0.0	0.0	0.0	0.0	0.0	0.0	0.0	0.0	0.0
Root; d__Bacteria; p__Chloroflexota; c__Anaerolineae; o__Caldilineales; f__Caldilineaceae; g__JAPLGZ01	0.0	0.0	0.0	0.0	0.0	0.0	0.0	0.0	0.0	0.0	0.0	0.0	0.0	0.0	0.0	0.0	0.0	0.0	0.0	0.0	0.0	0.0	0.0	0.0	0.0	0.0	0.0	0.0	0.0	0.0	0.0	0.0	0.0	0.0	0.0	0.0	0.0	0.0	0.0	0.0	0.0	0.0	0.0	0.0	0.0	0.0	0.0	0.0	0.0	0.0	0.0	0.0	0.0	0.0	0.0	0.0	0.0	0.0	0.0	0.0	0.01	0.0	0.0	0.0	0.0	0.0	0.0	0.0	0.0	0.0	0.0	0.0
Root; d__Bacteria; p__Chloroflexota; c__Limnocylindria; o__Limnocylindrales; f__CSP1-4; g__CAIYQJ01	0.0	0.0	0.0	0.0	0.0	0.0	0.0	0.0	0.0	0.0	0.0	0.0	0.0	0.0	0.0	0.0	0.0	0.0	0.0	0.0	0.0	0.0	0.0	0.0	0.0	0.0	0.0	0.0	0.0	0.0	0.0	0.0	0.0	0.0	0.0	0.0	0.0	0.0	0.0	0.0	0.0	0.0	0.0	0.0	0.0	0.0	0.0	0.0	0.0	0.0	0.0	0.0	0.0	0.0	0.0	0.0	0.0	0.0	0.0	0.0	0.01	0.0	0.0	0.0	0.0	0.0	0.0	0.0	0.0	0.0	0.0	0.0
Root; d__Bacteria; p__Chloroflexota; c__Limnocylindria; o__Limnocylindrales; f__CSP1-4; g__GWHBRHD00000000	0.0	0.0	0.0	0.0	0.0	0.0	0.0	0.0	0.0	0.0	0.0	0.0	0.0	0.0	0.0	0.0	0.0	0.0	0.0	0.0	0.0	0.0	0.0	0.0	0.0	0.0	0.0	0.0	0.0	0.0	0.0	0.0	0.0	0.0	0.0	0.0	0.0	0.0	0.0	0.0	0.0	0.0	0.0	0.0	0.0	0.0	0.0	0.0	0.0	0.0	0.0	0.0	0.0	0.0	0.0	0.0	0.0	0.0	0.0	0.0	0.0	0.0	0.0	0.0	0.0	0.0	0.0	0.0	0.0	0.0	0.0	0.0
Root; d__Bacteria; p__Chloroflexota; c__Chloroflexia; o__Chloroflexales; f__Kallotenuaceae; g__SPIREOTU_00549317	0.0	0.0	0.0	0.0	0.0	0.0	0.0	0.0	0.0	0.0	0.0	0.0	0.0	0.0	0.0	0.0	0.0	0.0	0.0	0.0	0.0	0.0	0.0	0.0	0.0	0.0	0.0	0.0	0.0	0.0	0.0	0.0	0.0	0.0	0.0	0.0	0.0	0.0	0.0	0.0	0.0	0.0	0.0	0.0	0.0	0.0	0.0	0.0	0.0	0.0	0.0	0.0	0.0	0.0	0.0	0.0	0.0	0.0	0.0	0.0	0.0	0.0	0.0	0.0	0.0	0.0	0.0	0.0	0.0	0.0	0.0	0.0
Root; d__Bacteria; p__Chloroflexota; c__Chloroflexia; o__Thermomicrobiales; f__UBA6265; g__CAVRUD01	0.0	0.0	0.0	0.0	0.0	0.0	0.0	0.0	0.0	0.0	0.0	0.0	0.0	0.0	0.0	0.0	0.0	0.0	0.0	0.0	0.0	0.0	0.0	0.0	0.0	0.0	0.0	0.0	0.0	0.0	0.0	0.0	0.0	0.0	0.0	0.0	0.0	0.0	0.0	0.0	0.0	0.0	0.0	0.0	0.0	0.0	0.0	0.0	0.0	0.0	0.0	0.0	0.0	0.0	0.0	0.0	0.0	0.0	0.0	0.0	0.01	0.0	0.0	0.0	0.0	0.0	0.0	0.0	0.0	0.0	0.0	0.0
Root; d__Bacteria; p__Chloroflexota; c__Chloroflexia; o__Thermomicrobiales; f__UBA6265; g__CADCWF01	0.0	0.0	0.0	0.0	0.0	0.0	0.0	0.0	0.0	0.0	0.0	0.0	0.0	0.0	0.0	0.0	0.0	0.0	0.0	0.0	0.0	0.0	0.0	0.0	0.0	0.0	0.0	0.0	0.0	0.0	0.0	0.0	0.0	0.0	0.0	0.0	0.0	0.0	0.0	0.0	0.0	0.0	0.0	0.0	0.0	0.0	0.0	0.0	0.0	0.0	0.0	0.0	0.0	0.0	0.0	0.0	0.0	0.0	0.0	0.0	0.0	0.0	0.0	0.0	0.0	0.0	0.0	0.0	0.0	0.0	0.0	0.0
Root; d__Bacteria; p__Chloroflexota; c__Chloroflexia; o__Thermomicrobiales; f__CADCWN01; g__MOTU40_054720	0.0	0.0	0.0	0.0	0.0	0.0	0.0	0.0	0.0	0.0	0.0	0.0	0.0	0.0	0.0	0.0	0.0	0.0	0.0	0.0	0.0	0.0	0.0	0.0	0.0	0.0	0.0	0.0	0.0	0.0	0.0	0.0	0.0	0.0	0.0	0.0	0.0	0.0	0.0	0.0	0.0	0.0	0.0	0.0	0.0	0.0	0.0	0.0	0.0	0.0	0.0	0.0	0.0	0.0	0.0	0.0	0.0	0.0	0.0	0.0	0.01	0.01	0.0	0.0	0.0	0.0	0.0	0.0	0.0	0.0	0.0	0.0
Root; d__Bacteria; p__Chloroflexota; c__Dormibacteria; o__CF-121; f__CF-121; g__CF-13	0.0	0.0	0.0	0.0	0.0	0.0	0.0	0.0	0.0	0.0	0.0	0.0	0.0	0.0	0.0	0.0	0.0	0.0	0.0	0.0	0.0	0.0	0.0	0.0	0.0	0.0	0.0	0.0	0.0	0.0	0.0	0.0	0.0	0.0	0.0	0.0	0.0	0.0	0.0	0.0	0.0	0.0	0.0	0.0	0.0	0.0	0.0	0.0	0.0	0.0	0.0	0.0	0.0	0.0	0.0	0.0	0.0	0.0	0.0	0.0	0.01	0.01	0.0	0.0	0.0	0.0	0.0	0.0	0.0	0.0	0.0	0.0
Root; d__Bacteria; p__Chloroflexota; c__Dehalococcoidia; o__UBA2979; f__UBA2979; g__SHYQ01	0.0	0.0	0.0	0.0	0.0	0.0	0.0	0.0	0.0	0.0	0.0	0.0	0.0	0.0	0.0	0.0	0.0	0.0	0.0	0.0	0.0	0.0	0.0	0.0	0.0	0.0	0.0	0.0	0.0	0.0	0.0	0.0	0.0	0.0	0.0	0.0	0.0	0.0	0.0	0.0	0.0	0.0	0.0	0.0	0.0	0.0	0.0	0.0	0.0	0.0	0.0	0.0	0.0	0.0	0.0	0.0	0.0	0.0	0.0	0.0	0.0	0.0	0.0	0.0	0.0	0.0	0.0	0.0	0.0	0.0	0.0	0.0
Root; d__Bacteria; p__Myxococcota_A; c__Polyangia; o__Haliangiales; f__Haliangiaceae; g__DATFRY01	0.0	0.0	0.0	0.0	0.0	0.0	0.0	0.0	0.0	0.0	0.0	0.0	0.0	0.0	0.0	0.0	0.0	0.0	0.0	0.0	0.0	0.0	0.0	0.0	0.0	0.0	0.0	0.0	0.0	0.0	0.0	0.0	0.0	0.0	0.0	0.0	0.0	0.0	0.0	0.0	0.0	0.0	0.0	0.0	0.0	0.0	0.0	0.0	0.0	0.0	0.0	0.0	0.0	0.0	0.0	0.0	0.0	0.0	0.0	0.0	0.0	0.0	0.0	0.0	0.0	0.0	0.0	0.0	0.0	0.0	0.0	0.0
Root; d__Bacteria; p__Myxococcota_A; c__Polyangia; o__Haliangiales; f__JADYYK01; g__JADYYK01	0.0	0.0	0.0	0.0	0.0	0.0	0.0	0.0	0.0	0.0	0.0	0.0	0.0	0.0	0.0	0.0	0.0	0.0	0.0	0.0	0.0	0.0	0.0	0.0	0.0	0.0	0.0	0.0	0.0	0.0	0.0	0.0	0.0	0.0	0.0	0.0	0.0	0.0	0.0	0.0	0.0	0.0	0.0	0.0	0.0	0.0	0.0	0.0	0.0	0.0	0.0	0.0	0.0	0.0	0.0	0.0	0.0	0.0	0.0	0.0	0.0	0.0	0.0	0.0	0.0	0.0	0.0	0.0	0.0	0.0	0.0	0.0
Root; d__Bacteria; p__Myxococcota_A; c__Polyangia; o__Polyangiales; f__Polyangiaceae; g__Minicystis	0.0	0.0	0.0	0.0	0.0	0.0	0.0	0.0	0.0	0.0	0.0	0.0	0.0	0.0	0.0	0.0	0.0	0.0	0.0	0.0	0.0	0.0	0.0	0.0	0.0	0.0	0.0	0.0	0.0	0.0	0.0	0.0	0.0	0.0	0.0	0.0	0.0	0.0	0.0	0.0	0.0	0.0	0.0	0.0	0.0	0.0	0.0	0.0	0.0	0.0	0.0	0.0	0.0	0.0	0.0	0.0	0.0	0.0	0.0	0.0	0.01	0.0	0.0	0.0	0.0	0.0	0.0	0.01	0.0	0.0	0.0	0.0
Root; d__Bacteria; p__Myxococcota_A; c__Polyangia; o__Polyangiales; f__Polyangiaceae; g__DASXHD01	0.0	0.0	0.0	0.0	0.0	0.0	0.0	0.0	0.0	0.0	0.0	0.0	0.0	0.0	0.0	0.0	0.0	0.0	0.0	0.0	0.0	0.0	0.0	0.0	0.0	0.0	0.0	0.0	0.0	0.0	0.0	0.0	0.0	0.0	0.0	0.0	0.0	0.0	0.0	0.0	0.0	0.0	0.0	0.0	0.0	0.0	0.0	0.0	0.0	0.0	0.0	0.0	0.0	0.0	0.0	0.0	0.0	0.0	0.0	0.0	0.0	0.0	0.0	0.0	0.0	0.0	0.0	0.0	0.0	0.0	0.0	0.0
Root; d__Bacteria; p__Myxococcota_A; c__Polyangia; o__Polyangiales; f__Polyangiaceae; g__CAYYKK01	0.0	0.0	0.0	0.0	0.0	0.0	0.0	0.0	0.0	0.0	0.0	0.0	0.0	0.0	0.0	0.0	0.0	0.0	0.0	0.0	0.0	0.0	0.0	0.0	0.0	0.0	0.0	0.0	0.0	0.0	0.0	0.0	0.0	0.0	0.0	0.0	0.0	0.0	0.0	0.0	0.0	0.0	0.0	0.0	0.0	0.0	0.0	0.0	0.0	0.0	0.0	0.0	0.0	0.0	0.0	0.0	0.0	0.0	0.0	0.0	0.01	0.01	0.0	0.0	0.0	0.0	0.0	0.0	0.0	0.0	0.0	0.0
Root; d__Bacteria; p__Myxococcota_A; c__Polyangia; o__Polyangiales; f__Polyangiaceae; g__AMXMAG_0419	0.0	0.0	0.0	0.0	0.0	0.0	0.0	0.0	0.0	0.0	0.0	0.0	0.0	0.0	0.0	0.0	0.0	0.0	0.0	0.0	0.0	0.0	0.0	0.0	0.0	0.0	0.0	0.0	0.0	0.0	0.0	0.0	0.0	0.0	0.0	0.0	0.0	0.0	0.0	0.0	0.0	0.0	0.0	0.0	0.0	0.0	0.0	0.0	0.0	0.0	0.0	0.0	0.0	0.0	0.0	0.0	0.0	0.0	0.0	0.0	0.0	0.0	0.0	0.0	0.0	0.0	0.0	0.0	0.0	0.0	0.0	0.0
Root; d__Bacteria; p__Myxococcota_A; c__Polyangia; o__Palsa-1104; f__JAEUJZ01; g__JAEUJZ01	0.0	0.0	0.0	0.0	0.0	0.0	0.0	0.0	0.0	0.0	0.0	0.0	0.0	0.0	0.0	0.0	0.0	0.0	0.0	0.0	0.0	0.0	0.0	0.0	0.0	0.0	0.0	0.0	0.0	0.0	0.0	0.0	0.0	0.0	0.0	0.0	0.0	0.0	0.0	0.0	0.0	0.0	0.0	0.0	0.0	0.0	0.0	0.0	0.0	0.0	0.0	0.0	0.0	0.0	0.0	0.0	0.0	0.0	0.0	0.0	0.0	0.0	0.0	0.0	0.0	0.0	0.0	0.0	0.0	0.0	0.0	0.0
Root; d__Bacteria; p__Myxococcota_A; c__Polyangia; o__Fen-1088; f__Fen-1088; g__SMAGOTU_02894	0.0	0.0	0.0	0.0	0.0	0.0	0.0	0.0	0.0	0.0	0.0	0.0	0.0	0.0	0.0	0.0	0.0	0.0	0.0	0.0	0.0	0.0	0.0	0.0	0.0	0.0	0.0	0.0	0.0	0.0	0.0	0.0	0.0	0.0	0.0	0.0	0.0	0.0	0.0	0.0	0.0	0.0	0.0	0.0	0.0	0.0	0.0	0.0	0.0	0.0	0.0	0.0	0.0	0.0	0.0	0.0	0.0	0.0	0.0	0.0	0.01	0.01	0.0	0.0	0.0	0.0	0.0	0.0	0.0	0.0	0.0	0.0
Root; d__Bacteria; p__Myxococcota_A; c__Polyangia; o__Fen-1088; f__Fen-1088; g__JANXXE01	0.0	0.0	0.0	0.0	0.0	0.0	0.0	0.0	0.0	0.0	0.0	0.0	0.0	0.0	0.0	0.0	0.0	0.0	0.0	0.0	0.0	0.0	0.0	0.0	0.0	0.0	0.0	0.0	0.0	0.0	0.0	0.0	0.0	0.0	0.0	0.0	0.0	0.0	0.0	0.0	0.0	0.0	0.0	0.0	0.0	0.0	0.0	0.0	0.0	0.0	0.0	0.0	0.0	0.0	0.0	0.0	0.0	0.0	0.0	0.0	0.01	0.0	0.0	0.0	0.0	0.0	0.0	0.0	0.0	0.0	0.0	0.0
Root; d__Bacteria; p__Myxococcota_A; c__Polyangia; o__Fen-1088; f__Fen-1088; g__DATKEU01	0.0	0.0	0.0	0.0	0.0	0.0	0.0	0.0	0.0	0.0	0.0	0.0	0.0	0.0	0.0	0.0	0.0	0.0	0.0	0.0	0.0	0.0	0.0	0.0	0.0	0.0	0.0	0.0	0.0	0.0	0.0	0.0	0.0	0.0	0.0	0.0	0.0	0.0	0.0	0.0	0.0	0.0	0.0	0.0	0.0	0.0	0.0	0.0	0.0	0.0	0.0	0.0	0.0	0.0	0.0	0.0	0.0	0.0	0.0	0.0	0.01	0.01	0.0	0.01	0.0	0.0	0.0	0.0	0.0	0.0	0.0	0.0
Root; d__Bacteria; p__Acidobacteriota; c__Terriglobia; o__20CM-2-55-15; f__20CM-2-55-15; g__GCMETA_00120730	0.0	0.0	0.0	0.0	0.0	0.0	0.0	0.0	0.0	0.0	0.0	0.0	0.0	0.0	0.0	0.0	0.0	0.0	0.0	0.0	0.0	0.0	0.0	0.0	0.0	0.0	0.0	0.0	0.0	0.0	0.0	0.0	0.0	0.0	0.0	0.0	0.0	0.0	0.0	0.0	0.0	0.0	0.0	0.0	0.0	0.0	0.0	0.0	0.0	0.0	0.0	0.0	0.0	0.0	0.0	0.0	0.0	0.0	0.0	0.0	0.01	0.01	0.0	0.0	0.0	0.0	0.0	0.0	0.0	0.0	0.0	0.0
Root; d__Bacteria; p__Acidobacteriota; c__Terriglobia; o__Terriglobales; f__Acidobacteriaceae; g__JAHFUA01	0.0	0.0	0.0	0.0	0.0	0.0	0.0	0.0	0.0	0.0	0.0	0.0	0.0	0.0	0.0	0.0	0.0	0.0	0.0	0.0	0.0	0.0	0.0	0.0	0.0	0.0	0.0	0.0	0.0	0.0	0.0	0.0	0.0	0.0	0.0	0.0	0.0	0.0	0.0	0.0	0.0	0.0	0.0	0.0	0.0	0.0	0.0	0.0	0.0	0.0	0.0	0.0	0.0	0.0	0.0	0.0	0.0	0.0	0.0	0.0	0.0	0.0	0.0	0.0	0.0	0.0	0.0	0.0	0.0	0.0	0.0	0.0
Root; d__Bacteria; p__Acidobacteriota; c__Terriglobia; o__Terriglobales; f__Acidobacteriaceae; g__SPIREOTU_00671788	0.0	0.0	0.0	0.0	0.0	0.0	0.0	0.0	0.0	0.0	0.0	0.0	0.0	0.0	0.0	0.0	0.0	0.0	0.0	0.0	0.0	0.0	0.0	0.0	0.0	0.0	0.0	0.0	0.0	0.0	0.0	0.0	0.0	0.0	0.0	0.0	0.0	0.0	0.0	0.0	0.0	0.0	0.0	0.0	0.0	0.0	0.0	0.0	0.0	0.0	0.0	0.0	0.0	0.0	0.0	0.0	0.0	0.0	0.0	0.0	0.0	0.0	0.0	0.0	0.0	0.0	0.0	0.0	0.0	0.01	0.0	0.0
Root; d__Bacteria; p__Acidobacteriota; c__Terriglobia; o__Terriglobales; f__Acidobacteriaceae; g__DATMYA01	0.0	0.0	0.0	0.0	0.0	0.0	0.0	0.0	0.0	0.0	0.0	0.0	0.0	0.0	0.0	0.0	0.0	0.0	0.0	0.0	0.0	0.0	0.0	0.0	0.0	0.0	0.0	0.0	0.0	0.0	0.0	0.0	0.0	0.0	0.0	0.0	0.0	0.0	0.0	0.0	0.0	0.0	0.0	0.0	0.0	0.0	0.0	0.0	0.0	0.0	0.0	0.0	0.0	0.0	0.0	0.0	0.0	0.0	0.0	0.0	0.01	0.0	0.0	0.0	0.0	0.0	0.0	0.0	0.0	0.0	0.0	0.0
Root; d__Bacteria; p__Acidobacteriota; c__Terriglobia; o__Terriglobales; f__Acidobacteriaceae; g__TPMCS_00110	0.0	0.0	0.0	0.0	0.0	0.0	0.0	0.0	0.0	0.0	0.0	0.0	0.0	0.0	0.0	0.0	0.0	0.0	0.0	0.0	0.0	0.0	0.0	0.0	0.0	0.0	0.0	0.0	0.0	0.0	0.0	0.0	0.0	0.0	0.0	0.0	0.0	0.0	0.0	0.0	0.0	0.0	0.0	0.0	0.0	0.0	0.0	0.0	0.0	0.0	0.0	0.0	0.0	0.0	0.0	0.0	0.0	0.0	0.0	0.0	0.0	0.0	0.0	0.0	0.0	0.0	0.0	0.0	0.0	0.0	0.0	0.0
Root; d__Bacteria; p__Acidobacteriota; c__Terriglobia; o__Bryobacterales; f__Bryobacteraceae; g__Fen-178	0.0	0.0	0.0	0.0	0.0	0.0	0.0	0.0	0.0	0.0	0.0	0.0	0.0	0.0	0.0	0.0	0.0	0.0	0.0	0.0	0.0	0.0	0.0	0.0	0.0	0.0	0.0	0.0	0.0	0.0	0.0	0.0	0.0	0.0	0.0	0.0	0.0	0.0	0.0	0.0	0.0	0.0	0.0	0.0	0.0	0.0	0.0	0.0	0.0	0.0	0.0	0.0	0.0	0.0	0.0	0.0	0.0	0.0	0.0	0.0	0.01	0.01	0.0	0.0	0.0	0.0	0.0	0.0	0.0	0.01	0.0	0.0
Root; d__Bacteria; p__Acidobacteriota; c__Terriglobia; o__Bryobacterales; f__Bryobacteraceae; g__JAICMB01	0.0	0.0	0.0	0.0	0.0	0.0	0.0	0.0	0.0	0.0	0.0	0.0	0.0	0.0	0.0	0.0	0.0	0.0	0.0	0.0	0.0	0.0	0.0	0.0	0.0	0.0	0.0	0.0	0.0	0.0	0.0	0.0	0.0	0.0	0.0	0.0	0.0	0.0	0.0	0.0	0.0	0.0	0.0	0.0	0.0	0.0	0.0	0.0	0.0	0.0	0.0	0.0	0.0	0.0	0.0	0.0	0.0	0.0	0.0	0.0	0.0	0.0	0.0	0.0	0.0	0.0	0.0	0.0	0.0	0.0	0.0	0.0
Root; d__Bacteria; p__Acidobacteriota; c__Terriglobia; o__Bryobacterales; f__Bryobacteraceae; g__CAWIJJ01	0.0	0.0	0.0	0.0	0.0	0.0	0.0	0.0	0.0	0.0	0.0	0.0	0.0	0.0	0.0	0.0	0.0	0.0	0.0	0.0	0.0	0.0	0.0	0.0	0.0	0.0	0.0	0.0	0.0	0.0	0.0	0.0	0.0	0.0	0.0	0.0	0.0	0.0	0.0	0.0	0.0	0.0	0.0	0.0	0.0	0.0	0.0	0.0	0.0	0.0	0.0	0.0	0.0	0.0	0.0	0.0	0.0	0.0	0.0	0.0	0.01	0.01	0.0	0.0	0.0	0.0	0.0	0.0	0.0	0.0	0.0	0.0
Root; d__Bacteria; p__Acidobacteriota; c__Terriglobia; o__Bryobacterales; f__Bryobacteraceae; g__GCMETA_00778973	0.0	0.0	0.0	0.0	0.0	0.0	0.0	0.0	0.0	0.0	0.0	0.0	0.0	0.0	0.0	0.0	0.0	0.0	0.0	0.0	0.0	0.0	0.0	0.0	0.0	0.0	0.0	0.0	0.0	0.0	0.0	0.0	0.0	0.0	0.0	0.0	0.0	0.0	0.0	0.0	0.0	0.0	0.0	0.0	0.0	0.0	0.0	0.0	0.0	0.0	0.0	0.0	0.0	0.0	0.0	0.0	0.0	0.0	0.0	0.0	0.01	0.0	0.0	0.0	0.0	0.0	0.0	0.0	0.0	0.0	0.0	0.0
Root; d__Bacteria; p__Acidobacteriota; c__Vicinamibacteria; o__Vicinamibacterales; f__2-12-FULL-66-21; g__SMAGOTU_15205	0.0	0.0	0.0	0.0	0.0	0.0	0.0	0.0	0.0	0.0	0.0	0.0	0.0	0.0	0.0	0.0	0.0	0.0	0.0	0.0	0.0	0.0	0.0	0.0	0.0	0.0	0.0	0.0	0.0	0.0	0.0	0.0	0.0	0.0	0.0	0.0	0.0	0.0	0.0	0.0	0.0	0.0	0.0	0.0	0.0	0.0	0.0	0.0	0.0	0.0	0.0	0.0	0.0	0.0	0.0	0.0	0.0	0.0	0.0	0.0	0.0	0.0	0.0	0.0	0.0	0.0	0.0	0.0	0.0	0.0	0.0	0.0
Root; d__Bacteria; p__Acidobacteriota; c__Vicinamibacteria; o__Vicinamibacterales; f__2-12-FULL-66-21; g__SMAGOTU_02862	0.0	0.0	0.0	0.0	0.0	0.0	0.0	0.0	0.0	0.0	0.0	0.0	0.0	0.0	0.0	0.0	0.0	0.0	0.0	0.0	0.0	0.0	0.0	0.0	0.0	0.0	0.0	0.0	0.0	0.0	0.0	0.0	0.0	0.0	0.0	0.0	0.0	0.0	0.0	0.0	0.0	0.0	0.0	0.0	0.0	0.0	0.0	0.0	0.0	0.0	0.0	0.0	0.0	0.0	0.0	0.0	0.0	0.0	0.0	0.0	0.0	0.0	0.0	0.0	0.0	0.0	0.0	0.0	0.0	0.0	0.0	0.0
Root; d__Bacteria; p__Acidobacteriota; c__Vicinamibacteria; o__Vicinamibacterales; f__2-12-FULL-66-21; g__2-12-FULL-66-21	0.0	0.0	0.0	0.0	0.0	0.0	0.0	0.0	0.0	0.0	0.0	0.0	0.0	0.0	0.0	0.0	0.0	0.0	0.0	0.0	0.0	0.0	0.0	0.0	0.0	0.0	0.0	0.0	0.0	0.0	0.0	0.0	0.0	0.0	0.0	0.0	0.0	0.0	0.0	0.0	0.0	0.0	0.0	0.0	0.0	0.0	0.0	0.0	0.0	0.0	0.0	0.0	0.0	0.0	0.0	0.0	0.0	0.0	0.0	0.0	0.01	0.0	0.0	0.0	0.0	0.0	0.0	0.0	0.0	0.0	0.0	0.0
Root; d__Bacteria; p__Acidobacteriota; c__Vicinamibacteria; o__Vicinamibacterales; f__2-12-FULL-66-21; g__MGYG000511333	0.0	0.0	0.0	0.0	0.0	0.0	0.0	0.0	0.0	0.0	0.0	0.0	0.0	0.0	0.0	0.0	0.0	0.0	0.0	0.0	0.0	0.0	0.0	0.0	0.0	0.0	0.0	0.0	0.0	0.0	0.0	0.0	0.0	0.0	0.0	0.0	0.0	0.0	0.0	0.0	0.0	0.0	0.0	0.0	0.0	0.0	0.0	0.0	0.0	0.0	0.0	0.0	0.0	0.0	0.0	0.0	0.0	0.0	0.0	0.0	0.01	0.01	0.0	0.0	0.0	0.0	0.0	0.0	0.0	0.0	0.0	0.0
Root; d__Bacteria; p__Acidobacteriota; c__Vicinamibacteria; o__Vicinamibacterales; f__2-12-FULL-66-21; g__MOTU40_122850	0.0	0.0	0.0	0.0	0.0	0.0	0.0	0.0	0.0	0.0	0.0	0.0	0.0	0.0	0.0	0.0	0.0	0.0	0.0	0.0	0.0	0.0	0.0	0.0	0.0	0.0	0.0	0.0	0.0	0.0	0.0	0.0	0.0	0.0	0.0	0.0	0.0	0.0	0.0	0.0	0.0	0.0	0.0	0.0	0.0	0.0	0.0	0.0	0.0	0.0	0.0	0.0	0.0	0.0	0.0	0.0	0.0	0.0	0.0	0.0	0.0	0.0	0.0	0.0	0.0	0.0	0.0	0.0	0.0	0.0	0.0	0.0
Root; d__Bacteria; p__Acidobacteriota; c__Vicinamibacteria; o__Vicinamibacterales; f__2-12-FULL-66-21; g__MGYG000511504	0.0	0.0	0.0	0.0	0.0	0.0	0.0	0.0	0.0	0.0	0.0	0.0	0.0	0.0	0.0	0.0	0.0	0.0	0.0	0.0	0.0	0.0	0.0	0.0	0.0	0.0	0.0	0.0	0.0	0.0	0.0	0.0	0.0	0.0	0.0	0.0	0.0	0.0	0.0	0.0	0.0	0.0	0.0	0.0	0.0	0.0	0.0	0.0	0.0	0.0	0.0	0.0	0.0	0.0	0.0	0.0	0.0	0.0	0.0	0.0	0.0	0.0	0.0	0.0	0.0	0.0	0.0	0.0	0.0	0.0	0.0	0.0
Root; d__Bacteria; p__Acidobacteriota; c__Vicinamibacteria; o__Vicinamibacterales; f__CAVVIG01; g__MGYG000494301	0.0	0.0	0.0	0.0	0.0	0.0	0.0	0.0	0.0	0.0	0.0	0.0	0.0	0.0	0.0	0.0	0.0	0.0	0.0	0.0	0.0	0.0	0.0	0.0	0.0	0.0	0.0	0.0	0.0	0.0	0.0	0.0	0.0	0.0	0.0	0.0	0.0	0.0	0.0	0.0	0.0	0.0	0.0	0.0	0.0	0.0	0.0	0.0	0.0	0.0	0.0	0.0	0.0	0.0	0.0	0.0	0.0	0.0	0.0	0.0	0.01	0.01	0.0	0.0	0.0	0.0	0.0	0.0	0.0	0.0	0.0	0.0
Root; d__Bacteria; p__Acidobacteriota; c__Vicinamibacteria; o__Vicinamibacterales; f__CAVVIG01; g__JAGWRA01	0.0	0.0	0.0	0.0	0.0	0.0	0.0	0.0	0.0	0.0	0.0	0.0	0.0	0.0	0.0	0.0	0.0	0.0	0.0	0.0	0.0	0.0	0.0	0.0	0.0	0.0	0.0	0.0	0.0	0.0	0.0	0.0	0.0	0.0	0.0	0.0	0.0	0.0	0.0	0.0	0.0	0.0	0.0	0.0	0.0	0.0	0.0	0.0	0.0	0.0	0.0	0.0	0.0	0.0	0.0	0.0	0.0	0.0	0.0	0.0	0.01	0.01	0.0	0.0	0.0	0.0	0.0	0.0	0.0	0.0	0.0	0.0
Root; d__Bacteria; p__Acidobacteriota; c__Vicinamibacteria; o__Vicinamibacterales; f__UBA2999; g__MELF01	0.0	0.0	0.0	0.0	0.0	0.0	0.0	0.0	0.0	0.0	0.0	0.0	0.0	0.0	0.0	0.0	0.0	0.0	0.0	0.0	0.0	0.0	0.0	0.0	0.0	0.0	0.0	0.0	0.0	0.0	0.0	0.0	0.0	0.0	0.0	0.0	0.0	0.0	0.0	0.0	0.0	0.0	0.0	0.0	0.0	0.0	0.0	0.0	0.0	0.0	0.0	0.0	0.0	0.0	0.0	0.0	0.0	0.0	0.0	0.0	0.0	0.0	0.0	0.0	0.0	0.0	0.0	0.0	0.0	0.0	0.0	0.0
Root; d__Bacteria; p__Acidobacteriota; c__Vicinamibacteria; o__Vicinamibacterales; f__UBA2999; g__CAWAYR01	0.0	0.0	0.0	0.0	0.0	0.0	0.0	0.0	0.0	0.0	0.0	0.0	0.0	0.0	0.0	0.0	0.0	0.0	0.0	0.0	0.0	0.0	0.0	0.0	0.0	0.0	0.0	0.0	0.0	0.0	0.0	0.0	0.0	0.0	0.0	0.0	0.0	0.0	0.0	0.0	0.0	0.0	0.0	0.0	0.0	0.0	0.0	0.0	0.0	0.0	0.0	0.0	0.0	0.0	0.0	0.0	0.0	0.0	0.0	0.0	0.01	0.0	0.0	0.0	0.0	0.0	0.0	0.0	0.0	0.0	0.0	0.0
Root; d__Bacteria; p__Acidobacteriota; c__Vicinamibacteria; o__Vicinamibacterales; f__SCN-69-37; g__JALYRV01	0.0	0.0	0.0	0.0	0.0	0.0	0.0	0.0	0.0	0.0	0.0	0.0	0.0	0.0	0.0	0.0	0.0	0.0	0.0	0.0	0.0	0.0	0.0	0.0	0.0	0.0	0.0	0.0	0.0	0.0	0.0	0.0	0.0	0.0	0.0	0.0	0.0	0.0	0.0	0.0	0.0	0.0	0.0	0.0	0.0	0.0	0.0	0.0	0.0	0.0	0.0	0.0	0.0	0.0	0.0	0.0	0.0	0.0	0.0	0.0	0.01	0.0	0.0	0.0	0.0	0.0	0.0	0.0	0.0	0.0	0.0	0.0
Root; d__Bacteria; p__Acidobacteriota; c__Vicinamibacteria; o__Vicinamibacterales; f__SCN-69-37; g__SCN-69-37	0.0	0.0	0.0	0.0	0.0	0.0	0.0	0.0	0.0	0.0	0.0	0.0	0.0	0.0	0.0	0.0	0.0	0.0	0.0	0.0	0.0	0.0	0.0	0.0	0.0	0.0	0.0	0.0	0.0	0.0	0.0	0.0	0.0	0.0	0.0	0.0	0.0	0.0	0.0	0.0	0.0	0.0	0.0	0.0	0.0	0.0	0.0	0.0	0.0	0.0	0.0	0.0	0.0	0.0	0.0	0.0	0.0	0.0	0.0	0.0	0.0	0.0	0.0	0.0	0.0	0.0	0.0	0.0	0.0	0.0	0.0	0.0
Root; d__Bacteria; p__Acidobacteriota; c__Vicinamibacteria; o__Vicinamibacterales; f__Fen-181; g__FEN-299	0.0	0.0	0.0	0.0	0.0	0.0	0.0	0.0	0.0	0.0	0.0	0.0	0.0	0.0	0.0	0.0	0.0	0.0	0.0	0.0	0.0	0.0	0.0	0.0	0.0	0.0	0.0	0.0	0.0	0.0	0.0	0.0	0.0	0.0	0.0	0.0	0.0	0.0	0.0	0.0	0.0	0.0	0.0	0.0	0.0	0.0	0.0	0.0	0.0	0.0	0.0	0.0	0.0	0.0	0.0	0.0	0.0	0.0	0.0	0.0	0.01	0.01	0.0	0.0	0.0	0.0	0.0	0.0	0.0	0.0	0.0	0.0
Root; d__Bacteria; p__Acidobacteriota; c__Vicinamibacteria; o__Fen-336; f__Fen-336; g__DATBSL01	0.0	0.0	0.0	0.0	0.0	0.0	0.0	0.0	0.0	0.0	0.0	0.0	0.0	0.0	0.0	0.0	0.0	0.0	0.0	0.0	0.0	0.0	0.0	0.0	0.0	0.0	0.0	0.0	0.0	0.0	0.0	0.0	0.0	0.0	0.0	0.0	0.0	0.0	0.0	0.0	0.0	0.0	0.0	0.0	0.0	0.0	0.0	0.0	0.0	0.0	0.0	0.0	0.0	0.0	0.0	0.0	0.0	0.0	0.0	0.0	0.01	0.0	0.0	0.0	0.0	0.0	0.0	0.0	0.0	0.0	0.0	0.0
Root; d__Bacteria; p__Acidobacteriota; c__Blastocatellia; o__Pyrinomonadales; f__Pyrinomonadaceae; g__SPIREOTU_01168956	0.0	0.0	0.0	0.0	0.0	0.0	0.0	0.0	0.0	0.0	0.0	0.0	0.0	0.0	0.0	0.0	0.0	0.0	0.0	0.0	0.0	0.0	0.0	0.0	0.0	0.0	0.0	0.0	0.0	0.0	0.0	0.0	0.0	0.0	0.0	0.0	0.0	0.0	0.0	0.0	0.0	0.0	0.0	0.0	0.0	0.0	0.0	0.0	0.0	0.0	0.0	0.0	0.0	0.0	0.0	0.0	0.0	0.0	0.0	0.0	0.0	0.0	0.0	0.0	0.0	0.0	0.0	0.0	0.0	0.0	0.0	0.0
Root; d__Bacteria; p__Acidobacteriota; c__Blastocatellia; o__Pyrinomonadales; f__Pyrinomonadaceae; g__JALZHR01	0.0	0.0	0.0	0.0	0.0	0.0	0.0	0.0	0.0	0.0	0.0	0.0	0.0	0.0	0.0	0.0	0.0	0.0	0.0	0.0	0.0	0.0	0.0	0.0	0.0	0.0	0.0	0.0	0.0	0.0	0.0	0.0	0.0	0.0	0.0	0.0	0.0	0.0	0.0	0.0	0.0	0.0	0.0	0.0	0.0	0.0	0.0	0.0	0.0	0.0	0.0	0.0	0.0	0.0	0.0	0.0	0.0	0.0	0.0	0.0	0.0	0.01	0.0	0.0	0.0	0.0	0.0	0.0	0.0	0.0	0.0	0.0
Root; d__Bacteria; p__Acidobacteriota; c__Blastocatellia; o__RBC074; f__RBC074; g__RBC074	0.0	0.0	0.0	0.0	0.0	0.0	0.0	0.0	0.0	0.0	0.0	0.0	0.0	0.0	0.0	0.0	0.0	0.0	0.0	0.0	0.0	0.0	0.0	0.0	0.0	0.0	0.0	0.0	0.0	0.0	0.0	0.0	0.0	0.0	0.0	0.0	0.0	0.0	0.0	0.0	0.0	0.0	0.0	0.0	0.0	0.0	0.0	0.0	0.0	0.0	0.0	0.0	0.0	0.0	0.0	0.0	0.0	0.0	0.0	0.0	0.01	0.01	0.0	0.0	0.0	0.0	0.0	0.0	0.0	0.0	0.0	0.0
Root; d__Bacteria; p__Acidobacteriota; c__Thermoanaerobaculia; o__Gp7-AA8; f__Gp7-AA8; g__SPIREOTU_00490645	0.0	0.0	0.0	0.0	0.0	0.0	0.0	0.0	0.0	0.0	0.0	0.0	0.0	0.0	0.0	0.0	0.0	0.0	0.0	0.0	0.0	0.0	0.0	0.0	0.0	0.0	0.0	0.0	0.0	0.0	0.0	0.0	0.0	0.0	0.0	0.0	0.0	0.0	0.0	0.0	0.0	0.0	0.0	0.0	0.0	0.0	0.0	0.0	0.0	0.0	0.0	0.0	0.0	0.0	0.0	0.0	0.0	0.0	0.0	0.0	0.01	0.0	0.0	0.0	0.0	0.0	0.0	0.0	0.0	0.0	0.0	0.0
Root; d__Bacteria; p__Acidobacteriota; c__Thermoanaerobaculia; o__Gp7-AA8; f__Gp7-AA8; g__SPIREOTU_01779220	0.0	0.0	0.0	0.0	0.0	0.0	0.0	0.0	0.0	0.0	0.0	0.0	0.0	0.0	0.0	0.0	0.0	0.0	0.0	0.0	0.0	0.0	0.0	0.0	0.0	0.0	0.0	0.0	0.0	0.0	0.0	0.0	0.0	0.0	0.0	0.0	0.0	0.0	0.0	0.0	0.0	0.0	0.0	0.0	0.0	0.0	0.0	0.0	0.0	0.0	0.0	0.0	0.0	0.0	0.0	0.0	0.0	0.0	0.0	0.0	0.01	0.0	0.0	0.0	0.0	0.0	0.0	0.0	0.0	0.0	0.0	0.0
Root; d__Bacteria; p__Acidobacteriota; c__Thermoanaerobaculia; o__Gp7-AA8; f__Gp7-AA8; g__JAFAVZ01	0.0	0.0	0.0	0.0	0.0	0.0	0.0	0.0	0.0	0.0	0.0	0.0	0.0	0.0	0.0	0.0	0.0	0.0	0.0	0.0	0.0	0.0	0.0	0.0	0.0	0.0	0.0	0.0	0.0	0.0	0.0	0.0	0.0	0.0	0.0	0.0	0.0	0.0	0.0	0.0	0.0	0.0	0.0	0.0	0.0	0.0	0.0	0.0	0.0	0.0	0.0	0.0	0.0	0.0	0.0	0.0	0.0	0.0	0.0	0.0	0.0	0.0	0.0	0.0	0.0	0.0	0.0	0.0	0.0	0.0	0.0	0.0
Root; d__Bacteria; p__Patescibacteriota; c__Saccharimonadia; o__Saccharimonadales; f__UBA4665; g__CAYMUN01	0.0	0.0	0.0	0.0	0.0	0.0	0.0	0.0	0.0	0.0	0.0	0.0	0.0	0.0	0.0	0.0	0.0	0.0	0.0	0.0	0.0	0.0	0.0	0.0	0.0	0.0	0.0	0.0	0.0	0.0	0.0	0.0	0.0	0.0	0.0	0.0	0.0	0.0	0.0	0.0	0.0	0.0	0.0	0.0	0.0	0.0	0.0	0.0	0.0	0.0	0.0	0.0	0.0	0.0	0.0	0.0	0.0	0.0	0.0	0.0	0.0	0.0	0.0	0.0	0.0	0.0	0.0	0.0	0.0	0.0	0.0	0.0
Root; d__Bacteria; p__Patescibacteriota; c__Saccharimonadia; o__Saccharimonadales; f__UBA4665; g__UBA5150	0.0	0.0	0.0	0.0	0.0	0.0	0.0	0.0	0.0	0.0	0.0	0.0	0.0	0.0	0.0	0.0	0.0	0.0	0.0	0.0	0.0	0.0	0.0	0.0	0.0	0.0	0.0	0.0	0.0	0.0	0.0	0.0	0.0	0.0	0.0	0.0	0.0	0.0	0.0	0.0	0.0	0.0	0.0	0.0	0.0	0.0	0.0	0.0	0.0	0.0	0.0	0.0	0.0	0.0	0.0	0.0	0.0	0.0	0.0	0.0	0.0	0.0	0.0	0.0	0.0	0.0	0.0	0.0	0.0	0.0	0.0	0.0
Root; d__Bacteria; p__Patescibacteriota; c__Saccharimonadia; o__UBA4664; f__SCTI01; g__JASLFZ01	0.0	0.0	0.0	0.0	0.0	0.0	0.0	0.0	0.0	0.0	0.0	0.0	0.0	0.0	0.0	0.0	0.0	0.0	0.0	0.0	0.0	0.0	0.0	0.0	0.0	0.0	0.0	0.0	0.0	0.0	0.0	0.0	0.0	0.0	0.0	0.0	0.0	0.0	0.0	0.0	0.0	0.0	0.0	0.0	0.0	0.0	0.0	0.0	0.0	0.0	0.0	0.0	0.0	0.0	0.0	0.0	0.0	0.0	0.0	0.0	0.01	0.0	0.0	0.0	0.0	0.0	0.0	0.0	0.0	0.0	0.0	0.0
Root; d__Bacteria; p__Myxococcota; c__Myxococcia; o__Myxococcales; f__Myxococcaceae; g__Cystobacter	0.0	0.0	0.0	0.0	0.0	0.0	0.0	0.0	0.0	0.0	0.0	0.0	0.0	0.0	0.0	0.0	0.0	0.0	0.0	0.0	0.0	0.0	0.0	0.0	0.0	0.0	0.0	0.0	0.0	0.0	0.0	0.0	0.0	0.0	0.0	0.0	0.0	0.0	0.0	0.0	0.0	0.0	0.0	0.0	0.0	0.0	0.0	0.0	0.0	0.0	0.0	0.0	0.0	0.0	0.0	0.0	0.0	0.0	0.0	0.0	0.01	0.01	0.0	0.0	0.0	0.0	0.0	0.0	0.0	0.0	0.0	0.0
Root; d__Bacteria; p__Myxococcota; c__Myxococcia; o__Myxococcales; f__Myxococcaceae; g__GXIMD-01537	0.0	0.0	0.0	0.0	0.0	0.0	0.0	0.0	0.0	0.0	0.0	0.0	0.0	0.0	0.0	0.0	0.0	0.0	0.0	0.0	0.0	0.0	0.0	0.0	0.0	0.0	0.0	0.0	0.0	0.0	0.0	0.0	0.0	0.0	0.0	0.0	0.0	0.0	0.0	0.0	0.0	0.0	0.0	0.0	0.0	0.0	0.0	0.0	0.0	0.0	0.0	0.0	0.0	0.0	0.0	0.0	0.0	0.0	0.0	0.0	0.01	0.0	0.0	0.0	0.0	0.0	0.0	0.0	0.0	0.0	0.0	0.0
Root; d__Bacteria; p__Myxococcota; c__Myxococcia; o__Myxococcales; f__Anaeromyxobacteraceae; g__JADKCZ01	0.0	0.0	0.0	0.0	0.0	0.0	0.0	0.0	0.0	0.0	0.0	0.0	0.0	0.0	0.0	0.0	0.0	0.0	0.0	0.0	0.0	0.0	0.0	0.0	0.0	0.0	0.0	0.0	0.0	0.0	0.0	0.0	0.0	0.0	0.0	0.0	0.0	0.0	0.0	0.0	0.0	0.0	0.0	0.0	0.0	0.0	0.0	0.0	0.0	0.0	0.0	0.0	0.0	0.0	0.0	0.0	0.0	0.0	0.0	0.0	0.01	0.0	0.0	0.0	0.0	0.0	0.0	0.0	0.0	0.0	0.0	0.0
Root; d__Bacteria; p__Myxococcota; c__Kuafuiibacteriia; o__Kuafuiibacteriales; f__AMXMAG_0720; g__AMXMAG_0720	0.0	0.0	0.0	0.0	0.0	0.0	0.0	0.0	0.0	0.0	0.0	0.0	0.0	0.0	0.0	0.0	0.0	0.0	0.0	0.0	0.0	0.0	0.0	0.0	0.0	0.0	0.0	0.0	0.0	0.0	0.0	0.0	0.0	0.0	0.0	0.0	0.0	0.0	0.0	0.0	0.0	0.0	0.0	0.0	0.0	0.0	0.0	0.0	0.0	0.0	0.0	0.0	0.0	0.0	0.0	0.0	0.0	0.0	0.0	0.0	0.0	0.01	0.0	0.0	0.0	0.0	0.0	0.0	0.0	0.0	0.0	0.0
Root; d__Bacteria; p__Verrucomicrobiota; c__Verrucomicrobiia; o__Limisphaerales; f__UBA8199; g__PALSA-1440	0.0	0.0	0.0	0.0	0.0	0.0	0.0	0.0	0.0	0.0	0.0	0.0	0.0	0.0	0.0	0.0	0.0	0.0	0.0	0.0	0.0	0.0	0.0	0.0	0.0	0.0	0.0	0.0	0.0	0.0	0.0	0.0	0.0	0.0	0.0	0.0	0.0	0.0	0.0	0.0	0.0	0.0	0.0	0.0	0.0	0.0	0.0	0.0	0.0	0.0	0.0	0.0	0.0	0.0	0.0	0.0	0.0	0.0	0.0	0.0	0.0	0.0	0.0	0.0	0.0	0.0	0.0	0.0	0.0	0.0	0.0	0.0
Root; d__Bacteria; p__Verrucomicrobiota; c__Verrucomicrobiia; o__Limisphaerales; f__SIBH01; g__SPIREOTU_00178164	0.0	0.0	0.0	0.0	0.0	0.0	0.0	0.0	0.0	0.0	0.0	0.0	0.0	0.0	0.0	0.0	0.0	0.0	0.0	0.0	0.0	0.0	0.0	0.0	0.0	0.0	0.0	0.0	0.0	0.0	0.0	0.0	0.0	0.0	0.0	0.0	0.0	0.0	0.0	0.0	0.0	0.0	0.0	0.0	0.0	0.0	0.0	0.0	0.0	0.0	0.0	0.0	0.0	0.0	0.0	0.0	0.0	0.0	0.0	0.0	0.0	0.0	0.0	0.0	0.0	0.0	0.0	0.0	0.0	0.0	0.0	0.0
Root; d__Bacteria; p__Verrucomicrobiota; c__Verrucomicrobiia; o__Limisphaerales; f__DATENK01; g__SPIREOTU_01099873	0.0	0.0	0.0	0.0	0.0	0.0	0.0	0.0	0.0	0.0	0.0	0.0	0.0	0.0	0.0	0.0	0.0	0.0	0.0	0.0	0.0	0.0	0.0	0.0	0.0	0.0	0.0	0.0	0.0	0.0	0.0	0.0	0.0	0.0	0.0	0.0	0.0	0.0	0.0	0.0	0.0	0.0	0.0	0.0	0.0	0.0	0.0	0.0	0.0	0.0	0.0	0.0	0.0	0.0	0.0	0.0	0.0	0.0	0.0	0.0	0.01	0.0	0.0	0.01	0.0	0.0	0.0	0.0	0.0	0.0	0.0	0.0
Root; d__Bacteria; p__Verrucomicrobiota; c__Verrucomicrobiia; o__Verrucomicrobiales; f__Verrucomicrobiaceae; g__VFKE01	0.0	0.0	0.0	0.0	0.0	0.0	0.0	0.0	0.0	0.0	0.0	0.0	0.0	0.0	0.0	0.0	0.0	0.0	0.0	0.0	0.0	0.0	0.0	0.0	0.0	0.0	0.0	0.0	0.0	0.0	0.0	0.0	0.0	0.0	0.0	0.0	0.0	0.0	0.0	0.0	0.0	0.0	0.0	0.0	0.0	0.0	0.0	0.0	0.0	0.0	0.0	0.0	0.0	0.0	0.0	0.0	0.0	0.0	0.0	0.0	0.01	0.0	0.0	0.0	0.0	0.0	0.0	0.0	0.0	0.0	0.0	0.0
Root; d__Bacteria; p__Verrucomicrobiota; c__Verrucomicrobiia; o__Opitutales; f__Opitutaceae; g__CAITWF01	0.0	0.0	0.0	0.0	0.0	0.0	0.0	0.0	0.0	0.0	0.0	0.0	0.0	0.0	0.0	0.0	0.0	0.0	0.0	0.0	0.0	0.0	0.0	0.0	0.0	0.0	0.0	0.0	0.0	0.0	0.0	0.0	0.0	0.0	0.0	0.0	0.0	0.0	0.0	0.0	0.0	0.0	0.0	0.0	0.0	0.0	0.0	0.0	0.0	0.0	0.0	0.0	0.0	0.0	0.0	0.0	0.0	0.0	0.0	0.0	0.0	0.0	0.0	0.0	0.0	0.0	0.0	0.0	0.0	0.0	0.0	0.0
Root; d__Bacteria; p__Bacteroidota; c__Bacteroidia; o__Chitinophagales; f__Chitinophagaceae; g__Terrimonas_B	0.0	0.0	0.0	0.0	0.0	0.0	0.0	0.0	0.0	0.0	0.0	0.0	0.0	0.0	0.0	0.0	0.0	0.0	0.0	0.0	0.0	0.0	0.0	0.0	0.0	0.0	0.0	0.0	0.0	0.0	0.0	0.0	0.0	0.0	0.0	0.0	0.0	0.0	0.0	0.0	0.0	0.0	0.0	0.0	0.0	0.0	0.0	0.0	0.0	0.0	0.0	0.0	0.0	0.0	0.0	0.0	0.0	0.0	0.0	0.0	0.0	0.0	0.0	0.0	0.0	0.0	0.0	0.0	0.0	0.0	0.0	0.0
Root; d__Bacteria; p__Bacteroidota; c__Bacteroidia; o__Chitinophagales; f__Chitinophagaceae; g__Lacibacter	0.0	0.0	0.0	0.0	0.0	0.0	0.0	0.0	0.0	0.0	0.0	0.0	0.0	0.0	0.0	0.0	0.0	0.0	0.0	0.0	0.0	0.0	0.0	0.0	0.0	0.0	0.0	0.0	0.0	0.0	0.0	0.0	0.0	0.0	0.0	0.0	0.0	0.0	0.0	0.0	0.0	0.0	0.0	0.0	0.0	0.0	0.0	0.0	0.0	0.0	0.0	0.0	0.0	0.0	0.0	0.0	0.0	0.0	0.0	0.0	0.0	0.0	0.0	0.0	0.0	0.0	0.0	0.0	0.0	0.0	0.0	0.0
Root; d__Bacteria; p__Bacteroidota; c__Bacteroidia; o__AKYH767-A; f__2013-40CM-41-45; g__JAPLDA01	0.0	0.0	0.0	0.0	0.0	0.0	0.0	0.0	0.0	0.0	0.0	0.0	0.0	0.0	0.0	0.0	0.0	0.0	0.0	0.0	0.0	0.0	0.0	0.0	0.0	0.0	0.0	0.0	0.0	0.0	0.0	0.0	0.0	0.0	0.0	0.0	0.0	0.0	0.0	0.0	0.0	0.0	0.0	0.0	0.0	0.0	0.0	0.0	0.0	0.0	0.0	0.0	0.0	0.0	0.0	0.0	0.0	0.0	0.0	0.0	0.01	0.0	0.0	0.0	0.0	0.0	0.0	0.0	0.0	0.0	0.0	0.0
Root; d__Bacteria; p__Bacteroidota; c__Bacteroidia; o__Flavobacteriales_F; f__PHOS-HE28; g__PHOS-HE28	0.0	0.0	0.0	0.0	0.0	0.0	0.0	0.0	0.0	0.0	0.0	0.0	0.0	0.0	0.0	0.0	0.0	0.0	0.0	0.0	0.0	0.0	0.0	0.0	0.0	0.0	0.0	0.0	0.0	0.0	0.0	0.0	0.0	0.0	0.0	0.0	0.0	0.0	0.0	0.0	0.0	0.0	0.0	0.0	0.0	0.0	0.0	0.0	0.0	0.0	0.0	0.0	0.0	0.0	0.0	0.0	0.0	0.0	0.0	0.0	0.01	0.01	0.0	0.0	0.0	0.0	0.0	0.0	0.0	0.0	0.0	0.0
Root; d__Bacteria; p__Bacteroidota; c__Ignavibacteria; o__Palsa-1295; f__Palsa-1295; g__JBKJTP01	0.0	0.0	0.0	0.0	0.0	0.0	0.0	0.0	0.0	0.0	0.0	0.0	0.0	0.0	0.0	0.0	0.0	0.0	0.0	0.0	0.0	0.0	0.0	0.0	0.0	0.0	0.0	0.0	0.0	0.0	0.0	0.0	0.0	0.0	0.0	0.0	0.0	0.0	0.0	0.0	0.0	0.0	0.0	0.0	0.0	0.0	0.0	0.0	0.0	0.0	0.0	0.0	0.0	0.0	0.0	0.0	0.0	0.0	0.0	0.0	0.0	0.01	0.0	0.0	0.0	0.0	0.0	0.0	0.0	0.0	0.0	0.0
Root; d__Bacteria; p__Bdellovibrionota; c__UBA1018; o__UBA1018; f__UBA1018; g__JAMPXJ01	0.0	0.0	0.0	0.0	0.0	0.0	0.0	0.0	0.0	0.0	0.0	0.0	0.0	0.0	0.0	0.0	0.0	0.0	0.0	0.0	0.0	0.0	0.0	0.0	0.0	0.0	0.0	0.0	0.0	0.0	0.0	0.0	0.0	0.0	0.0	0.0	0.0	0.0	0.0	0.0	0.0	0.0	0.0	0.0	0.0	0.0	0.0	0.0	0.0	0.0	0.0	0.0	0.0	0.0	0.0	0.0	0.0	0.0	0.0	0.0	0.01	0.01	0.0	0.0	0.0	0.0	0.0	0.0	0.0	0.0	0.0	0.0
Root; d__Bacteria; p__Bdellovibrionota; c__UBA1018; o__UBA1018; f__UBA1018; g__GCMETA_00120759	0.0	0.0	0.0	0.0	0.0	0.0	0.0	0.0	0.0	0.0	0.0	0.0	0.0	0.0	0.0	0.0	0.0	0.0	0.0	0.0	0.0	0.0	0.0	0.0	0.0	0.0	0.0	0.0	0.0	0.0	0.0	0.0	0.0	0.0	0.0	0.0	0.0	0.0	0.0	0.0	0.0	0.0	0.0	0.0	0.0	0.0	0.0	0.0	0.0	0.0	0.0	0.0	0.0	0.0	0.0	0.0	0.0	0.0	0.0	0.0	0.0	0.0	0.0	0.0	0.0	0.0	0.0	0.0	0.0	0.0	0.0	0.0
Root; d__Bacteria; p__Desulfobacterota; c__Binatia; o__UTPRO1; f__UTPRO1; g__JBGPIT01	0.0	0.0	0.0	0.0	0.0	0.0	0.0	0.0	0.0	0.0	0.0	0.0	0.0	0.0	0.0	0.0	0.0	0.0	0.0	0.0	0.0	0.0	0.0	0.0	0.0	0.0	0.0	0.0	0.0	0.0	0.0	0.0	0.0	0.0	0.0	0.0	0.0	0.0	0.0	0.0	0.0	0.0	0.0	0.0	0.0	0.0	0.0	0.0	0.0	0.0	0.0	0.0	0.0	0.0	0.0	0.0	0.0	0.0	0.0	0.0	0.01	0.01	0.0	0.0	0.0	0.0	0.0	0.0	0.0	0.0	0.0	0.0
Root; d__Bacteria; p__Elusimicrobiota; c__Elusimicrobia; o__2-01-FULL-59-12; f__2-01-FULL-59-12; g__JANLWZ01	0.0	0.0	0.0	0.0	0.0	0.0	0.0	0.0	0.0	0.0	0.0	0.0	0.0	0.0	0.0	0.0	0.0	0.0	0.0	0.0	0.0	0.0	0.0	0.0	0.0	0.0	0.0	0.0	0.0	0.0	0.0	0.0	0.0	0.0	0.0	0.0	0.0	0.0	0.0	0.0	0.0	0.0	0.0	0.0	0.0	0.0	0.0	0.0	0.0	0.0	0.0	0.0	0.0	0.0	0.0	0.0	0.0	0.0	0.0	0.0	0.0	0.0	0.0	0.0	0.0	0.0	0.0	0.0	0.0	0.0	0.0	0.0
Root; d__Bacteria; p__Elusimicrobiota; c__Elusimicrobia; o__2-01-FULL-59-12; f__2-01-FULL-59-12; g__SPIREOTU_01827424	0.0	0.0	0.0	0.0	0.0	0.0	0.0	0.0	0.0	0.0	0.0	0.0	0.0	0.0	0.0	0.0	0.0	0.0	0.0	0.0	0.0	0.0	0.0	0.0	0.0	0.0	0.0	0.0	0.0	0.0	0.0	0.0	0.0	0.0	0.0	0.0	0.0	0.0	0.0	0.0	0.0	0.0	0.0	0.0	0.0	0.0	0.0	0.0	0.0	0.0	0.0	0.0	0.0	0.0	0.0	0.0	0.0	0.0	0.0	0.0	0.0	0.0	0.0	0.0	0.0	0.0	0.0	0.0	0.0	0.0	0.0	0.0
Root; d__Bacteria; p__Cyanobacteriota; c__Cyanobacteriia; o__Cyanobacteriales; f__Microcoleaceae; g__Microcoleus	0.0	0.0	0.0	0.0	0.0	0.0	0.0	0.0	0.0	0.0	0.0	0.0	0.0	0.0	0.0	0.0	0.0	0.0	0.0	0.0	0.0	0.0	0.0	0.0	0.0	0.0	0.0	0.0	0.0	0.0	0.0	0.0	0.0	0.0	0.0	0.0	0.0	0.0	0.0	0.0	0.0	0.0	0.0	0.0	0.0	0.0	0.0	0.0	0.0	0.0	0.0	0.0	0.0	0.0	0.0	0.0	0.0	0.0	0.0	0.0	0.01	0.01	0.0	0.0	0.0	0.0	0.0	0.0	0.0	0.0	0.0	0.0
Root; d__Bacteria; p__Gemmatimonadota; c__Gemmatimonadetes; o__Gemmatimonadales; f__Gemmatimonadaceae; g__JACDHQ01	0.0	0.0	0.0	0.0	0.0	0.0	0.0	0.0	0.0	0.0	0.0	0.0	0.0	0.0	0.0	0.0	0.0	0.0	0.0	0.0	0.0	0.0	0.0	0.0	0.0	0.0	0.0	0.0	0.0	0.0	0.0	0.0	0.0	0.0	0.0	0.0	0.0	0.0	0.0	0.0	0.0	0.0	0.0	0.0	0.0	0.0	0.0	0.0	0.0	0.0	0.0	0.0	0.0	0.0	0.0	0.0	0.0	0.0	0.0	0.0	0.01	0.0	0.0	0.0	0.0	0.0	0.0	0.0	0.0	0.0	0.0	0.0
Root; d__Bacteria; p__Gemmatimonadota; c__Gemmatimonadetes; o__Gemmatimonadales; f__Gemmatimonadaceae; g__TG2G_00264	0.0	0.0	0.0	0.0	0.0	0.0	0.0	0.0	0.0	0.0	0.0	0.0	0.0	0.0	0.0	0.0	0.0	0.0	0.0	0.0	0.0	0.0	0.0	0.0	0.0	0.0	0.0	0.0	0.0	0.0	0.0	0.0	0.0	0.0	0.0	0.0	0.0	0.0	0.0	0.0	0.0	0.0	0.0	0.0	0.0	0.0	0.0	0.0	0.0	0.0	0.0	0.0	0.0	0.0	0.0	0.0	0.0	0.0	0.0	0.0	0.0	0.0	0.0	0.0	0.0	0.0	0.0	0.0	0.0	0.0	0.0	0.0
Root; d__Bacteria; p__Gemmatimonadota; c__Gemmatimonadetes; o__Gemmatimonadales; f__Gemmatimonadaceae; g__SPIREOTU_01876445	0.0	0.0	0.0	0.0	0.0	0.0	0.0	0.0	0.0	0.0	0.0	0.0	0.0	0.0	0.0	0.0	0.0	0.0	0.0	0.0	0.0	0.0	0.0	0.0	0.0	0.0	0.0	0.0	0.0	0.0	0.0	0.0	0.0	0.0	0.0	0.0	0.0	0.0	0.0	0.0	0.0	0.0	0.0	0.0	0.0	0.0	0.0	0.0	0.0	0.0	0.0	0.0	0.0	0.0	0.0	0.0	0.0	0.0	0.0	0.0	0.01	0.0	0.0	0.0	0.0	0.0	0.0	0.0	0.0	0.0	0.0	0.0
Root; d__Bacteria; p__Gemmatimonadota; c__Gemmatimonadetes; o__Gemmatimonadales; f__Gemmatimonadaceae; g__PNKL01	0.0	0.0	0.0	0.0	0.0	0.0	0.0	0.0	0.0	0.0	0.0	0.0	0.0	0.0	0.0	0.0	0.0	0.0	0.0	0.0	0.0	0.0	0.0	0.0	0.0	0.0	0.0	0.0	0.0	0.0	0.0	0.0	0.0	0.0	0.0	0.0	0.0	0.0	0.0	0.0	0.0	0.0	0.0	0.0	0.0	0.0	0.0	0.0	0.0	0.0	0.0	0.0	0.0	0.0	0.0	0.0	0.0	0.0	0.0	0.0	0.01	0.0	0.0	0.0	0.0	0.0	0.0	0.0	0.0	0.0	0.0	0.0
Root; d__Bacteria; p__Gemmatimonadota; c__Gemmatimonadetes; o__Gemmatimonadales; f__Gemmatimonadaceae; g__DATKOH01	0.0	0.0	0.0	0.0	0.0	0.0	0.0	0.0	0.0	0.0	0.0	0.0	0.0	0.0	0.0	0.0	0.0	0.0	0.0	0.0	0.0	0.0	0.0	0.0	0.0	0.0	0.0	0.0	0.0	0.0	0.0	0.0	0.0	0.0	0.0	0.0	0.0	0.0	0.0	0.0	0.0	0.0	0.0	0.0	0.0	0.0	0.0	0.0	0.0	0.0	0.0	0.0	0.0	0.0	0.0	0.0	0.0	0.0	0.0	0.0	0.01	0.0	0.0	0.0	0.0	0.0	0.0	0.0	0.0	0.0	0.0	0.0
Root; d__Bacteria; p__Gemmatimonadota; c__Gemmatimonadetes; o__Gemmatimonadales; f__Gemmatimonadaceae; g__JAICNG01	0.0	0.0	0.0	0.0	0.0	0.0	0.0	0.0	0.0	0.0	0.0	0.0	0.0	0.0	0.0	0.0	0.0	0.0	0.0	0.0	0.0	0.0	0.0	0.0	0.0	0.0	0.0	0.0	0.0	0.0	0.0	0.0	0.0	0.0	0.0	0.0	0.0	0.0	0.0	0.0	0.0	0.0	0.0	0.0	0.0	0.0	0.0	0.0	0.0	0.0	0.0	0.0	0.0	0.0	0.0	0.0	0.0	0.0	0.0	0.0	0.0	0.0	0.0	0.0	0.0	0.0	0.0	0.0	0.0	0.0	0.0	0.0
Root; d__Bacteria; p__Gemmatimonadota; c__Gemmatimonadetes; o__Longimicrobiales; f__Longimicrobiaceae; g__JAFAYN01	0.0	0.0	0.0	0.0	0.0	0.0	0.0	0.0	0.0	0.0	0.0	0.0	0.0	0.0	0.0	0.0	0.0	0.0	0.0	0.0	0.0	0.0	0.0	0.0	0.0	0.0	0.0	0.0	0.0	0.0	0.0	0.0	0.0	0.0	0.0	0.0	0.0	0.0	0.0	0.0	0.0	0.0	0.0	0.0	0.0	0.0	0.0	0.0	0.0	0.0	0.0	0.0	0.0	0.0	0.0	0.0	0.0	0.0	0.0	0.0	0.01	0.0	0.0	0.0	0.0	0.0	0.0	0.0	0.0	0.0	0.0	0.0
Root; d__Bacteria; p__Bacillota_I; c__Bacilli_A; o__Mycoplasmatales; f__CGIF01; g__SPIREOTU_01877385	0.0	0.0	0.0	0.0	0.0	0.0	0.0	0.0	0.0	0.0	0.0	0.0	0.0	0.0	0.0	0.0	0.0	0.0	0.0	0.0	0.0	0.0	0.0	0.0	0.0	0.0	0.0	0.0	0.0	0.0	0.0	0.0	0.0	0.0	0.0	0.0	0.0	0.0	0.0	0.0	0.0	0.0	0.0	0.0	0.0	0.0	0.0	0.0	0.0	0.0	0.0	0.0	0.0	0.0	0.0	0.0	0.0	0.0	0.0	0.0	0.0	0.0	0.0	0.0	0.0	0.0	0.0	0.0	0.0	0.0	0.0	0.0
Root; d__Bacteria; p__Bacillota_I; c__Bacilli_A; o__Mycoplasmatales; f__CGIF01; g__SPIREOTU_01487116	0.0	0.0	0.0	0.0	0.0	0.0	0.0	0.0	0.0	0.0	0.0	0.0	0.0	0.0	0.0	0.0	0.0	0.0	0.0	0.0	0.0	0.0	0.0	0.0	0.0	0.0	0.0	0.0	0.0	0.0	0.0	0.0	0.0	0.0	0.0	0.0	0.0	0.0	0.0	0.0	0.0	0.0	0.0	0.0	0.0	0.0	0.0	0.0	0.0	0.0	0.0	0.0	0.0	0.0	0.0	0.0	0.0	0.0	0.0	0.0	0.01	0.0	0.0	0.0	0.0	0.0	0.0	0.0	0.0	0.0	0.0	0.0
Root; d__Archaea; p__Nanobdellota; c__Nanobdellia; o__Woesearchaeales; f__UBA525; g__UBA525	0.0	0.0	0.0	0.0	0.0	0.0	0.0	0.0	0.0	0.0	0.0	0.0	0.0	0.0	0.0	0.0	0.0	0.0	0.0	0.0	0.0	0.0	0.0	0.0	0.0	0.0	0.0	0.0	0.0	0.0	0.0	0.0	0.0	0.0	0.0	0.0	0.0	0.0	0.0	0.0	0.0	0.0	0.0	0.0	0.0	0.0	0.0	0.0	0.0	0.0	0.0	0.0	0.0	0.0	0.0	0.0	0.0	0.0	0.0	0.0	0.0	0.01	0.0	0.0	0.0	0.0	0.0	0.0	0.0	0.0	0.0	0.0
Root; d__Bacteria; p__Pseudomonadota; c__Gammaproteobacteria; o__Steroidobacterales; f__Steroidobacteraceae; g__CAZQYC01	0.0	0.0	0.0	0.0	0.0	0.0	0.0	0.0	0.0	0.0	0.0	0.0	0.0	0.0	0.0	0.0	0.0	0.0	0.0	0.0	0.0	0.0	0.0	0.0	0.0	0.0	0.0	0.0	0.0	0.0	0.0	0.0	0.0	0.0	0.0	0.0	0.0	0.0	0.0	0.0	0.0	0.0	0.0	0.0	0.0	0.0	0.0	0.0	0.0	0.0	0.0	0.0	0.0	0.0	0.0	0.0	0.0	0.0	0.0	0.0	0.0	0.0	0.0	0.0	0.0	0.0	0.0	0.0	0.0	0.0	0.0	0.0
Root; d__Bacteria; p__Pseudomonadota; c__Gammaproteobacteria; o__Burkholderiales; f__SG8-39; g__DAHVFK01	0.0	0.0	0.0	0.0	0.0	0.0	0.0	0.0	0.0	0.0	0.0	0.0	0.0	0.0	0.0	0.0	0.0	0.0	0.0	0.0	0.0	0.0	0.0	0.0	0.0	0.0	0.0	0.0	0.0	0.0	0.0	0.0	0.0	0.0	0.0	0.0	0.0	0.0	0.0	0.0	0.0	0.0	0.0	0.0	0.0	0.0	0.0	0.0	0.0	0.0	0.0	0.0	0.0	0.0	0.0	0.0	0.0	0.0	0.0	0.0	0.0	0.01	0.0	0.0	0.0	0.0	0.0	0.0	0.0	0.0	0.0	0.0
Root; d__Bacteria; p__Pseudomonadota; c__Gammaproteobacteria; o__Burkholderiales; f__SG8-39; g__SMAGOTU_15796	0.0	0.0	0.0	0.0	0.0	0.0	0.0	0.0	0.0	0.0	0.0	0.0	0.0	0.0	0.0	0.0	0.0	0.0	0.0	0.0	0.0	0.0	0.0	0.0	0.0	0.0	0.0	0.0	0.0	0.0	0.0	0.0	0.0	0.0	0.0	0.0	0.0	0.0	0.0	0.0	0.0	0.0	0.0	0.0	0.0	0.0	0.0	0.0	0.0	0.0	0.0	0.0	0.0	0.0	0.0	0.0	0.0	0.0	0.0	0.0	0.0	0.0	0.0	0.0	0.0	0.0	0.0	0.0	0.0	0.0	0.0	0.0
Root; d__Bacteria; p__Pseudomonadota; c__Gammaproteobacteria; o__Burkholderiales; f__SG8-39; g__SPIREOTU_01799693	0.0	0.0	0.0	0.0	0.0	0.0	0.0	0.0	0.0	0.0	0.0	0.0	0.0	0.0	0.0	0.0	0.0	0.0	0.0	0.0	0.0	0.0	0.0	0.0	0.0	0.0	0.0	0.0	0.0	0.0	0.0	0.0	0.0	0.0	0.0	0.0	0.0	0.0	0.0	0.0	0.0	0.0	0.0	0.0	0.0	0.0	0.0	0.0	0.0	0.0	0.0	0.0	0.0	0.0	0.0	0.0	0.0	0.0	0.0	0.0	0.0	0.01	0.0	0.0	0.0	0.0	0.0	0.0	0.0	0.0	0.0	0.0
Root; d__Bacteria; p__Pseudomonadota; c__Gammaproteobacteria; o__Burkholderiales; f__Casimicrobiaceae; g__PALSA-1005	0.0	0.0	0.0	0.0	0.0	0.0	0.0	0.0	0.0	0.0	0.0	0.0	0.0	0.0	0.0	0.0	0.0	0.0	0.0	0.0	0.0	0.0	0.0	0.0	0.0	0.0	0.0	0.0	0.0	0.0	0.0	0.0	0.0	0.0	0.0	0.0	0.0	0.0	0.0	0.0	0.0	0.0	0.0	0.0	0.0	0.0	0.0	0.0	0.0	0.0	0.0	0.0	0.0	0.0	0.0	0.0	0.0	0.0	0.0	0.0	0.0	0.01	0.0	0.0	0.0	0.0	0.0	0.0	0.0	0.0	0.0	0.0
Root; d__Bacteria; p__Pseudomonadota; c__Gammaproteobacteria; o__Burkholderiales; f__Burkholderiaceae_C; g__CAMLIZ01	0.0	0.0	0.0	0.0	0.0	0.0	0.0	0.0	0.0	0.0	0.0	0.0	0.0	0.0	0.0	0.0	0.0	0.0	0.0	0.0	0.0	0.0	0.0	0.0	0.0	0.0	0.0	0.0	0.0	0.0	0.0	0.0	0.0	0.0	0.0	0.0	0.0	0.0	0.0	0.0	0.0	0.0	0.0	0.0	0.0	0.0	0.0	0.0	0.0	0.0	0.0	0.0	0.0	0.0	0.0	0.0	0.0	0.0	0.0	0.0	0.0	0.01	0.0	0.0	0.0	0.0	0.0	0.0	0.0	0.0	0.0	0.0
Root; d__Bacteria; p__Pseudomonadota; c__Gammaproteobacteria; o__Burkholderiales; f__Burkholderiaceae_C; g__Hylemonella	0.0	0.0	0.0	0.0	0.0	0.0	0.0	0.0	0.0	0.0	0.0	0.0	0.0	0.0	0.0	0.0	0.0	0.0	0.0	0.0	0.0	0.0	0.0	0.0	0.0	0.0	0.0	0.0	0.0	0.0	0.0	0.0	0.0	0.0	0.0	0.0	0.0	0.0	0.0	0.0	0.0	0.0	0.0	0.0	0.0	0.0	0.0	0.0	0.0	0.0	0.0	0.0	0.0	0.0	0.0	0.0	0.0	0.0	0.0	0.0	0.0	0.0	0.0	0.0	0.0	0.0	0.0	0.0	0.0	0.0	0.0	0.0
Root; d__Bacteria; p__Pseudomonadota; c__Gammaproteobacteria; o__Burkholderiales; f__Burkholderiaceae_C; g__Aquabacterium	0.0	0.0	0.0	0.0	0.0	0.0	0.0	0.0	0.0	0.0	0.0	0.0	0.0	0.0	0.0	0.0	0.0	0.0	0.0	0.0	0.0	0.0	0.0	0.0	0.0	0.0	0.0	0.0	0.0	0.0	0.0	0.0	0.0	0.0	0.0	0.0	0.0	0.0	0.0	0.0	0.0	0.0	0.0	0.0	0.0	0.0	0.0	0.0	0.0	0.0	0.0	0.0	0.0	0.0	0.0	0.0	0.0	0.0	0.0	0.0	0.0	0.0	0.0	0.0	0.0	0.0	0.0	0.0	0.0	0.0	0.0	0.0
Root; d__Bacteria; p__Pseudomonadota; c__Gammaproteobacteria; o__Burkholderiales; f__Burkholderiaceae_D; g__DASPLX01	0.0	0.0	0.0	0.0	0.0	0.0	0.0	0.0	0.0	0.0	0.0	0.0	0.0	0.0	0.0	0.0	0.0	0.0	0.0	0.0	0.0	0.0	0.0	0.0	0.0	0.0	0.0	0.0	0.0	0.0	0.0	0.0	0.0	0.0	0.0	0.0	0.0	0.0	0.0	0.0	0.0	0.0	0.0	0.0	0.0	0.0	0.0	0.0	0.0	0.0	0.0	0.0	0.0	0.0	0.0	0.0	0.0	0.0	0.0	0.0	0.0	0.01	0.0	0.0	0.0	0.0	0.0	0.0	0.0	0.0	0.0	0.0
Root; d__Bacteria; p__Pseudomonadota; c__Gammaproteobacteria; o__Burkholderiales; f__SG8-41; g__MOTU40_054751	0.0	0.0	0.0	0.0	0.0	0.0	0.0	0.0	0.0	0.0	0.0	0.0	0.0	0.0	0.0	0.0	0.0	0.0	0.0	0.0	0.0	0.0	0.0	0.0	0.0	0.0	0.0	0.0	0.0	0.0	0.0	0.0	0.0	0.0	0.0	0.0	0.0	0.0	0.0	0.0	0.0	0.0	0.0	0.0	0.0	0.0	0.0	0.0	0.0	0.0	0.0	0.0	0.0	0.0	0.0	0.0	0.0	0.0	0.0	0.0	0.0	0.01	0.0	0.0	0.0	0.0	0.0	0.0	0.0	0.0	0.0	0.0
Root; d__Bacteria; p__Pseudomonadota; c__Gammaproteobacteria; o__Burkholderiales; f__Usitatibacteraceae; g__UKL13-2	0.0	0.0	0.0	0.0	0.0	0.0	0.0	0.0	0.0	0.0	0.0	0.0	0.0	0.0	0.0	0.0	0.0	0.0	0.0	0.0	0.0	0.0	0.0	0.0	0.0	0.0	0.0	0.0	0.0	0.0	0.0	0.0	0.0	0.0	0.0	0.0	0.0	0.0	0.0	0.0	0.0	0.0	0.0	0.0	0.0	0.0	0.0	0.0	0.0	0.0	0.0	0.0	0.0	0.0	0.0	0.0	0.0	0.0	0.0	0.0	0.0	0.0	0.0	0.0	0.0	0.0	0.0	0.0	0.0	0.0	0.0	0.0
Root; d__Bacteria; p__Pseudomonadota; c__Gammaproteobacteria; o__Burkholderiales; f__Burkholderiaceae_E; g__Zeimonas	0.0	0.0	0.0	0.0	0.0	0.0	0.0	0.0	0.0	0.0	0.0	0.0	0.0	0.0	0.0	0.0	0.0	0.0	0.0	0.0	0.0	0.0	0.0	0.0	0.0	0.0	0.0	0.0	0.0	0.0	0.0	0.0	0.0	0.0	0.0	0.0	0.0	0.0	0.0	0.0	0.0	0.0	0.0	0.0	0.0	0.0	0.0	0.0	0.0	0.0	0.0	0.0	0.0	0.0	0.0	0.0	0.0	0.0	0.0	0.0	0.0	0.0	0.0	0.0	0.0	0.0	0.0	0.0	0.0	0.0	0.0	0.0
Root; d__Bacteria; p__Pseudomonadota; c__Alphaproteobacteria; o__Caulobacterales; f__Caulobacteraceae; g__SPIREOTU_01662860	0.0	0.0	0.0	0.0	0.0	0.0	0.0	0.0	0.0	0.0	0.0	0.0	0.0	0.0	0.0	0.0	0.0	0.0	0.0	0.0	0.0	0.0	0.0	0.0	0.0	0.0	0.0	0.0	0.0	0.0	0.0	0.0	0.0	0.0	0.0	0.0	0.0	0.0	0.0	0.0	0.0	0.0	0.0	0.0	0.0	0.0	0.0	0.0	0.0	0.0	0.0	0.0	0.0	0.0	0.0	0.0	0.0	0.0	0.0	0.0	0.0	0.01	0.0	0.0	0.0	0.0	0.0	0.0	0.0	0.0	0.0	0.0
Root; d__Bacteria; p__Pseudomonadota; c__Alphaproteobacteria; o__Rhizobiales; f__Xanthobacteraceae; g__JARJEH01	0.0	0.0	0.0	0.0	0.0	0.0	0.0	0.0	0.0	0.0	0.0	0.0	0.0	0.0	0.0	0.0	0.0	0.0	0.0	0.0	0.0	0.0	0.0	0.0	0.0	0.0	0.0	0.0	0.0	0.0	0.0	0.0	0.0	0.0	0.0	0.0	0.0	0.0	0.0	0.0	0.0	0.0	0.0	0.0	0.0	0.0	0.0	0.0	0.0	0.0	0.0	0.0	0.0	0.0	0.0	0.0	0.0	0.0	0.0	0.0	0.0	0.01	0.0	0.0	0.0	0.0	0.0	0.0	0.0	0.0	0.0	0.0
Root; d__Bacteria; p__Pseudomonadota; c__Alphaproteobacteria; o__Rhizobiales; f__Xanthobacteraceae; g__Rhodopseudomonas_A	0.0	0.0	0.0	0.0	0.0	0.0	0.0	0.0	0.0	0.0	0.0	0.0	0.0	0.0	0.0	0.0	0.0	0.0	0.0	0.0	0.0	0.0	0.0	0.0	0.0	0.0	0.0	0.0	0.0	0.0	0.0	0.0	0.0	0.0	0.0	0.0	0.0	0.0	0.0	0.0	0.0	0.0	0.0	0.0	0.0	0.0	0.0	0.0	0.0	0.0	0.0	0.0	0.0	0.0	0.0	0.0	0.0	0.0	0.0	0.0	0.0	0.01	0.0	0.0	0.0	0.0	0.0	0.0	0.0	0.0	0.0	0.0
Root; d__Bacteria; p__Pseudomonadota; c__Alphaproteobacteria; o__Geminicoccales; f__Geminicoccaceae; g__MOTU40_028396	0.0	0.0	0.0	0.0	0.0	0.0	0.0	0.0	0.0	0.0	0.0	0.0	0.0	0.0	0.0	0.0	0.0	0.0	0.0	0.0	0.0	0.0	0.0	0.0	0.0	0.0	0.0	0.0	0.0	0.0	0.0	0.0	0.0	0.0	0.0	0.0	0.0	0.0	0.0	0.0	0.0	0.0	0.0	0.0	0.0	0.0	0.0	0.0	0.0	0.0	0.0	0.0	0.0	0.0	0.0	0.0	0.0	0.0	0.0	0.0	0.0	0.01	0.0	0.0	0.0	0.0	0.0	0.0	0.0	0.0	0.0	0.0
Root; d__Bacteria; p__Pseudomonadota; c__Alphaproteobacteria; o__Elsterales; f__Elsteraceae; g__GCMETA_00541101	0.0	0.0	0.0	0.0	0.0	0.0	0.0	0.0	0.0	0.0	0.0	0.0	0.0	0.0	0.0	0.0	0.0	0.0	0.0	0.0	0.0	0.0	0.0	0.0	0.0	0.0	0.0	0.0	0.0	0.0	0.0	0.0	0.0	0.0	0.0	0.0	0.0	0.0	0.0	0.0	0.0	0.0	0.0	0.0	0.0	0.0	0.0	0.0	0.0	0.0	0.0	0.0	0.0	0.0	0.0	0.0	0.0	0.0	0.0	0.0	0.0	0.01	0.0	0.0	0.0	0.0	0.0	0.0	0.0	0.0	0.0	0.0
Root; d__Bacteria; p__Pseudomonadota; c__Alphaproteobacteria; o__Elsterales; f__Elsteraceae; g__SPIREOTU_01487330	0.0	0.0	0.0	0.0	0.0	0.0	0.0	0.0	0.0	0.0	0.0	0.0	0.0	0.0	0.0	0.0	0.0	0.0	0.0	0.0	0.0	0.0	0.0	0.0	0.0	0.0	0.0	0.0	0.0	0.0	0.0	0.0	0.0	0.0	0.0	0.0	0.0	0.0	0.0	0.0	0.0	0.0	0.0	0.0	0.0	0.0	0.0	0.0	0.0	0.0	0.0	0.0	0.0	0.0	0.0	0.0	0.0	0.0	0.0	0.0	0.0	0.01	0.0	0.0	0.0	0.0	0.0	0.0	0.0	0.0	0.0	0.0
Root; d__Bacteria; p__Pseudomonadota; c__Alphaproteobacteria; o__Acetobacterales; f__Acetobacteraceae; g__Roseococcus	0.0	0.0	0.0	0.0	0.0	0.0	0.0	0.0	0.0	0.0	0.0	0.0	0.0	0.0	0.0	0.0	0.0	0.0	0.0	0.0	0.0	0.0	0.0	0.0	0.0	0.0	0.0	0.0	0.0	0.0	0.0	0.0	0.0	0.0	0.0	0.0	0.0	0.0	0.0	0.0	0.0	0.0	0.0	0.0	0.0	0.0	0.0	0.0	0.0	0.0	0.0	0.0	0.0	0.0	0.0	0.0	0.0	0.0	0.0	0.0	0.0	0.01	0.0	0.0	0.0	0.0	0.0	0.0	0.0	0.0	0.0	0.0
Root; d__Bacteria; p__Pseudomonadota; c__Alphaproteobacteria; o__Acetobacterales; f__Acetobacteraceae; g__Roseomonas	0.0	0.0	0.0	0.0	0.0	0.0	0.0	0.0	0.0	0.0	0.0	0.0	0.0	0.0	0.0	0.0	0.0	0.0	0.0	0.0	0.0	0.0	0.0	0.0	0.0	0.0	0.0	0.0	0.0	0.0	0.0	0.0	0.0	0.0	0.0	0.0	0.0	0.0	0.0	0.0	0.0	0.0	0.0	0.0	0.0	0.0	0.0	0.0	0.0	0.0	0.0	0.0	0.0	0.0	0.0	0.0	0.0	0.0	0.0	0.0	0.0	0.0	0.0	0.0	0.0	0.0	0.0	0.0	0.0	0.0	0.0	0.0
Root; d__Bacteria; p__Pseudomonadota; c__Alphaproteobacteria; o__CACIAM-22H2; f__CACIAM-22H2; g__Tagaea	0.0	0.0	0.0	0.0	0.0	0.0	0.0	0.0	0.0	0.0	0.0	0.0	0.0	0.0	0.0	0.0	0.0	0.0	0.0	0.0	0.0	0.0	0.0	0.0	0.0	0.0	0.0	0.0	0.0	0.0	0.0	0.0	0.0	0.0	0.0	0.0	0.0	0.0	0.0	0.0	0.0	0.0	0.0	0.0	0.0	0.0	0.0	0.0	0.0	0.0	0.0	0.0	0.0	0.0	0.0	0.0	0.0	0.0	0.0	0.0	0.0	0.01	0.0	0.0	0.0	0.0	0.0	0.0	0.0	0.0	0.0	0.0
Root; d__Bacteria; p__Actinomycetota; c__Actinomycetes; o__Mycobacteriales; f__CADCTP01; g__JBBWZH01	0.0	0.0	0.0	0.0	0.0	0.0	0.0	0.0	0.0	0.0	0.0	0.0	0.0	0.0	0.0	0.0	0.0	0.0	0.0	0.0	0.0	0.0	0.0	0.0	0.0	0.0	0.0	0.0	0.0	0.0	0.0	0.0	0.0	0.0	0.0	0.0	0.0	0.0	0.0	0.0	0.0	0.0	0.0	0.0	0.0	0.0	0.0	0.0	0.0	0.0	0.0	0.0	0.0	0.0	0.0	0.0	0.0	0.0	0.0	0.0	0.0	0.01	0.0	0.0	0.0	0.0	0.0	0.0	0.0	0.0	0.0	0.0
Root; d__Bacteria; p__Actinomycetota; c__Actinomycetes; o__Mycobacteriales; f__Mycobacteriaceae; g__Gordonia	0.0	0.0	0.0	0.0	0.0	0.0	0.0	0.0	0.0	0.0	0.0	0.0	0.0	0.0	0.0	0.0	0.0	0.0	0.0	0.0	0.0	0.0	0.0	0.0	0.0	0.0	0.0	0.0	0.0	0.0	0.0	0.0	0.0	0.0	0.0	0.0	0.0	0.0	0.0	0.0	0.0	0.0	0.0	0.0	0.0	0.0	0.0	0.0	0.0	0.0	0.0	0.0	0.0	0.0	0.0	0.0	0.0	0.0	0.0	0.0	0.0	0.01	0.0	0.0	0.0	0.0	0.0	0.0	0.0	0.0	0.0	0.0
Root; d__Bacteria; p__Actinomycetota; c__Actinomycetes; o__Mycobacteriales; f__SCTD01; g__DATLGD01	0.0	0.0	0.0	0.0	0.0	0.0	0.0	0.0	0.0	0.0	0.0	0.0	0.0	0.0	0.0	0.0	0.0	0.0	0.0	0.0	0.0	0.0	0.0	0.0	0.0	0.0	0.0	0.0	0.0	0.0	0.0	0.0	0.0	0.0	0.0	0.0	0.0	0.0	0.0	0.0	0.0	0.0	0.0	0.0	0.0	0.0	0.0	0.0	0.0	0.0	0.0	0.0	0.0	0.0	0.0	0.0	0.0	0.0	0.0	0.0	0.0	0.01	0.0	0.0	0.0	0.0	0.0	0.0	0.0	0.0	0.0	0.0
Root; d__Bacteria; p__Actinomycetota; c__Actinomycetes; o__Actinomycetales; f__Micrococcaceae; g__Kocuria	0.0	0.0	0.0	0.0	0.0	0.0	0.0	0.0	0.0	0.0	0.0	0.0	0.0	0.0	0.0	0.0	0.0	0.0	0.0	0.0	0.0	0.0	0.0	0.0	0.0	0.0	0.0	0.0	0.0	0.0	0.0	0.0	0.0	0.0	0.0	0.0	0.0	0.0	0.0	0.0	0.0	0.0	0.0	0.0	0.0	0.0	0.0	0.0	0.0	0.0	0.0	0.0	0.0	0.0	0.0	0.0	0.0	0.0	0.0	0.0	0.0	0.01	0.0	0.0	0.0	0.0	0.0	0.0	0.0	0.0	0.0	0.0
Root; d__Bacteria; p__Actinomycetota; c__Actinomycetes; o__Actinomycetales; f__Cellulomonadaceae; g__Xylanimonas	0.0	0.0	0.0	0.0	0.0	0.0	0.0	0.0	0.0	0.0	0.0	0.0	0.0	0.0	0.0	0.0	0.0	0.0	0.0	0.0	0.0	0.0	0.0	0.0	0.0	0.0	0.0	0.0	0.0	0.0	0.0	0.0	0.0	0.0	0.0	0.0	0.0	0.0	0.0	0.0	0.0	0.0	0.0	0.0	0.0	0.0	0.0	0.0	0.0	0.0	0.0	0.0	0.0	0.0	0.0	0.0	0.0	0.0	0.0	0.0	0.0	0.0	0.0	0.0	0.0	0.0	0.0	0.0	0.0	0.0	0.0	0.0
Root; d__Bacteria; p__Actinomycetota; c__Actinomycetes; o__JAFAQI01; f__JAFAQI01; g__JAFAZI01	0.0	0.0	0.0	0.0	0.0	0.0	0.0	0.0	0.0	0.0	0.0	0.0	0.0	0.0	0.0	0.0	0.0	0.0	0.0	0.0	0.0	0.0	0.0	0.0	0.0	0.0	0.0	0.0	0.0	0.0	0.0	0.0	0.0	0.0	0.0	0.0	0.0	0.0	0.0	0.0	0.0	0.0	0.0	0.0	0.0	0.0	0.0	0.0	0.0	0.0	0.0	0.0	0.0	0.0	0.0	0.0	0.0	0.0	0.0	0.0	0.0	0.01	0.0	0.0	0.0	0.0	0.0	0.0	0.0	0.0	0.0	0.0
Root; d__Bacteria; p__Actinomycetota; c__Actinomycetes; o__Streptomycetales; f__Streptomycetaceae; g__Peterkaempfera	0.0	0.0	0.0	0.0	0.0	0.0	0.0	0.0	0.0	0.0	0.0	0.0	0.0	0.0	0.0	0.0	0.0	0.0	0.0	0.0	0.0	0.0	0.0	0.0	0.0	0.0	0.0	0.0	0.0	0.0	0.0	0.0	0.0	0.0	0.0	0.0	0.0	0.0	0.0	0.0	0.0	0.0	0.0	0.0	0.0	0.0	0.0	0.0	0.0	0.0	0.0	0.0	0.0	0.0	0.0	0.0	0.0	0.0	0.0	0.0	0.0	0.01	0.0	0.0	0.0	0.0	0.0	0.0	0.0	0.0	0.0	0.0
Root; d__Bacteria; p__Actinomycetota; c__Thermoleophilia; o__Gaiellales; f__Gaiellaceae; g__SPIREOTU_01113511	0.0	0.0	0.0	0.0	0.0	0.0	0.0	0.0	0.0	0.0	0.0	0.0	0.0	0.0	0.0	0.0	0.0	0.0	0.0	0.0	0.0	0.0	0.0	0.0	0.0	0.0	0.0	0.0	0.0	0.0	0.0	0.0	0.0	0.0	0.0	0.0	0.0	0.0	0.0	0.0	0.0	0.0	0.0	0.0	0.0	0.0	0.0	0.0	0.0	0.0	0.0	0.0	0.0	0.0	0.0	0.0	0.0	0.0	0.0	0.0	0.0	0.0	0.0	0.0	0.0	0.0	0.0	0.0	0.0	0.0	0.0	0.0
Root; d__Bacteria; p__Actinomycetota; c__Thermoleophilia; o__Gaiellales; f__Gaiellaceae; g__JBBRYK01	0.0	0.0	0.0	0.0	0.0	0.0	0.0	0.0	0.0	0.0	0.0	0.0	0.0	0.0	0.0	0.0	0.0	0.0	0.0	0.0	0.0	0.0	0.0	0.0	0.0	0.0	0.0	0.0	0.0	0.0	0.0	0.0	0.0	0.0	0.0	0.0	0.0	0.0	0.0	0.0	0.0	0.0	0.0	0.0	0.0	0.0	0.0	0.0	0.0	0.0	0.0	0.0	0.0	0.0	0.0	0.0	0.0	0.0	0.0	0.0	0.0	0.01	0.0	0.0	0.0	0.0	0.0	0.0	0.0	0.0	0.0	0.0
Root; d__Bacteria; p__Actinomycetota; c__Thermoleophilia; o__Gaiellales; f__Gaiellaceae; g__JBKPRX01	0.0	0.0	0.0	0.0	0.0	0.0	0.0	0.0	0.0	0.0	0.0	0.0	0.0	0.0	0.0	0.0	0.0	0.0	0.0	0.0	0.0	0.0	0.0	0.0	0.0	0.0	0.0	0.0	0.0	0.0	0.0	0.0	0.0	0.0	0.0	0.0	0.0	0.0	0.0	0.0	0.0	0.0	0.0	0.0	0.0	0.0	0.0	0.0	0.0	0.0	0.0	0.0	0.0	0.0	0.0	0.0	0.0	0.0	0.0	0.0	0.0	0.0	0.0	0.0	0.0	0.0	0.0	0.0	0.0	0.0	0.0	0.0
Root; d__Bacteria; p__Actinomycetota; c__Thermoleophilia; o__Gaiellales; f__Gaiellaceae; g__JBBQTQ01	0.0	0.0	0.0	0.0	0.0	0.0	0.0	0.0	0.0	0.0	0.0	0.0	0.0	0.0	0.0	0.0	0.0	0.0	0.0	0.0	0.0	0.0	0.0	0.0	0.0	0.0	0.0	0.0	0.0	0.0	0.0	0.0	0.0	0.0	0.0	0.0	0.0	0.0	0.0	0.0	0.0	0.0	0.0	0.0	0.0	0.0	0.0	0.0	0.0	0.0	0.0	0.0	0.0	0.0	0.0	0.0	0.0	0.0	0.0	0.0	0.0	0.01	0.0	0.0	0.0	0.0	0.0	0.0	0.0	0.0	0.0	0.0
Root; d__Bacteria; p__Actinomycetota; c__Thermoleophilia; o__Solirubrobacterales; f__Solirubrobacteraceae; g__DAIOGP01	0.0	0.0	0.0	0.0	0.0	0.0	0.0	0.0	0.0	0.0	0.0	0.0	0.0	0.0	0.0	0.0	0.0	0.0	0.0	0.0	0.0	0.0	0.0	0.0	0.0	0.0	0.0	0.0	0.0	0.0	0.0	0.0	0.0	0.0	0.0	0.0	0.0	0.0	0.0	0.0	0.0	0.0	0.0	0.0	0.0	0.0	0.0	0.0	0.0	0.0	0.0	0.0	0.0	0.0	0.0	0.0	0.0	0.0	0.0	0.0	0.0	0.0	0.0	0.0	0.0	0.0	0.0	0.0	0.0	0.0	0.0	0.0
Root; d__Bacteria; p__Actinomycetota; c__Thermoleophilia; o__Solirubrobacterales; f__70-9; g__DASSYK01	0.0	0.0	0.0	0.0	0.0	0.0	0.0	0.0	0.0	0.0	0.0	0.0	0.0	0.0	0.0	0.0	0.0	0.0	0.0	0.0	0.0	0.0	0.0	0.0	0.0	0.0	0.0	0.0	0.0	0.0	0.0	0.0	0.0	0.0	0.0	0.0	0.0	0.0	0.0	0.0	0.0	0.0	0.0	0.0	0.0	0.0	0.0	0.0	0.0	0.0	0.0	0.0	0.0	0.0	0.0	0.0	0.0	0.0	0.0	0.0	0.0	0.0	0.0	0.0	0.0	0.0	0.0	0.0	0.0	0.0	0.0	0.0
Root; d__Bacteria; p__Actinomycetota; c__Thermoleophilia; o__Solirubrobacterales; f__70-9; g__CAVUAT01	0.0	0.0	0.0	0.0	0.0	0.0	0.0	0.0	0.0	0.0	0.0	0.0	0.0	0.0	0.0	0.0	0.0	0.0	0.0	0.0	0.0	0.0	0.0	0.0	0.0	0.0	0.0	0.0	0.0	0.0	0.0	0.0	0.0	0.0	0.0	0.0	0.0	0.0	0.0	0.0	0.0	0.0	0.0	0.0	0.0	0.0	0.0	0.0	0.0	0.0	0.0	0.0	0.0	0.0	0.0	0.0	0.0	0.0	0.0	0.0	0.0	0.01	0.0	0.0	0.0	0.0	0.0	0.0	0.0	0.0	0.0	0.0
Root; d__Bacteria; p__Actinomycetota; c__Thermoleophilia; o__Solirubrobacterales; f__70-9; g__DATHVI01	0.0	0.0	0.0	0.0	0.0	0.0	0.0	0.0	0.0	0.0	0.0	0.0	0.0	0.0	0.0	0.0	0.0	0.0	0.0	0.0	0.0	0.0	0.0	0.0	0.0	0.0	0.0	0.0	0.0	0.0	0.0	0.0	0.0	0.0	0.0	0.0	0.0	0.0	0.0	0.0	0.0	0.0	0.0	0.0	0.0	0.0	0.0	0.0	0.0	0.0	0.0	0.0	0.0	0.0	0.0	0.0	0.0	0.0	0.0	0.0	0.0	0.01	0.0	0.0	0.0	0.0	0.0	0.0	0.0	0.0	0.0	0.0
Root; d__Bacteria; p__Actinomycetota; c__Thermoleophilia; o__Solirubrobacterales; f__Thermoleophilaceae; g__CAWHPV01	0.0	0.0	0.0	0.0	0.0	0.0	0.0	0.0	0.0	0.0	0.0	0.0	0.0	0.0	0.0	0.0	0.0	0.0	0.0	0.0	0.0	0.0	0.0	0.0	0.0	0.0	0.0	0.0	0.0	0.0	0.0	0.0	0.0	0.0	0.0	0.0	0.0	0.0	0.0	0.0	0.0	0.0	0.0	0.0	0.0	0.0	0.0	0.0	0.0	0.0	0.0	0.0	0.0	0.0	0.0	0.0	0.0	0.0	0.0	0.0	0.0	0.01	0.0	0.0	0.0	0.0	0.0	0.0	0.0	0.0	0.0	0.0
Root; d__Bacteria; p__Actinomycetota; c__Acidimicrobiia; o__IMCC26256; f__DASPTH01; g__DASPTH01	0.0	0.0	0.0	0.0	0.0	0.0	0.0	0.0	0.0	0.0	0.0	0.0	0.0	0.0	0.0	0.0	0.0	0.0	0.0	0.0	0.0	0.0	0.0	0.0	0.0	0.0	0.0	0.0	0.0	0.0	0.0	0.0	0.0	0.0	0.0	0.0	0.0	0.0	0.0	0.0	0.0	0.0	0.0	0.0	0.0	0.0	0.0	0.0	0.0	0.0	0.0	0.0	0.0	0.0	0.0	0.0	0.0	0.0	0.0	0.0	0.0	0.0	0.0	0.0	0.0	0.0	0.0	0.0	0.0	0.0	0.0	0.0
Root; d__Bacteria; p__Actinomycetota; c__Acidimicrobiia; o__IMCC26256; f__PALSA-610; g__MOTU40_124924	0.0	0.0	0.0	0.0	0.0	0.0	0.0	0.0	0.0	0.0	0.0	0.0	0.0	0.0	0.0	0.0	0.0	0.0	0.0	0.0	0.0	0.0	0.0	0.0	0.0	0.0	0.0	0.0	0.0	0.0	0.0	0.0	0.0	0.0	0.0	0.0	0.0	0.0	0.0	0.0	0.0	0.0	0.0	0.0	0.0	0.0	0.0	0.0	0.0	0.0	0.0	0.0	0.0	0.0	0.0	0.0	0.0	0.0	0.0	0.0	0.0	0.01	0.0	0.0	0.0	0.0	0.0	0.0	0.0	0.0	0.0	0.0
Root; d__Bacteria; p__Actinomycetota; c__Acidimicrobiia; o__IMCC26256; f__PALSA-555; g__DATBSK01	0.0	0.0	0.0	0.0	0.0	0.0	0.0	0.0	0.0	0.0	0.0	0.0	0.0	0.0	0.0	0.0	0.0	0.0	0.0	0.0	0.0	0.0	0.0	0.0	0.0	0.0	0.0	0.0	0.0	0.0	0.0	0.0	0.0	0.0	0.0	0.0	0.0	0.0	0.0	0.0	0.0	0.0	0.0	0.0	0.0	0.0	0.0	0.0	0.0	0.0	0.0	0.0	0.0	0.0	0.0	0.0	0.0	0.0	0.0	0.0	0.0	0.01	0.0	0.0	0.0	0.0	0.0	0.0	0.0	0.0	0.0	0.0
Root; d__Bacteria; p__Actinomycetota; c__Acidimicrobiia; o__Acidimicrobiales; f__Ilumatobacteraceae; g__UBA2093	0.0	0.0	0.0	0.0	0.0	0.0	0.0	0.0	0.0	0.0	0.0	0.0	0.0	0.0	0.0	0.0	0.0	0.0	0.0	0.0	0.0	0.0	0.0	0.0	0.0	0.0	0.0	0.0	0.0	0.0	0.0	0.0	0.0	0.0	0.0	0.0	0.0	0.0	0.0	0.0	0.0	0.0	0.0	0.0	0.0	0.0	0.0	0.0	0.0	0.0	0.0	0.0	0.0	0.0	0.0	0.0	0.0	0.0	0.0	0.0	0.0	0.0	0.0	0.0	0.0	0.0	0.0	0.0	0.0	0.0	0.0	0.0
Root; d__Bacteria; p__Actinomycetota; c__Acidimicrobiia; o__Acidimicrobiales; f__JAUJNH01; g__JAUJNH01	0.0	0.0	0.0	0.0	0.0	0.0	0.0	0.0	0.0	0.0	0.0	0.0	0.0	0.0	0.0	0.0	0.0	0.0	0.0	0.0	0.0	0.0	0.0	0.0	0.0	0.0	0.0	0.0	0.0	0.0	0.0	0.0	0.0	0.0	0.0	0.0	0.0	0.0	0.0	0.0	0.0	0.0	0.0	0.0	0.0	0.0	0.0	0.0	0.0	0.0	0.0	0.0	0.0	0.0	0.0	0.0	0.0	0.0	0.0	0.0	0.0	0.01	0.0	0.0	0.0	0.0	0.0	0.0	0.0	0.0	0.0	0.0
Root; d__Bacteria; p__Actinomycetota; c__Acidimicrobiia; o__Acidimicrobiales; f__RAAP-2; g__Bog-756	0.0	0.0	0.0	0.0	0.0	0.0	0.0	0.0	0.0	0.0	0.0	0.0	0.0	0.0	0.0	0.0	0.0	0.0	0.0	0.0	0.0	0.0	0.0	0.0	0.0	0.0	0.0	0.0	0.0	0.0	0.0	0.0	0.0	0.0	0.0	0.0	0.0	0.0	0.0	0.0	0.0	0.0	0.0	0.0	0.0	0.0	0.0	0.0	0.0	0.0	0.0	0.0	0.0	0.0	0.0	0.0	0.0	0.0	0.0	0.0	0.0	0.0	0.0	0.0	0.0	0.0	0.0	0.0	0.0	0.0	0.0	0.0
Root; d__Bacteria; p__Actinomycetota; c__Acidimicrobiia; o__Acidimicrobiales; f__SPIREOTU_01586354; g__SPIREOTU_01586354	0.0	0.0	0.0	0.0	0.0	0.0	0.0	0.0	0.0	0.0	0.0	0.0	0.0	0.0	0.0	0.0	0.0	0.0	0.0	0.0	0.0	0.0	0.0	0.0	0.0	0.0	0.0	0.0	0.0	0.0	0.0	0.0	0.0	0.0	0.0	0.0	0.0	0.0	0.0	0.0	0.0	0.0	0.0	0.0	0.0	0.0	0.0	0.0	0.0	0.0	0.0	0.0	0.0	0.0	0.0	0.0	0.0	0.0	0.0	0.0	0.0	0.01	0.0	0.0	0.0	0.0	0.0	0.0	0.0	0.0	0.0	0.0
Root; d__Bacteria; p__Actinomycetota; c__UBA4738; o__UBA4738; f__HRBIN12; g__JBBQVZ01	0.0	0.0	0.0	0.0	0.0	0.0	0.0	0.0	0.0	0.0	0.0	0.0	0.0	0.0	0.0	0.0	0.0	0.0	0.0	0.0	0.0	0.0	0.0	0.0	0.0	0.0	0.0	0.0	0.0	0.0	0.0	0.0	0.0	0.0	0.0	0.0	0.0	0.0	0.0	0.0	0.0	0.0	0.0	0.0	0.0	0.0	0.0	0.0	0.0	0.0	0.0	0.0	0.0	0.0	0.0	0.0	0.0	0.0	0.0	0.0	0.0	0.01	0.0	0.0	0.0	0.0	0.0	0.0	0.0	0.0	0.0	0.0
Root; d__Bacteria; p__Actinomycetota; c__UBA4738; o__UBA4738; f__UBA4738; g__DASXTW01	0.0	0.0	0.0	0.0	0.0	0.0	0.0	0.0	0.0	0.0	0.0	0.0	0.0	0.0	0.0	0.0	0.0	0.0	0.0	0.0	0.0	0.0	0.0	0.0	0.0	0.0	0.0	0.0	0.0	0.0	0.0	0.0	0.0	0.0	0.0	0.0	0.0	0.0	0.0	0.0	0.0	0.0	0.0	0.0	0.0	0.0	0.0	0.0	0.0	0.0	0.0	0.0	0.0	0.0	0.0	0.0	0.0	0.0	0.0	0.0	0.0	0.0	0.0	0.0	0.0	0.0	0.0	0.0	0.0	0.0	0.0	0.0
Root; d__Bacteria; p__Actinomycetota; c__CALGFH01; o__CALGFH01; f__CALGFH01; g__DASQWY01	0.0	0.0	0.0	0.0	0.0	0.0	0.0	0.0	0.0	0.0	0.0	0.0	0.0	0.0	0.0	0.0	0.0	0.0	0.0	0.0	0.0	0.0	0.0	0.0	0.0	0.0	0.0	0.0	0.0	0.0	0.0	0.0	0.0	0.0	0.0	0.0	0.0	0.0	0.0	0.0	0.0	0.0	0.0	0.0	0.0	0.0	0.0	0.0	0.0	0.0	0.0	0.0	0.0	0.0	0.0	0.0	0.0	0.0	0.0	0.0	0.0	0.0	0.0	0.0	0.0	0.0	0.0	0.0	0.0	0.0	0.0	0.0
Root; d__Bacteria; p__Chloroflexota; c__Limnocylindria; o__Limnocylindrales; f__CSP1-4; g__DASPUH01	0.0	0.0	0.0	0.0	0.0	0.0	0.0	0.0	0.0	0.0	0.0	0.0	0.0	0.0	0.0	0.0	0.0	0.0	0.0	0.0	0.0	0.0	0.0	0.0	0.0	0.0	0.0	0.0	0.0	0.0	0.0	0.0	0.0	0.0	0.0	0.0	0.0	0.0	0.0	0.0	0.0	0.0	0.0	0.0	0.0	0.0	0.0	0.0	0.0	0.0	0.0	0.0	0.0	0.0	0.0	0.0	0.0	0.0	0.0	0.0	0.0	0.0	0.0	0.0	0.0	0.0	0.0	0.0	0.0	0.0	0.0	0.0
Root; d__Bacteria; p__Chloroflexota; c__Limnocylindria; o__Limnocylindrales; f__CSP1-4; g__SPIREOTU_01485665	0.0	0.0	0.0	0.0	0.0	0.0	0.0	0.0	0.0	0.0	0.0	0.0	0.0	0.0	0.0	0.0	0.0	0.0	0.0	0.0	0.0	0.0	0.0	0.0	0.0	0.0	0.0	0.0	0.0	0.0	0.0	0.0	0.0	0.0	0.0	0.0	0.0	0.0	0.0	0.0	0.0	0.0	0.0	0.0	0.0	0.0	0.0	0.0	0.0	0.0	0.0	0.0	0.0	0.0	0.0	0.0	0.0	0.0	0.0	0.0	0.0	0.01	0.0	0.0	0.0	0.0	0.0	0.0	0.0	0.0	0.0	0.0
Root; d__Bacteria; p__Chloroflexota; c__Chloroflexia; o__Thermomicrobiales; f__CFX8; g__GCMETA_00786697	0.0	0.0	0.0	0.0	0.0	0.0	0.0	0.0	0.0	0.0	0.0	0.0	0.0	0.0	0.0	0.0	0.0	0.0	0.0	0.0	0.0	0.0	0.0	0.0	0.0	0.0	0.0	0.0	0.0	0.0	0.0	0.0	0.0	0.0	0.0	0.0	0.0	0.0	0.0	0.0	0.0	0.0	0.0	0.0	0.0	0.0	0.0	0.0	0.0	0.0	0.0	0.0	0.0	0.0	0.0	0.0	0.0	0.0	0.0	0.0	0.0	0.01	0.0	0.0	0.0	0.0	0.0	0.0	0.0	0.0	0.0	0.0
Root; d__Bacteria; p__Chloroflexota; c__UBA6077; o__UBA6077; f__CF-72; g__JACPOP01	0.0	0.0	0.0	0.0	0.0	0.0	0.0	0.0	0.0	0.0	0.0	0.0	0.0	0.0	0.0	0.0	0.0	0.0	0.0	0.0	0.0	0.0	0.0	0.0	0.0	0.0	0.0	0.0	0.0	0.0	0.0	0.0	0.0	0.0	0.0	0.0	0.0	0.0	0.0	0.0	0.0	0.0	0.0	0.0	0.0	0.0	0.0	0.0	0.0	0.0	0.0	0.0	0.0	0.0	0.0	0.0	0.0	0.0	0.0	0.0	0.0	0.01	0.0	0.0	0.0	0.0	0.01	0.0	0.0	0.0	0.01	0.0
Root; d__Bacteria; p__Chloroflexota; c__UBA6077; o__UBA6077; f__JACCZL01; g__GCMETA_00786711	0.0	0.0	0.0	0.0	0.0	0.0	0.0	0.0	0.0	0.0	0.0	0.0	0.0	0.0	0.0	0.0	0.0	0.0	0.0	0.0	0.0	0.0	0.0	0.0	0.0	0.0	0.0	0.0	0.0	0.0	0.0	0.0	0.0	0.0	0.0	0.0	0.0	0.0	0.0	0.0	0.0	0.0	0.0	0.0	0.0	0.0	0.0	0.0	0.0	0.0	0.0	0.0	0.0	0.0	0.0	0.0	0.0	0.0	0.0	0.0	0.0	0.01	0.0	0.0	0.0	0.0	0.0	0.0	0.0	0.0	0.0	0.0
Root; d__Bacteria; p__Chloroflexota; c__UBA6077; o__FW602-bin22; f__FW602-bin22; g__FW602-bin22	0.0	0.0	0.0	0.0	0.0	0.0	0.0	0.0	0.0	0.0	0.0	0.0	0.0	0.0	0.0	0.0	0.0	0.0	0.0	0.0	0.0	0.0	0.0	0.0	0.0	0.0	0.0	0.0	0.0	0.0	0.0	0.0	0.0	0.0	0.0	0.0	0.0	0.0	0.0	0.0	0.0	0.0	0.0	0.0	0.0	0.0	0.0	0.0	0.0	0.0	0.0	0.0	0.0	0.0	0.0	0.0	0.0	0.0	0.0	0.0	0.0	0.0	0.0	0.0	0.0	0.0	0.0	0.0	0.0	0.0	0.0	0.0
Root; d__Bacteria; p__Chloroflexota; c__Anaerolineae; o__Anaerolineales; f__Villigracilaceae; g__UBA5195	0.0	0.0	0.0	0.0	0.0	0.0	0.0	0.0	0.0	0.0	0.0	0.0	0.0	0.0	0.0	0.0	0.0	0.0	0.0	0.0	0.0	0.0	0.0	0.0	0.0	0.0	0.0	0.0	0.0	0.0	0.0	0.0	0.0	0.0	0.0	0.0	0.0	0.0	0.0	0.0	0.0	0.0	0.0	0.0	0.0	0.0	0.0	0.0	0.0	0.0	0.0	0.0	0.0	0.0	0.0	0.0	0.0	0.0	0.0	0.0	0.0	0.01	0.0	0.0	0.0	0.0	0.0	0.0	0.0	0.0	0.0	0.0
Root; d__Bacteria; p__Chloroflexota; c__Dehalococcoidia; o__CAUJGQ01; f__CAUJGQ01; g__CAUJGQ01	0.0	0.0	0.0	0.0	0.0	0.0	0.0	0.0	0.0	0.0	0.0	0.0	0.0	0.0	0.0	0.0	0.0	0.0	0.0	0.0	0.0	0.0	0.0	0.0	0.0	0.0	0.0	0.0	0.0	0.0	0.0	0.0	0.0	0.0	0.0	0.0	0.0	0.0	0.0	0.0	0.0	0.0	0.0	0.0	0.0	0.0	0.0	0.0	0.0	0.0	0.0	0.0	0.0	0.0	0.0	0.0	0.0	0.0	0.0	0.0	0.0	0.01	0.0	0.0	0.0	0.0	0.0	0.0	0.0	0.0	0.01	0.0
Root; d__Bacteria; p__Chloroflexota; c__Dehalococcoidia; o__CAUJGQ01; f__CAUJGQ01; g__JBFXAN01	0.0	0.0	0.0	0.0	0.0	0.0	0.0	0.0	0.0	0.0	0.0	0.0	0.0	0.0	0.0	0.0	0.0	0.0	0.0	0.0	0.0	0.0	0.0	0.0	0.0	0.0	0.0	0.0	0.0	0.0	0.0	0.0	0.0	0.0	0.0	0.0	0.0	0.0	0.0	0.0	0.0	0.0	0.0	0.0	0.0	0.0	0.0	0.0	0.0	0.0	0.0	0.0	0.0	0.0	0.0	0.0	0.0	0.0	0.0	0.0	0.0	0.01	0.0	0.0	0.0	0.0	0.0	0.0	0.0	0.0	0.0	0.0
Root; d__Bacteria; p__Chloroflexota; c__Ktedonobacteria; o__Ktedonobacterales; f__Ktedonobacteraceae; g__DASYAN01	0.0	0.0	0.0	0.0	0.0	0.0	0.0	0.0	0.0	0.0	0.0	0.0	0.0	0.0	0.0	0.0	0.0	0.0	0.0	0.0	0.0	0.0	0.0	0.0	0.0	0.0	0.0	0.0	0.0	0.0	0.0	0.0	0.0	0.0	0.0	0.0	0.0	0.0	0.0	0.0	0.0	0.0	0.0	0.0	0.0	0.0	0.0	0.0	0.0	0.0	0.0	0.0	0.0	0.0	0.0	0.0	0.0	0.0	0.0	0.0	0.0	0.0	0.0	0.0	0.0	0.0	0.0	0.0	0.0	0.0	0.0	0.0
Root; d__Bacteria; p__Planctomycetota; c__Phycisphaerae; o__Tepidisphaerales; f__Tepidisphaeraceae; g__SPIREOTU_00691733	0.0	0.0	0.0	0.0	0.0	0.0	0.0	0.0	0.0	0.0	0.0	0.0	0.0	0.0	0.0	0.0	0.0	0.0	0.0	0.0	0.0	0.0	0.0	0.0	0.0	0.0	0.0	0.0	0.0	0.0	0.0	0.0	0.0	0.0	0.0	0.0	0.0	0.0	0.0	0.0	0.0	0.0	0.0	0.0	0.0	0.0	0.0	0.0	0.0	0.0	0.0	0.0	0.0	0.0	0.0	0.0	0.0	0.0	0.0	0.0	0.0	0.01	0.0	0.0	0.0	0.0	0.0	0.0	0.0	0.0	0.0	0.0
Root; d__Bacteria; p__Planctomycetota; c__Phycisphaerae; o__Tepidisphaerales; f__Tepidisphaeraceae; g__GCMETA_00788500	0.0	0.0	0.0	0.0	0.0	0.0	0.0	0.0	0.0	0.0	0.0	0.0	0.0	0.0	0.0	0.0	0.0	0.0	0.0	0.0	0.0	0.0	0.0	0.0	0.0	0.0	0.0	0.0	0.0	0.0	0.0	0.0	0.0	0.0	0.0	0.0	0.0	0.0	0.0	0.0	0.0	0.0	0.0	0.0	0.0	0.0	0.0	0.0	0.0	0.0	0.0	0.0	0.0	0.0	0.0	0.0	0.0	0.0	0.0	0.0	0.0	0.01	0.0	0.0	0.0	0.0	0.0	0.0	0.0	0.0	0.0	0.0
Root; d__Bacteria; p__Planctomycetota; c__Phycisphaerae; o__Tepidisphaerales; f__Tepidisphaeraceae; g__UBA1161	0.0	0.0	0.0	0.0	0.0	0.0	0.0	0.0	0.0	0.0	0.0	0.0	0.0	0.0	0.0	0.0	0.0	0.0	0.0	0.0	0.0	0.0	0.0	0.0	0.0	0.0	0.0	0.0	0.0	0.0	0.0	0.0	0.0	0.0	0.0	0.0	0.0	0.0	0.0	0.0	0.0	0.0	0.0	0.0	0.0	0.0	0.0	0.0	0.0	0.0	0.0	0.0	0.0	0.0	0.0	0.0	0.0	0.0	0.0	0.0	0.0	0.0	0.0	0.0	0.0	0.0	0.0	0.0	0.0	0.0	0.0	0.0
Root; d__Bacteria; p__Planctomycetota; c__Phycisphaerae; o__Tepidisphaerales; f__Tepidisphaeraceae; g__JBBRCX01	0.0	0.0	0.0	0.0	0.0	0.0	0.0	0.0	0.0	0.0	0.0	0.0	0.0	0.0	0.0	0.0	0.0	0.0	0.0	0.0	0.0	0.0	0.0	0.0	0.0	0.0	0.0	0.0	0.0	0.0	0.0	0.0	0.0	0.0	0.0	0.0	0.0	0.0	0.0	0.0	0.0	0.0	0.0	0.0	0.0	0.0	0.0	0.0	0.0	0.0	0.0	0.0	0.0	0.0	0.0	0.0	0.0	0.0	0.0	0.0	0.0	0.0	0.0	0.0	0.0	0.0	0.0	0.0	0.0	0.0	0.0	0.0
Root; d__Bacteria; p__Planctomycetota; c__Phycisphaerae; o__Tepidisphaerales; f__Tepidisphaeraceae; g__CAXSBN01	0.0	0.0	0.0	0.0	0.0	0.0	0.0	0.0	0.0	0.0	0.0	0.0	0.0	0.0	0.0	0.0	0.0	0.0	0.0	0.0	0.0	0.0	0.0	0.0	0.0	0.0	0.0	0.0	0.0	0.0	0.0	0.0	0.0	0.0	0.0	0.0	0.0	0.0	0.0	0.0	0.0	0.0	0.0	0.0	0.0	0.0	0.0	0.0	0.0	0.0	0.0	0.0	0.0	0.0	0.0	0.0	0.0	0.0	0.0	0.0	0.0	0.01	0.0	0.0	0.0	0.0	0.0	0.0	0.0	0.0	0.0	0.0
Root; d__Bacteria; p__Planctomycetota; c__SZUA-567; o__H5-PLA8; f__H5-PLA8; g__JBBRPR01	0.0	0.0	0.0	0.0	0.0	0.0	0.0	0.0	0.0	0.0	0.0	0.0	0.0	0.0	0.0	0.0	0.0	0.0	0.0	0.0	0.0	0.0	0.0	0.0	0.0	0.0	0.0	0.0	0.0	0.0	0.0	0.0	0.0	0.0	0.0	0.0	0.0	0.0	0.0	0.0	0.0	0.0	0.0	0.0	0.0	0.0	0.0	0.0	0.0	0.0	0.0	0.0	0.0	0.0	0.0	0.0	0.0	0.0	0.0	0.0	0.0	0.01	0.0	0.0	0.0	0.0	0.0	0.0	0.0	0.0	0.0	0.0
Root; d__Bacteria; p__Planctomycetota; c__Planctomycetia; o__Isosphaerales; f__Isosphaeraceae; g__GOMCOTU_12246	0.0	0.0	0.0	0.0	0.0	0.0	0.0	0.0	0.0	0.0	0.0	0.0	0.0	0.0	0.0	0.0	0.0	0.0	0.0	0.0	0.0	0.0	0.0	0.0	0.0	0.0	0.0	0.0	0.0	0.0	0.0	0.0	0.0	0.0	0.0	0.0	0.0	0.0	0.0	0.0	0.0	0.0	0.0	0.0	0.0	0.0	0.0	0.0	0.0	0.0	0.0	0.0	0.0	0.0	0.0	0.0	0.0	0.0	0.0	0.0	0.0	0.01	0.0	0.02	0.0	0.0	0.0	0.0	0.0	0.0	0.0	0.0
Root; d__Bacteria; p__Planctomycetota; c__Planctomycetia; o__Isosphaerales; f__Isosphaeraceae; g__SPIREOTU_01174806	0.0	0.0	0.0	0.0	0.0	0.0	0.0	0.0	0.0	0.0	0.0	0.0	0.0	0.0	0.0	0.0	0.0	0.0	0.0	0.0	0.0	0.0	0.0	0.0	0.0	0.0	0.0	0.0	0.0	0.0	0.0	0.0	0.0	0.0	0.0	0.0	0.0	0.0	0.0	0.0	0.0	0.0	0.0	0.0	0.0	0.0	0.0	0.0	0.0	0.0	0.0	0.0	0.0	0.0	0.0	0.0	0.0	0.0	0.0	0.0	0.0	0.01	0.0	0.0	0.0	0.0	0.0	0.0	0.0	0.0	0.0	0.0
Root; d__Bacteria; p__Planctomycetota; c__Planctomycetia; o__Pirellulales; f__Pirellulaceae; g__JBGSNR01	0.0	0.0	0.0	0.0	0.0	0.0	0.0	0.0	0.0	0.0	0.0	0.0	0.0	0.0	0.0	0.0	0.0	0.0	0.0	0.0	0.0	0.0	0.0	0.0	0.0	0.0	0.0	0.0	0.0	0.0	0.0	0.0	0.0	0.0	0.0	0.0	0.0	0.0	0.0	0.0	0.0	0.0	0.0	0.0	0.0	0.0	0.0	0.0	0.0	0.0	0.0	0.0	0.0	0.0	0.0	0.0	0.0	0.0	0.0	0.0	0.0	0.0	0.0	0.0	0.0	0.0	0.0	0.0	0.0	0.0	0.0	0.0
Root; d__Bacteria; p__Planctomycetota; c__Planctomycetia; o__Pirellulales; f__PALSA-1355; g__GEMOTU_13444	0.0	0.0	0.0	0.0	0.0	0.0	0.0	0.0	0.0	0.0	0.0	0.0	0.0	0.0	0.0	0.0	0.0	0.0	0.0	0.0	0.0	0.0	0.0	0.0	0.0	0.0	0.0	0.0	0.0	0.0	0.0	0.0	0.0	0.0	0.0	0.0	0.0	0.0	0.0	0.0	0.0	0.0	0.0	0.0	0.0	0.0	0.0	0.0	0.0	0.0	0.0	0.0	0.0	0.0	0.0	0.0	0.0	0.0	0.0	0.0	0.0	0.0	0.0	0.0	0.0	0.0	0.0	0.0	0.0	0.0	0.0	0.0
Root; d__Bacteria; p__Planctomycetota; c__Planctomycetia; o__Pirellulales; f__UBA1268; g__QWPN01	0.0	0.0	0.0	0.0	0.0	0.0	0.0	0.0	0.0	0.0	0.0	0.0	0.0	0.0	0.0	0.0	0.0	0.0	0.0	0.0	0.0	0.0	0.0	0.0	0.0	0.0	0.0	0.0	0.0	0.0	0.0	0.0	0.0	0.0	0.0	0.0	0.0	0.0	0.0	0.0	0.0	0.0	0.0	0.0	0.0	0.0	0.0	0.0	0.0	0.0	0.0	0.0	0.0	0.0	0.0	0.0	0.0	0.0	0.0	0.0	0.0	0.0	0.0	0.0	0.0	0.0	0.0	0.0	0.0	0.0	0.0	0.0
Root; d__Bacteria; p__Planctomycetota; c__Planctomycetia; o__Gemmatales; f__Gemmataceae; g__MOTU40_085710	0.0	0.0	0.0	0.0	0.0	0.0	0.0	0.0	0.0	0.0	0.0	0.0	0.0	0.0	0.0	0.0	0.0	0.0	0.0	0.0	0.0	0.0	0.0	0.0	0.0	0.0	0.0	0.0	0.0	0.0	0.0	0.0	0.0	0.0	0.0	0.0	0.0	0.0	0.0	0.0	0.0	0.0	0.0	0.0	0.0	0.0	0.0	0.0	0.0	0.0	0.0	0.0	0.0	0.0	0.0	0.0	0.0	0.0	0.0	0.0	0.0	0.01	0.0	0.0	0.0	0.0	0.0	0.0	0.0	0.0	0.0	0.0
Root; d__Bacteria; p__Planctomycetota; c__Planctomycetia; o__Gemmatales; f__Gemmataceae; g__JAIEMG01	0.0	0.0	0.0	0.0	0.0	0.0	0.0	0.0	0.0	0.0	0.0	0.0	0.0	0.0	0.0	0.0	0.0	0.0	0.0	0.0	0.0	0.0	0.0	0.0	0.0	0.0	0.0	0.0	0.0	0.0	0.0	0.0	0.0	0.0	0.0	0.0	0.0	0.0	0.0	0.0	0.0	0.0	0.0	0.0	0.0	0.0	0.0	0.0	0.0	0.0	0.0	0.0	0.0	0.0	0.0	0.0	0.0	0.0	0.0	0.0	0.0	0.0	0.0	0.0	0.0	0.0	0.0	0.0	0.0	0.0	0.0	0.0
Root; d__Bacteria; p__Planctomycetota; c__Planctomycetia; o__Gemmatales; f__Gemmataceae; g__JAKEFD01	0.0	0.0	0.0	0.0	0.0	0.0	0.0	0.0	0.0	0.0	0.0	0.0	0.0	0.0	0.0	0.0	0.0	0.0	0.0	0.0	0.0	0.0	0.0	0.0	0.0	0.0	0.0	0.0	0.0	0.0	0.0	0.0	0.0	0.0	0.0	0.0	0.0	0.0	0.0	0.0	0.0	0.0	0.0	0.0	0.0	0.0	0.0	0.0	0.0	0.0	0.0	0.0	0.0	0.0	0.0	0.0	0.0	0.0	0.0	0.0	0.0	0.0	0.0	0.0	0.0	0.0	0.0	0.0	0.0	0.0	0.0	0.0
Root; d__Bacteria; p__Planctomycetota; c__Planctomycetia; o__Gemmatales; f__Gemmataceae; g__JAXMAR01	0.0	0.0	0.0	0.0	0.0	0.0	0.0	0.0	0.0	0.0	0.0	0.0	0.0	0.0	0.0	0.0	0.0	0.0	0.0	0.0	0.0	0.0	0.0	0.0	0.0	0.0	0.0	0.0	0.0	0.0	0.0	0.0	0.0	0.0	0.0	0.0	0.0	0.0	0.0	0.0	0.0	0.0	0.0	0.0	0.0	0.0	0.0	0.0	0.0	0.0	0.0	0.0	0.0	0.0	0.0	0.0	0.0	0.0	0.0	0.0	0.0	0.01	0.0	0.0	0.0	0.0	0.0	0.0	0.0	0.0	0.0	0.0
Root; d__Bacteria; p__Planctomycetota; c__Planctomycetia; o__Gemmatales; f__Gemmataceae; g__JAIOQJ01	0.0	0.0	0.0	0.0	0.0	0.0	0.0	0.0	0.0	0.0	0.0	0.0	0.0	0.0	0.0	0.0	0.0	0.0	0.0	0.0	0.0	0.0	0.0	0.0	0.0	0.0	0.0	0.0	0.0	0.0	0.0	0.0	0.0	0.0	0.0	0.0	0.0	0.0	0.0	0.0	0.0	0.0	0.0	0.0	0.0	0.0	0.0	0.0	0.0	0.0	0.0	0.0	0.0	0.0	0.0	0.0	0.0	0.0	0.0	0.0	0.0	0.01	0.0	0.0	0.0	0.0	0.0	0.0	0.0	0.0	0.0	0.0
Root; d__Bacteria; p__Planctomycetota; c__Planctomycetia; o__Gemmatales; f__Gemmataceae; g__GCMETA_00542898	0.0	0.0	0.0	0.0	0.0	0.0	0.0	0.0	0.0	0.0	0.0	0.0	0.0	0.0	0.0	0.0	0.0	0.0	0.0	0.0	0.0	0.0	0.0	0.0	0.0	0.0	0.0	0.0	0.0	0.0	0.0	0.0	0.0	0.0	0.0	0.0	0.0	0.0	0.0	0.0	0.0	0.0	0.0	0.0	0.0	0.0	0.0	0.0	0.0	0.0	0.0	0.0	0.0	0.0	0.0	0.0	0.0	0.0	0.0	0.0	0.0	0.0	0.0	0.0	0.0	0.0	0.0	0.0	0.0	0.0	0.0	0.0
Root; d__Bacteria; p__Planctomycetota; c__Planctomycetia; o__Gemmatales; f__Gemmataceae; g__JAGVLI01	0.0	0.0	0.0	0.0	0.0	0.0	0.0	0.0	0.0	0.0	0.0	0.0	0.0	0.0	0.0	0.0	0.0	0.0	0.0	0.0	0.0	0.0	0.0	0.0	0.0	0.0	0.0	0.0	0.0	0.0	0.0	0.0	0.0	0.0	0.0	0.0	0.0	0.0	0.0	0.0	0.0	0.0	0.0	0.0	0.0	0.0	0.0	0.0	0.0	0.0	0.0	0.0	0.0	0.0	0.0	0.0	0.0	0.0	0.0	0.0	0.0	0.01	0.0	0.0	0.0	0.0	0.0	0.0	0.0	0.0	0.0	0.0
Root; d__Bacteria; p__Planctomycetota; c__PLA2; o__PLA2; f__JAEUHO01; g__JAEUHO01	0.0	0.0	0.0	0.0	0.0	0.0	0.0	0.0	0.0	0.0	0.0	0.0	0.0	0.0	0.0	0.0	0.0	0.0	0.0	0.0	0.0	0.0	0.0	0.0	0.0	0.0	0.0	0.0	0.0	0.0	0.0	0.0	0.0	0.0	0.0	0.0	0.0	0.0	0.0	0.0	0.0	0.0	0.0	0.0	0.0	0.0	0.0	0.0	0.0	0.0	0.0	0.0	0.0	0.0	0.0	0.0	0.0	0.0	0.0	0.0	0.0	0.01	0.0	0.0	0.0	0.0	0.0	0.0	0.0	0.0	0.0	0.0
Root; d__Bacteria; p__Planctomycetota; c__UBA11346; o__UBA11346; f__UBA11346; g__DASPLE01	0.0	0.0	0.0	0.0	0.0	0.0	0.0	0.0	0.0	0.0	0.0	0.0	0.0	0.0	0.0	0.0	0.0	0.0	0.0	0.0	0.0	0.0	0.0	0.0	0.0	0.0	0.0	0.0	0.0	0.0	0.0	0.0	0.0	0.0	0.0	0.0	0.0	0.0	0.0	0.0	0.0	0.0	0.0	0.0	0.0	0.0	0.0	0.0	0.0	0.0	0.0	0.0	0.0	0.0	0.0	0.0	0.0	0.0	0.0	0.0	0.0	0.01	0.0	0.0	0.0	0.0	0.0	0.0	0.0	0.0	0.0	0.0
Root; d__Bacteria; p__Patescibacteriota; c__Microgenomatia; o__Levybacterales; f__UBA12049; g__JACDET01	0.0	0.0	0.0	0.0	0.0	0.0	0.0	0.0	0.0	0.0	0.0	0.0	0.0	0.0	0.0	0.0	0.0	0.0	0.0	0.0	0.0	0.0	0.0	0.0	0.0	0.0	0.0	0.0	0.0	0.0	0.0	0.0	0.0	0.0	0.0	0.0	0.0	0.0	0.0	0.0	0.0	0.0	0.0	0.0	0.0	0.0	0.0	0.0	0.0	0.0	0.0	0.0	0.0	0.0	0.0	0.0	0.0	0.0	0.0	0.0	0.0	0.0	0.0	0.0	0.0	0.0	0.0	0.0	0.0	0.0	0.0	0.0
Root; d__Bacteria; p__Patescibacteriota; c__Microgenomatia; o__Levybacterales; f__UBA12049; g__JBPOIT01	0.0	0.0	0.0	0.0	0.0	0.0	0.0	0.0	0.0	0.0	0.0	0.0	0.0	0.0	0.0	0.0	0.0	0.0	0.0	0.0	0.0	0.0	0.0	0.0	0.0	0.0	0.0	0.0	0.0	0.0	0.0	0.0	0.0	0.0	0.0	0.0	0.0	0.0	0.0	0.0	0.0	0.0	0.0	0.0	0.0	0.0	0.0	0.0	0.0	0.0	0.0	0.0	0.0	0.0	0.0	0.0	0.0	0.0	0.0	0.0	0.0	0.01	0.0	0.0	0.0	0.0	0.0	0.0	0.0	0.0	0.0	0.0
Root; d__Bacteria; p__Patescibacteriota; c__Saccharimonadia; o__Saccharimonadales; f__UBA10212; g__2-01-FULL-49-22	0.0	0.0	0.0	0.0	0.0	0.0	0.0	0.0	0.0	0.0	0.0	0.0	0.0	0.0	0.0	0.0	0.0	0.0	0.0	0.0	0.0	0.0	0.0	0.0	0.0	0.0	0.0	0.0	0.0	0.0	0.0	0.0	0.0	0.0	0.0	0.0	0.0	0.0	0.0	0.0	0.0	0.0	0.0	0.0	0.0	0.0	0.0	0.0	0.0	0.0	0.0	0.0	0.0	0.0	0.0	0.0	0.0	0.0	0.0	0.0	0.0	0.01	0.0	0.0	0.0	0.0	0.0	0.0	0.0	0.0	0.0	0.0
Root; d__Bacteria; p__Patescibacteriota; c__Saccharimonadia; o__Saccharimonadales; f__UBA4665; g__JANWHZ01	0.0	0.0	0.0	0.0	0.0	0.0	0.0	0.0	0.0	0.0	0.0	0.0	0.0	0.0	0.0	0.0	0.0	0.0	0.0	0.0	0.0	0.0	0.0	0.0	0.0	0.0	0.0	0.0	0.0	0.0	0.0	0.0	0.0	0.0	0.0	0.0	0.0	0.0	0.0	0.0	0.0	0.0	0.0	0.0	0.0	0.0	0.0	0.0	0.0	0.0	0.0	0.0	0.0	0.0	0.0	0.0	0.0	0.0	0.0	0.0	0.0	0.01	0.0	0.0	0.0	0.0	0.0	0.0	0.0	0.0	0.0	0.0
Root; d__Bacteria; p__Patescibacteriota; c__Saccharimonadia; o__Saccharimonadales; f__Saccharimonadaceae; g__UBA1020	0.0	0.0	0.0	0.0	0.0	0.0	0.0	0.0	0.0	0.0	0.0	0.0	0.0	0.0	0.0	0.0	0.0	0.0	0.0	0.0	0.0	0.0	0.0	0.0	0.0	0.0	0.0	0.0	0.0	0.0	0.0	0.0	0.0	0.0	0.0	0.0	0.0	0.0	0.0	0.0	0.0	0.0	0.0	0.0	0.0	0.0	0.0	0.0	0.0	0.0	0.0	0.0	0.0	0.0	0.0	0.0	0.0	0.0	0.0	0.0	0.0	0.0	0.0	0.0	0.0	0.0	0.0	0.0	0.0	0.0	0.0	0.0
Root; d__Bacteria; p__Patescibacteriota; c__Minisyncoccia; o__Phycocordibacterales; f__UBA2100; g__SPIREOTU_01247628	0.0	0.0	0.0	0.0	0.0	0.0	0.0	0.0	0.0	0.0	0.0	0.0	0.0	0.0	0.0	0.0	0.0	0.0	0.0	0.0	0.0	0.0	0.0	0.0	0.0	0.0	0.0	0.0	0.0	0.0	0.0	0.0	0.0	0.0	0.0	0.0	0.0	0.0	0.0	0.0	0.0	0.0	0.0	0.0	0.0	0.0	0.0	0.0	0.0	0.0	0.0	0.0	0.0	0.0	0.0	0.0	0.0	0.0	0.0	0.0	0.0	0.01	0.0	0.0	0.0	0.0	0.0	0.0	0.0	0.0	0.0	0.0
Root; d__Bacteria; p__Verrucomicrobiota; c__Verrucomicrobiia; o__Limisphaerales; f__UBA8199; g__JANXQE01	0.0	0.0	0.0	0.0	0.0	0.0	0.0	0.0	0.0	0.0	0.0	0.0	0.0	0.0	0.0	0.0	0.0	0.0	0.0	0.0	0.0	0.0	0.0	0.0	0.0	0.0	0.0	0.0	0.0	0.0	0.0	0.0	0.0	0.0	0.0	0.0	0.0	0.0	0.0	0.0	0.0	0.0	0.0	0.0	0.0	0.0	0.0	0.0	0.0	0.0	0.0	0.0	0.0	0.0	0.0	0.0	0.0	0.0	0.0	0.0	0.0	0.01	0.0	0.0	0.0	0.0	0.0	0.0	0.0	0.0	0.0	0.0
Root; d__Bacteria; p__Verrucomicrobiota; c__Verrucomicrobiia; o__Limisphaerales; f__JBBRPK01; g__SPIREOTU_00178210	0.0	0.0	0.0	0.0	0.0	0.0	0.0	0.0	0.0	0.0	0.0	0.0	0.0	0.0	0.0	0.0	0.0	0.0	0.0	0.0	0.0	0.0	0.0	0.0	0.0	0.0	0.0	0.0	0.0	0.0	0.0	0.0	0.0	0.0	0.0	0.0	0.0	0.0	0.0	0.0	0.0	0.0	0.0	0.0	0.0	0.0	0.0	0.0	0.0	0.0	0.0	0.0	0.0	0.0	0.0	0.0	0.0	0.0	0.0	0.0	0.0	0.01	0.0	0.0	0.0	0.0	0.0	0.0	0.0	0.0	0.0	0.0
Root; d__Bacteria; p__Verrucomicrobiota; c__Verrucomicrobiia; o__Limisphaerales; f__JADLHS01; g__JADLHS01	0.0	0.0	0.0	0.0	0.0	0.0	0.0	0.0	0.0	0.0	0.0	0.0	0.0	0.0	0.0	0.0	0.0	0.0	0.0	0.0	0.0	0.0	0.0	0.0	0.0	0.0	0.0	0.0	0.0	0.0	0.0	0.0	0.0	0.0	0.0	0.0	0.0	0.0	0.0	0.0	0.0	0.0	0.0	0.0	0.0	0.0	0.0	0.0	0.0	0.0	0.0	0.0	0.0	0.0	0.0	0.0	0.0	0.0	0.0	0.0	0.0	0.0	0.0	0.0	0.0	0.0	0.0	0.0	0.0	0.0	0.0	0.0
Root; d__Bacteria; p__Verrucomicrobiota; c__Verrucomicrobiia; o__Chthoniobacterales; f__Chthoniobacteraceae; g__VFJQ01	0.0	0.0	0.0	0.0	0.0	0.0	0.0	0.0	0.0	0.0	0.0	0.0	0.0	0.0	0.0	0.0	0.0	0.0	0.0	0.0	0.0	0.0	0.0	0.0	0.0	0.0	0.0	0.0	0.0	0.0	0.0	0.0	0.0	0.0	0.0	0.0	0.0	0.0	0.0	0.0	0.0	0.0	0.0	0.0	0.0	0.0	0.0	0.0	0.0	0.0	0.0	0.0	0.0	0.0	0.0	0.0	0.0	0.0	0.0	0.0	0.0	0.01	0.0	0.0	0.0	0.0	0.0	0.0	0.0	0.0	0.0	0.0
Root; d__Bacteria; p__Verrucomicrobiota; c__Verrucomicrobiia; o__Opitutales; f__Opitutaceae; g__SPIREOTU_01905895	0.0	0.0	0.0	0.0	0.0	0.0	0.0	0.0	0.0	0.0	0.0	0.0	0.0	0.0	0.0	0.0	0.0	0.0	0.0	0.0	0.0	0.0	0.0	0.0	0.0	0.0	0.0	0.0	0.0	0.0	0.0	0.0	0.0	0.0	0.0	0.0	0.0	0.0	0.0	0.0	0.0	0.0	0.0	0.0	0.0	0.0	0.0	0.0	0.0	0.0	0.0	0.0	0.0	0.0	0.0	0.0	0.0	0.0	0.0	0.0	0.0	0.0	0.0	0.0	0.0	0.0	0.0	0.0	0.0	0.0	0.0	0.0
Root; d__Bacteria; p__Acidobacteriota; c__Terriglobia; o__Bryobacterales; f__Bryobacteraceae; g__DATGMB01	0.0	0.0	0.0	0.0	0.0	0.0	0.0	0.0	0.0	0.0	0.0	0.0	0.0	0.0	0.0	0.0	0.0	0.0	0.0	0.0	0.0	0.0	0.0	0.0	0.0	0.0	0.0	0.0	0.0	0.0	0.0	0.0	0.0	0.0	0.0	0.0	0.0	0.0	0.0	0.0	0.0	0.0	0.0	0.0	0.0	0.0	0.0	0.0	0.0	0.0	0.0	0.0	0.0	0.0	0.0	0.0	0.0	0.0	0.0	0.0	0.0	0.0	0.0	0.0	0.0	0.0	0.0	0.0	0.0	0.0	0.0	0.0
Root; d__Bacteria; p__Acidobacteriota; c__Terriglobia; o__Terriglobales; f__Acidobacteriaceae; g__JAJXZT01	0.0	0.0	0.0	0.0	0.0	0.0	0.0	0.0	0.0	0.0	0.0	0.0	0.0	0.0	0.0	0.0	0.0	0.0	0.0	0.0	0.0	0.0	0.0	0.0	0.0	0.0	0.0	0.0	0.0	0.0	0.0	0.0	0.0	0.0	0.0	0.0	0.0	0.0	0.0	0.0	0.0	0.0	0.0	0.0	0.0	0.0	0.0	0.0	0.0	0.0	0.0	0.0	0.0	0.0	0.0	0.0	0.0	0.0	0.0	0.0	0.0	0.0	0.0	0.0	0.0	0.0	0.0	0.0	0.0	0.0	0.0	0.0
Root; d__Bacteria; p__Acidobacteriota; c__Terriglobia; o__Terriglobales; f__Acidobacteriaceae; g__DASVWZ01	0.0	0.0	0.0	0.0	0.0	0.0	0.0	0.0	0.0	0.0	0.0	0.0	0.0	0.0	0.0	0.0	0.0	0.0	0.0	0.0	0.0	0.0	0.0	0.0	0.0	0.0	0.0	0.0	0.0	0.0	0.0	0.0	0.0	0.0	0.0	0.0	0.0	0.0	0.0	0.0	0.0	0.0	0.0	0.0	0.0	0.0	0.0	0.0	0.0	0.0	0.0	0.0	0.0	0.0	0.0	0.0	0.0	0.0	0.0	0.0	0.0	0.0	0.0	0.0	0.0	0.0	0.0	0.0	0.0	0.0	0.0	0.0
Root; d__Bacteria; p__Acidobacteriota; c__Terriglobia; o__Terriglobales; f__Acidobacteriaceae; g__JABDBE01	0.0	0.0	0.0	0.0	0.0	0.0	0.0	0.0	0.0	0.0	0.0	0.0	0.0	0.0	0.0	0.0	0.0	0.0	0.0	0.0	0.0	0.0	0.0	0.0	0.0	0.0	0.0	0.0	0.0	0.0	0.0	0.0	0.0	0.0	0.0	0.0	0.0	0.0	0.0	0.0	0.0	0.0	0.0	0.0	0.0	0.0	0.0	0.0	0.0	0.0	0.0	0.0	0.0	0.0	0.0	0.0	0.0	0.0	0.0	0.0	0.0	0.01	0.0	0.0	0.0	0.0	0.0	0.0	0.0	0.0	0.0	0.0
Root; d__Bacteria; p__Acidobacteriota; c__Terriglobia; o__Terriglobales; f__Acidobacteriaceae; g__Silvibacterium	0.0	0.0	0.0	0.0	0.0	0.0	0.0	0.0	0.0	0.0	0.0	0.0	0.0	0.0	0.0	0.0	0.0	0.0	0.0	0.0	0.0	0.0	0.0	0.0	0.0	0.0	0.0	0.0	0.0	0.0	0.0	0.0	0.0	0.0	0.0	0.0	0.0	0.0	0.0	0.0	0.0	0.0	0.0	0.0	0.0	0.0	0.0	0.0	0.0	0.0	0.0	0.0	0.0	0.0	0.0	0.0	0.0	0.0	0.0	0.0	0.0	0.01	0.0	0.0	0.0	0.0	0.0	0.0	0.0	0.0	0.0	0.0
Root; d__Bacteria; p__Acidobacteriota; c__Terriglobia; o__2-12-FULL-54-10; f__2-12-FULL-54-10; g__JACPPJ01	0.0	0.0	0.0	0.0	0.0	0.0	0.0	0.0	0.0	0.0	0.0	0.0	0.0	0.0	0.0	0.0	0.0	0.0	0.0	0.0	0.0	0.0	0.0	0.0	0.0	0.0	0.0	0.0	0.0	0.0	0.0	0.0	0.0	0.0	0.0	0.0	0.0	0.0	0.0	0.0	0.0	0.0	0.0	0.0	0.0	0.0	0.0	0.0	0.0	0.0	0.0	0.0	0.0	0.0	0.0	0.0	0.0	0.0	0.0	0.0	0.0	0.01	0.0	0.0	0.0	0.0	0.0	0.0	0.0	0.0	0.0	0.0
Root; d__Bacteria; p__Acidobacteriota; c__Blastocatellia; o__Pyrinomonadales; f__Pyrinomonadaceae; g__DASVTR01	0.0	0.0	0.0	0.0	0.0	0.0	0.0	0.0	0.0	0.0	0.0	0.0	0.0	0.0	0.0	0.0	0.0	0.0	0.0	0.0	0.0	0.0	0.0	0.0	0.0	0.0	0.0	0.0	0.0	0.0	0.0	0.0	0.0	0.0	0.0	0.0	0.0	0.0	0.0	0.0	0.0	0.0	0.0	0.0	0.0	0.0	0.0	0.0	0.0	0.0	0.0	0.0	0.0	0.0	0.0	0.0	0.0	0.0	0.0	0.0	0.0	0.01	0.0	0.0	0.0	0.0	0.0	0.0	0.0	0.0	0.0	0.0
Root; d__Bacteria; p__Acidobacteriota; c__Vicinamibacteria; o__Vicinamibacterales; f__CAVVIG01; g__MGYG000497833	0.0	0.0	0.0	0.0	0.0	0.0	0.0	0.0	0.0	0.0	0.0	0.0	0.0	0.0	0.0	0.0	0.0	0.0	0.0	0.0	0.0	0.0	0.0	0.0	0.0	0.0	0.0	0.0	0.0	0.0	0.0	0.0	0.0	0.0	0.0	0.0	0.0	0.0	0.0	0.0	0.0	0.0	0.0	0.0	0.0	0.0	0.0	0.0	0.0	0.0	0.0	0.0	0.0	0.0	0.0	0.0	0.0	0.0	0.0	0.0	0.0	0.0	0.0	0.0	0.0	0.0	0.0	0.0	0.0	0.0	0.0	0.0
Root; d__Bacteria; p__Acidobacteriota; c__Vicinamibacteria; o__Vicinamibacterales; f__CAVVIG01; g__QHWJ01	0.0	0.0	0.0	0.0	0.0	0.0	0.0	0.0	0.0	0.0	0.0	0.0	0.0	0.0	0.0	0.0	0.0	0.0	0.0	0.0	0.0	0.0	0.0	0.0	0.0	0.0	0.0	0.0	0.0	0.0	0.0	0.0	0.0	0.0	0.0	0.0	0.0	0.0	0.0	0.0	0.0	0.0	0.0	0.0	0.0	0.0	0.0	0.0	0.0	0.0	0.0	0.0	0.0	0.0	0.0	0.0	0.0	0.0	0.0	0.0	0.0	0.0	0.0	0.0	0.0	0.0	0.0	0.0	0.0	0.0	0.0	0.0
Root; d__Bacteria; p__Acidobacteriota; c__Vicinamibacteria; o__Vicinamibacterales; f__CAVVIG01; g__JBLMXQ01	0.0	0.0	0.0	0.0	0.0	0.0	0.0	0.0	0.0	0.0	0.0	0.0	0.0	0.0	0.0	0.0	0.0	0.0	0.0	0.0	0.0	0.0	0.0	0.0	0.0	0.0	0.0	0.0	0.0	0.0	0.0	0.0	0.0	0.0	0.0	0.0	0.0	0.0	0.0	0.0	0.0	0.0	0.0	0.0	0.0	0.0	0.0	0.0	0.0	0.0	0.0	0.0	0.0	0.0	0.0	0.0	0.0	0.0	0.0	0.0	0.0	0.01	0.0	0.0	0.0	0.0	0.0	0.0	0.0	0.0	0.0	0.0
Root; d__Bacteria; p__Acidobacteriota; c__Vicinamibacteria; o__Vicinamibacterales; f__CAVVIG01; g__CAWEDP01	0.0	0.0	0.0	0.0	0.0	0.0	0.0	0.0	0.0	0.0	0.0	0.0	0.0	0.0	0.0	0.0	0.0	0.0	0.0	0.0	0.0	0.0	0.0	0.0	0.0	0.0	0.0	0.0	0.0	0.0	0.0	0.0	0.0	0.0	0.0	0.0	0.0	0.0	0.0	0.0	0.0	0.0	0.0	0.0	0.0	0.0	0.0	0.0	0.0	0.0	0.0	0.0	0.0	0.0	0.0	0.0	0.0	0.0	0.0	0.0	0.0	0.01	0.0	0.0	0.0	0.0	0.0	0.0	0.0	0.0	0.0	0.0
Root; d__Bacteria; p__Acidobacteriota; c__Vicinamibacteria; o__Vicinamibacterales; f__CAVVIG01; g__CAVRXZ01	0.0	0.0	0.0	0.0	0.0	0.0	0.0	0.0	0.0	0.0	0.0	0.0	0.0	0.0	0.0	0.0	0.0	0.0	0.0	0.0	0.0	0.0	0.0	0.0	0.0	0.0	0.0	0.0	0.0	0.0	0.0	0.0	0.0	0.0	0.0	0.0	0.0	0.0	0.0	0.0	0.0	0.0	0.0	0.0	0.0	0.0	0.0	0.0	0.0	0.0	0.0	0.0	0.0	0.0	0.0	0.0	0.0	0.0	0.0	0.0	0.0	0.0	0.0	0.0	0.0	0.0	0.0	0.0	0.0	0.0	0.0	0.0
Root; d__Bacteria; p__Acidobacteriota; c__Vicinamibacteria; o__Vicinamibacterales; f__UBA2999; g__JBEBGV01	0.0	0.0	0.0	0.0	0.0	0.0	0.0	0.0	0.0	0.0	0.0	0.0	0.0	0.0	0.0	0.0	0.0	0.0	0.0	0.0	0.0	0.0	0.0	0.0	0.0	0.0	0.0	0.0	0.0	0.0	0.0	0.0	0.0	0.0	0.0	0.0	0.0	0.0	0.0	0.0	0.0	0.0	0.0	0.0	0.0	0.0	0.0	0.0	0.0	0.0	0.0	0.0	0.0	0.0	0.0	0.0	0.0	0.0	0.0	0.0	0.0	0.01	0.0	0.0	0.0	0.0	0.0	0.0	0.0	0.0	0.0	0.0
Root; d__Bacteria; p__Acidobacteriota; c__Vicinamibacteria; o__Vicinamibacterales; f__UBA2999; g__CAWEBF01	0.0	0.0	0.0	0.0	0.0	0.0	0.0	0.0	0.0	0.0	0.0	0.0	0.0	0.0	0.0	0.0	0.0	0.0	0.0	0.0	0.0	0.0	0.0	0.0	0.0	0.0	0.0	0.0	0.0	0.0	0.0	0.0	0.0	0.0	0.0	0.0	0.0	0.0	0.0	0.0	0.0	0.0	0.0	0.0	0.0	0.0	0.0	0.0	0.0	0.0	0.0	0.0	0.0	0.0	0.0	0.0	0.0	0.0	0.0	0.0	0.0	0.01	0.0	0.0	0.0	0.0	0.0	0.0	0.0	0.0	0.0	0.0
Root; d__Bacteria; p__Acidobacteriota; c__Vicinamibacteria; o__Vicinamibacterales; f__UBA2999; g__SPIREOTU_01959658	0.0	0.0	0.0	0.0	0.0	0.0	0.0	0.0	0.0	0.0	0.0	0.0	0.0	0.0	0.0	0.0	0.0	0.0	0.0	0.0	0.0	0.0	0.0	0.0	0.0	0.0	0.0	0.0	0.0	0.0	0.0	0.0	0.0	0.0	0.0	0.0	0.0	0.0	0.0	0.0	0.0	0.0	0.0	0.0	0.0	0.0	0.0	0.0	0.0	0.0	0.0	0.0	0.0	0.0	0.0	0.0	0.0	0.0	0.0	0.0	0.0	0.01	0.0	0.0	0.0	0.0	0.0	0.0	0.0	0.0	0.0	0.0
Root; d__Bacteria; p__Acidobacteriota; c__Vicinamibacteria; o__Vicinamibacterales; f__SCN-69-37; g__JBDTNQ01	0.0	0.0	0.0	0.0	0.0	0.0	0.0	0.0	0.0	0.0	0.0	0.0	0.0	0.0	0.0	0.0	0.0	0.0	0.0	0.0	0.0	0.0	0.0	0.0	0.0	0.0	0.0	0.0	0.0	0.0	0.0	0.0	0.0	0.0	0.0	0.0	0.0	0.0	0.0	0.0	0.0	0.0	0.0	0.0	0.0	0.0	0.0	0.0	0.0	0.0	0.0	0.0	0.0	0.0	0.0	0.0	0.0	0.0	0.0	0.0	0.0	0.0	0.0	0.0	0.0	0.0	0.0	0.0	0.0	0.0	0.0	0.0
Root; d__Bacteria; p__Acidobacteriota; c__Vicinamibacteria; o__Vicinamibacterales; f__JAHECP01; g__JAHECP01	0.0	0.0	0.0	0.0	0.0	0.0	0.0	0.0	0.0	0.0	0.0	0.0	0.0	0.0	0.0	0.0	0.0	0.0	0.0	0.0	0.0	0.0	0.0	0.0	0.0	0.0	0.0	0.0	0.0	0.0	0.0	0.0	0.0	0.0	0.0	0.0	0.0	0.0	0.0	0.0	0.0	0.0	0.0	0.0	0.0	0.0	0.0	0.0	0.0	0.0	0.0	0.0	0.0	0.0	0.0	0.0	0.0	0.0	0.0	0.0	0.0	0.01	0.0	0.0	0.0	0.0	0.0	0.0	0.0	0.0	0.0	0.0
Root; d__Bacteria; p__Desulfobacterota; c__Binatia; o__Bin18; f__Bin18; g__JACQEL01	0.0	0.0	0.0	0.0	0.0	0.0	0.0	0.0	0.0	0.0	0.0	0.0	0.0	0.0	0.0	0.0	0.0	0.0	0.0	0.0	0.0	0.0	0.0	0.0	0.0	0.0	0.0	0.0	0.0	0.0	0.0	0.0	0.0	0.0	0.0	0.0	0.0	0.0	0.0	0.0	0.0	0.0	0.0	0.0	0.0	0.0	0.0	0.0	0.0	0.0	0.0	0.0	0.0	0.0	0.0	0.0	0.0	0.0	0.0	0.0	0.0	0.01	0.0	0.0	0.0	0.0	0.0	0.0	0.0	0.0	0.0	0.0
Root; d__Bacteria; p__Myxococcota_A; c__Polyangia; o__Polyangiales; f__Polyangiaceae; g__DATDJP01	0.0	0.0	0.0	0.0	0.0	0.0	0.0	0.0	0.0	0.0	0.0	0.0	0.0	0.0	0.0	0.0	0.0	0.0	0.0	0.0	0.0	0.0	0.0	0.0	0.0	0.0	0.0	0.0	0.0	0.0	0.0	0.0	0.0	0.0	0.0	0.0	0.0	0.0	0.0	0.0	0.0	0.0	0.0	0.0	0.0	0.0	0.0	0.0	0.0	0.0	0.0	0.0	0.0	0.0	0.0	0.0	0.0	0.0	0.0	0.0	0.0	0.01	0.0	0.0	0.0	0.0	0.0	0.0	0.0	0.0	0.0	0.0
Root; d__Bacteria; p__Myxococcota_A; c__Polyangia; o__Polyangiales; f__JADJMO01; g__JANYDK01	0.0	0.0	0.0	0.0	0.0	0.0	0.0	0.0	0.0	0.0	0.0	0.0	0.0	0.0	0.0	0.0	0.0	0.0	0.0	0.0	0.0	0.0	0.0	0.0	0.0	0.0	0.0	0.0	0.0	0.0	0.0	0.0	0.0	0.0	0.0	0.0	0.0	0.0	0.0	0.0	0.0	0.0	0.0	0.0	0.0	0.0	0.0	0.0	0.0	0.0	0.0	0.0	0.0	0.0	0.0	0.0	0.0	0.0	0.0	0.0	0.0	0.0	0.0	0.0	0.0	0.0	0.0	0.0	0.0	0.0	0.0	0.0
Root; d__Bacteria; p__Myxococcota_A; c__Polyangia; o__Polyangiales; f__Ga0077539; g__CBIHQZ01	0.0	0.0	0.0	0.0	0.0	0.0	0.0	0.0	0.0	0.0	0.0	0.0	0.0	0.0	0.0	0.0	0.0	0.0	0.0	0.0	0.0	0.0	0.0	0.0	0.0	0.0	0.0	0.0	0.0	0.0	0.0	0.0	0.0	0.0	0.0	0.0	0.0	0.0	0.0	0.0	0.0	0.0	0.0	0.0	0.0	0.0	0.0	0.0	0.0	0.0	0.0	0.0	0.0	0.0	0.0	0.0	0.0	0.0	0.0	0.0	0.0	0.0	0.0	0.0	0.0	0.0	0.0	0.0	0.0	0.0	0.0	0.0
Root; d__Bacteria; p__Myxococcota_A; c__Polyangia; o__Haliangiales; f__Haliangiaceae; g__JAIOQA01	0.0	0.0	0.0	0.0	0.0	0.0	0.0	0.0	0.0	0.0	0.0	0.0	0.0	0.0	0.0	0.0	0.0	0.0	0.0	0.0	0.0	0.0	0.0	0.0	0.0	0.0	0.0	0.0	0.0	0.0	0.0	0.0	0.0	0.0	0.0	0.0	0.0	0.0	0.0	0.0	0.0	0.0	0.0	0.0	0.0	0.0	0.0	0.0	0.0	0.0	0.0	0.0	0.0	0.0	0.0	0.0	0.0	0.0	0.0	0.0	0.0	0.01	0.0	0.0	0.0	0.0	0.0	0.0	0.0	0.0	0.0	0.0
Root; d__Bacteria; p__Myxococcota_A; c__Polyangia; o__Haliangiales; f__Haliangiaceae; g__MOTU40_130686	0.0	0.0	0.0	0.0	0.0	0.0	0.0	0.0	0.0	0.0	0.0	0.0	0.0	0.0	0.0	0.0	0.0	0.0	0.0	0.0	0.0	0.0	0.0	0.0	0.0	0.0	0.0	0.0	0.0	0.0	0.0	0.0	0.0	0.0	0.0	0.0	0.0	0.0	0.0	0.0	0.0	0.0	0.0	0.0	0.0	0.0	0.0	0.0	0.0	0.0	0.0	0.0	0.0	0.0	0.0	0.0	0.0	0.0	0.0	0.0	0.0	0.0	0.0	0.0	0.0	0.0	0.0	0.0	0.0	0.0	0.0	0.0
Root; d__Bacteria; p__Myxococcota_A; c__Polyangia; o__Haliangiales; f__Haliangiaceae; g__SPIREOTU_01826266	0.0	0.0	0.0	0.0	0.0	0.0	0.0	0.0	0.0	0.0	0.0	0.0	0.0	0.0	0.0	0.0	0.0	0.0	0.0	0.0	0.0	0.0	0.0	0.0	0.0	0.0	0.0	0.0	0.0	0.0	0.0	0.0	0.0	0.0	0.0	0.0	0.0	0.0	0.0	0.0	0.0	0.0	0.0	0.0	0.0	0.0	0.0	0.0	0.0	0.0	0.0	0.0	0.0	0.0	0.0	0.0	0.0	0.0	0.0	0.0	0.0	0.01	0.0	0.0	0.0	0.0	0.0	0.0	0.0	0.0	0.0	0.0
Root; d__Bacteria; p__Myxococcota_A; c__Polyangia; o__JAHFDS01; f__JAHFDS01; g__JAHFDS01	0.0	0.0	0.0	0.0	0.0	0.0	0.0	0.0	0.0	0.0	0.0	0.0	0.0	0.0	0.0	0.0	0.0	0.0	0.0	0.0	0.0	0.0	0.0	0.0	0.0	0.0	0.0	0.0	0.0	0.0	0.0	0.0	0.0	0.0	0.0	0.0	0.0	0.0	0.0	0.0	0.0	0.0	0.0	0.0	0.0	0.0	0.0	0.0	0.0	0.0	0.0	0.0	0.0	0.0	0.0	0.0	0.0	0.0	0.0	0.0	0.0	0.0	0.0	0.0	0.0	0.0	0.0	0.0	0.0	0.0	0.0	0.0
Root; d__Bacteria; p__Myxococcota_A; c__Polyangia; o__Nannocystales; f__Nannocystaceae; g__Plesiocystis	0.0	0.0	0.0	0.0	0.0	0.0	0.0	0.0	0.0	0.0	0.0	0.0	0.0	0.0	0.0	0.0	0.0	0.0	0.0	0.0	0.0	0.0	0.0	0.0	0.0	0.0	0.0	0.0	0.0	0.0	0.0	0.0	0.0	0.0	0.0	0.0	0.0	0.0	0.0	0.0	0.0	0.0	0.0	0.0	0.0	0.0	0.0	0.0	0.0	0.0	0.0	0.0	0.0	0.0	0.0	0.0	0.0	0.0	0.0	0.0	0.0	0.0	0.0	0.0	0.0	0.0	0.0	0.0	0.0	0.0	0.0	0.0
Root; d__Bacteria; p__Bacteroidota; c__Bacteroidia; o__Chitinophagales; f__Chitinophagaceae; g__Endoryza	0.0	0.0	0.0	0.0	0.0	0.0	0.0	0.0	0.0	0.0	0.0	0.0	0.0	0.0	0.0	0.0	0.0	0.0	0.0	0.0	0.0	0.0	0.0	0.0	0.0	0.0	0.0	0.0	0.0	0.0	0.0	0.0	0.0	0.0	0.0	0.0	0.0	0.0	0.0	0.0	0.0	0.0	0.0	0.0	0.0	0.0	0.0	0.0	0.0	0.0	0.0	0.0	0.0	0.0	0.0	0.0	0.0	0.0	0.0	0.0	0.0	0.0	0.0	0.0	0.0	0.0	0.0	0.0	0.0	0.0	0.0	0.0
Root; d__Bacteria; p__Bdellovibrionota; c__Bdellovibrionia; o__Bdellovibrionales; f__Bdellovibrionaceae; g__Pseudobdellovibrio	0.0	0.0	0.0	0.0	0.0	0.0	0.0	0.0	0.0	0.0	0.0	0.0	0.0	0.0	0.0	0.0	0.0	0.0	0.0	0.0	0.0	0.0	0.0	0.0	0.0	0.0	0.0	0.0	0.0	0.0	0.0	0.0	0.0	0.0	0.0	0.0	0.0	0.0	0.0	0.0	0.0	0.0	0.0	0.0	0.0	0.0	0.0	0.0	0.0	0.0	0.0	0.0	0.0	0.0	0.0	0.0	0.0	0.0	0.0	0.0	0.0	0.0	0.0	0.0	0.0	0.0	0.0	0.0	0.0	0.0	0.0	0.0
Root; d__Bacteria; p__Bdellovibrionota; c__UBA1018; o__UBA1018; f__UBA1018; g__CAVWVI01	0.0	0.0	0.0	0.0	0.0	0.0	0.0	0.0	0.0	0.0	0.0	0.0	0.0	0.0	0.0	0.0	0.0	0.0	0.0	0.0	0.0	0.0	0.0	0.0	0.0	0.0	0.0	0.0	0.0	0.0	0.0	0.0	0.0	0.0	0.0	0.0	0.0	0.0	0.0	0.0	0.0	0.0	0.0	0.0	0.0	0.0	0.0	0.0	0.0	0.0	0.0	0.0	0.0	0.0	0.0	0.0	0.0	0.0	0.0	0.0	0.0	0.0	0.0	0.0	0.0	0.0	0.0	0.0	0.0	0.0	0.0	0.0
Root; d__Bacteria; p__Bdellovibrionota; c__UBA1018; o__UBA1018; f__UBA1018; g__CAZCBS01	0.0	0.0	0.0	0.0	0.0	0.0	0.0	0.0	0.0	0.0	0.0	0.0	0.0	0.0	0.0	0.0	0.0	0.0	0.0	0.0	0.0	0.0	0.0	0.0	0.0	0.0	0.0	0.0	0.0	0.0	0.0	0.0	0.0	0.0	0.0	0.0	0.0	0.0	0.0	0.0	0.0	0.0	0.0	0.0	0.0	0.0	0.0	0.0	0.0	0.0	0.0	0.0	0.0	0.0	0.0	0.0	0.0	0.0	0.0	0.0	0.0	0.0	0.0	0.0	0.0	0.0	0.0	0.0	0.0	0.0	0.0	0.0
Root; d__Bacteria; p__Armatimonadota; c__Fimbriimonadia; o__Fimbriimonadales; f__Fimbriimonadaceae; g__JANYLD01	0.0	0.0	0.0	0.0	0.0	0.0	0.0	0.0	0.0	0.0	0.0	0.0	0.0	0.0	0.0	0.0	0.0	0.0	0.0	0.0	0.0	0.0	0.0	0.0	0.0	0.0	0.0	0.0	0.0	0.0	0.0	0.0	0.0	0.0	0.0	0.0	0.0	0.0	0.0	0.0	0.0	0.0	0.0	0.0	0.0	0.0	0.0	0.0	0.0	0.0	0.0	0.0	0.0	0.0	0.0	0.0	0.0	0.0	0.0	0.0	0.0	0.0	0.0	0.0	0.0	0.0	0.0	0.0	0.0	0.0	0.0	0.0
Root; d__Bacteria; p__Myxococcota; c__Myxococcia; o__Myxococcales; f__Myxococcaceae; g__SPIREOTU_01922922	0.0	0.0	0.0	0.0	0.0	0.0	0.0	0.0	0.0	0.0	0.0	0.0	0.0	0.0	0.0	0.0	0.0	0.0	0.0	0.0	0.0	0.0	0.0	0.0	0.0	0.0	0.0	0.0	0.0	0.0	0.0	0.0	0.0	0.0	0.0	0.0	0.0	0.0	0.0	0.0	0.0	0.0	0.0	0.0	0.0	0.0	0.0	0.0	0.0	0.0	0.0	0.0	0.0	0.0	0.0	0.0	0.0	0.0	0.0	0.0	0.0	0.01	0.0	0.0	0.0	0.0	0.0	0.0	0.0	0.0	0.0	0.0
Root; d__Bacteria; p__Myxococcota; c__Myxococcia; o__Myxococcales; f__Anaeromyxobacteraceae; g__CRBC_05036	0.0	0.0	0.0	0.0	0.0	0.0	0.0	0.0	0.0	0.0	0.0	0.0	0.0	0.0	0.0	0.0	0.0	0.0	0.0	0.0	0.0	0.0	0.0	0.0	0.0	0.0	0.0	0.0	0.0	0.0	0.0	0.0	0.0	0.0	0.0	0.0	0.0	0.0	0.0	0.0	0.0	0.0	0.0	0.0	0.0	0.0	0.0	0.0	0.0	0.0	0.0	0.0	0.0	0.0	0.0	0.0	0.0	0.0	0.0	0.0	0.0	0.01	0.0	0.0	0.0	0.0	0.0	0.0	0.0	0.0	0.0	0.0
Root; d__Bacteria; p__Gemmatimonadota; c__Gemmatimonadetes; o__Gemmatimonadales; f__Gemmatimonadaceae; g__SPIREOTU_01820166	0.0	0.0	0.0	0.0	0.0	0.0	0.0	0.0	0.0	0.0	0.0	0.0	0.0	0.0	0.0	0.0	0.0	0.0	0.0	0.0	0.0	0.0	0.0	0.0	0.0	0.0	0.0	0.0	0.0	0.0	0.0	0.0	0.0	0.0	0.0	0.0	0.0	0.0	0.0	0.0	0.0	0.0	0.0	0.0	0.0	0.0	0.0	0.0	0.0	0.0	0.0	0.0	0.0	0.0	0.0	0.0	0.0	0.0	0.0	0.0	0.0	0.01	0.0	0.0	0.0	0.0	0.0	0.0	0.0	0.0	0.0	0.0
Root; d__Bacteria; p__Gemmatimonadota; c__Gemmatimonadetes; o__Gemmatimonadales; f__Gemmatimonadaceae; g__TPMCS_00140	0.0	0.0	0.0	0.0	0.0	0.0	0.0	0.0	0.0	0.0	0.0	0.0	0.0	0.0	0.0	0.0	0.0	0.0	0.0	0.0	0.0	0.0	0.0	0.0	0.0	0.0	0.0	0.0	0.0	0.0	0.0	0.0	0.0	0.0	0.0	0.0	0.0	0.0	0.0	0.0	0.0	0.0	0.0	0.0	0.0	0.0	0.0	0.0	0.0	0.0	0.0	0.0	0.0	0.0	0.0	0.0	0.0	0.0	0.0	0.0	0.0	0.01	0.0	0.0	0.0	0.0	0.0	0.0	0.0	0.0	0.0	0.0
Root; d__Bacteria; p__Gemmatimonadota; c__Gemmatimonadetes; o__Gemmatimonadales; f__Gemmatimonadaceae; g__SPIREOTU_00059062	0.0	0.0	0.0	0.0	0.0	0.0	0.0	0.0	0.0	0.0	0.0	0.0	0.0	0.0	0.0	0.0	0.0	0.0	0.0	0.0	0.0	0.0	0.0	0.0	0.0	0.0	0.0	0.0	0.0	0.0	0.0	0.0	0.0	0.0	0.0	0.0	0.0	0.0	0.0	0.0	0.0	0.0	0.0	0.0	0.0	0.0	0.0	0.0	0.0	0.0	0.0	0.0	0.0	0.0	0.0	0.0	0.0	0.0	0.0	0.0	0.0	0.0	0.0	0.0	0.0	0.0	0.0	0.0	0.0	0.0	0.01	0.0
Root; d__Bacteria; p__Gemmatimonadota; c__Gemmatimonadetes; o__Longimicrobiales; f__RSA9; g__SMAGOTU_18739	0.0	0.0	0.0	0.0	0.0	0.0	0.0	0.0	0.0	0.0	0.0	0.0	0.0	0.0	0.0	0.0	0.0	0.0	0.0	0.0	0.0	0.0	0.0	0.0	0.0	0.0	0.0	0.0	0.0	0.0	0.0	0.0	0.0	0.0	0.0	0.0	0.0	0.0	0.0	0.0	0.0	0.0	0.0	0.0	0.0	0.0	0.0	0.0	0.0	0.0	0.0	0.0	0.0	0.0	0.0	0.0	0.0	0.0	0.0	0.0	0.0	0.01	0.0	0.0	0.0	0.0	0.0	0.0	0.0	0.0	0.0	0.0
Root; d__Bacteria; p__4484-113; c__4484-113; o__4484-113; f__JAFGCY01; g__AMXMAG_0791	0.0	0.0	0.0	0.0	0.0	0.0	0.0	0.0	0.0	0.0	0.0	0.0	0.0	0.0	0.0	0.0	0.0	0.0	0.0	0.0	0.0	0.0	0.0	0.0	0.0	0.0	0.0	0.0	0.0	0.0	0.0	0.0	0.0	0.0	0.0	0.0	0.0	0.0	0.0	0.0	0.0	0.0	0.0	0.0	0.0	0.0	0.0	0.0	0.0	0.0	0.0	0.0	0.0	0.0	0.0	0.0	0.0	0.0	0.0	0.0	0.0	0.01	0.0	0.0	0.0	0.0	0.0	0.0	0.0	0.0	0.0	0.0
Root; d__Bacteria; p__Pseudomonadota; c__Gammaproteobacteria; o__Enterobacterales; f__Enterobacteriaceae; g__Scandinavium	0.0	0.0	0.0	0.0	0.0	0.0	0.0	0.0	0.0	0.0	0.0	0.0	0.0	0.0	0.0	0.0	0.0	0.0	0.0	0.0	0.0	0.0	0.0	0.0	0.0	0.0	0.0	0.0	0.0	0.0	0.0	0.0	0.0	0.0	0.0	0.0	0.0	0.0	0.0	0.0	0.0	0.0	0.0	0.0	0.0	0.0	0.0	0.0	0.0	0.0	0.0	0.0	0.0	0.0	0.0	0.0	0.0	0.0	0.0	0.0	0.0	0.0	0.0	0.37	0.33	0.36	0.0	0.0	0.0	0.0	0.0	0.0
Root; d__Bacteria; p__Actinomycetota; c__Actinomycetes; o__Actinomycetales; f__Micrococcaceae; g__Nesterenkonia	0.0	0.0	0.0	0.0	0.0	0.0	0.0	0.0	0.0	0.0	0.0	0.0	0.0	0.0	0.0	0.0	0.0	0.0	0.0	0.0	0.0	0.0	0.0	0.0	0.0	0.0	0.0	0.0	0.0	0.0	0.0	0.0	0.0	0.0	0.0	0.0	0.0	0.0	0.0	0.0	0.0	0.0	0.0	0.0	0.0	0.0	0.0	0.0	0.0	0.0	0.0	0.0	0.0	0.0	0.0	0.0	0.0	0.0	0.0	0.0	0.0	0.0	0.0	0.02	0.02	0.0	0.0	0.0	0.0	0.0	0.0	0.0
Root; d__Bacteria; p__Actinomycetota; c__Actinomycetes; o__Actinomycetales; f__Microbacteriaceae; g__Pseudoclavibacter	0.0	0.0	0.0	0.0	0.0	0.0	0.0	0.0	0.0	0.0	0.0	0.0	0.0	0.0	0.0	0.0	0.0	0.0	0.0	0.0	0.0	0.0	0.0	0.0	0.0	0.0	0.0	0.0	0.0	0.0	0.0	0.0	0.0	0.0	0.0	0.0	0.0	0.0	0.0	0.0	0.0	0.0	0.0	0.0	0.0	0.0	0.0	0.0	0.0	0.0	0.0	0.0	0.0	0.0	0.0	0.0	0.0	0.0	0.0	0.0	0.0	0.0	0.0	0.0	0.02	0.0	0.0	0.0	0.0	0.0	0.0	0.0
Root; d__Bacteria; p__Actinomycetota; c__JAICYB01; o__JAICYB01; f__JAICYB01; g__JAICYB01	0.0	0.0	0.0	0.0	0.0	0.0	0.0	0.0	0.0	0.0	0.0	0.0	0.0	0.0	0.0	0.0	0.0	0.0	0.0	0.0	0.0	0.0	0.0	0.0	0.0	0.0	0.0	0.0	0.0	0.0	0.0	0.0	0.0	0.0	0.0	0.0	0.0	0.0	0.0	0.0	0.0	0.0	0.0	0.0	0.0	0.0	0.0	0.0	0.0	0.0	0.0	0.0	0.0	0.0	0.0	0.0	0.0	0.0	0.0	0.0	0.0	0.0	0.0	0.0	0.0	0.0	0.0	0.0	0.0	0.0	0.01	0.0
Root; d__Bacteria; p__Acidobacteriota; c__Terriglobia; o__Bryobacterales; f__Bryobacteraceae; g__CAWCVR01	0.0	0.0	0.0	0.0	0.0	0.0	0.0	0.0	0.0	0.0	0.0	0.0	0.0	0.0	0.0	0.0	0.0	0.0	0.0	0.0	0.0	0.0	0.0	0.0	0.0	0.0	0.0	0.0	0.0	0.0	0.0	0.0	0.0	0.0	0.0	0.0	0.0	0.0	0.0	0.0	0.0	0.0	0.0	0.0	0.0	0.0	0.0	0.0	0.0	0.0	0.0	0.0	0.0	0.0	0.0	0.0	0.0	0.0	0.0	0.0	0.0	0.0	0.0	0.0	0.0	0.0	0.0	0.0	0.0	0.0	0.01	0.0
