taxonomy	Caro-Soil-SIP-pooled__JR71_7__27651__L1_S31_L005_R1_001	Caro-Soil-SIP-pooled__JR71_7__27651__L2_S55_L006_R1_001	Caro-Soil-SIP-pooled__JR71_7__27651__L3_S1319_L007_R1_001	Caro-Soil-SIP-pooled__JR72_8__27652__L1_S32_L005_R1_001	Caro-Soil-SIP-pooled__JR72_8__27652__L2_S56_L006_R1_001	Caro-Soil-SIP-pooled__JR72_8__27652__L3_S1320_L007_R1_001	Caro-Soil-SIP-pooled__JR73_9__27663__L1_S33_L005_R1_001	Caro-Soil-SIP-pooled__JR73_9__27663__L2_S57_L006_R1_001	Caro-Soil-SIP-pooled__JR73_9__27663__L3_S1321_L007_R1_001	Caro-Soil-SIP-pooled__JRP1_1__27645__L1_S25_L005_R1_001	Caro-Soil-SIP-pooled__JRP1_1__27645__L2_S49_L006_R1_001	Caro-Soil-SIP-pooled__JRP1_1__27645__L3_S1313_L007_R1_001	Caro-Soil-SIP-pooled__JRP2_2__27646__L1_S26_L005_R1_001	Caro-Soil-SIP-pooled__JRP2_2__27646__L2_S50_L006_R1_001	Caro-Soil-SIP-pooled__JRP2_2__27646__L3_S1314_L007_R1_001	Caro-Soil-SIP-pooled__JRP3_3__27647__L1_S27_L005_R1_001	Caro-Soil-SIP-pooled__JRP3_3__27647__L2_S51_L006_R1_001	Caro-Soil-SIP-pooled__JRP3_3__27647__L3_S1315_L007_R1_001	Caro-Soil-SIP-pooled__JS71_10__27664__L1_S34_L005_R1_001	Caro-Soil-SIP-pooled__JS71_10__27664__L2_S58_L006_R1_001	Caro-Soil-SIP-pooled__JS71_10__27664__L3_S1322_L007_R1_001	Caro-Soil-SIP-pooled__JS72_11__27665__L1_S35_L005_R1_001	Caro-Soil-SIP-pooled__JS72_11__27665__L2_S59_L006_R1_001	Caro-Soil-SIP-pooled__JS72_11__27665__L3_S1323_L007_R1_001	Caro-Soil-SIP-pooled__JS73_12__27666__L1_S36_L005_R1_001	Caro-Soil-SIP-pooled__JS73_12__27666__L2_S60_L006_R1_001	Caro-Soil-SIP-pooled__JS73_12__27666__L3_S1324_L007_R1_001	Caro-Soil-SIP-pooled__JSP1_4__27648__L1_S28_L005_R1_001	Caro-Soil-SIP-pooled__JSP1_4__27648__L2_S52_L006_R1_001	Caro-Soil-SIP-pooled__JSP1_4__27648__L3_S1316_L007_R1_001	Caro-Soil-SIP-pooled__JSP2_5__27649__L1_S29_L005_R1_001	Caro-Soil-SIP-pooled__JSP2_5__27649__L2_S53_L006_R1_001	Caro-Soil-SIP-pooled__JSP2_5__27649__L3_S1317_L007_R1_001	Caro-Soil-SIP-pooled__JSP3_6__27650__L1_S30_L005_R1_001	Caro-Soil-SIP-pooled__JSP3_6__27650__L2_S54_L006_R1_001	Caro-Soil-SIP-pooled__JSP3_6__27650__L3_S1318_L007_R1_001	Caro-Soil-SIP-pooled__LR71_19__27673__L1_S43_L005_R1_001	Caro-Soil-SIP-pooled__LR71_19__27673__L2_S67_L006_R1_001	Caro-Soil-SIP-pooled__LR71_19__27673__L3_S1331_L007_R1_001	Caro-Soil-SIP-pooled__LR72_20__27674__L1_S44_L005_R1_001	Caro-Soil-SIP-pooled__LR72_20__27674__L2_S68_L006_R1_001	Caro-Soil-SIP-pooled__LR72_20__27674__L3_S1332_L007_R1_001	Caro-Soil-SIP-pooled__LR73_21__27675__L1_S45_L005_R1_001	Caro-Soil-SIP-pooled__LR73_21__27675__L2_S69_L006_R1_001	Caro-Soil-SIP-pooled__LR73_21__27675__L3_S1333_L007_R1_001	Caro-Soil-SIP-pooled__LRP1_13__27667__L1_S37_L005_R1_001	Caro-Soil-SIP-pooled__LRP1_13__27667__L2_S61_L006_R1_001	Caro-Soil-SIP-pooled__LRP1_13__27667__L3_S1325_L007_R1_001	Caro-Soil-SIP-pooled__LRP2_14__27668__L1_S38_L005_R1_001	Caro-Soil-SIP-pooled__LRP2_14__27668__L2_S62_L006_R1_001	Caro-Soil-SIP-pooled__LRP2_14__27668__L3_S1326_L007_R1_001	Caro-Soil-SIP-pooled__LRP3_15__27669__L1_S39_L005_R1_001	Caro-Soil-SIP-pooled__LRP3_15__27669__L2_S63_L006_R1_001	Caro-Soil-SIP-pooled__LRP3_15__27669__L3_S1327_L007_R1_001	Caro-Soil-SIP-pooled__LS71_22__27676__L1_S46_L005_R1_001	Caro-Soil-SIP-pooled__LS71_22__27676__L2_S70_L006_R1_001	Caro-Soil-SIP-pooled__LS71_22__27676__L3_S1334_L007_R1_001	Caro-Soil-SIP-pooled__LS72_23__27677__L1_S47_L005_R1_001	Caro-Soil-SIP-pooled__LS72_23__27677__L2_S71_L006_R1_001	Caro-Soil-SIP-pooled__LS72_23__27677__L3_S1335_L007_R1_001	Caro-Soil-SIP-pooled__LS73_24__27678__L1_S48_L005_R1_001	Caro-Soil-SIP-pooled__LS73_24__27678__L2_S72_L006_R1_001	Caro-Soil-SIP-pooled__LS73_24__27678__L3_S1336_L007_R1_001	Caro-Soil-SIP-pooled__LSP1_16__27670__L1_S40_L005_R1_001	Caro-Soil-SIP-pooled__LSP1_16__27670__L2_S64_L006_R1_001	Caro-Soil-SIP-pooled__LSP1_16__27670__L3_S1328_L007_R1_001	Caro-Soil-SIP-pooled__LSP2_17__27671__L1_S41_L005_R1_001	Caro-Soil-SIP-pooled__LSP2_17__27671__L2_S65_L006_R1_001	Caro-Soil-SIP-pooled__LSP2_17__27671__L3_S1329_L007_R1_001	Caro-Soil-SIP-pooled__LSP3_18__27672__L1_S42_L005_R1_001	Caro-Soil-SIP-pooled__LSP3_18__27672__L2_S66_L006_R1_001	Caro-Soil-SIP-pooled__LSP3_18__27672__L3_S1330_L007_R1_001
unassigned	5.17	5.29	8.93	4.84	5.24	9.66	4.75	5.01	8.89	5.58	5.1	8.78	6.02	5.72	9.99	5.19	4.86	9.46	4.89	5.35	9.04	5.18	5.1	9.15	5.16	5.44	9.28	5.53	4.97	9.51	4.77	4.99	8.47	5.22	5.42	8.91	5.42	5.06	10.61	5.57	5.24	10.44	4.81	5.08	8.88	5.24	5.79	11.29	5.86	5.83	10.6	5.63	5.52	9.92	5.81	5.3	10.19	3.92	4.32	6.39	3.55	3.71	5.24	5.66	5.33	10.24	5.52	4.96	9.75	5.26	5.14	9.27
Root; d__Archaea; p__Thermoproteota; c__Nitrososphaeria; o__Nitrososphaerales	1.03	1.0	0.93	0.88	0.94	0.81	0.9	0.95	0.91	0.83	1.0	0.95	1.07	1.08	1.01	1.1	1.1	0.91	0.58	0.52	0.45	0.42	0.6	0.48	0.57	0.61	0.55	0.61	0.6	0.57	0.61	0.67	0.6	0.61	0.62	0.47	0.87	0.88	0.83	0.91	0.85	0.86	0.92	0.96	0.87	0.93	0.94	1.17	1.08	1.08	0.86	1.0	0.9	0.83	0.97	0.88	0.93	0.85	0.87	0.86	0.78	0.75	0.81	0.82	0.78	0.77	0.78	0.71	0.96	0.74	0.72	0.65
Root; d__Archaea; p__Nanobdellota; c__Nanobdellia; o__Woesearchaeales	0.02	0.0	0.0	0.0	0.0	0.0	0.0	0.0	0.0	0.0	0.0	0.0	0.0	0.0	0.0	0.0	0.01	0.0	0.02	0.0	0.0	0.0	0.0	0.0	0.0	0.0	0.0	0.0	0.0	0.0	0.0	0.0	0.0	0.0	0.0	0.0	0.02	0.03	0.0	0.01	0.04	0.0	0.03	0.03	0.0	0.02	0.0	0.0	0.0	0.0	0.0	0.0	0.02	0.0	0.0	0.02	0.0	0.02	0.01	0.0	0.02	0.03	0.0	0.02	0.0	0.0	0.0	0.02	0.0	0.0	0.03	0.0
Root; d__Bacteria; p__Actinomycetota; c__Actinomycetes; o__Propionibacteriales	6.57	6.6	6.15	6.78	6.87	6.76	6.47	6.71	6.68	6.85	6.68	6.8	6.37	5.91	6.51	5.59	5.37	5.48	6.49	6.7	6.31	6.8	6.5	6.28	6.94	6.86	6.66	6.93	6.76	6.76	6.63	6.55	6.38	6.3	6.23	6.0	3.43	3.19	3.28	3.24	3.37	3.14	3.47	3.17	3.53	2.81	2.79	2.51	2.87	2.86	2.88	2.83	2.64	2.77	4.31	4.25	4.16	3.93	4.05	4.05	4.27	4.1	4.07	4.0	3.98	3.83	3.44	3.6	3.52	3.49	3.62	3.65
Root; d__Bacteria; p__Actinomycetota; c__Actinomycetes; o__Mycobacteriales	6.41	5.91	5.94	6.18	5.83	5.39	6.14	6.0	5.87	5.71	5.75	5.89	5.63	5.4	5.26	6.0	6.06	5.44	5.33	5.35	5.34	5.42	5.06	5.28	5.2	5.33	5.27	5.29	5.27	5.05	5.28	5.18	5.05	5.17	5.18	5.1	5.71	5.88	6.03	5.85	5.8	5.75	5.75	5.83	5.88	5.48	5.89	5.92	5.61	5.67	5.67	5.68	5.87	5.56	6.17	6.26	6.37	6.22	6.38	6.38	6.22	6.43	6.26	6.3	6.03	6.22	5.9	5.79	5.44	5.96	5.71	5.92
Root; d__Bacteria; p__Actinomycetota; c__Actinomycetes; o__Streptomycetales	0.65	0.66	0.58	0.63	0.55	0.49	0.64	0.64	0.62	0.73	0.74	0.69	0.68	0.7	0.56	0.72	0.69	0.69	0.58	0.55	0.44	0.61	0.64	0.52	0.51	0.56	0.5	0.61	0.67	0.66	0.57	0.64	0.64	0.6	0.51	0.58	0.47	0.5	0.45	0.51	0.48	0.51	0.48	0.53	0.54	0.53	0.51	0.52	0.51	0.44	0.55	0.51	0.48	0.39	0.48	0.47	0.58	0.49	0.47	0.4	0.44	0.45	0.43	0.5	0.5	0.41	0.53	0.41	0.41	0.4	0.43	0.51
Root; d__Bacteria; p__Actinomycetota; c__Actinomycetes; o__Actinomycetales	5.76	5.69	5.9	5.56	5.5	5.38	6.29	6.08	5.88	5.28	5.44	5.31	4.74	4.84	4.49	3.31	3.78	3.88	2.41	2.63	2.57	2.62	2.58	2.54	2.46	2.61	2.27	2.63	2.78	2.47	2.43	2.64	2.21	2.56	2.77	2.41	1.41	1.4	1.39	1.35	1.5	1.37	1.55	1.59	1.26	1.24	1.19	1.4	1.34	1.2	1.3	1.34	1.4	1.38	1.87	1.89	1.9	1.84	1.8	1.82	1.91	1.9	1.89	2.87	3.02	2.85	1.56	1.75	1.63	1.69	1.68	1.53
Root; d__Bacteria; p__Actinomycetota; c__Actinomycetes; o__Streptosporangiales	0.41	0.36	0.32	0.32	0.34	0.35	0.35	0.3	0.21	0.55	0.52	0.51	0.43	0.35	0.53	0.44	0.47	0.45	0.28	0.21	0.26	0.22	0.27	0.26	0.24	0.25	0.14	0.28	0.31	0.23	0.3	0.28	0.15	0.28	0.28	0.26	0.51	0.42	0.32	0.45	0.43	0.51	0.5	0.5	0.41	0.44	0.46	0.52	0.44	0.42	0.4	0.53	0.41	0.58	0.46	0.41	0.3	0.41	0.42	0.49	0.39	0.42	0.41	0.38	0.34	0.3	0.4	0.44	0.37	0.38	0.34	0.43
Root; d__Bacteria; p__Actinomycetota; c__Actinomycetes; o__S36-B12	0.07	0.09	0.12	0.09	0.1	0.08	0.08	0.09	0.04	0.08	0.11	0.07	0.11	0.06	0.06	0.12	0.06	0.08	0.07	0.1	0.0	0.11	0.17	0.06	0.13	0.11	0.0	0.16	0.09	0.17	0.08	0.09	0.07	0.16	0.09	0.0	0.07	0.06	0.0	0.06	0.08	0.04	0.08	0.05	0.06	0.04	0.05	0.0	0.08	0.04	0.05	0.04	0.07	0.04	0.05	0.06	0.0	0.08	0.07	0.12	0.09	0.08	0.07	0.06	0.08	0.0	0.09	0.08	0.07	0.08	0.07	0.04
Root; d__Bacteria; p__Actinomycetota; c__Actinomycetes; o__JAFAQI01	0.05	0.05	0.0	0.03	0.04	0.0	0.04	0.06	0.07	0.07	0.07	0.0	0.07	0.07	0.1	0.17	0.09	0.11	0.2	0.24	0.21	0.19	0.18	0.25	0.27	0.19	0.21	0.21	0.18	0.16	0.21	0.21	0.19	0.23	0.26	0.18	0.34	0.29	0.23	0.27	0.27	0.22	0.31	0.33	0.3	0.26	0.23	0.2	0.25	0.26	0.17	0.29	0.24	0.2	0.13	0.18	0.08	0.15	0.17	0.19	0.17	0.15	0.15	0.18	0.17	0.11	0.16	0.19	0.13	0.13	0.17	0.19
Root; d__Bacteria; p__Actinomycetota; c__Actinomycetes; o__JACCUZ01	0.28	0.28	0.21	0.27	0.25	0.21	0.34	0.25	0.28	0.41	0.36	0.29	0.39	0.29	0.24	0.31	0.27	0.25	0.49	0.46	0.42	0.53	0.49	0.44	0.48	0.5	0.48	0.51	0.49	0.34	0.57	0.49	0.37	0.52	0.58	0.45	0.28	0.28	0.2	0.27	0.26	0.19	0.25	0.26	0.18	0.27	0.2	0.14	0.21	0.21	0.18	0.24	0.22	0.25	0.26	0.19	0.29	0.19	0.21	0.19	0.22	0.24	0.21	0.17	0.19	0.19	0.17	0.17	0.17	0.15	0.18	0.14
Root; d__Bacteria; p__Actinomycetota; c__Actinomycetes; o__Motilibacterales	0.06	0.05	0.0	0.06	0.08	0.0	0.07	0.07	0.0	0.06	0.08	0.04	0.06	0.05	0.0	0.08	0.03	0.0	0.07	0.08	0.0	0.08	0.05	0.0	0.07	0.07	0.06	0.06	0.05	0.05	0.09	0.05	0.04	0.09	0.05	0.06	0.03	0.03	0.0	0.02	0.06	0.0	0.05	0.04	0.06	0.03	0.03	0.07	0.05	0.02	0.05	0.05	0.05	0.06	0.05	0.09	0.06	0.09	0.05	0.06	0.09	0.08	0.06	0.11	0.05	0.07	0.04	0.05	0.0	0.08	0.09	0.08
Root; d__Bacteria; p__Actinomycetota; c__Actinomycetes; o__Frankiales	0.04	0.05	0.0	0.04	0.04	0.0	0.04	0.06	0.04	0.03	0.06	0.0	0.05	0.04	0.0	0.07	0.03	0.0	0.05	0.05	0.06	0.06	0.06	0.0	0.08	0.07	0.0	0.06	0.06	0.0	0.05	0.05	0.0	0.08	0.07	0.06	0.07	0.05	0.05	0.07	0.04	0.0	0.07	0.05	0.0	0.07	0.08	0.0	0.03	0.03	0.05	0.06	0.06	0.0	0.05	0.06	0.0	0.05	0.07	0.05	0.06	0.05	0.04	0.09	0.05	0.05	0.06	0.06	0.07	0.09	0.06	0.04
Root; d__Bacteria; p__Actinomycetota; c__Actinomycetes; o__BP-191	0.02	0.02	0.0	0.0	0.0	0.0	0.0	0.02	0.0	0.04	0.0	0.0	0.0	0.03	0.0	0.03	0.03	0.0	0.03	0.02	0.0	0.02	0.04	0.0	0.02	0.02	0.0	0.02	0.02	0.0	0.04	0.03	0.0	0.03	0.02	0.0	0.0	0.03	0.0	0.0	0.03	0.0	0.01	0.0	0.0	0.02	0.02	0.0	0.04	0.02	0.0	0.02	0.0	0.0	0.02	0.02	0.0	0.05	0.03	0.03	0.03	0.03	0.03	0.02	0.03	0.0	0.03	0.03	0.0	0.04	0.03	0.0
Root; d__Bacteria; p__Actinomycetota; c__Actinomycetes; o__JAHEKZ01	0.05	0.04	0.0	0.04	0.03	0.0	0.02	0.03	0.0	0.06	0.05	0.04	0.05	0.04	0.0	0.04	0.03	0.0	0.09	0.07	0.0	0.09	0.07	0.07	0.06	0.08	0.0	0.12	0.09	0.06	0.11	0.1	0.05	0.08	0.09	0.1	0.0	0.0	0.0	0.0	0.0	0.0	0.0	0.0	0.0	0.0	0.0	0.0	0.0	0.0	0.0	0.0	0.0	0.0	0.07	0.03	0.0	0.03	0.04	0.02	0.05	0.05	0.03	0.04	0.04	0.0	0.03	0.03	0.0	0.04	0.04	0.0
Root; d__Bacteria; p__Actinomycetota; c__Thermoleophilia; o__Solirubrobacterales	13.74	13.6	13.52	14.53	14.07	14.51	13.77	13.72	13.18	17.27	17.58	17.19	18.34	18.61	18.23	16.8	16.58	16.48	17.39	17.37	16.75	17.17	17.31	17.55	17.38	17.01	17.67	17.05	17.3	16.85	17.13	16.91	16.84	17.39	17.28	17.13	18.04	18.11	17.36	17.66	17.44	17.45	17.43	17.88	17.83	17.09	16.93	16.55	16.34	17.08	16.38	17.3	17.23	16.29	16.81	16.92	16.57	17.1	16.96	17.0	17.22	17.3	17.05	15.43	15.54	15.01	16.57	16.7	16.51	16.93	16.74	15.66
Root; d__Bacteria; p__Actinomycetota; c__Thermoleophilia; o__Gaiellales	6.4	6.66	6.64	6.71	6.23	6.68	6.32	6.3	6.13	8.15	7.89	8.31	8.5	8.38	7.85	7.09	7.46	6.85	10.41	10.16	10.29	10.23	10.34	10.12	10.34	10.14	10.48	10.16	10.28	9.97	10.58	10.11	10.28	10.21	10.29	9.6	7.43	7.73	7.72	7.4	7.75	7.55	8.02	7.51	7.18	7.22	7.31	6.74	7.09	7.14	6.35	7.01	7.27	6.56	8.36	8.54	7.95	8.43	8.42	8.47	8.28	8.35	8.27	7.32	7.39	7.12	8.19	7.88	8.13	7.94	7.94	7.8
Root; d__Bacteria; p__Actinomycetota; c__Thermoleophilia; o__Miltoncostaeales	0.08	0.06	0.06	0.03	0.06	0.0	0.07	0.07	0.0	0.08	0.06	0.0	0.06	0.06	0.0	0.06	0.06	0.09	0.07	0.05	0.06	0.06	0.06	0.0	0.05	0.08	0.0	0.05	0.06	0.0	0.05	0.06	0.0	0.06	0.05	0.0	0.04	0.03	0.0	0.02	0.03	0.0	0.02	0.02	0.0	0.03	0.04	0.0	0.05	0.07	0.08	0.06	0.04	0.0	0.04	0.03	0.0	0.04	0.04	0.05	0.04	0.05	0.03	0.07	0.05	0.07	0.06	0.04	0.07	0.05	0.06	0.04
Root; d__Bacteria; p__Actinomycetota; c__Acidimicrobiia; o__Acidimicrobiales	3.1	3.2	3.1	3.16	3.42	2.85	2.94	3.03	2.78	3.16	3.19	3.02	3.0	3.28	3.13	2.74	2.77	2.83	3.18	3.21	2.96	3.2	3.0	3.02	3.19	2.96	3.14	3.21	3.23	3.17	3.13	3.19	3.27	3.34	3.29	3.04	1.63	1.68	1.63	1.7	1.5	1.53	1.53	1.6	1.56	1.84	1.8	1.47	1.77	1.86	1.77	1.93	1.77	1.6	1.94	1.86	1.91	1.94	1.94	2.09	1.93	1.92	1.91	2.04	2.06	2.03	2.04	2.12	1.86	2.07	2.13	2.29
Root; d__Bacteria; p__Actinomycetota; c__Acidimicrobiia; o__IMCC26256	0.65	0.72	0.64	0.61	0.71	0.65	0.66	0.68	0.57	0.75	0.7	0.77	0.87	0.85	0.75	0.93	0.87	0.86	0.76	0.8	0.73	0.78	0.84	0.76	0.81	0.84	0.81	0.79	0.81	0.86	0.83	0.86	0.92	0.81	0.93	0.87	0.77	0.82	0.66	0.81	0.78	0.76	0.85	0.87	0.76	0.8	1.02	0.96	0.99	1.03	0.92	0.94	0.95	0.89	0.81	0.83	0.81	0.87	0.83	0.84	0.88	0.8	0.83	0.77	0.82	0.88	0.84	0.91	0.77	0.86	0.96	0.82
Root; d__Bacteria; p__Actinomycetota; c__UBA4738; o__UBA4738	0.6	0.52	0.52	0.56	0.49	0.56	0.42	0.43	0.5	0.74	0.75	0.6	0.81	0.79	0.76	0.55	0.61	0.6	1.04	1.04	0.84	0.88	0.97	1.07	0.98	0.94	0.97	0.99	1.09	0.95	1.03	1.05	1.01	1.06	0.96	1.11	0.5	0.46	0.37	0.48	0.46	0.48	0.5	0.5	0.42	0.4	0.37	0.4	0.46	0.44	0.34	0.45	0.54	0.46	0.68	0.75	0.85	0.76	0.78	0.79	0.77	0.77	0.74	0.76	0.71	0.69	0.78	0.73	0.69	0.81	0.85	0.82
Root; d__Bacteria; p__Actinomycetota; c__Rubrobacteria; o__Rubrobacterales	1.07	1.03	1.17	1.05	1.02	1.06	1.16	1.02	1.0	1.22	1.38	1.25	1.37	1.33	1.7	1.17	1.09	0.85	1.34	1.22	1.06	1.27	1.36	1.45	1.21	1.24	1.44	1.25	1.38	1.27	1.17	1.27	1.23	1.15	1.28	1.21	0.54	0.47	0.42	0.5	0.5	0.57	0.57	0.55	0.57	0.61	0.54	0.4	0.52	0.51	0.44	0.58	0.54	0.59	0.58	0.64	0.54	0.61	0.56	0.63	0.6	0.58	0.54	0.68	0.68	0.78	0.68	0.76	0.69	0.75	0.8	0.72
Root; d__Bacteria; p__Actinomycetota; c__CALGFH01; o__CALGFH01	0.14	0.18	0.11	0.12	0.16	0.12	0.16	0.13	0.14	0.17	0.17	0.14	0.2	0.18	0.15	0.15	0.14	0.13	0.05	0.04	0.05	0.06	0.03	0.04	0.04	0.07	0.0	0.05	0.04	0.0	0.06	0.09	0.04	0.04	0.07	0.0	0.06	0.08	0.06	0.11	0.06	0.08	0.08	0.1	0.1	0.08	0.05	0.0	0.07	0.05	0.06	0.06	0.07	0.0	0.18	0.19	0.19	0.17	0.18	0.14	0.2	0.19	0.16	0.16	0.14	0.11	0.12	0.15	0.08	0.17	0.14	0.12
Root; d__Bacteria; p__Actinomycetota; c__CADDZG01; o__CADDZG01	0.04	0.0	0.0	0.02	0.05	0.0	0.03	0.0	0.0	0.05	0.06	0.0	0.06	0.05	0.0	0.04	0.05	0.0	0.04	0.03	0.0	0.02	0.02	0.0	0.02	0.04	0.0	0.03	0.0	0.0	0.03	0.02	0.0	0.02	0.04	0.0	0.0	0.0	0.0	0.02	0.02	0.0	0.0	0.0	0.0	0.0	0.0	0.0	0.02	0.0	0.0	0.0	0.0	0.0	0.02	0.0	0.0	0.01	0.01	0.0	0.01	0.02	0.0	0.0	0.0	0.0	0.02	0.0	0.0	0.0	0.02	0.0
Root; d__Bacteria; p__Chloroflexota; c__Chloroflexia; o__Thermomicrobiales	1.12	1.31	1.14	1.33	1.36	1.18	1.2	1.13	1.31	1.05	1.06	1.2	0.99	1.11	1.04	0.85	0.89	0.96	0.93	1.03	0.91	0.87	0.98	0.9	0.82	0.92	0.87	1.03	0.93	0.97	0.96	0.85	0.99	0.93	0.99	0.75	0.6	0.59	0.59	0.59	0.58	0.61	0.64	0.65	0.58	0.63	0.57	0.66	0.72	0.64	0.72	0.68	0.61	0.64	0.54	0.6	0.47	0.62	0.58	0.56	0.57	0.61	0.61	0.58	0.59	0.51	0.62	0.6	0.53	0.54	0.51	0.57
Root; d__Bacteria; p__Chloroflexota; c__Chloroflexia; o__QHBQ01	0.09	0.09	0.08	0.1	0.09	0.05	0.07	0.09	0.05	0.07	0.08	0.1	0.06	0.05	0.0	0.12	0.12	0.06	0.1	0.1	0.0	0.08	0.07	0.0	0.11	0.09	0.1	0.1	0.1	0.07	0.07	0.12	0.1	0.09	0.1	0.07	0.26	0.2	0.22	0.18	0.21	0.22	0.23	0.2	0.19	0.23	0.25	0.23	0.25	0.23	0.22	0.28	0.21	0.2	0.26	0.28	0.27	0.3	0.28	0.23	0.27	0.28	0.23	0.26	0.24	0.32	0.28	0.3	0.26	0.31	0.25	0.22
Root; d__Bacteria; p__Chloroflexota; c__Chloroflexia; o__Chloroflexales	0.21	0.16	0.14	0.16	0.17	0.16	0.19	0.18	0.09	0.15	0.15	0.13	0.15	0.13	0.14	0.11	0.19	0.13	0.13	0.13	0.05	0.14	0.1	0.11	0.11	0.13	0.05	0.06	0.13	0.07	0.13	0.11	0.13	0.14	0.09	0.09	0.1	0.11	0.05	0.12	0.13	0.08	0.09	0.12	0.1	0.14	0.17	0.18	0.12	0.15	0.08	0.16	0.13	0.2	0.19	0.15	0.11	0.19	0.16	0.19	0.22	0.18	0.19	0.18	0.23	0.16	0.2	0.17	0.16	0.2	0.2	0.17
Root; d__Bacteria; p__Chloroflexota; c__UBA6077; o__UBA6077	0.21	0.27	0.24	0.33	0.27	0.28	0.28	0.25	0.28	0.42	0.33	0.34	0.38	0.35	0.33	0.4	0.42	0.34	0.34	0.37	0.46	0.36	0.35	0.41	0.38	0.38	0.32	0.43	0.39	0.36	0.38	0.38	0.41	0.39	0.36	0.22	0.45	0.42	0.4	0.49	0.52	0.46	0.5	0.47	0.29	0.54	0.54	0.46	0.48	0.53	0.48	0.49	0.46	0.86	0.59	0.47	0.51	0.63	0.52	0.57	0.55	0.6	0.62	0.59	0.72	0.53	0.63	0.63	0.55	0.67	0.69	0.58
Root; d__Bacteria; p__Chloroflexota; c__UBA6077; o__FW602-bin22	0.01	0.02	0.0	0.03	0.02	0.0	0.0	0.02	0.0	0.02	0.02	0.0	0.0	0.02	0.0	0.03	0.03	0.0	0.01	0.03	0.0	0.0	0.0	0.0	0.04	0.0	0.0	0.01	0.04	0.0	0.02	0.03	0.0	0.02	0.01	0.0	0.05	0.04	0.0	0.06	0.06	0.0	0.07	0.05	0.0	0.08	0.08	0.0	0.05	0.08	0.03	0.08	0.07	0.0	0.08	0.07	0.05	0.08	0.08	0.04	0.08	0.09	0.11	0.08	0.07	0.04	0.1	0.08	0.08	0.09	0.09	0.08
Root; d__Bacteria; p__Chloroflexota; c__Limnocylindria; o__Limnocylindrales	1.94	1.8	1.68	1.88	1.92	1.8	1.79	1.87	1.89	1.83	1.95	2.01	1.98	1.99	2.17	2.13	2.03	1.68	1.98	2.05	2.17	1.9	2.04	1.52	2.0	2.01	1.85	2.04	1.98	2.05	2.06	2.06	2.0	2.02	1.96	2.07	2.65	2.53	2.4	2.58	2.48	2.41	2.64	2.48	2.33	2.56	2.32	2.6	2.38	2.67	2.4	2.41	2.38	2.49	2.52	2.54	2.6	2.64	2.58	2.69	2.68	2.58	2.59	2.3	2.29	2.48	2.44	2.61	2.45	2.4	2.56	2.48
Root; d__Bacteria; p__Chloroflexota; c__Limnocylindria; o__QHBO01	0.23	0.2	0.12	0.29	0.35	0.21	0.29	0.3	0.22	0.32	0.3	0.34	0.3	0.33	0.31	0.29	0.23	0.17	0.17	0.15	0.12	0.16	0.14	0.13	0.14	0.17	0.15	0.14	0.14	0.21	0.15	0.18	0.15	0.16	0.18	0.11	0.24	0.22	0.23	0.21	0.22	0.15	0.26	0.24	0.19	0.19	0.26	0.21	0.18	0.22	0.18	0.24	0.19	0.2	0.05	0.04	0.0	0.05	0.06	0.06	0.07	0.08	0.07	0.06	0.07	0.0	0.05	0.07	0.07	0.05	0.06	0.0
Root; d__Bacteria; p__Chloroflexota; c__UBA11872; o__UBA12225	0.04	0.04	0.0	0.04	0.02	0.0	0.0	0.02	0.0	0.02	0.02	0.0	0.0	0.0	0.0	0.02	0.02	0.0	0.0	0.02	0.0	0.0	0.0	0.0	0.0	0.02	0.0	0.02	0.04	0.0	0.0	0.01	0.0	0.0	0.03	0.0	0.02	0.02	0.0	0.02	0.02	0.0	0.02	0.02	0.0	0.03	0.02	0.0	0.0	0.02	0.0	0.03	0.0	0.0	0.02	0.0	0.0	0.02	0.04	0.0	0.03	0.03	0.03	0.0	0.0	0.0	0.03	0.03	0.0	0.02	0.02	0.0
Root; d__Bacteria; p__Chloroflexota; c__Dehalococcoidia; o__DSTF01	0.06	0.09	0.05	0.06	0.07	0.07	0.07	0.08	0.06	0.12	0.05	0.09	0.1	0.07	0.1	0.15	0.11	0.07	0.11	0.12	0.11	0.1	0.11	0.06	0.11	0.15	0.07	0.1	0.12	0.12	0.12	0.15	0.12	0.13	0.12	0.14	0.12	0.13	0.11	0.13	0.1	0.07	0.12	0.11	0.07	0.15	0.13	0.1	0.18	0.14	0.13	0.12	0.1	0.12	0.13	0.12	0.08	0.13	0.14	0.11	0.13	0.13	0.11	0.15	0.12	0.06	0.15	0.15	0.1	0.17	0.16	0.15
Root; d__Bacteria; p__Chloroflexota; c__Dehalococcoidia; o__Tepidiformales	0.02	0.02	0.0	0.02	0.0	0.0	0.0	0.02	0.0	0.02	0.02	0.0	0.03	0.04	0.0	0.05	0.04	0.0	0.02	0.0	0.0	0.0	0.02	0.0	0.02	0.02	0.0	0.0	0.03	0.0	0.0	0.02	0.0	0.02	0.02	0.0	0.05	0.05	0.0	0.05	0.03	0.05	0.04	0.03	0.0	0.06	0.07	0.0	0.05	0.09	0.0	0.08	0.08	0.05	0.02	0.03	0.0	0.03	0.04	0.03	0.04	0.03	0.03	0.03	0.03	0.0	0.04	0.04	0.0	0.04	0.04	0.0
Root; d__Bacteria; p__Chloroflexota; c__Dehalococcoidia; o__UBA2979	0.03	0.0	0.0	0.0	0.0	0.0	0.0	0.02	0.0	0.0	0.02	0.0	0.0	0.02	0.0	0.02	0.04	0.0	0.02	0.03	0.0	0.0	0.02	0.0	0.02	0.02	0.0	0.02	0.02	0.0	0.04	0.02	0.0	0.02	0.02	0.0	0.03	0.03	0.0	0.04	0.04	0.0	0.03	0.04	0.0	0.05	0.05	0.0	0.03	0.06	0.0	0.03	0.05	0.0	0.03	0.03	0.0	0.04	0.04	0.03	0.04	0.03	0.03	0.03	0.01	0.0	0.03	0.0	0.0	0.02	0.03	0.0
Root; d__Bacteria; p__Chloroflexota; c__Anaerolineae; o__Aggregatilineales	0.23	0.15	0.15	0.18	0.14	0.18	0.2	0.21	0.18	0.16	0.2	0.14	0.16	0.21	0.15	0.17	0.19	0.15	0.07	0.08	0.05	0.08	0.08	0.0	0.09	0.08	0.07	0.11	0.12	0.06	0.09	0.09	0.08	0.07	0.06	0.0	0.06	0.09	0.06	0.06	0.08	0.05	0.08	0.08	0.04	0.1	0.13	0.0	0.13	0.08	0.09	0.07	0.08	0.05	0.13	0.13	0.1	0.13	0.13	0.1	0.14	0.13	0.13	0.21	0.17	0.18	0.16	0.16	0.15	0.14	0.15	0.11
Root; d__Bacteria; p__Chloroflexota; c__Anaerolineae; o__Anaerolineales	0.07	0.08	0.04	0.06	0.05	0.0	0.05	0.07	0.0	0.06	0.08	0.0	0.05	0.08	0.08	0.11	0.08	0.07	0.03	0.0	0.0	0.03	0.03	0.0	0.04	0.03	0.0	0.04	0.04	0.0	0.02	0.04	0.0	0.03	0.0	0.0	0.06	0.11	0.09	0.11	0.08	0.13	0.08	0.15	0.1	0.12	0.16	0.04	0.13	0.16	0.17	0.12	0.12	0.12	0.13	0.15	0.18	0.17	0.17	0.11	0.14	0.16	0.1	0.16	0.21	0.13	0.1	0.21	0.2	0.19	0.19	0.16
Root; d__Bacteria; p__Chloroflexota; c__Anaerolineae; o__Caldilineales	0.03	0.06	0.06	0.04	0.07	0.0	0.03	0.07	0.05	0.03	0.05	0.0	0.04	0.05	0.07	0.05	0.06	0.0	0.07	0.07	0.0	0.04	0.04	0.0	0.04	0.04	0.0	0.08	0.05	0.0	0.05	0.06	0.05	0.06	0.05	0.0	0.0	0.0	0.0	0.0	0.0	0.0	0.0	0.02	0.0	0.0	0.0	0.0	0.03	0.02	0.0	0.0	0.03	0.0	0.02	0.02	0.0	0.02	0.02	0.0	0.04	0.03	0.03	0.03	0.01	0.04	0.03	0.02	0.0	0.03	0.02	0.0
Root; d__Bacteria; p__Chloroflexota; c__Dormibacteria; o__Dormibacterales	0.07	0.08	0.05	0.05	0.06	0.06	0.06	0.08	0.07	0.08	0.11	0.05	0.07	0.07	0.0	0.09	0.07	0.07	0.03	0.03	0.0	0.0	0.03	0.0	0.04	0.0	0.0	0.04	0.02	0.0	0.03	0.03	0.0	0.04	0.03	0.0	0.09	0.07	0.06	0.08	0.08	0.11	0.05	0.08	0.0	0.06	0.06	0.0	0.09	0.09	0.0	0.08	0.08	0.0	0.17	0.13	0.11	0.14	0.15	0.11	0.16	0.14	0.16	0.12	0.13	0.06	0.15	0.16	0.15	0.14	0.14	0.08
Root; d__Bacteria; p__Pseudomonadota; c__Alphaproteobacteria; o__Rhizobiales	5.7	5.49	5.79	5.56	5.54	5.65	5.92	5.87	5.72	5.19	5.11	4.77	4.92	5.26	5.0	5.38	5.78	5.46	5.35	5.19	5.2	5.22	5.26	5.46	5.22	5.16	5.16	4.83	5.16	5.08	5.02	5.23	4.96	4.95	5.34	5.22	5.22	5.25	5.34	5.29	5.25	5.04	5.34	5.28	5.03	5.43	5.22	5.35	5.27	5.25	5.6	5.45	5.23	5.42	5.25	5.51	5.37	5.47	5.53	5.19	5.48	5.35	5.51	5.4	5.25	4.84	5.28	5.26	5.18	5.1	5.22	5.33
Root; d__Bacteria; p__Pseudomonadota; c__Alphaproteobacteria; o__Caulobacterales	0.74	0.77	0.9	0.68	0.74	0.62	0.85	0.87	0.88	0.61	0.61	0.5	0.55	0.61	0.46	0.64	0.58	0.6	0.51	0.41	0.39	0.45	0.47	0.31	0.44	0.45	0.29	0.4	0.39	0.38	0.51	0.43	0.4	0.43	0.45	0.37	0.58	0.59	0.62	0.63	0.63	0.46	0.62	0.6	0.55	0.65	0.71	0.56	0.55	0.54	0.6	0.56	0.56	0.55	0.64	0.57	0.56	0.57	0.55	0.71	0.53	0.59	0.5	0.56	0.58	0.68	0.51	0.55	0.47	0.58	0.55	0.59
Root; d__Bacteria; p__Pseudomonadota; c__Alphaproteobacteria; o__Rhodospirillales	0.04	0.04	0.0	0.04	0.04	0.0	0.05	0.05	0.0	0.05	0.02	0.0	0.0	0.04	0.0	0.08	0.04	0.0	0.03	0.03	0.0	0.02	0.03	0.0	0.02	0.05	0.0	0.03	0.04	0.0	0.05	0.03	0.0	0.02	0.03	0.0	0.06	0.08	0.08	0.1	0.07	0.04	0.06	0.08	0.0	0.08	0.11	0.11	0.13	0.09	0.07	0.08	0.07	0.0	0.06	0.08	0.0	0.08	0.07	0.06	0.08	0.08	0.05	0.07	0.06	0.0	0.08	0.08	0.0	0.07	0.07	0.07
Root; d__Bacteria; p__Pseudomonadota; c__Alphaproteobacteria; o__Reyranellales	0.17	0.16	0.14	0.22	0.2	0.18	0.21	0.24	0.19	0.26	0.23	0.23	0.2	0.18	0.1	0.29	0.3	0.25	0.28	0.25	0.22	0.28	0.23	0.23	0.29	0.24	0.12	0.29	0.22	0.24	0.28	0.24	0.26	0.26	0.22	0.16	0.33	0.25	0.39	0.3	0.29	0.2	0.27	0.25	0.31	0.37	0.36	0.45	0.39	0.32	0.2	0.32	0.32	0.38	0.26	0.19	0.3	0.22	0.24	0.21	0.24	0.22	0.21	0.2	0.23	0.16	0.19	0.19	0.33	0.21	0.22	0.18
Root; d__Bacteria; p__Pseudomonadota; c__Alphaproteobacteria; o__Micavibrionales	0.02	0.0	0.0	0.0	0.0	0.0	0.0	0.0	0.0	0.0	0.0	0.0	0.0	0.0	0.0	0.03	0.0	0.0	0.03	0.02	0.0	0.0	0.02	0.0	0.0	0.03	0.0	0.02	0.02	0.0	0.02	0.02	0.0	0.02	0.02	0.0	0.02	0.02	0.0	0.02	0.03	0.0	0.0	0.02	0.0	0.04	0.04	0.0	0.02	0.05	0.0	0.02	0.0	0.0	0.0	0.0	0.0	0.01	0.01	0.0	0.02	0.01	0.0	0.02	0.02	0.0	0.02	0.02	0.0	0.01	0.0	0.0
Root; d__Bacteria; p__Pseudomonadota; c__Alphaproteobacteria; o__Sphingomonadales	2.76	2.6	3.0	2.77	2.73	2.64	2.67	2.76	2.91	2.26	2.22	2.35	2.36	2.4	2.23	2.64	2.65	2.47	2.57	2.49	2.71	2.49	2.53	2.64	2.59	2.51	2.59	2.27	2.22	2.2	2.39	2.45	2.62	2.35	2.29	2.22	4.91	4.88	4.43	4.72	4.79	5.06	5.09	4.97	4.99	4.24	4.01	3.99	3.97	4.08	4.15	4.1	4.47	3.77	3.49	3.64	3.29	3.49	3.43	3.47	3.49	3.5	3.25	3.2	3.11	3.23	2.98	3.33	3.31	3.2	3.14	3.07
Root; d__Bacteria; p__Pseudomonadota; c__Alphaproteobacteria; o__Acetobacterales	0.23	0.34	0.25	0.25	0.28	0.29	0.28	0.32	0.21	0.25	0.29	0.27	0.31	0.24	0.24	0.29	0.36	0.27	0.24	0.25	0.33	0.19	0.2	0.12	0.29	0.23	0.17	0.24	0.2	0.18	0.27	0.27	0.21	0.23	0.27	0.26	0.42	0.4	0.47	0.42	0.4	0.36	0.43	0.45	0.49	0.36	0.37	0.38	0.47	0.4	0.35	0.38	0.41	0.38	0.43	0.56	0.51	0.48	0.47	0.4	0.47	0.5	0.49	0.53	0.53	0.35	0.42	0.42	0.32	0.42	0.49	0.46
Root; d__Bacteria; p__Pseudomonadota; c__Alphaproteobacteria; o__Geminicoccales	0.13	0.08	0.08	0.13	0.15	0.08	0.16	0.1	0.07	0.1	0.13	0.05	0.13	0.12	0.12	0.14	0.11	0.1	0.1	0.1	0.0	0.11	0.08	0.0	0.1	0.08	0.1	0.12	0.11	0.0	0.07	0.1	0.06	0.06	0.08	0.09	0.11	0.1	0.0	0.12	0.09	0.06	0.11	0.11	0.07	0.09	0.1	0.07	0.08	0.09	0.05	0.09	0.06	0.11	0.18	0.11	0.1	0.14	0.09	0.12	0.14	0.14	0.11	0.12	0.13	0.09	0.11	0.11	0.09	0.11	0.12	0.13
Root; d__Bacteria; p__Pseudomonadota; c__Alphaproteobacteria; o__Azospirillales	0.23	0.21	0.23	0.19	0.14	0.05	0.29	0.23	0.31	0.1	0.11	0.08	0.15	0.11	0.11	0.11	0.07	0.09	0.08	0.11	0.1	0.12	0.11	0.07	0.08	0.09	0.1	0.08	0.08	0.08	0.09	0.07	0.05	0.12	0.15	0.09	0.09	0.06	0.0	0.06	0.05	0.06	0.05	0.06	0.0	0.06	0.06	0.0	0.06	0.03	0.0	0.05	0.04	0.0	0.1	0.1	0.05	0.12	0.1	0.1	0.12	0.12	0.11	0.09	0.09	0.06	0.09	0.09	0.06	0.09	0.09	0.0
Root; d__Bacteria; p__Pseudomonadota; c__Alphaproteobacteria; o__Dongiales	0.11	0.07	0.0	0.09	0.08	0.0	0.08	0.05	0.09	0.08	0.1	0.06	0.11	0.07	0.14	0.12	0.09	0.13	0.1	0.08	0.0	0.08	0.08	0.1	0.09	0.07	0.05	0.06	0.1	0.05	0.12	0.07	0.0	0.09	0.1	0.07	0.09	0.07	0.0	0.11	0.07	0.07	0.09	0.09	0.0	0.1	0.1	0.07	0.12	0.11	0.09	0.12	0.07	0.12	0.1	0.08	0.06	0.08	0.08	0.07	0.09	0.09	0.08	0.09	0.1	0.06	0.09	0.07	0.0	0.12	0.09	0.09
Root; d__Bacteria; p__Pseudomonadota; c__Alphaproteobacteria; o__ATCC43930	0.25	0.2	0.21	0.25	0.21	0.18	0.21	0.21	0.12	0.29	0.3	0.3	0.34	0.3	0.31	0.46	0.38	0.41	0.25	0.29	0.14	0.28	0.25	0.28	0.26	0.29	0.2	0.28	0.32	0.26	0.25	0.3	0.22	0.23	0.27	0.23	0.76	0.7	0.61	0.72	0.75	0.55	0.73	0.7	0.71	0.67	0.65	0.72	0.76	0.82	0.61	0.73	0.75	0.85	0.66	0.7	0.6	0.72	0.66	0.65	0.64	0.65	0.64	0.6	0.66	0.64	0.68	0.66	0.73	0.68	0.73	0.65
Root; d__Bacteria; p__Pseudomonadota; c__Alphaproteobacteria; o__Micropepsales	0.09	0.13	0.08	0.17	0.19	0.17	0.14	0.13	0.11	0.16	0.12	0.11	0.16	0.14	0.12	0.23	0.28	0.19	0.19	0.19	0.22	0.19	0.18	0.11	0.18	0.18	0.17	0.22	0.19	0.16	0.22	0.22	0.15	0.17	0.21	0.14	0.46	0.46	0.57	0.45	0.41	0.37	0.48	0.5	0.41	0.5	0.52	0.49	0.48	0.51	0.45	0.4	0.44	0.53	0.34	0.31	0.22	0.33	0.36	0.29	0.34	0.33	0.33	0.38	0.29	0.35	0.31	0.34	0.33	0.36	0.36	0.3
Root; d__Bacteria; p__Pseudomonadota; c__Alphaproteobacteria; o__Rhodobacterales	0.14	0.18	0.18	0.21	0.14	0.14	0.15	0.14	0.12	0.1	0.15	0.11	0.12	0.15	0.13	0.12	0.1	0.06	0.1	0.12	0.1	0.08	0.07	0.07	0.08	0.08	0.04	0.07	0.1	0.0	0.08	0.07	0.06	0.06	0.1	0.09	0.03	0.03	0.0	0.04	0.05	0.0	0.04	0.04	0.0	0.04	0.02	0.0	0.05	0.04	0.0	0.04	0.04	0.0	0.06	0.04	0.08	0.05	0.05	0.0	0.05	0.04	0.05	0.06	0.09	0.0	0.03	0.03	0.0	0.05	0.05	0.0
Root; d__Bacteria; p__Pseudomonadota; c__Gammaproteobacteria; o__Burkholderiales	5.33	5.48	4.84	4.5	4.4	4.41	5.1	5.25	5.49	3.92	4.04	3.94	3.72	3.61	3.39	3.54	3.75	3.79	3.52	3.38	3.49	3.52	3.65	3.75	3.49	3.52	3.25	3.5	3.47	3.62	3.48	3.55	3.48	3.45	3.49	3.82	3.49	3.75	3.48	3.44	3.63	3.76	3.72	3.62	3.67	3.32	3.32	3.02	3.03	3.16	2.89	3.24	3.28	3.42	3.83	3.86	3.8	3.9	3.78	3.79	3.85	3.83	3.92	3.34	3.32	3.34	3.56	3.41	3.1	3.45	3.42	3.21
Root; d__Bacteria; p__Pseudomonadota; c__Gammaproteobacteria; o__Pseudomonadales	1.32	1.26	1.6	0.55	0.6	0.43	1.67	1.61	1.57	0.15	0.13	0.18	0.09	0.08	0.0	0.07	0.09	0.07	0.06	0.08	0.05	0.05	0.04	0.0	0.04	0.02	0.0	0.03	0.03	0.0	0.05	0.09	0.04	0.04	0.06	0.0	0.02	0.01	0.0	0.03	0.02	0.0	0.02	0.02	0.0	0.03	0.03	0.0	0.02	0.02	0.0	0.02	0.04	0.0	0.02	0.0	0.0	0.03	0.03	0.0	0.04	0.03	0.03	0.13	0.15	0.09	0.03	0.03	0.0	0.05	0.02	0.0
Root; d__Bacteria; p__Pseudomonadota; c__Gammaproteobacteria; o__Steroidobacterales	1.53	1.52	1.56	1.97	1.87	1.88	1.72	1.58	1.52	1.39	1.37	1.4	1.3	1.53	1.23	1.28	1.31	1.41	1.35	1.35	1.18	1.31	1.24	1.23	1.37	1.43	1.34	1.31	1.39	1.18	1.32	1.43	1.34	1.42	1.41	1.41	0.85	0.89	0.82	0.85	0.96	0.94	0.89	0.83	0.94	1.21	1.23	1.19	1.25	1.16	1.06	1.2	1.23	1.4	0.94	0.96	0.78	0.78	0.86	0.82	0.89	0.87	0.95	1.03	1.01	1.1	0.89	0.94	1.0	0.87	1.0	0.92
Root; d__Bacteria; p__Pseudomonadota; c__Gammaproteobacteria; o__Xanthomonadales	0.69	0.69	0.62	0.71	0.68	0.68	0.63	0.69	0.59	0.55	0.54	0.5	0.52	0.52	0.49	0.51	0.48	0.56	0.47	0.43	0.31	0.45	0.54	0.39	0.48	0.47	0.36	0.47	0.44	0.38	0.45	0.5	0.43	0.38	0.53	0.36	0.3	0.29	0.27	0.39	0.35	0.35	0.33	0.35	0.23	0.26	0.26	0.16	0.22	0.29	0.19	0.32	0.29	0.39	0.3	0.27	0.33	0.27	0.32	0.21	0.27	0.27	0.3	0.26	0.25	0.2	0.22	0.2	0.23	0.19	0.26	0.14
Root; d__Bacteria; p__Pseudomonadota; c__Gammaproteobacteria; o__Legionellales	0.03	0.0	0.0	0.0	0.0	0.0	0.0	0.02	0.0	0.0	0.02	0.0	0.0	0.0	0.0	0.02	0.02	0.0	0.02	0.05	0.0	0.05	0.05	0.05	0.04	0.05	0.0	0.03	0.03	0.05	0.06	0.04	0.0	0.04	0.06	0.06	0.02	0.02	0.0	0.02	0.02	0.0	0.01	0.02	0.0	0.03	0.03	0.0	0.03	0.0	0.0	0.03	0.0	0.0	0.02	0.02	0.0	0.03	0.03	0.0	0.03	0.02	0.05	0.02	0.03	0.0	0.0	0.02	0.0	0.03	0.03	0.0
Root; d__Bacteria; p__Pseudomonadota; c__Gammaproteobacteria; o__Diplorickettsiales	0.04	0.03	0.0	0.0	0.0	0.0	0.01	0.02	0.0	0.02	0.0	0.0	0.0	0.0	0.0	0.0	0.0	0.0	0.0	0.0	0.0	0.0	0.0	0.0	0.0	0.0	0.0	0.0	0.0	0.0	0.0	0.0	0.0	0.0	0.0	0.0	0.0	0.0	0.0	0.0	0.0	0.0	0.0	0.0	0.0	0.0	0.0	0.0	0.0	0.0	0.0	0.0	0.0	0.0	0.0	0.0	0.0	0.0	0.0	0.0	0.0	0.0	0.0	0.0	0.0	0.0	0.0	0.0	0.0	0.0	0.0	0.0
Root; d__Bacteria; p__Bacillota; c__Bacilli; o__Bacillales	2.35	2.14	2.16	1.9	2.13	2.01	2.16	2.17	2.11	0.61	0.61	0.67	0.6	0.62	0.52	0.77	0.87	1.01	0.36	0.45	0.47	0.42	0.49	0.4	0.48	0.49	0.38	0.51	0.52	0.47	0.43	0.45	0.45	0.48	0.46	0.55	0.36	0.33	0.33	0.42	0.43	0.4	0.36	0.34	0.36	0.33	0.31	0.39	0.4	0.36	0.34	0.38	0.45	0.42	0.21	0.26	0.24	0.24	0.26	0.21	0.24	0.25	0.24	0.21	0.25	0.19	0.21	0.19	0.23	0.2	0.22	0.18
Root; d__Bacteria; p__Bacillota; c__Bacilli; o__Paenibacillales	0.24	0.26	0.32	0.21	0.16	0.09	0.27	0.23	0.26	0.09	0.14	0.11	0.04	0.09	0.07	0.13	0.14	0.08	0.07	0.05	0.0	0.04	0.05	0.05	0.03	0.08	0.0	0.05	0.05	0.0	0.05	0.06	0.0	0.04	0.05	0.04	0.13	0.1	0.0	0.12	0.08	0.0	0.09	0.08	0.0	0.07	0.07	0.15	0.09	0.1	0.0	0.09	0.1	0.0	0.06	0.07	0.05	0.08	0.08	0.06	0.06	0.08	0.09	0.07	0.06	0.09	0.07	0.05	0.0	0.07	0.04	0.04
Root; d__Bacteria; p__Bacillota; c__Bacilli; o__Bacillales_A	0.54	0.44	0.71	0.54	0.57	0.41	0.53	0.57	0.72	0.45	0.45	0.34	0.35	0.4	0.53	0.46	0.47	0.4	0.29	0.3	0.2	0.31	0.29	0.2	0.3	0.29	0.28	0.37	0.28	0.36	0.32	0.26	0.31	0.34	0.3	0.29	0.07	0.09	0.07	0.13	0.13	0.07	0.11	0.11	0.06	0.08	0.12	0.06	0.11	0.11	0.05	0.06	0.08	0.09	0.04	0.05	0.0	0.06	0.06	0.04	0.06	0.06	0.08	0.06	0.05	0.04	0.06	0.06	0.0	0.06	0.04	0.05
Root; d__Bacteria; p__Bacillota; c__Clostridia; o__Clostridiales	0.43	0.42	0.2	0.28	0.35	0.32	0.29	0.28	0.31	0.0	0.0	0.0	0.0	0.0	0.0	0.0	0.02	0.0	0.0	0.0	0.0	0.0	0.0	0.0	0.0	0.0	0.0	0.0	0.0	0.0	0.0	0.0	0.0	0.0	0.0	0.0	0.03	0.03	0.0	0.05	0.04	0.0	0.04	0.02	0.0	0.04	0.02	0.0	0.04	0.03	0.0	0.03	0.0	0.0	0.0	0.0	0.0	0.01	0.02	0.0	0.01	0.02	0.02	0.0	0.0	0.0	0.0	0.0	0.0	0.0	0.0	0.0
Root; d__Bacteria; p__Bacillota; c__Clostridia; o__Lachnospirales	0.03	0.04	0.0	0.0	0.04	0.0	0.02	0.02	0.0	0.0	0.0	0.0	0.0	0.0	0.0	0.03	0.02	0.0	0.0	0.0	0.0	0.0	0.0	0.0	0.0	0.0	0.0	0.0	0.0	0.0	0.02	0.0	0.0	0.0	0.0	0.0	0.01	0.02	0.0	0.04	0.03	0.0	0.03	0.03	0.0	0.02	0.02	0.0	0.03	0.03	0.0	0.03	0.03	0.0	0.0	0.0	0.0	0.02	0.01	0.03	0.01	0.02	0.01	0.0	0.0	0.0	0.0	0.0	0.0	0.0	0.0	0.0
Root; d__Bacteria; p__Bacillota; c__Clostridia; o__Lutisporales	0.02	0.0	0.0	0.0	0.0	0.0	0.0	0.0	0.0	0.0	0.0	0.0	0.0	0.0	0.0	0.0	0.0	0.0	0.0	0.0	0.0	0.0	0.0	0.0	0.0	0.0	0.0	0.0	0.0	0.0	0.0	0.0	0.0	0.0	0.0	0.0	0.02	0.04	0.0	0.06	0.03	0.0	0.05	0.04	0.0	0.04	0.02	0.0	0.03	0.03	0.0	0.03	0.02	0.0	0.0	0.01	0.0	0.01	0.01	0.0	0.01	0.01	0.0	0.0	0.0	0.0	0.0	0.0	0.0	0.0	0.0	0.0
Root; d__Bacteria; p__Bacteroidota; c__Bacteroidia; o__Chitinophagales	0.89	1.0	1.0	1.02	0.9	1.0	1.04	1.11	0.86	0.89	0.89	0.87	0.88	0.88	0.92	0.96	0.96	1.11	0.98	1.04	1.03	0.98	1.04	0.84	1.06	1.02	1.05	1.03	1.07	1.09	1.1	1.16	1.29	1.13	1.05	1.05	0.8	0.9	0.7	0.89	0.82	0.86	0.86	0.83	0.68	0.81	0.73	0.65	0.91	0.69	0.75	0.9	0.88	1.04	1.03	1.05	1.05	1.03	1.0	1.26	1.04	1.03	0.98	0.96	0.98	1.13	1.0	0.9	1.04	0.98	1.01	1.11
Root; d__Bacteria; p__Bacteroidota; c__Bacteroidia; o__Cytophagales	0.48	0.54	0.41	0.39	0.46	0.35	0.52	0.63	0.53	0.35	0.32	0.21	0.29	0.27	0.24	0.24	0.35	0.21	0.21	0.24	0.21	0.24	0.27	0.16	0.2	0.3	0.17	0.26	0.28	0.29	0.29	0.3	0.3	0.27	0.27	0.24	0.16	0.12	0.07	0.1	0.15	0.08	0.14	0.14	0.14	0.19	0.18	0.16	0.15	0.18	0.11	0.15	0.2	0.26	0.14	0.12	0.07	0.12	0.16	0.14	0.17	0.16	0.14	0.15	0.21	0.2	0.18	0.2	0.14	0.14	0.16	0.09
Root; d__Bacteria; p__Bacteroidota; c__Bacteroidia; o__Flavobacteriales	0.08	0.07	0.05	0.02	0.03	0.04	0.06	0.12	0.07	0.06	0.04	0.0	0.06	0.04	0.0	0.03	0.02	0.0	0.01	0.02	0.0	0.02	0.02	0.0	0.02	0.02	0.0	0.02	0.0	0.0	0.04	0.03	0.0	0.03	0.02	0.0	0.01	0.01	0.0	0.02	0.01	0.0	0.02	0.03	0.0	0.0	0.0	0.0	0.0	0.0	0.0	0.02	0.0	0.0	0.0	0.0	0.0	0.01	0.01	0.0	0.01	0.01	0.0	0.01	0.02	0.0	0.0	0.02	0.0	0.0	0.0	0.0
Root; d__Bacteria; p__Bacteroidota; c__Bacteroidia; o__Sphingobacteriales	0.2	0.23	0.12	0.13	0.11	0.15	0.3	0.29	0.28	0.07	0.09	0.05	0.04	0.04	0.0	0.05	0.09	0.0	0.09	0.08	0.05	0.13	0.14	0.13	0.12	0.06	0.05	0.09	0.08	0.11	0.15	0.12	0.1	0.12	0.14	0.15	0.02	0.0	0.0	0.0	0.02	0.0	0.02	0.0	0.0	0.06	0.03	0.0	0.04	0.04	0.0	0.04	0.05	0.05	0.02	0.02	0.0	0.01	0.03	0.02	0.02	0.02	0.02	0.03	0.01	0.0	0.03	0.03	0.0	0.01	0.03	0.0
Root; d__Bacteria; p__Myxococcota; c__Myxococcia; o__Myxococcales	0.53	0.54	0.43	0.5	0.64	0.5	0.55	0.45	0.48	0.59	0.53	0.5	0.51	0.5	0.44	0.61	0.64	0.58	0.65	0.61	0.74	0.6	0.68	0.62	0.58	0.65	0.54	0.54	0.61	0.72	0.59	0.6	0.49	0.6	0.56	0.45	0.72	0.66	0.64	0.67	0.76	0.71	0.66	0.7	0.66	0.73	0.75	0.72	0.73	0.61	0.7	0.7	0.69	0.59	0.81	0.73	0.88	0.82	0.85	0.85	0.85	0.83	0.87	0.74	0.78	0.73	0.81	0.91	0.82	0.85	0.89	0.65
Root; d__Bacteria; p__Myxococcota; c__UBA727; o__UBA727	0.04	0.02	0.0	0.0	0.03	0.0	0.0	0.02	0.0	0.0	0.0	0.0	0.0	0.02	0.0	0.02	0.02	0.0	0.02	0.05	0.0	0.02	0.02	0.0	0.03	0.02	0.0	0.03	0.03	0.0	0.02	0.02	0.0	0.03	0.02	0.0	0.03	0.01	0.0	0.02	0.0	0.0	0.01	0.03	0.0	0.03	0.02	0.0	0.02	0.0	0.05	0.04	0.03	0.0	0.03	0.05	0.0	0.03	0.02	0.0	0.02	0.03	0.03	0.03	0.03	0.0	0.04	0.04	0.0	0.04	0.03	0.03
Root; d__Bacteria; p__Myxococcota; c__XYA12-FULL-58-9; o__XYA12-FULL-58-9	0.03	0.02	0.0	0.03	0.02	0.0	0.02	0.03	0.0	0.04	0.03	0.0	0.0	0.0	0.0	0.03	0.02	0.0	0.04	0.03	0.0	0.02	0.02	0.0	0.02	0.03	0.0	0.03	0.04	0.0	0.02	0.03	0.0	0.0	0.03	0.0	0.0	0.0	0.0	0.02	0.0	0.0	0.03	0.02	0.0	0.0	0.0	0.0	0.02	0.0	0.0	0.02	0.02	0.0	0.02	0.02	0.0	0.01	0.03	0.02	0.03	0.02	0.0	0.01	0.03	0.0	0.03	0.03	0.0	0.01	0.03	0.0
Root; d__Bacteria; p__Planctomycetota; c__Planctomycetia; o__Pirellulales	0.75	0.71	0.73	0.83	0.84	0.74	0.79	0.68	0.73	0.76	0.76	0.7	0.69	0.75	0.58	0.9	0.87	0.82	0.67	0.64	0.6	0.65	0.63	0.64	0.71	0.65	0.59	0.62	0.58	0.56	0.65	0.61	0.5	0.63	0.62	0.62	0.93	0.97	0.92	0.91	0.85	0.89	0.86	0.99	0.86	1.03	0.96	1.11	0.97	0.94	0.97	1.06	1.01	0.98	0.63	0.71	0.78	0.77	0.73	0.72	0.74	0.73	0.81	0.67	0.65	0.62	0.71	0.73	0.83	0.64	0.65	0.7
Root; d__Bacteria; p__Planctomycetota; c__Planctomycetia; o__Isosphaerales	0.8	0.79	0.78	0.88	0.87	0.82	0.84	0.71	0.73	0.75	0.67	0.68	0.71	0.65	0.56	0.92	0.81	0.81	0.55	0.58	0.68	0.61	0.58	0.45	0.6	0.56	0.5	0.6	0.59	0.64	0.6	0.54	0.5	0.55	0.57	0.6	1.17	1.03	1.21	1.05	1.12	0.86	1.03	1.1	1.14	1.04	1.05	1.21	1.05	0.94	1.08	1.02	1.01	0.92	0.85	0.91	0.82	0.9	0.88	0.78	0.93	0.88	0.89	0.95	0.98	0.94	0.84	0.83	0.85	0.97	0.88	0.83
Root; d__Bacteria; p__Planctomycetota; c__Planctomycetia; o__Gemmatales	1.34	1.44	1.16	1.3	1.36	1.61	1.2	1.19	1.14	1.27	1.31	1.15	1.29	1.37	1.07	1.3	1.26	1.26	1.49	1.36	1.42	1.4	1.53	1.29	1.27	1.31	1.52	1.47	1.42	1.44	1.45	1.49	1.47	1.47	1.29	1.43	1.19	1.09	0.97	1.02	1.07	1.08	1.08	1.08	0.98	1.13	1.14	0.98	1.23	1.2	1.19	1.09	1.22	1.1	1.29	1.33	1.26	1.36	1.3	1.15	1.27	1.31	1.29	1.36	1.45	1.49	1.24	1.34	1.4	1.44	1.5	1.49
Root; d__Bacteria; p__Planctomycetota; c__Planctomycetia; o__Planctomycetales	0.13	0.17	0.1	0.18	0.15	0.2	0.11	0.15	0.13	0.14	0.13	0.17	0.1	0.12	0.07	0.16	0.18	0.07	0.17	0.13	0.14	0.1	0.1	0.1	0.13	0.14	0.13	0.11	0.15	0.11	0.11	0.13	0.1	0.13	0.12	0.13	0.1	0.14	0.07	0.12	0.1	0.06	0.07	0.09	0.15	0.11	0.11	0.15	0.13	0.12	0.16	0.14	0.15	0.19	0.09	0.13	0.09	0.1	0.1	0.15	0.12	0.11	0.13	0.1	0.13	0.1	0.09	0.14	0.08	0.12	0.12	0.09
Root; d__Bacteria; p__Planctomycetota; c__Phycisphaerae; o__Phycisphaerales	0.12	0.14	0.06	0.14	0.15	0.12	0.11	0.09	0.11	0.11	0.14	0.08	0.1	0.11	0.09	0.11	0.12	0.12	0.13	0.13	0.1	0.11	0.16	0.12	0.15	0.12	0.14	0.13	0.12	0.05	0.13	0.13	0.17	0.15	0.17	0.11	0.08	0.1	0.04	0.07	0.08	0.06	0.13	0.06	0.11	0.1	0.09	0.05	0.09	0.11	0.09	0.1	0.11	0.2	0.1	0.11	0.0	0.14	0.1	0.1	0.13	0.12	0.09	0.14	0.12	0.19	0.1	0.13	0.09	0.14	0.12	0.12
Root; d__Bacteria; p__Planctomycetota; c__Phycisphaerae; o__Tepidisphaerales	0.89	0.89	0.8	0.97	0.91	0.96	0.9	0.83	0.89	0.93	0.85	0.8	0.88	0.87	0.73	1.0	0.86	0.97	1.05	1.01	0.92	1.05	0.95	1.0	1.06	1.0	1.03	1.07	1.08	1.11	1.06	1.06	1.05	1.02	1.07	1.07	0.88	0.79	0.93	0.92	0.92	0.84	0.83	0.89	0.72	0.92	0.95	0.71	0.92	0.83	1.06	0.9	0.95	0.84	1.03	0.9	0.86	0.97	0.98	0.92	0.98	0.98	1.0	1.11	1.06	1.08	1.1	1.06	1.0	1.06	0.89	1.11
Root; d__Bacteria; p__Planctomycetota; c__Phycisphaerae; o__WQYP01	0.04	0.08	0.07	0.08	0.09	0.0	0.06	0.09	0.0	0.06	0.03	0.0	0.04	0.04	0.0	0.07	0.07	0.05	0.06	0.07	0.07	0.08	0.06	0.0	0.05	0.06	0.0	0.07	0.05	0.0	0.05	0.05	0.0	0.03	0.06	0.0	0.04	0.07	0.0	0.06	0.08	0.0	0.07	0.08	0.0	0.07	0.07	0.0	0.08	0.05	0.1	0.07	0.09	0.05	0.03	0.08	0.0	0.06	0.07	0.05	0.07	0.06	0.03	0.08	0.09	0.04	0.06	0.07	0.05	0.08	0.1	0.07
Root; d__Bacteria; p__Planctomycetota; c__UBA1135; o__UBA1135	0.03	0.03	0.0	0.03	0.03	0.06	0.04	0.03	0.0	0.06	0.05	0.0	0.03	0.08	0.0	0.04	0.04	0.0	0.03	0.04	0.0	0.03	0.04	0.0	0.04	0.05	0.0	0.05	0.03	0.0	0.05	0.04	0.0	0.05	0.04	0.0	0.03	0.05	0.05	0.02	0.04	0.0	0.02	0.02	0.0	0.02	0.03	0.0	0.03	0.03	0.0	0.04	0.02	0.0	0.03	0.04	0.06	0.04	0.05	0.02	0.05	0.04	0.04	0.06	0.06	0.07	0.05	0.05	0.0	0.05	0.03	0.0
Root; d__Bacteria; p__Planctomycetota; c__UBA11346; o__UBA11346	0.02	0.0	0.0	0.0	0.0	0.0	0.02	0.0	0.0	0.01	0.0	0.0	0.0	0.0	0.0	0.02	0.0	0.0	0.02	0.04	0.0	0.0	0.0	0.0	0.02	0.03	0.0	0.03	0.02	0.0	0.02	0.02	0.0	0.02	0.03	0.0	0.02	0.03	0.0	0.02	0.0	0.0	0.01	0.02	0.0	0.02	0.0	0.0	0.04	0.03	0.0	0.02	0.03	0.0	0.0	0.0	0.0	0.01	0.01	0.0	0.02	0.03	0.01	0.02	0.03	0.0	0.01	0.03	0.0	0.03	0.02	0.0
Root; d__Bacteria; p__Planctomycetota; c__MHYJ01; o__MHYJ01	0.03	0.02	0.0	0.03	0.02	0.0	0.0	0.02	0.0	0.0	0.0	0.0	0.03	0.02	0.0	0.06	0.03	0.0	0.05	0.09	0.0	0.05	0.08	0.09	0.05	0.05	0.0	0.05	0.04	0.0	0.04	0.05	0.05	0.05	0.06	0.0	0.09	0.06	0.0	0.07	0.1	0.05	0.08	0.08	0.06	0.11	0.06	0.16	0.13	0.13	0.1	0.09	0.1	0.13	0.09	0.11	0.07	0.11	0.11	0.09	0.13	0.1	0.11	0.12	0.11	0.1	0.13	0.12	0.12	0.15	0.09	0.11
Root; d__Bacteria; p__Myxococcota_A; c__Polyangia; o__Polyangiales	1.34	1.32	1.33	1.5	1.61	1.37	1.48	1.55	1.67	1.5	1.46	1.44	1.42	1.52	1.26	1.33	1.38	1.23	1.21	1.03	1.25	1.17	1.23	1.23	1.2	1.15	1.09	1.34	1.28	1.17	1.19	1.24	1.29	1.3	1.24	1.34	0.72	0.7	0.62	0.74	0.76	0.55	0.7	0.68	0.57	0.86	0.98	0.91	0.96	0.84	0.92	0.98	0.99	0.85	0.94	0.92	1.25	0.95	0.94	0.99	1.04	1.03	1.03	1.09	1.23	1.22	1.24	1.19	1.11	1.28	1.23	1.05
Root; d__Bacteria; p__Myxococcota_A; c__Polyangia; o__Haliangiales	0.49	0.59	0.57	0.54	0.65	0.73	0.54	0.56	0.49	0.49	0.56	0.42	0.54	0.46	0.4	0.78	0.67	0.56	0.58	0.67	0.54	0.7	0.72	0.48	0.57	0.63	0.51	0.59	0.6	0.53	0.64	0.63	0.59	0.67	0.71	0.68	0.56	0.62	0.55	0.55	0.64	0.6	0.63	0.67	0.64	0.85	0.84	0.74	0.86	0.85	0.88	0.71	0.81	0.73	0.6	0.62	0.59	0.69	0.64	0.61	0.65	0.66	0.68	0.66	0.69	0.55	0.67	0.71	0.51	0.67	0.66	0.57
Root; d__Bacteria; p__Myxococcota_A; c__Polyangia; o__Palsa-1104	0.08	0.12	0.07	0.09	0.11	0.06	0.07	0.1	0.08	0.06	0.1	0.08	0.07	0.09	0.0	0.1	0.1	0.11	0.09	0.09	0.11	0.1	0.13	0.12	0.1	0.13	0.11	0.09	0.11	0.09	0.12	0.12	0.05	0.13	0.11	0.05	0.08	0.06	0.06	0.06	0.06	0.06	0.06	0.09	0.0	0.06	0.06	0.0	0.09	0.07	0.0	0.09	0.06	0.0	0.09	0.04	0.07	0.1	0.09	0.08	0.11	0.08	0.08	0.11	0.09	0.09	0.09	0.07	0.09	0.09	0.07	0.13
Root; d__Bacteria; p__Myxococcota_A; c__Polyangia; o__Fen-1088	0.37	0.43	0.39	0.56	0.53	0.52	0.51	0.46	0.43	0.37	0.46	0.41	0.4	0.44	0.54	0.49	0.42	0.44	0.73	0.8	0.75	0.71	0.72	0.72	0.69	0.7	0.8	0.87	0.77	0.63	0.74	0.74	0.85	0.85	0.81	0.92	0.34	0.36	0.27	0.29	0.31	0.35	0.33	0.34	0.33	0.4	0.46	0.29	0.36	0.4	0.32	0.4	0.41	0.46	0.34	0.35	0.3	0.36	0.35	0.33	0.37	0.36	0.41	0.42	0.4	0.38	0.49	0.44	0.3	0.48	0.45	0.47
Root; d__Bacteria; p__Myxococcota_A; c__Polyangia; o__Nannocystales	0.05	0.03	0.0	0.05	0.04	0.06	0.04	0.07	0.05	0.06	0.06	0.06	0.05	0.04	0.0	0.06	0.05	0.0	0.0	0.0	0.0	0.0	0.0	0.0	0.0	0.03	0.0	0.02	0.0	0.0	0.0	0.0	0.0	0.02	0.0	0.0	0.02	0.03	0.0	0.0	0.02	0.0	0.01	0.03	0.0	0.03	0.04	0.0	0.03	0.03	0.0	0.03	0.02	0.0	0.02	0.03	0.0	0.04	0.03	0.03	0.04	0.04	0.03	0.04	0.03	0.0	0.05	0.04	0.0	0.04	0.02	0.0
Root; d__Bacteria; p__Myxococcota_A; c__UBA796; o__UBA796	0.07	0.05	0.0	0.08	0.06	0.06	0.06	0.06	0.07	0.05	0.06	0.07	0.06	0.08	0.07	0.08	0.1	0.06	0.08	0.05	0.0	0.05	0.1	0.09	0.07	0.11	0.07	0.07	0.06	0.0	0.07	0.08	0.1	0.09	0.05	0.0	0.03	0.07	0.06	0.03	0.04	0.05	0.03	0.01	0.0	0.05	0.04	0.0	0.04	0.06	0.0	0.06	0.07	0.0	0.09	0.05	0.0	0.06	0.05	0.05	0.06	0.07	0.06	0.08	0.06	0.07	0.09	0.06	0.0	0.07	0.06	0.04
Root; d__Bacteria; p__Verrucomicrobiota; c__Verrucomicrobiia; o__Limisphaerales	0.42	0.47	0.44	0.45	0.52	0.35	0.46	0.48	0.26	0.52	0.58	0.51	0.5	0.52	0.56	0.69	0.73	0.66	0.72	0.7	0.72	0.8	0.75	0.46	0.76	0.7	0.67	0.68	0.75	0.74	0.72	0.7	0.82	0.79	0.69	0.85	0.52	0.52	0.54	0.57	0.56	0.58	0.57	0.57	0.42	0.65	0.68	0.65	0.69	0.7	0.55	0.7	0.67	0.65	0.63	0.58	0.55	0.65	0.62	0.66	0.62	0.66	0.66	0.81	0.81	0.83	0.85	0.82	0.83	0.8	0.85	0.84
Root; d__Bacteria; p__Verrucomicrobiota; c__Verrucomicrobiia; o__Chthoniobacterales	0.86	0.79	0.9	0.83	0.8	0.76	0.81	0.79	0.99	1.01	0.92	0.82	1.05	1.08	0.98	1.13	1.13	1.25	1.27	1.26	1.09	1.37	1.3	1.61	1.19	1.24	1.24	1.23	1.31	1.38	1.28	1.28	1.44	1.36	1.32	1.32	0.9	1.07	1.07	1.08	1.06	1.03	0.85	0.93	0.84	1.07	0.96	0.94	0.98	1.08	1.03	0.99	0.94	1.12	1.07	1.18	1.18	1.12	1.1	1.12	1.03	1.0	0.99	1.1	1.05	1.09	1.19	1.08	1.31	1.12	1.15	1.3
Root; d__Bacteria; p__Verrucomicrobiota; c__Verrucomicrobiia; o__Verrucomicrobiales	0.14	0.14	0.08	0.11	0.13	0.11	0.14	0.11	0.1	0.11	0.12	0.09	0.07	0.1	0.0	0.07	0.11	0.05	0.08	0.09	0.1	0.1	0.09	0.05	0.12	0.1	0.0	0.07	0.06	0.08	0.07	0.08	0.1	0.07	0.07	0.06	0.04	0.04	0.04	0.04	0.04	0.0	0.04	0.05	0.04	0.07	0.06	0.05	0.05	0.07	0.06	0.06	0.08	0.05	0.08	0.07	0.0	0.07	0.07	0.04	0.08	0.06	0.03	0.05	0.06	0.04	0.09	0.1	0.06	0.05	0.09	0.07
Root; d__Bacteria; p__Verrucomicrobiota; c__Verrucomicrobiia; o__Opitutales	0.11	0.11	0.05	0.11	0.11	0.12	0.14	0.13	0.11	0.2	0.21	0.17	0.17	0.13	0.15	0.24	0.14	0.21	0.28	0.23	0.21	0.23	0.21	0.12	0.25	0.21	0.16	0.18	0.22	0.18	0.24	0.22	0.1	0.19	0.19	0.11	0.16	0.16	0.12	0.16	0.15	0.12	0.16	0.13	0.14	0.16	0.15	0.17	0.18	0.19	0.08	0.14	0.24	0.06	0.23	0.21	0.1	0.23	0.23	0.22	0.22	0.21	0.2	0.22	0.22	0.29	0.2	0.27	0.12	0.25	0.23	0.23
Root; d__Bacteria; p__Acidobacteriota; c__Vicinamibacteria; o__Fen-336	0.13	0.15	0.09	0.16	0.15	0.0	0.13	0.12	0.14	0.14	0.11	0.07	0.11	0.09	0.14	0.12	0.1	0.15	0.21	0.23	0.22	0.24	0.22	0.16	0.25	0.23	0.21	0.26	0.2	0.15	0.27	0.25	0.1	0.22	0.22	0.23	0.16	0.11	0.1	0.15	0.1	0.08	0.14	0.13	0.05	0.11	0.13	0.06	0.11	0.15	0.06	0.1	0.14	0.08	0.13	0.17	0.21	0.17	0.2	0.16	0.19	0.17	0.17	0.15	0.15	0.09	0.21	0.17	0.13	0.18	0.17	0.18
Root; d__Bacteria; p__Acidobacteriota; c__Vicinamibacteria; o__Vicinamibacterales	3.6	3.95	3.65	4.24	4.18	3.96	3.74	3.9	3.47	3.84	3.94	4.11	3.98	3.94	4.06	4.17	4.12	4.2	5.1	4.97	5.35	4.97	5.14	5.07	4.98	4.91	4.8	5.27	5.18	4.95	5.15	5.05	5.21	5.12	4.91	5.19	3.43	3.47	3.62	3.49	3.48	3.5	3.48	3.39	3.67	3.94	4.02	3.56	3.98	3.83	3.75	3.96	3.68	3.58	3.8	3.65	3.47	3.63	3.73	3.78	3.67	3.8	3.69	3.77	3.82	4.04	3.8	3.85	3.58	3.89	3.95	3.65
Root; d__Bacteria; p__Acidobacteriota; c__Blastocatellia; o__Pyrinomonadales	1.05	1.17	1.07	0.79	0.94	0.93	0.99	0.95	0.93	0.99	0.92	1.0	1.19	1.19	1.23	1.22	1.13	1.34	0.79	0.81	1.0	0.81	0.77	0.7	0.88	0.93	0.96	0.71	0.72	0.82	0.91	0.91	0.82	0.9	0.83	1.06	1.31	1.26	1.26	1.41	1.22	1.55	1.24	1.22	1.37	1.25	1.38	1.19	1.41	1.37	1.48	1.26	1.34	1.3	1.49	1.57	1.43	1.58	1.49	1.47	1.49	1.43	1.4	1.6	1.84	1.76	1.76	1.65	1.86	1.67	1.63	1.88
Root; d__Bacteria; p__Acidobacteriota; c__Blastocatellia; o__UBA7656	0.05	0.03	0.0	0.05	0.05	0.0	0.02	0.03	0.0	0.03	0.05	0.0	0.04	0.03	0.0	0.06	0.08	0.08	0.04	0.02	0.0	0.04	0.05	0.0	0.06	0.05	0.0	0.03	0.03	0.05	0.03	0.03	0.0	0.05	0.04	0.0	0.12	0.17	0.1	0.1	0.13	0.18	0.1	0.15	0.07	0.19	0.12	0.15	0.15	0.16	0.08	0.14	0.14	0.13	0.12	0.1	0.09	0.13	0.13	0.13	0.12	0.17	0.11	0.12	0.17	0.11	0.1	0.18	0.17	0.14	0.13	0.11
Root; d__Bacteria; p__Acidobacteriota; c__Thermoanaerobaculia; o__Multivoradales	0.35	0.34	0.32	0.57	0.54	0.61	0.36	0.32	0.33	0.62	0.65	0.51	0.64	0.67	0.76	0.37	0.35	0.36	0.44	0.49	0.46	0.51	0.41	0.36	0.48	0.43	0.42	0.46	0.49	0.44	0.48	0.48	0.42	0.51	0.49	0.51	0.31	0.35	0.41	0.33	0.31	0.28	0.29	0.34	0.29	0.37	0.36	0.31	0.34	0.36	0.34	0.24	0.35	0.34	0.4	0.31	0.31	0.36	0.35	0.29	0.34	0.32	0.34	0.44	0.43	0.42	0.44	0.38	0.43	0.44	0.45	0.45
Root; d__Bacteria; p__Acidobacteriota; c__Thermoanaerobaculia; o__Gp7-AA8	0.17	0.21	0.12	0.2	0.19	0.13	0.17	0.16	0.14	0.26	0.22	0.24	0.33	0.27	0.28	0.39	0.32	0.21	0.32	0.31	0.31	0.3	0.32	0.4	0.41	0.37	0.32	0.28	0.25	0.29	0.31	0.33	0.29	0.4	0.35	0.32	0.51	0.47	0.42	0.57	0.5	0.35	0.52	0.43	0.52	0.49	0.46	0.51	0.45	0.49	0.63	0.48	0.47	0.45	0.48	0.51	0.41	0.55	0.52	0.58	0.52	0.5	0.55	0.66	0.73	0.66	0.74	0.74	0.88	0.67	0.64	0.68
Root; d__Bacteria; p__Acidobacteriota; c__Terriglobia; o__Terriglobales	0.28	0.29	0.19	0.29	0.25	0.28	0.26	0.24	0.17	0.37	0.32	0.23	0.34	0.28	0.43	0.95	0.99	1.05	0.23	0.25	0.33	0.29	0.23	0.15	0.26	0.26	0.26	0.25	0.23	0.14	0.26	0.23	0.2	0.22	0.23	0.2	2.63	2.84	2.8	2.68	2.82	2.52	2.76	2.81	3.02	2.7	2.75	2.89	2.66	2.66	3.19	2.83	2.66	3.01	2.02	1.89	1.64	1.92	1.99	2.05	1.92	1.96	2.09	2.02	1.94	1.7	2.25	2.19	2.28	2.07	2.14	2.28
Root; d__Bacteria; p__Acidobacteriota; c__Terriglobia; o__Bryobacterales	0.64	0.57	0.61	0.73	0.72	0.61	0.59	0.61	0.48	0.65	0.68	0.71	0.63	0.67	0.58	0.94	0.99	0.96	0.81	0.82	0.77	0.97	0.84	0.76	0.74	0.73	0.65	0.74	0.7	0.83	0.73	0.78	0.8	0.73	0.74	0.72	1.53	1.51	1.42	1.68	1.6	1.47	1.55	1.6	1.63	1.72	1.62	1.4	1.67	1.63	1.33	1.43	1.56	1.39	1.4	1.38	1.43	1.33	1.28	1.33	1.38	1.31	1.37	1.57	1.58	1.39	1.57	1.55	1.28	1.47	1.56	1.51
Root; d__Bacteria; p__Acidobacteriota; c__Terriglobia; o__20CM-2-55-15	0.08	0.1	0.1	0.15	0.12	0.07	0.11	0.08	0.15	0.16	0.15	0.05	0.13	0.12	0.1	0.18	0.12	0.05	0.19	0.22	0.11	0.28	0.25	0.19	0.22	0.24	0.16	0.23	0.23	0.19	0.25	0.29	0.15	0.25	0.26	0.2	0.17	0.15	0.14	0.13	0.17	0.18	0.15	0.14	0.14	0.18	0.21	0.15	0.21	0.26	0.09	0.16	0.18	0.22	0.21	0.22	0.23	0.23	0.21	0.23	0.22	0.2	0.2	0.25	0.21	0.19	0.26	0.27	0.24	0.26	0.24	0.25
Root; d__Bacteria; p__Cyanobacteriota; c__Sericytochromatia; o__S15B-MN24	0.02	0.0	0.0	0.0	0.0	0.0	0.03	0.02	0.0	0.0	0.0	0.0	0.0	0.0	0.0	0.0	0.0	0.0	0.0	0.0	0.0	0.0	0.0	0.0	0.0	0.0	0.0	0.0	0.0	0.0	0.0	0.0	0.0	0.0	0.0	0.0	0.0	0.0	0.0	0.0	0.0	0.0	0.0	0.0	0.0	0.0	0.0	0.0	0.0	0.0	0.0	0.0	0.0	0.0	0.0	0.0	0.0	0.0	0.01	0.0	0.01	0.01	0.0	0.0	0.0	0.0	0.0	0.0	0.0	0.0	0.0	0.0
Root; d__Bacteria; p__Patescibacteriota; c__Saccharimonadia; o__Saccharimonadales	0.18	0.16	0.2	0.14	0.26	0.17	0.23	0.19	0.12	0.14	0.15	0.11	0.14	0.1	0.15	0.25	0.26	0.19	0.33	0.32	0.34	0.35	0.34	0.33	0.35	0.35	0.42	0.29	0.27	0.3	0.42	0.44	0.33	0.31	0.3	0.45	0.56	0.65	0.56	0.56	0.6	0.46	0.58	0.54	0.52	0.74	0.62	0.66	0.65	0.67	0.55	0.63	0.58	0.5	0.46	0.5	0.39	0.52	0.49	0.5	0.42	0.46	0.48	0.45	0.42	0.41	0.42	0.4	0.54	0.36	0.35	0.43
Root; d__Bacteria; p__Patescibacteriota; c__Minisyncoccia; o__Phycocordibacterales	0.03	0.0	0.0	0.04	0.0	0.0	0.03	0.02	0.0	0.04	0.06	0.0	0.03	0.06	0.0	0.12	0.07	0.05	0.18	0.18	0.22	0.2	0.19	0.14	0.19	0.18	0.19	0.2	0.19	0.17	0.2	0.19	0.19	0.17	0.18	0.15	0.17	0.13	0.1	0.13	0.17	0.11	0.14	0.15	0.12	0.22	0.16	0.18	0.23	0.13	0.17	0.17	0.2	0.15	0.11	0.1	0.1	0.13	0.12	0.09	0.12	0.11	0.14	0.16	0.14	0.13	0.15	0.16	0.12	0.14	0.18	0.1
Root; d__Bacteria; p__Armatimonadota; c__SYMT01; o__SYMT01	0.08	0.08	0.0	0.05	0.07	0.0	0.04	0.06	0.0	0.07	0.06	0.06	0.03	0.06	0.11	0.07	0.05	0.06	0.03	0.05	0.07	0.07	0.05	0.0	0.06	0.06	0.0	0.05	0.05	0.0	0.07	0.05	0.06	0.06	0.07	0.05	0.08	0.08	0.04	0.08	0.09	0.06	0.07	0.08	0.05	0.09	0.11	0.19	0.09	0.11	0.06	0.1	0.12	0.0	0.07	0.08	0.0	0.1	0.1	0.08	0.09	0.09	0.09	0.08	0.1	0.0	0.09	0.09	0.08	0.09	0.12	0.07
Root; d__Bacteria; p__Armatimonadota; c__Chthonomonadetes; o__Chthonomonadales	0.02	0.02	0.0	0.0	0.0	0.0	0.0	0.02	0.0	0.02	0.04	0.0	0.02	0.03	0.0	0.04	0.04	0.0	0.0	0.02	0.0	0.0	0.01	0.0	0.02	0.02	0.0	0.0	0.0	0.0	0.03	0.01	0.0	0.02	0.02	0.0	0.04	0.06	0.0	0.05	0.04	0.0	0.06	0.04	0.04	0.05	0.04	0.0	0.05	0.04	0.0	0.05	0.03	0.0	0.12	0.07	0.0	0.08	0.08	0.06	0.1	0.09	0.1	0.08	0.13	0.1	0.11	0.1	0.07	0.1	0.11	0.0
Root; d__Bacteria; p__Armatimonadota; c__Fimbriimonadia; o__Fimbriimonadales	0.03	0.05	0.0	0.04	0.05	0.0	0.03	0.04	0.0	0.04	0.05	0.08	0.02	0.07	0.0	0.06	0.05	0.0	0.02	0.04	0.0	0.03	0.03	0.0	0.03	0.02	0.0	0.03	0.02	0.0	0.0	0.04	0.0	0.02	0.04	0.0	0.09	0.06	0.05	0.08	0.07	0.05	0.08	0.07	0.05	0.07	0.07	0.0	0.08	0.08	0.0	0.08	0.08	0.05	0.07	0.06	0.09	0.09	0.11	0.07	0.09	0.11	0.09	0.09	0.12	0.0	0.06	0.1	0.06	0.09	0.1	0.0
Root; d__Bacteria; p__Armatimonadota; c__Armatimonadia; o__Armatimonadales	0.03	0.0	0.0	0.0	0.0	0.0	0.0	0.0	0.0	0.0	0.0	0.0	0.0	0.0	0.0	0.02	0.02	0.0	0.0	0.03	0.0	0.02	0.02	0.0	0.0	0.0	0.0	0.0	0.0	0.0	0.02	0.02	0.0	0.02	0.0	0.0	0.0	0.03	0.0	0.03	0.04	0.0	0.03	0.02	0.0	0.03	0.02	0.0	0.03	0.02	0.0	0.03	0.03	0.0	0.03	0.03	0.0	0.02	0.03	0.04	0.05	0.04	0.06	0.03	0.04	0.0	0.04	0.03	0.0	0.05	0.03	0.0
Root; d__Bacteria; p__Desulfobacterota; c__Binatia; o__UBA9968	0.11	0.12	0.06	0.12	0.12	0.0	0.1	0.12	0.04	0.15	0.19	0.12	0.2	0.22	0.16	0.21	0.23	0.16	0.05	0.04	0.0	0.06	0.04	0.0	0.05	0.06	0.0	0.05	0.05	0.0	0.05	0.05	0.0	0.04	0.07	0.0	0.2	0.21	0.08	0.22	0.21	0.14	0.19	0.23	0.16	0.23	0.19	0.19	0.27	0.22	0.19	0.16	0.24	0.14	0.19	0.19	0.08	0.2	0.2	0.15	0.19	0.2	0.19	0.14	0.19	0.13	0.24	0.19	0.13	0.19	0.21	0.24
Root; d__Bacteria; p__Desulfobacterota; c__Binatia; o__UTPRO1	0.04	0.02	0.0	0.02	0.03	0.0	0.0	0.02	0.0	0.02	0.04	0.0	0.0	0.02	0.0	0.03	0.02	0.0	0.03	0.02	0.0	0.02	0.02	0.0	0.02	0.02	0.0	0.02	0.0	0.0	0.0	0.02	0.0	0.02	0.0	0.0	0.0	0.03	0.0	0.0	0.02	0.0	0.01	0.02	0.0	0.02	0.02	0.0	0.0	0.0	0.0	0.02	0.03	0.0	0.02	0.05	0.0	0.05	0.05	0.0	0.06	0.05	0.05	0.03	0.04	0.0	0.03	0.04	0.0	0.04	0.05	0.0
Root; d__Bacteria; p__Desulfobacterota; c__Binatia; o__UBA1149	0.02	0.03	0.0	0.03	0.0	0.0	0.02	0.01	0.0	0.0	0.02	0.0	0.0	0.0	0.0	0.03	0.02	0.0	0.0	0.0	0.0	0.0	0.0	0.0	0.0	0.0	0.0	0.03	0.0	0.0	0.02	0.01	0.0	0.03	0.02	0.0	0.02	0.02	0.0	0.0	0.0	0.0	0.0	0.0	0.0	0.02	0.02	0.0	0.0	0.02	0.0	0.01	0.0	0.0	0.04	0.03	0.0	0.05	0.04	0.02	0.02	0.05	0.02	0.03	0.02	0.04	0.04	0.03	0.0	0.02	0.03	0.0
Root; d__Bacteria; p__Desulfobacterota; c__Desulfuromonadia; o__Geobacterales	0.06	0.07	0.07	0.04	0.03	0.0	0.07	0.05	0.05	0.02	0.0	0.0	0.0	0.02	0.0	0.0	0.0	0.0	0.09	0.1	0.07	0.14	0.11	0.07	0.11	0.08	0.05	0.06	0.04	0.0	0.04	0.04	0.0	0.03	0.03	0.0	0.06	0.03	0.0	0.02	0.02	0.0	0.02	0.04	0.0	0.0	0.0	0.0	0.0	0.0	0.0	0.0	0.0	0.0	0.0	0.01	0.0	0.02	0.01	0.0	0.03	0.03	0.02	0.0	0.0	0.0	0.0	0.0	0.0	0.0	0.0	0.0
Root; d__Bacteria; p__Bdellovibrionota; c__UBA1018; o__UBA1018	0.16	0.19	0.18	0.18	0.2	0.23	0.19	0.19	0.13	0.13	0.12	0.11	0.1	0.12	0.08	0.12	0.18	0.15	0.23	0.22	0.21	0.19	0.27	0.16	0.2	0.26	0.17	0.23	0.18	0.15	0.17	0.18	0.23	0.19	0.2	0.19	0.16	0.16	0.1	0.18	0.15	0.19	0.16	0.14	0.14	0.18	0.19	0.17	0.21	0.2	0.15	0.15	0.19	0.16	0.13	0.15	0.11	0.19	0.18	0.12	0.17	0.17	0.19	0.18	0.22	0.23	0.14	0.16	0.18	0.14	0.14	0.22
Root; d__Bacteria; p__Bdellovibrionota; c__Bdellovibrionia; o__Bdellovibrionales	0.07	0.08	0.0	0.11	0.1	0.06	0.07	0.08	0.07	0.06	0.07	0.0	0.04	0.04	0.0	0.07	0.07	0.0	0.08	0.04	0.0	0.04	0.09	0.0	0.05	0.06	0.05	0.06	0.06	0.0	0.07	0.05	0.07	0.08	0.08	0.0	0.05	0.05	0.0	0.07	0.05	0.07	0.06	0.06	0.05	0.04	0.06	0.0	0.04	0.05	0.06	0.08	0.1	0.07	0.07	0.08	0.0	0.07	0.06	0.07	0.06	0.08	0.05	0.07	0.09	0.06	0.07	0.06	0.05	0.06	0.05	0.05
Root; d__Bacteria; p__Bdellovibrionota; c__FAC87; o__UBA2466	0.03	0.0	0.0	0.0	0.03	0.0	0.03	0.02	0.0	0.0	0.03	0.0	0.04	0.0	0.0	0.0	0.02	0.0	0.07	0.03	0.0	0.06	0.04	0.0	0.03	0.04	0.0	0.02	0.04	0.0	0.04	0.04	0.05	0.03	0.03	0.0	0.0	0.0	0.0	0.0	0.0	0.0	0.01	0.0	0.0	0.04	0.0	0.0	0.0	0.0	0.0	0.0	0.03	0.0	0.0	0.02	0.0	0.03	0.03	0.03	0.03	0.03	0.0	0.02	0.02	0.0	0.01	0.03	0.0	0.03	0.01	0.0
Root; d__Bacteria; p__Bdellovibrionota; c__Bacteriovoracia; o__Bacteriovoracales	0.07	0.06	0.0	0.04	0.05	0.0	0.07	0.06	0.05	0.02	0.03	0.0	0.0	0.02	0.0	0.02	0.01	0.0	0.0	0.0	0.0	0.0	0.0	0.0	0.0	0.0	0.0	0.0	0.0	0.0	0.0	0.0	0.0	0.0	0.0	0.0	0.0	0.02	0.0	0.02	0.02	0.0	0.0	0.0	0.0	0.01	0.0	0.0	0.0	0.0	0.0	0.0	0.0	0.0	0.0	0.0	0.0	0.01	0.01	0.0	0.02	0.01	0.02	0.0	0.01	0.0	0.0	0.0	0.0	0.0	0.01	0.0
Root; d__Bacteria; p__Gemmatimonadota; c__Gemmatimonadetes; o__Gemmatimonadales	2.03	1.94	2.0	2.22	2.14	2.18	1.94	1.86	1.91	2.18	1.99	1.91	2.11	1.99	1.97	3.27	3.39	3.41	2.68	2.64	2.68	2.68	2.5	2.76	2.6	2.64	2.54	2.51	2.62	2.64	2.61	2.56	2.42	2.58	2.41	2.69	5.87	6.03	5.36	6.05	6.02	5.44	5.82	5.88	6.2	6.26	6.18	5.55	6.1	6.15	6.04	5.89	6.01	5.99	4.33	4.42	4.42	4.38	4.49	4.42	4.35	4.46	4.46	4.4	4.27	4.04	4.54	4.62	4.28	4.63	4.35	4.57
Root; d__Bacteria; p__Gemmatimonadota; c__Gemmatimonadetes; o__Longimicrobiales	0.18	0.16	0.22	0.18	0.19	0.16	0.17	0.11	0.2	0.19	0.19	0.21	0.26	0.2	0.21	0.2	0.25	0.21	0.24	0.3	0.29	0.26	0.23	0.26	0.2	0.28	0.16	0.2	0.22	0.13	0.26	0.2	0.12	0.18	0.2	0.18	0.4	0.39	0.34	0.38	0.44	0.3	0.4	0.41	0.44	0.27	0.32	0.41	0.31	0.28	0.28	0.31	0.29	0.23	0.31	0.23	0.44	0.31	0.23	0.25	0.28	0.24	0.33	0.27	0.27	0.26	0.32	0.34	0.29	0.3	0.36	0.3
Root; d__Bacteria; p__Methylomirabilota; c__Methylomirabilia; o__Rokubacteriales	0.03	0.02	0.0	0.02	0.03	0.0	0.02	0.03	0.0	0.05	0.06	0.0	0.08	0.04	0.0	0.04	0.04	0.0	0.0	0.0	0.0	0.0	0.0	0.0	0.0	0.0	0.0	0.0	0.0	0.0	0.0	0.0	0.0	0.0	0.0	0.0	0.04	0.04	0.0	0.03	0.05	0.0	0.03	0.04	0.04	0.02	0.04	0.0	0.08	0.04	0.0	0.05	0.03	0.0	0.08	0.08	0.07	0.07	0.09	0.09	0.07	0.06	0.05	0.09	0.08	0.07	0.11	0.09	0.06	0.08	0.1	0.11
Root; d__Bacteria; p__Nitrospirota; c__Nitrospiria; o__Nitrospirales	0.07	0.15	0.13	0.12	0.12	0.1	0.14	0.12	0.11	0.14	0.17	0.09	0.13	0.14	0.14	0.22	0.27	0.21	0.09	0.04	0.05	0.05	0.05	0.08	0.06	0.07	0.0	0.07	0.06	0.0	0.08	0.06	0.06	0.06	0.05	0.0	0.35	0.33	0.34	0.38	0.33	0.32	0.33	0.29	0.38	0.4	0.45	0.38	0.44	0.37	0.33	0.36	0.36	0.45	0.32	0.28	0.24	0.29	0.33	0.29	0.37	0.31	0.31	0.31	0.31	0.21	0.32	0.34	0.33	0.37	0.39	0.27
Root; d__Bacteria; p__Elusimicrobiota; c__Elusimicrobia; o__UBA1565	0.01	0.0	0.0	0.0	0.0	0.0	0.0	0.0	0.0	0.0	0.02	0.0	0.02	0.0	0.0	0.02	0.0	0.0	0.03	0.0	0.0	0.02	0.0	0.0	0.0	0.02	0.0	0.0	0.02	0.0	0.02	0.03	0.0	0.02	0.03	0.05	0.02	0.02	0.0	0.0	0.0	0.0	0.02	0.01	0.0	0.04	0.03	0.0	0.02	0.02	0.0	0.02	0.02	0.0	0.02	0.0	0.0	0.02	0.02	0.0	0.02	0.02	0.02	0.02	0.01	0.0	0.01	0.02	0.0	0.01	0.04	0.0
Root; d__Bacteria; p__Eisenbacteria; c__RBG-16-71-46; o__RBG-16-71-46	0.02	0.02	0.0	0.03	0.02	0.0	0.02	0.03	0.0	0.02	0.0	0.0	0.0	0.0	0.0	0.0	0.0	0.0	0.09	0.09	0.0	0.1	0.06	0.03	0.06	0.06	0.07	0.07	0.04	0.06	0.06	0.05	0.0	0.05	0.08	0.05	0.0	0.0	0.0	0.0	0.0	0.0	0.0	0.0	0.0	0.0	0.0	0.0	0.0	0.0	0.0	0.0	0.0	0.0	0.04	0.08	0.05	0.08	0.08	0.06	0.07	0.06	0.06	0.05	0.05	0.05	0.09	0.06	0.0	0.09	0.07	0.0
Root; d__Bacteria; p__Sumerlaeota; c__Sumerlaeia; o__Sumerlaeales	0.03	0.02	0.0	0.02	0.02	0.0	0.0	0.02	0.0	0.01	0.02	0.0	0.0	0.0	0.0	0.02	0.02	0.0	0.0	0.02	0.0	0.0	0.02	0.0	0.0	0.0	0.0	0.0	0.0	0.0	0.02	0.02	0.0	0.0	0.0	0.0	0.0	0.0	0.0	0.0	0.0	0.0	0.01	0.0	0.0	0.0	0.0	0.0	0.0	0.0	0.0	0.02	0.0	0.0	0.0	0.02	0.0	0.01	0.02	0.0	0.02	0.02	0.02	0.0	0.02	0.0	0.0	0.02	0.0	0.0	0.02	0.0
Root; d__Bacteria; p__Fibrobacterota; c__Fibrobacteria; o__UBA11236	0.04	0.05	0.0	0.04	0.04	0.0	0.07	0.06	0.0	0.03	0.05	0.06	0.0	0.03	0.0	0.03	0.04	0.05	0.03	0.02	0.0	0.02	0.03	0.0	0.02	0.03	0.0	0.0	0.03	0.0	0.03	0.02	0.05	0.04	0.03	0.0	0.02	0.0	0.0	0.0	0.0	0.0	0.02	0.03	0.0	0.03	0.02	0.0	0.0	0.03	0.0	0.02	0.0	0.0	0.06	0.05	0.0	0.05	0.06	0.05	0.05	0.06	0.04	0.05	0.07	0.05	0.08	0.06	0.04	0.09	0.09	0.11
Root; d__Bacteria; p__Bdellovibrionota_B; c__Oligoflexia; o__Oligoflexales	0.03	0.04	0.0	0.04	0.06	0.0	0.04	0.05	0.04	0.03	0.04	0.0	0.03	0.03	0.0	0.02	0.04	0.0	0.02	0.03	0.0	0.03	0.02	0.0	0.03	0.0	0.0	0.04	0.03	0.0	0.03	0.02	0.0	0.02	0.03	0.0	0.03	0.03	0.0	0.02	0.06	0.0	0.03	0.02	0.04	0.05	0.03	0.0	0.06	0.0	0.0	0.02	0.02	0.0	0.0	0.02	0.0	0.03	0.02	0.03	0.03	0.03	0.04	0.03	0.03	0.0	0.03	0.03	0.04	0.03	0.02	0.04
Root; d__Bacteria; p__Chlamydiota; c__Chlamydiia; o__Chlamydiales	0.03	0.03	0.0	0.04	0.02	0.0	0.03	0.03	0.0	0.03	0.02	0.0	0.0	0.03	0.0	0.04	0.05	0.0	0.03	0.05	0.0	0.04	0.03	0.0	0.04	0.02	0.0	0.03	0.05	0.0	0.04	0.04	0.0	0.03	0.03	0.0	0.12	0.08	0.07	0.12	0.12	0.09	0.11	0.1	0.08	0.15	0.13	0.09	0.17	0.12	0.08	0.16	0.17	0.08	0.06	0.06	0.07	0.08	0.08	0.06	0.08	0.07	0.06	0.05	0.06	0.0	0.06	0.09	0.04	0.06	0.07	0.04
Root; d__Bacteria; p__Pseudomonadota; c__Alphaproteobacteria; o__DSM-16000	0.0	0.02	0.0	0.02	0.0	0.0	0.02	0.0	0.0	0.02	0.03	0.0	0.0	0.0	0.0	0.05	0.05	0.0	0.0	0.0	0.0	0.0	0.0	0.0	0.0	0.0	0.0	0.0	0.0	0.0	0.0	0.0	0.0	0.0	0.0	0.0	0.0	0.0	0.0	0.01	0.03	0.0	0.01	0.0	0.0	0.02	0.0	0.0	0.03	0.02	0.0	0.02	0.0	0.0	0.0	0.02	0.0	0.01	0.01	0.0	0.02	0.02	0.0	0.03	0.01	0.0	0.02	0.0	0.0	0.02	0.01	0.0
Root; d__Bacteria; p__Actinomycetota; c__Actinomycetes; o__Sporichthyales	0.0	0.02	0.0	0.0	0.0	0.0	0.0	0.0	0.0	0.0	0.0	0.0	0.02	0.0	0.0	0.04	0.03	0.0	0.0	0.0	0.0	0.0	0.0	0.0	0.0	0.0	0.0	0.0	0.0	0.0	0.0	0.0	0.0	0.0	0.0	0.0	0.0	0.02	0.0	0.02	0.02	0.0	0.0	0.0	0.0	0.0	0.02	0.0	0.0	0.02	0.0	0.0	0.0	0.0	0.0	0.0	0.0	0.01	0.01	0.0	0.02	0.02	0.01	0.0	0.03	0.0	0.02	0.02	0.0	0.0	0.03	0.0
Root; d__Bacteria; p__Actinomycetota; c__Actinomycetes; o__Jiangellales	0.0	0.02	0.0	0.0	0.02	0.0	0.0	0.03	0.0	0.0	0.02	0.0	0.02	0.0	0.0	0.03	0.0	0.0	0.02	0.0	0.0	0.0	0.03	0.0	0.02	0.02	0.0	0.02	0.02	0.0	0.02	0.02	0.0	0.04	0.01	0.0	0.02	0.02	0.0	0.0	0.0	0.0	0.02	0.01	0.0	0.0	0.0	0.0	0.02	0.0	0.0	0.0	0.0	0.0	0.02	0.02	0.0	0.01	0.02	0.0	0.03	0.03	0.02	0.03	0.02	0.05	0.02	0.02	0.0	0.02	0.0	0.0
Root; d__Bacteria; p__Chloroflexota; c__Limnocylindria; o__P2-11E	0.0	0.03	0.0	0.0	0.0	0.0	0.02	0.0	0.0	0.03	0.03	0.0	0.04	0.06	0.0	0.06	0.04	0.0	0.0	0.0	0.0	0.0	0.0	0.0	0.02	0.0	0.0	0.0	0.0	0.0	0.01	0.0	0.0	0.02	0.0	0.0	0.14	0.12	0.11	0.12	0.11	0.05	0.1	0.12	0.16	0.13	0.12	0.12	0.14	0.12	0.14	0.18	0.12	0.16	0.14	0.1	0.07	0.14	0.14	0.13	0.14	0.14	0.12	0.12	0.14	0.0	0.13	0.15	0.1	0.12	0.13	0.13
Root; d__Bacteria; p__Planctomycetota; c__Planctomycetia; o__Kolteriales	0.0	0.02	0.0	0.03	0.03	0.0	0.02	0.02	0.0	0.0	0.02	0.0	0.0	0.0	0.0	0.01	0.01	0.0	0.04	0.02	0.0	0.03	0.04	0.0	0.04	0.03	0.0	0.0	0.04	0.0	0.02	0.01	0.0	0.02	0.03	0.0	0.0	0.0	0.0	0.02	0.0	0.0	0.0	0.01	0.0	0.0	0.0	0.0	0.0	0.0	0.0	0.02	0.0	0.0	0.01	0.02	0.0	0.02	0.02	0.0	0.02	0.03	0.02	0.04	0.01	0.0	0.01	0.01	0.0	0.02	0.01	0.0
Root; d__Bacteria; p__Bacillota; c__Clostridia; o__Peptostreptococcales	0.0	0.02	0.0	0.0	0.02	0.0	0.0	0.02	0.0	0.0	0.0	0.0	0.0	0.0	0.0	0.02	0.0	0.0	0.0	0.0	0.0	0.0	0.0	0.0	0.0	0.0	0.0	0.0	0.01	0.0	0.0	0.0	0.0	0.02	0.0	0.0	0.0	0.0	0.0	0.0	0.0	0.0	0.0	0.0	0.0	0.0	0.0	0.0	0.0	0.0	0.0	0.0	0.0	0.0	0.0	0.0	0.0	0.0	0.0	0.0	0.0	0.0	0.0	0.0	0.0	0.0	0.0	0.0	0.0	0.0	0.0	0.0
Root; d__Bacteria; p__Bacteroidota; c__Bacteroidia; o__AKYH767-A	0.0	0.05	0.0	0.0	0.04	0.0	0.02	0.03	0.0	0.03	0.04	0.0	0.06	0.02	0.0	0.06	0.05	0.0	0.04	0.04	0.0	0.07	0.06	0.0	0.05	0.05	0.0	0.08	0.09	0.06	0.06	0.06	0.0	0.06	0.07	0.08	0.02	0.04	0.0	0.03	0.04	0.0	0.03	0.05	0.0	0.04	0.03	0.0	0.04	0.06	0.0	0.04	0.05	0.0	0.06	0.05	0.0	0.07	0.06	0.08	0.07	0.06	0.07	0.07	0.08	0.09	0.08	0.07	0.05	0.07	0.07	0.07
Root; d__Bacteria; p__Pseudomonadota; c__Alphaproteobacteria; o__Rickettsiales	0.0	0.0	0.0	0.03	0.02	0.0	0.02	0.02	0.0	0.0	0.0	0.0	0.0	0.0	0.0	0.02	0.01	0.0	0.03	0.04	0.0	0.03	0.03	0.0	0.02	0.02	0.0	0.02	0.04	0.0	0.03	0.03	0.0	0.03	0.02	0.0	0.02	0.0	0.0	0.0	0.0	0.0	0.0	0.0	0.0	0.02	0.0	0.0	0.0	0.02	0.0	0.0	0.03	0.0	0.02	0.0	0.0	0.02	0.02	0.0	0.02	0.02	0.02	0.02	0.03	0.04	0.04	0.02	0.0	0.03	0.02	0.0
Root; d__Bacteria; p__Pseudomonadota; c__Alphaproteobacteria; o__CACIAM-22H2	0.0	0.0	0.0	0.02	0.02	0.0	0.0	0.0	0.0	0.0	0.0	0.0	0.0	0.0	0.0	0.0	0.03	0.0	0.0	0.0	0.0	0.0	0.0	0.0	0.0	0.0	0.0	0.0	0.0	0.0	0.0	0.0	0.0	0.0	0.0	0.0	0.04	0.03	0.0	0.02	0.02	0.0	0.03	0.03	0.0	0.04	0.05	0.0	0.03	0.02	0.0	0.04	0.03	0.0	0.02	0.03	0.0	0.04	0.03	0.0	0.04	0.04	0.02	0.04	0.03	0.0	0.04	0.03	0.0	0.05	0.03	0.0
Root; d__Bacteria; p__Pseudomonadota; c__Gammaproteobacteria; o__DSM-16500	0.0	0.0	0.0	0.02	0.04	0.0	0.02	0.0	0.0	0.0	0.0	0.0	0.0	0.0	0.0	0.02	0.03	0.0	0.02	0.05	0.0	0.03	0.02	0.05	0.03	0.06	0.0	0.03	0.05	0.06	0.05	0.04	0.05	0.02	0.04	0.0	0.05	0.07	0.06	0.08	0.06	0.0	0.05	0.06	0.0	0.08	0.05	0.0	0.08	0.11	0.07	0.08	0.07	0.0	0.06	0.05	0.06	0.07	0.08	0.08	0.08	0.1	0.07	0.1	0.1	0.08	0.06	0.1	0.04	0.06	0.08	0.07
Root; d__Bacteria; p__Patescibacteriota; c__Microgenomatia; o__Levybacterales	0.0	0.0	0.0	0.03	0.0	0.0	0.0	0.0	0.0	0.0	0.0	0.0	0.0	0.0	0.0	0.02	0.03	0.0	0.02	0.02	0.0	0.02	0.02	0.0	0.02	0.03	0.0	0.03	0.03	0.0	0.04	0.04	0.07	0.02	0.0	0.0	0.06	0.05	0.0	0.07	0.07	0.07	0.07	0.07	0.08	0.04	0.08	0.1	0.07	0.05	0.08	0.12	0.13	0.05	0.05	0.06	0.0	0.06	0.05	0.02	0.08	0.08	0.05	0.04	0.07	0.05	0.05	0.03	0.06	0.06	0.08	0.05
Root; d__Bacteria; p__Planctomycetota; c__J058; o__J058	0.0	0.0	0.0	0.0	0.03	0.0	0.0	0.0	0.0	0.03	0.0	0.0	0.02	0.0	0.0	0.02	0.02	0.0	0.0	0.02	0.0	0.0	0.0	0.0	0.0	0.0	0.0	0.0	0.0	0.0	0.0	0.0	0.0	0.0	0.0	0.0	0.02	0.01	0.0	0.02	0.0	0.0	0.0	0.02	0.0	0.02	0.0	0.0	0.03	0.01	0.0	0.0	0.02	0.0	0.02	0.03	0.0	0.02	0.01	0.02	0.02	0.01	0.02	0.02	0.02	0.0	0.03	0.0	0.0	0.02	0.03	0.0
Root; d__Bacteria; p__Elusimicrobiota; c__Elusimicrobia; o__2-01-FULL-59-12	0.0	0.0	0.0	0.0	0.02	0.0	0.02	0.02	0.0	0.0	0.02	0.0	0.03	0.03	0.0	0.02	0.02	0.0	0.05	0.04	0.0	0.04	0.04	0.0	0.04	0.04	0.08	0.05	0.05	0.0	0.05	0.05	0.05	0.06	0.05	0.05	0.02	0.01	0.0	0.0	0.02	0.0	0.01	0.03	0.0	0.03	0.02	0.0	0.02	0.0	0.0	0.05	0.03	0.0	0.05	0.03	0.0	0.05	0.03	0.03	0.05	0.05	0.04	0.03	0.04	0.0	0.08	0.07	0.0	0.06	0.05	0.04
Root; d__Bacteria; p__Babelota; c__Babeliae; o__Babelales	0.0	0.0	0.0	0.0	0.02	0.0	0.0	0.0	0.0	0.0	0.0	0.0	0.0	0.0	0.0	0.05	0.04	0.05	0.0	0.0	0.0	0.0	0.0	0.0	0.02	0.04	0.0	0.0	0.02	0.0	0.02	0.02	0.0	0.03	0.03	0.0	0.14	0.14	0.17	0.11	0.12	0.09	0.15	0.15	0.1	0.15	0.18	0.14	0.16	0.17	0.18	0.14	0.15	0.08	0.11	0.11	0.07	0.08	0.08	0.05	0.08	0.07	0.06	0.07	0.05	0.0	0.07	0.08	0.0	0.07	0.07	0.0
Root; d__Bacteria; p__Pseudomonadota; c__Gammaproteobacteria; o__Enterobacterales	0.0	0.0	0.0	0.0	0.0	0.0	0.02	0.0	0.0	0.02	0.02	0.0	0.0	0.0	0.0	0.0	0.0	0.0	0.0	0.0	0.0	0.0	0.0	0.0	0.0	0.0	0.0	0.0	0.0	0.0	0.0	0.0	0.0	0.0	0.0	0.0	0.0	0.0	0.0	0.0	0.0	0.0	0.0	0.0	0.0	0.0	0.0	0.0	0.0	0.0	0.0	0.0	0.0	0.0	0.0	0.0	0.0	0.0	0.0	0.0	0.0	0.0	0.0	0.4	0.39	0.39	0.0	0.0	0.0	0.0	0.0	0.0
Root; d__Bacteria; p__Acidobacteriota; c__Thermoanaerobaculia; o__UBA5066	0.0	0.0	0.0	0.0	0.0	0.0	0.0	0.03	0.0	0.0	0.02	0.0	0.02	0.01	0.0	0.02	0.0	0.0	0.01	0.03	0.0	0.02	0.01	0.03	0.03	0.01	0.0	0.02	0.02	0.0	0.02	0.0	0.0	0.03	0.0	0.0	0.05	0.02	0.0	0.03	0.05	0.0	0.03	0.02	0.0	0.02	0.03	0.0	0.03	0.02	0.0	0.03	0.02	0.0	0.03	0.03	0.03	0.05	0.05	0.03	0.04	0.05	0.02	0.0	0.03	0.0	0.04	0.06	0.0	0.02	0.03	0.06
Root; d__Bacteria; p__Planctomycetota; c__PLA2; o__PLA2	0.0	0.0	0.0	0.0	0.0	0.0	0.0	0.0	0.0	0.02	0.02	0.0	0.0	0.02	0.0	0.0	0.0	0.0	0.04	0.0	0.0	0.02	0.0	0.0	0.02	0.0	0.0	0.0	0.02	0.0	0.0	0.02	0.0	0.02	0.04	0.0	0.0	0.02	0.0	0.0	0.02	0.0	0.0	0.01	0.0	0.0	0.0	0.0	0.0	0.02	0.0	0.02	0.0	0.0	0.0	0.02	0.0	0.02	0.02	0.03	0.02	0.02	0.0	0.02	0.0	0.0	0.02	0.02	0.0	0.02	0.02	0.0
Root; d__Bacteria; p__Actinomycetota; c__Actinomycetes; o__Prado026	0.0	0.0	0.0	0.0	0.0	0.0	0.0	0.0	0.0	0.02	0.0	0.0	0.0	0.0	0.0	0.0	0.0	0.0	0.0	0.02	0.0	0.02	0.0	0.0	0.02	0.03	0.0	0.0	0.0	0.0	0.0	0.0	0.0	0.0	0.02	0.0	0.0	0.0	0.0	0.02	0.0	0.0	0.0	0.0	0.0	0.0	0.0	0.0	0.0	0.01	0.0	0.0	0.0	0.0	0.0	0.02	0.0	0.01	0.02	0.0	0.01	0.01	0.01	0.02	0.0	0.0	0.01	0.02	0.0	0.02	0.01	0.0
Root; d__Bacteria; p__Bacillota; c__Bacilli; o__Lactobacillales	0.0	0.0	0.0	0.0	0.0	0.0	0.0	0.0	0.0	0.01	0.0	0.0	0.0	0.0	0.0	0.0	0.0	0.0	0.0	0.0	0.0	0.0	0.0	0.0	0.0	0.0	0.0	0.0	0.0	0.0	0.0	0.0	0.0	0.0	0.0	0.0	0.0	0.0	0.0	0.0	0.0	0.0	0.0	0.0	0.0	0.0	0.0	0.0	0.0	0.0	0.0	0.0	0.0	0.0	0.0	0.0	0.0	0.0	0.0	0.0	0.0	0.0	0.0	0.0	0.0	0.0	0.0	0.0	0.0	0.0	0.0	0.0
Root; d__Bacteria; p__Bacillota; c__Clostridia; o__Oscillospirales	0.0	0.0	0.0	0.0	0.0	0.0	0.0	0.0	0.0	0.02	0.0	0.0	0.0	0.0	0.0	0.02	0.0	0.0	0.0	0.02	0.0	0.0	0.02	0.0	0.02	0.0	0.0	0.02	0.02	0.0	0.0	0.02	0.0	0.0	0.0	0.0	0.0	0.02	0.0	0.02	0.02	0.0	0.03	0.03	0.0	0.0	0.0	0.0	0.05	0.03	0.0	0.02	0.03	0.0	0.0	0.0	0.0	0.02	0.01	0.0	0.02	0.01	0.01	0.02	0.0	0.0	0.02	0.02	0.0	0.02	0.02	0.0
Root; d__Bacteria; p__Desulfobacterota; c__Binatia; o__Bin18	0.0	0.0	0.0	0.0	0.0	0.0	0.0	0.0	0.0	0.02	0.02	0.0	0.0	0.0	0.0	0.02	0.02	0.0	0.0	0.0	0.0	0.0	0.0	0.0	0.02	0.0	0.0	0.0	0.0	0.0	0.0	0.0	0.0	0.0	0.0	0.0	0.02	0.0	0.0	0.0	0.02	0.0	0.0	0.02	0.0	0.02	0.0	0.0	0.0	0.0	0.0	0.03	0.0	0.0	0.03	0.03	0.0	0.03	0.02	0.02	0.03	0.03	0.02	0.02	0.03	0.0	0.04	0.03	0.0	0.02	0.03	0.0
Root; d__Bacteria; p__Pseudomonadota; c__Alphaproteobacteria; o__SMXQ01	0.0	0.0	0.0	0.0	0.0	0.0	0.0	0.0	0.0	0.02	0.0	0.0	0.0	0.0	0.0	0.0	0.0	0.0	0.0	0.0	0.0	0.0	0.0	0.0	0.0	0.0	0.0	0.0	0.0	0.0	0.0	0.0	0.0	0.0	0.0	0.0	0.0	0.0	0.0	0.0	0.02	0.0	0.02	0.0	0.0	0.0	0.0	0.0	0.0	0.0	0.0	0.0	0.0	0.0	0.0	0.0	0.0	0.0	0.01	0.0	0.01	0.01	0.0	0.0	0.0	0.0	0.0	0.0	0.0	0.0	0.0	0.0
Root; d__Bacteria; p__Planctomycetota; c__SZUA-567; o__H5-PLA8	0.0	0.0	0.0	0.0	0.0	0.0	0.0	0.0	0.0	0.0	0.02	0.0	0.0	0.0	0.0	0.0	0.03	0.0	0.0	0.02	0.0	0.0	0.02	0.0	0.0	0.0	0.0	0.0	0.0	0.0	0.0	0.0	0.0	0.02	0.0	0.0	0.03	0.03	0.0	0.02	0.02	0.0	0.04	0.03	0.0	0.03	0.0	0.0	0.02	0.02	0.0	0.03	0.04	0.0	0.03	0.05	0.0	0.05	0.04	0.03	0.05	0.04	0.04	0.03	0.05	0.0	0.05	0.05	0.0	0.06	0.04	0.07
Root; d__Bacteria; p__Bacteroidota; c__Ignavibacteria; o__OLB7	0.0	0.0	0.0	0.0	0.0	0.0	0.0	0.0	0.0	0.0	0.02	0.0	0.0	0.0	0.0	0.02	0.02	0.0	0.0	0.0	0.0	0.0	0.0	0.0	0.0	0.0	0.0	0.0	0.0	0.0	0.0	0.0	0.0	0.0	0.0	0.0	0.03	0.0	0.0	0.03	0.03	0.0	0.03	0.03	0.0	0.02	0.03	0.0	0.02	0.05	0.0	0.03	0.03	0.0	0.0	0.03	0.0	0.03	0.02	0.0	0.02	0.04	0.03	0.03	0.03	0.0	0.02	0.03	0.0	0.02	0.04	0.0
Root; d__Bacteria; p__Desulfobacterota; c__Binatia; o__DP-6	0.0	0.0	0.0	0.0	0.0	0.0	0.0	0.0	0.0	0.0	0.02	0.0	0.0	0.0	0.0	0.02	0.0	0.0	0.0	0.0	0.0	0.0	0.0	0.0	0.0	0.0	0.0	0.0	0.0	0.0	0.0	0.02	0.0	0.0	0.0	0.0	0.0	0.0	0.0	0.0	0.02	0.0	0.02	0.0	0.0	0.0	0.02	0.0	0.02	0.0	0.0	0.0	0.02	0.0	0.0	0.01	0.0	0.02	0.03	0.02	0.03	0.02	0.02	0.02	0.01	0.0	0.01	0.0	0.0	0.04	0.02	0.0
Root; d__Bacteria; p__Tectomicrobia; c__Entotheonellia; o__Entotheonellales	0.0	0.0	0.0	0.0	0.0	0.0	0.0	0.0	0.0	0.0	0.02	0.0	0.0	0.0	0.0	0.0	0.0	0.0	0.0	0.0	0.0	0.0	0.0	0.0	0.0	0.0	0.0	0.0	0.0	0.0	0.0	0.0	0.0	0.0	0.0	0.0	0.0	0.0	0.0	0.0	0.0	0.0	0.0	0.0	0.0	0.0	0.0	0.0	0.0	0.0	0.0	0.0	0.0	0.0	0.0	0.0	0.0	0.01	0.01	0.0	0.01	0.0	0.0	0.0	0.0	0.0	0.02	0.0	0.0	0.0	0.01	0.0
Root; d__Bacteria; p__Actinomycetota; c__Actinomycetes; o__JAWWOW01	0.0	0.0	0.0	0.0	0.0	0.0	0.0	0.0	0.0	0.0	0.0	0.0	0.0	0.0	0.0	0.02	0.0	0.0	0.02	0.03	0.0	0.02	0.0	0.0	0.0	0.0	0.0	0.02	0.02	0.0	0.02	0.03	0.0	0.0	0.0	0.0	0.0	0.02	0.0	0.02	0.02	0.0	0.02	0.0	0.0	0.02	0.02	0.0	0.04	0.02	0.0	0.0	0.03	0.0	0.02	0.0	0.0	0.03	0.02	0.0	0.01	0.02	0.0	0.01	0.0	0.0	0.02	0.02	0.0	0.02	0.02	0.0
Root; d__Bacteria; p__Pseudomonadota; c__Gammaproteobacteria; o__Nevskiales	0.0	0.0	0.0	0.0	0.0	0.0	0.0	0.0	0.0	0.0	0.0	0.0	0.0	0.0	0.0	0.03	0.0	0.0	0.0	0.0	0.0	0.0	0.0	0.0	0.0	0.0	0.0	0.0	0.0	0.0	0.0	0.0	0.0	0.0	0.0	0.0	0.0	0.0	0.0	0.02	0.0	0.0	0.02	0.0	0.0	0.0	0.02	0.0	0.03	0.03	0.0	0.03	0.02	0.0	0.03	0.04	0.0	0.04	0.06	0.0	0.05	0.04	0.03	0.05	0.05	0.0	0.04	0.08	0.04	0.09	0.07	0.0
Root; d__Bacteria; p__Acidobacteriota; c__Terriglobia; o__Acidiferrales	0.0	0.0	0.0	0.0	0.0	0.0	0.0	0.0	0.0	0.0	0.0	0.0	0.0	0.0	0.0	0.02	0.0	0.0	0.0	0.0	0.0	0.0	0.0	0.0	0.0	0.0	0.0	0.0	0.0	0.0	0.0	0.0	0.0	0.0	0.0	0.0	0.05	0.03	0.0	0.04	0.03	0.0	0.03	0.03	0.0	0.05	0.06	0.0	0.08	0.03	0.05	0.01	0.03	0.0	0.05	0.04	0.0	0.06	0.07	0.02	0.05	0.05	0.06	0.08	0.06	0.04	0.06	0.06	0.04	0.06	0.06	0.04
Root; d__Bacteria; p__Planctomycetota; c__Phycisphaerae; o__UBA1845	0.0	0.0	0.0	0.0	0.0	0.0	0.0	0.0	0.0	0.0	0.0	0.0	0.0	0.0	0.0	0.02	0.0	0.0	0.0	0.0	0.0	0.0	0.0	0.0	0.0	0.0	0.0	0.0	0.0	0.0	0.0	0.0	0.0	0.0	0.0	0.0	0.01	0.02	0.0	0.02	0.0	0.0	0.0	0.0	0.0	0.0	0.0	0.0	0.0	0.0	0.0	0.02	0.0	0.0	0.03	0.02	0.0	0.02	0.02	0.0	0.02	0.02	0.02	0.01	0.02	0.0	0.03	0.0	0.06	0.0	0.03	0.0
Root; d__Bacteria; p__Patescibacteriota; c__Doudnabacteria; o__UBA920	0.0	0.0	0.0	0.0	0.0	0.0	0.0	0.0	0.0	0.0	0.0	0.0	0.0	0.0	0.0	0.02	0.03	0.0	0.04	0.04	0.0	0.03	0.04	0.0	0.05	0.06	0.0	0.05	0.04	0.0	0.05	0.05	0.0	0.05	0.04	0.0	0.02	0.02	0.0	0.03	0.05	0.0	0.03	0.03	0.0	0.04	0.07	0.0	0.04	0.05	0.06	0.04	0.03	0.0	0.03	0.02	0.0	0.02	0.03	0.0	0.03	0.03	0.03	0.05	0.03	0.0	0.03	0.05	0.04	0.03	0.04	0.0
Root; d__Bacteria; p__Bacteroidota; c__Bacteroidia; o__Bacteroidales	0.0	0.0	0.0	0.0	0.0	0.0	0.0	0.0	0.0	0.0	0.0	0.0	0.0	0.0	0.0	0.02	0.0	0.0	0.02	0.0	0.0	0.0	0.0	0.0	0.0	0.0	0.0	0.02	0.0	0.0	0.0	0.0	0.0	0.0	0.02	0.0	0.0	0.0	0.0	0.0	0.0	0.0	0.02	0.01	0.0	0.0	0.0	0.0	0.0	0.0	0.0	0.0	0.0	0.0	0.0	0.0	0.0	0.01	0.01	0.0	0.01	0.01	0.0	0.0	0.0	0.0	0.02	0.03	0.0	0.0	0.0	0.0
Root; d__Bacteria; p__Bacillota; c__Clostridia; o__Acetivibrionales	0.0	0.0	0.0	0.0	0.0	0.0	0.0	0.0	0.0	0.0	0.0	0.0	0.0	0.0	0.0	0.0	0.02	0.0	0.0	0.0	0.0	0.0	0.0	0.0	0.0	0.0	0.0	0.0	0.0	0.0	0.0	0.0	0.0	0.0	0.0	0.0	0.04	0.05	0.0	0.02	0.06	0.0	0.06	0.06	0.0	0.04	0.05	0.06	0.03	0.03	0.0	0.06	0.04	0.0	0.0	0.0	0.0	0.02	0.02	0.0	0.02	0.01	0.0	0.0	0.0	0.0	0.01	0.01	0.0	0.0	0.01	0.0
Root; d__Bacteria; p__Bacteroidota; c__Bacteroidia; o__B-17B0	0.0	0.0	0.0	0.0	0.0	0.0	0.0	0.0	0.0	0.0	0.0	0.0	0.0	0.0	0.0	0.0	0.03	0.0	0.03	0.05	0.0	0.0	0.03	0.0	0.04	0.04	0.0	0.04	0.05	0.0	0.02	0.04	0.0	0.03	0.03	0.0	0.03	0.05	0.0	0.03	0.06	0.0	0.04	0.04	0.0	0.0	0.0	0.0	0.02	0.03	0.0	0.02	0.02	0.0	0.06	0.06	0.05	0.07	0.07	0.05	0.03	0.06	0.06	0.06	0.03	0.0	0.05	0.03	0.04	0.04	0.06	0.0
Root; d__Bacteria; p__Myxococcota; c__JADLHZ01; o__JADLHZ01	0.0	0.0	0.0	0.0	0.0	0.0	0.0	0.0	0.0	0.0	0.0	0.0	0.0	0.0	0.0	0.0	0.01	0.0	0.01	0.0	0.0	0.03	0.0	0.0	0.0	0.0	0.0	0.01	0.0	0.0	0.0	0.0	0.0	0.0	0.0	0.0	0.0	0.0	0.0	0.0	0.0	0.0	0.0	0.0	0.0	0.0	0.0	0.0	0.0	0.0	0.0	0.0	0.0	0.0	0.0	0.0	0.0	0.0	0.0	0.0	0.0	0.0	0.0	0.0	0.0	0.0	0.01	0.0	0.0	0.0	0.01	0.0
Root; d__Bacteria; p__Elusimicrobiota; c__Elusimicrobia; o__F11	0.0	0.0	0.0	0.0	0.0	0.0	0.0	0.0	0.0	0.0	0.0	0.0	0.0	0.0	0.0	0.0	0.02	0.0	0.0	0.0	0.0	0.0	0.0	0.0	0.0	0.02	0.0	0.0	0.0	0.0	0.0	0.0	0.0	0.0	0.02	0.0	0.0	0.0	0.0	0.0	0.0	0.0	0.0	0.0	0.0	0.02	0.02	0.0	0.03	0.02	0.0	0.0	0.0	0.0	0.03	0.0	0.0	0.01	0.01	0.0	0.02	0.01	0.0	0.02	0.02	0.0	0.02	0.02	0.0	0.0	0.02	0.0
Root; d__Bacteria; p__Bacillota_I; c__Bacilli_A; o__Mycoplasmatales	0.0	0.0	0.0	0.0	0.0	0.0	0.0	0.0	0.0	0.0	0.0	0.0	0.0	0.0	0.0	0.0	0.02	0.0	0.02	0.0	0.0	0.03	0.02	0.0	0.02	0.03	0.04	0.02	0.05	0.0	0.03	0.01	0.0	0.01	0.02	0.0	0.0	0.0	0.0	0.0	0.0	0.0	0.0	0.0	0.0	0.0	0.0	0.0	0.0	0.0	0.0	0.0	0.02	0.0	0.02	0.02	0.0	0.02	0.04	0.0	0.04	0.04	0.02	0.04	0.03	0.0	0.04	0.05	0.04	0.03	0.04	0.0
Root; d__Bacteria; p__Actinomycetota; c__Actinomycetes; o__CAVWCF01	0.0	0.0	0.0	0.0	0.0	0.0	0.0	0.0	0.0	0.0	0.0	0.0	0.0	0.0	0.0	0.0	0.0	0.0	0.01	0.0	0.0	0.0	0.0	0.0	0.0	0.0	0.0	0.0	0.0	0.0	0.0	0.0	0.0	0.0	0.0	0.0	0.0	0.0	0.0	0.0	0.0	0.0	0.0	0.0	0.0	0.0	0.0	0.0	0.0	0.0	0.0	0.0	0.0	0.0	0.0	0.02	0.0	0.0	0.0	0.0	0.0	0.0	0.0	0.0	0.0	0.0	0.0	0.0	0.0	0.0	0.0	0.0
Root; d__Bacteria; p__Patescibacteriota; c__Saccharimonadia; o__UBA4664	0.0	0.0	0.0	0.0	0.0	0.0	0.0	0.0	0.0	0.0	0.0	0.0	0.0	0.0	0.0	0.0	0.0	0.0	0.02	0.0	0.0	0.0	0.0	0.0	0.0	0.02	0.0	0.0	0.03	0.0	0.03	0.0	0.0	0.02	0.02	0.0	0.06	0.04	0.05	0.05	0.05	0.0	0.04	0.06	0.0	0.05	0.04	0.0	0.05	0.04	0.0	0.04	0.05	0.0	0.04	0.06	0.0	0.05	0.05	0.02	0.06	0.05	0.07	0.07	0.06	0.1	0.05	0.05	0.0	0.04	0.05	0.0
Root; d__Bacteria; p__Patescibacteriota; c__Microgenomatia; o__Daviesbacterales	0.0	0.0	0.0	0.0	0.0	0.0	0.0	0.0	0.0	0.0	0.0	0.0	0.0	0.0	0.0	0.0	0.0	0.0	0.02	0.0	0.0	0.0	0.0	0.0	0.0	0.0	0.0	0.02	0.0	0.0	0.0	0.0	0.0	0.0	0.0	0.0	0.0	0.02	0.0	0.02	0.02	0.0	0.02	0.04	0.0	0.03	0.0	0.0	0.04	0.04	0.0	0.03	0.04	0.0	0.0	0.02	0.0	0.02	0.02	0.0	0.01	0.02	0.0	0.02	0.01	0.0	0.01	0.02	0.0	0.0	0.0	0.0
Root; d__Bacteria; p__Bdellovibrionota_C; c__UBA2361; o__UBA2361	0.0	0.0	0.0	0.0	0.0	0.0	0.0	0.0	0.0	0.0	0.0	0.0	0.0	0.0	0.0	0.0	0.0	0.0	0.02	0.0	0.0	0.0	0.02	0.0	0.0	0.0	0.0	0.0	0.0	0.0	0.0	0.0	0.0	0.0	0.0	0.0	0.0	0.0	0.0	0.0	0.0	0.0	0.0	0.0	0.0	0.0	0.0	0.0	0.0	0.0	0.0	0.0	0.0	0.0	0.0	0.0	0.0	0.01	0.0	0.0	0.01	0.01	0.0	0.0	0.0	0.0	0.0	0.0	0.0	0.0	0.0	0.0
Root; d__Bacteria; p__Bdellovibrionota_C; c__UBA2361; o__SZUA-149	0.0	0.0	0.0	0.0	0.0	0.0	0.0	0.0	0.0	0.0	0.0	0.0	0.0	0.0	0.0	0.0	0.0	0.0	0.02	0.0	0.0	0.0	0.0	0.0	0.0	0.0	0.0	0.0	0.0	0.0	0.0	0.0	0.0	0.0	0.0	0.0	0.0	0.0	0.0	0.0	0.0	0.0	0.0	0.0	0.0	0.0	0.0	0.0	0.0	0.0	0.0	0.0	0.0	0.0	0.0	0.0	0.0	0.01	0.0	0.0	0.0	0.0	0.0	0.0	0.0	0.0	0.0	0.0	0.0	0.0	0.0	0.0
Root; d__Bacteria; p__Pseudomonadota; c__Gammaproteobacteria; o__UBA6002	0.0	0.0	0.0	0.0	0.0	0.0	0.0	0.0	0.0	0.0	0.0	0.0	0.0	0.0	0.0	0.0	0.0	0.0	0.0	0.02	0.0	0.0	0.0	0.0	0.02	0.0	0.0	0.0	0.0	0.0	0.0	0.0	0.0	0.0	0.0	0.0	0.0	0.0	0.0	0.0	0.0	0.0	0.0	0.0	0.0	0.0	0.0	0.0	0.0	0.0	0.0	0.0	0.0	0.0	0.0	0.0	0.0	0.0	0.0	0.0	0.0	0.0	0.0	0.0	0.0	0.0	0.0	0.0	0.0	0.0	0.0	0.0
Root; d__Bacteria; p__Bacteroidota; c__Ignavibacteria; o__Palsa-1295	0.0	0.0	0.0	0.0	0.0	0.0	0.0	0.0	0.0	0.0	0.0	0.0	0.0	0.0	0.0	0.0	0.0	0.0	0.0	0.02	0.0	0.0	0.0	0.0	0.0	0.0	0.0	0.0	0.0	0.0	0.0	0.0	0.0	0.0	0.0	0.0	0.05	0.05	0.0	0.04	0.02	0.0	0.03	0.03	0.0	0.02	0.0	0.0	0.02	0.03	0.0	0.02	0.02	0.0	0.03	0.02	0.0	0.03	0.03	0.0	0.03	0.03	0.03	0.03	0.02	0.0	0.02	0.02	0.0	0.03	0.0	0.0
Root; d__Bacteria; p__Actinomycetota; c__Coriobacteriia; o__Coriobacteriales	0.0	0.0	0.0	0.0	0.0	0.0	0.0	0.0	0.0	0.0	0.0	0.0	0.0	0.0	0.0	0.0	0.0	0.0	0.0	0.0	0.0	0.02	0.0	0.0	0.0	0.0	0.0	0.0	0.0	0.0	0.0	0.0	0.0	0.0	0.0	0.0	0.0	0.0	0.0	0.0	0.0	0.0	0.0	0.0	0.0	0.0	0.0	0.0	0.0	0.0	0.0	0.0	0.0	0.0	0.0	0.0	0.0	0.01	0.0	0.0	0.01	0.01	0.0	0.0	0.0	0.0	0.01	0.0	0.0	0.0	0.0	0.0
Root; d__Bacteria; p__Krumholzibacteriota; c__Krumholzibacteriia; o__WVZY01	0.0	0.0	0.0	0.0	0.0	0.0	0.0	0.0	0.0	0.0	0.0	0.0	0.0	0.0	0.0	0.0	0.0	0.0	0.0	0.0	0.0	0.03	0.03	0.0	0.0	0.02	0.0	0.02	0.02	0.0	0.03	0.02	0.0	0.02	0.0	0.0	0.0	0.0	0.0	0.0	0.0	0.0	0.0	0.0	0.0	0.0	0.0	0.0	0.0	0.0	0.0	0.0	0.0	0.0	0.0	0.0	0.0	0.0	0.0	0.0	0.0	0.0	0.0	0.0	0.0	0.0	0.0	0.0	0.0	0.0	0.0	0.0
Root; d__Bacteria; p__Elusimicrobiota; c__Elusimicrobia; o__FEN-1173	0.0	0.0	0.0	0.0	0.0	0.0	0.0	0.0	0.0	0.0	0.0	0.0	0.0	0.0	0.0	0.0	0.0	0.0	0.0	0.0	0.0	0.0	0.02	0.0	0.0	0.0	0.0	0.0	0.0	0.0	0.0	0.0	0.0	0.0	0.0	0.0	0.0	0.0	0.0	0.0	0.0	0.0	0.0	0.0	0.0	0.0	0.0	0.0	0.0	0.0	0.0	0.0	0.0	0.0	0.0	0.0	0.0	0.0	0.0	0.0	0.0	0.0	0.0	0.0	0.0	0.0	0.0	0.0	0.0	0.0	0.0	0.0
Root; d__Bacteria; p__Pseudomonadota; c__Gammaproteobacteria; o__Acidiferrobacterales	0.0	0.0	0.0	0.0	0.0	0.0	0.0	0.0	0.0	0.0	0.0	0.0	0.0	0.0	0.0	0.0	0.0	0.0	0.0	0.0	0.0	0.0	0.0	0.0	0.02	0.0	0.0	0.0	0.0	0.0	0.0	0.0	0.0	0.0	0.02	0.0	0.02	0.0	0.0	0.02	0.0	0.0	0.0	0.0	0.0	0.02	0.0	0.0	0.0	0.0	0.0	0.02	0.0	0.0	0.0	0.0	0.0	0.01	0.01	0.0	0.02	0.01	0.0	0.0	0.01	0.0	0.0	0.0	0.0	0.01	0.0	0.0
Root; d__Bacteria; p__Bacteroidota; c__Bacteroidia; o__2-12-FULL-35-15	0.0	0.0	0.0	0.0	0.0	0.0	0.0	0.0	0.0	0.0	0.0	0.0	0.0	0.0	0.0	0.0	0.0	0.0	0.0	0.0	0.0	0.0	0.0	0.0	0.0	0.02	0.0	0.0	0.0	0.0	0.0	0.0	0.0	0.0	0.0	0.0	0.01	0.02	0.0	0.02	0.02	0.0	0.01	0.0	0.0	0.0	0.0	0.0	0.0	0.0	0.0	0.0	0.0	0.0	0.0	0.0	0.0	0.01	0.01	0.0	0.01	0.01	0.0	0.0	0.0	0.0	0.0	0.0	0.0	0.0	0.0	0.0
Root; d__Bacteria; p__Patescibacteriota; c__Gracilibacteria; o__Peribacterales	0.0	0.0	0.0	0.0	0.0	0.0	0.0	0.0	0.0	0.0	0.0	0.0	0.0	0.0	0.0	0.0	0.0	0.0	0.0	0.0	0.0	0.0	0.0	0.0	0.0	0.02	0.0	0.0	0.0	0.0	0.0	0.0	0.0	0.0	0.0	0.0	0.0	0.0	0.0	0.0	0.0	0.0	0.01	0.02	0.0	0.0	0.02	0.0	0.03	0.02	0.0	0.03	0.0	0.0	0.0	0.0	0.0	0.01	0.01	0.0	0.01	0.01	0.0	0.0	0.0	0.0	0.0	0.01	0.0	0.0	0.0	0.0
Root; d__Bacteria; p__Cyanobacteriota; c__Vampirovibrionia; o__Obscuribacterales	0.0	0.0	0.0	0.0	0.0	0.0	0.0	0.0	0.0	0.0	0.0	0.0	0.0	0.0	0.0	0.0	0.0	0.0	0.0	0.0	0.0	0.0	0.0	0.0	0.0	0.0	0.0	0.0	0.0	0.0	0.02	0.0	0.0	0.0	0.0	0.0	0.02	0.0	0.0	0.0	0.0	0.0	0.0	0.02	0.0	0.0	0.02	0.0	0.02	0.02	0.0	0.02	0.0	0.0	0.0	0.0	0.0	0.01	0.03	0.0	0.01	0.01	0.0	0.02	0.0	0.0	0.01	0.02	0.0	0.0	0.0	0.0
Root; d__Bacteria; p__Actinomycetota; c__Acidimicrobiia; o__Spongiisociales	0.0	0.0	0.0	0.0	0.0	0.0	0.0	0.0	0.0	0.0	0.0	0.0	0.0	0.0	0.0	0.0	0.0	0.0	0.0	0.0	0.0	0.0	0.0	0.0	0.0	0.0	0.0	0.0	0.0	0.0	0.0	0.0	0.0	0.02	0.0	0.0	0.0	0.0	0.0	0.0	0.0	0.0	0.0	0.0	0.0	0.0	0.0	0.0	0.0	0.0	0.0	0.0	0.0	0.0	0.0	0.0	0.0	0.01	0.0	0.0	0.01	0.01	0.0	0.0	0.0	0.0	0.0	0.0	0.0	0.0	0.0	0.0
Root; d__Bacteria; p__Pseudomonadota; c__Alphaproteobacteria; o__Kiloniellales	0.0	0.0	0.0	0.0	0.0	0.0	0.0	0.0	0.0	0.0	0.0	0.0	0.0	0.0	0.0	0.0	0.0	0.0	0.0	0.0	0.0	0.0	0.0	0.0	0.0	0.0	0.0	0.0	0.0	0.0	0.0	0.0	0.0	0.0	0.0	0.0	0.01	0.0	0.0	0.0	0.0	0.0	0.0	0.0	0.0	0.0	0.0	0.0	0.0	0.0	0.0	0.0	0.0	0.0	0.0	0.0	0.0	0.01	0.02	0.0	0.01	0.01	0.01	0.0	0.0	0.0	0.0	0.0	0.0	0.02	0.0	0.0
Root; d__Bacteria; p__Pseudomonadota; c__Alphaproteobacteria; o__JAREAF01	0.0	0.0	0.0	0.0	0.0	0.0	0.0	0.0	0.0	0.0	0.0	0.0	0.0	0.0	0.0	0.0	0.0	0.0	0.0	0.0	0.0	0.0	0.0	0.0	0.0	0.0	0.0	0.0	0.0	0.0	0.0	0.0	0.0	0.0	0.0	0.0	0.03	0.0	0.0	0.02	0.03	0.0	0.02	0.01	0.0	0.02	0.01	0.0	0.02	0.03	0.0	0.0	0.02	0.0	0.02	0.03	0.0	0.03	0.04	0.02	0.04	0.04	0.02	0.03	0.01	0.0	0.03	0.03	0.0	0.02	0.02	0.0
Root; d__Bacteria; p__Armatimonadota; c__DTGP01; o__DTGP01	0.0	0.0	0.0	0.0	0.0	0.0	0.0	0.0	0.0	0.0	0.0	0.0	0.0	0.0	0.0	0.0	0.0	0.0	0.0	0.0	0.0	0.0	0.0	0.0	0.0	0.0	0.0	0.0	0.0	0.0	0.0	0.0	0.0	0.0	0.0	0.0	0.02	0.0	0.0	0.01	0.02	0.0	0.0	0.0	0.0	0.0	0.0	0.0	0.0	0.0	0.0	0.0	0.0	0.0	0.0	0.0	0.0	0.01	0.01	0.0	0.01	0.01	0.02	0.01	0.02	0.0	0.0	0.02	0.0	0.03	0.0	0.0
Root; d__Bacteria; p__Armatimonadota; c__Abditibacteriia; o__Abditibacteriales	0.0	0.0	0.0	0.0	0.0	0.0	0.0	0.0	0.0	0.0	0.0	0.0	0.0	0.0	0.0	0.0	0.0	0.0	0.0	0.0	0.0	0.0	0.0	0.0	0.0	0.0	0.0	0.0	0.0	0.0	0.0	0.0	0.0	0.0	0.0	0.0	0.02	0.02	0.0	0.02	0.03	0.0	0.03	0.02	0.0	0.0	0.0	0.0	0.02	0.03	0.0	0.03	0.02	0.0	0.0	0.02	0.0	0.02	0.02	0.02	0.03	0.02	0.03	0.03	0.03	0.0	0.0	0.02	0.0	0.03	0.02	0.04
Root; d__Bacteria; p__Chloroflexota; c__Dehalococcoidia; o__CAUJGQ01	0.0	0.0	0.0	0.0	0.0	0.0	0.0	0.0	0.0	0.0	0.0	0.0	0.0	0.0	0.0	0.0	0.0	0.0	0.0	0.0	0.0	0.0	0.0	0.0	0.0	0.0	0.0	0.0	0.0	0.0	0.0	0.0	0.0	0.0	0.0	0.0	0.02	0.0	0.0	0.0	0.02	0.0	0.02	0.03	0.0	0.0	0.0	0.0	0.01	0.02	0.0	0.02	0.0	0.0	0.02	0.0	0.0	0.03	0.02	0.0	0.02	0.03	0.03	0.03	0.02	0.0	0.0	0.02	0.0	0.04	0.03	0.0
Root; d__Bacteria; p__Chloroflexota; c__UBA5177; o__SPIREOTU_01175024	0.0	0.0	0.0	0.0	0.0	0.0	0.0	0.0	0.0	0.0	0.0	0.0	0.0	0.0	0.0	0.0	0.0	0.0	0.0	0.0	0.0	0.0	0.0	0.0	0.0	0.0	0.0	0.0	0.0	0.0	0.0	0.0	0.0	0.0	0.0	0.0	0.02	0.0	0.0	0.0	0.03	0.0	0.01	0.02	0.0	0.01	0.0	0.0	0.0	0.0	0.0	0.0	0.0	0.0	0.03	0.03	0.0	0.05	0.05	0.04	0.03	0.04	0.03	0.04	0.02	0.0	0.05	0.05	0.0	0.03	0.04	0.0
Root; d__Bacteria; p__Cyanobacteriota; c__Vampirovibrionia; o__Vampirovibrionales	0.0	0.0	0.0	0.0	0.0	0.0	0.0	0.0	0.0	0.0	0.0	0.0	0.0	0.0	0.0	0.0	0.0	0.0	0.0	0.0	0.0	0.0	0.0	0.0	0.0	0.0	0.0	0.0	0.0	0.0	0.0	0.0	0.0	0.0	0.0	0.0	0.02	0.0	0.0	0.0	0.0	0.0	0.0	0.0	0.0	0.0	0.0	0.0	0.0	0.0	0.0	0.0	0.0	0.0	0.0	0.0	0.0	0.0	0.0	0.0	0.01	0.01	0.0	0.0	0.0	0.0	0.0	0.0	0.0	0.0	0.0	0.0
Root; d__Bacteria; p__Bacillota; c__Bacilli; o__Thermoactinomycetales	0.0	0.0	0.0	0.0	0.0	0.0	0.0	0.0	0.0	0.0	0.0	0.0	0.0	0.0	0.0	0.0	0.0	0.0	0.0	0.0	0.0	0.0	0.0	0.0	0.0	0.0	0.0	0.0	0.0	0.0	0.0	0.0	0.0	0.0	0.0	0.0	0.02	0.0	0.0	0.0	0.0	0.0	0.0	0.02	0.0	0.0	0.0	0.0	0.0	0.0	0.0	0.0	0.02	0.0	0.0	0.0	0.0	0.01	0.01	0.0	0.01	0.0	0.01	0.0	0.01	0.0	0.0	0.0	0.0	0.0	0.0	0.0
Root; d__Bacteria; p__Pseudomonadota; c__Alphaproteobacteria; o__Elsterales	0.0	0.0	0.0	0.0	0.0	0.0	0.0	0.0	0.0	0.0	0.0	0.0	0.0	0.0	0.0	0.0	0.0	0.0	0.0	0.0	0.0	0.0	0.0	0.0	0.0	0.0	0.0	0.0	0.0	0.0	0.0	0.0	0.0	0.0	0.0	0.0	0.0	0.02	0.0	0.0	0.0	0.0	0.0	0.0	0.0	0.0	0.01	0.0	0.0	0.0	0.0	0.0	0.0	0.0	0.03	0.0	0.0	0.02	0.02	0.0	0.02	0.03	0.01	0.01	0.02	0.0	0.03	0.03	0.0	0.03	0.02	0.0
Root; d__Bacteria; p__Myxococcota; c__Kuafuiibacteriia; o__Kuafuiibacteriales	0.0	0.0	0.0	0.0	0.0	0.0	0.0	0.0	0.0	0.0	0.0	0.0	0.0	0.0	0.0	0.0	0.0	0.0	0.0	0.0	0.0	0.0	0.0	0.0	0.0	0.0	0.0	0.0	0.0	0.0	0.0	0.0	0.0	0.0	0.0	0.0	0.0	0.02	0.0	0.0	0.0	0.0	0.0	0.0	0.0	0.0	0.02	0.0	0.0	0.0	0.0	0.0	0.02	0.0	0.02	0.0	0.0	0.02	0.02	0.0	0.02	0.03	0.02	0.02	0.01	0.0	0.01	0.02	0.06	0.02	0.02	0.0
Root; d__Bacteria; p__Desulfobacterota; c__Binatia; o__Binatales	0.0	0.0	0.0	0.0	0.0	0.0	0.0	0.0	0.0	0.0	0.0	0.0	0.0	0.0	0.0	0.0	0.0	0.0	0.0	0.0	0.0	0.0	0.0	0.0	0.0	0.0	0.0	0.0	0.0	0.0	0.0	0.0	0.0	0.0	0.0	0.0	0.0	0.02	0.0	0.0	0.0	0.0	0.0	0.01	0.0	0.0	0.0	0.0	0.0	0.02	0.0	0.0	0.02	0.0	0.0	0.02	0.0	0.02	0.02	0.0	0.01	0.01	0.0	0.0	0.0	0.0	0.01	0.0	0.0	0.02	0.0	0.0
Root; d__Bacteria; p__Omnitrophota; c__Gorgyraeia; o__Zapsychrales	0.0	0.0	0.0	0.0	0.0	0.0	0.0	0.0	0.0	0.0	0.0	0.0	0.0	0.0	0.0	0.0	0.0	0.0	0.0	0.0	0.0	0.0	0.0	0.0	0.0	0.0	0.0	0.0	0.0	0.0	0.0	0.0	0.0	0.0	0.0	0.0	0.0	0.02	0.0	0.02	0.0	0.0	0.0	0.0	0.0	0.0	0.02	0.0	0.0	0.04	0.0	0.02	0.0	0.0	0.02	0.0	0.0	0.01	0.01	0.0	0.01	0.01	0.0	0.02	0.0	0.0	0.02	0.02	0.0	0.02	0.0	0.0
Root; d__Bacteria; p__4484-113; c__4484-113; o__4484-113	0.0	0.0	0.0	0.0	0.0	0.0	0.0	0.0	0.0	0.0	0.0	0.0	0.0	0.0	0.0	0.0	0.0	0.0	0.0	0.0	0.0	0.0	0.0	0.0	0.0	0.0	0.0	0.0	0.0	0.0	0.0	0.0	0.0	0.0	0.0	0.0	0.0	0.01	0.0	0.0	0.02	0.0	0.02	0.0	0.0	0.0	0.02	0.0	0.02	0.02	0.0	0.0	0.02	0.0	0.02	0.0	0.0	0.01	0.03	0.03	0.02	0.02	0.0	0.02	0.02	0.0	0.02	0.02	0.0	0.03	0.01	0.0
Root; d__Bacteria; p__Pseudomonadota; c__Gammaproteobacteria; o__UBA6186	0.0	0.0	0.0	0.0	0.0	0.0	0.0	0.0	0.0	0.0	0.0	0.0	0.0	0.0	0.0	0.0	0.0	0.0	0.0	0.0	0.0	0.0	0.0	0.0	0.0	0.0	0.0	0.0	0.0	0.0	0.0	0.0	0.0	0.0	0.0	0.0	0.0	0.0	0.0	0.02	0.0	0.0	0.0	0.0	0.0	0.02	0.0	0.0	0.0	0.0	0.0	0.0	0.0	0.0	0.0	0.0	0.0	0.01	0.01	0.0	0.0	0.0	0.0	0.0	0.0	0.0	0.0	0.0	0.0	0.0	0.0	0.0
Root; d__Bacteria; p__Actinomycetota; c__Actinomycetes; o__JAWWOL01	0.0	0.0	0.0	0.0	0.0	0.0	0.0	0.0	0.0	0.0	0.0	0.0	0.0	0.0	0.0	0.0	0.0	0.0	0.0	0.0	0.0	0.0	0.0	0.0	0.0	0.0	0.0	0.0	0.0	0.0	0.0	0.0	0.0	0.0	0.0	0.0	0.0	0.0	0.0	0.0	0.02	0.0	0.02	0.0	0.0	0.0	0.0	0.0	0.0	0.0	0.0	0.0	0.02	0.0	0.0	0.03	0.0	0.01	0.02	0.03	0.03	0.02	0.02	0.03	0.03	0.0	0.01	0.01	0.0	0.02	0.03	0.0
Root; d__Bacteria; p__Actinomycetota; c__JAICYB01; o__JAICYB01	0.0	0.0	0.0	0.0	0.0	0.0	0.0	0.0	0.0	0.0	0.0	0.0	0.0	0.0	0.0	0.0	0.0	0.0	0.0	0.0	0.0	0.0	0.0	0.0	0.0	0.0	0.0	0.0	0.0	0.0	0.0	0.0	0.0	0.0	0.0	0.0	0.0	0.0	0.0	0.0	0.01	0.0	0.0	0.0	0.0	0.0	0.0	0.0	0.0	0.0	0.0	0.0	0.0	0.0	0.0	0.0	0.0	0.02	0.01	0.0	0.01	0.02	0.0	0.0	0.02	0.0	0.01	0.03	0.0	0.02	0.02	0.0
Root; d__Bacteria; p__Chloroflexota; c__Chloroflexia; o__Chloroheliales	0.0	0.0	0.0	0.0	0.0	0.0	0.0	0.0	0.0	0.0	0.0	0.0	0.0	0.0	0.0	0.0	0.0	0.0	0.0	0.0	0.0	0.0	0.0	0.0	0.0	0.0	0.0	0.0	0.0	0.0	0.0	0.0	0.0	0.0	0.0	0.0	0.0	0.0	0.0	0.0	0.0	0.0	0.01	0.0	0.0	0.0	0.0	0.0	0.0	0.0	0.0	0.02	0.0	0.0	0.0	0.02	0.0	0.01	0.01	0.0	0.02	0.02	0.02	0.0	0.0	0.0	0.01	0.0	0.0	0.0	0.0	0.0
Root; d__Bacteria; p__Chloroflexota; c__UBA6077; o__SPIREOTU_01109387	0.0	0.0	0.0	0.0	0.0	0.0	0.0	0.0	0.0	0.0	0.0	0.0	0.0	0.0	0.0	0.0	0.0	0.0	0.0	0.0	0.0	0.0	0.0	0.0	0.0	0.0	0.0	0.0	0.0	0.0	0.0	0.0	0.0	0.0	0.0	0.0	0.0	0.0	0.0	0.0	0.0	0.0	0.01	0.0	0.0	0.0	0.0	0.0	0.0	0.0	0.0	0.0	0.0	0.0	0.0	0.0	0.0	0.0	0.0	0.0	0.01	0.0	0.0	0.0	0.0	0.0	0.0	0.0	0.0	0.0	0.0	0.0
Root; d__Bacteria; p__Bacillota; c__Clostridia; o__Christensenellales	0.0	0.0	0.0	0.0	0.0	0.0	0.0	0.0	0.0	0.0	0.0	0.0	0.0	0.0	0.0	0.0	0.0	0.0	0.0	0.0	0.0	0.0	0.0	0.0	0.0	0.0	0.0	0.0	0.0	0.0	0.0	0.0	0.0	0.0	0.0	0.0	0.0	0.0	0.0	0.0	0.0	0.0	0.02	0.02	0.0	0.0	0.0	0.0	0.0	0.0	0.0	0.0	0.0	0.0	0.0	0.0	0.0	0.01	0.01	0.0	0.01	0.01	0.0	0.0	0.0	0.0	0.0	0.02	0.0	0.01	0.0	0.0
Root; d__Bacteria; p__Bacillota; c__Bacilli; o__Tumebacillales	0.0	0.0	0.0	0.0	0.0	0.0	0.0	0.0	0.0	0.0	0.0	0.0	0.0	0.0	0.0	0.0	0.0	0.0	0.0	0.0	0.0	0.0	0.0	0.0	0.0	0.0	0.0	0.0	0.0	0.0	0.0	0.0	0.0	0.0	0.0	0.0	0.0	0.0	0.0	0.0	0.0	0.0	0.0	0.01	0.0	0.0	0.0	0.0	0.0	0.0	0.0	0.0	0.0	0.0	0.0	0.0	0.0	0.0	0.0	0.0	0.0	0.0	0.0	0.0	0.0	0.0	0.0	0.0	0.0	0.0	0.0	0.0
Root; d__Archaea; p__Thermoplasmatota; c__E2; o__JACPAO01	0.0	0.0	0.0	0.0	0.0	0.0	0.0	0.0	0.0	0.0	0.0	0.0	0.0	0.0	0.0	0.0	0.0	0.0	0.0	0.0	0.0	0.0	0.0	0.0	0.0	0.0	0.0	0.0	0.0	0.0	0.0	0.0	0.0	0.0	0.0	0.0	0.0	0.0	0.0	0.0	0.0	0.0	0.0	0.0	0.0	0.01	0.02	0.0	0.03	0.0	0.03	0.0	0.01	0.0	0.0	0.0	0.0	0.01	0.02	0.01	0.01	0.02	0.01	0.03	0.03	0.0	0.03	0.05	0.04	0.03	0.06	0.06
Root; d__Bacteria; p__Actinomycetota; c__CADDZG01; o__JAHWKV01	0.0	0.0	0.0	0.0	0.0	0.0	0.0	0.0	0.0	0.0	0.0	0.0	0.0	0.0	0.0	0.0	0.0	0.0	0.0	0.0	0.0	0.0	0.0	0.0	0.0	0.0	0.0	0.0	0.0	0.0	0.0	0.0	0.0	0.0	0.0	0.0	0.0	0.0	0.0	0.0	0.0	0.0	0.0	0.0	0.0	0.0	0.0	0.0	0.02	0.0	0.0	0.0	0.0	0.0	0.0	0.0	0.0	0.0	0.0	0.0	0.0	0.01	0.0	0.0	0.0	0.0	0.0	0.0	0.0	0.0	0.0	0.0
Root; d__Bacteria; p__Patescibacteriota; c__Microgenomatia; o__UBA1406	0.0	0.0	0.0	0.0	0.0	0.0	0.0	0.0	0.0	0.0	0.0	0.0	0.0	0.0	0.0	0.0	0.0	0.0	0.0	0.0	0.0	0.0	0.0	0.0	0.0	0.0	0.0	0.0	0.0	0.0	0.0	0.0	0.0	0.0	0.0	0.0	0.0	0.0	0.0	0.0	0.0	0.0	0.0	0.0	0.0	0.0	0.0	0.0	0.02	0.0	0.0	0.01	0.0	0.0	0.0	0.0	0.0	0.01	0.0	0.0	0.01	0.01	0.0	0.0	0.0	0.0	0.0	0.0	0.0	0.0	0.0	0.0
Root; d__Bacteria; p__Omnitrophota; c__Omnitrophia; o__Omnitrophales	0.0	0.0	0.0	0.0	0.0	0.0	0.0	0.0	0.0	0.0	0.0	0.0	0.0	0.0	0.0	0.0	0.0	0.0	0.0	0.0	0.0	0.0	0.0	0.0	0.0	0.0	0.0	0.0	0.0	0.0	0.0	0.0	0.0	0.0	0.0	0.0	0.0	0.0	0.0	0.0	0.0	0.0	0.0	0.0	0.0	0.0	0.0	0.0	0.02	0.0	0.0	0.0	0.0	0.0	0.0	0.0	0.0	0.0	0.0	0.0	0.01	0.0	0.0	0.0	0.0	0.0	0.0	0.0	0.0	0.0	0.0	0.0
Root; d__Bacteria; p__Chloroflexota; c__Ktedonobacteria; o__Ktedonobacterales	0.0	0.0	0.0	0.0	0.0	0.0	0.0	0.0	0.0	0.0	0.0	0.0	0.0	0.0	0.0	0.0	0.0	0.0	0.0	0.0	0.0	0.0	0.0	0.0	0.0	0.0	0.0	0.0	0.0	0.0	0.0	0.0	0.0	0.0	0.0	0.0	0.0	0.0	0.0	0.0	0.0	0.0	0.0	0.0	0.0	0.0	0.0	0.0	0.0	0.02	0.0	0.0	0.0	0.0	0.0	0.0	0.0	0.02	0.02	0.0	0.02	0.03	0.03	0.02	0.0	0.0	0.03	0.0	0.0	0.0	0.02	0.0
Root; d__Bacteria; p__Pseudomonadota; c__Gammaproteobacteria; o__Natronospirales	0.0	0.0	0.0	0.0	0.0	0.0	0.0	0.0	0.0	0.0	0.0	0.0	0.0	0.0	0.0	0.0	0.0	0.0	0.0	0.0	0.0	0.0	0.0	0.0	0.0	0.0	0.0	0.0	0.0	0.0	0.0	0.0	0.0	0.0	0.0	0.0	0.0	0.0	0.0	0.0	0.0	0.0	0.0	0.0	0.0	0.0	0.0	0.0	0.0	0.01	0.0	0.02	0.02	0.0	0.0	0.0	0.0	0.0	0.0	0.0	0.0	0.0	0.0	0.0	0.0	0.0	0.0	0.0	0.0	0.0	0.0	0.0
Root; d__Bacteria; p__Patescibacteriota; c__Andersenbacteria; o__UBA10190	0.0	0.0	0.0	0.0	0.0	0.0	0.0	0.0	0.0	0.0	0.0	0.0	0.0	0.0	0.0	0.0	0.0	0.0	0.0	0.0	0.0	0.0	0.0	0.0	0.0	0.0	0.0	0.0	0.0	0.0	0.0	0.0	0.0	0.0	0.0	0.0	0.0	0.0	0.0	0.0	0.0	0.0	0.0	0.0	0.0	0.0	0.0	0.0	0.0	0.0	0.0	0.02	0.0	0.0	0.0	0.0	0.0	0.0	0.0	0.0	0.0	0.0	0.0	0.0	0.0	0.0	0.0	0.0	0.0	0.0	0.0	0.0
Root; d__Bacteria; p__Actinomycetota; c__AC-67; o__AC-67	0.0	0.0	0.0	0.0	0.0	0.0	0.0	0.0	0.0	0.0	0.0	0.0	0.0	0.0	0.0	0.0	0.0	0.0	0.0	0.0	0.0	0.0	0.0	0.0	0.0	0.0	0.0	0.0	0.0	0.0	0.0	0.0	0.0	0.0	0.0	0.0	0.0	0.0	0.0	0.0	0.0	0.0	0.0	0.0	0.0	0.0	0.0	0.0	0.0	0.0	0.0	0.0	0.0	0.0	0.02	0.0	0.0	0.02	0.02	0.0	0.02	0.02	0.0	0.02	0.0	0.0	0.01	0.0	0.0	0.0	0.0	0.0
Root; d__Bacteria; p__Acidobacteriota; c__Terriglobia; o__UBA7540	0.0	0.0	0.0	0.0	0.0	0.0	0.0	0.0	0.0	0.0	0.0	0.0	0.0	0.0	0.0	0.0	0.0	0.0	0.0	0.0	0.0	0.0	0.0	0.0	0.0	0.0	0.0	0.0	0.0	0.0	0.0	0.0	0.0	0.0	0.0	0.0	0.0	0.0	0.0	0.0	0.0	0.0	0.0	0.0	0.0	0.0	0.0	0.0	0.0	0.0	0.0	0.0	0.0	0.0	0.0	0.02	0.0	0.02	0.01	0.0	0.01	0.01	0.0	0.0	0.0	0.0	0.0	0.0	0.0	0.0	0.0	0.0
Root; d__Bacteria; p__Cyanobacteriota; c__Cyanobacteriia; o__Cyanobacteriales	0.0	0.0	0.0	0.0	0.0	0.0	0.0	0.0	0.0	0.0	0.0	0.0	0.0	0.0	0.0	0.0	0.0	0.0	0.0	0.0	0.0	0.0	0.0	0.0	0.0	0.0	0.0	0.0	0.0	0.0	0.0	0.0	0.0	0.0	0.0	0.0	0.0	0.0	0.0	0.0	0.0	0.0	0.0	0.0	0.0	0.0	0.0	0.0	0.0	0.0	0.0	0.0	0.0	0.0	0.0	0.02	0.0	0.0	0.0	0.0	0.02	0.02	0.01	0.0	0.0	0.0	0.0	0.02	0.0	0.01	0.01	0.0
Root; d__Archaea; p__Thermoplasmatota; c__SW-10-69-26; o__JACQPN01	0.0	0.0	0.0	0.0	0.0	0.0	0.0	0.0	0.0	0.0	0.0	0.0	0.0	0.0	0.0	0.0	0.0	0.0	0.0	0.0	0.0	0.0	0.0	0.0	0.0	0.0	0.0	0.0	0.0	0.0	0.0	0.0	0.0	0.0	0.0	0.0	0.0	0.0	0.0	0.0	0.0	0.0	0.0	0.0	0.0	0.0	0.0	0.0	0.0	0.0	0.0	0.0	0.0	0.0	0.0	0.0	0.0	0.0	0.01	0.0	0.0	0.01	0.0	0.0	0.0	0.0	0.0	0.0	0.0	0.0	0.0	0.0
Root; d__Bacteria; p__Pseudomonadota; c__Alphaproteobacteria; o__MPNO01	0.0	0.0	0.0	0.0	0.0	0.0	0.0	0.0	0.0	0.0	0.0	0.0	0.0	0.0	0.0	0.0	0.0	0.0	0.0	0.0	0.0	0.0	0.0	0.0	0.0	0.0	0.0	0.0	0.0	0.0	0.0	0.0	0.0	0.0	0.0	0.0	0.0	0.0	0.0	0.0	0.0	0.0	0.0	0.0	0.0	0.0	0.0	0.0	0.0	0.0	0.0	0.0	0.0	0.0	0.0	0.0	0.0	0.01	0.0	0.0	0.0	0.0	0.0	0.0	0.0	0.0	0.0	0.0	0.0	0.0	0.0	0.0
Root; d__Bacteria; p__Acidobacteriota; c__Terriglobia; o__2-12-FULL-54-10	0.0	0.0	0.0	0.0	0.0	0.0	0.0	0.0	0.0	0.0	0.0	0.0	0.0	0.0	0.0	0.0	0.0	0.0	0.0	0.0	0.0	0.0	0.0	0.0	0.0	0.0	0.0	0.0	0.0	0.0	0.0	0.0	0.0	0.0	0.0	0.0	0.0	0.0	0.0	0.0	0.0	0.0	0.0	0.0	0.0	0.0	0.0	0.0	0.0	0.0	0.0	0.0	0.0	0.0	0.0	0.0	0.0	0.01	0.01	0.0	0.01	0.01	0.0	0.0	0.0	0.0	0.0	0.02	0.0	0.0	0.0	0.0
Root; d__Bacteria; p__Acidobacteriota; c__Blastocatellia; o__RBC074	0.0	0.0	0.0	0.0	0.0	0.0	0.0	0.0	0.0	0.0	0.0	0.0	0.0	0.0	0.0	0.0	0.0	0.0	0.0	0.0	0.0	0.0	0.0	0.0	0.0	0.0	0.0	0.0	0.0	0.0	0.0	0.0	0.0	0.0	0.0	0.0	0.0	0.0	0.0	0.0	0.0	0.0	0.0	0.0	0.0	0.0	0.0	0.0	0.0	0.0	0.0	0.0	0.0	0.0	0.0	0.0	0.0	0.01	0.01	0.0	0.02	0.01	0.0	0.01	0.01	0.0	0.01	0.0	0.0	0.0	0.0	0.0
Root; d__Bacteria; p__Acidobacteriota; c__HRBIN11; o__JAKEFK01	0.0	0.0	0.0	0.0	0.0	0.0	0.0	0.0	0.0	0.0	0.0	0.0	0.0	0.0	0.0	0.0	0.0	0.0	0.0	0.0	0.0	0.0	0.0	0.0	0.0	0.0	0.0	0.0	0.0	0.0	0.0	0.0	0.0	0.0	0.0	0.0	0.0	0.0	0.0	0.0	0.0	0.0	0.0	0.0	0.0	0.0	0.0	0.0	0.0	0.0	0.0	0.0	0.0	0.0	0.0	0.0	0.0	0.01	0.0	0.0	0.0	0.01	0.0	0.0	0.0	0.0	0.0	0.0	0.0	0.0	0.0	0.0
Root; d__Bacteria; p__Desulfobacterota; c__Binatia; o__HRBIN30	0.0	0.0	0.0	0.0	0.0	0.0	0.0	0.0	0.0	0.0	0.0	0.0	0.0	0.0	0.0	0.0	0.0	0.0	0.0	0.0	0.0	0.0	0.0	0.0	0.0	0.0	0.0	0.0	0.0	0.0	0.0	0.0	0.0	0.0	0.0	0.0	0.0	0.0	0.0	0.0	0.0	0.0	0.0	0.0	0.0	0.0	0.0	0.0	0.0	0.0	0.0	0.0	0.0	0.0	0.0	0.0	0.0	0.02	0.01	0.0	0.01	0.01	0.02	0.0	0.02	0.0	0.02	0.0	0.0	0.0	0.0	0.0
Root; d__Bacteria; p__Bacteroidota; c__Ignavibacteria; o__UBA10030	0.0	0.0	0.0	0.0	0.0	0.0	0.0	0.0	0.0	0.0	0.0	0.0	0.0	0.0	0.0	0.0	0.0	0.0	0.0	0.0	0.0	0.0	0.0	0.0	0.0	0.0	0.0	0.0	0.0	0.0	0.0	0.0	0.0	0.0	0.0	0.0	0.0	0.0	0.0	0.0	0.0	0.0	0.0	0.0	0.0	0.0	0.0	0.0	0.0	0.0	0.0	0.0	0.0	0.0	0.0	0.0	0.0	0.01	0.0	0.0	0.0	0.0	0.0	0.0	0.0	0.0	0.0	0.0	0.0	0.0	0.0	0.0
Root; d__Bacteria; p__Patescibacteriota; c__Gracilibacteria; o__BD1-5	0.0	0.0	0.0	0.0	0.0	0.0	0.0	0.0	0.0	0.0	0.0	0.0	0.0	0.0	0.0	0.0	0.0	0.0	0.0	0.0	0.0	0.0	0.0	0.0	0.0	0.0	0.0	0.0	0.0	0.0	0.0	0.0	0.0	0.0	0.0	0.0	0.0	0.0	0.0	0.0	0.0	0.0	0.0	0.0	0.0	0.0	0.0	0.0	0.0	0.0	0.0	0.0	0.0	0.0	0.0	0.0	0.0	0.01	0.01	0.0	0.01	0.01	0.01	0.0	0.0	0.0	0.0	0.0	0.0	0.0	0.0	0.0
Root; d__Bacteria; p__Chloroflexota; c__Anaerolineae; o__UBA4142	0.0	0.0	0.0	0.0	0.0	0.0	0.0	0.0	0.0	0.0	0.0	0.0	0.0	0.0	0.0	0.0	0.0	0.0	0.0	0.0	0.0	0.0	0.0	0.0	0.0	0.0	0.0	0.0	0.0	0.0	0.0	0.0	0.0	0.0	0.0	0.0	0.0	0.0	0.0	0.0	0.0	0.0	0.0	0.0	0.0	0.0	0.0	0.0	0.0	0.0	0.0	0.0	0.0	0.0	0.0	0.0	0.0	0.02	0.01	0.0	0.01	0.01	0.0	0.0	0.0	0.0	0.0	0.0	0.0	0.01	0.01	0.0
Root; d__Bacteria; p__Chloroflexota; c__Dehalococcoidia; o__Lucifugimonadales	0.0	0.0	0.0	0.0	0.0	0.0	0.0	0.0	0.0	0.0	0.0	0.0	0.0	0.0	0.0	0.0	0.0	0.0	0.0	0.0	0.0	0.0	0.0	0.0	0.0	0.0	0.0	0.0	0.0	0.0	0.0	0.0	0.0	0.0	0.0	0.0	0.0	0.0	0.0	0.0	0.0	0.0	0.0	0.0	0.0	0.0	0.0	0.0	0.0	0.0	0.0	0.0	0.0	0.0	0.0	0.0	0.0	0.01	0.0	0.0	0.01	0.0	0.0	0.0	0.0	0.0	0.0	0.0	0.0	0.0	0.0	0.0
Root; d__Bacteria; p__Chloroflexota; c__JAJPGV01; o__JAJPGV01	0.0	0.0	0.0	0.0	0.0	0.0	0.0	0.0	0.0	0.0	0.0	0.0	0.0	0.0	0.0	0.0	0.0	0.0	0.0	0.0	0.0	0.0	0.0	0.0	0.0	0.0	0.0	0.0	0.0	0.0	0.0	0.0	0.0	0.0	0.0	0.0	0.0	0.0	0.0	0.0	0.0	0.0	0.0	0.0	0.0	0.0	0.0	0.0	0.0	0.0	0.0	0.0	0.0	0.0	0.0	0.0	0.0	0.01	0.01	0.0	0.01	0.01	0.0	0.0	0.0	0.0	0.0	0.0	0.0	0.0	0.0	0.0
Root; d__Bacteria; p__Omnitrophota; c__Gorgyraeia; o__2-02-FULL-51-18	0.0	0.0	0.0	0.0	0.0	0.0	0.0	0.0	0.0	0.0	0.0	0.0	0.0	0.0	0.0	0.0	0.0	0.0	0.0	0.0	0.0	0.0	0.0	0.0	0.0	0.0	0.0	0.0	0.0	0.0	0.0	0.0	0.0	0.0	0.0	0.0	0.0	0.0	0.0	0.0	0.0	0.0	0.0	0.0	0.0	0.0	0.0	0.0	0.0	0.0	0.0	0.0	0.0	0.0	0.0	0.0	0.0	0.01	0.0	0.0	0.01	0.01	0.0	0.02	0.0	0.0	0.0	0.0	0.0	0.0	0.0	0.0
Root; d__Bacteria; p__Eisenbacteria; c__RBG-16-71-46; o__SZUA-252	0.0	0.0	0.0	0.0	0.0	0.0	0.0	0.0	0.0	0.0	0.0	0.0	0.0	0.0	0.0	0.0	0.0	0.0	0.0	0.0	0.0	0.0	0.0	0.0	0.0	0.0	0.0	0.0	0.0	0.0	0.0	0.0	0.0	0.0	0.0	0.0	0.0	0.0	0.0	0.0	0.0	0.0	0.0	0.0	0.0	0.0	0.0	0.0	0.0	0.0	0.0	0.0	0.0	0.0	0.0	0.0	0.0	0.01	0.0	0.0	0.02	0.02	0.0	0.0	0.02	0.0	0.01	0.01	0.0	0.02	0.0	0.0
Root; d__Bacteria; p__Actinomycetota; c__Thermoleophilia; o__UBA2241	0.0	0.0	0.0	0.0	0.0	0.0	0.0	0.0	0.0	0.0	0.0	0.0	0.0	0.0	0.0	0.0	0.0	0.0	0.0	0.0	0.0	0.0	0.0	0.0	0.0	0.0	0.0	0.0	0.0	0.0	0.0	0.0	0.0	0.0	0.0	0.0	0.0	0.0	0.0	0.0	0.0	0.0	0.0	0.0	0.0	0.0	0.0	0.0	0.0	0.0	0.0	0.0	0.0	0.0	0.0	0.0	0.0	0.0	0.01	0.0	0.01	0.01	0.0	0.0	0.0	0.0	0.0	0.0	0.0	0.0	0.0	0.0
Root; d__Bacteria; p__Chloroflexota; c__Dehalococcoidia; o__SHYD01	0.0	0.0	0.0	0.0	0.0	0.0	0.0	0.0	0.0	0.0	0.0	0.0	0.0	0.0	0.0	0.0	0.0	0.0	0.0	0.0	0.0	0.0	0.0	0.0	0.0	0.0	0.0	0.0	0.0	0.0	0.0	0.0	0.0	0.0	0.0	0.0	0.0	0.0	0.0	0.0	0.0	0.0	0.0	0.0	0.0	0.0	0.0	0.0	0.0	0.0	0.0	0.0	0.0	0.0	0.0	0.0	0.0	0.0	0.01	0.0	0.0	0.0	0.0	0.0	0.0	0.0	0.0	0.0	0.0	0.0	0.0	0.0
Root; d__Bacteria; p__Chloroflexota; c__UBA5177; o__UBA5177	0.0	0.0	0.0	0.0	0.0	0.0	0.0	0.0	0.0	0.0	0.0	0.0	0.0	0.0	0.0	0.0	0.0	0.0	0.0	0.0	0.0	0.0	0.0	0.0	0.0	0.0	0.0	0.0	0.0	0.0	0.0	0.0	0.0	0.0	0.0	0.0	0.0	0.0	0.0	0.0	0.0	0.0	0.0	0.0	0.0	0.0	0.0	0.0	0.0	0.0	0.0	0.0	0.0	0.0	0.0	0.0	0.0	0.0	0.01	0.0	0.0	0.0	0.0	0.0	0.0	0.0	0.0	0.0	0.0	0.0	0.0	0.0
Root; d__Bacteria; p__Acidobacteriota; c__Blastocatellia; o__Chloracidobacteriales	0.0	0.0	0.0	0.0	0.0	0.0	0.0	0.0	0.0	0.0	0.0	0.0	0.0	0.0	0.0	0.0	0.0	0.0	0.0	0.0	0.0	0.0	0.0	0.0	0.0	0.0	0.0	0.0	0.0	0.0	0.0	0.0	0.0	0.0	0.0	0.0	0.0	0.0	0.0	0.0	0.0	0.0	0.0	0.0	0.0	0.0	0.0	0.0	0.0	0.0	0.0	0.0	0.0	0.0	0.0	0.0	0.0	0.0	0.01	0.0	0.0	0.0	0.0	0.01	0.0	0.0	0.0	0.0	0.0	0.02	0.0	0.0
Root; d__Bacteria; p__Planctomycetota; c__JAJSAM01; o__JAJSAM01	0.0	0.0	0.0	0.0	0.0	0.0	0.0	0.0	0.0	0.0	0.0	0.0	0.0	0.0	0.0	0.0	0.0	0.0	0.0	0.0	0.0	0.0	0.0	0.0	0.0	0.0	0.0	0.0	0.0	0.0	0.0	0.0	0.0	0.0	0.0	0.0	0.0	0.0	0.0	0.0	0.0	0.0	0.0	0.0	0.0	0.0	0.0	0.0	0.0	0.0	0.0	0.0	0.0	0.0	0.0	0.0	0.0	0.0	0.01	0.0	0.01	0.01	0.0	0.0	0.0	0.0	0.0	0.0	0.0	0.0	0.0	0.0
Root; d__Bacteria; p__Desulfobacterota; c__Binatia; o__UBA12015	0.0	0.0	0.0	0.0	0.0	0.0	0.0	0.0	0.0	0.0	0.0	0.0	0.0	0.0	0.0	0.0	0.0	0.0	0.0	0.0	0.0	0.0	0.0	0.0	0.0	0.0	0.0	0.0	0.0	0.0	0.0	0.0	0.0	0.0	0.0	0.0	0.0	0.0	0.0	0.0	0.0	0.0	0.0	0.0	0.0	0.0	0.0	0.0	0.0	0.0	0.0	0.0	0.0	0.0	0.0	0.0	0.0	0.0	0.01	0.0	0.01	0.01	0.0	0.0	0.0	0.0	0.0	0.0	0.0	0.0	0.0	0.0
Root; d__Bacteria; p__Armatimonadota; c__UBA5829; o__DTJY01	0.0	0.0	0.0	0.0	0.0	0.0	0.0	0.0	0.0	0.0	0.0	0.0	0.0	0.0	0.0	0.0	0.0	0.0	0.0	0.0	0.0	0.0	0.0	0.0	0.0	0.0	0.0	0.0	0.0	0.0	0.0	0.0	0.0	0.0	0.0	0.0	0.0	0.0	0.0	0.0	0.0	0.0	0.0	0.0	0.0	0.0	0.0	0.0	0.0	0.0	0.0	0.0	0.0	0.0	0.0	0.0	0.0	0.0	0.01	0.0	0.0	0.0	0.0	0.0	0.0	0.0	0.0	0.0	0.0	0.0	0.0	0.0
Root; d__Bacteria; p__CAYJRR01; c__CAYJRR01; o__CAYJRR01	0.0	0.0	0.0	0.0	0.0	0.0	0.0	0.0	0.0	0.0	0.0	0.0	0.0	0.0	0.0	0.0	0.0	0.0	0.0	0.0	0.0	0.0	0.0	0.0	0.0	0.0	0.0	0.0	0.0	0.0	0.0	0.0	0.0	0.0	0.0	0.0	0.0	0.0	0.0	0.0	0.0	0.0	0.0	0.0	0.0	0.0	0.0	0.0	0.0	0.0	0.0	0.0	0.0	0.0	0.0	0.0	0.0	0.0	0.0	0.0	0.01	0.01	0.0	0.0	0.0	0.0	0.0	0.01	0.0	0.01	0.0	0.0
Root; d__Bacteria; p__Pseudomonadota; c__Alphaproteobacteria; o__Ferrovibrionales	0.0	0.0	0.0	0.0	0.0	0.0	0.0	0.0	0.0	0.0	0.0	0.0	0.0	0.0	0.0	0.0	0.0	0.0	0.0	0.0	0.0	0.0	0.0	0.0	0.0	0.0	0.0	0.0	0.0	0.0	0.0	0.0	0.0	0.0	0.0	0.0	0.0	0.0	0.0	0.0	0.0	0.0	0.0	0.0	0.0	0.0	0.0	0.0	0.0	0.0	0.0	0.0	0.0	0.0	0.0	0.0	0.0	0.0	0.0	0.0	0.01	0.0	0.0	0.0	0.0	0.0	0.0	0.0	0.0	0.0	0.0	0.0
Root; d__Bacteria; p__Pseudomonadota; c__Alphaproteobacteria; o__UBA9655	0.0	0.0	0.0	0.0	0.0	0.0	0.0	0.0	0.0	0.0	0.0	0.0	0.0	0.0	0.0	0.0	0.0	0.0	0.0	0.0	0.0	0.0	0.0	0.0	0.0	0.0	0.0	0.0	0.0	0.0	0.0	0.0	0.0	0.0	0.0	0.0	0.0	0.0	0.0	0.0	0.0	0.0	0.0	0.0	0.0	0.0	0.0	0.0	0.0	0.0	0.0	0.0	0.0	0.0	0.0	0.0	0.0	0.0	0.0	0.0	0.01	0.0	0.0	0.0	0.0	0.0	0.0	0.0	0.0	0.0	0.0	0.0
Root; d__Bacteria; p__Pseudomonadota; c__Alphaproteobacteria; o__SHVZ01	0.0	0.0	0.0	0.0	0.0	0.0	0.0	0.0	0.0	0.0	0.0	0.0	0.0	0.0	0.0	0.0	0.0	0.0	0.0	0.0	0.0	0.0	0.0	0.0	0.0	0.0	0.0	0.0	0.0	0.0	0.0	0.0	0.0	0.0	0.0	0.0	0.0	0.0	0.0	0.0	0.0	0.0	0.0	0.0	0.0	0.0	0.0	0.0	0.0	0.0	0.0	0.0	0.0	0.0	0.0	0.0	0.0	0.0	0.0	0.0	0.0	0.01	0.0	0.0	0.0	0.0	0.0	0.0	0.0	0.0	0.0	0.0
Root; d__Bacteria; p__Armatimonadota; c__DTGP01; o__JAKQQT01	0.0	0.0	0.0	0.0	0.0	0.0	0.0	0.0	0.0	0.0	0.0	0.0	0.0	0.0	0.0	0.0	0.0	0.0	0.0	0.0	0.0	0.0	0.0	0.0	0.0	0.0	0.0	0.0	0.0	0.0	0.0	0.0	0.0	0.0	0.0	0.0	0.0	0.0	0.0	0.0	0.0	0.0	0.0	0.0	0.0	0.0	0.0	0.0	0.0	0.0	0.0	0.0	0.0	0.0	0.0	0.0	0.0	0.0	0.0	0.0	0.0	0.0	0.0	0.0	0.0	0.0	0.0	0.0	0.0	0.0	0.0	0.0
Root; d__Bacteria; p__Bacillota; c__Negativicutes; o__Sporomusales	0.0	0.0	0.0	0.0	0.0	0.0	0.0	0.0	0.0	0.0	0.0	0.0	0.0	0.0	0.0	0.0	0.0	0.0	0.0	0.0	0.0	0.0	0.0	0.0	0.0	0.0	0.0	0.0	0.0	0.0	0.0	0.0	0.0	0.0	0.0	0.0	0.0	0.0	0.0	0.0	0.0	0.0	0.0	0.0	0.0	0.0	0.0	0.0	0.0	0.0	0.0	0.0	0.0	0.0	0.0	0.0	0.0	0.0	0.0	0.0	0.0	0.0	0.0	0.0	0.0	0.0	0.0	0.0	0.0	0.0	0.0	0.0
Root; d__Bacteria; p__Chloroflexota; c__Anaerolineae; o__J036	0.0	0.0	0.0	0.0	0.0	0.0	0.0	0.0	0.0	0.0	0.0	0.0	0.0	0.0	0.0	0.0	0.0	0.0	0.0	0.0	0.0	0.0	0.0	0.0	0.0	0.0	0.0	0.0	0.0	0.0	0.0	0.0	0.0	0.0	0.0	0.0	0.0	0.0	0.0	0.0	0.0	0.0	0.0	0.0	0.0	0.0	0.0	0.0	0.0	0.0	0.0	0.0	0.0	0.0	0.0	0.0	0.0	0.0	0.0	0.0	0.01	0.01	0.0	0.0	0.0	0.0	0.0	0.0	0.0	0.0	0.0	0.0
Root; d__Bacteria; p__Chloroflexota; c__Anaerolineae; o__JACRMK01	0.0	0.0	0.0	0.0	0.0	0.0	0.0	0.0	0.0	0.0	0.0	0.0	0.0	0.0	0.0	0.0	0.0	0.0	0.0	0.0	0.0	0.0	0.0	0.0	0.0	0.0	0.0	0.0	0.0	0.0	0.0	0.0	0.0	0.0	0.0	0.0	0.0	0.0	0.0	0.0	0.0	0.0	0.0	0.0	0.0	0.0	0.0	0.0	0.0	0.0	0.0	0.0	0.0	0.0	0.0	0.0	0.0	0.0	0.0	0.0	0.01	0.01	0.0	0.01	0.02	0.0	0.0	0.0	0.0	0.0	0.0	0.0
Root; d__Bacteria; p__Chloroflexota; c__Dormibacteria; o__Aeolococcales	0.0	0.0	0.0	0.0	0.0	0.0	0.0	0.0	0.0	0.0	0.0	0.0	0.0	0.0	0.0	0.0	0.0	0.0	0.0	0.0	0.0	0.0	0.0	0.0	0.0	0.0	0.0	0.0	0.0	0.0	0.0	0.0	0.0	0.0	0.0	0.0	0.0	0.0	0.0	0.0	0.0	0.0	0.0	0.0	0.0	0.0	0.0	0.0	0.0	0.0	0.0	0.0	0.0	0.0	0.0	0.0	0.0	0.0	0.0	0.0	0.01	0.0	0.0	0.0	0.0	0.0	0.0	0.0	0.0	0.0	0.0	0.0
Root; d__Bacteria; p__Chloroflexota; c__Dormibacteria; o__CF-121	0.0	0.0	0.0	0.0	0.0	0.0	0.0	0.0	0.0	0.0	0.0	0.0	0.0	0.0	0.0	0.0	0.0	0.0	0.0	0.0	0.0	0.0	0.0	0.0	0.0	0.0	0.0	0.0	0.0	0.0	0.0	0.0	0.0	0.0	0.0	0.0	0.0	0.0	0.0	0.0	0.0	0.0	0.0	0.0	0.0	0.0	0.0	0.0	0.0	0.0	0.0	0.0	0.0	0.0	0.0	0.0	0.0	0.0	0.0	0.0	0.01	0.01	0.0	0.0	0.0	0.0	0.0	0.0	0.0	0.0	0.0	0.0
Root; d__Bacteria; p__Chloroflexota; c__Dehalococcoidia; o__Dehalococcoidales	0.0	0.0	0.0	0.0	0.0	0.0	0.0	0.0	0.0	0.0	0.0	0.0	0.0	0.0	0.0	0.0	0.0	0.0	0.0	0.0	0.0	0.0	0.0	0.0	0.0	0.0	0.0	0.0	0.0	0.0	0.0	0.0	0.0	0.0	0.0	0.0	0.0	0.0	0.0	0.0	0.0	0.0	0.0	0.0	0.0	0.0	0.0	0.0	0.0	0.0	0.0	0.0	0.0	0.0	0.0	0.0	0.0	0.0	0.0	0.0	0.01	0.0	0.0	0.0	0.0	0.0	0.0	0.0	0.0	0.0	0.0	0.0
Root; d__Bacteria; p__Acidobacteriota; c__Terriglobia; o__Versatilivoradales	0.0	0.0	0.0	0.0	0.0	0.0	0.0	0.0	0.0	0.0	0.0	0.0	0.0	0.0	0.0	0.0	0.0	0.0	0.0	0.0	0.0	0.0	0.0	0.0	0.0	0.0	0.0	0.0	0.0	0.0	0.0	0.0	0.0	0.0	0.0	0.0	0.0	0.0	0.0	0.0	0.0	0.0	0.0	0.0	0.0	0.0	0.0	0.0	0.0	0.0	0.0	0.0	0.0	0.0	0.0	0.0	0.0	0.0	0.0	0.0	0.01	0.0	0.0	0.0	0.0	0.0	0.0	0.0	0.0	0.0	0.0	0.0
Root; d__Bacteria; p__Patescibacteriota; c__Minisyncoccia; o__UBA6257	0.0	0.0	0.0	0.0	0.0	0.0	0.0	0.0	0.0	0.0	0.0	0.0	0.0	0.0	0.0	0.0	0.0	0.0	0.0	0.0	0.0	0.0	0.0	0.0	0.0	0.0	0.0	0.0	0.0	0.0	0.0	0.0	0.0	0.0	0.0	0.0	0.0	0.0	0.0	0.0	0.0	0.0	0.0	0.0	0.0	0.0	0.0	0.0	0.0	0.0	0.0	0.0	0.0	0.0	0.0	0.0	0.0	0.0	0.0	0.0	0.01	0.01	0.0	0.0	0.0	0.0	0.0	0.0	0.0	0.0	0.0	0.0
Root; d__Bacteria; p__Patescibacteriota; c__Microgenomatia; o__UBA1400	0.0	0.0	0.0	0.0	0.0	0.0	0.0	0.0	0.0	0.0	0.0	0.0	0.0	0.0	0.0	0.0	0.0	0.0	0.0	0.0	0.0	0.0	0.0	0.0	0.0	0.0	0.0	0.0	0.0	0.0	0.0	0.0	0.0	0.0	0.0	0.0	0.0	0.0	0.0	0.0	0.0	0.0	0.0	0.0	0.0	0.0	0.0	0.0	0.0	0.0	0.0	0.0	0.0	0.0	0.0	0.0	0.0	0.0	0.0	0.0	0.01	0.0	0.0	0.0	0.0	0.0	0.0	0.0	0.0	0.0	0.0	0.0
Root; d__Bacteria; p__Patescibacteriota; c__SICC01; o__SICC01	0.0	0.0	0.0	0.0	0.0	0.0	0.0	0.0	0.0	0.0	0.0	0.0	0.0	0.0	0.0	0.0	0.0	0.0	0.0	0.0	0.0	0.0	0.0	0.0	0.0	0.0	0.0	0.0	0.0	0.0	0.0	0.0	0.0	0.0	0.0	0.0	0.0	0.0	0.0	0.0	0.0	0.0	0.0	0.0	0.0	0.0	0.0	0.0	0.0	0.0	0.0	0.0	0.0	0.0	0.0	0.0	0.0	0.0	0.0	0.0	0.01	0.01	0.0	0.0	0.0	0.0	0.0	0.0	0.0	0.0	0.0	0.0
Root; d__Bacteria; p__Bacteroidota; c__Bacteroidia; o__CAILMK01	0.0	0.0	0.0	0.0	0.0	0.0	0.0	0.0	0.0	0.0	0.0	0.0	0.0	0.0	0.0	0.0	0.0	0.0	0.0	0.0	0.0	0.0	0.0	0.0	0.0	0.0	0.0	0.0	0.0	0.0	0.0	0.0	0.0	0.0	0.0	0.0	0.0	0.0	0.0	0.0	0.0	0.0	0.0	0.0	0.0	0.0	0.0	0.0	0.0	0.0	0.0	0.0	0.0	0.0	0.0	0.0	0.0	0.0	0.0	0.0	0.0	0.01	0.0	0.0	0.0	0.0	0.0	0.0	0.0	0.0	0.0	0.0
Root; d__Bacteria; p__Bacteroidota; c__Bacteroidia; o__Flavobacteriales_F	0.0	0.0	0.0	0.0	0.0	0.0	0.0	0.0	0.0	0.0	0.0	0.0	0.0	0.0	0.0	0.0	0.0	0.0	0.0	0.0	0.0	0.0	0.0	0.0	0.0	0.0	0.0	0.0	0.0	0.0	0.0	0.0	0.0	0.0	0.0	0.0	0.0	0.0	0.0	0.0	0.0	0.0	0.0	0.0	0.0	0.0	0.0	0.0	0.0	0.0	0.0	0.0	0.0	0.0	0.0	0.0	0.0	0.0	0.0	0.0	0.01	0.01	0.0	0.0	0.0	0.0	0.0	0.0	0.0	0.0	0.0	0.0
Root; d__Bacteria; p__Bacteroidota; c__Rhodothermia; o__Rhodothermales	0.0	0.0	0.0	0.0	0.0	0.0	0.0	0.0	0.0	0.0	0.0	0.0	0.0	0.0	0.0	0.0	0.0	0.0	0.0	0.0	0.0	0.0	0.0	0.0	0.0	0.0	0.0	0.0	0.0	0.0	0.0	0.0	0.0	0.0	0.0	0.0	0.0	0.0	0.0	0.0	0.0	0.0	0.0	0.0	0.0	0.0	0.0	0.0	0.0	0.0	0.0	0.0	0.0	0.0	0.0	0.0	0.0	0.0	0.0	0.0	0.01	0.0	0.0	0.0	0.0	0.0	0.0	0.0	0.0	0.0	0.0	0.0
Root; d__Bacteria; p__Desulfobacterota; c__Binatia; o__JACPRU01	0.0	0.0	0.0	0.0	0.0	0.0	0.0	0.0	0.0	0.0	0.0	0.0	0.0	0.0	0.0	0.0	0.0	0.0	0.0	0.0	0.0	0.0	0.0	0.0	0.0	0.0	0.0	0.0	0.0	0.0	0.0	0.0	0.0	0.0	0.0	0.0	0.0	0.0	0.0	0.0	0.0	0.0	0.0	0.0	0.0	0.0	0.0	0.0	0.0	0.0	0.0	0.0	0.0	0.0	0.0	0.0	0.0	0.0	0.0	0.0	0.01	0.0	0.0	0.0	0.0	0.0	0.01	0.02	0.0	0.0	0.0	0.0
Root; d__Bacteria; p__Elusimicrobiota; c__Elusimicrobia; o__2-02-FULL-39-32	0.0	0.0	0.0	0.0	0.0	0.0	0.0	0.0	0.0	0.0	0.0	0.0	0.0	0.0	0.0	0.0	0.0	0.0	0.0	0.0	0.0	0.0	0.0	0.0	0.0	0.0	0.0	0.0	0.0	0.0	0.0	0.0	0.0	0.0	0.0	0.0	0.0	0.0	0.0	0.0	0.0	0.0	0.0	0.0	0.0	0.0	0.0	0.0	0.0	0.0	0.0	0.0	0.0	0.0	0.0	0.0	0.0	0.0	0.0	0.0	0.0	0.01	0.0	0.0	0.0	0.0	0.0	0.0	0.0	0.0	0.0	0.0
Root; d__Bacteria; p__Cyanobacteriota; c__Sericytochromatia; o__UBA7694	0.0	0.0	0.0	0.0	0.0	0.0	0.0	0.0	0.0	0.0	0.0	0.0	0.0	0.0	0.0	0.0	0.0	0.0	0.0	0.0	0.0	0.0	0.0	0.0	0.0	0.0	0.0	0.0	0.0	0.0	0.0	0.0	0.0	0.0	0.0	0.0	0.0	0.0	0.0	0.0	0.0	0.0	0.0	0.0	0.0	0.0	0.0	0.0	0.0	0.0	0.0	0.0	0.0	0.0	0.0	0.0	0.0	0.0	0.0	0.0	0.0	0.0	0.0	0.0	0.0	0.0	0.0	0.0	0.0	0.0	0.0	0.0
Root; d__Bacteria; p__Sumerlaeota; c__Sumerlaeia; o__MVZB01	0.0	0.0	0.0	0.0	0.0	0.0	0.0	0.0	0.0	0.0	0.0	0.0	0.0	0.0	0.0	0.0	0.0	0.0	0.0	0.0	0.0	0.0	0.0	0.0	0.0	0.0	0.0	0.0	0.0	0.0	0.0	0.0	0.0	0.0	0.0	0.0	0.0	0.0	0.0	0.0	0.0	0.0	0.0	0.0	0.0	0.0	0.0	0.0	0.0	0.0	0.0	0.0	0.0	0.0	0.0	0.0	0.0	0.0	0.0	0.0	0.01	0.0	0.0	0.0	0.0	0.0	0.0	0.0	0.0	0.0	0.0	0.0
Root; d__Archaea; p__Thermoproteota; c__Thermoprotei_A; o__Sulfolobales	0.0	0.0	0.0	0.0	0.0	0.0	0.0	0.0	0.0	0.0	0.0	0.0	0.0	0.0	0.0	0.0	0.0	0.0	0.0	0.0	0.0	0.0	0.0	0.0	0.0	0.0	0.0	0.0	0.0	0.0	0.0	0.0	0.0	0.0	0.0	0.0	0.0	0.0	0.0	0.0	0.0	0.0	0.0	0.0	0.0	0.0	0.0	0.0	0.0	0.0	0.0	0.0	0.0	0.0	0.0	0.0	0.0	0.0	0.0	0.0	0.0	0.0	0.0	0.0	0.0	0.0	0.0	0.0	0.0	0.0	0.0	0.0
Root; d__Bacteria; p__Pseudomonadota; c__Alphaproteobacteria; o__UBA8366	0.0	0.0	0.0	0.0	0.0	0.0	0.0	0.0	0.0	0.0	0.0	0.0	0.0	0.0	0.0	0.0	0.0	0.0	0.0	0.0	0.0	0.0	0.0	0.0	0.0	0.0	0.0	0.0	0.0	0.0	0.0	0.0	0.0	0.0	0.0	0.0	0.0	0.0	0.0	0.0	0.0	0.0	0.0	0.0	0.0	0.0	0.0	0.0	0.0	0.0	0.0	0.0	0.0	0.0	0.0	0.0	0.0	0.0	0.0	0.0	0.0	0.0	0.0	0.0	0.0	0.0	0.0	0.0	0.0	0.0	0.0	0.0
Root; d__Bacteria; p__Actinomycetota; c__Actinomycetes; o__Acidothermales	0.0	0.0	0.0	0.0	0.0	0.0	0.0	0.0	0.0	0.0	0.0	0.0	0.0	0.0	0.0	0.0	0.0	0.0	0.0	0.0	0.0	0.0	0.0	0.0	0.0	0.0	0.0	0.0	0.0	0.0	0.0	0.0	0.0	0.0	0.0	0.0	0.0	0.0	0.0	0.0	0.0	0.0	0.0	0.0	0.0	0.0	0.0	0.0	0.0	0.0	0.0	0.0	0.0	0.0	0.0	0.0	0.0	0.0	0.0	0.0	0.0	0.0	0.0	0.0	0.0	0.0	0.0	0.0	0.0	0.0	0.0	0.0
Root; d__Bacteria; p__Actinomycetota; c__Actinomycetes; o__JAVEEJ01	0.0	0.0	0.0	0.0	0.0	0.0	0.0	0.0	0.0	0.0	0.0	0.0	0.0	0.0	0.0	0.0	0.0	0.0	0.0	0.0	0.0	0.0	0.0	0.0	0.0	0.0	0.0	0.0	0.0	0.0	0.0	0.0	0.0	0.0	0.0	0.0	0.0	0.0	0.0	0.0	0.0	0.0	0.0	0.0	0.0	0.0	0.0	0.0	0.0	0.0	0.0	0.0	0.0	0.0	0.0	0.0	0.0	0.0	0.0	0.0	0.0	0.0	0.0	0.0	0.0	0.0	0.0	0.0	0.0	0.0	0.0	0.0
Root; d__Bacteria; p__Actinomycetota; c__Nitriliruptoria; o__Euzebyales	0.0	0.0	0.0	0.0	0.0	0.0	0.0	0.0	0.0	0.0	0.0	0.0	0.0	0.0	0.0	0.0	0.0	0.0	0.0	0.0	0.0	0.0	0.0	0.0	0.0	0.0	0.0	0.0	0.0	0.0	0.0	0.0	0.0	0.0	0.0	0.0	0.0	0.0	0.0	0.0	0.0	0.0	0.0	0.0	0.0	0.0	0.0	0.0	0.0	0.0	0.0	0.0	0.0	0.0	0.0	0.0	0.0	0.0	0.0	0.0	0.0	0.0	0.0	0.0	0.0	0.0	0.0	0.0	0.0	0.0	0.0	0.0
Root; d__Bacteria; p__Chloroflexota; c__Anaerolineae; o__Epilineales	0.0	0.0	0.0	0.0	0.0	0.0	0.0	0.0	0.0	0.0	0.0	0.0	0.0	0.0	0.0	0.0	0.0	0.0	0.0	0.0	0.0	0.0	0.0	0.0	0.0	0.0	0.0	0.0	0.0	0.0	0.0	0.0	0.0	0.0	0.0	0.0	0.0	0.0	0.0	0.0	0.0	0.0	0.0	0.0	0.0	0.0	0.0	0.0	0.0	0.0	0.0	0.0	0.0	0.0	0.0	0.0	0.0	0.0	0.0	0.0	0.0	0.0	0.0	0.0	0.0	0.0	0.0	0.0	0.0	0.0	0.0	0.0
Root; d__Bacteria; p__Myxococcota_A; c__Polyangia; o__JAHFDS01	0.0	0.0	0.0	0.0	0.0	0.0	0.0	0.0	0.0	0.0	0.0	0.0	0.0	0.0	0.0	0.0	0.0	0.0	0.0	0.0	0.0	0.0	0.0	0.0	0.0	0.0	0.0	0.0	0.0	0.0	0.0	0.0	0.0	0.0	0.0	0.0	0.0	0.0	0.0	0.0	0.0	0.0	0.0	0.0	0.0	0.0	0.0	0.0	0.0	0.0	0.0	0.0	0.0	0.0	0.0	0.0	0.0	0.0	0.0	0.0	0.0	0.01	0.0	0.0	0.0	0.0	0.0	0.0	0.0	0.0	0.0	0.0
Root; d__Bacteria; p__Bdellovibrionota; c__Bdellovibrionia; o__JABDDW01	0.0	0.0	0.0	0.0	0.0	0.0	0.0	0.0	0.0	0.0	0.0	0.0	0.0	0.0	0.0	0.0	0.0	0.0	0.0	0.0	0.0	0.0	0.0	0.0	0.0	0.0	0.0	0.0	0.0	0.0	0.0	0.0	0.0	0.0	0.0	0.0	0.0	0.0	0.0	0.0	0.0	0.0	0.0	0.0	0.0	0.0	0.0	0.0	0.0	0.0	0.0	0.0	0.0	0.0	0.0	0.0	0.0	0.0	0.0	0.0	0.0	0.01	0.0	0.0	0.0	0.0	0.0	0.0	0.0	0.0	0.0	0.0
Root; d__Bacteria; p__Bdellovibrionota; c__UBA1018; o__CAIPTA01	0.0	0.0	0.0	0.0	0.0	0.0	0.0	0.0	0.0	0.0	0.0	0.0	0.0	0.0	0.0	0.0	0.0	0.0	0.0	0.0	0.0	0.0	0.0	0.0	0.0	0.0	0.0	0.0	0.0	0.0	0.0	0.0	0.0	0.0	0.0	0.0	0.0	0.0	0.0	0.0	0.0	0.0	0.0	0.0	0.0	0.0	0.0	0.0	0.0	0.0	0.0	0.0	0.0	0.0	0.0	0.0	0.0	0.0	0.0	0.0	0.0	0.01	0.0	0.0	0.0	0.0	0.0	0.0	0.0	0.0	0.0	0.0
Root; d__Bacteria; p__Vulcanimicrobiota; c__Vulcanimicrobiia; o__Vulcanimicrobiales	0.0	0.0	0.0	0.0	0.0	0.0	0.0	0.0	0.0	0.0	0.0	0.0	0.0	0.0	0.0	0.0	0.0	0.0	0.0	0.0	0.0	0.0	0.0	0.0	0.0	0.0	0.0	0.0	0.0	0.0	0.0	0.0	0.0	0.0	0.0	0.0	0.0	0.0	0.0	0.0	0.0	0.0	0.0	0.0	0.0	0.0	0.0	0.0	0.0	0.0	0.0	0.0	0.0	0.0	0.0	0.0	0.0	0.0	0.0	0.0	0.0	0.0	0.0	0.0	0.0	0.0	0.0	0.0	0.0	0.0	0.0	0.0
Root; d__Bacteria; p__Hydrogenedentota; c__Hydrogenedentia; o__Hydrogenedentales	0.0	0.0	0.0	0.0	0.0	0.0	0.0	0.0	0.0	0.0	0.0	0.0	0.0	0.0	0.0	0.0	0.0	0.0	0.0	0.0	0.0	0.0	0.0	0.0	0.0	0.0	0.0	0.0	0.0	0.0	0.0	0.0	0.0	0.0	0.0	0.0	0.0	0.0	0.0	0.0	0.0	0.0	0.0	0.0	0.0	0.0	0.0	0.0	0.0	0.0	0.0	0.0	0.0	0.0	0.0	0.0	0.0	0.0	0.0	0.0	0.0	0.01	0.0	0.0	0.0	0.0	0.0	0.0	0.0	0.0	0.0	0.0
Root; d__Bacteria; p__Actinomycetota; c__Coriobacteriia; o__Anaerosomatales	0.0	0.0	0.0	0.0	0.0	0.0	0.0	0.0	0.0	0.0	0.0	0.0	0.0	0.0	0.0	0.0	0.0	0.0	0.0	0.0	0.0	0.0	0.0	0.0	0.0	0.0	0.0	0.0	0.0	0.0	0.0	0.0	0.0	0.0	0.0	0.0	0.0	0.0	0.0	0.0	0.0	0.0	0.0	0.0	0.0	0.0	0.0	0.0	0.0	0.0	0.0	0.0	0.0	0.0	0.0	0.0	0.0	0.0	0.0	0.0	0.0	0.0	0.02	0.0	0.0	0.0	0.0	0.0	0.0	0.0	0.0	0.0
Root; d__Bacteria; p__Patescibacteriota; c__Microgenomatia; o__UBA8517	0.0	0.0	0.0	0.0	0.0	0.0	0.0	0.0	0.0	0.0	0.0	0.0	0.0	0.0	0.0	0.0	0.0	0.0	0.0	0.0	0.0	0.0	0.0	0.0	0.0	0.0	0.0	0.0	0.0	0.0	0.0	0.0	0.0	0.0	0.0	0.0	0.0	0.0	0.0	0.0	0.0	0.0	0.0	0.0	0.0	0.0	0.0	0.0	0.0	0.0	0.0	0.0	0.0	0.0	0.0	0.0	0.0	0.0	0.0	0.0	0.0	0.0	0.0	0.0	0.0	0.0	0.0	0.01	0.0	0.0	0.0	0.0
