site,condition,dt,compound,peak_height
JCR,Control,0hr,(carbomethoxymethylene)-triphenylphosphorane,479.6666666666667
JCR,Control,0hr,"1,2,4-benzenetriol",1939.3333333333333
JCR,Control,0hr,"1,6-anhydro-glucose",882.6666666666666
JCR,Control,0hr,"1,6-diisopropylnaphthalene",663
JCR,Control,0hr,"1,7-bis(3,4-dihydroxyphenyl)-6-hydroxyheptan-3-one",111.66666666666667
JCR,Control,0hr,1-(2-hydroxyethylamino)-2-propanol,1585.6666666666667
JCR,Control,0hr,1-kestose,664.3333333333334
JCR,Control,0hr,1-methyladenosine,968.3333333333334
JCR,Control,0hr,1-methylguanidine,124
JCR,Control,0hr,1-monopalmitin,156.33333333333334
JCR,Control,0hr,1-octanesulfonic acid,1526.6666666666667
JCR,Control,0hr,"12,13-DiHOME",9816
JCR,Control,0hr,"12-hydroxy-4-methyl-octahydro-3-benzoxecine-2,9-dione",1010
JCR,Control,0hr,2'-deoxy-2'-fluoro-2'-methyluridine,307
JCR,Control,0hr,2'-deoxyadenosine,1024.6666666666667
JCR,Control,0hr,2'-deoxycytidine,4268.333333333333
JCR,Control,0hr,2'-deoxyguanosine,14649
JCR,Control,0hr,2'-deoxyinosine,22335.666666666668
JCR,Control,0hr,2'-fucosyllactose,1500.6666666666667
JCR,Control,0hr,"2,3-diaminopropionic acid",6111.666666666667
JCR,Control,0hr,"2,3-dihydroxybenzenepropanoic acid",195
JCR,Control,0hr,"2,3-dihydroxypyridine",1170.3333333333333
JCR,Control,0hr,"2,4-dihydroxybutanoic acid",194.33333333333334
JCR,Control,0hr,"2,4-dinitrophenol",1262
JCR,Control,0hr,"2,4-hexadienedioic acid",389.6666666666667
JCR,Control,0hr,"2,6-diaminopimelic acid",357
JCR,Control,0hr,2-(5-methylpyrazol-1-yl)propanoic acid,394
JCR,Control,0hr,2-Deoxyinosine,30894.333333333332
JCR,Control,0hr,2-amino-5-methoxyphenol,52
JCR,Control,0hr,2-benzothiazolesulfonic acid,3361.6666666666665
JCR,Control,0hr,2-deoxyadenosine,1379.3333333333333
JCR,Control,0hr,2-deoxyerythritol,796
JCR,Control,0hr,2-deoxytetronic acid,3272.3333333333335
JCR,Control,0hr,2-hydroxy-5-methylbenzoic acid,75.66666666666667
JCR,Control,0hr,2-hydroxybenzoic acid-6-pentadecatriene,3155.6666666666665
JCR,Control,0hr,2-hydroxybutanoic acid,33560.666666666664
JCR,Control,0hr,2-hydroxyglutaric acid,1034.3333333333333
JCR,Control,0hr,2-hydroxyisocaproic acid,1037.3333333333333
JCR,Control,0hr,2-hydroxyisovaleric acid,2639.6666666666665
JCR,Control,0hr,2-hydroxyoctanoic acid,508.3333333333333
JCR,Control,0hr,2-hydroxyphenethylamine,6442.666666666667
JCR,Control,0hr,2-hydroxyvaleric acid,17286.666666666668
JCR,Control,0hr,2-isopropylmalic acid,84.66666666666667
JCR,Control,0hr,2-keto-3-deoxygluconic acid,923.6666666666666
JCR,Control,0hr,2-ketoadipic acid,12073.333333333334
JCR,Control,0hr,2-ketobutyric acid,4514.666666666667
JCR,Control,0hr,2-ketoisocaproic acid,27637
JCR,Control,0hr,2-ketoisovaleric acid,4220.666666666667
JCR,Control,0hr,2-ketomethionine,1133.3333333333333
JCR,Control,0hr,2-methoxyphenol sulfate,813
JCR,Control,0hr,2-methyl-1-pyrroline,139.33333333333334
JCR,Control,0hr,2-methylglyceric acid,717.6666666666666
JCR,Control,0hr,2-oct-7-enylpentanedioic acid,939.6666666666666
JCR,Control,0hr,2-oxindole-3-acetate,162
JCR,Control,0hr,2-picolinic acid,941.3333333333334
JCR,Control,0hr,2-pyrrolidinone,73
JCR,Control,0hr,"3,4-dihydroxybenzoic acid",2605.3333333333335
JCR,Control,0hr,"3,4-dihydroxycinnamic acid",1023
JCR,Control,0hr,"3,6-anhydro-D-galactose",605.6666666666666
JCR,Control,0hr,"3,8-dihydroxy-8-(hydroxymethyl)-4,4,11b-trimethyldodecahydro-6a,9-methanocyclohepta[a]naphthalene-2,6-dione",1640.3333333333333
JCR,Control,0hr,3-(3-hydroxyphenyl)-3-hydroxypropionic acid,361
JCR,Control,0hr,3-(3-hydroxyphenyl)propionic acid,141.33333333333334
JCR,Control,0hr,3-(4-hydroxyphenyl)propionic acid,479
JCR,Control,0hr,3-acetyl-5-methyloxolan-2-one,37
JCR,Control,0hr,3-amino-1-propanol,329.6666666666667
JCR,Control,0hr,3-aminoisobutyric acid,5931
JCR,Control,0hr,3-dehydroshikimic acid,138
JCR,Control,0hr,3-dehydroxy-carnitine,5219
JCR,Control,0hr,3-deoxy-glycero-galacto-2-nonulosonic acid,47280
JCR,Control,0hr,3-deoxyguanosine,7164.666666666667
JCR,Control,0hr,"3-furancarboxylic acid, tetrahydro-4-methylene-2-octyl-5-oxo-",3532.6666666666665
JCR,Control,0hr,3-hydroxy-1-propanesulfonic acid,437.6666666666667
JCR,Control,0hr,3-hydroxy-3-methylglutaric acid,52.333333333333336
JCR,Control,0hr,3-hydroxyacetophenone,501.3333333333333
JCR,Control,0hr,3-hydroxybenzoic acid,682.6666666666666
JCR,Control,0hr,3-hydroxybutyric acid,53848.333333333336
JCR,Control,0hr,3-hydroxyphenylacetic acid,299
JCR,Control,0hr,3-hydroxypropionic acid,8780.666666666666
JCR,Control,0hr,3-hydroxysebacic acid,483
JCR,Control,0hr,3-isopropylmalic acid,428
JCR,Control,0hr,3-methyladipic acid,1958.3333333333333
JCR,Control,0hr,3-methylglutaric acid,51.333333333333336
JCR,Control,0hr,3-oxodeoxycholic acid,3116
JCR,Control,0hr,3-pyridylacetic acid,1334.3333333333333
JCR,Control,0hr,"4,4'-sulfonyl-bis(2-allylphenol)",2016.3333333333333
JCR,Control,0hr,4-acetamido-butanoic acid,75.33333333333333
JCR,Control,0hr,"4-hydroxy-2,6-tetramethyl-1-piperidine ethanol",8302
JCR,Control,0hr,4-hydroxybenzaldehyde,2185.6666666666665
JCR,Control,0hr,4-hydroxybenzoic acid,3542
JCR,Control,0hr,4-hydroxybutyric acid,12716.666666666666
JCR,Control,0hr,4-hydroxycinnamic acid,8993.333333333334
JCR,Control,0hr,4-hydroxyphenylacetic acid,597.6666666666666
JCR,Control,0hr,4-hydroxyquinoline,42
JCR,Control,0hr,4-methylcatechol,57.333333333333336
JCR,Control,0hr,4-oxododecanedioic acid,940.3333333333334
JCR,Control,0hr,5-aminovaleric acid,1140
JCR,Control,0hr,5-hydroxyectoine,43176.333333333336
JCR,Control,0hr,5-hydroxymethyl-2-furoic acid,1515.3333333333333
JCR,Control,0hr,5-methoxysalicylic acid,474.6666666666667
JCR,Control,0hr,5-methylcytosine,1080.3333333333333
JCR,Control,0hr,6-hydroxynicotinic acid,5178.333333333333
JCR,Control,0hr,"9-(2,3-dihydroxypropoxy)-9-oxononanoic acid",414
JCR,Control,0hr,9-hydroxydec-2-enoic acid,5476.333333333333
JCR,Control,0hr,Ala-Asp,1824.6666666666667
JCR,Control,0hr,Ala-Thr,463
JCR,Control,0hr,Asn-Val,60.666666666666664
JCR,Control,0hr,Asp Leu,525.6666666666666
JCR,Control,0hr,Asp-Val,93
JCR,Control,0hr,Benzaldehyde-4-carboxylic acid,1279
JCR,Control,0hr,D-erythro-sphingosine,1194.3333333333333
JCR,Control,0hr,DG 18:2_18:2,665.6666666666666
JCR,Control,0hr,Dopamine,4568.333333333333
JCR,Control,0hr,Gln-Asp,1514.6666666666667
JCR,Control,0hr,Gln-Glu,1224.6666666666667
JCR,Control,0hr,Glu-Gln,1583
JCR,Control,0hr,Glu-Leu,882
JCR,Control,0hr,Gly Pro,1139
JCR,Control,0hr,Gly-Asp,915
JCR,Control,0hr,Gly-Met,1038
JCR,Control,0hr,Ile-Ala,384.3333333333333
JCR,Control,0hr,Ile-Glu,4410
JCR,Control,0hr,Ile-Pro,512.3333333333334
JCR,Control,0hr,L-Methionine,1394.3333333333333
JCR,Control,0hr,MOPS,142.33333333333334
JCR,Control,0hr,"N,N,N-trimethyl-5-aminovalerate",2296.3333333333335
JCR,Control,0hr,"N,N-dimethyl-proline-proline betaine",865.6666666666666
JCR,Control,0hr,N-(5-methyl-3-isoxazolyl)benzenesulfonamide,1329
JCR,Control,0hr,N-acetyl-D-galactosamine,63269.333333333336
JCR,Control,0hr,N-acetyl-glucosaminitol,233.66666666666666
JCR,Control,0hr,N-acetyl-glutamic acid,318
JCR,Control,0hr,N-acetyl-lactosamine,1897
JCR,Control,0hr,N-acetyl-ornithine,387.6666666666667
JCR,Control,0hr,N-acetyl-serine,1585
JCR,Control,0hr,N-acetyl-valine,174.66666666666666
JCR,Control,0hr,N-acetylglutamate,1607
JCR,Control,0hr,N-acetylmannosamine,52093
JCR,Control,0hr,N-carbamoylaspartate,263
JCR,Control,0hr,N-formylanthranilic acid,336.6666666666667
JCR,Control,0hr,N-formylpiperidine,1624.6666666666667
JCR,Control,0hr,N-methylglutamic acid,5975.666666666667
JCR,Control,0hr,N-methylproline,102.33333333333333
JCR,Control,0hr,N6-methyl-2'-deoxyadenosine,485.6666666666667
JCR,Control,0hr,PE 18:0_18:0,3979.666666666667
JCR,Control,0hr,PI 38:6,446.66666666666663
JCR,Control,0hr,Phe-Glu,473.6666666666667
JCR,Control,0hr,Pro-Ile,2239.3333333333335
JCR,Control,0hr,Pro-Thr,1378
JCR,Control,0hr,Ser-Asp,1117.6666666666667
JCR,Control,0hr,TMAO,31.333333333333332
JCR,Control,0hr,Thr-Leu,480.3333333333333
JCR,Control,0hr,Traumatic Acid,1897.6666666666667
JCR,Control,0hr,UDP-N-acetylglucosamine,34105
JCR,Control,0hr,Val Glu Leu,547.3333333333334
JCR,Control,0hr,Val-Thr,1095.3333333333333
JCR,Control,0hr,aconitic acid,152
JCR,Control,0hr,acylcarnitine 02:0,2506.3333333333335
JCR,Control,0hr,acylcarnitine 03:0,229.33333333333334
JCR,Control,0hr,"acylcarnitine 04:0, branched",851
JCR,Control,0hr,acylcarnitine 16:0,692
JCR,Control,0hr,"acylcarnitine, isovaleryl-",256
JCR,Control,0hr,"acylcarnitine, malonyl-",64
JCR,Control,0hr,adenosine,763.6666666666666
JCR,Control,0hr,adipic acid,6747
JCR,Control,0hr,alanine,795081.3333333334
JCR,Control,0hr,alanine betaine,1916.6666666666667
JCR,Control,0hr,alanine-alanine,464.3333333333333
JCR,Control,0hr,aleuritic acid,4391.666666666667
JCR,Control,0hr,allantoin,763.6666666666666
JCR,Control,0hr,alpha-aminoadipic acid,3582.3333333333335
JCR,Control,0hr,alpha-artemisic acid,641.6666666666666
JCR,Control,0hr,alpha-ketoglutarate,3893.3333333333335
JCR,Control,0hr,anthranilic acid,479
JCR,Control,0hr,arabitol,275.6666666666667
JCR,Control,0hr,arachidic acid,6499
JCR,Control,0hr,aspartic acid,252490.33333333334
JCR,Control,0hr,azelaic acid,6513.5
JCR,Control,0hr,behenic acid,3771.3333333333335
JCR,Control,0hr,"benzenesulfonic acid, decyl-",79989
JCR,Control,0hr,benzoic acid,42104.666666666664
JCR,Control,0hr,benzothiazole,8730.333333333334
JCR,Control,0hr,benzyltriethylammonium,1645.6666666666667
JCR,Control,0hr,benzyltrimethylammonium,857.6666666666666
JCR,Control,0hr,beta-alanine,8761.666666666666
JCR,Control,0hr,beta-gentiobiose,17618
JCR,Control,0hr,beta-glutamic acid,1053.3333333333333
JCR,Control,0hr,beta-mannosylglycerate,782146
JCR,Control,0hr,beta-sitosterol,4254
JCR,Control,0hr,beta-sitosteryl sulfate,65.66666666666667
JCR,Control,0hr,betaine,1085460.6666666667
JCR,Control,0hr,betaine aldehyde,143.66666666666666
JCR,Control,0hr,bis-ferulamidobutane,547.6666666666666
JCR,Control,0hr,"butane-2,3-diol",6234.333333333333
JCR,Control,0hr,butyraldehyde,1467.6666666666667
JCR,Control,0hr,butyrolactam,7724.333333333333
JCR,Control,0hr,cadaverine,4742.333333333333
JCR,Control,0hr,carnosol,754
JCR,Control,0hr,ceanothic acid,86.66666666666667
JCR,Control,0hr,cellobiose,6254
JCR,Control,0hr,cerotinic acid,349.6666666666667
JCR,Control,0hr,"cholan-24-oic acid, 12-hydroxy-3-oxo-",56.666666666666664
JCR,Control,0hr,cholesterol,680
JCR,Control,0hr,choline,37327
JCR,Control,0hr,cinnamic acid,952
JCR,Control,0hr,citramalic acid,329.3333333333333
JCR,Control,0hr,citric acid,842.3333333333334
JCR,Control,0hr,citrulline,17519.666666666668
JCR,Control,0hr,citrusin VI,3639
JCR,Control,0hr,conduritol-beta-epoxide,62852
JCR,Control,0hr,creatine,778.6666666666666
JCR,Control,0hr,creatinine,182
JCR,Control,0hr,cysteic acid,1212
JCR,Control,0hr,cysteine S-sulfate,1908
JCR,Control,0hr,cysteine sulfonic acid,204.66666666666666
JCR,Control,0hr,cytidine,638.1666666666666
JCR,Control,0hr,cytosine,2008.5
JCR,Control,0hr,dehydroabietic acid,2784.666666666667
JCR,Control,0hr,deoxyguanosine,1596.3333333333333
JCR,Control,0hr,deoxypentitol,8522.333333333334
JCR,Control,0hr,dihydrocaffeic acid 3-glucuronide,156
JCR,Control,0hr,dihydrophaseic acid,715
JCR,Control,0hr,dihydroxy-octadecadienoic acid,324.6666666666667
JCR,Control,0hr,dihydroxyacetone,4086.3333333333335
JCR,Control,0hr,dimethyldioctadecylammonium,698205.3333333334
JCR,Control,0hr,dodecanedioic acid,477.6666666666667
JCR,Control,0hr,dodecanol,1148.6666666666667
JCR,Control,0hr,ectoine,2312.3333333333335
JCR,Control,0hr,erythritol,1122
JCR,Control,0hr,erythronic acid lactone,2139.6666666666665
JCR,Control,0hr,erythrose,516.3333333333334
JCR,Control,0hr,ethanolamine,171425.33333333334
JCR,Control,0hr,ferulic acid,486.1666666666667
JCR,Control,0hr,ferulic acid 4-sulfate,1035.3333333333333
JCR,Control,0hr,fructose,8410.333333333334
JCR,Control,0hr,fucose,6765.333333333333
JCR,Control,0hr,fumaric acid,7236
JCR,Control,0hr,furfurylmethylamine,60.333333333333336
JCR,Control,0hr,galactinol,438138.6666666667
JCR,Control,0hr,galacto-N-biose,1009.6666666666666
JCR,Control,0hr,galactose,105622.33333333333
JCR,Control,0hr,galacturonic acid,2672.6666666666665
JCR,Control,0hr,gamma-aminobutyric acid,10923
JCR,Control,0hr,glucoheptose,4188.666666666667
JCR,Control,0hr,glucoheptulose,3279.6666666666665
JCR,Control,0hr,gluconic acid,37007.666666666664
JCR,Control,0hr,gluconic acid lactone,2620.3333333333335
JCR,Control,0hr,glucose,365571.3333333333
JCR,Control,0hr,glutamic acid,488601.8333333333
JCR,Control,0hr,glutamine,84.66666666666667
JCR,Control,0hr,glutamyl-valine,1654.6666666666667
JCR,Control,0hr,glutaric acid,487.3333333333333
JCR,Control,0hr,glyceric acid,47889
JCR,Control,0hr,glycerol,794686.3333333334
JCR,Control,0hr,glycerol-3-galactoside,13240.666666666666
JCR,Control,0hr,glycerol-alpha-phosphate,2675.3333333333335
JCR,Control,0hr,glycine,124917.33333333333
JCR,Control,0hr,glycolic acid,19347.333333333332
JCR,Control,0hr,glycyl proline,14875
JCR,Control,0hr,guanine,7386.333333333333
JCR,Control,0hr,guanosine,2199.6666666666665
JCR,Control,0hr,heptadecanoic acid,3046
JCR,Control,0hr,hexadecanedioic acid,18530
JCR,Control,0hr,histidine,2917.333333333333
JCR,Control,0hr,homarine,794.6666666666666
JCR,Control,0hr,homocitrulline,496.6666666666667
JCR,Control,0hr,homoserine,4657.666666666667
JCR,Control,0hr,homostachydrine,3828
JCR,Control,0hr,homovanillic acid,30.666666666666668
JCR,Control,0hr,hypoxanthine,10712.5
JCR,Control,0hr,indigotin,3489
JCR,Control,0hr,indole-3-acetate,331.6666666666667
JCR,Control,0hr,indole-3-acetyl-glutamine,79.33333333333333
JCR,Control,0hr,indole-3-lactate,123
JCR,Control,0hr,indole-6-carboxaldehyde,57.666666666666664
JCR,Control,0hr,inosine,11269.333333333334
JCR,Control,0hr,inositol,4362.666666666667
JCR,Control,0hr,inositol-4-monophosphate,16468.666666666668
JCR,Control,0hr,isobutylamine,18750.333333333332
JCR,Control,0hr,isoleucine,321733.6666666667
JCR,Control,0hr,isomaltose,10506
JCR,Control,0hr,isothreonic acid,101882.66666666667
JCR,Control,0hr,ketoisoleucine,3661.6666666666665
JCR,Control,0hr,lactic acid,13044.666666666666
JCR,Control,0hr,lactobionic acid,25776.333333333332
JCR,Control,0hr,lactose,143767.16666666666
JCR,Control,0hr,lactulose,4905.333333333333
JCR,Control,0hr,laurdan,3538
JCR,Control,0hr,leucine,617620.1666666666
JCR,Control,0hr,leucrose,109
JCR,Control,0hr,levoglucosan,4671.666666666667
JCR,Control,0hr,lignoceric acid,1398.3333333333333
JCR,Control,0hr,linoleic acid,1964
JCR,Control,0hr,linolenic acid,180
JCR,Control,0hr,lysine,637.6666666666666
JCR,Control,0hr,lyxitol,19487.666666666668
JCR,Control,0hr,lyxose,6283.666666666667
JCR,Control,0hr,malic acid,627.6666666666666
JCR,Control,0hr,malonamide,446.6666666666667
JCR,Control,0hr,malonic acid,51.333333333333336
JCR,Control,0hr,maltitol,19720.333333333332
JCR,Control,0hr,maltose,17354.333333333332
JCR,Control,0hr,maltotetraose,2417
JCR,Control,0hr,maltotriitol,15820.333333333334
JCR,Control,0hr,maltotriose,20986.666666666668
JCR,Control,0hr,mandelic acid,1661.3333333333333
JCR,Control,0hr,mannitol,45465.5
JCR,Control,0hr,mannoheptulose,1086.6666666666667
JCR,Control,0hr,mannonic acid,1581
JCR,Control,0hr,mannose-6-phosphate,62.666666666666664
JCR,Control,0hr,mannuronic acid,3057
JCR,Control,0hr,methanolphosphate,826.3333333333334
JCR,Control,0hr,methionine,55393.666666666664
JCR,Control,0hr,methionine sulfoxide,25594.666666666668
JCR,Control,0hr,methyl lactoside,138.66666666666666
JCR,Control,0hr,methyl violet B,966
JCR,Control,0hr,methyl-4-hydroxybenzoate,937
JCR,Control,0hr,methylmaleic acid,181.66666666666666
JCR,Control,0hr,mevalonic acid,408
JCR,Control,0hr,montanic acid,2183.6666666666665
JCR,Control,0hr,myo-inositol,392424.6666666667
JCR,Control,0hr,myristic acid,1531
JCR,Control,0hr,neohesperidose,928.3333333333334
JCR,Control,0hr,neomycin B,4961.333333333334
JCR,Control,0hr,nicotinic acid,19327.333333333332
JCR,Control,0hr,nonadecanoic acid,941
JCR,Control,0hr,norgestrel,58
JCR,Control,0hr,o-toluic acid,1704.3333333333333
JCR,Control,0hr,"octadecanoic acid, 9,10,18-trihydroxy-",3212.6666666666665
JCR,Control,0hr,octadecanol,438.3333333333333
JCR,Control,0hr,oleic acid,1804.3333333333333
JCR,Control,0hr,ornithine,13577.333333333334
JCR,Control,0hr,orotic acid,594.5
JCR,Control,0hr,oxoproline,3234698.3333333335
JCR,Control,0hr,p-cresol glucuronide,92.33333333333333
JCR,Control,0hr,p-cresol sulfate,1193.3333333333333
JCR,Control,0hr,palatinitol,27364.333333333332
JCR,Control,0hr,palmitoleic acid,105.66666666666667
JCR,Control,0hr,panose,2201.6666666666665
JCR,Control,0hr,pantothenic acid,1961.3333333333333
JCR,Control,0hr,parabanic acid,2242
JCR,Control,0hr,"pentaerythritol, cyclic phosphate",1690.6666666666667
JCR,Control,0hr,pentamethylene bisacetamide,412.3333333333333
JCR,Control,0hr,pentitol,374
JCR,Control,0hr,perfluoroheptanoic acid,614.3333333333334
JCR,Control,0hr,perseitol,1295.5
JCR,Control,0hr,phenol,5632.333333333334
JCR,Control,0hr,phenyl sulfate,556.6666666666666
JCR,Control,0hr,phenylacetic acid,2937.3333333333335
JCR,Control,0hr,phenylalanine,143495
JCR,Control,0hr,phenylethylamine,747
JCR,Control,0hr,phenylpyruvate,1822.6666666666667
JCR,Control,0hr,phosphate,42351.666666666664
JCR,Control,0hr,pimelic acid,1390.3333333333333
JCR,Control,0hr,pinitol,1077.6666666666667
JCR,Control,0hr,pipecolinic acid,214
JCR,Control,0hr,proline,48337.666666666664
JCR,Control,0hr,proline betaine,106946.66666666667
JCR,Control,0hr,propyleneglycol,1760
JCR,Control,0hr,pseudo-uridine,5685.333333333333
JCR,Control,0hr,pseudouridine,2418.6666666666665
JCR,Control,0hr,pyroGlu-Val,137
JCR,Control,0hr,pyroglutamic acid,6088
JCR,Control,0hr,pyrrole-2-carboxylic acid,2527.3333333333335
JCR,Control,0hr,quinic acid,608.3333333333334
JCR,Control,0hr,"quinoline-2,8-diol",252
JCR,Control,0hr,quinolinic acid,59.333333333333336
JCR,Control,0hr,raffinose,1687.5
JCR,Control,0hr,ribonic acid,9204.333333333334
JCR,Control,0hr,ribose,117757.66666666667
JCR,Control,0hr,ribulose,18513.666666666668
JCR,Control,0hr,ritalinic acid,294.6666666666667
JCR,Control,0hr,salicyl alcohol,1290
JCR,Control,0hr,salicylaldehyde,55769.333333333336
JCR,Control,0hr,salicylic acid,801
JCR,Control,0hr,salicyluric acid,123.66666666666667
JCR,Control,0hr,sebacic acid,5946
JCR,Control,0hr,serine,195967.5
JCR,Control,0hr,shikimic acid,2103.6666666666665
JCR,Control,0hr,sinigrin,435
JCR,Control,0hr,sophorose,120556
JCR,Control,0hr,sorbitol,45448.33333333333
JCR,Control,0hr,stearic acid,317304.3333333333
JCR,Control,0hr,stigmasterol,99.66666666666667
JCR,Control,0hr,suberic acid,2531
JCR,Control,0hr,succinate semialdehyde,5851.666666666667
JCR,Control,0hr,succinic acid,5513.5
JCR,Control,0hr,sucrose,73757
JCR,Control,0hr,sulfoacetic acid,301.3333333333333
JCR,Control,0hr,syringa-resinol,1469
JCR,Control,0hr,tagatose,21593.666666666668
JCR,Control,0hr,terephthalic acid,3101
JCR,Control,0hr,tetracosane,4681
JCR,Control,0hr,tetradecane-7-sulfonic acid,843.6666666666666
JCR,Control,0hr,tetradecanedioic acid,1617
JCR,Control,0hr,"tetradecanedioic acid, 5,6-dihydroxy-",21.666666666666668
JCR,Control,0hr,tetramethyl-4-piperidone,651
JCR,Control,0hr,threitol,977
JCR,Control,0hr,threonic acid,2850.6666666666665
JCR,Control,0hr,threonine,52502.666666666664
JCR,Control,0hr,threose,248.66666666666669
JCR,Control,0hr,thymidine,77231.33333333333
JCR,Control,0hr,thymine,60514.333333333336
JCR,Control,0hr,trans-4-hydroxyproline,396
JCR,Control,0hr,trehalose,720688
JCR,Control,0hr,trehalose-6-phosphate,390.6666666666667
JCR,Control,0hr,trimethylamine,1547
JCR,Control,0hr,tryptophan,6804.5
JCR,Control,0hr,tyramine,6388.666666666667
JCR,Control,0hr,tyrosine,69930.16666666667
JCR,Control,0hr,undecanedioic acid,2284.3333333333335
JCR,Control,0hr,uracil,53905.5
JCR,Control,0hr,urea,4003.6666666666665
JCR,Control,0hr,uric acid,440.5
JCR,Control,0hr,uridine,13007.333333333334
JCR,Control,0hr,urocanic acid,569.3333333333334
JCR,Control,0hr,valine,324902.3333333333
JCR,Control,0hr,valine betaine,333.3333333333333
JCR,Control,0hr,vanillic acid,1528.6666666666667
JCR,Control,0hr,xanthine,4615.5
JCR,Control,0hr,xanthosine,188.66666666666666
JCR,Control,0hr,xanthurenic acid,121.66666666666667
JCR,Control,0hr,xylitol,5387
JCR,Control,0hr,xylose,138078
JCR,Control,0hr,xylulose,33034.333333333336
JCR,Control,0hr,NA,13006.877535687461
JCR,Control,24hr,(carbomethoxymethylene)-triphenylphosphorane,165.66666666666666
JCR,Control,24hr,"1,2,4-benzenetriol",1724
JCR,Control,24hr,"1,6-anhydro-glucose",700.6666666666666
JCR,Control,24hr,"1,6-diisopropylnaphthalene",694.3333333333334
JCR,Control,24hr,"1,7-bis(3,4-dihydroxyphenyl)-6-hydroxyheptan-3-one",266.6666666666667
JCR,Control,24hr,1-(2-hydroxyethylamino)-2-propanol,1342.6666666666667
JCR,Control,24hr,1-kestose,299.6666666666667
JCR,Control,24hr,1-methyladenosine,677.3333333333334
JCR,Control,24hr,1-methylguanidine,97.66666666666667
JCR,Control,24hr,1-monopalmitin,192
JCR,Control,24hr,1-octanesulfonic acid,1530.6666666666667
JCR,Control,24hr,"12,13-DiHOME",8785.666666666666
JCR,Control,24hr,"12-hydroxy-4-methyl-octahydro-3-benzoxecine-2,9-dione",890
JCR,Control,24hr,2'-deoxy-2'-fluoro-2'-methyluridine,294
JCR,Control,24hr,2'-deoxyadenosine,595.3333333333334
JCR,Control,24hr,2'-deoxycytidine,2459
JCR,Control,24hr,2'-deoxyguanosine,26134.666666666668
JCR,Control,24hr,2'-deoxyinosine,18823.333333333332
JCR,Control,24hr,2'-fucosyllactose,904
JCR,Control,24hr,"2,3-diaminopropionic acid",6555.666666666667
JCR,Control,24hr,"2,3-dihydroxybenzenepropanoic acid",200.66666666666666
JCR,Control,24hr,"2,3-dihydroxypyridine",1305.6666666666667
JCR,Control,24hr,"2,4-dihydroxybutanoic acid",130.66666666666666
JCR,Control,24hr,"2,4-dinitrophenol",1728
JCR,Control,24hr,"2,4-hexadienedioic acid",287.3333333333333
JCR,Control,24hr,"2,6-diaminopimelic acid",302.3333333333333
JCR,Control,24hr,2-(5-methylpyrazol-1-yl)propanoic acid,349
JCR,Control,24hr,2-Deoxyinosine,41829.666666666664
JCR,Control,24hr,2-amino-5-methoxyphenol,40.333333333333336
JCR,Control,24hr,2-benzothiazolesulfonic acid,3276
JCR,Control,24hr,2-deoxyadenosine,1098.6666666666667
JCR,Control,24hr,2-deoxyerythritol,664.6666666666666
JCR,Control,24hr,2-deoxytetronic acid,3220.3333333333335
JCR,Control,24hr,2-hydroxy-5-methylbenzoic acid,99.33333333333333
JCR,Control,24hr,2-hydroxybenzoic acid-6-pentadecatriene,2403.6666666666665
JCR,Control,24hr,2-hydroxybutanoic acid,23553.666666666668
JCR,Control,24hr,2-hydroxyglutaric acid,1246.6666666666667
JCR,Control,24hr,2-hydroxyisocaproic acid,1117.6666666666667
JCR,Control,24hr,2-hydroxyisovaleric acid,2586.6666666666665
JCR,Control,24hr,2-hydroxyoctanoic acid,607
JCR,Control,24hr,2-hydroxyphenethylamine,5419.333333333333
JCR,Control,24hr,2-hydroxyvaleric acid,16031.333333333334
JCR,Control,24hr,2-isopropylmalic acid,75.33333333333333
JCR,Control,24hr,2-keto-3-deoxygluconic acid,432.6666666666667
JCR,Control,24hr,2-ketoadipic acid,13979
JCR,Control,24hr,2-ketobutyric acid,1061
JCR,Control,24hr,2-ketoisocaproic acid,35398.666666666664
JCR,Control,24hr,2-ketoisovaleric acid,6083
JCR,Control,24hr,2-ketomethionine,1466
JCR,Control,24hr,2-methoxyphenol sulfate,669.6666666666666
JCR,Control,24hr,2-methyl-1-pyrroline,107
JCR,Control,24hr,2-methylglyceric acid,1061.3333333333333
JCR,Control,24hr,2-oct-7-enylpentanedioic acid,913.6666666666666
JCR,Control,24hr,2-oxindole-3-acetate,156.33333333333334
JCR,Control,24hr,2-picolinic acid,1476
JCR,Control,24hr,2-pyrrolidinone,57.666666666666664
JCR,Control,24hr,"3,4-dihydroxybenzoic acid",3130.3333333333335
JCR,Control,24hr,"3,4-dihydroxycinnamic acid",981.6666666666666
JCR,Control,24hr,"3,6-anhydro-D-galactose",536.6666666666666
JCR,Control,24hr,"3,8-dihydroxy-8-(hydroxymethyl)-4,4,11b-trimethyldodecahydro-6a,9-methanocyclohepta[a]naphthalene-2,6-dione",1289
JCR,Control,24hr,3-(3-hydroxyphenyl)-3-hydroxypropionic acid,109
JCR,Control,24hr,3-(3-hydroxyphenyl)propionic acid,128.33333333333334
JCR,Control,24hr,3-(4-hydroxyphenyl)propionic acid,775.6666666666666
JCR,Control,24hr,3-acetyl-5-methyloxolan-2-one,26
JCR,Control,24hr,3-amino-1-propanol,327.6666666666667
JCR,Control,24hr,3-aminoisobutyric acid,6892.333333333333
JCR,Control,24hr,3-dehydroshikimic acid,54.666666666666664
JCR,Control,24hr,3-dehydroxy-carnitine,5058.666666666667
JCR,Control,24hr,3-deoxy-glycero-galacto-2-nonulosonic acid,40504.666666666664
JCR,Control,24hr,3-deoxyguanosine,6235.666666666667
JCR,Control,24hr,"3-furancarboxylic acid, tetrahydro-4-methylene-2-octyl-5-oxo-",3713
JCR,Control,24hr,3-hydroxy-1-propanesulfonic acid,413.6666666666667
JCR,Control,24hr,3-hydroxy-3-methylglutaric acid,51.333333333333336
JCR,Control,24hr,3-hydroxyacetophenone,3301
JCR,Control,24hr,3-hydroxybenzoic acid,597.3333333333334
JCR,Control,24hr,3-hydroxybutyric acid,65253.666666666664
JCR,Control,24hr,3-hydroxyphenylacetic acid,392.3333333333333
JCR,Control,24hr,3-hydroxypropionic acid,10031.666666666666
JCR,Control,24hr,3-hydroxysebacic acid,338
JCR,Control,24hr,3-isopropylmalic acid,439.6666666666667
JCR,Control,24hr,3-methyladipic acid,1784.6666666666667
JCR,Control,24hr,3-methylglutaric acid,81.66666666666667
JCR,Control,24hr,3-oxodeoxycholic acid,2907.333333333333
JCR,Control,24hr,3-pyridylacetic acid,1178.3333333333333
JCR,Control,24hr,"4,4'-sulfonyl-bis(2-allylphenol)",100946.33333333334
JCR,Control,24hr,4-acetamido-butanoic acid,100
JCR,Control,24hr,"4-hydroxy-2,6-tetramethyl-1-piperidine ethanol",7465.333333333333
JCR,Control,24hr,4-hydroxybenzaldehyde,2491
JCR,Control,24hr,4-hydroxybenzoic acid,3567.6666666666665
JCR,Control,24hr,4-hydroxybutyric acid,12779
JCR,Control,24hr,4-hydroxycinnamic acid,9464
JCR,Control,24hr,4-hydroxyphenylacetic acid,923
JCR,Control,24hr,4-hydroxyquinoline,59.666666666666664
JCR,Control,24hr,4-methylcatechol,69.33333333333333
JCR,Control,24hr,4-oxododecanedioic acid,1013
JCR,Control,24hr,5-aminovaleric acid,1953.6666666666667
JCR,Control,24hr,5-hydroxyectoine,38455.333333333336
JCR,Control,24hr,5-hydroxymethyl-2-furoic acid,1166.6666666666667
JCR,Control,24hr,5-methoxysalicylic acid,368
JCR,Control,24hr,5-methylcytosine,933.3333333333334
JCR,Control,24hr,6-hydroxynicotinic acid,3917
JCR,Control,24hr,"9-(2,3-dihydroxypropoxy)-9-oxononanoic acid",430
JCR,Control,24hr,9-hydroxydec-2-enoic acid,7956
JCR,Control,24hr,Ala-Asp,1509.3333333333333
JCR,Control,24hr,Ala-Thr,431
JCR,Control,24hr,Asn-Val,65.33333333333333
JCR,Control,24hr,Asp Leu,428.3333333333333
JCR,Control,24hr,Asp-Val,80.33333333333333
JCR,Control,24hr,Benzaldehyde-4-carboxylic acid,1101.3333333333333
JCR,Control,24hr,D-erythro-sphingosine,1301.6666666666667
JCR,Control,24hr,DG 18:2_18:2,913
JCR,Control,24hr,Dopamine,4416
JCR,Control,24hr,Gln-Asp,1506.6666666666667
JCR,Control,24hr,Gln-Glu,985.6666666666666
JCR,Control,24hr,Glu-Gln,1130.3333333333333
JCR,Control,24hr,Glu-Leu,1193.3333333333333
JCR,Control,24hr,Gly Pro,961.6666666666666
JCR,Control,24hr,Gly-Asp,789
JCR,Control,24hr,Gly-Met,723.3333333333334
JCR,Control,24hr,Ile-Ala,228.33333333333334
JCR,Control,24hr,Ile-Glu,4707.333333333333
JCR,Control,24hr,Ile-Pro,413
JCR,Control,24hr,L-Methionine,1220.3333333333333
JCR,Control,24hr,MOPS,107.66666666666667
JCR,Control,24hr,"N,N,N-trimethyl-5-aminovalerate",2223
JCR,Control,24hr,"N,N-dimethyl-proline-proline betaine",877.3333333333334
JCR,Control,24hr,N-(5-methyl-3-isoxazolyl)benzenesulfonamide,1251.3333333333333
JCR,Control,24hr,N-acetyl-D-galactosamine,73253
JCR,Control,24hr,N-acetyl-glucosaminitol,192.33333333333334
JCR,Control,24hr,N-acetyl-glutamic acid,253.33333333333334
JCR,Control,24hr,N-acetyl-lactosamine,1647.6666666666667
JCR,Control,24hr,N-acetyl-ornithine,315.3333333333333
JCR,Control,24hr,N-acetyl-serine,1369
JCR,Control,24hr,N-acetyl-valine,126.66666666666667
JCR,Control,24hr,N-acetylglutamate,565.6666666666666
JCR,Control,24hr,N-acetylmannosamine,43656.333333333336
JCR,Control,24hr,N-carbamoylaspartate,388.6666666666667
JCR,Control,24hr,N-formylanthranilic acid,290.3333333333333
JCR,Control,24hr,N-formylpiperidine,742.3333333333334
JCR,Control,24hr,N-methylglutamic acid,7868.666666666667
JCR,Control,24hr,N-methylproline,119
JCR,Control,24hr,N6-methyl-2'-deoxyadenosine,467.3333333333333
JCR,Control,24hr,PE 18:0_18:0,2728.333333333333
JCR,Control,24hr,PI 38:6,399
JCR,Control,24hr,Phe-Glu,537.6666666666666
JCR,Control,24hr,Pro-Ile,1516.6666666666667
JCR,Control,24hr,Pro-Thr,1013.3333333333334
JCR,Control,24hr,Ser-Asp,1067
JCR,Control,24hr,TMAO,51.333333333333336
JCR,Control,24hr,Thr-Leu,245
JCR,Control,24hr,Traumatic Acid,1884.3333333333333
JCR,Control,24hr,UDP-N-acetylglucosamine,38521.666666666664
JCR,Control,24hr,Val Glu Leu,508.6666666666667
JCR,Control,24hr,Val-Thr,647.6666666666666
JCR,Control,24hr,aconitic acid,578
JCR,Control,24hr,acylcarnitine 02:0,2233.6666666666665
JCR,Control,24hr,acylcarnitine 03:0,480.3333333333333
JCR,Control,24hr,"acylcarnitine 04:0, branched",1187.6666666666667
JCR,Control,24hr,acylcarnitine 16:0,1737
JCR,Control,24hr,"acylcarnitine, isovaleryl-",275
JCR,Control,24hr,"acylcarnitine, malonyl-",87.66666666666667
JCR,Control,24hr,adenosine,611.6666666666666
JCR,Control,24hr,adipic acid,8523.333333333334
JCR,Control,24hr,alanine,647920
JCR,Control,24hr,alanine betaine,1771.3333333333333
JCR,Control,24hr,alanine-alanine,371.3333333333333
JCR,Control,24hr,aleuritic acid,3172.3333333333335
JCR,Control,24hr,allantoin,836.6666666666666
JCR,Control,24hr,alpha-aminoadipic acid,2804
JCR,Control,24hr,alpha-artemisic acid,835.6666666666666
JCR,Control,24hr,alpha-ketoglutarate,5992.333333333333
JCR,Control,24hr,anthranilic acid,631.6666666666666
JCR,Control,24hr,arabitol,246.66666666666666
JCR,Control,24hr,arachidic acid,8168
JCR,Control,24hr,aspartic acid,261529.66666666666
JCR,Control,24hr,azelaic acid,10105
JCR,Control,24hr,behenic acid,3226
JCR,Control,24hr,"benzenesulfonic acid, decyl-",69177.33333333333
JCR,Control,24hr,benzoic acid,50899.333333333336
JCR,Control,24hr,benzothiazole,12156.333333333334
JCR,Control,24hr,benzyltriethylammonium,554
JCR,Control,24hr,benzyltrimethylammonium,448.6666666666667
JCR,Control,24hr,beta-alanine,14966.333333333334
JCR,Control,24hr,beta-gentiobiose,19171.333333333332
JCR,Control,24hr,beta-glutamic acid,1194
JCR,Control,24hr,beta-mannosylglycerate,838426.6666666666
JCR,Control,24hr,beta-sitosterol,5302
JCR,Control,24hr,beta-sitosteryl sulfate,58.666666666666664
JCR,Control,24hr,betaine,937110.6666666666
JCR,Control,24hr,betaine aldehyde,121.66666666666667
JCR,Control,24hr,bis-ferulamidobutane,523.3333333333334
JCR,Control,24hr,"butane-2,3-diol",6569.666666666667
JCR,Control,24hr,butyraldehyde,1614.3333333333333
JCR,Control,24hr,butyrolactam,10240.666666666666
JCR,Control,24hr,cadaverine,3426.6666666666665
JCR,Control,24hr,carnosol,644
JCR,Control,24hr,ceanothic acid,150.33333333333334
JCR,Control,24hr,cellobiose,4449.333333333333
JCR,Control,24hr,cerotinic acid,714
JCR,Control,24hr,"cholan-24-oic acid, 12-hydroxy-3-oxo-",76.66666666666667
JCR,Control,24hr,cholesterol,2722.3333333333335
JCR,Control,24hr,choline,30574.666666666668
JCR,Control,24hr,cinnamic acid,802.6666666666666
JCR,Control,24hr,citramalic acid,434.6666666666667
JCR,Control,24hr,citric acid,1089
JCR,Control,24hr,citrulline,12564
JCR,Control,24hr,citrusin VI,2645.666666666667
JCR,Control,24hr,conduritol-beta-epoxide,66315
JCR,Control,24hr,creatine,966
JCR,Control,24hr,creatinine,150.33333333333334
JCR,Control,24hr,cysteic acid,837.3333333333334
JCR,Control,24hr,cysteine S-sulfate,2384.3333333333335
JCR,Control,24hr,cysteine sulfonic acid,326.3333333333333
JCR,Control,24hr,cytidine,504
JCR,Control,24hr,cytosine,2202.3333333333335
JCR,Control,24hr,dehydroabietic acid,3276.3333333333335
JCR,Control,24hr,deoxyguanosine,1424
JCR,Control,24hr,deoxypentitol,9406.666666666666
JCR,Control,24hr,dihydrocaffeic acid 3-glucuronide,164
JCR,Control,24hr,dihydrophaseic acid,703
JCR,Control,24hr,dihydroxy-octadecadienoic acid,325.3333333333333
JCR,Control,24hr,dihydroxyacetone,6855.333333333333
JCR,Control,24hr,dimethyldioctadecylammonium,178902.3333333333
JCR,Control,24hr,dodecanedioic acid,442.6666666666667
JCR,Control,24hr,dodecanol,1787.3333333333335
JCR,Control,24hr,ectoine,1852.6666666666667
JCR,Control,24hr,erythritol,1233
JCR,Control,24hr,erythronic acid lactone,2110.3333333333335
JCR,Control,24hr,erythrose,382.6666666666667
JCR,Control,24hr,ethanolamine,189621.33333333334
JCR,Control,24hr,ferulic acid,638.1666666666666
JCR,Control,24hr,ferulic acid 4-sulfate,1111.6666666666667
JCR,Control,24hr,fructose,9822.166666666668
JCR,Control,24hr,fucose,4389.666666666667
JCR,Control,24hr,fumaric acid,9243.333333333334
JCR,Control,24hr,furfurylmethylamine,57.333333333333336
JCR,Control,24hr,galactinol,482762.6666666667
JCR,Control,24hr,galacto-N-biose,820.3333333333334
JCR,Control,24hr,galactose,71691.33333333333
JCR,Control,24hr,galacturonic acid,3326.6666666666665
JCR,Control,24hr,gamma-aminobutyric acid,8556.666666666666
JCR,Control,24hr,glucoheptose,4515.666666666667
JCR,Control,24hr,glucoheptulose,3026
JCR,Control,24hr,gluconic acid,23031.166666666668
JCR,Control,24hr,gluconic acid lactone,2821.3333333333335
JCR,Control,24hr,glucose,364362.1666666667
JCR,Control,24hr,glutamic acid,597021
JCR,Control,24hr,glutamine,89.66666666666667
JCR,Control,24hr,glutamyl-valine,3179.6666666666665
JCR,Control,24hr,glutaric acid,605.3333333333334
JCR,Control,24hr,glyceric acid,64433
JCR,Control,24hr,glycerol,720854.3333333334
JCR,Control,24hr,glycerol-3-galactoside,11838.333333333334
JCR,Control,24hr,glycerol-alpha-phosphate,3475
JCR,Control,24hr,glycine,118506.66666666667
JCR,Control,24hr,glycolic acid,23970.666666666668
JCR,Control,24hr,glycyl proline,15379.333333333334
JCR,Control,24hr,guanine,7271.666666666667
JCR,Control,24hr,guanosine,3305.5
JCR,Control,24hr,heptadecanoic acid,3646.6666666666665
JCR,Control,24hr,hexadecanedioic acid,14423
JCR,Control,24hr,histidine,3450
JCR,Control,24hr,homarine,736.6666666666666
JCR,Control,24hr,homocitrulline,402
JCR,Control,24hr,homoserine,4698.333333333333
JCR,Control,24hr,homostachydrine,3119.3333333333335
JCR,Control,24hr,homovanillic acid,330.66666666666663
JCR,Control,24hr,hypoxanthine,12285.5
JCR,Control,24hr,indigotin,279
JCR,Control,24hr,indole-3-acetate,716
JCR,Control,24hr,indole-3-acetyl-glutamine,66.33333333333333
JCR,Control,24hr,indole-3-lactate,124.66666666666667
JCR,Control,24hr,indole-6-carboxaldehyde,50.666666666666664
JCR,Control,24hr,inosine,13329.833333333334
JCR,Control,24hr,inositol,3601.3333333333335
JCR,Control,24hr,inositol-4-monophosphate,19546
JCR,Control,24hr,isobutylamine,14647.333333333334
JCR,Control,24hr,isoleucine,318893.3333333333
JCR,Control,24hr,isomaltose,11206.666666666666
JCR,Control,24hr,isothreonic acid,101357.33333333333
JCR,Control,24hr,ketoisoleucine,4955.333333333333
JCR,Control,24hr,lactic acid,7643
JCR,Control,24hr,lactobionic acid,28672.666666666668
JCR,Control,24hr,lactose,112729.16666666666
JCR,Control,24hr,lactulose,4687.666666666667
JCR,Control,24hr,laurdan,4042.3333333333335
JCR,Control,24hr,leucine,557288.8333333334
JCR,Control,24hr,leucrose,164
JCR,Control,24hr,levoglucosan,4113.5
JCR,Control,24hr,lignoceric acid,1130.3333333333333
JCR,Control,24hr,linoleic acid,2313.3333333333335
JCR,Control,24hr,linolenic acid,231
JCR,Control,24hr,lysine,420
JCR,Control,24hr,lyxitol,15749
JCR,Control,24hr,lyxose,7098.333333333333
JCR,Control,24hr,malic acid,879
JCR,Control,24hr,malonamide,633.3333333333334
JCR,Control,24hr,malonic acid,93.33333333333333
JCR,Control,24hr,maltitol,12148.333333333334
JCR,Control,24hr,maltose,14457
JCR,Control,24hr,maltotetraose,1777
JCR,Control,24hr,maltotriitol,12853.333333333334
JCR,Control,24hr,maltotriose,29039.333333333332
JCR,Control,24hr,mandelic acid,1816
JCR,Control,24hr,mannitol,27768.833333333336
JCR,Control,24hr,mannoheptulose,1170
JCR,Control,24hr,mannonic acid,1546.6666666666667
JCR,Control,24hr,mannose-6-phosphate,92
JCR,Control,24hr,mannuronic acid,3068
JCR,Control,24hr,methanolphosphate,971
JCR,Control,24hr,methionine,51091.333333333336
JCR,Control,24hr,methionine sulfoxide,18374
JCR,Control,24hr,methyl lactoside,122.33333333333333
JCR,Control,24hr,methyl violet B,869
JCR,Control,24hr,methyl-4-hydroxybenzoate,890.6666666666666
JCR,Control,24hr,methylmaleic acid,340.3333333333333
JCR,Control,24hr,mevalonic acid,424.3333333333333
JCR,Control,24hr,montanic acid,2967.3333333333335
JCR,Control,24hr,myo-inositol,522417.6666666667
JCR,Control,24hr,myristic acid,1912
JCR,Control,24hr,neohesperidose,655.6666666666666
JCR,Control,24hr,neomycin B,304.6666666666667
JCR,Control,24hr,nicotinic acid,22203.666666666668
JCR,Control,24hr,nonadecanoic acid,1036.3333333333333
JCR,Control,24hr,norgestrel,14819
JCR,Control,24hr,o-toluic acid,1482
JCR,Control,24hr,"octadecanoic acid, 9,10,18-trihydroxy-",2924
JCR,Control,24hr,octadecanol,508.66666666666663
JCR,Control,24hr,oleic acid,2125.6666666666665
JCR,Control,24hr,ornithine,13630.333333333334
JCR,Control,24hr,orotic acid,743.8333333333334
JCR,Control,24hr,oxoproline,3007532
JCR,Control,24hr,p-cresol glucuronide,73.66666666666667
JCR,Control,24hr,p-cresol sulfate,970.3333333333334
JCR,Control,24hr,palatinitol,35827.333333333336
JCR,Control,24hr,palmitoleic acid,113.66666666666667
JCR,Control,24hr,panose,3690
JCR,Control,24hr,pantothenic acid,2265.6666666666665
JCR,Control,24hr,parabanic acid,5675
JCR,Control,24hr,"pentaerythritol, cyclic phosphate",1673.6666666666667
JCR,Control,24hr,pentamethylene bisacetamide,513.3333333333334
JCR,Control,24hr,pentitol,366
JCR,Control,24hr,perfluoroheptanoic acid,511.6666666666667
JCR,Control,24hr,perseitol,1152
JCR,Control,24hr,phenol,7266.666666666666
JCR,Control,24hr,phenyl sulfate,499.6666666666667
JCR,Control,24hr,phenylacetic acid,3671
JCR,Control,24hr,phenylalanine,151970.83333333334
JCR,Control,24hr,phenylethylamine,2226
JCR,Control,24hr,phenylpyruvate,3015.6666666666665
JCR,Control,24hr,phosphate,45065.166666666664
JCR,Control,24hr,pimelic acid,1727
JCR,Control,24hr,pinitol,1297
JCR,Control,24hr,pipecolinic acid,638.3333333333334
JCR,Control,24hr,proline,42610
JCR,Control,24hr,proline betaine,78027.66666666667
JCR,Control,24hr,propyleneglycol,3052
JCR,Control,24hr,pseudo-uridine,5598.333333333333
JCR,Control,24hr,pseudouridine,1789.6666666666667
JCR,Control,24hr,pyroGlu-Val,157
JCR,Control,24hr,pyroglutamic acid,4539
JCR,Control,24hr,pyrrole-2-carboxylic acid,2517.3333333333335
JCR,Control,24hr,quinic acid,398.3333333333333
JCR,Control,24hr,"quinoline-2,8-diol",205.33333333333334
JCR,Control,24hr,quinolinic acid,205.33333333333334
JCR,Control,24hr,raffinose,1377.3333333333333
JCR,Control,24hr,ribonic acid,8635
JCR,Control,24hr,ribose,93458.33333333333
JCR,Control,24hr,ribulose,31362
JCR,Control,24hr,ritalinic acid,265.6666666666667
JCR,Control,24hr,salicyl alcohol,1467.3333333333333
JCR,Control,24hr,salicylaldehyde,47075
JCR,Control,24hr,salicylic acid,981
JCR,Control,24hr,salicyluric acid,104.33333333333333
JCR,Control,24hr,sebacic acid,4909.666666666667
JCR,Control,24hr,serine,183933.66666666666
JCR,Control,24hr,shikimic acid,2168.6666666666665
JCR,Control,24hr,sinigrin,380
JCR,Control,24hr,sophorose,131947.66666666666
JCR,Control,24hr,sorbitol,5136.333333333333
JCR,Control,24hr,stearic acid,360998
JCR,Control,24hr,stigmasterol,109.66666666666667
JCR,Control,24hr,suberic acid,2217.5
JCR,Control,24hr,succinate semialdehyde,5594.666666666667
JCR,Control,24hr,succinic acid,6251.833333333333
JCR,Control,24hr,sucrose,59520.666666666664
JCR,Control,24hr,sulfoacetic acid,234.66666666666666
JCR,Control,24hr,syringa-resinol,1257.6666666666667
JCR,Control,24hr,tagatose,7751
JCR,Control,24hr,terephthalic acid,4671
JCR,Control,24hr,tetracosane,5696.666666666667
JCR,Control,24hr,tetradecane-7-sulfonic acid,1578.3333333333333
JCR,Control,24hr,tetradecanedioic acid,1469
JCR,Control,24hr,"tetradecanedioic acid, 5,6-dihydroxy-",22
JCR,Control,24hr,tetramethyl-4-piperidone,924.3333333333334
JCR,Control,24hr,threitol,1188.3333333333333
JCR,Control,24hr,threonic acid,3394.3333333333335
JCR,Control,24hr,threonine,47309.666666666664
JCR,Control,24hr,threose,87
JCR,Control,24hr,thymidine,82786.33333333333
JCR,Control,24hr,thymine,69052.33333333333
JCR,Control,24hr,trans-4-hydroxyproline,610.3333333333334
JCR,Control,24hr,trehalose,709959
JCR,Control,24hr,trehalose-6-phosphate,691
JCR,Control,24hr,trimethylamine,1359.6666666666667
JCR,Control,24hr,tryptophan,8815.333333333334
JCR,Control,24hr,tyramine,5338.666666666667
JCR,Control,24hr,tyrosine,73105.33333333333
JCR,Control,24hr,undecanedioic acid,2119
JCR,Control,24hr,uracil,68209.33333333333
JCR,Control,24hr,urea,9224.666666666666
JCR,Control,24hr,uric acid,689.6666666666666
JCR,Control,24hr,uridine,19514
JCR,Control,24hr,urocanic acid,628
JCR,Control,24hr,valine,345335
JCR,Control,24hr,valine betaine,178
JCR,Control,24hr,vanillic acid,1205.6666666666667
JCR,Control,24hr,xanthine,5675
JCR,Control,24hr,xanthosine,355.3333333333333
JCR,Control,24hr,xanthurenic acid,126.66666666666667
JCR,Control,24hr,xylitol,10030
JCR,Control,24hr,xylose,117044.66666666667
JCR,Control,24hr,xylulose,34402
JCR,Control,24hr,NA,11376.699248120347
JCR,Control,72hr,(carbomethoxymethylene)-triphenylphosphorane,350.3333333333333
JCR,Control,72hr,"1,2,4-benzenetriol",1344
JCR,Control,72hr,"1,6-anhydro-glucose",664.3333333333334
JCR,Control,72hr,"1,6-diisopropylnaphthalene",533.3333333333334
JCR,Control,72hr,"1,7-bis(3,4-dihydroxyphenyl)-6-hydroxyheptan-3-one",223
JCR,Control,72hr,1-(2-hydroxyethylamino)-2-propanol,1309
JCR,Control,72hr,1-kestose,423.6666666666667
JCR,Control,72hr,1-methyladenosine,537.6666666666666
JCR,Control,72hr,1-methylguanidine,106.66666666666667
JCR,Control,72hr,1-monopalmitin,164.33333333333334
JCR,Control,72hr,1-octanesulfonic acid,1365.6666666666667
JCR,Control,72hr,"12,13-DiHOME",8425.666666666666
JCR,Control,72hr,"12-hydroxy-4-methyl-octahydro-3-benzoxecine-2,9-dione",693
JCR,Control,72hr,2'-deoxy-2'-fluoro-2'-methyluridine,314.3333333333333
JCR,Control,72hr,2'-deoxyadenosine,501.3333333333333
JCR,Control,72hr,2'-deoxycytidine,1917.3333333333333
JCR,Control,72hr,2'-deoxyguanosine,30206
JCR,Control,72hr,2'-deoxyinosine,18019
JCR,Control,72hr,2'-fucosyllactose,702.3333333333334
JCR,Control,72hr,"2,3-diaminopropionic acid",11638.666666666666
JCR,Control,72hr,"2,3-dihydroxybenzenepropanoic acid",223
JCR,Control,72hr,"2,3-dihydroxypyridine",1336
JCR,Control,72hr,"2,4-dihydroxybutanoic acid",149.33333333333334
JCR,Control,72hr,"2,4-dinitrophenol",1823.6666666666667
JCR,Control,72hr,"2,4-hexadienedioic acid",295
JCR,Control,72hr,"2,6-diaminopimelic acid",325.3333333333333
JCR,Control,72hr,2-(5-methylpyrazol-1-yl)propanoic acid,341.6666666666667
JCR,Control,72hr,2-Deoxyinosine,38988
JCR,Control,72hr,2-amino-5-methoxyphenol,59.666666666666664
JCR,Control,72hr,2-benzothiazolesulfonic acid,3631.3333333333335
JCR,Control,72hr,2-deoxyadenosine,743
JCR,Control,72hr,2-deoxyerythritol,1087.6666666666667
JCR,Control,72hr,2-deoxytetronic acid,3996.6666666666665
JCR,Control,72hr,2-hydroxy-5-methylbenzoic acid,100.33333333333333
JCR,Control,72hr,2-hydroxybenzoic acid-6-pentadecatriene,2614.3333333333335
JCR,Control,72hr,2-hydroxybutanoic acid,48553.666666666664
JCR,Control,72hr,2-hydroxyglutaric acid,1056
JCR,Control,72hr,2-hydroxyisocaproic acid,1164.6666666666667
JCR,Control,72hr,2-hydroxyisovaleric acid,2796
JCR,Control,72hr,2-hydroxyoctanoic acid,613.3333333333334
JCR,Control,72hr,2-hydroxyphenethylamine,5704.666666666667
JCR,Control,72hr,2-hydroxyvaleric acid,20110.666666666668
JCR,Control,72hr,2-isopropylmalic acid,123.66666666666667
JCR,Control,72hr,2-keto-3-deoxygluconic acid,540.6666666666666
JCR,Control,72hr,2-ketoadipic acid,15640.666666666666
JCR,Control,72hr,2-ketobutyric acid,3371
JCR,Control,72hr,2-ketoisocaproic acid,34558.666666666664
JCR,Control,72hr,2-ketoisovaleric acid,5974
JCR,Control,72hr,2-ketomethionine,1321.6666666666667
JCR,Control,72hr,2-methoxyphenol sulfate,767
JCR,Control,72hr,2-methyl-1-pyrroline,161.66666666666666
JCR,Control,72hr,2-methylglyceric acid,1133.3333333333333
JCR,Control,72hr,2-oct-7-enylpentanedioic acid,1162.6666666666667
JCR,Control,72hr,2-oxindole-3-acetate,161.33333333333334
JCR,Control,72hr,2-picolinic acid,1204.6666666666667
JCR,Control,72hr,2-pyrrolidinone,72
JCR,Control,72hr,"3,4-dihydroxybenzoic acid",2934.3333333333335
JCR,Control,72hr,"3,4-dihydroxycinnamic acid",839.3333333333334
JCR,Control,72hr,"3,6-anhydro-D-galactose",357
JCR,Control,72hr,"3,8-dihydroxy-8-(hydroxymethyl)-4,4,11b-trimethyldodecahydro-6a,9-methanocyclohepta[a]naphthalene-2,6-dione",1202.6666666666667
JCR,Control,72hr,3-(3-hydroxyphenyl)-3-hydroxypropionic acid,17.333333333333332
JCR,Control,72hr,3-(3-hydroxyphenyl)propionic acid,196.66666666666666
JCR,Control,72hr,3-(4-hydroxyphenyl)propionic acid,424
JCR,Control,72hr,3-acetyl-5-methyloxolan-2-one,27.333333333333332
JCR,Control,72hr,3-amino-1-propanol,298.6666666666667
JCR,Control,72hr,3-aminoisobutyric acid,10108
JCR,Control,72hr,3-dehydroshikimic acid,67
JCR,Control,72hr,3-dehydroxy-carnitine,5378.333333333333
JCR,Control,72hr,3-deoxy-glycero-galacto-2-nonulosonic acid,36957.666666666664
JCR,Control,72hr,3-deoxyguanosine,6621
JCR,Control,72hr,"3-furancarboxylic acid, tetrahydro-4-methylene-2-octyl-5-oxo-",4375
JCR,Control,72hr,3-hydroxy-1-propanesulfonic acid,368.3333333333333
JCR,Control,72hr,3-hydroxy-3-methylglutaric acid,40.666666666666664
JCR,Control,72hr,3-hydroxyacetophenone,487.3333333333333
JCR,Control,72hr,3-hydroxybenzoic acid,457
JCR,Control,72hr,3-hydroxybutyric acid,74666.33333333333
JCR,Control,72hr,3-hydroxyphenylacetic acid,671.6666666666666
JCR,Control,72hr,3-hydroxypropionic acid,10095
JCR,Control,72hr,3-hydroxysebacic acid,440
JCR,Control,72hr,3-isopropylmalic acid,413
JCR,Control,72hr,3-methyladipic acid,1886
JCR,Control,72hr,3-methylglutaric acid,72.66666666666667
JCR,Control,72hr,3-oxodeoxycholic acid,984.6666666666667
JCR,Control,72hr,3-pyridylacetic acid,1061
JCR,Control,72hr,"4,4'-sulfonyl-bis(2-allylphenol)",1032.3333333333333
JCR,Control,72hr,4-acetamido-butanoic acid,86
JCR,Control,72hr,"4-hydroxy-2,6-tetramethyl-1-piperidine ethanol",7417.666666666667
JCR,Control,72hr,4-hydroxybenzaldehyde,3311
JCR,Control,72hr,4-hydroxybenzoic acid,5043.333333333333
JCR,Control,72hr,4-hydroxybutyric acid,13599
JCR,Control,72hr,4-hydroxycinnamic acid,8036.666666666667
JCR,Control,72hr,4-hydroxyphenylacetic acid,1154.6666666666667
JCR,Control,72hr,4-hydroxyquinoline,80.66666666666667
JCR,Control,72hr,4-methylcatechol,68.33333333333333
JCR,Control,72hr,4-oxododecanedioic acid,870
JCR,Control,72hr,5-aminovaleric acid,2966.6666666666665
JCR,Control,72hr,5-hydroxyectoine,31508.333333333332
JCR,Control,72hr,5-hydroxymethyl-2-furoic acid,1380.6666666666667
JCR,Control,72hr,5-methoxysalicylic acid,482
JCR,Control,72hr,5-methylcytosine,858
JCR,Control,72hr,6-hydroxynicotinic acid,3479.3333333333335
JCR,Control,72hr,"9-(2,3-dihydroxypropoxy)-9-oxononanoic acid",264
JCR,Control,72hr,9-hydroxydec-2-enoic acid,8022.666666666667
JCR,Control,72hr,Ala-Asp,1380.6666666666667
JCR,Control,72hr,Ala-Thr,455
JCR,Control,72hr,Asn-Val,41.666666666666664
JCR,Control,72hr,Asp Leu,461.6666666666667
JCR,Control,72hr,Asp-Val,88.66666666666667
JCR,Control,72hr,Benzaldehyde-4-carboxylic acid,982.3333333333334
JCR,Control,72hr,D-erythro-sphingosine,1096
JCR,Control,72hr,DG 18:2_18:2,424.6666666666667
JCR,Control,72hr,Dopamine,2387.3333333333335
JCR,Control,72hr,Gln-Asp,1257.3333333333333
JCR,Control,72hr,Gln-Glu,952.6666666666666
JCR,Control,72hr,Glu-Gln,832.3333333333334
JCR,Control,72hr,Glu-Leu,1482
JCR,Control,72hr,Gly Pro,898
JCR,Control,72hr,Gly-Asp,687.6666666666666
JCR,Control,72hr,Gly-Met,548.6666666666666
JCR,Control,72hr,Ile-Ala,172.66666666666666
JCR,Control,72hr,Ile-Glu,5932.333333333333
JCR,Control,72hr,Ile-Pro,380.6666666666667
JCR,Control,72hr,L-Methionine,1129.3333333333333
JCR,Control,72hr,MOPS,126.66666666666667
JCR,Control,72hr,"N,N,N-trimethyl-5-aminovalerate",3116
JCR,Control,72hr,"N,N-dimethyl-proline-proline betaine",705.3333333333334
JCR,Control,72hr,N-(5-methyl-3-isoxazolyl)benzenesulfonamide,1193.6666666666667
JCR,Control,72hr,N-acetyl-D-galactosamine,59297.666666666664
JCR,Control,72hr,N-acetyl-glucosaminitol,155
JCR,Control,72hr,N-acetyl-glutamic acid,291
JCR,Control,72hr,N-acetyl-lactosamine,1468
JCR,Control,72hr,N-acetyl-ornithine,314
JCR,Control,72hr,N-acetyl-serine,1248
JCR,Control,72hr,N-acetyl-valine,166
JCR,Control,72hr,N-acetylglutamate,447
JCR,Control,72hr,N-acetylmannosamine,35809.666666666664
JCR,Control,72hr,N-carbamoylaspartate,269.3333333333333
JCR,Control,72hr,N-formylanthranilic acid,285.6666666666667
JCR,Control,72hr,N-formylpiperidine,668.6666666666666
JCR,Control,72hr,N-methylglutamic acid,6430.666666666667
JCR,Control,72hr,N-methylproline,132
JCR,Control,72hr,N6-methyl-2'-deoxyadenosine,407
JCR,Control,72hr,PE 18:0_18:0,2912
JCR,Control,72hr,PI 38:6,137
JCR,Control,72hr,Phe-Glu,782.3333333333334
JCR,Control,72hr,Pro-Ile,1424.3333333333333
JCR,Control,72hr,Pro-Thr,991.3333333333334
JCR,Control,72hr,Ser-Asp,918
JCR,Control,72hr,TMAO,33
JCR,Control,72hr,Thr-Leu,186.66666666666666
JCR,Control,72hr,Traumatic Acid,2266.3333333333335
JCR,Control,72hr,UDP-N-acetylglucosamine,29200.666666666668
JCR,Control,72hr,Val Glu Leu,409
JCR,Control,72hr,Val-Thr,475
JCR,Control,72hr,aconitic acid,347.6666666666667
JCR,Control,72hr,acylcarnitine 02:0,1992.3333333333333
JCR,Control,72hr,acylcarnitine 03:0,388
JCR,Control,72hr,"acylcarnitine 04:0, branched",940
JCR,Control,72hr,acylcarnitine 16:0,414.6666666666667
JCR,Control,72hr,"acylcarnitine, isovaleryl-",281.6666666666667
JCR,Control,72hr,"acylcarnitine, malonyl-",72.33333333333333
JCR,Control,72hr,adenosine,417.3333333333333
JCR,Control,72hr,adipic acid,15718.666666666666
JCR,Control,72hr,alanine,844381.3333333334
JCR,Control,72hr,alanine betaine,1876
JCR,Control,72hr,alanine-alanine,335
JCR,Control,72hr,aleuritic acid,3035.6666666666665
JCR,Control,72hr,allantoin,446
JCR,Control,72hr,alpha-aminoadipic acid,3384
JCR,Control,72hr,alpha-artemisic acid,716.3333333333334
JCR,Control,72hr,alpha-ketoglutarate,4159.666666666667
JCR,Control,72hr,anthranilic acid,718.6666666666666
JCR,Control,72hr,arabitol,175.33333333333334
JCR,Control,72hr,arachidic acid,7072
JCR,Control,72hr,aspartic acid,251019
JCR,Control,72hr,azelaic acid,8545.833333333334
JCR,Control,72hr,behenic acid,2294.6666666666665
JCR,Control,72hr,"benzenesulfonic acid, decyl-",64311.666666666664
JCR,Control,72hr,benzoic acid,58553.333333333336
JCR,Control,72hr,benzothiazole,19286.666666666668
JCR,Control,72hr,benzyltriethylammonium,651.6666666666666
JCR,Control,72hr,benzyltrimethylammonium,812
JCR,Control,72hr,beta-alanine,13174
JCR,Control,72hr,beta-gentiobiose,9666.333333333334
JCR,Control,72hr,beta-glutamic acid,2340.6666666666665
JCR,Control,72hr,beta-mannosylglycerate,786628
JCR,Control,72hr,beta-sitosterol,4025.6666666666665
JCR,Control,72hr,beta-sitosteryl sulfate,46
JCR,Control,72hr,betaine,817887.6666666666
JCR,Control,72hr,betaine aldehyde,114.66666666666667
JCR,Control,72hr,bis-ferulamidobutane,228.33333333333334
JCR,Control,72hr,"butane-2,3-diol",5278.333333333333
JCR,Control,72hr,butyraldehyde,1243.6666666666667
JCR,Control,72hr,butyrolactam,12513
JCR,Control,72hr,cadaverine,2916.6666666666665
JCR,Control,72hr,carnosol,482
JCR,Control,72hr,ceanothic acid,145
JCR,Control,72hr,cellobiose,9125.333333333334
JCR,Control,72hr,cerotinic acid,575.3333333333334
JCR,Control,72hr,"cholan-24-oic acid, 12-hydroxy-3-oxo-",84
JCR,Control,72hr,cholesterol,734
JCR,Control,72hr,choline,27451
JCR,Control,72hr,cinnamic acid,953
JCR,Control,72hr,citramalic acid,414
JCR,Control,72hr,citric acid,908
JCR,Control,72hr,citrulline,11765.333333333334
JCR,Control,72hr,citrusin VI,1664
JCR,Control,72hr,conduritol-beta-epoxide,57618.666666666664
JCR,Control,72hr,creatine,156.33333333333334
JCR,Control,72hr,creatinine,109.33333333333333
JCR,Control,72hr,cysteic acid,655.3333333333334
JCR,Control,72hr,cysteine S-sulfate,2626
JCR,Control,72hr,cysteine sulfonic acid,161.66666666666666
JCR,Control,72hr,cytidine,383.3333333333333
JCR,Control,72hr,cytosine,1763
JCR,Control,72hr,dehydroabietic acid,2903.8333333333335
JCR,Control,72hr,deoxyguanosine,1414.3333333333333
JCR,Control,72hr,deoxypentitol,16143.333333333334
JCR,Control,72hr,dihydrocaffeic acid 3-glucuronide,139.66666666666666
JCR,Control,72hr,dihydrophaseic acid,655
JCR,Control,72hr,dihydroxy-octadecadienoic acid,461
JCR,Control,72hr,dihydroxyacetone,7106
JCR,Control,72hr,dimethyldioctadecylammonium,237067
JCR,Control,72hr,dodecanedioic acid,495.3333333333333
JCR,Control,72hr,dodecanol,1359
JCR,Control,72hr,ectoine,1806.6666666666667
JCR,Control,72hr,erythritol,1148
JCR,Control,72hr,erythronic acid lactone,1475.6666666666667
JCR,Control,72hr,erythrose,465
JCR,Control,72hr,ethanolamine,179562.33333333334
JCR,Control,72hr,ferulic acid,536.8333333333334
JCR,Control,72hr,ferulic acid 4-sulfate,1109
JCR,Control,72hr,fructose,7833
JCR,Control,72hr,fucose,4077
JCR,Control,72hr,fumaric acid,8855.333333333334
JCR,Control,72hr,furfurylmethylamine,63.333333333333336
JCR,Control,72hr,galactinol,319480.6666666667
JCR,Control,72hr,galacto-N-biose,765.6666666666666
JCR,Control,72hr,galactose,59054.333333333336
JCR,Control,72hr,galacturonic acid,2781.6666666666665
JCR,Control,72hr,gamma-aminobutyric acid,5833.333333333333
JCR,Control,72hr,glucoheptose,3604.6666666666665
JCR,Control,72hr,glucoheptulose,2368.3333333333335
JCR,Control,72hr,gluconic acid,15755.166666666666
JCR,Control,72hr,gluconic acid lactone,1629
JCR,Control,72hr,glucose,322759
JCR,Control,72hr,glutamic acid,541125.1666666666
JCR,Control,72hr,glutamine,120.33333333333333
JCR,Control,72hr,glutamyl-valine,2952
JCR,Control,72hr,glutaric acid,661.3333333333334
JCR,Control,72hr,glyceric acid,51858
JCR,Control,72hr,glycerol,616107.6666666666
JCR,Control,72hr,glycerol-3-galactoside,11417
JCR,Control,72hr,glycerol-alpha-phosphate,2820
JCR,Control,72hr,glycine,142185
JCR,Control,72hr,glycolic acid,27245.333333333332
JCR,Control,72hr,glycyl proline,15329.333333333334
JCR,Control,72hr,guanine,6057
JCR,Control,72hr,guanosine,3288.1666666666665
JCR,Control,72hr,heptadecanoic acid,4252
JCR,Control,72hr,hexadecanedioic acid,14330
JCR,Control,72hr,histidine,285.6666666666667
JCR,Control,72hr,homarine,867.3333333333334
JCR,Control,72hr,homocitrulline,400.6666666666667
JCR,Control,72hr,homoserine,4838.333333333333
JCR,Control,72hr,homostachydrine,3009.6666666666665
JCR,Control,72hr,homovanillic acid,822
JCR,Control,72hr,hypoxanthine,8639.5
JCR,Control,72hr,indigotin,272.3333333333333
JCR,Control,72hr,indole-3-acetate,1282
JCR,Control,72hr,indole-3-acetyl-glutamine,93.33333333333333
JCR,Control,72hr,indole-3-lactate,131.33333333333334
JCR,Control,72hr,indole-6-carboxaldehyde,32.333333333333336
JCR,Control,72hr,inosine,11328.166666666666
JCR,Control,72hr,inositol,3060
JCR,Control,72hr,inositol-4-monophosphate,12149.666666666666
JCR,Control,72hr,isobutylamine,5411.333333333333
JCR,Control,72hr,isoleucine,383278.1666666667
JCR,Control,72hr,isomaltose,5998
JCR,Control,72hr,isothreonic acid,62114.666666666664
JCR,Control,72hr,ketoisoleucine,5933.666666666667
JCR,Control,72hr,lactic acid,11032.333333333334
JCR,Control,72hr,lactobionic acid,18201
JCR,Control,72hr,lactose,123289
JCR,Control,72hr,lactulose,5998
JCR,Control,72hr,laurdan,4741.666666666667
JCR,Control,72hr,leucine,709937.8333333334
JCR,Control,72hr,leucrose,117.33333333333333
JCR,Control,72hr,levoglucosan,3741.8333333333335
JCR,Control,72hr,lignoceric acid,1401
JCR,Control,72hr,linoleic acid,1978.6666666666667
JCR,Control,72hr,linolenic acid,186.33333333333331
JCR,Control,72hr,lysine,249
JCR,Control,72hr,lyxitol,12422.333333333334
JCR,Control,72hr,lyxose,4891
JCR,Control,72hr,malic acid,919
JCR,Control,72hr,malonamide,576
JCR,Control,72hr,malonic acid,104.33333333333333
JCR,Control,72hr,maltitol,11345.333333333334
JCR,Control,72hr,maltose,14165.666666666666
JCR,Control,72hr,maltotetraose,1647.3333333333333
JCR,Control,72hr,maltotriitol,9126
JCR,Control,72hr,maltotriose,16480.666666666668
JCR,Control,72hr,mandelic acid,1980.3333333333333
JCR,Control,72hr,mannitol,6930.333333333334
JCR,Control,72hr,mannoheptulose,1066.6666666666667
JCR,Control,72hr,mannonic acid,1126
JCR,Control,72hr,mannose-6-phosphate,79.66666666666667
JCR,Control,72hr,mannuronic acid,2634.6666666666665
JCR,Control,72hr,methanolphosphate,1039.6666666666667
JCR,Control,72hr,methionine,73051
JCR,Control,72hr,methionine sulfoxide,18715.666666666668
JCR,Control,72hr,methyl lactoside,112.66666666666667
JCR,Control,72hr,methyl violet B,679.3333333333334
JCR,Control,72hr,methyl-4-hydroxybenzoate,816
JCR,Control,72hr,methylmaleic acid,296
JCR,Control,72hr,mevalonic acid,383
JCR,Control,72hr,montanic acid,2385
JCR,Control,72hr,myo-inositol,483865.3333333333
JCR,Control,72hr,myristic acid,1848.3333333333333
JCR,Control,72hr,neohesperidose,565
JCR,Control,72hr,neomycin B,157
JCR,Control,72hr,nicotinic acid,21894.5
JCR,Control,72hr,nonadecanoic acid,975.3333333333334
JCR,Control,72hr,norgestrel,5294.666666666666
JCR,Control,72hr,o-toluic acid,1483.6666666666667
JCR,Control,72hr,"octadecanoic acid, 9,10,18-trihydroxy-",2828.6666666666665
JCR,Control,72hr,octadecanol,335
JCR,Control,72hr,oleic acid,1831.6666666666667
JCR,Control,72hr,ornithine,12987.333333333334
JCR,Control,72hr,orotic acid,578
JCR,Control,72hr,oxoproline,2725228
JCR,Control,72hr,p-cresol glucuronide,66.33333333333333
JCR,Control,72hr,p-cresol sulfate,1030
JCR,Control,72hr,palatinitol,30809.666666666668
JCR,Control,72hr,palmitoleic acid,92.33333333333333
JCR,Control,72hr,panose,1490.3333333333333
JCR,Control,72hr,pantothenic acid,1805
JCR,Control,72hr,parabanic acid,4764.333333333333
JCR,Control,72hr,"pentaerythritol, cyclic phosphate",1354.3333333333333
JCR,Control,72hr,pentamethylene bisacetamide,212.33333333333334
JCR,Control,72hr,pentitol,340.3333333333333
JCR,Control,72hr,perfluoroheptanoic acid,434.3333333333333
JCR,Control,72hr,perseitol,1057
JCR,Control,72hr,phenol,3615
JCR,Control,72hr,phenyl sulfate,383.3333333333333
JCR,Control,72hr,phenylacetic acid,4731.666666666667
JCR,Control,72hr,phenylalanine,157289.16666666666
JCR,Control,72hr,phenylethylamine,1129.3333333333333
JCR,Control,72hr,phenylpyruvate,2279.3333333333335
JCR,Control,72hr,phosphate,38483.166666666664
JCR,Control,72hr,pimelic acid,2004.3333333333333
JCR,Control,72hr,pinitol,1254
JCR,Control,72hr,pipecolinic acid,854.6666666666666
JCR,Control,72hr,proline,74968
JCR,Control,72hr,proline betaine,78199
JCR,Control,72hr,propyleneglycol,4177.666666666667
JCR,Control,72hr,pseudo-uridine,5314.666666666667
JCR,Control,72hr,pseudouridine,1850.3333333333333
JCR,Control,72hr,pyroGlu-Val,98.33333333333333
JCR,Control,72hr,pyroglutamic acid,4349.666666666667
JCR,Control,72hr,pyrrole-2-carboxylic acid,2300
JCR,Control,72hr,quinic acid,470
JCR,Control,72hr,"quinoline-2,8-diol",140.66666666666666
JCR,Control,72hr,quinolinic acid,93.66666666666667
JCR,Control,72hr,raffinose,986.8333333333334
JCR,Control,72hr,ribonic acid,7044.666666666667
JCR,Control,72hr,ribose,80140
JCR,Control,72hr,ribulose,30210.666666666668
JCR,Control,72hr,ritalinic acid,265.6666666666667
JCR,Control,72hr,salicyl alcohol,1836
JCR,Control,72hr,salicylaldehyde,46698
JCR,Control,72hr,salicylic acid,995
JCR,Control,72hr,salicyluric acid,125.33333333333333
JCR,Control,72hr,sebacic acid,5855
JCR,Control,72hr,serine,192695.83333333334
JCR,Control,72hr,shikimic acid,1948.6666666666667
JCR,Control,72hr,sinigrin,372
JCR,Control,72hr,sophorose,107821
JCR,Control,72hr,sorbitol,4013
JCR,Control,72hr,stearic acid,387892.3333333333
JCR,Control,72hr,stigmasterol,91
JCR,Control,72hr,suberic acid,2276
JCR,Control,72hr,succinate semialdehyde,6809
JCR,Control,72hr,succinic acid,6037
JCR,Control,72hr,sucrose,53916.5
JCR,Control,72hr,sulfoacetic acid,275
JCR,Control,72hr,syringa-resinol,1379.3333333333333
JCR,Control,72hr,tagatose,9465
JCR,Control,72hr,terephthalic acid,3817
JCR,Control,72hr,tetracosane,4743
JCR,Control,72hr,tetradecane-7-sulfonic acid,1490.3333333333333
JCR,Control,72hr,tetradecanedioic acid,1375.6666666666667
JCR,Control,72hr,"tetradecanedioic acid, 5,6-dihydroxy-",23
JCR,Control,72hr,tetramethyl-4-piperidone,586
JCR,Control,72hr,threitol,1126.6666666666667
JCR,Control,72hr,threonic acid,2309
JCR,Control,72hr,threonine,57756.33333333333
JCR,Control,72hr,threose,88.33333333333333
JCR,Control,72hr,thymidine,71626
JCR,Control,72hr,thymine,63089
JCR,Control,72hr,trans-4-hydroxyproline,775
JCR,Control,72hr,trehalose,898263.3333333334
JCR,Control,72hr,trehalose-6-phosphate,455.6666666666667
JCR,Control,72hr,trimethylamine,1162.6666666666667
JCR,Control,72hr,tryptophan,10908.333333333332
JCR,Control,72hr,tyramine,3298.3333333333335
JCR,Control,72hr,tyrosine,76174.16666666667
JCR,Control,72hr,undecanedioic acid,2165
JCR,Control,72hr,uracil,64278.5
JCR,Control,72hr,urea,9365.333333333334
JCR,Control,72hr,uric acid,740.1666666666666
JCR,Control,72hr,uridine,16156
JCR,Control,72hr,urocanic acid,523.3333333333334
JCR,Control,72hr,valine,482461.6666666667
JCR,Control,72hr,valine betaine,252
JCR,Control,72hr,vanillic acid,1122.3333333333333
JCR,Control,72hr,xanthine,4155.333333333333
JCR,Control,72hr,xanthosine,380
JCR,Control,72hr,xanthurenic acid,108.66666666666667
JCR,Control,72hr,xylitol,8025.666666666667
JCR,Control,72hr,xylose,103583.66666666667
JCR,Control,72hr,xylulose,25718
JCR,Control,72hr,NA,7420.439684329205
JCR,Drought,0hr,(carbomethoxymethylene)-triphenylphosphorane,211
JCR,Drought,0hr,"1,2,4-benzenetriol",1384.3333333333333
JCR,Drought,0hr,"1,6-anhydro-glucose",1114.6666666666667
JCR,Drought,0hr,"1,6-diisopropylnaphthalene",375
JCR,Drought,0hr,"1,7-bis(3,4-dihydroxyphenyl)-6-hydroxyheptan-3-one",227.33333333333334
JCR,Drought,0hr,1-(2-hydroxyethylamino)-2-propanol,3715.3333333333335
JCR,Drought,0hr,1-kestose,6540.666666666667
JCR,Drought,0hr,1-methyladenosine,6010.333333333333
JCR,Drought,0hr,1-methylguanidine,1612.6666666666667
JCR,Drought,0hr,1-monopalmitin,85
JCR,Drought,0hr,1-octanesulfonic acid,2061
JCR,Drought,0hr,"12,13-DiHOME",18744
JCR,Drought,0hr,"12-hydroxy-4-methyl-octahydro-3-benzoxecine-2,9-dione",2473.3333333333335
JCR,Drought,0hr,2'-deoxy-2'-fluoro-2'-methyluridine,5162
JCR,Drought,0hr,2'-deoxyadenosine,384.6666666666667
JCR,Drought,0hr,2'-deoxycytidine,4757
JCR,Drought,0hr,2'-deoxyguanosine,5734.666666666667
JCR,Drought,0hr,2'-deoxyinosine,12546.666666666666
JCR,Drought,0hr,2'-fucosyllactose,3027.6666666666665
JCR,Drought,0hr,"2,3-diaminopropionic acid",1113
JCR,Drought,0hr,"2,3-dihydroxybenzenepropanoic acid",11264
JCR,Drought,0hr,"2,3-dihydroxypyridine",1251.3333333333333
JCR,Drought,0hr,"2,4-dihydroxybutanoic acid",2487
JCR,Drought,0hr,"2,4-dinitrophenol",7765.666666666667
JCR,Drought,0hr,"2,4-hexadienedioic acid",252.33333333333334
JCR,Drought,0hr,"2,6-diaminopimelic acid",263.6666666666667
JCR,Drought,0hr,2-(5-methylpyrazol-1-yl)propanoic acid,1958.6666666666667
JCR,Drought,0hr,2-Deoxyinosine,4384.666666666667
JCR,Drought,0hr,2-amino-5-methoxyphenol,2706
JCR,Drought,0hr,2-benzothiazolesulfonic acid,3019.6666666666665
JCR,Drought,0hr,2-deoxyadenosine,2218
JCR,Drought,0hr,2-deoxyerythritol,9597.333333333334
JCR,Drought,0hr,2-deoxytetronic acid,50800.333333333336
JCR,Drought,0hr,2-hydroxy-5-methylbenzoic acid,1739.6666666666667
JCR,Drought,0hr,2-hydroxybenzoic acid-6-pentadecatriene,9989
JCR,Drought,0hr,2-hydroxybutanoic acid,6912.333333333333
JCR,Drought,0hr,2-hydroxyglutaric acid,17569.666666666668
JCR,Drought,0hr,2-hydroxyisocaproic acid,2826.3333333333335
JCR,Drought,0hr,2-hydroxyisovaleric acid,6223.333333333333
JCR,Drought,0hr,2-hydroxyoctanoic acid,1807.3333333333333
JCR,Drought,0hr,2-hydroxyphenethylamine,7300.666666666667
JCR,Drought,0hr,2-hydroxyvaleric acid,18391
JCR,Drought,0hr,2-isopropylmalic acid,712.3333333333334
JCR,Drought,0hr,2-keto-3-deoxygluconic acid,2760.3333333333335
JCR,Drought,0hr,2-ketoadipic acid,41099.666666666664
JCR,Drought,0hr,2-ketobutyric acid,2311.3333333333335
JCR,Drought,0hr,2-ketoisocaproic acid,18337.666666666668
JCR,Drought,0hr,2-ketoisovaleric acid,7060.333333333333
JCR,Drought,0hr,2-ketomethionine,335.6666666666667
JCR,Drought,0hr,2-methoxyphenol sulfate,7152
JCR,Drought,0hr,2-methyl-1-pyrroline,1949.3333333333333
JCR,Drought,0hr,2-methylglyceric acid,6319
JCR,Drought,0hr,2-oct-7-enylpentanedioic acid,3968.6666666666665
JCR,Drought,0hr,2-oxindole-3-acetate,504.6666666666667
JCR,Drought,0hr,2-picolinic acid,111.66666666666667
JCR,Drought,0hr,2-pyrrolidinone,1515.3333333333333
JCR,Drought,0hr,"3,4-dihydroxybenzoic acid",24447.666666666668
JCR,Drought,0hr,"3,4-dihydroxycinnamic acid",1456.3333333333333
JCR,Drought,0hr,"3,6-anhydro-D-galactose",2486.3333333333335
JCR,Drought,0hr,"3,8-dihydroxy-8-(hydroxymethyl)-4,4,11b-trimethyldodecahydro-6a,9-methanocyclohepta[a]naphthalene-2,6-dione",7950.666666666667
JCR,Drought,0hr,3-(3-hydroxyphenyl)-3-hydroxypropionic acid,2251
JCR,Drought,0hr,3-(3-hydroxyphenyl)propionic acid,3651.3333333333335
JCR,Drought,0hr,3-(4-hydroxyphenyl)propionic acid,13840
JCR,Drought,0hr,3-acetyl-5-methyloxolan-2-one,687
JCR,Drought,0hr,3-amino-1-propanol,1638
JCR,Drought,0hr,3-aminoisobutyric acid,3854.3333333333335
JCR,Drought,0hr,3-dehydroshikimic acid,806.3333333333334
JCR,Drought,0hr,3-dehydroxy-carnitine,13178
JCR,Drought,0hr,3-deoxy-glycero-galacto-2-nonulosonic acid,21155.333333333332
JCR,Drought,0hr,3-deoxyguanosine,5590
JCR,Drought,0hr,"3-furancarboxylic acid, tetrahydro-4-methylene-2-octyl-5-oxo-",3860.6666666666665
JCR,Drought,0hr,3-hydroxy-1-propanesulfonic acid,2061
JCR,Drought,0hr,3-hydroxy-3-methylglutaric acid,1969.6666666666667
JCR,Drought,0hr,3-hydroxyacetophenone,1974
JCR,Drought,0hr,3-hydroxybenzoic acid,8183.666666666667
JCR,Drought,0hr,3-hydroxybutyric acid,197374.66666666666
JCR,Drought,0hr,3-hydroxyphenylacetic acid,3959.3333333333335
JCR,Drought,0hr,3-hydroxypropionic acid,35439.333333333336
JCR,Drought,0hr,3-hydroxysebacic acid,5939.666666666667
JCR,Drought,0hr,3-isopropylmalic acid,5779.333333333333
JCR,Drought,0hr,3-methyladipic acid,27233.333333333332
JCR,Drought,0hr,3-methylglutaric acid,441.6666666666667
JCR,Drought,0hr,3-oxodeoxycholic acid,685.6666666666667
JCR,Drought,0hr,3-pyridylacetic acid,60027.666666666664
JCR,Drought,0hr,"4,4'-sulfonyl-bis(2-allylphenol)",5811.333333333334
JCR,Drought,0hr,4-acetamido-butanoic acid,720
JCR,Drought,0hr,"4-hydroxy-2,6-tetramethyl-1-piperidine ethanol",7905.333333333333
JCR,Drought,0hr,4-hydroxybenzaldehyde,2834
JCR,Drought,0hr,4-hydroxybenzoic acid,42321
JCR,Drought,0hr,4-hydroxybutyric acid,25344
JCR,Drought,0hr,4-hydroxycinnamic acid,17248.333333333332
JCR,Drought,0hr,4-hydroxyphenylacetic acid,9399.666666666666
JCR,Drought,0hr,4-hydroxyquinoline,5150
JCR,Drought,0hr,4-methylcatechol,1104.3333333333333
JCR,Drought,0hr,4-oxododecanedioic acid,11962.666666666666
JCR,Drought,0hr,5-aminovaleric acid,3469.6666666666665
JCR,Drought,0hr,5-hydroxyectoine,202872.33333333334
JCR,Drought,0hr,5-hydroxymethyl-2-furoic acid,14335
JCR,Drought,0hr,5-methoxysalicylic acid,7413.666666666667
JCR,Drought,0hr,5-methylcytosine,756.6666666666666
JCR,Drought,0hr,6-hydroxynicotinic acid,3668
JCR,Drought,0hr,"9-(2,3-dihydroxypropoxy)-9-oxononanoic acid",1788.6666666666667
JCR,Drought,0hr,9-hydroxydec-2-enoic acid,9433
JCR,Drought,0hr,Ala-Asp,1680.6666666666667
JCR,Drought,0hr,Ala-Thr,2608
JCR,Drought,0hr,Asn-Val,5878.333333333333
JCR,Drought,0hr,Asp Leu,1229.6666666666667
JCR,Drought,0hr,Asp-Val,730.3333333333334
JCR,Drought,0hr,Benzaldehyde-4-carboxylic acid,564.6666666666666
JCR,Drought,0hr,D-erythro-sphingosine,7356.666666666667
JCR,Drought,0hr,DG 18:2_18:2,310.3333333333333
JCR,Drought,0hr,Dopamine,5126.666666666667
JCR,Drought,0hr,Gln-Asp,932
JCR,Drought,0hr,Gln-Glu,1040.6666666666667
JCR,Drought,0hr,Glu-Gln,887.6666666666666
JCR,Drought,0hr,Glu-Leu,1728.3333333333333
JCR,Drought,0hr,Gly Pro,2047.6666666666667
JCR,Drought,0hr,Gly-Asp,825.6666666666666
JCR,Drought,0hr,Gly-Met,1316.6666666666667
JCR,Drought,0hr,Ile-Ala,2897.6666666666665
JCR,Drought,0hr,Ile-Glu,8911
JCR,Drought,0hr,Ile-Pro,3013.3333333333335
JCR,Drought,0hr,L-Methionine,998.6666666666666
JCR,Drought,0hr,MOPS,1152.6666666666667
JCR,Drought,0hr,"N,N,N-trimethyl-5-aminovalerate",19248
JCR,Drought,0hr,"N,N-dimethyl-proline-proline betaine",1961.6666666666667
JCR,Drought,0hr,N-(5-methyl-3-isoxazolyl)benzenesulfonamide,4956.333333333333
JCR,Drought,0hr,N-acetyl-D-galactosamine,99240
JCR,Drought,0hr,N-acetyl-glucosaminitol,1301.6666666666667
JCR,Drought,0hr,N-acetyl-glutamic acid,1446.3333333333333
JCR,Drought,0hr,N-acetyl-lactosamine,1784.6666666666667
JCR,Drought,0hr,N-acetyl-ornithine,2843.6666666666665
JCR,Drought,0hr,N-acetyl-serine,3146
JCR,Drought,0hr,N-acetyl-valine,3458
JCR,Drought,0hr,N-acetylglutamate,418.3333333333333
JCR,Drought,0hr,N-acetylmannosamine,67510.33333333333
JCR,Drought,0hr,N-carbamoylaspartate,771.6666666666666
JCR,Drought,0hr,N-formylanthranilic acid,1739
JCR,Drought,0hr,N-formylpiperidine,1542.3333333333333
JCR,Drought,0hr,N-methylglutamic acid,2702
JCR,Drought,0hr,N-methylproline,10367.333333333334
JCR,Drought,0hr,N6-methyl-2'-deoxyadenosine,520.3333333333334
JCR,Drought,0hr,PE 18:0_18:0,1848
JCR,Drought,0hr,PI 38:6,81.33333333333334
JCR,Drought,0hr,Phe-Glu,1303
JCR,Drought,0hr,Pro-Ile,2336.6666666666665
JCR,Drought,0hr,Pro-Thr,985.3333333333334
JCR,Drought,0hr,Ser-Asp,1045.3333333333333
JCR,Drought,0hr,TMAO,1194
JCR,Drought,0hr,Thr-Leu,1280
JCR,Drought,0hr,Traumatic Acid,6285.666666666667
JCR,Drought,0hr,UDP-N-acetylglucosamine,18805.333333333332
JCR,Drought,0hr,Val Glu Leu,1323.3333333333333
JCR,Drought,0hr,Val-Thr,1260
JCR,Drought,0hr,aconitic acid,527.6666666666666
JCR,Drought,0hr,acylcarnitine 02:0,1590
JCR,Drought,0hr,acylcarnitine 03:0,707.6666666666666
JCR,Drought,0hr,"acylcarnitine 04:0, branched",1695.6666666666667
JCR,Drought,0hr,acylcarnitine 16:0,588.3333333333334
JCR,Drought,0hr,"acylcarnitine, isovaleryl-",905.3333333333334
JCR,Drought,0hr,"acylcarnitine, malonyl-",1466.3333333333333
JCR,Drought,0hr,adenosine,877.3333333333334
JCR,Drought,0hr,adipic acid,24414.333333333332
JCR,Drought,0hr,alanine,617547
JCR,Drought,0hr,alanine betaine,3743.3333333333335
JCR,Drought,0hr,alanine-alanine,3253.333333333333
JCR,Drought,0hr,aleuritic acid,4531
JCR,Drought,0hr,allantoin,19121
JCR,Drought,0hr,alpha-aminoadipic acid,697
JCR,Drought,0hr,alpha-artemisic acid,2555.6666666666665
JCR,Drought,0hr,alpha-ketoglutarate,2204.6666666666665
JCR,Drought,0hr,anthranilic acid,2086
JCR,Drought,0hr,arabitol,33239
JCR,Drought,0hr,arachidic acid,4118
JCR,Drought,0hr,aspartic acid,20099.333333333332
JCR,Drought,0hr,azelaic acid,66562.66666666667
JCR,Drought,0hr,behenic acid,4621.333333333333
JCR,Drought,0hr,"benzenesulfonic acid, decyl-",43882
JCR,Drought,0hr,benzoic acid,154225.66666666666
JCR,Drought,0hr,benzothiazole,5404.666666666667
JCR,Drought,0hr,benzyltriethylammonium,523.6666666666666
JCR,Drought,0hr,benzyltrimethylammonium,524.3333333333334
JCR,Drought,0hr,beta-alanine,10059
JCR,Drought,0hr,beta-gentiobiose,11441
JCR,Drought,0hr,beta-glutamic acid,3293
JCR,Drought,0hr,beta-mannosylglycerate,251826.66666666666
JCR,Drought,0hr,beta-sitosterol,4810.666666666667
JCR,Drought,0hr,beta-sitosteryl sulfate,1619.6666666666667
JCR,Drought,0hr,betaine,2496948
JCR,Drought,0hr,betaine aldehyde,1265.3333333333333
JCR,Drought,0hr,bis-ferulamidobutane,487
JCR,Drought,0hr,"butane-2,3-diol",32606.333333333332
JCR,Drought,0hr,butyraldehyde,669.6666666666666
JCR,Drought,0hr,butyrolactam,27817.666666666668
JCR,Drought,0hr,cadaverine,3350
JCR,Drought,0hr,carnosol,2871
JCR,Drought,0hr,ceanothic acid,1538
JCR,Drought,0hr,cellobiose,6636.333333333333
JCR,Drought,0hr,cerotinic acid,153
JCR,Drought,0hr,"cholan-24-oic acid, 12-hydroxy-3-oxo-",1000
JCR,Drought,0hr,cholesterol,5332
JCR,Drought,0hr,choline,146365.33333333334
JCR,Drought,0hr,cinnamic acid,1413.3333333333333
JCR,Drought,0hr,citramalic acid,5990.333333333333
JCR,Drought,0hr,citric acid,4272
JCR,Drought,0hr,citrulline,13845.333333333334
JCR,Drought,0hr,citrusin VI,1246
JCR,Drought,0hr,conduritol-beta-epoxide,38096.666666666664
JCR,Drought,0hr,creatine,5080.666666666667
JCR,Drought,0hr,creatinine,5213.666666666667
JCR,Drought,0hr,cysteic acid,1737
JCR,Drought,0hr,cysteine S-sulfate,768.6666666666666
JCR,Drought,0hr,cysteine sulfonic acid,93.66666666666666
JCR,Drought,0hr,cytidine,723.5
JCR,Drought,0hr,cytosine,368.3333333333333
JCR,Drought,0hr,dehydroabietic acid,7465
JCR,Drought,0hr,deoxyguanosine,1766.6666666666667
JCR,Drought,0hr,deoxypentitol,20172.666666666668
JCR,Drought,0hr,dihydrocaffeic acid 3-glucuronide,1150
JCR,Drought,0hr,dihydrophaseic acid,3525.6666666666665
JCR,Drought,0hr,dihydroxy-octadecadienoic acid,2483.3333333333335
JCR,Drought,0hr,dihydroxyacetone,7443.333333333333
JCR,Drought,0hr,dimethyldioctadecylammonium,515277
JCR,Drought,0hr,dodecanedioic acid,1992
JCR,Drought,0hr,dodecanol,390
JCR,Drought,0hr,ectoine,106193.33333333333
JCR,Drought,0hr,erythritol,80117.66666666667
JCR,Drought,0hr,erythronic acid lactone,812.6666666666666
JCR,Drought,0hr,erythrose,2111
JCR,Drought,0hr,ethanolamine,233069.66666666666
JCR,Drought,0hr,ferulic acid,3855.1666666666665
JCR,Drought,0hr,ferulic acid 4-sulfate,4017.3333333333335
JCR,Drought,0hr,fructose,125126.5
JCR,Drought,0hr,fucose,27881.666666666668
JCR,Drought,0hr,fumaric acid,62730.33333333333
JCR,Drought,0hr,furfurylmethylamine,78.66666666666667
JCR,Drought,0hr,galactinol,120616.66666666667
JCR,Drought,0hr,galacto-N-biose,970.6666666666666
JCR,Drought,0hr,galactose,108330
JCR,Drought,0hr,galacturonic acid,47675.333333333336
JCR,Drought,0hr,gamma-aminobutyric acid,12556
JCR,Drought,0hr,glucoheptose,3806.6666666666665
JCR,Drought,0hr,glucoheptulose,5136
JCR,Drought,0hr,gluconic acid,76337.16666666667
JCR,Drought,0hr,gluconic acid lactone,3182
JCR,Drought,0hr,glucose,283180
JCR,Drought,0hr,glutamic acid,67546.16666666666
JCR,Drought,0hr,glutamine,1201.3333333333333
JCR,Drought,0hr,glutamyl-valine,434.6666666666667
JCR,Drought,0hr,glutaric acid,4773.333333333333
JCR,Drought,0hr,glyceric acid,262277.3333333333
JCR,Drought,0hr,glycerol,429613
JCR,Drought,0hr,glycerol-3-galactoside,52189.333333333336
JCR,Drought,0hr,glycerol-alpha-phosphate,744.3333333333334
JCR,Drought,0hr,glycine,173664
JCR,Drought,0hr,glycolic acid,318601.3333333333
JCR,Drought,0hr,glycyl proline,9974.666666666666
JCR,Drought,0hr,guanine,13697.333333333334
JCR,Drought,0hr,guanosine,3677
JCR,Drought,0hr,heptadecanoic acid,4993.666666666667
JCR,Drought,0hr,hexadecanedioic acid,17901.333333333332
JCR,Drought,0hr,histidine,1067.3333333333333
JCR,Drought,0hr,homarine,14582.666666666666
JCR,Drought,0hr,homocitrulline,1349
JCR,Drought,0hr,homoserine,3536.3333333333335
JCR,Drought,0hr,homostachydrine,327966
JCR,Drought,0hr,homovanillic acid,7312
JCR,Drought,0hr,hypoxanthine,16033.833333333334
JCR,Drought,0hr,indigotin,428.6666666666667
JCR,Drought,0hr,indole-3-acetate,1517.6666666666667
JCR,Drought,0hr,indole-3-acetyl-glutamine,639.6666666666666
JCR,Drought,0hr,indole-3-lactate,394
JCR,Drought,0hr,indole-6-carboxaldehyde,2381.6666666666665
JCR,Drought,0hr,inosine,7698.666666666667
JCR,Drought,0hr,inositol,4463.666666666667
JCR,Drought,0hr,inositol-4-monophosphate,5243.666666666667
JCR,Drought,0hr,isobutylamine,6071
JCR,Drought,0hr,isoleucine,222584.5
JCR,Drought,0hr,isomaltose,17908.333333333332
JCR,Drought,0hr,isothreonic acid,78051.66666666667
JCR,Drought,0hr,ketoisoleucine,4505.666666666667
JCR,Drought,0hr,lactic acid,61083.33333333333
JCR,Drought,0hr,lactobionic acid,34994.666666666664
JCR,Drought,0hr,lactose,157055
JCR,Drought,0hr,lactulose,6466.333333333333
JCR,Drought,0hr,laurdan,2827
JCR,Drought,0hr,leucine,353192
JCR,Drought,0hr,leucrose,5489.333333333333
JCR,Drought,0hr,levoglucosan,4251
JCR,Drought,0hr,lignoceric acid,929.3333333333334
JCR,Drought,0hr,linoleic acid,901.3333333333334
JCR,Drought,0hr,linolenic acid,249
JCR,Drought,0hr,lysine,2396
JCR,Drought,0hr,lyxitol,906487.3333333334
JCR,Drought,0hr,lyxose,130114.33333333333
JCR,Drought,0hr,malic acid,16575.666666666668
JCR,Drought,0hr,malonamide,356.6666666666667
JCR,Drought,0hr,malonic acid,217.66666666666666
JCR,Drought,0hr,maltitol,11853.333333333334
JCR,Drought,0hr,maltose,17892.333333333332
JCR,Drought,0hr,maltotetraose,26472.333333333332
JCR,Drought,0hr,maltotriitol,111439
JCR,Drought,0hr,maltotriose,6121
JCR,Drought,0hr,mandelic acid,9554.666666666666
JCR,Drought,0hr,mannitol,206625.8333333333
JCR,Drought,0hr,mannoheptulose,6532.333333333333
JCR,Drought,0hr,mannonic acid,9749
JCR,Drought,0hr,mannose-6-phosphate,40.666666666666664
JCR,Drought,0hr,mannuronic acid,29858
JCR,Drought,0hr,methanolphosphate,624.3333333333334
JCR,Drought,0hr,methionine,9563.333333333334
JCR,Drought,0hr,methionine sulfoxide,8985
JCR,Drought,0hr,methyl lactoside,727.6666666666666
JCR,Drought,0hr,methyl violet B,2085.3333333333335
JCR,Drought,0hr,methyl-4-hydroxybenzoate,5792
JCR,Drought,0hr,methylmaleic acid,2014.3333333333333
JCR,Drought,0hr,mevalonic acid,1395.3333333333333
JCR,Drought,0hr,montanic acid,870.6666666666666
JCR,Drought,0hr,myo-inositol,335054
JCR,Drought,0hr,myristic acid,1630
JCR,Drought,0hr,neohesperidose,1602.6666666666667
JCR,Drought,0hr,neomycin B,6761
JCR,Drought,0hr,nicotinic acid,18909.666666666668
JCR,Drought,0hr,nonadecanoic acid,7357.666666666667
JCR,Drought,0hr,norgestrel,6925.333333333333
JCR,Drought,0hr,o-toluic acid,1346.6666666666667
JCR,Drought,0hr,"octadecanoic acid, 9,10,18-trihydroxy-",8304.333333333334
JCR,Drought,0hr,octadecanol,204
JCR,Drought,0hr,oleic acid,713
JCR,Drought,0hr,ornithine,25711.666666666668
JCR,Drought,0hr,orotic acid,3091.166666666667
JCR,Drought,0hr,oxoproline,854169
JCR,Drought,0hr,p-cresol glucuronide,4550.333333333333
JCR,Drought,0hr,p-cresol sulfate,182093.33333333334
JCR,Drought,0hr,palatinitol,66012
JCR,Drought,0hr,palmitoleic acid,179.33333333333334
JCR,Drought,0hr,panose,2631.3333333333335
JCR,Drought,0hr,pantothenic acid,3585
JCR,Drought,0hr,parabanic acid,7183.666666666667
JCR,Drought,0hr,"pentaerythritol, cyclic phosphate",1254.3333333333333
JCR,Drought,0hr,pentamethylene bisacetamide,1737
JCR,Drought,0hr,pentitol,3933.3333333333335
JCR,Drought,0hr,perfluoroheptanoic acid,659.3333333333334
JCR,Drought,0hr,perseitol,6776.666666666667
JCR,Drought,0hr,phenol,4119
JCR,Drought,0hr,phenyl sulfate,2838
JCR,Drought,0hr,phenylacetic acid,13625.333333333334
JCR,Drought,0hr,phenylalanine,43183.166666666664
JCR,Drought,0hr,phenylethylamine,4368
JCR,Drought,0hr,phenylpyruvate,2530
JCR,Drought,0hr,phosphate,54940.666666666664
JCR,Drought,0hr,pimelic acid,14007
JCR,Drought,0hr,pinitol,27136
JCR,Drought,0hr,pipecolinic acid,571.6666666666666
JCR,Drought,0hr,proline,34012
JCR,Drought,0hr,proline betaine,966441
JCR,Drought,0hr,propyleneglycol,5470
JCR,Drought,0hr,pseudo-uridine,11174.333333333334
JCR,Drought,0hr,pseudouridine,5862
JCR,Drought,0hr,pyroGlu-Val,950.3333333333334
JCR,Drought,0hr,pyroglutamic acid,3241
JCR,Drought,0hr,pyrrole-2-carboxylic acid,2928
JCR,Drought,0hr,quinic acid,73467.66666666667
JCR,Drought,0hr,"quinoline-2,8-diol",1246.6666666666667
JCR,Drought,0hr,quinolinic acid,644.6666666666666
JCR,Drought,0hr,raffinose,3463.1666666666665
JCR,Drought,0hr,ribonic acid,163447
JCR,Drought,0hr,ribose,238945.33333333334
JCR,Drought,0hr,ribulose,43556
JCR,Drought,0hr,ritalinic acid,2829.3333333333335
JCR,Drought,0hr,salicyl alcohol,1553.3333333333333
JCR,Drought,0hr,salicylaldehyde,36401.333333333336
JCR,Drought,0hr,salicylic acid,7607.666666666667
JCR,Drought,0hr,salicyluric acid,1776.3333333333333
JCR,Drought,0hr,sebacic acid,27565
JCR,Drought,0hr,serine,165229.66666666666
JCR,Drought,0hr,shikimic acid,31436
JCR,Drought,0hr,sinigrin,637
JCR,Drought,0hr,sophorose,108990.66666666667
JCR,Drought,0hr,sorbitol,670853
JCR,Drought,0hr,stearic acid,178077.66666666666
JCR,Drought,0hr,stigmasterol,43.666666666666664
JCR,Drought,0hr,suberic acid,16060.5
JCR,Drought,0hr,succinate semialdehyde,4684.666666666667
JCR,Drought,0hr,succinic acid,14761.833333333334
JCR,Drought,0hr,sucrose,86380.83333333333
JCR,Drought,0hr,sulfoacetic acid,33025
JCR,Drought,0hr,syringa-resinol,1982
JCR,Drought,0hr,tagatose,70698
JCR,Drought,0hr,terephthalic acid,5857.666666666667
JCR,Drought,0hr,tetracosane,2527.3333333333335
JCR,Drought,0hr,tetradecane-7-sulfonic acid,1983.3333333333333
JCR,Drought,0hr,tetradecanedioic acid,7703.333333333333
JCR,Drought,0hr,"tetradecanedioic acid, 5,6-dihydroxy-",1055.6666666666667
JCR,Drought,0hr,tetramethyl-4-piperidone,2369.6666666666665
JCR,Drought,0hr,threitol,34494
JCR,Drought,0hr,threonic acid,27304.666666666668
JCR,Drought,0hr,threonine,29420.833333333336
JCR,Drought,0hr,threose,597
JCR,Drought,0hr,thymidine,66704.66666666667
JCR,Drought,0hr,thymine,29940.333333333332
JCR,Drought,0hr,trans-4-hydroxyproline,1581.6666666666667
JCR,Drought,0hr,trehalose,767525.6666666666
JCR,Drought,0hr,trehalose-6-phosphate,460
JCR,Drought,0hr,trimethylamine,5725.666666666667
JCR,Drought,0hr,tryptophan,6734.333333333333
JCR,Drought,0hr,tyramine,16046
JCR,Drought,0hr,tyrosine,85940.5
JCR,Drought,0hr,undecanedioic acid,25093
JCR,Drought,0hr,uracil,42323.333333333336
JCR,Drought,0hr,urea,8948.333333333334
JCR,Drought,0hr,uric acid,19601.333333333336
JCR,Drought,0hr,uridine,8215.333333333334
JCR,Drought,0hr,urocanic acid,1033.3333333333333
JCR,Drought,0hr,valine,335027
JCR,Drought,0hr,valine betaine,1736.6666666666667
JCR,Drought,0hr,vanillic acid,61326.666666666664
JCR,Drought,0hr,xanthine,37428.16666666667
JCR,Drought,0hr,xanthosine,388.6666666666667
JCR,Drought,0hr,xanthurenic acid,1570
JCR,Drought,0hr,xylitol,92856.66666666667
JCR,Drought,0hr,xylose,1726679
JCR,Drought,0hr,xylulose,58580.666666666664
JCR,Drought,0hr,NA,16448.07700976695
JCR,Drought,24hr,(carbomethoxymethylene)-triphenylphosphorane,454.3333333333333
JCR,Drought,24hr,"1,2,4-benzenetriol",1721.6666666666667
JCR,Drought,24hr,"1,6-anhydro-glucose",504.6666666666667
JCR,Drought,24hr,"1,6-diisopropylnaphthalene",823.6666666666666
JCR,Drought,24hr,"1,7-bis(3,4-dihydroxyphenyl)-6-hydroxyheptan-3-one",1503
JCR,Drought,24hr,1-(2-hydroxyethylamino)-2-propanol,3378.3333333333335
JCR,Drought,24hr,1-kestose,8034.666666666666
JCR,Drought,24hr,1-methyladenosine,1274.6666666666667
JCR,Drought,24hr,1-methylguanidine,1230.3333333333333
JCR,Drought,24hr,1-monopalmitin,174.66666666666666
JCR,Drought,24hr,1-octanesulfonic acid,2292.6666666666665
JCR,Drought,24hr,"12,13-DiHOME",11112
JCR,Drought,24hr,"12-hydroxy-4-methyl-octahydro-3-benzoxecine-2,9-dione",2455.3333333333335
JCR,Drought,24hr,2'-deoxy-2'-fluoro-2'-methyluridine,3217.3333333333335
JCR,Drought,24hr,2'-deoxyadenosine,453.3333333333333
JCR,Drought,24hr,2'-deoxycytidine,9104.666666666666
JCR,Drought,24hr,2'-deoxyguanosine,53185.333333333336
JCR,Drought,24hr,2'-deoxyinosine,34958
JCR,Drought,24hr,2'-fucosyllactose,796.3333333333334
JCR,Drought,24hr,"2,3-diaminopropionic acid",3159.3333333333335
JCR,Drought,24hr,"2,3-dihydroxybenzenepropanoic acid",6347.333333333333
JCR,Drought,24hr,"2,3-dihydroxypyridine",1797.6666666666667
JCR,Drought,24hr,"2,4-dihydroxybutanoic acid",581
JCR,Drought,24hr,"2,4-dinitrophenol",4737.666666666667
JCR,Drought,24hr,"2,4-hexadienedioic acid",312
JCR,Drought,24hr,"2,6-diaminopimelic acid",387.6666666666667
JCR,Drought,24hr,2-(5-methylpyrazol-1-yl)propanoic acid,2178
JCR,Drought,24hr,2-Deoxyinosine,47993.333333333336
JCR,Drought,24hr,2-amino-5-methoxyphenol,945.6666666666666
JCR,Drought,24hr,2-benzothiazolesulfonic acid,3225.6666666666665
JCR,Drought,24hr,2-deoxyadenosine,1459.3333333333333
JCR,Drought,24hr,2-deoxyerythritol,20575
JCR,Drought,24hr,2-deoxytetronic acid,13124.666666666666
JCR,Drought,24hr,2-hydroxy-5-methylbenzoic acid,1359.6666666666667
JCR,Drought,24hr,2-hydroxybenzoic acid-6-pentadecatriene,9842.666666666666
JCR,Drought,24hr,2-hydroxybutanoic acid,13426.666666666666
JCR,Drought,24hr,2-hydroxyglutaric acid,11826
JCR,Drought,24hr,2-hydroxyisocaproic acid,5547.333333333333
JCR,Drought,24hr,2-hydroxyisovaleric acid,16388.666666666668
JCR,Drought,24hr,2-hydroxyoctanoic acid,2334
JCR,Drought,24hr,2-hydroxyphenethylamine,5673.666666666667
JCR,Drought,24hr,2-hydroxyvaleric acid,34266.666666666664
JCR,Drought,24hr,2-isopropylmalic acid,1647.3333333333333
JCR,Drought,24hr,2-keto-3-deoxygluconic acid,1348.6666666666667
JCR,Drought,24hr,2-ketoadipic acid,44931.666666666664
JCR,Drought,24hr,2-ketobutyric acid,3064.6666666666665
JCR,Drought,24hr,2-ketoisocaproic acid,31419.333333333332
JCR,Drought,24hr,2-ketoisovaleric acid,10007.666666666666
JCR,Drought,24hr,2-ketomethionine,588.6666666666666
JCR,Drought,24hr,2-methoxyphenol sulfate,2817.6666666666665
JCR,Drought,24hr,2-methyl-1-pyrroline,1465
JCR,Drought,24hr,2-methylglyceric acid,8698.333333333334
JCR,Drought,24hr,2-oct-7-enylpentanedioic acid,4369
JCR,Drought,24hr,2-oxindole-3-acetate,1021.6666666666666
JCR,Drought,24hr,2-picolinic acid,1003
JCR,Drought,24hr,2-pyrrolidinone,1002.6666666666666
JCR,Drought,24hr,"3,4-dihydroxybenzoic acid",16218.333333333334
JCR,Drought,24hr,"3,4-dihydroxycinnamic acid",2119
JCR,Drought,24hr,"3,6-anhydro-D-galactose",1709
JCR,Drought,24hr,"3,8-dihydroxy-8-(hydroxymethyl)-4,4,11b-trimethyldodecahydro-6a,9-methanocyclohepta[a]naphthalene-2,6-dione",6647
JCR,Drought,24hr,3-(3-hydroxyphenyl)-3-hydroxypropionic acid,2425.6666666666665
JCR,Drought,24hr,3-(3-hydroxyphenyl)propionic acid,3082.6666666666665
JCR,Drought,24hr,3-(4-hydroxyphenyl)propionic acid,24225
JCR,Drought,24hr,3-acetyl-5-methyloxolan-2-one,633
JCR,Drought,24hr,3-amino-1-propanol,446.6666666666667
JCR,Drought,24hr,3-aminoisobutyric acid,21805.666666666668
JCR,Drought,24hr,3-dehydroshikimic acid,3611.6666666666665
JCR,Drought,24hr,3-dehydroxy-carnitine,17197.666666666668
JCR,Drought,24hr,3-deoxy-glycero-galacto-2-nonulosonic acid,8346
JCR,Drought,24hr,3-deoxyguanosine,12462
JCR,Drought,24hr,"3-furancarboxylic acid, tetrahydro-4-methylene-2-octyl-5-oxo-",5403
JCR,Drought,24hr,3-hydroxy-1-propanesulfonic acid,2006
JCR,Drought,24hr,3-hydroxy-3-methylglutaric acid,2464.3333333333335
JCR,Drought,24hr,3-hydroxyacetophenone,2244.3333333333335
JCR,Drought,24hr,3-hydroxybenzoic acid,6038.333333333333
JCR,Drought,24hr,3-hydroxybutyric acid,464990.3333333333
JCR,Drought,24hr,3-hydroxyphenylacetic acid,2192.3333333333335
JCR,Drought,24hr,3-hydroxypropionic acid,23412.333333333332
JCR,Drought,24hr,3-hydroxysebacic acid,8383
JCR,Drought,24hr,3-isopropylmalic acid,5611.333333333333
JCR,Drought,24hr,3-methyladipic acid,27121.333333333332
JCR,Drought,24hr,3-methylglutaric acid,498
JCR,Drought,24hr,3-oxodeoxycholic acid,280.6666666666667
JCR,Drought,24hr,3-pyridylacetic acid,41864
JCR,Drought,24hr,"4,4'-sulfonyl-bis(2-allylphenol)",22158
JCR,Drought,24hr,4-acetamido-butanoic acid,2617
JCR,Drought,24hr,"4-hydroxy-2,6-tetramethyl-1-piperidine ethanol",10685.333333333334
JCR,Drought,24hr,4-hydroxybenzaldehyde,5539
JCR,Drought,24hr,4-hydroxybenzoic acid,17030
JCR,Drought,24hr,4-hydroxybutyric acid,56442.666666666664
JCR,Drought,24hr,4-hydroxycinnamic acid,26058.333333333336
JCR,Drought,24hr,4-hydroxyphenylacetic acid,12332.333333333334
JCR,Drought,24hr,4-hydroxyquinoline,2995.6666666666665
JCR,Drought,24hr,4-methylcatechol,875.6666666666666
JCR,Drought,24hr,4-oxododecanedioic acid,10923
JCR,Drought,24hr,5-aminovaleric acid,324534.6666666667
JCR,Drought,24hr,5-hydroxyectoine,112904
JCR,Drought,24hr,5-hydroxymethyl-2-furoic acid,13448.333333333334
JCR,Drought,24hr,5-methoxysalicylic acid,3655.6666666666665
JCR,Drought,24hr,5-methylcytosine,1444.6666666666667
JCR,Drought,24hr,6-hydroxynicotinic acid,7194
JCR,Drought,24hr,"9-(2,3-dihydroxypropoxy)-9-oxononanoic acid",692.6666666666666
JCR,Drought,24hr,9-hydroxydec-2-enoic acid,12050.666666666666
JCR,Drought,24hr,Ala-Asp,932.6666666666666
JCR,Drought,24hr,Ala-Thr,908.3333333333334
JCR,Drought,24hr,Asn-Val,556.6666666666666
JCR,Drought,24hr,Asp Leu,1315
JCR,Drought,24hr,Asp-Val,952.3333333333334
JCR,Drought,24hr,Benzaldehyde-4-carboxylic acid,784.3333333333334
JCR,Drought,24hr,D-erythro-sphingosine,6788.333333333333
JCR,Drought,24hr,DG 18:2_18:2,1109
JCR,Drought,24hr,Dopamine,3153
JCR,Drought,24hr,Gln-Asp,625.6666666666666
JCR,Drought,24hr,Gln-Glu,662.6666666666666
JCR,Drought,24hr,Glu-Gln,59.333333333333336
JCR,Drought,24hr,Glu-Leu,542
JCR,Drought,24hr,Gly Pro,996.6666666666666
JCR,Drought,24hr,Gly-Asp,591.3333333333334
JCR,Drought,24hr,Gly-Met,605.3333333333334
JCR,Drought,24hr,Ile-Ala,602.6666666666666
JCR,Drought,24hr,Ile-Glu,2222.3333333333335
JCR,Drought,24hr,Ile-Pro,1814.3333333333333
JCR,Drought,24hr,L-Methionine,773.3333333333334
JCR,Drought,24hr,MOPS,189.66666666666666
JCR,Drought,24hr,"N,N,N-trimethyl-5-aminovalerate",19264
JCR,Drought,24hr,"N,N-dimethyl-proline-proline betaine",1551
JCR,Drought,24hr,N-(5-methyl-3-isoxazolyl)benzenesulfonamide,4125.666666666667
JCR,Drought,24hr,N-acetyl-D-galactosamine,17613
JCR,Drought,24hr,N-acetyl-glucosaminitol,1324
JCR,Drought,24hr,N-acetyl-glutamic acid,991.3333333333334
JCR,Drought,24hr,N-acetyl-lactosamine,1199
JCR,Drought,24hr,N-acetyl-ornithine,2330.3333333333335
JCR,Drought,24hr,N-acetyl-serine,2155.6666666666665
JCR,Drought,24hr,N-acetyl-valine,3039.6666666666665
JCR,Drought,24hr,N-acetylglutamate,663.6666666666666
JCR,Drought,24hr,N-acetylmannosamine,12239
JCR,Drought,24hr,N-carbamoylaspartate,2390.6666666666665
JCR,Drought,24hr,N-formylanthranilic acid,857
JCR,Drought,24hr,N-formylpiperidine,1009.3333333333334
JCR,Drought,24hr,N-methylglutamic acid,7296.666666666667
JCR,Drought,24hr,N-methylproline,7705
JCR,Drought,24hr,N6-methyl-2'-deoxyadenosine,926.6666666666666
JCR,Drought,24hr,PE 18:0_18:0,782
JCR,Drought,24hr,PI 38:6,26.333333333333332
JCR,Drought,24hr,Phe-Glu,185
JCR,Drought,24hr,Pro-Ile,708.3333333333334
JCR,Drought,24hr,Pro-Thr,339.6666666666667
JCR,Drought,24hr,Ser-Asp,696
JCR,Drought,24hr,TMAO,151
JCR,Drought,24hr,Thr-Leu,254.33333333333334
JCR,Drought,24hr,Traumatic Acid,5017.333333333333
JCR,Drought,24hr,UDP-N-acetylglucosamine,3975.3333333333335
JCR,Drought,24hr,Val Glu Leu,1233.6666666666667
JCR,Drought,24hr,Val-Thr,352.6666666666667
JCR,Drought,24hr,aconitic acid,182.66666666666666
JCR,Drought,24hr,acylcarnitine 02:0,1424.3333333333333
JCR,Drought,24hr,acylcarnitine 03:0,840.3333333333334
JCR,Drought,24hr,"acylcarnitine 04:0, branched",3109
JCR,Drought,24hr,acylcarnitine 16:0,715.6666666666666
JCR,Drought,24hr,"acylcarnitine, isovaleryl-",1608.3333333333333
JCR,Drought,24hr,"acylcarnitine, malonyl-",163.66666666666666
JCR,Drought,24hr,adenosine,718
JCR,Drought,24hr,adipic acid,35777
JCR,Drought,24hr,alanine,553005.6666666666
JCR,Drought,24hr,alanine betaine,3783
JCR,Drought,24hr,alanine-alanine,2575
JCR,Drought,24hr,aleuritic acid,3040
JCR,Drought,24hr,allantoin,1538
JCR,Drought,24hr,alpha-aminoadipic acid,2851
JCR,Drought,24hr,alpha-artemisic acid,1770.6666666666667
JCR,Drought,24hr,alpha-ketoglutarate,4607.666666666667
JCR,Drought,24hr,anthranilic acid,3235.3333333333335
JCR,Drought,24hr,arabitol,9086.666666666666
JCR,Drought,24hr,arachidic acid,10962
JCR,Drought,24hr,aspartic acid,81650.33333333333
JCR,Drought,24hr,azelaic acid,48384.666666666664
JCR,Drought,24hr,behenic acid,8051
JCR,Drought,24hr,"benzenesulfonic acid, decyl-",69565.66666666667
JCR,Drought,24hr,benzoic acid,111396
JCR,Drought,24hr,benzothiazole,19627
JCR,Drought,24hr,benzyltriethylammonium,857.6666666666666
JCR,Drought,24hr,benzyltrimethylammonium,959.6666666666666
JCR,Drought,24hr,beta-alanine,49864.666666666664
JCR,Drought,24hr,beta-gentiobiose,3639.3333333333335
JCR,Drought,24hr,beta-glutamic acid,1424.3333333333333
JCR,Drought,24hr,beta-mannosylglycerate,135427.66666666666
JCR,Drought,24hr,beta-sitosterol,12424
JCR,Drought,24hr,beta-sitosteryl sulfate,1801
JCR,Drought,24hr,betaine,2038671.3333333333
JCR,Drought,24hr,betaine aldehyde,434.6666666666667
JCR,Drought,24hr,bis-ferulamidobutane,503
JCR,Drought,24hr,"butane-2,3-diol",36769.333333333336
JCR,Drought,24hr,butyraldehyde,1088.3333333333333
JCR,Drought,24hr,butyrolactam,31201
JCR,Drought,24hr,cadaverine,3348.6666666666665
JCR,Drought,24hr,carnosol,4129
JCR,Drought,24hr,ceanothic acid,1475
JCR,Drought,24hr,cellobiose,2946
JCR,Drought,24hr,cerotinic acid,669
JCR,Drought,24hr,"cholan-24-oic acid, 12-hydroxy-3-oxo-",782.6666666666666
JCR,Drought,24hr,cholesterol,1095
JCR,Drought,24hr,choline,48687
JCR,Drought,24hr,cinnamic acid,1076
JCR,Drought,24hr,citramalic acid,7940.666666666667
JCR,Drought,24hr,citric acid,2109.3333333333335
JCR,Drought,24hr,citrulline,9628.666666666666
JCR,Drought,24hr,citrusin VI,418
JCR,Drought,24hr,conduritol-beta-epoxide,65793.33333333333
JCR,Drought,24hr,creatine,2460
JCR,Drought,24hr,creatinine,9673
JCR,Drought,24hr,cysteic acid,2943
JCR,Drought,24hr,cysteine S-sulfate,817.6666666666666
JCR,Drought,24hr,cysteine sulfonic acid,160
JCR,Drought,24hr,cytidine,1381.3333333333333
JCR,Drought,24hr,cytosine,3094
JCR,Drought,24hr,dehydroabietic acid,6143.666666666667
JCR,Drought,24hr,deoxyguanosine,3073.6666666666665
JCR,Drought,24hr,deoxypentitol,18600.333333333332
JCR,Drought,24hr,dihydrocaffeic acid 3-glucuronide,996.3333333333334
JCR,Drought,24hr,dihydrophaseic acid,3550.3333333333335
JCR,Drought,24hr,dihydroxy-octadecadienoic acid,1231
JCR,Drought,24hr,dihydroxyacetone,28571.333333333332
JCR,Drought,24hr,dimethyldioctadecylammonium,925039
JCR,Drought,24hr,dodecanedioic acid,1825.6666666666667
JCR,Drought,24hr,dodecanol,1036.3333333333333
JCR,Drought,24hr,ectoine,34369.333333333336
JCR,Drought,24hr,erythritol,54870
JCR,Drought,24hr,erythronic acid lactone,498.6666666666667
JCR,Drought,24hr,erythrose,2083.6666666666665
JCR,Drought,24hr,ethanolamine,163701.66666666666
JCR,Drought,24hr,ferulic acid,2743.3333333333335
JCR,Drought,24hr,ferulic acid 4-sulfate,1558
JCR,Drought,24hr,fructose,44902.33333333333
JCR,Drought,24hr,fucose,13994.666666666666
JCR,Drought,24hr,fumaric acid,15766
JCR,Drought,24hr,furfurylmethylamine,178.66666666666666
JCR,Drought,24hr,galactinol,46749
JCR,Drought,24hr,galacto-N-biose,565.6666666666666
JCR,Drought,24hr,galactose,45180.666666666664
JCR,Drought,24hr,galacturonic acid,6695.666666666667
JCR,Drought,24hr,gamma-aminobutyric acid,13473.666666666666
JCR,Drought,24hr,glucoheptose,7544
JCR,Drought,24hr,glucoheptulose,3878.6666666666665
JCR,Drought,24hr,gluconic acid,13664.833333333332
JCR,Drought,24hr,gluconic acid lactone,1664
JCR,Drought,24hr,glucose,239172.5
JCR,Drought,24hr,glutamic acid,451949.8333333334
JCR,Drought,24hr,glutamine,193.33333333333334
JCR,Drought,24hr,glutamyl-valine,1958.6666666666667
JCR,Drought,24hr,glutaric acid,6859
JCR,Drought,24hr,glyceric acid,37167.333333333336
JCR,Drought,24hr,glycerol,145190.33333333334
JCR,Drought,24hr,glycerol-3-galactoside,18494.333333333332
JCR,Drought,24hr,glycerol-alpha-phosphate,4405.333333333333
JCR,Drought,24hr,glycine,170540
JCR,Drought,24hr,glycolic acid,37473
JCR,Drought,24hr,glycyl proline,7598.666666666667
JCR,Drought,24hr,guanine,19621.666666666668
JCR,Drought,24hr,guanosine,17567.5
JCR,Drought,24hr,heptadecanoic acid,8606.666666666666
JCR,Drought,24hr,hexadecanedioic acid,6373.666666666667
JCR,Drought,24hr,histidine,2325.3333333333335
JCR,Drought,24hr,homarine,8309
JCR,Drought,24hr,homocitrulline,943.3333333333334
JCR,Drought,24hr,homoserine,8491
JCR,Drought,24hr,homostachydrine,288144.3333333333
JCR,Drought,24hr,homovanillic acid,4204.666666666667
JCR,Drought,24hr,hypoxanthine,51599.833333333336
JCR,Drought,24hr,indigotin,348
JCR,Drought,24hr,indole-3-acetate,6553.333333333333
JCR,Drought,24hr,indole-3-acetyl-glutamine,844.3333333333334
JCR,Drought,24hr,indole-3-lactate,1160.3333333333333
JCR,Drought,24hr,indole-6-carboxaldehyde,2910.6666666666665
JCR,Drought,24hr,inosine,18676.833333333332
JCR,Drought,24hr,inositol,2218
JCR,Drought,24hr,inositol-4-monophosphate,856.6666666666666
JCR,Drought,24hr,isobutylamine,9237.333333333334
JCR,Drought,24hr,isoleucine,224166.3333333333
JCR,Drought,24hr,isomaltose,13770
JCR,Drought,24hr,isothreonic acid,20157.666666666668
JCR,Drought,24hr,ketoisoleucine,7976
JCR,Drought,24hr,lactic acid,104210.33333333333
JCR,Drought,24hr,lactobionic acid,26315
JCR,Drought,24hr,lactose,80852.66666666667
JCR,Drought,24hr,lactulose,3343.6666666666665
JCR,Drought,24hr,laurdan,5898.666666666667
JCR,Drought,24hr,leucine,360136.1666666667
JCR,Drought,24hr,leucrose,1367
JCR,Drought,24hr,levoglucosan,3346.1666666666665
JCR,Drought,24hr,lignoceric acid,2057.6666666666665
JCR,Drought,24hr,linoleic acid,3451
JCR,Drought,24hr,linolenic acid,91.66666666666667
JCR,Drought,24hr,lysine,3475.6666666666665
JCR,Drought,24hr,lyxitol,522482.6666666667
JCR,Drought,24hr,lyxose,49632.666666666664
JCR,Drought,24hr,malic acid,4116
JCR,Drought,24hr,malonamide,841.6666666666666
JCR,Drought,24hr,malonic acid,1022.3333333333334
JCR,Drought,24hr,maltitol,8201.666666666666
JCR,Drought,24hr,maltose,9041.666666666666
JCR,Drought,24hr,maltotetraose,3494.6666666666665
JCR,Drought,24hr,maltotriitol,33284.666666666664
JCR,Drought,24hr,maltotriose,9982
JCR,Drought,24hr,mandelic acid,9808.666666666666
JCR,Drought,24hr,mannitol,396334.8333333333
JCR,Drought,24hr,mannoheptulose,2673
JCR,Drought,24hr,mannonic acid,2821.3333333333335
JCR,Drought,24hr,mannose-6-phosphate,65
JCR,Drought,24hr,mannuronic acid,6695.666666666667
JCR,Drought,24hr,methanolphosphate,1626
JCR,Drought,24hr,methionine,24280
JCR,Drought,24hr,methionine sulfoxide,11064
JCR,Drought,24hr,methyl lactoside,692.6666666666666
JCR,Drought,24hr,methyl violet B,2080
JCR,Drought,24hr,methyl-4-hydroxybenzoate,5278
JCR,Drought,24hr,methylmaleic acid,1616.3333333333333
JCR,Drought,24hr,mevalonic acid,4316.666666666667
JCR,Drought,24hr,montanic acid,2483
JCR,Drought,24hr,myo-inositol,207991
JCR,Drought,24hr,myristic acid,2925.3333333333335
JCR,Drought,24hr,neohesperidose,908
JCR,Drought,24hr,neomycin B,256.6666666666667
JCR,Drought,24hr,nicotinic acid,24702.666666666668
JCR,Drought,24hr,nonadecanoic acid,2661
JCR,Drought,24hr,norgestrel,13327
JCR,Drought,24hr,o-toluic acid,1921.6666666666667
JCR,Drought,24hr,"octadecanoic acid, 9,10,18-trihydroxy-",3180.6666666666665
JCR,Drought,24hr,octadecanol,435.6666666666667
JCR,Drought,24hr,oleic acid,3134
JCR,Drought,24hr,ornithine,46632.666666666664
JCR,Drought,24hr,orotic acid,983.8333333333333
JCR,Drought,24hr,oxoproline,1012398
JCR,Drought,24hr,p-cresol glucuronide,513.6666666666666
JCR,Drought,24hr,p-cresol sulfate,2961.3333333333335
JCR,Drought,24hr,palatinitol,51568.333333333336
JCR,Drought,24hr,palmitoleic acid,474.6666666666667
JCR,Drought,24hr,panose,1289
JCR,Drought,24hr,pantothenic acid,6330.333333333333
JCR,Drought,24hr,parabanic acid,22323.333333333332
JCR,Drought,24hr,"pentaerythritol, cyclic phosphate",1631.6666666666667
JCR,Drought,24hr,pentamethylene bisacetamide,469.3333333333333
JCR,Drought,24hr,pentitol,2103
JCR,Drought,24hr,perfluoroheptanoic acid,561.3333333333334
JCR,Drought,24hr,perseitol,8816.333333333334
JCR,Drought,24hr,phenol,5607.333333333333
JCR,Drought,24hr,phenyl sulfate,818.6666666666666
JCR,Drought,24hr,phenylacetic acid,48421
JCR,Drought,24hr,phenylalanine,113423.5
JCR,Drought,24hr,phenylethylamine,4021.6666666666665
JCR,Drought,24hr,phenylpyruvate,5642.666666666667
JCR,Drought,24hr,phosphate,108407.16666666667
JCR,Drought,24hr,pimelic acid,27786
JCR,Drought,24hr,pinitol,3822.6666666666665
JCR,Drought,24hr,pipecolinic acid,1692
JCR,Drought,24hr,proline,51594.333333333336
JCR,Drought,24hr,proline betaine,915768.3333333334
JCR,Drought,24hr,propyleneglycol,61091.333333333336
JCR,Drought,24hr,pseudo-uridine,13110.666666666666
JCR,Drought,24hr,pseudouridine,5278
JCR,Drought,24hr,pyroGlu-Val,998.3333333333334
JCR,Drought,24hr,pyroglutamic acid,1853.6666666666667
JCR,Drought,24hr,pyrrole-2-carboxylic acid,2524.3333333333335
JCR,Drought,24hr,quinic acid,5434.666666666667
JCR,Drought,24hr,"quinoline-2,8-diol",1009
JCR,Drought,24hr,quinolinic acid,659.6666666666666
JCR,Drought,24hr,raffinose,4407
JCR,Drought,24hr,ribonic acid,69439
JCR,Drought,24hr,ribose,146679
JCR,Drought,24hr,ribulose,18773.333333333332
JCR,Drought,24hr,ritalinic acid,3309.6666666666665
JCR,Drought,24hr,salicyl alcohol,1977.3333333333333
JCR,Drought,24hr,salicylaldehyde,41258
JCR,Drought,24hr,salicylic acid,8690.333333333334
JCR,Drought,24hr,salicyluric acid,316.6666666666667
JCR,Drought,24hr,sebacic acid,19465.666666666668
JCR,Drought,24hr,serine,310394.6666666666
JCR,Drought,24hr,shikimic acid,16076.333333333334
JCR,Drought,24hr,sinigrin,1006
JCR,Drought,24hr,sophorose,56318.333333333336
JCR,Drought,24hr,sorbitol,75383.66666666667
JCR,Drought,24hr,stearic acid,605018.6666666666
JCR,Drought,24hr,stigmasterol,123
JCR,Drought,24hr,suberic acid,16962.166666666668
JCR,Drought,24hr,succinate semialdehyde,6029
JCR,Drought,24hr,succinic acid,9464
JCR,Drought,24hr,sucrose,30909.333333333332
JCR,Drought,24hr,sulfoacetic acid,31459.666666666664
JCR,Drought,24hr,syringa-resinol,1834.3333333333333
JCR,Drought,24hr,tagatose,14874
JCR,Drought,24hr,terephthalic acid,7528
JCR,Drought,24hr,tetracosane,7439
JCR,Drought,24hr,tetradecane-7-sulfonic acid,11353.333333333334
JCR,Drought,24hr,tetradecanedioic acid,3730.6666666666665
JCR,Drought,24hr,"tetradecanedioic acid, 5,6-dihydroxy-",1436.6666666666667
JCR,Drought,24hr,tetramethyl-4-piperidone,1086.6666666666667
JCR,Drought,24hr,threitol,33993.333333333336
JCR,Drought,24hr,threonic acid,3417.6666666666665
JCR,Drought,24hr,threonine,30147.666666666664
JCR,Drought,24hr,threose,437.6666666666667
JCR,Drought,24hr,thymidine,57281.666666666664
JCR,Drought,24hr,thymine,134850.33333333334
JCR,Drought,24hr,trans-4-hydroxyproline,4301.333333333333
JCR,Drought,24hr,trehalose,1160679.3333333333
JCR,Drought,24hr,trehalose-6-phosphate,653
JCR,Drought,24hr,trimethylamine,1978
JCR,Drought,24hr,tryptophan,13064
JCR,Drought,24hr,tyramine,10215
JCR,Drought,24hr,tyrosine,145059.5
JCR,Drought,24hr,undecanedioic acid,8083.333333333333
JCR,Drought,24hr,uracil,190396
JCR,Drought,24hr,urea,72160.33333333333
JCR,Drought,24hr,uric acid,9659.5
JCR,Drought,24hr,uridine,21311.333333333332
JCR,Drought,24hr,urocanic acid,4588.333333333333
JCR,Drought,24hr,valine,372190.6666666667
JCR,Drought,24hr,valine betaine,1137
JCR,Drought,24hr,vanillic acid,26990.666666666668
JCR,Drought,24hr,xanthine,83198.33333333333
JCR,Drought,24hr,xanthosine,895.6666666666666
JCR,Drought,24hr,xanthurenic acid,806.3333333333334
JCR,Drought,24hr,xylitol,129386.66666666667
JCR,Drought,24hr,xylose,842573.6666666666
JCR,Drought,24hr,xylulose,38123
JCR,Drought,24hr,NA,8283.816066066005
JCR,Drought,72hr,(carbomethoxymethylene)-triphenylphosphorane,846
JCR,Drought,72hr,"1,2,4-benzenetriol",2689.3333333333335
JCR,Drought,72hr,"1,6-anhydro-glucose",300.3333333333333
JCR,Drought,72hr,"1,6-diisopropylnaphthalene",958.3333333333334
JCR,Drought,72hr,"1,7-bis(3,4-dihydroxyphenyl)-6-hydroxyheptan-3-one",2525.6666666666665
JCR,Drought,72hr,1-(2-hydroxyethylamino)-2-propanol,1166.3333333333333
JCR,Drought,72hr,1-kestose,1329
JCR,Drought,72hr,1-methyladenosine,2614
JCR,Drought,72hr,1-methylguanidine,1114.3333333333333
JCR,Drought,72hr,1-monopalmitin,363.6666666666667
JCR,Drought,72hr,1-octanesulfonic acid,2071.3333333333335
JCR,Drought,72hr,"12,13-DiHOME",9350.666666666666
JCR,Drought,72hr,"12-hydroxy-4-methyl-octahydro-3-benzoxecine-2,9-dione",2188
JCR,Drought,72hr,2'-deoxy-2'-fluoro-2'-methyluridine,1367
JCR,Drought,72hr,2'-deoxyadenosine,967
JCR,Drought,72hr,2'-deoxycytidine,15024
JCR,Drought,72hr,2'-deoxyguanosine,110938.33333333333
JCR,Drought,72hr,2'-deoxyinosine,45962
JCR,Drought,72hr,2'-fucosyllactose,567.6666666666666
JCR,Drought,72hr,"2,3-diaminopropionic acid",2532.6666666666665
JCR,Drought,72hr,"2,3-dihydroxybenzenepropanoic acid",2297.3333333333335
JCR,Drought,72hr,"2,3-dihydroxypyridine",3426
JCR,Drought,72hr,"2,4-dihydroxybutanoic acid",317.6666666666667
JCR,Drought,72hr,"2,4-dinitrophenol",4557.666666666667
JCR,Drought,72hr,"2,4-hexadienedioic acid",731.6666666666666
JCR,Drought,72hr,"2,6-diaminopimelic acid",2066
JCR,Drought,72hr,2-(5-methylpyrazol-1-yl)propanoic acid,1732
JCR,Drought,72hr,2-Deoxyinosine,97751.33333333333
JCR,Drought,72hr,2-amino-5-methoxyphenol,421.6666666666667
JCR,Drought,72hr,2-benzothiazolesulfonic acid,3612.3333333333335
JCR,Drought,72hr,2-deoxyadenosine,2978
JCR,Drought,72hr,2-deoxyerythritol,21638.666666666668
JCR,Drought,72hr,2-deoxytetronic acid,13201.666666666666
JCR,Drought,72hr,2-hydroxy-5-methylbenzoic acid,1797.6666666666667
JCR,Drought,72hr,2-hydroxybenzoic acid-6-pentadecatriene,7880
JCR,Drought,72hr,2-hydroxybutanoic acid,18736.666666666668
JCR,Drought,72hr,2-hydroxyglutaric acid,7007
JCR,Drought,72hr,2-hydroxyisocaproic acid,9370.666666666666
JCR,Drought,72hr,2-hydroxyisovaleric acid,18089
JCR,Drought,72hr,2-hydroxyoctanoic acid,2094
JCR,Drought,72hr,2-hydroxyphenethylamine,2631.3333333333335
JCR,Drought,72hr,2-hydroxyvaleric acid,44490
JCR,Drought,72hr,2-isopropylmalic acid,1461.3333333333333
JCR,Drought,72hr,2-keto-3-deoxygluconic acid,1464.3333333333333
JCR,Drought,72hr,2-ketoadipic acid,54959.333333333336
JCR,Drought,72hr,2-ketobutyric acid,4441.333333333333
JCR,Drought,72hr,2-ketoisocaproic acid,43897
JCR,Drought,72hr,2-ketoisovaleric acid,12775.666666666666
JCR,Drought,72hr,2-ketomethionine,877.3333333333334
JCR,Drought,72hr,2-methoxyphenol sulfate,1280.6666666666667
JCR,Drought,72hr,2-methyl-1-pyrroline,623.3333333333334
JCR,Drought,72hr,2-methylglyceric acid,7581.666666666667
JCR,Drought,72hr,2-oct-7-enylpentanedioic acid,3864
JCR,Drought,72hr,2-oxindole-3-acetate,753
JCR,Drought,72hr,2-picolinic acid,727.3333333333334
JCR,Drought,72hr,2-pyrrolidinone,197
JCR,Drought,72hr,"3,4-dihydroxybenzoic acid",15218.333333333334
JCR,Drought,72hr,"3,4-dihydroxycinnamic acid",1407
JCR,Drought,72hr,"3,6-anhydro-D-galactose",1425
JCR,Drought,72hr,"3,8-dihydroxy-8-(hydroxymethyl)-4,4,11b-trimethyldodecahydro-6a,9-methanocyclohepta[a]naphthalene-2,6-dione",5049.666666666667
JCR,Drought,72hr,3-(3-hydroxyphenyl)-3-hydroxypropionic acid,1513
JCR,Drought,72hr,3-(3-hydroxyphenyl)propionic acid,5419.333333333333
JCR,Drought,72hr,3-(4-hydroxyphenyl)propionic acid,54933.666666666664
JCR,Drought,72hr,3-acetyl-5-methyloxolan-2-one,635.3333333333334
JCR,Drought,72hr,3-amino-1-propanol,444
JCR,Drought,72hr,3-aminoisobutyric acid,30906.333333333332
JCR,Drought,72hr,3-dehydroshikimic acid,221.66666666666666
JCR,Drought,72hr,3-dehydroxy-carnitine,58366.333333333336
JCR,Drought,72hr,3-deoxy-glycero-galacto-2-nonulosonic acid,7680.666666666667
JCR,Drought,72hr,3-deoxyguanosine,13906.333333333334
JCR,Drought,72hr,"3-furancarboxylic acid, tetrahydro-4-methylene-2-octyl-5-oxo-",7693.666666666667
JCR,Drought,72hr,3-hydroxy-1-propanesulfonic acid,2014.6666666666667
JCR,Drought,72hr,3-hydroxy-3-methylglutaric acid,2057.6666666666665
JCR,Drought,72hr,3-hydroxyacetophenone,1589.3333333333333
JCR,Drought,72hr,3-hydroxybenzoic acid,9164.666666666666
JCR,Drought,72hr,3-hydroxybutyric acid,1049207.3333333333
JCR,Drought,72hr,3-hydroxyphenylacetic acid,3349
JCR,Drought,72hr,3-hydroxypropionic acid,31306.666666666668
JCR,Drought,72hr,3-hydroxysebacic acid,5657
JCR,Drought,72hr,3-isopropylmalic acid,4122
JCR,Drought,72hr,3-methyladipic acid,19088
JCR,Drought,72hr,3-methylglutaric acid,457.3333333333333
JCR,Drought,72hr,3-oxodeoxycholic acid,2046.6666666666665
JCR,Drought,72hr,3-pyridylacetic acid,15987.333333333334
JCR,Drought,72hr,"4,4'-sulfonyl-bis(2-allylphenol)",2705
JCR,Drought,72hr,4-acetamido-butanoic acid,939.6666666666666
JCR,Drought,72hr,"4-hydroxy-2,6-tetramethyl-1-piperidine ethanol",9265.666666666666
JCR,Drought,72hr,4-hydroxybenzaldehyde,7534
JCR,Drought,72hr,4-hydroxybenzoic acid,34335
JCR,Drought,72hr,4-hydroxybutyric acid,73169.66666666667
JCR,Drought,72hr,4-hydroxycinnamic acid,6793.666666666667
JCR,Drought,72hr,4-hydroxyphenylacetic acid,70616
JCR,Drought,72hr,4-hydroxyquinoline,2496
JCR,Drought,72hr,4-methylcatechol,663
JCR,Drought,72hr,4-oxododecanedioic acid,6442
JCR,Drought,72hr,5-aminovaleric acid,420618
JCR,Drought,72hr,5-hydroxyectoine,36798.333333333336
JCR,Drought,72hr,5-hydroxymethyl-2-furoic acid,2734.3333333333335
JCR,Drought,72hr,5-methoxysalicylic acid,2152
JCR,Drought,72hr,5-methylcytosine,1271
JCR,Drought,72hr,6-hydroxynicotinic acid,5973.333333333333
JCR,Drought,72hr,"9-(2,3-dihydroxypropoxy)-9-oxononanoic acid",651.6666666666666
JCR,Drought,72hr,9-hydroxydec-2-enoic acid,22031
JCR,Drought,72hr,Ala-Asp,866.3333333333334
JCR,Drought,72hr,Ala-Thr,246
JCR,Drought,72hr,Asn-Val,161.66666666666666
JCR,Drought,72hr,Asp Leu,616.3333333333334
JCR,Drought,72hr,Asp-Val,171.66666666666666
JCR,Drought,72hr,Benzaldehyde-4-carboxylic acid,1015.6666666666666
JCR,Drought,72hr,D-erythro-sphingosine,4147
JCR,Drought,72hr,DG 18:2_18:2,461.6666666666667
JCR,Drought,72hr,Dopamine,3256.3333333333335
JCR,Drought,72hr,Gln-Asp,678
JCR,Drought,72hr,Gln-Glu,589.3333333333334
JCR,Drought,72hr,Glu-Gln,59.333333333333336
JCR,Drought,72hr,Glu-Leu,402
JCR,Drought,72hr,Gly Pro,467.6666666666667
JCR,Drought,72hr,Gly-Asp,449.3333333333333
JCR,Drought,72hr,Gly-Met,438.3333333333333
JCR,Drought,72hr,Ile-Ala,397
JCR,Drought,72hr,Ile-Glu,2244
JCR,Drought,72hr,Ile-Pro,372.6666666666667
JCR,Drought,72hr,L-Methionine,519.3333333333334
JCR,Drought,72hr,MOPS,205
JCR,Drought,72hr,"N,N,N-trimethyl-5-aminovalerate",17022.333333333332
JCR,Drought,72hr,"N,N-dimethyl-proline-proline betaine",709
JCR,Drought,72hr,N-(5-methyl-3-isoxazolyl)benzenesulfonamide,3429.6666666666665
JCR,Drought,72hr,N-acetyl-D-galactosamine,23878.666666666668
JCR,Drought,72hr,N-acetyl-glucosaminitol,441.3333333333333
JCR,Drought,72hr,N-acetyl-glutamic acid,951.6666666666666
JCR,Drought,72hr,N-acetyl-lactosamine,984.6666666666666
JCR,Drought,72hr,N-acetyl-ornithine,890.6666666666666
JCR,Drought,72hr,N-acetyl-serine,1446.3333333333333
JCR,Drought,72hr,N-acetyl-valine,1915
JCR,Drought,72hr,N-acetylglutamate,557.6666666666666
JCR,Drought,72hr,N-acetylmannosamine,24498
JCR,Drought,72hr,N-carbamoylaspartate,1874.6666666666667
JCR,Drought,72hr,N-formylanthranilic acid,879.6666666666666
JCR,Drought,72hr,N-formylpiperidine,832.6666666666666
JCR,Drought,72hr,N-methylglutamic acid,7935
JCR,Drought,72hr,N-methylproline,3016.3333333333335
JCR,Drought,72hr,N6-methyl-2'-deoxyadenosine,1050.6666666666667
JCR,Drought,72hr,PE 18:0_18:0,3648.333333333333
JCR,Drought,72hr,PI 38:6,321.6666666666667
JCR,Drought,72hr,Phe-Glu,90
JCR,Drought,72hr,Pro-Ile,454.6666666666667
JCR,Drought,72hr,Pro-Thr,292
JCR,Drought,72hr,Ser-Asp,620
JCR,Drought,72hr,TMAO,145
JCR,Drought,72hr,Thr-Leu,205.66666666666666
JCR,Drought,72hr,Traumatic Acid,4106.333333333333
JCR,Drought,72hr,UDP-N-acetylglucosamine,5084.666666666667
JCR,Drought,72hr,Val Glu Leu,980
JCR,Drought,72hr,Val-Thr,340
JCR,Drought,72hr,aconitic acid,97.66666666666667
JCR,Drought,72hr,acylcarnitine 02:0,1142.3333333333333
JCR,Drought,72hr,acylcarnitine 03:0,380
JCR,Drought,72hr,"acylcarnitine 04:0, branched",2302.3333333333335
JCR,Drought,72hr,acylcarnitine 16:0,565.3333333333334
JCR,Drought,72hr,"acylcarnitine, isovaleryl-",941.3333333333334
JCR,Drought,72hr,"acylcarnitine, malonyl-",61.333333333333336
JCR,Drought,72hr,adenosine,1460
JCR,Drought,72hr,adipic acid,37830.666666666664
JCR,Drought,72hr,alanine,690087
JCR,Drought,72hr,alanine betaine,3518.3333333333335
JCR,Drought,72hr,alanine-alanine,572.6666666666666
JCR,Drought,72hr,aleuritic acid,1812.3333333333333
JCR,Drought,72hr,allantoin,727
JCR,Drought,72hr,alpha-aminoadipic acid,1361.3333333333333
JCR,Drought,72hr,alpha-artemisic acid,1536.6666666666667
JCR,Drought,72hr,alpha-ketoglutarate,6365.333333333333
JCR,Drought,72hr,anthranilic acid,5521
JCR,Drought,72hr,arabitol,1652
JCR,Drought,72hr,arachidic acid,10488
JCR,Drought,72hr,aspartic acid,55136.333333333336
JCR,Drought,72hr,azelaic acid,25956.833333333332
JCR,Drought,72hr,behenic acid,7812
JCR,Drought,72hr,"benzenesulfonic acid, decyl-",52786.333333333336
JCR,Drought,72hr,benzoic acid,147200
JCR,Drought,72hr,benzothiazole,12108
JCR,Drought,72hr,benzyltriethylammonium,3039
JCR,Drought,72hr,benzyltrimethylammonium,1682.6666666666667
JCR,Drought,72hr,beta-alanine,65857.66666666667
JCR,Drought,72hr,beta-gentiobiose,6785.666666666667
JCR,Drought,72hr,beta-glutamic acid,475
JCR,Drought,72hr,beta-mannosylglycerate,187733.66666666666
JCR,Drought,72hr,beta-sitosterol,3239
JCR,Drought,72hr,beta-sitosteryl sulfate,1840.6666666666667
JCR,Drought,72hr,betaine,752348.3333333334
JCR,Drought,72hr,betaine aldehyde,320.3333333333333
JCR,Drought,72hr,bis-ferulamidobutane,792.3333333333334
JCR,Drought,72hr,"butane-2,3-diol",25140
JCR,Drought,72hr,butyraldehyde,1256.3333333333333
JCR,Drought,72hr,butyrolactam,34312.666666666664
JCR,Drought,72hr,cadaverine,3960
JCR,Drought,72hr,carnosol,2499.6666666666665
JCR,Drought,72hr,ceanothic acid,4494.666666666667
JCR,Drought,72hr,cellobiose,24287
JCR,Drought,72hr,cerotinic acid,1082.6666666666667
JCR,Drought,72hr,"cholan-24-oic acid, 12-hydroxy-3-oxo-",733.3333333333334
JCR,Drought,72hr,cholesterol,1731.6666666666667
JCR,Drought,72hr,choline,31682.333333333332
JCR,Drought,72hr,cinnamic acid,420
JCR,Drought,72hr,citramalic acid,2264
JCR,Drought,72hr,citric acid,1162.3333333333333
JCR,Drought,72hr,citrulline,4804.666666666667
JCR,Drought,72hr,citrusin VI,2852
JCR,Drought,72hr,conduritol-beta-epoxide,19767.333333333332
JCR,Drought,72hr,creatine,1386.6666666666667
JCR,Drought,72hr,creatinine,10119.333333333334
JCR,Drought,72hr,cysteic acid,1520.6666666666667
JCR,Drought,72hr,cysteine S-sulfate,984.3333333333334
JCR,Drought,72hr,cysteine sulfonic acid,76.33333333333333
JCR,Drought,72hr,cytidine,2003
JCR,Drought,72hr,cytosine,3241.666666666667
JCR,Drought,72hr,dehydroabietic acid,7442.833333333333
JCR,Drought,72hr,deoxyguanosine,3245.6666666666665
JCR,Drought,72hr,deoxypentitol,4350.666666666667
JCR,Drought,72hr,dihydrocaffeic acid 3-glucuronide,676
JCR,Drought,72hr,dihydrophaseic acid,4302
JCR,Drought,72hr,dihydroxy-octadecadienoic acid,939.6666666666666
JCR,Drought,72hr,dihydroxyacetone,36941.333333333336
JCR,Drought,72hr,dimethyldioctadecylammonium,337656.3333333333
JCR,Drought,72hr,dodecanedioic acid,1574
JCR,Drought,72hr,dodecanol,2313
JCR,Drought,72hr,ectoine,10072
JCR,Drought,72hr,erythritol,8200.333333333334
JCR,Drought,72hr,erythronic acid lactone,977.6666666666666
JCR,Drought,72hr,erythrose,2887.3333333333335
JCR,Drought,72hr,ethanolamine,212830
JCR,Drought,72hr,ferulic acid,2260.3333333333335
JCR,Drought,72hr,ferulic acid 4-sulfate,1542.6666666666667
JCR,Drought,72hr,fructose,10377.833333333334
JCR,Drought,72hr,fucose,16870.666666666668
JCR,Drought,72hr,fumaric acid,26359.666666666668
JCR,Drought,72hr,furfurylmethylamine,1566.6666666666667
JCR,Drought,72hr,galactinol,91407
JCR,Drought,72hr,galacto-N-biose,431.3333333333333
JCR,Drought,72hr,galactose,31285
JCR,Drought,72hr,galacturonic acid,8669.666666666666
JCR,Drought,72hr,gamma-aminobutyric acid,10144.666666666666
JCR,Drought,72hr,glucoheptose,8461
JCR,Drought,72hr,glucoheptulose,2772.6666666666665
JCR,Drought,72hr,gluconic acid,16780.833333333332
JCR,Drought,72hr,gluconic acid lactone,1781
JCR,Drought,72hr,glucose,275466
JCR,Drought,72hr,glutamic acid,219156.1666666667
JCR,Drought,72hr,glutamine,97.33333333333333
JCR,Drought,72hr,glutamyl-valine,1022.6666666666666
JCR,Drought,72hr,glutaric acid,12663.333333333334
JCR,Drought,72hr,glyceric acid,100257.66666666667
JCR,Drought,72hr,glycerol,137513.33333333334
JCR,Drought,72hr,glycerol-3-galactoside,11687.666666666666
JCR,Drought,72hr,glycerol-alpha-phosphate,1156.6666666666667
JCR,Drought,72hr,glycine,140310.66666666666
JCR,Drought,72hr,glycolic acid,169493.33333333334
JCR,Drought,72hr,glycyl proline,7931.666666666667
JCR,Drought,72hr,guanine,13889.166666666666
JCR,Drought,72hr,guanosine,16851.333333333332
JCR,Drought,72hr,heptadecanoic acid,9048.666666666666
JCR,Drought,72hr,hexadecanedioic acid,6082.333333333333
JCR,Drought,72hr,histidine,1927
JCR,Drought,72hr,homarine,4708.333333333333
JCR,Drought,72hr,homocitrulline,305
JCR,Drought,72hr,homoserine,5276.333333333333
JCR,Drought,72hr,homostachydrine,205937.33333333334
JCR,Drought,72hr,homovanillic acid,11323
JCR,Drought,72hr,hypoxanthine,26962.666666666668
JCR,Drought,72hr,indigotin,286.3333333333333
JCR,Drought,72hr,indole-3-acetate,38295
JCR,Drought,72hr,indole-3-acetyl-glutamine,732.6666666666666
JCR,Drought,72hr,indole-3-lactate,3222.3333333333335
JCR,Drought,72hr,indole-6-carboxaldehyde,1768.6666666666667
JCR,Drought,72hr,inosine,29876.666666666668
JCR,Drought,72hr,inositol,1656.6666666666667
JCR,Drought,72hr,inositol-4-monophosphate,1031.6666666666667
JCR,Drought,72hr,isobutylamine,7046.333333333334
JCR,Drought,72hr,isoleucine,273380.5
JCR,Drought,72hr,isomaltose,14393
JCR,Drought,72hr,isothreonic acid,33721
JCR,Drought,72hr,ketoisoleucine,6831
JCR,Drought,72hr,lactic acid,47345.666666666664
JCR,Drought,72hr,lactobionic acid,40976
JCR,Drought,72hr,lactose,81773.83333333333
JCR,Drought,72hr,lactulose,17603.666666666668
JCR,Drought,72hr,laurdan,4830
JCR,Drought,72hr,leucine,408068.5
JCR,Drought,72hr,leucrose,1124.6666666666667
JCR,Drought,72hr,levoglucosan,3379
JCR,Drought,72hr,lignoceric acid,1346
JCR,Drought,72hr,linoleic acid,1415.6666666666667
JCR,Drought,72hr,linolenic acid,76.33333333333333
JCR,Drought,72hr,lysine,2463.3333333333335
JCR,Drought,72hr,lyxitol,127031.66666666667
JCR,Drought,72hr,lyxose,41657.333333333336
JCR,Drought,72hr,malic acid,4690.666666666667
JCR,Drought,72hr,malonamide,805.6666666666666
JCR,Drought,72hr,malonic acid,809
JCR,Drought,72hr,maltitol,9814.666666666666
JCR,Drought,72hr,maltose,6631.333333333333
JCR,Drought,72hr,maltotetraose,1994.3333333333333
JCR,Drought,72hr,maltotriitol,39092.666666666664
JCR,Drought,72hr,maltotriose,18886.333333333332
JCR,Drought,72hr,mandelic acid,12316.333333333334
JCR,Drought,72hr,mannitol,302511.3333333333
JCR,Drought,72hr,mannoheptulose,2207
JCR,Drought,72hr,mannonic acid,2523.6666666666665
JCR,Drought,72hr,mannose-6-phosphate,99.33333333333333
JCR,Drought,72hr,mannuronic acid,6908.666666666667
JCR,Drought,72hr,methanolphosphate,3530
JCR,Drought,72hr,methionine,22364.333333333332
JCR,Drought,72hr,methionine sulfoxide,6750.666666666667
JCR,Drought,72hr,methyl lactoside,662
JCR,Drought,72hr,methyl violet B,1822.6666666666667
JCR,Drought,72hr,methyl-4-hydroxybenzoate,4348.666666666667
JCR,Drought,72hr,methylmaleic acid,891
JCR,Drought,72hr,mevalonic acid,2691
JCR,Drought,72hr,montanic acid,3098
JCR,Drought,72hr,myo-inositol,226557.66666666666
JCR,Drought,72hr,myristic acid,3725
JCR,Drought,72hr,neohesperidose,707.6666666666666
JCR,Drought,72hr,neomycin B,257
JCR,Drought,72hr,nicotinic acid,29175.833333333332
JCR,Drought,72hr,nonadecanoic acid,2637.3333333333335
JCR,Drought,72hr,norgestrel,14469.333333333332
JCR,Drought,72hr,o-toluic acid,2937
JCR,Drought,72hr,"octadecanoic acid, 9,10,18-trihydroxy-",2298
JCR,Drought,72hr,octadecanol,871.3333333333334
JCR,Drought,72hr,oleic acid,2394.6666666666665
JCR,Drought,72hr,ornithine,11729.333333333334
JCR,Drought,72hr,orotic acid,885.6666666666667
JCR,Drought,72hr,oxoproline,688431.6666666666
JCR,Drought,72hr,p-cresol glucuronide,491.3333333333333
JCR,Drought,72hr,p-cresol sulfate,2220
JCR,Drought,72hr,palatinitol,52021.666666666664
JCR,Drought,72hr,palmitoleic acid,424.3333333333333
JCR,Drought,72hr,panose,2313
JCR,Drought,72hr,pantothenic acid,6155.333333333333
JCR,Drought,72hr,parabanic acid,9712
JCR,Drought,72hr,"pentaerythritol, cyclic phosphate",1701.6666666666667
JCR,Drought,72hr,pentamethylene bisacetamide,352.3333333333333
JCR,Drought,72hr,pentitol,2044.3333333333333
JCR,Drought,72hr,perfluoroheptanoic acid,505.3333333333333
JCR,Drought,72hr,perseitol,4720.666666666667
JCR,Drought,72hr,phenol,12691.333333333334
JCR,Drought,72hr,phenyl sulfate,940.3333333333334
JCR,Drought,72hr,phenylacetic acid,242059.33333333334
JCR,Drought,72hr,phenylalanine,65020.666666666664
JCR,Drought,72hr,phenylethylamine,4083
JCR,Drought,72hr,phenylpyruvate,4885
JCR,Drought,72hr,phosphate,110408
JCR,Drought,72hr,pimelic acid,33105.666666666664
JCR,Drought,72hr,pinitol,3004.6666666666665
JCR,Drought,72hr,pipecolinic acid,4113.666666666667
JCR,Drought,72hr,proline,43029.666666666664
JCR,Drought,72hr,proline betaine,463602.3333333333
JCR,Drought,72hr,propyleneglycol,14600.333333333334
JCR,Drought,72hr,pseudo-uridine,21145.333333333332
JCR,Drought,72hr,pseudouridine,5851
JCR,Drought,72hr,pyroGlu-Val,424.6666666666667
JCR,Drought,72hr,pyroglutamic acid,1198.6666666666667
JCR,Drought,72hr,pyrrole-2-carboxylic acid,4217
JCR,Drought,72hr,quinic acid,5776.666666666667
JCR,Drought,72hr,"quinoline-2,8-diol",673
JCR,Drought,72hr,quinolinic acid,693
JCR,Drought,72hr,raffinose,845.8333333333333
JCR,Drought,72hr,ribonic acid,32865.666666666664
JCR,Drought,72hr,ribose,348888.6666666667
JCR,Drought,72hr,ribulose,39152.666666666664
JCR,Drought,72hr,ritalinic acid,2036.6666666666667
JCR,Drought,72hr,salicyl alcohol,2952.6666666666665
JCR,Drought,72hr,salicylaldehyde,76656.66666666667
JCR,Drought,72hr,salicylic acid,9726.666666666666
JCR,Drought,72hr,salicyluric acid,229
JCR,Drought,72hr,sebacic acid,10550
JCR,Drought,72hr,serine,119637
JCR,Drought,72hr,shikimic acid,14794.666666666666
JCR,Drought,72hr,sinigrin,1581.3333333333333
JCR,Drought,72hr,sophorose,48731
JCR,Drought,72hr,sorbitol,29880.666666666668
JCR,Drought,72hr,stearic acid,503976.3333333333
JCR,Drought,72hr,stigmasterol,114
JCR,Drought,72hr,suberic acid,14450.833333333334
JCR,Drought,72hr,succinate semialdehyde,11243
JCR,Drought,72hr,succinic acid,14576.666666666666
JCR,Drought,72hr,sucrose,17048.5
JCR,Drought,72hr,sulfoacetic acid,19308.666666666668
JCR,Drought,72hr,syringa-resinol,1018.3333333333334
JCR,Drought,72hr,tagatose,43720.33333333333
JCR,Drought,72hr,terephthalic acid,7982
JCR,Drought,72hr,tetracosane,3938.6666666666665
JCR,Drought,72hr,tetradecane-7-sulfonic acid,5942
JCR,Drought,72hr,tetradecanedioic acid,3524.6666666666665
JCR,Drought,72hr,"tetradecanedioic acid, 5,6-dihydroxy-",967.6666666666666
JCR,Drought,72hr,tetramethyl-4-piperidone,873.3333333333334
JCR,Drought,72hr,threitol,8792.333333333334
JCR,Drought,72hr,threonic acid,8157.333333333333
JCR,Drought,72hr,threonine,30263.666666666668
JCR,Drought,72hr,threose,986
JCR,Drought,72hr,thymidine,120182.33333333333
JCR,Drought,72hr,thymine,90386.33333333333
JCR,Drought,72hr,trans-4-hydroxyproline,1204
JCR,Drought,72hr,trehalose,1805729.3333333333
JCR,Drought,72hr,trehalose-6-phosphate,368.3333333333333
JCR,Drought,72hr,trimethylamine,1263
JCR,Drought,72hr,tryptophan,12985.666666666668
JCR,Drought,72hr,tyramine,9587.333333333334
JCR,Drought,72hr,tyrosine,82439.5
JCR,Drought,72hr,undecanedioic acid,6166.666666666667
JCR,Drought,72hr,uracil,80398.5
JCR,Drought,72hr,urea,21326.333333333332
JCR,Drought,72hr,uric acid,2725.666666666667
JCR,Drought,72hr,uridine,25405.666666666668
JCR,Drought,72hr,urocanic acid,1037.3333333333333
JCR,Drought,72hr,valine,382561.3333333333
JCR,Drought,72hr,valine betaine,899.3333333333334
JCR,Drought,72hr,vanillic acid,15151
JCR,Drought,72hr,xanthine,30833.166666666668
JCR,Drought,72hr,xanthosine,1358
JCR,Drought,72hr,xanthurenic acid,483.3333333333333
JCR,Drought,72hr,xylitol,47773.666666666664
JCR,Drought,72hr,xylose,701560.3333333334
JCR,Drought,72hr,xylulose,39152.666666666664
JCR,Drought,72hr,NA,8975.390765765796
LOM,Control,0hr,(carbomethoxymethylene)-triphenylphosphorane,93.66666666666667
LOM,Control,0hr,"1,2,4-benzenetriol",3179
LOM,Control,0hr,"1,6-anhydro-glucose",799.3333333333334
LOM,Control,0hr,"1,6-diisopropylnaphthalene",1202
LOM,Control,0hr,"1,7-bis(3,4-dihydroxyphenyl)-6-hydroxyheptan-3-one",70.66666666666667
LOM,Control,0hr,1-(2-hydroxyethylamino)-2-propanol,601.6666666666666
LOM,Control,0hr,1-kestose,20138.333333333332
LOM,Control,0hr,1-methyladenosine,2874.6666666666665
LOM,Control,0hr,1-methylguanidine,69
LOM,Control,0hr,1-monopalmitin,383.3333333333333
LOM,Control,0hr,1-octanesulfonic acid,1251.3333333333333
LOM,Control,0hr,"12,13-DiHOME",7072.333333333333
LOM,Control,0hr,"12-hydroxy-4-methyl-octahydro-3-benzoxecine-2,9-dione",777.6666666666666
LOM,Control,0hr,2'-deoxy-2'-fluoro-2'-methyluridine,197.33333333333334
LOM,Control,0hr,2'-deoxyadenosine,1048
LOM,Control,0hr,2'-deoxycytidine,2797
LOM,Control,0hr,2'-deoxyguanosine,25238.666666666668
LOM,Control,0hr,2'-deoxyinosine,4936
LOM,Control,0hr,2'-fucosyllactose,687.3333333333334
LOM,Control,0hr,"2,3-diaminopropionic acid",1516.3333333333333
LOM,Control,0hr,"2,3-dihydroxybenzenepropanoic acid",233
LOM,Control,0hr,"2,3-dihydroxypyridine",2602.6666666666665
LOM,Control,0hr,"2,4-dihydroxybutanoic acid",91
LOM,Control,0hr,"2,4-dinitrophenol",1501.6666666666667
LOM,Control,0hr,"2,4-hexadienedioic acid",514.3333333333334
LOM,Control,0hr,"2,6-diaminopimelic acid",205.66666666666666
LOM,Control,0hr,2-(5-methylpyrazol-1-yl)propanoic acid,387
LOM,Control,0hr,2-Deoxyinosine,28278.333333333332
LOM,Control,0hr,2-amino-5-methoxyphenol,42
LOM,Control,0hr,2-benzothiazolesulfonic acid,3446.3333333333335
LOM,Control,0hr,2-deoxyadenosine,3915.6666666666665
LOM,Control,0hr,2-deoxyerythritol,3566.6666666666665
LOM,Control,0hr,2-deoxytetronic acid,2887.3333333333335
LOM,Control,0hr,2-hydroxy-5-methylbenzoic acid,99.33333333333333
LOM,Control,0hr,2-hydroxybenzoic acid-6-pentadecatriene,2396.6666666666665
LOM,Control,0hr,2-hydroxybutanoic acid,44257.666666666664
LOM,Control,0hr,2-hydroxyglutaric acid,2023.3333333333333
LOM,Control,0hr,2-hydroxyisocaproic acid,1372
LOM,Control,0hr,2-hydroxyisovaleric acid,6645.666666666667
LOM,Control,0hr,2-hydroxyoctanoic acid,392.6666666666667
LOM,Control,0hr,2-hydroxyphenethylamine,1500.6666666666667
LOM,Control,0hr,2-hydroxyvaleric acid,27061
LOM,Control,0hr,2-isopropylmalic acid,82
LOM,Control,0hr,2-keto-3-deoxygluconic acid,202
LOM,Control,0hr,2-ketoadipic acid,35174.666666666664
LOM,Control,0hr,2-ketobutyric acid,8464.666666666666
LOM,Control,0hr,2-ketoisocaproic acid,26064.666666666668
LOM,Control,0hr,2-ketoisovaleric acid,4370.666666666667
LOM,Control,0hr,2-ketomethionine,481.3333333333333
LOM,Control,0hr,2-methoxyphenol sulfate,761
LOM,Control,0hr,2-methyl-1-pyrroline,148.66666666666666
LOM,Control,0hr,2-methylglyceric acid,1770.3333333333333
LOM,Control,0hr,2-oct-7-enylpentanedioic acid,751.6666666666666
LOM,Control,0hr,2-oxindole-3-acetate,83
LOM,Control,0hr,2-picolinic acid,2665.3333333333335
LOM,Control,0hr,2-pyrrolidinone,71
LOM,Control,0hr,"3,4-dihydroxybenzoic acid",6715
LOM,Control,0hr,"3,4-dihydroxycinnamic acid",2230.6666666666665
LOM,Control,0hr,"3,6-anhydro-D-galactose",467
LOM,Control,0hr,"3,8-dihydroxy-8-(hydroxymethyl)-4,4,11b-trimethyldodecahydro-6a,9-methanocyclohepta[a]naphthalene-2,6-dione",1073.3333333333333
LOM,Control,0hr,3-(3-hydroxyphenyl)-3-hydroxypropionic acid,115
LOM,Control,0hr,3-(3-hydroxyphenyl)propionic acid,431.3333333333333
LOM,Control,0hr,3-(4-hydroxyphenyl)propionic acid,897.3333333333334
LOM,Control,0hr,3-acetyl-5-methyloxolan-2-one,30.333333333333332
LOM,Control,0hr,3-amino-1-propanol,304.6666666666667
LOM,Control,0hr,3-aminoisobutyric acid,4773.666666666667
LOM,Control,0hr,3-dehydroshikimic acid,199.66666666666666
LOM,Control,0hr,3-dehydroxy-carnitine,1156.6666666666667
LOM,Control,0hr,3-deoxy-glycero-galacto-2-nonulosonic acid,8614.333333333334
LOM,Control,0hr,3-deoxyguanosine,2248
LOM,Control,0hr,"3-furancarboxylic acid, tetrahydro-4-methylene-2-octyl-5-oxo-",2974.3333333333335
LOM,Control,0hr,3-hydroxy-1-propanesulfonic acid,378
LOM,Control,0hr,3-hydroxy-3-methylglutaric acid,344.3333333333333
LOM,Control,0hr,3-hydroxyacetophenone,457.3333333333333
LOM,Control,0hr,3-hydroxybenzoic acid,1458.6666666666667
LOM,Control,0hr,3-hydroxybutyric acid,307022.6666666667
LOM,Control,0hr,3-hydroxyphenylacetic acid,115.33333333333333
LOM,Control,0hr,3-hydroxypropionic acid,15666.666666666666
LOM,Control,0hr,3-hydroxysebacic acid,173.66666666666666
LOM,Control,0hr,3-isopropylmalic acid,338
LOM,Control,0hr,3-methyladipic acid,1129.6666666666667
LOM,Control,0hr,3-methylglutaric acid,135.66666666666666
LOM,Control,0hr,3-oxodeoxycholic acid,407
LOM,Control,0hr,3-pyridylacetic acid,1973.3333333333333
LOM,Control,0hr,"4,4'-sulfonyl-bis(2-allylphenol)",4974.666666666667
LOM,Control,0hr,4-acetamido-butanoic acid,26.666666666666668
LOM,Control,0hr,"4-hydroxy-2,6-tetramethyl-1-piperidine ethanol",5803.333333333333
LOM,Control,0hr,4-hydroxybenzaldehyde,7220.666666666667
LOM,Control,0hr,4-hydroxybenzoic acid,6207.666666666667
LOM,Control,0hr,4-hydroxybutyric acid,24842.666666666668
LOM,Control,0hr,4-hydroxycinnamic acid,4742.333333333333
LOM,Control,0hr,4-hydroxyphenylacetic acid,959.3333333333334
LOM,Control,0hr,4-hydroxyquinoline,164
LOM,Control,0hr,4-methylcatechol,59
LOM,Control,0hr,4-oxododecanedioic acid,624.3333333333334
LOM,Control,0hr,5-aminovaleric acid,909
LOM,Control,0hr,5-hydroxyectoine,18450.333333333332
LOM,Control,0hr,5-hydroxymethyl-2-furoic acid,1179.6666666666667
LOM,Control,0hr,5-methoxysalicylic acid,380.6666666666667
LOM,Control,0hr,5-methylcytosine,330.6666666666667
LOM,Control,0hr,6-hydroxynicotinic acid,1679.3333333333333
LOM,Control,0hr,"9-(2,3-dihydroxypropoxy)-9-oxononanoic acid",238.66666666666666
LOM,Control,0hr,9-hydroxydec-2-enoic acid,20658.333333333332
LOM,Control,0hr,Ala-Asp,402.6666666666667
LOM,Control,0hr,Ala-Thr,135.33333333333334
LOM,Control,0hr,Asn-Val,46.666666666666664
LOM,Control,0hr,Asp Leu,198.66666666666666
LOM,Control,0hr,Asp-Val,59
LOM,Control,0hr,Benzaldehyde-4-carboxylic acid,4016
LOM,Control,0hr,D-erythro-sphingosine,2443.3333333333335
LOM,Control,0hr,DG 18:2_18:2,263.3333333333333
LOM,Control,0hr,Dopamine,2003.6666666666667
LOM,Control,0hr,Gln-Asp,326.6666666666667
LOM,Control,0hr,Gln-Glu,295
LOM,Control,0hr,Glu-Gln,789.3333333333334
LOM,Control,0hr,Glu-Leu,635
LOM,Control,0hr,Gly Pro,299
LOM,Control,0hr,Gly-Asp,188.66666666666666
LOM,Control,0hr,Gly-Met,298.6666666666667
LOM,Control,0hr,Ile-Ala,220
LOM,Control,0hr,Ile-Glu,1502.6666666666667
LOM,Control,0hr,Ile-Pro,191.66666666666666
LOM,Control,0hr,L-Methionine,261
LOM,Control,0hr,MOPS,110.66666666666667
LOM,Control,0hr,"N,N,N-trimethyl-5-aminovalerate",603.6666666666666
LOM,Control,0hr,"N,N-dimethyl-proline-proline betaine",493.6666666666667
LOM,Control,0hr,N-(5-methyl-3-isoxazolyl)benzenesulfonamide,1164.3333333333333
LOM,Control,0hr,N-acetyl-D-galactosamine,53396
LOM,Control,0hr,N-acetyl-glucosaminitol,51.666666666666664
LOM,Control,0hr,N-acetyl-glutamic acid,169.33333333333334
LOM,Control,0hr,N-acetyl-lactosamine,1100.3333333333333
LOM,Control,0hr,N-acetyl-ornithine,326.3333333333333
LOM,Control,0hr,N-acetyl-serine,463.3333333333333
LOM,Control,0hr,N-acetyl-valine,102.66666666666667
LOM,Control,0hr,N-acetylglutamate,321
LOM,Control,0hr,N-acetylmannosamine,32584.666666666668
LOM,Control,0hr,N-carbamoylaspartate,365
LOM,Control,0hr,N-formylanthranilic acid,340
LOM,Control,0hr,N-formylpiperidine,1238
LOM,Control,0hr,N-methylglutamic acid,5875
LOM,Control,0hr,N-methylproline,100.66666666666667
LOM,Control,0hr,N6-methyl-2'-deoxyadenosine,223
LOM,Control,0hr,PE 18:0_18:0,1383
LOM,Control,0hr,PI 38:6,62
LOM,Control,0hr,Phe-Glu,196
LOM,Control,0hr,Pro-Ile,373.6666666666667
LOM,Control,0hr,Pro-Thr,268.3333333333333
LOM,Control,0hr,Ser-Asp,344
LOM,Control,0hr,TMAO,25.333333333333332
LOM,Control,0hr,Thr-Leu,398.6666666666667
LOM,Control,0hr,Traumatic Acid,591.6666666666666
LOM,Control,0hr,UDP-N-acetylglucosamine,45774.333333333336
LOM,Control,0hr,Val Glu Leu,296.6666666666667
LOM,Control,0hr,Val-Thr,849.6666666666666
LOM,Control,0hr,aconitic acid,1250.3333333333333
LOM,Control,0hr,acylcarnitine 02:0,827
LOM,Control,0hr,acylcarnitine 03:0,132.33333333333334
LOM,Control,0hr,"acylcarnitine 04:0, branched",460
LOM,Control,0hr,acylcarnitine 16:0,454.6666666666667
LOM,Control,0hr,"acylcarnitine, isovaleryl-",70.66666666666667
LOM,Control,0hr,"acylcarnitine, malonyl-",24
LOM,Control,0hr,adenosine,3248.6666666666665
LOM,Control,0hr,adipic acid,35315
LOM,Control,0hr,alanine,507996.3333333333
LOM,Control,0hr,alanine betaine,523.3333333333334
LOM,Control,0hr,alanine-alanine,2598
LOM,Control,0hr,aleuritic acid,1311
LOM,Control,0hr,allantoin,582.3333333333334
LOM,Control,0hr,alpha-aminoadipic acid,539.6666666666666
LOM,Control,0hr,alpha-artemisic acid,774.6666666666666
LOM,Control,0hr,alpha-ketoglutarate,2904.6666666666665
LOM,Control,0hr,anthranilic acid,1545.6666666666667
LOM,Control,0hr,arabitol,403.6666666666667
LOM,Control,0hr,arachidic acid,25867.333333333332
LOM,Control,0hr,aspartic acid,69106
LOM,Control,0hr,azelaic acid,7337.333333333334
LOM,Control,0hr,behenic acid,7831.333333333333
LOM,Control,0hr,"benzenesulfonic acid, decyl-",69260.66666666667
LOM,Control,0hr,benzoic acid,135659.33333333334
LOM,Control,0hr,benzothiazole,44975.666666666664
LOM,Control,0hr,benzyltriethylammonium,231.66666666666666
LOM,Control,0hr,benzyltrimethylammonium,381
LOM,Control,0hr,beta-alanine,8170
LOM,Control,0hr,beta-gentiobiose,28224.333333333332
LOM,Control,0hr,beta-glutamic acid,874
LOM,Control,0hr,beta-mannosylglycerate,543315
LOM,Control,0hr,beta-sitosterol,21194.333333333332
LOM,Control,0hr,beta-sitosteryl sulfate,70.66666666666667
LOM,Control,0hr,betaine,386222.6666666667
LOM,Control,0hr,betaine aldehyde,73
LOM,Control,0hr,bis-ferulamidobutane,363.3333333333333
LOM,Control,0hr,"butane-2,3-diol",41751.666666666664
LOM,Control,0hr,butyraldehyde,741.3333333333334
LOM,Control,0hr,butyrolactam,18278.333333333332
LOM,Control,0hr,cadaverine,1078.6666666666667
LOM,Control,0hr,carnosol,492.3333333333333
LOM,Control,0hr,ceanothic acid,55
LOM,Control,0hr,cellobiose,2606.6666666666665
LOM,Control,0hr,cerotinic acid,2295
LOM,Control,0hr,"cholan-24-oic acid, 12-hydroxy-3-oxo-",59.333333333333336
LOM,Control,0hr,cholesterol,881.6666666666666
LOM,Control,0hr,choline,8647.666666666666
LOM,Control,0hr,cinnamic acid,193
LOM,Control,0hr,citramalic acid,1513.3333333333333
LOM,Control,0hr,citric acid,11826.666666666666
LOM,Control,0hr,citrulline,3473.3333333333335
LOM,Control,0hr,citrusin VI,703
LOM,Control,0hr,conduritol-beta-epoxide,20527.666666666668
LOM,Control,0hr,creatine,124.66666666666667
LOM,Control,0hr,creatinine,117.33333333333333
LOM,Control,0hr,cysteic acid,498
LOM,Control,0hr,cysteine S-sulfate,604.3333333333334
LOM,Control,0hr,cysteine sulfonic acid,107
LOM,Control,0hr,cytidine,421.8333333333333
LOM,Control,0hr,cytosine,1143.3333333333335
LOM,Control,0hr,dehydroabietic acid,6345.5
LOM,Control,0hr,deoxyguanosine,719.6666666666666
LOM,Control,0hr,deoxypentitol,2199
LOM,Control,0hr,dihydrocaffeic acid 3-glucuronide,88.33333333333333
LOM,Control,0hr,dihydrophaseic acid,727.3333333333334
LOM,Control,0hr,dihydroxy-octadecadienoic acid,246.66666666666666
LOM,Control,0hr,dihydroxyacetone,19986.333333333332
LOM,Control,0hr,dimethyldioctadecylammonium,175002.66666666666
LOM,Control,0hr,dodecanedioic acid,498.3333333333333
LOM,Control,0hr,dodecanol,2063.6666666666665
LOM,Control,0hr,ectoine,2494.6666666666665
LOM,Control,0hr,erythritol,2214.6666666666665
LOM,Control,0hr,erythronic acid lactone,895
LOM,Control,0hr,erythrose,665.3333333333334
LOM,Control,0hr,ethanolamine,67285
LOM,Control,0hr,ferulic acid,406.1666666666667
LOM,Control,0hr,ferulic acid 4-sulfate,794.3333333333334
LOM,Control,0hr,fructose,36029.666666666664
LOM,Control,0hr,fucose,13780.333333333334
LOM,Control,0hr,fumaric acid,26238.333333333332
LOM,Control,0hr,furfurylmethylamine,57.666666666666664
LOM,Control,0hr,galactinol,1001714.6666666666
LOM,Control,0hr,galacto-N-biose,479.6666666666667
LOM,Control,0hr,galactose,34633
LOM,Control,0hr,galacturonic acid,3923.6666666666665
LOM,Control,0hr,gamma-aminobutyric acid,9067.333333333334
LOM,Control,0hr,glucoheptose,4781
LOM,Control,0hr,glucoheptulose,2860.3333333333335
LOM,Control,0hr,gluconic acid,10355.5
LOM,Control,0hr,gluconic acid lactone,2140
LOM,Control,0hr,glucose,452787.5
LOM,Control,0hr,glutamic acid,95846.83333333334
LOM,Control,0hr,glutamine,110
LOM,Control,0hr,glutamyl-valine,3547.3333333333335
LOM,Control,0hr,glutaric acid,1801
LOM,Control,0hr,glyceric acid,39045.666666666664
LOM,Control,0hr,glycerol,280472.6666666667
LOM,Control,0hr,glycerol-3-galactoside,76793.33333333333
LOM,Control,0hr,glycerol-alpha-phosphate,11974.666666666666
LOM,Control,0hr,glycine,75198.66666666667
LOM,Control,0hr,glycolic acid,36257.666666666664
LOM,Control,0hr,glycyl proline,5625.333333333333
LOM,Control,0hr,guanine,5693.833333333333
LOM,Control,0hr,guanosine,7229.666666666666
LOM,Control,0hr,heptadecanoic acid,12911.333333333334
LOM,Control,0hr,hexadecanedioic acid,38354.666666666664
LOM,Control,0hr,histidine,896.3333333333334
LOM,Control,0hr,homarine,613.3333333333334
LOM,Control,0hr,homocitrulline,169.33333333333334
LOM,Control,0hr,homoserine,4645
LOM,Control,0hr,homostachydrine,257
LOM,Control,0hr,homovanillic acid,93
LOM,Control,0hr,hypoxanthine,3768
LOM,Control,0hr,indigotin,339.3333333333333
LOM,Control,0hr,indole-3-acetate,285.6666666666667
LOM,Control,0hr,indole-3-acetyl-glutamine,102
LOM,Control,0hr,indole-3-lactate,208.66666666666666
LOM,Control,0hr,indole-6-carboxaldehyde,50
LOM,Control,0hr,inosine,13940.333333333332
LOM,Control,0hr,inositol,681
LOM,Control,0hr,inositol-4-monophosphate,30949.333333333332
LOM,Control,0hr,isobutylamine,5149.666666666667
LOM,Control,0hr,isoleucine,188040
LOM,Control,0hr,isomaltose,5403.666666666667
LOM,Control,0hr,isothreonic acid,28080.333333333332
LOM,Control,0hr,ketoisoleucine,3805.3333333333335
LOM,Control,0hr,lactic acid,11567.333333333334
LOM,Control,0hr,lactobionic acid,46666.666666666664
LOM,Control,0hr,lactose,126944.33333333333
LOM,Control,0hr,lactulose,2606.6666666666665
LOM,Control,0hr,laurdan,3781
LOM,Control,0hr,leucine,349088.8333333333
LOM,Control,0hr,leucrose,1182.6666666666667
LOM,Control,0hr,levoglucosan,4238
LOM,Control,0hr,lignoceric acid,3331.6666666666665
LOM,Control,0hr,linoleic acid,8423.666666666666
LOM,Control,0hr,linolenic acid,171
LOM,Control,0hr,lysine,1145.6666666666667
LOM,Control,0hr,lyxitol,131581.33333333334
LOM,Control,0hr,lyxose,13398
LOM,Control,0hr,malic acid,10966
LOM,Control,0hr,malonamide,357.6666666666667
LOM,Control,0hr,malonic acid,297.6666666666667
LOM,Control,0hr,maltitol,12168
LOM,Control,0hr,maltose,18109.666666666668
LOM,Control,0hr,maltotetraose,1685.6666666666667
LOM,Control,0hr,maltotriitol,78498.33333333333
LOM,Control,0hr,maltotriose,24814
LOM,Control,0hr,mandelic acid,1677.6666666666667
LOM,Control,0hr,mannitol,140224.66666666666
LOM,Control,0hr,mannoheptulose,567.6666666666666
LOM,Control,0hr,mannonic acid,852.6666666666666
LOM,Control,0hr,mannose-6-phosphate,196.66666666666666
LOM,Control,0hr,mannuronic acid,8153.666666666667
LOM,Control,0hr,methanolphosphate,1888.3333333333333
LOM,Control,0hr,methionine,24621
LOM,Control,0hr,methionine sulfoxide,6347
LOM,Control,0hr,methyl lactoside,132
LOM,Control,0hr,methyl violet B,843
LOM,Control,0hr,methyl-4-hydroxybenzoate,666.3333333333334
LOM,Control,0hr,methylmaleic acid,442
LOM,Control,0hr,mevalonic acid,245
LOM,Control,0hr,montanic acid,4424.666666666667
LOM,Control,0hr,myo-inositol,421196.3333333333
LOM,Control,0hr,myristic acid,5672.333333333333
LOM,Control,0hr,neohesperidose,547.6666666666666
LOM,Control,0hr,neomycin B,105.33333333333333
LOM,Control,0hr,nicotinic acid,9358.833333333334
LOM,Control,0hr,nonadecanoic acid,2680.3333333333335
LOM,Control,0hr,norgestrel,1659
LOM,Control,0hr,o-toluic acid,3986
LOM,Control,0hr,"octadecanoic acid, 9,10,18-trihydroxy-",1284
LOM,Control,0hr,octadecanol,953.6666666666666
LOM,Control,0hr,oleic acid,7715.666666666667
LOM,Control,0hr,ornithine,9184.666666666666
LOM,Control,0hr,orotic acid,430.8333333333333
LOM,Control,0hr,oxoproline,1761167.3333333333
LOM,Control,0hr,p-cresol glucuronide,33.333333333333336
LOM,Control,0hr,p-cresol sulfate,831.6666666666666
LOM,Control,0hr,palatinitol,37201
LOM,Control,0hr,palmitoleic acid,281.6666666666667
LOM,Control,0hr,panose,4463.666666666667
LOM,Control,0hr,pantothenic acid,799
LOM,Control,0hr,parabanic acid,3211
LOM,Control,0hr,"pentaerythritol, cyclic phosphate",1589.3333333333333
LOM,Control,0hr,pentamethylene bisacetamide,137
LOM,Control,0hr,pentitol,443.3333333333333
LOM,Control,0hr,perfluoroheptanoic acid,493.3333333333333
LOM,Control,0hr,perseitol,707
LOM,Control,0hr,phenol,6723
LOM,Control,0hr,phenyl sulfate,372.3333333333333
LOM,Control,0hr,phenylacetic acid,3149.6666666666665
LOM,Control,0hr,phenylalanine,58044.66666666667
LOM,Control,0hr,phenylethylamine,581.3333333333334
LOM,Control,0hr,phenylpyruvate,2088.3333333333335
LOM,Control,0hr,phosphate,45103.5
LOM,Control,0hr,pimelic acid,2690.3333333333335
LOM,Control,0hr,pinitol,2789.6666666666665
LOM,Control,0hr,pipecolinic acid,1673.3333333333333
LOM,Control,0hr,proline,20504
LOM,Control,0hr,proline betaine,34173.333333333336
LOM,Control,0hr,propyleneglycol,6106
LOM,Control,0hr,pseudo-uridine,5476.666666666667
LOM,Control,0hr,pseudouridine,528.6666666666666
LOM,Control,0hr,pyroGlu-Val,61.666666666666664
LOM,Control,0hr,pyroglutamic acid,936.6666666666666
LOM,Control,0hr,pyrrole-2-carboxylic acid,2918.3333333333335
LOM,Control,0hr,quinic acid,1415.6666666666667
LOM,Control,0hr,"quinoline-2,8-diol",122.33333333333333
LOM,Control,0hr,quinolinic acid,212.66666666666666
LOM,Control,0hr,raffinose,9448.333333333332
LOM,Control,0hr,ribonic acid,6661
LOM,Control,0hr,ribose,54473.666666666664
LOM,Control,0hr,ribulose,13594.666666666666
LOM,Control,0hr,ritalinic acid,541
LOM,Control,0hr,salicyl alcohol,4847
LOM,Control,0hr,salicylaldehyde,141854.33333333334
LOM,Control,0hr,salicylic acid,2334.6666666666665
LOM,Control,0hr,salicyluric acid,118.66666666666667
LOM,Control,0hr,sebacic acid,1577.3333333333333
LOM,Control,0hr,serine,107586.16666666666
LOM,Control,0hr,shikimic acid,3436
LOM,Control,0hr,sinigrin,1214.3333333333333
LOM,Control,0hr,sophorose,216735.66666666666
LOM,Control,0hr,sorbitol,9581
LOM,Control,0hr,stearic acid,1416421.6666666667
LOM,Control,0hr,stigmasterol,420
LOM,Control,0hr,suberic acid,2381
LOM,Control,0hr,succinate semialdehyde,8331
LOM,Control,0hr,succinic acid,7710.5
LOM,Control,0hr,sucrose,75684.16666666667
LOM,Control,0hr,sulfoacetic acid,169.33333333333334
LOM,Control,0hr,syringa-resinol,1379
LOM,Control,0hr,tagatose,2398.3333333333335
LOM,Control,0hr,terephthalic acid,8120
LOM,Control,0hr,tetracosane,24762.666666666668
LOM,Control,0hr,tetradecane-7-sulfonic acid,1452.3333333333333
LOM,Control,0hr,tetradecanedioic acid,862.6666666666666
LOM,Control,0hr,"tetradecanedioic acid, 5,6-dihydroxy-",10.666666666666666
LOM,Control,0hr,tetramethyl-4-piperidone,647.6666666666666
LOM,Control,0hr,threitol,847
LOM,Control,0hr,threonic acid,2347
LOM,Control,0hr,threonine,24597.666666666664
LOM,Control,0hr,threose,410.6666666666667
LOM,Control,0hr,thymidine,84645.66666666667
LOM,Control,0hr,thymine,50280.333333333336
LOM,Control,0hr,trans-4-hydroxyproline,359.3333333333333
LOM,Control,0hr,trehalose,2674947.6666666665
LOM,Control,0hr,trehalose-6-phosphate,1280
LOM,Control,0hr,trimethylamine,579
LOM,Control,0hr,tryptophan,7174.333333333334
LOM,Control,0hr,tyramine,4809.333333333333
LOM,Control,0hr,tyrosine,46545
LOM,Control,0hr,undecanedioic acid,1086.3333333333333
LOM,Control,0hr,uracil,32953.33333333333
LOM,Control,0hr,urea,14269
LOM,Control,0hr,uric acid,833.1666666666667
LOM,Control,0hr,uridine,19881.666666666668
LOM,Control,0hr,urocanic acid,332.6666666666667
LOM,Control,0hr,valine,280166.6666666667
LOM,Control,0hr,valine betaine,58.333333333333336
LOM,Control,0hr,vanillic acid,2076.6666666666665
LOM,Control,0hr,xanthine,2305.1666666666665
LOM,Control,0hr,xanthosine,347.3333333333333
LOM,Control,0hr,xanthurenic acid,158.33333333333334
LOM,Control,0hr,xylitol,3371
LOM,Control,0hr,xylose,82330.66666666667
LOM,Control,0hr,xylulose,18679
LOM,Control,0hr,NA,4216.724539646742
LOM,Control,24hr,(carbomethoxymethylene)-triphenylphosphorane,256
LOM,Control,24hr,"1,2,4-benzenetriol",4176
LOM,Control,24hr,"1,6-anhydro-glucose",472
LOM,Control,24hr,"1,6-diisopropylnaphthalene",735
LOM,Control,24hr,"1,7-bis(3,4-dihydroxyphenyl)-6-hydroxyheptan-3-one",91
LOM,Control,24hr,1-(2-hydroxyethylamino)-2-propanol,427.3333333333333
LOM,Control,24hr,1-kestose,15667.333333333334
LOM,Control,24hr,1-methyladenosine,2338.3333333333335
LOM,Control,24hr,1-methylguanidine,46.666666666666664
LOM,Control,24hr,1-monopalmitin,373
LOM,Control,24hr,1-octanesulfonic acid,977.6666666666666
LOM,Control,24hr,"12,13-DiHOME",8020
LOM,Control,24hr,"12-hydroxy-4-methyl-octahydro-3-benzoxecine-2,9-dione",665.3333333333334
LOM,Control,24hr,2'-deoxy-2'-fluoro-2'-methyluridine,197.33333333333334
LOM,Control,24hr,2'-deoxyadenosine,707
LOM,Control,24hr,2'-deoxycytidine,2608.3333333333335
LOM,Control,24hr,2'-deoxyguanosine,32733.333333333332
LOM,Control,24hr,2'-deoxyinosine,5310.333333333333
LOM,Control,24hr,2'-fucosyllactose,545.3333333333334
LOM,Control,24hr,"2,3-diaminopropionic acid",1129
LOM,Control,24hr,"2,3-dihydroxybenzenepropanoic acid",258.3333333333333
LOM,Control,24hr,"2,3-dihydroxypyridine",2147.6666666666665
LOM,Control,24hr,"2,4-dihydroxybutanoic acid",63.666666666666664
LOM,Control,24hr,"2,4-dinitrophenol",1796.6666666666667
LOM,Control,24hr,"2,4-hexadienedioic acid",649
LOM,Control,24hr,"2,6-diaminopimelic acid",158.66666666666666
LOM,Control,24hr,2-(5-methylpyrazol-1-yl)propanoic acid,345.6666666666667
LOM,Control,24hr,2-Deoxyinosine,37992
LOM,Control,24hr,2-amino-5-methoxyphenol,56.333333333333336
LOM,Control,24hr,2-benzothiazolesulfonic acid,2287.3333333333335
LOM,Control,24hr,2-deoxyadenosine,3554.3333333333335
LOM,Control,24hr,2-deoxyerythritol,5845
LOM,Control,24hr,2-deoxytetronic acid,2912
LOM,Control,24hr,2-hydroxy-5-methylbenzoic acid,66
LOM,Control,24hr,2-hydroxybenzoic acid-6-pentadecatriene,3003.3333333333335
LOM,Control,24hr,2-hydroxybutanoic acid,25871.333333333332
LOM,Control,24hr,2-hydroxyglutaric acid,2620.3333333333335
LOM,Control,24hr,2-hydroxyisocaproic acid,1073
LOM,Control,24hr,2-hydroxyisovaleric acid,8076.333333333333
LOM,Control,24hr,2-hydroxyoctanoic acid,346
LOM,Control,24hr,2-hydroxyphenethylamine,1396
LOM,Control,24hr,2-hydroxyvaleric acid,20389.666666666668
LOM,Control,24hr,2-isopropylmalic acid,63
LOM,Control,24hr,2-keto-3-deoxygluconic acid,186.33333333333334
LOM,Control,24hr,2-ketoadipic acid,35007.333333333336
LOM,Control,24hr,2-ketobutyric acid,6578
LOM,Control,24hr,2-ketoisocaproic acid,28987.666666666668
LOM,Control,24hr,2-ketoisovaleric acid,5122.666666666667
LOM,Control,24hr,2-ketomethionine,379.3333333333333
LOM,Control,24hr,2-methoxyphenol sulfate,711.6666666666666
LOM,Control,24hr,2-methyl-1-pyrroline,148.33333333333334
LOM,Control,24hr,2-methylglyceric acid,1866.3333333333333
LOM,Control,24hr,2-oct-7-enylpentanedioic acid,578.3333333333334
LOM,Control,24hr,2-oxindole-3-acetate,76.33333333333333
LOM,Control,24hr,2-picolinic acid,2396
LOM,Control,24hr,2-pyrrolidinone,57
LOM,Control,24hr,"3,4-dihydroxybenzoic acid",5403.333333333333
LOM,Control,24hr,"3,4-dihydroxycinnamic acid",1245
LOM,Control,24hr,"3,6-anhydro-D-galactose",486.3333333333333
LOM,Control,24hr,"3,8-dihydroxy-8-(hydroxymethyl)-4,4,11b-trimethyldodecahydro-6a,9-methanocyclohepta[a]naphthalene-2,6-dione",913
LOM,Control,24hr,3-(3-hydroxyphenyl)-3-hydroxypropionic acid,53
LOM,Control,24hr,3-(3-hydroxyphenyl)propionic acid,375.3333333333333
LOM,Control,24hr,3-(4-hydroxyphenyl)propionic acid,1202.3333333333333
LOM,Control,24hr,3-acetyl-5-methyloxolan-2-one,24.333333333333332
LOM,Control,24hr,3-amino-1-propanol,335.3333333333333
LOM,Control,24hr,3-aminoisobutyric acid,5964.666666666667
LOM,Control,24hr,3-dehydroshikimic acid,144
LOM,Control,24hr,3-dehydroxy-carnitine,1013
LOM,Control,24hr,3-deoxy-glycero-galacto-2-nonulosonic acid,6731.666666666667
LOM,Control,24hr,3-deoxyguanosine,1954.3333333333333
LOM,Control,24hr,"3-furancarboxylic acid, tetrahydro-4-methylene-2-octyl-5-oxo-",2718.3333333333335
LOM,Control,24hr,3-hydroxy-1-propanesulfonic acid,376.3333333333333
LOM,Control,24hr,3-hydroxy-3-methylglutaric acid,328.6666666666667
LOM,Control,24hr,3-hydroxyacetophenone,491.3333333333333
LOM,Control,24hr,3-hydroxybenzoic acid,1367.6666666666667
LOM,Control,24hr,3-hydroxybutyric acid,362638.3333333333
LOM,Control,24hr,3-hydroxyphenylacetic acid,114.33333333333333
LOM,Control,24hr,3-hydroxypropionic acid,16817
LOM,Control,24hr,3-hydroxysebacic acid,137.33333333333334
LOM,Control,24hr,3-isopropylmalic acid,405.6666666666667
LOM,Control,24hr,3-methyladipic acid,1035.6666666666667
LOM,Control,24hr,3-methylglutaric acid,119.33333333333333
LOM,Control,24hr,3-oxodeoxycholic acid,84.33333333333333
LOM,Control,24hr,3-pyridylacetic acid,7574
LOM,Control,24hr,"4,4'-sulfonyl-bis(2-allylphenol)",2393
LOM,Control,24hr,4-acetamido-butanoic acid,44.333333333333336
LOM,Control,24hr,"4-hydroxy-2,6-tetramethyl-1-piperidine ethanol",7214.333333333333
LOM,Control,24hr,4-hydroxybenzaldehyde,4473
LOM,Control,24hr,4-hydroxybenzoic acid,5855
LOM,Control,24hr,4-hydroxybutyric acid,26527
LOM,Control,24hr,4-hydroxycinnamic acid,5441
LOM,Control,24hr,4-hydroxyphenylacetic acid,1553.3333333333333
LOM,Control,24hr,4-hydroxyquinoline,53.666666666666664
LOM,Control,24hr,4-methylcatechol,46
LOM,Control,24hr,4-oxododecanedioic acid,559
LOM,Control,24hr,5-aminovaleric acid,1192.6666666666667
LOM,Control,24hr,5-hydroxyectoine,14259
LOM,Control,24hr,5-hydroxymethyl-2-furoic acid,2094.3333333333335
LOM,Control,24hr,5-methoxysalicylic acid,319.6666666666667
LOM,Control,24hr,5-methylcytosine,330
LOM,Control,24hr,6-hydroxynicotinic acid,1468
LOM,Control,24hr,"9-(2,3-dihydroxypropoxy)-9-oxononanoic acid",250.66666666666666
LOM,Control,24hr,9-hydroxydec-2-enoic acid,16124.333333333334
LOM,Control,24hr,Ala-Asp,263.6666666666667
LOM,Control,24hr,Ala-Thr,125
LOM,Control,24hr,Asn-Val,47.333333333333336
LOM,Control,24hr,Asp Leu,128
LOM,Control,24hr,Asp-Val,72.33333333333333
LOM,Control,24hr,Benzaldehyde-4-carboxylic acid,3084.6666666666665
LOM,Control,24hr,D-erythro-sphingosine,2493
LOM,Control,24hr,DG 18:2_18:2,319
LOM,Control,24hr,Dopamine,2739.6666666666665
LOM,Control,24hr,Gln-Asp,233
LOM,Control,24hr,Gln-Glu,214.33333333333334
LOM,Control,24hr,Glu-Gln,464
LOM,Control,24hr,Glu-Leu,881.3333333333334
LOM,Control,24hr,Gly Pro,288.6666666666667
LOM,Control,24hr,Gly-Asp,112
LOM,Control,24hr,Gly-Met,191
LOM,Control,24hr,Ile-Ala,274.6666666666667
LOM,Control,24hr,Ile-Glu,2636
LOM,Control,24hr,Ile-Pro,188.66666666666666
LOM,Control,24hr,L-Methionine,231.33333333333334
LOM,Control,24hr,MOPS,122.66666666666667
LOM,Control,24hr,"N,N,N-trimethyl-5-aminovalerate",560.6666666666666
LOM,Control,24hr,"N,N-dimethyl-proline-proline betaine",507.6666666666667
LOM,Control,24hr,N-(5-methyl-3-isoxazolyl)benzenesulfonamide,1111.6666666666667
LOM,Control,24hr,N-acetyl-D-galactosamine,50428.333333333336
LOM,Control,24hr,N-acetyl-glucosaminitol,47.333333333333336
LOM,Control,24hr,N-acetyl-glutamic acid,149.33333333333334
LOM,Control,24hr,N-acetyl-lactosamine,999.3333333333334
LOM,Control,24hr,N-acetyl-ornithine,170.66666666666666
LOM,Control,24hr,N-acetyl-serine,493.6666666666667
LOM,Control,24hr,N-acetyl-valine,79.66666666666667
LOM,Control,24hr,N-acetylglutamate,332
LOM,Control,24hr,N-acetylmannosamine,34012.333333333336
LOM,Control,24hr,N-carbamoylaspartate,323
LOM,Control,24hr,N-formylanthranilic acid,345.3333333333333
LOM,Control,24hr,N-formylpiperidine,694.3333333333334
LOM,Control,24hr,N-methylglutamic acid,12645.333333333334
LOM,Control,24hr,N-methylproline,83
LOM,Control,24hr,N6-methyl-2'-deoxyadenosine,208.66666666666666
LOM,Control,24hr,PE 18:0_18:0,137.66666666666666
LOM,Control,24hr,PI 38:6,25.666666666666668
LOM,Control,24hr,Phe-Glu,371
LOM,Control,24hr,Pro-Ile,367.3333333333333
LOM,Control,24hr,Pro-Thr,231
LOM,Control,24hr,Ser-Asp,224.66666666666666
LOM,Control,24hr,TMAO,23.666666666666668
LOM,Control,24hr,Thr-Leu,366.3333333333333
LOM,Control,24hr,Traumatic Acid,714
LOM,Control,24hr,UDP-N-acetylglucosamine,41327
LOM,Control,24hr,Val Glu Leu,240
LOM,Control,24hr,Val-Thr,1005
LOM,Control,24hr,aconitic acid,705.6666666666666
LOM,Control,24hr,acylcarnitine 02:0,638.3333333333334
LOM,Control,24hr,acylcarnitine 03:0,160
LOM,Control,24hr,"acylcarnitine 04:0, branched",399.3333333333333
LOM,Control,24hr,acylcarnitine 16:0,372
LOM,Control,24hr,"acylcarnitine, isovaleryl-",99
LOM,Control,24hr,"acylcarnitine, malonyl-",24.666666666666668
LOM,Control,24hr,adenosine,2962.6666666666665
LOM,Control,24hr,adipic acid,16606.333333333332
LOM,Control,24hr,alanine,482909
LOM,Control,24hr,alanine betaine,422.3333333333333
LOM,Control,24hr,alanine-alanine,1841.3333333333333
LOM,Control,24hr,aleuritic acid,1229.3333333333333
LOM,Control,24hr,allantoin,562.6666666666666
LOM,Control,24hr,alpha-aminoadipic acid,212
LOM,Control,24hr,alpha-artemisic acid,1077.6666666666667
LOM,Control,24hr,alpha-ketoglutarate,2277.6666666666665
LOM,Control,24hr,anthranilic acid,1307.6666666666667
LOM,Control,24hr,arabitol,224.33333333333334
LOM,Control,24hr,arachidic acid,19358.666666666668
LOM,Control,24hr,aspartic acid,58253
LOM,Control,24hr,azelaic acid,4332.5
LOM,Control,24hr,behenic acid,6666.666666666667
LOM,Control,24hr,"benzenesulfonic acid, decyl-",57713
LOM,Control,24hr,benzoic acid,145917.66666666666
LOM,Control,24hr,benzothiazole,33196
LOM,Control,24hr,benzyltriethylammonium,243
LOM,Control,24hr,benzyltrimethylammonium,684.6666666666666
LOM,Control,24hr,beta-alanine,11647.333333333334
LOM,Control,24hr,beta-gentiobiose,19206
LOM,Control,24hr,beta-glutamic acid,184.66666666666666
LOM,Control,24hr,beta-mannosylglycerate,553905
LOM,Control,24hr,beta-sitosterol,18789.333333333332
LOM,Control,24hr,beta-sitosteryl sulfate,14.333333333333334
LOM,Control,24hr,betaine,285705
LOM,Control,24hr,betaine aldehyde,49.333333333333336
LOM,Control,24hr,bis-ferulamidobutane,167.66666666666666
LOM,Control,24hr,"butane-2,3-diol",11107
LOM,Control,24hr,butyraldehyde,601.6666666666666
LOM,Control,24hr,butyrolactam,21531
LOM,Control,24hr,cadaverine,1334.6666666666667
LOM,Control,24hr,carnosol,353.3333333333333
LOM,Control,24hr,ceanothic acid,76.66666666666667
LOM,Control,24hr,cellobiose,8941.333333333334
LOM,Control,24hr,cerotinic acid,1329.6666666666667
LOM,Control,24hr,"cholan-24-oic acid, 12-hydroxy-3-oxo-",39
LOM,Control,24hr,cholesterol,5964.666666666666
LOM,Control,24hr,choline,8150.333333333333
LOM,Control,24hr,cinnamic acid,247.66666666666666
LOM,Control,24hr,citramalic acid,1294
LOM,Control,24hr,citric acid,4350.666666666667
LOM,Control,24hr,citrulline,2462.6666666666665
LOM,Control,24hr,citrusin VI,42
LOM,Control,24hr,conduritol-beta-epoxide,40519
LOM,Control,24hr,creatine,116.33333333333333
LOM,Control,24hr,creatinine,113
LOM,Control,24hr,cysteic acid,458.3333333333333
LOM,Control,24hr,cysteine S-sulfate,610
LOM,Control,24hr,cysteine sulfonic acid,74
LOM,Control,24hr,cytidine,413
LOM,Control,24hr,cytosine,294.3333333333333
LOM,Control,24hr,dehydroabietic acid,4217.166666666667
LOM,Control,24hr,deoxyguanosine,496
LOM,Control,24hr,deoxypentitol,1496.3333333333333
LOM,Control,24hr,dihydrocaffeic acid 3-glucuronide,109
LOM,Control,24hr,dihydrophaseic acid,406.6666666666667
LOM,Control,24hr,dihydroxy-octadecadienoic acid,242
LOM,Control,24hr,dihydroxyacetone,23074.333333333332
LOM,Control,24hr,dimethyldioctadecylammonium,962528.6666666666
LOM,Control,24hr,dodecanedioic acid,408
LOM,Control,24hr,dodecanol,1627
LOM,Control,24hr,ectoine,1261.3333333333333
LOM,Control,24hr,erythritol,1503
LOM,Control,24hr,erythronic acid lactone,663.3333333333334
LOM,Control,24hr,erythrose,399.3333333333333
LOM,Control,24hr,ethanolamine,113386.33333333333
LOM,Control,24hr,ferulic acid,483.8333333333333
LOM,Control,24hr,ferulic acid 4-sulfate,796
LOM,Control,24hr,fructose,23531.833333333336
LOM,Control,24hr,fucose,12870.666666666666
LOM,Control,24hr,fumaric acid,21053
LOM,Control,24hr,furfurylmethylamine,49.666666666666664
LOM,Control,24hr,galactinol,582726
LOM,Control,24hr,galacto-N-biose,399.6666666666667
LOM,Control,24hr,galactose,24656
LOM,Control,24hr,galacturonic acid,2395.3333333333335
LOM,Control,24hr,gamma-aminobutyric acid,4951
LOM,Control,24hr,glucoheptose,4357.666666666667
LOM,Control,24hr,glucoheptulose,3625
LOM,Control,24hr,gluconic acid,7455.333333333334
LOM,Control,24hr,gluconic acid lactone,1869.3333333333333
LOM,Control,24hr,glucose,243538.83333333334
LOM,Control,24hr,glutamic acid,154792.8333333333
LOM,Control,24hr,glutamine,109.66666666666667
LOM,Control,24hr,glutamyl-valine,2850.3333333333335
LOM,Control,24hr,glutaric acid,1495.3333333333333
LOM,Control,24hr,glyceric acid,46996.333333333336
LOM,Control,24hr,glycerol,342120.6666666667
LOM,Control,24hr,glycerol-3-galactoside,40995
LOM,Control,24hr,glycerol-alpha-phosphate,12709.666666666666
LOM,Control,24hr,glycine,88070.66666666667
LOM,Control,24hr,glycolic acid,48203
LOM,Control,24hr,glycyl proline,5352.666666666667
LOM,Control,24hr,guanine,4679.166666666667
LOM,Control,24hr,guanosine,8529.166666666666
LOM,Control,24hr,heptadecanoic acid,9053.333333333334
LOM,Control,24hr,hexadecanedioic acid,25258.666666666668
LOM,Control,24hr,histidine,488.3333333333333
LOM,Control,24hr,homarine,548.3333333333334
LOM,Control,24hr,homocitrulline,107.66666666666667
LOM,Control,24hr,homoserine,5540
LOM,Control,24hr,homostachydrine,207
LOM,Control,24hr,homovanillic acid,92.33333333333333
LOM,Control,24hr,hypoxanthine,3121.3333333333335
LOM,Control,24hr,indigotin,399.3333333333333
LOM,Control,24hr,indole-3-acetate,928.6666666666666
LOM,Control,24hr,indole-3-acetyl-glutamine,61.333333333333336
LOM,Control,24hr,indole-3-lactate,308.3333333333333
LOM,Control,24hr,indole-6-carboxaldehyde,44.333333333333336
LOM,Control,24hr,inosine,19243
LOM,Control,24hr,inositol,997.3333333333334
LOM,Control,24hr,inositol-4-monophosphate,23422.666666666668
LOM,Control,24hr,isobutylamine,6357.333333333333
LOM,Control,24hr,isoleucine,208253.16666666666
LOM,Control,24hr,isomaltose,4480.666666666667
LOM,Control,24hr,isothreonic acid,29589
LOM,Control,24hr,ketoisoleucine,3304.3333333333335
LOM,Control,24hr,lactic acid,18442.666666666668
LOM,Control,24hr,lactobionic acid,38042
LOM,Control,24hr,lactose,92132
LOM,Control,24hr,lactulose,4316.333333333333
LOM,Control,24hr,laurdan,2743.3333333333335
LOM,Control,24hr,leucine,398596.5
LOM,Control,24hr,leucrose,1065.3333333333333
LOM,Control,24hr,levoglucosan,3798.3333333333335
LOM,Control,24hr,lignoceric acid,1870.6666666666667
LOM,Control,24hr,linoleic acid,9019.333333333334
LOM,Control,24hr,linolenic acid,87.66666666666667
LOM,Control,24hr,lysine,572.3333333333334
LOM,Control,24hr,lyxitol,59493.666666666664
LOM,Control,24hr,lyxose,3543.3333333333335
LOM,Control,24hr,malic acid,7514.666666666667
LOM,Control,24hr,malonamide,373.6666666666667
LOM,Control,24hr,malonic acid,384.6666666666667
LOM,Control,24hr,maltitol,13003
LOM,Control,24hr,maltose,13333.333333333334
LOM,Control,24hr,maltotetraose,969.3333333333334
LOM,Control,24hr,maltotriitol,25952.666666666668
LOM,Control,24hr,maltotriose,56602
LOM,Control,24hr,mandelic acid,2486
LOM,Control,24hr,mannitol,65039
LOM,Control,24hr,mannoheptulose,1056.6666666666667
LOM,Control,24hr,mannonic acid,1340.3333333333333
LOM,Control,24hr,mannose-6-phosphate,126.66666666666667
LOM,Control,24hr,mannuronic acid,2750
LOM,Control,24hr,methanolphosphate,1501
LOM,Control,24hr,methionine,25620
LOM,Control,24hr,methionine sulfoxide,3343.6666666666665
LOM,Control,24hr,methyl lactoside,147
LOM,Control,24hr,methyl violet B,687.6666666666666
LOM,Control,24hr,methyl-4-hydroxybenzoate,510.3333333333333
LOM,Control,24hr,methylmaleic acid,392
LOM,Control,24hr,mevalonic acid,225.33333333333334
LOM,Control,24hr,montanic acid,2142.3333333333335
LOM,Control,24hr,myo-inositol,415615.6666666667
LOM,Control,24hr,myristic acid,5193.666666666667
LOM,Control,24hr,neohesperidose,481.3333333333333
LOM,Control,24hr,neomycin B,77.66666666666667
LOM,Control,24hr,nicotinic acid,11708
LOM,Control,24hr,nonadecanoic acid,1274.6666666666667
LOM,Control,24hr,norgestrel,404.33333333333337
LOM,Control,24hr,o-toluic acid,3506.6666666666665
LOM,Control,24hr,"octadecanoic acid, 9,10,18-trihydroxy-",1187.6666666666667
LOM,Control,24hr,octadecanol,852.3333333333334
LOM,Control,24hr,oleic acid,7234
LOM,Control,24hr,ornithine,5558
LOM,Control,24hr,orotic acid,432.5
LOM,Control,24hr,oxoproline,1377018.3333333333
LOM,Control,24hr,p-cresol glucuronide,29.666666666666668
LOM,Control,24hr,p-cresol sulfate,866.6666666666666
LOM,Control,24hr,palatinitol,24526
LOM,Control,24hr,palmitoleic acid,296
LOM,Control,24hr,panose,5851.666666666667
LOM,Control,24hr,pantothenic acid,1171.6666666666667
LOM,Control,24hr,parabanic acid,375
LOM,Control,24hr,"pentaerythritol, cyclic phosphate",1543.6666666666667
LOM,Control,24hr,pentamethylene bisacetamide,57
LOM,Control,24hr,pentitol,572
LOM,Control,24hr,perfluoroheptanoic acid,460
LOM,Control,24hr,perseitol,582
LOM,Control,24hr,phenol,7754.666666666667
LOM,Control,24hr,phenyl sulfate,316.3333333333333
LOM,Control,24hr,phenylacetic acid,4322.666666666667
LOM,Control,24hr,phenylalanine,82518.5
LOM,Control,24hr,phenylethylamine,719
LOM,Control,24hr,phenylpyruvate,1944.3333333333333
LOM,Control,24hr,phosphate,33815.333333333336
LOM,Control,24hr,pimelic acid,2258.6666666666665
LOM,Control,24hr,pinitol,2432.3333333333335
LOM,Control,24hr,pipecolinic acid,789.6666666666666
LOM,Control,24hr,proline,18488.333333333332
LOM,Control,24hr,proline betaine,25278.666666666668
LOM,Control,24hr,propyleneglycol,7580
LOM,Control,24hr,pseudo-uridine,4839.666666666667
LOM,Control,24hr,pseudouridine,469
LOM,Control,24hr,pyroGlu-Val,102.33333333333333
LOM,Control,24hr,pyroglutamic acid,703.3333333333334
LOM,Control,24hr,pyrrole-2-carboxylic acid,1512.6666666666667
LOM,Control,24hr,quinic acid,1215.6666666666667
LOM,Control,24hr,"quinoline-2,8-diol",135.33333333333334
LOM,Control,24hr,quinolinic acid,347.3333333333333
LOM,Control,24hr,raffinose,34874
LOM,Control,24hr,ribonic acid,8796
LOM,Control,24hr,ribose,42327
LOM,Control,24hr,ribulose,11154.333333333334
LOM,Control,24hr,ritalinic acid,412.3333333333333
LOM,Control,24hr,salicyl alcohol,2998.3333333333335
LOM,Control,24hr,salicylaldehyde,123095
LOM,Control,24hr,salicylic acid,2230
LOM,Control,24hr,salicyluric acid,114.66666666666667
LOM,Control,24hr,sebacic acid,1593
LOM,Control,24hr,serine,128218.33333333334
LOM,Control,24hr,shikimic acid,2766.3333333333335
LOM,Control,24hr,sinigrin,1267.3333333333333
LOM,Control,24hr,sophorose,200907.33333333334
LOM,Control,24hr,sorbitol,7193.666666666667
LOM,Control,24hr,stearic acid,1214040.6666666667
LOM,Control,24hr,stigmasterol,488.6666666666667
LOM,Control,24hr,suberic acid,2624.1666666666665
LOM,Control,24hr,succinate semialdehyde,5191.333333333333
LOM,Control,24hr,succinic acid,9339.833333333334
LOM,Control,24hr,sucrose,56045.666666666664
LOM,Control,24hr,sulfoacetic acid,133.66666666666666
LOM,Control,24hr,syringa-resinol,1174.3333333333333
LOM,Control,24hr,tagatose,1874.6666666666667
LOM,Control,24hr,terephthalic acid,7795.333333333333
LOM,Control,24hr,tetracosane,23122.333333333332
LOM,Control,24hr,tetradecane-7-sulfonic acid,3574.6666666666665
LOM,Control,24hr,tetradecanedioic acid,677.6666666666666
LOM,Control,24hr,"tetradecanedioic acid, 5,6-dihydroxy-",13.666666666666666
LOM,Control,24hr,tetramethyl-4-piperidone,369.3333333333333
LOM,Control,24hr,threitol,980.3333333333334
LOM,Control,24hr,threonic acid,1778.3333333333333
LOM,Control,24hr,threonine,23733.333333333332
LOM,Control,24hr,threose,264.6666666666667
LOM,Control,24hr,thymidine,101256.33333333333
LOM,Control,24hr,thymine,41782
LOM,Control,24hr,trans-4-hydroxyproline,735.3333333333334
LOM,Control,24hr,trehalose,4077918.3333333335
LOM,Control,24hr,trehalose-6-phosphate,1568.6666666666667
LOM,Control,24hr,trimethylamine,597
LOM,Control,24hr,tryptophan,8085.333333333334
LOM,Control,24hr,tyramine,5396.333333333333
LOM,Control,24hr,tyrosine,46732.833333333336
LOM,Control,24hr,undecanedioic acid,1002.6666666666666
LOM,Control,24hr,uracil,37222.666666666664
LOM,Control,24hr,urea,13739.666666666666
LOM,Control,24hr,uric acid,378.6666666666667
LOM,Control,24hr,uridine,34629
LOM,Control,24hr,urocanic acid,344
LOM,Control,24hr,valine,194884.33333333334
LOM,Control,24hr,valine betaine,40.333333333333336
LOM,Control,24hr,vanillic acid,2071.6666666666665
LOM,Control,24hr,xanthine,1381.3333333333333
LOM,Control,24hr,xanthosine,6113.666666666666
LOM,Control,24hr,xanthurenic acid,125
LOM,Control,24hr,xylitol,5337.333333333333
LOM,Control,24hr,xylose,57382.666666666664
LOM,Control,24hr,xylulose,14816.333333333334
LOM,Control,24hr,NA,2929.2535687453137
LOM,Control,72hr,(carbomethoxymethylene)-triphenylphosphorane,59.666666666666664
LOM,Control,72hr,"1,2,4-benzenetriol",3891.3333333333335
LOM,Control,72hr,"1,6-anhydro-glucose",462.6666666666667
LOM,Control,72hr,"1,6-diisopropylnaphthalene",517.3333333333334
LOM,Control,72hr,"1,7-bis(3,4-dihydroxyphenyl)-6-hydroxyheptan-3-one",123.33333333333333
LOM,Control,72hr,1-(2-hydroxyethylamino)-2-propanol,430
LOM,Control,72hr,1-kestose,7978.666666666667
LOM,Control,72hr,1-methyladenosine,2198.6666666666665
LOM,Control,72hr,1-methylguanidine,84.66666666666667
LOM,Control,72hr,1-monopalmitin,316.3333333333333
LOM,Control,72hr,1-octanesulfonic acid,798
LOM,Control,72hr,"12,13-DiHOME",8855.333333333334
LOM,Control,72hr,"12-hydroxy-4-methyl-octahydro-3-benzoxecine-2,9-dione",879
LOM,Control,72hr,2'-deoxy-2'-fluoro-2'-methyluridine,212.66666666666666
LOM,Control,72hr,2'-deoxyadenosine,662.6666666666666
LOM,Control,72hr,2'-deoxycytidine,1837.3333333333333
LOM,Control,72hr,2'-deoxyguanosine,46311
LOM,Control,72hr,2'-deoxyinosine,5315.666666666667
LOM,Control,72hr,2'-fucosyllactose,313.3333333333333
LOM,Control,72hr,"2,3-diaminopropionic acid",704
LOM,Control,72hr,"2,3-dihydroxybenzenepropanoic acid",219.33333333333334
LOM,Control,72hr,"2,3-dihydroxypyridine",2702.6666666666665
LOM,Control,72hr,"2,4-dihydroxybutanoic acid",68.66666666666667
LOM,Control,72hr,"2,4-dinitrophenol",2059.3333333333335
LOM,Control,72hr,"2,4-hexadienedioic acid",694.3333333333334
LOM,Control,72hr,"2,6-diaminopimelic acid",136
LOM,Control,72hr,2-(5-methylpyrazol-1-yl)propanoic acid,301
LOM,Control,72hr,2-Deoxyinosine,41007.666666666664
LOM,Control,72hr,2-amino-5-methoxyphenol,52.666666666666664
LOM,Control,72hr,2-benzothiazolesulfonic acid,1079
LOM,Control,72hr,2-deoxyadenosine,2800.3333333333335
LOM,Control,72hr,2-deoxyerythritol,62339.33333333333
LOM,Control,72hr,2-deoxytetronic acid,3686
LOM,Control,72hr,2-hydroxy-5-methylbenzoic acid,56
LOM,Control,72hr,2-hydroxybenzoic acid-6-pentadecatriene,2774.6666666666665
LOM,Control,72hr,2-hydroxybutanoic acid,75297.33333333334
LOM,Control,72hr,2-hydroxyglutaric acid,2522.6666666666665
LOM,Control,72hr,2-hydroxyisocaproic acid,2261.6666666666665
LOM,Control,72hr,2-hydroxyisovaleric acid,8594.333333333334
LOM,Control,72hr,2-hydroxyoctanoic acid,423.3333333333333
LOM,Control,72hr,2-hydroxyphenethylamine,1484.3333333333333
LOM,Control,72hr,2-hydroxyvaleric acid,23879.333333333332
LOM,Control,72hr,2-isopropylmalic acid,71.33333333333333
LOM,Control,72hr,2-keto-3-deoxygluconic acid,169.33333333333334
LOM,Control,72hr,2-ketoadipic acid,46555.333333333336
LOM,Control,72hr,2-ketobutyric acid,6865.666666666667
LOM,Control,72hr,2-ketoisocaproic acid,18375
LOM,Control,72hr,2-ketoisovaleric acid,3285.6666666666665
LOM,Control,72hr,2-ketomethionine,141
LOM,Control,72hr,2-methoxyphenol sulfate,779
LOM,Control,72hr,2-methyl-1-pyrroline,149
LOM,Control,72hr,2-methylglyceric acid,1692
LOM,Control,72hr,2-oct-7-enylpentanedioic acid,811.3333333333334
LOM,Control,72hr,2-oxindole-3-acetate,56.333333333333336
LOM,Control,72hr,2-picolinic acid,2183.6666666666665
LOM,Control,72hr,2-pyrrolidinone,71.66666666666667
LOM,Control,72hr,"3,4-dihydroxybenzoic acid",5893
LOM,Control,72hr,"3,4-dihydroxycinnamic acid",1266.3333333333333
LOM,Control,72hr,"3,6-anhydro-D-galactose",419.3333333333333
LOM,Control,72hr,"3,8-dihydroxy-8-(hydroxymethyl)-4,4,11b-trimethyldodecahydro-6a,9-methanocyclohepta[a]naphthalene-2,6-dione",1607.6666666666667
LOM,Control,72hr,3-(3-hydroxyphenyl)-3-hydroxypropionic acid,108
LOM,Control,72hr,3-(3-hydroxyphenyl)propionic acid,399.6666666666667
LOM,Control,72hr,3-(4-hydroxyphenyl)propionic acid,1146
LOM,Control,72hr,3-acetyl-5-methyloxolan-2-one,21.666666666666668
LOM,Control,72hr,3-amino-1-propanol,308.6666666666667
LOM,Control,72hr,3-aminoisobutyric acid,5587.333333333333
LOM,Control,72hr,3-dehydroshikimic acid,182
LOM,Control,72hr,3-dehydroxy-carnitine,1166.3333333333333
LOM,Control,72hr,3-deoxy-glycero-galacto-2-nonulosonic acid,6119.333333333333
LOM,Control,72hr,3-deoxyguanosine,2044.6666666666667
LOM,Control,72hr,"3-furancarboxylic acid, tetrahydro-4-methylene-2-octyl-5-oxo-",3044
LOM,Control,72hr,3-hydroxy-1-propanesulfonic acid,381
LOM,Control,72hr,3-hydroxy-3-methylglutaric acid,607.6666666666666
LOM,Control,72hr,3-hydroxyacetophenone,359
LOM,Control,72hr,3-hydroxybenzoic acid,1492.6666666666667
LOM,Control,72hr,3-hydroxybutyric acid,368386
LOM,Control,72hr,3-hydroxyphenylacetic acid,126.33333333333333
LOM,Control,72hr,3-hydroxypropionic acid,18360.666666666668
LOM,Control,72hr,3-hydroxysebacic acid,177.33333333333334
LOM,Control,72hr,3-isopropylmalic acid,473.6666666666667
LOM,Control,72hr,3-methyladipic acid,1616.6666666666667
LOM,Control,72hr,3-methylglutaric acid,152.33333333333334
LOM,Control,72hr,3-oxodeoxycholic acid,170.33333333333334
LOM,Control,72hr,3-pyridylacetic acid,1822.6666666666667
LOM,Control,72hr,"4,4'-sulfonyl-bis(2-allylphenol)",192906.6666666667
LOM,Control,72hr,4-acetamido-butanoic acid,90.66666666666667
LOM,Control,72hr,"4-hydroxy-2,6-tetramethyl-1-piperidine ethanol",4581.666666666667
LOM,Control,72hr,4-hydroxybenzaldehyde,1442.3333333333333
LOM,Control,72hr,4-hydroxybenzoic acid,6001.333333333333
LOM,Control,72hr,4-hydroxybutyric acid,34753
LOM,Control,72hr,4-hydroxycinnamic acid,5757
LOM,Control,72hr,4-hydroxyphenylacetic acid,1414.6666666666667
LOM,Control,72hr,4-hydroxyquinoline,61.333333333333336
LOM,Control,72hr,4-methylcatechol,70.33333333333333
LOM,Control,72hr,4-oxododecanedioic acid,1095
LOM,Control,72hr,5-aminovaleric acid,1531.3333333333333
LOM,Control,72hr,5-hydroxyectoine,10629.666666666666
LOM,Control,72hr,5-hydroxymethyl-2-furoic acid,1693
LOM,Control,72hr,5-methoxysalicylic acid,357.3333333333333
LOM,Control,72hr,5-methylcytosine,372.3333333333333
LOM,Control,72hr,6-hydroxynicotinic acid,1666.6666666666667
LOM,Control,72hr,"9-(2,3-dihydroxypropoxy)-9-oxononanoic acid",552.3333333333334
LOM,Control,72hr,9-hydroxydec-2-enoic acid,15932.666666666666
LOM,Control,72hr,Ala-Asp,174
LOM,Control,72hr,Ala-Thr,88.33333333333333
LOM,Control,72hr,Asn-Val,45.333333333333336
LOM,Control,72hr,Asp Leu,130.66666666666666
LOM,Control,72hr,Asp-Val,59
LOM,Control,72hr,Benzaldehyde-4-carboxylic acid,2462.6666666666665
LOM,Control,72hr,D-erythro-sphingosine,1903.6666666666667
LOM,Control,72hr,DG 18:2_18:2,389
LOM,Control,72hr,Dopamine,3922.3333333333335
LOM,Control,72hr,Gln-Asp,52.333333333333336
LOM,Control,72hr,Gln-Glu,92.33333333333333
LOM,Control,72hr,Glu-Gln,83.33333333333333
LOM,Control,72hr,Glu-Leu,685.3333333333334
LOM,Control,72hr,Gly Pro,293.6666666666667
LOM,Control,72hr,Gly-Asp,94.33333333333333
LOM,Control,72hr,Gly-Met,178
LOM,Control,72hr,Ile-Ala,203.66666666666666
LOM,Control,72hr,Ile-Glu,1771.3333333333333
LOM,Control,72hr,Ile-Pro,180.66666666666666
LOM,Control,72hr,L-Methionine,274.3333333333333
LOM,Control,72hr,MOPS,82
LOM,Control,72hr,"N,N,N-trimethyl-5-aminovalerate",747.3333333333334
LOM,Control,72hr,"N,N-dimethyl-proline-proline betaine",437
LOM,Control,72hr,N-(5-methyl-3-isoxazolyl)benzenesulfonamide,1221.3333333333333
LOM,Control,72hr,N-acetyl-D-galactosamine,29759.333333333332
LOM,Control,72hr,N-acetyl-glucosaminitol,29
LOM,Control,72hr,N-acetyl-glutamic acid,145
LOM,Control,72hr,N-acetyl-lactosamine,811.6666666666666
LOM,Control,72hr,N-acetyl-ornithine,181.33333333333334
LOM,Control,72hr,N-acetyl-serine,541.6666666666666
LOM,Control,72hr,N-acetyl-valine,91.66666666666667
LOM,Control,72hr,N-acetylglutamate,286
LOM,Control,72hr,N-acetylmannosamine,33467
LOM,Control,72hr,N-carbamoylaspartate,313
LOM,Control,72hr,N-formylanthranilic acid,401.3333333333333
LOM,Control,72hr,N-formylpiperidine,3641
LOM,Control,72hr,N-methylglutamic acid,13889.666666666666
LOM,Control,72hr,N-methylproline,85
LOM,Control,72hr,N6-methyl-2'-deoxyadenosine,258.3333333333333
LOM,Control,72hr,PE 18:0_18:0,284
LOM,Control,72hr,PI 38:6,38.666666666666664
LOM,Control,72hr,Phe-Glu,230.66666666666666
LOM,Control,72hr,Pro-Ile,308
LOM,Control,72hr,Pro-Thr,240.66666666666666
LOM,Control,72hr,Ser-Asp,119
LOM,Control,72hr,TMAO,45
LOM,Control,72hr,Thr-Leu,279.6666666666667
LOM,Control,72hr,Traumatic Acid,990.6666666666666
LOM,Control,72hr,UDP-N-acetylglucosamine,33491.333333333336
LOM,Control,72hr,Val Glu Leu,249
LOM,Control,72hr,Val-Thr,836.6666666666666
LOM,Control,72hr,aconitic acid,1937.3333333333335
LOM,Control,72hr,acylcarnitine 02:0,658
LOM,Control,72hr,acylcarnitine 03:0,154.66666666666666
LOM,Control,72hr,"acylcarnitine 04:0, branched",365.3333333333333
LOM,Control,72hr,acylcarnitine 16:0,493.6666666666667
LOM,Control,72hr,"acylcarnitine, isovaleryl-",123.66666666666667
LOM,Control,72hr,"acylcarnitine, malonyl-",22
LOM,Control,72hr,adenosine,2852
LOM,Control,72hr,adipic acid,35254.666666666664
LOM,Control,72hr,alanine,569884
LOM,Control,72hr,alanine betaine,399.3333333333333
LOM,Control,72hr,alanine-alanine,2833.3333333333335
LOM,Control,72hr,aleuritic acid,895.6666666666666
LOM,Control,72hr,allantoin,338.3333333333333
LOM,Control,72hr,alpha-aminoadipic acid,199
LOM,Control,72hr,alpha-artemisic acid,1158
LOM,Control,72hr,alpha-ketoglutarate,1496
LOM,Control,72hr,anthranilic acid,1278.6666666666667
LOM,Control,72hr,arabitol,117
LOM,Control,72hr,arachidic acid,20421.666666666668
LOM,Control,72hr,aspartic acid,33891
LOM,Control,72hr,azelaic acid,7006.5
LOM,Control,72hr,behenic acid,7486.666666666667
LOM,Control,72hr,"benzenesulfonic acid, decyl-",59080.333333333336
LOM,Control,72hr,benzoic acid,130529
LOM,Control,72hr,benzothiazole,35723
LOM,Control,72hr,benzyltriethylammonium,121
LOM,Control,72hr,benzyltrimethylammonium,253.66666666666666
LOM,Control,72hr,beta-alanine,9394.666666666666
LOM,Control,72hr,beta-gentiobiose,18351
LOM,Control,72hr,beta-glutamic acid,192
LOM,Control,72hr,beta-mannosylglycerate,573027.6666666666
LOM,Control,72hr,beta-sitosterol,21843.333333333332
LOM,Control,72hr,beta-sitosteryl sulfate,24.666666666666668
LOM,Control,72hr,betaine,279063
LOM,Control,72hr,betaine aldehyde,43.333333333333336
LOM,Control,72hr,bis-ferulamidobutane,326.6666666666667
LOM,Control,72hr,"butane-2,3-diol",40139.333333333336
LOM,Control,72hr,butyraldehyde,1295
LOM,Control,72hr,butyrolactam,17960.666666666668
LOM,Control,72hr,cadaverine,772.6666666666666
LOM,Control,72hr,carnosol,588.3333333333334
LOM,Control,72hr,ceanothic acid,140
LOM,Control,72hr,cellobiose,11372.333333333334
LOM,Control,72hr,cerotinic acid,1553.6666666666667
LOM,Control,72hr,"cholan-24-oic acid, 12-hydroxy-3-oxo-",75.33333333333333
LOM,Control,72hr,cholesterol,1150.6666666666667
LOM,Control,72hr,choline,9100.666666666666
LOM,Control,72hr,cinnamic acid,199.66666666666666
LOM,Control,72hr,citramalic acid,1681.3333333333333
LOM,Control,72hr,citric acid,2697
LOM,Control,72hr,citrulline,2400.6666666666665
LOM,Control,72hr,citrusin VI,32.666666666666664
LOM,Control,72hr,conduritol-beta-epoxide,43641.333333333336
LOM,Control,72hr,creatine,193.66666666666666
LOM,Control,72hr,creatinine,186
LOM,Control,72hr,cysteic acid,374.3333333333333
LOM,Control,72hr,cysteine S-sulfate,584
LOM,Control,72hr,cysteine sulfonic acid,271
LOM,Control,72hr,cytidine,362.3333333333333
LOM,Control,72hr,cytosine,221.5
LOM,Control,72hr,dehydroabietic acid,2305.1666666666665
LOM,Control,72hr,deoxyguanosine,642.3333333333334
LOM,Control,72hr,deoxypentitol,1002
LOM,Control,72hr,dihydrocaffeic acid 3-glucuronide,141
LOM,Control,72hr,dihydrophaseic acid,960.6666666666666
LOM,Control,72hr,dihydroxy-octadecadienoic acid,276.6666666666667
LOM,Control,72hr,dihydroxyacetone,30032.333333333332
LOM,Control,72hr,dimethyldioctadecylammonium,181014
LOM,Control,72hr,dodecanedioic acid,512.3333333333334
LOM,Control,72hr,dodecanol,2219
LOM,Control,72hr,ectoine,907
LOM,Control,72hr,erythritol,1881.6666666666667
LOM,Control,72hr,erythronic acid lactone,671.3333333333334
LOM,Control,72hr,erythrose,311
LOM,Control,72hr,ethanolamine,129288
LOM,Control,72hr,ferulic acid,532.1666666666666
LOM,Control,72hr,ferulic acid 4-sulfate,923.6666666666666
LOM,Control,72hr,fructose,42291.33333333333
LOM,Control,72hr,fucose,12536
LOM,Control,72hr,fumaric acid,22155.666666666668
LOM,Control,72hr,furfurylmethylamine,64
LOM,Control,72hr,galactinol,301652.6666666667
LOM,Control,72hr,galacto-N-biose,355.3333333333333
LOM,Control,72hr,galactose,20558.666666666668
LOM,Control,72hr,galacturonic acid,1800.6666666666667
LOM,Control,72hr,gamma-aminobutyric acid,8637.666666666666
LOM,Control,72hr,glucoheptose,3894
LOM,Control,72hr,glucoheptulose,2287.6666666666665
LOM,Control,72hr,gluconic acid,2650.8333333333335
LOM,Control,72hr,gluconic acid lactone,902.6666666666666
LOM,Control,72hr,glucose,208269.33333333334
LOM,Control,72hr,glutamic acid,104221
LOM,Control,72hr,glutamine,99.33333333333333
LOM,Control,72hr,glutamyl-valine,2091
LOM,Control,72hr,glutaric acid,1984
LOM,Control,72hr,glyceric acid,47484
LOM,Control,72hr,glycerol,334928
LOM,Control,72hr,glycerol-3-galactoside,30841
LOM,Control,72hr,glycerol-alpha-phosphate,9990.666666666666
LOM,Control,72hr,glycine,94651
LOM,Control,72hr,glycolic acid,49398.666666666664
LOM,Control,72hr,glycyl proline,5184.666666666667
LOM,Control,72hr,guanine,4470.333333333333
LOM,Control,72hr,guanosine,8415.166666666666
LOM,Control,72hr,heptadecanoic acid,10003
LOM,Control,72hr,hexadecanedioic acid,20777
LOM,Control,72hr,histidine,364.6666666666667
LOM,Control,72hr,homarine,656.6666666666666
LOM,Control,72hr,homocitrulline,99.66666666666667
LOM,Control,72hr,homoserine,6120
LOM,Control,72hr,homostachydrine,160.66666666666666
LOM,Control,72hr,homovanillic acid,69
LOM,Control,72hr,hypoxanthine,3032
LOM,Control,72hr,indigotin,452
LOM,Control,72hr,indole-3-acetate,1621.3333333333333
LOM,Control,72hr,indole-3-acetyl-glutamine,56.333333333333336
LOM,Control,72hr,indole-3-lactate,236.33333333333334
LOM,Control,72hr,indole-6-carboxaldehyde,33
LOM,Control,72hr,inosine,18582.333333333332
LOM,Control,72hr,inositol,897
LOM,Control,72hr,inositol-4-monophosphate,13515
LOM,Control,72hr,isobutylamine,8542.333333333334
LOM,Control,72hr,isoleucine,229715.5
LOM,Control,72hr,isomaltose,6048
LOM,Control,72hr,isothreonic acid,21284.333333333332
LOM,Control,72hr,ketoisoleucine,2760.3333333333335
LOM,Control,72hr,lactic acid,46588.666666666664
LOM,Control,72hr,lactobionic acid,30296
LOM,Control,72hr,lactose,91380.66666666667
LOM,Control,72hr,lactulose,10466
LOM,Control,72hr,laurdan,3492.6666666666665
LOM,Control,72hr,leucine,438224.6666666667
LOM,Control,72hr,leucrose,1674.6666666666667
LOM,Control,72hr,levoglucosan,3835.6666666666665
LOM,Control,72hr,lignoceric acid,2063
LOM,Control,72hr,linoleic acid,8835.666666666666
LOM,Control,72hr,linolenic acid,195
LOM,Control,72hr,lysine,611.3333333333334
LOM,Control,72hr,lyxitol,34775.666666666664
LOM,Control,72hr,lyxose,3229
LOM,Control,72hr,malic acid,7187.666666666667
LOM,Control,72hr,malonamide,234.66666666666666
LOM,Control,72hr,malonic acid,346.3333333333333
LOM,Control,72hr,maltitol,5189.666666666667
LOM,Control,72hr,maltose,13251.666666666666
LOM,Control,72hr,maltotetraose,699.3333333333334
LOM,Control,72hr,maltotriitol,18976
LOM,Control,72hr,maltotriose,47244.333333333336
LOM,Control,72hr,mandelic acid,2415.6666666666665
LOM,Control,72hr,mannitol,57064.83333333333
LOM,Control,72hr,mannoheptulose,1094.6666666666667
LOM,Control,72hr,mannonic acid,682
LOM,Control,72hr,mannose-6-phosphate,160.33333333333334
LOM,Control,72hr,mannuronic acid,1147.6666666666667
LOM,Control,72hr,methanolphosphate,1474.6666666666667
LOM,Control,72hr,methionine,8188.666666666667
LOM,Control,72hr,methionine sulfoxide,3343.6666666666665
LOM,Control,72hr,methyl lactoside,123
LOM,Control,72hr,methyl violet B,1066.6666666666667
LOM,Control,72hr,methyl-4-hydroxybenzoate,336
LOM,Control,72hr,methylmaleic acid,636
LOM,Control,72hr,mevalonic acid,304.6666666666667
LOM,Control,72hr,montanic acid,3430.6666666666665
LOM,Control,72hr,myo-inositol,244300
LOM,Control,72hr,myristic acid,5341.333333333333
LOM,Control,72hr,neohesperidose,383.3333333333333
LOM,Control,72hr,neomycin B,140
LOM,Control,72hr,nicotinic acid,12740.833333333334
LOM,Control,72hr,nonadecanoic acid,1950
LOM,Control,72hr,norgestrel,126.66666666666666
LOM,Control,72hr,o-toluic acid,2344.6666666666665
LOM,Control,72hr,"octadecanoic acid, 9,10,18-trihydroxy-",1330.3333333333333
LOM,Control,72hr,octadecanol,1027
LOM,Control,72hr,oleic acid,7069.666666666667
LOM,Control,72hr,ornithine,3464.3333333333335
LOM,Control,72hr,orotic acid,356.6666666666667
LOM,Control,72hr,oxoproline,1190935.6666666667
LOM,Control,72hr,p-cresol glucuronide,27.333333333333332
LOM,Control,72hr,p-cresol sulfate,1004
LOM,Control,72hr,palatinitol,20638.666666666668
LOM,Control,72hr,palmitoleic acid,317
LOM,Control,72hr,panose,4287
LOM,Control,72hr,pantothenic acid,1143.3333333333333
LOM,Control,72hr,parabanic acid,473
LOM,Control,72hr,"pentaerythritol, cyclic phosphate",693
LOM,Control,72hr,pentamethylene bisacetamide,114.33333333333333
LOM,Control,72hr,pentitol,596.3333333333334
LOM,Control,72hr,perfluoroheptanoic acid,581
LOM,Control,72hr,perseitol,549.8333333333334
LOM,Control,72hr,phenol,8984
LOM,Control,72hr,phenyl sulfate,380
LOM,Control,72hr,phenylacetic acid,3541.3333333333335
LOM,Control,72hr,phenylalanine,77177
LOM,Control,72hr,phenylethylamine,612
LOM,Control,72hr,phenylpyruvate,1518.6666666666667
LOM,Control,72hr,phosphate,27162.833333333332
LOM,Control,72hr,pimelic acid,2722.6666666666665
LOM,Control,72hr,pinitol,1535
LOM,Control,72hr,pipecolinic acid,1478.3333333333333
LOM,Control,72hr,proline,18172.333333333332
LOM,Control,72hr,proline betaine,21986
LOM,Control,72hr,propyleneglycol,5287
LOM,Control,72hr,pseudo-uridine,5144.666666666667
LOM,Control,72hr,pseudouridine,490.6666666666667
LOM,Control,72hr,pyroGlu-Val,248.33333333333334
LOM,Control,72hr,pyroglutamic acid,557.3333333333334
LOM,Control,72hr,pyrrole-2-carboxylic acid,1548.3333333333333
LOM,Control,72hr,quinic acid,1933.6666666666667
LOM,Control,72hr,"quinoline-2,8-diol",96
LOM,Control,72hr,quinolinic acid,194.66666666666666
LOM,Control,72hr,raffinose,4373.666666666667
LOM,Control,72hr,ribonic acid,4991
LOM,Control,72hr,ribose,46769
LOM,Control,72hr,ribulose,10619
LOM,Control,72hr,ritalinic acid,533.3333333333334
LOM,Control,72hr,salicyl alcohol,342
LOM,Control,72hr,salicylaldehyde,80782.66666666667
LOM,Control,72hr,salicylic acid,2130.6666666666665
LOM,Control,72hr,salicyluric acid,129.33333333333334
LOM,Control,72hr,sebacic acid,2301.6666666666665
LOM,Control,72hr,serine,150191.1666666667
LOM,Control,72hr,shikimic acid,4164.666666666667
LOM,Control,72hr,sinigrin,1347
LOM,Control,72hr,sophorose,191539.66666666666
LOM,Control,72hr,sorbitol,7342.666666666667
LOM,Control,72hr,stearic acid,1252692
LOM,Control,72hr,stigmasterol,483.33333333333337
LOM,Control,72hr,suberic acid,3089.8333333333335
LOM,Control,72hr,succinate semialdehyde,3266.6666666666665
LOM,Control,72hr,succinic acid,11886.5
LOM,Control,72hr,sucrose,33763
LOM,Control,72hr,sulfoacetic acid,146.33333333333334
LOM,Control,72hr,syringa-resinol,1363.6666666666667
LOM,Control,72hr,tagatose,823.6666666666666
LOM,Control,72hr,terephthalic acid,9178.333333333334
LOM,Control,72hr,tetracosane,22491.666666666668
LOM,Control,72hr,tetradecane-7-sulfonic acid,2464
LOM,Control,72hr,tetradecanedioic acid,720.3333333333334
LOM,Control,72hr,"tetradecanedioic acid, 5,6-dihydroxy-",14
LOM,Control,72hr,tetramethyl-4-piperidone,434
LOM,Control,72hr,threitol,1389.6666666666667
LOM,Control,72hr,threonic acid,2330.3333333333335
LOM,Control,72hr,threonine,25471.833333333332
LOM,Control,72hr,threose,310.3333333333333
LOM,Control,72hr,thymidine,86913
LOM,Control,72hr,thymine,42031.333333333336
LOM,Control,72hr,trans-4-hydroxyproline,518.6666666666666
LOM,Control,72hr,trehalose,4668778
LOM,Control,72hr,trehalose-6-phosphate,214
LOM,Control,72hr,trimethylamine,604
LOM,Control,72hr,tryptophan,7976
LOM,Control,72hr,tyramine,4589
LOM,Control,72hr,tyrosine,47507.83333333333
LOM,Control,72hr,undecanedioic acid,1307.6666666666667
LOM,Control,72hr,uracil,32598.833333333336
LOM,Control,72hr,urea,25646.333333333332
LOM,Control,72hr,uric acid,440.8333333333333
LOM,Control,72hr,uridine,23917
LOM,Control,72hr,urocanic acid,329.6666666666667
LOM,Control,72hr,valine,221737
LOM,Control,72hr,valine betaine,59
LOM,Control,72hr,vanillic acid,1908.3333333333333
LOM,Control,72hr,xanthine,1190.6666666666667
LOM,Control,72hr,xanthosine,474
LOM,Control,72hr,xanthurenic acid,142.33333333333334
LOM,Control,72hr,xylitol,6243.666666666667
LOM,Control,72hr,xylose,62366.333333333336
LOM,Control,72hr,xylulose,10079
LOM,Control,72hr,NA,3646.18383458647
LOM,Drought,0hr,(carbomethoxymethylene)-triphenylphosphorane,265.6666666666667
LOM,Drought,0hr,"1,2,4-benzenetriol",2945.3333333333335
LOM,Drought,0hr,"1,6-anhydro-glucose",675.3333333333334
LOM,Drought,0hr,"1,6-diisopropylnaphthalene",1786.6666666666667
LOM,Drought,0hr,"1,7-bis(3,4-dihydroxyphenyl)-6-hydroxyheptan-3-one",72.66666666666667
LOM,Drought,0hr,1-(2-hydroxyethylamino)-2-propanol,577.6666666666666
LOM,Drought,0hr,1-kestose,7539
LOM,Drought,0hr,1-methyladenosine,4221
LOM,Drought,0hr,1-methylguanidine,65.66666666666667
LOM,Drought,0hr,1-monopalmitin,82
LOM,Drought,0hr,1-octanesulfonic acid,1503.3333333333333
LOM,Drought,0hr,"12,13-DiHOME",3393
LOM,Drought,0hr,"12-hydroxy-4-methyl-octahydro-3-benzoxecine-2,9-dione",962.6666666666666
LOM,Drought,0hr,2'-deoxy-2'-fluoro-2'-methyluridine,246
LOM,Drought,0hr,2'-deoxyadenosine,1070.3333333333333
LOM,Drought,0hr,2'-deoxycytidine,2866
LOM,Drought,0hr,2'-deoxyguanosine,78965
LOM,Drought,0hr,2'-deoxyinosine,3159
LOM,Drought,0hr,2'-fucosyllactose,304
LOM,Drought,0hr,"2,3-diaminopropionic acid",821
LOM,Drought,0hr,"2,3-dihydroxybenzenepropanoic acid",238.33333333333334
LOM,Drought,0hr,"2,3-dihydroxypyridine",3087
LOM,Drought,0hr,"2,4-dihydroxybutanoic acid",97.66666666666667
LOM,Drought,0hr,"2,4-dinitrophenol",1115.3333333333333
LOM,Drought,0hr,"2,4-hexadienedioic acid",512
LOM,Drought,0hr,"2,6-diaminopimelic acid",230
LOM,Drought,0hr,2-(5-methylpyrazol-1-yl)propanoic acid,355
LOM,Drought,0hr,2-Deoxyinosine,34590.666666666664
LOM,Drought,0hr,2-amino-5-methoxyphenol,65
LOM,Drought,0hr,2-benzothiazolesulfonic acid,3034
LOM,Drought,0hr,2-deoxyadenosine,5949.666666666667
LOM,Drought,0hr,2-deoxyerythritol,8032
LOM,Drought,0hr,2-deoxytetronic acid,3307.6666666666665
LOM,Drought,0hr,2-hydroxy-5-methylbenzoic acid,87
LOM,Drought,0hr,2-hydroxybenzoic acid-6-pentadecatriene,2423
LOM,Drought,0hr,2-hydroxybutanoic acid,8789.666666666666
LOM,Drought,0hr,2-hydroxyglutaric acid,3553
LOM,Drought,0hr,2-hydroxyisocaproic acid,1319
LOM,Drought,0hr,2-hydroxyisovaleric acid,8572.666666666666
LOM,Drought,0hr,2-hydroxyoctanoic acid,332
LOM,Drought,0hr,2-hydroxyphenethylamine,1095
LOM,Drought,0hr,2-hydroxyvaleric acid,29956.666666666668
LOM,Drought,0hr,2-isopropylmalic acid,76.66666666666667
LOM,Drought,0hr,2-keto-3-deoxygluconic acid,186
LOM,Drought,0hr,2-ketoadipic acid,43016.666666666664
LOM,Drought,0hr,2-ketobutyric acid,11569
LOM,Drought,0hr,2-ketoisocaproic acid,35090.666666666664
LOM,Drought,0hr,2-ketoisovaleric acid,10197
LOM,Drought,0hr,2-ketomethionine,652
LOM,Drought,0hr,2-methoxyphenol sulfate,728
LOM,Drought,0hr,2-methyl-1-pyrroline,134
LOM,Drought,0hr,2-methylglyceric acid,1931
LOM,Drought,0hr,2-oct-7-enylpentanedioic acid,659.6666666666666
LOM,Drought,0hr,2-oxindole-3-acetate,97.66666666666667
LOM,Drought,0hr,2-picolinic acid,2809.6666666666665
LOM,Drought,0hr,2-pyrrolidinone,49.666666666666664
LOM,Drought,0hr,"3,4-dihydroxybenzoic acid",9114
LOM,Drought,0hr,"3,4-dihydroxycinnamic acid",797.3333333333334
LOM,Drought,0hr,"3,6-anhydro-D-galactose",534.3333333333334
LOM,Drought,0hr,"3,8-dihydroxy-8-(hydroxymethyl)-4,4,11b-trimethyldodecahydro-6a,9-methanocyclohepta[a]naphthalene-2,6-dione",1417.6666666666667
LOM,Drought,0hr,3-(3-hydroxyphenyl)-3-hydroxypropionic acid,141.33333333333334
LOM,Drought,0hr,3-(3-hydroxyphenyl)propionic acid,685
LOM,Drought,0hr,3-(4-hydroxyphenyl)propionic acid,1317.6666666666667
LOM,Drought,0hr,3-acetyl-5-methyloxolan-2-one,44
LOM,Drought,0hr,3-amino-1-propanol,338.6666666666667
LOM,Drought,0hr,3-aminoisobutyric acid,5153
LOM,Drought,0hr,3-dehydroshikimic acid,204
LOM,Drought,0hr,3-dehydroxy-carnitine,934.6666666666666
LOM,Drought,0hr,3-deoxy-glycero-galacto-2-nonulosonic acid,5706.666666666667
LOM,Drought,0hr,3-deoxyguanosine,1767
LOM,Drought,0hr,"3-furancarboxylic acid, tetrahydro-4-methylene-2-octyl-5-oxo-",2475.3333333333335
LOM,Drought,0hr,3-hydroxy-1-propanesulfonic acid,399.3333333333333
LOM,Drought,0hr,3-hydroxy-3-methylglutaric acid,909
LOM,Drought,0hr,3-hydroxyacetophenone,545.3333333333334
LOM,Drought,0hr,3-hydroxybenzoic acid,1577
LOM,Drought,0hr,3-hydroxybutyric acid,352044.3333333333
LOM,Drought,0hr,3-hydroxyphenylacetic acid,101.66666666666667
LOM,Drought,0hr,3-hydroxypropionic acid,14107.666666666666
LOM,Drought,0hr,3-hydroxysebacic acid,200.66666666666666
LOM,Drought,0hr,3-isopropylmalic acid,426.6666666666667
LOM,Drought,0hr,3-methyladipic acid,1138.3333333333333
LOM,Drought,0hr,3-methylglutaric acid,159
LOM,Drought,0hr,3-oxodeoxycholic acid,828
LOM,Drought,0hr,3-pyridylacetic acid,1716.6666666666667
LOM,Drought,0hr,"4,4'-sulfonyl-bis(2-allylphenol)",1271.3333333333333
LOM,Drought,0hr,4-acetamido-butanoic acid,65.66666666666667
LOM,Drought,0hr,"4-hydroxy-2,6-tetramethyl-1-piperidine ethanol",6022.333333333333
LOM,Drought,0hr,4-hydroxybenzaldehyde,9448.666666666666
LOM,Drought,0hr,4-hydroxybenzoic acid,11615
LOM,Drought,0hr,4-hydroxybutyric acid,25326
LOM,Drought,0hr,4-hydroxycinnamic acid,5362.333333333333
LOM,Drought,0hr,4-hydroxyphenylacetic acid,2009.6666666666667
LOM,Drought,0hr,4-hydroxyquinoline,82.66666666666667
LOM,Drought,0hr,4-methylcatechol,86.33333333333333
LOM,Drought,0hr,4-oxododecanedioic acid,774.3333333333334
LOM,Drought,0hr,5-aminovaleric acid,985.3333333333334
LOM,Drought,0hr,5-hydroxyectoine,23312
LOM,Drought,0hr,5-hydroxymethyl-2-furoic acid,1442.6666666666667
LOM,Drought,0hr,5-methoxysalicylic acid,451.3333333333333
LOM,Drought,0hr,5-methylcytosine,254.66666666666666
LOM,Drought,0hr,6-hydroxynicotinic acid,2436.3333333333335
LOM,Drought,0hr,"9-(2,3-dihydroxypropoxy)-9-oxononanoic acid",351.3333333333333
LOM,Drought,0hr,9-hydroxydec-2-enoic acid,32403.333333333332
LOM,Drought,0hr,Ala-Asp,346.6666666666667
LOM,Drought,0hr,Ala-Thr,155.33333333333334
LOM,Drought,0hr,Asn-Val,56
LOM,Drought,0hr,Asp Leu,144.33333333333334
LOM,Drought,0hr,Asp-Val,74
LOM,Drought,0hr,Benzaldehyde-4-carboxylic acid,4447
LOM,Drought,0hr,D-erythro-sphingosine,3579.3333333333335
LOM,Drought,0hr,DG 18:2_18:2,319.6666666666667
LOM,Drought,0hr,Dopamine,1897.6666666666667
LOM,Drought,0hr,Gln-Asp,195.33333333333334
LOM,Drought,0hr,Gln-Glu,172.33333333333334
LOM,Drought,0hr,Glu-Gln,1103
LOM,Drought,0hr,Glu-Leu,798.6666666666666
LOM,Drought,0hr,Gly Pro,256.3333333333333
LOM,Drought,0hr,Gly-Asp,163.33333333333334
LOM,Drought,0hr,Gly-Met,215.66666666666666
LOM,Drought,0hr,Ile-Ala,226.33333333333334
LOM,Drought,0hr,Ile-Glu,2253
LOM,Drought,0hr,Ile-Pro,156
LOM,Drought,0hr,L-Methionine,151.33333333333334
LOM,Drought,0hr,MOPS,117
LOM,Drought,0hr,"N,N,N-trimethyl-5-aminovalerate",425.3333333333333
LOM,Drought,0hr,"N,N-dimethyl-proline-proline betaine",430.6666666666667
LOM,Drought,0hr,N-(5-methyl-3-isoxazolyl)benzenesulfonamide,1402.6666666666667
LOM,Drought,0hr,N-acetyl-D-galactosamine,44210.666666666664
LOM,Drought,0hr,N-acetyl-glucosaminitol,63.666666666666664
LOM,Drought,0hr,N-acetyl-glutamic acid,164.33333333333334
LOM,Drought,0hr,N-acetyl-lactosamine,698
LOM,Drought,0hr,N-acetyl-ornithine,794.3333333333334
LOM,Drought,0hr,N-acetyl-serine,455.3333333333333
LOM,Drought,0hr,N-acetyl-valine,92.33333333333333
LOM,Drought,0hr,N-acetylglutamate,555.3333333333334
LOM,Drought,0hr,N-acetylmannosamine,34156.666666666664
LOM,Drought,0hr,N-carbamoylaspartate,679.3333333333334
LOM,Drought,0hr,N-formylanthranilic acid,345.3333333333333
LOM,Drought,0hr,N-formylpiperidine,1948.3333333333333
LOM,Drought,0hr,N-methylglutamic acid,6353.333333333333
LOM,Drought,0hr,N-methylproline,90
LOM,Drought,0hr,N6-methyl-2'-deoxyadenosine,144.33333333333334
LOM,Drought,0hr,PE 18:0_18:0,1463.6666666666667
LOM,Drought,0hr,PI 38:6,118.66666666666666
LOM,Drought,0hr,Phe-Glu,415.6666666666667
LOM,Drought,0hr,Pro-Ile,297
LOM,Drought,0hr,Pro-Thr,194
LOM,Drought,0hr,Ser-Asp,274
LOM,Drought,0hr,TMAO,41
LOM,Drought,0hr,Thr-Leu,394
LOM,Drought,0hr,Traumatic Acid,729
LOM,Drought,0hr,UDP-N-acetylglucosamine,68635
LOM,Drought,0hr,Val Glu Leu,216
LOM,Drought,0hr,Val-Thr,830.6666666666666
LOM,Drought,0hr,aconitic acid,24809.333333333332
LOM,Drought,0hr,acylcarnitine 02:0,940
LOM,Drought,0hr,acylcarnitine 03:0,103.66666666666667
LOM,Drought,0hr,"acylcarnitine 04:0, branched",233.66666666666666
LOM,Drought,0hr,acylcarnitine 16:0,908.6666666666666
LOM,Drought,0hr,"acylcarnitine, isovaleryl-",62.333333333333336
LOM,Drought,0hr,"acylcarnitine, malonyl-",24
LOM,Drought,0hr,adenosine,4984.333333333333
LOM,Drought,0hr,adipic acid,17750
LOM,Drought,0hr,alanine,402649
LOM,Drought,0hr,alanine betaine,408.6666666666667
LOM,Drought,0hr,alanine-alanine,4539
LOM,Drought,0hr,aleuritic acid,641
LOM,Drought,0hr,allantoin,404.6666666666667
LOM,Drought,0hr,alpha-aminoadipic acid,124.66666666666667
LOM,Drought,0hr,alpha-artemisic acid,512.6666666666666
LOM,Drought,0hr,alpha-ketoglutarate,4546
LOM,Drought,0hr,anthranilic acid,2068
LOM,Drought,0hr,arabitol,721
LOM,Drought,0hr,arachidic acid,4472
LOM,Drought,0hr,aspartic acid,61766.333333333336
LOM,Drought,0hr,azelaic acid,9792
LOM,Drought,0hr,behenic acid,3415.6666666666665
LOM,Drought,0hr,"benzenesulfonic acid, decyl-",63741.333333333336
LOM,Drought,0hr,benzoic acid,174044.66666666666
LOM,Drought,0hr,benzothiazole,1614
LOM,Drought,0hr,benzyltriethylammonium,785
LOM,Drought,0hr,benzyltrimethylammonium,569.3333333333334
LOM,Drought,0hr,beta-alanine,11201
LOM,Drought,0hr,beta-gentiobiose,7815.666666666667
LOM,Drought,0hr,beta-glutamic acid,259.6666666666667
LOM,Drought,0hr,beta-mannosylglycerate,513013.3333333333
LOM,Drought,0hr,beta-sitosterol,3747
LOM,Drought,0hr,beta-sitosteryl sulfate,38
LOM,Drought,0hr,betaine,371762.3333333333
LOM,Drought,0hr,betaine aldehyde,64
LOM,Drought,0hr,bis-ferulamidobutane,224.66666666666666
LOM,Drought,0hr,"butane-2,3-diol",20864
LOM,Drought,0hr,butyraldehyde,1023.6666666666666
LOM,Drought,0hr,butyrolactam,21489.333333333332
LOM,Drought,0hr,cadaverine,1022.3333333333334
LOM,Drought,0hr,carnosol,716.3333333333334
LOM,Drought,0hr,ceanothic acid,109.33333333333333
LOM,Drought,0hr,cellobiose,3683.3333333333335
LOM,Drought,0hr,cerotinic acid,1112
LOM,Drought,0hr,"cholan-24-oic acid, 12-hydroxy-3-oxo-",26.333333333333332
LOM,Drought,0hr,cholesterol,2915.6666666666665
LOM,Drought,0hr,choline,5930.666666666667
LOM,Drought,0hr,cinnamic acid,151
LOM,Drought,0hr,citramalic acid,3987.3333333333335
LOM,Drought,0hr,citric acid,21073.333333333332
LOM,Drought,0hr,citrulline,3035
LOM,Drought,0hr,citrusin VI,1186.6666666666667
LOM,Drought,0hr,conduritol-beta-epoxide,20271.333333333332
LOM,Drought,0hr,creatine,146.66666666666666
LOM,Drought,0hr,creatinine,124
LOM,Drought,0hr,cysteic acid,497.3333333333333
LOM,Drought,0hr,cysteine S-sulfate,533
LOM,Drought,0hr,cysteine sulfonic acid,124.66666666666667
LOM,Drought,0hr,cytidine,334.8333333333333
LOM,Drought,0hr,cytosine,383.8333333333333
LOM,Drought,0hr,dehydroabietic acid,7720
LOM,Drought,0hr,deoxyguanosine,460.3333333333333
LOM,Drought,0hr,deoxypentitol,1693
LOM,Drought,0hr,dihydrocaffeic acid 3-glucuronide,147.33333333333334
LOM,Drought,0hr,dihydrophaseic acid,790.6666666666666
LOM,Drought,0hr,dihydroxy-octadecadienoic acid,164
LOM,Drought,0hr,dihydroxyacetone,22552.333333333332
LOM,Drought,0hr,dimethyldioctadecylammonium,1065814
LOM,Drought,0hr,dodecanedioic acid,343
LOM,Drought,0hr,dodecanol,2067.3333333333335
LOM,Drought,0hr,ectoine,6066.333333333333
LOM,Drought,0hr,erythritol,35686
LOM,Drought,0hr,erythronic acid lactone,452
LOM,Drought,0hr,erythrose,1492.6666666666667
LOM,Drought,0hr,ethanolamine,64129
LOM,Drought,0hr,ferulic acid,355.6666666666667
LOM,Drought,0hr,ferulic acid 4-sulfate,967.6666666666666
LOM,Drought,0hr,fructose,17350.333333333332
LOM,Drought,0hr,fucose,16658.333333333332
LOM,Drought,0hr,fumaric acid,38641.333333333336
LOM,Drought,0hr,furfurylmethylamine,67.33333333333333
LOM,Drought,0hr,galactinol,237324.33333333334
LOM,Drought,0hr,galacto-N-biose,362.3333333333333
LOM,Drought,0hr,galactose,23532
LOM,Drought,0hr,galacturonic acid,6051
LOM,Drought,0hr,gamma-aminobutyric acid,9304.666666666666
LOM,Drought,0hr,glucoheptose,6073
LOM,Drought,0hr,glucoheptulose,5718.333333333333
LOM,Drought,0hr,gluconic acid,11396.666666666668
LOM,Drought,0hr,gluconic acid lactone,2927
LOM,Drought,0hr,glucose,276949.1666666667
LOM,Drought,0hr,glutamic acid,149018.16666666666
LOM,Drought,0hr,glutamine,108
LOM,Drought,0hr,glutamyl-valine,4062.3333333333335
LOM,Drought,0hr,glutaric acid,1790
LOM,Drought,0hr,glyceric acid,29588.333333333332
LOM,Drought,0hr,glycerol,322234.6666666667
LOM,Drought,0hr,glycerol-3-galactoside,75628.66666666667
LOM,Drought,0hr,glycerol-alpha-phosphate,1717.3333333333333
LOM,Drought,0hr,glycine,88367.33333333333
LOM,Drought,0hr,glycolic acid,61799.333333333336
LOM,Drought,0hr,glycyl proline,2065
LOM,Drought,0hr,guanine,3344.8333333333335
LOM,Drought,0hr,guanosine,9664.166666666666
LOM,Drought,0hr,heptadecanoic acid,4094.3333333333335
LOM,Drought,0hr,hexadecanedioic acid,10456.666666666666
LOM,Drought,0hr,histidine,1294.6666666666667
LOM,Drought,0hr,homarine,546.6666666666666
LOM,Drought,0hr,homocitrulline,129
LOM,Drought,0hr,homoserine,6338
LOM,Drought,0hr,homostachydrine,721.3333333333334
LOM,Drought,0hr,homovanillic acid,93.66666666666667
LOM,Drought,0hr,hypoxanthine,2403.5
LOM,Drought,0hr,indigotin,362.6666666666667
LOM,Drought,0hr,indole-3-acetate,321
LOM,Drought,0hr,indole-3-acetyl-glutamine,57.333333333333336
LOM,Drought,0hr,indole-3-lactate,244.33333333333334
LOM,Drought,0hr,indole-6-carboxaldehyde,68.66666666666667
LOM,Drought,0hr,inosine,16020.333333333332
LOM,Drought,0hr,inositol,546.3333333333334
LOM,Drought,0hr,inositol-4-monophosphate,46109.666666666664
LOM,Drought,0hr,isobutylamine,12440.333333333334
LOM,Drought,0hr,isoleucine,155101.33333333334
LOM,Drought,0hr,isomaltose,17335
LOM,Drought,0hr,isothreonic acid,12302.666666666666
LOM,Drought,0hr,ketoisoleucine,4092.6666666666665
LOM,Drought,0hr,lactic acid,48297
LOM,Drought,0hr,lactobionic acid,31001
LOM,Drought,0hr,lactose,123081.16666666667
LOM,Drought,0hr,lactulose,2585.6666666666665
LOM,Drought,0hr,laurdan,3849.3333333333335
LOM,Drought,0hr,leucine,292996
LOM,Drought,0hr,leucrose,3012.3333333333335
LOM,Drought,0hr,levoglucosan,3320.1666666666665
LOM,Drought,0hr,lignoceric acid,4476
LOM,Drought,0hr,linoleic acid,344
LOM,Drought,0hr,linolenic acid,86.66666666666667
LOM,Drought,0hr,lysine,2053.3333333333335
LOM,Drought,0hr,lyxitol,318234.6666666667
LOM,Drought,0hr,lyxose,2883.3333333333335
LOM,Drought,0hr,malic acid,56359.333333333336
LOM,Drought,0hr,malonamide,312.3333333333333
LOM,Drought,0hr,malonic acid,1299.3333333333333
LOM,Drought,0hr,maltitol,15625.333333333334
LOM,Drought,0hr,maltose,16751
LOM,Drought,0hr,maltotetraose,1690
LOM,Drought,0hr,maltotriitol,156864
LOM,Drought,0hr,maltotriose,19058.666666666668
LOM,Drought,0hr,mandelic acid,1936.6666666666667
LOM,Drought,0hr,mannitol,239713.1666666667
LOM,Drought,0hr,mannoheptulose,792.3333333333334
LOM,Drought,0hr,mannonic acid,870.6666666666666
LOM,Drought,0hr,mannose-6-phosphate,289.6666666666667
LOM,Drought,0hr,mannuronic acid,6051
LOM,Drought,0hr,methanolphosphate,2726.3333333333335
LOM,Drought,0hr,methionine,17581.666666666668
LOM,Drought,0hr,methionine sulfoxide,2589.6666666666665
LOM,Drought,0hr,methyl lactoside,114.33333333333333
LOM,Drought,0hr,methyl violet B,977.3333333333334
LOM,Drought,0hr,methyl-4-hydroxybenzoate,779.3333333333334
LOM,Drought,0hr,methylmaleic acid,642.6666666666666
LOM,Drought,0hr,mevalonic acid,347
LOM,Drought,0hr,montanic acid,3322.6666666666665
LOM,Drought,0hr,myo-inositol,461436
LOM,Drought,0hr,myristic acid,3070.3333333333335
LOM,Drought,0hr,neohesperidose,301.6666666666667
LOM,Drought,0hr,neomycin B,142
LOM,Drought,0hr,nicotinic acid,10010.666666666666
LOM,Drought,0hr,nonadecanoic acid,890.3333333333334
LOM,Drought,0hr,norgestrel,118.66666666666667
LOM,Drought,0hr,o-toluic acid,3699
LOM,Drought,0hr,"octadecanoic acid, 9,10,18-trihydroxy-",667.3333333333334
LOM,Drought,0hr,octadecanol,970.6666666666666
LOM,Drought,0hr,oleic acid,1009
LOM,Drought,0hr,ornithine,2253.3333333333335
LOM,Drought,0hr,orotic acid,560.8333333333334
LOM,Drought,0hr,oxoproline,1100167.3333333333
LOM,Drought,0hr,p-cresol glucuronide,61.666666666666664
LOM,Drought,0hr,p-cresol sulfate,888.3333333333334
LOM,Drought,0hr,palatinitol,70600.66666666667
LOM,Drought,0hr,palmitoleic acid,204
LOM,Drought,0hr,panose,4477.333333333333
LOM,Drought,0hr,pantothenic acid,949
LOM,Drought,0hr,parabanic acid,1546
LOM,Drought,0hr,"pentaerythritol, cyclic phosphate",1310.6666666666667
LOM,Drought,0hr,pentamethylene bisacetamide,390.6666666666667
LOM,Drought,0hr,pentitol,240.33333333333334
LOM,Drought,0hr,perfluoroheptanoic acid,788.3333333333334
LOM,Drought,0hr,perseitol,1071.3333333333333
LOM,Drought,0hr,phenol,15800
LOM,Drought,0hr,phenyl sulfate,428
LOM,Drought,0hr,phenylacetic acid,2402
LOM,Drought,0hr,phenylalanine,56779.5
LOM,Drought,0hr,phenylethylamine,804.6666666666666
LOM,Drought,0hr,phenylpyruvate,2582.6666666666665
LOM,Drought,0hr,phosphate,103761.33333333333
LOM,Drought,0hr,pimelic acid,2385.3333333333335
LOM,Drought,0hr,pinitol,2579
LOM,Drought,0hr,pipecolinic acid,773.6666666666666
LOM,Drought,0hr,proline,15717.666666666666
LOM,Drought,0hr,proline betaine,40399.333333333336
LOM,Drought,0hr,propyleneglycol,5785.666666666667
LOM,Drought,0hr,pseudo-uridine,4377
LOM,Drought,0hr,pseudouridine,387.3333333333333
LOM,Drought,0hr,pyroGlu-Val,104.66666666666667
LOM,Drought,0hr,pyroglutamic acid,701.3333333333334
LOM,Drought,0hr,pyrrole-2-carboxylic acid,2018.6666666666667
LOM,Drought,0hr,quinic acid,1379
LOM,Drought,0hr,"quinoline-2,8-diol",114.66666666666667
LOM,Drought,0hr,quinolinic acid,2354.3333333333335
LOM,Drought,0hr,raffinose,4109.166666666667
LOM,Drought,0hr,ribonic acid,8341
LOM,Drought,0hr,ribose,59279
LOM,Drought,0hr,ribulose,1955.3333333333333
LOM,Drought,0hr,ritalinic acid,559.6666666666666
LOM,Drought,0hr,salicyl alcohol,6053
LOM,Drought,0hr,salicylaldehyde,145286.33333333334
LOM,Drought,0hr,salicylic acid,2949.3333333333335
LOM,Drought,0hr,salicyluric acid,107.33333333333333
LOM,Drought,0hr,sebacic acid,1580.3333333333333
LOM,Drought,0hr,serine,100126.5
LOM,Drought,0hr,shikimic acid,3529.6666666666665
LOM,Drought,0hr,sinigrin,1606.6666666666667
LOM,Drought,0hr,sophorose,267149
LOM,Drought,0hr,sorbitol,6334
LOM,Drought,0hr,stearic acid,452786.3333333333
LOM,Drought,0hr,stigmasterol,927
LOM,Drought,0hr,suberic acid,3925.333333333333
LOM,Drought,0hr,succinate semialdehyde,7899
LOM,Drought,0hr,succinic acid,7724.333333333333
LOM,Drought,0hr,sucrose,57550.5
LOM,Drought,0hr,sulfoacetic acid,317.6666666666667
LOM,Drought,0hr,syringa-resinol,1245
LOM,Drought,0hr,tagatose,1766
LOM,Drought,0hr,terephthalic acid,4605
LOM,Drought,0hr,tetracosane,3660.6666666666665
LOM,Drought,0hr,tetradecane-7-sulfonic acid,1386
LOM,Drought,0hr,tetradecanedioic acid,831
LOM,Drought,0hr,"tetradecanedioic acid, 5,6-dihydroxy-",9
LOM,Drought,0hr,tetramethyl-4-piperidone,2974.6666666666665
LOM,Drought,0hr,threitol,1762.6666666666667
LOM,Drought,0hr,threonic acid,2667.3333333333335
LOM,Drought,0hr,threonine,18960.833333333332
LOM,Drought,0hr,threose,859.3333333333334
LOM,Drought,0hr,thymidine,109242.66666666667
LOM,Drought,0hr,thymine,34798.333333333336
LOM,Drought,0hr,trans-4-hydroxyproline,807.3333333333334
LOM,Drought,0hr,trehalose,4932985.666666667
LOM,Drought,0hr,trehalose-6-phosphate,813.6666666666666
LOM,Drought,0hr,trimethylamine,406.6666666666667
LOM,Drought,0hr,tryptophan,2693.1666666666665
LOM,Drought,0hr,tyramine,6839
LOM,Drought,0hr,tyrosine,36199.333333333336
LOM,Drought,0hr,undecanedioic acid,972.6666666666666
LOM,Drought,0hr,uracil,24728.5
LOM,Drought,0hr,urea,31698.666666666668
LOM,Drought,0hr,uric acid,417
LOM,Drought,0hr,uridine,43901.666666666664
LOM,Drought,0hr,urocanic acid,669
LOM,Drought,0hr,valine,241436
LOM,Drought,0hr,valine betaine,54.333333333333336
LOM,Drought,0hr,vanillic acid,3025
LOM,Drought,0hr,xanthine,1064.5
LOM,Drought,0hr,xanthosine,597.6666666666666
LOM,Drought,0hr,xanthurenic acid,136
LOM,Drought,0hr,xylitol,4144.333333333333
LOM,Drought,0hr,xylose,70991.66666666667
LOM,Drought,0hr,xylulose,13322
LOM,Drought,0hr,NA,4406.228024042059
LOM,Drought,24hr,(carbomethoxymethylene)-triphenylphosphorane,55.333333333333336
LOM,Drought,24hr,"1,2,4-benzenetriol",6278.666666666667
LOM,Drought,24hr,"1,6-anhydro-glucose",538.6666666666666
LOM,Drought,24hr,"1,6-diisopropylnaphthalene",1846
LOM,Drought,24hr,"1,7-bis(3,4-dihydroxyphenyl)-6-hydroxyheptan-3-one",78.66666666666667
LOM,Drought,24hr,1-(2-hydroxyethylamino)-2-propanol,465.6666666666667
LOM,Drought,24hr,1-kestose,7659.333333333333
LOM,Drought,24hr,1-methyladenosine,3278.3333333333335
LOM,Drought,24hr,1-methylguanidine,37
LOM,Drought,24hr,1-monopalmitin,370.3333333333333
LOM,Drought,24hr,1-octanesulfonic acid,1407.3333333333333
LOM,Drought,24hr,"12,13-DiHOME",4184.666666666667
LOM,Drought,24hr,"12-hydroxy-4-methyl-octahydro-3-benzoxecine-2,9-dione",835.3333333333334
LOM,Drought,24hr,2'-deoxy-2'-fluoro-2'-methyluridine,227.66666666666666
LOM,Drought,24hr,2'-deoxyadenosine,1023.3333333333334
LOM,Drought,24hr,2'-deoxycytidine,3377.6666666666665
LOM,Drought,24hr,2'-deoxyguanosine,42467.333333333336
LOM,Drought,24hr,2'-deoxyinosine,3348.3333333333335
LOM,Drought,24hr,2'-fucosyllactose,255.33333333333334
LOM,Drought,24hr,"2,3-diaminopropionic acid",689
LOM,Drought,24hr,"2,3-dihydroxybenzenepropanoic acid",211
LOM,Drought,24hr,"2,3-dihydroxypyridine",4113.666666666667
LOM,Drought,24hr,"2,4-dihydroxybutanoic acid",66.33333333333333
LOM,Drought,24hr,"2,4-dinitrophenol",1126.6666666666667
LOM,Drought,24hr,"2,4-hexadienedioic acid",835.3333333333334
LOM,Drought,24hr,"2,6-diaminopimelic acid",178.66666666666666
LOM,Drought,24hr,2-(5-methylpyrazol-1-yl)propanoic acid,340.3333333333333
LOM,Drought,24hr,2-Deoxyinosine,30000
LOM,Drought,24hr,2-amino-5-methoxyphenol,43.666666666666664
LOM,Drought,24hr,2-benzothiazolesulfonic acid,3259
LOM,Drought,24hr,2-deoxyadenosine,4995
LOM,Drought,24hr,2-deoxyerythritol,113304.33333333333
LOM,Drought,24hr,2-deoxytetronic acid,3607.6666666666665
LOM,Drought,24hr,2-hydroxy-5-methylbenzoic acid,59
LOM,Drought,24hr,2-hydroxybenzoic acid-6-pentadecatriene,1604.3333333333333
LOM,Drought,24hr,2-hydroxybutanoic acid,77205
LOM,Drought,24hr,2-hydroxyglutaric acid,3545
LOM,Drought,24hr,2-hydroxyisocaproic acid,1654.6666666666667
LOM,Drought,24hr,2-hydroxyisovaleric acid,10245.666666666666
LOM,Drought,24hr,2-hydroxyoctanoic acid,318
LOM,Drought,24hr,2-hydroxyphenethylamine,1243.6666666666667
LOM,Drought,24hr,2-hydroxyvaleric acid,16948.666666666668
LOM,Drought,24hr,2-isopropylmalic acid,82
LOM,Drought,24hr,2-keto-3-deoxygluconic acid,170.66666666666666
LOM,Drought,24hr,2-ketoadipic acid,52830.666666666664
LOM,Drought,24hr,2-ketobutyric acid,8862.666666666666
LOM,Drought,24hr,2-ketoisocaproic acid,36792.333333333336
LOM,Drought,24hr,2-ketoisovaleric acid,8194.666666666666
LOM,Drought,24hr,2-ketomethionine,989.6666666666666
LOM,Drought,24hr,2-methoxyphenol sulfate,750.3333333333334
LOM,Drought,24hr,2-methyl-1-pyrroline,149.33333333333334
LOM,Drought,24hr,2-methylglyceric acid,2050.3333333333335
LOM,Drought,24hr,2-oct-7-enylpentanedioic acid,502.3333333333333
LOM,Drought,24hr,2-oxindole-3-acetate,79
LOM,Drought,24hr,2-picolinic acid,4533.333333333333
LOM,Drought,24hr,2-pyrrolidinone,47.333333333333336
LOM,Drought,24hr,"3,4-dihydroxybenzoic acid",9752
LOM,Drought,24hr,"3,4-dihydroxycinnamic acid",3609
LOM,Drought,24hr,"3,6-anhydro-D-galactose",446
LOM,Drought,24hr,"3,8-dihydroxy-8-(hydroxymethyl)-4,4,11b-trimethyldodecahydro-6a,9-methanocyclohepta[a]naphthalene-2,6-dione",1267.3333333333333
LOM,Drought,24hr,3-(3-hydroxyphenyl)-3-hydroxypropionic acid,127.66666666666667
LOM,Drought,24hr,3-(3-hydroxyphenyl)propionic acid,582
LOM,Drought,24hr,3-(4-hydroxyphenyl)propionic acid,1566.3333333333333
LOM,Drought,24hr,3-acetyl-5-methyloxolan-2-one,36.333333333333336
LOM,Drought,24hr,3-amino-1-propanol,327
LOM,Drought,24hr,3-aminoisobutyric acid,5422.333333333333
LOM,Drought,24hr,3-dehydroshikimic acid,261
LOM,Drought,24hr,3-dehydroxy-carnitine,938.6666666666666
LOM,Drought,24hr,3-deoxy-glycero-galacto-2-nonulosonic acid,4699
LOM,Drought,24hr,3-deoxyguanosine,1692
LOM,Drought,24hr,"3-furancarboxylic acid, tetrahydro-4-methylene-2-octyl-5-oxo-",2002
LOM,Drought,24hr,3-hydroxy-1-propanesulfonic acid,375.3333333333333
LOM,Drought,24hr,3-hydroxy-3-methylglutaric acid,573
LOM,Drought,24hr,3-hydroxyacetophenone,459
LOM,Drought,24hr,3-hydroxybenzoic acid,2466.6666666666665
LOM,Drought,24hr,3-hydroxybutyric acid,485363.6666666667
LOM,Drought,24hr,3-hydroxyphenylacetic acid,142
LOM,Drought,24hr,3-hydroxypropionic acid,16256.333333333334
LOM,Drought,24hr,3-hydroxysebacic acid,129
LOM,Drought,24hr,3-isopropylmalic acid,366
LOM,Drought,24hr,3-methyladipic acid,884
LOM,Drought,24hr,3-methylglutaric acid,198.66666666666666
LOM,Drought,24hr,3-oxodeoxycholic acid,127.66666666666667
LOM,Drought,24hr,3-pyridylacetic acid,1329
LOM,Drought,24hr,"4,4'-sulfonyl-bis(2-allylphenol)",794.6666666666666
LOM,Drought,24hr,4-acetamido-butanoic acid,46
LOM,Drought,24hr,"4-hydroxy-2,6-tetramethyl-1-piperidine ethanol",5663
LOM,Drought,24hr,4-hydroxybenzaldehyde,9262.666666666666
LOM,Drought,24hr,4-hydroxybenzoic acid,9011.666666666666
LOM,Drought,24hr,4-hydroxybutyric acid,35239.333333333336
LOM,Drought,24hr,4-hydroxycinnamic acid,7536.333333333333
LOM,Drought,24hr,4-hydroxyphenylacetic acid,1951.3333333333333
LOM,Drought,24hr,4-hydroxyquinoline,65.66666666666667
LOM,Drought,24hr,4-methylcatechol,59.333333333333336
LOM,Drought,24hr,4-oxododecanedioic acid,605.6666666666666
LOM,Drought,24hr,5-aminovaleric acid,725.6666666666666
LOM,Drought,24hr,5-hydroxyectoine,17139.666666666668
LOM,Drought,24hr,5-hydroxymethyl-2-furoic acid,2490.3333333333335
LOM,Drought,24hr,5-methoxysalicylic acid,410.3333333333333
LOM,Drought,24hr,5-methylcytosine,270
LOM,Drought,24hr,6-hydroxynicotinic acid,1194
LOM,Drought,24hr,"9-(2,3-dihydroxypropoxy)-9-oxononanoic acid",222.33333333333334
LOM,Drought,24hr,9-hydroxydec-2-enoic acid,25430.333333333332
LOM,Drought,24hr,Ala-Asp,289.6666666666667
LOM,Drought,24hr,Ala-Thr,101
LOM,Drought,24hr,Asn-Val,66.33333333333333
LOM,Drought,24hr,Asp Leu,159
LOM,Drought,24hr,Asp-Val,69
LOM,Drought,24hr,Benzaldehyde-4-carboxylic acid,3943.3333333333335
LOM,Drought,24hr,D-erythro-sphingosine,2598.3333333333335
LOM,Drought,24hr,DG 18:2_18:2,1093.3333333333333
LOM,Drought,24hr,Dopamine,1819.6666666666667
LOM,Drought,24hr,Gln-Asp,183.33333333333334
LOM,Drought,24hr,Gln-Glu,155.66666666666666
LOM,Drought,24hr,Glu-Gln,766.3333333333334
LOM,Drought,24hr,Glu-Leu,957.6666666666666
LOM,Drought,24hr,Gly Pro,239.33333333333334
LOM,Drought,24hr,Gly-Asp,155.33333333333334
LOM,Drought,24hr,Gly-Met,176
LOM,Drought,24hr,Ile-Ala,411
LOM,Drought,24hr,Ile-Glu,2677.6666666666665
LOM,Drought,24hr,Ile-Pro,114.33333333333333
LOM,Drought,24hr,L-Methionine,185
LOM,Drought,24hr,MOPS,126
LOM,Drought,24hr,"N,N,N-trimethyl-5-aminovalerate",400.3333333333333
LOM,Drought,24hr,"N,N-dimethyl-proline-proline betaine",438
LOM,Drought,24hr,N-(5-methyl-3-isoxazolyl)benzenesulfonamide,1186.6666666666667
LOM,Drought,24hr,N-acetyl-D-galactosamine,52392
LOM,Drought,24hr,N-acetyl-glucosaminitol,65.33333333333333
LOM,Drought,24hr,N-acetyl-glutamic acid,155
LOM,Drought,24hr,N-acetyl-lactosamine,666.6666666666666
LOM,Drought,24hr,N-acetyl-ornithine,305.3333333333333
LOM,Drought,24hr,N-acetyl-serine,354
LOM,Drought,24hr,N-acetyl-valine,52.333333333333336
LOM,Drought,24hr,N-acetylglutamate,275.6666666666667
LOM,Drought,24hr,N-acetylmannosamine,39454.333333333336
LOM,Drought,24hr,N-carbamoylaspartate,484.3333333333333
LOM,Drought,24hr,N-formylanthranilic acid,303
LOM,Drought,24hr,N-formylpiperidine,1734
LOM,Drought,24hr,N-methylglutamic acid,16392.333333333332
LOM,Drought,24hr,N-methylproline,107.66666666666667
LOM,Drought,24hr,N6-methyl-2'-deoxyadenosine,182
LOM,Drought,24hr,PE 18:0_18:0,89
LOM,Drought,24hr,PI 38:6,15.666666666666666
LOM,Drought,24hr,Phe-Glu,511.6666666666667
LOM,Drought,24hr,Pro-Ile,318
LOM,Drought,24hr,Pro-Thr,239.66666666666666
LOM,Drought,24hr,Ser-Asp,238.33333333333334
LOM,Drought,24hr,TMAO,25.666666666666668
LOM,Drought,24hr,Thr-Leu,471.3333333333333
LOM,Drought,24hr,Traumatic Acid,618.6666666666666
LOM,Drought,24hr,UDP-N-acetylglucosamine,55231.666666666664
LOM,Drought,24hr,Val Glu Leu,244.66666666666666
LOM,Drought,24hr,Val-Thr,1381.6666666666667
LOM,Drought,24hr,aconitic acid,2187
LOM,Drought,24hr,acylcarnitine 02:0,930.6666666666666
LOM,Drought,24hr,acylcarnitine 03:0,115.66666666666667
LOM,Drought,24hr,"acylcarnitine 04:0, branched",263
LOM,Drought,24hr,acylcarnitine 16:0,798.6666666666666
LOM,Drought,24hr,"acylcarnitine, isovaleryl-",62.333333333333336
LOM,Drought,24hr,"acylcarnitine, malonyl-",17.333333333333332
LOM,Drought,24hr,adenosine,5532.666666666667
LOM,Drought,24hr,adipic acid,82492.66666666667
LOM,Drought,24hr,alanine,509113.3333333333
LOM,Drought,24hr,alanine betaine,414
LOM,Drought,24hr,alanine-alanine,3645
LOM,Drought,24hr,aleuritic acid,340.3333333333333
LOM,Drought,24hr,allantoin,281.3333333333333
LOM,Drought,24hr,alpha-aminoadipic acid,142.66666666666666
LOM,Drought,24hr,alpha-artemisic acid,501.3333333333333
LOM,Drought,24hr,alpha-ketoglutarate,4984.333333333333
LOM,Drought,24hr,anthranilic acid,1630.6666666666667
LOM,Drought,24hr,arabitol,156
LOM,Drought,24hr,arachidic acid,24775.333333333332
LOM,Drought,24hr,aspartic acid,57979.333333333336
LOM,Drought,24hr,azelaic acid,3923.166666666667
LOM,Drought,24hr,behenic acid,8985
LOM,Drought,24hr,"benzenesulfonic acid, decyl-",53477.333333333336
LOM,Drought,24hr,benzoic acid,215165.33333333334
LOM,Drought,24hr,benzothiazole,39384.333333333336
LOM,Drought,24hr,benzyltriethylammonium,100.66666666666667
LOM,Drought,24hr,benzyltrimethylammonium,272
LOM,Drought,24hr,beta-alanine,10785.333333333334
LOM,Drought,24hr,beta-gentiobiose,18711
LOM,Drought,24hr,beta-glutamic acid,148.66666666666666
LOM,Drought,24hr,beta-mannosylglycerate,419995.6666666667
LOM,Drought,24hr,beta-sitosterol,12395.333333333334
LOM,Drought,24hr,beta-sitosteryl sulfate,28.333333333333332
LOM,Drought,24hr,betaine,311007.3333333333
LOM,Drought,24hr,betaine aldehyde,44.666666666666664
LOM,Drought,24hr,bis-ferulamidobutane,220.33333333333334
LOM,Drought,24hr,"butane-2,3-diol",10667.666666666666
LOM,Drought,24hr,butyraldehyde,875.6666666666666
LOM,Drought,24hr,butyrolactam,28252.333333333332
LOM,Drought,24hr,cadaverine,1299
LOM,Drought,24hr,carnosol,566.3333333333334
LOM,Drought,24hr,ceanothic acid,61
LOM,Drought,24hr,cellobiose,9931
LOM,Drought,24hr,cerotinic acid,3714.3333333333335
LOM,Drought,24hr,"cholan-24-oic acid, 12-hydroxy-3-oxo-",8.333333333333334
LOM,Drought,24hr,cholesterol,1671.3333333333333
LOM,Drought,24hr,choline,6322
LOM,Drought,24hr,cinnamic acid,180.66666666666666
LOM,Drought,24hr,citramalic acid,1847.3333333333333
LOM,Drought,24hr,citric acid,9087.333333333334
LOM,Drought,24hr,citrulline,2220.6666666666665
LOM,Drought,24hr,citrusin VI,54.333333333333336
LOM,Drought,24hr,conduritol-beta-epoxide,56650
LOM,Drought,24hr,creatine,104.66666666666667
LOM,Drought,24hr,creatinine,131
LOM,Drought,24hr,cysteic acid,477.6666666666667
LOM,Drought,24hr,cysteine S-sulfate,492.6666666666667
LOM,Drought,24hr,cysteine sulfonic acid,126
LOM,Drought,24hr,cytidine,309.6666666666667
LOM,Drought,24hr,cytosine,335.1666666666667
LOM,Drought,24hr,dehydroabietic acid,7076.5
LOM,Drought,24hr,deoxyguanosine,499.6666666666667
LOM,Drought,24hr,deoxypentitol,2043.6666666666667
LOM,Drought,24hr,dihydrocaffeic acid 3-glucuronide,176.66666666666666
LOM,Drought,24hr,dihydrophaseic acid,485.6666666666667
LOM,Drought,24hr,dihydroxy-octadecadienoic acid,205.33333333333334
LOM,Drought,24hr,dihydroxyacetone,19445.666666666668
LOM,Drought,24hr,dimethyldioctadecylammonium,451148.3333333333
LOM,Drought,24hr,dodecanedioic acid,388.6666666666667
LOM,Drought,24hr,dodecanol,2612.3333333333335
LOM,Drought,24hr,ectoine,2280
LOM,Drought,24hr,erythritol,2898.3333333333335
LOM,Drought,24hr,erythronic acid lactone,733.6666666666666
LOM,Drought,24hr,erythrose,1139
LOM,Drought,24hr,ethanolamine,105915.33333333333
LOM,Drought,24hr,ferulic acid,462.8333333333333
LOM,Drought,24hr,ferulic acid 4-sulfate,989
LOM,Drought,24hr,fructose,21494
LOM,Drought,24hr,fucose,19335.333333333332
LOM,Drought,24hr,fumaric acid,36941
LOM,Drought,24hr,furfurylmethylamine,59.666666666666664
LOM,Drought,24hr,galactinol,155647
LOM,Drought,24hr,galacto-N-biose,302.6666666666667
LOM,Drought,24hr,galactose,20349.666666666668
LOM,Drought,24hr,galacturonic acid,8961.333333333334
LOM,Drought,24hr,gamma-aminobutyric acid,5339.666666666667
LOM,Drought,24hr,glucoheptose,6162.666666666667
LOM,Drought,24hr,glucoheptulose,4406.666666666667
LOM,Drought,24hr,gluconic acid,14356.666666666668
LOM,Drought,24hr,gluconic acid lactone,3623.6666666666665
LOM,Drought,24hr,glucose,243289
LOM,Drought,24hr,glutamic acid,103943.5
LOM,Drought,24hr,glutamine,74.66666666666667
LOM,Drought,24hr,glutamyl-valine,4567.666666666667
LOM,Drought,24hr,glutaric acid,2176.3333333333335
LOM,Drought,24hr,glyceric acid,48310.333333333336
LOM,Drought,24hr,glycerol,467735
LOM,Drought,24hr,glycerol-3-galactoside,24506
LOM,Drought,24hr,glycerol-alpha-phosphate,8192
LOM,Drought,24hr,glycine,79375
LOM,Drought,24hr,glycolic acid,60067.333333333336
LOM,Drought,24hr,glycyl proline,3956.6666666666665
LOM,Drought,24hr,guanine,4130.166666666667
LOM,Drought,24hr,guanosine,7275.666666666666
LOM,Drought,24hr,heptadecanoic acid,10528.666666666666
LOM,Drought,24hr,hexadecanedioic acid,7932.333333333333
LOM,Drought,24hr,histidine,812.6666666666666
LOM,Drought,24hr,homarine,666.3333333333334
LOM,Drought,24hr,homocitrulline,93
LOM,Drought,24hr,homoserine,6156
LOM,Drought,24hr,homostachydrine,580.6666666666666
LOM,Drought,24hr,homovanillic acid,98.66666666666667
LOM,Drought,24hr,hypoxanthine,2761.3333333333335
LOM,Drought,24hr,indigotin,2769.666666666667
LOM,Drought,24hr,indole-3-acetate,226
LOM,Drought,24hr,indole-3-acetyl-glutamine,73.33333333333333
LOM,Drought,24hr,indole-3-lactate,220.66666666666666
LOM,Drought,24hr,indole-6-carboxaldehyde,39.333333333333336
LOM,Drought,24hr,inosine,18424.333333333332
LOM,Drought,24hr,inositol,986
LOM,Drought,24hr,inositol-4-monophosphate,37810.333333333336
LOM,Drought,24hr,isobutylamine,3245.3333333333335
LOM,Drought,24hr,isoleucine,176396.16666666666
LOM,Drought,24hr,isomaltose,8780.666666666666
LOM,Drought,24hr,isothreonic acid,16729.333333333332
LOM,Drought,24hr,ketoisoleucine,5035.333333333333
LOM,Drought,24hr,lactic acid,13294
LOM,Drought,24hr,lactobionic acid,35192.666666666664
LOM,Drought,24hr,lactose,97472.66666666667
LOM,Drought,24hr,lactulose,4731.333333333333
LOM,Drought,24hr,laurdan,2102.3333333333335
LOM,Drought,24hr,leucine,353508.3333333333
LOM,Drought,24hr,leucrose,2819
LOM,Drought,24hr,levoglucosan,5131
LOM,Drought,24hr,lignoceric acid,3725.6666666666665
LOM,Drought,24hr,linoleic acid,4619.666666666667
LOM,Drought,24hr,linolenic acid,135.66666666666666
LOM,Drought,24hr,lysine,1162.3333333333333
LOM,Drought,24hr,lyxitol,66293
LOM,Drought,24hr,lyxose,2621.3333333333335
LOM,Drought,24hr,malic acid,22806.333333333332
LOM,Drought,24hr,malonamide,274.6666666666667
LOM,Drought,24hr,malonic acid,509.6666666666667
LOM,Drought,24hr,maltitol,16390.333333333332
LOM,Drought,24hr,maltose,12747.666666666666
LOM,Drought,24hr,maltotetraose,676.3333333333334
LOM,Drought,24hr,maltotriitol,35724
LOM,Drought,24hr,maltotriose,56891
LOM,Drought,24hr,mandelic acid,2373.6666666666665
LOM,Drought,24hr,mannitol,136072.5
LOM,Drought,24hr,mannoheptulose,1184
LOM,Drought,24hr,mannonic acid,1774
LOM,Drought,24hr,mannose-6-phosphate,403.6666666666667
LOM,Drought,24hr,mannuronic acid,8961.333333333334
LOM,Drought,24hr,methanolphosphate,1825
LOM,Drought,24hr,methionine,24363.666666666668
LOM,Drought,24hr,methionine sulfoxide,1487.3333333333333
LOM,Drought,24hr,methyl lactoside,133.66666666666666
LOM,Drought,24hr,methyl violet B,882
LOM,Drought,24hr,methyl-4-hydroxybenzoate,743
LOM,Drought,24hr,methylmaleic acid,689.3333333333334
LOM,Drought,24hr,mevalonic acid,290
LOM,Drought,24hr,montanic acid,8783.333333333334
LOM,Drought,24hr,myo-inositol,580175
LOM,Drought,24hr,myristic acid,5197.666666666667
LOM,Drought,24hr,neohesperidose,382
LOM,Drought,24hr,neomycin B,119
LOM,Drought,24hr,nicotinic acid,11096.5
LOM,Drought,24hr,nonadecanoic acid,2108.6666666666665
LOM,Drought,24hr,norgestrel,166.66666666666666
LOM,Drought,24hr,o-toluic acid,4748.666666666667
LOM,Drought,24hr,"octadecanoic acid, 9,10,18-trihydroxy-",662.6666666666666
LOM,Drought,24hr,octadecanol,810.6666666666666
LOM,Drought,24hr,oleic acid,4568.666666666667
LOM,Drought,24hr,ornithine,6036.333333333333
LOM,Drought,24hr,orotic acid,418.6666666666667
LOM,Drought,24hr,oxoproline,1792852.3333333333
LOM,Drought,24hr,p-cresol glucuronide,43.333333333333336
LOM,Drought,24hr,p-cresol sulfate,909
LOM,Drought,24hr,palatinitol,37239.666666666664
LOM,Drought,24hr,palmitoleic acid,216.33333333333334
LOM,Drought,24hr,panose,7032.666666666667
LOM,Drought,24hr,pantothenic acid,959
LOM,Drought,24hr,parabanic acid,2835.6666666666665
LOM,Drought,24hr,"pentaerythritol, cyclic phosphate",1081.3333333333333
LOM,Drought,24hr,pentamethylene bisacetamide,423
LOM,Drought,24hr,pentitol,313
LOM,Drought,24hr,perfluoroheptanoic acid,358
LOM,Drought,24hr,perseitol,627.5
LOM,Drought,24hr,phenol,4849
LOM,Drought,24hr,phenyl sulfate,407.3333333333333
LOM,Drought,24hr,phenylacetic acid,4161
LOM,Drought,24hr,phenylalanine,53788.5
LOM,Drought,24hr,phenylethylamine,468.3333333333333
LOM,Drought,24hr,phenylpyruvate,2922.3333333333335
LOM,Drought,24hr,phosphate,88098.33333333333
LOM,Drought,24hr,pimelic acid,2694
LOM,Drought,24hr,pinitol,6465
LOM,Drought,24hr,pipecolinic acid,694.6666666666666
LOM,Drought,24hr,proline,17421.666666666668
LOM,Drought,24hr,proline betaine,28755
LOM,Drought,24hr,propyleneglycol,8846.333333333334
LOM,Drought,24hr,pseudo-uridine,3466
LOM,Drought,24hr,pseudouridine,338
LOM,Drought,24hr,pyroGlu-Val,41
LOM,Drought,24hr,pyroglutamic acid,707.3333333333334
LOM,Drought,24hr,pyrrole-2-carboxylic acid,3559
LOM,Drought,24hr,quinic acid,1906.6666666666667
LOM,Drought,24hr,"quinoline-2,8-diol",113
LOM,Drought,24hr,quinolinic acid,1443.6666666666667
LOM,Drought,24hr,raffinose,2261.3333333333335
LOM,Drought,24hr,ribonic acid,7807.333333333333
LOM,Drought,24hr,ribose,62815.333333333336
LOM,Drought,24hr,ribulose,17129.333333333332
LOM,Drought,24hr,ritalinic acid,530.6666666666666
LOM,Drought,24hr,salicyl alcohol,6221.333333333333
LOM,Drought,24hr,salicylaldehyde,153237.33333333334
LOM,Drought,24hr,salicylic acid,3682.6666666666665
LOM,Drought,24hr,salicyluric acid,120
LOM,Drought,24hr,sebacic acid,1149
LOM,Drought,24hr,serine,106563.16666666666
LOM,Drought,24hr,shikimic acid,4085.3333333333335
LOM,Drought,24hr,sinigrin,1069.3333333333333
LOM,Drought,24hr,sophorose,191638.33333333334
LOM,Drought,24hr,sorbitol,8945.333333333334
LOM,Drought,24hr,stearic acid,1141608
LOM,Drought,24hr,stigmasterol,274.6666666666667
LOM,Drought,24hr,suberic acid,2838.166666666667
LOM,Drought,24hr,succinate semialdehyde,7775.666666666667
LOM,Drought,24hr,succinic acid,12010.333333333334
LOM,Drought,24hr,sucrose,36484.166666666664
LOM,Drought,24hr,sulfoacetic acid,164.33333333333334
LOM,Drought,24hr,syringa-resinol,1232.3333333333333
LOM,Drought,24hr,tagatose,3303.6666666666665
LOM,Drought,24hr,terephthalic acid,13977.333333333334
LOM,Drought,24hr,tetracosane,13727
LOM,Drought,24hr,tetradecane-7-sulfonic acid,1584.6666666666667
LOM,Drought,24hr,tetradecanedioic acid,461.3333333333333
LOM,Drought,24hr,"tetradecanedioic acid, 5,6-dihydroxy-",10
LOM,Drought,24hr,tetramethyl-4-piperidone,2690.6666666666665
LOM,Drought,24hr,threitol,1076.3333333333333
LOM,Drought,24hr,threonic acid,2550.6666666666665
LOM,Drought,24hr,threonine,20807
LOM,Drought,24hr,threose,523
LOM,Drought,24hr,thymidine,99903.33333333333
LOM,Drought,24hr,thymine,35097.333333333336
LOM,Drought,24hr,trans-4-hydroxyproline,680.6666666666666
LOM,Drought,24hr,trehalose,3634357.6666666665
LOM,Drought,24hr,trehalose-6-phosphate,1253.6666666666667
LOM,Drought,24hr,trimethylamine,444
LOM,Drought,24hr,tryptophan,3365.5
LOM,Drought,24hr,tyramine,5957
LOM,Drought,24hr,tyrosine,29274.333333333336
LOM,Drought,24hr,undecanedioic acid,783.3333333333334
LOM,Drought,24hr,uracil,28466.833333333336
LOM,Drought,24hr,urea,10254
LOM,Drought,24hr,uric acid,303.6666666666667
LOM,Drought,24hr,uridine,27631
LOM,Drought,24hr,urocanic acid,290.6666666666667
LOM,Drought,24hr,valine,160822
LOM,Drought,24hr,valine betaine,50.666666666666664
LOM,Drought,24hr,vanillic acid,2967.6666666666665
LOM,Drought,24hr,xanthine,883.8333333333334
LOM,Drought,24hr,xanthosine,357.6666666666667
LOM,Drought,24hr,xanthurenic acid,122.66666666666667
LOM,Drought,24hr,xylitol,6047.666666666667
LOM,Drought,24hr,xylose,71642
LOM,Drought,24hr,xylulose,16603.666666666668
LOM,Drought,24hr,NA,2962.3507322568544
LOM,Drought,72hr,(carbomethoxymethylene)-triphenylphosphorane,73.66666666666667
LOM,Drought,72hr,"1,2,4-benzenetriol",5141.666666666667
LOM,Drought,72hr,"1,6-anhydro-glucose",293.6666666666667
LOM,Drought,72hr,"1,6-diisopropylnaphthalene",626.6666666666666
LOM,Drought,72hr,"1,7-bis(3,4-dihydroxyphenyl)-6-hydroxyheptan-3-one",145
LOM,Drought,72hr,1-(2-hydroxyethylamino)-2-propanol,359
LOM,Drought,72hr,1-kestose,1933
LOM,Drought,72hr,1-methyladenosine,2203
LOM,Drought,72hr,1-methylguanidine,91.33333333333333
LOM,Drought,72hr,1-monopalmitin,253.66666666666666
LOM,Drought,72hr,1-octanesulfonic acid,411
LOM,Drought,72hr,"12,13-DiHOME",4056.3333333333335
LOM,Drought,72hr,"12-hydroxy-4-methyl-octahydro-3-benzoxecine-2,9-dione",619
LOM,Drought,72hr,2'-deoxy-2'-fluoro-2'-methyluridine,243.66666666666666
LOM,Drought,72hr,2'-deoxyadenosine,590.6666666666666
LOM,Drought,72hr,2'-deoxycytidine,2700.3333333333335
LOM,Drought,72hr,2'-deoxyguanosine,33488.333333333336
LOM,Drought,72hr,2'-deoxyinosine,2485.6666666666665
LOM,Drought,72hr,2'-fucosyllactose,132.66666666666666
LOM,Drought,72hr,"2,3-diaminopropionic acid",528.3333333333334
LOM,Drought,72hr,"2,3-dihydroxybenzenepropanoic acid",151.66666666666666
LOM,Drought,72hr,"2,3-dihydroxypyridine",3716.6666666666665
LOM,Drought,72hr,"2,4-dihydroxybutanoic acid",69
LOM,Drought,72hr,"2,4-dinitrophenol",1971.6666666666667
LOM,Drought,72hr,"2,4-hexadienedioic acid",865.3333333333334
LOM,Drought,72hr,"2,6-diaminopimelic acid",214
LOM,Drought,72hr,2-(5-methylpyrazol-1-yl)propanoic acid,354.3333333333333
LOM,Drought,72hr,2-Deoxyinosine,18541.333333333332
LOM,Drought,72hr,2-amino-5-methoxyphenol,37.666666666666664
LOM,Drought,72hr,2-benzothiazolesulfonic acid,489.6666666666667
LOM,Drought,72hr,2-deoxyadenosine,3412
LOM,Drought,72hr,2-deoxyerythritol,7835
LOM,Drought,72hr,2-deoxytetronic acid,2523.3333333333335
LOM,Drought,72hr,2-hydroxy-5-methylbenzoic acid,56.666666666666664
LOM,Drought,72hr,2-hydroxybenzoic acid-6-pentadecatriene,1645
LOM,Drought,72hr,2-hydroxybutanoic acid,12050.666666666666
LOM,Drought,72hr,2-hydroxyglutaric acid,1862.6666666666667
LOM,Drought,72hr,2-hydroxyisocaproic acid,1622
LOM,Drought,72hr,2-hydroxyisovaleric acid,9190.333333333334
LOM,Drought,72hr,2-hydroxyoctanoic acid,409.6666666666667
LOM,Drought,72hr,2-hydroxyphenethylamine,1011.3333333333334
LOM,Drought,72hr,2-hydroxyvaleric acid,19338
LOM,Drought,72hr,2-isopropylmalic acid,76.33333333333333
LOM,Drought,72hr,2-keto-3-deoxygluconic acid,148.66666666666666
LOM,Drought,72hr,2-ketoadipic acid,32726.666666666668
LOM,Drought,72hr,2-ketobutyric acid,9760.666666666666
LOM,Drought,72hr,2-ketoisocaproic acid,29046
LOM,Drought,72hr,2-ketoisovaleric acid,5305.333333333333
LOM,Drought,72hr,2-ketomethionine,1039.3333333333333
LOM,Drought,72hr,2-methoxyphenol sulfate,649.3333333333334
LOM,Drought,72hr,2-methyl-1-pyrroline,120.33333333333333
LOM,Drought,72hr,2-methylglyceric acid,1886.3333333333333
LOM,Drought,72hr,2-oct-7-enylpentanedioic acid,707
LOM,Drought,72hr,2-oxindole-3-acetate,91
LOM,Drought,72hr,2-picolinic acid,999.6666666666666
LOM,Drought,72hr,2-pyrrolidinone,50
LOM,Drought,72hr,"3,4-dihydroxybenzoic acid",8707.666666666666
LOM,Drought,72hr,"3,4-dihydroxycinnamic acid",1284
LOM,Drought,72hr,"3,6-anhydro-D-galactose",759.6666666666666
LOM,Drought,72hr,"3,8-dihydroxy-8-(hydroxymethyl)-4,4,11b-trimethyldodecahydro-6a,9-methanocyclohepta[a]naphthalene-2,6-dione",971.3333333333334
LOM,Drought,72hr,3-(3-hydroxyphenyl)-3-hydroxypropionic acid,106.33333333333333
LOM,Drought,72hr,3-(3-hydroxyphenyl)propionic acid,634.3333333333334
LOM,Drought,72hr,3-(4-hydroxyphenyl)propionic acid,1210.3333333333333
LOM,Drought,72hr,3-acetyl-5-methyloxolan-2-one,18
LOM,Drought,72hr,3-amino-1-propanol,314.3333333333333
LOM,Drought,72hr,3-aminoisobutyric acid,4893.333333333333
LOM,Drought,72hr,3-dehydroshikimic acid,244
LOM,Drought,72hr,3-dehydroxy-carnitine,1096.6666666666667
LOM,Drought,72hr,3-deoxy-glycero-galacto-2-nonulosonic acid,3871.3333333333335
LOM,Drought,72hr,3-deoxyguanosine,1182.3333333333333
LOM,Drought,72hr,"3-furancarboxylic acid, tetrahydro-4-methylene-2-octyl-5-oxo-",2985.6666666666665
LOM,Drought,72hr,3-hydroxy-1-propanesulfonic acid,338
LOM,Drought,72hr,3-hydroxy-3-methylglutaric acid,306.3333333333333
LOM,Drought,72hr,3-hydroxyacetophenone,457
LOM,Drought,72hr,3-hydroxybenzoic acid,1843.3333333333333
LOM,Drought,72hr,3-hydroxybutyric acid,512899
LOM,Drought,72hr,3-hydroxyphenylacetic acid,135
LOM,Drought,72hr,3-hydroxypropionic acid,12905.666666666666
LOM,Drought,72hr,3-hydroxysebacic acid,123.66666666666667
LOM,Drought,72hr,3-isopropylmalic acid,300
LOM,Drought,72hr,3-methyladipic acid,1002.6666666666666
LOM,Drought,72hr,3-methylglutaric acid,119.33333333333333
LOM,Drought,72hr,3-oxodeoxycholic acid,106.66666666666667
LOM,Drought,72hr,3-pyridylacetic acid,1047.3333333333333
LOM,Drought,72hr,"4,4'-sulfonyl-bis(2-allylphenol)",792
LOM,Drought,72hr,4-acetamido-butanoic acid,52
LOM,Drought,72hr,"4-hydroxy-2,6-tetramethyl-1-piperidine ethanol",4634.333333333333
LOM,Drought,72hr,4-hydroxybenzaldehyde,1440
LOM,Drought,72hr,4-hydroxybenzoic acid,8468
LOM,Drought,72hr,4-hydroxybutyric acid,32170
LOM,Drought,72hr,4-hydroxycinnamic acid,6632.333333333333
LOM,Drought,72hr,4-hydroxyphenylacetic acid,1408.3333333333333
LOM,Drought,72hr,4-hydroxyquinoline,47.666666666666664
LOM,Drought,72hr,4-methylcatechol,48.666666666666664
LOM,Drought,72hr,4-oxododecanedioic acid,626.3333333333334
LOM,Drought,72hr,5-aminovaleric acid,1579.6666666666667
LOM,Drought,72hr,5-hydroxyectoine,12683.666666666666
LOM,Drought,72hr,5-hydroxymethyl-2-furoic acid,2883.6666666666665
LOM,Drought,72hr,5-methoxysalicylic acid,327.3333333333333
LOM,Drought,72hr,5-methylcytosine,246.33333333333334
LOM,Drought,72hr,6-hydroxynicotinic acid,1348.6666666666667
LOM,Drought,72hr,"9-(2,3-dihydroxypropoxy)-9-oxononanoic acid",344
LOM,Drought,72hr,9-hydroxydec-2-enoic acid,19657.666666666668
LOM,Drought,72hr,Ala-Asp,191.66666666666666
LOM,Drought,72hr,Ala-Thr,81
LOM,Drought,72hr,Asn-Val,45.666666666666664
LOM,Drought,72hr,Asp Leu,144.66666666666666
LOM,Drought,72hr,Asp-Val,61.333333333333336
LOM,Drought,72hr,Benzaldehyde-4-carboxylic acid,2395
LOM,Drought,72hr,D-erythro-sphingosine,1948.3333333333333
LOM,Drought,72hr,DG 18:2_18:2,938.6666666666667
LOM,Drought,72hr,Dopamine,8971
LOM,Drought,72hr,Gln-Asp,57
LOM,Drought,72hr,Gln-Glu,56.666666666666664
LOM,Drought,72hr,Glu-Gln,135
LOM,Drought,72hr,Glu-Leu,625
LOM,Drought,72hr,Gly Pro,195.33333333333334
LOM,Drought,72hr,Gly-Asp,72.66666666666667
LOM,Drought,72hr,Gly-Met,168.66666666666666
LOM,Drought,72hr,Ile-Ala,305.6666666666667
LOM,Drought,72hr,Ile-Glu,1778
LOM,Drought,72hr,Ile-Pro,117.66666666666667
LOM,Drought,72hr,L-Methionine,199.33333333333334
LOM,Drought,72hr,MOPS,108.33333333333333
LOM,Drought,72hr,"N,N,N-trimethyl-5-aminovalerate",547
LOM,Drought,72hr,"N,N-dimethyl-proline-proline betaine",424.3333333333333
LOM,Drought,72hr,N-(5-methyl-3-isoxazolyl)benzenesulfonamide,1200.6666666666667
LOM,Drought,72hr,N-acetyl-D-galactosamine,57660
LOM,Drought,72hr,N-acetyl-glucosaminitol,47.333333333333336
LOM,Drought,72hr,N-acetyl-glutamic acid,152.66666666666666
LOM,Drought,72hr,N-acetyl-lactosamine,643.3333333333334
LOM,Drought,72hr,N-acetyl-ornithine,224
LOM,Drought,72hr,N-acetyl-serine,406
LOM,Drought,72hr,N-acetyl-valine,90
LOM,Drought,72hr,N-acetylglutamate,274
LOM,Drought,72hr,N-acetylmannosamine,37489.333333333336
LOM,Drought,72hr,N-carbamoylaspartate,347
LOM,Drought,72hr,N-formylanthranilic acid,329.3333333333333
LOM,Drought,72hr,N-formylpiperidine,850
LOM,Drought,72hr,N-methylglutamic acid,10190.666666666666
LOM,Drought,72hr,N-methylproline,114.33333333333333
LOM,Drought,72hr,N6-methyl-2'-deoxyadenosine,140.66666666666666
LOM,Drought,72hr,PE 18:0_18:0,71.33333333333333
LOM,Drought,72hr,PI 38:6,11.333333333333334
LOM,Drought,72hr,Phe-Glu,330.3333333333333
LOM,Drought,72hr,Pro-Ile,295.6666666666667
LOM,Drought,72hr,Pro-Thr,233.33333333333334
LOM,Drought,72hr,Ser-Asp,146
LOM,Drought,72hr,TMAO,25.666666666666668
LOM,Drought,72hr,Thr-Leu,414.3333333333333
LOM,Drought,72hr,Traumatic Acid,785.6666666666666
LOM,Drought,72hr,UDP-N-acetylglucosamine,27236.333333333332
LOM,Drought,72hr,Val Glu Leu,181
LOM,Drought,72hr,Val-Thr,1061.3333333333333
LOM,Drought,72hr,aconitic acid,1015.3333333333334
LOM,Drought,72hr,acylcarnitine 02:0,761
LOM,Drought,72hr,acylcarnitine 03:0,94.33333333333333
LOM,Drought,72hr,"acylcarnitine 04:0, branched",334.3333333333333
LOM,Drought,72hr,acylcarnitine 16:0,406.6666666666667
LOM,Drought,72hr,"acylcarnitine, isovaleryl-",93
LOM,Drought,72hr,"acylcarnitine, malonyl-",26.333333333333332
LOM,Drought,72hr,adenosine,3377.3333333333335
LOM,Drought,72hr,adipic acid,43082
LOM,Drought,72hr,alanine,561401.3333333334
LOM,Drought,72hr,alanine betaine,366.3333333333333
LOM,Drought,72hr,alanine-alanine,1686.6666666666667
LOM,Drought,72hr,aleuritic acid,433
LOM,Drought,72hr,allantoin,240.66666666666666
LOM,Drought,72hr,alpha-aminoadipic acid,360.3333333333333
LOM,Drought,72hr,alpha-artemisic acid,690
LOM,Drought,72hr,alpha-ketoglutarate,2291.3333333333335
LOM,Drought,72hr,anthranilic acid,1602.6666666666667
LOM,Drought,72hr,arabitol,542
LOM,Drought,72hr,arachidic acid,6719.333333333333
LOM,Drought,72hr,aspartic acid,21273
LOM,Drought,72hr,azelaic acid,8456.666666666668
LOM,Drought,72hr,behenic acid,5800.666666666667
LOM,Drought,72hr,"benzenesulfonic acid, decyl-",51601
LOM,Drought,72hr,benzoic acid,142621
LOM,Drought,72hr,benzothiazole,2012
LOM,Drought,72hr,benzyltriethylammonium,117.33333333333333
LOM,Drought,72hr,benzyltrimethylammonium,350
LOM,Drought,72hr,beta-alanine,7965.333333333333
LOM,Drought,72hr,beta-gentiobiose,9244
LOM,Drought,72hr,beta-glutamic acid,247.66666666666666
LOM,Drought,72hr,beta-mannosylglycerate,380165.6666666667
LOM,Drought,72hr,beta-sitosterol,2101.3333333333335
LOM,Drought,72hr,beta-sitosteryl sulfate,35.333333333333336
LOM,Drought,72hr,betaine,243762
LOM,Drought,72hr,betaine aldehyde,43.333333333333336
LOM,Drought,72hr,bis-ferulamidobutane,157.33333333333334
LOM,Drought,72hr,"butane-2,3-diol",22753
LOM,Drought,72hr,butyraldehyde,664.6666666666666
LOM,Drought,72hr,butyrolactam,19571.666666666668
LOM,Drought,72hr,cadaverine,1307.3333333333333
LOM,Drought,72hr,carnosol,336.6666666666667
LOM,Drought,72hr,ceanothic acid,117.66666666666666
LOM,Drought,72hr,cellobiose,8760
LOM,Drought,72hr,cerotinic acid,1352.6666666666667
LOM,Drought,72hr,"cholan-24-oic acid, 12-hydroxy-3-oxo-",52.666666666666664
LOM,Drought,72hr,cholesterol,1987.3333333333333
LOM,Drought,72hr,choline,6505.666666666667
LOM,Drought,72hr,cinnamic acid,163
LOM,Drought,72hr,citramalic acid,1218.3333333333333
LOM,Drought,72hr,citric acid,1131.3333333333333
LOM,Drought,72hr,citrulline,1585.6666666666667
LOM,Drought,72hr,citrusin VI,44.666666666666664
LOM,Drought,72hr,conduritol-beta-epoxide,50022.666666666664
LOM,Drought,72hr,creatine,107
LOM,Drought,72hr,creatinine,126
LOM,Drought,72hr,cysteic acid,386.3333333333333
LOM,Drought,72hr,cysteine S-sulfate,537.3333333333334
LOM,Drought,72hr,cysteine sulfonic acid,95.33333333333333
LOM,Drought,72hr,cytidine,303.1666666666667
LOM,Drought,72hr,cytosine,372.8333333333333
LOM,Drought,72hr,dehydroabietic acid,1778.6666666666667
LOM,Drought,72hr,deoxyguanosine,270
LOM,Drought,72hr,deoxypentitol,1167
LOM,Drought,72hr,dihydrocaffeic acid 3-glucuronide,101.66666666666667
LOM,Drought,72hr,dihydrophaseic acid,466.3333333333333
LOM,Drought,72hr,dihydroxy-octadecadienoic acid,198.66666666666666
LOM,Drought,72hr,dihydroxyacetone,12543
LOM,Drought,72hr,dimethyldioctadecylammonium,289519.3333333333
LOM,Drought,72hr,dodecanedioic acid,362.6666666666667
LOM,Drought,72hr,dodecanol,2451.3333333333335
LOM,Drought,72hr,ectoine,1449.6666666666667
LOM,Drought,72hr,erythritol,2314.3333333333335
LOM,Drought,72hr,erythronic acid lactone,401.3333333333333
LOM,Drought,72hr,erythrose,308
LOM,Drought,72hr,ethanolamine,135986
LOM,Drought,72hr,ferulic acid,406
LOM,Drought,72hr,ferulic acid 4-sulfate,890
LOM,Drought,72hr,fructose,20882.833333333336
LOM,Drought,72hr,fucose,13922.333333333334
LOM,Drought,72hr,fumaric acid,24344.333333333332
LOM,Drought,72hr,furfurylmethylamine,62.666666666666664
LOM,Drought,72hr,galactinol,182943.33333333334
LOM,Drought,72hr,galacto-N-biose,294.6666666666667
LOM,Drought,72hr,galactose,19382.666666666668
LOM,Drought,72hr,galacturonic acid,3659.3333333333335
LOM,Drought,72hr,gamma-aminobutyric acid,8134
LOM,Drought,72hr,glucoheptose,4488.666666666667
LOM,Drought,72hr,glucoheptulose,3489.3333333333335
LOM,Drought,72hr,gluconic acid,3790.6666666666665
LOM,Drought,72hr,gluconic acid lactone,1017
LOM,Drought,72hr,glucose,225060.83333333334
LOM,Drought,72hr,glutamic acid,137804
LOM,Drought,72hr,glutamine,93.66666666666667
LOM,Drought,72hr,glutamyl-valine,2192.3333333333335
LOM,Drought,72hr,glutaric acid,1349
LOM,Drought,72hr,glyceric acid,36812.666666666664
LOM,Drought,72hr,glycerol,374516.3333333333
LOM,Drought,72hr,glycerol-3-galactoside,17838.333333333332
LOM,Drought,72hr,glycerol-alpha-phosphate,1032.3333333333333
LOM,Drought,72hr,glycine,69552.66666666667
LOM,Drought,72hr,glycolic acid,55692
LOM,Drought,72hr,glycyl proline,5373.333333333333
LOM,Drought,72hr,guanine,3245
LOM,Drought,72hr,guanosine,6363.166666666666
LOM,Drought,72hr,heptadecanoic acid,4896.333333333333
LOM,Drought,72hr,hexadecanedioic acid,7518.666666666667
LOM,Drought,72hr,histidine,820.3333333333334
LOM,Drought,72hr,homarine,598.3333333333334
LOM,Drought,72hr,homocitrulline,73
LOM,Drought,72hr,homoserine,6812
LOM,Drought,72hr,homostachydrine,474
LOM,Drought,72hr,homovanillic acid,101.66666666666667
LOM,Drought,72hr,hypoxanthine,2455
LOM,Drought,72hr,indigotin,2984
LOM,Drought,72hr,indole-3-acetate,878.6666666666666
LOM,Drought,72hr,indole-3-acetyl-glutamine,72
LOM,Drought,72hr,indole-3-lactate,240.66666666666666
LOM,Drought,72hr,indole-6-carboxaldehyde,58.333333333333336
LOM,Drought,72hr,inosine,13506.666666666668
LOM,Drought,72hr,inositol,886.6666666666666
LOM,Drought,72hr,inositol-4-monophosphate,13671.666666666666
LOM,Drought,72hr,isobutylamine,15429.666666666666
LOM,Drought,72hr,isoleucine,186645
LOM,Drought,72hr,isomaltose,7579.666666666667
LOM,Drought,72hr,isothreonic acid,12443
LOM,Drought,72hr,ketoisoleucine,3688.6666666666665
LOM,Drought,72hr,lactic acid,11548.666666666666
LOM,Drought,72hr,lactobionic acid,9852.333333333334
LOM,Drought,72hr,lactose,84056.5
LOM,Drought,72hr,lactulose,6027.333333333333
LOM,Drought,72hr,laurdan,2218.3333333333335
LOM,Drought,72hr,leucine,383837.1666666667
LOM,Drought,72hr,leucrose,2307
LOM,Drought,72hr,levoglucosan,2799.1666666666665
LOM,Drought,72hr,lignoceric acid,2165.6666666666665
LOM,Drought,72hr,linoleic acid,180.33333333333334
LOM,Drought,72hr,linolenic acid,127
LOM,Drought,72hr,lysine,1000.3333333333333
LOM,Drought,72hr,lyxitol,236704
LOM,Drought,72hr,lyxose,3547.6666666666665
LOM,Drought,72hr,malic acid,9386.666666666666
LOM,Drought,72hr,malonamide,218.66666666666666
LOM,Drought,72hr,malonic acid,392
LOM,Drought,72hr,maltitol,8274.333333333334
LOM,Drought,72hr,maltose,10562
LOM,Drought,72hr,maltotetraose,454.3333333333333
LOM,Drought,72hr,maltotriitol,20265.666666666668
LOM,Drought,72hr,maltotriose,42077
LOM,Drought,72hr,mandelic acid,2014.3333333333333
LOM,Drought,72hr,mannitol,143242.6666666667
LOM,Drought,72hr,mannoheptulose,955.3333333333334
LOM,Drought,72hr,mannonic acid,811.6666666666666
LOM,Drought,72hr,mannose-6-phosphate,166
LOM,Drought,72hr,mannuronic acid,2645.6666666666665
LOM,Drought,72hr,methanolphosphate,1734.6666666666667
LOM,Drought,72hr,methionine,9011.666666666666
LOM,Drought,72hr,methionine sulfoxide,2679
LOM,Drought,72hr,methyl lactoside,114
LOM,Drought,72hr,methyl violet B,631.3333333333334
LOM,Drought,72hr,methyl-4-hydroxybenzoate,268.6666666666667
LOM,Drought,72hr,methylmaleic acid,554.3333333333334
LOM,Drought,72hr,mevalonic acid,257.6666666666667
LOM,Drought,72hr,montanic acid,1899.6666666666667
LOM,Drought,72hr,myo-inositol,383775
LOM,Drought,72hr,myristic acid,3085.3333333333335
LOM,Drought,72hr,neohesperidose,290.3333333333333
LOM,Drought,72hr,neomycin B,82.66666666666667
LOM,Drought,72hr,nicotinic acid,10093
LOM,Drought,72hr,nonadecanoic acid,787
LOM,Drought,72hr,norgestrel,331
LOM,Drought,72hr,o-toluic acid,1703.3333333333333
LOM,Drought,72hr,"octadecanoic acid, 9,10,18-trihydroxy-",759
LOM,Drought,72hr,octadecanol,742.6666666666666
LOM,Drought,72hr,oleic acid,783.3333333333334
LOM,Drought,72hr,ornithine,2930.6666666666665
LOM,Drought,72hr,orotic acid,353.6666666666667
LOM,Drought,72hr,oxoproline,966539.6666666666
LOM,Drought,72hr,p-cresol glucuronide,34
LOM,Drought,72hr,p-cresol sulfate,865.6666666666666
LOM,Drought,72hr,palatinitol,34972
LOM,Drought,72hr,palmitoleic acid,169
LOM,Drought,72hr,panose,2736.3333333333335
LOM,Drought,72hr,pantothenic acid,732.3333333333334
LOM,Drought,72hr,parabanic acid,602
LOM,Drought,72hr,"pentaerythritol, cyclic phosphate",952
LOM,Drought,72hr,pentamethylene bisacetamide,166.33333333333334
LOM,Drought,72hr,pentitol,347.6666666666667
LOM,Drought,72hr,perfluoroheptanoic acid,529
LOM,Drought,72hr,perseitol,659.5
LOM,Drought,72hr,phenol,10404.666666666666
LOM,Drought,72hr,phenyl sulfate,377.6666666666667
LOM,Drought,72hr,phenylacetic acid,2826.6666666666665
LOM,Drought,72hr,phenylalanine,59840.33333333333
LOM,Drought,72hr,phenylethylamine,701.6666666666666
LOM,Drought,72hr,phenylpyruvate,1978
LOM,Drought,72hr,phosphate,26854.5
LOM,Drought,72hr,pimelic acid,2008.6666666666667
LOM,Drought,72hr,pinitol,1678.6666666666667
LOM,Drought,72hr,pipecolinic acid,1646
LOM,Drought,72hr,proline,14098.666666666666
LOM,Drought,72hr,proline betaine,49586
LOM,Drought,72hr,propyleneglycol,22426.666666666668
LOM,Drought,72hr,pseudo-uridine,3298.3333333333335
LOM,Drought,72hr,pseudouridine,321.6666666666667
LOM,Drought,72hr,pyroGlu-Val,40
LOM,Drought,72hr,pyroglutamic acid,519.3333333333334
LOM,Drought,72hr,pyrrole-2-carboxylic acid,1042
LOM,Drought,72hr,quinic acid,1661
LOM,Drought,72hr,"quinoline-2,8-diol",106
LOM,Drought,72hr,quinolinic acid,181.33333333333334
LOM,Drought,72hr,raffinose,1897
LOM,Drought,72hr,ribonic acid,4852.333333333333
LOM,Drought,72hr,ribose,41459.333333333336
LOM,Drought,72hr,ribulose,2418.3333333333335
LOM,Drought,72hr,ritalinic acid,437.3333333333333
LOM,Drought,72hr,salicyl alcohol,546.3333333333334
LOM,Drought,72hr,salicylaldehyde,76882.33333333333
LOM,Drought,72hr,salicylic acid,2035.6666666666667
LOM,Drought,72hr,salicyluric acid,121.33333333333333
LOM,Drought,72hr,sebacic acid,1441.3333333333333
LOM,Drought,72hr,serine,86166.66666666666
LOM,Drought,72hr,shikimic acid,2821.3333333333335
LOM,Drought,72hr,sinigrin,1005
LOM,Drought,72hr,sophorose,146208
LOM,Drought,72hr,sorbitol,77513.33333333334
LOM,Drought,72hr,stearic acid,455185.3333333333
LOM,Drought,72hr,stigmasterol,146
LOM,Drought,72hr,suberic acid,1777
LOM,Drought,72hr,succinate semialdehyde,2686
LOM,Drought,72hr,succinic acid,7115.5
LOM,Drought,72hr,sucrose,18320.666666666668
LOM,Drought,72hr,sulfoacetic acid,148.33333333333334
LOM,Drought,72hr,syringa-resinol,1315.6666666666667
LOM,Drought,72hr,tagatose,858
LOM,Drought,72hr,terephthalic acid,3353
LOM,Drought,72hr,tetracosane,1908
LOM,Drought,72hr,tetradecane-7-sulfonic acid,942
LOM,Drought,72hr,tetradecanedioic acid,676
LOM,Drought,72hr,"tetradecanedioic acid, 5,6-dihydroxy-",8.666666666666666
LOM,Drought,72hr,tetramethyl-4-piperidone,874.3333333333334
LOM,Drought,72hr,threitol,1068.6666666666667
LOM,Drought,72hr,threonic acid,1566
LOM,Drought,72hr,threonine,18322.5
LOM,Drought,72hr,threose,337
LOM,Drought,72hr,thymidine,68258.33333333333
LOM,Drought,72hr,thymine,15413.333333333334
LOM,Drought,72hr,trans-4-hydroxyproline,1240.6666666666667
LOM,Drought,72hr,trehalose,6137998
LOM,Drought,72hr,trehalose-6-phosphate,189.33333333333334
LOM,Drought,72hr,trimethylamine,451.6666666666667
LOM,Drought,72hr,tryptophan,3516
LOM,Drought,72hr,tyramine,6853.333333333333
LOM,Drought,72hr,tyrosine,38298.5
LOM,Drought,72hr,undecanedioic acid,1049.6666666666667
LOM,Drought,72hr,uracil,13077.166666666668
LOM,Drought,72hr,urea,4397
LOM,Drought,72hr,uric acid,308.6666666666667
LOM,Drought,72hr,uridine,19109.333333333332
LOM,Drought,72hr,urocanic acid,249.66666666666666
LOM,Drought,72hr,valine,234116
LOM,Drought,72hr,valine betaine,39.333333333333336
LOM,Drought,72hr,vanillic acid,3067.3333333333335
LOM,Drought,72hr,xanthine,776.6666666666666
LOM,Drought,72hr,xanthosine,435
LOM,Drought,72hr,xanthurenic acid,153.33333333333334
LOM,Drought,72hr,xylitol,5003
LOM,Drought,72hr,xylose,60129.666666666664
LOM,Drought,72hr,xylulose,5972.333333333333
LOM,Drought,72hr,NA,2271.214580984591
NA,NA,NA,(carbomethoxymethylene)-triphenylphosphorane,146
NA,NA,NA,"1,2,4-benzenetriol",1194.5
NA,NA,NA,"1,6-anhydro-glucose",160.5
NA,NA,NA,"1,6-diisopropylnaphthalene",161.5
NA,NA,NA,"1,7-bis(3,4-dihydroxyphenyl)-6-hydroxyheptan-3-one",26.5
NA,NA,NA,1-(2-hydroxyethylamino)-2-propanol,97.5
NA,NA,NA,1-kestose,95.5
NA,NA,NA,1-methyladenosine,21.5
NA,NA,NA,1-methylguanidine,15
NA,NA,NA,1-monopalmitin,90.5
NA,NA,NA,1-octanesulfonic acid,264.5
NA,NA,NA,"12,13-DiHOME",472.5
NA,NA,NA,"12-hydroxy-4-methyl-octahydro-3-benzoxecine-2,9-dione",447.5
NA,NA,NA,2'-deoxy-2'-fluoro-2'-methyluridine,130.5
NA,NA,NA,2'-deoxyadenosine,39
NA,NA,NA,2'-deoxycytidine,24
NA,NA,NA,2'-deoxyguanosine,41.5
NA,NA,NA,2'-deoxyinosine,31.5
NA,NA,NA,2'-fucosyllactose,15.5
NA,NA,NA,"2,3-diaminopropionic acid",68.5
NA,NA,NA,"2,3-dihydroxybenzenepropanoic acid",93
NA,NA,NA,"2,3-dihydroxypyridine",610.5
NA,NA,NA,"2,4-dihydroxybutanoic acid",41.5
NA,NA,NA,"2,4-dinitrophenol",882.5
NA,NA,NA,"2,4-hexadienedioic acid",207.5
NA,NA,NA,"2,6-diaminopimelic acid",28
NA,NA,NA,2-(5-methylpyrazol-1-yl)propanoic acid,300
NA,NA,NA,2-Deoxyinosine,32
NA,NA,NA,2-amino-5-methoxyphenol,16.5
NA,NA,NA,2-benzothiazolesulfonic acid,368.5
NA,NA,NA,2-deoxyadenosine,63.5
NA,NA,NA,2-deoxyerythritol,912
NA,NA,NA,2-deoxytetronic acid,140
NA,NA,NA,2-hydroxy-5-methylbenzoic acid,38
NA,NA,NA,2-hydroxybenzoic acid-6-pentadecatriene,1871
NA,NA,NA,2-hydroxybutanoic acid,2347.5
NA,NA,NA,2-hydroxyglutaric acid,258.5
NA,NA,NA,2-hydroxyisocaproic acid,87.5
NA,NA,NA,2-hydroxyisovaleric acid,3075.5
NA,NA,NA,2-hydroxyoctanoic acid,280.5
NA,NA,NA,2-hydroxyphenethylamine,377.5
NA,NA,NA,2-hydroxyvaleric acid,1164.5
NA,NA,NA,2-isopropylmalic acid,61.5
NA,NA,NA,2-keto-3-deoxygluconic acid,108
NA,NA,NA,2-ketoadipic acid,3865
NA,NA,NA,2-ketobutyric acid,2692
NA,NA,NA,2-ketoisocaproic acid,499.5
NA,NA,NA,2-ketoisovaleric acid,326
NA,NA,NA,2-ketomethionine,16
NA,NA,NA,2-methoxyphenol sulfate,614
NA,NA,NA,2-methyl-1-pyrroline,115
NA,NA,NA,2-methylglyceric acid,269.5
NA,NA,NA,2-oct-7-enylpentanedioic acid,840.5
NA,NA,NA,2-oxindole-3-acetate,46
NA,NA,NA,2-picolinic acid,244.5
NA,NA,NA,2-pyrrolidinone,47.5
NA,NA,NA,"3,4-dihydroxybenzoic acid",957
NA,NA,NA,"3,4-dihydroxycinnamic acid",186.5
NA,NA,NA,"3,6-anhydro-D-galactose",27.5
NA,NA,NA,"3,8-dihydroxy-8-(hydroxymethyl)-4,4,11b-trimethyldodecahydro-6a,9-methanocyclohepta[a]naphthalene-2,6-dione",699.5
NA,NA,NA,3-(3-hydroxyphenyl)-3-hydroxypropionic acid,32
NA,NA,NA,3-(3-hydroxyphenyl)propionic acid,109.5
NA,NA,NA,3-(4-hydroxyphenyl)propionic acid,176.5
NA,NA,NA,3-acetyl-5-methyloxolan-2-one,32
NA,NA,NA,3-amino-1-propanol,375.5
NA,NA,NA,3-aminoisobutyric acid,124.5
NA,NA,NA,3-dehydroshikimic acid,53
NA,NA,NA,3-dehydroxy-carnitine,407.5
NA,NA,NA,3-deoxy-glycero-galacto-2-nonulosonic acid,58.5
NA,NA,NA,3-deoxyguanosine,19
NA,NA,NA,"3-furancarboxylic acid, tetrahydro-4-methylene-2-octyl-5-oxo-",2043
NA,NA,NA,3-hydroxy-1-propanesulfonic acid,396
NA,NA,NA,3-hydroxy-3-methylglutaric acid,31
NA,NA,NA,3-hydroxyacetophenone,302.5
NA,NA,NA,3-hydroxybenzoic acid,335
NA,NA,NA,3-hydroxybutyric acid,1525.5
NA,NA,NA,3-hydroxyphenylacetic acid,53
NA,NA,NA,3-hydroxypropionic acid,1474.5
NA,NA,NA,3-hydroxysebacic acid,77
NA,NA,NA,3-isopropylmalic acid,309.5
NA,NA,NA,3-methyladipic acid,698
NA,NA,NA,3-methylglutaric acid,37
NA,NA,NA,3-oxodeoxycholic acid,115
NA,NA,NA,3-pyridylacetic acid,1070.5
NA,NA,NA,"4,4'-sulfonyl-bis(2-allylphenol)",3189
NA,NA,NA,4-acetamido-butanoic acid,23
NA,NA,NA,"4-hydroxy-2,6-tetramethyl-1-piperidine ethanol",7093
NA,NA,NA,4-hydroxybenzaldehyde,120.5
NA,NA,NA,4-hydroxybenzoic acid,1121
NA,NA,NA,4-hydroxybutyric acid,75.5
NA,NA,NA,4-hydroxycinnamic acid,170.5
NA,NA,NA,4-hydroxyphenylacetic acid,80
NA,NA,NA,4-hydroxyquinoline,53
NA,NA,NA,4-methylcatechol,36.5
NA,NA,NA,4-oxododecanedioic acid,290
NA,NA,NA,5-aminovaleric acid,58.5
NA,NA,NA,5-hydroxyectoine,40
NA,NA,NA,5-hydroxymethyl-2-furoic acid,118
NA,NA,NA,5-methoxysalicylic acid,308.5
NA,NA,NA,5-methylcytosine,180.5
NA,NA,NA,6-hydroxynicotinic acid,67
NA,NA,NA,"9-(2,3-dihydroxypropoxy)-9-oxononanoic acid",254.5
NA,NA,NA,9-hydroxydec-2-enoic acid,1153
NA,NA,NA,Ala-Asp,71.5
NA,NA,NA,Ala-Thr,46.5
NA,NA,NA,Asn-Val,37
NA,NA,NA,Asp Leu,81
NA,NA,NA,Asp-Val,53.5
NA,NA,NA,Benzaldehyde-4-carboxylic acid,93
NA,NA,NA,D-erythro-sphingosine,217
NA,NA,NA,DG 18:2_18:2,324
NA,NA,NA,Dopamine,30.5
NA,NA,NA,Gln-Asp,18.5
NA,NA,NA,Gln-Glu,7.5
NA,NA,NA,Glu-Gln,13
NA,NA,NA,Glu-Leu,303.5
NA,NA,NA,Gly Pro,162
NA,NA,NA,Gly-Asp,75.5
NA,NA,NA,Gly-Met,77
NA,NA,NA,Ile-Ala,16.5
NA,NA,NA,Ile-Glu,33
NA,NA,NA,Ile-Pro,53
NA,NA,NA,L-Methionine,48
NA,NA,NA,MOPS,110.5
NA,NA,NA,"N,N,N-trimethyl-5-aminovalerate",14
NA,NA,NA,"N,N-dimethyl-proline-proline betaine",344.5
NA,NA,NA,N-(5-methyl-3-isoxazolyl)benzenesulfonamide,901.5
NA,NA,NA,N-acetyl-D-galactosamine,69
NA,NA,NA,N-acetyl-glucosaminitol,19.5
NA,NA,NA,N-acetyl-glutamic acid,110
NA,NA,NA,N-acetyl-lactosamine,215.5
NA,NA,NA,N-acetyl-ornithine,61.5
NA,NA,NA,N-acetyl-serine,220
NA,NA,NA,N-acetyl-valine,60.5
NA,NA,NA,N-acetylglutamate,27
NA,NA,NA,N-acetylmannosamine,63
NA,NA,NA,N-carbamoylaspartate,24
NA,NA,NA,N-formylanthranilic acid,148
NA,NA,NA,N-formylpiperidine,465.5
NA,NA,NA,N-methylglutamic acid,713.5
NA,NA,NA,N-methylproline,88
NA,NA,NA,N6-methyl-2'-deoxyadenosine,113
NA,NA,NA,PE 18:0_18:0,125
NA,NA,NA,PI 38:6,14.5
NA,NA,NA,Phe-Glu,19.5
NA,NA,NA,Pro-Ile,27.5
NA,NA,NA,Pro-Thr,73.5
NA,NA,NA,Ser-Asp,54
NA,NA,NA,TMAO,16
NA,NA,NA,Thr-Leu,18.5
NA,NA,NA,Traumatic Acid,290
NA,NA,NA,UDP-N-acetylglucosamine,80.5
NA,NA,NA,Val Glu Leu,79.5
NA,NA,NA,Val-Thr,55
NA,NA,NA,aconitic acid,21.5
NA,NA,NA,acylcarnitine 02:0,181.5
NA,NA,NA,acylcarnitine 03:0,48.5
NA,NA,NA,"acylcarnitine 04:0, branched",29.5
NA,NA,NA,acylcarnitine 16:0,530.5
NA,NA,NA,"acylcarnitine, isovaleryl-",43.5
NA,NA,NA,"acylcarnitine, malonyl-",11
NA,NA,NA,adenosine,29.5
NA,NA,NA,adipic acid,14238.5
NA,NA,NA,alanine,4982
NA,NA,NA,alanine betaine,105.5
NA,NA,NA,alanine-alanine,37
NA,NA,NA,aleuritic acid,34.5
NA,NA,NA,allantoin,68.5
NA,NA,NA,alpha-aminoadipic acid,32
NA,NA,NA,alpha-artemisic acid,299.5
NA,NA,NA,alpha-ketoglutarate,59
NA,NA,NA,anthranilic acid,92
NA,NA,NA,arabitol,29.5
NA,NA,NA,arachidic acid,2946.5
NA,NA,NA,aspartic acid,125
NA,NA,NA,azelaic acid,7709.75
NA,NA,NA,behenic acid,838.5
NA,NA,NA,"benzenesulfonic acid, decyl-",42646.5
NA,NA,NA,benzoic acid,27931
NA,NA,NA,benzothiazole,4650
NA,NA,NA,benzyltriethylammonium,201.5
NA,NA,NA,benzyltrimethylammonium,603
NA,NA,NA,beta-alanine,117
NA,NA,NA,beta-gentiobiose,36
NA,NA,NA,beta-glutamic acid,35.5
NA,NA,NA,beta-mannosylglycerate,91
NA,NA,NA,beta-sitosterol,2829.5
NA,NA,NA,beta-sitosteryl sulfate,33
NA,NA,NA,betaine,57575
NA,NA,NA,betaine aldehyde,35.5
NA,NA,NA,bis-ferulamidobutane,206
NA,NA,NA,"butane-2,3-diol",1983.5
NA,NA,NA,butyraldehyde,75.5
NA,NA,NA,butyrolactam,2386
NA,NA,NA,cadaverine,195.5
NA,NA,NA,carnosol,206
NA,NA,NA,ceanothic acid,75
NA,NA,NA,cellobiose,299.5
NA,NA,NA,cerotinic acid,121.5
NA,NA,NA,"cholan-24-oic acid, 12-hydroxy-3-oxo-",26
NA,NA,NA,cholesterol,168
NA,NA,NA,choline,927
NA,NA,NA,cinnamic acid,31
NA,NA,NA,citramalic acid,113.5
NA,NA,NA,citric acid,104
NA,NA,NA,citrulline,838
NA,NA,NA,citrusin VI,65
NA,NA,NA,conduritol-beta-epoxide,245.5
NA,NA,NA,creatine,99
NA,NA,NA,creatinine,121
NA,NA,NA,cysteic acid,325
NA,NA,NA,cysteine S-sulfate,331.5
NA,NA,NA,cysteine sulfonic acid,29
NA,NA,NA,cytidine,40.25
NA,NA,NA,cytosine,66.75
NA,NA,NA,dehydroabietic acid,479.25
NA,NA,NA,deoxyguanosine,72.5
NA,NA,NA,deoxypentitol,53
NA,NA,NA,dihydrocaffeic acid 3-glucuronide,50.5
NA,NA,NA,dihydrophaseic acid,249
NA,NA,NA,dihydroxy-octadecadienoic acid,107.5
NA,NA,NA,dihydroxyacetone,1804.5
NA,NA,NA,dimethyldioctadecylammonium,220279.5
NA,NA,NA,dodecanedioic acid,240.5
NA,NA,NA,dodecanol,655
NA,NA,NA,ectoine,153
NA,NA,NA,erythritol,327.5
NA,NA,NA,erythronic acid lactone,73
NA,NA,NA,erythrose,37
NA,NA,NA,ethanolamine,1065
NA,NA,NA,ferulic acid,99.5
NA,NA,NA,ferulic acid 4-sulfate,824.5
NA,NA,NA,fructose,293.25
NA,NA,NA,fucose,300
NA,NA,NA,fumaric acid,1427.5
NA,NA,NA,furfurylmethylamine,71.5
NA,NA,NA,galactinol,1709.5
NA,NA,NA,galacto-N-biose,17
NA,NA,NA,galactose,1144.5
NA,NA,NA,galacturonic acid,27.5
NA,NA,NA,gamma-aminobutyric acid,1615.5
NA,NA,NA,glucoheptose,81.5
NA,NA,NA,glucoheptulose,57.5
NA,NA,NA,gluconic acid,73
NA,NA,NA,gluconic acid lactone,44.5
NA,NA,NA,glucose,397
NA,NA,NA,glutamic acid,260.75
NA,NA,NA,glutamine,105.5
NA,NA,NA,glutamyl-valine,41.5
NA,NA,NA,glutaric acid,192.5
NA,NA,NA,glyceric acid,813.5
NA,NA,NA,glycerol,10766.5
NA,NA,NA,glycerol-3-galactoside,1287
NA,NA,NA,glycerol-alpha-phosphate,1008.5
NA,NA,NA,glycine,1808
NA,NA,NA,glycolic acid,5997
NA,NA,NA,glycyl proline,43
NA,NA,NA,guanine,509.5
NA,NA,NA,guanosine,34
NA,NA,NA,heptadecanoic acid,1793
NA,NA,NA,hexadecanedioic acid,368
NA,NA,NA,histidine,49
NA,NA,NA,homarine,595.5
NA,NA,NA,homocitrulline,9.5
NA,NA,NA,homoserine,1280.5
NA,NA,NA,homostachydrine,29.5
NA,NA,NA,homovanillic acid,26.5
NA,NA,NA,hypoxanthine,1087.25
NA,NA,NA,indigotin,322.5
NA,NA,NA,indole-3-acetate,76
NA,NA,NA,indole-3-acetyl-glutamine,46.5
NA,NA,NA,indole-3-lactate,15.5
NA,NA,NA,indole-6-carboxaldehyde,31.5
NA,NA,NA,inosine,85.5
NA,NA,NA,inositol,105.5
NA,NA,NA,inositol-4-monophosphate,27
NA,NA,NA,isobutylamine,650.5
NA,NA,NA,isoleucine,680.75
NA,NA,NA,isomaltose,102
NA,NA,NA,isothreonic acid,84
NA,NA,NA,ketoisoleucine,589
NA,NA,NA,lactic acid,3433.5
NA,NA,NA,lactobionic acid,1196
NA,NA,NA,lactose,724
NA,NA,NA,lactulose,123.5
NA,NA,NA,laurdan,2557.5
NA,NA,NA,leucine,889
NA,NA,NA,leucrose,99.5
NA,NA,NA,levoglucosan,403.25
NA,NA,NA,lignoceric acid,209.5
NA,NA,NA,linoleic acid,1086
NA,NA,NA,linolenic acid,11.5
NA,NA,NA,lysine,20.5
NA,NA,NA,lyxitol,114
NA,NA,NA,lyxose,87.5
NA,NA,NA,malic acid,145.5
NA,NA,NA,malonamide,30.5
NA,NA,NA,malonic acid,17.5
NA,NA,NA,maltitol,26
NA,NA,NA,maltose,183
NA,NA,NA,maltotetraose,34
NA,NA,NA,maltotriitol,49.5
NA,NA,NA,maltotriose,793
NA,NA,NA,mandelic acid,124.5
NA,NA,NA,mannitol,175.5
NA,NA,NA,mannoheptulose,18
NA,NA,NA,mannonic acid,34.5
NA,NA,NA,mannose-6-phosphate,20
NA,NA,NA,mannuronic acid,27.5
NA,NA,NA,methanolphosphate,215.5
NA,NA,NA,methionine,75.5
NA,NA,NA,methionine sulfoxide,221.5
NA,NA,NA,methyl lactoside,124.5
NA,NA,NA,methyl violet B,471.5
NA,NA,NA,methyl-4-hydroxybenzoate,133.5
NA,NA,NA,methylmaleic acid,49
NA,NA,NA,mevalonic acid,83.5
NA,NA,NA,montanic acid,214.5
NA,NA,NA,myo-inositol,343
NA,NA,NA,myristic acid,1295
NA,NA,NA,neohesperidose,7.5
NA,NA,NA,neomycin B,335
NA,NA,NA,nicotinic acid,246.75
NA,NA,NA,nonadecanoic acid,332.5
NA,NA,NA,norgestrel,191
NA,NA,NA,o-toluic acid,215
NA,NA,NA,"octadecanoic acid, 9,10,18-trihydroxy-",60.5
NA,NA,NA,octadecanol,303
NA,NA,NA,oleic acid,1077
NA,NA,NA,ornithine,128
NA,NA,NA,orotic acid,191.75
NA,NA,NA,oxoproline,23298
NA,NA,NA,p-cresol glucuronide,19.5
NA,NA,NA,p-cresol sulfate,757
NA,NA,NA,palatinitol,546
NA,NA,NA,palmitoleic acid,47
NA,NA,NA,panose,734
NA,NA,NA,pantothenic acid,52
NA,NA,NA,parabanic acid,173.5
NA,NA,NA,"pentaerythritol, cyclic phosphate",1355
NA,NA,NA,pentamethylene bisacetamide,51.5
NA,NA,NA,pentitol,31
NA,NA,NA,perfluoroheptanoic acid,400
NA,NA,NA,perseitol,51.25
NA,NA,NA,phenol,2954
NA,NA,NA,phenyl sulfate,284.5
NA,NA,NA,phenylacetic acid,104
NA,NA,NA,phenylalanine,757.5
NA,NA,NA,phenylethylamine,80
NA,NA,NA,phenylpyruvate,463.5
NA,NA,NA,phosphate,4974.25
NA,NA,NA,pimelic acid,262
NA,NA,NA,pinitol,217.5
NA,NA,NA,pipecolinic acid,64
NA,NA,NA,proline,311
NA,NA,NA,proline betaine,236
NA,NA,NA,propyleneglycol,1643
NA,NA,NA,pseudo-uridine,44.5
NA,NA,NA,pseudouridine,105
NA,NA,NA,pyroGlu-Val,107.5
NA,NA,NA,pyroglutamic acid,244
NA,NA,NA,pyrrole-2-carboxylic acid,79.5
NA,NA,NA,quinic acid,22.5
NA,NA,NA,"quinoline-2,8-diol",51.5
NA,NA,NA,quinolinic acid,31.5
NA,NA,NA,raffinose,87
NA,NA,NA,ribonic acid,88.5
NA,NA,NA,ribose,281
NA,NA,NA,ribulose,53
NA,NA,NA,ritalinic acid,67
NA,NA,NA,salicyl alcohol,199.5
NA,NA,NA,salicylaldehyde,1882
NA,NA,NA,salicylic acid,199
NA,NA,NA,salicyluric acid,90
NA,NA,NA,sebacic acid,1076
NA,NA,NA,serine,1537.75
NA,NA,NA,shikimic acid,384.5
NA,NA,NA,sinigrin,48.5
NA,NA,NA,sophorose,60
NA,NA,NA,sorbitol,460
NA,NA,NA,stearic acid,235697
NA,NA,NA,stigmasterol,87
NA,NA,NA,suberic acid,865.25
NA,NA,NA,succinate semialdehyde,311
NA,NA,NA,succinic acid,1163.5
NA,NA,NA,sucrose,645.5
NA,NA,NA,sulfoacetic acid,73
NA,NA,NA,syringa-resinol,1146
NA,NA,NA,tagatose,35.5
NA,NA,NA,terephthalic acid,1404.5
NA,NA,NA,tetracosane,3464.5
NA,NA,NA,tetradecane-7-sulfonic acid,2110
NA,NA,NA,tetradecanedioic acid,416.5
NA,NA,NA,"tetradecanedioic acid, 5,6-dihydroxy-",6
NA,NA,NA,tetramethyl-4-piperidone,327
NA,NA,NA,threitol,18
NA,NA,NA,threonic acid,41
NA,NA,NA,threonine,119
NA,NA,NA,threose,69
NA,NA,NA,thymidine,838.5
NA,NA,NA,thymine,173
NA,NA,NA,trans-4-hydroxyproline,29.5
NA,NA,NA,trehalose,877.5
NA,NA,NA,trehalose-6-phosphate,30
NA,NA,NA,trimethylamine,269
NA,NA,NA,tryptophan,96.75
NA,NA,NA,tyramine,121.5
NA,NA,NA,tyrosine,265.5
NA,NA,NA,undecanedioic acid,608.5
NA,NA,NA,uracil,115
NA,NA,NA,urea,1267
NA,NA,NA,uric acid,139.25
NA,NA,NA,uridine,175.5
NA,NA,NA,urocanic acid,68.5
NA,NA,NA,valine,1099.5
NA,NA,NA,valine betaine,10.5
NA,NA,NA,vanillic acid,438
NA,NA,NA,xanthine,120
NA,NA,NA,xanthosine,22
NA,NA,NA,xanthurenic acid,141.5
NA,NA,NA,xylitol,140.5
NA,NA,NA,xylose,81.5
NA,NA,NA,xylulose,283.5
NA,NA,NA,NA,606.2347629796851
