Time,Time_elapsed_hrs,CO2_PPM,Temperature_C,Error status,Error code
6/27/2025 22:38:54,0,392.583,28.388,0,0
6/27/2025 22:39:04,0.003,392.687,28.388,0,0
6/27/2025 22:39:14,0.006,392.562,28.388,0,0
6/27/2025 22:39:24,0.008,392.408,28.387,0,0
6/27/2025 22:39:35,0.011,392.22,28.383,0,0
6/27/2025 22:39:45,0.014,392.587,28.373,0,0
6/27/2025 22:39:55,0.017,392.27,28.363,0,0
6/27/2025 22:40:05,0.02,391.398,28.354,0,0
6/27/2025 22:40:15,0.023,391.435,28.346,0,0
6/27/2025 22:40:26,0.026,391.72,28.338,0,0
6/27/2025 22:40:36,0.028,393.066,28.327,0,0
6/27/2025 22:40:46,0.031,394.624,28.32,0,0
6/27/2025 22:40:56,0.034,394.877,28.316,0,0
6/27/2025 22:41:06,0.037,396.194,28.312,0,0
6/27/2025 22:41:17,0.04,396.296,28.31,0,0
6/27/2025 22:41:27,0.043,396.193,28.309,0,0
6/27/2025 22:41:37,0.045,396.284,28.308,0,0
6/27/2025 22:41:47,0.048,396.294,28.308,0,0
6/27/2025 22:41:57,0.051,397.791,28.308,0,0
6/27/2025 22:42:08,0.054,398.08,28.307,0,0
6/27/2025 22:42:18,0.057,397.816,28.304,0,0
6/27/2025 22:42:28,0.059,397.736,28.301,0,0
6/27/2025 22:42:38,0.062,395.888,28.295,0,0
6/27/2025 22:42:48,0.065,394.397,28.288,0,0
6/27/2025 22:42:59,0.068,394.482,28.281,0,0
6/27/2025 22:43:09,0.071,394.676,28.273,0,0
6/27/2025 22:43:19,0.074,394.492,28.267,0,0
6/27/2025 22:43:29,0.076,394.349,28.262,0,0
6/27/2025 22:43:39,0.079,394.295,28.258,0,0
6/27/2025 22:43:50,0.082,394.454,28.252,0,0
6/27/2025 22:44:00,0.085,394.54,28.249,0,0
6/27/2025 22:44:10,0.088,394.398,28.247,0,0
6/27/2025 22:44:20,0.091,394.069,28.245,0,0
6/27/2025 22:44:30,0.093,392.285,28.243,0,0
6/27/2025 22:44:41,0.096,391.743,28.24,0,0
6/27/2025 22:44:51,0.099,391.685,28.236,0,0
6/27/2025 22:45:01,0.102,391.703,28.229,0,0
6/27/2025 22:45:11,0.105,391.633,28.219,0,0
6/27/2025 22:45:21,0.108,391.773,28.206,0,0
6/27/2025 22:45:32,0.111,392.155,28.19,0,0
6/27/2025 22:45:42,0.113,393.224,28.177,0,0
6/27/2025 22:45:52,0.116,393.081,28.162,0,0
6/27/2025 22:46:02,0.119,393.236,28.148,0,0
6/27/2025 22:46:12,0.122,393.532,28.137,0,0
6/27/2025 22:46:23,0.125,393.348,28.128,0,0
6/27/2025 22:46:33,0.128,393.037,28.122,0,0
6/27/2025 22:46:43,0.13,393.209,28.12,0,0
6/27/2025 22:46:53,0.133,393.79,28.12,0,0
6/27/2025 22:47:03,0.136,393.922,28.12,0,0
6/27/2025 22:47:14,0.139,394.769,28.12,0,0
6/27/2025 22:47:24,0.142,394.8,28.12,0,0
6/27/2025 22:47:34,0.144,394.572,28.12,0,0
6/27/2025 22:47:44,0.147,394.604,28.119,0,0
6/27/2025 22:47:54,0.15,394.616,28.116,0,0
6/27/2025 22:48:05,0.153,394.765,28.109,0,0
6/27/2025 22:48:15,0.156,393.426,28.101,0,0
6/27/2025 22:48:25,0.159,393.219,28.091,0,0
6/27/2025 22:48:35,0.161,393.677,28.079,0,0
6/27/2025 22:48:45,0.164,393.249,28.067,0,0
6/27/2025 22:48:56,0.167,391.489,28.057,0,0
6/27/2025 22:49:06,0.17,391.304,28.049,0,0
6/27/2025 22:49:16,0.173,390.78,28.045,0,0
6/27/2025 22:49:26,0.176,390.852,28.042,0,0
6/27/2025 22:49:36,0.178,391.05,28.04,0,0
6/27/2025 22:49:47,0.181,391.026,28.039,0,0
6/27/2025 22:49:57,0.184,391.287,28.039,0,0
6/27/2025 22:50:07,0.187,392.01,28.039,0,0
6/27/2025 22:50:17,0.19,392.117,28.039,0,0
6/27/2025 22:50:27,0.193,391.857,28.037,0,0
6/27/2025 22:50:38,0.196,392.531,28.033,0,0
6/27/2025 22:50:48,0.198,393.8,28.026,0,0
6/27/2025 22:50:58,0.201,393.849,28.015,0,0
6/27/2025 22:51:08,0.204,393.257,28,0,0
6/27/2025 22:51:18,0.207,392.236,27.979,0,0
6/27/2025 22:51:29,0.21,390.829,27.959,0,0
6/27/2025 22:51:39,0.213,390.902,27.935,0,0
6/27/2025 22:51:49,0.215,390.555,27.915,0,0
6/27/2025 22:51:59,0.218,390.531,27.901,0,0
6/27/2025 22:52:09,0.221,392.857,27.891,0,0
6/27/2025 22:52:20,0.224,392.832,27.885,0,0
6/27/2025 22:52:30,0.227,392.677,27.883,0,0
6/27/2025 22:52:40,0.229,392.634,27.882,0,0
6/27/2025 22:52:50,0.232,392.62,27.881,0,0
6/27/2025 22:53:00,0.235,392.628,27.881,0,0
6/27/2025 22:53:11,0.238,392.659,27.881,0,0
6/27/2025 22:53:21,0.241,392.612,27.879,0,0
6/27/2025 22:53:31,0.244,392.746,27.877,0,0
6/27/2025 22:53:41,0.246,392.911,27.873,0,0
6/27/2025 22:53:51,0.249,392.963,27.864,0,0
6/27/2025 22:54:02,0.252,393.111,27.854,0,0
6/27/2025 22:54:12,0.255,392.997,27.844,0,0
6/27/2025 22:54:22,0.258,393.026,27.834,0,0
6/27/2025 22:54:32,0.261,393.639,27.822,0,0
6/27/2025 22:54:42,0.263,393.691,27.814,0,0
6/27/2025 22:54:53,0.266,393.909,27.81,0,0
6/27/2025 22:55:03,0.269,394.021,27.809,0,0
6/27/2025 22:55:13,0.272,392.821,27.808,0,0
6/27/2025 22:55:23,0.275,392.637,27.809,0,0
6/27/2025 22:55:33,0.278,392.884,27.809,0,0
6/27/2025 22:55:44,0.281,392.9,27.809,0,0
6/27/2025 22:55:54,0.283,394.044,27.809,0,0
6/27/2025 22:56:04,0.286,393.695,27.808,0,0
6/27/2025 22:56:14,0.289,392.975,27.802,0,0
6/27/2025 22:56:24,0.292,392.973,27.797,0,0
6/27/2025 22:56:35,0.295,393.769,27.791,0,0
6/27/2025 22:56:45,0.298,393.909,27.784,0,0
6/27/2025 22:56:55,0.3,393.907,27.775,0,0
6/27/2025 22:57:05,0.303,393.535,27.763,0,0
6/27/2025 22:57:15,0.306,393.523,27.755,0,0
6/27/2025 22:57:26,0.309,393.588,27.749,0,0
6/27/2025 22:57:36,0.312,393.623,27.744,0,0
6/27/2025 22:57:46,0.314,393.519,27.741,0,0
6/27/2025 22:57:56,0.317,394.99,27.739,0,0
6/27/2025 22:58:06,0.32,394.899,27.739,0,0
6/27/2025 22:58:17,0.323,393.75,27.739,0,0
6/27/2025 22:58:27,0.326,393.666,27.739,0,0
6/27/2025 22:58:37,0.329,393.646,27.738,0,0
6/27/2025 22:58:47,0.331,393.437,27.736,0,0
6/27/2025 22:58:57,0.334,393.428,27.734,0,0
6/27/2025 22:59:08,0.337,393.413,27.728,0,0
6/27/2025 22:59:18,0.34,393.766,27.723,0,0
6/27/2025 22:59:28,0.343,392.204,27.716,0,0
6/27/2025 22:59:38,0.346,390.594,27.704,0,0
6/27/2025 22:59:49,0.349,390.438,27.696,0,0
6/27/2025 22:59:59,0.351,390.15,27.687,0,0
6/27/2025 23:00:09,0.354,389.966,27.678,0,0
6/27/2025 23:00:19,0.357,389.013,27.671,0,0
6/27/2025 23:00:29,0.36,388.741,27.667,0,0
6/27/2025 23:00:40,0.363,388.238,27.664,0,0
6/27/2025 23:00:50,0.366,388.271,27.662,0,0
6/27/2025 23:01:00,0.368,388.293,27.661,0,0
6/27/2025 23:01:10,0.371,387.331,27.661,0,0
6/27/2025 23:01:20,0.374,386.979,27.661,0,0
6/27/2025 23:01:31,0.377,387.365,27.661,0,0
6/27/2025 23:01:41,0.38,387.672,27.659,0,0
6/27/2025 23:01:51,0.383,387.755,27.655,0,0
6/27/2025 23:02:01,0.385,388.07,27.646,0,0
6/27/2025 23:02:11,0.388,390.053,27.639,0,0
6/27/2025 23:02:22,0.391,391.347,27.63,0,0
6/27/2025 23:02:32,0.394,391.734,27.622,0,0
6/27/2025 23:02:42,0.397,391.551,27.615,0,0
6/27/2025 23:02:52,0.399,391.824,27.608,0,0
6/27/2025 23:03:02,0.402,391.918,27.603,0,0
6/27/2025 23:03:13,0.405,392.366,27.598,0,0
6/27/2025 23:03:23,0.408,392.327,27.596,0,0
6/27/2025 23:03:33,0.411,390.641,27.595,0,0
6/27/2025 23:03:43,0.414,390.635,27.593,0,0
6/27/2025 23:03:53,0.416,390.929,27.593,0,0
6/27/2025 23:04:04,0.419,390.771,27.592,0,0
6/27/2025 23:04:14,0.422,391.052,27.592,0,0
6/27/2025 23:04:24,0.425,391.408,27.592,0,0
6/27/2025 23:04:34,0.428,391.209,27.59,0,0
6/27/2025 23:04:44,0.431,391.254,27.587,0,0
6/27/2025 23:04:55,0.434,390.897,27.584,0,0
6/27/2025 23:05:05,0.436,390.75,27.579,0,0
6/27/2025 23:05:15,0.439,391.494,27.573,0,0
6/27/2025 23:05:25,0.442,393.022,27.563,0,0
6/27/2025 23:05:35,0.445,393.679,27.553,0,0
6/27/2025 23:05:46,0.448,393.585,27.547,0,0
6/27/2025 23:05:56,0.451,393.276,27.542,0,0
6/27/2025 23:06:06,0.453,393.306,27.539,0,0
6/27/2025 23:06:16,0.456,393.055,27.536,0,0
6/27/2025 23:06:26,0.459,392.498,27.535,0,0
6/27/2025 23:06:37,0.462,392.589,27.535,0,0
6/27/2025 23:06:47,0.465,392.886,27.534,0,0
6/27/2025 23:06:57,0.468,393.329,27.532,0,0
6/27/2025 23:07:07,0.47,394.033,27.528,0,0
6/27/2025 23:07:17,0.473,394.043,27.523,0,0
6/27/2025 23:07:28,0.476,393.792,27.517,0,0
6/27/2025 23:07:38,0.479,394.088,27.508,0,0
6/27/2025 23:07:48,0.482,394.075,27.496,0,0
6/27/2025 23:07:58,0.484,393.047,27.487,0,0
6/27/2025 23:08:08,0.487,392.805,27.479,0,0
6/27/2025 23:08:19,0.49,392.157,27.471,0,0
6/27/2025 23:08:29,0.493,392.073,27.462,0,0
6/27/2025 23:08:39,0.496,392.732,27.454,0,0
6/27/2025 23:08:49,0.499,393.218,27.45,0,0
6/27/2025 23:08:59,0.501,392.989,27.448,0,0
6/27/2025 23:09:10,0.504,392.625,27.448,0,0
6/27/2025 23:09:20,0.507,393.697,27.447,0,0
6/27/2025 23:09:30,0.51,395.227,27.447,0,0
6/27/2025 23:09:40,0.513,396.109,27.446,0,0
6/27/2025 23:09:50,0.516,395.611,27.445,0,0
6/27/2025 23:10:01,0.519,395.645,27.444,0,0
6/27/2025 23:10:11,0.521,395.56,27.442,0,0
6/27/2025 23:10:21,0.524,394.756,27.438,0,0
6/27/2025 23:10:31,0.527,394.654,27.432,0,0
6/27/2025 23:10:41,0.53,394.771,27.425,0,0
6/27/2025 23:10:52,0.533,394.441,27.418,0,0
6/27/2025 23:11:02,0.536,394.45,27.41,0,0
6/27/2025 23:11:12,0.538,393.902,27.402,0,0
6/27/2025 23:11:22,0.541,393.901,27.395,0,0
6/27/2025 23:11:32,0.544,393.51,27.388,0,0
6/27/2025 23:11:43,0.547,393.238,27.383,0,0
6/27/2025 23:11:53,0.55,393.438,27.379,0,0
6/27/2025 23:12:03,0.553,393.25,27.377,0,0
6/27/2025 23:12:13,0.555,393.16,27.376,0,0
6/27/2025 23:12:23,0.558,393.439,27.375,0,0
6/27/2025 23:12:34,0.561,393.754,27.373,0,0
6/27/2025 23:12:44,0.564,393.246,27.37,0,0
6/27/2025 23:12:54,0.567,393.631,27.366,0,0
6/27/2025 23:13:04,0.569,394.599,27.358,0,0
6/27/2025 23:13:14,0.572,394.517,27.348,0,0
6/27/2025 23:13:25,0.575,394.55,27.337,0,0
6/27/2025 23:13:35,0.578,394.459,27.325,0,0
6/27/2025 23:13:45,0.581,393.848,27.311,0,0
6/27/2025 23:13:55,0.584,393.887,27.294,0,0
6/27/2025 23:14:05,0.586,393.901,27.279,0,0
6/27/2025 23:14:16,0.589,393.843,27.267,0,0
6/27/2025 23:14:26,0.592,394.761,27.255,0,0
6/27/2025 23:14:36,0.595,395.338,27.251,0,0
6/27/2025 23:14:46,0.598,395.481,27.249,0,0
6/27/2025 23:14:56,0.601,395.839,27.249,0,0
6/27/2025 23:15:07,0.604,395.569,27.249,0,0
6/27/2025 23:15:17,0.606,395.388,27.25,0,0
6/27/2025 23:15:27,0.609,395.45,27.251,0,0
6/27/2025 23:15:37,0.612,394.794,27.251,0,0
6/27/2025 23:15:47,0.615,394.171,27.25,0,0
6/27/2025 23:15:58,0.618,394.094,27.249,0,0
6/27/2025 23:16:08,0.621,393.122,27.246,0,0
6/27/2025 23:16:18,0.623,392.739,27.244,0,0
6/27/2025 23:16:28,0.626,392.786,27.239,0,0
6/27/2025 23:16:38,0.629,391.576,27.236,0,0
6/27/2025 23:16:49,0.632,391.432,27.233,0,0
6/27/2025 23:16:59,0.635,392.674,27.229,0,0
6/27/2025 23:17:09,0.638,392.898,27.225,0,0
6/27/2025 23:17:19,0.64,393.167,27.223,0,0
6/27/2025 23:17:29,0.643,393.27,27.222,0,0
6/27/2025 23:17:40,0.646,392.245,27.222,0,0
6/27/2025 23:17:50,0.649,391.086,27.222,0,0
6/27/2025 23:18:00,0.652,391.762,27.222,0,0
6/27/2025 23:18:10,0.654,392.48,27.221,0,0
6/27/2025 23:18:20,0.657,392.477,27.218,0,0
6/27/2025 23:18:31,0.66,392.964,27.213,0,0
6/27/2025 23:18:41,0.663,392.491,27.204,0,0
6/27/2025 23:18:51,0.666,392.606,27.193,0,0
6/27/2025 23:19:01,0.669,392.597,27.181,0,0
6/27/2025 23:19:11,0.671,392.755,27.169,0,0
6/27/2025 23:19:22,0.674,393.447,27.158,0,0
6/27/2025 23:19:32,0.677,393.541,27.147,0,0
6/27/2025 23:19:42,0.68,393.972,27.141,0,0
6/27/2025 23:19:52,0.683,393.992,27.137,0,0
6/27/2025 23:20:02,0.686,393.963,27.136,0,0
6/27/2025 23:20:13,0.689,394.366,27.135,0,0
6/27/2025 23:20:23,0.691,394.936,27.135,0,0
6/27/2025 23:20:33,0.694,394.737,27.136,0,0
6/27/2025 23:20:43,0.697,394.514,27.136,0,0
6/27/2025 23:20:53,0.7,394.782,27.136,0,0
6/27/2025 23:21:04,0.703,394.753,27.137,0,0
6/27/2025 23:21:14,0.706,394.766,27.136,0,0
6/27/2025 23:21:24,0.708,394.577,27.134,0,0
6/27/2025 23:21:34,0.711,394.529,27.13,0,0
6/27/2025 23:21:44,0.714,394.463,27.125,0,0
6/27/2025 23:21:55,0.717,394.51,27.118,0,0
6/27/2025 23:22:05,0.72,394.585,27.111,0,0
6/27/2025 23:22:15,0.723,394.637,27.105,0,0
6/27/2025 23:22:25,0.725,394.977,27.101,0,0
6/27/2025 23:22:35,0.728,394.197,27.099,0,0
6/27/2025 23:22:46,0.731,393.754,27.097,0,0
6/27/2025 23:22:56,0.734,393.859,27.096,0,0
6/27/2025 23:23:06,0.737,392.169,27.096,0,0
6/27/2025 23:23:16,0.739,391.382,27.096,0,0
6/27/2025 23:23:26,0.742,391.916,27.096,0,0
6/27/2025 23:23:37,0.745,392.077,27.096,0,0
6/27/2025 23:23:47,0.748,392.267,27.096,0,0
6/27/2025 23:23:57,0.751,392.065,27.093,0,0
6/27/2025 23:24:07,0.754,392.037,27.089,0,0
6/27/2025 23:24:17,0.756,391.85,27.083,0,0
6/27/2025 23:24:28,0.759,391.382,27.072,0,0
6/27/2025 23:24:38,0.762,392.293,27.062,0,0
6/27/2025 23:24:48,0.765,392.487,27.052,0,0
6/27/2025 23:24:58,0.768,392.86,27.043,0,0
6/27/2025 23:25:08,0.771,393.427,27.037,0,0
6/27/2025 23:25:19,0.774,394.995,27.031,0,0
6/27/2025 23:25:29,0.776,394.848,27.027,0,0
6/27/2025 23:25:39,0.779,395.034,27.026,0,0
6/27/2025 23:25:49,0.782,395.031,27.025,0,0
6/27/2025 23:25:59,0.785,393.919,27.025,0,0
6/27/2025 23:26:10,0.788,394.666,27.025,0,0
6/27/2025 23:26:20,0.791,395.462,27.025,0,0
6/27/2025 23:26:30,0.793,396.293,27.025,0,0
6/27/2025 23:26:40,0.796,396.248,27.025,0,0
6/27/2025 23:26:50,0.799,396.263,27.025,0,0
6/27/2025 23:27:01,0.802,396.162,27.024,0,0
6/27/2025 23:27:11,0.805,396.269,27.023,0,0
6/27/2025 23:27:21,0.807,394.742,27.02,0,0
6/27/2025 23:27:31,0.81,393.953,27.016,0,0
6/27/2025 23:27:41,0.813,393.94,27.009,0,0
6/27/2025 23:27:52,0.816,394.819,27.002,0,0
6/27/2025 23:28:02,0.819,395.929,26.995,0,0
6/27/2025 23:28:12,0.822,397.308,26.988,0,0
6/27/2025 23:28:22,0.824,396.623,26.982,0,0
6/27/2025 23:28:32,0.827,397.311,26.979,0,0
6/27/2025 23:28:43,0.83,397.253,26.978,0,0
6/27/2025 23:28:53,0.833,396.185,26.978,0,0
6/27/2025 23:29:03,0.836,396.142,26.978,0,0
6/27/2025 23:29:13,0.839,396.141,26.977,0,0
6/27/2025 23:29:23,0.841,396.018,26.976,0,0
6/27/2025 23:29:34,0.844,395.878,26.974,0,0
6/27/2025 23:29:44,0.847,396.356,26.968,0,0
6/27/2025 23:29:54,0.85,396.24,26.959,0,0
6/27/2025 23:30:04,0.853,396.43,26.945,0,0
6/27/2025 23:30:14,0.856,396.174,26.927,0,0
6/27/2025 23:30:25,0.859,396.196,26.913,0,0
6/27/2025 23:30:35,0.861,396.344,26.898,0,0
6/27/2025 23:30:45,0.864,396.04,26.888,0,0
6/27/2025 23:30:55,0.867,393.776,26.879,0,0
6/27/2025 23:31:05,0.87,393.838,26.871,0,0
6/27/2025 23:31:16,0.873,394.525,26.868,0,0
6/27/2025 23:31:26,0.876,395.029,26.867,0,0
6/27/2025 23:31:36,0.878,395.809,26.867,0,0
6/27/2025 23:31:46,0.881,396.943,26.867,0,0
6/27/2025 23:31:56,0.884,396.927,26.868,0,0
6/27/2025 23:32:07,0.887,397.317,26.868,0,0
6/27/2025 23:32:17,0.89,397.881,26.869,0,0
6/27/2025 23:32:27,0.893,398.602,26.869,0,0
6/27/2025 23:32:37,0.895,399.65,26.868,0,0
6/27/2025 23:32:47,0.898,399.633,26.866,0,0
6/27/2025 23:32:58,0.901,399.711,26.864,0,0
6/27/2025 23:33:08,0.904,400.084,26.861,0,0
6/27/2025 23:33:18,0.907,399.657,26.859,0,0
6/27/2025 23:33:28,0.909,399.455,26.856,0,0
6/27/2025 23:33:38,0.912,399.36,26.853,0,0
6/27/2025 23:33:49,0.915,399.415,26.851,0,0
6/27/2025 23:33:59,0.918,399.471,26.848,0,0
6/27/2025 23:34:09,0.921,399.447,26.846,0,0
6/27/2025 23:34:19,0.924,399.504,26.846,0,0
6/27/2025 23:34:29,0.926,399.825,26.846,0,0
6/27/2025 23:34:40,0.929,400.253,26.846,0,0
6/27/2025 23:34:50,0.932,401.561,26.846,0,0
6/27/2025 23:35:00,0.935,401.614,26.846,0,0
6/27/2025 23:35:10,0.938,401.328,26.846,0,0
6/27/2025 23:35:20,0.941,401.879,26.845,0,0
6/27/2025 23:35:31,0.944,402.084,26.84,0,0
6/27/2025 23:35:41,0.946,402.121,26.835,0,0
6/27/2025 23:35:51,0.949,405.017,26.828,0,0
6/27/2025 23:36:01,0.952,406.157,26.814,0,0
6/27/2025 23:36:11,0.955,406.393,26.803,0,0
6/27/2025 23:36:22,0.958,406.503,26.794,0,0
6/27/2025 23:36:32,0.961,405.468,26.783,0,0
6/27/2025 23:36:42,0.963,405.249,26.776,0,0
6/27/2025 23:36:52,0.966,405.944,26.772,0,0
6/27/2025 23:37:02,0.969,406.33,26.771,0,0
6/27/2025 23:37:13,0.972,407.196,26.771,0,0
6/27/2025 23:37:23,0.975,407.783,26.771,0,0
6/27/2025 23:37:33,0.978,409.695,26.772,0,0
6/27/2025 23:37:43,0.98,414.337,26.773,0,0
6/27/2025 23:37:53,0.983,424.506,26.774,0,0
6/27/2025 23:38:04,0.986,435.98,26.773,0,0
6/27/2025 23:38:14,0.989,448.512,26.772,0,0
6/27/2025 23:38:24,0.992,463.404,26.769,0,0
6/27/2025 23:38:34,0.994,477.455,26.762,0,0
6/27/2025 23:38:44,0.997,483.825,26.751,0,0
6/27/2025 23:38:55,1,490.261,26.739,0,0
6/27/2025 23:39:05,1.003,497.5,26.725,0,0
6/27/2025 23:39:15,1.006,505.024,26.712,0,0
6/27/2025 23:39:25,1.009,510.515,26.692,0,0
6/27/2025 23:39:35,1.011,514.077,26.676,0,0
6/27/2025 23:39:46,1.014,525.169,26.657,0,0
6/27/2025 23:39:56,1.017,530.102,26.641,0,0
6/27/2025 23:40:06,1.02,531.258,26.626,0,0
6/27/2025 23:40:16,1.023,532.257,26.602,0,0
6/27/2025 23:40:26,1.026,534.999,26.576,0,0
6/27/2025 23:40:37,1.029,536.055,26.54,0,0
6/27/2025 23:40:47,1.031,536.443,26.48,0,0
6/27/2025 23:40:57,1.034,536.451,26.404,0,0
6/27/2025 23:41:07,1.037,538.748,26.296,0,0
6/27/2025 23:41:17,1.04,539.724,26.208,0,0
6/27/2025 23:41:28,1.043,540.293,26.125,0,0
6/27/2025 23:41:38,1.046,540.547,26.046,0,0
6/27/2025 23:41:48,1.048,542.218,25.953,0,0
6/27/2025 23:41:58,1.051,543.213,25.879,0,0
6/27/2025 23:42:08,1.054,543.464,25.802,0,0
6/27/2025 23:42:19,1.057,543.839,25.731,0,0
6/27/2025 23:42:29,1.06,544.558,25.669,0,0
6/27/2025 23:42:39,1.063,545.16,25.608,0,0
6/27/2025 23:42:49,1.065,545.743,25.567,0,0
6/27/2025 23:42:59,1.068,547.127,25.523,0,0
6/27/2025 23:43:10,1.071,549.09,25.48,0,0
6/27/2025 23:43:20,1.074,550.043,25.435,0,0
6/27/2025 23:43:30,1.077,553.43,25.37,0,0
6/27/2025 23:43:40,1.079,554.09,25.312,0,0
6/27/2025 23:43:50,1.082,554.637,25.247,0,0
6/27/2025 23:44:01,1.085,555.722,25.176,0,0
6/27/2025 23:44:11,1.088,555.793,25.101,0,0
6/27/2025 23:44:21,1.091,555.532,25.016,0,0
6/27/2025 23:44:31,1.094,553.809,24.945,0,0
6/27/2025 23:44:41,1.096,552.35,24.88,0,0
6/27/2025 23:44:52,1.099,552.219,24.821,0,0
6/27/2025 23:45:02,1.102,552.327,24.766,0,0
6/27/2025 23:45:12,1.105,553.728,24.71,0,0
6/27/2025 23:45:22,1.108,554.324,24.668,0,0
6/27/2025 23:45:32,1.111,554.336,24.631,0,0
6/27/2025 23:45:43,1.114,553.529,24.598,0,0
6/27/2025 23:45:53,1.116,552.354,24.57,0,0
6/27/2025 23:46:03,1.119,552.704,24.537,0,0
6/27/2025 23:46:13,1.122,554.016,24.502,0,0
6/27/2025 23:46:23,1.125,555.675,24.456,0,0
6/27/2025 23:46:34,1.128,556.972,24.406,0,0
6/27/2025 23:46:44,1.131,558.859,24.347,0,0
6/27/2025 23:46:54,1.133,561.112,24.272,0,0
6/27/2025 23:47:04,1.136,561.479,24.21,0,0
6/27/2025 23:47:14,1.139,561.488,24.151,0,0
6/27/2025 23:47:25,1.142,561.816,24.098,0,0
6/27/2025 23:47:35,1.145,562.523,24.049,0,0
6/27/2025 23:47:45,1.148,563.11,23.997,0,0
6/27/2025 23:47:55,1.15,563.163,23.96,0,0
6/27/2025 23:48:05,1.153,563.239,23.93,0,0
6/27/2025 23:48:16,1.156,563.491,23.905,0,0
6/27/2025 23:48:26,1.159,564.928,23.876,0,0
6/27/2025 23:48:36,1.162,565.137,23.856,0,0
6/27/2025 23:48:46,1.164,565.676,23.837,0,0
6/27/2025 23:48:56,1.167,566.159,23.818,0,0
6/27/2025 23:49:07,1.17,566.616,23.797,0,0
6/27/2025 23:49:17,1.173,566.872,23.764,0,0
6/27/2025 23:49:27,1.176,566.796,23.733,0,0
6/27/2025 23:49:37,1.179,567.373,23.702,0,0
6/27/2025 23:49:47,1.181,568.087,23.67,0,0
6/27/2025 23:49:58,1.184,568.138,23.638,0,0
6/27/2025 23:50:08,1.187,568.08,23.601,0,0
6/27/2025 23:50:18,1.19,568.102,23.571,0,0
6/27/2025 23:50:28,1.193,568.747,23.542,0,0
6/27/2025 23:50:38,1.196,569.121,23.519,0,0
6/27/2025 23:50:49,1.199,569.37,23.5,0,0
6/27/2025 23:50:59,1.201,569.901,23.484,0,0
6/27/2025 23:51:09,1.204,569.908,23.474,0,0
6/27/2025 23:51:19,1.207,569.898,23.464,0,0
6/27/2025 23:51:29,1.21,570.416,23.451,0,0
6/27/2025 23:51:40,1.213,570.563,23.438,0,0
6/27/2025 23:51:50,1.216,571.354,23.416,0,0
6/27/2025 23:52:00,1.218,572.295,23.393,0,0
6/27/2025 23:52:10,1.221,572.534,23.364,0,0
6/27/2025 23:52:20,1.224,573.178,23.336,0,0
6/27/2025 23:52:31,1.227,573.741,23.308,0,0
6/27/2025 23:52:41,1.23,574.241,23.274,0,0
6/27/2025 23:52:51,1.233,574.721,23.251,0,0
6/27/2025 23:53:01,1.235,575.526,23.231,0,0
6/27/2025 23:53:11,1.238,576.119,23.212,0,0
6/27/2025 23:53:22,1.241,576.813,23.193,0,0
6/27/2025 23:53:32,1.244,577.204,23.178,0,0
6/27/2025 23:53:42,1.247,577.32,23.171,0,0
6/27/2025 23:53:52,1.249,579.455,23.166,0,0
6/27/2025 23:54:02,1.252,580.902,23.162,0,0
6/27/2025 23:54:13,1.255,580.999,23.158,0,0
6/27/2025 23:54:23,1.258,581.259,23.154,0,0
6/27/2025 23:54:33,1.261,582.602,23.145,0,0
6/27/2025 23:54:43,1.264,583.319,23.133,0,0
6/27/2025 23:54:53,1.266,583.572,23.121,0,0
6/27/2025 23:55:04,1.269,583.397,23.103,0,0
6/27/2025 23:55:14,1.272,583.459,23.083,0,0
6/27/2025 23:55:24,1.275,583.502,23.063,0,0
6/27/2025 23:55:34,1.278,583.574,23.046,0,0
6/27/2025 23:55:44,1.281,583.476,23.033,0,0
6/27/2025 23:55:55,1.284,583.804,23.021,0,0
6/27/2025 23:56:05,1.286,583.809,23.012,0,0
6/27/2025 23:56:15,1.289,583.574,23.003,0,0
6/27/2025 23:56:25,1.292,582.724,22.996,0,0
6/27/2025 23:56:35,1.295,582.499,22.99,0,0
6/27/2025 23:56:46,1.298,581.603,22.983,0,0
6/27/2025 23:56:56,1.301,582.928,22.979,0,0
6/27/2025 23:57:06,1.303,582.994,22.975,0,0
6/27/2025 23:57:16,1.306,583.274,22.969,0,0
6/27/2025 23:57:26,1.309,583.738,22.96,0,0
6/27/2025 23:57:37,1.312,584.26,22.945,0,0
6/27/2025 23:57:47,1.315,584.476,22.932,0,0
6/27/2025 23:57:57,1.318,585.183,22.919,0,0
6/27/2025 23:58:07,1.32,586.002,22.905,0,0
6/27/2025 23:58:17,1.323,586.751,22.886,0,0
6/27/2025 23:58:28,1.326,587.561,22.865,0,0
6/27/2025 23:58:38,1.329,588.592,22.851,0,0
6/27/2025 23:58:48,1.332,589.359,22.837,0,0
6/27/2025 23:58:58,1.334,590.247,22.826,0,0
6/27/2025 23:59:08,1.337,591.939,22.816,0,0
6/27/2025 23:59:19,1.34,592.321,22.811,0,0
6/27/2025 23:59:29,1.343,592.516,22.809,0,0
6/27/2025 23:59:39,1.346,592.341,22.809,0,0
6/27/2025 23:59:49,1.349,593.285,22.809,0,0
6/27/2025 23:59:59,1.351,593.607,22.808,0,0
6/28/2025 00:00:10,1.354,595.065,22.808,0,0
6/28/2025 00:00:20,1.357,595.087,22.805,0,0
6/28/2025 00:00:30,1.36,594.999,22.8,0,0
6/28/2025 00:00:40,1.363,594.002,22.792,0,0
6/28/2025 00:00:50,1.366,594.141,22.778,0,0
6/28/2025 00:01:01,1.369,593.459,22.761,0,0
6/28/2025 00:01:11,1.371,593.82,22.748,0,0
6/28/2025 00:01:21,1.374,594.306,22.733,0,0
6/28/2025 00:01:31,1.377,594.536,22.719,0,0
6/28/2025 00:01:41,1.38,593.873,22.706,0,0
6/28/2025 00:01:52,1.383,593.794,22.699,0,0
6/28/2025 00:02:02,1.386,593.323,22.693,0,0
6/28/2025 00:02:12,1.388,593.402,22.69,0,0
6/28/2025 00:02:22,1.391,593.439,22.688,0,0
6/28/2025 00:02:32,1.394,593.184,22.687,0,0
6/28/2025 00:02:43,1.397,594.318,22.687,0,0
6/28/2025 00:02:53,1.4,594.867,22.686,0,0
6/28/2025 00:03:03,1.403,594.694,22.681,0,0
6/28/2025 00:03:13,1.405,594.815,22.674,0,0
6/28/2025 00:03:23,1.408,596.326,22.661,0,0
6/28/2025 00:03:34,1.411,597.491,22.646,0,0
6/28/2025 00:03:44,1.414,598.373,22.629,0,0
6/28/2025 00:03:54,1.417,597.683,22.612,0,0
6/28/2025 00:04:04,1.419,597.861,22.597,0,0
6/28/2025 00:04:14,1.422,598.216,22.584,0,0
6/28/2025 00:04:25,1.425,598.386,22.579,0,0
6/28/2025 00:04:35,1.428,598.449,22.575,0,0
6/28/2025 00:04:45,1.431,598.359,22.57,0,0
6/28/2025 00:04:55,1.434,598.334,22.568,0,0
6/28/2025 00:05:05,1.436,598.677,22.567,0,0
6/28/2025 00:05:16,1.439,600.061,22.567,0,0
6/28/2025 00:05:26,1.442,604.112,22.567,0,0
6/28/2025 00:05:36,1.445,605.139,22.567,0,0
6/28/2025 00:05:46,1.448,605.44,22.566,0,0
6/28/2025 00:05:56,1.451,605.611,22.564,0,0
6/28/2025 00:06:07,1.454,606.75,22.561,0,0
6/28/2025 00:06:17,1.456,607.154,22.556,0,0
6/28/2025 00:06:27,1.459,607.056,22.551,0,0
6/28/2025 00:06:37,1.462,607.118,22.547,0,0
6/28/2025 00:06:47,1.465,607,22.541,0,0
6/28/2025 00:06:58,1.468,606.143,22.536,0,0
6/28/2025 00:07:08,1.471,605.613,22.533,0,0
6/28/2025 00:07:18,1.473,605.625,22.531,0,0
6/28/2025 00:07:28,1.476,605.767,22.53,0,0
6/28/2025 00:07:38,1.479,605.988,22.529,0,0
6/28/2025 00:07:49,1.482,605.774,22.528,0,0
6/28/2025 00:07:59,1.485,605.379,22.528,0,0
6/28/2025 00:08:09,1.488,605.099,22.528,0,0
6/28/2025 00:08:19,1.49,604.466,22.528,0,0
6/28/2025 00:08:29,1.493,604.067,22.526,0,0
6/28/2025 00:08:40,1.496,604.102,22.522,0,0
6/28/2025 00:08:50,1.499,604.107,22.516,0,0
6/28/2025 00:09:00,1.502,604.181,22.508,0,0
6/28/2025 00:09:10,1.504,604.032,22.496,0,0
6/28/2025 00:09:20,1.507,604.778,22.486,0,0
6/28/2025 00:09:31,1.51,605.64,22.477,0,0
6/28/2025 00:09:41,1.513,605.978,22.468,0,0
6/28/2025 00:09:51,1.516,605.884,22.459,0,0
6/28/2025 00:10:01,1.519,606.524,22.449,0,0
6/28/2025 00:10:11,1.521,606.756,22.442,0,0
6/28/2025 00:10:22,1.524,607.383,22.439,0,0
6/28/2025 00:10:32,1.527,608.737,22.436,0,0
6/28/2025 00:10:42,1.53,608.961,22.435,0,0
6/28/2025 00:10:52,1.533,610.086,22.434,0,0
6/28/2025 00:11:02,1.536,611.019,22.434,0,0
6/28/2025 00:11:13,1.539,611.598,22.434,0,0
6/28/2025 00:11:23,1.541,612.033,22.432,0,0
6/28/2025 00:11:33,1.544,611.745,22.429,0,0
6/28/2025 00:11:43,1.547,610.769,22.425,0,0
6/28/2025 00:11:53,1.55,610.378,22.418,0,0
6/28/2025 00:12:04,1.553,609.87,22.41,0,0
6/28/2025 00:12:14,1.556,609.667,22.401,0,0
6/28/2025 00:12:24,1.558,609.611,22.393,0,0
6/28/2025 00:12:34,1.561,609.409,22.385,0,0
6/28/2025 00:12:44,1.564,609.49,22.38,0,0
6/28/2025 00:12:55,1.567,609.735,22.376,0,0
6/28/2025 00:13:05,1.57,609.567,22.373,0,0
6/28/2025 00:13:15,1.573,609.118,22.371,0,0
6/28/2025 00:13:25,1.575,609.146,22.37,0,0
6/28/2025 00:13:35,1.578,609.169,22.37,0,0
6/28/2025 00:13:46,1.581,608.975,22.37,0,0
6/28/2025 00:13:56,1.584,609.013,22.369,0,0
6/28/2025 00:14:06,1.587,609.132,22.367,0,0
6/28/2025 00:14:16,1.589,610.008,22.363,0,0
6/28/2025 00:14:26,1.592,610.037,22.358,0,0
6/28/2025 00:14:37,1.595,610.412,22.352,0,0
6/28/2025 00:14:47,1.598,612.201,22.345,0,0
6/28/2025 00:14:57,1.601,612.526,22.34,0,0
6/28/2025 00:15:07,1.604,613.194,22.332,0,0
6/28/2025 00:15:17,1.606,614.761,22.326,0,0
6/28/2025 00:15:28,1.609,616.031,22.321,0,0
6/28/2025 00:15:38,1.612,616.142,22.315,0,0
6/28/2025 00:15:48,1.615,616.657,22.309,0,0
6/28/2025 00:15:58,1.618,616.244,22.304,0,0
6/28/2025 00:16:08,1.621,615.804,22.302,0,0
6/28/2025 00:16:19,1.624,615.597,22.302,0,0
6/28/2025 00:16:29,1.626,616.659,22.301,0,0
6/28/2025 00:16:39,1.629,617.605,22.3,0,0
6/28/2025 00:16:49,1.632,617.874,22.3,0,0
6/28/2025 00:16:59,1.635,617.986,22.298,0,0
6/28/2025 00:17:10,1.638,617.785,22.295,0,0
6/28/2025 00:17:20,1.641,617.933,22.289,0,0
6/28/2025 00:17:30,1.643,619.614,22.28,0,0
6/28/2025 00:17:40,1.646,620.33,22.273,0,0
6/28/2025 00:17:50,1.649,620.747,22.263,0,0
6/28/2025 00:18:01,1.652,620.781,22.253,0,0
6/28/2025 00:18:11,1.655,620.096,22.246,0,0
6/28/2025 00:18:21,1.658,619.357,22.239,0,0
6/28/2025 00:18:31,1.66,618.733,22.236,0,0
6/28/2025 00:18:41,1.663,618.491,22.233,0,0
6/28/2025 00:18:52,1.666,617.401,22.232,0,0
6/28/2025 00:19:02,1.669,617.088,22.231,0,0
6/28/2025 00:19:12,1.672,616.837,22.23,0,0
6/28/2025 00:19:22,1.674,616.412,22.23,0,0
6/28/2025 00:19:32,1.677,616.164,22.23,0,0
6/28/2025 00:19:43,1.68,616.08,22.227,0,0
6/28/2025 00:19:53,1.683,616.902,22.222,0,0
6/28/2025 00:20:03,1.686,617.385,22.212,0,0
6/28/2025 00:20:13,1.689,617.382,22.201,0,0
6/28/2025 00:20:23,1.691,617.5,22.189,0,0
6/28/2025 00:20:34,1.694,617.842,22.174,0,0
6/28/2025 00:20:44,1.697,617.992,22.157,0,0
6/28/2025 00:20:54,1.7,618.114,22.135,0,0
6/28/2025 00:21:04,1.703,618.983,22.118,0,0
6/28/2025 00:21:14,1.706,620.294,22.105,0,0
6/28/2025 00:21:25,1.709,619.977,22.096,0,0
6/28/2025 00:21:35,1.711,619.635,22.093,0,0
6/28/2025 00:21:45,1.714,619.688,22.091,0,0
6/28/2025 00:21:55,1.717,620.07,22.091,0,0
6/28/2025 00:22:05,1.72,620.994,22.091,0,0
6/28/2025 00:22:16,1.723,621.075,22.091,0,0
6/28/2025 00:22:26,1.726,621.151,22.091,0,0
6/28/2025 00:22:36,1.728,621.237,22.091,0,0
6/28/2025 00:22:46,1.731,621.098,22.09,0,0
6/28/2025 00:22:56,1.734,620.211,22.088,0,0
6/28/2025 00:23:07,1.737,620.328,22.083,0,0
6/28/2025 00:23:17,1.74,620.671,22.076,0,0
6/28/2025 00:23:27,1.743,620.499,22.07,0,0
6/28/2025 00:23:37,1.745,619.885,22.062,0,0
6/28/2025 00:23:47,1.748,620.434,22.053,0,0
6/28/2025 00:23:58,1.751,620.703,22.046,0,0
6/28/2025 00:24:08,1.754,620.873,22.041,0,0
6/28/2025 00:24:18,1.757,620.347,22.041,0,0
6/28/2025 00:24:28,1.759,620.025,22.04,0,0
6/28/2025 00:24:38,1.762,620.392,22.041,0,0
6/28/2025 00:24:49,1.765,620.93,22.041,0,0
6/28/2025 00:24:59,1.768,620.658,22.042,0,0
6/28/2025 00:25:09,1.771,620.547,22.042,0,0
6/28/2025 00:25:19,1.774,621.723,22.04,0,0
6/28/2025 00:25:29,1.776,622.575,22.038,0,0
6/28/2025 00:25:40,1.779,622.52,22.03,0,0
6/28/2025 00:25:50,1.782,622.509,22.02,0,0
6/28/2025 00:26:00,1.785,622.462,22.01,0,0
6/28/2025 00:26:10,1.788,622.628,21.998,0,0
6/28/2025 00:26:20,1.791,622.677,21.99,0,0
6/28/2025 00:26:31,1.794,622.679,21.981,0,0
6/28/2025 00:26:41,1.796,622.692,21.974,0,0
6/28/2025 00:26:51,1.799,622.555,21.967,0,0
6/28/2025 00:27:01,1.802,622.756,21.961,0,0
6/28/2025 00:27:11,1.805,623.981,21.958,0,0
6/28/2025 00:27:22,1.808,625.474,21.956,0,0
6/28/2025 00:27:32,1.811,626.437,21.955,0,0
6/28/2025 00:27:42,1.813,626.397,21.955,0,0
6/28/2025 00:27:52,1.816,626.293,21.954,0,0
6/28/2025 00:28:02,1.819,627.308,21.954,0,0
6/28/2025 00:28:13,1.822,626.949,21.953,0,0
6/28/2025 00:28:23,1.825,626.852,21.952,0,0
6/28/2025 00:28:33,1.828,626.445,21.951,0,0
6/28/2025 00:28:43,1.83,625.707,21.949,0,0
6/28/2025 00:28:53,1.833,625.807,21.945,0,0
6/28/2025 00:29:04,1.836,625.643,21.937,0,0
6/28/2025 00:29:14,1.839,625.495,21.928,0,0
6/28/2025 00:29:24,1.842,625.572,21.92,0,0
6/28/2025 00:29:34,1.844,625.113,21.913,0,0
6/28/2025 00:29:44,1.847,624.953,21.91,0,0
6/28/2025 00:29:55,1.85,624.437,21.909,0,0
6/28/2025 00:30:05,1.853,623.928,21.906,0,0
6/28/2025 00:30:15,1.856,623.79,21.905,0,0
6/28/2025 00:30:25,1.859,623.817,21.904,0,0
6/28/2025 00:30:35,1.861,623.917,21.903,0,0
6/28/2025 00:30:46,1.864,624.165,21.9,0,0
6/28/2025 00:30:56,1.867,624.57,21.895,0,0
6/28/2025 00:31:06,1.87,624.536,21.887,0,0
6/28/2025 00:31:16,1.873,625.424,21.875,0,0
6/28/2025 00:31:26,1.876,626.508,21.861,0,0
6/28/2025 00:31:37,1.879,626.876,21.846,0,0
6/28/2025 00:31:47,1.881,627.138,21.834,0,0
6/28/2025 00:31:57,1.884,627.739,21.824,0,0
6/28/2025 00:32:07,1.887,627.813,21.818,0,0
6/28/2025 00:32:17,1.89,628.643,21.814,0,0
6/28/2025 00:32:28,1.893,631.625,21.811,0,0
6/28/2025 00:32:38,1.896,631.635,21.81,0,0
6/28/2025 00:32:48,1.898,631.831,21.809,0,0
6/28/2025 00:32:58,1.901,631.915,21.81,0,0
6/28/2025 00:33:08,1.904,632.077,21.81,0,0
6/28/2025 00:33:19,1.907,632.221,21.81,0,0
6/28/2025 00:33:29,1.91,632.242,21.81,0,0
6/28/2025 00:33:39,1.913,632.323,21.81,0,0
6/28/2025 00:33:49,1.915,632.483,21.809,0,0
6/28/2025 00:33:59,1.918,630.049,21.807,0,0
6/28/2025 00:34:10,1.921,629.528,21.801,0,0
6/28/2025 00:34:20,1.924,629.969,21.793,0,0
6/28/2025 00:34:30,1.927,629.969,21.784,0,0
6/28/2025 00:34:40,1.929,630.215,21.775,0,0
6/28/2025 00:34:50,1.932,630.32,21.766,0,0
6/28/2025 00:35:01,1.935,630.048,21.758,0,0
6/28/2025 00:35:11,1.938,629.878,21.753,0,0
6/28/2025 00:35:21,1.941,629.656,21.749,0,0
6/28/2025 00:35:31,1.944,629.685,21.748,0,0
6/28/2025 00:35:41,1.946,629.697,21.746,0,0
6/28/2025 00:35:52,1.949,630.416,21.745,0,0
6/28/2025 00:36:02,1.952,631.311,21.744,0,0
6/28/2025 00:36:12,1.955,631.345,21.743,0,0
6/28/2025 00:36:22,1.958,631.24,21.739,0,0
6/28/2025 00:36:32,1.961,631.264,21.729,0,0
6/28/2025 00:36:43,1.964,631.201,21.719,0,0
6/28/2025 00:36:53,1.966,631.276,21.704,0,0
6/28/2025 00:37:03,1.969,631.14,21.69,0,0
6/28/2025 00:37:13,1.972,631.321,21.679,0,0
6/28/2025 00:37:23,1.975,631.269,21.662,0,0
6/28/2025 00:37:34,1.978,631.857,21.647,0,0
6/28/2025 00:37:44,1.981,632.664,21.634,0,0
6/28/2025 00:37:54,1.983,632.689,21.621,0,0
6/28/2025 00:38:04,1.986,632.616,21.612,0,0
6/28/2025 00:38:14,1.989,632.676,21.607,0,0
6/28/2025 00:38:25,1.992,632.675,21.604,0,0
6/28/2025 00:38:35,1.995,632.425,21.602,0,0
6/28/2025 00:38:45,1.997,632.362,21.602,0,0
6/28/2025 00:38:55,2,632.184,21.602,0,0
6/28/2025 00:39:05,2.003,632.357,21.601,0,0
6/28/2025 00:39:16,2.006,632.499,21.601,0,0
6/28/2025 00:39:26,2.009,632.552,21.6,0,0
6/28/2025 00:39:36,2.012,632.483,21.598,0,0
6/28/2025 00:39:46,2.014,632.153,21.594,0,0
6/28/2025 00:39:56,2.017,631.198,21.588,0,0
6/28/2025 00:40:07,2.02,631.181,21.578,0,0
6/28/2025 00:40:17,2.023,631.129,21.567,0,0
6/28/2025 00:40:27,2.026,630.992,21.557,0,0
6/28/2025 00:40:37,2.029,630.674,21.55,0,0
6/28/2025 00:40:47,2.031,627.967,21.546,0,0
6/28/2025 00:40:58,2.034,627.52,21.543,0,0
6/28/2025 00:41:08,2.037,627.134,21.541,0,0
6/28/2025 00:41:18,2.04,627.065,21.539,0,0
6/28/2025 00:41:28,2.043,627.174,21.538,0,0
6/28/2025 00:41:38,2.046,627.267,21.538,0,0
6/28/2025 00:41:49,2.049,627.427,21.538,0,0
6/28/2025 00:41:59,2.051,627.88,21.536,0,0
6/28/2025 00:42:09,2.054,628.166,21.533,0,0
6/28/2025 00:42:19,2.057,628.67,21.528,0,0
6/28/2025 00:42:29,2.06,629.071,21.518,0,0
6/28/2025 00:42:40,2.063,629.044,21.507,0,0
6/28/2025 00:42:50,2.066,628.903,21.497,0,0
6/28/2025 00:43:00,2.068,628.527,21.487,0,0
6/28/2025 00:43:10,2.071,628.595,21.472,0,0
6/28/2025 00:43:20,2.074,628.991,21.462,0,0
6/28/2025 00:43:31,2.077,629.286,21.454,0,0
6/28/2025 00:43:41,2.08,629.248,21.449,0,0
6/28/2025 00:43:51,2.083,629.184,21.446,0,0
6/28/2025 00:44:01,2.085,629.414,21.444,0,0
6/28/2025 00:44:11,2.088,629.347,21.444,0,0
6/28/2025 00:44:22,2.091,629.412,21.444,0,0
6/28/2025 00:44:32,2.094,629.782,21.443,0,0
6/28/2025 00:44:42,2.097,629.909,21.442,0,0
6/28/2025 00:44:52,2.099,630.102,21.439,0,0
6/28/2025 00:45:02,2.102,630.132,21.433,0,0
6/28/2025 00:45:13,2.105,630.119,21.423,0,0
6/28/2025 00:45:23,2.108,629.903,21.412,0,0
6/28/2025 00:45:33,2.111,629.874,21.404,0,0
6/28/2025 00:45:43,2.114,629.996,21.396,0,0
6/28/2025 00:45:53,2.116,629.635,21.388,0,0
6/28/2025 00:46:04,2.119,629.591,21.378,0,0
6/28/2025 00:46:14,2.122,629.679,21.371,0,0
6/28/2025 00:46:24,2.125,629.343,21.365,0,0
6/28/2025 00:46:34,2.128,628.328,21.361,0,0
6/28/2025 00:46:44,2.131,628.215,21.359,0,0
6/28/2025 00:46:55,2.134,627.649,21.358,0,0
6/28/2025 00:47:05,2.136,628.96,21.358,0,0
6/28/2025 00:47:15,2.139,629.938,21.358,0,0
6/28/2025 00:47:25,2.142,629.605,21.353,0,0
6/28/2025 00:47:36,2.145,629.359,21.346,0,0
6/28/2025 00:47:46,2.148,629.119,21.335,0,0
6/28/2025 00:47:56,2.151,630.891,21.318,0,0
6/28/2025 00:48:06,2.153,631.051,21.302,0,0
6/28/2025 00:48:16,2.156,631.013,21.282,0,0
6/28/2025 00:48:27,2.159,630.604,21.265,0,0
6/28/2025 00:48:37,2.162,630.628,21.253,0,0
6/28/2025 00:48:47,2.165,631.2,21.241,0,0
6/28/2025 00:48:57,2.168,631.364,21.231,0,0
6/28/2025 00:49:07,2.17,631.119,21.221,0,0
6/28/2025 00:49:18,2.173,631.36,21.214,0,0
6/28/2025 00:49:28,2.176,631.17,21.211,0,0
6/28/2025 00:49:38,2.179,631.818,21.21,0,0
6/28/2025 00:49:48,2.182,631.971,21.21,0,0
6/28/2025 00:49:58,2.184,632.078,21.21,0,0
6/28/2025 00:50:09,2.188,631.285,21.21,0,0
6/28/2025 00:50:19,2.19,631.105,21.21,0,0
6/28/2025 00:50:29,2.193,630.045,21.209,0,0
6/28/2025 00:50:39,2.196,630.136,21.206,0,0
6/28/2025 00:50:49,2.199,629.928,21.202,0,0
6/28/2025 00:51:00,2.202,629.946,21.198,0,0
6/28/2025 00:51:10,2.204,629.962,21.192,0,0
6/28/2025 00:51:20,2.207,629.924,21.185,0,0
6/28/2025 00:51:30,2.21,629.706,21.177,0,0
6/28/2025 00:51:40,2.213,628.823,21.17,0,0
6/28/2025 00:51:51,2.216,628.642,21.163,0,0
6/28/2025 00:52:01,2.219,628.735,21.161,0,0
6/28/2025 00:52:11,2.221,628.743,21.158,0,0
6/28/2025 00:52:21,2.224,628.602,21.156,0,0
6/28/2025 00:52:31,2.227,627.97,21.154,0,0
6/28/2025 00:52:42,2.23,627.807,21.154,0,0
6/28/2025 00:52:52,2.233,628.004,21.154,0,0
6/28/2025 00:53:02,2.236,628.503,21.153,0,0
6/28/2025 00:53:12,2.238,628.687,21.148,0,0
6/28/2025 00:53:22,2.241,628.623,21.14,0,0
6/28/2025 00:53:33,2.244,628.664,21.13,0,0
6/28/2025 00:53:43,2.247,628.894,21.117,0,0
6/28/2025 00:53:53,2.25,629.002,21.103,0,0
6/28/2025 00:54:03,2.253,629.174,21.091,0,0
6/28/2025 00:54:13,2.255,630.146,21.078,0,0
6/28/2025 00:54:24,2.258,631.385,21.07,0,0
6/28/2025 00:54:34,2.261,631.406,21.064,0,0
6/28/2025 00:54:44,2.264,630.206,21.06,0,0
6/28/2025 00:54:54,2.267,629.492,21.057,0,0
6/28/2025 00:55:04,2.269,628.612,21.057,0,0
6/28/2025 00:55:15,2.273,629.706,21.057,0,0
6/28/2025 00:55:25,2.275,630.432,21.057,0,0
6/28/2025 00:55:35,2.278,629.925,21.056,0,0
6/28/2025 00:55:45,2.281,629.881,21.056,0,0
6/28/2025 00:55:55,2.284,629.928,21.055,0,0
6/28/2025 00:56:06,2.287,629.814,21.054,0,0
6/28/2025 00:56:16,2.289,629.049,21.049,0,0
6/28/2025 00:56:26,2.292,628.641,21.042,0,0
6/28/2025 00:56:36,2.295,628.175,21.033,0,0
6/28/2025 00:56:46,2.298,627.741,21.023,0,0
6/28/2025 00:56:57,2.301,627.242,21.012,0,0
6/28/2025 00:57:07,2.304,627.227,20.999,0,0
6/28/2025 00:57:17,2.306,626.462,20.991,0,0
6/28/2025 00:57:27,2.309,626.222,20.985,0,0
6/28/2025 00:57:37,2.312,626.291,20.981,0,0
6/28/2025 00:57:48,2.315,626.582,20.979,0,0
6/28/2025 00:57:58,2.318,626.625,20.979,0,0
6/28/2025 00:58:08,2.321,625.188,20.978,0,0
6/28/2025 00:58:18,2.323,624.1,20.977,0,0
6/28/2025 00:58:28,2.326,623.725,20.975,0,0
6/28/2025 00:58:39,2.329,623.523,20.972,0,0
6/28/2025 00:58:49,2.332,623.903,20.966,0,0
6/28/2025 00:58:59,2.335,624.906,20.956,0,0
6/28/2025 00:59:09,2.338,625.071,20.946,0,0
6/28/2025 00:59:19,2.34,625.041,20.935,0,0
6/28/2025 00:59:30,2.343,624.94,20.92,0,0
6/28/2025 00:59:40,2.346,624.881,20.907,0,0
6/28/2025 00:59:50,2.349,624.469,20.892,0,0
6/28/2025 01:00:00,2.352,624.125,20.884,0,0
6/28/2025 01:00:10,2.354,625.537,20.879,0,0
6/28/2025 01:00:21,2.358,625.687,20.875,0,0
6/28/2025 01:00:31,2.36,626.137,20.872,0,0
6/28/2025 01:00:41,2.363,626.461,20.87,0,0
6/28/2025 01:00:51,2.366,626.417,20.87,0,0
6/28/2025 01:01:01,2.369,626.324,20.871,0,0
6/28/2025 01:01:12,2.372,625.975,20.871,0,0
6/28/2025 01:01:22,2.374,626.104,20.871,0,0
6/28/2025 01:01:32,2.377,627.859,20.87,0,0
6/28/2025 01:01:42,2.38,628.019,20.869,0,0
6/28/2025 01:01:52,2.383,627.987,20.866,0,0
6/28/2025 01:02:03,2.386,627.884,20.861,0,0
6/28/2025 01:02:13,2.389,628.077,20.853,0,0
6/28/2025 01:02:23,2.391,628.308,20.843,0,0
6/28/2025 01:02:33,2.394,627.873,20.836,0,0
6/28/2025 01:02:43,2.397,627.809,20.831,0,0
6/28/2025 01:02:54,2.4,627.867,20.827,0,0
6/28/2025 01:03:04,2.403,627.491,20.823,0,0
6/28/2025 01:03:14,2.406,624.757,20.82,0,0
6/28/2025 01:03:24,2.408,624.12,20.818,0,0
6/28/2025 01:03:34,2.411,623.729,20.816,0,0
6/28/2025 01:03:45,2.414,622.969,20.815,0,0
6/28/2025 01:03:55,2.417,623.146,20.815,0,0
6/28/2025 01:04:05,2.42,622.92,20.814,0,0
6/28/2025 01:04:15,2.423,623.342,20.812,0,0
6/28/2025 01:04:25,2.425,623.329,20.809,0,0
6/28/2025 01:04:36,2.428,623.314,20.802,0,0
6/28/2025 01:04:46,2.431,623.284,20.793,0,0
6/28/2025 01:04:56,2.434,623.379,20.778,0,0
6/28/2025 01:05:06,2.437,622.803,20.764,0,0
6/28/2025 01:05:16,2.439,621.202,20.752,0,0
6/28/2025 01:05:27,2.443,621.299,20.738,0,0
6/28/2025 01:05:37,2.445,621.771,20.728,0,0
6/28/2025 01:05:47,2.448,622.658,20.72,0,0
6/28/2025 01:05:57,2.451,622.646,20.715,0,0
6/28/2025 01:06:07,2.454,623.082,20.712,0,0
6/28/2025 01:06:18,2.457,623.752,20.711,0,0
6/28/2025 01:06:28,2.459,624.975,20.711,0,0
6/28/2025 01:06:38,2.462,625.08,20.711,0,0
6/28/2025 01:06:48,2.465,625.123,20.711,0,0
6/28/2025 01:06:58,2.468,625.746,20.711,0,0
6/28/2025 01:07:09,2.471,625.591,20.711,0,0
6/28/2025 01:07:19,2.474,625.336,20.71,0,0
6/28/2025 01:07:29,2.476,625.184,20.708,0,0
6/28/2025 01:07:39,2.479,624.21,20.705,0,0
6/28/2025 01:07:49,2.482,623.084,20.7,0,0
6/28/2025 01:08:00,2.485,622.974,20.695,0,0
6/28/2025 01:08:10,2.488,623.207,20.688,0,0
6/28/2025 01:08:20,2.491,622.894,20.684,0,0
6/28/2025 01:08:30,2.493,622.154,20.682,0,0
6/28/2025 01:08:40,2.496,621.497,20.681,0,0
6/28/2025 01:08:51,2.499,621.332,20.681,0,0
6/28/2025 01:09:01,2.502,619.959,20.681,0,0
6/28/2025 01:09:11,2.505,619.585,20.683,0,0
6/28/2025 01:09:21,2.508,619.913,20.686,0,0
6/28/2025 01:09:31,2.51,620.017,20.689,0,0
6/28/2025 01:09:42,2.513,620.359,20.691,0,0
6/28/2025 01:09:52,2.516,621.108,20.692,0,0
6/28/2025 01:10:02,2.519,621.171,20.692,0,0
6/28/2025 01:10:12,2.522,621.727,20.691,0,0
6/28/2025 01:10:22,2.524,621.868,20.688,0,0
6/28/2025 01:10:33,2.528,621.925,20.685,0,0
6/28/2025 01:10:43,2.53,622.179,20.681,0,0
6/28/2025 01:10:53,2.533,621.581,20.677,0,0
6/28/2025 01:11:03,2.536,621.067,20.672,0,0
6/28/2025 01:11:13,2.539,621.067,20.668,0,0
6/28/2025 01:11:24,2.542,621.02,20.665,0,0
6/28/2025 01:11:34,2.544,621.303,20.663,0,0
6/28/2025 01:11:44,2.547,621.773,20.663,0,0
6/28/2025 01:11:54,2.55,621.599,20.663,0,0
6/28/2025 01:12:04,2.553,622.049,20.664,0,0
6/28/2025 01:12:15,2.556,622.828,20.665,0,0
6/28/2025 01:12:25,2.559,623.63,20.666,0,0
6/28/2025 01:12:35,2.561,623.371,20.666,0,0
6/28/2025 01:12:45,2.564,623.437,20.665,0,0
6/28/2025 01:12:55,2.567,623.126,20.663,0,0
6/28/2025 01:13:06,2.57,622.24,20.661,0,0
6/28/2025 01:13:16,2.573,622.147,20.657,0,0
6/28/2025 01:13:26,2.576,622.009,20.653,0,0
6/28/2025 01:13:36,2.578,621.31,20.648,0,0
6/28/2025 01:13:46,2.581,620.681,20.645,0,0
6/28/2025 01:13:57,2.584,620.061,20.642,0,0
6/28/2025 01:14:07,2.587,620.335,20.639,0,0
6/28/2025 01:14:17,2.59,620.279,20.637,0,0
6/28/2025 01:14:27,2.593,620.088,20.636,0,0
6/28/2025 01:14:37,2.595,620.079,20.635,0,0
6/28/2025 01:14:48,2.598,620.002,20.635,0,0
6/28/2025 01:14:58,2.601,619.894,20.635,0,0
6/28/2025 01:15:08,2.604,619.527,20.634,0,0
6/28/2025 01:15:18,2.607,619.341,20.634,0,0
6/28/2025 01:15:28,2.609,618.724,20.632,0,0
6/28/2025 01:15:39,2.613,620.018,20.627,0,0
6/28/2025 01:15:49,2.615,621.618,20.622,0,0
6/28/2025 01:15:59,2.618,621.814,20.617,0,0
6/28/2025 01:16:09,2.621,622.229,20.61,0,0
6/28/2025 01:16:19,2.624,623.269,20.605,0,0
6/28/2025 01:16:30,2.627,623.18,20.599,0,0
6/28/2025 01:16:40,2.629,623.043,20.595,0,0
6/28/2025 01:16:50,2.632,623.435,20.593,0,0
6/28/2025 01:17:00,2.635,623.447,20.591,0,0
6/28/2025 01:17:10,2.638,623.333,20.59,0,0
6/28/2025 01:17:21,2.641,623.446,20.59,0,0
6/28/2025 01:17:31,2.644,623.591,20.59,0,0
6/28/2025 01:17:41,2.646,624.703,20.59,0,0
6/28/2025 01:17:51,2.649,624.81,20.591,0,0
6/28/2025 01:18:01,2.652,624.639,20.593,0,0
6/28/2025 01:18:12,2.655,624.388,20.595,0,0
6/28/2025 01:18:22,2.658,623.975,20.595,0,0
6/28/2025 01:18:32,2.661,622.716,20.595,0,0
6/28/2025 01:18:42,2.663,621.601,20.595,0,0
6/28/2025 01:18:52,2.666,621.088,20.595,0,0
6/28/2025 01:19:03,2.669,620.561,20.593,0,0
6/28/2025 01:19:13,2.672,620.963,20.592,0,0
6/28/2025 01:19:23,2.675,620.345,20.59,0,0
6/28/2025 01:19:33,2.678,620.615,20.588,0,0
6/28/2025 01:19:43,2.68,620.678,20.587,0,0
6/28/2025 01:19:54,2.683,620.67,20.585,0,0
6/28/2025 01:20:04,2.686,620.711,20.585,0,0
6/28/2025 01:20:14,2.689,620.596,20.585,0,0
6/28/2025 01:20:24,2.692,619.517,20.585,0,0
6/28/2025 01:20:34,2.694,619.356,20.586,0,0
6/28/2025 01:20:45,2.698,618.914,20.587,0,0
6/28/2025 01:20:55,2.7,618.909,20.587,0,0
6/28/2025 01:21:05,2.703,618.994,20.587,0,0
6/28/2025 01:21:15,2.706,618.504,20.586,0,0
6/28/2025 01:21:25,2.709,618.459,20.584,0,0
6/28/2025 01:21:36,2.712,618.545,20.577,0,0
6/28/2025 01:21:46,2.714,618.545,20.572,0,0
6/28/2025 01:21:56,2.717,618.498,20.568,0,0
6/28/2025 01:22:06,2.72,618.541,20.563,0,0
6/28/2025 01:22:16,2.723,618.108,20.557,0,0
6/28/2025 01:22:27,2.726,618.059,20.552,0,0
6/28/2025 01:22:37,2.729,618.363,20.55,0,0
6/28/2025 01:22:47,2.731,618.645,20.549,0,0
6/28/2025 01:22:57,2.734,618.851,20.549,0,0
6/28/2025 01:23:07,2.737,618.911,20.55,0,0
6/28/2025 01:23:18,2.74,617.701,20.55,0,0
6/28/2025 01:23:28,2.743,617.784,20.551,0,0
6/28/2025 01:23:38,2.746,617.758,20.551,0,0
6/28/2025 01:23:48,2.748,618.436,20.551,0,0
6/28/2025 01:23:58,2.751,618.427,20.551,0,0
6/28/2025 01:24:09,2.754,618.588,20.55,0,0
6/28/2025 01:24:19,2.757,618.32,20.549,0,0
6/28/2025 01:24:29,2.76,617.285,20.547,0,0
6/28/2025 01:24:39,2.763,616.816,20.544,0,0
6/28/2025 01:24:49,2.765,615.644,20.54,0,0
6/28/2025 01:25:00,2.768,615.085,20.537,0,0
6/28/2025 01:25:10,2.771,614.861,20.534,0,0
6/28/2025 01:25:20,2.774,614.953,20.531,0,0
6/28/2025 01:25:30,2.777,614.882,20.53,0,0
6/28/2025 01:25:40,2.779,614.876,20.528,0,0
6/28/2025 01:25:51,2.783,614.664,20.528,0,0
6/28/2025 01:26:01,2.785,614.518,20.528,0,0
6/28/2025 01:26:11,2.788,613.998,20.529,0,0
6/28/2025 01:26:21,2.791,614.334,20.53,0,0
6/28/2025 01:26:31,2.794,614.927,20.531,0,0
6/28/2025 01:26:42,2.797,615.736,20.531,0,0
6/28/2025 01:26:52,2.799,615.741,20.53,0,0
6/28/2025 01:27:02,2.802,615.825,20.528,0,0
6/28/2025 01:27:12,2.805,615.62,20.525,0,0
6/28/2025 01:27:22,2.808,614.475,20.521,0,0
6/28/2025 01:27:33,2.811,610.555,20.518,0,0
6/28/2025 01:27:43,2.814,610.342,20.512,0,0
6/28/2025 01:27:53,2.816,611.436,20.506,0,0
6/28/2025 01:28:03,2.819,612.281,20.502,0,0
6/28/2025 01:28:13,2.822,613.054,20.5,0,0
6/28/2025 01:28:24,2.825,614.07,20.5,0,0
6/28/2025 01:28:34,2.828,616.178,20.5,0,0
6/28/2025 01:28:44,2.831,618.359,20.502,0,0
6/28/2025 01:28:54,2.833,619.363,20.504,0,0
6/28/2025 01:29:04,2.836,619.428,20.51,0,0
6/28/2025 01:29:15,2.839,618.824,20.515,0,0
6/28/2025 01:29:25,2.842,617.928,20.519,0,0
6/28/2025 01:29:35,2.845,615.922,20.521,0,0
6/28/2025 01:29:45,2.848,615.547,20.522,0,0
6/28/2025 01:29:55,2.85,615.573,20.522,0,0
6/28/2025 01:30:06,2.853,615.528,20.523,0,0
6/28/2025 01:30:16,2.856,615.789,20.522,0,0
6/28/2025 01:30:26,2.859,615.735,20.521,0,0
6/28/2025 01:30:36,2.862,615.231,20.52,0,0
6/28/2025 01:30:46,2.864,615.163,20.519,0,0
6/28/2025 01:30:57,2.868,614.393,20.519,0,0
6/28/2025 01:31:07,2.87,614.458,20.519,0,0
6/28/2025 01:31:17,2.873,615.016,20.519,0,0
6/28/2025 01:31:27,2.876,615.156,20.521,0,0
6/28/2025 01:31:37,2.879,614.384,20.523,0,0
6/28/2025 01:31:48,2.882,613.92,20.525,0,0
6/28/2025 01:31:58,2.884,613.763,20.526,0,0
6/28/2025 01:32:08,2.887,613.812,20.526,0,0
6/28/2025 01:32:18,2.89,614.602,20.525,0,0
6/28/2025 01:32:28,2.893,615.066,20.522,0,0
6/28/2025 01:32:39,2.896,615.457,20.518,0,0
6/28/2025 01:32:49,2.899,616.399,20.514,0,0
6/28/2025 01:32:59,2.901,616.844,20.51,0,0
6/28/2025 01:33:09,2.904,617.333,20.506,0,0
6/28/2025 01:33:19,2.907,618.275,20.501,0,0
6/28/2025 01:33:30,2.91,618.157,20.497,0,0
6/28/2025 01:33:40,2.913,618.522,20.494,0,0
6/28/2025 01:33:50,2.916,619.381,20.492,0,0
6/28/2025 01:34:00,2.918,619.703,20.491,0,0
6/28/2025 01:34:11,2.921,620.395,20.492,0,0
6/28/2025 01:34:21,2.924,620.609,20.494,0,0
6/28/2025 01:34:31,2.927,620.221,20.497,0,0
6/28/2025 01:34:41,2.93,619.689,20.5,0,0
6/28/2025 01:34:51,2.933,618.837,20.502,0,0
6/28/2025 01:35:02,2.936,618.512,20.503,0,0
6/28/2025 01:35:12,2.938,617.911,20.503,0,0
6/28/2025 01:35:22,2.941,617.382,20.502,0,0
6/28/2025 01:35:32,2.944,617.37,20.501,0,0
6/28/2025 01:35:42,2.947,617.206,20.5,0,0
6/28/2025 01:35:52,2.949,616.925,20.498,0,0
6/28/2025 01:36:03,2.953,616.736,20.495,0,0
6/28/2025 01:36:13,2.955,615.891,20.492,0,0
6/28/2025 01:36:23,2.958,616.213,20.491,0,0
6/28/2025 01:36:33,2.961,616.498,20.491,0,0
6/28/2025 01:36:43,2.964,616.327,20.491,0,0
6/28/2025 01:36:54,2.967,613.129,20.491,0,0
6/28/2025 01:37:04,2.969,612.784,20.492,0,0
6/28/2025 01:37:14,2.972,612.732,20.494,0,0
6/28/2025 01:37:24,2.975,612.706,20.497,0,0
6/28/2025 01:37:34,2.978,612.923,20.499,0,0
6/28/2025 01:37:45,2.981,612.773,20.499,0,0
6/28/2025 01:37:55,2.984,614.767,20.499,0,0
6/28/2025 01:38:05,2.986,615.866,20.498,0,0
6/28/2025 01:38:15,2.989,616.427,20.496,0,0
6/28/2025 01:38:26,2.992,616.543,20.494,0,0
6/28/2025 01:38:36,2.995,616.343,20.492,0,0
6/28/2025 01:38:46,2.998,616.426,20.491,0,0
6/28/2025 01:38:56,3.001,616.709,20.49,0,0
6/28/2025 01:39:06,3.003,616.668,20.489,0,0
6/28/2025 01:39:17,3.006,616.878,20.489,0,0
6/28/2025 01:39:27,3.009,616.876,20.489,0,0
6/28/2025 01:39:37,3.012,616.901,20.489,0,0
6/28/2025 01:39:47,3.015,617.041,20.491,0,0
6/28/2025 01:39:57,3.018,617.067,20.494,0,0
6/28/2025 01:40:08,3.021,617.435,20.498,0,0
6/28/2025 01:40:18,3.023,617.204,20.502,0,0
6/28/2025 01:40:28,3.026,617.235,20.504,0,0
6/28/2025 01:40:38,3.029,617.289,20.505,0,0
6/28/2025 01:40:48,3.032,616.985,20.505,0,0
6/28/2025 01:40:59,3.035,616.98,20.505,0,0
6/28/2025 01:41:09,3.038,616.753,20.504,0,0
6/28/2025 01:41:19,3.04,616.883,20.502,0,0
6/28/2025 01:41:29,3.043,616.879,20.497,0,0
6/28/2025 01:41:39,3.046,616.731,20.494,0,0
6/28/2025 01:41:50,3.049,616.127,20.492,0,0
6/28/2025 01:42:00,3.052,615.642,20.49,0,0
6/28/2025 01:42:10,3.054,615.143,20.489,0,0
6/28/2025 01:42:20,3.057,614.937,20.488,0,0
6/28/2025 01:42:30,3.06,614.217,20.488,0,0
6/28/2025 01:42:41,3.063,611.332,20.488,0,0
6/28/2025 01:42:51,3.066,610.488,20.488,0,0
6/28/2025 01:43:01,3.069,610.054,20.489,0,0
6/28/2025 01:43:11,3.071,608.619,20.49,0,0
6/28/2025 01:43:21,3.074,609.856,20.49,0,0
6/28/2025 01:43:32,3.077,609.928,20.49,0,0
6/28/2025 01:43:42,3.08,609.712,20.49,0,0
6/28/2025 01:43:52,3.083,610.122,20.489,0,0
6/28/2025 01:44:02,3.086,610.409,20.487,0,0
6/28/2025 01:44:12,3.088,610.42,20.486,0,0
6/28/2025 01:44:23,3.091,610.307,20.484,0,0
6/28/2025 01:44:33,3.094,610.548,20.482,0,0
6/28/2025 01:44:43,3.097,611.917,20.48,0,0
6/28/2025 01:44:53,3.1,611.835,20.479,0,0
6/28/2025 01:45:03,3.103,611.525,20.479,0,0
6/28/2025 01:45:14,3.106,611.687,20.48,0,0
6/28/2025 01:45:24,3.108,612.179,20.481,0,0
6/28/2025 01:45:34,3.111,613.869,20.481,0,0
6/28/2025 01:45:44,3.114,614.831,20.483,0,0
6/28/2025 01:45:54,3.117,615.096,20.485,0,0
6/28/2025 01:46:05,3.12,614.943,20.486,0,0
6/28/2025 01:46:15,3.122,614.441,20.486,0,0
6/28/2025 01:46:25,3.125,614.182,20.486,0,0
6/28/2025 01:46:35,3.128,613.996,20.484,0,0
6/28/2025 01:46:45,3.131,614.018,20.481,0,0
6/28/2025 01:46:56,3.134,613.982,20.477,0,0
6/28/2025 01:47:06,3.137,613.461,20.474,0,0
6/28/2025 01:47:16,3.139,613.277,20.47,0,0
6/28/2025 01:47:26,3.142,611.833,20.466,0,0
6/28/2025 01:47:36,3.145,610.518,20.462,0,0
6/28/2025 01:47:47,3.148,610.797,20.461,0,0
6/28/2025 01:47:57,3.151,610.984,20.46,0,0
6/28/2025 01:48:07,3.154,610.338,20.46,0,0
6/28/2025 01:48:17,3.156,610.321,20.46,0,0
6/28/2025 01:48:27,3.159,610.251,20.46,0,0
6/28/2025 01:48:38,3.162,610.046,20.46,0,0
6/28/2025 01:48:48,3.165,610.176,20.459,0,0
6/28/2025 01:48:58,3.168,610.44,20.455,0,0
6/28/2025 01:49:08,3.171,610.436,20.448,0,0
6/28/2025 01:49:18,3.173,610.35,20.439,0,0
6/28/2025 01:49:29,3.176,610.373,20.432,0,0
6/28/2025 01:49:39,3.179,610.398,20.426,0,0
6/28/2025 01:49:49,3.182,610.407,20.417,0,0
6/28/2025 01:49:59,3.185,610.317,20.411,0,0
6/28/2025 01:50:09,3.188,610.22,20.405,0,0
6/28/2025 01:50:20,3.191,610.486,20.401,0,0
6/28/2025 01:50:30,3.193,611,20.397,0,0
6/28/2025 01:50:40,3.196,612.003,20.394,0,0
6/28/2025 01:50:50,3.199,612.795,20.393,0,0
6/28/2025 01:51:00,3.202,613.154,20.394,0,0
6/28/2025 01:51:11,3.205,613.5,20.395,0,0
6/28/2025 01:51:21,3.208,613.138,20.398,0,0
6/28/2025 01:51:31,3.21,612.89,20.402,0,0
6/28/2025 01:51:41,3.213,613.071,20.403,0,0
6/28/2025 01:51:51,3.216,613.088,20.404,0,0
6/28/2025 01:52:02,3.219,612.83,20.404,0,0
6/28/2025 01:52:12,3.222,612.311,20.403,0,0
6/28/2025 01:52:22,3.224,610.683,20.401,0,0
6/28/2025 01:52:32,3.227,610.61,20.395,0,0
6/28/2025 01:52:42,3.23,610.814,20.39,0,0
6/28/2025 01:52:53,3.233,610.708,20.386,0,0
6/28/2025 01:53:03,3.236,610.387,20.382,0,0
6/28/2025 01:53:13,3.239,609.771,20.381,0,0
6/28/2025 01:53:23,3.241,609.431,20.38,0,0
6/28/2025 01:53:33,3.244,609.451,20.38,0,0
6/28/2025 01:53:44,3.247,609.403,20.381,0,0
6/28/2025 01:53:54,3.25,608.214,20.381,0,0
6/28/2025 01:54:04,3.253,607.978,20.382,0,0
6/28/2025 01:54:14,3.256,608.004,20.383,0,0
6/28/2025 01:54:24,3.258,607.987,20.383,0,0
6/28/2025 01:54:35,3.261,608.107,20.383,0,0
6/28/2025 01:54:45,3.264,608.289,20.38,0,0
6/28/2025 01:54:55,3.267,608.284,20.377,0,0
6/28/2025 01:55:05,3.27,608.612,20.372,0,0
6/28/2025 01:55:15,3.273,608.733,20.366,0,0
6/28/2025 01:55:26,3.276,608.357,20.361,0,0
6/28/2025 01:55:36,3.278,608.188,20.357,0,0
6/28/2025 01:55:46,3.281,607.902,20.354,0,0
6/28/2025 01:55:56,3.284,607.734,20.352,0,0
6/28/2025 01:56:06,3.287,607.744,20.35,0,0
6/28/2025 01:56:17,3.29,607.983,20.35,0,0
6/28/2025 01:56:27,3.293,607.541,20.35,0,0
6/28/2025 01:56:37,3.295,607.664,20.35,0,0
6/28/2025 01:56:47,3.298,607.628,20.35,0,0
6/28/2025 01:56:57,3.301,608.386,20.351,0,0
6/28/2025 01:57:08,3.304,608.373,20.351,0,0
6/28/2025 01:57:18,3.307,607.927,20.351,0,0
6/28/2025 01:57:28,3.309,608.217,20.35,0,0
6/28/2025 01:57:38,3.312,607.933,20.346,0,0
6/28/2025 01:57:48,3.315,607.213,20.339,0,0
6/28/2025 01:57:59,3.318,607.158,20.331,0,0
6/28/2025 01:58:09,3.321,607.184,20.319,0,0
6/28/2025 01:58:19,3.324,607.055,20.311,0,0
6/28/2025 01:58:29,3.326,606.892,20.306,0,0
6/28/2025 01:58:39,3.329,605.075,20.303,0,0
6/28/2025 01:58:50,3.332,604.652,20.301,0,0
6/28/2025 01:59:00,3.335,604.246,20.299,0,0
6/28/2025 01:59:10,3.338,604.001,20.299,0,0
6/28/2025 01:59:20,3.341,603.375,20.299,0,0
6/28/2025 01:59:30,3.343,603.786,20.299,0,0
6/28/2025 01:59:41,3.346,603.773,20.299,0,0
6/28/2025 01:59:51,3.349,603.853,20.3,0,0
6/28/2025 02:00:01,3.352,604.061,20.3,0,0
6/28/2025 02:00:11,3.355,604.037,20.3,0,0
6/28/2025 02:00:21,3.358,603.956,20.299,0,0
6/28/2025 02:00:32,3.361,605.005,20.298,0,0
6/28/2025 02:00:42,3.363,605.187,20.296,0,0
6/28/2025 02:00:52,3.366,605.519,20.293,0,0
6/28/2025 02:01:02,3.369,605.958,20.29,0,0
6/28/2025 02:01:12,3.372,606.066,20.287,0,0
6/28/2025 02:01:23,3.375,606.35,20.285,0,0
6/28/2025 02:01:33,3.378,606.399,20.283,0,0
6/28/2025 02:01:43,3.38,606.334,20.282,0,0
6/28/2025 02:01:53,3.383,606.673,20.282,0,0
6/28/2025 02:02:03,3.386,606.612,20.282,0,0
6/28/2025 02:02:14,3.389,606.859,20.283,0,0
6/28/2025 02:02:24,3.392,607.023,20.284,0,0
6/28/2025 02:02:34,3.394,607.764,20.285,0,0
6/28/2025 02:02:44,3.397,608.027,20.285,0,0
6/28/2025 02:02:54,3.4,608.087,20.285,0,0
6/28/2025 02:03:05,3.403,607.448,20.283,0,0
6/28/2025 02:03:15,3.406,607.168,20.282,0,0
6/28/2025 02:03:25,3.409,607.052,20.28,0,0
6/28/2025 02:03:35,3.411,606.946,20.276,0,0
6/28/2025 02:03:45,3.414,606.961,20.272,0,0
6/28/2025 02:03:56,3.417,606.226,20.267,0,0
6/28/2025 02:04:06,3.42,603.501,20.264,0,0
6/28/2025 02:04:16,3.423,603.241,20.261,0,0
6/28/2025 02:04:26,3.426,603.728,20.259,0,0
6/28/2025 02:04:36,3.428,602.398,20.258,0,0
6/28/2025 02:04:47,3.431,601.747,20.257,0,0
6/28/2025 02:04:57,3.434,601.705,20.258,0,0
6/28/2025 02:05:07,3.437,601.892,20.259,0,0
6/28/2025 02:05:17,3.44,601.744,20.259,0,0
6/28/2025 02:05:27,3.443,600.38,20.26,0,0
6/28/2025 02:05:38,3.446,600.609,20.26,0,0
6/28/2025 02:05:48,3.448,600.728,20.258,0,0
6/28/2025 02:05:58,3.451,600.742,20.256,0,0
6/28/2025 02:06:08,3.454,600.859,20.252,0,0
6/28/2025 02:06:18,3.457,601.393,20.246,0,0
6/28/2025 02:06:29,3.46,601.617,20.233,0,0
6/28/2025 02:06:39,3.463,601.752,20.224,0,0
6/28/2025 02:06:49,3.465,601.773,20.218,0,0
6/28/2025 02:06:59,3.468,601.441,20.21,0,0
6/28/2025 02:07:09,3.471,601.753,20.205,0,0
6/28/2025 02:07:20,3.474,601.691,20.202,0,0
6/28/2025 02:07:30,3.477,601.676,20.201,0,0
6/28/2025 02:07:40,3.479,601.626,20.2,0,0
6/28/2025 02:07:50,3.482,603.209,20.199,0,0
6/28/2025 02:08:00,3.485,603.654,20.199,0,0
6/28/2025 02:08:11,3.488,602.435,20.199,0,0
6/28/2025 02:08:21,3.491,602.378,20.199,0,0
6/28/2025 02:08:31,3.494,601.524,20.198,0,0
6/28/2025 02:08:41,3.496,600.276,20.198,0,0
6/28/2025 02:08:51,3.499,598.872,20.196,0,0
6/28/2025 02:09:02,3.502,598.711,20.194,0,0
6/28/2025 02:09:12,3.505,598.851,20.191,0,0
6/28/2025 02:09:22,3.508,598.774,20.187,0,0
6/28/2025 02:09:32,3.511,598.77,20.184,0,0
6/28/2025 02:09:42,3.513,598.822,20.18,0,0
6/28/2025 02:09:53,3.516,599.18,20.177,0,0
6/28/2025 02:10:03,3.519,599.299,20.173,0,0
6/28/2025 02:10:13,3.522,598.46,20.172,0,0
6/28/2025 02:10:23,3.525,597.73,20.171,0,0
6/28/2025 02:10:33,3.528,596.321,20.17,0,0
6/28/2025 02:10:44,3.531,596.315,20.17,0,0
6/28/2025 02:10:54,3.533,596.097,20.17,0,0
6/28/2025 02:11:04,3.536,595.932,20.169,0,0
6/28/2025 02:11:14,3.539,595.924,20.167,0,0
6/28/2025 02:11:24,3.542,595.999,20.162,0,0
6/28/2025 02:11:35,3.545,596.122,20.156,0,0
6/28/2025 02:11:45,3.548,596.265,20.147,0,0
6/28/2025 02:11:55,3.55,596.386,20.136,0,0
6/28/2025 02:12:05,3.553,597.795,20.118,0,0
6/28/2025 02:12:15,3.556,598.414,20.101,0,0
6/28/2025 02:12:26,3.559,598.09,20.087,0,0
6/28/2025 02:12:36,3.562,597.516,20.074,0,0
6/28/2025 02:12:46,3.564,597.698,20.066,0,0
6/28/2025 02:12:56,3.567,597.934,20.061,0,0
6/28/2025 02:13:06,3.57,597.707,20.059,0,0
6/28/2025 02:13:17,3.573,597.727,20.059,0,0
6/28/2025 02:13:27,3.576,597.821,20.06,0,0
6/28/2025 02:13:37,3.579,597.864,20.06,0,0
6/28/2025 02:13:47,3.581,596.765,20.061,0,0
6/28/2025 02:13:57,3.584,596.468,20.061,0,0
6/28/2025 02:14:08,3.587,596.462,20.061,0,0
6/28/2025 02:14:18,3.59,596.391,20.061,0,0
6/28/2025 02:14:28,3.593,594.433,20.06,0,0
6/28/2025 02:14:38,3.596,594.079,20.058,0,0
6/28/2025 02:14:48,3.598,594.364,20.055,0,0
6/28/2025 02:14:59,3.601,594.883,20.05,0,0
6/28/2025 02:15:09,3.604,594.689,20.045,0,0
6/28/2025 02:15:19,3.607,594.156,20.042,0,0
6/28/2025 02:15:29,3.61,593.662,20.041,0,0
6/28/2025 02:15:39,3.612,593.668,20.04,0,0
6/28/2025 02:15:50,3.616,593.096,20.04,0,0
6/28/2025 02:16:00,3.618,592.983,20.04,0,0
6/28/2025 02:16:10,3.621,592.964,20.04,0,0
6/28/2025 02:16:20,3.624,592.29,20.041,0,0
6/28/2025 02:16:30,3.627,592.207,20.041,0,0
6/28/2025 02:16:41,3.63,592.064,20.04,0,0
6/28/2025 02:16:51,3.633,591.976,20.036,0,0
6/28/2025 02:17:01,3.635,591.938,20.028,0,0
6/28/2025 02:17:11,3.638,591.658,20.013,0,0
6/28/2025 02:17:21,3.641,591.343,19.997,0,0
6/28/2025 02:17:32,3.644,591.181,19.982,0,0
6/28/2025 02:17:42,3.647,591.255,19.969,0,0
6/28/2025 02:17:52,3.649,591.805,19.957,0,0
6/28/2025 02:18:02,3.652,592.37,19.943,0,0
6/28/2025 02:18:12,3.655,591.758,19.938,0,0
6/28/2025 02:18:23,3.658,591.898,19.935,0,0
6/28/2025 02:18:33,3.661,593.062,19.935,0,0
6/28/2025 02:18:43,3.664,592.789,19.935,0,0
6/28/2025 02:18:53,3.666,592.394,19.935,0,0
6/28/2025 02:19:03,3.669,592.137,19.936,0,0
6/28/2025 02:19:14,3.672,593.547,19.938,0,0
6/28/2025 02:19:24,3.675,594.287,19.94,0,0
6/28/2025 02:19:34,3.678,591.996,19.941,0,0
6/28/2025 02:19:44,3.681,591.6,19.94,0,0
6/28/2025 02:19:54,3.683,591.897,19.94,0,0
6/28/2025 02:20:05,3.686,591.54,19.939,0,0
6/28/2025 02:20:15,3.689,590.805,19.937,0,0
6/28/2025 02:20:25,3.692,590.583,19.935,0,0
6/28/2025 02:20:35,3.695,590.655,19.932,0,0
6/28/2025 02:20:45,3.698,590.322,19.928,0,0
6/28/2025 02:20:56,3.701,590.124,19.926,0,0
6/28/2025 02:21:06,3.703,589.906,19.924,0,0
6/28/2025 02:21:16,3.706,589.838,19.923,0,0
6/28/2025 02:21:26,3.709,589.786,19.922,0,0
6/28/2025 02:21:36,3.712,589.552,19.922,0,0
6/28/2025 02:21:47,3.715,589.229,19.923,0,0
6/28/2025 02:21:57,3.718,588.155,19.924,0,0
6/28/2025 02:22:07,3.72,587.646,19.925,0,0
6/28/2025 02:22:17,3.723,588.33,19.926,0,0
6/28/2025 02:22:27,3.726,588.581,19.925,0,0
6/28/2025 02:22:38,3.729,588.973,19.924,0,0
6/28/2025 02:22:48,3.732,589.233,19.92,0,0
6/28/2025 02:22:58,3.734,589.142,19.915,0,0
6/28/2025 02:23:08,3.737,589.099,19.906,0,0
6/28/2025 02:23:18,3.74,589.73,19.9,0,0
6/28/2025 02:23:29,3.743,589.801,19.897,0,0
6/28/2025 02:23:39,3.746,589.693,19.893,0,0
6/28/2025 02:23:49,3.749,590.241,19.891,0,0
6/28/2025 02:23:59,3.751,590.212,19.89,0,0
6/28/2025 02:24:09,3.754,589.954,19.889,0,0
6/28/2025 02:24:20,3.757,589.905,19.889,0,0
6/28/2025 02:24:30,3.76,590.062,19.889,0,0
6/28/2025 02:24:40,3.763,590.134,19.89,0,0
6/28/2025 02:24:50,3.766,590.447,19.891,0,0
6/28/2025 02:25:00,3.768,590.494,19.891,0,0
6/28/2025 02:25:11,3.771,590.422,19.891,0,0
6/28/2025 02:25:21,3.774,590.549,19.891,0,0
6/28/2025 02:25:31,3.777,590.27,19.889,0,0
6/28/2025 02:25:41,3.78,590.602,19.886,0,0
6/28/2025 02:25:51,3.783,590.557,19.883,0,0
6/28/2025 02:26:02,3.786,590.766,19.881,0,0
6/28/2025 02:26:12,3.788,590.834,19.878,0,0
6/28/2025 02:26:22,3.791,590.633,19.876,0,0
6/28/2025 02:26:32,3.794,590.49,19.876,0,0
6/28/2025 02:26:42,3.797,591.095,19.875,0,0
6/28/2025 02:26:53,3.8,591.065,19.875,0,0
6/28/2025 02:27:03,3.803,591.155,19.876,0,0
6/28/2025 02:27:13,3.805,591.85,19.877,0,0
6/28/2025 02:27:23,3.808,592.074,19.881,0,0
6/28/2025 02:27:33,3.811,592.042,19.885,0,0
6/28/2025 02:27:44,3.814,592.029,19.889,0,0
6/28/2025 02:27:54,3.817,590.743,19.89,0,0
6/28/2025 02:28:04,3.819,590.408,19.891,0,0
6/28/2025 02:28:14,3.822,590.585,19.89,0,0
6/28/2025 02:28:24,3.825,591.068,19.889,0,0
6/28/2025 02:28:35,3.828,592.1,19.888,0,0
6/28/2025 02:28:45,3.831,592.049,19.885,0,0
6/28/2025 02:28:55,3.834,591.251,19.883,0,0
6/28/2025 02:29:05,3.836,591.126,19.881,0,0
6/28/2025 02:29:15,3.839,590.388,19.879,0,0
6/28/2025 02:29:26,3.842,590.458,19.878,0,0
6/28/2025 02:29:36,3.845,590.681,19.877,0,0
6/28/2025 02:29:46,3.848,590.805,19.877,0,0
6/28/2025 02:29:56,3.851,590.835,19.877,0,0
6/28/2025 02:30:06,3.853,590.987,19.878,0,0
6/28/2025 02:30:17,3.856,591.017,19.88,0,0
6/28/2025 02:30:27,3.859,591.198,19.881,0,0
6/28/2025 02:30:37,3.862,591.64,19.883,0,0
6/28/2025 02:30:47,3.865,591.901,19.884,0,0
6/28/2025 02:30:57,3.868,592.057,19.885,0,0
6/28/2025 02:31:08,3.871,591.669,19.885,0,0
6/28/2025 02:31:18,3.873,590.575,19.885,0,0
6/28/2025 02:31:28,3.876,590.76,19.882,0,0
6/28/2025 02:31:38,3.879,590.765,19.88,0,0
6/28/2025 02:31:49,3.882,590.549,19.878,0,0
6/28/2025 02:31:59,3.885,590.944,19.876,0,0
6/28/2025 02:32:09,3.888,590.778,19.874,0,0
6/28/2025 02:32:19,3.89,590.129,19.873,0,0
6/28/2025 02:32:29,3.893,590.037,19.872,0,0
6/28/2025 02:32:40,3.896,590.038,19.872,0,0
6/28/2025 02:32:50,3.899,588.951,19.873,0,0
6/28/2025 02:33:00,3.902,588.752,19.874,0,0
6/28/2025 02:33:10,3.904,588.65,19.874,0,0
6/28/2025 02:33:20,3.907,587.047,19.875,0,0
6/28/2025 02:33:31,3.91,586.808,19.875,0,0
6/28/2025 02:33:41,3.913,586.743,19.874,0,0
6/28/2025 02:33:51,3.916,587.785,19.872,0,0
6/28/2025 02:34:01,3.919,589.046,19.87,0,0
6/28/2025 02:34:11,3.921,589.078,19.868,0,0
6/28/2025 02:34:22,3.924,588.908,19.867,0,0
6/28/2025 02:34:32,3.927,588.828,19.865,0,0
6/28/2025 02:34:42,3.93,588.978,19.863,0,0
6/28/2025 02:34:52,3.933,589.467,19.861,0,0
6/28/2025 02:35:02,3.936,589.615,19.861,0,0
6/28/2025 02:35:13,3.939,589.566,19.86,0,0
6/28/2025 02:35:23,3.941,589.513,19.86,0,0
6/28/2025 02:35:33,3.944,590.042,19.862,0,0
6/28/2025 02:35:43,3.947,590.104,19.865,0,0
6/28/2025 02:35:53,3.95,590.009,19.869,0,0
6/28/2025 02:36:04,3.953,590.009,19.874,0,0
6/28/2025 02:36:14,3.956,590.074,19.877,0,0
6/28/2025 02:36:24,3.958,590.25,19.879,0,0
6/28/2025 02:36:34,3.961,589.351,19.879,0,0
6/28/2025 02:36:44,3.964,588.693,19.88,0,0
6/28/2025 02:36:55,3.967,588.549,19.88,0,0
6/28/2025 02:37:05,3.97,587.264,19.88,0,0
6/28/2025 02:37:15,3.973,587.224,19.879,0,0
6/28/2025 02:37:25,3.975,587.234,19.879,0,0
6/28/2025 02:37:35,3.978,587.941,19.878,0,0
6/28/2025 02:37:46,3.981,589.304,19.878,0,0
6/28/2025 02:37:56,3.984,589.177,19.878,0,0
6/28/2025 02:38:06,3.987,587.981,19.879,0,0
6/28/2025 02:38:16,3.989,585.933,19.88,0,0
6/28/2025 02:38:26,3.992,584.577,19.882,0,0
6/28/2025 02:38:37,3.995,583.984,19.886,0,0
6/28/2025 02:38:47,3.998,584,19.89,0,0
6/28/2025 02:38:57,4.001,584.667,19.894,0,0
6/28/2025 02:39:07,4.004,585.137,19.894,0,0
6/28/2025 02:39:17,4.006,585.266,19.893,0,0
6/28/2025 02:39:28,4.009,585.42,19.891,0,0
6/28/2025 02:39:38,4.012,585.4,19.89,0,0
6/28/2025 02:39:48,4.015,585.641,19.888,0,0
6/28/2025 02:39:58,4.018,585.79,19.888,0,0
6/28/2025 02:40:08,4.021,586.213,19.887,0,0
6/28/2025 02:40:19,4.024,586.502,19.887,0,0
6/28/2025 02:40:29,4.026,587.216,19.887,0,0
6/28/2025 02:40:39,4.029,587.357,19.887,0,0
6/28/2025 02:40:49,4.032,587.637,19.888,0,0
6/28/2025 02:40:59,4.035,588.11,19.892,0,0
6/28/2025 02:41:10,4.038,588.257,19.897,0,0
6/28/2025 02:41:20,4.041,588.863,19.907,0,0
6/28/2025 02:41:30,4.043,588.83,19.916,0,0
6/28/2025 02:41:40,4.046,588.405,19.926,0,0
6/28/2025 02:41:50,4.049,588.515,19.933,0,0
6/28/2025 02:42:01,4.052,588.03,19.937,0,0
6/28/2025 02:42:11,4.055,587.999,19.939,0,0
6/28/2025 02:42:21,4.058,587.979,19.94,0,0
6/28/2025 02:42:31,4.06,587.33,19.94,0,0
6/28/2025 02:42:41,4.063,587.221,19.94,0,0
6/28/2025 02:42:52,4.066,586.911,19.939,0,0
6/28/2025 02:43:02,4.069,586.725,19.939,0,0
6/28/2025 02:43:12,4.072,587.052,19.938,0,0
6/28/2025 02:43:22,4.074,586.898,19.938,0,0
6/28/2025 02:43:32,4.077,586.919,19.938,0,0
6/28/2025 02:43:43,4.08,587.052,19.939,0,0
6/28/2025 02:43:53,4.083,587.056,19.941,0,0
6/28/2025 02:44:03,4.086,586.367,19.947,0,0
6/28/2025 02:44:13,4.089,585.842,19.955,0,0
6/28/2025 02:44:23,4.091,585.668,19.963,0,0
6/28/2025 02:44:34,4.094,585.674,19.97,0,0
6/28/2025 02:44:44,4.097,585.977,19.972,0,0
6/28/2025 02:44:54,4.1,585.979,19.972,0,0
6/28/2025 02:45:04,4.103,586.133,19.972,0,0
6/28/2025 02:45:14,4.106,586.757,19.971,0,0
6/28/2025 02:45:25,4.109,586.528,19.969,0,0
6/28/2025 02:45:35,4.111,585.689,19.967,0,0
6/28/2025 02:45:45,4.114,585.192,19.966,0,0
6/28/2025 02:45:55,4.117,585.835,19.966,0,0
6/28/2025 02:46:05,4.12,587.359,19.966,0,0
6/28/2025 02:46:16,4.123,589.367,19.966,0,0
6/28/2025 02:46:26,4.126,589.388,19.967,0,0
6/28/2025 02:46:36,4.128,589.662,19.97,0,0
6/28/2025 02:46:46,4.131,589.946,19.974,0,0
6/28/2025 02:46:56,4.134,589.487,19.98,0,0
6/28/2025 02:47:07,4.137,589.494,19.985,0,0
6/28/2025 02:47:17,4.14,589.502,19.988,0,0
6/28/2025 02:47:27,4.143,589.462,19.991,0,0
6/28/2025 02:47:37,4.145,589.368,19.993,0,0
6/28/2025 02:47:47,4.148,589.369,19.994,0,0
6/28/2025 02:47:58,4.151,589.008,19.995,0,0
6/28/2025 02:48:08,4.154,588.943,19.995,0,0
6/28/2025 02:48:18,4.157,588.81,19.995,0,0
6/28/2025 02:48:28,4.159,588.064,19.995,0,0
6/28/2025 02:48:38,4.162,587.386,19.995,0,0
6/28/2025 02:48:49,4.165,587.121,19.996,0,0
6/28/2025 02:48:59,4.168,587.223,19.997,0,0
6/28/2025 02:49:09,4.171,587.182,19.999,0,0
6/28/2025 02:49:19,4.174,587.151,20.002,0,0
6/28/2025 02:49:29,4.176,587.217,20.008,0,0
6/28/2025 02:49:40,4.179,587.242,20.021,0,0
6/28/2025 02:49:50,4.182,586.968,20.035,0,0
6/28/2025 02:50:00,4.185,586.752,20.044,0,0
6/28/2025 02:50:10,4.188,585.896,20.049,0,0
6/28/2025 02:50:20,4.191,585.832,20.05,0,0
6/28/2025 02:50:31,4.194,586.853,20.049,0,0
6/28/2025 02:50:41,4.196,588.085,20.048,0,0
6/28/2025 02:50:51,4.199,588.157,20.045,0,0
6/28/2025 02:51:01,4.202,588.513,20.042,0,0
6/28/2025 02:51:11,4.205,588.478,20.039,0,0
6/28/2025 02:51:22,4.208,588.061,20.038,0,0
6/28/2025 02:51:32,4.211,587.257,20.037,0,0
6/28/2025 02:51:42,4.213,586.921,20.037,0,0
6/28/2025 02:51:52,4.216,587.256,20.037,0,0
6/28/2025 02:52:02,4.219,588.039,20.037,0,0
6/28/2025 02:52:13,4.222,588.701,20.037,0,0
6/28/2025 02:52:23,4.225,589.669,20.04,0,0
6/28/2025 02:52:33,4.228,589.693,20.043,0,0
6/28/2025 02:52:43,4.23,588.923,20.046,0,0
6/28/2025 02:52:53,4.233,588.44,20.049,0,0
6/28/2025 02:53:04,4.236,587.8,20.052,0,0
6/28/2025 02:53:14,4.239,587.695,20.053,0,0
6/28/2025 02:53:24,4.242,587.497,20.054,0,0
6/28/2025 02:53:34,4.244,587.013,20.054,0,0
6/28/2025 02:53:44,4.247,586.959,20.053,0,0
6/28/2025 02:53:55,4.25,586.974,20.053,0,0
6/28/2025 02:54:05,4.253,586.626,20.052,0,0
6/28/2025 02:54:15,4.256,586.223,20.052,0,0
6/28/2025 02:54:25,4.259,585.249,20.052,0,0
6/28/2025 02:54:35,4.261,583.257,20.052,0,0
6/28/2025 02:54:46,4.264,581.025,20.054,0,0
6/28/2025 02:54:56,4.267,579.259,20.056,0,0
6/28/2025 02:55:06,4.27,579.004,20.059,0,0
6/28/2025 02:55:16,4.273,579.172,20.064,0,0
6/28/2025 02:55:26,4.276,580.197,20.068,0,0
6/28/2025 02:55:37,4.279,580.49,20.071,0,0
6/28/2025 02:55:47,4.281,580.523,20.072,0,0
6/28/2025 02:55:57,4.284,580.49,20.072,0,0
6/28/2025 02:56:07,4.287,580.093,20.072,0,0
6/28/2025 02:56:17,4.29,579.819,20.072,0,0
6/28/2025 02:56:28,4.293,579.794,20.071,0,0
6/28/2025 02:56:38,4.296,579.715,20.071,0,0
6/28/2025 02:56:48,4.298,580.337,20.071,0,0
6/28/2025 02:56:58,4.301,581.411,20.071,0,0
6/28/2025 02:57:08,4.304,582.179,20.071,0,0
6/28/2025 02:57:19,4.307,582.458,20.07,0,0
6/28/2025 02:57:29,4.31,582.418,20.07,0,0
6/28/2025 02:57:39,4.313,582.475,20.071,0,0
6/28/2025 02:57:49,4.315,582.849,20.073,0,0
6/28/2025 02:57:59,4.318,583.847,20.078,0,0
6/28/2025 02:58:10,4.321,584.357,20.084,0,0
6/28/2025 02:58:20,4.324,584.294,20.089,0,0
6/28/2025 02:58:30,4.327,584.282,20.092,0,0
6/28/2025 02:58:40,4.329,584.311,20.096,0,0
6/28/2025 02:58:50,4.332,585.039,20.099,0,0
6/28/2025 02:59:01,4.335,585.034,20.099,0,0
6/28/2025 02:59:11,4.338,584.924,20.099,0,0
6/28/2025 02:59:21,4.341,584.95,20.099,0,0
6/28/2025 02:59:31,4.344,585.138,20.099,0,0
6/28/2025 02:59:41,4.346,585.018,20.099,0,0
6/28/2025 02:59:52,4.349,585.13,20.099,0,0
6/28/2025 03:00:02,4.352,585.08,20.099,0,0
6/28/2025 03:00:12,4.355,585.019,20.099,0,0
6/28/2025 03:00:22,4.358,583.896,20.099,0,0
6/28/2025 03:00:32,4.361,582.727,20.1,0,0
6/28/2025 03:00:43,4.364,582.227,20.101,0,0
6/28/2025 03:00:53,4.366,581.399,20.104,0,0
6/28/2025 03:01:03,4.369,581.708,20.107,0,0
6/28/2025 03:01:13,4.372,581.814,20.108,0,0
6/28/2025 03:01:23,4.375,581.001,20.108,0,0
6/28/2025 03:01:34,4.378,580.997,20.107,0,0
6/28/2025 03:01:44,4.381,581.039,20.104,0,0
6/28/2025 03:01:54,4.383,580.95,20.101,0,0
6/28/2025 03:02:04,4.386,580.959,20.098,0,0
6/28/2025 03:02:14,4.389,581.084,20.095,0,0
6/28/2025 03:02:25,4.392,581.608,20.093,0,0
6/28/2025 03:02:35,4.395,582.534,20.091,0,0
6/28/2025 03:02:45,4.398,583.137,20.09,0,0
6/28/2025 03:02:55,4.4,583.239,20.088,0,0
6/28/2025 03:03:05,4.403,582.514,20.086,0,0
6/28/2025 03:03:16,4.406,584.333,20.086,0,0
6/28/2025 03:03:26,4.409,584.483,20.086,0,0
6/28/2025 03:03:36,4.412,584.005,20.086,0,0
6/28/2025 03:03:46,4.414,583.859,20.086,0,0
6/28/2025 03:03:56,4.417,583.897,20.086,0,0
6/28/2025 03:04:07,4.42,583.408,20.086,0,0
6/28/2025 03:04:17,4.423,583.238,20.086,0,0
6/28/2025 03:04:27,4.426,582.834,20.084,0,0
6/28/2025 03:04:37,4.429,582.424,20.08,0,0
6/28/2025 03:04:47,4.431,582.119,20.076,0,0
6/28/2025 03:04:58,4.434,582.13,20.073,0,0
6/28/2025 03:05:08,4.437,582.065,20.068,0,0
6/28/2025 03:05:18,4.44,582.225,20.065,0,0
6/28/2025 03:05:28,4.443,582.001,20.061,0,0
6/28/2025 03:05:38,4.446,580.738,20.058,0,0
6/28/2025 03:05:49,4.449,579.856,20.057,0,0
6/28/2025 03:05:59,4.451,579.226,20.056,0,0
6/28/2025 03:06:09,4.454,579.359,20.055,0,0
6/28/2025 03:06:19,4.457,575.656,20.055,0,0
6/28/2025 03:06:29,4.46,575.543,20.055,0,0
6/28/2025 03:06:40,4.463,575.113,20.056,0,0
6/28/2025 03:06:50,4.466,574.499,20.056,0,0
6/28/2025 03:07:00,4.468,574.735,20.055,0,0
6/28/2025 03:07:10,4.471,576.293,20.053,0,0
6/28/2025 03:07:20,4.474,576.647,20.049,0,0
6/28/2025 03:07:31,4.477,577.934,20.046,0,0
6/28/2025 03:07:41,4.48,578.876,20.043,0,0
6/28/2025 03:07:51,4.483,578.844,20.04,0,0
6/28/2025 03:08:01,4.485,578.852,20.036,0,0
6/28/2025 03:08:11,4.488,578.791,20.031,0,0
6/28/2025 03:08:22,4.491,578.426,20.028,0,0
6/28/2025 03:08:32,4.494,578.909,20.024,0,0
6/28/2025 03:08:42,4.497,579.155,20.023,0,0
6/28/2025 03:08:52,4.499,579.155,20.022,0,0
6/28/2025 03:09:02,4.502,579.298,20.022,0,0
6/28/2025 03:09:13,4.505,578.374,20.023,0,0
6/28/2025 03:09:23,4.508,578.256,20.023,0,0
6/28/2025 03:09:33,4.511,578.145,20.024,0,0
6/28/2025 03:09:43,4.514,577.266,20.024,0,0
6/28/2025 03:09:53,4.516,576.564,20.024,0,0
6/28/2025 03:10:04,4.519,576.394,20.023,0,0
6/28/2025 03:10:14,4.522,575.989,20.021,0,0
6/28/2025 03:10:24,4.525,576.615,20.019,0,0
6/28/2025 03:10:34,4.528,576.133,20.015,0,0
6/28/2025 03:10:44,4.531,575.038,20.011,0,0
6/28/2025 03:10:55,4.534,574.698,20.008,0,0
6/28/2025 03:11:05,4.536,574.616,20.005,0,0
6/28/2025 03:11:15,4.539,574.225,20.002,0,0
6/28/2025 03:11:25,4.542,574.021,20.001,0,0
6/28/2025 03:11:35,4.545,573.412,20,0,0
6/28/2025 03:11:46,4.548,573.042,20,0,0
6/28/2025 03:11:56,4.551,572.668,20,0,0
6/28/2025 03:12:06,4.553,571.044,20,0,0
6/28/2025 03:12:16,4.556,570.696,20,0,0
6/28/2025 03:12:26,4.559,570.401,20,0,0
6/28/2025 03:12:37,4.562,570.345,19.998,0,0
6/28/2025 03:12:47,4.565,570.309,19.993,0,0
6/28/2025 03:12:57,4.568,570.547,19.987,0,0
6/28/2025 03:13:07,4.57,570.655,19.976,0,0
6/28/2025 03:13:17,4.573,571.086,19.968,0,0
6/28/2025 03:13:28,4.576,570.684,19.961,0,0
6/28/2025 03:13:38,4.579,570.252,19.954,0,0
6/28/2025 03:13:48,4.582,569.399,19.947,0,0
6/28/2025 03:13:58,4.584,569.974,19.943,0,0
6/28/2025 03:14:08,4.587,570.426,19.941,0,0
6/28/2025 03:14:19,4.59,569.95,19.938,0,0
6/28/2025 03:14:29,4.593,569.204,19.937,0,0
6/28/2025 03:14:39,4.596,569.613,19.937,0,0
6/28/2025 03:14:49,4.599,568.996,19.937,0,0
6/28/2025 03:14:59,4.601,568.487,19.937,0,0
6/28/2025 03:15:10,4.604,568.392,19.937,0,0
6/28/2025 03:15:20,4.607,568.698,19.937,0,0
6/28/2025 03:15:30,4.61,568.251,19.936,0,0
6/28/2025 03:15:40,4.613,567.917,19.935,0,0
6/28/2025 03:15:50,4.616,567.837,19.933,0,0
6/28/2025 03:16:01,4.619,567.757,19.93,0,0
6/28/2025 03:16:11,4.621,567.885,19.927,0,0
6/28/2025 03:16:21,4.624,568.009,19.924,0,0
6/28/2025 03:16:31,4.627,567.825,19.922,0,0
6/28/2025 03:16:41,4.63,568.028,19.919,0,0
6/28/2025 03:16:52,4.633,567.546,19.917,0,0
6/28/2025 03:17:02,4.636,567.43,19.916,0,0
6/28/2025 03:17:12,4.638,566.567,19.915,0,0
6/28/2025 03:17:22,4.641,566.153,19.915,0,0
6/28/2025 03:17:32,4.644,566.28,19.915,0,0
6/28/2025 03:17:43,4.647,566.142,19.916,0,0
6/28/2025 03:17:53,4.65,565.228,19.917,0,0
6/28/2025 03:18:03,4.653,563.19,19.917,0,0
6/28/2025 03:18:13,4.655,562.706,19.916,0,0
6/28/2025 03:18:23,4.658,563.24,19.914,0,0
6/28/2025 03:18:34,4.661,563.27,19.911,0,0
6/28/2025 03:18:44,4.664,565.396,19.907,0,0
6/28/2025 03:18:54,4.667,565.669,19.901,0,0
6/28/2025 03:19:04,4.669,565.662,19.897,0,0
6/28/2025 03:19:14,4.672,565.774,19.89,0,0
6/28/2025 03:19:25,4.675,565.749,19.884,0,0
6/28/2025 03:19:35,4.678,566.058,19.88,0,0
6/28/2025 03:19:45,4.681,565.896,19.875,0,0
6/28/2025 03:19:55,4.684,565.857,19.873,0,0
6/28/2025 03:20:05,4.686,566.148,19.873,0,0
6/28/2025 03:20:16,4.689,566.466,19.872,0,0
6/28/2025 03:20:26,4.692,566.309,19.872,0,0
6/28/2025 03:20:36,4.695,566.437,19.873,0,0
6/28/2025 03:20:46,4.698,566.275,19.873,0,0
6/28/2025 03:20:56,4.701,565.914,19.872,0,0
6/28/2025 03:21:07,4.704,565.01,19.869,0,0
6/28/2025 03:21:17,4.706,563.697,19.864,0,0
6/28/2025 03:21:27,4.709,563.458,19.859,0,0
6/28/2025 03:21:37,4.712,563.365,19.852,0,0
6/28/2025 03:21:47,4.715,563.139,19.847,0,0
6/28/2025 03:21:58,4.718,562.885,19.842,0,0
6/28/2025 03:22:08,4.721,562.76,19.838,0,0
6/28/2025 03:22:18,4.723,562.711,19.835,0,0
6/28/2025 03:22:28,4.726,562.688,19.833,0,0
6/28/2025 03:22:38,4.729,562.003,19.831,0,0
6/28/2025 03:22:49,4.732,561.359,19.83,0,0
6/28/2025 03:22:59,4.735,560.123,19.83,0,0
6/28/2025 03:23:09,4.737,560.157,19.831,0,0
6/28/2025 03:23:19,4.74,559.853,19.831,0,0
6/28/2025 03:23:29,4.743,558.625,19.83,0,0
6/28/2025 03:23:40,4.746,558.233,19.829,0,0
6/28/2025 03:23:50,4.749,558.241,19.825,0,0
6/28/2025 03:24:00,4.752,558.074,19.819,0,0
6/28/2025 03:24:10,4.754,557.95,19.815,0,0
6/28/2025 03:24:20,4.757,557.878,19.809,0,0
6/28/2025 03:24:31,4.76,558.195,19.802,0,0
6/28/2025 03:24:41,4.763,558.183,19.793,0,0
6/28/2025 03:24:51,4.766,558.134,19.786,0,0
6/28/2025 03:25:01,4.769,557.984,19.78,0,0
6/28/2025 03:25:11,4.771,558.025,19.778,0,0
6/28/2025 03:25:22,4.774,557.512,19.778,0,0
6/28/2025 03:25:32,4.777,558.092,19.778,0,0
6/28/2025 03:25:42,4.78,557.692,19.779,0,0
6/28/2025 03:25:52,4.783,557.729,19.782,0,0
6/28/2025 03:26:02,4.786,557.8,19.786,0,0
6/28/2025 03:26:13,4.789,557.011,19.791,0,0
6/28/2025 03:26:23,4.791,556.758,19.794,0,0
6/28/2025 03:26:33,4.794,556.801,19.796,0,0
6/28/2025 03:26:43,4.797,557.232,19.796,0,0
6/28/2025 03:26:53,4.8,557.114,19.797,0,0
6/28/2025 03:27:04,4.803,557.323,19.796,0,0
6/28/2025 03:27:14,4.806,557.207,19.796,0,0
6/28/2025 03:27:24,4.808,557.247,19.795,0,0
6/28/2025 03:27:34,4.811,557.254,19.794,0,0
6/28/2025 03:27:44,4.814,557.292,19.793,0,0
6/28/2025 03:27:55,4.817,557.351,19.792,0,0
6/28/2025 03:28:05,4.82,557.372,19.792,0,0
6/28/2025 03:28:15,4.823,557.319,19.792,0,0
6/28/2025 03:28:25,4.825,557.069,19.792,0,0
6/28/2025 03:28:35,4.828,556.84,19.794,0,0
6/28/2025 03:28:46,4.831,556.551,19.796,0,0
6/28/2025 03:28:56,4.834,556.002,19.798,0,0
6/28/2025 03:29:06,4.837,555.825,19.799,0,0
6/28/2025 03:29:16,4.839,555.684,19.799,0,0
6/28/2025 03:29:26,4.842,555.609,19.798,0,0
6/28/2025 03:29:37,4.845,555.805,19.794,0,0
6/28/2025 03:29:47,4.848,556.784,19.791,0,0
6/28/2025 03:29:57,4.851,557.256,19.787,0,0
6/28/2025 03:30:07,4.854,557.378,19.785,0,0
6/28/2025 03:30:17,4.856,557.408,19.781,0,0
6/28/2025 03:30:28,4.859,557.545,19.778,0,0
6/28/2025 03:30:38,4.862,557.566,19.776,0,0
6/28/2025 03:30:48,4.865,557.677,19.774,0,0
6/28/2025 03:30:58,4.868,557.841,19.773,0,0
6/28/2025 03:31:08,4.871,558.23,19.773,0,0
6/28/2025 03:31:19,4.874,558.501,19.773,0,0
6/28/2025 03:31:29,4.876,558.363,19.775,0,0
6/28/2025 03:31:39,4.879,558.306,19.777,0,0
6/28/2025 03:31:49,4.882,557.921,19.779,0,0
6/28/2025 03:31:59,4.885,557.699,19.781,0,0
6/28/2025 03:32:10,4.888,557.736,19.781,0,0
6/28/2025 03:32:20,4.891,557.877,19.782,0,0
6/28/2025 03:32:30,4.893,555.9,19.782,0,0
6/28/2025 03:32:40,4.896,555.847,19.781,0,0
6/28/2025 03:32:50,4.899,555.801,19.781,0,0
6/28/2025 03:33:01,4.902,556.049,19.781,0,0
6/28/2025 03:33:11,4.905,555.934,19.781,0,0
6/28/2025 03:33:21,4.908,555.896,19.781,0,0
6/28/2025 03:33:31,4.91,555.714,19.781,0,0
6/28/2025 03:33:41,4.913,555.737,19.782,0,0
6/28/2025 03:33:52,4.916,554.374,19.783,0,0
6/28/2025 03:34:02,4.919,553.851,19.785,0,0
6/28/2025 03:34:12,4.922,553.924,19.789,0,0
6/28/2025 03:34:22,4.924,554.097,19.794,0,0
6/28/2025 03:34:32,4.927,554.265,19.799,0,0
6/28/2025 03:34:43,4.93,554.513,19.805,0,0
6/28/2025 03:34:53,4.933,554.44,19.807,0,0
6/28/2025 03:35:03,4.936,554.99,19.807,0,0
6/28/2025 03:35:13,4.939,556.498,19.806,0,0
6/28/2025 03:35:23,4.941,556.495,19.805,0,0
6/28/2025 03:35:34,4.944,555.906,19.803,0,0
6/28/2025 03:35:44,4.947,555.914,19.801,0,0
6/28/2025 03:35:54,4.95,555.919,19.799,0,0
6/28/2025 03:36:04,4.953,556.046,19.796,0,0
6/28/2025 03:36:14,4.956,556.082,19.793,0,0
6/28/2025 03:36:25,4.959,556.131,19.792,0,0
6/28/2025 03:36:35,4.961,555.917,19.792,0,0
6/28/2025 03:36:45,4.964,555.823,19.792,0,0
6/28/2025 03:36:55,4.967,555.388,19.794,0,0
6/28/2025 03:37:05,4.97,555.348,19.797,0,0
6/28/2025 03:37:16,4.973,554.926,19.8,0,0
6/28/2025 03:37:26,4.976,554.835,19.802,0,0
6/28/2025 03:37:36,4.978,555.075,19.802,0,0
6/28/2025 03:37:46,4.981,555.088,19.802,0,0
6/28/2025 03:37:56,4.984,554.906,19.802,0,0
6/28/2025 03:38:07,4.987,554.876,19.801,0,0
6/28/2025 03:38:17,4.99,554.752,19.8,0,0
6/28/2025 03:38:27,4.993,554.731,19.798,0,0
6/28/2025 03:38:37,4.995,554.785,19.796,0,0
6/28/2025 03:38:47,4.998,554.194,19.793,0,0
6/28/2025 03:38:58,5.001,553.891,19.79,0,0
6/28/2025 03:39:08,5.004,553.988,19.787,0,0
6/28/2025 03:39:18,5.007,553.996,19.785,0,0
6/28/2025 03:39:28,5.009,552.255,19.785,0,0
6/28/2025 03:39:38,5.012,550.495,19.785,0,0
6/28/2025 03:39:49,5.015,550.235,19.786,0,0
6/28/2025 03:39:59,5.018,550.076,19.787,0,0
6/28/2025 03:40:09,5.021,549.726,19.788,0,0
6/28/2025 03:40:19,5.024,549.552,19.788,0,0
6/28/2025 03:40:29,5.026,551.022,19.787,0,0
6/28/2025 03:40:40,5.029,553.624,19.783,0,0
6/28/2025 03:40:50,5.032,554.106,19.777,0,0
6/28/2025 03:41:00,5.035,554.361,19.768,0,0
6/28/2025 03:41:10,5.038,555.302,19.758,0,0
6/28/2025 03:41:20,5.041,555.192,19.743,0,0
6/28/2025 03:41:31,5.044,554.495,19.729,0,0
6/28/2025 03:41:41,5.046,554.674,19.72,0,0
6/28/2025 03:41:51,5.049,555.421,19.712,0,0
6/28/2025 03:42:01,5.052,555.508,19.705,0,0
6/28/2025 03:42:11,5.055,555.599,19.702,0,0
6/28/2025 03:42:22,5.058,555.769,19.7,0,0
6/28/2025 03:42:32,5.061,556.201,19.7,0,0
6/28/2025 03:42:42,5.063,556.257,19.699,0,0
6/28/2025 03:42:52,5.066,556.266,19.7,0,0
6/28/2025 03:43:02,5.069,556.515,19.701,0,0
6/28/2025 03:43:13,5.072,555.859,19.701,0,0
6/28/2025 03:43:23,5.075,554.55,19.701,0,0
6/28/2025 03:43:33,5.078,553.252,19.699,0,0
6/28/2025 03:43:43,5.08,552.463,19.696,0,0
6/28/2025 03:43:53,5.083,551.341,19.69,0,0
6/28/2025 03:44:04,5.086,551.38,19.687,0,0
6/28/2025 03:44:14,5.089,551.348,19.682,0,0
6/28/2025 03:44:24,5.092,551.109,19.679,0,0
6/28/2025 03:44:34,5.094,552.436,19.676,0,0
6/28/2025 03:44:44,5.097,554.993,19.674,0,0
6/28/2025 03:44:55,5.1,554.179,19.674,0,0
6/28/2025 03:45:05,5.103,553.964,19.674,0,0
6/28/2025 03:45:15,5.106,552.137,19.675,0,0
6/28/2025 03:45:25,5.109,551.802,19.676,0,0
6/28/2025 03:45:35,5.111,551.804,19.678,0,0
6/28/2025 03:45:46,5.114,551.81,19.68,0,0
6/28/2025 03:45:56,5.117,551.819,19.681,0,0
6/28/2025 03:46:06,5.12,551.835,19.682,0,0
6/28/2025 03:46:16,5.123,551.871,19.681,0,0
6/28/2025 03:46:26,5.126,551.85,19.68,0,0
6/28/2025 03:46:37,5.129,552.041,19.677,0,0
6/28/2025 03:46:47,5.131,550.665,19.671,0,0
6/28/2025 03:46:57,5.134,550.3,19.665,0,0
6/28/2025 03:47:07,5.137,549.64,19.661,0,0
6/28/2025 03:47:17,5.14,548.239,19.657,0,0
6/28/2025 03:47:28,5.143,548.13,19.655,0,0
6/28/2025 03:47:38,5.146,548.406,19.654,0,0
6/28/2025 03:47:48,5.148,548.983,19.654,0,0
6/28/2025 03:47:58,5.151,549.205,19.656,0,0
6/28/2025 03:48:08,5.154,550.518,19.659,0,0
6/28/2025 03:48:19,5.157,550.765,19.663,0,0
6/28/2025 03:48:29,5.16,550.971,19.668,0,0
6/28/2025 03:48:39,5.163,551.117,19.673,0,0
6/28/2025 03:48:49,5.165,551.582,19.676,0,0
6/28/2025 03:48:59,5.168,551.51,19.676,0,0
6/28/2025 03:49:10,5.171,551.442,19.676,0,0
6/28/2025 03:49:20,5.174,550.901,19.676,0,0
6/28/2025 03:49:30,5.177,548.218,19.676,0,0
6/28/2025 03:49:40,5.179,547.494,19.676,0,0
6/28/2025 03:49:50,5.182,547.629,19.676,0,0
6/28/2025 03:50:01,5.185,547.65,19.676,0,0
6/28/2025 03:50:11,5.188,547.697,19.676,0,0
6/28/2025 03:50:21,5.191,547.722,19.676,0,0
6/28/2025 03:50:31,5.194,548.1,19.677,0,0
6/28/2025 03:50:41,5.196,547.579,19.679,0,0
6/28/2025 03:50:52,5.199,547.331,19.68,0,0
6/28/2025 03:51:02,5.202,547.39,19.683,0,0
6/28/2025 03:51:12,5.205,547.947,19.686,0,0
6/28/2025 03:51:22,5.208,548.314,19.688,0,0
6/28/2025 03:51:32,5.211,547.948,19.689,0,0
6/28/2025 03:51:43,5.214,548.137,19.689,0,0
6/28/2025 03:51:53,5.216,548.219,19.689,0,0
6/28/2025 03:52:03,5.219,548.28,19.688,0,0
6/28/2025 03:52:13,5.222,549.079,19.687,0,0
6/28/2025 03:52:23,5.225,550.961,19.685,0,0
6/28/2025 03:52:34,5.228,550.668,19.684,0,0
6/28/2025 03:52:44,5.231,550.301,19.683,0,0
6/28/2025 03:52:54,5.233,550.245,19.682,0,0
6/28/2025 03:53:04,5.236,549.817,19.682,0,0
6/28/2025 03:53:14,5.239,549.86,19.682,0,0
6/28/2025 03:53:25,5.242,549.826,19.683,0,0
6/28/2025 03:53:35,5.245,549.857,19.685,0,0
6/28/2025 03:53:45,5.248,549.005,19.689,0,0
6/28/2025 03:53:55,5.25,547.203,19.696,0,0
6/28/2025 03:54:05,5.253,547.398,19.701,0,0
6/28/2025 03:54:16,5.256,547.304,19.707,0,0
6/28/2025 03:54:26,5.259,547.279,19.71,0,0
6/28/2025 03:54:36,5.262,547.182,19.712,0,0
6/28/2025 03:54:46,5.264,547.926,19.713,0,0
6/28/2025 03:54:56,5.267,548.609,19.713,0,0
6/28/2025 03:55:07,5.27,548.6,19.712,0,0
6/28/2025 03:55:17,5.273,548.517,19.712,0,0
6/28/2025 03:55:27,5.276,548.293,19.712,0,0
6/28/2025 03:55:37,5.279,547.522,19.711,0,0
6/28/2025 03:55:47,5.281,547.429,19.71,0,0
6/28/2025 03:55:58,5.284,546.97,19.71,0,0
6/28/2025 03:56:08,5.287,546.86,19.709,0,0
6/28/2025 03:56:18,5.29,545.569,19.709,0,0
6/28/2025 03:56:28,5.293,545.494,19.71,0,0
6/28/2025 03:56:38,5.296,545.641,19.711,0,0
6/28/2025 03:56:49,5.299,545.292,19.712,0,0
6/28/2025 03:56:59,5.301,544.369,19.714,0,0
6/28/2025 03:57:09,5.304,543.556,19.715,0,0
6/28/2025 03:57:19,5.307,543.15,19.715,0,0
6/28/2025 03:57:29,5.31,543.635,19.714,0,0
6/28/2025 03:57:40,5.313,544.327,19.714,0,0
6/28/2025 03:57:50,5.316,544.686,19.713,0,0
6/28/2025 03:58:00,5.318,545.676,19.71,0,0
6/28/2025 03:58:10,5.321,545.861,19.706,0,0
6/28/2025 03:58:20,5.324,545.958,19.702,0,0
6/28/2025 03:58:31,5.327,545.955,19.7,0,0
6/28/2025 03:58:41,5.33,545.805,19.699,0,0
6/28/2025 03:58:51,5.333,545.729,19.699,0,0
6/28/2025 03:59:01,5.335,545.716,19.699,0,0
6/28/2025 03:59:11,5.338,546.677,19.701,0,0
6/28/2025 03:59:22,5.341,548.103,19.704,0,0
6/28/2025 03:59:32,5.344,548.164,19.709,0,0
6/28/2025 03:59:42,5.347,548.214,19.713,0,0
6/28/2025 03:59:52,5.349,548.178,19.715,0,0
6/28/2025 04:00:02,5.352,547.899,19.717,0,0
6/28/2025 04:00:13,5.355,547.846,19.717,0,0
6/28/2025 04:00:23,5.358,547.702,19.718,0,0
6/28/2025 04:00:33,5.361,546.785,19.718,0,0
6/28/2025 04:00:43,5.364,545.923,19.717,0,0
6/28/2025 04:00:53,5.366,545.369,19.716,0,0
6/28/2025 04:01:04,5.369,544.583,19.715,0,0
6/28/2025 04:01:14,5.372,544.442,19.714,0,0
6/28/2025 04:01:24,5.375,543.077,19.714,0,0
6/28/2025 04:01:34,5.378,543.269,19.714,0,0
6/28/2025 04:01:44,5.381,543.269,19.714,0,0
6/28/2025 04:01:55,5.384,542.289,19.714,0,0
6/28/2025 04:02:05,5.386,541.201,19.716,0,0
6/28/2025 04:02:15,5.389,541.02,19.717,0,0
6/28/2025 04:02:25,5.392,541.176,19.718,0,0
6/28/2025 04:02:35,5.395,541.868,19.719,0,0
6/28/2025 04:02:46,5.398,544.648,19.719,0,0
6/28/2025 04:02:56,5.401,547.212,19.719,0,0
6/28/2025 04:03:06,5.403,547.187,19.717,0,0
6/28/2025 04:03:16,5.406,545.457,19.714,0,0
6/28/2025 04:03:26,5.409,545.694,19.71,0,0
6/28/2025 04:03:37,5.412,546.643,19.705,0,0
6/28/2025 04:03:47,5.415,546.779,19.698,0,0
6/28/2025 04:03:57,5.418,546.682,19.689,0,0
6/28/2025 04:04:07,5.42,546.349,19.683,0,0
6/28/2025 04:04:17,5.423,545.941,19.679,0,0
6/28/2025 04:04:28,5.426,546.297,19.677,0,0
6/28/2025 04:04:38,5.429,546.939,19.677,0,0
6/28/2025 04:04:48,5.432,547.551,19.677,0,0
6/28/2025 04:04:58,5.434,547.6,19.68,0,0
6/28/2025 04:05:08,5.437,547.371,19.683,0,0
6/28/2025 04:05:19,5.44,547.369,19.688,0,0
6/28/2025 04:05:29,5.443,547.208,19.693,0,0
6/28/2025 04:05:39,5.446,547.232,19.694,0,0
6/28/2025 04:05:49,5.449,547.19,19.695,0,0
6/28/2025 04:05:59,5.451,547.094,19.695,0,0
6/28/2025 04:06:10,5.454,546.908,19.695,0,0
6/28/2025 04:06:20,5.457,546.73,19.695,0,0
6/28/2025 04:06:30,5.46,546.433,19.696,0,0
6/28/2025 04:06:40,5.463,545.946,19.696,0,0
6/28/2025 04:06:50,5.466,545.821,19.696,0,0
6/28/2025 04:07:01,5.469,545.375,19.696,0,0
6/28/2025 04:07:11,5.471,545.369,19.697,0,0
6/28/2025 04:07:21,5.474,545.474,19.697,0,0
6/28/2025 04:07:31,5.477,545.383,19.7,0,0
6/28/2025 04:07:41,5.48,545.368,19.703,0,0
6/28/2025 04:07:52,5.483,545.433,19.709,0,0
6/28/2025 04:08:02,5.486,545.302,19.715,0,0
6/28/2025 04:08:12,5.488,544.807,19.718,0,0
6/28/2025 04:08:22,5.491,544.843,19.718,0,0
6/28/2025 04:08:32,5.494,545.086,19.718,0,0
6/28/2025 04:08:43,5.497,545.624,19.718,0,0
6/28/2025 04:08:53,5.5,545.48,19.718,0,0
6/28/2025 04:09:03,5.503,545.465,19.717,0,0
6/28/2025 04:09:13,5.505,545.323,19.717,0,0
6/28/2025 04:09:24,5.508,545.345,19.716,0,0
6/28/2025 04:09:34,5.511,545.309,19.715,0,0
6/28/2025 04:09:44,5.514,545.119,19.714,0,0
6/28/2025 04:09:54,5.517,545.424,19.714,0,0
6/28/2025 04:10:04,5.519,546.679,19.714,0,0
6/28/2025 04:10:15,5.523,547.353,19.715,0,0
6/28/2025 04:10:25,5.525,546.966,19.718,0,0
6/28/2025 04:10:35,5.528,546.791,19.721,0,0
6/28/2025 04:10:45,5.531,547.306,19.725,0,0
6/28/2025 04:10:55,5.534,547.324,19.73,0,0
6/28/2025 04:11:06,5.537,547.421,19.734,0,0
6/28/2025 04:11:16,5.539,548.257,19.736,0,0
6/28/2025 04:11:26,5.542,548.064,19.737,0,0
6/28/2025 04:11:36,5.545,547.916,19.737,0,0
6/28/2025 04:11:46,5.548,547.569,19.738,0,0
6/28/2025 04:11:57,5.551,547.536,19.737,0,0
6/28/2025 04:12:07,5.554,547.184,19.737,0,0
6/28/2025 04:12:17,5.556,546.092,19.736,0,0
6/28/2025 04:12:27,5.559,546.212,19.735,0,0
6/28/2025 04:12:37,5.562,546.654,19.734,0,0
6/28/2025 04:12:48,5.565,545.828,19.735,0,0
6/28/2025 04:12:58,5.568,545.174,19.737,0,0
6/28/2025 04:13:08,5.571,542.63,19.741,0,0
6/28/2025 04:13:18,5.573,541.37,19.744,0,0
6/28/2025 04:13:28,5.576,541.156,19.748,0,0
6/28/2025 04:13:38,5.579,541.294,19.751,0,0
6/28/2025 04:13:49,5.582,541.875,19.752,0,0
6/28/2025 04:13:59,5.585,541.394,19.753,0,0
6/28/2025 04:14:09,5.588,541.248,19.753,0,0
6/28/2025 04:14:19,5.59,541.307,19.752,0,0
6/28/2025 04:14:29,5.593,541.901,19.751,0,0
6/28/2025 04:14:40,5.596,541.879,19.75,0,0
6/28/2025 04:14:50,5.599,542.274,19.748,0,0
6/28/2025 04:15:00,5.602,542.429,19.747,0,0
6/28/2025 04:15:10,5.604,543.069,19.746,0,0
6/28/2025 04:15:20,5.607,543.552,19.746,0,0
6/28/2025 04:15:31,5.61,543.6,19.746,0,0
6/28/2025 04:15:41,5.613,543.86,19.746,0,0
6/28/2025 04:15:51,5.616,543.854,19.749,0,0
6/28/2025 04:16:01,5.619,543.665,19.752,0,0
6/28/2025 04:16:11,5.621,543.522,19.759,0,0
6/28/2025 04:16:22,5.624,543.818,19.767,0,0
6/28/2025 04:16:32,5.627,544.14,19.774,0,0
6/28/2025 04:16:42,5.63,544.427,19.779,0,0
6/28/2025 04:16:52,5.633,544.241,19.781,0,0
6/28/2025 04:17:02,5.636,544.557,19.781,0,0
6/28/2025 04:17:13,5.639,545.066,19.782,0,0
6/28/2025 04:17:23,5.641,545.055,19.782,0,0
6/28/2025 04:17:33,5.644,545.296,19.782,0,0
6/28/2025 04:17:43,5.647,545.382,19.782,0,0
6/28/2025 04:17:54,5.65,545.585,19.781,0,0
6/28/2025 04:18:04,5.653,545.631,19.781,0,0
6/28/2025 04:18:14,5.656,545.974,19.781,0,0
6/28/2025 04:18:24,5.658,546.112,19.781,0,0
6/28/2025 04:18:34,5.661,545.053,19.782,0,0
6/28/2025 04:18:45,5.664,543.64,19.785,0,0
6/28/2025 04:18:55,5.667,542.948,19.79,0,0
6/28/2025 04:19:05,5.67,542.8,19.793,0,0
6/28/2025 04:19:15,5.673,543.039,19.795,0,0
6/28/2025 04:19:25,5.675,543.287,19.796,0,0
6/28/2025 04:19:36,5.678,544.692,19.796,0,0
6/28/2025 04:19:46,5.681,544.82,19.797,0,0
6/28/2025 04:19:56,5.684,545.005,19.797,0,0
6/28/2025 04:20:06,5.687,545.611,19.797,0,0
6/28/2025 04:20:16,5.689,545.757,19.797,0,0
6/28/2025 04:20:27,5.693,545.665,19.797,0,0
6/28/2025 04:20:37,5.695,544.437,19.797,0,0
6/28/2025 04:20:47,5.698,544.554,19.797,0,0
6/28/2025 04:20:57,5.701,545.323,19.797,0,0
6/28/2025 04:21:07,5.704,545.192,19.797,0,0
6/28/2025 04:21:18,5.707,544.566,19.799,0,0
6/28/2025 04:21:28,5.709,544.496,19.802,0,0
6/28/2025 04:21:38,5.712,544.37,19.805,0,0
6/28/2025 04:21:48,5.715,544.314,19.809,0,0
6/28/2025 04:21:58,5.718,544.528,19.816,0,0
6/28/2025 04:22:09,5.721,543.828,19.819,0,0
6/28/2025 04:22:19,5.724,543.785,19.822,0,0
6/28/2025 04:22:29,5.726,543.656,19.823,0,0
6/28/2025 04:22:39,5.729,543.13,19.823,0,0
6/28/2025 04:22:49,5.732,541.839,19.823,0,0
6/28/2025 04:23:00,5.735,541.732,19.823,0,0
6/28/2025 04:23:10,5.738,541.389,19.821,0,0
6/28/2025 04:23:20,5.741,541.297,19.821,0,0
6/28/2025 04:23:30,5.743,541.284,19.821,0,0
6/28/2025 04:23:40,5.746,541.232,19.821,0,0
6/28/2025 04:23:51,5.749,540.982,19.821,0,0
6/28/2025 04:24:01,5.752,541.519,19.821,0,0
6/28/2025 04:24:11,5.755,542.06,19.822,0,0
6/28/2025 04:24:21,5.758,541.805,19.824,0,0
6/28/2025 04:24:31,5.76,541.401,19.827,0,0
6/28/2025 04:24:42,5.763,542.772,19.83,0,0
6/28/2025 04:24:52,5.766,542.945,19.831,0,0
6/28/2025 04:25:02,5.769,542.963,19.831,0,0
6/28/2025 04:25:12,5.772,542.779,19.831,0,0
6/28/2025 04:25:22,5.774,542.247,19.831,0,0
6/28/2025 04:25:33,5.778,543.019,19.829,0,0
6/28/2025 04:25:43,5.78,543.556,19.827,0,0
6/28/2025 04:25:53,5.783,543.626,19.823,0,0
6/28/2025 04:26:03,5.786,543.215,19.818,0,0
6/28/2025 04:26:13,5.789,543.005,19.812,0,0
6/28/2025 04:26:24,5.792,542.688,19.803,0,0
6/28/2025 04:26:34,5.794,542.548,19.797,0,0
6/28/2025 04:26:44,5.797,542.556,19.794,0,0
6/28/2025 04:26:54,5.8,542.282,19.793,0,0
6/28/2025 04:27:04,5.803,542.088,19.794,0,0
6/28/2025 04:27:15,5.806,542.576,19.798,0,0
6/28/2025 04:27:25,5.809,542.856,19.804,0,0
6/28/2025 04:27:35,5.811,543.796,19.808,0,0
6/28/2025 04:27:45,5.814,545.129,19.811,0,0
6/28/2025 04:27:55,5.817,545.383,19.811,0,0
6/28/2025 04:28:06,5.82,545.411,19.81,0,0
6/28/2025 04:28:16,5.823,545.325,19.808,0,0
6/28/2025 04:28:26,5.826,543.985,19.806,0,0
6/28/2025 04:28:36,5.828,543.087,19.803,0,0
6/28/2025 04:28:46,5.831,543.491,19.801,0,0
6/28/2025 04:28:57,5.834,543.416,19.798,0,0
6/28/2025 04:29:07,5.837,543.432,19.796,0,0
6/28/2025 04:29:17,5.84,543.382,19.795,0,0
6/28/2025 04:29:27,5.843,543.381,19.795,0,0
6/28/2025 04:29:37,5.845,542.833,19.795,0,0
6/28/2025 04:29:48,5.848,542.687,19.797,0,0
6/28/2025 04:29:58,5.851,541.749,19.798,0,0
6/28/2025 04:30:08,5.854,540.642,19.801,0,0
6/28/2025 04:30:18,5.857,539.781,19.804,0,0
6/28/2025 04:30:28,5.859,539.596,19.807,0,0
6/28/2025 04:30:39,5.862,539.346,19.806,0,0
6/28/2025 04:30:49,5.865,539.259,19.806,0,0
6/28/2025 04:30:59,5.868,538.261,19.804,0,0
6/28/2025 04:31:09,5.871,538.66,19.802,0,0
6/28/2025 04:31:19,5.874,540.125,19.8,0,0
6/28/2025 04:31:30,5.877,540.33,19.798,0,0
6/28/2025 04:31:40,5.879,540.385,19.796,0,0
6/28/2025 04:31:50,5.882,540.425,19.793,0,0
6/28/2025 04:32:00,5.885,540.039,19.791,0,0
6/28/2025 04:32:10,5.888,541.268,19.789,0,0
6/28/2025 04:32:21,5.891,542.402,19.788,0,0
6/28/2025 04:32:31,5.894,542.367,19.788,0,0
6/28/2025 04:32:41,5.896,542.457,19.789,0,0
6/28/2025 04:32:51,5.899,542.442,19.79,0,0
6/28/2025 04:33:01,5.902,542.468,19.793,0,0
6/28/2025 04:33:12,5.905,541.815,19.796,0,0
6/28/2025 04:33:22,5.908,541.583,19.796,0,0
6/28/2025 04:33:32,5.911,541.242,19.796,0,0
6/28/2025 04:33:42,5.913,541.102,19.796,0,0
6/28/2025 04:33:52,5.916,540.521,19.795,0,0
6/28/2025 04:34:03,5.919,541.129,19.794,0,0
6/28/2025 04:34:13,5.922,541.046,19.793,0,0
6/28/2025 04:34:23,5.925,541.023,19.792,0,0
6/28/2025 04:34:33,5.927,540.908,19.79,0,0
6/28/2025 04:34:43,5.93,540.352,19.787,0,0
6/28/2025 04:34:54,5.933,539.482,19.784,0,0
6/28/2025 04:35:04,5.936,538.963,19.781,0,0
6/28/2025 04:35:14,5.939,537.895,19.78,0,0
6/28/2025 04:35:24,5.942,536.794,19.779,0,0
6/28/2025 04:35:34,5.944,535.527,19.779,0,0
6/28/2025 04:35:45,5.948,534.699,19.78,0,0
6/28/2025 04:35:55,5.95,534.756,19.78,0,0
6/28/2025 04:36:05,5.953,534.762,19.78,0,0
6/28/2025 04:36:15,5.956,534.76,19.779,0,0
6/28/2025 04:36:25,5.959,534.653,19.777,0,0
6/28/2025 04:36:36,5.962,535.65,19.774,0,0
6/28/2025 04:36:46,5.964,535.858,19.768,0,0
6/28/2025 04:36:56,5.967,535.946,19.762,0,0
6/28/2025 04:37:06,5.97,536.151,19.756,0,0
6/28/2025 04:37:16,5.973,535.836,19.751,0,0
6/28/2025 04:37:27,5.976,535.849,19.745,0,0
6/28/2025 04:37:37,5.979,536.136,19.741,0,0
6/28/2025 04:37:47,5.981,536.168,19.741,0,0
6/28/2025 04:37:57,5.984,536.255,19.74,0,0
6/28/2025 04:38:07,5.987,535.784,19.741,0,0
6/28/2025 04:38:18,5.99,535.078,19.742,0,0
6/28/2025 04:38:28,5.993,535.592,19.746,0,0
6/28/2025 04:38:38,5.996,535.499,19.75,0,0
6/28/2025 04:38:48,5.998,534.74,19.754,0,0
6/28/2025 04:38:58,6.001,535.09,19.757,0,0
6/28/2025 04:39:09,6.004,535.704,19.758,0,0
6/28/2025 04:39:19,6.007,535.721,19.759,0,0
6/28/2025 04:39:29,6.01,535.394,19.759,0,0
6/28/2025 04:39:39,6.013,535.281,19.758,0,0
6/28/2025 04:39:49,6.015,533.877,19.756,0,0
6/28/2025 04:40:00,6.018,533.036,19.753,0,0
6/28/2025 04:40:10,6.021,532.921,19.75,0,0
6/28/2025 04:40:20,6.024,532.281,19.747,0,0
6/28/2025 04:40:30,6.027,532.23,19.745,0,0
6/28/2025 04:40:40,6.029,532.17,19.745,0,0
6/28/2025 04:40:51,6.033,531.764,19.744,0,0
6/28/2025 04:41:01,6.035,531.582,19.745,0,0
6/28/2025 04:41:11,6.038,531.615,19.745,0,0
6/28/2025 04:41:21,6.041,531.92,19.745,0,0
6/28/2025 04:41:31,6.044,532.047,19.745,0,0
6/28/2025 04:41:42,6.047,532.487,19.746,0,0
6/28/2025 04:41:52,6.049,533.379,19.745,0,0
6/28/2025 04:42:02,6.052,533.719,19.743,0,0
6/28/2025 04:42:12,6.055,533.773,19.737,0,0
6/28/2025 04:42:22,6.058,533.66,19.729,0,0
6/28/2025 04:42:33,6.061,533.834,19.723,0,0
6/28/2025 04:42:43,6.064,533.726,19.719,0,0
6/28/2025 04:42:53,6.066,533.837,19.715,0,0
6/28/2025 04:43:03,6.069,533.945,19.713,0,0
6/28/2025 04:43:13,6.072,533.983,19.711,0,0
6/28/2025 04:43:24,6.075,533.356,19.708,0,0
6/28/2025 04:43:34,6.078,531.159,19.708,0,0
6/28/2025 04:43:44,6.081,531.101,19.708,0,0
6/28/2025 04:43:54,6.083,531.368,19.709,0,0
6/28/2025 04:44:04,6.086,531.471,19.711,0,0
6/28/2025 04:44:15,6.089,532.171,19.715,0,0
6/28/2025 04:44:25,6.092,532.394,19.717,0,0
6/28/2025 04:44:35,6.095,532.528,19.717,0,0
6/28/2025 04:44:45,6.098,532.196,19.717,0,0
6/28/2025 04:44:55,6.1,532.427,19.716,0,0
6/28/2025 04:45:06,6.103,531.895,19.715,0,0
6/28/2025 04:45:16,6.106,532.079,19.714,0,0
6/28/2025 04:45:26,6.109,532.466,19.711,0,0
6/28/2025 04:45:36,6.112,532.358,19.71,0,0
6/28/2025 04:45:46,6.114,532.21,19.71,0,0
6/28/2025 04:45:57,6.118,532.179,19.71,0,0
6/28/2025 04:46:07,6.12,532.016,19.71,0,0
6/28/2025 04:46:17,6.123,531.9,19.711,0,0
6/28/2025 04:46:27,6.126,531.975,19.713,0,0
6/28/2025 04:46:37,6.129,531.953,19.715,0,0
6/28/2025 04:46:48,6.132,532.459,19.718,0,0
6/28/2025 04:46:58,6.134,532.587,19.722,0,0
6/28/2025 04:47:08,6.137,532.007,19.726,0,0
6/28/2025 04:47:18,6.14,532.35,19.729,0,0
6/28/2025 04:47:28,6.143,532.846,19.729,0,0
6/28/2025 04:47:39,6.146,533.495,19.729,0,0
6/28/2025 04:47:49,6.149,533.678,19.727,0,0
6/28/2025 04:47:59,6.151,532.445,19.726,0,0
6/28/2025 04:48:09,6.154,530.937,19.724,0,0
6/28/2025 04:48:19,6.157,532.221,19.723,0,0
6/28/2025 04:48:30,6.16,532.762,19.721,0,0
6/28/2025 04:48:40,6.163,532.804,19.716,0,0
6/28/2025 04:48:50,6.166,533.309,19.715,0,0
6/28/2025 04:49:00,6.168,533.326,19.707,0,0
6/28/2025 04:49:10,6.171,533.36,19.706,0,0
6/28/2025 04:49:21,6.174,534.256,19.707,0,0
6/28/2025 04:49:31,6.177,534.848,19.708,0,0
6/28/2025 04:49:41,6.18,534.82,19.711,0,0
6/28/2025 04:49:51,6.183,534.936,19.713,0,0
6/28/2025 04:50:01,6.185,534.32,19.716,0,0
6/28/2025 04:50:12,6.188,534.365,19.717,0,0
6/28/2025 04:50:22,6.191,534.241,19.717,0,0
6/28/2025 04:50:32,6.194,534.287,19.718,0,0
6/28/2025 04:50:42,6.197,534.169,19.717,0,0
6/28/2025 04:50:52,6.199,534.121,19.717,0,0
6/28/2025 04:51:03,6.203,534.383,19.717,0,0
6/28/2025 04:51:13,6.205,534.202,19.717,0,0
6/28/2025 04:51:23,6.208,533.972,19.717,0,0
6/28/2025 04:51:33,6.211,533.875,19.717,0,0
6/28/2025 04:51:43,6.214,533.719,19.717,0,0
6/28/2025 04:51:54,6.217,533.788,19.718,0,0
6/28/2025 04:52:04,6.219,533.654,19.719,0,0
6/28/2025 04:52:14,6.222,532.318,19.723,0,0
6/28/2025 04:52:24,6.225,531.042,19.726,0,0
6/28/2025 04:52:34,6.228,530.766,19.728,0,0
6/28/2025 04:52:45,6.231,530.776,19.73,0,0
6/28/2025 04:52:55,6.234,531.286,19.731,0,0
6/28/2025 04:53:05,6.236,533.072,19.73,0,0
6/28/2025 04:53:15,6.239,533.434,19.729,0,0
6/28/2025 04:53:25,6.242,533.509,19.727,0,0
6/28/2025 04:53:36,6.245,533.681,19.726,0,0
6/28/2025 04:53:46,6.248,534.366,19.725,0,0
6/28/2025 04:53:56,6.251,534.194,19.724,0,0
6/28/2025 04:54:06,6.253,534.685,19.724,0,0
6/28/2025 04:54:16,6.256,534.821,19.724,0,0
6/28/2025 04:54:27,6.259,534.659,19.725,0,0
6/28/2025 04:54:37,6.262,534.165,19.725,0,0
6/28/2025 04:54:47,6.265,534.052,19.726,0,0
6/28/2025 04:54:57,6.268,533.933,19.726,0,0
6/28/2025 04:55:07,6.27,534.031,19.728,0,0
6/28/2025 04:55:18,6.273,534.472,19.731,0,0
6/28/2025 04:55:28,6.276,534.386,19.734,0,0
6/28/2025 04:55:38,6.279,534.155,19.738,0,0
6/28/2025 04:55:48,6.282,533.839,19.74,0,0
6/28/2025 04:55:58,6.284,533.067,19.741,0,0
6/28/2025 04:56:09,6.288,532.615,19.741,0,0
6/28/2025 04:56:19,6.29,531.663,19.741,0,0
6/28/2025 04:56:29,6.293,531.416,19.741,0,0
6/28/2025 04:56:39,6.296,531.202,19.741,0,0
6/28/2025 04:56:49,6.299,530.625,19.74,0,0
6/28/2025 04:57:00,6.302,531.009,19.74,0,0
6/28/2025 04:57:10,6.304,531.071,19.739,0,0
6/28/2025 04:57:20,6.307,531.02,19.74,0,0
6/28/2025 04:57:30,6.31,530.167,19.741,0,0
6/28/2025 04:57:40,6.313,529.167,19.743,0,0
6/28/2025 04:57:51,6.316,529.317,19.747,0,0
6/28/2025 04:58:01,6.319,529.318,19.752,0,0
6/28/2025 04:58:11,6.321,529.398,19.759,0,0
6/28/2025 04:58:21,6.324,529.953,19.764,0,0
6/28/2025 04:58:31,6.327,530.55,19.766,0,0
6/28/2025 04:58:42,6.33,530.732,19.767,0,0
6/28/2025 04:58:52,6.333,531.199,19.766,0,0
6/28/2025 04:59:02,6.336,531.266,19.766,0,0
6/28/2025 04:59:12,6.338,531.376,19.765,0,0
6/28/2025 04:59:22,6.341,531.292,19.763,0,0
6/28/2025 04:59:33,6.344,531.832,19.761,0,0
6/28/2025 04:59:43,6.347,532.535,19.761,0,0
6/28/2025 04:59:53,6.35,532.916,19.76,0,0
6/28/2025 05:00:03,6.353,532.936,19.76,0,0
6/28/2025 05:00:13,6.355,532.868,19.76,0,0
6/28/2025 05:00:24,6.358,533.18,19.762,0,0
6/28/2025 05:00:34,6.361,533.299,19.766,0,0
6/28/2025 05:00:44,6.364,533.335,19.772,0,0
6/28/2025 05:00:54,6.367,533.377,19.779,0,0
6/28/2025 05:01:04,6.369,533.539,19.784,0,0
6/28/2025 05:01:15,6.373,533.487,19.789,0,0
6/28/2025 05:01:25,6.375,533.696,19.791,0,0
6/28/2025 05:01:35,6.378,533.556,19.792,0,0
6/28/2025 05:01:45,6.381,532.704,19.792,0,0
6/28/2025 05:01:55,6.384,532.596,19.792,0,0
6/28/2025 05:02:06,6.387,532.602,19.792,0,0
6/28/2025 05:02:16,6.389,533.226,19.792,0,0
6/28/2025 05:02:26,6.392,533.18,19.792,0,0
6/28/2025 05:02:36,6.395,532.947,19.791,0,0
6/28/2025 05:02:46,6.398,532.721,19.791,0,0
6/28/2025 05:02:57,6.401,531.291,19.791,0,0
6/28/2025 05:03:07,6.404,528.574,19.792,0,0
6/28/2025 05:03:17,6.406,528.53,19.794,0,0
6/28/2025 05:03:27,6.409,528.857,19.796,0,0
6/28/2025 05:03:37,6.412,528.285,19.798,0,0
6/28/2025 05:03:48,6.415,528.589,19.8,0,0
6/28/2025 05:03:58,6.418,528.854,19.801,0,0
6/28/2025 05:04:08,6.421,529.168,19.801,0,0
6/28/2025 05:04:18,6.423,529.254,19.801,0,0
6/28/2025 05:04:28,6.426,529.1,19.798,0,0
6/28/2025 05:04:39,6.429,529.067,19.795,0,0
6/28/2025 05:04:49,6.432,529.265,19.79,0,0
6/28/2025 05:04:59,6.435,529.252,19.786,0,0
6/28/2025 05:05:09,6.438,529.092,19.781,0,0
6/28/2025 05:05:19,6.44,529.222,19.777,0,0
6/28/2025 05:05:30,6.443,529.278,19.775,0,0
6/28/2025 05:05:40,6.446,529.63,19.774,0,0
6/28/2025 05:05:50,6.449,529.756,19.774,0,0
6/28/2025 05:06:00,6.452,529.751,19.774,0,0
6/28/2025 05:06:10,6.454,531.073,19.776,0,0
6/28/2025 05:06:21,6.458,531.765,19.778,0,0
6/28/2025 05:06:31,6.46,532.774,19.782,0,0
6/28/2025 05:06:41,6.463,533.659,19.784,0,0
6/28/2025 05:06:51,6.466,533.637,19.785,0,0
6/28/2025 05:07:01,6.469,532.875,19.786,0,0
6/28/2025 05:07:12,6.472,532.438,19.786,0,0
6/28/2025 05:07:22,6.474,532.258,19.786,0,0
6/28/2025 05:07:32,6.477,531.776,19.786,0,0
6/28/2025 05:07:42,6.48,531.341,19.786,0,0
6/28/2025 05:07:52,6.483,529.706,19.785,0,0
6/28/2025 05:08:03,6.486,529.732,19.785,0,0
6/28/2025 05:08:13,6.489,529.743,19.785,0,0
6/28/2025 05:08:23,6.491,529.316,19.786,0,0
6/28/2025 05:08:33,6.494,529.492,19.787,0,0
6/28/2025 05:08:43,6.497,529.31,19.789,0,0
6/28/2025 05:08:54,6.5,526.524,19.793,0,0
6/28/2025 05:09:04,6.503,525.427,19.797,0,0
6/28/2025 05:09:14,6.506,525.223,19.802,0,0
6/28/2025 05:09:24,6.508,526.222,19.806,0,0
6/28/2025 05:09:34,6.511,526.438,19.808,0,0
6/28/2025 05:09:45,6.514,527.7,19.808,0,0
6/28/2025 05:09:55,6.517,528.552,19.807,0,0
6/28/2025 05:10:05,6.52,528.862,19.806,0,0
6/28/2025 05:10:15,6.523,529.058,19.804,0,0
6/28/2025 05:10:25,6.525,529.302,19.801,0,0
6/28/2025 05:10:36,6.528,529.36,19.798,0,0
6/28/2025 05:10:46,6.531,529.828,19.794,0,0
6/28/2025 05:10:56,6.534,530.051,19.79,0,0
6/28/2025 05:11:06,6.537,530.073,19.787,0,0
6/28/2025 05:11:16,6.539,529.877,19.785,0,0
6/28/2025 05:11:27,6.543,529.113,19.784,0,0
6/28/2025 05:11:37,6.545,530.065,19.785,0,0
6/28/2025 05:11:47,6.548,530.262,19.786,0,0
6/28/2025 05:11:57,6.551,530.411,19.787,0,0
6/28/2025 05:12:07,6.554,531.48,19.79,0,0
6/28/2025 05:12:18,6.557,531.473,19.794,0,0
6/28/2025 05:12:28,6.559,531.255,19.797,0,0
6/28/2025 05:12:38,6.562,531.178,19.799,0,0
6/28/2025 05:12:48,6.565,529.551,19.8,0,0
6/28/2025 05:12:58,6.568,528.921,19.8,0,0
6/28/2025 05:13:09,6.571,528.793,19.8,0,0
6/28/2025 05:13:19,6.574,528.785,19.799,0,0
6/28/2025 05:13:29,6.576,528.662,19.798,0,0
6/28/2025 05:13:39,6.579,528.644,19.797,0,0
6/28/2025 05:13:49,6.582,528.232,19.796,0,0
6/28/2025 05:14:00,6.585,527.945,19.796,0,0
6/28/2025 05:14:10,6.588,527.93,19.796,0,0
6/28/2025 05:14:20,6.591,527.82,19.796,0,0
6/28/2025 05:14:30,6.593,526.513,19.798,0,0
6/28/2025 05:14:40,6.596,526.622,19.801,0,0
6/28/2025 05:14:51,6.599,527.325,19.806,0,0
6/28/2025 05:15:01,6.602,527.281,19.807,0,0
6/28/2025 05:15:11,6.605,527.21,19.807,0,0
6/28/2025 05:15:21,6.608,527.428,19.806,0,0
6/28/2025 05:15:31,6.61,528.103,19.805,0,0
6/28/2025 05:15:42,6.613,528.321,19.804,0,0
6/28/2025 05:15:52,6.616,528.307,19.803,0,0
6/28/2025 05:16:02,6.619,528.396,19.802,0,0
6/28/2025 05:16:12,6.622,528.19,19.801,0,0
6/28/2025 05:16:22,6.624,527.941,19.799,0,0
6/28/2025 05:16:33,6.628,527.861,19.798,0,0
6/28/2025 05:16:43,6.63,527.642,19.798,0,0
6/28/2025 05:16:53,6.633,527.857,19.798,0,0
6/28/2025 05:17:03,6.636,528.592,19.798,0,0
6/28/2025 05:17:13,6.639,528.849,19.801,0,0
6/28/2025 05:17:24,6.642,528.999,19.805,0,0
6/28/2025 05:17:34,6.644,528.952,19.809,0,0
6/28/2025 05:17:44,6.647,528.741,19.814,0,0
6/28/2025 05:17:54,6.65,528.731,19.817,0,0
6/28/2025 05:18:04,6.653,528.419,19.82,0,0
6/28/2025 05:18:15,6.656,528.053,19.821,0,0
6/28/2025 05:18:25,6.659,528.104,19.821,0,0
6/28/2025 05:18:35,6.661,527.765,19.821,0,0
6/28/2025 05:18:45,6.664,527.646,19.82,0,0
6/28/2025 05:18:55,6.667,527.646,19.817,0,0
6/28/2025 05:19:06,6.67,527.496,19.815,0,0
6/28/2025 05:19:16,6.673,527.461,19.813,0,0
6/28/2025 05:19:26,6.676,527.748,19.811,0,0
6/28/2025 05:19:36,6.678,527.669,19.81,0,0
6/28/2025 05:19:46,6.681,527.148,19.808,0,0
6/28/2025 05:19:57,6.684,526.386,19.807,0,0
6/28/2025 05:20:07,6.687,525.396,19.807,0,0
6/28/2025 05:20:17,6.69,524.566,19.807,0,0
6/28/2025 05:20:27,6.693,522.783,19.807,0,0
6/28/2025 05:20:37,6.695,519.821,19.807,0,0
6/28/2025 05:20:48,6.698,519.867,19.806,0,0
6/28/2025 05:20:58,6.701,519.763,19.804,0,0
6/28/2025 05:21:08,6.704,519.948,19.8,0,0
6/28/2025 05:21:18,6.707,520.131,19.795,0,0
6/28/2025 05:21:28,6.709,521.251,19.787,0,0
6/28/2025 05:21:39,6.713,521.591,19.782,0,0
6/28/2025 05:21:49,6.715,521.648,19.777,0,0
6/28/2025 05:21:59,6.718,521.783,19.774,0,0
6/28/2025 05:22:09,6.721,522.035,19.771,0,0
6/28/2025 05:22:19,6.724,522.176,19.768,0,0
6/28/2025 05:22:30,6.727,522.47,19.768,0,0
6/28/2025 05:22:40,6.729,522.767,19.768,0,0
6/28/2025 05:22:50,6.732,523.703,19.769,0,0
6/28/2025 05:23:00,6.735,523.123,19.77,0,0
6/28/2025 05:23:10,6.738,523.227,19.773,0,0
6/28/2025 05:23:21,6.741,523.189,19.777,0,0
6/28/2025 05:23:31,6.744,523.177,19.778,0,0
6/28/2025 05:23:41,6.746,523.271,19.778,0,0
6/28/2025 05:23:51,6.749,523.057,19.778,0,0
6/28/2025 05:24:01,6.752,522.718,19.778,0,0
6/28/2025 05:24:12,6.755,523.318,19.776,0,0
6/28/2025 05:24:22,6.758,523.092,19.774,0,0
6/28/2025 05:24:32,6.761,520.925,19.772,0,0
6/28/2025 05:24:42,6.763,520.622,19.77,0,0
6/28/2025 05:24:52,6.766,520.588,19.768,0,0
6/28/2025 05:25:03,6.769,520.303,19.766,0,0
6/28/2025 05:25:13,6.772,520.282,19.766,0,0
6/28/2025 05:25:23,6.775,520.324,19.766,0,0
6/28/2025 05:25:33,6.778,520.851,19.767,0,0
6/28/2025 05:25:43,6.78,520.597,19.768,0,0
6/28/2025 05:25:54,6.783,519.468,19.77,0,0
6/28/2025 05:26:04,6.786,519.424,19.772,0,0
6/28/2025 05:26:14,6.789,520.448,19.775,0,0
6/28/2025 05:26:24,6.792,519.526,19.776,0,0
6/28/2025 05:26:34,6.794,519.512,19.776,0,0
6/28/2025 05:26:45,6.798,519.828,19.775,0,0
6/28/2025 05:26:55,6.8,520.823,19.774,0,0
6/28/2025 05:27:05,6.803,520.793,19.773,0,0
6/28/2025 05:27:15,6.806,520.933,19.77,0,0
6/28/2025 05:27:25,6.809,521.097,19.768,0,0
6/28/2025 05:27:36,6.812,520.956,19.765,0,0
6/28/2025 05:27:46,6.814,520.619,19.763,0,0
6/28/2025 05:27:56,6.817,520.619,19.761,0,0
6/28/2025 05:28:06,6.82,520.282,19.76,0,0
6/28/2025 05:28:16,6.823,519.691,19.76,0,0
6/28/2025 05:28:27,6.826,519.083,19.761,0,0
6/28/2025 05:28:37,6.829,519.182,19.761,0,0
6/28/2025 05:28:47,6.831,519.248,19.762,0,0
6/28/2025 05:28:57,6.834,519.418,19.764,0,0
6/28/2025 05:29:07,6.837,519.852,19.765,0,0
6/28/2025 05:29:18,6.84,519.847,19.765,0,0
6/28/2025 05:29:28,6.843,519.317,19.764,0,0
6/28/2025 05:29:38,6.846,519.216,19.763,0,0
6/28/2025 05:29:48,6.848,519.247,19.759,0,0
6/28/2025 05:29:58,6.851,519.286,19.756,0,0
6/28/2025 05:30:09,6.854,519.508,19.754,0,0
6/28/2025 05:30:19,6.857,519.266,19.752,0,0
6/28/2025 05:30:29,6.86,519.072,19.751,0,0
6/28/2025 05:30:39,6.863,517.456,19.75,0,0
6/28/2025 05:30:49,6.865,514.629,19.749,0,0
6/28/2025 05:31:00,6.868,514.683,19.749,0,0
6/28/2025 05:31:10,6.871,514.626,19.751,0,0
6/28/2025 05:31:20,6.874,514.184,19.753,0,0
6/28/2025 05:31:30,6.877,514.379,19.757,0,0
6/28/2025 05:31:40,6.879,513.538,19.759,0,0
6/28/2025 05:31:51,6.883,513.454,19.759,0,0
6/28/2025 05:32:01,6.885,514.559,19.76,0,0
6/28/2025 05:32:11,6.888,514.939,19.759,0,0
6/28/2025 05:32:21,6.891,515.181,19.757,0,0
6/28/2025 05:32:31,6.894,515.271,19.754,0,0
6/28/2025 05:32:42,6.897,515.219,19.751,0,0
6/28/2025 05:32:52,6.899,515.546,19.748,0,0
6/28/2025 05:33:02,6.902,515.786,19.744,0,0
6/28/2025 05:33:12,6.905,515.956,19.738,0,0
6/28/2025 05:33:22,6.908,516.278,19.734,0,0
6/28/2025 05:33:33,6.911,516.504,19.731,0,0
6/28/2025 05:33:43,6.914,517.933,19.73,0,0
6/28/2025 05:33:53,6.916,521.442,19.729,0,0
6/28/2025 05:34:03,6.919,521.126,19.73,0,0
6/28/2025 05:34:13,6.922,520.364,19.731,0,0
6/28/2025 05:34:24,6.925,519.556,19.734,0,0
6/28/2025 05:34:34,6.928,520.5,19.736,0,0
6/28/2025 05:34:44,6.931,520.562,19.739,0,0
6/28/2025 05:34:54,6.933,520.285,19.74,0,0
6/28/2025 05:35:04,6.936,517.818,19.74,0,0
6/28/2025 05:35:15,6.939,516.699,19.74,0,0
6/28/2025 05:35:25,6.942,516.434,19.74,0,0
6/28/2025 05:35:35,6.945,515.612,19.739,0,0
6/28/2025 05:35:45,6.948,514.873,19.737,0,0
6/28/2025 05:35:55,6.95,514.761,19.736,0,0
6/28/2025 05:36:06,6.953,515.405,19.734,0,0
6/28/2025 05:36:16,6.956,515.121,19.734,0,0
6/28/2025 05:36:26,6.959,514.701,19.734,0,0
6/28/2025 05:36:36,6.962,514.631,19.736,0,0
6/28/2025 05:36:46,6.964,514.176,19.741,0,0
6/28/2025 05:36:57,6.968,512.894,19.746,0,0
6/28/2025 05:37:07,6.97,512.452,19.752,0,0
6/28/2025 05:37:17,6.973,512.092,19.755,0,0
6/28/2025 05:37:27,6.976,511.912,19.756,0,0
6/28/2025 05:37:37,6.979,511.888,19.756,0,0
6/28/2025 05:37:48,6.982,511.44,19.754,0,0
6/28/2025 05:37:58,6.984,511.24,19.752,0,0
6/28/2025 05:38:08,6.987,511.169,19.749,0,0
6/28/2025 05:38:18,6.99,511.789,19.744,0,0
6/28/2025 05:38:28,6.993,512.21,19.737,0,0
6/28/2025 05:38:39,6.996,512.323,19.733,0,0
6/28/2025 05:38:49,6.999,512.332,19.728,0,0
6/28/2025 05:38:59,7.001,512.292,19.724,0,0
6/28/2025 05:39:09,7.004,512.199,19.722,0,0
6/28/2025 05:39:19,7.007,513.622,19.72,0,0
6/28/2025 05:39:30,7.01,512.942,19.72,0,0
6/28/2025 05:39:40,7.013,513.666,19.72,0,0
6/28/2025 05:39:50,7.016,514.323,19.722,0,0
6/28/2025 05:40:00,7.018,514.429,19.725,0,0
6/28/2025 05:40:11,7.021,514.541,19.727,0,0
6/28/2025 05:40:21,7.024,514.585,19.728,0,0
6/28/2025 05:40:31,7.027,514.557,19.728,0,0
6/28/2025 05:40:41,7.03,514.317,19.728,0,0
6/28/2025 05:40:51,7.033,514.342,19.728,0,0
6/28/2025 05:41:02,7.036,513.883,19.727,0,0
6/28/2025 05:41:12,7.038,513.916,19.725,0,0
6/28/2025 05:41:22,7.041,514.336,19.723,0,0
6/28/2025 05:41:32,7.044,514.437,19.721,0,0
6/28/2025 05:41:42,7.047,514.247,19.719,0,0
6/28/2025 05:41:53,7.05,514.218,19.717,0,0
6/28/2025 05:42:03,7.052,513.572,19.716,0,0
6/28/2025 05:42:13,7.055,513.386,19.716,0,0
6/28/2025 05:42:23,7.058,513.464,19.719,0,0
6/28/2025 05:42:33,7.061,513.307,19.725,0,0
6/28/2025 05:42:44,7.064,513.26,19.729,0,0
6/28/2025 05:42:54,7.067,513.376,19.732,0,0
6/28/2025 05:43:04,7.069,513.626,19.733,0,0
6/28/2025 05:43:14,7.072,514.224,19.733,0,0
6/28/2025 05:43:24,7.075,513.419,19.733,0,0
6/28/2025 05:43:35,7.078,513.241,19.732,0,0
6/28/2025 05:43:45,7.081,514.201,19.73,0,0
6/28/2025 05:43:55,7.084,514.807,19.725,0,0
6/28/2025 05:44:05,7.086,514.807,19.72,0,0
6/28/2025 05:44:15,7.089,514.234,19.714,0,0
6/28/2025 05:44:26,7.092,514.11,19.712,0,0
6/28/2025 05:44:36,7.095,514.017,19.71,0,0
6/28/2025 05:44:46,7.098,513.791,19.71,0,0
6/28/2025 05:44:56,7.101,514.076,19.709,0,0
6/28/2025 05:45:06,7.103,515.555,19.71,0,0
6/28/2025 05:45:17,7.106,515.534,19.711,0,0
6/28/2025 05:45:27,7.109,515.233,19.713,0,0
6/28/2025 05:45:37,7.112,515.286,19.716,0,0
6/28/2025 05:45:47,7.115,515.09,19.717,0,0
6/28/2025 05:45:57,7.117,514.578,19.718,0,0
6/28/2025 05:46:07,7.12,513.077,19.718,0,0
6/28/2025 05:46:18,7.123,511.804,19.718,0,0
6/28/2025 05:46:28,7.126,512.465,19.718,0,0
6/28/2025 05:46:38,7.129,512.211,19.718,0,0
6/28/2025 05:46:48,7.132,511.725,19.717,0,0
6/28/2025 05:46:58,7.134,511.594,19.716,0,0
6/28/2025 05:47:09,7.138,511.292,19.716,0,0
6/28/2025 05:47:19,7.14,511.254,19.715,0,0
6/28/2025 05:47:29,7.143,511.225,19.714,0,0
6/28/2025 05:47:39,7.146,511.175,19.714,0,0
6/28/2025 05:47:49,7.149,510.971,19.714,0,0
6/28/2025 05:48:00,7.152,510.378,19.715,0,0
6/28/2025 05:48:10,7.154,510.241,19.717,0,0
6/28/2025 05:48:20,7.157,509.888,19.719,0,0
6/28/2025 05:48:30,7.16,509.904,19.72,0,0
6/28/2025 05:48:41,7.163,511.103,19.72,0,0
6/28/2025 05:48:51,7.166,514.161,19.72,0,0
6/28/2025 05:49:01,7.169,515.142,19.719,0,0
6/28/2025 05:49:11,7.171,514.814,19.717,0,0
6/28/2025 05:49:21,7.174,514.712,19.714,0,0
6/28/2025 05:49:32,7.177,514.706,19.709,0,0
6/28/2025 05:49:42,7.18,514.724,19.704,0,0
6/28/2025 05:49:52,7.183,514.684,19.7,0,0
6/28/2025 05:50:02,7.186,514.643,19.697,0,0
6/28/2025 05:50:12,7.188,514.354,19.696,0,0
6/28/2025 05:50:23,7.191,514.307,19.696,0,0
6/28/2025 05:50:33,7.194,513.607,19.697,0,0
6/28/2025 05:50:43,7.197,513.267,19.699,0,0
6/28/2025 05:50:53,7.2,513.196,19.701,0,0
6/28/2025 05:51:03,7.203,513.796,19.703,0,0
6/28/2025 05:51:14,7.206,514.114,19.706,0,0
6/28/2025 05:51:24,7.208,514.902,19.708,0,0
6/28/2025 05:51:34,7.211,515.216,19.708,0,0
6/28/2025 05:51:44,7.214,515.006,19.709,0,0
6/28/2025 05:51:54,7.217,515.002,19.709,0,0
6/28/2025 05:52:05,7.22,514.47,19.708,0,0
6/28/2025 05:52:15,7.223,513.69,19.708,0,0
6/28/2025 05:52:25,7.225,514.266,19.708,0,0
6/28/2025 05:52:35,7.228,514.044,19.707,0,0
6/28/2025 05:52:45,7.231,513.944,19.707,0,0
6/28/2025 05:52:56,7.234,513.649,19.706,0,0
6/28/2025 05:53:06,7.237,513.588,19.706,0,0
6/28/2025 05:53:16,7.239,512.656,19.706,0,0
6/28/2025 05:53:26,7.242,512.361,19.706,0,0
6/28/2025 05:53:36,7.245,511.294,19.707,0,0
6/28/2025 05:53:47,7.248,510.724,19.707,0,0
6/28/2025 05:53:57,7.251,510.117,19.709,0,0
6/28/2025 05:54:07,7.254,509.742,19.709,0,0
6/28/2025 05:54:17,7.256,509.434,19.709,0,0
6/28/2025 05:54:27,7.259,509.165,19.708,0,0
6/28/2025 05:54:38,7.262,508.809,19.708,0,0
6/28/2025 05:54:48,7.265,509.049,19.705,0,0
6/28/2025 05:54:58,7.268,508.998,19.703,0,0
6/28/2025 05:55:08,7.271,509.13,19.699,0,0
6/28/2025 05:55:18,7.273,509.194,19.695,0,0
6/28/2025 05:55:29,7.276,510.913,19.692,0,0
6/28/2025 05:55:39,7.279,511.188,19.69,0,0
6/28/2025 05:55:49,7.282,511.207,19.689,0,0
6/28/2025 05:55:59,7.285,511.23,19.689,0,0
6/28/2025 05:56:09,7.288,511.165,19.689,0,0
6/28/2025 05:56:20,7.291,511.106,19.69,0,0
6/28/2025 05:56:30,7.293,510.932,19.694,0,0
6/28/2025 05:56:40,7.296,510.926,19.7,0,0
6/28/2025 05:56:50,7.299,511.375,19.707,0,0
6/28/2025 05:57:00,7.302,511.311,19.711,0,0
6/28/2025 05:57:11,7.305,510.687,19.715,0,0
6/28/2025 05:57:21,7.308,510.651,19.715,0,0
6/28/2025 05:57:31,7.31,510.116,19.714,0,0
6/28/2025 05:57:41,7.313,510.139,19.713,0,0
6/28/2025 05:57:51,7.316,511.358,19.71,0,0
6/28/2025 05:58:02,7.319,514.22,19.709,0,0
6/28/2025 05:58:12,7.322,513.946,19.707,0,0
6/28/2025 05:58:22,7.324,513.924,19.707,0,0
6/28/2025 05:58:32,7.327,513.625,19.706,0,0
6/28/2025 05:58:42,7.33,512.92,19.706,0,0
6/28/2025 05:58:53,7.333,509.238,19.708,0,0
6/28/2025 05:59:03,7.336,507.293,19.711,0,0
6/28/2025 05:59:13,7.339,506.706,19.715,0,0
6/28/2025 05:59:23,7.341,506.573,19.72,0,0
6/28/2025 05:59:33,7.344,506.487,19.725,0,0
6/28/2025 05:59:44,7.347,506.536,19.727,0,0
6/28/2025 05:59:54,7.35,507.245,19.728,0,0
6/28/2025 06:00:04,7.353,508.397,19.729,0,0
6/28/2025 06:00:14,7.356,510.445,19.729,0,0
6/28/2025 06:00:24,7.358,510.694,19.728,0,0
6/28/2025 06:00:35,7.361,510.735,19.727,0,0
6/28/2025 06:00:45,7.364,510.678,19.726,0,0
6/28/2025 06:00:55,7.367,510.645,19.726,0,0
6/28/2025 06:01:05,7.37,511.051,19.725,0,0
6/28/2025 06:01:15,7.373,511.604,19.725,0,0
6/28/2025 06:01:26,7.376,511.65,19.725,0,0
6/28/2025 06:01:36,7.378,511.592,19.725,0,0
6/28/2025 06:01:46,7.381,511.783,19.725,0,0
6/28/2025 06:01:56,7.384,511.887,19.728,0,0
6/28/2025 06:02:06,7.387,512.126,19.733,0,0
6/28/2025 06:02:17,7.39,512.267,19.738,0,0
6/28/2025 06:02:27,7.393,512.378,19.74,0,0
6/28/2025 06:02:37,7.395,512.539,19.741,0,0
6/28/2025 06:02:47,7.398,512.513,19.741,0,0
6/28/2025 06:02:57,7.401,511.843,19.742,0,0
6/28/2025 06:03:08,7.404,512.05,19.741,0,0
6/28/2025 06:03:18,7.407,511.631,19.741,0,0
6/28/2025 06:03:28,7.409,510.983,19.74,0,0
6/28/2025 06:03:38,7.412,510.664,19.74,0,0
6/28/2025 06:03:48,7.415,510.772,19.74,0,0
6/28/2025 06:03:59,7.418,510.626,19.74,0,0
6/28/2025 06:04:09,7.421,510.525,19.741,0,0
6/28/2025 06:04:19,7.424,510.536,19.742,0,0
6/28/2025 06:04:29,7.426,511.271,19.743,0,0
6/28/2025 06:04:39,7.429,510.624,19.745,0,0
6/28/2025 06:04:50,7.432,508.294,19.749,0,0
6/28/2025 06:05:00,7.435,507.211,19.751,0,0
6/28/2025 06:05:10,7.438,506.546,19.754,0,0
6/28/2025 06:05:20,7.441,506.358,19.754,0,0
6/28/2025 06:05:30,7.443,506.862,19.754,0,0
6/28/2025 06:05:41,7.446,507.325,19.752,0,0
6/28/2025 06:05:51,7.449,507.522,19.748,0,0
6/28/2025 06:06:01,7.452,507.727,19.745,0,0
6/28/2025 06:06:11,7.455,507.731,19.742,0,0
6/28/2025 06:06:21,7.458,507.734,19.739,0,0
6/28/2025 06:06:32,7.461,508.372,19.736,0,0
6/28/2025 06:06:42,7.463,508.384,19.734,0,0
6/28/2025 06:06:52,7.466,508.843,19.733,0,0
6/28/2025 06:07:02,7.469,509.226,19.732,0,0
6/28/2025 06:07:12,7.472,509.702,19.732,0,0
6/28/2025 06:07:23,7.475,510.067,19.733,0,0
6/28/2025 06:07:33,7.478,511.936,19.734,0,0
6/28/2025 06:07:43,7.48,512.022,19.736,0,0
6/28/2025 06:07:53,7.483,512.868,19.739,0,0
6/28/2025 06:08:03,7.486,513.427,19.743,0,0
6/28/2025 06:08:14,7.489,513.343,19.744,0,0
6/28/2025 06:08:24,7.492,511.945,19.745,0,0
6/28/2025 06:08:34,7.494,510.844,19.745,0,0
6/28/2025 06:08:44,7.497,510.72,19.745,0,0
6/28/2025 06:08:54,7.5,510.504,19.744,0,0
6/28/2025 06:09:05,7.503,510.365,19.744,0,0
6/28/2025 06:09:15,7.506,509.483,19.743,0,0
6/28/2025 06:09:25,7.509,509.786,19.743,0,0
6/28/2025 06:09:35,7.511,510.888,19.742,0,0
6/28/2025 06:09:45,7.514,510.235,19.742,0,0
6/28/2025 06:09:56,7.517,509.977,19.742,0,0
6/28/2025 06:10:06,7.52,510.076,19.744,0,0
6/28/2025 06:10:16,7.523,510.077,19.749,0,0
6/28/2025 06:10:26,7.526,509.987,19.757,0,0
6/28/2025 06:10:36,7.528,509.592,19.766,0,0
6/28/2025 06:10:47,7.531,508.655,19.771,0,0
6/28/2025 06:10:57,7.534,508.145,19.774,0,0
6/28/2025 06:11:07,7.537,508.733,19.775,0,0
6/28/2025 06:11:17,7.54,508.483,19.775,0,0
6/28/2025 06:11:27,7.543,508.591,19.775,0,0
6/28/2025 06:11:38,7.546,508.603,19.774,0,0
6/28/2025 06:11:48,7.548,508.699,19.773,0,0
6/28/2025 06:11:58,7.551,508.874,19.773,0,0
6/28/2025 06:12:08,7.554,509.161,19.772,0,0
6/28/2025 06:12:18,7.557,509.665,19.771,0,0
6/28/2025 06:12:29,7.56,509.821,19.771,0,0
6/28/2025 06:12:39,7.563,510.922,19.77,0,0
6/28/2025 06:12:49,7.565,511.069,19.77,0,0
6/28/2025 06:12:59,7.568,510.915,19.771,0,0
6/28/2025 06:13:09,7.571,510.658,19.775,0,0
6/28/2025 06:13:20,7.574,510.674,19.779,0,0
6/28/2025 06:13:30,7.577,510.913,19.782,0,0
6/28/2025 06:13:40,7.579,510.947,19.784,0,0
6/28/2025 06:13:50,7.582,510.814,19.784,0,0
6/28/2025 06:14:00,7.585,510.293,19.784,0,0
6/28/2025 06:14:11,7.588,510.094,19.784,0,0
6/28/2025 06:14:21,7.591,510.211,19.783,0,0
6/28/2025 06:14:31,7.594,509.377,19.782,0,0
6/28/2025 06:14:41,7.596,509.328,19.782,0,0
6/28/2025 06:14:51,7.599,509.3,19.782,0,0
6/28/2025 06:15:02,7.602,509.307,19.782,0,0
6/28/2025 06:15:12,7.605,509.589,19.782,0,0
6/28/2025 06:15:22,7.608,509.471,19.782,0,0
6/28/2025 06:15:32,7.611,508.844,19.783,0,0
6/28/2025 06:15:42,7.613,507.789,19.785,0,0
6/28/2025 06:15:53,7.616,507.064,19.788,0,0
6/28/2025 06:16:03,7.619,505.91,19.793,0,0
6/28/2025 06:16:13,7.622,505.53,19.796,0,0
6/28/2025 06:16:23,7.625,505.395,19.799,0,0
6/28/2025 06:16:33,7.628,505.494,19.8,0,0
6/28/2025 06:16:44,7.631,505.495,19.799,0,0
6/28/2025 06:16:54,7.633,505.688,19.799,0,0
6/28/2025 06:17:04,7.636,505.986,19.798,0,0
6/28/2025 06:17:14,7.639,505.561,19.795,0,0
6/28/2025 06:17:24,7.642,505.389,19.791,0,0
6/28/2025 06:17:35,7.645,506.219,19.786,0,0
6/28/2025 06:17:45,7.648,508.921,19.78,0,0
6/28/2025 06:17:55,7.65,508.971,19.776,0,0
6/28/2025 06:18:05,7.653,508.709,19.773,0,0
6/28/2025 06:18:15,7.656,508.353,19.772,0,0
6/28/2025 06:18:26,7.659,508.314,19.771,0,0
6/28/2025 06:18:36,7.662,508.516,19.774,0,0
6/28/2025 06:18:46,7.664,508.387,19.778,0,0
6/28/2025 06:18:56,7.667,507.944,19.785,0,0
6/28/2025 06:19:06,7.67,507.928,19.791,0,0
6/28/2025 06:19:17,7.673,507.643,19.794,0,0
6/28/2025 06:19:27,7.676,507.957,19.796,0,0
6/28/2025 06:19:37,7.679,508.583,19.796,0,0
6/28/2025 06:19:47,7.681,508.688,19.795,0,0
6/28/2025 06:19:57,7.684,508.676,19.795,0,0
6/28/2025 06:20:08,7.687,508.038,19.792,0,0
6/28/2025 06:20:18,7.69,507.923,19.791,0,0
6/28/2025 06:20:28,7.693,507.905,19.789,0,0
6/28/2025 06:20:38,7.696,507.992,19.786,0,0
6/28/2025 06:20:48,7.698,507.857,19.785,0,0
6/28/2025 06:20:59,7.701,508.505,19.785,0,0
6/28/2025 06:21:09,7.704,509.384,19.786,0,0
6/28/2025 06:21:19,7.707,509.34,19.787,0,0
6/28/2025 06:21:29,7.71,508.871,19.791,0,0
6/28/2025 06:21:39,7.713,508.912,19.794,0,0
6/28/2025 06:21:50,7.716,509.012,19.798,0,0
6/28/2025 06:22:00,7.718,509.07,19.8,0,0
6/28/2025 06:22:10,7.721,509.162,19.8,0,0
6/28/2025 06:22:20,7.724,509.793,19.8,0,0
6/28/2025 06:22:30,7.727,510.429,19.799,0,0
6/28/2025 06:22:41,7.73,510.521,19.795,0,0
6/28/2025 06:22:51,7.733,510.453,19.792,0,0
6/28/2025 06:23:01,7.735,510.434,19.789,0,0
6/28/2025 06:23:11,7.738,510.782,19.786,0,0
6/28/2025 06:23:21,7.741,510.012,19.784,0,0
6/28/2025 06:23:32,7.744,510.099,19.784,0,0
6/28/2025 06:23:42,7.747,509.763,19.784,0,0
6/28/2025 06:23:52,7.749,509.205,19.784,0,0
6/28/2025 06:24:02,7.752,509.23,19.784,0,0
6/28/2025 06:24:12,7.755,509.066,19.786,0,0
6/28/2025 06:24:23,7.758,509.109,19.788,0,0
6/28/2025 06:24:33,7.761,509.63,19.793,0,0
6/28/2025 06:24:43,7.764,510.936,19.797,0,0
6/28/2025 06:24:53,7.766,511.658,19.798,0,0
6/28/2025 06:25:03,7.769,512.189,19.799,0,0
6/28/2025 06:25:14,7.772,512.807,19.8,0,0
6/28/2025 06:25:24,7.775,512.566,19.8,0,0
6/28/2025 06:25:34,7.778,511.458,19.799,0,0
6/28/2025 06:25:44,7.781,511.122,19.799,0,0
6/28/2025 06:25:54,7.783,511.51,19.799,0,0
6/28/2025 06:26:05,7.786,511.453,19.798,0,0
6/28/2025 06:26:15,7.789,511.37,19.797,0,0
6/28/2025 06:26:25,7.792,511.392,19.797,0,0
6/28/2025 06:26:35,7.795,511.203,19.797,0,0
6/28/2025 06:26:46,7.798,510.56,19.798,0,0
6/28/2025 06:26:56,7.801,508.902,19.8,0,0
6/28/2025 06:27:06,7.803,508.291,19.801,0,0
6/28/2025 06:27:16,7.806,507.827,19.803,0,0
6/28/2025 06:27:26,7.809,507.58,19.804,0,0
6/28/2025 06:27:37,7.812,507.973,19.805,0,0
6/28/2025 06:27:47,7.815,507.897,19.804,0,0
6/28/2025 06:27:57,7.818,508.198,19.804,0,0
6/28/2025 06:28:07,7.82,508.194,19.802,0,0
6/28/2025 06:28:17,7.823,507.972,19.8,0,0
6/28/2025 06:28:28,7.826,508.316,19.798,0,0
6/28/2025 06:28:38,7.829,506.509,19.796,0,0
6/28/2025 06:28:48,7.832,506.695,19.793,0,0
6/28/2025 06:28:58,7.834,507.146,19.792,0,0
6/28/2025 06:29:08,7.837,506.89,19.792,0,0
6/28/2025 06:29:19,7.84,507.274,19.792,0,0
6/28/2025 06:29:29,7.843,507.886,19.793,0,0
6/28/2025 06:29:39,7.846,508.339,19.794,0,0
6/28/2025 06:29:49,7.849,508.52,19.799,0,0
6/28/2025 06:29:59,7.851,508.934,19.804,0,0
6/28/2025 06:30:10,7.854,509.051,19.808,0,0
6/28/2025 06:30:20,7.857,509.163,19.812,0,0
6/28/2025 06:30:30,7.86,509.334,19.815,0,0
6/28/2025 06:30:40,7.863,509.353,19.817,0,0
6/28/2025 06:30:50,7.866,509.028,19.817,0,0
6/28/2025 06:31:01,7.869,508.393,19.817,0,0
6/28/2025 06:31:11,7.871,507.28,19.817,0,0
6/28/2025 06:31:21,7.874,507.238,19.815,0,0
6/28/2025 06:31:31,7.877,507.083,19.814,0,0
6/28/2025 06:31:41,7.88,506.828,19.813,0,0
6/28/2025 06:31:52,7.883,506.424,19.813,0,0
6/28/2025 06:32:02,7.886,506.235,19.812,0,0
6/28/2025 06:32:12,7.888,506.087,19.812,0,0
6/28/2025 06:32:22,7.891,506.255,19.813,0,0
6/28/2025 06:32:32,7.894,506.131,19.814,0,0
6/28/2025 06:32:43,7.897,506.064,19.816,0,0
6/28/2025 06:32:53,7.9,505.792,19.818,0,0
6/28/2025 06:33:03,7.903,505.066,19.82,0,0
6/28/2025 06:33:13,7.905,505.001,19.821,0,0
6/28/2025 06:33:23,7.908,505.323,19.821,0,0
6/28/2025 06:33:34,7.911,505.681,19.821,0,0
6/28/2025 06:33:44,7.914,507.247,19.82,0,0
6/28/2025 06:33:54,7.917,507.751,19.818,0,0
6/28/2025 06:34:04,7.919,507.822,19.816,0,0
6/28/2025 06:34:14,7.922,508.032,19.814,0,0
6/28/2025 06:34:25,7.925,508,19.81,0,0
6/28/2025 06:34:35,7.928,507.978,19.807,0,0
6/28/2025 06:34:45,7.931,508.776,19.806,0,0
6/28/2025 06:34:55,7.934,509.681,19.806,0,0
6/28/2025 06:35:05,7.936,510.153,19.806,0,0
6/28/2025 06:35:16,7.939,510.157,19.807,0,0
6/28/2025 06:35:26,7.942,510.144,19.81,0,0
6/28/2025 06:35:36,7.945,509.884,19.817,0,0
6/28/2025 06:35:46,7.948,509.836,19.824,0,0
6/28/2025 06:35:56,7.951,509.818,19.829,0,0
6/28/2025 06:36:07,7.954,509.292,19.832,0,0
6/28/2025 06:36:17,7.956,508.811,19.833,0,0
6/28/2025 06:36:27,7.959,507.196,19.834,0,0
6/28/2025 06:36:37,7.962,507.304,19.834,0,0
6/28/2025 06:36:47,7.965,507.472,19.834,0,0
6/28/2025 06:36:58,7.968,506.669,19.833,0,0
6/28/2025 06:37:08,7.971,506.425,19.833,0,0
6/28/2025 06:37:18,7.973,506.279,19.832,0,0
6/28/2025 06:37:28,7.976,506.308,19.832,0,0
6/28/2025 06:37:38,7.979,506.217,19.833,0,0
6/28/2025 06:37:49,7.982,505.981,19.834,0,0
6/28/2025 06:37:59,7.985,505.68,19.835,0,0
6/28/2025 06:38:09,7.988,505.102,19.837,0,0
6/28/2025 06:38:19,7.99,505.028,19.84,0,0
6/28/2025 06:38:29,7.993,504.662,19.841,0,0
6/28/2025 06:38:40,7.996,504.582,19.843,0,0
6/28/2025 06:38:50,7.999,501.43,19.844,0,0
6/28/2025 06:39:00,8.002,501.406,19.845,0,0
6/28/2025 06:39:10,8.004,501.542,19.844,0,0
6/28/2025 06:39:20,8.007,502.062,19.844,0,0
6/28/2025 06:39:31,8.01,502.26,19.843,0,0
6/28/2025 06:39:41,8.013,502.562,19.842,0,0
6/28/2025 06:39:51,8.016,503.171,19.84,0,0
6/28/2025 06:40:01,8.019,504.629,19.839,0,0
6/28/2025 06:40:11,8.021,505.648,19.838,0,0
6/28/2025 06:40:22,8.024,505.789,19.838,0,0
6/28/2025 06:40:32,8.027,506.045,19.839,0,0
6/28/2025 06:40:42,8.03,506.111,19.841,0,0
6/28/2025 06:40:52,8.033,506.23,19.847,0,0
6/28/2025 06:41:02,8.036,506.467,19.856,0,0
6/28/2025 06:41:13,8.039,506.38,19.864,0,0
6/28/2025 06:41:23,8.041,505.934,19.872,0,0
6/28/2025 06:41:33,8.044,505.977,19.879,0,0
6/28/2025 06:41:43,8.047,506.145,19.882,0,0
6/28/2025 06:41:53,8.05,505.568,19.883,0,0
6/28/2025 06:42:04,8.053,505.867,19.883,0,0
6/28/2025 06:42:14,8.056,505.889,19.883,0,0
6/28/2025 06:42:24,8.058,505.737,19.883,0,0
6/28/2025 06:42:34,8.061,505.721,19.883,0,0
6/28/2025 06:42:44,8.064,505,19.883,0,0
6/28/2025 06:42:55,8.067,504.939,19.882,0,0
6/28/2025 06:43:05,8.07,504.474,19.882,0,0
6/28/2025 06:43:15,8.073,504.373,19.884,0,0
6/28/2025 06:43:25,8.075,504.905,19.887,0,0
6/28/2025 06:43:35,8.078,504.365,19.891,0,0
6/28/2025 06:43:46,8.081,503.706,19.895,0,0
6/28/2025 06:43:56,8.084,503.85,19.902,0,0
6/28/2025 06:44:06,8.087,503.899,19.906,0,0
6/28/2025 06:44:16,8.089,502.218,19.909,0,0
6/28/2025 06:44:26,8.092,501.354,19.909,0,0
6/28/2025 06:44:37,8.095,501.475,19.908,0,0
6/28/2025 06:44:47,8.098,501.548,19.906,0,0
6/28/2025 06:44:57,8.101,501.688,19.904,0,0
6/28/2025 06:45:07,8.104,501.66,19.901,0,0
6/28/2025 06:45:17,8.106,502.645,19.898,0,0
6/28/2025 06:45:28,8.109,503.019,19.895,0,0
6/28/2025 06:45:38,8.112,502.646,19.892,0,0
6/28/2025 06:45:48,8.115,502.154,19.89,0,0
6/28/2025 06:45:58,8.118,502.115,19.89,0,0
6/28/2025 06:46:08,8.121,502.139,19.889,0,0
6/28/2025 06:46:19,8.124,502.328,19.889,0,0
6/28/2025 06:46:29,8.126,503.33,19.89,0,0
6/28/2025 06:46:39,8.129,504.75,19.894,0,0
6/28/2025 06:46:49,8.132,505.121,19.898,0,0
6/28/2025 06:46:59,8.135,505.071,19.901,0,0
6/28/2025 06:47:10,8.138,505.164,19.902,0,0
6/28/2025 06:47:20,8.141,505.344,19.903,0,0
6/28/2025 06:47:30,8.143,504.823,19.903,0,0
6/28/2025 06:47:40,8.146,504.177,19.903,0,0
6/28/2025 06:47:50,8.149,503.819,19.903,0,0
6/28/2025 06:48:01,8.152,503.163,19.903,0,0
6/28/2025 06:48:11,8.155,503.281,19.903,0,0
6/28/2025 06:48:21,8.158,503.431,19.903,0,0
6/28/2025 06:48:31,8.16,503.279,19.903,0,0
6/28/2025 06:48:41,8.163,500.884,19.901,0,0
6/28/2025 06:48:52,8.166,500.806,19.898,0,0
6/28/2025 06:49:02,8.169,500.792,19.898,0,0
6/28/2025 06:49:12,8.172,499.966,19.898,0,0
6/28/2025 06:49:22,8.174,499.71,19.898,0,0
6/28/2025 06:49:32,8.177,499.872,19.899,0,0
6/28/2025 06:49:43,8.18,499.967,19.902,0,0
6/28/2025 06:49:53,8.183,500.257,19.904,0,0
6/28/2025 06:50:03,8.186,500.564,19.904,0,0
6/28/2025 06:50:13,8.189,500.92,19.904,0,0
6/28/2025 06:50:23,8.191,500.923,19.903,0,0
6/28/2025 06:50:34,8.194,500.955,19.901,0,0
6/28/2025 06:50:44,8.197,501.155,19.899,0,0
6/28/2025 06:50:54,8.2,501.861,19.897,0,0
6/28/2025 06:51:04,8.203,503.329,19.895,0,0
6/28/2025 06:51:14,8.206,503.665,19.895,0,0
6/28/2025 06:51:25,8.209,505.371,19.894,0,0
6/28/2025 06:51:35,8.211,504.256,19.893,0,0
6/28/2025 06:51:45,8.214,504.548,19.893,0,0
6/28/2025 06:51:55,8.217,504.594,19.893,0,0
6/28/2025 06:52:05,8.22,504.417,19.894,0,0
6/28/2025 06:52:16,8.223,504.344,19.897,0,0
6/28/2025 06:52:26,8.226,503.815,19.9,0,0
6/28/2025 06:52:36,8.228,503.79,19.902,0,0
6/28/2025 06:52:46,8.231,503.92,19.902,0,0
6/28/2025 06:52:56,8.234,504.06,19.903,0,0
6/28/2025 06:53:07,8.237,503.585,19.903,0,0
6/28/2025 06:53:17,8.24,502.859,19.903,0,0
6/28/2025 06:53:27,8.242,502.176,19.902,0,0
6/28/2025 06:53:37,8.245,502.489,19.902,0,0
6/28/2025 06:53:47,8.248,502.578,19.902,0,0
6/28/2025 06:53:58,8.251,502.002,19.903,0,0
6/28/2025 06:54:08,8.254,499.24,19.903,0,0
6/28/2025 06:54:18,8.257,499.31,19.903,0,0
6/28/2025 06:54:28,8.259,499.366,19.904,0,0
6/28/2025 06:54:38,8.262,499.554,19.905,0,0
6/28/2025 06:54:49,8.265,499.791,19.907,0,0
6/28/2025 06:54:59,8.268,497.569,19.91,0,0
6/28/2025 06:55:09,8.271,497.203,19.913,0,0
6/28/2025 06:55:19,8.274,496.596,19.917,0,0
6/28/2025 06:55:29,8.276,496.89,19.92,0,0
6/28/2025 06:55:40,8.279,498.671,19.92,0,0
6/28/2025 06:55:50,8.282,499.031,19.92,0,0
6/28/2025 06:56:00,8.285,499.168,19.919,0,0
6/28/2025 06:56:10,8.288,501.787,19.917,0,0
6/28/2025 06:56:20,8.291,503.684,19.914,0,0
6/28/2025 06:56:31,8.294,504.205,19.909,0,0
6/28/2025 06:56:41,8.296,505.288,19.906,0,0
6/28/2025 06:56:51,8.299,505.514,19.902,0,0
6/28/2025 06:57:01,8.302,502.353,19.901,0,0
6/28/2025 06:57:11,8.305,499.065,19.901,0,0
6/28/2025 06:57:22,8.308,499.093,19.9,0,0
6/28/2025 06:57:32,8.311,499.878,19.901,0,0
6/28/2025 06:57:42,8.313,501.267,19.901,0,0
6/28/2025 06:57:52,8.316,502.13,19.902,0,0
6/28/2025 06:58:02,8.319,502.68,19.903,0,0
6/28/2025 06:58:13,8.322,503.406,19.903,0,0
6/28/2025 06:58:23,8.325,503.898,19.903,0,0
6/28/2025 06:58:33,8.328,503.33,19.903,0,0
6/28/2025 06:58:43,8.33,502.815,19.903,0,0
6/28/2025 06:58:53,8.333,501.698,19.9,0,0
6/28/2025 06:59:04,8.336,501.548,19.897,0,0
6/28/2025 06:59:14,8.339,501.774,19.892,0,0
6/28/2025 06:59:24,8.342,501.611,19.887,0,0
6/28/2025 06:59:34,8.344,501.884,19.884,0,0
6/28/2025 06:59:44,8.347,502.469,19.881,0,0
6/28/2025 06:59:55,8.35,502.243,19.879,0,0
6/28/2025 07:00:05,8.353,501.59,19.878,0,0
6/28/2025 07:00:15,8.356,501.337,19.878,0,0
6/28/2025 07:00:25,8.359,500.766,19.879,0,0
6/28/2025 07:00:35,8.361,501.214,19.88,0,0
6/28/2025 07:00:46,8.364,500.906,19.881,0,0
6/28/2025 07:00:56,8.367,500.149,19.881,0,0
6/28/2025 07:01:06,8.37,500.021,19.881,0,0
6/28/2025 07:01:16,8.373,499.64,19.881,0,0
6/28/2025 07:01:26,8.376,499.154,19.88,0,0
6/28/2025 07:01:37,8.379,499.515,19.879,0,0
6/28/2025 07:01:47,8.381,498.969,19.877,0,0
6/28/2025 07:01:57,8.384,498.031,19.874,0,0
6/28/2025 07:02:07,8.387,497.951,19.87,0,0
6/28/2025 07:02:17,8.39,498.621,19.867,0,0
6/28/2025 07:02:28,8.393,499.371,19.863,0,0
6/28/2025 07:02:38,8.396,499.405,19.862,0,0
6/28/2025 07:02:48,8.398,499.626,19.862,0,0
6/28/2025 07:02:58,8.401,500.489,19.863,0,0
6/28/2025 07:03:08,8.404,500.609,19.867,0,0
6/28/2025 07:03:19,8.407,501.036,19.872,0,0
6/28/2025 07:03:29,8.41,501.492,19.877,0,0
6/28/2025 07:03:39,8.413,501.915,19.882,0,0
6/28/2025 07:03:49,8.415,501.944,19.887,0,0
6/28/2025 07:03:59,8.418,502.309,19.889,0,0
6/28/2025 07:04:10,8.421,502.371,19.889,0,0
6/28/2025 07:04:20,8.424,502.212,19.89,0,0
6/28/2025 07:04:30,8.427,501.699,19.889,0,0
6/28/2025 07:04:40,8.429,501.588,19.888,0,0
6/28/2025 07:04:50,8.432,500.388,19.887,0,0
6/28/2025 07:05:01,8.435,499.727,19.883,0,0
6/28/2025 07:05:11,8.438,499.638,19.881,0,0
6/28/2025 07:05:21,8.441,499.251,19.879,0,0
6/28/2025 07:05:31,8.444,498.83,19.878,0,0
6/28/2025 07:05:41,8.446,499.035,19.878,0,0
6/28/2025 07:05:52,8.449,498.685,19.878,0,0
6/28/2025 07:06:02,8.452,498.577,19.878,0,0
6/28/2025 07:06:12,8.455,498.519,19.879,0,0
6/28/2025 07:06:22,8.458,498.306,19.88,0,0
6/28/2025 07:06:32,8.461,497.216,19.88,0,0
6/28/2025 07:06:43,8.464,497.485,19.88,0,0
6/28/2025 07:06:53,8.466,498.018,19.88,0,0
6/28/2025 07:07:03,8.469,498.665,19.879,0,0
6/28/2025 07:07:13,8.472,498.618,19.876,0,0
6/28/2025 07:07:23,8.475,497.893,19.874,0,0
6/28/2025 07:07:34,8.478,497.551,19.872,0,0
6/28/2025 07:07:44,8.481,497.457,19.871,0,0
6/28/2025 07:07:54,8.483,497.405,19.87,0,0
6/28/2025 07:08:04,8.486,497.551,19.868,0,0
6/28/2025 07:08:14,8.489,498.259,19.867,0,0
6/28/2025 07:08:25,8.492,498.688,19.866,0,0
6/28/2025 07:08:35,8.495,499.465,19.865,0,0
6/28/2025 07:08:45,8.498,501.02,19.866,0,0
6/28/2025 07:08:55,8.5,501.531,19.868,0,0
6/28/2025 07:09:05,8.503,501.554,19.871,0,0
6/28/2025 07:09:16,8.506,501.634,19.874,0,0
6/28/2025 07:09:26,8.509,501.604,19.876,0,0
6/28/2025 07:09:36,8.512,501.642,19.878,0,0
6/28/2025 07:09:46,8.514,501.651,19.878,0,0
6/28/2025 07:09:56,8.517,500.839,19.878,0,0
6/28/2025 07:10:07,8.52,500.681,19.877,0,0
6/28/2025 07:10:17,8.523,500.172,19.877,0,0
6/28/2025 07:10:27,8.526,500.092,19.876,0,0
6/28/2025 07:10:37,8.529,499.368,19.876,0,0
6/28/2025 07:10:47,8.531,499.138,19.875,0,0
6/28/2025 07:10:58,8.534,499.343,19.875,0,0
6/28/2025 07:11:08,8.537,499.394,19.875,0,0
6/28/2025 07:11:18,8.54,499.513,19.875,0,0
6/28/2025 07:11:28,8.543,499.115,19.877,0,0
6/28/2025 07:11:38,8.546,499.181,19.879,0,0
6/28/2025 07:11:49,8.549,498.059,19.882,0,0
6/28/2025 07:11:59,8.551,497.54,19.887,0,0
6/28/2025 07:12:09,8.554,497.728,19.891,0,0
6/28/2025 07:12:19,8.557,498.403,19.893,0,0
6/28/2025 07:12:29,8.56,498.464,19.893,0,0
6/28/2025 07:12:40,8.563,498.272,19.892,0,0
6/28/2025 07:12:50,8.566,498.085,19.891,0,0
6/28/2025 07:13:00,8.568,498.057,19.888,0,0
6/28/2025 07:13:10,8.571,498.075,19.881,0,0
6/28/2025 07:13:20,8.574,498.227,19.876,0,0
6/28/2025 07:13:31,8.577,498.378,19.87,0,0
6/28/2025 07:13:41,8.58,501.237,19.865,0,0
6/28/2025 07:13:51,8.583,501.91,19.864,0,0
6/28/2025 07:14:01,8.585,501.659,19.863,0,0
6/28/2025 07:14:11,8.588,499.778,19.864,0,0
6/28/2025 07:14:22,8.591,498.884,19.865,0,0
6/28/2025 07:14:32,8.594,498.858,19.869,0,0
6/28/2025 07:14:42,8.597,499.055,19.878,0,0
6/28/2025 07:14:52,8.599,498.863,19.883,0,0
6/28/2025 07:15:02,8.602,499.058,19.889,0,0
6/28/2025 07:15:13,8.605,498.825,19.892,0,0
6/28/2025 07:15:23,8.608,498.79,19.893,0,0
6/28/2025 07:15:33,8.611,497.948,19.894,0,0
6/28/2025 07:15:43,8.614,497.834,19.894,0,0
6/28/2025 07:15:53,8.616,497.755,19.894,0,0
6/28/2025 07:16:04,8.619,497.559,19.894,0,0
6/28/2025 07:16:14,8.622,497.806,19.894,0,0
6/28/2025 07:16:24,8.625,498.011,19.895,0,0
6/28/2025 07:16:34,8.628,498.156,19.895,0,0
6/28/2025 07:16:44,8.631,498.014,19.896,0,0
6/28/2025 07:16:55,8.634,496.875,19.899,0,0
6/28/2025 07:17:05,8.636,496.128,19.904,0,0
6/28/2025 07:17:15,8.639,496.146,19.914,0,0
6/28/2025 07:17:25,8.642,495.427,19.923,0,0
6/28/2025 07:17:35,8.645,494.967,19.932,0,0
6/28/2025 07:17:46,8.648,494.838,19.938,0,0
6/28/2025 07:17:56,8.651,495.375,19.939,0,0
6/28/2025 07:18:06,8.653,496.665,19.94,0,0
6/28/2025 07:18:16,8.656,497.37,19.939,0,0
6/28/2025 07:18:26,8.659,497.465,19.938,0,0
6/28/2025 07:18:37,8.662,497.49,19.937,0,0
6/28/2025 07:18:47,8.665,497.538,19.934,0,0
6/28/2025 07:18:57,8.668,497.725,19.932,0,0
6/28/2025 07:19:07,8.67,497.685,19.931,0,0
6/28/2025 07:19:17,8.673,497.177,19.93,0,0
6/28/2025 07:19:28,8.676,496.624,19.929,0,0
6/28/2025 07:19:38,8.679,496.892,19.929,0,0
6/28/2025 07:19:48,8.682,497.004,19.929,0,0
6/28/2025 07:19:58,8.684,497.035,19.932,0,0
6/28/2025 07:20:08,8.687,497.33,19.935,0,0
6/28/2025 07:20:19,8.69,497.691,19.94,0,0
6/28/2025 07:20:29,8.693,497.993,19.943,0,0
6/28/2025 07:20:39,8.696,497.986,19.946,0,0
6/28/2025 07:20:49,8.699,496.604,19.946,0,0
6/28/2025 07:20:59,8.701,496.293,19.946,0,0
6/28/2025 07:21:10,8.704,496.379,19.946,0,0
6/28/2025 07:21:20,8.707,496.407,19.946,0,0
6/28/2025 07:21:30,8.71,496.485,19.945,0,0
6/28/2025 07:21:40,8.713,496.234,19.944,0,0
6/28/2025 07:21:50,8.716,496.32,19.943,0,0
6/28/2025 07:22:01,8.719,495.522,19.941,0,0
6/28/2025 07:22:11,8.721,494.042,19.94,0,0
6/28/2025 07:22:21,8.724,493.469,19.939,0,0
6/28/2025 07:22:31,8.727,493.275,19.939,0,0
6/28/2025 07:22:41,8.73,492.97,19.94,0,0
6/28/2025 07:22:52,8.733,492.956,19.941,0,0
6/28/2025 07:23:02,8.736,493.418,19.942,0,0
6/28/2025 07:23:12,8.738,493.464,19.942,0,0
6/28/2025 07:23:22,8.741,493.327,19.942,0,0
6/28/2025 07:23:32,8.744,493.339,19.942,0,0
6/28/2025 07:23:43,8.747,492.873,19.94,0,0
6/28/2025 07:23:53,8.75,492.754,19.937,0,0
6/28/2025 07:24:03,8.753,492.614,19.931,0,0
6/28/2025 07:24:13,8.755,492.591,19.925,0,0
6/28/2025 07:24:23,8.758,493,19.921,0,0
6/28/2025 07:24:34,8.761,493.046,19.917,0,0
6/28/2025 07:24:44,8.764,492.377,19.912,0,0
6/28/2025 07:24:54,8.767,492.291,19.909,0,0
6/28/2025 07:25:04,8.769,493,19.908,0,0
6/28/2025 07:25:14,8.772,494.307,19.908,0,0
6/28/2025 07:25:25,8.775,494.24,19.91,0,0
6/28/2025 07:25:35,8.778,494.514,19.913,0,0
6/28/2025 07:25:45,8.781,494.826,19.918,0,0
6/28/2025 07:25:55,8.784,495.473,19.923,0,0
6/28/2025 07:26:05,8.786,495.912,19.927,0,0
6/28/2025 07:26:16,8.789,495.899,19.93,0,0
6/28/2025 07:26:26,8.792,496.395,19.932,0,0
6/28/2025 07:26:36,8.795,496.358,19.932,0,0
6/28/2025 07:26:46,8.798,495.15,19.932,0,0
6/28/2025 07:26:56,8.801,494.08,19.931,0,0
6/28/2025 07:27:07,8.804,493.62,19.93,0,0
6/28/2025 07:27:17,8.806,493.049,19.93,0,0
6/28/2025 07:27:27,8.809,492.328,19.928,0,0
6/28/2025 07:27:37,8.812,492.672,19.927,0,0
6/28/2025 07:27:47,8.815,492.921,19.927,0,0
6/28/2025 07:27:58,8.818,493.618,19.927,0,0
6/28/2025 07:28:08,8.821,493.873,19.927,0,0
6/28/2025 07:28:18,8.823,493.793,19.928,0,0
6/28/2025 07:28:28,8.826,494.07,19.929,0,0
6/28/2025 07:28:38,8.829,494.463,19.932,0,0
6/28/2025 07:28:49,8.832,494.376,19.933,0,0
6/28/2025 07:28:59,8.835,493.355,19.933,0,0
6/28/2025 07:29:09,8.838,493.401,19.932,0,0
6/28/2025 07:29:19,8.84,492.725,19.93,0,0
6/28/2025 07:29:29,8.843,492.004,19.929,0,0
6/28/2025 07:29:40,8.846,492.349,19.926,0,0
6/28/2025 07:29:50,8.849,492.336,19.923,0,0
6/28/2025 07:30:00,8.852,492.45,19.921,0,0
6/28/2025 07:30:10,8.854,492.96,19.919,0,0
6/28/2025 07:30:20,8.857,493.199,19.918,0,0
6/28/2025 07:30:31,8.86,493.204,19.917,0,0
6/28/2025 07:30:41,8.863,493.885,19.916,0,0
6/28/2025 07:30:51,8.866,494.778,19.916,0,0
6/28/2025 07:31:01,8.869,495.46,19.916,0,0
6/28/2025 07:31:11,8.871,495.6,19.917,0,0
6/28/2025 07:31:22,8.874,495.526,19.92,0,0
6/28/2025 07:31:32,8.877,495.673,19.922,0,0
6/28/2025 07:31:42,8.88,495.788,19.922,0,0
6/28/2025 07:31:52,8.883,495.746,19.922,0,0
6/28/2025 07:32:02,8.886,495.711,19.922,0,0
6/28/2025 07:32:13,8.889,494.822,19.921,0,0
6/28/2025 07:32:23,8.891,494.49,19.92,0,0
6/28/2025 07:32:33,8.894,494.383,19.918,0,0
6/28/2025 07:32:43,8.897,494.365,19.915,0,0
6/28/2025 07:32:53,8.9,493.249,19.912,0,0
6/28/2025 07:33:04,8.903,493.114,19.909,0,0
6/28/2025 07:33:14,8.906,492.936,19.908,0,0
6/28/2025 07:33:24,8.908,491.706,19.908,0,0
6/28/2025 07:33:34,8.911,491.006,19.908,0,0
6/28/2025 07:33:44,8.914,489.999,19.909,0,0
6/28/2025 07:33:55,8.917,489.649,19.91,0,0
6/28/2025 07:34:05,8.92,490.164,19.913,0,0
6/28/2025 07:34:15,8.923,490.522,19.916,0,0
6/28/2025 07:34:25,8.925,491.005,19.919,0,0
6/28/2025 07:34:35,8.928,490.927,19.92,0,0
6/28/2025 07:34:46,8.931,491.213,19.92,0,0
6/28/2025 07:34:56,8.934,491.415,19.918,0,0
6/28/2025 07:35:06,8.937,491.682,19.916,0,0
6/28/2025 07:35:16,8.939,491.541,19.912,0,0
6/28/2025 07:35:26,8.942,491.487,19.906,0,0
6/28/2025 07:35:37,8.945,491.347,19.9,0,0
6/28/2025 07:35:47,8.948,491.183,19.895,0,0
6/28/2025 07:35:57,8.951,490.992,19.891,0,0
6/28/2025 07:36:07,8.954,490.973,19.889,0,0
6/28/2025 07:36:17,8.956,491.193,19.888,0,0
6/28/2025 07:36:28,8.959,493.418,19.888,0,0
6/28/2025 07:36:38,8.962,493.371,19.89,0,0
6/28/2025 07:36:48,8.965,493.506,19.894,0,0
6/28/2025 07:36:58,8.968,493.545,19.898,0,0
6/28/2025 07:37:08,8.971,493.471,19.903,0,0
6/28/2025 07:37:19,8.974,492.376,19.91,0,0
6/28/2025 07:37:29,8.976,492.339,19.913,0,0
6/28/2025 07:37:39,8.979,492.863,19.914,0,0
6/28/2025 07:37:49,8.982,493.412,19.914,0,0
6/28/2025 07:37:59,8.985,493.459,19.914,0,0
6/28/2025 07:38:10,8.988,494.278,19.914,0,0
6/28/2025 07:38:20,8.991,494.811,19.914,0,0
6/28/2025 07:38:30,8.993,495.087,19.913,0,0
6/28/2025 07:38:40,8.996,495.117,19.912,0,0
6/28/2025 07:38:50,8.999,494.222,19.912,0,0
6/28/2025 07:39:01,9.002,492.759,19.912,0,0
6/28/2025 07:39:11,9.005,492.577,19.912,0,0
6/28/2025 07:39:21,9.008,492.775,19.913,0,0
6/28/2025 07:39:31,9.01,492.747,19.915,0,0
6/28/2025 07:39:41,9.013,490.818,19.918,0,0
6/28/2025 07:39:52,9.016,490.46,19.921,0,0
6/28/2025 07:40:02,9.019,490.727,19.924,0,0
6/28/2025 07:40:12,9.022,491.848,19.924,0,0
6/28/2025 07:40:22,9.024,491.905,19.924,0,0
6/28/2025 07:40:32,9.027,491.72,19.923,0,0
6/28/2025 07:40:43,9.03,491.67,19.922,0,0
6/28/2025 07:40:53,9.033,491.835,19.92,0,0
6/28/2025 07:41:03,9.036,491.849,19.919,0,0
6/28/2025 07:41:13,9.039,491.956,19.918,0,0
6/28/2025 07:41:23,9.041,491.919,19.916,0,0
6/28/2025 07:41:34,9.044,491.882,19.915,0,0
6/28/2025 07:41:44,9.047,491.845,19.915,0,0
6/28/2025 07:41:54,9.05,492.134,19.914,0,0
6/28/2025 07:42:04,9.053,491.681,19.914,0,0
6/28/2025 07:42:14,9.056,491.482,19.916,0,0
6/28/2025 07:42:25,9.059,491.471,19.918,0,0
6/28/2025 07:42:35,9.061,491.712,19.922,0,0
6/28/2025 07:42:45,9.064,491.477,19.925,0,0
6/28/2025 07:42:55,9.067,491.117,19.929,0,0
6/28/2025 07:43:05,9.07,490.819,19.931,0,0
6/28/2025 07:43:16,9.073,490.356,19.933,0,0
6/28/2025 07:43:26,9.076,489.96,19.934,0,0
6/28/2025 07:43:36,9.078,489.834,19.934,0,0
6/28/2025 07:43:46,9.081,489.871,19.934,0,0
6/28/2025 07:43:56,9.084,489.914,19.934,0,0
6/28/2025 07:44:07,9.087,489.734,19.934,0,0
6/28/2025 07:44:17,9.09,489.532,19.933,0,0
6/28/2025 07:44:27,9.093,489.404,19.933,0,0
6/28/2025 07:44:37,9.095,489.385,19.932,0,0
6/28/2025 07:44:47,9.098,488.835,19.933,0,0
6/28/2025 07:44:58,9.101,487.986,19.933,0,0
6/28/2025 07:45:08,9.104,487.464,19.934,0,0
6/28/2025 07:45:18,9.107,487.003,19.936,0,0
6/28/2025 07:45:28,9.109,486.911,19.938,0,0
6/28/2025 07:45:38,9.112,486.801,19.939,0,0
6/28/2025 07:45:49,9.115,486.858,19.94,0,0
6/28/2025 07:45:59,9.118,486.955,19.94,0,0
6/28/2025 07:46:09,9.121,487.878,19.94,0,0
6/28/2025 07:46:19,9.124,488.682,19.939,0,0
6/28/2025 07:46:29,9.126,488.891,19.938,0,0
6/28/2025 07:46:40,9.129,489.102,19.935,0,0
6/28/2025 07:46:50,9.132,489.484,19.93,0,0
6/28/2025 07:47:00,9.135,488.909,19.924,0,0
6/28/2025 07:47:10,9.138,488.712,19.92,0,0
6/28/2025 07:47:20,9.141,488.612,19.916,0,0
6/28/2025 07:47:31,9.144,488.553,19.914,0,0
6/28/2025 07:47:41,9.146,488.586,19.914,0,0
6/28/2025 07:47:51,9.149,489.409,19.914,0,0
6/28/2025 07:48:01,9.152,490.788,19.915,0,0
6/28/2025 07:48:11,9.155,491.319,19.919,0,0
6/28/2025 07:48:22,9.158,491.365,19.922,0,0
6/28/2025 07:48:32,9.161,491.189,19.924,0,0
6/28/2025 07:48:42,9.163,490.381,19.926,0,0
6/28/2025 07:48:52,9.166,489.56,19.927,0,0
6/28/2025 07:49:02,9.169,489.418,19.927,0,0
6/28/2025 07:49:13,9.172,489.865,19.926,0,0
6/28/2025 07:49:23,9.175,490.241,19.926,0,0
6/28/2025 07:49:33,9.178,490.193,19.925,0,0
6/28/2025 07:49:43,9.18,490.166,19.924,0,0
6/28/2025 07:49:53,9.183,490.094,19.924,0,0
6/28/2025 07:50:04,9.186,489.604,19.923,0,0
6/28/2025 07:50:14,9.189,488.301,19.923,0,0
6/28/2025 07:50:24,9.192,487.96,19.924,0,0
6/28/2025 07:50:34,9.194,486.624,19.927,0,0
6/28/2025 07:50:44,9.197,486.427,19.93,0,0
6/28/2025 07:50:55,9.2,486.764,19.934,0,0
6/28/2025 07:51:05,9.203,486.827,19.935,0,0
6/28/2025 07:51:15,9.206,487.266,19.935,0,0
6/28/2025 07:51:25,9.209,487.3,19.935,0,0
6/28/2025 07:51:35,9.211,487.839,19.935,0,0
6/28/2025 07:51:46,9.214,488.489,19.935,0,0
6/28/2025 07:51:56,9.217,487.523,19.935,0,0
6/28/2025 07:52:06,9.22,487.401,19.935,0,0
6/28/2025 07:52:16,9.223,487.396,19.934,0,0
6/28/2025 07:52:26,9.226,487.407,19.932,0,0
6/28/2025 07:52:37,9.229,487.554,19.931,0,0
6/28/2025 07:52:47,9.231,487.934,19.931,0,0
6/28/2025 07:52:57,9.234,488.658,19.93,0,0
6/28/2025 07:53:07,9.237,489.666,19.93,0,0
6/28/2025 07:53:17,9.24,490.335,19.931,0,0
6/28/2025 07:53:28,9.243,492.078,19.932,0,0
6/28/2025 07:53:38,9.246,492.276,19.935,0,0
6/28/2025 07:53:48,9.248,492.158,19.939,0,0
6/28/2025 07:53:58,9.251,492.287,19.944,0,0
6/28/2025 07:54:08,9.254,492.683,19.945,0,0
6/28/2025 07:54:19,9.257,492.301,19.946,0,0
6/28/2025 07:54:29,9.26,491.318,19.946,0,0
6/28/2025 07:54:39,9.263,489.828,19.946,0,0
6/28/2025 07:54:49,9.265,489.435,19.946,0,0
6/28/2025 07:54:59,9.268,489.05,19.946,0,0
6/28/2025 07:55:10,9.271,487.875,19.945,0,0
6/28/2025 07:55:20,9.274,487.639,19.945,0,0
6/28/2025 07:55:30,9.277,487.409,19.945,0,0
6/28/2025 07:55:40,9.279,487.242,19.945,0,0
6/28/2025 07:55:50,9.282,487.29,19.945,0,0
6/28/2025 07:56:01,9.285,487.315,19.946,0,0
6/28/2025 07:56:11,9.288,487.158,19.948,0,0
6/28/2025 07:56:21,9.291,488.153,19.952,0,0
6/28/2025 07:56:31,9.294,488.192,19.955,0,0
6/28/2025 07:56:41,9.296,488.917,19.957,0,0
6/28/2025 07:56:52,9.299,489.623,19.958,0,0
6/28/2025 07:57:02,9.302,489.689,19.958,0,0
6/28/2025 07:57:12,9.305,489.85,19.958,0,0
6/28/2025 07:57:22,9.308,491.146,19.957,0,0
6/28/2025 07:57:32,9.311,492.104,19.956,0,0
6/28/2025 07:57:43,9.314,492.286,19.956,0,0
6/28/2025 07:57:53,9.316,491.92,19.955,0,0
6/28/2025 07:58:03,9.319,491.705,19.953,0,0
6/28/2025 07:58:13,9.322,491.635,19.951,0,0
6/28/2025 07:58:23,9.325,491.44,19.95,0,0
6/28/2025 07:58:34,9.328,490.924,19.95,0,0
6/28/2025 07:58:44,9.331,490.888,19.95,0,0
6/28/2025 07:58:54,9.333,492.394,19.95,0,0
6/28/2025 07:59:04,9.336,494.375,19.951,0,0
6/28/2025 07:59:14,9.339,494.816,19.955,0,0
6/28/2025 07:59:25,9.342,494.721,19.959,0,0
6/28/2025 07:59:35,9.345,494.496,19.961,0,0
6/28/2025 07:59:45,9.348,493.923,19.963,0,0
6/28/2025 07:59:55,9.35,493.392,19.964,0,0
6/28/2025 08:00:05,9.353,491.642,19.964,0,0
6/28/2025 08:00:16,9.356,491.291,19.964,0,0
6/28/2025 08:00:26,9.359,490.402,19.963,0,0
6/28/2025 08:00:36,9.362,489.671,19.963,0,0
6/28/2025 08:00:46,9.364,489.575,19.962,0,0
6/28/2025 08:00:56,9.367,489.417,19.962,0,0
6/28/2025 08:01:07,9.37,488.686,19.961,0,0
6/28/2025 08:01:17,9.373,488.982,19.961,0,0
6/28/2025 08:01:27,9.376,488.938,19.961,0,0
6/28/2025 08:01:37,9.379,488.84,19.961,0,0
6/28/2025 08:01:47,9.381,488.303,19.962,0,0
6/28/2025 08:01:58,9.384,488.094,19.965,0,0
6/28/2025 08:02:08,9.387,487.832,19.968,0,0
6/28/2025 08:02:18,9.39,487.151,19.971,0,0
6/28/2025 08:02:28,9.393,487.164,19.971,0,0
6/28/2025 08:02:38,9.396,487.318,19.971,0,0
6/28/2025 08:02:49,9.399,487.508,19.97,0,0
6/28/2025 08:02:59,9.401,487.598,19.969,0,0
6/28/2025 08:03:09,9.404,487.983,19.966,0,0
6/28/2025 08:03:19,9.407,488.045,19.961,0,0
6/28/2025 08:03:29,9.41,488.35,19.956,0,0
6/28/2025 08:03:40,9.413,489.032,19.953,0,0
6/28/2025 08:03:50,9.416,489.29,19.95,0,0
6/28/2025 08:04:00,9.418,489.315,19.948,0,0
6/28/2025 08:04:10,9.421,489.458,19.947,0,0
6/28/2025 08:04:21,9.424,490.52,19.947,0,0
6/28/2025 08:04:31,9.427,491.903,19.948,0,0
6/28/2025 08:04:41,9.43,491.285,19.949,0,0
6/28/2025 08:04:51,9.432,491.51,19.95,0,0
6/28/2025 08:05:01,9.435,491.58,19.952,0,0
6/28/2025 08:05:12,9.438,491.62,19.954,0,0
6/28/2025 08:05:22,9.441,492.004,19.954,0,0
6/28/2025 08:05:32,9.444,492.152,19.954,0,0
6/28/2025 08:05:42,9.447,490.205,19.955,0,0
6/28/2025 08:05:52,9.449,489.52,19.954,0,0
6/28/2025 08:06:03,9.453,490.721,19.954,0,0
6/28/2025 08:06:13,9.455,490.285,19.953,0,0
6/28/2025 08:06:23,9.458,489.615,19.952,0,0
6/28/2025 08:06:33,9.461,489.591,19.95,0,0
6/28/2025 08:06:43,9.464,489.568,19.949,0,0
6/28/2025 08:06:54,9.467,489.525,19.948,0,0
6/28/2025 08:07:04,9.469,488.621,19.948,0,0
6/28/2025 08:07:14,9.472,487.887,19.948,0,0
6/28/2025 08:07:24,9.475,486.889,19.948,0,0
6/28/2025 08:07:34,9.478,486.483,19.949,0,0
6/28/2025 08:07:45,9.481,486.295,19.949,0,0
6/28/2025 08:07:55,9.484,486.371,19.949,0,0
6/28/2025 08:08:05,9.486,486.777,19.949,0,0
6/28/2025 08:08:15,9.489,486.823,19.948,0,0
6/28/2025 08:08:25,9.492,486.845,19.946,0,0
6/28/2025 08:08:35,9.495,486.948,19.943,0,0
6/28/2025 08:08:46,9.498,486.677,19.941,0,0
6/28/2025 08:08:56,9.501,486.726,19.938,0,0
6/28/2025 08:09:06,9.503,486.79,19.933,0,0
6/28/2025 08:09:16,9.506,486.625,19.931,0,0
6/28/2025 08:09:27,9.509,486.566,19.929,0,0
6/28/2025 08:09:37,9.512,486.574,19.928,0,0
6/28/2025 08:09:47,9.515,487.952,19.927,0,0
6/28/2025 08:09:57,9.518,489.051,19.928,0,0
6/28/2025 08:10:07,9.52,488.983,19.929,0,0
6/28/2025 08:10:18,9.523,488.626,19.931,0,0
6/28/2025 08:10:28,9.526,488.818,19.933,0,0
6/28/2025 08:10:38,9.529,489.614,19.936,0,0
6/28/2025 08:10:48,9.532,489.659,19.937,0,0
6/28/2025 08:10:58,9.534,489.506,19.938,0,0
6/28/2025 08:11:09,9.538,489.423,19.938,0,0
6/28/2025 08:11:19,9.54,489.249,19.937,0,0
6/28/2025 08:11:29,9.543,487.479,19.938,0,0
6/28/2025 08:11:39,9.546,486.703,19.939,0,0
6/28/2025 08:11:49,9.549,486.643,19.939,0,0
6/28/2025 08:12:00,9.552,486.45,19.94,0,0
6/28/2025 08:12:10,9.554,485.992,19.94,0,0
6/28/2025 08:12:20,9.557,485.635,19.94,0,0
6/28/2025 08:12:30,9.56,485.671,19.941,0,0
6/28/2025 08:12:40,9.563,485.825,19.943,0,0
6/28/2025 08:12:51,9.566,484.542,19.948,0,0
6/28/2025 08:13:01,9.569,484.421,19.952,0,0
6/28/2025 08:13:11,9.571,484.111,19.956,0,0
6/28/2025 08:13:21,9.574,482.22,19.958,0,0
6/28/2025 08:13:31,9.577,481.825,19.959,0,0
6/28/2025 08:13:42,9.58,481.872,19.96,0,0
6/28/2025 08:13:52,9.583,481.914,19.959,0,0
6/28/2025 08:14:02,9.586,482.017,19.958,0,0
6/28/2025 08:14:12,9.588,482.259,19.956,0,0
6/28/2025 08:14:22,9.591,482.118,19.954,0,0
6/28/2025 08:14:33,9.594,482.192,19.951,0,0
6/28/2025 08:14:43,9.597,482.273,19.946,0,0
6/28/2025 08:14:53,9.6,482.197,19.942,0,0
6/28/2025 08:15:03,9.603,483.379,19.938,0,0
6/28/2025 08:15:13,9.605,485.378,19.936,0,0
6/28/2025 08:15:24,9.608,485.625,19.935,0,0
6/28/2025 08:15:34,9.611,487.194,19.935,0,0
6/28/2025 08:15:44,9.614,487.311,19.936,0,0
6/28/2025 08:15:54,9.617,487.277,19.938,0,0
6/28/2025 08:16:04,9.619,487.155,19.941,0,0
6/28/2025 08:16:15,9.623,486.565,19.944,0,0
6/28/2025 08:16:25,9.625,486.57,19.947,0,0
6/28/2025 08:16:35,9.628,486.51,19.947,0,0
6/28/2025 08:16:45,9.631,486.421,19.948,0,0
6/28/2025 08:16:55,9.634,486.388,19.948,0,0
6/28/2025 08:17:05,9.636,487.227,19.948,0,0
6/28/2025 08:17:16,9.639,488.013,19.948,0,0
6/28/2025 08:17:26,9.642,487.755,19.948,0,0
6/28/2025 08:17:36,9.645,487.105,19.948,0,0
6/28/2025 08:17:46,9.648,486.737,19.947,0,0
6/28/2025 08:17:56,9.651,486.553,19.947,0,0
6/28/2025 08:18:07,9.654,483.574,19.948,0,0
6/28/2025 08:18:17,9.656,482.679,19.949,0,0
6/28/2025 08:18:27,9.659,482.262,19.951,0,0
6/28/2025 08:18:37,9.662,482.124,19.953,0,0
6/28/2025 08:18:47,9.665,482.046,19.956,0,0
6/28/2025 08:18:58,9.668,481.941,19.96,0,0
6/28/2025 08:19:08,9.671,481.989,19.963,0,0
6/28/2025 08:19:18,9.673,482.458,19.965,0,0
6/28/2025 08:19:28,9.676,482.577,19.966,0,0
6/28/2025 08:19:38,9.679,482.576,19.967,0,0
6/28/2025 08:19:49,9.682,482.332,19.966,0,0
6/28/2025 08:19:59,9.685,482.321,19.966,0,0
6/28/2025 08:20:09,9.688,482.336,19.965,0,0
6/28/2025 08:20:19,9.69,482.359,19.964,0,0
6/28/2025 08:20:29,9.693,481.879,19.963,0,0
6/28/2025 08:20:40,9.696,481.611,19.961,0,0
6/28/2025 08:20:50,9.699,481.588,19.961,0,0
6/28/2025 08:21:00,9.702,481.378,19.961,0,0
6/28/2025 08:21:10,9.704,481.16,19.961,0,0
6/28/2025 08:21:20,9.707,482.773,19.964,0,0
6/28/2025 08:21:31,9.71,482.894,19.966,0,0
6/28/2025 08:21:41,9.713,483.809,19.968,0,0
6/28/2025 08:21:51,9.716,483.835,19.969,0,0
6/28/2025 08:22:01,9.719,483.823,19.971,0,0
6/28/2025 08:22:12,9.722,483.857,19.972,0,0
6/28/2025 08:22:22,9.724,483.929,19.972,0,0
6/28/2025 08:22:32,9.727,483.796,19.973,0,0
6/28/2025 08:22:42,9.73,483.738,19.973,0,0
6/28/2025 08:22:52,9.733,483.411,19.972,0,0
6/28/2025 08:23:03,9.736,482.983,19.972,0,0
6/28/2025 08:23:13,9.739,482.963,19.972,0,0
6/28/2025 08:23:23,9.741,482.803,19.971,0,0
6/28/2025 08:23:33,9.744,482.583,19.972,0,0
6/28/2025 08:23:43,9.747,480.666,19.972,0,0
6/28/2025 08:23:54,9.75,479.429,19.973,0,0
6/28/2025 08:24:04,9.753,479.276,19.976,0,0
6/28/2025 08:24:14,9.756,479.496,19.98,0,0
6/28/2025 08:24:24,9.758,479.724,19.984,0,0
6/28/2025 08:24:34,9.761,480.007,19.989,0,0
6/28/2025 08:24:45,9.764,479.994,19.99,0,0
6/28/2025 08:24:55,9.767,479.975,19.99,0,0
6/28/2025 08:25:05,9.77,480.07,19.99,0,0
6/28/2025 08:25:15,9.773,481.666,19.989,0,0
6/28/2025 08:25:25,9.775,481.717,19.988,0,0
6/28/2025 08:25:36,9.778,481.968,19.986,0,0
6/28/2025 08:25:46,9.781,482.275,19.985,0,0
6/28/2025 08:25:56,9.784,482.533,19.982,0,0
6/28/2025 08:26:06,9.787,482.545,19.98,0,0
6/28/2025 08:26:16,9.789,482.729,19.98,0,0
6/28/2025 08:26:27,9.793,484.08,19.98,0,0
6/28/2025 08:26:37,9.795,484.611,19.98,0,0
6/28/2025 08:26:47,9.798,484.612,19.981,0,0
6/28/2025 08:26:57,9.801,484.645,19.983,0,0
6/28/2025 08:27:07,9.804,484.945,19.985,0,0
6/28/2025 08:27:18,9.807,485.098,19.987,0,0
6/28/2025 08:27:28,9.809,485.171,19.987,0,0
6/28/2025 08:27:38,9.812,485.123,19.987,0,0
6/28/2025 08:27:48,9.815,484.812,19.987,0,0
6/28/2025 08:27:58,9.818,483.536,19.986,0,0
6/28/2025 08:28:09,9.821,483.31,19.982,0,0
6/28/2025 08:28:19,9.824,482.688,19.978,0,0
6/28/2025 08:28:29,9.826,482.601,19.975,0,0
6/28/2025 08:28:39,9.829,482.493,19.971,0,0
6/28/2025 08:28:49,9.832,482.315,19.968,0,0
6/28/2025 08:29:00,9.835,481.721,19.966,0,0
6/28/2025 08:29:10,9.838,481.716,19.965,0,0
6/28/2025 08:29:20,9.841,480.991,19.965,0,0
6/28/2025 08:29:30,9.843,480.976,19.965,0,0
6/28/2025 08:29:40,9.846,480.887,19.965,0,0
6/28/2025 08:29:51,9.849,480.077,19.965,0,0
6/28/2025 08:30:01,9.852,480.915,19.966,0,0
6/28/2025 08:30:11,9.855,481.947,19.966,0,0
6/28/2025 08:30:21,9.858,481.967,19.966,0,0
6/28/2025 08:30:31,9.86,482.114,19.964,0,0
6/28/2025 08:30:42,9.863,482.164,19.961,0,0
6/28/2025 08:30:52,9.866,482.28,19.958,0,0
6/28/2025 08:31:02,9.869,482.887,19.953,0,0
6/28/2025 08:31:12,9.872,482.763,19.949,0,0
6/28/2025 08:31:22,9.874,483.295,19.942,0,0
6/28/2025 08:31:33,9.878,483.658,19.939,0,0
6/28/2025 08:31:43,9.88,483.814,19.937,0,0
6/28/2025 08:31:53,9.883,484.309,19.935,0,0
6/28/2025 08:32:03,9.886,484.607,19.934,0,0
6/28/2025 08:32:13,9.889,484.451,19.934,0,0
6/28/2025 08:32:24,9.892,484.466,19.936,0,0
6/28/2025 08:32:34,9.894,485.706,19.94,0,0
6/28/2025 08:32:44,9.897,485.641,19.943,0,0
6/28/2025 08:32:54,9.9,485.564,19.947,0,0
6/28/2025 08:33:04,9.903,484.33,19.95,0,0
6/28/2025 08:33:15,9.906,483.498,19.953,0,0
6/28/2025 08:33:25,9.909,483.541,19.954,0,0
6/28/2025 08:33:35,9.911,483.182,19.954,0,0
6/28/2025 08:33:45,9.914,482.923,19.954,0,0
6/28/2025 08:33:55,9.917,482.845,19.953,0,0
6/28/2025 08:34:06,9.92,482.767,19.952,0,0
6/28/2025 08:34:16,9.923,482.827,19.952,0,0
6/28/2025 08:34:26,9.926,482.883,19.951,0,0
6/28/2025 08:34:36,9.928,482.928,19.951,0,0
6/28/2025 08:34:46,9.931,482.931,19.951,0,0
6/28/2025 08:34:57,9.934,482.949,19.952,0,0
6/28/2025 08:35:07,9.937,482.928,19.953,0,0
6/28/2025 08:35:17,9.94,482.733,19.955,0,0
6/28/2025 08:35:27,9.943,482.697,19.96,0,0
6/28/2025 08:35:37,9.945,482.526,19.964,0,0
6/28/2025 08:35:48,9.948,482.123,19.967,0,0
6/28/2025 08:35:58,9.951,481.806,19.967,0,0
6/28/2025 08:36:08,9.954,478.436,19.967,0,0
6/28/2025 08:36:18,9.957,478.407,19.965,0,0
6/28/2025 08:36:28,9.959,478.227,19.963,0,0
6/28/2025 08:36:39,9.963,478.28,19.959,0,0
6/28/2025 08:36:49,9.965,478.071,19.956,0,0
6/28/2025 08:36:59,9.968,478.237,19.954,0,0
6/28/2025 08:37:09,9.971,478.445,19.952,0,0
6/28/2025 08:37:19,9.974,478.467,19.951,0,0
6/28/2025 08:37:30,9.977,478.42,19.951,0,0
6/28/2025 08:37:40,9.979,477.877,19.951,0,0
6/28/2025 08:37:50,9.982,478.549,19.951,0,0
6/28/2025 08:38:00,9.985,479,19.952,0,0
6/28/2025 08:38:10,9.988,479.279,19.954,0,0
6/28/2025 08:38:21,9.991,481.493,19.958,0,0
6/28/2025 08:38:31,9.994,481.924,19.962,0,0
6/28/2025 08:38:41,9.996,482.397,19.964,0,0
6/28/2025 08:38:51,9.999,481.465,19.965,0,0
6/28/2025 08:39:01,10.002,480.758,19.965,0,0
6/28/2025 08:39:12,10.005,480.174,19.965,0,0
6/28/2025 08:39:22,10.008,480.099,19.964,0,0
6/28/2025 08:39:32,10.011,480.152,19.963,0,0
6/28/2025 08:39:42,10.013,479.983,19.962,0,0
6/28/2025 08:39:52,10.016,479.885,19.961,0,0
6/28/2025 08:40:03,10.019,479.969,19.961,0,0
6/28/2025 08:40:13,10.022,480.176,19.961,0,0
6/28/2025 08:40:23,10.025,479.502,19.961,0,0
6/28/2025 08:40:33,10.028,479.291,19.961,0,0
6/28/2025 08:40:43,10.03,479.261,19.961,0,0
6/28/2025 08:40:54,10.033,479.22,19.962,0,0
6/28/2025 08:41:04,10.036,479.554,19.963,0,0
6/28/2025 08:41:14,10.039,479.769,19.963,0,0
6/28/2025 08:41:24,10.042,479.447,19.963,0,0
6/28/2025 08:41:34,10.044,479.444,19.963,0,0
6/28/2025 08:41:45,10.048,479.477,19.961,0,0
6/28/2025 08:41:55,10.05,479.324,19.958,0,0
6/28/2025 08:42:05,10.053,479.375,19.955,0,0
6/28/2025 08:42:15,10.056,479.745,19.952,0,0
6/28/2025 08:42:25,10.059,479.767,19.949,0,0
6/28/2025 08:42:36,10.062,479.853,19.946,0,0
6/28/2025 08:42:46,10.064,480.959,19.943,0,0
6/28/2025 08:42:56,10.067,481.248,19.942,0,0
6/28/2025 08:43:06,10.07,481.307,19.942,0,0
6/28/2025 08:43:16,10.073,480.383,19.942,0,0
6/28/2025 08:43:27,10.076,478.819,19.942,0,0
6/28/2025 08:43:37,10.079,479.197,19.944,0,0
6/28/2025 08:43:47,10.081,479.102,19.947,0,0
6/28/2025 08:43:57,10.084,478.977,19.952,0,0
6/28/2025 08:44:07,10.087,478.905,19.956,0,0
6/28/2025 08:44:18,10.09,478.913,19.958,0,0
6/28/2025 08:44:28,10.093,479.851,19.958,0,0
6/28/2025 08:44:38,10.096,481.378,19.958,0,0
6/28/2025 08:44:48,10.098,480.343,19.958,0,0
6/28/2025 08:44:58,10.101,479.58,19.957,0,0
6/28/2025 08:45:09,10.104,479.512,19.956,0,0
6/28/2025 08:45:19,10.107,479.49,19.956,0,0
6/28/2025 08:45:29,10.11,479.485,19.956,0,0
6/28/2025 08:45:39,10.113,479.512,19.956,0,0
6/28/2025 08:45:49,10.115,479.354,19.957,0,0
6/28/2025 08:46:00,10.118,479.714,19.959,0,0
6/28/2025 08:46:10,10.121,481.328,19.961,0,0
6/28/2025 08:46:20,10.124,480.768,19.965,0,0
6/28/2025 08:46:30,10.127,480.453,19.972,0,0
6/28/2025 08:46:40,10.129,480.122,19.979,0,0
6/28/2025 08:46:51,10.133,480.359,19.983,0,0
6/28/2025 08:47:01,10.135,480.158,19.986,0,0
6/28/2025 08:47:11,10.138,480.624,19.987,0,0
6/28/2025 08:47:21,10.141,480.882,19.986,0,0
6/28/2025 08:47:31,10.144,482.976,19.985,0,0
6/28/2025 08:47:42,10.147,482.39,19.984,0,0
6/28/2025 08:47:52,10.149,482.273,19.982,0,0
6/28/2025 08:48:02,10.152,481.523,19.98,0,0
6/28/2025 08:48:12,10.155,480.8,19.979,0,0
6/28/2025 08:48:22,10.158,480.237,19.978,0,0
6/28/2025 08:48:33,10.161,480.283,19.978,0,0
6/28/2025 08:48:43,10.164,480.256,19.978,0,0
6/28/2025 08:48:53,10.166,479.728,19.978,0,0
6/28/2025 08:49:03,10.169,479.814,19.978,0,0
6/28/2025 08:49:13,10.172,479.72,19.98,0,0
6/28/2025 08:49:24,10.175,479.805,19.982,0,0
6/28/2025 08:49:34,10.178,479.871,19.986,0,0
6/28/2025 08:49:44,10.181,479.83,19.991,0,0
6/28/2025 08:49:54,10.183,479.885,19.996,0,0
6/28/2025 08:50:04,10.186,479.515,19.998,0,0
6/28/2025 08:50:15,10.189,479.259,19.999,0,0
6/28/2025 08:50:25,10.192,479.177,19.999,0,0
6/28/2025 08:50:35,10.195,479.197,19.999,0,0
6/28/2025 08:50:45,10.198,479.064,19.998,0,0
6/28/2025 08:50:55,10.2,479.089,19.997,0,0
6/28/2025 08:51:06,10.203,479.381,19.996,0,0
6/28/2025 08:51:16,10.206,478.887,19.996,0,0
6/28/2025 08:51:26,10.209,478.818,19.996,0,0
6/28/2025 08:51:36,10.212,479.011,19.996,0,0
6/28/2025 08:51:46,10.214,478.975,19.996,0,0
6/28/2025 08:51:57,10.218,478.223,19.996,0,0
6/28/2025 08:52:07,10.22,478.008,19.998,0,0
6/28/2025 08:52:17,10.223,477.945,20,0,0
6/28/2025 08:52:27,10.226,476.992,20,0,0
6/28/2025 08:52:37,10.229,476.319,20,0,0
6/28/2025 08:52:48,10.232,476.87,20,0,0
6/28/2025 08:52:58,10.234,477.412,19.999,0,0
6/28/2025 08:53:08,10.237,476.874,19.999,0,0
6/28/2025 08:53:18,10.24,476.712,19.997,0,0
6/28/2025 08:53:28,10.243,477.488,19.994,0,0
6/28/2025 08:53:39,10.246,477.67,19.99,0,0
6/28/2025 08:53:49,10.249,478.343,19.986,0,0
6/28/2025 08:53:59,10.251,478.416,19.983,0,0
6/28/2025 08:54:09,10.254,478.161,19.982,0,0
6/28/2025 08:54:19,10.257,477.837,19.982,0,0
6/28/2025 08:54:30,10.26,477.554,19.983,0,0
6/28/2025 08:54:40,10.263,477.625,19.986,0,0
6/28/2025 08:54:50,10.266,478.023,19.988,0,0
6/28/2025 08:55:00,10.268,478.458,19.991,0,0
6/28/2025 08:55:10,10.271,478.518,19.994,0,0
6/28/2025 08:55:21,10.274,478.421,19.996,0,0
6/28/2025 08:55:31,10.277,478.393,19.996,0,0
6/28/2025 08:55:41,10.28,478.861,19.997,0,0
6/28/2025 08:55:51,10.283,478.852,19.997,0,0
6/28/2025 08:56:01,10.285,478.846,19.996,0,0
6/28/2025 08:56:12,10.288,478.703,19.995,0,0
6/28/2025 08:56:22,10.291,477.869,19.994,0,0
6/28/2025 08:56:32,10.294,476.282,19.994,0,0
6/28/2025 08:56:42,10.297,476.35,19.993,0,0
6/28/2025 08:56:52,10.299,476.403,19.993,0,0
6/28/2025 08:57:03,10.303,476.56,19.993,0,0
6/28/2025 08:57:13,10.305,476.119,19.993,0,0
6/28/2025 08:57:23,10.308,476.046,19.993,0,0
6/28/2025 08:57:33,10.311,475.63,19.995,0,0
6/28/2025 08:57:43,10.314,475.58,19.999,0,0
6/28/2025 08:57:54,10.317,475.369,20.004,0,0
6/28/2025 08:58:04,10.319,475.25,20.007,0,0
6/28/2025 08:58:14,10.322,475.754,20.007,0,0
6/28/2025 08:58:24,10.325,475.782,20.007,0,0
6/28/2025 08:58:34,10.328,475.671,20.005,0,0
6/28/2025 08:58:45,10.331,475.862,20.003,0,0
6/28/2025 08:58:55,10.334,476.008,19.999,0,0
6/28/2025 08:59:05,10.336,474.888,19.995,0,0
6/28/2025 08:59:15,10.339,474.765,19.989,0,0
6/28/2025 08:59:25,10.342,474.793,19.986,0,0
6/28/2025 08:59:36,10.345,476.075,19.985,0,0
6/28/2025 08:59:46,10.348,476.475,19.985,0,0
6/28/2025 08:59:56,10.351,477.021,19.985,0,0
6/28/2025 09:00:06,10.353,477.884,19.986,0,0
6/28/2025 09:00:16,10.356,478.137,19.988,0,0
6/28/2025 09:00:27,10.359,478.299,19.991,0,0
6/28/2025 09:00:37,10.362,478.376,19.995,0,0
6/28/2025 09:00:47,10.365,478.549,19.997,0,0
6/28/2025 09:00:57,10.368,478.563,20,0,0
6/28/2025 09:01:07,10.37,478.595,20,0,0
6/28/2025 09:01:18,10.373,478.59,20.001,0,0
6/28/2025 09:01:28,10.376,478.478,20,0,0
6/28/2025 09:01:38,10.379,477.986,19.999,0,0
6/28/2025 09:01:48,10.382,477.612,19.997,0,0
6/28/2025 09:01:58,10.384,477.685,19.994,0,0
6/28/2025 09:02:09,10.388,477.428,19.992,0,0
6/28/2025 09:02:19,10.39,477.417,19.991,0,0
6/28/2025 09:02:29,10.393,477.805,19.988,0,0
6/28/2025 09:02:39,10.396,477.8,19.987,0,0
6/28/2025 09:02:49,10.399,478.029,19.987,0,0
6/28/2025 09:03:00,10.402,477.742,19.987,0,0
6/28/2025 09:03:10,10.404,476.62,19.988,0,0
6/28/2025 09:03:20,10.407,476.021,19.989,0,0
6/28/2025 09:03:30,10.41,475.911,19.99,0,0
6/28/2025 09:03:40,10.413,475.835,19.992,0,0
6/28/2025 09:03:51,10.416,475.635,19.992,0,0
6/28/2025 09:04:01,10.419,475.351,19.991,0,0
6/28/2025 09:04:11,10.421,475.31,19.988,0,0
6/28/2025 09:04:21,10.424,475.371,19.985,0,0
6/28/2025 09:04:31,10.427,475.634,19.982,0,0
6/28/2025 09:04:42,10.43,475.511,19.976,0,0
6/28/2025 09:04:52,10.433,476.04,19.972,0,0
6/28/2025 09:05:02,10.436,476.194,19.97,0,0
6/28/2025 09:05:12,10.438,476.64,19.968,0,0
6/28/2025 09:05:22,10.441,476.918,19.967,0,0
6/28/2025 09:05:33,10.444,477.782,19.967,0,0
6/28/2025 09:05:43,10.447,477.765,19.967,0,0
6/28/2025 09:05:53,10.45,477.969,19.967,0,0
6/28/2025 09:06:03,10.453,478.082,19.969,0,0
6/28/2025 09:06:13,10.455,478.102,19.972,0,0
6/28/2025 09:06:24,10.458,477.86,19.974,0,0
6/28/2025 09:06:34,10.461,478.015,19.975,0,0
6/28/2025 09:06:44,10.464,478.016,19.975,0,0
6/28/2025 09:06:54,10.467,477.843,19.975,0,0
6/28/2025 09:07:04,10.469,477.726,19.975,0,0
6/28/2025 09:07:15,10.473,477.929,19.974,0,0
6/28/2025 09:07:25,10.475,479.423,19.973,0,0
6/28/2025 09:07:35,10.478,478.944,19.971,0,0
6/28/2025 09:07:45,10.481,478.861,19.97,0,0
6/28/2025 09:07:55,10.484,477.21,19.969,0,0
6/28/2025 09:08:06,10.487,476.897,19.968,0,0
6/28/2025 09:08:16,10.489,476.275,19.969,0,0
6/28/2025 09:08:26,10.492,476.261,19.97,0,0
6/28/2025 09:08:36,10.495,476.322,19.974,0,0
6/28/2025 09:08:46,10.498,476.016,19.979,0,0
6/28/2025 09:08:57,10.501,476.035,19.984,0,0
6/28/2025 09:09:07,10.504,476.04,19.987,0,0
6/28/2025 09:09:17,10.506,475.806,19.989,0,0
6/28/2025 09:09:27,10.509,474.604,19.989,0,0
6/28/2025 09:09:37,10.512,473.851,19.989,0,0
6/28/2025 09:09:48,10.515,474.655,19.989,0,0
6/28/2025 09:09:58,10.518,475.693,19.988,0,0
6/28/2025 09:10:08,10.521,475.378,19.987,0,0
6/28/2025 09:10:18,10.523,475.389,19.985,0,0
6/28/2025 09:10:28,10.526,475.879,19.982,0,0
6/28/2025 09:10:39,10.529,476.142,19.981,0,0
6/28/2025 09:10:49,10.532,476.14,19.981,0,0
6/28/2025 09:10:59,10.535,476.227,19.981,0,0
6/28/2025 09:11:09,10.538,476.008,19.981,0,0
6/28/2025 09:11:19,10.54,475.343,19.983,0,0
6/28/2025 09:11:30,10.543,475.539,19.984,0,0
6/28/2025 09:11:40,10.546,475.803,19.988,0,0
6/28/2025 09:11:50,10.549,476.53,19.991,0,0
6/28/2025 09:12:00,10.552,476.108,19.994,0,0
6/28/2025 09:12:10,10.554,475.523,19.995,0,0
6/28/2025 09:12:21,10.557,475.656,19.995,0,0
6/28/2025 09:12:31,10.56,475.89,19.995,0,0
6/28/2025 09:12:41,10.563,476.433,19.995,0,0
6/28/2025 09:12:51,10.566,477.162,19.994,0,0
6/28/2025 09:13:01,10.569,477.031,19.993,0,0
6/28/2025 09:13:12,10.572,477.152,19.991,0,0
6/28/2025 09:13:22,10.574,477.067,19.991,0,0
6/28/2025 09:13:32,10.577,477.284,19.99,0,0
6/28/2025 09:13:42,10.58,477.3,19.99,0,0
6/28/2025 09:13:52,10.583,477.272,19.99,0,0
6/28/2025 09:14:03,10.586,477.221,19.99,0,0
6/28/2025 09:14:13,10.589,476.614,19.991,0,0
6/28/2025 09:14:23,10.591,476.119,19.994,0,0
6/28/2025 09:14:33,10.594,474.127,19.997,0,0
6/28/2025 09:14:43,10.597,473.875,19.999,0,0
6/28/2025 09:14:54,10.6,474.018,19.999,0,0
6/28/2025 09:15:04,10.603,472.808,19.999,0,0
6/28/2025 09:15:14,10.606,472.709,19.999,0,0
6/28/2025 09:15:24,10.608,472.634,19.997,0,0
6/28/2025 09:15:34,10.611,473.02,19.994,0,0
6/28/2025 09:15:45,10.614,473.459,19.988,0,0
6/28/2025 09:15:55,10.617,473.892,19.983,0,0
6/28/2025 09:16:05,10.62,474.257,19.979,0,0
6/28/2025 09:16:15,10.622,474.419,19.972,0,0
6/28/2025 09:16:25,10.625,474.731,19.968,0,0
6/28/2025 09:16:36,10.628,474.807,19.967,0,0
6/28/2025 09:16:46,10.631,474.885,19.967,0,0
6/28/2025 09:16:56,10.634,474.864,19.968,0,0
6/28/2025 09:17:06,10.637,474.875,19.97,0,0
6/28/2025 09:17:16,10.639,476.318,19.973,0,0
6/28/2025 09:17:27,10.643,476.544,19.977,0,0
6/28/2025 09:17:37,10.645,476.366,19.98,0,0
6/28/2025 09:17:47,10.648,475.633,19.982,0,0
6/28/2025 09:17:57,10.651,474.824,19.982,0,0
6/28/2025 09:18:07,10.654,474.711,19.982,0,0
6/28/2025 09:18:18,10.657,475.039,19.981,0,0
6/28/2025 09:18:28,10.659,474.884,19.98,0,0
6/28/2025 09:18:38,10.662,474.734,19.979,0,0
6/28/2025 09:18:48,10.665,474.441,19.977,0,0
6/28/2025 09:18:58,10.668,474.421,19.976,0,0
6/28/2025 09:19:09,10.671,474.398,19.975,0,0
6/28/2025 09:19:19,10.674,475.071,19.974,0,0
6/28/2025 09:19:29,10.676,475.022,19.974,0,0
6/28/2025 09:19:39,10.679,474.928,19.974,0,0
6/28/2025 09:19:49,10.682,474.444,19.976,0,0
6/28/2025 09:20:00,10.685,474.185,19.979,0,0
6/28/2025 09:20:10,10.688,473.833,19.983,0,0
6/28/2025 09:20:20,10.691,473.792,19.985,0,0
6/28/2025 09:20:30,10.693,473.495,19.985,0,0
6/28/2025 09:20:40,10.696,473.541,19.984,0,0
6/28/2025 09:20:51,10.699,473.38,19.981,0,0
6/28/2025 09:21:01,10.702,473.161,19.978,0,0
6/28/2025 09:21:11,10.705,473.307,19.976,0,0
6/28/2025 09:21:21,10.708,473.559,19.973,0,0
6/28/2025 09:21:31,10.71,473.435,19.971,0,0
6/28/2025 09:21:42,10.713,473.415,19.969,0,0
6/28/2025 09:21:52,10.716,473.378,19.968,0,0
6/28/2025 09:22:02,10.719,473.421,19.967,0,0
6/28/2025 09:22:12,10.722,474.133,19.966,0,0
6/28/2025 09:22:22,10.724,474.273,19.967,0,0
6/28/2025 09:22:33,10.728,474.528,19.968,0,0
6/28/2025 09:22:43,10.73,474.571,19.971,0,0
6/28/2025 09:22:53,10.733,474.668,19.978,0,0
6/28/2025 09:23:03,10.736,475.347,19.984,0,0
6/28/2025 09:23:13,10.739,476.028,19.986,0,0
6/28/2025 09:23:24,10.742,476.181,19.987,0,0
6/28/2025 09:23:34,10.744,474.593,19.988,0,0
6/28/2025 09:23:44,10.747,472.739,19.987,0,0
6/28/2025 09:23:54,10.75,472.181,19.987,0,0
6/28/2025 09:24:04,10.753,471.028,19.986,0,0
6/28/2025 09:24:15,10.756,470.158,19.985,0,0
6/28/2025 09:24:25,10.759,469.874,19.984,0,0
6/28/2025 09:24:35,10.761,469.636,19.984,0,0
6/28/2025 09:24:45,10.764,468.703,19.984,0,0
6/28/2025 09:24:55,10.767,469.077,19.984,0,0
6/28/2025 09:25:06,10.77,469.025,19.985,0,0
6/28/2025 09:25:16,10.773,468.9,19.987,0,0
6/28/2025 09:25:26,10.776,468.704,19.991,0,0
6/28/2025 09:25:36,10.778,469.665,19.996,0,0
6/28/2025 09:25:46,10.781,469.032,19.999,0,0
6/28/2025 09:25:57,10.784,469.072,20.001,0,0
6/28/2025 09:26:07,10.787,470.297,20.001,0,0
6/28/2025 09:26:17,10.79,471.225,20,0,0
6/28/2025 09:26:27,10.793,471.925,19.997,0,0
6/28/2025 09:26:38,10.796,471.873,19.993,0,0
6/28/2025 09:26:48,10.798,471.817,19.989,0,0
6/28/2025 09:26:58,10.801,472.089,19.986,0,0
6/28/2025 09:27:08,10.804,472.207,19.981,0,0
6/28/2025 09:27:18,10.807,472.054,19.977,0,0
6/28/2025 09:27:29,10.81,472.177,19.974,0,0
6/28/2025 09:27:39,10.813,472.159,19.973,0,0
6/28/2025 09:27:49,10.815,472.242,19.973,0,0
6/28/2025 09:27:59,10.818,472.181,19.972,0,0
6/28/2025 09:28:09,10.821,469.583,19.973,0,0
6/28/2025 09:28:20,10.824,469.408,19.975,0,0
6/28/2025 09:28:30,10.827,469.521,19.979,0,0
6/28/2025 09:28:40,10.829,469.984,19.982,0,0
6/28/2025 09:28:50,10.832,470.622,19.987,0,0
6/28/2025 09:29:00,10.835,470.608,19.99,0,0
6/28/2025 09:29:11,10.838,470.373,19.99,0,0
6/28/2025 09:29:21,10.841,470.269,19.99,0,0
6/28/2025 09:29:31,10.844,470.521,19.989,0,0
6/28/2025 09:29:41,10.846,470.532,19.988,0,0
6/28/2025 09:29:51,10.849,469.969,19.986,0,0
6/28/2025 09:30:02,10.852,468.47,19.985,0,0
6/28/2025 09:30:12,10.855,468.682,19.984,0,0
6/28/2025 09:30:22,10.858,469.681,19.984,0,0
6/28/2025 09:30:32,10.861,469.79,19.983,0,0
6/28/2025 09:30:42,10.863,470.002,19.984,0,0
6/28/2025 09:30:53,10.866,469.999,19.985,0,0
6/28/2025 09:31:03,10.869,468.891,19.986,0,0
6/28/2025 09:31:13,10.872,468.711,19.989,0,0
6/28/2025 09:31:23,10.875,468.94,19.99,0,0
6/28/2025 09:31:33,10.878,468.453,19.99,0,0
6/28/2025 09:31:44,10.881,468.124,19.989,0,0
6/28/2025 09:31:54,10.883,467.96,19.987,0,0
6/28/2025 09:32:04,10.886,467.264,19.984,0,0
6/28/2025 09:32:14,10.889,467.476,19.98,0,0
6/28/2025 09:32:24,10.892,468.756,19.976,0,0
6/28/2025 09:32:35,10.895,468.842,19.972,0,0
6/28/2025 09:32:45,10.898,468.782,19.969,0,0
6/28/2025 09:32:55,10.9,468.78,19.968,0,0
6/28/2025 09:33:05,10.903,468.914,19.967,0,0
6/28/2025 09:33:15,10.906,469.575,19.966,0,0
6/28/2025 09:33:25,10.909,469.572,19.965,0,0
6/28/2025 09:33:36,10.912,469.235,19.966,0,0
6/28/2025 09:33:46,10.914,470.136,19.967,0,0
6/28/2025 09:33:56,10.917,470.851,19.971,0,0
6/28/2025 09:34:06,10.92,470.749,19.975,0,0
6/28/2025 09:34:17,10.923,470.758,19.98,0,0
6/28/2025 09:34:27,10.926,470.819,19.983,0,0
6/28/2025 09:34:37,10.929,470.924,19.984,0,0
6/28/2025 09:34:47,10.931,471.101,19.984,0,0
6/28/2025 09:34:57,10.934,470.429,19.984,0,0
6/28/2025 09:35:08,10.937,470.358,19.983,0,0
6/28/2025 09:35:18,10.94,470.251,19.982,0,0
6/28/2025 09:35:28,10.943,470.23,19.979,0,0
6/28/2025 09:35:38,10.946,470.145,19.977,0,0
6/28/2025 09:35:48,10.948,470.332,19.976,0,0
6/28/2025 09:35:59,10.951,470.367,19.975,0,0
6/28/2025 09:36:09,10.954,469.873,19.975,0,0
6/28/2025 09:36:19,10.957,469.474,19.974,0,0
6/28/2025 09:36:29,10.96,469.395,19.973,0,0
6/28/2025 09:36:39,10.963,469.4,19.973,0,0
6/28/2025 09:36:50,10.966,469.407,19.973,0,0
6/28/2025 09:37:00,10.968,469.335,19.973,0,0
6/28/2025 09:37:10,10.971,467.734,19.973,0,0
6/28/2025 09:37:20,10.974,467.721,19.972,0,0
6/28/2025 09:37:30,10.977,467.724,19.971,0,0
6/28/2025 09:37:41,10.98,467.875,19.968,0,0
6/28/2025 09:37:51,10.983,468.23,19.966,0,0
6/28/2025 09:38:01,10.985,468.461,19.961,0,0
6/28/2025 09:38:11,10.988,468.136,19.958,0,0
6/28/2025 09:38:21,10.991,467.491,19.953,0,0
6/28/2025 09:38:32,10.994,467.663,19.948,0,0
6/28/2025 09:38:42,10.997,467.783,19.945,0,0
6/28/2025 09:38:52,10.999,467.719,19.942,0,0
6/28/2025 09:39:02,11.002,467.848,19.942,0,0
6/28/2025 09:39:12,11.005,468.003,19.942,0,0
6/28/2025 09:39:23,11.008,467.991,19.943,0,0
6/28/2025 09:39:33,11.011,467.817,19.946,0,0
6/28/2025 09:39:43,11.014,468.984,19.948,0,0
6/28/2025 09:39:53,11.016,469.02,19.95,0,0
6/28/2025 09:40:03,11.019,468.503,19.951,0,0
6/28/2025 09:40:14,11.022,468.438,19.952,0,0
6/28/2025 09:40:24,11.025,468.151,19.951,0,0
6/28/2025 09:40:34,11.028,467.907,19.95,0,0
6/28/2025 09:40:44,11.031,467.727,19.948,0,0
6/28/2025 09:40:54,11.033,468.14,19.946,0,0
6/28/2025 09:41:05,11.036,469.131,19.943,0,0
6/28/2025 09:41:15,11.039,467.617,19.942,0,0
6/28/2025 09:41:25,11.042,467.06,19.942,0,0
6/28/2025 09:41:35,11.045,466.935,19.942,0,0
6/28/2025 09:41:45,11.048,465.173,19.943,0,0
6/28/2025 09:41:56,11.051,464.933,19.945,0,0
6/28/2025 09:42:06,11.053,464.047,19.95,0,0
6/28/2025 09:42:16,11.056,463.365,19.957,0,0
6/28/2025 09:42:26,11.059,463.356,19.966,0,0
6/28/2025 09:42:36,11.062,463.547,19.971,0,0
6/28/2025 09:42:47,11.065,463.641,19.973,0,0
6/28/2025 09:42:57,11.068,464.338,19.973,0,0
6/28/2025 09:43:07,11.07,465.213,19.973,0,0
6/28/2025 09:43:17,11.073,465.35,19.973,0,0
6/28/2025 09:43:27,11.076,466.031,19.972,0,0
6/28/2025 09:43:38,11.079,466.284,19.971,0,0
6/28/2025 09:43:48,11.082,466.263,19.971,0,0
6/28/2025 09:43:58,11.084,466.214,19.97,0,0
6/28/2025 09:44:08,11.087,466.155,19.97,0,0
6/28/2025 09:44:18,11.09,466.326,19.969,0,0
6/28/2025 09:44:29,11.093,467.001,19.969,0,0
6/28/2025 09:44:39,11.096,467.319,19.97,0,0
6/28/2025 09:44:49,11.099,467.406,19.972,0,0
6/28/2025 09:44:59,11.101,467.446,19.975,0,0
6/28/2025 09:45:09,11.104,467.379,19.978,0,0
6/28/2025 09:45:20,11.107,467.139,19.981,0,0
6/28/2025 09:45:30,11.11,467.065,19.984,0,0
6/28/2025 09:45:40,11.113,467.13,19.985,0,0
6/28/2025 09:45:50,11.116,466.774,19.986,0,0
6/28/2025 09:46:00,11.118,464.929,19.986,0,0
6/28/2025 09:46:11,11.121,465.447,19.986,0,0
6/28/2025 09:46:21,11.124,465.86,19.983,0,0
6/28/2025 09:46:31,11.127,465.913,19.981,0,0
6/28/2025 09:46:41,11.13,465.837,19.98,0,0
6/28/2025 09:46:51,11.133,465.202,19.978,0,0
6/28/2025 09:47:02,11.136,464.319,19.977,0,0
6/28/2025 09:47:12,11.138,464.207,19.975,0,0
6/28/2025 09:47:22,11.141,464.143,19.975,0,0
6/28/2025 09:47:32,11.144,464.103,19.975,0,0
6/28/2025 09:47:42,11.147,464.037,19.974,0,0
6/28/2025 09:47:53,11.15,463.892,19.974,0,0
6/28/2025 09:48:03,11.153,463.544,19.974,0,0
6/28/2025 09:48:13,11.155,463.783,19.974,0,0
6/28/2025 09:48:23,11.158,463.789,19.971,0,0
6/28/2025 09:48:33,11.161,463.898,19.965,0,0
6/28/2025 09:48:44,11.164,466.092,19.953,0,0
6/28/2025 09:48:54,11.167,468.818,19.943,0,0
6/28/2025 09:49:04,11.169,470.642,19.932,0,0
6/28/2025 09:49:14,11.172,471.811,19.919,0,0
6/28/2025 09:49:24,11.175,471.794,19.91,0,0
6/28/2025 09:49:35,11.178,471.044,19.904,0,0
6/28/2025 09:49:45,11.181,470.436,19.899,0,0
6/28/2025 09:49:55,11.184,470.061,19.897,0,0
6/28/2025 09:50:05,11.186,470.039,19.897,0,0
6/28/2025 09:50:15,11.189,470.244,19.897,0,0
6/28/2025 09:50:26,11.192,470.246,19.899,0,0
6/28/2025 09:50:36,11.195,470.023,19.902,0,0
6/28/2025 09:50:46,11.198,470.142,19.905,0,0
6/28/2025 09:50:56,11.201,469.881,19.909,0,0
6/28/2025 09:51:06,11.203,468.69,19.912,0,0
6/28/2025 09:51:17,11.206,466.103,19.913,0,0
6/28/2025 09:51:27,11.209,465.748,19.913,0,0
6/28/2025 09:51:37,11.212,465.609,19.913,0,0
6/28/2025 09:51:47,11.215,465.215,19.913,0,0
6/28/2025 09:51:57,11.218,462.835,19.912,0,0
6/28/2025 09:52:08,11.221,462.461,19.911,0,0
6/28/2025 09:52:18,11.223,462.427,19.911,0,0
6/28/2025 09:52:28,11.226,462.761,19.911,0,0
6/28/2025 09:52:38,11.229,463.344,19.911,0,0
6/28/2025 09:52:48,11.232,463.617,19.911,0,0
6/28/2025 09:52:59,11.235,463.77,19.912,0,0
6/28/2025 09:53:09,11.238,463.243,19.912,0,0
6/28/2025 09:53:19,11.24,462.175,19.913,0,0
6/28/2025 09:53:29,11.243,461.865,19.916,0,0
6/28/2025 09:53:39,11.246,460.923,19.917,0,0
6/28/2025 09:53:50,11.249,460.849,19.917,0,0
6/28/2025 09:54:00,11.252,460.566,19.917,0,0
6/28/2025 09:54:10,11.254,460.849,19.916,0,0
6/28/2025 09:54:20,11.257,460.892,19.912,0,0
6/28/2025 09:54:30,11.26,460.762,19.906,0,0
6/28/2025 09:54:41,11.263,460.68,19.9,0,0
6/28/2025 09:54:51,11.266,460.838,19.892,0,0
6/28/2025 09:55:01,11.269,461.04,19.888,0,0
6/28/2025 09:55:11,11.271,462.083,19.884,0,0
6/28/2025 09:55:21,11.274,463.485,19.881,0,0
6/28/2025 09:55:32,11.277,462.822,19.88,0,0
6/28/2025 09:55:42,11.28,462.218,19.88,0,0
6/28/2025 09:55:52,11.283,462.152,19.88,0,0
6/28/2025 09:56:02,11.286,461.993,19.881,0,0
6/28/2025 09:56:12,11.288,461.969,19.884,0,0
6/28/2025 09:56:23,11.291,461.957,19.887,0,0
6/28/2025 09:56:33,11.294,461.712,19.891,0,0
6/28/2025 09:56:43,11.297,461.32,19.893,0,0
6/28/2025 09:56:53,11.3,461.255,19.894,0,0
6/28/2025 09:57:03,11.303,461.178,19.895,0,0
6/28/2025 09:57:14,11.306,461.28,19.896,0,0
6/28/2025 09:57:24,11.308,461.552,19.895,0,0
6/28/2025 09:57:34,11.311,461.048,19.895,0,0
6/28/2025 09:57:44,11.314,458.577,19.894,0,0
6/28/2025 09:57:54,11.317,458.016,19.893,0,0
6/28/2025 09:58:05,11.32,457.927,19.891,0,0
6/28/2025 09:58:15,11.323,457.943,19.891,0,0
6/28/2025 09:58:25,11.325,457.958,19.89,0,0
6/28/2025 09:58:35,11.328,458.206,19.89,0,0
6/28/2025 09:58:45,11.331,458.785,19.891,0,0
6/28/2025 09:58:56,11.334,458.361,19.894,0,0
6/28/2025 09:59:06,11.337,457.857,19.896,0,0
6/28/2025 09:59:16,11.339,457.959,19.897,0,0
6/28/2025 09:59:26,11.342,457.856,19.898,0,0
6/28/2025 09:59:36,11.345,458.115,19.898,0,0
6/28/2025 09:59:47,11.348,458.296,19.898,0,0
6/28/2025 09:59:57,11.351,458.802,19.896,0,0
6/28/2025 10:00:07,11.354,458.991,19.894,0,0
6/28/2025 10:00:17,11.356,459.24,19.891,0,0
6/28/2025 10:00:27,11.359,460.08,19.883,0,0
6/28/2025 10:00:38,11.362,460.103,19.877,0,0
6/28/2025 10:00:48,11.365,459.828,19.872,0,0
6/28/2025 10:00:58,11.368,460.038,19.869,0,0
6/28/2025 10:01:08,11.371,460.467,19.866,0,0
6/28/2025 10:01:18,11.373,460.521,19.863,0,0
6/28/2025 10:01:29,11.376,460.631,19.863,0,0
6/28/2025 10:01:39,11.379,461.55,19.863,0,0
6/28/2025 10:01:49,11.382,461.533,19.863,0,0
6/28/2025 10:01:59,11.385,462.981,19.865,0,0
6/28/2025 10:02:09,11.388,463.257,19.866,0,0
6/28/2025 10:02:20,11.391,462.905,19.866,0,0
6/28/2025 10:02:30,11.393,462.402,19.867,0,0
6/28/2025 10:02:40,11.396,461.636,19.867,0,0
6/28/2025 10:02:50,11.399,460.156,19.867,0,0
6/28/2025 10:03:00,11.402,459.684,19.867,0,0
6/28/2025 10:03:11,11.405,459.361,19.866,0,0
6/28/2025 10:03:21,11.408,459.271,19.865,0,0
6/28/2025 10:03:31,11.41,459.208,19.864,0,0
6/28/2025 10:03:41,11.413,459.407,19.863,0,0
6/28/2025 10:03:51,11.416,459.338,19.862,0,0
6/28/2025 10:04:02,11.419,459.206,19.862,0,0
6/28/2025 10:04:12,11.422,459.139,19.862,0,0
6/28/2025 10:04:22,11.424,458.072,19.864,0,0
6/28/2025 10:04:32,11.427,458.021,19.866,0,0
6/28/2025 10:04:42,11.43,458.291,19.87,0,0
6/28/2025 10:04:53,11.433,458.353,19.871,0,0
6/28/2025 10:05:03,11.436,458.298,19.871,0,0
6/28/2025 10:05:13,11.439,458.29,19.872,0,0
6/28/2025 10:05:23,11.441,459.739,19.871,0,0
6/28/2025 10:05:33,11.444,460.466,19.87,0,0
6/28/2025 10:05:44,11.447,459.703,19.868,0,0
6/28/2025 10:05:54,11.45,459.933,19.865,0,0
6/28/2025 10:06:04,11.453,460.017,19.864,0,0
6/28/2025 10:06:14,11.456,460.036,19.86,0,0
6/28/2025 10:06:24,11.458,460.486,19.858,0,0
6/28/2025 10:06:35,11.461,460.495,19.857,0,0
6/28/2025 10:06:45,11.464,460.68,19.856,0,0
6/28/2025 10:06:55,11.467,461.228,19.857,0,0
6/28/2025 10:07:05,11.47,461.857,19.859,0,0
6/28/2025 10:07:15,11.473,463.425,19.865,0,0
6/28/2025 10:07:26,11.476,463.515,19.872,0,0
6/28/2025 10:07:36,11.478,463.515,19.877,0,0
6/28/2025 10:07:46,11.481,464.078,19.88,0,0
6/28/2025 10:07:56,11.484,464.222,19.882,0,0
6/28/2025 10:08:06,11.487,464.171,19.882,0,0
6/28/2025 10:08:17,11.49,464.08,19.882,0,0
6/28/2025 10:08:27,11.493,462.933,19.882,0,0
6/28/2025 10:08:37,11.495,460.965,19.881,0,0
6/28/2025 10:08:47,11.498,460.14,19.878,0,0
6/28/2025 10:08:57,11.501,458.804,19.876,0,0
6/28/2025 10:09:08,11.504,457.887,19.874,0,0
6/28/2025 10:09:18,11.507,457.776,19.872,0,0
6/28/2025 10:09:28,11.509,457.621,19.871,0,0
6/28/2025 10:09:38,11.512,457.632,19.87,0,0
6/28/2025 10:09:48,11.515,458.13,19.87,0,0
6/28/2025 10:09:59,11.518,458.248,19.87,0,0
6/28/2025 10:10:09,11.521,458.098,19.87,0,0
6/28/2025 10:10:19,11.524,458.02,19.871,0,0
6/28/2025 10:10:29,11.526,458.098,19.872,0,0
6/28/2025 10:10:39,11.529,458.333,19.874,0,0
6/28/2025 10:10:50,11.532,459.804,19.874,0,0
6/28/2025 10:11:00,11.535,460.29,19.873,0,0
6/28/2025 10:11:10,11.538,460.283,19.87,0,0
6/28/2025 10:11:20,11.541,460.163,19.867,0,0
6/28/2025 10:11:30,11.543,460.568,19.864,0,0
6/28/2025 10:11:41,11.546,460.511,19.862,0,0
6/28/2025 10:11:51,11.549,460.472,19.859,0,0
6/28/2025 10:12:01,11.552,460.786,19.856,0,0
6/28/2025 10:12:11,11.555,461.04,19.854,0,0
6/28/2025 10:12:21,11.558,461.115,19.852,0,0
6/28/2025 10:12:32,11.561,460.844,19.852,0,0
6/28/2025 10:12:42,11.563,460.805,19.852,0,0
6/28/2025 10:12:52,11.566,460.718,19.852,0,0
6/28/2025 10:13:02,11.569,460.658,19.853,0,0
6/28/2025 10:13:12,11.572,460.847,19.853,0,0
6/28/2025 10:13:23,11.575,460.791,19.853,0,0
6/28/2025 10:13:33,11.578,460.855,19.853,0,0
6/28/2025 10:13:43,11.58,460.755,19.852,0,0
6/28/2025 10:13:53,11.583,460.154,19.85,0,0
6/28/2025 10:14:03,11.586,459.92,19.848,0,0
6/28/2025 10:14:14,11.589,458.948,19.847,0,0
6/28/2025 10:14:24,11.592,459.413,19.846,0,0
6/28/2025 10:14:34,11.594,459.405,19.845,0,0
6/28/2025 10:14:44,11.597,459.153,19.844,0,0
6/28/2025 10:14:54,11.6,458.456,19.844,0,0
6/28/2025 10:15:05,11.603,457.198,19.843,0,0
6/28/2025 10:15:15,11.606,455.851,19.843,0,0
6/28/2025 10:15:25,11.609,455.776,19.843,0,0
6/28/2025 10:15:35,11.611,455.189,19.843,0,0
6/28/2025 10:15:45,11.614,454.947,19.844,0,0
6/28/2025 10:15:56,11.617,455.569,19.845,0,0
6/28/2025 10:16:06,11.62,456.316,19.847,0,0
6/28/2025 10:16:16,11.623,456.314,19.847,0,0
6/28/2025 10:16:26,11.626,457.071,19.847,0,0
6/28/2025 10:16:36,11.628,457.065,19.846,0,0
6/28/2025 10:16:47,11.631,457.086,19.844,0,0
6/28/2025 10:16:57,11.634,458.243,19.843,0,0
6/28/2025 10:17:07,11.637,458.286,19.84,0,0
6/28/2025 10:17:17,11.64,457.554,19.837,0,0
6/28/2025 10:17:27,11.643,456.813,19.834,0,0
6/28/2025 10:17:38,11.646,456.618,19.832,0,0
6/28/2025 10:17:48,11.648,456.773,19.831,0,0
6/28/2025 10:17:58,11.651,457.252,19.831,0,0
6/28/2025 10:18:08,11.654,458.078,19.831,0,0
6/28/2025 10:18:18,11.657,457.737,19.834,0,0
6/28/2025 10:18:29,11.66,457.908,19.837,0,0
6/28/2025 10:18:39,11.663,457.937,19.842,0,0
6/28/2025 10:18:49,11.665,457.708,19.846,0,0
6/28/2025 10:18:59,11.668,457.671,19.849,0,0
6/28/2025 10:19:09,11.671,457.676,19.85,0,0
6/28/2025 10:19:20,11.674,457.741,19.851,0,0
6/28/2025 10:19:30,11.677,457.659,19.851,0,0
6/28/2025 10:19:40,11.679,457.56,19.851,0,0
6/28/2025 10:19:50,11.682,456.865,19.851,0,0
6/28/2025 10:20:00,11.685,453.899,19.851,0,0
6/28/2025 10:20:11,11.688,453.885,19.85,0,0
6/28/2025 10:20:21,11.691,453.951,19.85,0,0
6/28/2025 10:20:31,11.694,454.133,19.85,0,0
6/28/2025 10:20:41,11.696,454.293,19.85,0,0
6/28/2025 10:20:51,11.699,454.625,19.851,0,0
6/28/2025 10:21:02,11.702,454.997,19.852,0,0
6/28/2025 10:21:12,11.705,451.953,19.856,0,0
6/28/2025 10:21:22,11.708,451.762,19.86,0,0
6/28/2025 10:21:32,11.711,453.818,19.863,0,0
6/28/2025 10:21:42,11.713,453.935,19.864,0,0
6/28/2025 10:21:53,11.716,453.949,19.864,0,0
6/28/2025 10:22:03,11.719,454.642,19.862,0,0
6/28/2025 10:22:13,11.722,456.283,19.859,0,0
6/28/2025 10:22:23,11.725,457.551,19.857,0,0
6/28/2025 10:22:33,11.728,457.586,19.853,0,0
6/28/2025 10:22:44,11.731,457.392,19.851,0,0
6/28/2025 10:22:54,11.733,456.821,19.846,0,0
6/28/2025 10:23:04,11.736,456.686,19.843,0,0
6/28/2025 10:23:14,11.739,456.89,19.841,0,0
6/28/2025 10:23:24,11.742,457.362,19.839,0,0
6/28/2025 10:23:35,11.745,457.39,19.837,0,0
6/28/2025 10:23:45,11.747,457.33,19.836,0,0
6/28/2025 10:23:55,11.75,457.605,19.836,0,0
6/28/2025 10:24:05,11.753,457.042,19.836,0,0
6/28/2025 10:24:15,11.756,457.035,19.837,0,0
6/28/2025 10:24:26,11.759,457.051,19.838,0,0
6/28/2025 10:24:36,11.762,457.164,19.839,0,0
6/28/2025 10:24:46,11.764,457.13,19.84,0,0
6/28/2025 10:24:56,11.767,457.084,19.84,0,0
6/28/2025 10:25:06,11.77,456.738,19.84,0,0
6/28/2025 10:25:17,11.773,456.22,19.839,0,0
6/28/2025 10:25:27,11.776,455.761,19.837,0,0
6/28/2025 10:25:37,11.779,455.703,19.837,0,0
6/28/2025 10:25:47,11.781,455.473,19.835,0,0
6/28/2025 10:25:57,11.784,455.555,19.834,0,0
6/28/2025 10:26:08,11.787,455.837,19.832,0,0
6/28/2025 10:26:18,11.79,455.715,19.831,0,0
6/28/2025 10:26:28,11.793,455.732,19.831,0,0
6/28/2025 10:26:38,11.796,455.436,19.832,0,0
6/28/2025 10:26:48,11.798,454.222,19.832,0,0
6/28/2025 10:26:59,11.801,452.968,19.833,0,0
6/28/2025 10:27:09,11.804,452.183,19.833,0,0
6/28/2025 10:27:19,11.807,452.239,19.834,0,0
6/28/2025 10:27:29,11.81,452.45,19.834,0,0
6/28/2025 10:27:39,11.813,452.464,19.832,0,0
6/28/2025 10:27:50,11.816,452.982,19.83,0,0
6/28/2025 10:28:00,11.818,453.369,19.827,0,0
6/28/2025 10:28:10,11.821,455.514,19.825,0,0
6/28/2025 10:28:20,11.824,455.543,19.824,0,0
6/28/2025 10:28:30,11.827,454.017,19.823,0,0
6/28/2025 10:28:41,11.83,453.77,19.822,0,0
6/28/2025 10:28:51,11.833,454.692,19.822,0,0
6/28/2025 10:29:01,11.835,455.502,19.822,0,0
6/28/2025 10:29:11,11.838,456.136,19.822,0,0
6/28/2025 10:29:21,11.841,456.876,19.822,0,0
6/28/2025 10:29:32,11.844,457.48,19.823,0,0
6/28/2025 10:29:42,11.847,458.642,19.826,0,0
6/28/2025 10:29:52,11.849,458.665,19.829,0,0
6/28/2025 10:30:02,11.852,457.336,19.832,0,0
6/28/2025 10:30:12,11.855,456.968,19.835,0,0
6/28/2025 10:30:23,11.858,456.635,19.836,0,0
6/28/2025 10:30:33,11.861,456.771,19.836,0,0
6/28/2025 10:30:43,11.864,456.665,19.836,0,0
6/28/2025 10:30:53,11.866,456.267,19.836,0,0
6/28/2025 10:31:03,11.869,455.766,19.835,0,0
6/28/2025 10:31:14,11.872,455.539,19.834,0,0
6/28/2025 10:31:24,11.875,455.625,19.833,0,0
6/28/2025 10:31:34,11.878,455.836,19.832,0,0
6/28/2025 10:31:44,11.881,456.407,19.83,0,0
6/28/2025 10:31:54,11.883,456.353,19.83,0,0
6/28/2025 10:32:05,11.886,455.777,19.83,0,0
6/28/2025 10:32:15,11.889,454.96,19.831,0,0
6/28/2025 10:32:25,11.892,454.306,19.834,0,0
6/28/2025 10:32:35,11.895,453.98,19.838,0,0
6/28/2025 10:32:45,11.898,453.661,19.843,0,0
6/28/2025 10:32:56,11.901,453.657,19.846,0,0
6/28/2025 10:33:06,11.903,453.58,19.846,0,0
6/28/2025 10:33:16,11.906,453.566,19.845,0,0
6/28/2025 10:33:26,11.909,453.53,19.845,0,0
6/28/2025 10:33:36,11.912,453.607,19.841,0,0
6/28/2025 10:33:47,11.915,453.664,19.838,0,0
6/28/2025 10:33:57,11.918,453.814,19.836,0,0
6/28/2025 10:34:07,11.92,455.304,19.833,0,0
6/28/2025 10:34:17,11.923,456.132,19.831,0,0
6/28/2025 10:34:27,11.926,457.422,19.829,0,0
6/28/2025 10:34:38,11.929,457.384,19.829,0,0
6/28/2025 10:34:48,11.932,455.892,19.828,0,0
6/28/2025 10:34:58,11.934,455.877,19.829,0,0
6/28/2025 10:35:08,11.937,456.353,19.829,0,0
6/28/2025 10:35:18,11.94,456.392,19.829,0,0
6/28/2025 10:35:29,11.943,456.502,19.831,0,0
6/28/2025 10:35:39,11.946,456.876,19.832,0,0
6/28/2025 10:35:49,11.949,457.597,19.832,0,0
6/28/2025 10:35:59,11.951,457.516,19.832,0,0
6/28/2025 10:36:09,11.954,457.544,19.831,0,0
6/28/2025 10:36:20,11.957,456.51,19.831,0,0
6/28/2025 10:36:30,11.96,456.476,19.83,0,0
6/28/2025 10:36:40,11.963,456.319,19.827,0,0
6/28/2025 10:36:50,11.966,455.824,19.826,0,0
6/28/2025 10:37:00,11.968,453.957,19.825,0,0
6/28/2025 10:37:11,11.971,453.899,19.824,0,0
6/28/2025 10:37:21,11.974,452.673,19.823,0,0
6/28/2025 10:37:31,11.977,450.705,19.823,0,0
6/28/2025 10:37:41,11.98,449.637,19.824,0,0
6/28/2025 10:37:51,11.983,449.632,19.826,0,0
6/28/2025 10:38:02,11.986,450.247,19.828,0,0
6/28/2025 10:38:12,11.988,450.181,19.831,0,0
6/28/2025 10:38:22,11.991,450.075,19.833,0,0
6/28/2025 10:38:32,11.994,450.321,19.834,0,0
6/28/2025 10:38:42,11.997,450.36,19.832,0,0
6/28/2025 10:38:53,12,450.903,19.83,0,0
6/28/2025 10:39:03,12.003,451.064,19.826,0,0
6/28/2025 10:39:13,12.005,451.03,19.822,0,0
6/28/2025 10:39:23,12.008,450.953,19.817,0,0
6/28/2025 10:39:33,12.011,450.705,19.813,0,0
6/28/2025 10:39:44,12.014,450.643,19.809,0,0
6/28/2025 10:39:54,12.017,450.636,19.806,0,0
6/28/2025 10:40:04,12.019,451.431,19.804,0,0
6/28/2025 10:40:14,12.022,452.266,19.803,0,0
6/28/2025 10:40:24,12.025,452.016,19.803,0,0
6/28/2025 10:40:35,12.028,451.873,19.803,0,0
6/28/2025 10:40:45,12.031,452.282,19.803,0,0
6/28/2025 10:40:55,12.034,452.917,19.804,0,0
6/28/2025 10:41:05,12.036,452.984,19.806,0,0
6/28/2025 10:41:15,12.039,452.913,19.809,0,0
6/28/2025 10:41:26,12.042,452.974,19.81,0,0
6/28/2025 10:41:36,12.045,452.983,19.81,0,0
6/28/2025 10:41:46,12.048,452.823,19.81,0,0
6/28/2025 10:41:56,12.051,452.229,19.809,0,0
6/28/2025 10:42:06,12.053,451.28,19.807,0,0
6/28/2025 10:42:17,12.056,451.287,19.805,0,0
6/28/2025 10:42:27,12.059,451.113,19.803,0,0
6/28/2025 10:42:37,12.062,450.869,19.801,0,0
6/28/2025 10:42:47,12.065,451.038,19.798,0,0
6/28/2025 10:42:57,12.068,450.852,19.795,0,0
6/28/2025 10:43:08,12.071,450.679,19.795,0,0
6/28/2025 10:43:18,12.073,450.231,19.795,0,0
6/28/2025 10:43:28,12.076,449.771,19.796,0,0
6/28/2025 10:43:38,12.079,449.64,19.797,0,0
6/28/2025 10:43:48,12.082,449.389,19.799,0,0
6/28/2025 10:43:59,12.085,449.305,19.8,0,0
6/28/2025 10:44:09,12.088,449.646,19.8,0,0
6/28/2025 10:44:19,12.09,450.366,19.8,0,0
6/28/2025 10:44:29,12.093,450.731,19.799,0,0
6/28/2025 10:44:39,12.096,450.581,19.798,0,0
6/28/2025 10:44:50,12.099,450.884,19.796,0,0
6/28/2025 10:45:00,12.102,450.912,19.794,0,0
6/28/2025 10:45:10,12.104,450.02,19.789,0,0
6/28/2025 10:45:20,12.107,449.874,19.784,0,0
6/28/2025 10:45:30,12.11,447.986,19.779,0,0
6/28/2025 10:45:41,12.113,448.749,19.774,0,0
6/28/2025 10:45:51,12.116,450.952,19.772,0,0
6/28/2025 10:46:01,12.119,451.317,19.771,0,0
6/28/2025 10:46:11,12.121,451.298,19.771,0,0
6/28/2025 10:46:21,12.124,451.539,19.772,0,0
6/28/2025 10:46:32,12.127,450.775,19.774,0,0
6/28/2025 10:46:42,12.13,450.802,19.778,0,0
6/28/2025 10:46:52,12.133,450.734,19.781,0,0
6/28/2025 10:47:02,12.136,450.142,19.782,0,0
6/28/2025 10:47:12,12.138,449.754,19.783,0,0
6/28/2025 10:47:23,12.141,449.836,19.783,0,0
6/28/2025 10:47:33,12.144,449.71,19.783,0,0
6/28/2025 10:47:43,12.147,450.092,19.782,0,0
6/28/2025 10:47:53,12.15,451.799,19.782,0,0
6/28/2025 10:48:03,12.153,451.756,19.782,0,0
6/28/2025 10:48:14,12.156,451.72,19.782,0,0
6/28/2025 10:48:24,12.158,451.276,19.782,0,0
6/28/2025 10:48:34,12.161,450.923,19.782,0,0
6/28/2025 10:48:44,12.164,450.73,19.782,0,0
6/28/2025 10:48:54,12.167,450.73,19.783,0,0
6/28/2025 10:49:05,12.17,450.663,19.784,0,0
6/28/2025 10:49:15,12.173,450.47,19.785,0,0
6/28/2025 10:49:25,12.175,450.803,19.787,0,0
6/28/2025 10:49:35,12.178,450.971,19.788,0,0
6/28/2025 10:49:45,12.181,450.886,19.788,0,0
6/28/2025 10:49:56,12.184,450.982,19.788,0,0
6/28/2025 10:50:06,12.187,450.992,19.787,0,0
6/28/2025 10:50:16,12.189,450.534,19.786,0,0
6/28/2025 10:50:26,12.192,451.14,19.783,0,0
6/28/2025 10:50:36,12.195,451.19,19.778,0,0
6/28/2025 10:50:47,12.198,451.35,19.775,0,0
6/28/2025 10:50:57,12.201,452.327,19.773,0,0
6/28/2025 10:51:07,12.204,452.727,19.772,0,0
6/28/2025 10:51:17,12.206,452.414,19.771,0,0
6/28/2025 10:51:27,12.209,452.155,19.771,0,0
6/28/2025 10:51:38,12.212,451.973,19.772,0,0
6/28/2025 10:51:48,12.215,451.564,19.773,0,0
6/28/2025 10:51:58,12.218,451.497,19.774,0,0
6/28/2025 10:52:08,12.221,451.722,19.777,0,0
6/28/2025 10:52:18,12.223,451.977,19.78,0,0
6/28/2025 10:52:29,12.226,452.205,19.781,0,0
6/28/2025 10:52:39,12.229,452.08,19.781,0,0
6/28/2025 10:52:49,12.232,451.698,19.78,0,0
6/28/2025 10:52:59,12.235,451.614,19.78,0,0
6/28/2025 10:53:09,12.237,452.501,19.779,0,0
6/28/2025 10:53:20,12.241,452.792,19.779,0,0
6/28/2025 10:53:30,12.243,452.746,19.778,0,0
6/28/2025 10:53:40,12.246,452.606,19.777,0,0
6/28/2025 10:53:50,12.249,451.846,19.776,0,0
6/28/2025 10:54:00,12.252,450.667,19.775,0,0
6/28/2025 10:54:11,12.255,449.668,19.774,0,0
6/28/2025 10:54:21,12.258,449.139,19.774,0,0
6/28/2025 10:54:31,12.26,447.664,19.774,0,0
6/28/2025 10:54:41,12.263,447.308,19.775,0,0
6/28/2025 10:54:51,12.266,447.124,19.775,0,0
6/28/2025 10:55:02,12.269,445.754,19.776,0,0
6/28/2025 10:55:12,12.272,445.306,19.776,0,0
6/28/2025 10:55:22,12.274,445.69,19.776,0,0
6/28/2025 10:55:32,12.277,445.707,19.775,0,0
6/28/2025 10:55:42,12.28,446.863,19.773,0,0
6/28/2025 10:55:53,12.283,446.955,19.768,0,0
6/28/2025 10:56:03,12.286,447.042,19.763,0,0
6/28/2025 10:56:13,12.289,446.949,19.756,0,0
6/28/2025 10:56:23,12.291,447.036,19.75,0,0
6/28/2025 10:56:33,12.294,447.22,19.746,0,0
6/28/2025 10:56:44,12.297,447.374,19.742,0,0
6/28/2025 10:56:54,12.3,447.62,19.741,0,0
6/28/2025 10:57:04,12.303,448.141,19.741,0,0
6/28/2025 10:57:14,12.306,448.188,19.742,0,0
6/28/2025 10:57:24,12.308,448.049,19.744,0,0
6/28/2025 10:57:35,12.311,447.875,19.749,0,0
6/28/2025 10:57:45,12.314,447.651,19.755,0,0
6/28/2025 10:57:55,12.317,447.513,19.763,0,0
6/28/2025 10:58:05,12.32,448.051,19.768,0,0
6/28/2025 10:58:15,12.323,448.422,19.769,0,0
6/28/2025 10:58:26,12.326,447.922,19.769,0,0
6/28/2025 10:58:36,12.328,447.338,19.769,0,0
6/28/2025 10:58:46,12.331,447.287,19.767,0,0
6/28/2025 10:58:56,12.334,447.719,19.764,0,0
6/28/2025 10:59:06,12.337,447.926,19.761,0,0
6/28/2025 10:59:17,12.34,447.917,19.758,0,0
6/28/2025 10:59:27,12.343,447.854,19.755,0,0
6/28/2025 10:59:37,12.345,447.602,19.753,0,0
6/28/2025 10:59:47,12.348,446.526,19.752,0,0
6/28/2025 10:59:57,12.351,446.879,19.752,0,0
6/28/2025 11:00:08,12.354,446.819,19.753,0,0
6/28/2025 11:00:18,12.357,446.448,19.754,0,0
6/28/2025 11:00:28,12.359,446.223,19.755,0,0
6/28/2025 11:00:38,12.362,446.526,19.756,0,0
6/28/2025 11:00:48,12.365,446.897,19.756,0,0
6/28/2025 11:00:59,12.368,447.389,19.755,0,0
6/28/2025 11:01:09,12.371,448.276,19.754,0,0
6/28/2025 11:01:19,12.374,448.295,19.752,0,0
6/28/2025 11:01:29,12.376,448.72,19.75,0,0
6/28/2025 11:01:39,12.379,448.758,19.748,0,0
6/28/2025 11:01:50,12.382,448.777,19.746,0,0
6/28/2025 11:02:00,12.385,448.818,19.744,0,0
6/28/2025 11:02:10,12.388,447.976,19.744,0,0
6/28/2025 11:02:20,12.391,447.804,19.742,0,0
6/28/2025 11:02:30,12.393,447.782,19.742,0,0
6/28/2025 11:02:41,12.396,447.641,19.742,0,0
6/28/2025 11:02:51,12.399,448.87,19.742,0,0
6/28/2025 11:03:01,12.402,448.833,19.744,0,0
6/28/2025 11:03:11,12.405,449.536,19.748,0,0
6/28/2025 11:03:21,12.408,450.589,19.751,0,0
6/28/2025 11:03:32,12.411,450.544,19.754,0,0
6/28/2025 11:03:42,12.413,450.539,19.757,0,0
6/28/2025 11:03:52,12.416,449.829,19.758,0,0
6/28/2025 11:04:02,12.419,448.43,19.758,0,0
6/28/2025 11:04:13,12.422,448.779,19.757,0,0
6/28/2025 11:04:23,12.425,448.872,19.757,0,0
6/28/2025 11:04:33,12.428,449.073,19.756,0,0
6/28/2025 11:04:43,12.43,449.089,19.755,0,0
6/28/2025 11:04:53,12.433,449.682,19.754,0,0
6/28/2025 11:05:04,12.436,449.472,19.751,0,0
6/28/2025 11:05:14,12.439,449.568,19.75,0,0
6/28/2025 11:05:24,12.442,449.838,19.75,0,0
6/28/2025 11:05:34,12.444,450.423,19.75,0,0
6/28/2025 11:05:44,12.447,450.27,19.75,0,0
6/28/2025 11:05:55,12.45,449.899,19.75,0,0
6/28/2025 11:06:05,12.453,450.01,19.75,0,0
6/28/2025 11:06:15,12.456,450.332,19.751,0,0
6/28/2025 11:06:25,12.459,450.239,19.751,0,0
6/28/2025 11:06:35,12.461,450.084,19.749,0,0
6/28/2025 11:06:46,12.464,450.924,19.748,0,0
6/28/2025 11:06:56,12.467,451.309,19.745,0,0
6/28/2025 11:07:06,12.47,450.999,19.741,0,0
6/28/2025 11:07:16,12.473,450.722,19.735,0,0
6/28/2025 11:07:26,12.476,449.251,19.729,0,0
6/28/2025 11:07:37,12.479,448.58,19.725,0,0
6/28/2025 11:07:47,12.481,447.955,19.721,0,0
6/28/2025 11:07:57,12.484,448.292,19.718,0,0
6/28/2025 11:08:07,12.487,448.639,19.716,0,0
6/28/2025 11:08:17,12.49,448.638,19.716,0,0
6/28/2025 11:08:28,12.493,448.57,19.717,0,0
6/28/2025 11:08:38,12.496,449.724,19.718,0,0
6/28/2025 11:08:48,12.498,449.847,19.719,0,0
6/28/2025 11:08:58,12.501,449.854,19.722,0,0
6/28/2025 11:09:08,12.504,449.719,19.724,0,0
6/28/2025 11:09:19,12.507,449.017,19.725,0,0
6/28/2025 11:09:29,12.51,449.072,19.726,0,0
6/28/2025 11:09:39,12.513,449.51,19.726,0,0
6/28/2025 11:09:49,12.515,449.365,19.726,0,0
6/28/2025 11:09:59,12.518,449.174,19.725,0,0
6/28/2025 11:10:10,12.521,449.141,19.725,0,0
6/28/2025 11:10:20,12.524,447.885,19.724,0,0
6/28/2025 11:10:30,12.527,447.804,19.724,0,0
6/28/2025 11:10:40,12.529,448.757,19.723,0,0
6/28/2025 11:10:50,12.532,449.384,19.723,0,0
6/28/2025 11:11:01,12.535,449.511,19.724,0,0
6/28/2025 11:11:11,12.538,448.326,19.724,0,0
6/28/2025 11:11:21,12.541,447.045,19.725,0,0
6/28/2025 11:11:31,12.544,447.083,19.727,0,0
6/28/2025 11:11:41,12.546,447.11,19.729,0,0
6/28/2025 11:11:52,12.549,447.107,19.73,0,0
6/28/2025 11:12:02,12.552,447.098,19.73,0,0
6/28/2025 11:12:12,12.555,447.199,19.729,0,0
6/28/2025 11:12:22,12.558,447.924,19.726,0,0
6/28/2025 11:12:32,12.561,451.237,19.723,0,0
6/28/2025 11:12:43,12.564,451.288,19.719,0,0
6/28/2025 11:12:53,12.566,450.485,19.715,0,0
6/28/2025 11:13:03,12.569,450.559,19.713,0,0
6/28/2025 11:13:13,12.572,450.436,19.711,0,0
6/28/2025 11:13:23,12.575,450.065,19.71,0,0
6/28/2025 11:13:34,12.578,449.725,19.709,0,0
6/28/2025 11:13:44,12.581,449.57,19.709,0,0
6/28/2025 11:13:54,12.583,449.807,19.709,0,0
6/28/2025 11:14:04,12.586,449.805,19.709,0,0
6/28/2025 11:14:14,12.589,448.703,19.711,0,0
6/28/2025 11:14:25,12.592,448.561,19.713,0,0
6/28/2025 11:14:35,12.595,448.864,19.716,0,0
6/28/2025 11:14:45,12.598,448.871,19.717,0,0
6/28/2025 11:14:55,12.6,448.744,19.717,0,0
6/28/2025 11:15:05,12.603,447.81,19.716,0,0
6/28/2025 11:15:16,12.606,447.676,19.715,0,0
6/28/2025 11:15:26,12.609,448.83,19.712,0,0
6/28/2025 11:15:36,12.612,449.373,19.709,0,0
6/28/2025 11:15:46,12.614,449.551,19.705,0,0
6/28/2025 11:15:56,12.617,449.75,19.701,0,0
6/28/2025 11:16:07,12.62,449.529,19.698,0,0
6/28/2025 11:16:17,12.623,449.576,19.695,0,0
6/28/2025 11:16:27,12.626,449.896,19.693,0,0
6/28/2025 11:16:37,12.629,449.884,19.692,0,0
6/28/2025 11:16:47,12.631,449.787,19.692,0,0
6/28/2025 11:16:58,12.634,446.869,19.692,0,0
6/28/2025 11:17:08,12.637,445.658,19.692,0,0
6/28/2025 11:17:18,12.64,444.528,19.694,0,0
6/28/2025 11:17:28,12.643,444.013,19.695,0,0
6/28/2025 11:17:38,12.646,444.16,19.695,0,0
6/28/2025 11:17:49,12.649,444.515,19.694,0,0
6/28/2025 11:17:59,12.651,444.66,19.692,0,0
6/28/2025 11:18:09,12.654,444.654,19.69,0,0
6/28/2025 11:18:19,12.657,444.127,19.687,0,0
6/28/2025 11:18:29,12.66,444.376,19.681,0,0
6/28/2025 11:18:40,12.663,444.409,19.676,0,0
6/28/2025 11:18:50,12.666,444.514,19.671,0,0
6/28/2025 11:19:00,12.668,444.666,19.669,0,0
6/28/2025 11:19:10,12.671,444.522,19.668,0,0
6/28/2025 11:19:20,12.674,444.429,19.668,0,0
6/28/2025 11:19:31,12.677,444.776,19.668,0,0
6/28/2025 11:19:41,12.68,444.813,19.67,0,0
6/28/2025 11:19:51,12.683,445.017,19.673,0,0
6/28/2025 11:20:01,12.685,445.428,19.677,0,0
6/28/2025 11:20:11,12.688,446.628,19.683,0,0
6/28/2025 11:20:22,12.691,446.521,19.688,0,0
6/28/2025 11:20:32,12.694,446.291,19.689,0,0
6/28/2025 11:20:42,12.697,446.222,19.69,0,0
6/28/2025 11:20:52,12.699,446.373,19.69,0,0
6/28/2025 11:21:02,12.702,446.282,19.69,0,0
6/28/2025 11:21:13,12.705,445.481,19.69,0,0
6/28/2025 11:21:23,12.708,445.49,19.69,0,0
6/28/2025 11:21:33,12.711,445.713,19.689,0,0
6/28/2025 11:21:43,12.714,445.755,19.689,0,0
6/28/2025 11:21:53,12.716,446.493,19.688,0,0
6/28/2025 11:22:04,12.719,447.114,19.688,0,0
6/28/2025 11:22:14,12.722,446.45,19.688,0,0
6/28/2025 11:22:24,12.725,445.666,19.689,0,0
6/28/2025 11:22:34,12.728,445.585,19.69,0,0
6/28/2025 11:22:44,12.731,445.554,19.693,0,0
6/28/2025 11:22:55,12.734,445.628,19.696,0,0
6/28/2025 11:23:05,12.736,445.61,19.697,0,0
6/28/2025 11:23:15,12.739,445.679,19.697,0,0
6/28/2025 11:23:25,12.742,445.327,19.697,0,0
6/28/2025 11:23:35,12.745,445.337,19.695,0,0
6/28/2025 11:23:46,12.748,444.985,19.692,0,0
6/28/2025 11:23:56,12.751,443.05,19.689,0,0
6/28/2025 11:24:06,12.753,442.177,19.685,0,0
6/28/2025 11:24:16,12.756,441.929,19.68,0,0
6/28/2025 11:24:26,12.759,441.932,19.677,0,0
6/28/2025 11:24:37,12.762,442.863,19.673,0,0
6/28/2025 11:24:47,12.765,443.953,19.671,0,0
6/28/2025 11:24:57,12.768,446.627,19.671,0,0
6/28/2025 11:25:07,12.77,446.85,19.671,0,0
6/28/2025 11:25:17,12.773,448.252,19.671,0,0
6/28/2025 11:25:28,12.776,449.146,19.673,0,0
6/28/2025 11:25:38,12.779,449.005,19.677,0,0
6/28/2025 11:25:48,12.782,449.045,19.681,0,0
6/28/2025 11:25:58,12.784,448.127,19.683,0,0
6/28/2025 11:26:08,12.787,447.685,19.683,0,0
6/28/2025 11:26:19,12.79,447.713,19.684,0,0
6/28/2025 11:26:29,12.793,447.057,19.683,0,0
6/28/2025 11:26:39,12.796,446.625,19.683,0,0
6/28/2025 11:26:49,12.799,446.658,19.681,0,0
6/28/2025 11:26:59,12.801,446.738,19.681,0,0
6/28/2025 11:27:10,12.804,446.849,19.68,0,0
6/28/2025 11:27:20,12.807,446.888,19.68,0,0
6/28/2025 11:27:30,12.81,446.053,19.68,0,0
6/28/2025 11:27:40,12.813,445.934,19.679,0,0
6/28/2025 11:27:50,12.816,445.121,19.68,0,0
6/28/2025 11:28:01,12.819,443.567,19.68,0,0
6/28/2025 11:28:11,12.821,443.465,19.68,0,0
6/28/2025 11:28:21,12.824,442.941,19.681,0,0
6/28/2025 11:28:31,12.827,441.658,19.681,0,0
6/28/2025 11:28:41,12.83,440.655,19.681,0,0
6/28/2025 11:28:52,12.833,441.399,19.681,0,0
6/28/2025 11:29:02,12.836,441.903,19.681,0,0
6/28/2025 11:29:12,12.838,441.882,19.68,0,0
6/28/2025 11:29:22,12.841,442.562,19.68,0,0
6/28/2025 11:29:32,12.844,443.83,19.677,0,0
6/28/2025 11:29:43,12.847,443.973,19.673,0,0
6/28/2025 11:29:53,12.85,443.795,19.67,0,0
6/28/2025 11:30:03,12.853,443.629,19.663,0,0
6/28/2025 11:30:13,12.855,443.059,19.658,0,0
6/28/2025 11:30:23,12.858,442.455,19.655,0,0
6/28/2025 11:30:34,12.861,442.634,19.655,0,0
6/28/2025 11:30:44,12.864,442.646,19.656,0,0
6/28/2025 11:30:54,12.867,442.643,19.66,0,0
6/28/2025 11:31:04,12.869,442.95,19.664,0,0
6/28/2025 11:31:14,12.872,442.545,19.671,0,0
6/28/2025 11:31:25,12.875,442.513,19.674,0,0
6/28/2025 11:31:35,12.878,442.517,19.675,0,0
6/28/2025 11:31:45,12.881,442.263,19.675,0,0
6/28/2025 11:31:55,12.884,441.76,19.675,0,0
6/28/2025 11:32:05,12.886,441.452,19.675,0,0
6/28/2025 11:32:16,12.889,441.603,19.674,0,0
6/28/2025 11:32:26,12.892,441.767,19.673,0,0
6/28/2025 11:32:36,12.895,441.634,19.671,0,0
6/28/2025 11:32:46,12.898,441.568,19.669,0,0
6/28/2025 11:32:56,12.901,441.43,19.666,0,0
6/28/2025 11:33:07,12.904,441.443,19.666,0,0
6/28/2025 11:33:17,12.906,440.541,19.665,0,0
6/28/2025 11:33:27,12.909,439.945,19.666,0,0
6/28/2025 11:33:37,12.912,439.098,19.666,0,0
6/28/2025 11:33:47,12.915,437.086,19.668,0,0
6/28/2025 11:33:58,12.918,436.133,19.671,0,0
6/28/2025 11:34:08,12.921,436.247,19.672,0,0
6/28/2025 11:34:18,12.923,436.659,19.671,0,0
6/28/2025 11:34:28,12.926,437.665,19.668,0,0
6/28/2025 11:34:38,12.929,438.616,19.665,0,0
6/28/2025 11:34:49,12.932,437.901,19.661,0,0
6/28/2025 11:34:59,12.935,437.766,19.658,0,0
6/28/2025 11:35:09,12.938,438.198,19.654,0,0
6/28/2025 11:35:19,12.94,439.004,19.65,0,0
6/28/2025 11:35:29,12.943,438.962,19.646,0,0
6/28/2025 11:35:40,12.946,438.817,19.642,0,0
6/28/2025 11:35:50,12.949,439.134,19.64,0,0
6/28/2025 11:36:00,12.952,440.184,19.639,0,0
6/28/2025 11:36:10,12.954,440.205,19.639,0,0
6/28/2025 11:36:20,12.957,440.401,19.639,0,0
6/28/2025 11:36:31,12.96,440.898,19.64,0,0
6/28/2025 11:36:41,12.963,440.921,19.642,0,0
6/28/2025 11:36:51,12.966,440.948,19.644,0,0
6/28/2025 11:37:01,12.969,441.09,19.647,0,0
6/28/2025 11:37:11,12.971,442.261,19.647,0,0
6/28/2025 11:37:22,12.974,442.263,19.648,0,0
6/28/2025 11:37:32,12.977,441.314,19.648,0,0
6/28/2025 11:37:42,12.98,441.022,19.648,0,0
6/28/2025 11:37:52,12.983,440.844,19.648,0,0
6/28/2025 11:38:02,12.986,440.768,19.647,0,0
6/28/2025 11:38:13,12.989,439.658,19.647,0,0
6/28/2025 11:38:23,12.991,439.213,19.646,0,0
6/28/2025 11:38:33,12.994,439.041,19.646,0,0
6/28/2025 11:38:43,12.997,439.109,19.646,0,0
6/28/2025 11:38:53,13,439.031,19.646,0,0
6/28/2025 11:39:04,13.003,437.564,19.646,0,0
6/28/2025 11:39:14,13.006,437.371,19.646,0,0
6/28/2025 11:39:24,13.008,437.412,19.647,0,0
6/28/2025 11:39:34,13.011,437.907,19.649,0,0
6/28/2025 11:39:44,13.014,437.795,19.649,0,0
6/28/2025 11:39:55,13.017,437.507,19.65,0,0
6/28/2025 11:40:05,13.02,437.712,19.649,0,0
6/28/2025 11:40:15,13.023,438.107,19.648,0,0
6/28/2025 11:40:25,13.025,437.392,19.647,0,0
6/28/2025 11:40:35,13.028,437.264,19.646,0,0
6/28/2025 11:40:46,13.031,437.161,19.645,0,0
6/28/2025 11:40:56,13.034,437.056,19.644,0,0
6/28/2025 11:41:06,13.037,437.022,19.642,0,0
6/28/2025 11:41:16,13.039,438.029,19.64,0,0
6/28/2025 11:41:26,13.042,438.316,19.639,0,0
6/28/2025 11:41:37,13.045,439.728,19.638,0,0
6/28/2025 11:41:47,13.048,439.595,19.638,0,0
6/28/2025 11:41:57,13.051,439.572,19.639,0,0
6/28/2025 11:42:07,13.054,439.918,19.64,0,0
6/28/2025 11:42:17,13.056,441.003,19.643,0,0
6/28/2025 11:42:28,13.059,441.262,19.646,0,0
6/28/2025 11:42:38,13.062,441.349,19.649,0,0
6/28/2025 11:42:48,13.065,441.074,19.65,0,0
6/28/2025 11:42:58,13.068,440.977,19.65,0,0
6/28/2025 11:43:08,13.071,441.085,19.649,0,0
6/28/2025 11:43:19,13.074,440.971,19.649,0,0
6/28/2025 11:43:29,13.076,440.703,19.648,0,0
6/28/2025 11:43:39,13.079,440.501,19.647,0,0
6/28/2025 11:43:49,13.082,440.521,19.646,0,0
6/28/2025 11:43:59,13.085,441.07,19.644,0,0
6/28/2025 11:44:10,13.088,443.614,19.643,0,0
6/28/2025 11:44:20,13.091,443.207,19.641,0,0
6/28/2025 11:44:30,13.093,441.939,19.639,0,0
6/28/2025 11:44:40,13.096,439.634,19.64,0,0
6/28/2025 11:44:50,13.099,438.311,19.64,0,0
6/28/2025 11:45:01,13.102,436.749,19.64,0,0
6/28/2025 11:45:11,13.105,436.822,19.64,0,0
6/28/2025 11:45:21,13.108,437.187,19.64,0,0
6/28/2025 11:45:31,13.11,438.385,19.639,0,0
6/28/2025 11:45:41,13.113,438.412,19.638,0,0
6/28/2025 11:45:52,13.116,438.36,19.634,0,0
6/28/2025 11:46:02,13.119,438.443,19.629,0,0
6/28/2025 11:46:12,13.122,438.493,19.621,0,0
6/28/2025 11:46:22,13.124,438.493,19.614,0,0
6/28/2025 11:46:32,13.127,438.949,19.608,0,0
6/28/2025 11:46:43,13.13,438.972,19.603,0,0
6/28/2025 11:46:53,13.133,438.544,19.601,0,0
6/28/2025 11:47:03,13.136,437.729,19.599,0,0
6/28/2025 11:47:13,13.139,437.56,19.599,0,0
6/28/2025 11:47:23,13.141,437.466,19.6,0,0
6/28/2025 11:47:34,13.144,437.698,19.601,0,0
6/28/2025 11:47:44,13.147,437.715,19.606,0,0
6/28/2025 11:47:54,13.15,437.689,19.613,0,0
6/28/2025 11:48:04,13.153,437.386,19.618,0,0
6/28/2025 11:48:14,13.156,437.11,19.62,0,0
6/28/2025 11:48:25,13.159,437.12,19.622,0,0
6/28/2025 11:48:35,13.161,437.362,19.622,0,0
6/28/2025 11:48:45,13.164,436.42,19.622,0,0
6/28/2025 11:48:55,13.167,436.195,19.622,0,0
6/28/2025 11:49:05,13.17,436.561,19.622,0,0
6/28/2025 11:49:16,13.173,436.299,19.621,0,0
6/28/2025 11:49:26,13.176,435.86,19.62,0,0
6/28/2025 11:49:36,13.178,435.392,19.62,0,0
6/28/2025 11:49:46,13.181,435.498,19.62,0,0
6/28/2025 11:49:56,13.184,435.682,19.62,0,0
6/28/2025 11:50:07,13.187,435.134,19.62,0,0
6/28/2025 11:50:17,13.19,435.143,19.62,0,0
6/28/2025 11:50:27,13.193,435.154,19.621,0,0
6/28/2025 11:50:37,13.195,434.802,19.623,0,0
6/28/2025 11:50:47,13.198,434.511,19.624,0,0
6/28/2025 11:50:58,13.201,434.543,19.625,0,0
6/28/2025 11:51:08,13.204,434.691,19.625,0,0
6/28/2025 11:51:18,13.207,435.065,19.625,0,0
6/28/2025 11:51:28,13.209,434.29,19.622,0,0
6/28/2025 11:51:38,13.212,434.332,19.617,0,0
6/28/2025 11:51:49,13.215,436.079,19.611,0,0
6/28/2025 11:51:59,13.218,436.736,19.601,0,0
6/28/2025 11:52:09,13.221,436.86,19.594,0,0
6/28/2025 11:52:19,13.224,436.5,19.587,0,0
6/28/2025 11:52:29,13.226,436.01,19.585,0,0
6/28/2025 11:52:40,13.229,435.934,19.583,0,0
6/28/2025 11:52:50,13.232,436.846,19.583,0,0
6/28/2025 11:53:00,13.235,437.87,19.584,0,0
6/28/2025 11:53:10,13.238,438.356,19.585,0,0
6/28/2025 11:53:20,13.241,438.207,19.588,0,0
6/28/2025 11:53:31,13.244,437.843,19.59,0,0
6/28/2025 11:53:41,13.246,437.775,19.593,0,0
6/28/2025 11:53:51,13.249,438.804,19.595,0,0
6/28/2025 11:54:01,13.252,438.442,19.595,0,0
6/28/2025 11:54:11,13.255,438.302,19.595,0,0
6/28/2025 11:54:22,13.258,437.889,19.595,0,0
6/28/2025 11:54:32,13.261,437.633,19.595,0,0
6/28/2025 11:54:42,13.263,437.177,19.594,0,0
6/28/2025 11:54:52,13.266,437.188,19.593,0,0
6/28/2025 11:55:02,13.269,437.007,19.593,0,0
6/28/2025 11:55:13,13.272,436.86,19.593,0,0
6/28/2025 11:55:23,13.275,436.641,19.593,0,0
6/28/2025 11:55:33,13.278,436.478,19.593,0,0
6/28/2025 11:55:43,13.28,436.542,19.595,0,0
6/28/2025 11:55:53,13.283,436.033,19.597,0,0
6/28/2025 11:56:04,13.286,434.591,19.6,0,0
6/28/2025 11:56:14,13.289,433.375,19.604,0,0
6/28/2025 11:56:24,13.292,433.267,19.607,0,0
6/28/2025 11:56:34,13.294,433.279,19.607,0,0
6/28/2025 11:56:44,13.297,433.841,19.607,0,0
6/28/2025 11:56:55,13.3,434.155,19.607,0,0
6/28/2025 11:57:05,13.303,434.122,19.605,0,0
6/28/2025 11:57:15,13.306,434.35,19.603,0,0
6/28/2025 11:57:25,13.309,434.418,19.601,0,0
6/28/2025 11:57:35,13.311,434.428,19.599,0,0
6/28/2025 11:57:46,13.314,436.624,19.594,0,0
6/28/2025 11:57:56,13.317,437.232,19.589,0,0
6/28/2025 11:58:06,13.32,437.238,19.587,0,0
6/28/2025 11:58:16,13.323,437.309,19.586,0,0
6/28/2025 11:58:26,13.326,436.843,19.586,0,0
6/28/2025 11:58:37,13.329,436.898,19.586,0,0
6/28/2025 11:58:47,13.331,437.517,19.589,0,0
6/28/2025 11:58:57,13.334,437.848,19.593,0,0
6/28/2025 11:59:07,13.337,437.642,19.599,0,0
6/28/2025 11:59:17,13.34,437.085,19.602,0,0
6/28/2025 11:59:28,13.343,436.814,19.605,0,0
6/28/2025 11:59:38,13.346,436.787,19.607,0,0
6/28/2025 11:59:48,13.348,436.749,19.609,0,0
6/28/2025 11:59:58,13.351,436.734,19.61,0,0
6/28/2025 12:00:08,13.354,436.989,19.61,0,0
6/28/2025 12:00:19,13.357,437.477,19.61,0,0
6/28/2025 12:00:29,13.36,436.586,19.609,0,0
6/28/2025 12:00:39,13.362,436.725,19.608,0,0
6/28/2025 12:00:49,13.365,436.389,19.607,0,0
6/28/2025 12:00:59,13.368,436.224,19.606,0,0
6/28/2025 12:01:10,13.371,435.945,19.606,0,0
6/28/2025 12:01:20,13.374,435.71,19.606,0,0
6/28/2025 12:01:30,13.377,434.887,19.606,0,0
6/28/2025 12:01:40,13.379,435.103,19.607,0,0
6/28/2025 12:01:50,13.382,434.873,19.608,0,0
6/28/2025 12:02:01,13.385,434.857,19.61,0,0
6/28/2025 12:02:11,13.388,434.817,19.611,0,0
6/28/2025 12:02:21,13.391,434.804,19.611,0,0
6/28/2025 12:02:31,13.394,435.392,19.61,0,0
6/28/2025 12:02:41,13.396,435.331,19.608,0,0
6/28/2025 12:02:52,13.399,435.215,19.606,0,0
6/28/2025 12:03:02,13.402,435.046,19.602,0,0
6/28/2025 12:03:12,13.405,434.713,19.598,0,0
6/28/2025 12:03:22,13.408,434.574,19.594,0,0
6/28/2025 12:03:32,13.411,435.066,19.592,0,0
6/28/2025 12:03:43,13.414,436.455,19.59,0,0
6/28/2025 12:03:53,13.416,439.11,19.589,0,0
6/28/2025 12:04:03,13.419,439.349,19.589,0,0
6/28/2025 12:04:13,13.422,439.447,19.589,0,0
6/28/2025 12:04:23,13.425,439.711,19.59,0,0
6/28/2025 12:04:34,13.428,440.222,19.593,0,0
6/28/2025 12:04:44,13.431,439.888,19.596,0,0
6/28/2025 12:04:54,13.433,439.532,19.598,0,0
6/28/2025 12:05:04,13.436,437.859,19.6,0,0
6/28/2025 12:05:14,13.439,436.312,19.6,0,0
6/28/2025 12:05:25,13.442,436.118,19.6,0,0
6/28/2025 12:05:35,13.445,435.815,19.6,0,0
6/28/2025 12:05:45,13.448,434.692,19.6,0,0
6/28/2025 12:05:55,13.45,435.218,19.599,0,0
6/28/2025 12:06:05,13.453,435.251,19.599,0,0
6/28/2025 12:06:16,13.456,434.27,19.599,0,0
6/28/2025 12:06:26,13.459,432.165,19.599,0,0
6/28/2025 12:06:36,13.462,431.114,19.6,0,0
6/28/2025 12:06:46,13.464,430.944,19.601,0,0
6/28/2025 12:06:56,13.467,430.843,19.602,0,0
6/28/2025 12:07:07,13.47,429.99,19.605,0,0
6/28/2025 12:07:17,13.473,429.774,19.61,0,0
6/28/2025 12:07:27,13.476,429.94,19.617,0,0
6/28/2025 12:07:37,13.479,430.753,19.622,0,0
6/28/2025 12:07:47,13.481,431.508,19.627,0,0
6/28/2025 12:07:58,13.484,432.712,19.628,0,0
6/28/2025 12:08:08,13.487,434.318,19.628,0,0
6/28/2025 12:08:18,13.49,435.444,19.628,0,0
6/28/2025 12:08:28,13.493,435.681,19.628,0,0
6/28/2025 12:08:38,13.496,436.344,19.627,0,0
6/28/2025 12:08:49,13.499,436.736,19.626,0,0
6/28/2025 12:08:59,13.501,437.072,19.625,0,0
6/28/2025 12:09:09,13.504,437.563,19.623,0,0
6/28/2025 12:09:19,13.507,438.339,19.623,0,0
6/28/2025 12:09:29,13.51,439.109,19.623,0,0
6/28/2025 12:09:40,13.513,438.835,19.623,0,0
6/28/2025 12:09:50,13.516,438.684,19.625,0,0
6/28/2025 12:10:00,13.518,438.529,19.627,0,0
6/28/2025 12:10:10,13.521,438.794,19.629,0,0
6/28/2025 12:10:20,13.524,439.256,19.631,0,0
6/28/2025 12:10:31,13.527,440.516,19.633,0,0
6/28/2025 12:10:41,13.53,441.066,19.633,0,0
6/28/2025 12:10:51,13.533,441.039,19.633,0,0
6/28/2025 12:11:01,13.535,439.914,19.633,0,0
6/28/2025 12:11:11,13.538,439.089,19.632,0,0
6/28/2025 12:11:22,13.541,438.603,19.63,0,0
6/28/2025 12:11:32,13.544,438.29,19.628,0,0
6/28/2025 12:11:42,13.547,437.628,19.626,0,0
6/28/2025 12:11:52,13.549,437.627,19.625,0,0
6/28/2025 12:12:02,13.552,435.91,19.624,0,0
6/28/2025 12:12:13,13.555,435.284,19.624,0,0
6/28/2025 12:12:23,13.558,435.015,19.623,0,0
6/28/2025 12:12:33,13.561,434.396,19.624,0,0
6/28/2025 12:12:43,13.564,434.161,19.624,0,0
6/28/2025 12:12:53,13.566,433.588,19.626,0,0
6/28/2025 12:13:04,13.569,433.159,19.628,0,0
6/28/2025 12:13:14,13.572,432.823,19.628,0,0
6/28/2025 12:13:24,13.575,432.761,19.628,0,0
6/28/2025 12:13:34,13.578,432.973,19.628,0,0
6/28/2025 12:13:45,13.581,432.397,19.627,0,0
6/28/2025 12:13:55,13.584,432.196,19.626,0,0
6/28/2025 12:14:05,13.586,432.355,19.624,0,0
6/28/2025 12:14:15,13.589,432.465,19.62,0,0
6/28/2025 12:14:25,13.592,432.621,19.617,0,0
6/28/2025 12:14:36,13.595,432.753,19.614,0,0
6/28/2025 12:14:46,13.598,433.305,19.611,0,0
6/28/2025 12:14:56,13.601,433.324,19.609,0,0
6/28/2025 12:15:06,13.603,433.541,19.608,0,0
6/28/2025 12:15:16,13.606,434.636,19.607,0,0
6/28/2025 12:15:26,13.609,435.045,19.608,0,0
6/28/2025 12:15:37,13.612,434.909,19.61,0,0
6/28/2025 12:15:47,13.615,434.854,19.613,0,0
6/28/2025 12:15:57,13.618,434.295,19.617,0,0
6/28/2025 12:16:07,13.62,434.167,19.62,0,0
6/28/2025 12:16:17,13.623,434.188,19.622,0,0
6/28/2025 12:16:28,13.626,434.241,19.623,0,0
6/28/2025 12:16:38,13.629,434.445,19.623,0,0
6/28/2025 12:16:48,13.632,435.296,19.623,0,0
6/28/2025 12:16:58,13.634,435.057,19.623,0,0
6/28/2025 12:17:08,13.637,435.202,19.621,0,0
6/28/2025 12:17:19,13.64,435.815,19.621,0,0
6/28/2025 12:17:29,13.643,435.855,19.62,0,0
6/28/2025 12:17:39,13.646,435.974,19.62,0,0
6/28/2025 12:17:49,13.649,435.839,19.62,0,0
6/28/2025 12:17:59,13.651,434.979,19.622,0,0
6/28/2025 12:18:10,13.654,433.98,19.624,0,0
6/28/2025 12:18:20,13.657,433.815,19.628,0,0
6/28/2025 12:18:30,13.66,433.635,19.631,0,0
6/28/2025 12:18:40,13.663,432.091,19.632,0,0
6/28/2025 12:18:50,13.666,431.046,19.632,0,0
6/28/2025 12:19:01,13.669,431.367,19.631,0,0
6/28/2025 12:19:11,13.671,431.38,19.63,0,0
6/28/2025 12:19:21,13.674,431.863,19.628,0,0
6/28/2025 12:19:31,13.677,432.067,19.624,0,0
6/28/2025 12:19:41,13.68,433.78,19.617,0,0
6/28/2025 12:19:52,13.683,434.686,19.611,0,0
6/28/2025 12:20:02,13.686,433.987,19.606,0,0
6/28/2025 12:20:12,13.688,433.823,19.603,0,0
6/28/2025 12:20:22,13.691,433.816,19.602,0,0
6/28/2025 12:20:32,13.694,435.389,19.601,0,0
6/28/2025 12:20:43,13.697,435.655,19.601,0,0
6/28/2025 12:20:53,13.7,435.629,19.601,0,0
6/28/2025 12:21:03,13.703,435.527,19.602,0,0
6/28/2025 12:21:13,13.705,435.491,19.604,0,0
6/28/2025 12:21:23,13.708,435.352,19.605,0,0
6/28/2025 12:21:34,13.711,436.443,19.608,0,0
6/28/2025 12:21:44,13.714,436.459,19.61,0,0
6/28/2025 12:21:54,13.717,435.999,19.61,0,0
6/28/2025 12:22:04,13.719,435.913,19.61,0,0
6/28/2025 12:22:15,13.723,435.861,19.61,0,0
6/28/2025 12:22:25,13.725,435.589,19.61,0,0
6/28/2025 12:22:35,13.728,435.471,19.609,0,0
6/28/2025 12:22:45,13.731,434.275,19.606,0,0
6/28/2025 12:22:55,13.734,434.304,19.602,0,0
6/28/2025 12:23:06,13.737,434.296,19.6,0,0
6/28/2025 12:23:16,13.739,434.186,19.598,0,0
6/28/2025 12:23:26,13.742,434.131,19.598,0,0
6/28/2025 12:23:36,13.745,435.032,19.597,0,0
6/28/2025 12:23:46,13.748,435.376,19.598,0,0
6/28/2025 12:23:57,13.751,434.356,19.599,0,0
6/28/2025 12:24:07,13.754,433.541,19.6,0,0
6/28/2025 12:24:17,13.756,433.387,19.602,0,0
6/28/2025 12:24:27,13.759,433.333,19.602,0,0
6/28/2025 12:24:37,13.762,433.112,19.602,0,0
6/28/2025 12:24:48,13.765,433.454,19.601,0,0
6/28/2025 12:24:58,13.768,435.833,19.599,0,0
6/28/2025 12:25:08,13.771,436.542,19.596,0,0
6/28/2025 12:25:18,13.773,436.062,19.592,0,0
6/28/2025 12:25:28,13.776,436.118,19.59,0,0
6/28/2025 12:25:39,13.779,436.056,19.588,0,0
6/28/2025 12:25:49,13.782,434.519,19.587,0,0
6/28/2025 12:25:59,13.785,433.651,19.587,0,0
6/28/2025 12:26:09,13.788,433.806,19.587,0,0
6/28/2025 12:26:19,13.79,434.397,19.588,0,0
6/28/2025 12:26:30,13.793,436.031,19.589,0,0
6/28/2025 12:26:40,13.796,436.283,19.591,0,0
6/28/2025 12:26:50,13.799,435.545,19.595,0,0
6/28/2025 12:27:00,13.802,435.241,19.601,0,0
6/28/2025 12:27:10,13.804,435.436,19.605,0,0
6/28/2025 12:27:21,13.808,434.718,19.608,0,0
6/28/2025 12:27:31,13.81,434.57,19.61,0,0
6/28/2025 12:27:41,13.813,434.254,19.611,0,0
6/28/2025 12:27:51,13.816,433.572,19.611,0,0
6/28/2025 12:28:01,13.819,432.861,19.611,0,0
6/28/2025 12:28:12,13.822,432.536,19.61,0,0
6/28/2025 12:28:22,13.824,431.931,19.61,0,0
6/28/2025 12:28:32,13.827,430.754,19.609,0,0
6/28/2025 12:28:42,13.83,429.427,19.607,0,0
6/28/2025 12:28:52,13.833,429.265,19.606,0,0
6/28/2025 12:29:03,13.836,428.189,19.606,0,0
6/28/2025 12:29:13,13.839,428.211,19.606,0,0
6/28/2025 12:29:23,13.841,427.992,19.606,0,0
6/28/2025 12:29:33,13.844,427.766,19.611,0,0
6/28/2025 12:29:43,13.847,427.78,19.615,0,0
6/28/2025 12:29:54,13.85,427.799,19.618,0,0
6/28/2025 12:30:04,13.853,427.854,19.619,0,0
6/28/2025 12:30:14,13.856,428.481,19.619,0,0
6/28/2025 12:30:24,13.858,429.507,19.618,0,0
6/28/2025 12:30:34,13.861,430.453,19.617,0,0
6/28/2025 12:30:45,13.864,430.56,19.616,0,0
6/28/2025 12:30:55,13.867,430.563,19.614,0,0
6/28/2025 12:31:05,13.87,430.675,19.611,0,0
6/28/2025 12:31:15,13.873,431.195,19.61,0,0
6/28/2025 12:31:25,13.875,431.218,19.609,0,0
6/28/2025 12:31:36,13.878,431.4,19.608,0,0
6/28/2025 12:31:46,13.881,432.81,19.608,0,0
6/28/2025 12:31:56,13.884,434.161,19.608,0,0
6/28/2025 12:32:06,13.887,434.439,19.61,0,0
6/28/2025 12:32:16,13.889,435.341,19.612,0,0
6/28/2025 12:32:27,13.893,435.365,19.616,0,0
6/28/2025 12:32:37,13.895,435.315,19.62,0,0
6/28/2025 12:32:47,13.898,435.268,19.623,0,0
6/28/2025 12:32:57,13.901,435.24,19.624,0,0
6/28/2025 12:33:07,13.904,434.802,19.625,0,0
6/28/2025 12:33:18,13.907,434.696,19.624,0,0
6/28/2025 12:33:28,13.909,433.36,19.624,0,0
6/28/2025 12:33:38,13.912,432.743,19.621,0,0
6/28/2025 12:33:48,13.915,432.049,19.618,0,0
6/28/2025 12:33:58,13.918,431.539,19.615,0,0
6/28/2025 12:34:09,13.921,431.982,19.613,0,0
6/28/2025 12:34:19,13.924,432.174,19.611,0,0
6/28/2025 12:34:29,13.926,431.771,19.609,0,0
6/28/2025 12:34:39,13.929,430.774,19.608,0,0
6/28/2025 12:34:49,13.932,430.676,19.608,0,0
6/28/2025 12:35:00,13.935,430.586,19.608,0,0
6/28/2025 12:35:10,13.938,430.579,19.608,0,0
6/28/2025 12:35:20,13.941,431.273,19.609,0,0
6/28/2025 12:35:30,13.943,430.946,19.609,0,0
6/28/2025 12:35:40,13.946,430.93,19.609,0,0
6/28/2025 12:35:51,13.949,430.991,19.608,0,0
6/28/2025 12:36:01,13.952,431.148,19.607,0,0
6/28/2025 12:36:11,13.955,431.58,19.604,0,0
6/28/2025 12:36:21,13.958,431.571,19.598,0,0
6/28/2025 12:36:31,13.96,431.586,19.592,0,0
6/28/2025 12:36:42,13.963,431.546,19.582,0,0
6/28/2025 12:36:52,13.966,431.445,19.577,0,0
6/28/2025 12:37:02,13.969,431.438,19.572,0,0
6/28/2025 12:37:12,13.972,431.368,19.57,0,0
6/28/2025 12:37:22,13.974,431.344,19.569,0,0
6/28/2025 12:37:33,13.978,431.341,19.569,0,0
6/28/2025 12:37:43,13.98,431.983,19.569,0,0
6/28/2025 12:37:53,13.983,431.928,19.571,0,0
6/28/2025 12:38:03,13.986,432.248,19.572,0,0
6/28/2025 12:38:13,13.989,432.694,19.575,0,0
6/28/2025 12:38:24,13.992,432.752,19.576,0,0
6/28/2025 12:38:34,13.994,432.177,19.576,0,0
6/28/2025 12:38:44,13.997,431.362,19.576,0,0
6/28/2025 12:38:54,14,428.461,19.575,0,0
6/28/2025 12:39:04,14.003,428.33,19.574,0,0
6/28/2025 12:39:15,14.006,428.908,19.572,0,0
6/28/2025 12:39:25,14.009,430.956,19.569,0,0
6/28/2025 12:39:35,14.011,430.727,19.565,0,0
6/28/2025 12:39:45,14.014,430.588,19.564,0,0
6/28/2025 12:39:55,14.017,429.6,19.563,0,0
6/28/2025 12:40:06,14.02,428.698,19.563,0,0
6/28/2025 12:40:16,14.023,425.315,19.563,0,0
6/28/2025 12:40:26,14.026,425.196,19.564,0,0
6/28/2025 12:40:36,14.028,425.117,19.565,0,0
6/28/2025 12:40:46,14.031,425.144,19.567,0,0
6/28/2025 12:40:57,14.034,425.424,19.568,0,0
6/28/2025 12:41:07,14.037,425.52,19.568,0,0
6/28/2025 12:41:17,14.04,426.271,19.567,0,0
6/28/2025 12:41:27,14.043,426.353,19.565,0,0
6/28/2025 12:41:37,14.045,426.391,19.563,0,0
6/28/2025 12:41:48,14.048,426.382,19.559,0,0
6/28/2025 12:41:58,14.051,427.05,19.554,0,0
6/28/2025 12:42:08,14.054,427.417,19.552,0,0
6/28/2025 12:42:18,14.057,427.411,19.551,0,0
6/28/2025 12:42:28,14.059,427.022,19.55,0,0
6/28/2025 12:42:39,14.063,426.77,19.548,0,0
6/28/2025 12:42:49,14.065,427.128,19.548,0,0
6/28/2025 12:42:59,14.068,428.862,19.548,0,0
6/28/2025 12:43:09,14.071,430.586,19.548,0,0
6/28/2025 12:43:19,14.074,431.344,19.55,0,0
6/28/2025 12:43:30,14.077,430.989,19.553,0,0
6/28/2025 12:43:40,14.079,430.836,19.556,0,0
6/28/2025 12:43:50,14.082,430.414,19.558,0,0
6/28/2025 12:44:00,14.085,430.753,19.559,0,0
6/28/2025 12:44:10,14.088,430.602,19.56,0,0
6/28/2025 12:44:21,14.091,430.245,19.56,0,0
6/28/2025 12:44:31,14.094,429.853,19.56,0,0
6/28/2025 12:44:41,14.096,429.774,19.559,0,0
6/28/2025 12:44:51,14.099,429.496,19.558,0,0
6/28/2025 12:45:01,14.102,429.746,19.555,0,0
6/28/2025 12:45:12,14.105,429.826,19.552,0,0
6/28/2025 12:45:22,14.108,429.828,19.55,0,0
6/28/2025 12:45:32,14.111,429.705,19.549,0,0
6/28/2025 12:45:42,14.113,429.712,19.548,0,0
6/28/2025 12:45:52,14.116,429.634,19.548,0,0
6/28/2025 12:46:03,14.119,428.995,19.548,0,0
6/28/2025 12:46:13,14.122,426.322,19.548,0,0
6/28/2025 12:46:23,14.125,426.223,19.55,0,0
6/28/2025 12:46:33,14.128,426.307,19.551,0,0
6/28/2025 12:46:43,14.13,425.526,19.552,0,0
6/28/2025 12:46:54,14.133,426.479,19.551,0,0
6/28/2025 12:47:04,14.136,426.608,19.551,0,0
6/28/2025 12:47:14,14.139,426.362,19.55,0,0
6/28/2025 12:47:24,14.142,426.404,19.549,0,0
6/28/2025 12:47:34,14.144,426.899,19.548,0,0
6/28/2025 12:47:45,14.148,426.967,19.546,0,0
6/28/2025 12:47:55,14.15,427.35,19.544,0,0
6/28/2025 12:48:05,14.153,427.314,19.542,0,0
6/28/2025 12:48:15,14.156,427.463,19.542,0,0
6/28/2025 12:48:25,14.159,427.642,19.541,0,0
6/28/2025 12:48:36,14.162,427.805,19.541,0,0
6/28/2025 12:48:46,14.164,428.276,19.542,0,0
6/28/2025 12:48:56,14.167,428.342,19.543,0,0
6/28/2025 12:49:06,14.17,428.591,19.545,0,0
6/28/2025 12:49:16,14.173,429.223,19.546,0,0
6/28/2025 12:49:27,14.176,429.099,19.547,0,0
6/28/2025 12:49:37,14.179,429.014,19.547,0,0
6/28/2025 12:49:47,14.181,428.348,19.547,0,0
6/28/2025 12:49:57,14.184,428.534,19.547,0,0
6/28/2025 12:50:07,14.187,428.79,19.547,0,0
6/28/2025 12:50:18,14.19,428.754,19.547,0,0
6/28/2025 12:50:28,14.193,428.707,19.546,0,0
6/28/2025 12:50:38,14.196,428.649,19.545,0,0
6/28/2025 12:50:48,14.198,428.649,19.545,0,0
6/28/2025 12:50:58,14.201,428.208,19.545,0,0
6/28/2025 12:51:09,14.204,427.196,19.544,0,0
6/28/2025 12:51:19,14.207,427.124,19.544,0,0
6/28/2025 12:51:29,14.21,427.177,19.545,0,0
6/28/2025 12:51:39,14.213,426.965,19.546,0,0
6/28/2025 12:51:49,14.215,426.922,19.548,0,0
6/28/2025 12:52:00,14.218,426.951,19.549,0,0
6/28/2025 12:52:10,14.221,426.961,19.55,0,0
6/28/2025 12:52:20,14.224,426.714,19.551,0,0
6/28/2025 12:52:30,14.227,426.053,19.55,0,0
6/28/2025 12:52:40,14.229,425.999,19.549,0,0
6/28/2025 12:52:51,14.233,426.432,19.546,0,0
6/28/2025 12:53:01,14.235,426.296,19.542,0,0
6/28/2025 12:53:11,14.238,426.059,19.539,0,0
6/28/2025 12:53:21,14.241,425.573,19.536,0,0
6/28/2025 12:53:31,14.244,425.352,19.534,0,0
6/28/2025 12:53:42,14.247,425.447,19.531,0,0
6/28/2025 12:53:52,14.249,425.579,19.53,0,0
6/28/2025 12:54:02,14.252,425.832,19.529,0,0
6/28/2025 12:54:12,14.255,426.352,19.529,0,0
6/28/2025 12:54:22,14.258,426.32,19.529,0,0
6/28/2025 12:54:33,14.261,426.476,19.53,0,0
6/28/2025 12:54:43,14.264,426.524,19.533,0,0
6/28/2025 12:54:53,14.266,426.673,19.538,0,0
6/28/2025 12:55:03,14.269,426.974,19.542,0,0
6/28/2025 12:55:13,14.272,426.999,19.543,0,0
6/28/2025 12:55:24,14.275,426.896,19.543,0,0
6/28/2025 12:55:34,14.278,427.106,19.543,0,0
6/28/2025 12:55:44,14.281,427.149,19.544,0,0
6/28/2025 12:55:54,14.283,426.176,19.544,0,0
6/28/2025 12:56:04,14.286,425.688,19.544,0,0
6/28/2025 12:56:15,14.289,426.051,19.544,0,0
6/28/2025 12:56:25,14.292,424.551,19.543,0,0
6/28/2025 12:56:35,14.295,424.244,19.543,0,0
6/28/2025 12:56:45,14.298,424.312,19.543,0,0
6/28/2025 12:56:55,14.3,424.035,19.543,0,0
6/28/2025 12:57:06,14.303,424.064,19.543,0,0
6/28/2025 12:57:16,14.306,424.532,19.543,0,0
6/28/2025 12:57:26,14.309,424.662,19.544,0,0
6/28/2025 12:57:36,14.312,423.997,19.545,0,0
6/28/2025 12:57:46,14.314,424.752,19.546,0,0
6/28/2025 12:57:57,14.318,425.016,19.546,0,0
6/28/2025 12:58:07,14.32,424.946,19.545,0,0
6/28/2025 12:58:17,14.323,425.078,19.543,0,0
6/28/2025 12:58:27,14.326,426.316,19.54,0,0
6/28/2025 12:58:37,14.329,427.505,19.535,0,0
6/28/2025 12:58:48,14.332,427.752,19.533,0,0
6/28/2025 12:58:58,14.334,427.616,19.529,0,0
6/28/2025 12:59:08,14.337,427.522,19.526,0,0
6/28/2025 12:59:18,14.34,427.208,19.524,0,0
6/28/2025 12:59:28,14.343,427.481,19.522,0,0
6/28/2025 12:59:39,14.346,427.703,19.521,0,0
6/28/2025 12:59:49,14.349,427.659,19.521,0,0
6/28/2025 12:59:59,14.351,427.61,19.522,0,0
6/28/2025 13:00:09,14.354,428.386,19.523,0,0
6/28/2025 13:00:19,14.357,428.116,19.529,0,0
6/28/2025 13:00:30,14.36,428.079,19.533,0,0
6/28/2025 13:00:40,14.363,427.838,19.536,0,0
6/28/2025 13:00:50,14.366,427.4,19.537,0,0
6/28/2025 13:01:00,14.368,427.385,19.537,0,0
6/28/2025 13:01:10,14.371,427.014,19.537,0,0
6/28/2025 13:01:21,14.374,427.189,19.537,0,0
6/28/2025 13:01:31,14.377,427.253,19.534,0,0
6/28/2025 13:01:41,14.38,426.995,19.53,0,0
6/28/2025 13:01:51,14.383,427.008,19.528,0,0
6/28/2025 13:02:01,14.385,427.032,19.527,0,0
6/28/2025 13:02:12,14.388,426.706,19.527,0,0
6/28/2025 13:02:22,14.391,425.978,19.526,0,0
6/28/2025 13:02:32,14.394,425.255,19.526,0,0
6/28/2025 13:02:42,14.397,424.625,19.527,0,0
6/28/2025 13:02:52,14.399,423.733,19.527,0,0
6/28/2025 13:03:03,14.403,423.786,19.528,0,0
6/28/2025 13:03:13,14.405,423.847,19.529,0,0
6/28/2025 13:03:23,14.408,423.956,19.529,0,0
6/28/2025 13:03:33,14.411,423.33,19.529,0,0
6/28/2025 13:03:43,14.414,423.355,19.528,0,0
6/28/2025 13:03:54,14.417,423.946,19.527,0,0
6/28/2025 13:04:04,14.419,425.061,19.525,0,0
6/28/2025 13:04:14,14.422,425.893,19.522,0,0
6/28/2025 13:04:24,14.425,425.848,19.518,0,0
6/28/2025 13:04:34,14.428,425.949,19.516,0,0
6/28/2025 13:04:45,14.431,426.029,19.514,0,0
6/28/2025 13:04:55,14.434,425.668,19.513,0,0
6/28/2025 13:05:05,14.436,425.039,19.513,0,0
6/28/2025 13:05:15,14.439,425.189,19.513,0,0
6/28/2025 13:05:25,14.442,425.129,19.514,0,0
6/28/2025 13:05:36,14.445,425.387,19.516,0,0
6/28/2025 13:05:46,14.448,425.124,19.519,0,0
6/28/2025 13:05:56,14.451,424.804,19.525,0,0
6/28/2025 13:06:06,14.453,424.832,19.532,0,0
6/28/2025 13:06:16,14.456,425.349,19.535,0,0
6/28/2025 13:06:27,14.459,423.896,19.537,0,0
6/28/2025 13:06:37,14.462,422.662,19.537,0,0
6/28/2025 13:06:47,14.465,422.494,19.537,0,0
6/28/2025 13:06:57,14.468,422.562,19.537,0,0
6/28/2025 13:07:07,14.47,422.648,19.537,0,0
6/28/2025 13:07:18,14.473,423.304,19.536,0,0
6/28/2025 13:07:28,14.476,423.515,19.536,0,0
6/28/2025 13:07:38,14.479,423.537,19.535,0,0
6/28/2025 13:07:48,14.482,423.594,19.535,0,0
6/28/2025 13:07:58,14.484,423.668,19.535,0,0
6/28/2025 13:08:09,14.487,423.65,19.535,0,0
6/28/2025 13:08:19,14.49,423.762,19.536,0,0
6/28/2025 13:08:29,14.493,423.712,19.537,0,0
6/28/2025 13:08:39,14.496,423.627,19.54,0,0
6/28/2025 13:08:49,14.499,423.886,19.542,0,0
6/28/2025 13:09:00,14.502,423.456,19.543,0,0
6/28/2025 13:09:10,14.504,423.08,19.543,0,0
6/28/2025 13:09:20,14.507,422.94,19.542,0,0
6/28/2025 13:09:30,14.51,424.811,19.54,0,0
6/28/2025 13:09:40,14.513,426.308,19.538,0,0
6/28/2025 13:09:51,14.516,426.61,19.536,0,0
6/28/2025 13:10:01,14.519,427.398,19.534,0,0
6/28/2025 13:10:11,14.521,428.134,19.53,0,0
6/28/2025 13:10:21,14.524,427.749,19.528,0,0
6/28/2025 13:10:31,14.527,427.493,19.527,0,0
6/28/2025 13:10:42,14.53,427.362,19.527,0,0
6/28/2025 13:10:52,14.533,427.349,19.527,0,0
6/28/2025 13:11:02,14.536,427.244,19.528,0,0
6/28/2025 13:11:12,14.538,427.318,19.529,0,0
6/28/2025 13:11:22,14.541,427.243,19.53,0,0
6/28/2025 13:11:33,14.544,427.15,19.533,0,0
6/28/2025 13:11:43,14.547,426.22,19.535,0,0
6/28/2025 13:11:53,14.55,425.152,19.537,0,0
6/28/2025 13:12:03,14.552,425.142,19.538,0,0
6/28/2025 13:12:13,14.555,425.256,19.538,0,0
6/28/2025 13:12:24,14.558,424.862,19.538,0,0
6/28/2025 13:12:34,14.561,424.041,19.538,0,0
6/28/2025 13:12:44,14.564,424.167,19.536,0,0
6/28/2025 13:12:54,14.567,423.816,19.533,0,0
6/28/2025 13:13:04,14.569,423.12,19.53,0,0
6/28/2025 13:13:15,14.573,422.982,19.528,0,0
6/28/2025 13:13:25,14.575,422.512,19.527,0,0
6/28/2025 13:13:35,14.578,421.172,19.526,0,0
6/28/2025 13:13:45,14.581,421.064,19.526,0,0
6/28/2025 13:13:55,14.584,421.021,19.526,0,0
6/28/2025 13:14:06,14.587,420.55,19.527,0,0
6/28/2025 13:14:16,14.589,420.341,19.528,0,0
6/28/2025 13:14:26,14.592,419.947,19.53,0,0
6/28/2025 13:14:36,14.595,420.509,19.531,0,0
6/28/2025 13:14:46,14.598,419.826,19.531,0,0
6/28/2025 13:14:57,14.601,419.854,19.53,0,0
6/28/2025 13:15:07,14.604,421.034,19.527,0,0
6/28/2025 13:15:17,14.606,421.099,19.525,0,0
6/28/2025 13:15:27,14.609,421.311,19.523,0,0
6/28/2025 13:15:37,14.612,422.777,19.521,0,0
6/28/2025 13:15:48,14.615,422.944,19.519,0,0
6/28/2025 13:15:58,14.618,423.481,19.518,0,0
6/28/2025 13:16:08,14.621,424.318,19.518,0,0
6/28/2025 13:16:18,14.623,424.888,19.518,0,0
6/28/2025 13:16:29,14.626,427.046,19.518,0,0
6/28/2025 13:16:39,14.629,428.949,19.518,0,0
6/28/2025 13:16:49,14.632,429.336,19.52,0,0
6/28/2025 13:16:59,14.635,428.173,19.523,0,0
6/28/2025 13:17:09,14.638,427.354,19.527,0,0
6/28/2025 13:17:20,14.641,427.443,19.528,0,0
6/28/2025 13:17:30,14.643,427.577,19.53,0,0
6/28/2025 13:17:40,14.646,427.767,19.531,0,0
6/28/2025 13:17:50,14.649,427.398,19.531,0,0
6/28/2025 13:18:00,14.652,426.685,19.531,0,0
6/28/2025 13:18:11,14.655,426.135,19.531,0,0
6/28/2025 13:18:21,14.658,426.093,19.53,0,0
6/28/2025 13:18:31,14.66,425.457,19.529,0,0
6/28/2025 13:18:41,14.663,425.098,19.528,0,0
6/28/2025 13:18:51,14.666,424.686,19.527,0,0
6/28/2025 13:19:02,14.669,424.865,19.527,0,0
6/28/2025 13:19:12,14.672,424.858,19.526,0,0
6/28/2025 13:19:22,14.674,422.352,19.527,0,0
6/28/2025 13:19:32,14.677,421.065,19.528,0,0
6/28/2025 13:19:42,14.68,421.436,19.529,0,0
6/28/2025 13:19:53,14.683,421.148,19.531,0,0
6/28/2025 13:20:03,14.686,421.067,19.533,0,0
6/28/2025 13:20:13,14.689,421.067,19.533,0,0
6/28/2025 13:20:23,14.691,421.006,19.533,0,0
6/28/2025 13:20:33,14.694,421.399,19.532,0,0
6/28/2025 13:20:44,14.697,422.814,19.531,0,0
6/28/2025 13:20:54,14.7,424.938,19.527,0,0
6/28/2025 13:21:04,14.703,424.935,19.521,0,0
6/28/2025 13:21:14,14.706,425.107,19.517,0,0
6/28/2025 13:21:24,14.708,425.331,19.512,0,0
6/28/2025 13:21:35,14.711,426.054,19.509,0,0
6/28/2025 13:21:45,14.714,426.599,19.504,0,0
6/28/2025 13:21:55,14.717,425.501,19.5,0,0
6/28/2025 13:22:05,14.72,425.337,19.499,0,0
6/28/2025 13:22:15,14.723,424.649,19.5,0,0
6/28/2025 13:22:26,14.726,424.571,19.502,0,0
6/28/2025 13:22:36,14.728,423.231,19.507,0,0
6/28/2025 13:22:46,14.731,423.258,19.516,0,0
6/28/2025 13:22:56,14.734,423.302,19.52,0,0
6/28/2025 13:23:06,14.737,419.754,19.522,0,0
6/28/2025 13:23:17,14.74,419.444,19.523,0,0
6/28/2025 13:23:27,14.743,418.588,19.524,0,0
6/28/2025 13:23:37,14.745,418.298,19.523,0,0
6/28/2025 13:23:47,14.748,418.256,19.522,0,0
6/28/2025 13:23:57,14.751,418.785,19.52,0,0
6/28/2025 13:24:08,14.754,419.223,19.52,0,0
6/28/2025 13:24:18,14.757,419.366,19.517,0,0
6/28/2025 13:24:28,14.759,419.536,19.517,0,0
6/28/2025 13:24:38,14.762,419.318,19.516,0,0
6/28/2025 13:24:48,14.765,418.988,19.517,0,0
6/28/2025 13:24:59,14.768,417.902,19.518,0,0
6/28/2025 13:25:09,14.771,417.916,19.522,0,0
6/28/2025 13:25:19,14.774,418.132,19.525,0,0
6/28/2025 13:25:29,14.776,418.057,19.528,0,0
6/28/2025 13:25:39,14.779,418.722,19.53,0,0
6/28/2025 13:25:50,14.782,420.94,19.53,0,0
6/28/2025 13:26:00,14.785,423.15,19.53,0,0
6/28/2025 13:26:10,14.788,423.239,19.529,0,0
6/28/2025 13:26:20,14.791,423.401,19.528,0,0
6/28/2025 13:26:30,14.793,423.328,19.527,0,0
6/28/2025 13:26:41,14.796,423.455,19.526,0,0
6/28/2025 13:26:51,14.799,424.383,19.525,0,0
6/28/2025 13:27:01,14.802,424.643,19.524,0,0
6/28/2025 13:27:11,14.805,424.631,19.523,0,0
6/28/2025 13:27:21,14.808,425.106,19.523,0,0
6/28/2025 13:27:32,14.811,425.582,19.523,0,0
6/28/2025 13:27:42,14.813,425.78,19.523,0,0
6/28/2025 13:27:52,14.816,426.206,19.524,0,0
6/28/2025 13:28:02,14.819,426.309,19.529,0,0
6/28/2025 13:28:12,14.822,425.986,19.534,0,0
6/28/2025 13:28:23,14.825,425.129,19.537,0,0
6/28/2025 13:28:33,14.828,425.132,19.539,0,0
6/28/2025 13:28:43,14.83,425.243,19.54,0,0
6/28/2025 13:28:53,14.833,424.735,19.54,0,0
6/28/2025 13:29:03,14.836,424.62,19.538,0,0
6/28/2025 13:29:14,14.839,424.589,19.536,0,0
6/28/2025 13:29:24,14.842,424.173,19.532,0,0
6/28/2025 13:29:34,14.844,422.967,19.527,0,0
6/28/2025 13:29:44,14.847,422.211,19.521,0,0
6/28/2025 13:29:54,14.85,422.258,19.516,0,0
6/28/2025 13:30:05,14.853,422.486,19.511,0,0
6/28/2025 13:30:15,14.856,422.406,19.506,0,0
6/28/2025 13:30:25,14.859,419.934,19.504,0,0
6/28/2025 13:30:35,14.861,419.571,19.504,0,0
6/28/2025 13:30:45,14.864,419.359,19.504,0,0
6/28/2025 13:30:56,14.867,419.545,19.504,0,0
6/28/2025 13:31:06,14.87,419.726,19.505,0,0
6/28/2025 13:31:16,14.873,420.159,19.505,0,0
6/28/2025 13:31:26,14.876,420.301,19.505,0,0
6/28/2025 13:31:36,14.878,421.114,19.504,0,0
6/28/2025 13:31:47,14.881,422.146,19.503,0,0
6/28/2025 13:31:57,14.884,421.993,19.5,0,0
6/28/2025 13:32:07,14.887,420.931,19.497,0,0
6/28/2025 13:32:17,14.89,421.048,19.493,0,0
6/28/2025 13:32:27,14.893,421.064,19.49,0,0
6/28/2025 13:32:38,14.896,420.922,19.487,0,0
6/28/2025 13:32:48,14.898,421.074,19.486,0,0
6/28/2025 13:32:58,14.901,421.292,19.484,0,0
6/28/2025 13:33:08,14.904,421.297,19.482,0,0
6/28/2025 13:33:18,14.907,421.639,19.482,0,0
6/28/2025 13:33:29,14.91,421.846,19.482,0,0
6/28/2025 13:33:39,14.913,422.443,19.483,0,0
6/28/2025 13:33:49,14.915,422.223,19.484,0,0
6/28/2025 13:33:59,14.918,421.785,19.485,0,0
6/28/2025 13:34:09,14.921,422.181,19.485,0,0
6/28/2025 13:34:20,14.924,422.327,19.485,0,0
6/28/2025 13:34:30,14.927,422.161,19.485,0,0
6/28/2025 13:34:40,14.929,422.291,19.485,0,0
6/28/2025 13:34:50,14.932,422.288,19.484,0,0
6/28/2025 13:35:00,14.935,422.456,19.483,0,0
6/28/2025 13:35:11,14.938,421.387,19.481,0,0
6/28/2025 13:35:21,14.941,418.983,19.48,0,0
6/28/2025 13:35:31,14.944,418.889,19.479,0,0
6/28/2025 13:35:41,14.946,418.87,19.479,0,0
6/28/2025 13:35:51,14.949,418.905,19.479,0,0
6/28/2025 13:36:02,14.952,418.733,19.478,0,0
6/28/2025 13:36:12,14.955,418.657,19.478,0,0
6/28/2025 13:36:22,14.958,418.58,19.479,0,0
6/28/2025 13:36:32,14.961,418.417,19.479,0,0
6/28/2025 13:36:42,14.963,418.731,19.48,0,0
6/28/2025 13:36:53,14.966,418.609,19.481,0,0
6/28/2025 13:37:03,14.969,418.72,19.481,0,0
6/28/2025 13:37:13,14.972,419.689,19.481,0,0
6/28/2025 13:37:23,14.975,420.752,19.48,0,0
6/28/2025 13:37:33,14.978,421.16,19.479,0,0
6/28/2025 13:37:44,14.981,420.764,19.476,0,0
6/28/2025 13:37:54,14.983,420.434,19.474,0,0
6/28/2025 13:38:04,14.986,420.89,19.472,0,0
6/28/2025 13:38:14,14.989,420.866,19.472,0,0
6/28/2025 13:38:24,14.992,420.781,19.471,0,0
6/28/2025 13:38:35,14.995,420.826,19.471,0,0
6/28/2025 13:38:45,14.998,421.14,19.471,0,0
6/28/2025 13:38:55,15,421.446,19.471,0,0
6/28/2025 13:39:05,15.003,421.463,19.471,0,0
6/28/2025 13:39:15,15.006,421.528,19.472,0,0
6/28/2025 13:39:26,15.009,422.068,19.473,0,0
6/28/2025 13:39:36,15.012,422.03,19.473,0,0
6/28/2025 13:39:46,15.014,422.059,19.473,0,0
6/28/2025 13:39:56,15.017,421.991,19.473,0,0
6/28/2025 13:40:06,15.02,421.87,19.472,0,0
6/28/2025 13:40:17,15.023,420.529,19.47,0,0
6/28/2025 13:40:27,15.026,420.564,19.469,0,0
6/28/2025 13:40:37,15.029,420.454,19.467,0,0
6/28/2025 13:40:47,15.031,420.66,19.465,0,0
6/28/2025 13:40:57,15.034,421.7,19.463,0,0
6/28/2025 13:41:08,15.037,421.643,19.461,0,0
6/28/2025 13:41:18,15.04,421.556,19.46,0,0
6/28/2025 13:41:28,15.043,421.191,19.46,0,0
6/28/2025 13:41:38,15.046,420.765,19.46,0,0
6/28/2025 13:41:48,15.048,420.242,19.46,0,0
6/28/2025 13:41:59,15.051,419.76,19.461,0,0
6/28/2025 13:42:09,15.054,419.153,19.462,0,0
6/28/2025 13:42:19,15.057,418.852,19.462,0,0
6/28/2025 13:42:29,15.06,418.777,19.463,0,0
6/28/2025 13:42:39,15.063,418.56,19.463,0,0
6/28/2025 13:42:50,15.066,418.633,19.463,0,0
6/28/2025 13:43:00,15.068,418.908,19.462,0,0
6/28/2025 13:43:10,15.071,419.065,19.46,0,0
6/28/2025 13:43:20,15.074,419.093,19.455,0,0
6/28/2025 13:43:30,15.077,419.381,19.449,0,0
6/28/2025 13:43:41,15.08,419.393,19.444,0,0
6/28/2025 13:43:51,15.083,419.599,19.438,0,0
6/28/2025 13:44:01,15.085,419.734,19.433,0,0
6/28/2025 13:44:11,15.088,419.468,19.43,0,0
6/28/2025 13:44:21,15.091,419.709,19.43,0,0
6/28/2025 13:44:32,15.094,420.091,19.43,0,0
6/28/2025 13:44:42,15.097,420.471,19.43,0,0
6/28/2025 13:44:52,15.099,420.018,19.432,0,0
6/28/2025 13:45:02,15.102,420.486,19.438,0,0
6/28/2025 13:45:12,15.105,420.909,19.444,0,0
6/28/2025 13:45:23,15.108,421.347,19.448,0,0
6/28/2025 13:45:33,15.111,421.502,19.449,0,0
6/28/2025 13:45:43,15.114,421.825,19.45,0,0
6/28/2025 13:45:53,15.116,421.809,19.45,0,0
6/28/2025 13:46:03,15.119,419.96,19.449,0,0
6/28/2025 13:46:14,15.122,419.382,19.449,0,0
6/28/2025 13:46:24,15.125,419.041,19.448,0,0
6/28/2025 13:46:34,15.128,419.047,19.448,0,0
6/28/2025 13:46:44,15.131,419.038,19.448,0,0
6/28/2025 13:46:54,15.133,418.771,19.448,0,0
6/28/2025 13:47:05,15.136,417.918,19.449,0,0
6/28/2025 13:47:15,15.139,417.937,19.451,0,0
6/28/2025 13:47:25,15.142,417.954,19.454,0,0
6/28/2025 13:47:35,15.145,417.237,19.461,0,0
6/28/2025 13:47:45,15.148,417.263,19.468,0,0
6/28/2025 13:47:56,15.151,417.429,19.473,0,0
6/28/2025 13:48:06,15.153,417.241,19.473,0,0
6/28/2025 13:48:16,15.156,417.294,19.473,0,0
6/28/2025 13:48:26,15.159,417.383,19.473,0,0
6/28/2025 13:48:36,15.162,417.373,19.472,0,0
6/28/2025 13:48:47,15.165,417.879,19.472,0,0
6/28/2025 13:48:57,15.168,417.905,19.471,0,0
6/28/2025 13:49:07,15.17,417.605,19.471,0,0
6/28/2025 13:49:17,15.173,417.656,19.47,0,0
6/28/2025 13:49:27,15.176,417.842,19.47,0,0
6/28/2025 13:49:38,15.179,418.411,19.47,0,0
6/28/2025 13:49:48,15.182,418.592,19.47,0,0
6/28/2025 13:49:58,15.184,418.819,19.47,0,0
6/28/2025 13:50:08,15.187,419.503,19.471,0,0
6/28/2025 13:50:18,15.19,419.674,19.474,0,0
6/28/2025 13:50:29,15.193,419.65,19.477,0,0
6/28/2025 13:50:39,15.196,419.79,19.481,0,0
6/28/2025 13:50:49,15.199,419.748,19.483,0,0
6/28/2025 13:50:59,15.201,419.349,19.483,0,0
6/28/2025 13:51:09,15.204,419.379,19.483,0,0
6/28/2025 13:51:20,15.207,419.547,19.483,0,0
6/28/2025 13:51:30,15.21,418.914,19.482,0,0
6/28/2025 13:51:40,15.213,418.218,19.48,0,0
6/28/2025 13:51:50,15.216,417.199,19.477,0,0
6/28/2025 13:52:00,15.218,417.488,19.474,0,0
6/28/2025 13:52:11,15.221,417.852,19.47,0,0
6/28/2025 13:52:21,15.224,418.032,19.467,0,0
6/28/2025 13:52:31,15.227,418.102,19.464,0,0
6/28/2025 13:52:41,15.23,418.237,19.462,0,0
6/28/2025 13:52:51,15.233,417.872,19.461,0,0
6/28/2025 13:53:02,15.236,417.793,19.461,0,0
6/28/2025 13:53:12,15.238,416.334,19.462,0,0
6/28/2025 13:53:22,15.241,413.634,19.463,0,0
6/28/2025 13:53:32,15.244,413.705,19.463,0,0
6/28/2025 13:53:42,15.247,413.81,19.463,0,0
6/28/2025 13:53:53,15.25,414.705,19.463,0,0
6/28/2025 13:54:03,15.253,414.947,19.462,0,0
6/28/2025 13:54:13,15.255,416.065,19.461,0,0
6/28/2025 13:54:23,15.258,417.168,19.458,0,0
6/28/2025 13:54:33,15.261,417.512,19.456,0,0
6/28/2025 13:54:44,15.264,417.321,19.454,0,0
6/28/2025 13:54:54,15.267,417.321,19.453,0,0
6/28/2025 13:55:04,15.269,416.716,19.451,0,0
6/28/2025 13:55:14,15.272,416.672,19.451,0,0
6/28/2025 13:55:24,15.275,416.912,19.45,0,0
6/28/2025 13:55:35,15.278,417.126,19.451,0,0
6/28/2025 13:55:45,15.281,417.788,19.452,0,0
6/28/2025 13:55:55,15.284,418.357,19.456,0,0
6/28/2025 13:56:05,15.286,418.425,19.46,0,0
6/28/2025 13:56:16,15.289,419.308,19.463,0,0
6/28/2025 13:56:26,15.292,419.866,19.467,0,0
6/28/2025 13:56:36,15.295,420.171,19.469,0,0
6/28/2025 13:56:46,15.298,420.117,19.47,0,0
6/28/2025 13:56:56,15.301,420.485,19.47,0,0
6/28/2025 13:57:07,15.304,420.117,19.469,0,0
6/28/2025 13:57:17,15.306,420.037,19.469,0,0
6/28/2025 13:57:27,15.309,420.375,19.467,0,0
6/28/2025 13:57:37,15.312,420.477,19.465,0,0
6/28/2025 13:57:47,15.315,420.444,19.464,0,0
6/28/2025 13:57:58,15.318,420.519,19.463,0,0
6/28/2025 13:58:08,15.321,420.609,19.462,0,0
6/28/2025 13:58:18,15.323,420.5,19.463,0,0
6/28/2025 13:58:28,15.326,419.008,19.463,0,0
6/28/2025 13:58:38,15.329,418.073,19.464,0,0
6/28/2025 13:58:49,15.332,417.971,19.465,0,0
6/28/2025 13:58:59,15.335,417.895,19.467,0,0
6/28/2025 13:59:09,15.338,417.196,19.467,0,0
6/28/2025 13:59:19,15.34,416.444,19.467,0,0
6/28/2025 13:59:29,15.343,416.425,19.465,0,0
6/28/2025 13:59:40,15.346,416.667,19.464,0,0
6/28/2025 13:59:50,15.349,417.773,19.462,0,0
6/28/2025 14:00:00,15.352,419.072,19.459,0,0
6/28/2025 14:00:10,15.354,419.585,19.454,0,0
6/28/2025 14:00:20,15.357,419.213,19.451,0,0
6/28/2025 14:00:31,15.36,418.767,19.446,0,0
6/28/2025 14:00:41,15.363,418.739,19.443,0,0
6/28/2025 14:00:51,15.366,418.465,19.441,0,0
6/28/2025 14:01:01,15.369,418.637,19.44,0,0
6/28/2025 14:01:11,15.371,419.26,19.44,0,0
6/28/2025 14:01:22,15.374,419.158,19.44,0,0
6/28/2025 14:01:32,15.377,419.026,19.441,0,0
6/28/2025 14:01:42,15.38,418.734,19.443,0,0
6/28/2025 14:01:52,15.383,418.482,19.444,0,0
6/28/2025 14:02:02,15.386,418.218,19.446,0,0
6/28/2025 14:02:13,15.389,418.245,19.447,0,0
6/28/2025 14:02:23,15.391,418.467,19.447,0,0
6/28/2025 14:02:33,15.394,418.136,19.447,0,0
6/28/2025 14:02:43,15.397,418.247,19.447,0,0
6/28/2025 14:02:53,15.4,418.102,19.446,0,0
6/28/2025 14:03:04,15.403,416.938,19.446,0,0
6/28/2025 14:03:14,15.406,415.712,19.445,0,0
6/28/2025 14:03:24,15.408,416.034,19.444,0,0
6/28/2025 14:03:34,15.411,415.81,19.444,0,0
6/28/2025 14:03:44,15.414,415.652,19.443,0,0
6/28/2025 14:03:55,15.417,415.631,19.443,0,0
6/28/2025 14:04:05,15.42,415.441,19.443,0,0
6/28/2025 14:04:15,15.423,414.563,19.444,0,0
6/28/2025 14:04:25,15.425,413.878,19.445,0,0
6/28/2025 14:04:35,15.428,413.472,19.446,0,0
6/28/2025 14:04:45,15.431,413.261,19.446,0,0
6/28/2025 14:04:56,15.434,413.025,19.447,0,0
6/28/2025 14:05:06,15.437,413.43,19.447,0,0
6/28/2025 14:05:16,15.439,415.169,19.447,0,0
6/28/2025 14:05:26,15.442,415.872,19.447,0,0
6/28/2025 14:05:37,15.445,415.827,19.446,0,0
6/28/2025 14:05:47,15.448,415.95,19.446,0,0
6/28/2025 14:05:57,15.451,416.659,19.444,0,0
6/28/2025 14:06:07,15.454,416.58,19.44,0,0
6/28/2025 14:06:17,15.456,416.512,19.436,0,0
6/28/2025 14:06:28,15.459,416.513,19.434,0,0
6/28/2025 14:06:38,15.462,416.495,19.432,0,0
6/28/2025 14:06:48,15.465,416.735,19.432,0,0
6/28/2025 14:06:58,15.468,417.691,19.432,0,0
6/28/2025 14:07:08,15.471,418.404,19.432,0,0
6/28/2025 14:07:19,15.474,418.423,19.432,0,0
6/28/2025 14:07:29,15.476,418.312,19.434,0,0
6/28/2025 14:07:39,15.479,418.515,19.435,0,0
6/28/2025 14:07:49,15.482,418.455,19.435,0,0
6/28/2025 14:07:59,15.485,418.278,19.435,0,0
6/28/2025 14:08:10,15.488,418.514,19.434,0,0
6/28/2025 14:08:20,15.491,418.58,19.433,0,0
6/28/2025 14:08:30,15.493,418.735,19.432,0,0
6/28/2025 14:08:40,15.496,417.346,19.431,0,0
6/28/2025 14:08:50,15.499,415.743,19.43,0,0
6/28/2025 14:09:01,15.502,414.847,19.43,0,0
6/28/2025 14:09:11,15.505,414.37,19.429,0,0
6/28/2025 14:09:21,15.508,414.099,19.429,0,0
6/28/2025 14:09:31,15.51,414.157,19.43,0,0
6/28/2025 14:09:41,15.513,413.991,19.431,0,0
6/28/2025 14:09:52,15.516,413.125,19.435,0,0
6/28/2025 14:10:02,15.519,413.373,19.439,0,0
6/28/2025 14:10:12,15.522,414.196,19.442,0,0
6/28/2025 14:10:22,15.524,414.172,19.443,0,0
6/28/2025 14:10:32,15.527,414.22,19.443,0,0
6/28/2025 14:10:43,15.53,413.879,19.443,0,0
6/28/2025 14:10:53,15.533,413.883,19.442,0,0
6/28/2025 14:11:03,15.536,413.778,19.44,0,0
6/28/2025 14:11:13,15.539,413.363,19.438,0,0
6/28/2025 14:11:23,15.541,413.401,19.435,0,0
6/28/2025 14:11:34,15.544,414.588,19.431,0,0
6/28/2025 14:11:44,15.547,415.22,19.429,0,0
6/28/2025 14:11:54,15.55,415.326,19.428,0,0
6/28/2025 14:12:04,15.553,415.576,19.427,0,0
6/28/2025 14:12:14,15.556,415.585,19.427,0,0
6/28/2025 14:12:25,15.559,415.689,19.427,0,0
6/28/2025 14:12:35,15.561,416.923,19.428,0,0
6/28/2025 14:12:45,15.564,417.12,19.429,0,0
6/28/2025 14:12:55,15.567,417.242,19.43,0,0
6/28/2025 14:13:05,15.57,417.259,19.43,0,0
6/28/2025 14:13:16,15.573,417.35,19.43,0,0
6/28/2025 14:13:26,15.576,417.709,19.429,0,0
6/28/2025 14:13:36,15.578,417.477,19.428,0,0
6/28/2025 14:13:46,15.581,416.314,19.427,0,0
6/28/2025 14:13:56,15.584,415.349,19.426,0,0
6/28/2025 14:14:07,15.587,415.31,19.425,0,0
6/28/2025 14:14:17,15.59,416.602,19.421,0,0
6/28/2025 14:14:27,15.593,417.223,19.419,0,0
6/28/2025 14:14:37,15.595,418.229,19.418,0,0
6/28/2025 14:14:47,15.598,418.111,19.417,0,0
6/28/2025 14:14:58,15.601,417.665,19.418,0,0
6/28/2025 14:15:08,15.604,417.614,19.418,0,0
6/28/2025 14:15:18,15.607,417.71,19.418,0,0
6/28/2025 14:15:28,15.609,417.812,19.42,0,0
6/28/2025 14:15:38,15.612,417.841,19.422,0,0
6/28/2025 14:15:49,15.615,417.77,19.423,0,0
6/28/2025 14:15:59,15.618,417.511,19.424,0,0
6/28/2025 14:16:09,15.621,417.413,19.424,0,0
6/28/2025 14:16:19,15.624,417.306,19.423,0,0
6/28/2025 14:16:29,15.626,417.194,19.423,0,0
6/28/2025 14:16:40,15.629,417.286,19.422,0,0
6/28/2025 14:16:50,15.632,416.938,19.421,0,0
6/28/2025 14:17:00,15.635,416.656,19.421,0,0
6/28/2025 14:17:10,15.638,416.576,19.42,0,0
6/28/2025 14:17:20,15.641,416.592,19.419,0,0
6/28/2025 14:17:31,15.644,416.588,19.419,0,0
6/28/2025 14:17:41,15.646,416.562,19.419,0,0
6/28/2025 14:17:51,15.649,416.747,19.42,0,0
6/28/2025 14:18:01,15.652,416.963,19.421,0,0
6/28/2025 14:18:11,15.655,417.131,19.425,0,0
6/28/2025 14:18:22,15.658,417.465,19.43,0,0
6/28/2025 14:18:32,15.661,417.265,19.435,0,0
6/28/2025 14:18:42,15.663,416.659,19.437,0,0
6/28/2025 14:18:52,15.666,416.807,19.439,0,0
6/28/2025 14:19:02,15.669,416.996,19.439,0,0
6/28/2025 14:19:13,15.672,417.36,19.44,0,0
6/28/2025 14:19:23,15.675,417.786,19.44,0,0
6/28/2025 14:19:33,15.677,417.453,19.439,0,0
6/28/2025 14:19:43,15.68,417.356,19.439,0,0
6/28/2025 14:19:53,15.683,417.01,19.438,0,0
6/28/2025 14:20:04,15.686,417.429,19.437,0,0
6/28/2025 14:20:14,15.689,416.919,19.437,0,0
6/28/2025 14:20:24,15.692,415.785,19.437,0,0
6/28/2025 14:20:34,15.694,415.175,19.438,0,0
6/28/2025 14:20:44,15.697,413.48,19.441,0,0
6/28/2025 14:20:55,15.7,409.822,19.446,0,0
6/28/2025 14:21:05,15.703,409.617,19.451,0,0
6/28/2025 14:21:15,15.706,409.885,19.456,0,0
6/28/2025 14:21:25,15.709,410.397,19.459,0,0
6/28/2025 14:21:35,15.711,410.681,19.46,0,0
6/28/2025 14:21:46,15.714,411.718,19.46,0,0
6/28/2025 14:21:56,15.717,411.94,19.459,0,0
6/28/2025 14:22:06,15.72,412.07,19.458,0,0
6/28/2025 14:22:16,15.723,412.149,19.457,0,0
6/28/2025 14:22:26,15.726,412.192,19.455,0,0
6/28/2025 14:22:37,15.729,412.411,19.454,0,0
6/28/2025 14:22:47,15.731,412.733,19.454,0,0
6/28/2025 14:22:57,15.734,413.196,19.454,0,0
6/28/2025 14:23:07,15.737,413.25,19.453,0,0
6/28/2025 14:23:17,15.74,414.45,19.453,0,0
6/28/2025 14:23:28,15.743,415.004,19.454,0,0
6/28/2025 14:23:38,15.746,415.071,19.455,0,0
6/28/2025 14:23:48,15.748,415.267,19.458,0,0
6/28/2025 14:23:58,15.751,416.175,19.461,0,0
6/28/2025 14:24:08,15.754,416.638,19.465,0,0
6/28/2025 14:24:19,15.757,416.598,19.468,0,0
6/28/2025 14:24:29,15.76,416.412,19.468,0,0
6/28/2025 14:24:39,15.763,416.417,19.468,0,0
6/28/2025 14:24:49,15.765,416.122,19.468,0,0
6/28/2025 14:24:59,15.768,416.072,19.466,0,0
6/28/2025 14:25:10,15.771,416.173,19.463,0,0
6/28/2025 14:25:20,15.774,416.177,19.462,0,0
6/28/2025 14:25:30,15.777,416.247,19.46,0,0
6/28/2025 14:25:40,15.779,416.26,19.459,0,0
6/28/2025 14:25:50,15.782,416.074,19.459,0,0
6/28/2025 14:26:01,15.785,415.712,19.459,0,0
6/28/2025 14:26:11,15.788,415.483,19.459,0,0
6/28/2025 14:26:21,15.791,415.332,19.459,0,0
6/28/2025 14:26:31,15.794,412.324,19.46,0,0
6/28/2025 14:26:41,15.796,411.129,19.46,0,0
6/28/2025 14:26:52,15.799,411.2,19.461,0,0
6/28/2025 14:27:02,15.802,411.259,19.461,0,0
6/28/2025 14:27:12,15.805,411.65,19.461,0,0
6/28/2025 14:27:22,15.808,411.628,19.46,0,0
6/28/2025 14:27:32,15.811,412.08,19.459,0,0
6/28/2025 14:27:43,15.814,412.894,19.455,0,0
6/28/2025 14:27:53,15.816,413.438,19.45,0,0
6/28/2025 14:28:03,15.819,413.553,19.446,0,0
6/28/2025 14:28:13,15.822,414.582,19.443,0,0
6/28/2025 14:28:23,15.825,416.909,19.44,0,0
6/28/2025 14:28:34,15.828,417.321,19.437,0,0
6/28/2025 14:28:44,15.831,417.262,19.437,0,0
6/28/2025 14:28:54,15.833,416.077,19.436,0,0
6/28/2025 14:29:04,15.836,414.778,19.436,0,0
6/28/2025 14:29:14,15.839,415.943,19.437,0,0
6/28/2025 14:29:25,15.842,416.369,19.44,0,0
6/28/2025 14:29:35,15.845,416.449,19.444,0,0
6/28/2025 14:29:45,15.848,416.203,19.447,0,0
6/28/2025 14:29:55,15.85,416.62,19.449,0,0
6/28/2025 14:30:05,15.853,416.8,19.45,0,0
6/28/2025 14:30:16,15.856,416.648,19.451,0,0
6/28/2025 14:30:26,15.859,416.444,19.451,0,0
6/28/2025 14:30:36,15.862,416.337,19.451,0,0
6/28/2025 14:30:46,15.864,416.04,19.451,0,0
6/28/2025 14:30:56,15.867,415.335,19.451,0,0
6/28/2025 14:31:07,15.87,414.959,19.449,0,0
6/28/2025 14:31:17,15.873,414.932,19.448,0,0
6/28/2025 14:31:27,15.876,414.812,19.447,0,0
6/28/2025 14:31:37,15.879,413.362,19.447,0,0
6/28/2025 14:31:47,15.881,411.832,19.447,0,0
6/28/2025 14:31:58,15.884,412.188,19.449,0,0
6/28/2025 14:32:08,15.887,412.144,19.452,0,0
6/28/2025 14:32:18,15.89,411.957,19.455,0,0
6/28/2025 14:32:28,15.893,411.799,19.456,0,0
6/28/2025 14:32:38,15.896,412.094,19.457,0,0
6/28/2025 14:32:49,15.899,412.171,19.456,0,0
6/28/2025 14:32:59,15.901,412.105,19.454,0,0
6/28/2025 14:33:09,15.904,412.405,19.453,0,0
6/28/2025 14:33:19,15.907,413.517,19.451,0,0
6/28/2025 14:33:29,15.91,414.616,19.449,0,0
6/28/2025 14:33:40,15.913,416.759,19.447,0,0
6/28/2025 14:33:50,15.916,417.451,19.445,0,0
6/28/2025 14:34:00,15.918,417.325,19.442,0,0
6/28/2025 14:34:10,15.921,417.277,19.44,0,0
6/28/2025 14:34:20,15.924,418.539,19.439,0,0
6/28/2025 14:34:31,15.927,418.37,19.439,0,0
6/28/2025 14:34:41,15.93,417.962,19.44,0,0
6/28/2025 14:34:51,15.933,418.241,19.442,0,0
6/28/2025 14:35:01,15.935,418.35,19.444,0,0
6/28/2025 14:35:11,15.938,418.08,19.447,0,0
6/28/2025 14:35:22,15.941,418.135,19.45,0,0
6/28/2025 14:35:32,15.944,417.932,19.451,0,0
6/28/2025 14:35:42,15.947,417.023,19.452,0,0
6/28/2025 14:35:52,15.949,417.925,19.452,0,0
6/28/2025 14:36:02,15.952,417.23,19.451,0,0
6/28/2025 14:36:13,15.955,416.726,19.45,0,0
6/28/2025 14:36:23,15.958,416.163,19.448,0,0
6/28/2025 14:36:33,15.961,415.85,19.447,0,0
6/28/2025 14:36:43,15.964,415.616,19.446,0,0
6/28/2025 14:36:53,15.966,415.528,19.445,0,0
6/28/2025 14:37:04,15.969,415.472,19.445,0,0
6/28/2025 14:37:14,15.972,414.354,19.445,0,0
6/28/2025 14:37:24,15.975,414.362,19.446,0,0
6/28/2025 14:37:34,15.978,414.57,19.447,0,0
6/28/2025 14:37:44,15.981,414.187,19.448,0,0
6/28/2025 14:37:55,15.984,412.653,19.45,0,0
6/28/2025 14:38:05,15.986,411.327,19.451,0,0
6/28/2025 14:38:15,15.989,411.152,19.451,0,0
6/28/2025 14:38:25,15.992,410.999,19.451,0,0
6/28/2025 14:38:35,15.995,410.45,19.45,0,0
6/28/2025 14:38:46,15.998,410.359,19.448,0,0
6/28/2025 14:38:56,16.001,411.626,19.444,0,0
6/28/2025 14:39:06,16.003,413.459,19.442,0,0
6/28/2025 14:39:16,16.006,413.082,19.437,0,0
6/28/2025 14:39:26,16.009,412.757,19.433,0,0
6/28/2025 14:39:37,16.012,413.192,19.43,0,0
6/28/2025 14:39:47,16.015,413.194,19.429,0,0
6/28/2025 14:39:57,16.018,413.555,19.429,0,0
6/28/2025 14:40:07,16.02,414.18,19.43,0,0
6/28/2025 14:40:17,16.023,415.895,19.431,0,0
6/28/2025 14:40:28,16.026,416.446,19.432,0,0
6/28/2025 14:40:38,16.029,416.017,19.434,0,0
6/28/2025 14:40:48,16.032,415.802,19.436,0,0
6/28/2025 14:40:58,16.034,415.1,19.438,0,0
6/28/2025 14:41:08,16.037,414.996,19.439,0,0
6/28/2025 14:41:19,16.04,414.945,19.439,0,0
6/28/2025 14:41:29,16.043,414.853,19.439,0,0
6/28/2025 14:41:39,16.046,414.935,19.438,0,0
6/28/2025 14:41:49,16.049,414.934,19.437,0,0
6/28/2025 14:41:59,16.051,415.413,19.436,0,0
6/28/2025 14:42:10,16.054,415.674,19.435,0,0
6/28/2025 14:42:20,16.057,415.685,19.435,0,0
6/28/2025 14:42:30,16.06,414.996,19.435,0,0
6/28/2025 14:42:40,16.063,414.855,19.435,0,0
6/28/2025 14:42:50,16.066,414.148,19.436,0,0
6/28/2025 14:43:01,16.069,413.865,19.438,0,0
6/28/2025 14:43:11,16.071,413.325,19.441,0,0
6/28/2025 14:43:21,16.074,412.996,19.447,0,0
6/28/2025 14:43:31,16.077,413.075,19.451,0,0
6/28/2025 14:43:41,16.08,413.351,19.453,0,0
6/28/2025 14:43:52,16.083,413.51,19.454,0,0
6/28/2025 14:44:02,16.086,413.706,19.454,0,0
6/28/2025 14:44:12,16.088,414.365,19.454,0,0
6/28/2025 14:44:22,16.091,414.598,19.453,0,0
6/28/2025 14:44:32,16.094,414.768,19.451,0,0
6/28/2025 14:44:43,16.097,414.417,19.447,0,0
6/28/2025 14:44:53,16.1,414.029,19.444,0,0
6/28/2025 14:45:03,16.103,414.092,19.442,0,0
6/28/2025 14:45:13,16.105,414.586,19.441,0,0
6/28/2025 14:45:23,16.108,413.866,19.44,0,0
6/28/2025 14:45:34,16.111,413.773,19.44,0,0
6/28/2025 14:45:44,16.114,413.855,19.439,0,0
6/28/2025 14:45:54,16.117,413.99,19.44,0,0
6/28/2025 14:46:04,16.119,414.177,19.442,0,0
6/28/2025 14:46:14,16.122,414.257,19.445,0,0
6/28/2025 14:46:25,16.125,414.317,19.449,0,0
6/28/2025 14:46:35,16.128,414.395,19.452,0,0
6/28/2025 14:46:45,16.131,415.009,19.452,0,0
6/28/2025 14:46:55,16.134,415.086,19.452,0,0
6/28/2025 14:47:05,16.136,414.61,19.452,0,0
6/28/2025 14:47:16,16.139,413.857,19.451,0,0
6/28/2025 14:47:26,16.142,413.72,19.45,0,0
6/28/2025 14:47:36,16.145,413.903,19.449,0,0
6/28/2025 14:47:46,16.148,413.079,19.448,0,0
6/28/2025 14:47:56,16.151,413.047,19.446,0,0
6/28/2025 14:48:07,16.154,413.196,19.446,0,0
6/28/2025 14:48:17,16.156,413.223,19.445,0,0
6/28/2025 14:48:27,16.159,412.403,19.445,0,0
6/28/2025 14:48:37,16.162,412.581,19.445,0,0
6/28/2025 14:48:47,16.165,412.453,19.445,0,0
6/28/2025 14:48:58,16.168,412.329,19.446,0,0
6/28/2025 14:49:08,16.171,412.262,19.448,0,0
6/28/2025 14:49:18,16.173,411.578,19.448,0,0
6/28/2025 14:49:28,16.176,411.722,19.448,0,0
6/28/2025 14:49:38,16.179,411.747,19.447,0,0
6/28/2025 14:49:49,16.182,412.157,19.446,0,0
6/28/2025 14:49:59,16.185,412.193,19.444,0,0
6/28/2025 14:50:09,16.188,412.54,19.441,0,0
6/28/2025 14:50:19,16.19,413.181,19.439,0,0
6/28/2025 14:50:29,16.193,413.416,19.435,0,0
6/28/2025 14:50:40,16.196,412.965,19.431,0,0
6/28/2025 14:50:50,16.199,412.894,19.429,0,0
6/28/2025 14:51:00,16.202,413.487,19.427,0,0
6/28/2025 14:51:10,16.204,414.98,19.427,0,0
6/28/2025 14:51:20,16.207,415.612,19.427,0,0
6/28/2025 14:51:31,16.21,415.599,19.427,0,0
6/28/2025 14:51:41,16.213,415.611,19.429,0,0
6/28/2025 14:51:51,16.216,415.199,19.432,0,0
6/28/2025 14:52:01,16.219,414.945,19.436,0,0
6/28/2025 14:52:11,16.221,414.928,19.438,0,0
6/28/2025 14:52:22,16.224,413.679,19.439,0,0
6/28/2025 14:52:32,16.227,413.282,19.439,0,0
6/28/2025 14:52:42,16.23,412.213,19.439,0,0
6/28/2025 14:52:52,16.233,411.535,19.439,0,0
6/28/2025 14:53:02,16.236,410.897,19.439,0,0
6/28/2025 14:53:13,16.239,410.649,19.438,0,0
6/28/2025 14:53:23,16.241,409.632,19.437,0,0
6/28/2025 14:53:33,16.244,408.931,19.436,0,0
6/28/2025 14:53:43,16.247,408.941,19.436,0,0
6/28/2025 14:53:54,16.25,409.58,19.435,0,0
6/28/2025 14:54:04,16.253,409.617,19.436,0,0
6/28/2025 14:54:14,16.256,409.833,19.437,0,0
6/28/2025 14:54:24,16.258,409.691,19.44,0,0
6/28/2025 14:54:34,16.261,409.894,19.444,0,0
6/28/2025 14:54:45,16.264,410.03,19.449,0,0
6/28/2025 14:54:55,16.267,410.108,19.451,0,0
6/28/2025 14:55:05,16.27,409.111,19.452,0,0
6/28/2025 14:55:15,16.273,408.524,19.452,0,0
6/28/2025 14:55:25,16.275,409.569,19.452,0,0
6/28/2025 14:55:36,16.278,412.561,19.451,0,0
6/28/2025 14:55:46,16.281,412.699,19.45,0,0
6/28/2025 14:55:56,16.284,412.746,19.448,0,0
6/28/2025 14:56:06,16.287,412.821,19.448,0,0
6/28/2025 14:56:16,16.289,413.492,19.447,0,0
6/28/2025 14:56:27,16.293,414.301,19.445,0,0
6/28/2025 14:56:37,16.295,414.039,19.445,0,0
6/28/2025 14:56:47,16.298,415.155,19.445,0,0
6/28/2025 14:56:57,16.301,415.113,19.445,0,0
6/28/2025 14:57:07,16.304,415.026,19.446,0,0
6/28/2025 14:57:18,16.307,415.047,19.447,0,0
6/28/2025 14:57:28,16.309,415.011,19.45,0,0
6/28/2025 14:57:38,16.312,414.916,19.452,0,0
6/28/2025 14:57:48,16.315,414.887,19.453,0,0
6/28/2025 14:57:58,16.318,414.522,19.452,0,0
6/28/2025 14:58:09,16.321,414.044,19.452,0,0
6/28/2025 14:58:19,16.324,412.372,19.45,0,0
6/28/2025 14:58:29,16.326,411.364,19.449,0,0
6/28/2025 14:58:39,16.329,411.318,19.448,0,0
6/28/2025 14:58:49,16.332,411.25,19.446,0,0
6/28/2025 14:59:00,16.335,411.092,19.445,0,0
6/28/2025 14:59:10,16.338,411.242,19.445,0,0
6/28/2025 14:59:20,16.341,410.998,19.444,0,0
6/28/2025 14:59:30,16.343,410.294,19.444,0,0
6/28/2025 14:59:40,16.346,410.942,19.444,0,0
6/28/2025 14:59:51,16.349,411.086,19.445,0,0
6/28/2025 15:00:01,16.352,411.06,19.447,0,0
6/28/2025 15:00:11,16.355,411.19,19.448,0,0
6/28/2025 15:00:21,16.358,411.441,19.45,0,0
6/28/2025 15:00:31,16.36,411.408,19.45,0,0
6/28/2025 15:00:42,16.363,412.164,19.449,0,0
6/28/2025 15:00:52,16.366,412.607,19.447,0,0
6/28/2025 15:01:02,16.369,412.875,19.444,0,0
6/28/2025 15:01:12,16.372,412.983,19.44,0,0
6/28/2025 15:01:22,16.374,413.236,19.434,0,0
6/28/2025 15:01:33,16.378,413.099,19.429,0,0
6/28/2025 15:01:43,16.38,413.089,19.424,0,0
6/28/2025 15:01:53,16.383,413.041,19.422,0,0
6/28/2025 15:02:03,16.386,412.606,19.419,0,0
6/28/2025 15:02:13,16.389,412.542,19.417,0,0
6/28/2025 15:02:24,16.392,412.621,19.417,0,0
6/28/2025 15:02:34,16.394,412.86,19.417,0,0
6/28/2025 15:02:44,16.397,413.41,19.417,0,0
6/28/2025 15:02:54,16.4,413.433,19.419,0,0
6/28/2025 15:03:04,16.403,413.78,19.421,0,0
6/28/2025 15:03:15,16.406,414.49,19.424,0,0
6/28/2025 15:03:25,16.409,412.478,19.424,0,0
6/28/2025 15:03:35,16.411,411.097,19.425,0,0
6/28/2025 15:03:45,16.414,410.794,19.426,0,0
6/28/2025 15:03:55,16.417,410.499,19.426,0,0
6/28/2025 15:04:06,16.42,410.535,19.426,0,0
6/28/2025 15:04:16,16.423,410.547,19.425,0,0
6/28/2025 15:04:26,16.426,410.525,19.425,0,0
6/28/2025 15:04:36,16.428,410.959,19.424,0,0
6/28/2025 15:04:46,16.431,411.046,19.423,0,0
6/28/2025 15:04:57,16.434,411.084,19.423,0,0
6/28/2025 15:05:07,16.437,411.596,19.423,0,0
6/28/2025 15:05:17,16.44,411.189,19.423,0,0
6/28/2025 15:05:27,16.443,411.292,19.424,0,0
6/28/2025 15:05:37,16.445,411.334,19.426,0,0
6/28/2025 15:05:48,16.448,411.296,19.429,0,0
6/28/2025 15:05:58,16.451,411.134,19.431,0,0
6/28/2025 15:06:08,16.454,411.637,19.432,0,0
6/28/2025 15:06:18,16.457,412.275,19.432,0,0
6/28/2025 15:06:28,16.459,412.279,19.432,0,0
6/28/2025 15:06:39,16.463,412.108,19.431,0,0
6/28/2025 15:06:49,16.465,412.23,19.429,0,0
6/28/2025 15:06:59,16.468,412.391,19.426,0,0
6/28/2025 15:07:09,16.471,412.642,19.422,0,0
6/28/2025 15:07:19,16.474,412.686,19.419,0,0
6/28/2025 15:07:30,16.477,412.908,19.416,0,0
6/28/2025 15:07:40,16.479,412.924,19.415,0,0
6/28/2025 15:07:50,16.482,412.636,19.414,0,0
6/28/2025 15:08:00,16.485,412.489,19.414,0,0
6/28/2025 15:08:10,16.488,412.18,19.415,0,0
6/28/2025 15:08:21,16.491,412.207,19.417,0,0
6/28/2025 15:08:31,16.494,412.146,19.42,0,0
6/28/2025 15:08:41,16.496,412.103,19.423,0,0
6/28/2025 15:08:51,16.499,412.074,19.426,0,0
6/28/2025 15:09:01,16.502,412.389,19.427,0,0
6/28/2025 15:09:12,16.505,413.077,19.428,0,0
6/28/2025 15:09:22,16.508,412.614,19.428,0,0
6/28/2025 15:09:32,16.511,412.211,19.428,0,0
6/28/2025 15:09:42,16.513,412.159,19.427,0,0
6/28/2025 15:09:52,16.516,411.114,19.426,0,0
6/28/2025 15:10:03,16.519,409.762,19.426,0,0
6/28/2025 15:10:13,16.522,409.276,19.425,0,0
6/28/2025 15:10:23,16.525,409.601,19.425,0,0
6/28/2025 15:10:33,16.528,409.825,19.425,0,0
6/28/2025 15:10:43,16.53,409.327,19.425,0,0
6/28/2025 15:10:54,16.533,408.147,19.425,0,0
6/28/2025 15:11:04,16.536,407.01,19.427,0,0
6/28/2025 15:11:14,16.539,407.047,19.428,0,0
6/28/2025 15:11:24,16.542,408.603,19.429,0,0
6/28/2025 15:11:34,16.544,408.68,19.43,0,0
6/28/2025 15:11:45,16.548,409.315,19.43,0,0
6/28/2025 15:11:55,16.55,410.343,19.43,0,0
6/28/2025 15:12:05,16.553,410.605,19.429,0,0
6/28/2025 15:12:15,16.556,410.73,19.428,0,0
6/28/2025 15:12:25,16.559,411.282,19.427,0,0
6/28/2025 15:12:36,16.562,411.064,19.426,0,0
6/28/2025 15:12:46,16.564,411.298,19.424,0,0
6/28/2025 15:12:56,16.567,411.136,19.422,0,0
6/28/2025 15:13:06,16.57,411.208,19.42,0,0
6/28/2025 15:13:16,16.573,411.062,19.418,0,0
6/28/2025 15:13:27,16.576,410.419,19.418,0,0
6/28/2025 15:13:37,16.579,410.051,19.418,0,0
6/28/2025 15:13:47,16.581,410.17,19.419,0,0
6/28/2025 15:13:57,16.584,410.218,19.421,0,0
6/28/2025 15:14:07,16.587,410.104,19.425,0,0
6/28/2025 15:14:18,16.59,410.77,19.43,0,0
6/28/2025 15:14:28,16.593,411.534,19.435,0,0
6/28/2025 15:14:38,16.596,413.887,19.437,0,0
6/28/2025 15:14:48,16.598,414.454,19.439,0,0
6/28/2025 15:14:58,16.601,414.421,19.441,0,0
6/28/2025 15:15:09,16.604,414.116,19.442,0,0
6/28/2025 15:15:19,16.607,414.524,19.442,0,0
6/28/2025 15:15:29,16.61,413.399,19.443,0,0
6/28/2025 15:15:39,16.613,409.793,19.444,0,0
6/28/2025 15:15:49,16.615,409.548,19.445,0,0
6/28/2025 15:16:00,16.618,411.634,19.445,0,0
6/28/2025 15:16:10,16.621,413.069,19.447,0,0
6/28/2025 15:16:20,16.624,413.124,19.449,0,0
6/28/2025 15:16:30,16.627,413.602,19.452,0,0
6/28/2025 15:16:40,16.629,414.73,19.458,0,0
6/28/2025 15:16:51,16.633,415.167,19.464,0,0
6/28/2025 15:17:01,16.635,414.273,19.47,0,0
6/28/2025 15:17:11,16.638,412.015,19.476,0,0
6/28/2025 15:17:21,16.641,411.553,19.477,0,0
6/28/2025 15:17:31,16.644,411.274,19.477,0,0
6/28/2025 15:17:42,16.647,411.397,19.476,0,0
6/28/2025 15:17:52,16.649,411.522,19.473,0,0
6/28/2025 15:18:02,16.652,411.618,19.469,0,0
6/28/2025 15:18:12,16.655,412.437,19.465,0,0
6/28/2025 15:18:22,16.658,412.497,19.461,0,0
6/28/2025 15:18:33,16.661,412.582,19.457,0,0
6/28/2025 15:18:43,16.664,413.083,19.455,0,0
6/28/2025 15:18:53,16.666,413.138,19.455,0,0
6/28/2025 15:19:03,16.669,414.084,19.455,0,0
6/28/2025 15:19:13,16.672,414.26,19.456,0,0
6/28/2025 15:19:24,16.675,414.292,19.457,0,0
6/28/2025 15:19:34,16.678,413.678,19.459,0,0
6/28/2025 15:19:44,16.681,412.92,19.461,0,0
6/28/2025 15:19:54,16.683,412.784,19.463,0,0
6/28/2025 15:20:04,16.686,412.212,19.465,0,0
6/28/2025 15:20:15,16.689,412.405,19.466,0,0
6/28/2025 15:20:25,16.692,412.106,19.466,0,0
6/28/2025 15:20:35,16.695,411.831,19.466,0,0
6/28/2025 15:20:45,16.698,411.801,19.465,0,0
6/28/2025 15:20:55,16.7,411.485,19.463,0,0
6/28/2025 15:21:06,16.703,412.427,19.46,0,0
6/28/2025 15:21:16,16.706,412.424,19.46,0,0
6/28/2025 15:21:26,16.709,412.36,19.459,0,0
6/28/2025 15:21:36,16.712,412.141,19.458,0,0
6/28/2025 15:21:46,16.714,411.169,19.458,0,0
6/28/2025 15:21:57,16.718,409.68,19.458,0,0
6/28/2025 15:22:07,16.72,409.725,19.459,0,0
6/28/2025 15:22:17,16.723,409.695,19.46,0,0
6/28/2025 15:22:27,16.726,409.715,19.463,0,0
6/28/2025 15:22:37,16.729,409.768,19.464,0,0
6/28/2025 15:22:48,16.732,409.679,19.465,0,0
6/28/2025 15:22:58,16.734,409.566,19.465,0,0
6/28/2025 15:23:08,16.737,409.502,19.464,0,0
6/28/2025 15:23:18,16.74,409.118,19.46,0,0
6/28/2025 15:23:28,16.743,409.549,19.455,0,0
6/28/2025 15:23:39,16.746,409.461,19.45,0,0
6/28/2025 15:23:49,16.749,409.127,19.445,0,0
6/28/2025 15:23:59,16.751,409.138,19.442,0,0
6/28/2025 15:24:09,16.754,409.58,19.44,0,0
6/28/2025 15:24:19,16.757,409.64,19.438,0,0
6/28/2025 15:24:30,16.76,410.182,19.437,0,0
6/28/2025 15:24:40,16.763,411.583,19.437,0,0
6/28/2025 15:24:50,16.766,412.442,19.437,0,0
6/28/2025 15:25:00,16.768,412.943,19.438,0,0
6/28/2025 15:25:10,16.771,413.609,19.44,0,0
6/28/2025 15:25:21,16.774,413.96,19.444,0,0
6/28/2025 15:25:31,16.777,413.904,19.448,0,0
6/28/2025 15:25:41,16.78,413.171,19.452,0,0
6/28/2025 15:25:51,16.783,412.379,19.455,0,0
6/28/2025 15:26:01,16.785,412.812,19.456,0,0
6/28/2025 15:26:12,16.788,412.301,19.457,0,0
6/28/2025 15:26:22,16.791,412.158,19.458,0,0
6/28/2025 15:26:32,16.794,411.808,19.458,0,0
6/28/2025 15:26:42,16.797,411.25,19.458,0,0
6/28/2025 15:26:52,16.799,411.049,19.458,0,0
6/28/2025 15:27:03,16.802,410.961,19.457,0,0
6/28/2025 15:27:13,16.805,409.782,19.456,0,0
6/28/2025 15:27:23,16.808,409.002,19.456,0,0
6/28/2025 15:27:33,16.811,408.887,19.456,0,0
6/28/2025 15:27:43,16.814,408.57,19.458,0,0
6/28/2025 15:27:54,16.817,408.789,19.46,0,0
6/28/2025 15:28:04,16.819,408.852,19.461,0,0
6/28/2025 15:28:14,16.822,408.505,19.462,0,0
6/28/2025 15:28:24,16.825,409.299,19.463,0,0
6/28/2025 15:28:34,16.828,410.594,19.463,0,0
6/28/2025 15:28:45,16.831,410.54,19.463,0,0
6/28/2025 15:28:55,16.834,410.759,19.463,0,0
6/28/2025 15:29:05,16.836,410.964,19.462,0,0
6/28/2025 15:29:15,16.839,411.046,19.46,0,0
6/28/2025 15:29:25,16.842,411.999,19.458,0,0
6/28/2025 15:29:36,16.845,412.479,19.456,0,0
6/28/2025 15:29:46,16.848,412.746,19.455,0,0
6/28/2025 15:29:56,16.851,412.864,19.455,0,0
6/28/2025 15:30:06,16.853,413.656,19.455,0,0
6/28/2025 15:30:16,16.856,415.578,19.456,0,0
6/28/2025 15:30:27,16.859,416.865,19.458,0,0
6/28/2025 15:30:37,16.862,416.041,19.462,0,0
6/28/2025 15:30:47,16.865,415.897,19.469,0,0
6/28/2025 15:30:57,16.867,416.297,19.474,0,0
6/28/2025 15:31:07,16.87,416.315,19.478,0,0
6/28/2025 15:31:18,16.873,416.211,19.481,0,0
6/28/2025 15:31:28,16.876,415.625,19.483,0,0
6/28/2025 15:31:38,16.879,414.546,19.483,0,0
6/28/2025 15:31:48,16.882,413.191,19.483,0,0
6/28/2025 15:31:58,16.884,412.666,19.483,0,0
6/28/2025 15:32:09,16.888,412.501,19.483,0,0
6/28/2025 15:32:19,16.89,412.055,19.483,0,0
6/28/2025 15:32:29,16.893,411.861,19.484,0,0
6/28/2025 15:32:39,16.896,411.851,19.485,0,0
6/28/2025 15:32:49,16.899,411.763,19.486,0,0
6/28/2025 15:33:00,16.902,411.481,19.488,0,0
6/28/2025 15:33:10,16.904,410.475,19.49,0,0
6/28/2025 15:33:20,16.907,410.253,19.495,0,0
6/28/2025 15:33:30,16.91,409.41,19.501,0,0
6/28/2025 15:33:40,16.913,407.94,19.505,0,0
6/28/2025 15:33:51,16.916,407.419,19.508,0,0
6/28/2025 15:34:01,16.919,406.492,19.509,0,0
6/28/2025 15:34:11,16.921,407.337,19.508,0,0
6/28/2025 15:34:21,16.924,408.001,19.508,0,0
6/28/2025 15:34:31,16.927,408.28,19.508,0,0
6/28/2025 15:34:42,16.93,408.712,19.508,0,0
6/28/2025 15:34:52,16.933,409.32,19.507,0,0
6/28/2025 15:35:02,16.936,409.488,19.505,0,0
6/28/2025 15:35:12,16.938,409.644,19.504,0,0
6/28/2025 15:35:22,16.941,409.369,19.502,0,0
6/28/2025 15:35:33,16.944,409.428,19.5,0,0
6/28/2025 15:35:43,16.947,409.957,19.498,0,0
6/28/2025 15:35:53,16.95,410.443,19.497,0,0
6/28/2025 15:36:03,16.953,410.752,19.497,0,0
6/28/2025 15:36:13,16.955,412.257,19.497,0,0
6/28/2025 15:36:24,16.958,412.041,19.499,0,0
6/28/2025 15:36:34,16.961,412.187,19.502,0,0
6/28/2025 15:36:44,16.964,413.045,19.504,0,0
6/28/2025 15:36:54,16.967,413.851,19.504,0,0
6/28/2025 15:37:04,16.969,413.801,19.505,0,0
6/28/2025 15:37:15,16.973,413.868,19.505,0,0
6/28/2025 15:37:25,16.975,413.901,19.505,0,0
6/28/2025 15:37:35,16.978,413.932,19.504,0,0
6/28/2025 15:37:45,16.981,413.689,19.502,0,0
6/28/2025 15:37:55,16.984,412.1,19.502,0,0
6/28/2025 15:38:06,16.987,411.967,19.501,0,0
6/28/2025 15:38:16,16.989,411.843,19.501,0,0
6/28/2025 15:38:26,16.992,411.826,19.501,0,0
6/28/2025 15:38:36,16.995,411.874,19.501,0,0
6/28/2025 15:38:46,16.998,411.721,19.501,0,0
6/28/2025 15:38:57,17.001,411.419,19.503,0,0
6/28/2025 15:39:07,17.004,411.781,19.506,0,0
6/28/2025 15:39:17,17.006,411.785,19.508,0,0
6/28/2025 15:39:27,17.009,411.564,19.51,0,0
6/28/2025 15:39:37,17.012,412.366,19.51,0,0
6/28/2025 15:39:48,17.015,412.622,19.509,0,0
6/28/2025 15:39:58,17.018,412.725,19.508,0,0
6/28/2025 15:40:08,17.021,412.94,19.507,0,0
6/28/2025 15:40:18,17.023,412.723,19.506,0,0
6/28/2025 15:40:28,17.026,413.689,19.503,0,0
6/28/2025 15:40:39,17.029,414.125,19.502,0,0
6/28/2025 15:40:49,17.032,414.048,19.5,0,0
6/28/2025 15:40:59,17.035,414.184,19.499,0,0
6/28/2025 15:41:09,17.038,414.258,19.498,0,0
6/28/2025 15:41:19,17.04,414.335,19.498,0,0
6/28/2025 15:41:30,17.043,413.642,19.498,0,0
6/28/2025 15:41:40,17.046,413.523,19.498,0,0
6/28/2025 15:41:50,17.049,413.165,19.501,0,0
6/28/2025 15:42:00,17.052,412.59,19.506,0,0
6/28/2025 15:42:10,17.054,412.43,19.511,0,0
6/28/2025 15:42:21,17.058,412.007,19.513,0,0
6/28/2025 15:42:31,17.06,410.861,19.514,0,0
6/28/2025 15:42:41,17.063,411.236,19.514,0,0
6/28/2025 15:42:51,17.066,411.333,19.514,0,0
6/28/2025 15:43:01,17.069,410.861,19.514,0,0
6/28/2025 15:43:12,17.072,410.713,19.514,0,0
6/28/2025 15:43:22,17.074,411.047,19.512,0,0
6/28/2025 15:43:32,17.077,412.306,19.512,0,0
6/28/2025 15:43:42,17.08,412.804,19.512,0,0
6/28/2025 15:43:52,17.083,412.785,19.512,0,0
6/28/2025 15:44:03,17.086,412.771,19.512,0,0
6/28/2025 15:44:13,17.089,412.401,19.513,0,0
6/28/2025 15:44:23,17.091,412.279,19.514,0,0
6/28/2025 15:44:33,17.094,411.935,19.515,0,0
6/28/2025 15:44:43,17.097,411.653,19.516,0,0
6/28/2025 15:44:54,17.1,411.728,19.518,0,0
6/28/2025 15:45:04,17.103,411.291,19.518,0,0
6/28/2025 15:45:14,17.106,410.075,19.518,0,0
6/28/2025 15:45:24,17.108,410.31,19.518,0,0
6/28/2025 15:45:34,17.111,410.531,19.517,0,0
6/28/2025 15:45:45,17.114,411.91,19.514,0,0
6/28/2025 15:45:55,17.117,413.177,19.508,0,0
6/28/2025 15:46:05,17.12,413.066,19.504,0,0
6/28/2025 15:46:15,17.123,412.54,19.5,0,0
6/28/2025 15:46:25,17.125,411.642,19.497,0,0
6/28/2025 15:46:36,17.128,410.522,19.495,0,0
6/28/2025 15:46:46,17.131,410.491,19.494,0,0
6/28/2025 15:46:56,17.134,410.634,19.494,0,0
6/28/2025 15:47:06,17.137,410.781,19.495,0,0
6/28/2025 15:47:16,17.139,410.842,19.496,0,0
6/28/2025 15:47:27,17.143,411.661,19.499,0,0
6/28/2025 15:47:37,17.145,411.958,19.502,0,0
6/28/2025 15:47:47,17.148,411.984,19.504,0,0
6/28/2025 15:47:57,17.151,412.791,19.505,0,0
6/28/2025 15:48:07,17.154,412.806,19.505,0,0
6/28/2025 15:48:18,17.157,411.779,19.505,0,0
6/28/2025 15:48:28,17.159,410.974,19.505,0,0
6/28/2025 15:48:38,17.162,410.855,19.503,0,0
6/28/2025 15:48:48,17.165,410.726,19.5,0,0
6/28/2025 15:48:58,17.168,410.52,19.497,0,0
6/28/2025 15:49:09,17.171,409.934,19.496,0,0
6/28/2025 15:49:19,17.174,410.474,19.494,0,0
6/28/2025 15:49:29,17.176,410.733,19.494,0,0
6/28/2025 15:49:39,17.179,410.595,19.493,0,0
6/28/2025 15:49:49,17.182,410.389,19.494,0,0
6/28/2025 15:50:00,17.185,410.273,19.495,0,0
6/28/2025 15:50:10,17.188,410.311,19.496,0,0
6/28/2025 15:50:20,17.191,410.248,19.498,0,0
6/28/2025 15:50:30,17.193,410.298,19.5,0,0
6/28/2025 15:50:40,17.196,410.427,19.5,0,0
6/28/2025 15:50:51,17.199,410.465,19.5,0,0
6/28/2025 15:51:01,17.202,410.546,19.498,0,0
6/28/2025 15:51:11,17.205,411.018,19.495,0,0
6/28/2025 15:51:21,17.208,411.085,19.491,0,0
6/28/2025 15:51:31,17.21,411.15,19.488,0,0
6/28/2025 15:51:42,17.213,411.028,19.483,0,0
6/28/2025 15:51:52,17.216,411.091,19.478,0,0
6/28/2025 15:52:02,17.219,410.631,19.473,0,0
6/28/2025 15:52:12,17.222,410.79,19.469,0,0
6/28/2025 15:52:22,17.224,410.987,19.466,0,0
6/28/2025 15:52:33,17.228,410.784,19.465,0,0
6/28/2025 15:52:43,17.23,410.752,19.465,0,0
6/28/2025 15:52:53,17.233,410.302,19.466,0,0
6/28/2025 15:53:03,17.236,410.213,19.467,0,0
6/28/2025 15:53:13,17.239,410.641,19.468,0,0
6/28/2025 15:53:24,17.242,410.591,19.468,0,0
6/28/2025 15:53:34,17.244,410.575,19.469,0,0
6/28/2025 15:53:44,17.247,410.35,19.469,0,0
6/28/2025 15:53:54,17.25,408.209,19.469,0,0
6/28/2025 15:54:04,17.253,408.036,19.468,0,0
6/28/2025 15:54:15,17.256,407.928,19.465,0,0
6/28/2025 15:54:25,17.259,408.306,19.462,0,0
6/28/2025 15:54:35,17.261,408.539,19.459,0,0
6/28/2025 15:54:45,17.264,408.648,19.456,0,0
6/28/2025 15:54:55,17.267,408.802,19.455,0,0
6/28/2025 15:55:06,17.27,409.017,19.454,0,0
6/28/2025 15:55:16,17.273,410.018,19.454,0,0
6/28/2025 15:55:26,17.276,409.634,19.455,0,0
6/28/2025 15:55:36,17.278,409.047,19.456,0,0
6/28/2025 15:55:46,17.281,409.222,19.458,0,0
6/28/2025 15:55:57,17.284,409.277,19.46,0,0
6/28/2025 15:56:07,17.287,409.344,19.461,0,0
6/28/2025 15:56:17,17.29,409.314,19.462,0,0
6/28/2025 15:56:27,17.293,409.439,19.462,0,0
6/28/2025 15:56:37,17.295,409.641,19.461,0,0
6/28/2025 15:56:48,17.298,410.218,19.46,0,0
6/28/2025 15:56:58,17.301,410.152,19.457,0,0
6/28/2025 15:57:08,17.304,410.026,19.452,0,0
6/28/2025 15:57:18,17.307,410.453,19.448,0,0
6/28/2025 15:57:28,17.309,411.38,19.445,0,0
6/28/2025 15:57:39,17.313,411.279,19.442,0,0
6/28/2025 15:57:49,17.315,411.688,19.44,0,0
6/28/2025 15:57:59,17.318,412.078,19.438,0,0
6/28/2025 15:58:09,17.321,411.965,19.437,0,0
6/28/2025 15:58:20,17.324,412.125,19.437,0,0
6/28/2025 15:58:30,17.327,412.528,19.438,0,0
6/28/2025 15:58:40,17.329,412.367,19.439,0,0
6/28/2025 15:58:50,17.332,411.647,19.441,0,0
6/28/2025 15:59:00,17.335,411.542,19.442,0,0
6/28/2025 15:59:11,17.338,411.459,19.443,0,0
6/28/2025 15:59:21,17.341,410.7,19.443,0,0
6/28/2025 15:59:31,17.344,410.58,19.443,0,0
6/28/2025 15:59:41,17.346,409.528,19.443,0,0
6/28/2025 15:59:51,17.349,409.711,19.443,0,0
6/28/2025 16:00:02,17.352,409.791,19.443,0,0
6/28/2025 16:00:12,17.355,410.489,19.442,0,0
6/28/2025 16:00:22,17.358,410.594,19.442,0,0
6/28/2025 16:00:32,17.361,410.249,19.442,0,0
6/28/2025 16:00:42,17.363,409.536,19.442,0,0
6/28/2025 16:00:53,17.366,408.682,19.443,0,0
6/28/2025 16:01:03,17.369,408.425,19.444,0,0
6/28/2025 16:01:13,17.372,407.995,19.448,0,0
6/28/2025 16:01:23,17.375,408,19.451,0,0
6/28/2025 16:01:33,17.378,408.348,19.456,0,0
6/28/2025 16:01:44,17.381,408.223,19.459,0,0
6/28/2025 16:01:54,17.383,408.603,19.46,0,0
6/28/2025 16:02:04,17.386,408.994,19.459,0,0
6/28/2025 16:02:14,17.389,409.085,19.459,0,0
6/28/2025 16:02:24,17.392,409.521,19.458,0,0
6/28/2025 16:02:35,17.395,409.49,19.455,0,0
6/28/2025 16:02:45,17.398,409.169,19.453,0,0
6/28/2025 16:02:55,17.4,409.267,19.451,0,0
6/28/2025 16:03:05,17.403,410.303,19.449,0,0
6/28/2025 16:03:15,17.406,410.306,19.448,0,0
6/28/2025 16:03:26,17.409,410.221,19.447,0,0
6/28/2025 16:03:36,17.412,410.504,19.447,0,0
6/28/2025 16:03:46,17.414,410.892,19.447,0,0
6/28/2025 16:03:56,17.417,411.078,19.447,0,0
6/28/2025 16:04:06,17.42,411.166,19.449,0,0
6/28/2025 16:04:17,17.423,411.105,19.451,0,0
6/28/2025 16:04:27,17.426,410.974,19.454,0,0
6/28/2025 16:04:37,17.429,410.772,19.455,0,0
6/28/2025 16:04:47,17.431,410.748,19.456,0,0
6/28/2025 16:04:57,17.434,410.477,19.456,0,0
6/28/2025 16:05:08,17.437,410.052,19.456,0,0
6/28/2025 16:05:18,17.44,409.078,19.456,0,0
6/28/2025 16:05:28,17.443,409.525,19.456,0,0
6/28/2025 16:05:38,17.446,408.856,19.456,0,0
6/28/2025 16:05:48,17.448,408.643,19.455,0,0
6/28/2025 16:05:59,17.451,408.654,19.455,0,0
6/28/2025 16:06:09,17.454,408.663,19.455,0,0
6/28/2025 16:06:19,17.457,408.121,19.456,0,0
6/28/2025 16:06:29,17.46,407.528,19.456,0,0
6/28/2025 16:06:39,17.463,407.539,19.458,0,0
6/28/2025 16:06:50,17.466,407.502,19.46,0,0
6/28/2025 16:07:00,17.468,407.475,19.464,0,0
6/28/2025 16:07:10,17.471,406.415,19.469,0,0
6/28/2025 16:07:20,17.474,405.607,19.472,0,0
6/28/2025 16:07:30,17.477,405.969,19.475,0,0
6/28/2025 16:07:41,17.48,406.225,19.476,0,0
6/28/2025 16:07:51,17.483,406.153,19.476,0,0
6/28/2025 16:08:01,17.485,405.955,19.476,0,0
6/28/2025 16:08:11,17.488,406.565,19.475,0,0
6/28/2025 16:08:21,17.491,408.329,19.474,0,0
6/28/2025 16:08:32,17.494,408.45,19.473,0,0
6/28/2025 16:08:42,17.497,408.926,19.472,0,0
6/28/2025 16:08:52,17.499,409.022,19.472,0,0
6/28/2025 16:09:02,17.502,408.819,19.472,0,0
6/28/2025 16:09:12,17.505,408.684,19.472,0,0
6/28/2025 16:09:23,17.508,408.162,19.473,0,0
6/28/2025 16:09:33,17.511,406.97,19.475,0,0
6/28/2025 16:09:43,17.514,408.457,19.479,0,0
6/28/2025 16:09:53,17.516,409.777,19.483,0,0
6/28/2025 16:10:03,17.519,410.096,19.485,0,0
6/28/2025 16:10:14,17.522,409.36,19.486,0,0
6/28/2025 16:10:24,17.525,409.005,19.486,0,0
6/28/2025 16:10:34,17.528,408.779,19.486,0,0
6/28/2025 16:10:44,17.531,408.542,19.486,0,0
6/28/2025 16:10:54,17.533,408.739,19.484,0,0
6/28/2025 16:11:05,17.536,409.016,19.482,0,0
6/28/2025 16:11:15,17.539,410.036,19.479,0,0
6/28/2025 16:11:25,17.542,409.511,19.477,0,0
6/28/2025 16:11:35,17.545,409.48,19.474,0,0
6/28/2025 16:11:45,17.548,409.448,19.473,0,0
6/28/2025 16:11:56,17.551,409.414,19.473,0,0
6/28/2025 16:12:06,17.553,409.039,19.473,0,0
6/28/2025 16:12:16,17.556,408.979,19.473,0,0
6/28/2025 16:12:26,17.559,407.778,19.474,0,0
6/28/2025 16:12:36,17.562,407.498,19.475,0,0
6/28/2025 16:12:47,17.565,407.854,19.475,0,0
6/28/2025 16:12:57,17.568,408.007,19.476,0,0
6/28/2025 16:13:07,17.57,408.674,19.476,0,0
6/28/2025 16:13:17,17.573,408.802,19.475,0,0
6/28/2025 16:13:27,17.576,408.827,19.472,0,0
6/28/2025 16:13:38,17.579,408.855,19.468,0,0
6/28/2025 16:13:48,17.582,409.311,19.462,0,0
6/28/2025 16:13:58,17.584,410.193,19.456,0,0
6/28/2025 16:14:08,17.587,409.86,19.451,0,0
6/28/2025 16:14:18,17.59,409.865,19.448,0,0
6/28/2025 16:14:29,17.593,409.948,19.446,0,0
6/28/2025 16:14:39,17.596,410.661,19.445,0,0
6/28/2025 16:14:49,17.599,410.844,19.445,0,0
6/28/2025 16:14:59,17.601,410.388,19.445,0,0
6/28/2025 16:15:09,17.604,409.993,19.446,0,0
6/28/2025 16:15:20,17.607,407.177,19.45,0,0
6/28/2025 16:15:30,17.61,407.371,19.454,0,0
6/28/2025 16:15:40,17.613,407.586,19.458,0,0
6/28/2025 16:15:50,17.616,408.097,19.46,0,0
6/28/2025 16:16:00,17.618,408.881,19.46,0,0
6/28/2025 16:16:11,17.621,409.186,19.461,0,0
6/28/2025 16:16:21,17.624,409.254,19.461,0,0
6/28/2025 16:16:31,17.627,409.086,19.46,0,0
6/28/2025 16:16:41,17.63,408.912,19.46,0,0
6/28/2025 16:16:51,17.633,408.872,19.459,0,0
6/28/2025 16:17:02,17.636,408.773,19.457,0,0
6/28/2025 16:17:12,17.638,408.378,19.456,0,0
6/28/2025 16:17:22,17.641,409.323,19.455,0,0
6/28/2025 16:17:32,17.644,409.608,19.455,0,0
6/28/2025 16:17:42,17.647,409.605,19.455,0,0
6/28/2025 16:17:53,17.65,409.087,19.455,0,0
6/28/2025 16:18:03,17.653,409.046,19.456,0,0
6/28/2025 16:18:13,17.655,411.611,19.457,0,0
6/28/2025 16:18:23,17.658,412.569,19.458,0,0
6/28/2025 16:18:33,17.661,412.294,19.458,0,0
6/28/2025 16:18:44,17.664,411.722,19.458,0,0
6/28/2025 16:18:54,17.667,411.069,19.458,0,0
6/28/2025 16:19:04,17.669,410.69,19.457,0,0
6/28/2025 16:19:14,17.672,410.345,19.456,0,0
6/28/2025 16:19:24,17.675,410.471,19.453,0,0
6/28/2025 16:19:35,17.678,410.57,19.451,0,0
6/28/2025 16:19:45,17.681,410.542,19.449,0,0
6/28/2025 16:19:55,17.684,410.684,19.444,0,0
6/28/2025 16:20:05,17.686,410.788,19.442,0,0
6/28/2025 16:20:15,17.689,410.58,19.44,0,0
6/28/2025 16:20:26,17.692,409.142,19.439,0,0
6/28/2025 16:20:36,17.695,409.075,19.439,0,0
6/28/2025 16:20:46,17.698,409.489,19.439,0,0
6/28/2025 16:20:56,17.701,409.686,19.44,0,0
6/28/2025 16:21:06,17.703,409.44,19.443,0,0
6/28/2025 16:21:17,17.706,409.466,19.446,0,0
6/28/2025 16:21:27,17.709,409.482,19.448,0,0
6/28/2025 16:21:37,17.712,409.608,19.45,0,0
6/28/2025 16:21:47,17.715,408.853,19.45,0,0
6/28/2025 16:21:57,17.718,408.976,19.449,0,0
6/28/2025 16:22:08,17.721,409.096,19.449,0,0
6/28/2025 16:22:18,17.723,409.322,19.448,0,0
6/28/2025 16:22:28,17.726,409.463,19.448,0,0
6/28/2025 16:22:38,17.729,409.748,19.447,0,0
6/28/2025 16:22:48,17.732,410.054,19.447,0,0
6/28/2025 16:22:59,17.735,410.424,19.448,0,0
6/28/2025 16:23:09,17.738,410.46,19.449,0,0
6/28/2025 16:23:19,17.74,409.845,19.451,0,0
6/28/2025 16:23:29,17.743,409.026,19.457,0,0
6/28/2025 16:23:39,17.746,408.305,19.464,0,0
6/28/2025 16:23:50,17.749,407.53,19.471,0,0
6/28/2025 16:24:00,17.752,407.73,19.475,0,0
6/28/2025 16:24:10,17.754,407.627,19.476,0,0
6/28/2025 16:24:20,17.757,407.517,19.476,0,0
6/28/2025 16:24:30,17.76,407.817,19.476,0,0
6/28/2025 16:24:41,17.763,407.835,19.474,0,0
6/28/2025 16:24:51,17.766,407.972,19.472,0,0
6/28/2025 16:25:01,17.769,407.886,19.469,0,0
6/28/2025 16:25:11,17.771,407.905,19.466,0,0
6/28/2025 16:25:21,17.774,407.945,19.464,0,0
6/28/2025 16:25:32,17.777,408.005,19.463,0,0
6/28/2025 16:25:42,17.78,408.075,19.462,0,0
6/28/2025 16:25:52,17.783,409.186,19.462,0,0
6/28/2025 16:26:02,17.786,409.456,19.462,0,0
6/28/2025 16:26:12,17.788,409.226,19.464,0,0
6/28/2025 16:26:23,17.791,409.38,19.468,0,0
6/28/2025 16:26:33,17.794,410.149,19.475,0,0
6/28/2025 16:26:43,17.797,410.113,19.483,0,0
6/28/2025 16:26:53,17.8,410.277,19.493,0,0
6/28/2025 16:27:03,17.803,409.054,19.497,0,0
6/28/2025 16:27:14,17.806,409.007,19.5,0,0
6/28/2025 16:27:24,17.808,408.705,19.502,0,0
6/28/2025 16:27:34,17.811,408.659,19.502,0,0
6/28/2025 16:27:44,17.814,408.583,19.502,0,0
6/28/2025 16:27:54,17.817,408.467,19.502,0,0
6/28/2025 16:28:05,17.82,408.163,19.5,0,0
6/28/2025 16:28:15,17.823,408.024,19.497,0,0
6/28/2025 16:28:25,17.825,407.388,19.495,0,0
6/28/2025 16:28:35,17.828,407.292,19.493,0,0
6/28/2025 16:28:45,17.831,407.321,19.493,0,0
6/28/2025 16:28:56,17.834,407.215,19.493,0,0
6/28/2025 16:29:06,17.837,407.194,19.494,0,0
6/28/2025 16:29:16,17.839,407.159,19.495,0,0
6/28/2025 16:29:26,17.842,406.947,19.497,0,0
6/28/2025 16:29:36,17.845,406.551,19.498,0,0
6/28/2025 16:29:47,17.848,406.53,19.499,0,0
6/28/2025 16:29:57,17.851,406.589,19.498,0,0
6/28/2025 16:30:07,17.854,406.803,19.496,0,0
6/28/2025 16:30:17,17.856,406.827,19.494,0,0
6/28/2025 16:30:27,17.859,406.537,19.49,0,0
6/28/2025 16:30:38,17.862,406.689,19.486,0,0
6/28/2025 16:30:48,17.865,406.704,19.481,0,0
6/28/2025 16:30:58,17.868,407.402,19.478,0,0
6/28/2025 16:31:08,17.871,407.784,19.475,0,0
6/28/2025 16:31:18,17.873,407.951,19.471,0,0
6/28/2025 16:31:29,17.876,407.757,19.47,0,0
6/28/2025 16:31:39,17.879,409.72,19.468,0,0
6/28/2025 16:31:49,17.882,410.224,19.467,0,0
6/28/2025 16:31:59,17.885,409.476,19.467,0,0
6/28/2025 16:32:09,17.888,409.424,19.468,0,0
6/28/2025 16:32:20,17.891,409.426,19.468,0,0
6/28/2025 16:32:30,17.893,409.628,19.469,0,0
6/28/2025 16:32:40,17.896,409.505,19.469,0,0
6/28/2025 16:32:50,17.899,407.917,19.469,0,0
6/28/2025 16:33:00,17.902,406.89,19.468,0,0
6/28/2025 16:33:11,17.905,406.783,19.467,0,0
6/28/2025 16:33:21,17.908,404.997,19.465,0,0
6/28/2025 16:33:31,17.91,405.514,19.463,0,0
6/28/2025 16:33:41,17.913,406.581,19.46,0,0
6/28/2025 16:33:51,17.916,406.16,19.459,0,0
6/28/2025 16:34:02,17.919,406.052,19.456,0,0
6/28/2025 16:34:12,17.922,405.984,19.456,0,0
6/28/2025 16:34:22,17.924,405.925,19.456,0,0
6/28/2025 16:34:32,17.927,406.392,19.456,0,0
6/28/2025 16:34:42,17.93,406.124,19.457,0,0
6/28/2025 16:34:53,17.933,405.824,19.458,0,0
6/28/2025 16:35:03,17.936,405.738,19.46,0,0
6/28/2025 16:35:13,17.939,405.786,19.46,0,0
6/28/2025 16:35:23,17.941,405.762,19.46,0,0
6/28/2025 16:35:33,17.944,405.811,19.459,0,0
6/28/2025 16:35:44,17.947,406.016,19.457,0,0
6/28/2025 16:35:54,17.95,405.858,19.452,0,0
6/28/2025 16:36:04,17.953,405.895,19.449,0,0
6/28/2025 16:36:14,17.956,405.747,19.446,0,0
6/28/2025 16:36:24,17.958,405.992,19.444,0,0
6/28/2025 16:36:35,17.961,406.174,19.442,0,0
6/28/2025 16:36:45,17.964,406.134,19.442,0,0
6/28/2025 16:36:55,17.967,406.029,19.442,0,0
6/28/2025 16:37:05,17.97,406.014,19.442,0,0
6/28/2025 16:37:15,17.973,406.138,19.442,0,0
6/28/2025 16:37:26,17.976,407.603,19.442,0,0
6/28/2025 16:37:36,17.978,408.234,19.442,0,0
6/28/2025 16:37:46,17.981,408.679,19.443,0,0
6/28/2025 16:37:56,17.984,408.468,19.443,0,0
6/28/2025 16:38:06,17.987,408.61,19.443,0,0
6/28/2025 16:38:17,17.99,408.857,19.443,0,0
6/28/2025 16:38:27,17.992,407.596,19.443,0,0
6/28/2025 16:38:37,17.995,406,19.442,0,0
6/28/2025 16:38:47,17.998,403.98,19.441,0,0
6/28/2025 16:38:57,18.001,403.834,19.439,0,0
6/28/2025 16:39:08,18.004,404.022,19.436,0,0
6/28/2025 16:39:18,18.007,403.577,19.434,0,0
6/28/2025 16:39:28,18.009,404.873,19.434,0,0
6/28/2025 16:39:38,18.012,406.44,19.433,0,0
6/28/2025 16:39:48,18.015,406.397,19.433,0,0
6/28/2025 16:39:59,18.018,406.232,19.434,0,0
6/28/2025 16:40:09,18.021,406.039,19.436,0,0
6/28/2025 16:40:19,18.024,405.322,19.44,0,0
6/28/2025 16:40:29,18.026,405.016,19.444,0,0
6/28/2025 16:40:39,18.029,404.381,19.448,0,0
6/28/2025 16:40:50,18.032,401.588,19.451,0,0
6/28/2025 16:41:00,18.035,401.018,19.451,0,0
6/28/2025 16:41:10,18.038,401.624,19.451,0,0
6/28/2025 16:41:20,18.041,401.697,19.451,0,0
6/28/2025 16:41:30,18.043,402.027,19.45,0,0
6/28/2025 16:41:41,18.046,403.064,19.45,0,0
6/28/2025 16:41:51,18.049,403.967,19.448,0,0
6/28/2025 16:42:01,18.052,404.483,19.445,0,0
6/28/2025 16:42:11,18.055,405.576,19.442,0,0
6/28/2025 16:42:21,18.057,406.055,19.44,0,0
6/28/2025 16:42:32,18.061,406.202,19.439,0,0
6/28/2025 16:42:42,18.063,406.227,19.439,0,0
6/28/2025 16:42:52,18.066,406.107,19.439,0,0
6/28/2025 16:43:02,18.069,405.542,19.44,0,0
6/28/2025 16:43:12,18.072,406.229,19.442,0,0
6/28/2025 16:43:23,18.075,407.303,19.445,0,0
6/28/2025 16:43:33,18.078,408.024,19.448,0,0
6/28/2025 16:43:43,18.08,408,19.451,0,0
6/28/2025 16:43:53,18.083,409.484,19.452,0,0
6/28/2025 16:44:04,18.086,409.415,19.452,0,0
6/28/2025 16:44:14,18.089,408.338,19.452,0,0
6/28/2025 16:44:24,18.092,407.399,19.452,0,0
6/28/2025 16:44:34,18.094,407.706,19.451,0,0
6/28/2025 16:44:44,18.097,408.858,19.451,0,0
6/28/2025 16:44:55,18.1,408.806,19.451,0,0
6/28/2025 16:45:05,18.103,408.183,19.451,0,0
6/28/2025 16:45:15,18.106,407.806,19.452,0,0
6/28/2025 16:45:25,18.109,408.096,19.452,0,0
6/28/2025 16:45:35,18.111,408.288,19.454,0,0
6/28/2025 16:45:46,18.114,408.246,19.457,0,0
6/28/2025 16:45:56,18.117,406.997,19.46,0,0
6/28/2025 16:46:06,18.12,405.835,19.465,0,0
6/28/2025 16:46:16,18.123,405.605,19.47,0,0
6/28/2025 16:46:26,18.126,405.636,19.472,0,0
6/28/2025 16:46:37,18.129,405.901,19.474,0,0
6/28/2025 16:46:47,18.131,406.408,19.474,0,0
6/28/2025 16:46:57,18.134,406.381,19.474,0,0
6/28/2025 16:47:07,18.137,406.309,19.474,0,0
6/28/2025 16:47:17,18.14,406.194,19.473,0,0
6/28/2025 16:47:28,18.143,405.105,19.471,0,0
6/28/2025 16:47:38,18.146,405.42,19.469,0,0
6/28/2025 16:47:48,18.148,405.954,19.466,0,0
6/28/2025 16:47:58,18.151,405.866,19.462,0,0
6/28/2025 16:48:08,18.154,405.235,19.46,0,0
6/28/2025 16:48:19,18.157,405.104,19.459,0,0
6/28/2025 16:48:29,18.16,405.166,19.459,0,0
6/28/2025 16:48:39,18.163,405.749,19.46,0,0
6/28/2025 16:48:49,18.165,406.119,19.46,0,0
6/28/2025 16:48:59,18.168,407.115,19.462,0,0
6/28/2025 16:49:10,18.171,409.188,19.463,0,0
6/28/2025 16:49:20,18.174,409.552,19.464,0,0
6/28/2025 16:49:30,18.177,409.111,19.466,0,0
6/28/2025 16:49:40,18.179,409.38,19.466,0,0
6/28/2025 16:49:50,18.182,409.301,19.466,0,0
6/28/2025 16:50:01,18.185,408.391,19.466,0,0
6/28/2025 16:50:11,18.188,407.81,19.465,0,0
6/28/2025 16:50:21,18.191,407.612,19.465,0,0
6/28/2025 16:50:31,18.194,406.885,19.463,0,0
6/28/2025 16:50:41,18.196,406.771,19.462,0,0
6/28/2025 16:50:52,18.199,406.649,19.46,0,0
6/28/2025 16:51:02,18.202,406.987,19.459,0,0
6/28/2025 16:51:12,18.205,406.992,19.459,0,0
6/28/2025 16:51:22,18.208,406.046,19.459,0,0
6/28/2025 16:51:32,18.211,405.298,19.46,0,0
6/28/2025 16:51:43,18.214,405.242,19.461,0,0
6/28/2025 16:51:53,18.216,405.456,19.462,0,0
6/28/2025 16:52:03,18.219,405.914,19.462,0,0
6/28/2025 16:52:13,18.222,405.908,19.462,0,0
6/28/2025 16:52:23,18.225,405.824,19.462,0,0
6/28/2025 16:52:34,18.228,405.259,19.46,0,0
6/28/2025 16:52:44,18.231,405.116,19.458,0,0
6/28/2025 16:52:54,18.233,405.119,19.455,0,0
6/28/2025 16:53:04,18.236,404.927,19.452,0,0
6/28/2025 16:53:14,18.239,404.483,19.447,0,0
6/28/2025 16:53:25,18.242,404.33,19.443,0,0
6/28/2025 16:53:35,18.245,404.389,19.44,0,0
6/28/2025 16:53:45,18.248,405.29,19.438,0,0
6/28/2025 16:53:55,18.25,406.095,19.437,0,0
6/28/2025 16:54:05,18.253,406.374,19.437,0,0
6/28/2025 16:54:16,18.256,405.962,19.438,0,0
6/28/2025 16:54:26,18.259,406.644,19.439,0,0
6/28/2025 16:54:36,18.262,406.83,19.441,0,0
6/28/2025 16:54:46,18.264,406.843,19.443,0,0
6/28/2025 16:54:56,18.267,406.761,19.444,0,0
6/28/2025 16:55:07,18.27,406.705,19.444,0,0
6/28/2025 16:55:17,18.273,406.651,19.444,0,0
6/28/2025 16:55:27,18.276,406.347,19.444,0,0
6/28/2025 16:55:37,18.279,406.506,19.443,0,0
6/28/2025 16:55:47,18.281,406.752,19.443,0,0
6/28/2025 16:55:58,18.284,407.232,19.441,0,0
6/28/2025 16:56:08,18.287,407.303,19.44,0,0
6/28/2025 16:56:18,18.29,407.309,19.439,0,0
6/28/2025 16:56:28,18.293,406.481,19.439,0,0
6/28/2025 16:56:38,18.296,405.998,19.439,0,0
6/28/2025 16:56:49,18.299,406.091,19.439,0,0
6/28/2025 16:56:59,18.301,405.921,19.439,0,0
6/28/2025 16:57:09,18.304,405.451,19.441,0,0
6/28/2025 16:57:19,18.307,405.869,19.442,0,0
6/28/2025 16:57:29,18.31,405.616,19.443,0,0
6/28/2025 16:57:40,18.313,405.013,19.443,0,0
6/28/2025 16:57:50,18.316,404.467,19.443,0,0
6/28/2025 16:58:00,18.318,404.412,19.442,0,0
6/28/2025 16:58:10,18.321,404.745,19.44,0,0
6/28/2025 16:58:20,18.324,404.738,19.437,0,0
6/28/2025 16:58:31,18.327,404.75,19.433,0,0
6/28/2025 16:58:41,18.33,405.202,19.43,0,0
6/28/2025 16:58:51,18.333,405.874,19.427,0,0
6/28/2025 16:59:01,18.335,405.664,19.424,0,0
6/28/2025 16:59:11,18.338,405.389,19.423,0,0
6/28/2025 16:59:22,18.341,405.194,19.422,0,0
6/28/2025 16:59:32,18.344,404.732,19.422,0,0
6/28/2025 16:59:42,18.347,404.642,19.423,0,0
6/28/2025 16:59:52,18.349,404.502,19.425,0,0
6/28/2025 17:00:02,18.352,404.478,19.427,0,0
6/28/2025 17:00:13,18.355,403.498,19.429,0,0
6/28/2025 17:00:23,18.358,404.157,19.43,0,0
6/28/2025 17:00:33,18.361,404.549,19.431,0,0
6/28/2025 17:00:43,18.364,404.395,19.431,0,0
6/28/2025 17:00:53,18.366,404.081,19.431,0,0
6/28/2025 17:01:04,18.369,404.074,19.43,0,0
6/28/2025 17:01:14,18.372,403.917,19.429,0,0
6/28/2025 17:01:24,18.375,404.009,19.428,0,0
6/28/2025 17:01:34,18.378,403.595,19.427,0,0
6/28/2025 17:01:44,18.381,404.463,19.427,0,0
6/28/2025 17:01:55,18.384,404.7,19.427,0,0
6/28/2025 17:02:05,18.386,404.693,19.426,0,0
6/28/2025 17:02:15,18.389,403.816,19.426,0,0
6/28/2025 17:02:25,18.392,402.977,19.427,0,0
6/28/2025 17:02:35,18.395,402.75,19.428,0,0
6/28/2025 17:02:46,18.398,402.784,19.429,0,0
6/28/2025 17:02:56,18.401,402.805,19.431,0,0
6/28/2025 17:03:06,18.403,402.803,19.433,0,0
6/28/2025 17:03:16,18.406,403.848,19.434,0,0
6/28/2025 17:03:26,18.409,403.394,19.434,0,0
6/28/2025 17:03:37,18.412,403.17,19.433,0,0
6/28/2025 17:03:47,18.415,404.039,19.432,0,0
6/28/2025 17:03:57,18.418,404.103,19.427,0,0
6/28/2025 17:04:07,18.42,404.049,19.424,0,0
6/28/2025 17:04:17,18.423,404.259,19.419,0,0
6/28/2025 17:04:28,18.426,405.239,19.415,0,0
6/28/2025 17:04:38,18.429,404.158,19.412,0,0
6/28/2025 17:04:48,18.432,404.024,19.409,0,0
6/28/2025 17:04:58,18.434,405.24,19.409,0,0
6/28/2025 17:05:08,18.437,407.075,19.409,0,0
6/28/2025 17:05:19,18.44,407.892,19.411,0,0
6/28/2025 17:05:29,18.443,407.887,19.414,0,0
6/28/2025 17:05:39,18.446,407.712,19.42,0,0
6/28/2025 17:05:49,18.449,406.963,19.424,0,0
6/28/2025 17:05:59,18.451,406.824,19.425,0,0
6/28/2025 17:06:10,18.454,407.103,19.427,0,0
6/28/2025 17:06:20,18.457,407.287,19.427,0,0
6/28/2025 17:06:30,18.46,406.778,19.426,0,0
6/28/2025 17:06:40,18.463,406.492,19.424,0,0
6/28/2025 17:06:50,18.466,406.484,19.422,0,0
6/28/2025 17:07:01,18.469,407.22,19.42,0,0
6/28/2025 17:07:11,18.471,407.738,19.418,0,0
6/28/2025 17:07:21,18.474,407.489,19.417,0,0
6/28/2025 17:07:31,18.477,406.9,19.416,0,0
6/28/2025 17:07:41,18.48,406.912,19.415,0,0
6/28/2025 17:07:52,18.483,406.345,19.415,0,0
6/28/2025 17:08:02,18.486,406.004,19.416,0,0
6/28/2025 17:08:12,18.488,403.789,19.418,0,0
6/28/2025 17:08:22,18.491,402.281,19.421,0,0
6/28/2025 17:08:32,18.494,401.454,19.422,0,0
6/28/2025 17:08:43,18.497,401.35,19.422,0,0
6/28/2025 17:08:53,18.5,401.77,19.422,0,0
6/28/2025 17:09:03,18.503,402.236,19.421,0,0
6/28/2025 17:09:13,18.505,402.088,19.42,0,0
6/28/2025 17:09:23,18.508,402.168,19.418,0,0
6/28/2025 17:09:34,18.511,402.166,19.416,0,0
6/28/2025 17:09:44,18.514,403.388,19.414,0,0
6/28/2025 17:09:54,18.517,403.435,19.412,0,0
6/28/2025 17:10:04,18.519,403.338,19.41,0,0
6/28/2025 17:10:14,18.522,403.117,19.407,0,0
6/28/2025 17:10:25,18.525,403.066,19.405,0,0
6/28/2025 17:10:35,18.528,404.028,19.405,0,0
6/28/2025 17:10:45,18.531,404.702,19.405,0,0
6/28/2025 17:10:55,18.534,405.378,19.406,0,0
6/28/2025 17:11:05,18.536,406.393,19.409,0,0
6/28/2025 17:11:16,18.539,406.61,19.411,0,0
6/28/2025 17:11:26,18.542,407.686,19.415,0,0
6/28/2025 17:11:36,18.545,408.307,19.417,0,0
6/28/2025 17:11:46,18.548,406.929,19.418,0,0
6/28/2025 17:11:56,18.551,405.755,19.418,0,0
6/28/2025 17:12:07,18.554,405.456,19.419,0,0
6/28/2025 17:12:17,18.556,403.933,19.418,0,0
6/28/2025 17:12:27,18.559,402.593,19.418,0,0
6/28/2025 17:12:37,18.562,402.911,19.418,0,0
6/28/2025 17:12:47,18.565,402.938,19.417,0,0
6/28/2025 17:12:58,18.568,403.02,19.416,0,0
6/28/2025 17:13:08,18.571,402.532,19.416,0,0
6/28/2025 17:13:18,18.573,403.881,19.416,0,0
6/28/2025 17:13:28,18.576,404.338,19.416,0,0
6/28/2025 17:13:38,18.579,404.546,19.417,0,0
6/28/2025 17:13:49,18.582,404.078,19.418,0,0
6/28/2025 17:13:59,18.585,402.984,19.42,0,0
6/28/2025 17:14:09,18.588,402.785,19.42,0,0
6/28/2025 17:14:19,18.59,402.605,19.421,0,0
6/28/2025 17:14:29,18.593,402.618,19.421,0,0
6/28/2025 17:14:40,18.596,402.894,19.421,0,0
6/28/2025 17:14:50,18.599,403.875,19.419,0,0
6/28/2025 17:15:00,18.602,404.878,19.417,0,0
6/28/2025 17:15:10,18.604,404.711,19.414,0,0
6/28/2025 17:15:20,18.607,404.405,19.411,0,0
6/28/2025 17:15:31,18.61,404.291,19.408,0,0
6/28/2025 17:15:41,18.613,405.086,19.403,0,0
6/28/2025 17:15:51,18.616,406.992,19.4,0,0
6/28/2025 17:16:01,18.619,407.071,19.399,0,0
6/28/2025 17:16:11,18.621,406.927,19.399,0,0
6/28/2025 17:16:22,18.624,406.153,19.399,0,0
6/28/2025 17:16:32,18.627,406.763,19.4,0,0
6/28/2025 17:16:42,18.63,406.787,19.401,0,0
6/28/2025 17:16:52,18.633,406.386,19.402,0,0
6/28/2025 17:17:02,18.636,405.571,19.404,0,0
6/28/2025 17:17:13,18.639,406.173,19.405,0,0
6/28/2025 17:17:23,18.641,405.854,19.405,0,0
6/28/2025 17:17:33,18.644,405.316,19.405,0,0
6/28/2025 17:17:43,18.647,405.336,19.405,0,0
6/28/2025 17:17:53,18.65,405.35,19.404,0,0
6/28/2025 17:18:04,18.653,405.412,19.404,0,0
6/28/2025 17:18:14,18.656,405.667,19.403,0,0
6/28/2025 17:18:24,18.658,405.068,19.403,0,0
6/28/2025 17:18:34,18.661,404.628,19.403,0,0
6/28/2025 17:18:44,18.664,404.96,19.402,0,0
6/28/2025 17:18:55,18.667,405.04,19.403,0,0
6/28/2025 17:19:05,18.67,403.47,19.403,0,0
6/28/2025 17:19:15,18.673,403.486,19.406,0,0
6/28/2025 17:19:25,18.675,403.401,19.409,0,0
6/28/2025 17:19:35,18.678,402.385,19.412,0,0
6/28/2025 17:19:46,18.681,403.092,19.414,0,0
6/28/2025 17:19:56,18.684,405.127,19.415,0,0
6/28/2025 17:20:06,18.687,405.385,19.416,0,0
6/28/2025 17:20:16,18.689,406.367,19.416,0,0
6/28/2025 17:20:26,18.692,406.345,19.416,0,0
6/28/2025 17:20:37,18.695,406.044,19.415,0,0
6/28/2025 17:20:47,18.698,405.975,19.414,0,0
6/28/2025 17:20:57,18.701,406.438,19.413,0,0
6/28/2025 17:21:07,18.704,406.263,19.412,0,0
6/28/2025 17:21:17,18.706,406.219,19.41,0,0
6/28/2025 17:21:28,18.709,406.143,19.409,0,0
6/28/2025 17:21:38,18.712,406.079,19.409,0,0
6/28/2025 17:21:48,18.715,405.828,19.409,0,0
6/28/2025 17:21:58,18.718,405.815,19.41,0,0
6/28/2025 17:22:08,18.721,406.102,19.411,0,0
6/28/2025 17:22:19,18.724,405.953,19.412,0,0
6/28/2025 17:22:29,18.726,405.779,19.413,0,0
6/28/2025 17:22:39,18.729,405.877,19.414,0,0
6/28/2025 17:22:49,18.732,405.827,19.414,0,0
6/28/2025 17:22:59,18.735,405.272,19.415,0,0
6/28/2025 17:23:10,18.738,405.199,19.415,0,0
6/28/2025 17:23:20,18.741,405.291,19.415,0,0
6/28/2025 17:23:30,18.743,405.197,19.415,0,0
6/28/2025 17:23:40,18.746,404.689,19.414,0,0
6/28/2025 17:23:50,18.749,403.617,19.414,0,0
6/28/2025 17:24:01,18.752,403.065,19.414,0,0
6/28/2025 17:24:11,18.755,403.047,19.413,0,0
6/28/2025 17:24:21,18.758,403.361,19.413,0,0
6/28/2025 17:24:31,18.76,402.629,19.413,0,0
6/28/2025 17:24:41,18.763,402.542,19.414,0,0
6/28/2025 17:24:52,18.766,401.858,19.415,0,0
6/28/2025 17:25:02,18.769,401.715,19.416,0,0
6/28/2025 17:25:12,18.772,401.435,19.417,0,0
6/28/2025 17:25:22,18.774,401.419,19.419,0,0
6/28/2025 17:25:32,18.777,401.439,19.419,0,0
6/28/2025 17:25:43,18.78,401.529,19.418,0,0
6/28/2025 17:25:53,18.783,401.531,19.417,0,0
6/28/2025 17:26:03,18.786,401.526,19.415,0,0
6/28/2025 17:26:13,18.789,401.743,19.413,0,0
6/28/2025 17:26:23,18.791,402.451,19.41,0,0
6/28/2025 17:26:34,18.794,402.559,19.407,0,0
6/28/2025 17:26:44,18.797,402.62,19.403,0,0
6/28/2025 17:26:54,18.8,402.55,19.401,0,0
6/28/2025 17:27:04,18.803,402.45,19.4,0,0
6/28/2025 17:27:14,18.806,402.776,19.399,0,0
6/28/2025 17:27:25,18.809,402.727,19.4,0,0
6/28/2025 17:27:35,18.811,402.75,19.401,0,0
6/28/2025 17:27:45,18.814,402.7,19.404,0,0
6/28/2025 17:27:55,18.817,402.655,19.409,0,0
6/28/2025 17:28:05,18.82,403.689,19.415,0,0
6/28/2025 17:28:16,18.823,403.862,19.418,0,0
6/28/2025 17:28:26,18.826,404.127,19.42,0,0
6/28/2025 17:28:36,18.828,405.656,19.421,0,0
6/28/2025 17:28:46,18.831,404.04,19.422,0,0
6/28/2025 17:28:56,18.834,402.483,19.422,0,0
6/28/2025 17:29:07,18.837,401.606,19.423,0,0
6/28/2025 17:29:17,18.84,401.891,19.422,0,0
6/28/2025 17:29:27,18.843,401.406,19.422,0,0
6/28/2025 17:29:37,18.845,400.862,19.422,0,0
6/28/2025 17:29:47,18.848,400.933,19.422,0,0
6/28/2025 17:29:58,18.851,401.975,19.422,0,0
6/28/2025 17:30:08,18.854,401.928,19.422,0,0
6/28/2025 17:30:18,18.857,401.806,19.423,0,0
6/28/2025 17:30:28,18.859,401.857,19.424,0,0
6/28/2025 17:30:38,18.862,402.512,19.428,0,0
6/28/2025 17:30:49,18.865,402.865,19.43,0,0
6/28/2025 17:30:59,18.868,402.729,19.432,0,0
6/28/2025 17:31:09,18.871,402.368,19.433,0,0
6/28/2025 17:31:19,18.874,402.416,19.432,0,0
6/28/2025 17:31:29,18.876,402.47,19.431,0,0
6/28/2025 17:31:40,18.879,402.339,19.429,0,0
6/28/2025 17:31:50,18.882,402.168,19.428,0,0
6/28/2025 17:32:00,18.885,402.12,19.425,0,0
6/28/2025 17:32:10,18.888,402.18,19.423,0,0
6/28/2025 17:32:20,18.891,402.267,19.42,0,0
6/28/2025 17:32:31,18.894,402.245,19.418,0,0
6/28/2025 17:32:41,18.896,401.869,19.416,0,0
6/28/2025 17:32:51,18.899,402.271,19.415,0,0
6/28/2025 17:33:01,18.902,402.492,19.415,0,0
6/28/2025 17:33:11,18.905,403.365,19.416,0,0
6/28/2025 17:33:22,18.908,403.89,19.418,0,0
6/28/2025 17:33:32,18.911,404.492,19.419,0,0
6/28/2025 17:33:42,18.913,405.009,19.42,0,0
6/28/2025 17:33:52,18.916,405.271,19.421,0,0
6/28/2025 17:34:02,18.919,405.295,19.421,0,0
6/28/2025 17:34:13,18.922,405.237,19.421,0,0
6/28/2025 17:34:23,18.925,405.232,19.421,0,0
6/28/2025 17:34:33,18.928,405.017,19.42,0,0
6/28/2025 17:34:43,18.93,405.071,19.418,0,0
6/28/2025 17:34:53,18.933,405.679,19.415,0,0
6/28/2025 17:35:04,18.936,405.562,19.412,0,0
6/28/2025 17:35:14,18.939,404.795,19.41,0,0
6/28/2025 17:35:24,18.942,404.467,19.408,0,0
6/28/2025 17:35:34,18.944,403.915,19.406,0,0
6/28/2025 17:35:44,18.947,402.193,19.406,0,0
6/28/2025 17:35:55,18.95,400.76,19.407,0,0
6/28/2025 17:36:05,18.953,400.589,19.407,0,0
6/28/2025 17:36:15,18.956,401.288,19.408,0,0
6/28/2025 17:36:25,18.959,401.233,19.409,0,0
6/28/2025 17:36:35,18.961,401.11,19.409,0,0
6/28/2025 17:36:46,18.964,402.231,19.409,0,0
6/28/2025 17:36:56,18.967,403.198,19.408,0,0
6/28/2025 17:37:06,18.97,403.261,19.407,0,0
6/28/2025 17:37:16,18.973,403.302,19.404,0,0
6/28/2025 17:37:26,18.976,403.312,19.402,0,0
6/28/2025 17:37:37,18.979,404.388,19.399,0,0
6/28/2025 17:37:47,18.981,405.135,19.394,0,0
6/28/2025 17:37:57,18.984,405.194,19.389,0,0
6/28/2025 17:38:07,18.987,405.143,19.383,0,0
6/28/2025 17:38:17,18.99,405.153,19.381,0,0
6/28/2025 17:38:28,18.993,405.069,19.381,0,0
6/28/2025 17:38:38,18.996,405.618,19.381,0,0
6/28/2025 17:38:48,18.998,406.478,19.381,0,0
6/28/2025 17:38:58,19.001,406.392,19.382,0,0
6/28/2025 17:39:08,19.004,406.045,19.384,0,0
6/28/2025 17:39:19,19.007,406.009,19.387,0,0
6/28/2025 17:39:29,19.01,405.998,19.388,0,0
6/28/2025 17:39:39,19.013,405.905,19.391,0,0
6/28/2025 17:39:49,19.015,405.325,19.393,0,0
6/28/2025 17:39:59,19.018,405.236,19.394,0,0
6/28/2025 17:40:10,19.021,404.403,19.394,0,0
6/28/2025 17:40:20,19.024,404.323,19.394,0,0
6/28/2025 17:40:30,19.027,404.369,19.393,0,0
6/28/2025 17:40:40,19.029,403.095,19.393,0,0
6/28/2025 17:40:50,19.032,403.031,19.392,0,0
6/28/2025 17:41:01,19.035,402.842,19.392,0,0
6/28/2025 17:41:11,19.038,402.209,19.393,0,0
6/28/2025 17:41:21,19.041,401.323,19.394,0,0
6/28/2025 17:41:31,19.044,400.866,19.396,0,0
6/28/2025 17:41:42,19.047,400.261,19.399,0,0
6/28/2025 17:41:52,19.049,399.77,19.403,0,0
6/28/2025 17:42:02,19.052,399.909,19.407,0,0
6/28/2025 17:42:12,19.055,400.692,19.41,0,0
6/28/2025 17:42:22,19.058,400.906,19.41,0,0
6/28/2025 17:42:33,19.061,401.555,19.411,0,0
6/28/2025 17:42:43,19.064,401.837,19.41,0,0
6/28/2025 17:42:53,19.066,402.1,19.41,0,0
6/28/2025 17:43:03,19.069,402.228,19.409,0,0
6/28/2025 17:43:13,19.072,402.279,19.408,0,0
6/28/2025 17:43:24,19.075,402.35,19.406,0,0
6/28/2025 17:43:34,19.078,402.377,19.405,0,0
6/28/2025 17:43:44,19.081,404.176,19.403,0,0
6/28/2025 17:43:54,19.083,404.521,19.403,0,0
6/28/2025 17:44:04,19.086,403.963,19.403,0,0
6/28/2025 17:44:15,19.089,403.623,19.404,0,0
6/28/2025 17:44:25,19.092,403.829,19.405,0,0
6/28/2025 17:44:35,19.095,404.002,19.409,0,0
6/28/2025 17:44:45,19.098,403.825,19.418,0,0
6/28/2025 17:44:55,19.1,403.953,19.424,0,0
6/28/2025 17:45:06,19.103,404.441,19.428,0,0
6/28/2025 17:45:16,19.106,404.491,19.429,0,0
6/28/2025 17:45:26,19.109,402.725,19.43,0,0
6/28/2025 17:45:36,19.112,401.592,19.431,0,0
6/28/2025 17:45:46,19.114,400.623,19.431,0,0
6/28/2025 17:45:57,19.117,400.531,19.431,0,0
6/28/2025 17:46:07,19.12,400.532,19.43,0,0
6/28/2025 17:46:17,19.123,400.49,19.429,0,0
6/28/2025 17:46:27,19.126,400.804,19.426,0,0
6/28/2025 17:46:37,19.129,402.194,19.426,0,0
6/28/2025 17:46:48,19.132,403.382,19.426,0,0
6/28/2025 17:46:58,19.134,403.488,19.426,0,0
6/28/2025 17:47:08,19.137,402.953,19.428,0,0
6/28/2025 17:47:18,19.14,401.392,19.433,0,0
6/28/2025 17:47:28,19.143,401.383,19.438,0,0
6/28/2025 17:47:39,19.146,402.743,19.442,0,0
6/28/2025 17:47:49,19.149,400.613,19.442,0,0
6/28/2025 17:47:59,19.151,400.645,19.442,0,0
6/28/2025 17:48:09,19.154,400.852,19.441,0,0
6/28/2025 17:48:19,19.157,401.218,19.437,0,0
6/28/2025 17:48:30,19.16,401.195,19.432,0,0
6/28/2025 17:48:40,19.163,401.781,19.425,0,0
6/28/2025 17:48:50,19.166,403.371,19.418,0,0
6/28/2025 17:49:00,19.168,403.822,19.414,0,0
6/28/2025 17:49:10,19.171,403.82,19.412,0,0
6/28/2025 17:49:21,19.174,403.928,19.409,0,0
6/28/2025 17:49:31,19.177,404.243,19.407,0,0
6/28/2025 17:49:41,19.18,404.217,19.406,0,0
6/28/2025 17:49:51,19.182,404.428,19.407,0,0
6/28/2025 17:50:01,19.185,405.711,19.408,0,0
6/28/2025 17:50:12,19.188,405.784,19.41,0,0
6/28/2025 17:50:22,19.191,405.713,19.411,0,0
6/28/2025 17:50:32,19.194,405.695,19.413,0,0
6/28/2025 17:50:42,19.197,405.761,19.413,0,0
6/28/2025 17:50:52,19.199,405.175,19.414,0,0
6/28/2025 17:51:03,19.203,404.708,19.414,0,0
6/28/2025 17:51:13,19.205,404.193,19.414,0,0
6/28/2025 17:51:23,19.208,405.118,19.413,0,0
6/28/2025 17:51:33,19.211,405.604,19.413,0,0
6/28/2025 17:51:43,19.214,405.408,19.413,0,0
6/28/2025 17:51:54,19.217,405.217,19.413,0,0
6/28/2025 17:52:04,19.219,403.551,19.412,0,0
6/28/2025 17:52:14,19.222,402.74,19.413,0,0
6/28/2025 17:52:24,19.225,403.026,19.415,0,0
6/28/2025 17:52:34,19.228,403.025,19.42,0,0
6/28/2025 17:52:45,19.231,402.606,19.426,0,0
6/28/2025 17:52:55,19.234,402.241,19.433,0,0
6/28/2025 17:53:05,19.236,401.682,19.44,0,0
6/28/2025 17:53:15,19.239,401.635,19.445,0,0
6/28/2025 17:53:25,19.242,402.042,19.446,0,0
6/28/2025 17:53:36,19.245,402.232,19.446,0,0
6/28/2025 17:53:46,19.248,405.14,19.445,0,0
6/28/2025 17:53:56,19.251,405.704,19.445,0,0
6/28/2025 17:54:06,19.253,405.291,19.445,0,0
6/28/2025 17:54:16,19.256,405.046,19.444,0,0
6/28/2025 17:54:27,19.259,404.651,19.443,0,0
6/28/2025 17:54:37,19.262,404.48,19.441,0,0
6/28/2025 17:54:47,19.265,404.66,19.438,0,0
6/28/2025 17:54:57,19.268,404.754,19.436,0,0
6/28/2025 17:55:07,19.27,405.115,19.435,0,0
6/28/2025 17:55:18,19.273,404.889,19.435,0,0
6/28/2025 17:55:28,19.276,404.997,19.436,0,0
6/28/2025 17:55:38,19.279,406.863,19.437,0,0
6/28/2025 17:55:48,19.282,407.667,19.442,0,0
6/28/2025 17:55:58,19.284,407.686,19.446,0,0
6/28/2025 17:56:09,19.288,407.703,19.448,0,0
6/28/2025 17:56:19,19.29,407.357,19.45,0,0
6/28/2025 17:56:29,19.293,407.254,19.45,0,0
6/28/2025 17:56:39,19.296,406.884,19.45,0,0
6/28/2025 17:56:49,19.299,406.466,19.449,0,0
6/28/2025 17:57:00,19.302,406.147,19.449,0,0
6/28/2025 17:57:10,19.304,405.973,19.448,0,0
6/28/2025 17:57:20,19.307,406.031,19.448,0,0
6/28/2025 17:57:30,19.31,406.638,19.448,0,0
6/28/2025 17:57:40,19.313,406.836,19.447,0,0
6/28/2025 17:57:51,19.316,406.756,19.448,0,0
6/28/2025 17:58:01,19.319,406.344,19.449,0,0
6/28/2025 17:58:11,19.321,406.192,19.452,0,0
6/28/2025 17:58:21,19.324,406.518,19.456,0,0
6/28/2025 17:58:31,19.327,406.327,19.46,0,0
6/28/2025 17:58:42,19.33,406.078,19.463,0,0
6/28/2025 17:58:52,19.333,405.347,19.465,0,0
6/28/2025 17:59:02,19.336,403.585,19.465,0,0
6/28/2025 17:59:12,19.338,402.838,19.465,0,0
6/28/2025 17:59:22,19.341,403.247,19.463,0,0
6/28/2025 17:59:33,19.344,403.491,19.459,0,0
6/28/2025 17:59:43,19.347,403.381,19.454,0,0
6/28/2025 17:59:53,19.35,404.307,19.45,0,0
6/28/2025 18:00:03,19.353,404.548,19.448,0,0
6/28/2025 18:00:13,19.355,404.775,19.445,0,0
6/28/2025 18:00:24,19.358,405.575,19.442,0,0
6/28/2025 18:00:34,19.361,406.181,19.439,0,0
6/28/2025 18:00:44,19.364,406.628,19.437,0,0
6/28/2025 18:00:54,19.367,406.76,19.436,0,0
6/28/2025 18:01:04,19.369,406.503,19.436,0,0
6/28/2025 18:01:15,19.373,406.513,19.437,0,0
6/28/2025 18:01:25,19.375,406.497,19.439,0,0
6/28/2025 18:01:35,19.378,406.234,19.441,0,0
6/28/2025 18:01:45,19.381,406.186,19.442,0,0
6/28/2025 18:01:55,19.384,405.369,19.443,0,0
6/28/2025 18:02:06,19.387,405.12,19.442,0,0
6/28/2025 18:02:16,19.389,404.931,19.441,0,0
6/28/2025 18:02:26,19.392,404.782,19.441,0,0
6/28/2025 18:02:36,19.395,405.021,19.439,0,0
6/28/2025 18:02:46,19.398,405.147,19.438,0,0
6/28/2025 18:02:57,19.401,405.707,19.436,0,0
6/28/2025 18:03:07,19.404,405.814,19.434,0,0
6/28/2025 18:03:17,19.406,405.795,19.434,0,0
6/28/2025 18:03:27,19.409,405.522,19.433,0,0
6/28/2025 18:03:37,19.412,405.54,19.434,0,0
6/28/2025 18:03:48,19.415,405.124,19.435,0,0
6/28/2025 18:03:58,19.418,404.198,19.437,0,0
6/28/2025 18:04:08,19.421,403.452,19.44,0,0
6/28/2025 18:04:18,19.423,403.185,19.443,0,0
6/28/2025 18:04:28,19.426,402.835,19.446,0,0
6/28/2025 18:04:39,19.429,402.677,19.447,0,0
6/28/2025 18:04:49,19.432,402.581,19.447,0,0
6/28/2025 18:04:59,19.435,402.445,19.446,0,0
6/28/2025 18:05:09,19.438,402.591,19.445,0,0
6/28/2025 18:05:19,19.44,402.548,19.443,0,0
6/28/2025 18:05:30,19.443,402.617,19.44,0,0
6/28/2025 18:05:40,19.446,403.504,19.438,0,0
6/28/2025 18:05:50,19.449,403.471,19.437,0,0
6/28/2025 18:06:00,19.452,403.479,19.436,0,0
6/28/2025 18:06:10,19.454,403.55,19.435,0,0
6/28/2025 18:06:21,19.458,403.145,19.434,0,0
6/28/2025 18:06:31,19.46,403.148,19.434,0,0
6/28/2025 18:06:41,19.463,403.266,19.435,0,0
6/28/2025 18:06:51,19.466,403.41,19.435,0,0
6/28/2025 18:07:01,19.469,403.572,19.437,0,0
6/28/2025 18:07:12,19.472,404.603,19.44,0,0
6/28/2025 18:07:22,19.474,405.662,19.442,0,0
6/28/2025 18:07:32,19.477,405.612,19.443,0,0
6/28/2025 18:07:42,19.48,404.959,19.443,0,0
6/28/2025 18:07:52,19.483,404.36,19.443,0,0
6/28/2025 18:08:03,19.486,404.43,19.442,0,0
6/28/2025 18:08:13,19.489,404.883,19.441,0,0
6/28/2025 18:08:23,19.491,405.341,19.44,0,0
6/28/2025 18:08:33,19.494,405.253,19.44,0,0
6/28/2025 18:08:43,19.497,405.107,19.439,0,0
6/28/2025 18:08:54,19.5,404.74,19.44,0,0
6/28/2025 18:09:04,19.503,404.572,19.441,0,0
6/28/2025 18:09:14,19.506,404.494,19.443,0,0
6/28/2025 18:09:24,19.508,403.5,19.444,0,0
6/28/2025 18:09:34,19.511,401.286,19.446,0,0
6/28/2025 18:09:45,19.514,400.89,19.45,0,0
6/28/2025 18:09:55,19.517,400.497,19.453,0,0
6/28/2025 18:10:05,19.52,399.294,19.454,0,0
6/28/2025 18:10:15,19.523,399.324,19.454,0,0
6/28/2025 18:10:25,19.525,399.844,19.453,0,0
6/28/2025 18:10:36,19.528,401.072,19.452,0,0
6/28/2025 18:10:46,19.531,402.605,19.45,0,0
6/28/2025 18:10:56,19.534,403.073,19.446,0,0
6/28/2025 18:11:06,19.537,403.349,19.442,0,0
6/28/2025 18:11:16,19.539,403.419,19.439,0,0
6/28/2025 18:11:27,19.543,403.569,19.437,0,0
6/28/2025 18:11:37,19.545,404.148,19.436,0,0
6/28/2025 18:11:47,19.548,403.905,19.435,0,0
6/28/2025 18:11:57,19.551,404.051,19.435,0,0
6/28/2025 18:12:07,19.554,403.91,19.435,0,0
6/28/2025 18:12:18,19.557,403.92,19.435,0,0
6/28/2025 18:12:28,19.559,403.98,19.436,0,0
6/28/2025 18:12:38,19.562,403.924,19.437,0,0
6/28/2025 18:12:48,19.565,404.338,19.439,0,0
6/28/2025 18:12:58,19.568,404.158,19.44,0,0
6/28/2025 18:13:09,19.571,403.68,19.44,0,0
6/28/2025 18:13:19,19.574,402.646,19.439,0,0
6/28/2025 18:13:29,19.576,400.559,19.438,0,0
6/28/2025 18:13:39,19.579,400.433,19.435,0,0
6/28/2025 18:13:49,19.582,400.891,19.433,0,0
6/28/2025 18:14:00,19.585,400.873,19.431,0,0
6/28/2025 18:14:10,19.588,400.828,19.428,0,0
6/28/2025 18:14:20,19.591,400.732,19.427,0,0
6/28/2025 18:14:30,19.593,400.099,19.427,0,0
6/28/2025 18:14:40,19.596,400.29,19.427,0,0
6/28/2025 18:14:51,19.599,400.7,19.427,0,0
6/28/2025 18:15:01,19.602,400.617,19.428,0,0
6/28/2025 18:15:11,19.605,400.709,19.432,0,0
6/28/2025 18:15:21,19.608,401.364,19.438,0,0
6/28/2025 18:15:31,19.61,401.691,19.442,0,0
6/28/2025 18:15:42,19.613,402.011,19.442,0,0
6/28/2025 18:15:52,19.616,401.866,19.442,0,0
6/28/2025 18:16:02,19.619,401.905,19.44,0,0
6/28/2025 18:16:12,19.622,403.024,19.437,0,0
6/28/2025 18:16:22,19.624,403.38,19.434,0,0
6/28/2025 18:16:33,19.628,403.618,19.431,0,0
6/28/2025 18:16:43,19.63,403.579,19.428,0,0
6/28/2025 18:16:53,19.633,403.613,19.425,0,0
6/28/2025 18:17:03,19.636,403.525,19.424,0,0
6/28/2025 18:17:13,19.639,403.782,19.421,0,0
6/28/2025 18:17:24,19.642,404.921,19.419,0,0
6/28/2025 18:17:34,19.644,405.184,19.418,0,0
6/28/2025 18:17:44,19.647,405.317,19.418,0,0
6/28/2025 18:17:54,19.65,405.689,19.419,0,0
6/28/2025 18:18:04,19.653,405.932,19.42,0,0
6/28/2025 18:18:15,19.656,405.778,19.421,0,0
6/28/2025 18:18:25,19.659,405.8,19.422,0,0
6/28/2025 18:18:35,19.661,405.885,19.423,0,0
6/28/2025 18:18:45,19.664,405.986,19.423,0,0
6/28/2025 18:18:55,19.667,406.018,19.423,0,0
6/28/2025 18:19:06,19.67,405.546,19.422,0,0
6/28/2025 18:19:16,19.673,404.881,19.421,0,0
6/28/2025 18:19:26,19.676,404.064,19.419,0,0
6/28/2025 18:19:36,19.678,404,19.416,0,0
6/28/2025 18:19:46,19.681,403.988,19.412,0,0
6/28/2025 18:19:57,19.684,404.281,19.409,0,0
6/28/2025 18:20:07,19.687,405.179,19.408,0,0
6/28/2025 18:20:17,19.69,405.196,19.408,0,0
6/28/2025 18:20:27,19.693,405.13,19.409,0,0
6/28/2025 18:20:37,19.695,404.201,19.409,0,0
6/28/2025 18:20:48,19.698,403.166,19.41,0,0
6/28/2025 18:20:58,19.701,403.507,19.412,0,0
6/28/2025 18:21:08,19.704,403.726,19.413,0,0
6/28/2025 18:21:18,19.707,403.754,19.413,0,0
6/28/2025 18:21:28,19.709,403.791,19.413,0,0
6/28/2025 18:21:39,19.713,404.164,19.412,0,0
6/28/2025 18:21:49,19.715,404.566,19.41,0,0
6/28/2025 18:21:59,19.718,405.253,19.407,0,0
6/28/2025 18:22:09,19.721,406.381,19.404,0,0
6/28/2025 18:22:19,19.724,406.106,19.401,0,0
6/28/2025 18:22:30,19.727,405.546,19.4,0,0
6/28/2025 18:22:40,19.729,406.072,19.4,0,0
6/28/2025 18:22:50,19.732,405.695,19.4,0,0
6/28/2025 18:23:00,19.735,407.361,19.401,0,0
6/28/2025 18:23:10,19.738,407.413,19.402,0,0
6/28/2025 18:23:21,19.741,407.406,19.405,0,0
6/28/2025 18:23:31,19.744,407.87,19.411,0,0
6/28/2025 18:23:41,19.746,407.92,19.418,0,0
6/28/2025 18:23:51,19.749,407.641,19.426,0,0
6/28/2025 18:24:01,19.752,407.357,19.431,0,0
6/28/2025 18:24:12,19.755,407.097,19.432,0,0
6/28/2025 18:24:22,19.758,406.939,19.433,0,0
6/28/2025 18:24:32,19.761,406.712,19.433,0,0
6/28/2025 18:24:42,19.763,406.339,19.433,0,0
6/28/2025 18:24:52,19.766,406.013,19.433,0,0
6/28/2025 18:25:03,19.769,405.314,19.432,0,0
6/28/2025 18:25:13,19.772,405.249,19.431,0,0
6/28/2025 18:25:23,19.775,405.102,19.43,0,0
6/28/2025 18:25:33,19.778,404.82,19.43,0,0
6/28/2025 18:25:43,19.78,404.803,19.429,0,0
6/28/2025 18:25:54,19.783,404.255,19.43,0,0
6/28/2025 18:26:04,19.786,403.984,19.432,0,0
6/28/2025 18:26:14,19.789,403.056,19.436,0,0
6/28/2025 18:26:24,19.792,402.787,19.441,0,0
6/28/2025 18:26:34,19.794,402.899,19.447,0,0
6/28/2025 18:26:45,19.798,402.113,19.451,0,0
6/28/2025 18:26:55,19.8,402.172,19.452,0,0
6/28/2025 18:27:05,19.803,402.437,19.453,0,0
6/28/2025 18:27:15,19.806,402.071,19.453,0,0
6/28/2025 18:27:25,19.809,404.057,19.452,0,0
6/28/2025 18:27:36,19.812,404.557,19.452,0,0
6/28/2025 18:27:46,19.814,404.699,19.451,0,0
6/28/2025 18:27:56,19.817,404.743,19.45,0,0
6/28/2025 18:28:06,19.82,404.916,19.449,0,0
6/28/2025 18:28:16,19.823,405.256,19.448,0,0
6/28/2025 18:28:27,19.826,405.416,19.447,0,0
6/28/2025 18:28:37,19.829,405.83,19.447,0,0
6/28/2025 18:28:47,19.831,406.297,19.447,0,0
6/28/2025 18:28:57,19.834,407.592,19.448,0,0
6/28/2025 18:29:07,19.837,407.6,19.451,0,0
6/28/2025 18:29:18,19.84,407.378,19.454,0,0
6/28/2025 18:29:28,19.843,407.43,19.457,0,0
6/28/2025 18:29:38,19.846,407.437,19.458,0,0
6/28/2025 18:29:48,19.848,407.191,19.459,0,0
6/28/2025 18:29:58,19.851,407.159,19.459,0,0
6/28/2025 18:30:09,19.854,406.324,19.459,0,0
6/28/2025 18:30:19,19.857,406.123,19.458,0,0
6/28/2025 18:30:29,19.86,405.614,19.457,0,0
6/28/2025 18:30:39,19.863,405.593,19.455,0,0
6/28/2025 18:30:49,19.865,405.238,19.454,0,0
6/28/2025 18:31:00,19.868,404.297,19.453,0,0
6/28/2025 18:31:10,19.871,404.262,19.452,0,0
6/28/2025 18:31:20,19.874,403.344,19.452,0,0
6/28/2025 18:31:30,19.877,403.083,19.453,0,0
6/28/2025 18:31:40,19.879,400.999,19.455,0,0
6/28/2025 18:31:51,19.883,400.891,19.457,0,0
6/28/2025 18:32:01,19.885,400.798,19.458,0,0
6/28/2025 18:32:11,19.888,400.676,19.461,0,0
6/28/2025 18:32:21,19.891,400.681,19.462,0,0
6/28/2025 18:32:31,19.894,400.991,19.462,0,0
6/28/2025 18:32:42,19.897,401.131,19.462,0,0
6/28/2025 18:32:52,19.899,402.507,19.461,0,0
6/28/2025 18:33:02,19.902,403.732,19.459,0,0
6/28/2025 18:33:12,19.905,404.277,19.457,0,0
6/28/2025 18:33:22,19.908,404.959,19.455,0,0
6/28/2025 18:33:33,19.911,404.718,19.452,0,0
6/28/2025 18:33:43,19.914,405.146,19.449,0,0
6/28/2025 18:33:53,19.916,406.423,19.447,0,0
6/28/2025 18:34:03,19.919,407.183,19.446,0,0
6/28/2025 18:34:13,19.922,407.195,19.445,0,0
6/28/2025 18:34:24,19.925,407.148,19.445,0,0
6/28/2025 18:34:34,19.928,407.846,19.446,0,0
6/28/2025 18:34:44,19.931,408.447,19.448,0,0
6/28/2025 18:34:54,19.933,407.83,19.449,0,0
6/28/2025 18:35:05,19.936,407.888,19.452,0,0
6/28/2025 18:35:15,19.939,408.335,19.453,0,0
6/28/2025 18:35:25,19.942,408.323,19.454,0,0
6/28/2025 18:35:35,19.945,408.29,19.455,0,0
6/28/2025 18:35:45,19.948,408.31,19.455,0,0
6/28/2025 18:35:56,19.951,408.283,19.455,0,0
6/28/2025 18:36:06,19.953,407.963,19.455,0,0
6/28/2025 18:36:16,19.956,407.85,19.454,0,0
6/28/2025 18:36:26,19.959,407.878,19.454,0,0
6/28/2025 18:36:36,19.962,407.891,19.454,0,0
6/28/2025 18:36:47,19.965,408.835,19.454,0,0
6/28/2025 18:36:57,19.968,408.353,19.454,0,0
6/28/2025 18:37:07,19.97,407.003,19.455,0,0
6/28/2025 18:37:17,19.973,405.914,19.457,0,0
6/28/2025 18:37:27,19.976,405.866,19.46,0,0
6/28/2025 18:37:38,19.979,406.147,19.464,0,0
6/28/2025 18:37:48,19.982,405.947,19.467,0,0
6/28/2025 18:37:58,19.984,405.706,19.467,0,0
6/28/2025 18:38:08,19.987,405.754,19.467,0,0
6/28/2025 18:38:18,19.99,405.747,19.465,0,0
6/28/2025 18:38:29,19.993,405.305,19.464,0,0
6/28/2025 18:38:39,19.996,405.185,19.462,0,0
6/28/2025 18:38:49,19.999,404.041,19.461,0,0
6/28/2025 18:38:59,20.001,404.541,19.461,0,0
6/28/2025 18:39:09,20.004,405.409,19.46,0,0
6/28/2025 18:39:20,20.007,405.468,19.46,0,0
6/28/2025 18:39:30,20.01,406.581,19.46,0,0
6/28/2025 18:39:40,20.013,406.909,19.46,0,0
6/28/2025 18:39:50,20.016,406.914,19.461,0,0
6/28/2025 18:40:00,20.018,407.005,19.463,0,0
6/28/2025 18:40:11,20.021,407.301,19.468,0,0
6/28/2025 18:40:21,20.024,408.399,19.476,0,0
6/28/2025 18:40:31,20.027,408.124,19.483,0,0
6/28/2025 18:40:41,20.03,407.981,19.488,0,0
6/28/2025 18:40:51,20.033,407.901,19.49,0,0
6/28/2025 18:41:02,20.036,406.991,19.491,0,0
6/28/2025 18:41:12,20.038,406.414,19.491,0,0
6/28/2025 18:41:22,20.041,406.457,19.491,0,0
6/28/2025 18:41:32,20.044,407.325,19.491,0,0
6/28/2025 18:41:42,20.047,407.398,19.49,0,0
6/28/2025 18:41:53,20.05,407.485,19.489,0,0
6/28/2025 18:42:03,20.053,407.212,19.486,0,0
6/28/2025 18:42:13,20.055,407.032,19.485,0,0
6/28/2025 18:42:23,20.058,407.108,19.484,0,0
6/28/2025 18:42:33,20.061,407.289,19.484,0,0
6/28/2025 18:42:44,20.064,407.785,19.484,0,0
6/28/2025 18:42:54,20.067,404.146,19.485,0,0
6/28/2025 18:43:04,20.069,403.397,19.485,0,0
6/28/2025 18:43:14,20.072,402.08,19.487,0,0
6/28/2025 18:43:24,20.075,401.797,19.488,0,0
6/28/2025 18:43:35,20.078,401.627,19.488,0,0
6/28/2025 18:43:45,20.081,402.235,19.487,0,0
6/28/2025 18:43:55,20.084,402.456,19.485,0,0
6/28/2025 18:44:05,20.086,402.417,19.484,0,0
6/28/2025 18:44:15,20.089,402.365,19.482,0,0
6/28/2025 18:44:26,20.092,402.364,19.48,0,0
6/28/2025 18:44:36,20.095,403.36,19.479,0,0
6/28/2025 18:44:46,20.098,403.387,19.478,0,0
6/28/2025 18:44:56,20.101,403.265,19.477,0,0
6/28/2025 18:45:06,20.103,404.003,19.476,0,0
6/28/2025 18:45:17,20.106,404.332,19.476,0,0
6/28/2025 18:45:27,20.109,404.912,19.476,0,0
6/28/2025 18:45:37,20.112,405.09,19.477,0,0
6/28/2025 18:45:47,20.115,405.026,19.479,0,0
6/28/2025 18:45:57,20.118,405.19,19.482,0,0
6/28/2025 18:46:08,20.121,405.097,19.485,0,0
6/28/2025 18:46:18,20.123,405.276,19.488,0,0
6/28/2025 18:46:28,20.126,405.071,19.488,0,0
6/28/2025 18:46:38,20.129,404.258,19.488,0,0
6/28/2025 18:46:48,20.132,401.199,19.488,0,0
6/28/2025 18:46:59,20.135,397.943,19.488,0,0
6/28/2025 18:47:09,20.138,398.153,19.488,0,0
6/28/2025 18:47:19,20.14,398.841,19.488,0,0
6/28/2025 18:47:29,20.143,399.315,19.487,0,0
6/28/2025 18:47:39,20.146,399.619,19.487,0,0
6/28/2025 18:47:50,20.149,399.698,19.486,0,0
6/28/2025 18:48:00,20.152,400.072,19.486,0,0
6/28/2025 18:48:10,20.154,400.03,19.486,0,0
6/28/2025 18:48:20,20.157,400.402,19.486,0,0
6/28/2025 18:48:30,20.16,400.426,19.488,0,0
6/28/2025 18:48:41,20.163,400.654,19.492,0,0
6/28/2025 18:48:51,20.166,400.72,19.498,0,0
6/28/2025 18:49:01,20.169,399.465,19.5,0,0
6/28/2025 18:49:11,20.171,399.104,19.501,0,0
6/28/2025 18:49:21,20.174,399.865,19.501,0,0
6/28/2025 18:49:32,20.177,400.041,19.5,0,0
6/28/2025 18:49:42,20.18,401.42,19.496,0,0
6/28/2025 18:49:52,20.183,402.304,19.492,0,0
6/28/2025 18:50:02,20.186,402.36,19.487,0,0
6/28/2025 18:50:12,20.188,402.4,19.481,0,0
6/28/2025 18:50:23,20.191,403.439,19.473,0,0
6/28/2025 18:50:33,20.194,403.198,19.469,0,0
6/28/2025 18:50:43,20.197,403.479,19.466,0,0
6/28/2025 18:50:53,20.2,404.406,19.465,0,0
6/28/2025 18:51:03,20.203,404.322,19.464,0,0
6/28/2025 18:51:14,20.206,404.339,19.465,0,0
6/28/2025 18:51:24,20.208,404.324,19.465,0,0
6/28/2025 18:51:34,20.211,404.544,19.466,0,0
6/28/2025 18:51:44,20.214,405.813,19.467,0,0
6/28/2025 18:51:54,20.217,405.887,19.468,0,0
6/28/2025 18:52:05,20.22,406.928,19.469,0,0
6/28/2025 18:52:15,20.223,407.136,19.469,0,0
6/28/2025 18:52:25,20.225,407.075,19.469,0,0
6/28/2025 18:52:35,20.228,407.035,19.468,0,0
6/28/2025 18:52:45,20.231,407.413,19.467,0,0
6/28/2025 18:52:56,20.234,407.475,19.466,0,0
6/28/2025 18:53:06,20.237,406.613,19.466,0,0
6/28/2025 18:53:16,20.239,406.156,19.466,0,0
6/28/2025 18:53:26,20.242,406.629,19.466,0,0
6/28/2025 18:53:36,20.245,407.12,19.466,0,0
6/28/2025 18:53:47,20.248,407.003,19.467,0,0
6/28/2025 18:53:57,20.251,407.177,19.468,0,0
6/28/2025 18:54:07,20.254,406.676,19.469,0,0
6/28/2025 18:54:17,20.256,406.006,19.471,0,0
6/28/2025 18:54:27,20.259,405.768,19.474,0,0
6/28/2025 18:54:38,20.262,405.354,19.475,0,0
6/28/2025 18:54:48,20.265,404.926,19.475,0,0
6/28/2025 18:54:58,20.268,405.049,19.474,0,0
6/28/2025 18:55:08,20.271,406.291,19.473,0,0
6/28/2025 18:55:18,20.273,407.56,19.471,0,0
6/28/2025 18:55:29,20.276,409.577,19.468,0,0
6/28/2025 18:55:39,20.279,411.184,19.465,0,0
6/28/2025 18:55:49,20.282,411.295,19.46,0,0
6/28/2025 18:55:59,20.285,410.511,19.456,0,0
6/28/2025 18:56:09,20.288,410.314,19.452,0,0
6/28/2025 18:56:20,20.291,410.558,19.449,0,0
6/28/2025 18:56:30,20.293,410.34,19.448,0,0
6/28/2025 18:56:40,20.296,410.423,19.448,0,0
6/28/2025 18:56:50,20.299,410.918,19.448,0,0
6/28/2025 18:57:00,20.302,411.174,19.448,0,0
6/28/2025 18:57:11,20.305,411.019,19.448,0,0
6/28/2025 18:57:21,20.307,411.014,19.448,0,0
6/28/2025 18:57:31,20.31,411.034,19.447,0,0
6/28/2025 18:57:41,20.313,410.981,19.447,0,0
6/28/2025 18:57:51,20.316,408.322,19.447,0,0
6/28/2025 18:58:02,20.319,405.607,19.446,0,0
6/28/2025 18:58:12,20.322,405.105,19.445,0,0
6/28/2025 18:58:22,20.324,405.365,19.445,0,0
6/28/2025 18:58:32,20.327,405.284,19.442,0,0
6/28/2025 18:58:42,20.33,405.175,19.441,0,0
6/28/2025 18:58:53,20.333,405.022,19.441,0,0
6/28/2025 18:59:03,20.336,404.972,19.441,0,0
6/28/2025 18:59:13,20.339,404.951,19.441,0,0
6/28/2025 18:59:23,20.341,405.365,19.441,0,0
6/28/2025 18:59:33,20.344,405.557,19.443,0,0
6/28/2025 18:59:44,20.347,405.699,19.447,0,0
6/28/2025 18:59:54,20.35,405.663,19.45,0,0
6/28/2025 19:00:04,20.353,406.405,19.451,0,0
6/28/2025 19:00:14,20.356,407.459,19.451,0,0
6/28/2025 19:00:24,20.358,408.272,19.451,0,0
6/28/2025 19:00:35,20.361,408.232,19.45,0,0
6/28/2025 19:00:45,20.364,408.2,19.45,0,0
6/28/2025 19:00:55,20.367,408.173,19.449,0,0
6/28/2025 19:01:05,20.37,408.424,19.448,0,0
6/28/2025 19:01:15,20.372,408.853,19.447,0,0
6/28/2025 19:01:26,20.376,408.854,19.446,0,0
6/28/2025 19:01:36,20.378,408.639,19.446,0,0
6/28/2025 19:01:46,20.381,408.943,19.445,0,0
6/28/2025 19:01:56,20.384,409.123,19.445,0,0
6/28/2025 19:02:06,20.387,410.574,19.445,0,0
6/28/2025 19:02:17,20.39,410.297,19.446,0,0
6/28/2025 19:02:27,20.393,410.699,19.448,0,0
6/28/2025 19:02:37,20.395,410.837,19.45,0,0
6/28/2025 19:02:47,20.398,410.855,19.454,0,0
6/28/2025 19:02:57,20.401,410.963,19.455,0,0
6/28/2025 19:03:08,20.404,410.935,19.456,0,0
6/28/2025 19:03:18,20.407,410.363,19.457,0,0
6/28/2025 19:03:28,20.409,409.205,19.458,0,0
6/28/2025 19:03:38,20.412,408.144,19.458,0,0
6/28/2025 19:03:48,20.415,405.744,19.458,0,0
6/28/2025 19:03:59,20.418,404.295,19.458,0,0
6/28/2025 19:04:09,20.421,404.32,19.457,0,0
6/28/2025 19:04:19,20.424,404.295,19.456,0,0
6/28/2025 19:04:29,20.426,404.141,19.454,0,0
6/28/2025 19:04:39,20.429,403.672,19.454,0,0
6/28/2025 19:04:50,20.432,403.331,19.453,0,0
6/28/2025 19:05:00,20.435,402.949,19.454,0,0
6/28/2025 19:05:10,20.438,403.06,19.454,0,0
6/28/2025 19:05:20,20.441,403.139,19.455,0,0
6/28/2025 19:05:30,20.443,403.367,19.457,0,0
6/28/2025 19:05:41,20.446,403.481,19.458,0,0
6/28/2025 19:05:51,20.449,403.494,19.459,0,0
6/28/2025 19:06:01,20.452,403.662,19.459,0,0
6/28/2025 19:06:11,20.455,405.626,19.458,0,0
6/28/2025 19:06:21,20.458,408.722,19.456,0,0
6/28/2025 19:06:32,20.461,408.838,19.454,0,0
6/28/2025 19:06:42,20.463,409.106,19.452,0,0
6/28/2025 19:06:52,20.466,409.2,19.45,0,0
6/28/2025 19:07:02,20.469,409.566,19.449,0,0
6/28/2025 19:07:12,20.472,409.65,19.448,0,0
6/28/2025 19:07:23,20.475,409.393,19.448,0,0
6/28/2025 19:07:33,20.478,408.909,19.448,0,0
6/28/2025 19:07:43,20.48,409.553,19.448,0,0
6/28/2025 19:07:53,20.483,410.1,19.449,0,0
6/28/2025 19:08:03,20.486,410.24,19.452,0,0
6/28/2025 19:08:14,20.489,410.678,19.456,0,0
6/28/2025 19:08:24,20.492,410.609,19.462,0,0
6/28/2025 19:08:34,20.494,408.891,19.465,0,0
6/28/2025 19:08:44,20.497,407.08,19.468,0,0
6/28/2025 19:08:54,20.5,406.494,19.47,0,0
6/28/2025 19:09:05,20.503,406.46,19.471,0,0
6/28/2025 19:09:15,20.506,406.403,19.471,0,0
6/28/2025 19:09:25,20.509,406.548,19.471,0,0
6/28/2025 19:09:35,20.511,406.946,19.47,0,0
6/28/2025 19:09:45,20.514,407.858,19.469,0,0
6/28/2025 19:09:56,20.517,408.296,19.469,0,0
6/28/2025 19:10:06,20.52,408.289,19.469,0,0
6/28/2025 19:10:16,20.523,408.029,19.469,0,0
6/28/2025 19:10:26,20.526,408.003,19.47,0,0
6/28/2025 19:10:36,20.528,408.423,19.47,0,0
6/28/2025 19:10:47,20.531,408.172,19.472,0,0
6/28/2025 19:10:57,20.534,408.119,19.476,0,0
6/28/2025 19:11:07,20.537,408.201,19.482,0,0
6/28/2025 19:11:17,20.54,407.953,19.489,0,0
6/28/2025 19:11:27,20.543,408.196,19.493,0,0
6/28/2025 19:11:38,20.546,408.86,19.495,0,0
6/28/2025 19:11:48,20.548,408.894,19.495,0,0
6/28/2025 19:11:58,20.551,408.721,19.495,0,0
6/28/2025 19:12:08,20.554,408.697,19.494,0,0
6/28/2025 19:12:18,20.557,408.702,19.493,0,0
6/28/2025 19:12:29,20.56,408.609,19.492,0,0
6/28/2025 19:12:39,20.563,408.678,19.49,0,0
6/28/2025 19:12:49,20.565,408.544,19.489,0,0
6/28/2025 19:12:59,20.568,408.662,19.489,0,0
6/28/2025 19:13:09,20.571,408.81,19.489,0,0
6/28/2025 19:13:20,20.574,407.069,19.489,0,0
6/28/2025 19:13:30,20.577,407.387,19.49,0,0
6/28/2025 19:13:40,20.579,407.656,19.494,0,0
6/28/2025 19:13:50,20.582,408.106,19.5,0,0
6/28/2025 19:14:00,20.585,408.905,19.506,0,0
6/28/2025 19:14:11,20.588,408.975,19.509,0,0
6/28/2025 19:14:21,20.591,408.942,19.509,0,0
6/28/2025 19:14:31,20.594,409.046,19.51,0,0
6/28/2025 19:14:41,20.596,408.947,19.509,0,0
6/28/2025 19:14:51,20.599,408.454,19.509,0,0
6/28/2025 19:15:02,20.602,408.199,19.509,0,0
6/28/2025 19:15:12,20.605,408.893,19.508,0,0
6/28/2025 19:15:22,20.608,408.873,19.508,0,0
6/28/2025 19:15:32,20.611,407.862,19.508,0,0
6/28/2025 19:15:42,20.613,407.873,19.508,0,0
6/28/2025 19:15:53,20.616,408.304,19.508,0,0
6/28/2025 19:16:03,20.619,408.14,19.508,0,0
6/28/2025 19:16:13,20.622,408.061,19.51,0,0
6/28/2025 19:16:23,20.625,408.038,19.512,0,0
6/28/2025 19:16:33,20.628,408.074,19.513,0,0
6/28/2025 19:16:44,20.631,407.963,19.514,0,0
6/28/2025 19:16:54,20.633,408.048,19.514,0,0
6/28/2025 19:17:04,20.636,409.282,19.514,0,0
6/28/2025 19:17:14,20.639,409.984,19.513,0,0
6/28/2025 19:17:24,20.642,409.923,19.511,0,0
6/28/2025 19:17:35,20.645,409.886,19.508,0,0
6/28/2025 19:17:45,20.648,409.67,19.506,0,0
6/28/2025 19:17:55,20.65,409.633,19.503,0,0
6/28/2025 19:18:05,20.653,409.478,19.501,0,0
6/28/2025 19:18:16,20.656,408.928,19.499,0,0
6/28/2025 19:18:26,20.659,409.008,19.497,0,0
6/28/2025 19:18:36,20.662,408.845,19.497,0,0
6/28/2025 19:18:46,20.664,408.664,19.496,0,0
6/28/2025 19:18:56,20.667,408.921,19.497,0,0
6/28/2025 19:19:07,20.67,409.076,19.501,0,0
6/28/2025 19:19:17,20.673,408.444,19.509,0,0
6/28/2025 19:19:27,20.676,409.259,19.521,0,0
6/28/2025 19:19:37,20.679,410.562,19.53,0,0
6/28/2025 19:19:47,20.681,410.685,19.535,0,0
6/28/2025 19:19:58,20.684,410.843,19.538,0,0
6/28/2025 19:20:08,20.687,411.037,19.539,0,0
6/28/2025 19:20:18,20.69,409.931,19.54,0,0
6/28/2025 19:20:28,20.693,409.318,19.54,0,0
6/28/2025 19:20:38,20.696,407.195,19.54,0,0
6/28/2025 19:20:49,20.699,407.126,19.54,0,0
6/28/2025 19:20:59,20.701,407.524,19.539,0,0
6/28/2025 19:21:09,20.704,407.04,19.539,0,0
6/28/2025 19:21:19,20.707,406.552,19.539,0,0
6/28/2025 19:21:29,20.71,406.287,19.539,0,0
6/28/2025 19:21:40,20.713,405.043,19.539,0,0
6/28/2025 19:21:50,20.716,404.102,19.54,0,0
6/28/2025 19:22:00,20.718,403.914,19.542,0,0
6/28/2025 19:22:10,20.721,403.722,19.546,0,0
6/28/2025 19:22:20,20.724,403.99,19.549,0,0
6/28/2025 19:22:31,20.727,403.9,19.552,0,0
6/28/2025 19:22:41,20.73,403.944,19.553,0,0
6/28/2025 19:22:51,20.733,404.689,19.552,0,0
6/28/2025 19:23:01,20.735,406.635,19.552,0,0
6/28/2025 19:23:11,20.738,406.717,19.551,0,0
6/28/2025 19:23:22,20.741,406.902,19.549,0,0
6/28/2025 19:23:32,20.744,406.898,19.546,0,0
6/28/2025 19:23:42,20.747,407.657,19.543,0,0
6/28/2025 19:23:52,20.749,408.589,19.54,0,0
6/28/2025 19:24:02,20.752,409.117,19.538,0,0
6/28/2025 19:24:13,20.755,411.261,19.538,0,0
6/28/2025 19:24:23,20.758,411.602,19.537,0,0
6/28/2025 19:24:33,20.761,412.51,19.539,0,0
6/28/2025 19:24:43,20.764,413.111,19.541,0,0
6/28/2025 19:24:53,20.766,412.738,19.543,0,0
6/28/2025 19:25:04,20.769,411.702,19.545,0,0
6/28/2025 19:25:14,20.772,411.379,19.547,0,0
6/28/2025 19:25:24,20.775,410.975,19.548,0,0
6/28/2025 19:25:34,20.778,410.903,19.548,0,0
6/28/2025 19:25:44,20.781,410.659,19.548,0,0
6/28/2025 19:25:55,20.784,410.297,19.548,0,0
6/28/2025 19:26:05,20.786,409.035,19.547,0,0
6/28/2025 19:26:15,20.789,408.561,19.546,0,0
6/28/2025 19:26:25,20.792,408.508,19.545,0,0
6/28/2025 19:26:35,20.795,407.882,19.544,0,0
6/28/2025 19:26:46,20.798,408.032,19.544,0,0
6/28/2025 19:26:56,20.801,407.916,19.544,0,0
6/28/2025 19:27:06,20.803,407.778,19.543,0,0
6/28/2025 19:27:16,20.806,407.77,19.544,0,0
6/28/2025 19:27:26,20.809,405.813,19.544,0,0
6/28/2025 19:27:37,20.812,405.268,19.545,0,0
6/28/2025 19:27:47,20.815,405.834,19.547,0,0
6/28/2025 19:27:57,20.818,405.874,19.548,0,0
6/28/2025 19:28:07,20.82,405.845,19.549,0,0
6/28/2025 19:28:17,20.823,406.477,19.549,0,0
6/28/2025 19:28:28,20.826,406.179,19.549,0,0
6/28/2025 19:28:38,20.829,406.772,19.548,0,0
6/28/2025 19:28:48,20.832,407.16,19.547,0,0
6/28/2025 19:28:58,20.834,407.485,19.545,0,0
6/28/2025 19:29:08,20.837,407.851,19.541,0,0
6/28/2025 19:29:19,20.84,408.638,19.536,0,0
6/28/2025 19:29:29,20.843,408.628,19.533,0,0
6/28/2025 19:29:39,20.846,408.633,19.53,0,0
6/28/2025 19:29:49,20.849,408.402,19.527,0,0
6/28/2025 19:29:59,20.851,408.296,19.527,0,0
6/28/2025 19:30:10,20.854,408.646,19.526,0,0
6/28/2025 19:30:20,20.857,409.364,19.526,0,0
6/28/2025 19:30:30,20.86,409.327,19.526,0,0
6/28/2025 19:30:40,20.863,407.763,19.526,0,0
6/28/2025 19:30:50,20.866,406.729,19.526,0,0
6/28/2025 19:31:01,20.869,406.928,19.527,0,0
6/28/2025 19:31:11,20.871,406.021,19.527,0,0
6/28/2025 19:31:21,20.874,405.617,19.527,0,0
6/28/2025 19:31:31,20.877,405.474,19.527,0,0
6/28/2025 19:31:41,20.88,405.013,19.527,0,0
6/28/2025 19:31:52,20.883,406.251,19.527,0,0
6/28/2025 19:32:02,20.886,407.411,19.527,0,0
6/28/2025 19:32:12,20.888,407.612,19.527,0,0
6/28/2025 19:32:22,20.891,407.594,19.527,0,0
6/28/2025 19:32:32,20.894,407.445,19.527,0,0
6/28/2025 19:32:43,20.897,407.146,19.527,0,0
6/28/2025 19:32:53,20.9,406.146,19.528,0,0
6/28/2025 19:33:03,20.903,405.427,19.53,0,0
6/28/2025 19:33:13,20.905,404.812,19.531,0,0
6/28/2025 19:33:23,20.908,404.5,19.533,0,0
6/28/2025 19:33:34,20.911,403.985,19.535,0,0
6/28/2025 19:33:44,20.914,402.977,19.535,0,0
6/28/2025 19:33:54,20.917,403.03,19.535,0,0
6/28/2025 19:34:04,20.919,403.697,19.534,0,0
6/28/2025 19:34:14,20.922,404.219,19.533,0,0
6/28/2025 19:34:25,20.925,404.546,19.531,0,0
6/28/2025 19:34:35,20.928,404.585,19.527,0,0
6/28/2025 19:34:45,20.931,404.923,19.523,0,0
6/28/2025 19:34:55,20.934,406.074,19.52,0,0
6/28/2025 19:35:06,20.937,406.146,19.516,0,0
6/28/2025 19:35:16,20.939,406.326,19.514,0,0
6/28/2025 19:35:26,20.942,406.281,19.514,0,0
6/28/2025 19:35:36,20.945,406.331,19.514,0,0
6/28/2025 19:35:46,20.948,406.772,19.516,0,0
6/28/2025 19:35:57,20.951,407.263,19.52,0,0
6/28/2025 19:36:07,20.954,407.788,19.529,0,0
6/28/2025 19:36:17,20.956,407.907,19.537,0,0
6/28/2025 19:36:27,20.959,407.863,19.542,0,0
6/28/2025 19:36:37,20.962,407.864,19.544,0,0
6/28/2025 19:36:48,20.965,407.625,19.544,0,0
6/28/2025 19:36:58,20.968,406.678,19.544,0,0
6/28/2025 19:37:08,20.971,406.374,19.544,0,0
6/28/2025 19:37:18,20.973,406.739,19.544,0,0
6/28/2025 19:37:28,20.976,407.514,19.543,0,0
6/28/2025 19:37:39,20.979,407.33,19.541,0,0
6/28/2025 19:37:49,20.982,406.978,19.54,0,0
6/28/2025 19:37:59,20.985,406.933,19.539,0,0
6/28/2025 19:38:09,20.988,406.896,19.539,0,0
6/28/2025 19:38:19,20.99,406.844,19.539,0,0
6/28/2025 19:38:30,20.993,407.304,19.541,0,0
6/28/2025 19:38:40,20.996,407.309,19.543,0,0
6/28/2025 19:38:50,20.999,406.462,19.548,0,0
6/28/2025 19:39:00,21.002,405.822,19.552,0,0
6/28/2025 19:39:10,21.004,405.456,19.556,0,0
6/28/2025 19:39:21,21.008,405.308,19.557,0,0
6/28/2025 19:39:31,21.01,405.698,19.558,0,0
6/28/2025 19:39:41,21.013,406.771,19.557,0,0
6/28/2025 19:39:51,21.016,408.389,19.557,0,0
6/28/2025 19:40:01,21.019,408.407,19.557,0,0
6/28/2025 19:40:12,21.022,408.414,19.556,0,0
6/28/2025 19:40:22,21.024,407.853,19.554,0,0
6/28/2025 19:40:32,21.027,407.686,19.553,0,0
6/28/2025 19:40:42,21.03,407.172,19.552,0,0
6/28/2025 19:40:52,21.033,406.894,19.551,0,0
6/28/2025 19:41:03,21.036,407.731,19.551,0,0
6/28/2025 19:41:13,21.039,407.776,19.551,0,0
6/28/2025 19:41:23,21.041,407.867,19.553,0,0
6/28/2025 19:41:33,21.044,408.508,19.555,0,0
6/28/2025 19:41:43,21.047,408.72,19.559,0,0
6/28/2025 19:41:54,21.05,407.435,19.564,0,0
6/28/2025 19:42:04,21.053,407.04,19.567,0,0
6/28/2025 19:42:14,21.056,407.029,19.569,0,0
6/28/2025 19:42:24,21.058,407.186,19.569,0,0
6/28/2025 19:42:34,21.061,407.159,19.57,0,0
6/28/2025 19:42:45,21.064,408.747,19.57,0,0
6/28/2025 19:42:55,21.067,409.551,19.569,0,0
6/28/2025 19:43:05,21.07,409.602,19.569,0,0
6/28/2025 19:43:15,21.073,409.305,19.568,0,0
6/28/2025 19:43:25,21.075,409.648,19.568,0,0
6/28/2025 19:43:36,21.078,409.673,19.567,0,0
6/28/2025 19:43:46,21.081,409.311,19.566,0,0
6/28/2025 19:43:56,21.084,408.952,19.566,0,0
6/28/2025 19:44:06,21.087,407.254,19.566,0,0
6/28/2025 19:44:16,21.089,406.9,19.567,0,0
6/28/2025 19:44:27,21.093,407.254,19.569,0,0
6/28/2025 19:44:37,21.095,407.173,19.572,0,0
6/28/2025 19:44:47,21.098,407.136,19.574,0,0
6/28/2025 19:44:57,21.101,407.299,19.574,0,0
6/28/2025 19:45:07,21.104,407.508,19.574,0,0
6/28/2025 19:45:18,21.107,406.452,19.573,0,0
6/28/2025 19:45:28,21.109,405.847,19.572,0,0
6/28/2025 19:45:38,21.112,405.802,19.571,0,0
6/28/2025 19:45:48,21.115,405.815,19.57,0,0
6/28/2025 19:45:58,21.118,406.056,19.57,0,0
6/28/2025 19:46:09,21.121,406.311,19.569,0,0
6/28/2025 19:46:19,21.124,406.472,19.568,0,0
6/28/2025 19:46:29,21.126,407.122,19.569,0,0
6/28/2025 19:46:39,21.129,407.863,19.569,0,0
6/28/2025 19:46:49,21.132,408.015,19.57,0,0
6/28/2025 19:47:00,21.135,408.29,19.573,0,0
6/28/2025 19:47:10,21.138,408.279,19.578,0,0
6/28/2025 19:47:20,21.141,408.281,19.586,0,0
6/28/2025 19:47:30,21.143,407.679,19.592,0,0
6/28/2025 19:47:40,21.146,408.669,19.597,0,0
6/28/2025 19:47:51,21.149,409.461,19.603,0,0
6/28/2025 19:48:01,21.152,408.643,19.607,0,0
6/28/2025 19:48:11,21.155,408.646,19.608,0,0
6/28/2025 19:48:21,21.158,408.249,19.609,0,0
6/28/2025 19:48:31,21.16,408.184,19.609,0,0
6/28/2025 19:48:42,21.163,408.649,19.609,0,0
6/28/2025 19:48:52,21.166,409.191,19.609,0,0
6/28/2025 19:49:02,21.169,409.738,19.609,0,0
6/28/2025 19:49:12,21.172,409.359,19.609,0,0
6/28/2025 19:49:22,21.174,407.707,19.61,0,0
6/28/2025 19:49:33,21.178,406.262,19.61,0,0
6/28/2025 19:49:43,21.18,407.077,19.611,0,0
6/28/2025 19:49:53,21.183,405.112,19.613,0,0
6/28/2025 19:50:03,21.186,404.816,19.615,0,0
6/28/2025 19:50:13,21.189,405.348,19.617,0,0
6/28/2025 19:50:24,21.192,405.464,19.619,0,0
6/28/2025 19:50:34,21.194,408.149,19.62,0,0
6/28/2025 19:50:44,21.197,408.506,19.62,0,0
6/28/2025 19:50:54,21.2,407.826,19.62,0,0
6/28/2025 19:51:04,21.203,407.942,19.619,0,0
6/28/2025 19:51:15,21.206,408.359,19.618,0,0
6/28/2025 19:51:25,21.209,408.839,19.615,0,0
6/28/2025 19:51:35,21.211,408.489,19.612,0,0
6/28/2025 19:51:45,21.214,407.245,19.609,0,0
6/28/2025 19:51:55,21.217,406.142,19.605,0,0
6/28/2025 19:52:06,21.22,406.13,19.603,0,0
6/28/2025 19:52:16,21.223,406.67,19.602,0,0
6/28/2025 19:52:26,21.226,406.463,19.601,0,0
6/28/2025 19:52:36,21.228,406.484,19.601,0,0
6/28/2025 19:52:46,21.231,406.616,19.601,0,0
6/28/2025 19:52:57,21.234,406.606,19.602,0,0
6/28/2025 19:53:07,21.237,406.713,19.602,0,0
6/28/2025 19:53:17,21.24,407.466,19.603,0,0
6/28/2025 19:53:27,21.243,407.814,19.603,0,0
6/28/2025 19:53:37,21.245,406.959,19.603,0,0
6/28/2025 19:53:48,21.248,406.724,19.603,0,0
6/28/2025 19:53:58,21.251,407.024,19.602,0,0
6/28/2025 19:54:08,21.254,407.341,19.601,0,0
6/28/2025 19:54:18,21.257,407.259,19.6,0,0
6/28/2025 19:54:28,21.259,408.722,19.6,0,0
6/28/2025 19:54:39,21.263,409.219,19.599,0,0
6/28/2025 19:54:49,21.265,408.916,19.599,0,0
6/28/2025 19:54:59,21.268,406.997,19.599,0,0
6/28/2025 19:55:09,21.271,405.033,19.599,0,0
6/28/2025 19:55:19,21.274,405.258,19.6,0,0
6/28/2025 19:55:30,21.277,405.439,19.603,0,0
6/28/2025 19:55:40,21.279,405.33,19.606,0,0
6/28/2025 19:55:50,21.282,404.437,19.609,0,0
6/28/2025 19:56:00,21.285,403.687,19.611,0,0
6/28/2025 19:56:10,21.288,404.806,19.611,0,0
6/28/2025 19:56:21,21.291,404.918,19.612,0,0
6/28/2025 19:56:31,21.294,405.362,19.611,0,0
6/28/2025 19:56:41,21.296,405.794,19.609,0,0
6/28/2025 19:56:51,21.299,406.639,19.608,0,0
6/28/2025 19:57:01,21.302,406.844,19.605,0,0
6/28/2025 19:57:12,21.305,406.812,19.602,0,0
6/28/2025 19:57:22,21.308,406.68,19.602,0,0
6/28/2025 19:57:32,21.311,406.877,19.601,0,0
6/28/2025 19:57:42,21.313,408.058,19.601,0,0
6/28/2025 19:57:52,21.316,410.28,19.602,0,0
6/28/2025 19:58:03,21.319,411.296,19.604,0,0
6/28/2025 19:58:13,21.322,411.565,19.607,0,0
6/28/2025 19:58:23,21.325,411.022,19.613,0,0
6/28/2025 19:58:33,21.328,410.966,19.62,0,0
6/28/2025 19:58:43,21.33,411.11,19.626,0,0
6/28/2025 19:58:54,21.333,411.485,19.629,0,0
6/28/2025 19:59:04,21.336,410.948,19.63,0,0
6/28/2025 19:59:14,21.339,410.651,19.63,0,0
6/28/2025 19:59:24,21.342,409.927,19.628,0,0
6/28/2025 19:59:34,21.344,409.191,19.626,0,0
6/28/2025 19:59:45,21.348,408.826,19.625,0,0
6/28/2025 19:59:55,21.35,408.754,19.622,0,0
6/28/2025 20:00:05,21.353,408.484,19.621,0,0
6/28/2025 20:00:15,21.356,408.087,19.62,0,0
6/28/2025 20:00:25,21.359,408.121,19.62,0,0
6/28/2025 20:00:36,21.362,408.097,19.62,0,0
6/28/2025 20:00:46,21.364,407.559,19.62,0,0
6/28/2025 20:00:56,21.367,407.322,19.621,0,0
6/28/2025 20:01:06,21.37,405.724,19.622,0,0
6/28/2025 20:01:16,21.373,404.999,19.624,0,0
6/28/2025 20:01:27,21.376,404.774,19.625,0,0
6/28/2025 20:01:37,21.379,404.34,19.625,0,0
6/28/2025 20:01:47,21.381,404.376,19.625,0,0
6/28/2025 20:01:57,21.384,405.19,19.623,0,0
6/28/2025 20:02:07,21.387,405.272,19.622,0,0
6/28/2025 20:02:18,21.39,405.3,19.62,0,0
6/28/2025 20:02:28,21.393,405.383,19.617,0,0
6/28/2025 20:02:38,21.396,405.564,19.613,0,0
6/28/2025 20:02:48,21.398,405.903,19.608,0,0
6/28/2025 20:02:58,21.401,406.383,19.604,0,0
6/28/2025 20:03:09,21.404,406.61,19.602,0,0
6/28/2025 20:03:19,21.407,408.682,19.6,0,0
6/28/2025 20:03:29,21.41,409.673,19.6,0,0
6/28/2025 20:03:39,21.413,410.684,19.601,0,0
6/28/2025 20:03:49,21.415,411.357,19.602,0,0
6/28/2025 20:04:00,21.418,409.373,19.605,0,0
6/28/2025 20:04:10,21.421,409.381,19.609,0,0
6/28/2025 20:04:20,21.424,409.944,19.612,0,0
6/28/2025 20:04:30,21.427,411.303,19.613,0,0
6/28/2025 20:04:40,21.429,411.837,19.614,0,0
6/28/2025 20:04:51,21.432,412.061,19.614,0,0
6/28/2025 20:05:01,21.435,412.021,19.614,0,0
6/28/2025 20:05:11,21.438,412.121,19.613,0,0
6/28/2025 20:05:21,21.441,411.354,19.612,0,0
6/28/2025 20:05:31,21.444,411.207,19.612,0,0
6/28/2025 20:05:42,21.447,410.764,19.612,0,0
6/28/2025 20:05:52,21.449,409.811,19.611,0,0
6/28/2025 20:06:02,21.452,408.844,19.611,0,0
6/28/2025 20:06:12,21.455,408.909,19.611,0,0
6/28/2025 20:06:22,21.458,408.816,19.612,0,0
6/28/2025 20:06:33,21.461,408.73,19.613,0,0
6/28/2025 20:06:43,21.464,408.406,19.615,0,0
6/28/2025 20:06:53,21.466,408.275,19.619,0,0
6/28/2025 20:07:03,21.469,407.371,19.621,0,0
6/28/2025 20:07:13,21.472,407.106,19.621,0,0
6/28/2025 20:07:24,21.475,407.354,19.621,0,0
6/28/2025 20:07:34,21.478,408.601,19.62,0,0
6/28/2025 20:07:44,21.481,408.665,19.618,0,0
6/28/2025 20:07:54,21.483,408.098,19.616,0,0
6/28/2025 20:08:04,21.486,408.199,19.614,0,0
6/28/2025 20:08:15,21.489,410.499,19.61,0,0
6/28/2025 20:08:25,21.492,410.923,19.608,0,0
6/28/2025 20:08:35,21.495,411.293,19.607,0,0
6/28/2025 20:08:45,21.497,411.557,19.606,0,0
6/28/2025 20:08:55,21.5,411.404,19.606,0,0
6/28/2025 20:09:06,21.503,411.411,19.607,0,0
6/28/2025 20:09:16,21.506,411.447,19.609,0,0
6/28/2025 20:09:26,21.509,411.56,19.614,0,0
6/28/2025 20:09:36,21.512,411.281,19.621,0,0
6/28/2025 20:09:46,21.514,411.004,19.628,0,0
6/28/2025 20:09:57,21.518,410.289,19.632,0,0
6/28/2025 20:10:07,21.52,409.962,19.635,0,0
6/28/2025 20:10:17,21.523,410.193,19.636,0,0
6/28/2025 20:10:27,21.526,410.427,19.635,0,0
6/28/2025 20:10:37,21.529,410.264,19.635,0,0
6/28/2025 20:10:48,21.532,410.184,19.635,0,0
6/28/2025 20:10:58,21.534,410.127,19.634,0,0
6/28/2025 20:11:08,21.537,410.186,19.634,0,0
6/28/2025 20:11:18,21.54,410.025,19.634,0,0
6/28/2025 20:11:28,21.543,409.332,19.633,0,0
6/28/2025 20:11:39,21.546,409.167,19.633,0,0
6/28/2025 20:11:49,21.549,408.672,19.633,0,0
6/28/2025 20:11:59,21.551,408.652,19.634,0,0
6/28/2025 20:12:09,21.554,408.175,19.635,0,0
6/28/2025 20:12:19,21.557,407.125,19.638,0,0
6/28/2025 20:12:30,21.56,407.103,19.641,0,0
6/28/2025 20:12:40,21.563,406.836,19.643,0,0
6/28/2025 20:12:50,21.566,406.511,19.644,0,0
6/28/2025 20:13:00,21.568,407.684,19.644,0,0
6/28/2025 20:13:10,21.571,408.47,19.644,0,0
6/28/2025 20:13:21,21.574,408.833,19.643,0,0
6/28/2025 20:13:31,21.577,410.179,19.641,0,0
6/28/2025 20:13:41,21.58,410.254,19.637,0,0
6/28/2025 20:13:51,21.583,410.202,19.635,0,0
6/28/2025 20:14:01,21.585,410.988,19.632,0,0
6/28/2025 20:14:12,21.588,411.288,19.631,0,0
6/28/2025 20:14:22,21.591,410.887,19.631,0,0
6/28/2025 20:14:32,21.594,410.922,19.631,0,0
6/28/2025 20:14:42,21.597,411.756,19.631,0,0
6/28/2025 20:14:52,21.599,412.3,19.632,0,0
6/28/2025 20:15:03,21.603,413.045,19.633,0,0
6/28/2025 20:15:13,21.605,413.096,19.635,0,0
6/28/2025 20:15:23,21.608,413.594,19.636,0,0
6/28/2025 20:15:33,21.611,414.236,19.637,0,0
6/28/2025 20:15:44,21.614,414.508,19.638,0,0
6/28/2025 20:15:54,21.617,414.184,19.638,0,0
6/28/2025 20:16:04,21.619,412.882,19.638,0,0
6/28/2025 20:16:14,21.622,411.837,19.637,0,0
6/28/2025 20:16:24,21.625,410.746,19.637,0,0
6/28/2025 20:16:35,21.628,408.614,19.636,0,0
6/28/2025 20:16:45,21.631,408.274,19.636,0,0
6/28/2025 20:16:55,21.634,408.766,19.637,0,0
6/28/2025 20:17:05,21.636,410.788,19.638,0,0
6/28/2025 20:17:15,21.639,411.434,19.641,0,0
6/28/2025 20:17:26,21.642,411.21,19.644,0,0
6/28/2025 20:17:36,21.645,411.25,19.647,0,0
6/28/2025 20:17:46,21.648,411.294,19.651,0,0
6/28/2025 20:17:56,21.651,411.81,19.653,0,0
6/28/2025 20:18:06,21.653,412.015,19.656,0,0
6/28/2025 20:18:17,21.656,412.377,19.658,0,0
6/28/2025 20:18:27,21.659,412.473,19.659,0,0
6/28/2025 20:18:37,21.662,412.539,19.659,0,0
6/28/2025 20:18:47,21.665,412.989,19.659,0,0
6/28/2025 20:18:57,21.668,413.183,19.658,0,0
6/28/2025 20:19:08,21.671,413.128,19.658,0,0
6/28/2025 20:19:18,21.673,412.692,19.657,0,0
6/28/2025 20:19:28,21.676,412.699,19.655,0,0
6/28/2025 20:19:38,21.679,412.992,19.653,0,0
6/28/2025 20:19:48,21.682,413.536,19.653,0,0
6/28/2025 20:19:59,21.685,413.931,19.652,0,0
6/28/2025 20:20:09,21.688,413.304,19.653,0,0
6/28/2025 20:20:19,21.69,413.273,19.653,0,0
6/28/2025 20:20:29,21.693,414.092,19.654,0,0
6/28/2025 20:20:39,21.696,414.25,19.656,0,0
6/28/2025 20:20:50,21.699,413.872,19.66,0,0
