"Time","HICKS_CYN","",""
"and","11.50","",""
"Date","Rainfall (in.) ALERT transmitted","",""
"Date and time","Total","Quality","Comments"
00:00:00 10/01/2024,        0.00,      1,Sites:
01:00:00 10/01/2024,        0.00,      1,HICKS_CYN - Hicks Canyon Lat:33.74587983 Long:-117.70403 Elev:1083ft
02:00:00 10/01/2024,        0.00,      1, 
03:00:00 10/01/2024,        0.00,      1,Variables:
04:00:00 10/01/2024,        0.00,      1,11 - Rainfall (Inches)
05:00:00 10/01/2024,        0.00,      1, 
06:00:00 10/01/2024,        0.00,      1,Qualities:
07:00:00 10/01/2024,        0.00,      1,1 - Good continuous records
08:00:00 10/01/2024,        0.00,      1,255 - No data exists
09:00:00 10/01/2024,        0.00,      1, 
10:00:00 10/01/2024,        0.00,      1, 
11:00:00 10/01/2024,        0.00,      1, 
12:00:00 10/01/2024,        0.00,      1, 
13:00:00 10/01/2024,        0.00,      1, 
14:00:00 10/01/2024,        0.00,      1, 
15:00:00 10/01/2024,        0.00,      1, 
16:00:00 10/01/2024,        0.00,      1, 
17:00:00 10/01/2024,        0.00,      1, 
18:00:00 10/01/2024,        0.00,      1, 
19:00:00 10/01/2024,        0.00,      1, 
20:00:00 10/01/2024,        0.00,      1, 
21:00:00 10/01/2024,        0.00,      1, 
22:00:00 10/01/2024,        0.00,      1, 
23:00:00 10/01/2024,        0.00,      1, 
00:00:00 10/02/2024,        0.00,      1, 
01:00:00 10/02/2024,        0.00,      1, 
02:00:00 10/02/2024,        0.00,      1, 
03:00:00 10/02/2024,        0.00,      1, 
04:00:00 10/02/2024,        0.00,      1, 
05:00:00 10/02/2024,        0.00,      1, 
06:00:00 10/02/2024,        0.00,      1, 
07:00:00 10/02/2024,        0.00,      1, 
08:00:00 10/02/2024,        0.00,      1, 
09:00:00 10/02/2024,        0.00,      1, 
10:00:00 10/02/2024,        0.00,      1, 
11:00:00 10/02/2024,        0.00,      1, 
12:00:00 10/02/2024,        0.00,      1, 
13:00:00 10/02/2024,        0.00,      1, 
14:00:00 10/02/2024,        0.00,      1, 
15:00:00 10/02/2024,        0.00,      1, 
16:00:00 10/02/2024,        0.00,      1, 
17:00:00 10/02/2024,        0.00,      1, 
18:00:00 10/02/2024,        0.00,      1, 
19:00:00 10/02/2024,        0.00,      1, 
20:00:00 10/02/2024,        0.00,      1, 
21:00:00 10/02/2024,        0.00,      1, 
22:00:00 10/02/2024,        0.00,      1, 
23:00:00 10/02/2024,        0.00,      1, 
00:00:00 10/03/2024,        0.00,      1, 
01:00:00 10/03/2024,        0.00,      1, 
02:00:00 10/03/2024,        0.00,      1, 
03:00:00 10/03/2024,        0.00,      1, 
04:00:00 10/03/2024,        0.00,      1, 
05:00:00 10/03/2024,        0.00,      1, 
06:00:00 10/03/2024,        0.00,      1, 
07:00:00 10/03/2024,        0.00,      1, 
08:00:00 10/03/2024,        0.00,      1, 
09:00:00 10/03/2024,        0.00,      1, 
10:00:00 10/03/2024,        0.00,      1, 
11:00:00 10/03/2024,        0.00,      1, 
12:00:00 10/03/2024,        0.00,      1, 
13:00:00 10/03/2024,        0.00,      1, 
14:00:00 10/03/2024,        0.00,      1, 
15:00:00 10/03/2024,        0.00,      1, 
16:00:00 10/03/2024,        0.00,      1, 
17:00:00 10/03/2024,        0.00,      1, 
18:00:00 10/03/2024,        0.00,      1, 
19:00:00 10/03/2024,        0.00,      1, 
20:00:00 10/03/2024,        0.00,      1, 
21:00:00 10/03/2024,        0.00,      1, 
22:00:00 10/03/2024,        0.00,      1, 
23:00:00 10/03/2024,        0.00,      1, 
00:00:00 10/04/2024,        0.00,      1, 
01:00:00 10/04/2024,        0.00,      1, 
02:00:00 10/04/2024,        0.00,      1, 
03:00:00 10/04/2024,        0.00,      1, 
04:00:00 10/04/2024,        0.00,      1, 
05:00:00 10/04/2024,        0.00,      1, 
06:00:00 10/04/2024,        0.00,      1, 
07:00:00 10/04/2024,        0.00,      1, 
08:00:00 10/04/2024,        0.00,      1, 
09:00:00 10/04/2024,        0.00,      1, 
10:00:00 10/04/2024,        0.00,      1, 
11:00:00 10/04/2024,        0.00,      1, 
12:00:00 10/04/2024,        0.00,      1, 
13:00:00 10/04/2024,        0.00,      1, 
14:00:00 10/04/2024,        0.00,      1, 
15:00:00 10/04/2024,        0.00,      1, 
16:00:00 10/04/2024,        0.00,      1, 
17:00:00 10/04/2024,        0.00,      1, 
18:00:00 10/04/2024,        0.00,      1, 
19:00:00 10/04/2024,        0.00,      1, 
20:00:00 10/04/2024,        0.00,      1, 
21:00:00 10/04/2024,        0.00,      1, 
22:00:00 10/04/2024,        0.00,      1, 
23:00:00 10/04/2024,        0.00,      1, 
00:00:00 10/05/2024,        0.00,      1, 
01:00:00 10/05/2024,        0.00,      1, 
02:00:00 10/05/2024,        0.00,      1, 
03:00:00 10/05/2024,        0.00,      1, 
04:00:00 10/05/2024,        0.00,      1, 
05:00:00 10/05/2024,        0.00,      1, 
06:00:00 10/05/2024,        0.00,      1, 
07:00:00 10/05/2024,        0.00,      1, 
08:00:00 10/05/2024,        0.00,      1, 
09:00:00 10/05/2024,        0.00,      1, 
10:00:00 10/05/2024,        0.00,      1, 
11:00:00 10/05/2024,        0.00,      1, 
12:00:00 10/05/2024,        0.00,      1, 
13:00:00 10/05/2024,        0.00,      1, 
14:00:00 10/05/2024,        0.00,      1, 
15:00:00 10/05/2024,        0.00,      1, 
16:00:00 10/05/2024,        0.00,      1, 
17:00:00 10/05/2024,        0.00,      1, 
18:00:00 10/05/2024,        0.00,      1, 
19:00:00 10/05/2024,        0.00,      1, 
20:00:00 10/05/2024,        0.00,      1, 
21:00:00 10/05/2024,        0.00,      1, 
22:00:00 10/05/2024,        0.00,      1, 
23:00:00 10/05/2024,        0.00,      1, 
00:00:00 10/06/2024,        0.00,      1, 
01:00:00 10/06/2024,        0.00,      1, 
02:00:00 10/06/2024,        0.00,      1, 
03:00:00 10/06/2024,        0.00,      1, 
04:00:00 10/06/2024,        0.00,      1, 
05:00:00 10/06/2024,        0.00,      1, 
06:00:00 10/06/2024,        0.00,      1, 
07:00:00 10/06/2024,        0.00,      1, 
08:00:00 10/06/2024,        0.00,      1, 
09:00:00 10/06/2024,        0.00,      1, 
10:00:00 10/06/2024,        0.00,      1, 
11:00:00 10/06/2024,        0.00,      1, 
12:00:00 10/06/2024,        0.00,      1, 
13:00:00 10/06/2024,        0.00,      1, 
14:00:00 10/06/2024,        0.00,      1, 
15:00:00 10/06/2024,        0.00,      1, 
16:00:00 10/06/2024,        0.00,      1, 
17:00:00 10/06/2024,        0.00,      1, 
18:00:00 10/06/2024,        0.00,      1, 
19:00:00 10/06/2024,        0.00,      1, 
20:00:00 10/06/2024,        0.00,      1, 
21:00:00 10/06/2024,        0.00,      1, 
22:00:00 10/06/2024,        0.00,      1, 
23:00:00 10/06/2024,        0.00,      1, 
00:00:00 10/07/2024,        0.00,      1, 
01:00:00 10/07/2024,        0.00,      1, 
02:00:00 10/07/2024,        0.00,      1, 
03:00:00 10/07/2024,        0.00,      1, 
04:00:00 10/07/2024,        0.00,      1, 
05:00:00 10/07/2024,        0.00,      1, 
06:00:00 10/07/2024,        0.00,      1, 
07:00:00 10/07/2024,        0.00,      1, 
08:00:00 10/07/2024,        0.00,      1, 
09:00:00 10/07/2024,        0.00,      1, 
10:00:00 10/07/2024,        0.00,      1, 
11:00:00 10/07/2024,        0.00,      1, 
12:00:00 10/07/2024,        0.00,      1, 
13:00:00 10/07/2024,        0.00,      1, 
14:00:00 10/07/2024,        0.00,      1, 
15:00:00 10/07/2024,        0.00,      1, 
16:00:00 10/07/2024,        0.00,      1, 
17:00:00 10/07/2024,        0.00,      1, 
18:00:00 10/07/2024,        0.00,      1, 
19:00:00 10/07/2024,        0.00,      1, 
20:00:00 10/07/2024,        0.00,      1, 
21:00:00 10/07/2024,        0.00,      1, 
22:00:00 10/07/2024,        0.00,      1, 
23:00:00 10/07/2024,        0.00,      1, 
00:00:00 10/08/2024,        0.00,      1, 
01:00:00 10/08/2024,        0.00,      1, 
02:00:00 10/08/2024,        0.00,      1, 
03:00:00 10/08/2024,        0.00,      1, 
04:00:00 10/08/2024,        0.00,      1, 
05:00:00 10/08/2024,        0.00,      1, 
06:00:00 10/08/2024,        0.00,      1, 
07:00:00 10/08/2024,        0.00,      1, 
08:00:00 10/08/2024,        0.00,      1, 
09:00:00 10/08/2024,        0.00,      1, 
10:00:00 10/08/2024,        0.00,      1, 
11:00:00 10/08/2024,        0.00,      1, 
12:00:00 10/08/2024,        0.00,      1, 
13:00:00 10/08/2024,        0.00,      1, 
14:00:00 10/08/2024,        0.00,      1, 
15:00:00 10/08/2024,        0.00,      1, 
16:00:00 10/08/2024,        0.00,      1, 
17:00:00 10/08/2024,        0.00,      1, 
18:00:00 10/08/2024,        0.00,      1, 
19:00:00 10/08/2024,        0.00,      1, 
20:00:00 10/08/2024,        0.00,      1, 
21:00:00 10/08/2024,        0.00,      1, 
22:00:00 10/08/2024,        0.00,      1, 
23:00:00 10/08/2024,        0.00,      1, 
00:00:00 10/09/2024,        0.00,      1, 
01:00:00 10/09/2024,        0.00,      1, 
02:00:00 10/09/2024,        0.00,      1, 
03:00:00 10/09/2024,        0.00,      1, 
04:00:00 10/09/2024,        0.00,      1, 
05:00:00 10/09/2024,        0.00,      1, 
06:00:00 10/09/2024,        0.00,      1, 
07:00:00 10/09/2024,        0.00,      1, 
08:00:00 10/09/2024,        0.00,      1, 
09:00:00 10/09/2024,        0.00,      1, 
10:00:00 10/09/2024,        0.00,      1, 
11:00:00 10/09/2024,        0.00,      1, 
12:00:00 10/09/2024,        0.00,      1, 
13:00:00 10/09/2024,        0.00,      1, 
14:00:00 10/09/2024,        0.00,      1, 
15:00:00 10/09/2024,        0.00,      1, 
16:00:00 10/09/2024,        0.00,      1, 
17:00:00 10/09/2024,        0.00,      1, 
18:00:00 10/09/2024,        0.00,      1, 
19:00:00 10/09/2024,        0.00,      1, 
20:00:00 10/09/2024,        0.00,      1, 
21:00:00 10/09/2024,        0.00,      1, 
22:00:00 10/09/2024,        0.00,      1, 
23:00:00 10/09/2024,        0.00,      1, 
00:00:00 10/10/2024,        0.00,      1, 
01:00:00 10/10/2024,        0.00,      1, 
02:00:00 10/10/2024,        0.00,      1, 
03:00:00 10/10/2024,        0.00,      1, 
04:00:00 10/10/2024,        0.00,      1, 
05:00:00 10/10/2024,        0.00,      1, 
06:00:00 10/10/2024,        0.00,      1, 
07:00:00 10/10/2024,        0.00,      1, 
08:00:00 10/10/2024,        0.00,      1, 
09:00:00 10/10/2024,        0.00,      1, 
10:00:00 10/10/2024,        0.00,      1, 
11:00:00 10/10/2024,        0.00,      1, 
12:00:00 10/10/2024,        0.00,      1, 
13:00:00 10/10/2024,        0.00,      1, 
14:00:00 10/10/2024,        0.00,      1, 
15:00:00 10/10/2024,        0.00,      1, 
16:00:00 10/10/2024,        0.00,      1, 
17:00:00 10/10/2024,        0.00,      1, 
18:00:00 10/10/2024,        0.00,      1, 
19:00:00 10/10/2024,        0.00,      1, 
20:00:00 10/10/2024,        0.00,      1, 
21:00:00 10/10/2024,        0.00,      1, 
22:00:00 10/10/2024,        0.00,      1, 
23:00:00 10/10/2024,        0.00,      1, 
00:00:00 10/11/2024,        0.00,      1, 
01:00:00 10/11/2024,        0.00,      1, 
02:00:00 10/11/2024,        0.00,      1, 
03:00:00 10/11/2024,        0.00,      1, 
04:00:00 10/11/2024,        0.00,      1, 
05:00:00 10/11/2024,        0.00,      1, 
06:00:00 10/11/2024,        0.00,      1, 
07:00:00 10/11/2024,        0.00,      1, 
08:00:00 10/11/2024,        0.00,      1, 
09:00:00 10/11/2024,        0.00,      1, 
10:00:00 10/11/2024,        0.00,      1, 
11:00:00 10/11/2024,        0.00,      1, 
12:00:00 10/11/2024,        0.00,      1, 
13:00:00 10/11/2024,        0.00,      1, 
14:00:00 10/11/2024,        0.00,      1, 
15:00:00 10/11/2024,        0.00,      1, 
16:00:00 10/11/2024,        0.00,      1, 
17:00:00 10/11/2024,        0.00,      1, 
18:00:00 10/11/2024,        0.00,      1, 
19:00:00 10/11/2024,        0.00,      1, 
20:00:00 10/11/2024,        0.00,      1, 
21:00:00 10/11/2024,        0.00,      1, 
22:00:00 10/11/2024,        0.00,      1, 
23:00:00 10/11/2024,        0.00,      1, 
00:00:00 10/12/2024,        0.00,      1, 
01:00:00 10/12/2024,        0.00,      1, 
02:00:00 10/12/2024,        0.00,      1, 
03:00:00 10/12/2024,        0.00,      1, 
04:00:00 10/12/2024,        0.00,      1, 
05:00:00 10/12/2024,        0.00,      1, 
06:00:00 10/12/2024,        0.00,      1, 
07:00:00 10/12/2024,        0.00,      1, 
08:00:00 10/12/2024,        0.00,      1, 
09:00:00 10/12/2024,        0.00,      1, 
10:00:00 10/12/2024,        0.00,      1, 
11:00:00 10/12/2024,        0.00,      1, 
12:00:00 10/12/2024,        0.00,      1, 
13:00:00 10/12/2024,        0.00,      1, 
14:00:00 10/12/2024,        0.00,      1, 
15:00:00 10/12/2024,        0.00,      1, 
16:00:00 10/12/2024,        0.00,      1, 
17:00:00 10/12/2024,        0.00,      1, 
18:00:00 10/12/2024,        0.00,      1, 
19:00:00 10/12/2024,        0.00,      1, 
20:00:00 10/12/2024,        0.00,      1, 
21:00:00 10/12/2024,        0.00,      1, 
22:00:00 10/12/2024,        0.00,      1, 
23:00:00 10/12/2024,        0.00,      1, 
00:00:00 10/13/2024,        0.00,      1, 
01:00:00 10/13/2024,        0.00,      1, 
02:00:00 10/13/2024,        0.00,      1, 
03:00:00 10/13/2024,        0.00,      1, 
04:00:00 10/13/2024,        0.00,      1, 
05:00:00 10/13/2024,        0.00,      1, 
06:00:00 10/13/2024,        0.00,      1, 
07:00:00 10/13/2024,        0.00,      1, 
08:00:00 10/13/2024,        0.00,      1, 
09:00:00 10/13/2024,        0.00,      1, 
10:00:00 10/13/2024,        0.00,      1, 
11:00:00 10/13/2024,        0.00,      1, 
12:00:00 10/13/2024,        0.00,      1, 
13:00:00 10/13/2024,        0.00,      1, 
14:00:00 10/13/2024,        0.00,      1, 
15:00:00 10/13/2024,        0.00,      1, 
16:00:00 10/13/2024,        0.00,      1, 
17:00:00 10/13/2024,        0.00,      1, 
18:00:00 10/13/2024,        0.00,      1, 
19:00:00 10/13/2024,        0.00,      1, 
20:00:00 10/13/2024,        0.00,      1, 
21:00:00 10/13/2024,        0.00,      1, 
22:00:00 10/13/2024,        0.00,      1, 
23:00:00 10/13/2024,        0.00,      1, 
00:00:00 10/14/2024,        0.00,      1, 
01:00:00 10/14/2024,        0.00,      1, 
02:00:00 10/14/2024,        0.00,      1, 
03:00:00 10/14/2024,        0.00,      1, 
04:00:00 10/14/2024,        0.00,      1, 
05:00:00 10/14/2024,        0.00,      1, 
06:00:00 10/14/2024,        0.00,      1, 
07:00:00 10/14/2024,        0.00,      1, 
08:00:00 10/14/2024,        0.00,      1, 
09:00:00 10/14/2024,        0.00,      1, 
10:00:00 10/14/2024,        0.00,      1, 
11:00:00 10/14/2024,        0.00,      1, 
12:00:00 10/14/2024,        0.00,      1, 
13:00:00 10/14/2024,        0.00,      1, 
14:00:00 10/14/2024,        0.00,      1, 
15:00:00 10/14/2024,        0.00,      1, 
16:00:00 10/14/2024,        0.00,      1, 
17:00:00 10/14/2024,        0.00,      1, 
18:00:00 10/14/2024,        0.00,      1, 
19:00:00 10/14/2024,        0.00,      1, 
20:00:00 10/14/2024,        0.00,      1, 
21:00:00 10/14/2024,        0.00,      1, 
22:00:00 10/14/2024,        0.00,      1, 
23:00:00 10/14/2024,        0.00,      1, 
00:00:00 10/15/2024,        0.00,      1, 
01:00:00 10/15/2024,        0.00,      1, 
02:00:00 10/15/2024,        0.00,      1, 
03:00:00 10/15/2024,        0.00,      1, 
04:00:00 10/15/2024,        0.00,      1, 
05:00:00 10/15/2024,        0.00,      1, 
06:00:00 10/15/2024,        0.00,      1, 
07:00:00 10/15/2024,        0.00,      1, 
08:00:00 10/15/2024,        0.00,      1, 
09:00:00 10/15/2024,        0.00,      1, 
10:00:00 10/15/2024,        0.00,      1, 
11:00:00 10/15/2024,        0.00,      1, 
12:00:00 10/15/2024,        0.00,      1, 
13:00:00 10/15/2024,        0.00,      1, 
14:00:00 10/15/2024,        0.00,      1, 
15:00:00 10/15/2024,        0.00,      1, 
16:00:00 10/15/2024,        0.00,      1, 
17:00:00 10/15/2024,        0.00,      1, 
18:00:00 10/15/2024,        0.00,      1, 
19:00:00 10/15/2024,        0.00,      1, 
20:00:00 10/15/2024,        0.00,      1, 
21:00:00 10/15/2024,        0.00,      1, 
22:00:00 10/15/2024,        0.00,      1, 
23:00:00 10/15/2024,        0.00,      1, 
00:00:00 10/16/2024,        0.00,      1, 
01:00:00 10/16/2024,        0.00,      1, 
02:00:00 10/16/2024,        0.00,      1, 
03:00:00 10/16/2024,        0.00,      1, 
04:00:00 10/16/2024,        0.00,      1, 
05:00:00 10/16/2024,        0.00,      1, 
06:00:00 10/16/2024,        0.00,      1, 
07:00:00 10/16/2024,        0.00,      1, 
08:00:00 10/16/2024,        0.00,      1, 
09:00:00 10/16/2024,        0.00,      1, 
10:00:00 10/16/2024,        0.00,      1, 
11:00:00 10/16/2024,        0.00,      1, 
12:00:00 10/16/2024,        0.00,      1, 
13:00:00 10/16/2024,        0.00,      1, 
14:00:00 10/16/2024,        0.00,      1, 
15:00:00 10/16/2024,        0.00,      1, 
16:00:00 10/16/2024,        0.00,      1, 
17:00:00 10/16/2024,        0.00,      1, 
18:00:00 10/16/2024,        0.00,      1, 
19:00:00 10/16/2024,        0.00,      1, 
20:00:00 10/16/2024,        0.00,      1, 
21:00:00 10/16/2024,        0.00,      1, 
22:00:00 10/16/2024,        0.00,      1, 
23:00:00 10/16/2024,        0.00,      1, 
00:00:00 10/17/2024,        0.00,      1, 
01:00:00 10/17/2024,        0.00,      1, 
02:00:00 10/17/2024,        0.00,      1, 
03:00:00 10/17/2024,        0.00,      1, 
04:00:00 10/17/2024,        0.00,      1, 
05:00:00 10/17/2024,        0.00,      1, 
06:00:00 10/17/2024,        0.00,      1, 
07:00:00 10/17/2024,        0.00,      1, 
08:00:00 10/17/2024,        0.00,      1, 
09:00:00 10/17/2024,        0.00,      1, 
10:00:00 10/17/2024,        0.00,      1, 
11:00:00 10/17/2024,        0.00,      1, 
12:00:00 10/17/2024,        0.00,      1, 
13:00:00 10/17/2024,        0.00,      1, 
14:00:00 10/17/2024,        0.00,      1, 
15:00:00 10/17/2024,        0.00,      1, 
16:00:00 10/17/2024,        0.00,      1, 
17:00:00 10/17/2024,        0.00,      1, 
18:00:00 10/17/2024,        0.00,      1, 
19:00:00 10/17/2024,        0.00,      1, 
20:00:00 10/17/2024,        0.00,      1, 
21:00:00 10/17/2024,        0.00,      1, 
22:00:00 10/17/2024,        0.00,      1, 
23:00:00 10/17/2024,        0.00,      1, 
00:00:00 10/18/2024,        0.00,      1, 
01:00:00 10/18/2024,        0.00,      1, 
02:00:00 10/18/2024,        0.00,      1, 
03:00:00 10/18/2024,        0.00,      1, 
04:00:00 10/18/2024,        0.00,      1, 
05:00:00 10/18/2024,        0.00,      1, 
06:00:00 10/18/2024,        0.00,      1, 
07:00:00 10/18/2024,        0.00,      1, 
08:00:00 10/18/2024,        0.00,      1, 
09:00:00 10/18/2024,        0.00,      1, 
10:00:00 10/18/2024,        0.00,      1, 
11:00:00 10/18/2024,        0.00,      1, 
12:00:00 10/18/2024,        0.00,      1, 
13:00:00 10/18/2024,        0.00,      1, 
14:00:00 10/18/2024,        0.00,      1, 
15:00:00 10/18/2024,        0.00,      1, 
16:00:00 10/18/2024,        0.00,      1, 
17:00:00 10/18/2024,        0.00,      1, 
18:00:00 10/18/2024,        0.00,      1, 
19:00:00 10/18/2024,        0.00,      1, 
20:00:00 10/18/2024,        0.00,      1, 
21:00:00 10/18/2024,        0.00,      1, 
22:00:00 10/18/2024,        0.00,      1, 
23:00:00 10/18/2024,        0.00,      1, 
00:00:00 10/19/2024,        0.00,      1, 
01:00:00 10/19/2024,        0.00,      1, 
02:00:00 10/19/2024,        0.00,      1, 
03:00:00 10/19/2024,        0.00,      1, 
04:00:00 10/19/2024,        0.00,      1, 
05:00:00 10/19/2024,        0.00,      1, 
06:00:00 10/19/2024,        0.00,      1, 
07:00:00 10/19/2024,        0.00,      1, 
08:00:00 10/19/2024,        0.00,      1, 
09:00:00 10/19/2024,        0.00,      1, 
10:00:00 10/19/2024,        0.00,      1, 
11:00:00 10/19/2024,        0.00,      1, 
12:00:00 10/19/2024,        0.00,      1, 
13:00:00 10/19/2024,        0.00,      1, 
14:00:00 10/19/2024,        0.00,      1, 
15:00:00 10/19/2024,        0.00,      1, 
16:00:00 10/19/2024,        0.00,      1, 
17:00:00 10/19/2024,        0.00,      1, 
18:00:00 10/19/2024,        0.00,      1, 
19:00:00 10/19/2024,        0.00,      1, 
20:00:00 10/19/2024,        0.00,      1, 
21:00:00 10/19/2024,        0.00,      1, 
22:00:00 10/19/2024,        0.00,      1, 
23:00:00 10/19/2024,        0.00,      1, 
00:00:00 10/20/2024,        0.00,      1, 
01:00:00 10/20/2024,        0.00,      1, 
02:00:00 10/20/2024,        0.00,      1, 
03:00:00 10/20/2024,        0.00,      1, 
04:00:00 10/20/2024,        0.00,      1, 
05:00:00 10/20/2024,        0.00,      1, 
06:00:00 10/20/2024,        0.00,      1, 
07:00:00 10/20/2024,        0.00,      1, 
08:00:00 10/20/2024,        0.00,      1, 
09:00:00 10/20/2024,        0.00,      1, 
10:00:00 10/20/2024,        0.00,      1, 
11:00:00 10/20/2024,        0.00,      1, 
12:00:00 10/20/2024,        0.00,      1, 
13:00:00 10/20/2024,        0.00,      1, 
14:00:00 10/20/2024,        0.00,      1, 
15:00:00 10/20/2024,        0.00,      1, 
16:00:00 10/20/2024,        0.00,      1, 
17:00:00 10/20/2024,        0.00,      1, 
18:00:00 10/20/2024,        0.00,      1, 
19:00:00 10/20/2024,        0.00,      1, 
20:00:00 10/20/2024,        0.00,      1, 
21:00:00 10/20/2024,        0.00,      1, 
22:00:00 10/20/2024,        0.00,      1, 
23:00:00 10/20/2024,        0.00,      1, 
00:00:00 10/21/2024,        0.00,      1, 
01:00:00 10/21/2024,        0.00,      1, 
02:00:00 10/21/2024,        0.00,      1, 
03:00:00 10/21/2024,        0.00,      1, 
04:00:00 10/21/2024,        0.00,      1, 
05:00:00 10/21/2024,        0.00,      1, 
06:00:00 10/21/2024,        0.00,      1, 
07:00:00 10/21/2024,        0.00,      1, 
08:00:00 10/21/2024,        0.00,      1, 
09:00:00 10/21/2024,        0.00,      1, 
10:00:00 10/21/2024,        0.00,      1, 
11:00:00 10/21/2024,        0.00,      1, 
12:00:00 10/21/2024,        0.00,      1, 
13:00:00 10/21/2024,        0.00,      1, 
14:00:00 10/21/2024,        0.00,      1, 
15:00:00 10/21/2024,        0.00,      1, 
16:00:00 10/21/2024,        0.00,      1, 
17:00:00 10/21/2024,        0.00,      1, 
18:00:00 10/21/2024,        0.00,      1, 
19:00:00 10/21/2024,        0.00,      1, 
20:00:00 10/21/2024,        0.00,      1, 
21:00:00 10/21/2024,        0.00,      1, 
22:00:00 10/21/2024,        0.00,      1, 
23:00:00 10/21/2024,        0.00,      1, 
00:00:00 10/22/2024,        0.00,      1, 
01:00:00 10/22/2024,        0.00,      1, 
02:00:00 10/22/2024,        0.00,      1, 
03:00:00 10/22/2024,        0.00,      1, 
04:00:00 10/22/2024,        0.00,      1, 
05:00:00 10/22/2024,        0.00,      1, 
06:00:00 10/22/2024,        0.00,      1, 
07:00:00 10/22/2024,        0.00,      1, 
08:00:00 10/22/2024,        0.00,      1, 
09:00:00 10/22/2024,        0.00,      1, 
10:00:00 10/22/2024,        0.00,      1, 
11:00:00 10/22/2024,        0.00,      1, 
12:00:00 10/22/2024,        0.00,      1, 
13:00:00 10/22/2024,        0.00,      1, 
14:00:00 10/22/2024,        0.00,      1, 
15:00:00 10/22/2024,        0.00,      1, 
16:00:00 10/22/2024,        0.00,      1, 
17:00:00 10/22/2024,        0.00,      1, 
18:00:00 10/22/2024,        0.00,      1, 
19:00:00 10/22/2024,        0.00,      1, 
20:00:00 10/22/2024,        0.00,      1, 
21:00:00 10/22/2024,        0.00,      1, 
22:00:00 10/22/2024,        0.00,      1, 
23:00:00 10/22/2024,        0.00,      1, 
00:00:00 10/23/2024,        0.00,      1, 
01:00:00 10/23/2024,        0.00,      1, 
02:00:00 10/23/2024,        0.00,      1, 
03:00:00 10/23/2024,        0.00,      1, 
04:00:00 10/23/2024,        0.00,      1, 
05:00:00 10/23/2024,        0.00,      1, 
06:00:00 10/23/2024,        0.00,      1, 
07:00:00 10/23/2024,        0.00,      1, 
08:00:00 10/23/2024,        0.00,      1, 
09:00:00 10/23/2024,        0.00,      1, 
10:00:00 10/23/2024,        0.00,      1, 
11:00:00 10/23/2024,        0.00,      1, 
12:00:00 10/23/2024,        0.00,      1, 
13:00:00 10/23/2024,        0.00,      1, 
14:00:00 10/23/2024,        0.00,      1, 
15:00:00 10/23/2024,        0.00,      1, 
16:00:00 10/23/2024,        0.00,      1, 
17:00:00 10/23/2024,        0.00,      1, 
18:00:00 10/23/2024,        0.00,      1, 
19:00:00 10/23/2024,        0.00,      1, 
20:00:00 10/23/2024,        0.00,      1, 
21:00:00 10/23/2024,        0.00,      1, 
22:00:00 10/23/2024,        0.00,      1, 
23:00:00 10/23/2024,        0.00,      1, 
00:00:00 10/24/2024,        0.00,      1, 
01:00:00 10/24/2024,        0.00,      1, 
02:00:00 10/24/2024,        0.00,      1, 
03:00:00 10/24/2024,        0.00,      1, 
04:00:00 10/24/2024,        0.00,      1, 
05:00:00 10/24/2024,        0.00,      1, 
06:00:00 10/24/2024,        0.00,      1, 
07:00:00 10/24/2024,        0.00,      1, 
08:00:00 10/24/2024,        0.00,      1, 
09:00:00 10/24/2024,        0.00,      1, 
10:00:00 10/24/2024,        0.00,      1, 
11:00:00 10/24/2024,        0.00,      1, 
12:00:00 10/24/2024,        0.00,      1, 
13:00:00 10/24/2024,        0.00,      1, 
14:00:00 10/24/2024,        0.00,      1, 
15:00:00 10/24/2024,        0.00,      1, 
16:00:00 10/24/2024,        0.00,      1, 
17:00:00 10/24/2024,        0.00,      1, 
18:00:00 10/24/2024,        0.00,      1, 
19:00:00 10/24/2024,        0.00,      1, 
20:00:00 10/24/2024,        0.00,      1, 
21:00:00 10/24/2024,        0.00,      1, 
22:00:00 10/24/2024,        0.00,      1, 
23:00:00 10/24/2024,        0.00,      1, 
00:00:00 10/25/2024,        0.00,      1, 
01:00:00 10/25/2024,        0.00,      1, 
02:00:00 10/25/2024,        0.00,      1, 
03:00:00 10/25/2024,        0.00,      1, 
04:00:00 10/25/2024,        0.00,      1, 
05:00:00 10/25/2024,        0.00,      1, 
06:00:00 10/25/2024,        0.00,      1, 
07:00:00 10/25/2024,        0.00,      1, 
08:00:00 10/25/2024,        0.00,      1, 
09:00:00 10/25/2024,        0.00,      1, 
10:00:00 10/25/2024,        0.00,      1, 
11:00:00 10/25/2024,        0.00,      1, 
12:00:00 10/25/2024,        0.00,      1, 
13:00:00 10/25/2024,        0.00,      1, 
14:00:00 10/25/2024,        0.00,      1, 
15:00:00 10/25/2024,        0.00,      1, 
16:00:00 10/25/2024,        0.00,      1, 
17:00:00 10/25/2024,        0.00,      1, 
18:00:00 10/25/2024,        0.00,      1, 
19:00:00 10/25/2024,        0.00,      1, 
20:00:00 10/25/2024,        0.00,      1, 
21:00:00 10/25/2024,        0.00,      1, 
22:00:00 10/25/2024,        0.00,      1, 
23:00:00 10/25/2024,        0.00,      1, 
00:00:00 10/26/2024,        0.00,      1, 
01:00:00 10/26/2024,        0.00,      1, 
02:00:00 10/26/2024,        0.00,      1, 
03:00:00 10/26/2024,        0.00,      1, 
04:00:00 10/26/2024,        0.00,      1, 
05:00:00 10/26/2024,        0.00,      1, 
06:00:00 10/26/2024,        0.00,      1, 
07:00:00 10/26/2024,        0.00,      1, 
08:00:00 10/26/2024,        0.00,      1, 
09:00:00 10/26/2024,        0.00,      1, 
10:00:00 10/26/2024,        0.00,      1, 
11:00:00 10/26/2024,        0.00,      1, 
12:00:00 10/26/2024,        0.00,      1, 
13:00:00 10/26/2024,        0.00,      1, 
14:00:00 10/26/2024,        0.00,      1, 
15:00:00 10/26/2024,        0.00,      1, 
16:00:00 10/26/2024,        0.00,      1, 
17:00:00 10/26/2024,        0.00,      1, 
18:00:00 10/26/2024,        0.00,      1, 
19:00:00 10/26/2024,        0.00,      1, 
20:00:00 10/26/2024,        0.00,      1, 
21:00:00 10/26/2024,        0.00,      1, 
22:00:00 10/26/2024,        0.00,      1, 
23:00:00 10/26/2024,        0.00,      1, 
00:00:00 10/27/2024,        0.00,      1, 
01:00:00 10/27/2024,        0.00,      1, 
02:00:00 10/27/2024,        0.00,      1, 
03:00:00 10/27/2024,        0.00,      1, 
04:00:00 10/27/2024,        0.00,      1, 
05:00:00 10/27/2024,        0.00,      1, 
06:00:00 10/27/2024,        0.00,      1, 
07:00:00 10/27/2024,        0.00,      1, 
08:00:00 10/27/2024,        0.00,      1, 
09:00:00 10/27/2024,        0.00,      1, 
10:00:00 10/27/2024,        0.00,      1, 
11:00:00 10/27/2024,        0.00,      1, 
12:00:00 10/27/2024,        0.00,      1, 
13:00:00 10/27/2024,        0.00,      1, 
14:00:00 10/27/2024,        0.00,      1, 
15:00:00 10/27/2024,        0.00,      1, 
16:00:00 10/27/2024,        0.00,      1, 
17:00:00 10/27/2024,        0.00,      1, 
18:00:00 10/27/2024,        0.00,      1, 
19:00:00 10/27/2024,        0.00,      1, 
20:00:00 10/27/2024,        0.00,      1, 
21:00:00 10/27/2024,        0.00,      1, 
22:00:00 10/27/2024,        0.00,      1, 
23:00:00 10/27/2024,        0.00,      1, 
00:00:00 10/28/2024,        0.00,      1, 
01:00:00 10/28/2024,        0.00,      1, 
02:00:00 10/28/2024,        0.00,      1, 
03:00:00 10/28/2024,        0.00,      1, 
04:00:00 10/28/2024,        0.00,      1, 
05:00:00 10/28/2024,        0.00,      1, 
06:00:00 10/28/2024,        0.00,      1, 
07:00:00 10/28/2024,        0.00,      1, 
08:00:00 10/28/2024,        0.00,      1, 
09:00:00 10/28/2024,        0.00,      1, 
10:00:00 10/28/2024,        0.00,      1, 
11:00:00 10/28/2024,        0.00,      1, 
12:00:00 10/28/2024,        0.00,      1, 
13:00:00 10/28/2024,        0.00,      1, 
14:00:00 10/28/2024,        0.00,      1, 
15:00:00 10/28/2024,        0.00,      1, 
16:00:00 10/28/2024,        0.00,      1, 
17:00:00 10/28/2024,        0.00,      1, 
18:00:00 10/28/2024,        0.00,      1, 
19:00:00 10/28/2024,        0.00,      1, 
20:00:00 10/28/2024,        0.00,      1, 
21:00:00 10/28/2024,        0.00,      1, 
22:00:00 10/28/2024,        0.00,      1, 
23:00:00 10/28/2024,        0.00,      1, 
00:00:00 10/29/2024,        0.00,      1, 
01:00:00 10/29/2024,        0.00,      1, 
02:00:00 10/29/2024,        0.00,      1, 
03:00:00 10/29/2024,        0.00,      1, 
04:00:00 10/29/2024,        0.00,      1, 
05:00:00 10/29/2024,        0.00,      1, 
06:00:00 10/29/2024,        0.00,      1, 
07:00:00 10/29/2024,        0.00,      1, 
08:00:00 10/29/2024,        0.00,      1, 
09:00:00 10/29/2024,        0.00,      1, 
10:00:00 10/29/2024,        0.00,      1, 
11:00:00 10/29/2024,        0.00,      1, 
12:00:00 10/29/2024,        0.00,      1, 
13:00:00 10/29/2024,        0.00,      1, 
14:00:00 10/29/2024,        0.00,      1, 
15:00:00 10/29/2024,        0.00,      1, 
16:00:00 10/29/2024,        0.00,      1, 
17:00:00 10/29/2024,        0.00,      1, 
18:00:00 10/29/2024,        0.00,      1, 
19:00:00 10/29/2024,        0.00,      1, 
20:00:00 10/29/2024,        0.00,      1, 
21:00:00 10/29/2024,        0.00,      1, 
22:00:00 10/29/2024,        0.00,      1, 
23:00:00 10/29/2024,        0.00,      1, 
00:00:00 10/30/2024,        0.00,      1, 
01:00:00 10/30/2024,        0.00,      1, 
02:00:00 10/30/2024,        0.00,      1, 
03:00:00 10/30/2024,        0.00,      1, 
04:00:00 10/30/2024,        0.00,      1, 
05:00:00 10/30/2024,        0.00,      1, 
06:00:00 10/30/2024,        0.00,      1, 
07:00:00 10/30/2024,        0.00,      1, 
08:00:00 10/30/2024,        0.00,      1, 
09:00:00 10/30/2024,        0.00,      1, 
10:00:00 10/30/2024,        0.00,      1, 
11:00:00 10/30/2024,        0.00,      1, 
12:00:00 10/30/2024,        0.00,      1, 
13:00:00 10/30/2024,        0.00,      1, 
14:00:00 10/30/2024,        0.00,      1, 
15:00:00 10/30/2024,        0.00,      1, 
16:00:00 10/30/2024,        0.00,      1, 
17:00:00 10/30/2024,        0.00,      1, 
18:00:00 10/30/2024,        0.00,      1, 
19:00:00 10/30/2024,        0.00,      1, 
20:00:00 10/30/2024,        0.00,      1, 
21:00:00 10/30/2024,        0.00,      1, 
22:00:00 10/30/2024,        0.00,      1, 
23:00:00 10/30/2024,        0.00,      1, 
00:00:00 10/31/2024,        0.00,      1, 
01:00:00 10/31/2024,        0.00,      1, 
02:00:00 10/31/2024,        0.00,      1, 
03:00:00 10/31/2024,        0.00,      1, 
04:00:00 10/31/2024,        0.00,      1, 
05:00:00 10/31/2024,        0.00,      1, 
06:00:00 10/31/2024,        0.00,      1, 
07:00:00 10/31/2024,        0.00,      1, 
08:00:00 10/31/2024,        0.00,      1, 
09:00:00 10/31/2024,        0.00,      1, 
10:00:00 10/31/2024,        0.00,      1, 
11:00:00 10/31/2024,        0.00,      1, 
12:00:00 10/31/2024,        0.00,      1, 
13:00:00 10/31/2024,        0.00,      1, 
14:00:00 10/31/2024,        0.00,      1, 
15:00:00 10/31/2024,        0.00,      1, 
16:00:00 10/31/2024,        0.00,      1, 
17:00:00 10/31/2024,        0.00,      1, 
18:00:00 10/31/2024,        0.00,      1, 
19:00:00 10/31/2024,        0.00,      1, 
20:00:00 10/31/2024,        0.00,      1, 
21:00:00 10/31/2024,        0.00,      1, 
22:00:00 10/31/2024,        0.00,      1, 
23:00:00 10/31/2024,        0.00,      1, 
00:00:00 11/01/2024,        0.00,      1, 
01:00:00 11/01/2024,        0.00,      1, 
02:00:00 11/01/2024,        0.00,      1, 
03:00:00 11/01/2024,        0.00,      1, 
04:00:00 11/01/2024,        0.00,      1, 
05:00:00 11/01/2024,        0.00,      1, 
06:00:00 11/01/2024,        0.00,      1, 
07:00:00 11/01/2024,        0.00,      1, 
08:00:00 11/01/2024,        0.00,      1, 
09:00:00 11/01/2024,        0.00,      1, 
10:00:00 11/01/2024,        0.00,      1, 
11:00:00 11/01/2024,        0.00,      1, 
12:00:00 11/01/2024,        0.00,      1, 
13:00:00 11/01/2024,        0.00,      1, 
14:00:00 11/01/2024,        0.00,      1, 
15:00:00 11/01/2024,        0.00,      1, 
16:00:00 11/01/2024,        0.00,      1, 
17:00:00 11/01/2024,        0.00,      1, 
18:00:00 11/01/2024,        0.00,      1, 
19:00:00 11/01/2024,        0.00,      1, 
20:00:00 11/01/2024,        0.00,      1, 
21:00:00 11/01/2024,        0.00,      1, 
22:00:00 11/01/2024,        0.00,      1, 
23:00:00 11/01/2024,        0.00,      1, 
00:00:00 11/02/2024,        0.00,      1, 
01:00:00 11/02/2024,        0.00,      1, 
02:00:00 11/02/2024,        0.00,      1, 
03:00:00 11/02/2024,        0.00,      1, 
04:00:00 11/02/2024,        0.00,      1, 
05:00:00 11/02/2024,        0.00,      1, 
06:00:00 11/02/2024,        0.00,      1, 
07:00:00 11/02/2024,        0.00,      1, 
08:00:00 11/02/2024,        0.00,      1, 
09:00:00 11/02/2024,        0.00,      1, 
10:00:00 11/02/2024,        0.00,      1, 
11:00:00 11/02/2024,        0.00,      1, 
12:00:00 11/02/2024,        0.00,      1, 
13:00:00 11/02/2024,        0.00,      1, 
14:00:00 11/02/2024,        0.00,      1, 
15:00:00 11/02/2024,        0.00,      1, 
16:00:00 11/02/2024,        0.00,      1, 
17:00:00 11/02/2024,        0.00,      1, 
18:00:00 11/02/2024,        0.00,      1, 
19:00:00 11/02/2024,        0.00,      1, 
20:00:00 11/02/2024,        0.00,      1, 
21:00:00 11/02/2024,        0.00,      1, 
22:00:00 11/02/2024,        0.00,      1, 
23:00:00 11/02/2024,        0.00,      1, 
00:00:00 11/03/2024,        0.00,      1, 
01:00:00 11/03/2024,        0.00,      1, 
02:00:00 11/03/2024,        0.00,      1, 
03:00:00 11/03/2024,        0.00,      1, 
04:00:00 11/03/2024,        0.00,      1, 
05:00:00 11/03/2024,        0.00,      1, 
06:00:00 11/03/2024,        0.00,      1, 
07:00:00 11/03/2024,        0.00,      1, 
08:00:00 11/03/2024,        0.00,      1, 
09:00:00 11/03/2024,        0.00,      1, 
10:00:00 11/03/2024,        0.00,      1, 
11:00:00 11/03/2024,        0.00,      1, 
12:00:00 11/03/2024,        0.00,      1, 
13:00:00 11/03/2024,        0.00,      1, 
14:00:00 11/03/2024,        0.00,      1, 
15:00:00 11/03/2024,        0.00,      1, 
16:00:00 11/03/2024,        0.00,      1, 
17:00:00 11/03/2024,        0.00,      1, 
18:00:00 11/03/2024,        0.00,      1, 
19:00:00 11/03/2024,        0.00,      1, 
20:00:00 11/03/2024,        0.00,      1, 
21:00:00 11/03/2024,        0.00,      1, 
22:00:00 11/03/2024,        0.00,      1, 
23:00:00 11/03/2024,        0.00,      1, 
00:00:00 11/04/2024,        0.00,      1, 
01:00:00 11/04/2024,        0.00,      1, 
02:00:00 11/04/2024,        0.00,      1, 
03:00:00 11/04/2024,        0.00,      1, 
04:00:00 11/04/2024,        0.00,      1, 
05:00:00 11/04/2024,        0.00,      1, 
06:00:00 11/04/2024,        0.00,      1, 
07:00:00 11/04/2024,        0.00,      1, 
08:00:00 11/04/2024,        0.00,      1, 
09:00:00 11/04/2024,        0.00,      1, 
10:00:00 11/04/2024,        0.00,      1, 
11:00:00 11/04/2024,        0.00,      1, 
12:00:00 11/04/2024,        0.00,      1, 
13:00:00 11/04/2024,        0.00,      1, 
14:00:00 11/04/2024,        0.00,      1, 
15:00:00 11/04/2024,        0.00,      1, 
16:00:00 11/04/2024,        0.00,      1, 
17:00:00 11/04/2024,        0.00,      1, 
18:00:00 11/04/2024,        0.00,      1, 
19:00:00 11/04/2024,        0.00,      1, 
20:00:00 11/04/2024,        0.00,      1, 
21:00:00 11/04/2024,        0.00,      1, 
22:00:00 11/04/2024,        0.00,      1, 
23:00:00 11/04/2024,        0.00,      1, 
00:00:00 11/05/2024,        0.00,      1, 
01:00:00 11/05/2024,        0.00,      1, 
02:00:00 11/05/2024,        0.00,      1, 
03:00:00 11/05/2024,        0.00,      1, 
04:00:00 11/05/2024,        0.00,      1, 
05:00:00 11/05/2024,        0.00,      1, 
06:00:00 11/05/2024,        0.00,      1, 
07:00:00 11/05/2024,        0.00,      1, 
08:00:00 11/05/2024,        0.00,      1, 
09:00:00 11/05/2024,        0.00,      1, 
10:00:00 11/05/2024,        0.00,      1, 
11:00:00 11/05/2024,        0.00,      1, 
12:00:00 11/05/2024,        0.00,      1, 
13:00:00 11/05/2024,        0.00,      1, 
14:00:00 11/05/2024,        0.00,      1, 
15:00:00 11/05/2024,        0.00,      1, 
16:00:00 11/05/2024,        0.00,      1, 
17:00:00 11/05/2024,        0.00,      1, 
18:00:00 11/05/2024,        0.00,      1, 
19:00:00 11/05/2024,        0.00,      1, 
20:00:00 11/05/2024,        0.00,      1, 
21:00:00 11/05/2024,        0.00,      1, 
22:00:00 11/05/2024,        0.00,      1, 
23:00:00 11/05/2024,        0.00,      1, 
00:00:00 11/06/2024,        0.00,      1, 
01:00:00 11/06/2024,        0.00,      1, 
02:00:00 11/06/2024,        0.00,      1, 
03:00:00 11/06/2024,        0.00,      1, 
04:00:00 11/06/2024,        0.00,      1, 
05:00:00 11/06/2024,        0.00,      1, 
06:00:00 11/06/2024,        0.00,      1, 
07:00:00 11/06/2024,        0.00,      1, 
08:00:00 11/06/2024,        0.00,      1, 
09:00:00 11/06/2024,        0.00,      1, 
10:00:00 11/06/2024,        0.00,      1, 
11:00:00 11/06/2024,        0.00,      1, 
12:00:00 11/06/2024,        0.00,      1, 
13:00:00 11/06/2024,        0.00,      1, 
14:00:00 11/06/2024,        0.00,      1, 
15:00:00 11/06/2024,        0.00,      1, 
16:00:00 11/06/2024,        0.00,      1, 
17:00:00 11/06/2024,        0.00,      1, 
18:00:00 11/06/2024,        0.00,      1, 
19:00:00 11/06/2024,        0.00,      1, 
20:00:00 11/06/2024,        0.00,      1, 
21:00:00 11/06/2024,        0.00,      1, 
22:00:00 11/06/2024,        0.00,      1, 
23:00:00 11/06/2024,        0.00,      1, 
00:00:00 11/07/2024,        0.00,      1, 
01:00:00 11/07/2024,        0.00,      1, 
02:00:00 11/07/2024,        0.00,      1, 
03:00:00 11/07/2024,        0.00,      1, 
04:00:00 11/07/2024,        0.00,      1, 
05:00:00 11/07/2024,        0.00,      1, 
06:00:00 11/07/2024,        0.00,      1, 
07:00:00 11/07/2024,        0.00,      1, 
08:00:00 11/07/2024,        0.00,      1, 
09:00:00 11/07/2024,        0.00,      1, 
10:00:00 11/07/2024,        0.00,      1, 
11:00:00 11/07/2024,        0.00,      1, 
12:00:00 11/07/2024,        0.00,      1, 
13:00:00 11/07/2024,        0.00,      1, 
14:00:00 11/07/2024,        0.00,      1, 
15:00:00 11/07/2024,        0.00,      1, 
16:00:00 11/07/2024,        0.00,      1, 
17:00:00 11/07/2024,        0.00,      1, 
18:00:00 11/07/2024,        0.00,      1, 
19:00:00 11/07/2024,        0.00,      1, 
20:00:00 11/07/2024,        0.00,      1, 
21:00:00 11/07/2024,        0.00,      1, 
22:00:00 11/07/2024,        0.00,      1, 
23:00:00 11/07/2024,        0.00,      1, 
00:00:00 11/08/2024,        0.00,      1, 
01:00:00 11/08/2024,        0.00,      1, 
02:00:00 11/08/2024,        0.00,      1, 
03:00:00 11/08/2024,        0.00,      1, 
04:00:00 11/08/2024,        0.00,      1, 
05:00:00 11/08/2024,        0.00,      1, 
06:00:00 11/08/2024,        0.00,      1, 
07:00:00 11/08/2024,        0.00,      1, 
08:00:00 11/08/2024,        0.00,      1, 
09:00:00 11/08/2024,        0.00,      1, 
10:00:00 11/08/2024,        0.00,      1, 
11:00:00 11/08/2024,        0.00,      1, 
12:00:00 11/08/2024,        0.00,      1, 
13:00:00 11/08/2024,        0.00,      1, 
14:00:00 11/08/2024,        0.00,      1, 
15:00:00 11/08/2024,        0.00,      1, 
16:00:00 11/08/2024,        0.00,      1, 
17:00:00 11/08/2024,        0.00,      1, 
18:00:00 11/08/2024,        0.00,      1, 
19:00:00 11/08/2024,        0.00,      1, 
20:00:00 11/08/2024,        0.00,      1, 
21:00:00 11/08/2024,        0.00,      1, 
22:00:00 11/08/2024,        0.00,      1, 
23:00:00 11/08/2024,        0.00,      1, 
00:00:00 11/09/2024,        0.00,      1, 
01:00:00 11/09/2024,        0.00,      1, 
02:00:00 11/09/2024,        0.00,      1, 
03:00:00 11/09/2024,        0.00,      1, 
04:00:00 11/09/2024,        0.00,      1, 
05:00:00 11/09/2024,        0.00,      1, 
06:00:00 11/09/2024,        0.00,      1, 
07:00:00 11/09/2024,        0.00,      1, 
08:00:00 11/09/2024,        0.00,      1, 
09:00:00 11/09/2024,        0.00,      1, 
10:00:00 11/09/2024,        0.00,      1, 
11:00:00 11/09/2024,        0.00,      1, 
12:00:00 11/09/2024,        0.00,      1, 
13:00:00 11/09/2024,        0.00,      1, 
14:00:00 11/09/2024,        0.00,      1, 
15:00:00 11/09/2024,        0.00,      1, 
16:00:00 11/09/2024,        0.00,      1, 
17:00:00 11/09/2024,        0.00,      1, 
18:00:00 11/09/2024,        0.00,      1, 
19:00:00 11/09/2024,        0.00,      1, 
20:00:00 11/09/2024,        0.00,      1, 
21:00:00 11/09/2024,        0.00,      1, 
22:00:00 11/09/2024,        0.00,      1, 
23:00:00 11/09/2024,        0.00,      1, 
00:00:00 11/10/2024,        0.00,      1, 
01:00:00 11/10/2024,        0.00,      1, 
02:00:00 11/10/2024,        0.00,      1, 
03:00:00 11/10/2024,        0.00,      1, 
04:00:00 11/10/2024,        0.00,      1, 
05:00:00 11/10/2024,        0.00,      1, 
06:00:00 11/10/2024,        0.00,      1, 
07:00:00 11/10/2024,        0.00,      1, 
08:00:00 11/10/2024,        0.00,      1, 
09:00:00 11/10/2024,        0.00,      1, 
10:00:00 11/10/2024,        0.00,      1, 
11:00:00 11/10/2024,        0.00,      1, 
12:00:00 11/10/2024,        0.00,      1, 
13:00:00 11/10/2024,        0.00,      1, 
14:00:00 11/10/2024,        0.00,      1, 
15:00:00 11/10/2024,        0.00,      1, 
16:00:00 11/10/2024,        0.00,      1, 
17:00:00 11/10/2024,        0.00,      1, 
18:00:00 11/10/2024,        0.00,      1, 
19:00:00 11/10/2024,        0.00,      1, 
20:00:00 11/10/2024,        0.00,      1, 
21:00:00 11/10/2024,        0.00,      1, 
22:00:00 11/10/2024,        0.00,      1, 
23:00:00 11/10/2024,        0.00,      1, 
00:00:00 11/11/2024,        0.00,      1, 
01:00:00 11/11/2024,        0.00,      1, 
02:00:00 11/11/2024,        0.00,      1, 
03:00:00 11/11/2024,        0.00,      1, 
04:00:00 11/11/2024,        0.00,      1, 
05:00:00 11/11/2024,        0.00,      1, 
06:00:00 11/11/2024,        0.00,      1, 
07:00:00 11/11/2024,        0.00,      1, 
08:00:00 11/11/2024,        0.00,      1, 
09:00:00 11/11/2024,        0.00,      1, 
10:00:00 11/11/2024,        0.00,      1, 
11:00:00 11/11/2024,        0.00,      1, 
12:00:00 11/11/2024,        0.00,      1, 
13:00:00 11/11/2024,        0.00,      1, 
14:00:00 11/11/2024,        0.00,      1, 
15:00:00 11/11/2024,        0.00,      1, 
16:00:00 11/11/2024,        0.00,      1, 
17:00:00 11/11/2024,        0.00,      1, 
18:00:00 11/11/2024,        0.00,      1, 
19:00:00 11/11/2024,        0.00,      1, 
20:00:00 11/11/2024,        0.00,      1, 
21:00:00 11/11/2024,        0.00,      1, 
22:00:00 11/11/2024,        0.00,      1, 
23:00:00 11/11/2024,        0.00,      1, 
00:00:00 11/12/2024,        0.00,      1, 
01:00:00 11/12/2024,        0.00,      1, 
02:00:00 11/12/2024,        0.00,      1, 
03:00:00 11/12/2024,        0.00,      1, 
04:00:00 11/12/2024,        0.00,      1, 
05:00:00 11/12/2024,        0.00,      1, 
06:00:00 11/12/2024,        0.00,      1, 
07:00:00 11/12/2024,        0.00,      1, 
08:00:00 11/12/2024,        0.00,      1, 
09:00:00 11/12/2024,        0.00,      1, 
10:00:00 11/12/2024,        0.00,      1, 
11:00:00 11/12/2024,        0.00,      1, 
12:00:00 11/12/2024,        0.00,      1, 
13:00:00 11/12/2024,        0.00,      1, 
14:00:00 11/12/2024,        0.00,      1, 
15:00:00 11/12/2024,        0.00,      1, 
16:00:00 11/12/2024,        0.00,      1, 
17:00:00 11/12/2024,        0.00,      1, 
18:00:00 11/12/2024,        0.00,      1, 
19:00:00 11/12/2024,        0.00,      1, 
20:00:00 11/12/2024,        0.00,      1, 
21:00:00 11/12/2024,        0.00,      1, 
22:00:00 11/12/2024,        0.00,      1, 
23:00:00 11/12/2024,        0.00,      1, 
00:00:00 11/13/2024,        0.00,      1, 
01:00:00 11/13/2024,        0.00,      1, 
02:00:00 11/13/2024,        0.00,      1, 
03:00:00 11/13/2024,        0.00,      1, 
04:00:00 11/13/2024,        0.00,      1, 
05:00:00 11/13/2024,        0.00,      1, 
06:00:00 11/13/2024,        0.00,      1, 
07:00:00 11/13/2024,        0.00,      1, 
08:00:00 11/13/2024,        0.00,      1, 
09:00:00 11/13/2024,        0.00,      1, 
10:00:00 11/13/2024,        0.00,      1, 
11:00:00 11/13/2024,        0.00,      1, 
12:00:00 11/13/2024,        0.00,      1, 
13:00:00 11/13/2024,        0.00,      1, 
14:00:00 11/13/2024,        0.00,      1, 
15:00:00 11/13/2024,        0.00,      1, 
16:00:00 11/13/2024,        0.00,      1, 
17:00:00 11/13/2024,        0.00,      1, 
18:00:00 11/13/2024,        0.00,      1, 
19:00:00 11/13/2024,        0.00,      1, 
20:00:00 11/13/2024,        0.00,      1, 
21:00:00 11/13/2024,        0.00,      1, 
22:00:00 11/13/2024,        0.00,      1, 
23:00:00 11/13/2024,        0.00,      1, 
00:00:00 11/14/2024,        0.00,      1, 
01:00:00 11/14/2024,        0.00,      1, 
02:00:00 11/14/2024,        0.00,      1, 
03:00:00 11/14/2024,        0.00,      1, 
04:00:00 11/14/2024,        0.00,      1, 
05:00:00 11/14/2024,        0.00,      1, 
06:00:00 11/14/2024,        0.00,      1, 
07:00:00 11/14/2024,        0.00,      1, 
08:00:00 11/14/2024,        0.00,      1, 
09:00:00 11/14/2024,        0.00,      1, 
10:00:00 11/14/2024,        0.00,      1, 
11:00:00 11/14/2024,        0.00,      1, 
12:00:00 11/14/2024,        0.00,      1, 
13:00:00 11/14/2024,        0.00,      1, 
14:00:00 11/14/2024,        0.00,      1, 
15:00:00 11/14/2024,        0.00,      1, 
16:00:00 11/14/2024,        0.00,      1, 
17:00:00 11/14/2024,        0.00,      1, 
18:00:00 11/14/2024,        0.00,      1, 
19:00:00 11/14/2024,        0.00,      1, 
20:00:00 11/14/2024,        0.00,      1, 
21:00:00 11/14/2024,        0.00,      1, 
22:00:00 11/14/2024,        0.00,      1, 
23:00:00 11/14/2024,        0.00,      1, 
00:00:00 11/15/2024,        0.00,      1, 
01:00:00 11/15/2024,        0.00,      1, 
02:00:00 11/15/2024,        0.00,      1, 
03:00:00 11/15/2024,        0.00,      1, 
04:00:00 11/15/2024,        0.00,      1, 
05:00:00 11/15/2024,        0.00,      1, 
06:00:00 11/15/2024,        0.00,      1, 
07:00:00 11/15/2024,        0.00,      1, 
08:00:00 11/15/2024,        0.00,      1, 
09:00:00 11/15/2024,        0.00,      1, 
10:00:00 11/15/2024,        0.00,      1, 
11:00:00 11/15/2024,        0.00,      1, 
12:00:00 11/15/2024,        0.00,      1, 
13:00:00 11/15/2024,        0.00,      1, 
14:00:00 11/15/2024,        0.00,      1, 
15:00:00 11/15/2024,        0.00,      1, 
16:00:00 11/15/2024,        0.00,      1, 
17:00:00 11/15/2024,        0.00,      1, 
18:00:00 11/15/2024,        0.00,      1, 
19:00:00 11/15/2024,        0.00,      1, 
20:00:00 11/15/2024,        0.00,      1, 
21:00:00 11/15/2024,        0.00,      1, 
22:00:00 11/15/2024,        0.00,      1, 
23:00:00 11/15/2024,        0.00,      1, 
00:00:00 11/16/2024,        0.00,      1, 
01:00:00 11/16/2024,        0.00,      1, 
02:00:00 11/16/2024,        0.00,      1, 
03:00:00 11/16/2024,        0.00,      1, 
04:00:00 11/16/2024,        0.00,      1, 
05:00:00 11/16/2024,        0.00,      1, 
06:00:00 11/16/2024,        0.00,      1, 
07:00:00 11/16/2024,        0.00,      1, 
08:00:00 11/16/2024,        0.00,      1, 
09:00:00 11/16/2024,        0.00,      1, 
10:00:00 11/16/2024,        0.00,      1, 
11:00:00 11/16/2024,        0.00,      1, 
12:00:00 11/16/2024,        0.00,      1, 
13:00:00 11/16/2024,        0.00,      1, 
14:00:00 11/16/2024,        0.00,      1, 
15:00:00 11/16/2024,        0.00,      1, 
16:00:00 11/16/2024,        0.00,      1, 
17:00:00 11/16/2024,        0.00,      1, 
18:00:00 11/16/2024,        0.00,      1, 
19:00:00 11/16/2024,        0.00,      1, 
20:00:00 11/16/2024,        0.00,      1, 
21:00:00 11/16/2024,        0.00,      1, 
22:00:00 11/16/2024,        0.00,      1, 
23:00:00 11/16/2024,        0.00,      1, 
00:00:00 11/17/2024,        0.00,      1, 
01:00:00 11/17/2024,        0.00,      1, 
02:00:00 11/17/2024,        0.00,      1, 
03:00:00 11/17/2024,        0.00,      1, 
04:00:00 11/17/2024,        0.00,      1, 
05:00:00 11/17/2024,        0.00,      1, 
06:00:00 11/17/2024,        0.00,      1, 
07:00:00 11/17/2024,        0.00,      1, 
08:00:00 11/17/2024,        0.00,      1, 
09:00:00 11/17/2024,        0.00,      1, 
10:00:00 11/17/2024,        0.00,      1, 
11:00:00 11/17/2024,        0.00,      1, 
12:00:00 11/17/2024,        0.00,      1, 
13:00:00 11/17/2024,        0.00,      1, 
14:00:00 11/17/2024,        0.00,      1, 
15:00:00 11/17/2024,        0.00,      1, 
16:00:00 11/17/2024,        0.00,      1, 
17:00:00 11/17/2024,        0.00,      1, 
18:00:00 11/17/2024,        0.00,      1, 
19:00:00 11/17/2024,        0.00,      1, 
20:00:00 11/17/2024,        0.00,      1, 
21:00:00 11/17/2024,        0.00,      1, 
22:00:00 11/17/2024,        0.00,      1, 
23:00:00 11/17/2024,        0.00,      1, 
00:00:00 11/18/2024,        0.00,      1, 
01:00:00 11/18/2024,        0.00,      1, 
02:00:00 11/18/2024,        0.00,      1, 
03:00:00 11/18/2024,        0.00,      1, 
04:00:00 11/18/2024,        0.00,      1, 
05:00:00 11/18/2024,        0.00,      1, 
06:00:00 11/18/2024,        0.00,      1, 
07:00:00 11/18/2024,        0.00,      1, 
08:00:00 11/18/2024,        0.00,      1, 
09:00:00 11/18/2024,        0.00,      1, 
10:00:00 11/18/2024,        0.00,      1, 
11:00:00 11/18/2024,        0.00,      1, 
12:00:00 11/18/2024,        0.00,      1, 
13:00:00 11/18/2024,        0.00,      1, 
14:00:00 11/18/2024,        0.00,      1, 
15:00:00 11/18/2024,        0.00,      1, 
16:00:00 11/18/2024,        0.00,      1, 
17:00:00 11/18/2024,        0.00,      1, 
18:00:00 11/18/2024,        0.00,      1, 
19:00:00 11/18/2024,        0.00,      1, 
20:00:00 11/18/2024,        0.00,      1, 
21:00:00 11/18/2024,        0.00,      1, 
22:00:00 11/18/2024,        0.00,      1, 
23:00:00 11/18/2024,        0.00,      1, 
00:00:00 11/19/2024,        0.00,      1, 
01:00:00 11/19/2024,        0.00,      1, 
02:00:00 11/19/2024,        0.00,      1, 
03:00:00 11/19/2024,        0.00,      1, 
04:00:00 11/19/2024,        0.00,      1, 
05:00:00 11/19/2024,        0.00,      1, 
06:00:00 11/19/2024,        0.00,      1, 
07:00:00 11/19/2024,        0.00,      1, 
08:00:00 11/19/2024,        0.00,      1, 
09:00:00 11/19/2024,        0.00,      1, 
10:00:00 11/19/2024,        0.00,      1, 
11:00:00 11/19/2024,        0.00,      1, 
12:00:00 11/19/2024,        0.00,      1, 
13:00:00 11/19/2024,        0.00,      1, 
14:00:00 11/19/2024,        0.00,      1, 
15:00:00 11/19/2024,        0.00,      1, 
16:00:00 11/19/2024,        0.00,      1, 
17:00:00 11/19/2024,        0.00,      1, 
18:00:00 11/19/2024,        0.00,      1, 
19:00:00 11/19/2024,        0.00,      1, 
20:00:00 11/19/2024,        0.00,      1, 
21:00:00 11/19/2024,        0.00,      1, 
22:00:00 11/19/2024,        0.00,      1, 
23:00:00 11/19/2024,        0.00,      1, 
00:00:00 11/20/2024,        0.00,      1, 
01:00:00 11/20/2024,        0.00,      1, 
02:00:00 11/20/2024,        0.00,      1, 
03:00:00 11/20/2024,        0.00,      1, 
04:00:00 11/20/2024,        0.00,      1, 
05:00:00 11/20/2024,        0.00,      1, 
06:00:00 11/20/2024,        0.00,      1, 
07:00:00 11/20/2024,        0.00,      1, 
08:00:00 11/20/2024,        0.00,      1, 
09:00:00 11/20/2024,        0.00,      1, 
10:00:00 11/20/2024,        0.00,      1, 
11:00:00 11/20/2024,        0.00,      1, 
12:00:00 11/20/2024,        0.00,      1, 
13:00:00 11/20/2024,        0.00,      1, 
14:00:00 11/20/2024,        0.00,      1, 
15:00:00 11/20/2024,        0.00,      1, 
16:00:00 11/20/2024,        0.00,      1, 
17:00:00 11/20/2024,        0.00,      1, 
18:00:00 11/20/2024,        0.00,      1, 
19:00:00 11/20/2024,        0.00,      1, 
20:00:00 11/20/2024,        0.00,      1, 
21:00:00 11/20/2024,        0.00,      1, 
22:00:00 11/20/2024,        0.00,      1, 
23:00:00 11/20/2024,        0.00,      1, 
00:00:00 11/21/2024,        0.00,      1, 
01:00:00 11/21/2024,        0.00,      1, 
02:00:00 11/21/2024,        0.00,      1, 
03:00:00 11/21/2024,        0.00,      1, 
04:00:00 11/21/2024,        0.00,      1, 
05:00:00 11/21/2024,        0.00,      1, 
06:00:00 11/21/2024,        0.00,      1, 
07:00:00 11/21/2024,        0.00,      1, 
08:00:00 11/21/2024,        0.00,      1, 
09:00:00 11/21/2024,        0.00,      1, 
10:00:00 11/21/2024,        0.00,      1, 
11:00:00 11/21/2024,        0.00,      1, 
12:00:00 11/21/2024,        0.00,      1, 
13:00:00 11/21/2024,        0.00,      1, 
14:00:00 11/21/2024,        0.00,      1, 
15:00:00 11/21/2024,        0.00,      1, 
16:00:00 11/21/2024,        0.00,      1, 
17:00:00 11/21/2024,        0.00,      1, 
18:00:00 11/21/2024,        0.00,      1, 
19:00:00 11/21/2024,        0.00,      1, 
20:00:00 11/21/2024,        0.00,      1, 
21:00:00 11/21/2024,        0.00,      1, 
22:00:00 11/21/2024,        0.00,      1, 
23:00:00 11/21/2024,        0.00,      1, 
00:00:00 11/22/2024,        0.00,      1, 
01:00:00 11/22/2024,        0.00,      1, 
02:00:00 11/22/2024,        0.00,      1, 
03:00:00 11/22/2024,        0.00,      1, 
04:00:00 11/22/2024,        0.00,      1, 
05:00:00 11/22/2024,        0.00,      1, 
06:00:00 11/22/2024,        0.00,      1, 
07:00:00 11/22/2024,        0.00,      1, 
08:00:00 11/22/2024,        0.00,      1, 
09:00:00 11/22/2024,        0.00,      1, 
10:00:00 11/22/2024,        0.00,      1, 
11:00:00 11/22/2024,        0.00,      1, 
12:00:00 11/22/2024,        0.00,      1, 
13:00:00 11/22/2024,        0.00,      1, 
14:00:00 11/22/2024,        0.00,      1, 
15:00:00 11/22/2024,        0.00,      1, 
16:00:00 11/22/2024,        0.00,      1, 
17:00:00 11/22/2024,        0.00,      1, 
18:00:00 11/22/2024,        0.00,      1, 
19:00:00 11/22/2024,        0.00,      1, 
20:00:00 11/22/2024,        0.00,      1, 
21:00:00 11/22/2024,        0.00,      1, 
22:00:00 11/22/2024,        0.00,      1, 
23:00:00 11/22/2024,        0.00,      1, 
00:00:00 11/23/2024,        0.00,      1, 
01:00:00 11/23/2024,        0.00,      1, 
02:00:00 11/23/2024,        0.00,      1, 
03:00:00 11/23/2024,        0.00,      1, 
04:00:00 11/23/2024,        0.00,      1, 
05:00:00 11/23/2024,        0.00,      1, 
06:00:00 11/23/2024,        0.00,      1, 
07:00:00 11/23/2024,        0.00,      1, 
08:00:00 11/23/2024,        0.00,      1, 
09:00:00 11/23/2024,        0.00,      1, 
10:00:00 11/23/2024,        0.00,      1, 
11:00:00 11/23/2024,        0.00,      1, 
12:00:00 11/23/2024,        0.00,      1, 
13:00:00 11/23/2024,        0.00,      1, 
14:00:00 11/23/2024,        0.00,      1, 
15:00:00 11/23/2024,        0.00,      1, 
16:00:00 11/23/2024,        0.00,      1, 
17:00:00 11/23/2024,        0.00,      1, 
18:00:00 11/23/2024,        0.00,      1, 
19:00:00 11/23/2024,        0.00,      1, 
20:00:00 11/23/2024,        0.00,      1, 
21:00:00 11/23/2024,        0.04,      1, 
22:00:00 11/23/2024,        0.00,      1, 
23:00:00 11/23/2024,        0.00,      1, 
00:00:00 11/24/2024,        0.00,      1, 
01:00:00 11/24/2024,        0.00,      1, 
02:00:00 11/24/2024,        0.00,      1, 
03:00:00 11/24/2024,        0.00,      1, 
04:00:00 11/24/2024,        0.04,      1, 
05:00:00 11/24/2024,        0.00,      1, 
06:00:00 11/24/2024,        0.00,      1, 
07:00:00 11/24/2024,        0.00,      1, 
08:00:00 11/24/2024,        0.00,      1, 
09:00:00 11/24/2024,        0.00,      1, 
10:00:00 11/24/2024,        0.00,      1, 
11:00:00 11/24/2024,        0.00,      1, 
12:00:00 11/24/2024,        0.00,      1, 
13:00:00 11/24/2024,        0.00,      1, 
14:00:00 11/24/2024,        0.00,      1, 
15:00:00 11/24/2024,        0.00,      1, 
16:00:00 11/24/2024,        0.00,      1, 
17:00:00 11/24/2024,        0.00,      1, 
18:00:00 11/24/2024,        0.00,      1, 
19:00:00 11/24/2024,        0.00,      1, 
20:00:00 11/24/2024,        0.00,      1, 
21:00:00 11/24/2024,        0.00,      1, 
22:00:00 11/24/2024,        0.00,      1, 
23:00:00 11/24/2024,        0.00,      1, 
00:00:00 11/25/2024,        0.00,      1, 
01:00:00 11/25/2024,        0.00,      1, 
02:00:00 11/25/2024,        0.00,      1, 
03:00:00 11/25/2024,        0.00,      1, 
04:00:00 11/25/2024,        0.00,      1, 
05:00:00 11/25/2024,        0.00,      1, 
06:00:00 11/25/2024,        0.00,      1, 
07:00:00 11/25/2024,        0.00,      1, 
08:00:00 11/25/2024,        0.00,      1, 
09:00:00 11/25/2024,        0.00,      1, 
10:00:00 11/25/2024,        0.00,      1, 
11:00:00 11/25/2024,        0.00,      1, 
12:00:00 11/25/2024,        0.00,      1, 
13:00:00 11/25/2024,        0.00,      1, 
14:00:00 11/25/2024,        0.00,      1, 
15:00:00 11/25/2024,        0.00,      1, 
16:00:00 11/25/2024,        0.00,      1, 
17:00:00 11/25/2024,        0.00,      1, 
18:00:00 11/25/2024,        0.00,      1, 
19:00:00 11/25/2024,        0.00,      1, 
20:00:00 11/25/2024,        0.00,      1, 
21:00:00 11/25/2024,        0.00,      1, 
22:00:00 11/25/2024,        0.00,      1, 
23:00:00 11/25/2024,        0.00,      1, 
00:00:00 11/26/2024,        0.00,      1, 
01:00:00 11/26/2024,        0.00,      1, 
02:00:00 11/26/2024,        0.00,      1, 
03:00:00 11/26/2024,        0.00,      1, 
04:00:00 11/26/2024,        0.00,      1, 
05:00:00 11/26/2024,        0.00,      1, 
06:00:00 11/26/2024,        0.00,      1, 
07:00:00 11/26/2024,        0.00,      1, 
08:00:00 11/26/2024,        0.00,      1, 
09:00:00 11/26/2024,        0.00,      1, 
10:00:00 11/26/2024,        0.00,      1, 
11:00:00 11/26/2024,        0.00,      1, 
12:00:00 11/26/2024,        0.00,      1, 
13:00:00 11/26/2024,        0.00,      1, 
14:00:00 11/26/2024,        0.00,      1, 
15:00:00 11/26/2024,        0.00,      1, 
16:00:00 11/26/2024,        0.00,      1, 
17:00:00 11/26/2024,        0.00,      1, 
18:00:00 11/26/2024,        0.00,      1, 
19:00:00 11/26/2024,        0.00,      1, 
20:00:00 11/26/2024,        0.00,      1, 
21:00:00 11/26/2024,        0.00,      1, 
22:00:00 11/26/2024,        0.00,      1, 
23:00:00 11/26/2024,        0.00,      1, 
00:00:00 11/27/2024,        0.00,      1, 
01:00:00 11/27/2024,        0.00,      1, 
02:00:00 11/27/2024,        0.00,      1, 
03:00:00 11/27/2024,        0.00,      1, 
04:00:00 11/27/2024,        0.00,      1, 
05:00:00 11/27/2024,        0.00,      1, 
06:00:00 11/27/2024,        0.00,      1, 
07:00:00 11/27/2024,        0.00,      1, 
08:00:00 11/27/2024,        0.00,      1, 
09:00:00 11/27/2024,        0.00,      1, 
10:00:00 11/27/2024,        0.00,      1, 
11:00:00 11/27/2024,        0.00,      1, 
12:00:00 11/27/2024,        0.00,      1, 
13:00:00 11/27/2024,        0.00,      1, 
14:00:00 11/27/2024,        0.00,      1, 
15:00:00 11/27/2024,        0.00,      1, 
16:00:00 11/27/2024,        0.00,      1, 
17:00:00 11/27/2024,        0.00,      1, 
18:00:00 11/27/2024,        0.00,      1, 
19:00:00 11/27/2024,        0.00,      1, 
20:00:00 11/27/2024,        0.00,      1, 
21:00:00 11/27/2024,        0.00,      1, 
22:00:00 11/27/2024,        0.00,      1, 
23:00:00 11/27/2024,        0.00,      1, 
00:00:00 11/28/2024,        0.00,      1, 
01:00:00 11/28/2024,        0.00,      1, 
02:00:00 11/28/2024,        0.00,      1, 
03:00:00 11/28/2024,        0.00,      1, 
04:00:00 11/28/2024,        0.00,      1, 
05:00:00 11/28/2024,        0.00,      1, 
06:00:00 11/28/2024,        0.00,      1, 
07:00:00 11/28/2024,        0.00,      1, 
08:00:00 11/28/2024,        0.00,      1, 
09:00:00 11/28/2024,        0.00,      1, 
10:00:00 11/28/2024,        0.00,      1, 
11:00:00 11/28/2024,        0.00,      1, 
12:00:00 11/28/2024,        0.00,      1, 
13:00:00 11/28/2024,        0.00,      1, 
14:00:00 11/28/2024,        0.00,      1, 
15:00:00 11/28/2024,        0.00,      1, 
16:00:00 11/28/2024,        0.00,      1, 
17:00:00 11/28/2024,        0.00,      1, 
18:00:00 11/28/2024,        0.00,      1, 
19:00:00 11/28/2024,        0.00,      1, 
20:00:00 11/28/2024,        0.00,      1, 
21:00:00 11/28/2024,        0.00,      1, 
22:00:00 11/28/2024,        0.00,      1, 
23:00:00 11/28/2024,        0.00,      1, 
00:00:00 11/29/2024,        0.00,      1, 
01:00:00 11/29/2024,        0.00,      1, 
02:00:00 11/29/2024,        0.00,      1, 
03:00:00 11/29/2024,        0.00,      1, 
04:00:00 11/29/2024,        0.00,      1, 
05:00:00 11/29/2024,        0.00,      1, 
06:00:00 11/29/2024,        0.00,      1, 
07:00:00 11/29/2024,        0.00,      1, 
08:00:00 11/29/2024,        0.00,      1, 
09:00:00 11/29/2024,        0.00,      1, 
10:00:00 11/29/2024,        0.00,      1, 
11:00:00 11/29/2024,        0.00,      1, 
12:00:00 11/29/2024,        0.00,      1, 
13:00:00 11/29/2024,        0.00,      1, 
14:00:00 11/29/2024,        0.00,      1, 
15:00:00 11/29/2024,        0.00,      1, 
16:00:00 11/29/2024,        0.00,      1, 
17:00:00 11/29/2024,        0.00,      1, 
18:00:00 11/29/2024,        0.00,      1, 
19:00:00 11/29/2024,        0.00,      1, 
20:00:00 11/29/2024,        0.00,      1, 
21:00:00 11/29/2024,        0.00,      1, 
22:00:00 11/29/2024,        0.00,      1, 
23:00:00 11/29/2024,        0.00,      1, 
00:00:00 11/30/2024,        0.00,      1, 
01:00:00 11/30/2024,        0.00,      1, 
02:00:00 11/30/2024,        0.00,      1, 
03:00:00 11/30/2024,        0.00,      1, 
04:00:00 11/30/2024,        0.00,      1, 
05:00:00 11/30/2024,        0.00,      1, 
06:00:00 11/30/2024,        0.00,      1, 
07:00:00 11/30/2024,        0.00,      1, 
08:00:00 11/30/2024,        0.00,      1, 
09:00:00 11/30/2024,        0.00,      1, 
10:00:00 11/30/2024,        0.00,      1, 
11:00:00 11/30/2024,        0.00,      1, 
12:00:00 11/30/2024,        0.00,      1, 
13:00:00 11/30/2024,        0.00,      1, 
14:00:00 11/30/2024,        0.00,      1, 
15:00:00 11/30/2024,        0.00,      1, 
16:00:00 11/30/2024,        0.00,      1, 
17:00:00 11/30/2024,        0.00,      1, 
18:00:00 11/30/2024,        0.00,      1, 
19:00:00 11/30/2024,        0.00,      1, 
20:00:00 11/30/2024,        0.00,      1, 
21:00:00 11/30/2024,        0.00,      1, 
22:00:00 11/30/2024,        0.00,      1, 
23:00:00 11/30/2024,        0.00,      1, 
00:00:00 12/01/2024,        0.00,      1, 
01:00:00 12/01/2024,        0.00,      1, 
02:00:00 12/01/2024,        0.00,      1, 
03:00:00 12/01/2024,        0.00,      1, 
04:00:00 12/01/2024,        0.00,      1, 
05:00:00 12/01/2024,        0.00,      1, 
06:00:00 12/01/2024,        0.00,      1, 
07:00:00 12/01/2024,        0.00,      1, 
08:00:00 12/01/2024,        0.00,      1, 
09:00:00 12/01/2024,        0.00,      1, 
10:00:00 12/01/2024,        0.00,      1, 
11:00:00 12/01/2024,        0.00,      1, 
12:00:00 12/01/2024,        0.00,      1, 
13:00:00 12/01/2024,        0.00,      1, 
14:00:00 12/01/2024,        0.00,      1, 
15:00:00 12/01/2024,        0.00,      1, 
16:00:00 12/01/2024,        0.00,      1, 
17:00:00 12/01/2024,        0.00,      1, 
18:00:00 12/01/2024,        0.00,      1, 
19:00:00 12/01/2024,        0.00,      1, 
20:00:00 12/01/2024,        0.00,      1, 
21:00:00 12/01/2024,        0.00,      1, 
22:00:00 12/01/2024,        0.00,      1, 
23:00:00 12/01/2024,        0.00,      1, 
00:00:00 12/02/2024,        0.00,      1, 
01:00:00 12/02/2024,        0.00,      1, 
02:00:00 12/02/2024,        0.00,      1, 
03:00:00 12/02/2024,        0.00,      1, 
04:00:00 12/02/2024,        0.00,      1, 
05:00:00 12/02/2024,        0.00,      1, 
06:00:00 12/02/2024,        0.00,      1, 
07:00:00 12/02/2024,        0.00,      1, 
08:00:00 12/02/2024,        0.00,      1, 
09:00:00 12/02/2024,        0.00,      1, 
10:00:00 12/02/2024,        0.00,      1, 
11:00:00 12/02/2024,        0.00,      1, 
12:00:00 12/02/2024,        0.00,      1, 
13:00:00 12/02/2024,        0.00,      1, 
14:00:00 12/02/2024,        0.00,      1, 
15:00:00 12/02/2024,        0.00,      1, 
16:00:00 12/02/2024,        0.00,      1, 
17:00:00 12/02/2024,        0.00,      1, 
18:00:00 12/02/2024,        0.00,      1, 
19:00:00 12/02/2024,        0.00,      1, 
20:00:00 12/02/2024,        0.00,      1, 
21:00:00 12/02/2024,        0.00,      1, 
22:00:00 12/02/2024,        0.00,      1, 
23:00:00 12/02/2024,        0.00,      1, 
00:00:00 12/03/2024,        0.00,      1, 
01:00:00 12/03/2024,        0.00,      1, 
02:00:00 12/03/2024,        0.00,      1, 
03:00:00 12/03/2024,        0.00,      1, 
04:00:00 12/03/2024,        0.00,      1, 
05:00:00 12/03/2024,        0.00,      1, 
06:00:00 12/03/2024,        0.00,      1, 
07:00:00 12/03/2024,        0.00,      1, 
08:00:00 12/03/2024,        0.00,      1, 
09:00:00 12/03/2024,        0.00,      1, 
10:00:00 12/03/2024,        0.00,      1, 
11:00:00 12/03/2024,        0.00,      1, 
12:00:00 12/03/2024,        0.00,      1, 
13:00:00 12/03/2024,        0.00,      1, 
14:00:00 12/03/2024,        0.00,      1, 
15:00:00 12/03/2024,        0.00,      1, 
16:00:00 12/03/2024,        0.00,      1, 
17:00:00 12/03/2024,        0.00,      1, 
18:00:00 12/03/2024,        0.00,      1, 
19:00:00 12/03/2024,        0.00,      1, 
20:00:00 12/03/2024,        0.00,      1, 
21:00:00 12/03/2024,        0.00,      1, 
22:00:00 12/03/2024,        0.00,      1, 
23:00:00 12/03/2024,        0.00,      1, 
00:00:00 12/04/2024,        0.00,      1, 
01:00:00 12/04/2024,        0.00,      1, 
02:00:00 12/04/2024,        0.00,      1, 
03:00:00 12/04/2024,        0.00,      1, 
04:00:00 12/04/2024,        0.00,      1, 
05:00:00 12/04/2024,        0.00,      1, 
06:00:00 12/04/2024,        0.00,      1, 
07:00:00 12/04/2024,        0.00,      1, 
08:00:00 12/04/2024,        0.00,      1, 
09:00:00 12/04/2024,        0.00,      1, 
10:00:00 12/04/2024,        0.00,      1, 
11:00:00 12/04/2024,        0.00,      1, 
12:00:00 12/04/2024,        0.00,      1, 
13:00:00 12/04/2024,        0.00,      1, 
14:00:00 12/04/2024,        0.00,      1, 
15:00:00 12/04/2024,        0.00,      1, 
16:00:00 12/04/2024,        0.00,      1, 
17:00:00 12/04/2024,        0.00,      1, 
18:00:00 12/04/2024,        0.00,      1, 
19:00:00 12/04/2024,        0.00,      1, 
20:00:00 12/04/2024,        0.00,      1, 
21:00:00 12/04/2024,        0.00,      1, 
22:00:00 12/04/2024,        0.00,      1, 
23:00:00 12/04/2024,        0.00,      1, 
00:00:00 12/05/2024,        0.00,      1, 
01:00:00 12/05/2024,        0.00,      1, 
02:00:00 12/05/2024,        0.00,      1, 
03:00:00 12/05/2024,        0.00,      1, 
04:00:00 12/05/2024,        0.00,      1, 
05:00:00 12/05/2024,        0.00,      1, 
06:00:00 12/05/2024,        0.00,      1, 
07:00:00 12/05/2024,        0.00,      1, 
08:00:00 12/05/2024,        0.00,      1, 
09:00:00 12/05/2024,        0.00,      1, 
10:00:00 12/05/2024,        0.00,      1, 
11:00:00 12/05/2024,        0.00,      1, 
12:00:00 12/05/2024,        0.00,      1, 
13:00:00 12/05/2024,        0.00,      1, 
14:00:00 12/05/2024,        0.00,      1, 
15:00:00 12/05/2024,        0.00,      1, 
16:00:00 12/05/2024,        0.00,      1, 
17:00:00 12/05/2024,        0.00,      1, 
18:00:00 12/05/2024,        0.00,      1, 
19:00:00 12/05/2024,        0.00,      1, 
20:00:00 12/05/2024,        0.00,      1, 
21:00:00 12/05/2024,        0.00,      1, 
22:00:00 12/05/2024,        0.00,      1, 
23:00:00 12/05/2024,        0.00,      1, 
00:00:00 12/06/2024,        0.00,      1, 
01:00:00 12/06/2024,        0.00,      1, 
02:00:00 12/06/2024,        0.00,      1, 
03:00:00 12/06/2024,        0.00,      1, 
04:00:00 12/06/2024,        0.00,      1, 
05:00:00 12/06/2024,        0.00,      1, 
06:00:00 12/06/2024,        0.00,      1, 
07:00:00 12/06/2024,        0.00,      1, 
08:00:00 12/06/2024,        0.00,      1, 
09:00:00 12/06/2024,        0.00,      1, 
10:00:00 12/06/2024,        0.00,      1, 
11:00:00 12/06/2024,        0.00,      1, 
12:00:00 12/06/2024,        0.00,      1, 
13:00:00 12/06/2024,        0.00,      1, 
14:00:00 12/06/2024,        0.00,      1, 
15:00:00 12/06/2024,        0.00,      1, 
16:00:00 12/06/2024,        0.00,      1, 
17:00:00 12/06/2024,        0.00,      1, 
18:00:00 12/06/2024,        0.00,      1, 
19:00:00 12/06/2024,        0.00,      1, 
20:00:00 12/06/2024,        0.00,      1, 
21:00:00 12/06/2024,        0.00,      1, 
22:00:00 12/06/2024,        0.00,      1, 
23:00:00 12/06/2024,        0.00,      1, 
00:00:00 12/07/2024,        0.00,      1, 
01:00:00 12/07/2024,        0.00,      1, 
02:00:00 12/07/2024,        0.00,      1, 
03:00:00 12/07/2024,        0.00,      1, 
04:00:00 12/07/2024,        0.00,      1, 
05:00:00 12/07/2024,        0.00,      1, 
06:00:00 12/07/2024,        0.00,      1, 
07:00:00 12/07/2024,        0.00,      1, 
08:00:00 12/07/2024,        0.00,      1, 
09:00:00 12/07/2024,        0.00,      1, 
10:00:00 12/07/2024,        0.00,      1, 
11:00:00 12/07/2024,        0.00,      1, 
12:00:00 12/07/2024,        0.00,      1, 
13:00:00 12/07/2024,        0.00,      1, 
14:00:00 12/07/2024,        0.00,      1, 
15:00:00 12/07/2024,        0.00,      1, 
16:00:00 12/07/2024,        0.00,      1, 
17:00:00 12/07/2024,        0.00,      1, 
18:00:00 12/07/2024,        0.00,      1, 
19:00:00 12/07/2024,        0.00,      1, 
20:00:00 12/07/2024,        0.00,      1, 
21:00:00 12/07/2024,        0.00,      1, 
22:00:00 12/07/2024,        0.00,      1, 
23:00:00 12/07/2024,        0.00,      1, 
00:00:00 12/08/2024,        0.00,      1, 
01:00:00 12/08/2024,        0.00,      1, 
02:00:00 12/08/2024,        0.00,      1, 
03:00:00 12/08/2024,        0.00,      1, 
04:00:00 12/08/2024,        0.00,      1, 
05:00:00 12/08/2024,        0.00,      1, 
06:00:00 12/08/2024,        0.00,      1, 
07:00:00 12/08/2024,        0.00,      1, 
08:00:00 12/08/2024,        0.00,      1, 
09:00:00 12/08/2024,        0.00,      1, 
10:00:00 12/08/2024,        0.00,      1, 
11:00:00 12/08/2024,        0.00,      1, 
12:00:00 12/08/2024,        0.00,      1, 
13:00:00 12/08/2024,        0.00,      1, 
14:00:00 12/08/2024,        0.00,      1, 
15:00:00 12/08/2024,        0.00,      1, 
16:00:00 12/08/2024,        0.00,      1, 
17:00:00 12/08/2024,        0.00,      1, 
18:00:00 12/08/2024,        0.00,      1, 
19:00:00 12/08/2024,        0.00,      1, 
20:00:00 12/08/2024,        0.00,      1, 
21:00:00 12/08/2024,        0.00,      1, 
22:00:00 12/08/2024,        0.00,      1, 
23:00:00 12/08/2024,        0.00,      1, 
00:00:00 12/09/2024,        0.00,      1, 
01:00:00 12/09/2024,        0.00,      1, 
02:00:00 12/09/2024,        0.00,      1, 
03:00:00 12/09/2024,        0.00,      1, 
04:00:00 12/09/2024,        0.00,      1, 
05:00:00 12/09/2024,        0.00,      1, 
06:00:00 12/09/2024,        0.00,      1, 
07:00:00 12/09/2024,        0.00,      1, 
08:00:00 12/09/2024,        0.00,      1, 
09:00:00 12/09/2024,        0.00,      1, 
10:00:00 12/09/2024,        0.00,      1, 
11:00:00 12/09/2024,        0.00,      1, 
12:00:00 12/09/2024,        0.00,      1, 
13:00:00 12/09/2024,        0.00,      1, 
14:00:00 12/09/2024,        0.00,      1, 
15:00:00 12/09/2024,        0.00,      1, 
16:00:00 12/09/2024,        0.00,      1, 
17:00:00 12/09/2024,        0.00,      1, 
18:00:00 12/09/2024,        0.00,      1, 
19:00:00 12/09/2024,        0.00,      1, 
20:00:00 12/09/2024,        0.00,      1, 
21:00:00 12/09/2024,        0.00,      1, 
22:00:00 12/09/2024,        0.00,      1, 
23:00:00 12/09/2024,        0.00,      1, 
00:00:00 12/10/2024,        0.00,      1, 
01:00:00 12/10/2024,        0.00,      1, 
02:00:00 12/10/2024,        0.00,      1, 
03:00:00 12/10/2024,        0.00,      1, 
04:00:00 12/10/2024,        0.00,      1, 
05:00:00 12/10/2024,        0.00,      1, 
06:00:00 12/10/2024,        0.00,      1, 
07:00:00 12/10/2024,        0.00,      1, 
08:00:00 12/10/2024,        0.00,      1, 
09:00:00 12/10/2024,        0.00,      1, 
10:00:00 12/10/2024,        0.00,      1, 
11:00:00 12/10/2024,        0.00,      1, 
12:00:00 12/10/2024,        0.00,      1, 
13:00:00 12/10/2024,        0.00,      1, 
14:00:00 12/10/2024,        0.00,      1, 
15:00:00 12/10/2024,        0.00,      1, 
16:00:00 12/10/2024,        0.00,      1, 
17:00:00 12/10/2024,        0.00,      1, 
18:00:00 12/10/2024,        0.00,      1, 
19:00:00 12/10/2024,        0.00,      1, 
20:00:00 12/10/2024,        0.00,      1, 
21:00:00 12/10/2024,        0.00,      1, 
22:00:00 12/10/2024,        0.00,      1, 
23:00:00 12/10/2024,        0.00,      1, 
00:00:00 12/11/2024,        0.00,      1, 
01:00:00 12/11/2024,        0.00,      1, 
02:00:00 12/11/2024,        0.00,      1, 
03:00:00 12/11/2024,        0.00,      1, 
04:00:00 12/11/2024,        0.00,      1, 
05:00:00 12/11/2024,        0.00,      1, 
06:00:00 12/11/2024,        0.00,      1, 
07:00:00 12/11/2024,        0.00,      1, 
08:00:00 12/11/2024,        0.00,      1, 
09:00:00 12/11/2024,        0.00,      1, 
10:00:00 12/11/2024,        0.00,      1, 
11:00:00 12/11/2024,        0.00,      1, 
12:00:00 12/11/2024,        0.00,      1, 
13:00:00 12/11/2024,        0.00,      1, 
14:00:00 12/11/2024,        0.00,      1, 
15:00:00 12/11/2024,        0.00,      1, 
16:00:00 12/11/2024,        0.00,      1, 
17:00:00 12/11/2024,        0.00,      1, 
18:00:00 12/11/2024,        0.00,      1, 
19:00:00 12/11/2024,        0.00,      1, 
20:00:00 12/11/2024,        0.00,      1, 
21:00:00 12/11/2024,        0.00,      1, 
22:00:00 12/11/2024,        0.00,      1, 
23:00:00 12/11/2024,        0.00,      1, 
00:00:00 12/12/2024,        0.00,      1, 
01:00:00 12/12/2024,        0.00,      1, 
02:00:00 12/12/2024,        0.00,      1, 
03:00:00 12/12/2024,        0.00,      1, 
04:00:00 12/12/2024,        0.00,      1, 
05:00:00 12/12/2024,        0.00,      1, 
06:00:00 12/12/2024,        0.00,      1, 
07:00:00 12/12/2024,        0.00,      1, 
08:00:00 12/12/2024,        0.00,      1, 
09:00:00 12/12/2024,        0.00,      1, 
10:00:00 12/12/2024,        0.00,      1, 
11:00:00 12/12/2024,        0.00,      1, 
12:00:00 12/12/2024,        0.00,      1, 
13:00:00 12/12/2024,        0.00,      1, 
14:00:00 12/12/2024,        0.00,      1, 
15:00:00 12/12/2024,        0.00,      1, 
16:00:00 12/12/2024,        0.00,      1, 
17:00:00 12/12/2024,        0.00,      1, 
18:00:00 12/12/2024,        0.00,      1, 
19:00:00 12/12/2024,        0.00,      1, 
20:00:00 12/12/2024,        0.00,      1, 
21:00:00 12/12/2024,        0.00,      1, 
22:00:00 12/12/2024,        0.00,      1, 
23:00:00 12/12/2024,        0.00,      1, 
00:00:00 12/13/2024,        0.00,      1, 
01:00:00 12/13/2024,        0.00,      1, 
02:00:00 12/13/2024,        0.00,      1, 
03:00:00 12/13/2024,        0.00,      1, 
04:00:00 12/13/2024,        0.00,      1, 
05:00:00 12/13/2024,        0.00,      1, 
06:00:00 12/13/2024,        0.00,      1, 
07:00:00 12/13/2024,        0.00,      1, 
08:00:00 12/13/2024,        0.00,      1, 
09:00:00 12/13/2024,        0.00,      1, 
10:00:00 12/13/2024,        0.00,      1, 
11:00:00 12/13/2024,        0.00,      1, 
12:00:00 12/13/2024,        0.00,      1, 
13:00:00 12/13/2024,        0.00,      1, 
14:00:00 12/13/2024,        0.00,      1, 
15:00:00 12/13/2024,        0.00,      1, 
16:00:00 12/13/2024,        0.00,      1, 
17:00:00 12/13/2024,        0.00,      1, 
18:00:00 12/13/2024,        0.00,      1, 
19:00:00 12/13/2024,        0.00,      1, 
20:00:00 12/13/2024,        0.00,      1, 
21:00:00 12/13/2024,        0.00,      1, 
22:00:00 12/13/2024,        0.00,      1, 
23:00:00 12/13/2024,        0.00,      1, 
00:00:00 12/14/2024,        0.00,      1, 
01:00:00 12/14/2024,        0.00,      1, 
02:00:00 12/14/2024,        0.00,      1, 
03:00:00 12/14/2024,        0.00,      1, 
04:00:00 12/14/2024,        0.00,      1, 
05:00:00 12/14/2024,        0.00,      1, 
06:00:00 12/14/2024,        0.00,      1, 
07:00:00 12/14/2024,        0.00,      1, 
08:00:00 12/14/2024,        0.00,      1, 
09:00:00 12/14/2024,        0.00,      1, 
10:00:00 12/14/2024,        0.00,      1, 
11:00:00 12/14/2024,        0.00,      1, 
12:00:00 12/14/2024,        0.00,      1, 
13:00:00 12/14/2024,        0.00,      1, 
14:00:00 12/14/2024,        0.00,      1, 
15:00:00 12/14/2024,        0.00,      1, 
16:00:00 12/14/2024,        0.00,      1, 
17:00:00 12/14/2024,        0.00,      1, 
18:00:00 12/14/2024,        0.00,      1, 
19:00:00 12/14/2024,        0.00,      1, 
20:00:00 12/14/2024,        0.00,      1, 
21:00:00 12/14/2024,        0.00,      1, 
22:00:00 12/14/2024,        0.00,      1, 
23:00:00 12/14/2024,        0.00,      1, 
00:00:00 12/15/2024,        0.00,      1, 
01:00:00 12/15/2024,        0.00,      1, 
02:00:00 12/15/2024,        0.00,      1, 
03:00:00 12/15/2024,        0.00,      1, 
04:00:00 12/15/2024,        0.00,      1, 
05:00:00 12/15/2024,        0.00,      1, 
06:00:00 12/15/2024,        0.00,      1, 
07:00:00 12/15/2024,        0.00,      1, 
08:00:00 12/15/2024,        0.00,      1, 
09:00:00 12/15/2024,        0.00,      1, 
10:00:00 12/15/2024,        0.00,      1, 
11:00:00 12/15/2024,        0.00,      1, 
12:00:00 12/15/2024,        0.00,      1, 
13:00:00 12/15/2024,        0.00,      1, 
14:00:00 12/15/2024,        0.00,      1, 
15:00:00 12/15/2024,        0.00,      1, 
16:00:00 12/15/2024,        0.00,      1, 
17:00:00 12/15/2024,        0.00,      1, 
18:00:00 12/15/2024,        0.00,      1, 
19:00:00 12/15/2024,        0.00,      1, 
20:00:00 12/15/2024,        0.00,      1, 
21:00:00 12/15/2024,        0.00,      1, 
22:00:00 12/15/2024,        0.00,      1, 
23:00:00 12/15/2024,        0.00,      1, 
00:00:00 12/16/2024,        0.00,      1, 
01:00:00 12/16/2024,        0.00,      1, 
02:00:00 12/16/2024,        0.00,      1, 
03:00:00 12/16/2024,        0.00,      1, 
04:00:00 12/16/2024,        0.00,      1, 
05:00:00 12/16/2024,        0.00,      1, 
06:00:00 12/16/2024,        0.00,      1, 
07:00:00 12/16/2024,        0.00,      1, 
08:00:00 12/16/2024,        0.00,      1, 
09:00:00 12/16/2024,        0.00,      1, 
10:00:00 12/16/2024,        0.00,      1, 
11:00:00 12/16/2024,        0.00,      1, 
12:00:00 12/16/2024,        0.00,      1, 
13:00:00 12/16/2024,        0.00,      1, 
14:00:00 12/16/2024,        0.00,      1, 
15:00:00 12/16/2024,        0.00,      1, 
16:00:00 12/16/2024,        0.00,      1, 
17:00:00 12/16/2024,        0.00,      1, 
18:00:00 12/16/2024,        0.00,      1, 
19:00:00 12/16/2024,        0.00,      1, 
20:00:00 12/16/2024,        0.00,      1, 
21:00:00 12/16/2024,        0.00,      1, 
22:00:00 12/16/2024,        0.00,      1, 
23:00:00 12/16/2024,        0.00,      1, 
00:00:00 12/17/2024,        0.00,      1, 
01:00:00 12/17/2024,        0.00,      1, 
02:00:00 12/17/2024,        0.00,      1, 
03:00:00 12/17/2024,        0.00,      1, 
04:00:00 12/17/2024,        0.00,      1, 
05:00:00 12/17/2024,        0.00,      1, 
06:00:00 12/17/2024,        0.00,      1, 
07:00:00 12/17/2024,        0.00,      1, 
08:00:00 12/17/2024,        0.00,      1, 
09:00:00 12/17/2024,        0.00,      1, 
10:00:00 12/17/2024,        0.00,      1, 
11:00:00 12/17/2024,        0.00,      1, 
12:00:00 12/17/2024,        0.00,      1, 
13:00:00 12/17/2024,        0.00,      1, 
14:00:00 12/17/2024,        0.00,      1, 
15:00:00 12/17/2024,        0.00,      1, 
16:00:00 12/17/2024,        0.00,      1, 
17:00:00 12/17/2024,        0.00,      1, 
18:00:00 12/17/2024,        0.00,      1, 
19:00:00 12/17/2024,        0.00,      1, 
20:00:00 12/17/2024,        0.00,      1, 
21:00:00 12/17/2024,        0.00,      1, 
22:00:00 12/17/2024,        0.00,      1, 
23:00:00 12/17/2024,        0.00,      1, 
00:00:00 12/18/2024,        0.00,      1, 
01:00:00 12/18/2024,        0.00,      1, 
02:00:00 12/18/2024,        0.00,      1, 
03:00:00 12/18/2024,        0.00,      1, 
04:00:00 12/18/2024,        0.00,      1, 
05:00:00 12/18/2024,        0.00,      1, 
06:00:00 12/18/2024,        0.00,      1, 
07:00:00 12/18/2024,        0.00,      1, 
08:00:00 12/18/2024,        0.00,      1, 
09:00:00 12/18/2024,        0.00,      1, 
10:00:00 12/18/2024,        0.00,      1, 
11:00:00 12/18/2024,        0.00,      1, 
12:00:00 12/18/2024,        0.00,      1, 
13:00:00 12/18/2024,        0.00,      1, 
14:00:00 12/18/2024,        0.00,      1, 
15:00:00 12/18/2024,        0.00,      1, 
16:00:00 12/18/2024,        0.00,      1, 
17:00:00 12/18/2024,        0.00,      1, 
18:00:00 12/18/2024,        0.00,      1, 
19:00:00 12/18/2024,        0.00,      1, 
20:00:00 12/18/2024,        0.00,      1, 
21:00:00 12/18/2024,        0.00,      1, 
22:00:00 12/18/2024,        0.00,      1, 
23:00:00 12/18/2024,        0.00,      1, 
00:00:00 12/19/2024,        0.00,      1, 
01:00:00 12/19/2024,        0.00,      1, 
02:00:00 12/19/2024,        0.00,      1, 
03:00:00 12/19/2024,        0.00,      1, 
04:00:00 12/19/2024,        0.00,      1, 
05:00:00 12/19/2024,        0.00,      1, 
06:00:00 12/19/2024,        0.00,      1, 
07:00:00 12/19/2024,        0.00,      1, 
08:00:00 12/19/2024,        0.00,      1, 
09:00:00 12/19/2024,        0.00,      1, 
10:00:00 12/19/2024,        0.00,      1, 
11:00:00 12/19/2024,        0.00,      1, 
12:00:00 12/19/2024,        0.00,      1, 
13:00:00 12/19/2024,        0.00,      1, 
14:00:00 12/19/2024,        0.00,      1, 
15:00:00 12/19/2024,        0.00,      1, 
16:00:00 12/19/2024,        0.00,      1, 
17:00:00 12/19/2024,        0.00,      1, 
18:00:00 12/19/2024,        0.00,      1, 
19:00:00 12/19/2024,        0.00,      1, 
20:00:00 12/19/2024,        0.00,      1, 
21:00:00 12/19/2024,        0.00,      1, 
22:00:00 12/19/2024,        0.00,      1, 
23:00:00 12/19/2024,        0.00,      1, 
00:00:00 12/20/2024,        0.00,      1, 
01:00:00 12/20/2024,        0.00,      1, 
02:00:00 12/20/2024,        0.00,      1, 
03:00:00 12/20/2024,        0.00,      1, 
04:00:00 12/20/2024,        0.00,      1, 
05:00:00 12/20/2024,        0.00,      1, 
06:00:00 12/20/2024,        0.00,      1, 
07:00:00 12/20/2024,        0.00,      1, 
08:00:00 12/20/2024,        0.00,      1, 
09:00:00 12/20/2024,        0.00,      1, 
10:00:00 12/20/2024,        0.00,      1, 
11:00:00 12/20/2024,        0.00,      1, 
12:00:00 12/20/2024,        0.00,      1, 
13:00:00 12/20/2024,        0.00,      1, 
14:00:00 12/20/2024,        0.00,      1, 
15:00:00 12/20/2024,        0.00,      1, 
16:00:00 12/20/2024,        0.00,      1, 
17:00:00 12/20/2024,        0.00,      1, 
18:00:00 12/20/2024,        0.00,      1, 
19:00:00 12/20/2024,        0.00,      1, 
20:00:00 12/20/2024,        0.00,      1, 
21:00:00 12/20/2024,        0.00,      1, 
22:00:00 12/20/2024,        0.00,      1, 
23:00:00 12/20/2024,        0.00,      1, 
00:00:00 12/21/2024,        0.00,      1, 
01:00:00 12/21/2024,        0.00,      1, 
02:00:00 12/21/2024,        0.00,      1, 
03:00:00 12/21/2024,        0.00,      1, 
04:00:00 12/21/2024,        0.00,      1, 
05:00:00 12/21/2024,        0.00,      1, 
06:00:00 12/21/2024,        0.00,      1, 
07:00:00 12/21/2024,        0.00,      1, 
08:00:00 12/21/2024,        0.00,      1, 
09:00:00 12/21/2024,        0.00,      1, 
10:00:00 12/21/2024,        0.00,      1, 
11:00:00 12/21/2024,        0.00,      1, 
12:00:00 12/21/2024,        0.00,      1, 
13:00:00 12/21/2024,        0.00,      1, 
14:00:00 12/21/2024,        0.00,      1, 
15:00:00 12/21/2024,        0.00,      1, 
16:00:00 12/21/2024,        0.00,      1, 
17:00:00 12/21/2024,        0.00,      1, 
18:00:00 12/21/2024,        0.00,      1, 
19:00:00 12/21/2024,        0.00,      1, 
20:00:00 12/21/2024,        0.00,      1, 
21:00:00 12/21/2024,        0.00,      1, 
22:00:00 12/21/2024,        0.00,      1, 
23:00:00 12/21/2024,        0.00,      1, 
00:00:00 12/22/2024,        0.00,      1, 
01:00:00 12/22/2024,        0.00,      1, 
02:00:00 12/22/2024,        0.00,      1, 
03:00:00 12/22/2024,        0.00,      1, 
04:00:00 12/22/2024,        0.00,      1, 
05:00:00 12/22/2024,        0.00,      1, 
06:00:00 12/22/2024,        0.00,      1, 
07:00:00 12/22/2024,        0.00,      1, 
08:00:00 12/22/2024,        0.00,      1, 
09:00:00 12/22/2024,        0.00,      1, 
10:00:00 12/22/2024,        0.00,      1, 
11:00:00 12/22/2024,        0.00,      1, 
12:00:00 12/22/2024,        0.00,      1, 
13:00:00 12/22/2024,        0.00,      1, 
14:00:00 12/22/2024,        0.00,      1, 
15:00:00 12/22/2024,        0.00,      1, 
16:00:00 12/22/2024,        0.00,      1, 
17:00:00 12/22/2024,        0.00,      1, 
18:00:00 12/22/2024,        0.00,      1, 
19:00:00 12/22/2024,        0.00,      1, 
20:00:00 12/22/2024,        0.00,      1, 
21:00:00 12/22/2024,        0.00,      1, 
22:00:00 12/22/2024,        0.00,      1, 
23:00:00 12/22/2024,        0.00,      1, 
00:00:00 12/23/2024,        0.00,      1, 
01:00:00 12/23/2024,        0.00,      1, 
02:00:00 12/23/2024,        0.00,      1, 
03:00:00 12/23/2024,        0.00,      1, 
04:00:00 12/23/2024,        0.00,      1, 
05:00:00 12/23/2024,        0.00,      1, 
06:00:00 12/23/2024,        0.00,      1, 
07:00:00 12/23/2024,        0.00,      1, 
08:00:00 12/23/2024,        0.00,      1, 
09:00:00 12/23/2024,        0.00,      1, 
10:00:00 12/23/2024,        0.00,      1, 
11:00:00 12/23/2024,        0.00,      1, 
12:00:00 12/23/2024,        0.00,      1, 
13:00:00 12/23/2024,        0.00,      1, 
14:00:00 12/23/2024,        0.00,      1, 
15:00:00 12/23/2024,        0.00,      1, 
16:00:00 12/23/2024,        0.00,      1, 
17:00:00 12/23/2024,        0.00,      1, 
18:00:00 12/23/2024,        0.00,      1, 
19:00:00 12/23/2024,        0.00,      1, 
20:00:00 12/23/2024,        0.00,      1, 
21:00:00 12/23/2024,        0.00,      1, 
22:00:00 12/23/2024,        0.00,      1, 
23:00:00 12/23/2024,        0.00,      1, 
00:00:00 12/24/2024,        0.00,      1, 
01:00:00 12/24/2024,        0.00,      1, 
02:00:00 12/24/2024,        0.00,      1, 
03:00:00 12/24/2024,        0.00,      1, 
04:00:00 12/24/2024,        0.00,      1, 
05:00:00 12/24/2024,        0.00,      1, 
06:00:00 12/24/2024,        0.00,      1, 
07:00:00 12/24/2024,        0.00,      1, 
08:00:00 12/24/2024,        0.00,      1, 
09:00:00 12/24/2024,        0.00,      1, 
10:00:00 12/24/2024,        0.00,      1, 
11:00:00 12/24/2024,        0.00,      1, 
12:00:00 12/24/2024,        0.00,      1, 
13:00:00 12/24/2024,        0.00,      1, 
14:00:00 12/24/2024,        0.00,      1, 
15:00:00 12/24/2024,        0.00,      1, 
16:00:00 12/24/2024,        0.00,      1, 
17:00:00 12/24/2024,        0.00,      1, 
18:00:00 12/24/2024,        0.00,      1, 
19:00:00 12/24/2024,        0.00,      1, 
20:00:00 12/24/2024,        0.00,      1, 
21:00:00 12/24/2024,        0.00,      1, 
22:00:00 12/24/2024,        0.00,      1, 
23:00:00 12/24/2024,        0.00,      1, 
00:00:00 12/25/2024,        0.00,      1, 
01:00:00 12/25/2024,        0.00,      1, 
02:00:00 12/25/2024,        0.00,      1, 
03:00:00 12/25/2024,        0.00,      1, 
04:00:00 12/25/2024,        0.00,      1, 
05:00:00 12/25/2024,        0.00,      1, 
06:00:00 12/25/2024,        0.00,      1, 
07:00:00 12/25/2024,        0.00,      1, 
08:00:00 12/25/2024,        0.00,      1, 
09:00:00 12/25/2024,        0.00,      1, 
10:00:00 12/25/2024,        0.00,      1, 
11:00:00 12/25/2024,        0.00,      1, 
12:00:00 12/25/2024,        0.00,      1, 
13:00:00 12/25/2024,        0.00,      1, 
14:00:00 12/25/2024,        0.00,      1, 
15:00:00 12/25/2024,        0.00,      1, 
16:00:00 12/25/2024,        0.00,      1, 
17:00:00 12/25/2024,        0.00,      1, 
18:00:00 12/25/2024,        0.00,      1, 
19:00:00 12/25/2024,        0.00,      1, 
20:00:00 12/25/2024,        0.00,      1, 
21:00:00 12/25/2024,        0.00,      1, 
22:00:00 12/25/2024,        0.00,      1, 
23:00:00 12/25/2024,        0.00,      1, 
00:00:00 12/26/2024,        0.00,      1, 
01:00:00 12/26/2024,        0.00,      1, 
02:00:00 12/26/2024,        0.00,      1, 
03:00:00 12/26/2024,        0.00,      1, 
04:00:00 12/26/2024,        0.00,      1, 
05:00:00 12/26/2024,        0.00,      1, 
06:00:00 12/26/2024,        0.00,      1, 
07:00:00 12/26/2024,        0.00,      1, 
08:00:00 12/26/2024,        0.00,      1, 
09:00:00 12/26/2024,        0.00,      1, 
10:00:00 12/26/2024,        0.00,      1, 
11:00:00 12/26/2024,        0.00,      1, 
12:00:00 12/26/2024,        0.00,      1, 
13:00:00 12/26/2024,        0.00,      1, 
14:00:00 12/26/2024,        0.00,      1, 
15:00:00 12/26/2024,        0.00,      1, 
16:00:00 12/26/2024,        0.00,      1, 
17:00:00 12/26/2024,        0.00,      1, 
18:00:00 12/26/2024,        0.00,      1, 
19:00:00 12/26/2024,        0.00,      1, 
20:00:00 12/26/2024,        0.00,      1, 
21:00:00 12/26/2024,        0.00,      1, 
22:00:00 12/26/2024,        0.00,      1, 
23:00:00 12/26/2024,        0.00,      1, 
00:00:00 12/27/2024,        0.00,      1, 
01:00:00 12/27/2024,        0.00,      1, 
02:00:00 12/27/2024,        0.00,      1, 
03:00:00 12/27/2024,        0.00,      1, 
04:00:00 12/27/2024,        0.00,      1, 
05:00:00 12/27/2024,        0.00,      1, 
06:00:00 12/27/2024,        0.00,      1, 
07:00:00 12/27/2024,        0.00,      1, 
08:00:00 12/27/2024,        0.00,      1, 
09:00:00 12/27/2024,        0.00,      1, 
10:00:00 12/27/2024,        0.00,      1, 
11:00:00 12/27/2024,        0.00,      1, 
12:00:00 12/27/2024,        0.00,      1, 
13:00:00 12/27/2024,        0.00,      1, 
14:00:00 12/27/2024,        0.00,      1, 
15:00:00 12/27/2024,        0.00,      1, 
16:00:00 12/27/2024,        0.00,      1, 
17:00:00 12/27/2024,        0.00,      1, 
18:00:00 12/27/2024,        0.00,      1, 
19:00:00 12/27/2024,        0.00,      1, 
20:00:00 12/27/2024,        0.00,      1, 
21:00:00 12/27/2024,        0.00,      1, 
22:00:00 12/27/2024,        0.00,      1, 
23:00:00 12/27/2024,        0.00,      1, 
00:00:00 12/28/2024,        0.00,      1, 
01:00:00 12/28/2024,        0.00,      1, 
02:00:00 12/28/2024,        0.00,      1, 
03:00:00 12/28/2024,        0.00,      1, 
04:00:00 12/28/2024,        0.00,      1, 
05:00:00 12/28/2024,        0.00,      1, 
06:00:00 12/28/2024,        0.00,      1, 
07:00:00 12/28/2024,        0.00,      1, 
08:00:00 12/28/2024,        0.00,      1, 
09:00:00 12/28/2024,        0.00,      1, 
10:00:00 12/28/2024,        0.00,      1, 
11:00:00 12/28/2024,        0.00,      1, 
12:00:00 12/28/2024,        0.00,      1, 
13:00:00 12/28/2024,        0.00,      1, 
14:00:00 12/28/2024,        0.00,      1, 
15:00:00 12/28/2024,        0.00,      1, 
16:00:00 12/28/2024,        0.00,      1, 
17:00:00 12/28/2024,        0.00,      1, 
18:00:00 12/28/2024,        0.00,      1, 
19:00:00 12/28/2024,        0.00,      1, 
20:00:00 12/28/2024,        0.00,      1, 
21:00:00 12/28/2024,        0.00,      1, 
22:00:00 12/28/2024,        0.00,      1, 
23:00:00 12/28/2024,        0.00,      1, 
00:00:00 12/29/2024,        0.00,      1, 
01:00:00 12/29/2024,        0.00,      1, 
02:00:00 12/29/2024,        0.00,      1, 
03:00:00 12/29/2024,        0.00,      1, 
04:00:00 12/29/2024,        0.00,      1, 
05:00:00 12/29/2024,        0.00,      1, 
06:00:00 12/29/2024,        0.00,      1, 
07:00:00 12/29/2024,        0.00,      1, 
08:00:00 12/29/2024,        0.00,      1, 
09:00:00 12/29/2024,        0.00,      1, 
10:00:00 12/29/2024,        0.00,      1, 
11:00:00 12/29/2024,        0.00,      1, 
12:00:00 12/29/2024,        0.00,      1, 
13:00:00 12/29/2024,        0.00,      1, 
14:00:00 12/29/2024,        0.00,      1, 
15:00:00 12/29/2024,        0.00,      1, 
16:00:00 12/29/2024,        0.00,      1, 
17:00:00 12/29/2024,        0.00,      1, 
18:00:00 12/29/2024,        0.00,      1, 
19:00:00 12/29/2024,        0.00,      1, 
20:00:00 12/29/2024,        0.00,      1, 
21:00:00 12/29/2024,        0.00,      1, 
22:00:00 12/29/2024,        0.00,      1, 
23:00:00 12/29/2024,        0.00,      1, 
00:00:00 12/30/2024,        0.00,      1, 
01:00:00 12/30/2024,        0.00,      1, 
02:00:00 12/30/2024,        0.00,      1, 
03:00:00 12/30/2024,        0.00,      1, 
04:00:00 12/30/2024,        0.00,      1, 
05:00:00 12/30/2024,        0.00,      1, 
06:00:00 12/30/2024,        0.00,      1, 
07:00:00 12/30/2024,        0.00,      1, 
08:00:00 12/30/2024,        0.00,      1, 
09:00:00 12/30/2024,        0.00,      1, 
10:00:00 12/30/2024,        0.00,      1, 
11:00:00 12/30/2024,        0.00,      1, 
12:00:00 12/30/2024,        0.00,      1, 
13:00:00 12/30/2024,        0.00,      1, 
14:00:00 12/30/2024,        0.00,      1, 
15:00:00 12/30/2024,        0.00,      1, 
16:00:00 12/30/2024,        0.00,      1, 
17:00:00 12/30/2024,        0.00,      1, 
18:00:00 12/30/2024,        0.00,      1, 
19:00:00 12/30/2024,        0.00,      1, 
20:00:00 12/30/2024,        0.00,      1, 
21:00:00 12/30/2024,        0.00,      1, 
22:00:00 12/30/2024,        0.00,      1, 
23:00:00 12/30/2024,        0.00,      1, 
00:00:00 12/31/2024,        0.00,      1, 
01:00:00 12/31/2024,        0.00,      1, 
02:00:00 12/31/2024,        0.00,      1, 
03:00:00 12/31/2024,        0.00,      1, 
04:00:00 12/31/2024,        0.00,      1, 
05:00:00 12/31/2024,        0.00,      1, 
06:00:00 12/31/2024,        0.00,      1, 
07:00:00 12/31/2024,        0.00,      1, 
08:00:00 12/31/2024,        0.00,      1, 
09:00:00 12/31/2024,        0.00,      1, 
10:00:00 12/31/2024,        0.00,      1, 
11:00:00 12/31/2024,        0.00,      1, 
12:00:00 12/31/2024,        0.00,      1, 
13:00:00 12/31/2024,        0.00,      1, 
14:00:00 12/31/2024,        0.00,      1, 
15:00:00 12/31/2024,        0.00,      1, 
16:00:00 12/31/2024,        0.00,      1, 
17:00:00 12/31/2024,        0.00,      1, 
18:00:00 12/31/2024,        0.00,      1, 
19:00:00 12/31/2024,        0.00,      1, 
20:00:00 12/31/2024,        0.00,      1, 
21:00:00 12/31/2024,        0.00,      1, 
22:00:00 12/31/2024,        0.00,      1, 
23:00:00 12/31/2024,        0.00,      1, 
00:00:00 01/01/2025,        0.00,      1, 
01:00:00 01/01/2025,        0.00,      1, 
02:00:00 01/01/2025,        0.00,      1, 
03:00:00 01/01/2025,        0.04,      1, 
04:00:00 01/01/2025,        0.00,      1, 
05:00:00 01/01/2025,        0.00,      1, 
06:00:00 01/01/2025,        0.00,      1, 
07:00:00 01/01/2025,        0.00,      1, 
08:00:00 01/01/2025,        0.00,      1, 
09:00:00 01/01/2025,        0.00,      1, 
10:00:00 01/01/2025,        0.00,      1, 
11:00:00 01/01/2025,        0.00,      1, 
12:00:00 01/01/2025,        0.00,      1, 
13:00:00 01/01/2025,        0.00,      1, 
14:00:00 01/01/2025,        0.00,      1, 
15:00:00 01/01/2025,        0.00,      1, 
16:00:00 01/01/2025,        0.00,      1, 
17:00:00 01/01/2025,        0.00,      1, 
18:00:00 01/01/2025,        0.00,      1, 
19:00:00 01/01/2025,        0.00,      1, 
20:00:00 01/01/2025,        0.00,      1, 
21:00:00 01/01/2025,        0.00,      1, 
22:00:00 01/01/2025,        0.00,      1, 
23:00:00 01/01/2025,        0.00,      1, 
00:00:00 01/02/2025,        0.00,      1, 
01:00:00 01/02/2025,        0.00,      1, 
02:00:00 01/02/2025,        0.00,      1, 
03:00:00 01/02/2025,        0.00,      1, 
04:00:00 01/02/2025,        0.00,      1, 
05:00:00 01/02/2025,        0.00,      1, 
06:00:00 01/02/2025,        0.00,      1, 
07:00:00 01/02/2025,        0.00,      1, 
08:00:00 01/02/2025,        0.00,      1, 
09:00:00 01/02/2025,        0.00,      1, 
10:00:00 01/02/2025,        0.00,      1, 
11:00:00 01/02/2025,        0.00,      1, 
12:00:00 01/02/2025,        0.00,      1, 
13:00:00 01/02/2025,        0.00,      1, 
14:00:00 01/02/2025,        0.00,      1, 
15:00:00 01/02/2025,        0.00,      1, 
16:00:00 01/02/2025,        0.00,      1, 
17:00:00 01/02/2025,        0.00,      1, 
18:00:00 01/02/2025,        0.00,      1, 
19:00:00 01/02/2025,        0.00,      1, 
20:00:00 01/02/2025,        0.00,      1, 
21:00:00 01/02/2025,        0.00,      1, 
22:00:00 01/02/2025,        0.00,      1, 
23:00:00 01/02/2025,        0.00,      1, 
00:00:00 01/03/2025,        0.00,      1, 
01:00:00 01/03/2025,        0.00,      1, 
02:00:00 01/03/2025,        0.00,      1, 
03:00:00 01/03/2025,        0.00,      1, 
04:00:00 01/03/2025,        0.00,      1, 
05:00:00 01/03/2025,        0.00,      1, 
06:00:00 01/03/2025,        0.00,      1, 
07:00:00 01/03/2025,        0.00,      1, 
08:00:00 01/03/2025,        0.00,      1, 
09:00:00 01/03/2025,        0.00,      1, 
10:00:00 01/03/2025,        0.00,      1, 
11:00:00 01/03/2025,        0.00,      1, 
12:00:00 01/03/2025,        0.00,      1, 
13:00:00 01/03/2025,        0.00,      1, 
14:00:00 01/03/2025,        0.00,      1, 
15:00:00 01/03/2025,        0.00,      1, 
16:00:00 01/03/2025,        0.00,      1, 
17:00:00 01/03/2025,        0.00,      1, 
18:00:00 01/03/2025,        0.00,      1, 
19:00:00 01/03/2025,        0.00,      1, 
20:00:00 01/03/2025,        0.00,      1, 
21:00:00 01/03/2025,        0.00,      1, 
22:00:00 01/03/2025,        0.00,      1, 
23:00:00 01/03/2025,        0.00,      1, 
00:00:00 01/04/2025,        0.00,      1, 
01:00:00 01/04/2025,        0.00,      1, 
02:00:00 01/04/2025,        0.00,      1, 
03:00:00 01/04/2025,        0.00,      1, 
04:00:00 01/04/2025,        0.00,      1, 
05:00:00 01/04/2025,        0.00,      1, 
06:00:00 01/04/2025,        0.00,      1, 
07:00:00 01/04/2025,        0.00,      1, 
08:00:00 01/04/2025,        0.00,      1, 
09:00:00 01/04/2025,        0.00,      1, 
10:00:00 01/04/2025,        0.00,      1, 
11:00:00 01/04/2025,        0.00,      1, 
12:00:00 01/04/2025,        0.00,      1, 
13:00:00 01/04/2025,        0.00,      1, 
14:00:00 01/04/2025,        0.00,      1, 
15:00:00 01/04/2025,        0.00,      1, 
16:00:00 01/04/2025,        0.00,      1, 
17:00:00 01/04/2025,        0.00,      1, 
18:00:00 01/04/2025,        0.00,      1, 
19:00:00 01/04/2025,        0.00,      1, 
20:00:00 01/04/2025,        0.00,      1, 
21:00:00 01/04/2025,        0.00,      1, 
22:00:00 01/04/2025,        0.00,      1, 
23:00:00 01/04/2025,        0.00,      1, 
00:00:00 01/05/2025,        0.00,      1, 
01:00:00 01/05/2025,        0.00,      1, 
02:00:00 01/05/2025,        0.00,      1, 
03:00:00 01/05/2025,        0.00,      1, 
04:00:00 01/05/2025,        0.00,      1, 
05:00:00 01/05/2025,        0.00,      1, 
06:00:00 01/05/2025,        0.00,      1, 
07:00:00 01/05/2025,        0.00,      1, 
08:00:00 01/05/2025,        0.00,      1, 
09:00:00 01/05/2025,        0.00,      1, 
10:00:00 01/05/2025,        0.00,      1, 
11:00:00 01/05/2025,        0.00,      1, 
12:00:00 01/05/2025,        0.00,      1, 
13:00:00 01/05/2025,        0.00,      1, 
14:00:00 01/05/2025,        0.00,      1, 
15:00:00 01/05/2025,        0.00,      1, 
16:00:00 01/05/2025,        0.00,      1, 
17:00:00 01/05/2025,        0.00,      1, 
18:00:00 01/05/2025,        0.00,      1, 
19:00:00 01/05/2025,        0.00,      1, 
20:00:00 01/05/2025,        0.00,      1, 
21:00:00 01/05/2025,        0.00,      1, 
22:00:00 01/05/2025,        0.00,      1, 
23:00:00 01/05/2025,        0.00,      1, 
00:00:00 01/06/2025,        0.00,      1, 
01:00:00 01/06/2025,        0.00,      1, 
02:00:00 01/06/2025,        0.00,      1, 
03:00:00 01/06/2025,        0.00,      1, 
04:00:00 01/06/2025,        0.00,      1, 
05:00:00 01/06/2025,        0.00,      1, 
06:00:00 01/06/2025,        0.00,      1, 
07:00:00 01/06/2025,        0.00,      1, 
08:00:00 01/06/2025,        0.00,      1, 
09:00:00 01/06/2025,        0.00,      1, 
10:00:00 01/06/2025,        0.00,      1, 
11:00:00 01/06/2025,        0.00,      1, 
12:00:00 01/06/2025,        0.00,      1, 
13:00:00 01/06/2025,        0.00,      1, 
14:00:00 01/06/2025,        0.00,      1, 
15:00:00 01/06/2025,        0.00,      1, 
16:00:00 01/06/2025,        0.00,      1, 
17:00:00 01/06/2025,        0.00,      1, 
18:00:00 01/06/2025,        0.00,      1, 
19:00:00 01/06/2025,        0.00,      1, 
20:00:00 01/06/2025,        0.00,      1, 
21:00:00 01/06/2025,        0.00,      1, 
22:00:00 01/06/2025,        0.00,      1, 
23:00:00 01/06/2025,        0.00,      1, 
00:00:00 01/07/2025,        0.00,      1, 
01:00:00 01/07/2025,        0.00,      1, 
02:00:00 01/07/2025,        0.00,      1, 
03:00:00 01/07/2025,        0.00,      1, 
04:00:00 01/07/2025,        0.00,      1, 
05:00:00 01/07/2025,        0.00,      1, 
06:00:00 01/07/2025,        0.00,      1, 
07:00:00 01/07/2025,        0.00,      1, 
08:00:00 01/07/2025,        0.00,      1, 
09:00:00 01/07/2025,        0.00,      1, 
10:00:00 01/07/2025,        0.00,      1, 
11:00:00 01/07/2025,        0.00,      1, 
12:00:00 01/07/2025,        0.00,      1, 
13:00:00 01/07/2025,        0.00,      1, 
14:00:00 01/07/2025,        0.00,      1, 
15:00:00 01/07/2025,        0.00,      1, 
16:00:00 01/07/2025,        0.00,      1, 
17:00:00 01/07/2025,        0.00,      1, 
18:00:00 01/07/2025,        0.00,      1, 
19:00:00 01/07/2025,        0.00,      1, 
20:00:00 01/07/2025,        0.00,      1, 
21:00:00 01/07/2025,        0.00,      1, 
22:00:00 01/07/2025,        0.00,      1, 
23:00:00 01/07/2025,        0.00,      1, 
00:00:00 01/08/2025,        0.00,      1, 
01:00:00 01/08/2025,        0.00,      1, 
02:00:00 01/08/2025,        0.00,      1, 
03:00:00 01/08/2025,        0.00,      1, 
04:00:00 01/08/2025,        0.00,      1, 
05:00:00 01/08/2025,        0.00,      1, 
06:00:00 01/08/2025,        0.00,      1, 
07:00:00 01/08/2025,        0.00,      1, 
08:00:00 01/08/2025,        0.00,      1, 
09:00:00 01/08/2025,        0.00,      1, 
10:00:00 01/08/2025,        0.00,      1, 
11:00:00 01/08/2025,        0.00,      1, 
12:00:00 01/08/2025,        0.00,      1, 
13:00:00 01/08/2025,        0.00,      1, 
14:00:00 01/08/2025,        0.00,      1, 
15:00:00 01/08/2025,        0.00,      1, 
16:00:00 01/08/2025,        0.00,      1, 
17:00:00 01/08/2025,        0.00,      1, 
18:00:00 01/08/2025,        0.00,      1, 
19:00:00 01/08/2025,        0.00,      1, 
20:00:00 01/08/2025,        0.00,      1, 
21:00:00 01/08/2025,        0.00,      1, 
22:00:00 01/08/2025,        0.00,      1, 
23:00:00 01/08/2025,        0.00,      1, 
00:00:00 01/09/2025,        0.00,      1, 
01:00:00 01/09/2025,        0.00,      1, 
02:00:00 01/09/2025,        0.00,      1, 
03:00:00 01/09/2025,        0.00,      1, 
04:00:00 01/09/2025,        0.00,      1, 
05:00:00 01/09/2025,        0.00,      1, 
06:00:00 01/09/2025,        0.00,      1, 
07:00:00 01/09/2025,        0.00,      1, 
08:00:00 01/09/2025,        0.00,      1, 
09:00:00 01/09/2025,        0.00,      1, 
10:00:00 01/09/2025,        0.00,      1, 
11:00:00 01/09/2025,        0.00,      1, 
12:00:00 01/09/2025,        0.00,      1, 
13:00:00 01/09/2025,        0.00,      1, 
14:00:00 01/09/2025,        0.00,      1, 
15:00:00 01/09/2025,        0.00,      1, 
16:00:00 01/09/2025,        0.00,      1, 
17:00:00 01/09/2025,        0.00,      1, 
18:00:00 01/09/2025,        0.00,      1, 
19:00:00 01/09/2025,        0.00,      1, 
20:00:00 01/09/2025,        0.00,      1, 
21:00:00 01/09/2025,        0.00,      1, 
22:00:00 01/09/2025,        0.00,      1, 
23:00:00 01/09/2025,        0.00,      1, 
00:00:00 01/10/2025,        0.00,      1, 
01:00:00 01/10/2025,        0.00,      1, 
02:00:00 01/10/2025,        0.00,      1, 
03:00:00 01/10/2025,        0.00,      1, 
04:00:00 01/10/2025,        0.00,      1, 
05:00:00 01/10/2025,        0.00,      1, 
06:00:00 01/10/2025,        0.00,      1, 
07:00:00 01/10/2025,        0.00,      1, 
08:00:00 01/10/2025,        0.00,      1, 
09:00:00 01/10/2025,        0.00,      1, 
10:00:00 01/10/2025,        0.00,      1, 
11:00:00 01/10/2025,        0.00,      1, 
12:00:00 01/10/2025,        0.00,      1, 
13:00:00 01/10/2025,        0.00,      1, 
14:00:00 01/10/2025,        0.00,      1, 
15:00:00 01/10/2025,        0.00,      1, 
16:00:00 01/10/2025,        0.00,      1, 
17:00:00 01/10/2025,        0.00,      1, 
18:00:00 01/10/2025,        0.00,      1, 
19:00:00 01/10/2025,        0.00,      1, 
20:00:00 01/10/2025,        0.00,      1, 
21:00:00 01/10/2025,        0.00,      1, 
22:00:00 01/10/2025,        0.00,      1, 
23:00:00 01/10/2025,        0.00,      1, 
00:00:00 01/11/2025,        0.00,      1, 
01:00:00 01/11/2025,        0.00,      1, 
02:00:00 01/11/2025,        0.00,      1, 
03:00:00 01/11/2025,        0.00,      1, 
04:00:00 01/11/2025,        0.00,      1, 
05:00:00 01/11/2025,        0.00,      1, 
06:00:00 01/11/2025,        0.00,      1, 
07:00:00 01/11/2025,        0.00,      1, 
08:00:00 01/11/2025,        0.00,      1, 
09:00:00 01/11/2025,        0.00,      1, 
10:00:00 01/11/2025,        0.00,      1, 
11:00:00 01/11/2025,        0.00,      1, 
12:00:00 01/11/2025,        0.00,      1, 
13:00:00 01/11/2025,        0.00,      1, 
14:00:00 01/11/2025,        0.00,      1, 
15:00:00 01/11/2025,        0.00,      1, 
16:00:00 01/11/2025,        0.00,      1, 
17:00:00 01/11/2025,        0.00,      1, 
18:00:00 01/11/2025,        0.00,      1, 
19:00:00 01/11/2025,        0.00,      1, 
20:00:00 01/11/2025,        0.00,      1, 
21:00:00 01/11/2025,        0.00,      1, 
22:00:00 01/11/2025,        0.00,      1, 
23:00:00 01/11/2025,        0.00,      1, 
00:00:00 01/12/2025,        0.00,      1, 
01:00:00 01/12/2025,        0.00,      1, 
02:00:00 01/12/2025,        0.00,      1, 
03:00:00 01/12/2025,        0.00,      1, 
04:00:00 01/12/2025,        0.00,      1, 
05:00:00 01/12/2025,        0.00,      1, 
06:00:00 01/12/2025,        0.00,      1, 
07:00:00 01/12/2025,        0.00,      1, 
08:00:00 01/12/2025,        0.00,      1, 
09:00:00 01/12/2025,        0.00,      1, 
10:00:00 01/12/2025,        0.00,      1, 
11:00:00 01/12/2025,        0.00,      1, 
12:00:00 01/12/2025,        0.00,      1, 
13:00:00 01/12/2025,        0.00,      1, 
14:00:00 01/12/2025,        0.00,      1, 
15:00:00 01/12/2025,        0.00,      1, 
16:00:00 01/12/2025,        0.00,      1, 
17:00:00 01/12/2025,        0.00,      1, 
18:00:00 01/12/2025,        0.00,      1, 
19:00:00 01/12/2025,        0.00,      1, 
20:00:00 01/12/2025,        0.00,      1, 
21:00:00 01/12/2025,        0.00,      1, 
22:00:00 01/12/2025,        0.00,      1, 
23:00:00 01/12/2025,        0.00,      1, 
00:00:00 01/13/2025,        0.00,      1, 
01:00:00 01/13/2025,        0.00,      1, 
02:00:00 01/13/2025,        0.00,      1, 
03:00:00 01/13/2025,        0.00,      1, 
04:00:00 01/13/2025,        0.00,      1, 
05:00:00 01/13/2025,        0.00,      1, 
06:00:00 01/13/2025,        0.00,      1, 
07:00:00 01/13/2025,        0.00,      1, 
08:00:00 01/13/2025,        0.00,      1, 
09:00:00 01/13/2025,        0.00,      1, 
10:00:00 01/13/2025,        0.00,      1, 
11:00:00 01/13/2025,        0.00,      1, 
12:00:00 01/13/2025,        0.00,      1, 
13:00:00 01/13/2025,        0.00,      1, 
14:00:00 01/13/2025,        0.00,      1, 
15:00:00 01/13/2025,        0.00,      1, 
16:00:00 01/13/2025,        0.00,      1, 
17:00:00 01/13/2025,        0.00,      1, 
18:00:00 01/13/2025,        0.00,      1, 
19:00:00 01/13/2025,        0.00,      1, 
20:00:00 01/13/2025,        0.00,      1, 
21:00:00 01/13/2025,        0.00,      1, 
22:00:00 01/13/2025,        0.00,      1, 
23:00:00 01/13/2025,        0.00,      1, 
00:00:00 01/14/2025,        0.00,      1, 
01:00:00 01/14/2025,        0.00,      1, 
02:00:00 01/14/2025,        0.00,      1, 
03:00:00 01/14/2025,        0.00,      1, 
04:00:00 01/14/2025,        0.00,      1, 
05:00:00 01/14/2025,        0.00,      1, 
06:00:00 01/14/2025,        0.00,      1, 
07:00:00 01/14/2025,        0.00,      1, 
08:00:00 01/14/2025,        0.00,      1, 
09:00:00 01/14/2025,        0.00,      1, 
10:00:00 01/14/2025,        0.00,      1, 
11:00:00 01/14/2025,        0.00,      1, 
12:00:00 01/14/2025,        0.00,      1, 
13:00:00 01/14/2025,        0.00,      1, 
14:00:00 01/14/2025,        0.00,      1, 
15:00:00 01/14/2025,        0.00,      1, 
16:00:00 01/14/2025,        0.00,      1, 
17:00:00 01/14/2025,        0.00,      1, 
18:00:00 01/14/2025,        0.00,      1, 
19:00:00 01/14/2025,        0.00,      1, 
20:00:00 01/14/2025,        0.00,      1, 
21:00:00 01/14/2025,        0.00,      1, 
22:00:00 01/14/2025,        0.00,      1, 
23:00:00 01/14/2025,        0.00,      1, 
00:00:00 01/15/2025,        0.00,      1, 
01:00:00 01/15/2025,        0.00,      1, 
02:00:00 01/15/2025,        0.00,      1, 
03:00:00 01/15/2025,        0.00,      1, 
04:00:00 01/15/2025,        0.00,      1, 
05:00:00 01/15/2025,        0.00,      1, 
06:00:00 01/15/2025,        0.00,      1, 
07:00:00 01/15/2025,        0.00,      1, 
08:00:00 01/15/2025,        0.00,      1, 
09:00:00 01/15/2025,        0.00,      1, 
10:00:00 01/15/2025,        0.00,      1, 
11:00:00 01/15/2025,        0.00,      1, 
12:00:00 01/15/2025,        0.00,      1, 
13:00:00 01/15/2025,        0.00,      1, 
14:00:00 01/15/2025,        0.00,      1, 
15:00:00 01/15/2025,        0.00,      1, 
16:00:00 01/15/2025,        0.00,      1, 
17:00:00 01/15/2025,        0.00,      1, 
18:00:00 01/15/2025,        0.00,      1, 
19:00:00 01/15/2025,        0.00,      1, 
20:00:00 01/15/2025,        0.00,      1, 
21:00:00 01/15/2025,        0.00,      1, 
22:00:00 01/15/2025,        0.00,      1, 
23:00:00 01/15/2025,        0.00,      1, 
00:00:00 01/16/2025,        0.00,      1, 
01:00:00 01/16/2025,        0.00,      1, 
02:00:00 01/16/2025,        0.00,      1, 
03:00:00 01/16/2025,        0.00,      1, 
04:00:00 01/16/2025,        0.00,      1, 
05:00:00 01/16/2025,        0.00,      1, 
06:00:00 01/16/2025,        0.00,      1, 
07:00:00 01/16/2025,        0.00,      1, 
08:00:00 01/16/2025,        0.00,      1, 
09:00:00 01/16/2025,        0.00,      1, 
10:00:00 01/16/2025,        0.00,      1, 
11:00:00 01/16/2025,        0.00,      1, 
12:00:00 01/16/2025,        0.00,      1, 
13:00:00 01/16/2025,        0.00,      1, 
14:00:00 01/16/2025,        0.00,      1, 
15:00:00 01/16/2025,        0.00,      1, 
16:00:00 01/16/2025,        0.00,      1, 
17:00:00 01/16/2025,        0.00,      1, 
18:00:00 01/16/2025,        0.00,      1, 
19:00:00 01/16/2025,        0.00,      1, 
20:00:00 01/16/2025,        0.00,      1, 
21:00:00 01/16/2025,        0.00,      1, 
22:00:00 01/16/2025,        0.00,      1, 
23:00:00 01/16/2025,        0.00,      1, 
00:00:00 01/17/2025,        0.00,      1, 
01:00:00 01/17/2025,        0.00,      1, 
02:00:00 01/17/2025,        0.00,      1, 
03:00:00 01/17/2025,        0.00,      1, 
04:00:00 01/17/2025,        0.00,      1, 
05:00:00 01/17/2025,        0.00,      1, 
06:00:00 01/17/2025,        0.00,      1, 
07:00:00 01/17/2025,        0.00,      1, 
08:00:00 01/17/2025,        0.00,      1, 
09:00:00 01/17/2025,        0.00,      1, 
10:00:00 01/17/2025,        0.00,      1, 
11:00:00 01/17/2025,        0.00,      1, 
12:00:00 01/17/2025,        0.00,      1, 
13:00:00 01/17/2025,        0.00,      1, 
14:00:00 01/17/2025,        0.00,      1, 
15:00:00 01/17/2025,        0.00,      1, 
16:00:00 01/17/2025,        0.00,      1, 
17:00:00 01/17/2025,        0.00,      1, 
18:00:00 01/17/2025,        0.00,      1, 
19:00:00 01/17/2025,        0.00,      1, 
20:00:00 01/17/2025,        0.00,      1, 
21:00:00 01/17/2025,        0.00,      1, 
22:00:00 01/17/2025,        0.00,      1, 
23:00:00 01/17/2025,        0.00,      1, 
00:00:00 01/18/2025,        0.00,      1, 
01:00:00 01/18/2025,        0.00,      1, 
02:00:00 01/18/2025,        0.00,      1, 
03:00:00 01/18/2025,        0.00,      1, 
04:00:00 01/18/2025,        0.00,      1, 
05:00:00 01/18/2025,        0.00,      1, 
06:00:00 01/18/2025,        0.00,      1, 
07:00:00 01/18/2025,        0.00,      1, 
08:00:00 01/18/2025,        0.00,      1, 
09:00:00 01/18/2025,        0.00,      1, 
10:00:00 01/18/2025,        0.00,      1, 
11:00:00 01/18/2025,        0.00,      1, 
12:00:00 01/18/2025,        0.00,      1, 
13:00:00 01/18/2025,        0.00,      1, 
14:00:00 01/18/2025,        0.00,      1, 
15:00:00 01/18/2025,        0.00,      1, 
16:00:00 01/18/2025,        0.00,      1, 
17:00:00 01/18/2025,        0.00,      1, 
18:00:00 01/18/2025,        0.00,      1, 
19:00:00 01/18/2025,        0.00,      1, 
20:00:00 01/18/2025,        0.00,      1, 
21:00:00 01/18/2025,        0.00,      1, 
22:00:00 01/18/2025,        0.00,      1, 
23:00:00 01/18/2025,        0.00,      1, 
00:00:00 01/19/2025,        0.00,      1, 
01:00:00 01/19/2025,        0.00,      1, 
02:00:00 01/19/2025,        0.00,      1, 
03:00:00 01/19/2025,        0.00,      1, 
04:00:00 01/19/2025,        0.00,      1, 
05:00:00 01/19/2025,        0.00,      1, 
06:00:00 01/19/2025,        0.00,      1, 
07:00:00 01/19/2025,        0.00,      1, 
08:00:00 01/19/2025,        0.00,      1, 
09:00:00 01/19/2025,        0.00,      1, 
10:00:00 01/19/2025,        0.00,      1, 
11:00:00 01/19/2025,        0.00,      1, 
12:00:00 01/19/2025,        0.00,      1, 
13:00:00 01/19/2025,        0.00,      1, 
14:00:00 01/19/2025,        0.00,      1, 
15:00:00 01/19/2025,        0.00,      1, 
16:00:00 01/19/2025,        0.00,      1, 
17:00:00 01/19/2025,        0.00,      1, 
18:00:00 01/19/2025,        0.00,      1, 
19:00:00 01/19/2025,        0.00,      1, 
20:00:00 01/19/2025,        0.00,      1, 
21:00:00 01/19/2025,        0.00,      1, 
22:00:00 01/19/2025,        0.00,      1, 
23:00:00 01/19/2025,        0.00,      1, 
00:00:00 01/20/2025,        0.00,      1, 
01:00:00 01/20/2025,        0.00,      1, 
02:00:00 01/20/2025,        0.00,      1, 
03:00:00 01/20/2025,        0.00,      1, 
04:00:00 01/20/2025,        0.00,      1, 
05:00:00 01/20/2025,        0.00,      1, 
06:00:00 01/20/2025,        0.00,      1, 
07:00:00 01/20/2025,        0.00,      1, 
08:00:00 01/20/2025,        0.00,      1, 
09:00:00 01/20/2025,        0.00,      1, 
10:00:00 01/20/2025,        0.00,      1, 
11:00:00 01/20/2025,        0.00,      1, 
12:00:00 01/20/2025,        0.00,      1, 
13:00:00 01/20/2025,        0.00,      1, 
14:00:00 01/20/2025,        0.00,      1, 
15:00:00 01/20/2025,        0.00,      1, 
16:00:00 01/20/2025,        0.00,      1, 
17:00:00 01/20/2025,        0.00,      1, 
18:00:00 01/20/2025,        0.00,      1, 
19:00:00 01/20/2025,        0.00,      1, 
20:00:00 01/20/2025,        0.00,      1, 
21:00:00 01/20/2025,        0.00,      1, 
22:00:00 01/20/2025,        0.00,      1, 
23:00:00 01/20/2025,        0.00,      1, 
00:00:00 01/21/2025,        0.00,      1, 
01:00:00 01/21/2025,        0.00,      1, 
02:00:00 01/21/2025,        0.00,      1, 
03:00:00 01/21/2025,        0.00,      1, 
04:00:00 01/21/2025,        0.00,      1, 
05:00:00 01/21/2025,        0.00,      1, 
06:00:00 01/21/2025,        0.00,      1, 
07:00:00 01/21/2025,        0.00,      1, 
08:00:00 01/21/2025,        0.00,      1, 
09:00:00 01/21/2025,        0.00,      1, 
10:00:00 01/21/2025,        0.00,      1, 
11:00:00 01/21/2025,        0.00,      1, 
12:00:00 01/21/2025,        0.00,      1, 
13:00:00 01/21/2025,        0.00,      1, 
14:00:00 01/21/2025,        0.00,      1, 
15:00:00 01/21/2025,        0.00,      1, 
16:00:00 01/21/2025,        0.00,      1, 
17:00:00 01/21/2025,        0.00,      1, 
18:00:00 01/21/2025,        0.00,      1, 
19:00:00 01/21/2025,        0.00,      1, 
20:00:00 01/21/2025,        0.00,      1, 
21:00:00 01/21/2025,        0.00,      1, 
22:00:00 01/21/2025,        0.00,      1, 
23:00:00 01/21/2025,        0.00,      1, 
00:00:00 01/22/2025,        0.00,      1, 
01:00:00 01/22/2025,        0.00,      1, 
02:00:00 01/22/2025,        0.00,      1, 
03:00:00 01/22/2025,        0.00,      1, 
04:00:00 01/22/2025,        0.00,      1, 
05:00:00 01/22/2025,        0.00,      1, 
06:00:00 01/22/2025,        0.00,      1, 
07:00:00 01/22/2025,        0.00,      1, 
08:00:00 01/22/2025,        0.00,      1, 
09:00:00 01/22/2025,        0.00,      1, 
10:00:00 01/22/2025,        0.00,      1, 
11:00:00 01/22/2025,        0.00,      1, 
12:00:00 01/22/2025,        0.00,      1, 
13:00:00 01/22/2025,        0.00,      1, 
14:00:00 01/22/2025,        0.00,      1, 
15:00:00 01/22/2025,        0.00,      1, 
16:00:00 01/22/2025,        0.00,      1, 
17:00:00 01/22/2025,        0.00,      1, 
18:00:00 01/22/2025,        0.00,      1, 
19:00:00 01/22/2025,        0.00,      1, 
20:00:00 01/22/2025,        0.00,      1, 
21:00:00 01/22/2025,        0.00,      1, 
22:00:00 01/22/2025,        0.00,      1, 
23:00:00 01/22/2025,        0.00,      1, 
00:00:00 01/23/2025,        0.00,      1, 
01:00:00 01/23/2025,        0.00,      1, 
02:00:00 01/23/2025,        0.00,      1, 
03:00:00 01/23/2025,        0.00,      1, 
04:00:00 01/23/2025,        0.00,      1, 
05:00:00 01/23/2025,        0.00,      1, 
06:00:00 01/23/2025,        0.00,      1, 
07:00:00 01/23/2025,        0.00,      1, 
08:00:00 01/23/2025,        0.00,      1, 
09:00:00 01/23/2025,        0.00,      1, 
10:00:00 01/23/2025,        0.00,      1, 
11:00:00 01/23/2025,        0.00,      1, 
12:00:00 01/23/2025,        0.00,      1, 
13:00:00 01/23/2025,        0.00,      1, 
14:00:00 01/23/2025,        0.00,      1, 
15:00:00 01/23/2025,        0.00,      1, 
16:00:00 01/23/2025,        0.00,      1, 
17:00:00 01/23/2025,        0.00,      1, 
18:00:00 01/23/2025,        0.00,      1, 
19:00:00 01/23/2025,        0.00,      1, 
20:00:00 01/23/2025,        0.00,      1, 
21:00:00 01/23/2025,        0.00,      1, 
22:00:00 01/23/2025,        0.00,      1, 
23:00:00 01/23/2025,        0.00,      1, 
00:00:00 01/24/2025,        0.00,      1, 
01:00:00 01/24/2025,        0.00,      1, 
02:00:00 01/24/2025,        0.00,      1, 
03:00:00 01/24/2025,        0.00,      1, 
04:00:00 01/24/2025,        0.00,      1, 
05:00:00 01/24/2025,        0.00,      1, 
06:00:00 01/24/2025,        0.00,      1, 
07:00:00 01/24/2025,        0.00,      1, 
08:00:00 01/24/2025,        0.00,      1, 
09:00:00 01/24/2025,        0.00,      1, 
10:00:00 01/24/2025,        0.00,      1, 
11:00:00 01/24/2025,        0.00,      1, 
12:00:00 01/24/2025,        0.00,      1, 
13:00:00 01/24/2025,        0.00,      1, 
14:00:00 01/24/2025,        0.00,      1, 
15:00:00 01/24/2025,        0.00,      1, 
16:00:00 01/24/2025,        0.00,      1, 
17:00:00 01/24/2025,        0.00,      1, 
18:00:00 01/24/2025,        0.00,      1, 
19:00:00 01/24/2025,        0.00,      1, 
20:00:00 01/24/2025,        0.00,      1, 
21:00:00 01/24/2025,        0.00,      1, 
22:00:00 01/24/2025,        0.00,      1, 
23:00:00 01/24/2025,        0.00,      1, 
00:00:00 01/25/2025,        0.00,      1, 
01:00:00 01/25/2025,        0.00,      1, 
02:00:00 01/25/2025,        0.00,      1, 
03:00:00 01/25/2025,        0.00,      1, 
04:00:00 01/25/2025,        0.00,      1, 
05:00:00 01/25/2025,        0.00,      1, 
06:00:00 01/25/2025,        0.00,      1, 
07:00:00 01/25/2025,        0.00,      1, 
08:00:00 01/25/2025,        0.00,      1, 
09:00:00 01/25/2025,        0.00,      1, 
10:00:00 01/25/2025,        0.00,      1, 
11:00:00 01/25/2025,        0.00,      1, 
12:00:00 01/25/2025,        0.00,      1, 
13:00:00 01/25/2025,        0.00,      1, 
14:00:00 01/25/2025,        0.00,      1, 
15:00:00 01/25/2025,        0.00,      1, 
16:00:00 01/25/2025,        0.00,      1, 
17:00:00 01/25/2025,        0.00,      1, 
18:00:00 01/25/2025,        0.00,      1, 
19:00:00 01/25/2025,        0.00,      1, 
20:00:00 01/25/2025,        0.00,      1, 
21:00:00 01/25/2025,        0.00,      1, 
22:00:00 01/25/2025,        0.00,      1, 
23:00:00 01/25/2025,        0.00,      1, 
00:00:00 01/26/2025,        0.16,      1, 
01:00:00 01/26/2025,        0.00,      1, 
02:00:00 01/26/2025,        0.04,      1, 
03:00:00 01/26/2025,        0.00,      1, 
04:00:00 01/26/2025,        0.04,      1, 
05:00:00 01/26/2025,        0.07,      1, 
06:00:00 01/26/2025,        0.04,      1, 
07:00:00 01/26/2025,        0.04,      1, 
08:00:00 01/26/2025,        0.00,      1, 
09:00:00 01/26/2025,        0.00,      1, 
10:00:00 01/26/2025,        0.00,      1, 
11:00:00 01/26/2025,        0.00,      1, 
12:00:00 01/26/2025,        0.00,      1, 
13:00:00 01/26/2025,        0.00,      1, 
14:00:00 01/26/2025,        0.00,      1, 
15:00:00 01/26/2025,        0.00,      1, 
16:00:00 01/26/2025,        0.04,      1, 
17:00:00 01/26/2025,        0.08,      1, 
18:00:00 01/26/2025,        0.12,      1, 
19:00:00 01/26/2025,        0.00,      1, 
20:00:00 01/26/2025,        0.00,      1, 
21:00:00 01/26/2025,        0.16,      1, 
22:00:00 01/26/2025,        0.04,      1, 
23:00:00 01/26/2025,        0.00,      1, 
00:00:00 01/27/2025,        0.00,      1, 
01:00:00 01/27/2025,        0.04,      1, 
02:00:00 01/27/2025,        0.04,      1, 
03:00:00 01/27/2025,        0.00,      1, 
04:00:00 01/27/2025,        0.00,      1, 
05:00:00 01/27/2025,        0.00,      1, 
06:00:00 01/27/2025,        0.00,      1, 
07:00:00 01/27/2025,        0.00,      1, 
08:00:00 01/27/2025,        0.00,      1, 
09:00:00 01/27/2025,        0.00,      1, 
10:00:00 01/27/2025,        0.00,      1, 
11:00:00 01/27/2025,        0.00,      1, 
12:00:00 01/27/2025,        0.00,      1, 
13:00:00 01/27/2025,        0.00,      1, 
14:00:00 01/27/2025,        0.00,      1, 
15:00:00 01/27/2025,        0.00,      1, 
16:00:00 01/27/2025,        0.00,      1, 
17:00:00 01/27/2025,        0.00,      1, 
18:00:00 01/27/2025,        0.00,      1, 
19:00:00 01/27/2025,        0.00,      1, 
20:00:00 01/27/2025,        0.00,      1, 
21:00:00 01/27/2025,        0.00,      1, 
22:00:00 01/27/2025,        0.00,      1, 
23:00:00 01/27/2025,        0.00,      1, 
00:00:00 01/28/2025,        0.00,      1, 
01:00:00 01/28/2025,        0.00,      1, 
02:00:00 01/28/2025,        0.00,      1, 
03:00:00 01/28/2025,        0.00,      1, 
04:00:00 01/28/2025,        0.00,      1, 
05:00:00 01/28/2025,        0.00,      1, 
06:00:00 01/28/2025,        0.00,      1, 
07:00:00 01/28/2025,        0.00,      1, 
08:00:00 01/28/2025,        0.00,      1, 
09:00:00 01/28/2025,        0.00,      1, 
10:00:00 01/28/2025,        0.00,      1, 
11:00:00 01/28/2025,        0.00,      1, 
12:00:00 01/28/2025,        0.00,      1, 
13:00:00 01/28/2025,        0.00,      1, 
14:00:00 01/28/2025,        0.00,      1, 
15:00:00 01/28/2025,        0.00,      1, 
16:00:00 01/28/2025,        0.00,      1, 
17:00:00 01/28/2025,        0.00,      1, 
18:00:00 01/28/2025,        0.00,      1, 
19:00:00 01/28/2025,        0.00,      1, 
20:00:00 01/28/2025,        0.00,      1, 
21:00:00 01/28/2025,        0.00,      1, 
22:00:00 01/28/2025,        0.00,      1, 
23:00:00 01/28/2025,        0.00,      1, 
00:00:00 01/29/2025,        0.00,      1, 
01:00:00 01/29/2025,        0.00,      1, 
02:00:00 01/29/2025,        0.00,      1, 
03:00:00 01/29/2025,        0.00,      1, 
04:00:00 01/29/2025,        0.00,      1, 
05:00:00 01/29/2025,        0.00,      1, 
06:00:00 01/29/2025,        0.00,      1, 
07:00:00 01/29/2025,        0.00,      1, 
08:00:00 01/29/2025,        0.00,      1, 
09:00:00 01/29/2025,        0.00,      1, 
10:00:00 01/29/2025,        0.00,      1, 
11:00:00 01/29/2025,        0.00,      1, 
12:00:00 01/29/2025,        0.00,      1, 
13:00:00 01/29/2025,        0.00,      1, 
14:00:00 01/29/2025,        0.00,      1, 
15:00:00 01/29/2025,        0.00,      1, 
16:00:00 01/29/2025,        0.00,      1, 
17:00:00 01/29/2025,        0.00,      1, 
18:00:00 01/29/2025,        0.00,      1, 
19:00:00 01/29/2025,        0.00,      1, 
20:00:00 01/29/2025,        0.00,      1, 
21:00:00 01/29/2025,        0.00,      1, 
22:00:00 01/29/2025,        0.00,      1, 
23:00:00 01/29/2025,        0.00,      1, 
00:00:00 01/30/2025,        0.00,      1, 
01:00:00 01/30/2025,        0.00,      1, 
02:00:00 01/30/2025,        0.00,      1, 
03:00:00 01/30/2025,        0.00,      1, 
04:00:00 01/30/2025,        0.00,      1, 
05:00:00 01/30/2025,        0.00,      1, 
06:00:00 01/30/2025,        0.00,      1, 
07:00:00 01/30/2025,        0.00,      1, 
08:00:00 01/30/2025,        0.00,      1, 
09:00:00 01/30/2025,        0.00,      1, 
10:00:00 01/30/2025,        0.00,      1, 
11:00:00 01/30/2025,        0.00,      1, 
12:00:00 01/30/2025,        0.00,      1, 
13:00:00 01/30/2025,        0.00,      1, 
14:00:00 01/30/2025,        0.00,      1, 
15:00:00 01/30/2025,        0.00,      1, 
16:00:00 01/30/2025,        0.00,      1, 
17:00:00 01/30/2025,        0.00,      1, 
18:00:00 01/30/2025,        0.00,      1, 
19:00:00 01/30/2025,        0.00,      1, 
20:00:00 01/30/2025,        0.00,      1, 
21:00:00 01/30/2025,        0.00,      1, 
22:00:00 01/30/2025,        0.00,      1, 
23:00:00 01/30/2025,        0.00,      1, 
00:00:00 01/31/2025,        0.00,      1, 
01:00:00 01/31/2025,        0.00,      1, 
02:00:00 01/31/2025,        0.00,      1, 
03:00:00 01/31/2025,        0.00,      1, 
04:00:00 01/31/2025,        0.00,      1, 
05:00:00 01/31/2025,        0.00,      1, 
06:00:00 01/31/2025,        0.00,      1, 
07:00:00 01/31/2025,        0.00,      1, 
08:00:00 01/31/2025,        0.00,      1, 
09:00:00 01/31/2025,        0.00,      1, 
10:00:00 01/31/2025,        0.00,      1, 
11:00:00 01/31/2025,        0.00,      1, 
12:00:00 01/31/2025,        0.00,      1, 
13:00:00 01/31/2025,        0.00,      1, 
14:00:00 01/31/2025,        0.00,      1, 
15:00:00 01/31/2025,        0.00,      1, 
16:00:00 01/31/2025,        0.00,      1, 
17:00:00 01/31/2025,        0.00,      1, 
18:00:00 01/31/2025,        0.00,      1, 
19:00:00 01/31/2025,        0.00,      1, 
20:00:00 01/31/2025,        0.00,      1, 
21:00:00 01/31/2025,        0.00,      1, 
22:00:00 01/31/2025,        0.00,      1, 
23:00:00 01/31/2025,        0.00,      1, 
00:00:00 02/01/2025,        0.00,      1, 
01:00:00 02/01/2025,        0.00,      1, 
02:00:00 02/01/2025,        0.00,      1, 
03:00:00 02/01/2025,        0.00,      1, 
04:00:00 02/01/2025,        0.00,      1, 
05:00:00 02/01/2025,        0.00,      1, 
06:00:00 02/01/2025,        0.00,      1, 
07:00:00 02/01/2025,        0.00,      1, 
08:00:00 02/01/2025,        0.00,      1, 
09:00:00 02/01/2025,        0.00,      1, 
10:00:00 02/01/2025,        0.00,      1, 
11:00:00 02/01/2025,        0.00,      1, 
12:00:00 02/01/2025,        0.00,      1, 
13:00:00 02/01/2025,        0.00,      1, 
14:00:00 02/01/2025,        0.00,      1, 
15:00:00 02/01/2025,        0.00,      1, 
16:00:00 02/01/2025,        0.00,      1, 
17:00:00 02/01/2025,        0.00,      1, 
18:00:00 02/01/2025,        0.00,      1, 
19:00:00 02/01/2025,        0.00,      1, 
20:00:00 02/01/2025,        0.00,      1, 
21:00:00 02/01/2025,        0.00,      1, 
22:00:00 02/01/2025,        0.00,      1, 
23:00:00 02/01/2025,        0.00,      1, 
00:00:00 02/02/2025,        0.00,      1, 
01:00:00 02/02/2025,        0.00,      1, 
02:00:00 02/02/2025,        0.00,      1, 
03:00:00 02/02/2025,        0.00,      1, 
04:00:00 02/02/2025,        0.00,      1, 
05:00:00 02/02/2025,        0.00,      1, 
06:00:00 02/02/2025,        0.00,      1, 
07:00:00 02/02/2025,        0.00,      1, 
08:00:00 02/02/2025,        0.00,      1, 
09:00:00 02/02/2025,        0.00,      1, 
10:00:00 02/02/2025,        0.00,      1, 
11:00:00 02/02/2025,        0.00,      1, 
12:00:00 02/02/2025,        0.00,      1, 
13:00:00 02/02/2025,        0.00,      1, 
14:00:00 02/02/2025,        0.00,      1, 
15:00:00 02/02/2025,        0.00,      1, 
16:00:00 02/02/2025,        0.00,      1, 
17:00:00 02/02/2025,        0.00,      1, 
18:00:00 02/02/2025,        0.00,      1, 
19:00:00 02/02/2025,        0.00,      1, 
20:00:00 02/02/2025,        0.00,      1, 
21:00:00 02/02/2025,        0.00,      1, 
22:00:00 02/02/2025,        0.00,      1, 
23:00:00 02/02/2025,        0.00,      1, 
00:00:00 02/03/2025,        0.00,      1, 
01:00:00 02/03/2025,        0.00,      1, 
02:00:00 02/03/2025,        0.00,      1, 
03:00:00 02/03/2025,        0.00,      1, 
04:00:00 02/03/2025,        0.00,      1, 
05:00:00 02/03/2025,        0.00,      1, 
06:00:00 02/03/2025,        0.00,      1, 
07:00:00 02/03/2025,        0.00,      1, 
08:00:00 02/03/2025,        0.00,      1, 
09:00:00 02/03/2025,        0.00,      1, 
10:00:00 02/03/2025,        0.00,      1, 
11:00:00 02/03/2025,        0.00,      1, 
12:00:00 02/03/2025,        0.00,      1, 
13:00:00 02/03/2025,        0.00,      1, 
14:00:00 02/03/2025,        0.00,      1, 
15:00:00 02/03/2025,        0.00,      1, 
16:00:00 02/03/2025,        0.00,      1, 
17:00:00 02/03/2025,        0.00,      1, 
18:00:00 02/03/2025,        0.00,      1, 
19:00:00 02/03/2025,        0.00,      1, 
20:00:00 02/03/2025,        0.00,      1, 
21:00:00 02/03/2025,        0.00,      1, 
22:00:00 02/03/2025,        0.00,      1, 
23:00:00 02/03/2025,        0.00,      1, 
00:00:00 02/04/2025,        0.00,      1, 
01:00:00 02/04/2025,        0.00,      1, 
02:00:00 02/04/2025,        0.00,      1, 
03:00:00 02/04/2025,        0.00,      1, 
04:00:00 02/04/2025,        0.00,      1, 
05:00:00 02/04/2025,        0.00,      1, 
06:00:00 02/04/2025,        0.00,      1, 
07:00:00 02/04/2025,        0.00,      1, 
08:00:00 02/04/2025,        0.00,      1, 
09:00:00 02/04/2025,        0.00,      1, 
10:00:00 02/04/2025,        0.00,      1, 
11:00:00 02/04/2025,        0.00,      1, 
12:00:00 02/04/2025,        0.00,      1, 
13:00:00 02/04/2025,        0.00,      1, 
14:00:00 02/04/2025,        0.00,      1, 
15:00:00 02/04/2025,        0.00,      1, 
16:00:00 02/04/2025,        0.00,      1, 
17:00:00 02/04/2025,        0.00,      1, 
18:00:00 02/04/2025,        0.00,      1, 
19:00:00 02/04/2025,        0.00,      1, 
20:00:00 02/04/2025,        0.00,      1, 
21:00:00 02/04/2025,        0.00,      1, 
22:00:00 02/04/2025,        0.00,      1, 
23:00:00 02/04/2025,        0.00,      1, 
00:00:00 02/05/2025,        0.00,      1, 
01:00:00 02/05/2025,        0.00,      1, 
02:00:00 02/05/2025,        0.00,      1, 
03:00:00 02/05/2025,        0.00,      1, 
04:00:00 02/05/2025,        0.00,      1, 
05:00:00 02/05/2025,        0.00,      1, 
06:00:00 02/05/2025,        0.00,      1, 
07:00:00 02/05/2025,        0.00,      1, 
08:00:00 02/05/2025,        0.00,      1, 
09:00:00 02/05/2025,        0.00,      1, 
10:00:00 02/05/2025,        0.00,      1, 
11:00:00 02/05/2025,        0.00,      1, 
12:00:00 02/05/2025,        0.00,      1, 
13:00:00 02/05/2025,        0.00,      1, 
14:00:00 02/05/2025,        0.00,      1, 
15:00:00 02/05/2025,        0.00,      1, 
16:00:00 02/05/2025,        0.00,      1, 
17:00:00 02/05/2025,        0.00,      1, 
18:00:00 02/05/2025,        0.00,      1, 
19:00:00 02/05/2025,        0.00,      1, 
20:00:00 02/05/2025,        0.00,      1, 
21:00:00 02/05/2025,        0.00,      1, 
22:00:00 02/05/2025,        0.00,      1, 
23:00:00 02/05/2025,        0.00,      1, 
00:00:00 02/06/2025,        0.00,      1, 
01:00:00 02/06/2025,        0.00,      1, 
02:00:00 02/06/2025,        0.00,      1, 
03:00:00 02/06/2025,        0.00,      1, 
04:00:00 02/06/2025,        0.00,      1, 
05:00:00 02/06/2025,        0.00,      1, 
06:00:00 02/06/2025,        0.04,      1, 
07:00:00 02/06/2025,        0.00,      1, 
08:00:00 02/06/2025,        0.00,      1, 
09:00:00 02/06/2025,        0.00,      1, 
10:00:00 02/06/2025,        0.00,      1, 
11:00:00 02/06/2025,        0.00,      1, 
12:00:00 02/06/2025,        0.00,      1, 
13:00:00 02/06/2025,        0.00,      1, 
14:00:00 02/06/2025,        0.00,      1, 
15:00:00 02/06/2025,        0.00,      1, 
16:00:00 02/06/2025,        0.00,      1, 
17:00:00 02/06/2025,        0.00,      1, 
18:00:00 02/06/2025,        0.00,      1, 
19:00:00 02/06/2025,        0.00,      1, 
20:00:00 02/06/2025,        0.00,      1, 
21:00:00 02/06/2025,        0.04,      1, 
22:00:00 02/06/2025,        0.00,      1, 
23:00:00 02/06/2025,        0.08,      1, 
00:00:00 02/07/2025,        0.00,      1, 
01:00:00 02/07/2025,        0.00,      1, 
02:00:00 02/07/2025,        0.04,      1, 
03:00:00 02/07/2025,        0.04,      1, 
04:00:00 02/07/2025,        0.00,      1, 
05:00:00 02/07/2025,        0.00,      1, 
06:00:00 02/07/2025,        0.04,      1, 
07:00:00 02/07/2025,        0.00,      1, 
08:00:00 02/07/2025,        0.04,      1, 
09:00:00 02/07/2025,        0.00,      1, 
10:00:00 02/07/2025,        0.00,      1, 
11:00:00 02/07/2025,        0.08,      1, 
12:00:00 02/07/2025,        0.04,      1, 
13:00:00 02/07/2025,        0.00,      1, 
14:00:00 02/07/2025,        0.00,      1, 
15:00:00 02/07/2025,        0.00,      1, 
16:00:00 02/07/2025,        0.00,      1, 
17:00:00 02/07/2025,        0.00,      1, 
18:00:00 02/07/2025,        0.00,      1, 
19:00:00 02/07/2025,        0.00,      1, 
20:00:00 02/07/2025,        0.00,      1, 
21:00:00 02/07/2025,        0.00,      1, 
22:00:00 02/07/2025,        0.00,      1, 
23:00:00 02/07/2025,        0.00,      1, 
00:00:00 02/08/2025,        0.00,      1, 
01:00:00 02/08/2025,        0.00,      1, 
02:00:00 02/08/2025,        0.00,      1, 
03:00:00 02/08/2025,        0.00,      1, 
04:00:00 02/08/2025,        0.00,      1, 
05:00:00 02/08/2025,        0.00,      1, 
06:00:00 02/08/2025,        0.00,      1, 
07:00:00 02/08/2025,        0.00,      1, 
08:00:00 02/08/2025,        0.00,      1, 
09:00:00 02/08/2025,        0.00,      1, 
10:00:00 02/08/2025,        0.00,      1, 
11:00:00 02/08/2025,        0.00,      1, 
12:00:00 02/08/2025,        0.00,      1, 
13:00:00 02/08/2025,        0.00,      1, 
14:00:00 02/08/2025,        0.00,      1, 
15:00:00 02/08/2025,        0.00,      1, 
16:00:00 02/08/2025,        0.00,      1, 
17:00:00 02/08/2025,        0.00,      1, 
18:00:00 02/08/2025,        0.00,      1, 
19:00:00 02/08/2025,        0.00,      1, 
20:00:00 02/08/2025,        0.00,      1, 
21:00:00 02/08/2025,        0.00,      1, 
22:00:00 02/08/2025,        0.00,      1, 
23:00:00 02/08/2025,        0.00,      1, 
00:00:00 02/09/2025,        0.00,      1, 
01:00:00 02/09/2025,        0.00,      1, 
02:00:00 02/09/2025,        0.00,      1, 
03:00:00 02/09/2025,        0.00,      1, 
04:00:00 02/09/2025,        0.00,      1, 
05:00:00 02/09/2025,        0.00,      1, 
06:00:00 02/09/2025,        0.00,      1, 
07:00:00 02/09/2025,        0.00,      1, 
08:00:00 02/09/2025,        0.00,      1, 
09:00:00 02/09/2025,        0.00,      1, 
10:00:00 02/09/2025,        0.00,      1, 
11:00:00 02/09/2025,        0.00,      1, 
12:00:00 02/09/2025,        0.00,      1, 
13:00:00 02/09/2025,        0.00,      1, 
14:00:00 02/09/2025,        0.00,      1, 
15:00:00 02/09/2025,        0.00,      1, 
16:00:00 02/09/2025,        0.00,      1, 
17:00:00 02/09/2025,        0.00,      1, 
18:00:00 02/09/2025,        0.00,      1, 
19:00:00 02/09/2025,        0.00,      1, 
20:00:00 02/09/2025,        0.00,      1, 
21:00:00 02/09/2025,        0.00,      1, 
22:00:00 02/09/2025,        0.00,      1, 
23:00:00 02/09/2025,        0.00,      1, 
00:00:00 02/10/2025,        0.00,      1, 
01:00:00 02/10/2025,        0.00,      1, 
02:00:00 02/10/2025,        0.00,      1, 
03:00:00 02/10/2025,        0.00,      1, 
04:00:00 02/10/2025,        0.00,      1, 
05:00:00 02/10/2025,        0.00,      1, 
06:00:00 02/10/2025,        0.00,      1, 
07:00:00 02/10/2025,        0.00,      1, 
08:00:00 02/10/2025,        0.00,      1, 
09:00:00 02/10/2025,        0.00,      1, 
10:00:00 02/10/2025,        0.00,      1, 
11:00:00 02/10/2025,        0.00,      1, 
12:00:00 02/10/2025,        0.00,      1, 
13:00:00 02/10/2025,        0.00,      1, 
14:00:00 02/10/2025,        0.00,      1, 
15:00:00 02/10/2025,        0.00,      1, 
16:00:00 02/10/2025,        0.00,      1, 
17:00:00 02/10/2025,        0.00,      1, 
18:00:00 02/10/2025,        0.00,      1, 
19:00:00 02/10/2025,        0.00,      1, 
20:00:00 02/10/2025,        0.00,      1, 
21:00:00 02/10/2025,        0.00,      1, 
22:00:00 02/10/2025,        0.00,      1, 
23:00:00 02/10/2025,        0.00,      1, 
00:00:00 02/11/2025,        0.00,      1, 
01:00:00 02/11/2025,        0.00,      1, 
02:00:00 02/11/2025,        0.00,      1, 
03:00:00 02/11/2025,        0.00,      1, 
04:00:00 02/11/2025,        0.00,      1, 
05:00:00 02/11/2025,        0.00,      1, 
06:00:00 02/11/2025,        0.00,      1, 
07:00:00 02/11/2025,        0.00,      1, 
08:00:00 02/11/2025,        0.00,      1, 
09:00:00 02/11/2025,        0.00,      1, 
10:00:00 02/11/2025,        0.00,      1, 
11:00:00 02/11/2025,        0.00,      1, 
12:00:00 02/11/2025,        0.00,      1, 
13:00:00 02/11/2025,        0.00,      1, 
14:00:00 02/11/2025,        0.00,      1, 
15:00:00 02/11/2025,        0.00,      1, 
16:00:00 02/11/2025,        0.00,      1, 
17:00:00 02/11/2025,        0.00,      1, 
18:00:00 02/11/2025,        0.00,      1, 
19:00:00 02/11/2025,        0.00,      1, 
20:00:00 02/11/2025,        0.00,      1, 
21:00:00 02/11/2025,        0.00,      1, 
22:00:00 02/11/2025,        0.00,      1, 
23:00:00 02/11/2025,        0.00,      1, 
00:00:00 02/12/2025,        0.00,      1, 
01:00:00 02/12/2025,        0.00,      1, 
02:00:00 02/12/2025,        0.00,      1, 
03:00:00 02/12/2025,        0.00,      1, 
04:00:00 02/12/2025,        0.04,      1, 
05:00:00 02/12/2025,        0.00,      1, 
06:00:00 02/12/2025,        0.00,      1, 
07:00:00 02/12/2025,        0.04,      1, 
08:00:00 02/12/2025,        0.00,      1, 
09:00:00 02/12/2025,        0.00,      1, 
10:00:00 02/12/2025,        0.00,      1, 
11:00:00 02/12/2025,        0.04,      1, 
12:00:00 02/12/2025,        0.00,      1, 
13:00:00 02/12/2025,        0.00,      1, 
14:00:00 02/12/2025,        0.00,      1, 
15:00:00 02/12/2025,        0.00,      1, 
16:00:00 02/12/2025,        0.04,      1, 
17:00:00 02/12/2025,        0.00,      1, 
18:00:00 02/12/2025,        0.00,      1, 
19:00:00 02/12/2025,        0.00,      1, 
20:00:00 02/12/2025,        0.00,      1, 
21:00:00 02/12/2025,        0.00,      1, 
22:00:00 02/12/2025,        0.00,      1, 
23:00:00 02/12/2025,        0.00,      1, 
00:00:00 02/13/2025,        0.04,      1, 
01:00:00 02/13/2025,        0.00,      1, 
02:00:00 02/13/2025,        0.04,      1, 
03:00:00 02/13/2025,        0.04,      1, 
04:00:00 02/13/2025,        0.08,      1, 
05:00:00 02/13/2025,        0.19,      1, 
06:00:00 02/13/2025,        0.12,      1, 
07:00:00 02/13/2025,        0.08,      1, 
08:00:00 02/13/2025,        0.00,      1, 
09:00:00 02/13/2025,        0.04,      1, 
10:00:00 02/13/2025,        0.00,      1, 
11:00:00 02/13/2025,        0.00,      1, 
12:00:00 02/13/2025,        0.16,      1, 
13:00:00 02/13/2025,        0.19,      1, 
14:00:00 02/13/2025,        0.16,      1, 
15:00:00 02/13/2025,        0.24,      1, 
16:00:00 02/13/2025,        0.19,      1, 
17:00:00 02/13/2025,        0.20,      1, 
18:00:00 02/13/2025,        0.32,      1, 
19:00:00 02/13/2025,        0.47,      1, 
20:00:00 02/13/2025,        0.00,      1, 
21:00:00 02/13/2025,        0.00,      1, 
22:00:00 02/13/2025,        0.00,      1, 
23:00:00 02/13/2025,        0.04,      1, 
00:00:00 02/14/2025,        0.00,      1, 
01:00:00 02/14/2025,        0.00,      1, 
02:00:00 02/14/2025,        0.04,      1, 
03:00:00 02/14/2025,        0.00,      1, 
04:00:00 02/14/2025,        0.00,      1, 
05:00:00 02/14/2025,        0.00,      1, 
06:00:00 02/14/2025,        0.00,      1, 
07:00:00 02/14/2025,        0.00,      1, 
08:00:00 02/14/2025,        0.00,      1, 
09:00:00 02/14/2025,        0.00,      1, 
10:00:00 02/14/2025,        0.00,      1, 
11:00:00 02/14/2025,        0.04,      1, 
12:00:00 02/14/2025,        0.00,      1, 
13:00:00 02/14/2025,        0.00,      1, 
14:00:00 02/14/2025,        0.00,      1, 
15:00:00 02/14/2025,        0.00,      1, 
16:00:00 02/14/2025,        0.00,      1, 
17:00:00 02/14/2025,        0.00,      1, 
18:00:00 02/14/2025,        0.00,      1, 
19:00:00 02/14/2025,        0.00,      1, 
20:00:00 02/14/2025,        0.00,      1, 
21:00:00 02/14/2025,        0.00,      1, 
22:00:00 02/14/2025,        0.00,      1, 
23:00:00 02/14/2025,        0.00,      1, 
00:00:00 02/15/2025,        0.00,      1, 
01:00:00 02/15/2025,        0.00,      1, 
02:00:00 02/15/2025,        0.00,      1, 
03:00:00 02/15/2025,        0.00,      1, 
04:00:00 02/15/2025,        0.00,      1, 
05:00:00 02/15/2025,        0.00,      1, 
06:00:00 02/15/2025,        0.00,      1, 
07:00:00 02/15/2025,        0.00,      1, 
08:00:00 02/15/2025,        0.00,      1, 
09:00:00 02/15/2025,        0.00,      1, 
10:00:00 02/15/2025,        0.00,      1, 
11:00:00 02/15/2025,        0.00,      1, 
12:00:00 02/15/2025,        0.00,      1, 
13:00:00 02/15/2025,        0.00,      1, 
14:00:00 02/15/2025,        0.00,      1, 
15:00:00 02/15/2025,        0.00,      1, 
16:00:00 02/15/2025,        0.00,      1, 
17:00:00 02/15/2025,        0.00,      1, 
18:00:00 02/15/2025,        0.00,      1, 
19:00:00 02/15/2025,        0.00,      1, 
20:00:00 02/15/2025,        0.00,      1, 
21:00:00 02/15/2025,        0.00,      1, 
22:00:00 02/15/2025,        0.00,      1, 
23:00:00 02/15/2025,        0.00,      1, 
00:00:00 02/16/2025,        0.00,      1, 
01:00:00 02/16/2025,        0.00,      1, 
02:00:00 02/16/2025,        0.00,      1, 
03:00:00 02/16/2025,        0.00,      1, 
04:00:00 02/16/2025,        0.00,      1, 
05:00:00 02/16/2025,        0.00,      1, 
06:00:00 02/16/2025,        0.00,      1, 
07:00:00 02/16/2025,        0.00,      1, 
08:00:00 02/16/2025,        0.00,      1, 
09:00:00 02/16/2025,        0.00,      1, 
10:00:00 02/16/2025,        0.00,      1, 
11:00:00 02/16/2025,        0.00,      1, 
12:00:00 02/16/2025,        0.00,      1, 
13:00:00 02/16/2025,        0.00,      1, 
14:00:00 02/16/2025,        0.00,      1, 
15:00:00 02/16/2025,        0.00,      1, 
16:00:00 02/16/2025,        0.00,      1, 
17:00:00 02/16/2025,        0.00,      1, 
18:00:00 02/16/2025,        0.00,      1, 
19:00:00 02/16/2025,        0.00,      1, 
20:00:00 02/16/2025,        0.00,      1, 
21:00:00 02/16/2025,        0.00,      1, 
22:00:00 02/16/2025,        0.00,      1, 
23:00:00 02/16/2025,        0.00,      1, 
00:00:00 02/17/2025,        0.00,      1, 
01:00:00 02/17/2025,        0.00,      1, 
02:00:00 02/17/2025,        0.00,      1, 
03:00:00 02/17/2025,        0.00,      1, 
04:00:00 02/17/2025,        0.00,      1, 
05:00:00 02/17/2025,        0.00,      1, 
06:00:00 02/17/2025,        0.00,      1, 
07:00:00 02/17/2025,        0.00,      1, 
08:00:00 02/17/2025,        0.00,      1, 
09:00:00 02/17/2025,        0.00,      1, 
10:00:00 02/17/2025,        0.00,      1, 
11:00:00 02/17/2025,        0.00,      1, 
12:00:00 02/17/2025,        0.00,      1, 
13:00:00 02/17/2025,        0.00,      1, 
14:00:00 02/17/2025,        0.00,      1, 
15:00:00 02/17/2025,        0.00,      1, 
16:00:00 02/17/2025,        0.00,      1, 
17:00:00 02/17/2025,        0.00,      1, 
18:00:00 02/17/2025,        0.00,      1, 
19:00:00 02/17/2025,        0.00,      1, 
20:00:00 02/17/2025,        0.00,      1, 
21:00:00 02/17/2025,        0.00,      1, 
22:00:00 02/17/2025,        0.00,      1, 
23:00:00 02/17/2025,        0.00,      1, 
00:00:00 02/18/2025,        0.00,      1, 
01:00:00 02/18/2025,        0.00,      1, 
02:00:00 02/18/2025,        0.00,      1, 
03:00:00 02/18/2025,        0.00,      1, 
04:00:00 02/18/2025,        0.00,      1, 
05:00:00 02/18/2025,        0.00,      1, 
06:00:00 02/18/2025,        0.00,      1, 
07:00:00 02/18/2025,        0.00,      1, 
08:00:00 02/18/2025,        0.00,      1, 
09:00:00 02/18/2025,        0.00,      1, 
10:00:00 02/18/2025,        0.00,      1, 
11:00:00 02/18/2025,        0.00,      1, 
12:00:00 02/18/2025,        0.00,      1, 
13:00:00 02/18/2025,        0.00,      1, 
14:00:00 02/18/2025,        0.00,      1, 
15:00:00 02/18/2025,        0.00,      1, 
16:00:00 02/18/2025,        0.00,      1, 
17:00:00 02/18/2025,        0.00,      1, 
18:00:00 02/18/2025,        0.00,      1, 
19:00:00 02/18/2025,        0.00,      1, 
20:00:00 02/18/2025,        0.00,      1, 
21:00:00 02/18/2025,        0.00,      1, 
22:00:00 02/18/2025,        0.00,      1, 
23:00:00 02/18/2025,        0.00,      1, 
00:00:00 02/19/2025,        0.00,      1, 
01:00:00 02/19/2025,        0.00,      1, 
02:00:00 02/19/2025,        0.00,      1, 
03:00:00 02/19/2025,        0.00,      1, 
04:00:00 02/19/2025,        0.00,      1, 
05:00:00 02/19/2025,        0.00,      1, 
06:00:00 02/19/2025,        0.00,      1, 
07:00:00 02/19/2025,        0.00,      1, 
08:00:00 02/19/2025,        0.00,      1, 
09:00:00 02/19/2025,        0.00,      1, 
10:00:00 02/19/2025,        0.00,      1, 
11:00:00 02/19/2025,        0.00,      1, 
12:00:00 02/19/2025,        0.00,      1, 
13:00:00 02/19/2025,        0.00,      1, 
14:00:00 02/19/2025,        0.00,      1, 
15:00:00 02/19/2025,        0.00,      1, 
16:00:00 02/19/2025,        0.00,      1, 
17:00:00 02/19/2025,        0.00,      1, 
18:00:00 02/19/2025,        0.00,      1, 
19:00:00 02/19/2025,        0.00,      1, 
20:00:00 02/19/2025,        0.00,      1, 
21:00:00 02/19/2025,        0.00,      1, 
22:00:00 02/19/2025,        0.00,      1, 
23:00:00 02/19/2025,        0.00,      1, 
00:00:00 02/20/2025,        0.00,      1, 
01:00:00 02/20/2025,        0.00,      1, 
02:00:00 02/20/2025,        0.00,      1, 
03:00:00 02/20/2025,        0.00,      1, 
04:00:00 02/20/2025,        0.00,      1, 
05:00:00 02/20/2025,        0.00,      1, 
06:00:00 02/20/2025,        0.00,      1, 
07:00:00 02/20/2025,        0.00,      1, 
08:00:00 02/20/2025,        0.00,      1, 
09:00:00 02/20/2025,        0.00,      1, 
10:00:00 02/20/2025,        0.00,      1, 
11:00:00 02/20/2025,        0.00,      1, 
12:00:00 02/20/2025,        0.00,      1, 
13:00:00 02/20/2025,        0.00,      1, 
14:00:00 02/20/2025,        0.00,      1, 
15:00:00 02/20/2025,        0.00,      1, 
16:00:00 02/20/2025,        0.00,      1, 
17:00:00 02/20/2025,        0.00,      1, 
18:00:00 02/20/2025,        0.00,      1, 
19:00:00 02/20/2025,        0.00,      1, 
20:00:00 02/20/2025,        0.00,      1, 
21:00:00 02/20/2025,        0.00,      1, 
22:00:00 02/20/2025,        0.00,      1, 
23:00:00 02/20/2025,        0.00,      1, 
00:00:00 02/21/2025,        0.00,      1, 
01:00:00 02/21/2025,        0.00,      1, 
02:00:00 02/21/2025,        0.00,      1, 
03:00:00 02/21/2025,        0.00,      1, 
04:00:00 02/21/2025,        0.00,      1, 
05:00:00 02/21/2025,        0.00,      1, 
06:00:00 02/21/2025,        0.00,      1, 
07:00:00 02/21/2025,        0.00,      1, 
08:00:00 02/21/2025,        0.00,      1, 
09:00:00 02/21/2025,        0.00,      1, 
10:00:00 02/21/2025,        0.00,      1, 
11:00:00 02/21/2025,        0.00,      1, 
12:00:00 02/21/2025,        0.00,      1, 
13:00:00 02/21/2025,        0.00,      1, 
14:00:00 02/21/2025,        0.00,      1, 
15:00:00 02/21/2025,        0.00,      1, 
16:00:00 02/21/2025,        0.00,      1, 
17:00:00 02/21/2025,        0.00,      1, 
18:00:00 02/21/2025,        0.00,      1, 
19:00:00 02/21/2025,        0.00,      1, 
20:00:00 02/21/2025,        0.00,      1, 
21:00:00 02/21/2025,        0.00,      1, 
22:00:00 02/21/2025,        0.00,      1, 
23:00:00 02/21/2025,        0.00,      1, 
00:00:00 02/22/2025,        0.00,      1, 
01:00:00 02/22/2025,        0.00,      1, 
02:00:00 02/22/2025,        0.00,      1, 
03:00:00 02/22/2025,        0.00,      1, 
04:00:00 02/22/2025,        0.00,      1, 
05:00:00 02/22/2025,        0.00,      1, 
06:00:00 02/22/2025,        0.00,      1, 
07:00:00 02/22/2025,        0.00,      1, 
08:00:00 02/22/2025,        0.00,      1, 
09:00:00 02/22/2025,        0.00,      1, 
10:00:00 02/22/2025,        0.00,      1, 
11:00:00 02/22/2025,        0.00,      1, 
12:00:00 02/22/2025,        0.00,      1, 
13:00:00 02/22/2025,        0.00,      1, 
14:00:00 02/22/2025,        0.00,      1, 
15:00:00 02/22/2025,        0.00,      1, 
16:00:00 02/22/2025,        0.00,      1, 
17:00:00 02/22/2025,        0.00,      1, 
18:00:00 02/22/2025,        0.00,      1, 
19:00:00 02/22/2025,        0.00,      1, 
20:00:00 02/22/2025,        0.00,      1, 
21:00:00 02/22/2025,        0.00,      1, 
22:00:00 02/22/2025,        0.00,      1, 
23:00:00 02/22/2025,        0.00,      1, 
00:00:00 02/23/2025,        0.00,      1, 
01:00:00 02/23/2025,        0.00,      1, 
02:00:00 02/23/2025,        0.00,      1, 
03:00:00 02/23/2025,        0.00,      1, 
04:00:00 02/23/2025,        0.00,      1, 
05:00:00 02/23/2025,        0.00,      1, 
06:00:00 02/23/2025,        0.00,      1, 
07:00:00 02/23/2025,        0.00,      1, 
08:00:00 02/23/2025,        0.00,      1, 
09:00:00 02/23/2025,        0.00,      1, 
10:00:00 02/23/2025,        0.00,      1, 
11:00:00 02/23/2025,        0.00,      1, 
12:00:00 02/23/2025,        0.00,      1, 
13:00:00 02/23/2025,        0.00,      1, 
14:00:00 02/23/2025,        0.00,      1, 
15:00:00 02/23/2025,        0.00,      1, 
16:00:00 02/23/2025,        0.00,      1, 
17:00:00 02/23/2025,        0.00,      1, 
18:00:00 02/23/2025,        0.00,      1, 
19:00:00 02/23/2025,        0.00,      1, 
20:00:00 02/23/2025,        0.00,      1, 
21:00:00 02/23/2025,        0.00,      1, 
22:00:00 02/23/2025,        0.00,      1, 
23:00:00 02/23/2025,        0.00,      1, 
00:00:00 02/24/2025,        0.00,      1, 
01:00:00 02/24/2025,        0.00,      1, 
02:00:00 02/24/2025,        0.00,      1, 
03:00:00 02/24/2025,        0.00,      1, 
04:00:00 02/24/2025,        0.00,      1, 
05:00:00 02/24/2025,        0.00,      1, 
06:00:00 02/24/2025,        0.00,      1, 
07:00:00 02/24/2025,        0.00,      1, 
08:00:00 02/24/2025,        0.00,      1, 
09:00:00 02/24/2025,        0.00,      1, 
10:00:00 02/24/2025,        0.00,      1, 
11:00:00 02/24/2025,        0.00,      1, 
12:00:00 02/24/2025,        0.00,      1, 
13:00:00 02/24/2025,        0.00,      1, 
14:00:00 02/24/2025,        0.00,      1, 
15:00:00 02/24/2025,        0.00,      1, 
16:00:00 02/24/2025,        0.00,      1, 
17:00:00 02/24/2025,        0.00,      1, 
18:00:00 02/24/2025,        0.00,      1, 
19:00:00 02/24/2025,        0.00,      1, 
20:00:00 02/24/2025,        0.00,      1, 
21:00:00 02/24/2025,        0.00,      1, 
22:00:00 02/24/2025,        0.00,      1, 
23:00:00 02/24/2025,        0.00,      1, 
00:00:00 02/25/2025,        0.00,      1, 
01:00:00 02/25/2025,        0.00,      1, 
02:00:00 02/25/2025,        0.00,      1, 
03:00:00 02/25/2025,        0.00,      1, 
04:00:00 02/25/2025,        0.00,      1, 
05:00:00 02/25/2025,        0.00,      1, 
06:00:00 02/25/2025,        0.00,      1, 
07:00:00 02/25/2025,        0.00,      1, 
08:00:00 02/25/2025,        0.00,      1, 
09:00:00 02/25/2025,        0.00,      1, 
10:00:00 02/25/2025,        0.00,      1, 
11:00:00 02/25/2025,        0.00,      1, 
12:00:00 02/25/2025,        0.00,      1, 
13:00:00 02/25/2025,        0.00,      1, 
14:00:00 02/25/2025,        0.00,      1, 
15:00:00 02/25/2025,        0.00,      1, 
16:00:00 02/25/2025,        0.00,      1, 
17:00:00 02/25/2025,        0.00,      1, 
18:00:00 02/25/2025,        0.00,      1, 
19:00:00 02/25/2025,        0.00,      1, 
20:00:00 02/25/2025,        0.00,      1, 
21:00:00 02/25/2025,        0.00,      1, 
22:00:00 02/25/2025,        0.00,      1, 
23:00:00 02/25/2025,        0.00,      1, 
00:00:00 02/26/2025,        0.00,      1, 
01:00:00 02/26/2025,        0.00,      1, 
02:00:00 02/26/2025,        0.00,      1, 
03:00:00 02/26/2025,        0.00,      1, 
04:00:00 02/26/2025,        0.00,      1, 
05:00:00 02/26/2025,        0.00,      1, 
06:00:00 02/26/2025,        0.00,      1, 
07:00:00 02/26/2025,        0.00,      1, 
08:00:00 02/26/2025,        0.00,      1, 
09:00:00 02/26/2025,        0.00,      1, 
10:00:00 02/26/2025,        0.00,      1, 
11:00:00 02/26/2025,        0.00,      1, 
12:00:00 02/26/2025,        0.00,      1, 
13:00:00 02/26/2025,        0.00,      1, 
14:00:00 02/26/2025,        0.00,      1, 
15:00:00 02/26/2025,        0.00,      1, 
16:00:00 02/26/2025,        0.00,      1, 
17:00:00 02/26/2025,        0.00,      1, 
18:00:00 02/26/2025,        0.00,      1, 
19:00:00 02/26/2025,        0.00,      1, 
20:00:00 02/26/2025,        0.00,      1, 
21:00:00 02/26/2025,        0.00,      1, 
22:00:00 02/26/2025,        0.00,      1, 
23:00:00 02/26/2025,        0.00,      1, 
00:00:00 02/27/2025,        0.00,      1, 
01:00:00 02/27/2025,        0.00,      1, 
02:00:00 02/27/2025,        0.00,      1, 
03:00:00 02/27/2025,        0.00,      1, 
04:00:00 02/27/2025,        0.00,      1, 
05:00:00 02/27/2025,        0.00,      1, 
06:00:00 02/27/2025,        0.00,      1, 
07:00:00 02/27/2025,        0.00,      1, 
08:00:00 02/27/2025,        0.00,      1, 
09:00:00 02/27/2025,        0.00,      1, 
10:00:00 02/27/2025,        0.00,      1, 
11:00:00 02/27/2025,        0.00,      1, 
12:00:00 02/27/2025,        0.00,      1, 
13:00:00 02/27/2025,        0.00,      1, 
14:00:00 02/27/2025,        0.00,      1, 
15:00:00 02/27/2025,        0.00,      1, 
16:00:00 02/27/2025,        0.00,      1, 
17:00:00 02/27/2025,        0.00,      1, 
18:00:00 02/27/2025,        0.00,      1, 
19:00:00 02/27/2025,        0.00,      1, 
20:00:00 02/27/2025,        0.00,      1, 
21:00:00 02/27/2025,        0.00,      1, 
22:00:00 02/27/2025,        0.00,      1, 
23:00:00 02/27/2025,        0.00,      1, 
00:00:00 02/28/2025,        0.00,      1, 
01:00:00 02/28/2025,        0.00,      1, 
02:00:00 02/28/2025,        0.00,      1, 
03:00:00 02/28/2025,        0.00,      1, 
04:00:00 02/28/2025,        0.00,      1, 
05:00:00 02/28/2025,        0.00,      1, 
06:00:00 02/28/2025,        0.00,      1, 
07:00:00 02/28/2025,        0.00,      1, 
08:00:00 02/28/2025,        0.00,      1, 
09:00:00 02/28/2025,        0.00,      1, 
10:00:00 02/28/2025,        0.00,      1, 
11:00:00 02/28/2025,        0.00,      1, 
12:00:00 02/28/2025,        0.00,      1, 
13:00:00 02/28/2025,        0.00,      1, 
14:00:00 02/28/2025,        0.00,      1, 
15:00:00 02/28/2025,        0.00,      1, 
16:00:00 02/28/2025,        0.00,      1, 
17:00:00 02/28/2025,        0.00,      1, 
18:00:00 02/28/2025,        0.00,      1, 
19:00:00 02/28/2025,        0.00,      1, 
20:00:00 02/28/2025,        0.00,      1, 
21:00:00 02/28/2025,        0.00,      1, 
22:00:00 02/28/2025,        0.00,      1, 
23:00:00 02/28/2025,        0.00,      1, 
00:00:00 03/01/2025,        0.00,      1, 
01:00:00 03/01/2025,        0.00,      1, 
02:00:00 03/01/2025,        0.00,      1, 
03:00:00 03/01/2025,        0.00,      1, 
04:00:00 03/01/2025,        0.00,      1, 
05:00:00 03/01/2025,        0.00,      1, 
06:00:00 03/01/2025,        0.00,      1, 
07:00:00 03/01/2025,        0.00,      1, 
08:00:00 03/01/2025,        0.00,      1, 
09:00:00 03/01/2025,        0.00,      1, 
10:00:00 03/01/2025,        0.00,      1, 
11:00:00 03/01/2025,        0.00,      1, 
12:00:00 03/01/2025,        0.00,      1, 
13:00:00 03/01/2025,        0.00,      1, 
14:00:00 03/01/2025,        0.00,      1, 
15:00:00 03/01/2025,        0.00,      1, 
16:00:00 03/01/2025,        0.00,      1, 
17:00:00 03/01/2025,        0.00,      1, 
18:00:00 03/01/2025,        0.00,      1, 
19:00:00 03/01/2025,        0.00,      1, 
20:00:00 03/01/2025,        0.00,      1, 
21:00:00 03/01/2025,        0.00,      1, 
22:00:00 03/01/2025,        0.00,      1, 
23:00:00 03/01/2025,        0.00,      1, 
00:00:00 03/02/2025,        0.00,      1, 
01:00:00 03/02/2025,        0.00,      1, 
02:00:00 03/02/2025,        0.04,      1, 
03:00:00 03/02/2025,        0.00,      1, 
04:00:00 03/02/2025,        0.04,      1, 
05:00:00 03/02/2025,        0.00,      1, 
06:00:00 03/02/2025,        0.00,      1, 
07:00:00 03/02/2025,        0.00,      1, 
08:00:00 03/02/2025,        0.00,      1, 
09:00:00 03/02/2025,        0.00,      1, 
10:00:00 03/02/2025,        0.00,      1, 
11:00:00 03/02/2025,        0.00,      1, 
12:00:00 03/02/2025,        0.00,      1, 
13:00:00 03/02/2025,        0.00,      1, 
14:00:00 03/02/2025,        0.00,      1, 
15:00:00 03/02/2025,        0.00,      1, 
16:00:00 03/02/2025,        0.00,      1, 
17:00:00 03/02/2025,        0.00,      1, 
18:00:00 03/02/2025,        0.00,      1, 
19:00:00 03/02/2025,        0.00,      1, 
20:00:00 03/02/2025,        0.00,      1, 
21:00:00 03/02/2025,        0.00,      1, 
22:00:00 03/02/2025,        0.00,      1, 
23:00:00 03/02/2025,        0.00,      1, 
00:00:00 03/03/2025,        0.00,      1, 
01:00:00 03/03/2025,        0.00,      1, 
02:00:00 03/03/2025,        0.00,      1, 
03:00:00 03/03/2025,        0.00,      1, 
04:00:00 03/03/2025,        0.00,      1, 
05:00:00 03/03/2025,        0.00,      1, 
06:00:00 03/03/2025,        0.00,      1, 
07:00:00 03/03/2025,        0.00,      1, 
08:00:00 03/03/2025,        0.00,      1, 
09:00:00 03/03/2025,        0.00,      1, 
10:00:00 03/03/2025,        0.00,      1, 
11:00:00 03/03/2025,        0.00,      1, 
12:00:00 03/03/2025,        0.00,      1, 
13:00:00 03/03/2025,        0.00,      1, 
14:00:00 03/03/2025,        0.00,      1, 
15:00:00 03/03/2025,        0.00,      1, 
16:00:00 03/03/2025,        0.00,      1, 
17:00:00 03/03/2025,        0.00,      1, 
18:00:00 03/03/2025,        0.00,      1, 
19:00:00 03/03/2025,        0.00,      1, 
20:00:00 03/03/2025,        0.00,      1, 
21:00:00 03/03/2025,        0.00,      1, 
22:00:00 03/03/2025,        0.00,      1, 
23:00:00 03/03/2025,        0.00,      1, 
00:00:00 03/04/2025,        0.00,      1, 
01:00:00 03/04/2025,        0.00,      1, 
02:00:00 03/04/2025,        0.00,      1, 
03:00:00 03/04/2025,        0.00,      1, 
04:00:00 03/04/2025,        0.00,      1, 
05:00:00 03/04/2025,        0.00,      1, 
06:00:00 03/04/2025,        0.00,      1, 
07:00:00 03/04/2025,        0.00,      1, 
08:00:00 03/04/2025,        0.00,      1, 
09:00:00 03/04/2025,        0.00,      1, 
10:00:00 03/04/2025,        0.00,      1, 
11:00:00 03/04/2025,        0.00,      1, 
12:00:00 03/04/2025,        0.00,      1, 
13:00:00 03/04/2025,        0.00,      1, 
14:00:00 03/04/2025,        0.00,      1, 
15:00:00 03/04/2025,        0.00,      1, 
16:00:00 03/04/2025,        0.00,      1, 
17:00:00 03/04/2025,        0.00,      1, 
18:00:00 03/04/2025,        0.00,      1, 
19:00:00 03/04/2025,        0.00,      1, 
20:00:00 03/04/2025,        0.00,      1, 
21:00:00 03/04/2025,        0.00,      1, 
22:00:00 03/04/2025,        0.00,      1, 
23:00:00 03/04/2025,        0.00,      1, 
00:00:00 03/05/2025,        0.00,      1, 
01:00:00 03/05/2025,        0.00,      1, 
02:00:00 03/05/2025,        0.00,      1, 
03:00:00 03/05/2025,        0.00,      1, 
04:00:00 03/05/2025,        0.00,      1, 
05:00:00 03/05/2025,        0.00,      1, 
06:00:00 03/05/2025,        0.00,      1, 
07:00:00 03/05/2025,        0.00,      1, 
08:00:00 03/05/2025,        0.00,      1, 
09:00:00 03/05/2025,        0.00,      1, 
10:00:00 03/05/2025,        0.00,      1, 
11:00:00 03/05/2025,        0.00,      1, 
12:00:00 03/05/2025,        0.00,      1, 
13:00:00 03/05/2025,        0.04,      1, 
14:00:00 03/05/2025,        0.04,      1, 
15:00:00 03/05/2025,        0.12,      1, 
16:00:00 03/05/2025,        0.04,      1, 
17:00:00 03/05/2025,        0.07,      1, 
18:00:00 03/05/2025,        0.04,      1, 
19:00:00 03/05/2025,        0.08,      1, 
20:00:00 03/05/2025,        0.08,      1, 
21:00:00 03/05/2025,        0.04,      1, 
22:00:00 03/05/2025,        0.08,      1, 
23:00:00 03/05/2025,        0.00,      1, 
00:00:00 03/06/2025,        0.00,      1, 
01:00:00 03/06/2025,        0.00,      1, 
02:00:00 03/06/2025,        0.00,      1, 
03:00:00 03/06/2025,        0.00,      1, 
04:00:00 03/06/2025,        0.00,      1, 
05:00:00 03/06/2025,        0.00,      1, 
06:00:00 03/06/2025,        0.04,      1, 
07:00:00 03/06/2025,        0.00,      1, 
08:00:00 03/06/2025,        0.00,      1, 
09:00:00 03/06/2025,        0.00,      1, 
10:00:00 03/06/2025,        0.00,      1, 
11:00:00 03/06/2025,        0.00,      1, 
12:00:00 03/06/2025,        0.00,      1, 
13:00:00 03/06/2025,        0.00,      1, 
14:00:00 03/06/2025,        0.00,      1, 
15:00:00 03/06/2025,        0.04,      1, 
16:00:00 03/06/2025,        0.04,      1, 
17:00:00 03/06/2025,        0.08,      1, 
18:00:00 03/06/2025,        0.04,      1, 
19:00:00 03/06/2025,        0.11,      1, 
20:00:00 03/06/2025,        0.00,      1, 
21:00:00 03/06/2025,        0.00,      1, 
22:00:00 03/06/2025,        0.00,      1, 
23:00:00 03/06/2025,        0.00,      1, 
00:00:00 03/07/2025,        0.00,      1, 
01:00:00 03/07/2025,        0.00,      1, 
02:00:00 03/07/2025,        0.00,      1, 
03:00:00 03/07/2025,        0.00,      1, 
04:00:00 03/07/2025,        0.00,      1, 
05:00:00 03/07/2025,        0.00,      1, 
06:00:00 03/07/2025,        0.00,      1, 
07:00:00 03/07/2025,        0.00,      1, 
08:00:00 03/07/2025,        0.00,      1, 
09:00:00 03/07/2025,        0.00,      1, 
10:00:00 03/07/2025,        0.00,      1, 
11:00:00 03/07/2025,        0.00,      1, 
12:00:00 03/07/2025,        0.00,      1, 
13:00:00 03/07/2025,        0.00,      1, 
14:00:00 03/07/2025,        0.00,      1, 
15:00:00 03/07/2025,        0.00,      1, 
16:00:00 03/07/2025,        0.00,      1, 
17:00:00 03/07/2025,        0.00,      1, 
18:00:00 03/07/2025,        0.00,      1, 
19:00:00 03/07/2025,        0.00,      1, 
20:00:00 03/07/2025,        0.00,      1, 
21:00:00 03/07/2025,        0.00,      1, 
22:00:00 03/07/2025,        0.00,      1, 
23:00:00 03/07/2025,        0.00,      1, 
00:00:00 03/08/2025,        0.00,      1, 
01:00:00 03/08/2025,        0.00,      1, 
02:00:00 03/08/2025,        0.00,      1, 
03:00:00 03/08/2025,        0.00,      1, 
04:00:00 03/08/2025,        0.00,      1, 
05:00:00 03/08/2025,        0.00,      1, 
06:00:00 03/08/2025,        0.00,      1, 
07:00:00 03/08/2025,        0.00,      1, 
08:00:00 03/08/2025,        0.00,      1, 
09:00:00 03/08/2025,        0.00,      1, 
10:00:00 03/08/2025,        0.00,      1, 
11:00:00 03/08/2025,        0.00,      1, 
12:00:00 03/08/2025,        0.00,      1, 
13:00:00 03/08/2025,        0.00,      1, 
14:00:00 03/08/2025,        0.00,      1, 
15:00:00 03/08/2025,        0.00,      1, 
16:00:00 03/08/2025,        0.00,      1, 
17:00:00 03/08/2025,        0.00,      1, 
18:00:00 03/08/2025,        0.00,      1, 
19:00:00 03/08/2025,        0.00,      1, 
20:00:00 03/08/2025,        0.00,      1, 
21:00:00 03/08/2025,        0.00,      1, 
22:00:00 03/08/2025,        0.00,      1, 
23:00:00 03/08/2025,        0.00,      1, 
00:00:00 03/09/2025,        0.00,      1, 
01:00:00 03/09/2025,        0.00,      1, 
02:00:00 03/09/2025,        0.00,      1, 
03:00:00 03/09/2025,        0.00,      1, 
04:00:00 03/09/2025,        0.00,      1, 
05:00:00 03/09/2025,        0.00,      1, 
06:00:00 03/09/2025,        0.00,      1, 
07:00:00 03/09/2025,        0.00,      1, 
08:00:00 03/09/2025,        0.00,      1, 
09:00:00 03/09/2025,        0.00,      1, 
10:00:00 03/09/2025,        0.00,      1, 
11:00:00 03/09/2025,        0.00,      1, 
12:00:00 03/09/2025,        0.00,      1, 
13:00:00 03/09/2025,        0.00,      1, 
14:00:00 03/09/2025,        0.00,      1, 
15:00:00 03/09/2025,        0.00,      1, 
16:00:00 03/09/2025,        0.00,      1, 
17:00:00 03/09/2025,        0.00,      1, 
18:00:00 03/09/2025,        0.00,      1, 
19:00:00 03/09/2025,        0.00,      1, 
20:00:00 03/09/2025,        0.00,      1, 
21:00:00 03/09/2025,        0.00,      1, 
22:00:00 03/09/2025,        0.00,      1, 
23:00:00 03/09/2025,        0.00,      1, 
00:00:00 03/10/2025,        0.00,      1, 
01:00:00 03/10/2025,        0.00,      1, 
02:00:00 03/10/2025,        0.00,      1, 
03:00:00 03/10/2025,        0.00,      1, 
04:00:00 03/10/2025,        0.00,      1, 
05:00:00 03/10/2025,        0.00,      1, 
06:00:00 03/10/2025,        0.00,      1, 
07:00:00 03/10/2025,        0.00,      1, 
08:00:00 03/10/2025,        0.00,      1, 
09:00:00 03/10/2025,        0.00,      1, 
10:00:00 03/10/2025,        0.00,      1, 
11:00:00 03/10/2025,        0.00,      1, 
12:00:00 03/10/2025,        0.00,      1, 
13:00:00 03/10/2025,        0.00,      1, 
14:00:00 03/10/2025,        0.00,      1, 
15:00:00 03/10/2025,        0.00,      1, 
16:00:00 03/10/2025,        0.00,      1, 
17:00:00 03/10/2025,        0.00,      1, 
18:00:00 03/10/2025,        0.00,      1, 
19:00:00 03/10/2025,        0.00,      1, 
20:00:00 03/10/2025,        0.00,      1, 
21:00:00 03/10/2025,        0.00,      1, 
22:00:00 03/10/2025,        0.00,      1, 
23:00:00 03/10/2025,        0.00,      1, 
00:00:00 03/11/2025,        0.00,      1, 
01:00:00 03/11/2025,        0.00,      1, 
02:00:00 03/11/2025,        0.00,      1, 
03:00:00 03/11/2025,        0.00,      1, 
04:00:00 03/11/2025,        0.00,      1, 
05:00:00 03/11/2025,        0.04,      1, 
06:00:00 03/11/2025,        0.00,      1, 
07:00:00 03/11/2025,        0.00,      1, 
08:00:00 03/11/2025,        0.00,      1, 
09:00:00 03/11/2025,        0.00,      1, 
10:00:00 03/11/2025,        0.00,      1, 
11:00:00 03/11/2025,        0.00,      1, 
12:00:00 03/11/2025,        0.00,      1, 
13:00:00 03/11/2025,        0.04,      1, 
14:00:00 03/11/2025,        0.00,      1, 
15:00:00 03/11/2025,        0.00,      1, 
16:00:00 03/11/2025,        0.00,      1, 
17:00:00 03/11/2025,        0.00,      1, 
18:00:00 03/11/2025,        0.00,      1, 
19:00:00 03/11/2025,        0.00,      1, 
20:00:00 03/11/2025,        0.00,      1, 
21:00:00 03/11/2025,        0.00,      1, 
22:00:00 03/11/2025,        0.00,      1, 
23:00:00 03/11/2025,        0.00,      1, 
00:00:00 03/12/2025,        0.00,      1, 
01:00:00 03/12/2025,        0.00,      1, 
02:00:00 03/12/2025,        0.00,      1, 
03:00:00 03/12/2025,        0.00,      1, 
04:00:00 03/12/2025,        0.00,      1, 
05:00:00 03/12/2025,        0.00,      1, 
06:00:00 03/12/2025,        0.00,      1, 
07:00:00 03/12/2025,        0.00,      1, 
08:00:00 03/12/2025,        0.00,      1, 
09:00:00 03/12/2025,        0.00,      1, 
10:00:00 03/12/2025,        0.04,      1, 
11:00:00 03/12/2025,        0.00,      1, 
12:00:00 03/12/2025,        0.00,      1, 
13:00:00 03/12/2025,        0.00,      1, 
14:00:00 03/12/2025,        0.00,      1, 
15:00:00 03/12/2025,        0.00,      1, 
16:00:00 03/12/2025,        0.00,      1, 
17:00:00 03/12/2025,        0.00,      1, 
18:00:00 03/12/2025,        0.00,      1, 
19:00:00 03/12/2025,        0.00,      1, 
20:00:00 03/12/2025,        0.00,      1, 
21:00:00 03/12/2025,        0.00,      1, 
22:00:00 03/12/2025,        0.00,      1, 
23:00:00 03/12/2025,        0.04,      1, 
00:00:00 03/13/2025,        0.00,      1, 
01:00:00 03/13/2025,        0.04,      1, 
02:00:00 03/13/2025,        0.08,      1, 
03:00:00 03/13/2025,        0.27,      1, 
04:00:00 03/13/2025,        0.40,      1, 
05:00:00 03/13/2025,        0.12,      1, 
06:00:00 03/13/2025,        0.11,      1, 
07:00:00 03/13/2025,        0.00,      1, 
08:00:00 03/13/2025,        0.04,      1, 
09:00:00 03/13/2025,        0.08,      1, 
10:00:00 03/13/2025,        0.04,      1, 
11:00:00 03/13/2025,        0.00,      1, 
12:00:00 03/13/2025,        0.00,      1, 
13:00:00 03/13/2025,        0.04,      1, 
14:00:00 03/13/2025,        0.00,      1, 
15:00:00 03/13/2025,        0.00,      1, 
16:00:00 03/13/2025,        0.00,      1, 
17:00:00 03/13/2025,        0.00,      1, 
18:00:00 03/13/2025,        0.00,      1, 
19:00:00 03/13/2025,        0.00,      1, 
20:00:00 03/13/2025,        0.00,      1, 
21:00:00 03/13/2025,        0.00,      1, 
22:00:00 03/13/2025,        0.00,      1, 
23:00:00 03/13/2025,        0.00,      1, 
00:00:00 03/14/2025,        0.00,      1, 
01:00:00 03/14/2025,        0.00,      1, 
02:00:00 03/14/2025,        0.00,      1, 
03:00:00 03/14/2025,        0.00,      1, 
04:00:00 03/14/2025,        0.00,      1, 
05:00:00 03/14/2025,        0.00,      1, 
06:00:00 03/14/2025,        0.00,      1, 
07:00:00 03/14/2025,        0.00,      1, 
08:00:00 03/14/2025,        0.00,      1, 
09:00:00 03/14/2025,        0.00,      1, 
10:00:00 03/14/2025,        0.00,      1, 
11:00:00 03/14/2025,        0.04,      1, 
12:00:00 03/14/2025,        0.00,      1, 
13:00:00 03/14/2025,        0.00,      1, 
14:00:00 03/14/2025,        0.00,      1, 
15:00:00 03/14/2025,        0.00,      1, 
16:00:00 03/14/2025,        0.04,      1, 
17:00:00 03/14/2025,        0.00,      1, 
18:00:00 03/14/2025,        0.00,      1, 
19:00:00 03/14/2025,        0.00,      1, 
20:00:00 03/14/2025,        0.00,      1, 
21:00:00 03/14/2025,        0.00,      1, 
22:00:00 03/14/2025,        0.00,      1, 
23:00:00 03/14/2025,        0.00,      1, 
00:00:00 03/15/2025,        0.00,      1, 
01:00:00 03/15/2025,        0.00,      1, 
02:00:00 03/15/2025,        0.00,      1, 
03:00:00 03/15/2025,        0.00,      1, 
04:00:00 03/15/2025,        0.00,      1, 
05:00:00 03/15/2025,        0.00,      1, 
06:00:00 03/15/2025,        0.00,      1, 
07:00:00 03/15/2025,        0.00,      1, 
08:00:00 03/15/2025,        0.00,      1, 
09:00:00 03/15/2025,        0.00,      1, 
10:00:00 03/15/2025,        0.00,      1, 
11:00:00 03/15/2025,        0.00,      1, 
12:00:00 03/15/2025,        0.00,      1, 
13:00:00 03/15/2025,        0.00,      1, 
14:00:00 03/15/2025,        0.00,      1, 
15:00:00 03/15/2025,        0.00,      1, 
16:00:00 03/15/2025,        0.00,      1, 
17:00:00 03/15/2025,        0.00,      1, 
18:00:00 03/15/2025,        0.00,      1, 
19:00:00 03/15/2025,        0.00,      1, 
20:00:00 03/15/2025,        0.00,      1, 
21:00:00 03/15/2025,        0.00,      1, 
22:00:00 03/15/2025,        0.00,      1, 
23:00:00 03/15/2025,        0.00,      1, 
00:00:00 03/16/2025,        0.00,      1, 
01:00:00 03/16/2025,        0.00,      1, 
02:00:00 03/16/2025,        0.00,      1, 
03:00:00 03/16/2025,        0.00,      1, 
04:00:00 03/16/2025,        0.00,      1, 
05:00:00 03/16/2025,        0.00,      1, 
06:00:00 03/16/2025,        0.00,      1, 
07:00:00 03/16/2025,        0.00,      1, 
08:00:00 03/16/2025,        0.00,      1, 
09:00:00 03/16/2025,        0.00,      1, 
10:00:00 03/16/2025,        0.00,      1, 
11:00:00 03/16/2025,        0.00,      1, 
12:00:00 03/16/2025,        0.00,      1, 
13:00:00 03/16/2025,        0.00,      1, 
14:00:00 03/16/2025,        0.00,      1, 
15:00:00 03/16/2025,        0.00,      1, 
16:00:00 03/16/2025,        0.00,      1, 
17:00:00 03/16/2025,        0.00,      1, 
18:00:00 03/16/2025,        0.00,      1, 
19:00:00 03/16/2025,        0.00,      1, 
20:00:00 03/16/2025,        0.00,      1, 
21:00:00 03/16/2025,        0.00,      1, 
22:00:00 03/16/2025,        0.00,      1, 
23:00:00 03/16/2025,        0.00,      1, 
00:00:00 03/17/2025,        0.00,      1, 
01:00:00 03/17/2025,        0.00,      1, 
02:00:00 03/17/2025,        0.00,      1, 
03:00:00 03/17/2025,        0.00,      1, 
04:00:00 03/17/2025,        0.00,      1, 
05:00:00 03/17/2025,        0.00,      1, 
06:00:00 03/17/2025,        0.00,      1, 
07:00:00 03/17/2025,        0.00,      1, 
08:00:00 03/17/2025,        0.00,      1, 
09:00:00 03/17/2025,        0.00,      1, 
10:00:00 03/17/2025,        0.00,      1, 
11:00:00 03/17/2025,        0.00,      1, 
12:00:00 03/17/2025,        0.00,      1, 
13:00:00 03/17/2025,        0.00,      1, 
14:00:00 03/17/2025,        0.00,      1, 
15:00:00 03/17/2025,        0.00,      1, 
16:00:00 03/17/2025,        0.00,      1, 
17:00:00 03/17/2025,        0.04,      1, 
18:00:00 03/17/2025,        0.00,      1, 
19:00:00 03/17/2025,        0.00,      1, 
20:00:00 03/17/2025,        0.00,      1, 
21:00:00 03/17/2025,        0.00,      1, 
22:00:00 03/17/2025,        0.00,      1, 
23:00:00 03/17/2025,        0.00,      1, 
00:00:00 03/18/2025,        0.00,      1, 
01:00:00 03/18/2025,        0.00,      1, 
02:00:00 03/18/2025,        0.00,      1, 
03:00:00 03/18/2025,        0.00,      1, 
04:00:00 03/18/2025,        0.00,      1, 
05:00:00 03/18/2025,        0.00,      1, 
06:00:00 03/18/2025,        0.04,      1, 
07:00:00 03/18/2025,        0.00,      1, 
08:00:00 03/18/2025,        0.00,      1, 
09:00:00 03/18/2025,        0.00,      1, 
10:00:00 03/18/2025,        0.00,      1, 
11:00:00 03/18/2025,        0.00,      1, 
12:00:00 03/18/2025,        0.00,      1, 
13:00:00 03/18/2025,        0.00,      1, 
14:00:00 03/18/2025,        0.00,      1, 
15:00:00 03/18/2025,        0.00,      1, 
16:00:00 03/18/2025,        0.00,      1, 
17:00:00 03/18/2025,        0.00,      1, 
18:00:00 03/18/2025,        0.00,      1, 
19:00:00 03/18/2025,        0.00,      1, 
20:00:00 03/18/2025,        0.00,      1, 
21:00:00 03/18/2025,        0.00,      1, 
22:00:00 03/18/2025,        0.00,      1, 
23:00:00 03/18/2025,        0.00,      1, 
00:00:00 03/19/2025,        0.00,      1, 
01:00:00 03/19/2025,        0.00,      1, 
02:00:00 03/19/2025,        0.00,      1, 
03:00:00 03/19/2025,        0.00,      1, 
04:00:00 03/19/2025,        0.00,      1, 
05:00:00 03/19/2025,        0.00,      1, 
06:00:00 03/19/2025,        0.00,      1, 
07:00:00 03/19/2025,        0.00,      1, 
08:00:00 03/19/2025,        0.00,      1, 
09:00:00 03/19/2025,        0.00,      1, 
10:00:00 03/19/2025,        0.00,      1, 
11:00:00 03/19/2025,        0.00,      1, 
12:00:00 03/19/2025,        0.00,      1, 
13:00:00 03/19/2025,        0.00,      1, 
14:00:00 03/19/2025,        0.00,      1, 
15:00:00 03/19/2025,        0.00,      1, 
16:00:00 03/19/2025,        0.00,      1, 
17:00:00 03/19/2025,        0.00,      1, 
18:00:00 03/19/2025,        0.00,      1, 
19:00:00 03/19/2025,        0.00,      1, 
20:00:00 03/19/2025,        0.00,      1, 
21:00:00 03/19/2025,        0.00,      1, 
22:00:00 03/19/2025,        0.00,      1, 
23:00:00 03/19/2025,        0.00,      1, 
00:00:00 03/20/2025,        0.00,      1, 
01:00:00 03/20/2025,        0.00,      1, 
02:00:00 03/20/2025,        0.00,      1, 
03:00:00 03/20/2025,        0.00,      1, 
04:00:00 03/20/2025,        0.00,      1, 
05:00:00 03/20/2025,        0.00,      1, 
06:00:00 03/20/2025,        0.00,      1, 
07:00:00 03/20/2025,        0.00,      1, 
08:00:00 03/20/2025,        0.00,      1, 
09:00:00 03/20/2025,        0.00,      1, 
10:00:00 03/20/2025,        0.00,      1, 
11:00:00 03/20/2025,        0.00,      1, 
12:00:00 03/20/2025,        0.00,      1, 
13:00:00 03/20/2025,        0.00,      1, 
14:00:00 03/20/2025,        0.00,      1, 
15:00:00 03/20/2025,        0.00,      1, 
16:00:00 03/20/2025,        0.00,      1, 
17:00:00 03/20/2025,        0.00,      1, 
18:00:00 03/20/2025,        0.00,      1, 
19:00:00 03/20/2025,        0.00,      1, 
20:00:00 03/20/2025,        0.00,      1, 
21:00:00 03/20/2025,        0.00,      1, 
22:00:00 03/20/2025,        0.00,      1, 
23:00:00 03/20/2025,        0.00,      1, 
00:00:00 03/21/2025,        0.00,      1, 
01:00:00 03/21/2025,        0.00,      1, 
02:00:00 03/21/2025,        0.00,      1, 
03:00:00 03/21/2025,        0.00,      1, 
04:00:00 03/21/2025,        0.00,      1, 
05:00:00 03/21/2025,        0.00,      1, 
06:00:00 03/21/2025,        0.00,      1, 
07:00:00 03/21/2025,        0.00,      1, 
08:00:00 03/21/2025,        0.00,      1, 
09:00:00 03/21/2025,        0.00,      1, 
10:00:00 03/21/2025,        0.00,      1, 
11:00:00 03/21/2025,        0.00,      1, 
12:00:00 03/21/2025,        0.00,      1, 
13:00:00 03/21/2025,        0.00,      1, 
14:00:00 03/21/2025,        0.00,      1, 
15:00:00 03/21/2025,        0.00,      1, 
16:00:00 03/21/2025,        0.00,      1, 
17:00:00 03/21/2025,        0.00,      1, 
18:00:00 03/21/2025,        0.00,      1, 
19:00:00 03/21/2025,        0.00,      1, 
20:00:00 03/21/2025,        0.00,      1, 
21:00:00 03/21/2025,        0.00,      1, 
22:00:00 03/21/2025,        0.00,      1, 
23:00:00 03/21/2025,        0.00,      1, 
00:00:00 03/22/2025,        0.00,      1, 
01:00:00 03/22/2025,        0.00,      1, 
02:00:00 03/22/2025,        0.00,      1, 
03:00:00 03/22/2025,        0.00,      1, 
04:00:00 03/22/2025,        0.00,      1, 
05:00:00 03/22/2025,        0.00,      1, 
06:00:00 03/22/2025,        0.00,      1, 
07:00:00 03/22/2025,        0.00,      1, 
08:00:00 03/22/2025,        0.00,      1, 
09:00:00 03/22/2025,        0.00,      1, 
10:00:00 03/22/2025,        0.00,      1, 
11:00:00 03/22/2025,        0.00,      1, 
12:00:00 03/22/2025,        0.00,      1, 
13:00:00 03/22/2025,        0.00,      1, 
14:00:00 03/22/2025,        0.00,      1, 
15:00:00 03/22/2025,        0.00,      1, 
16:00:00 03/22/2025,        0.00,      1, 
17:00:00 03/22/2025,        0.00,      1, 
18:00:00 03/22/2025,        0.00,      1, 
19:00:00 03/22/2025,        0.00,      1, 
20:00:00 03/22/2025,        0.00,      1, 
21:00:00 03/22/2025,        0.00,      1, 
22:00:00 03/22/2025,        0.00,      1, 
23:00:00 03/22/2025,        0.00,      1, 
00:00:00 03/23/2025,        0.00,      1, 
01:00:00 03/23/2025,        0.00,      1, 
02:00:00 03/23/2025,        0.00,      1, 
03:00:00 03/23/2025,        0.00,      1, 
04:00:00 03/23/2025,        0.00,      1, 
05:00:00 03/23/2025,        0.00,      1, 
06:00:00 03/23/2025,        0.00,      1, 
07:00:00 03/23/2025,        0.00,      1, 
08:00:00 03/23/2025,        0.00,      1, 
09:00:00 03/23/2025,        0.00,      1, 
10:00:00 03/23/2025,        0.00,      1, 
11:00:00 03/23/2025,        0.00,      1, 
12:00:00 03/23/2025,        0.00,      1, 
13:00:00 03/23/2025,        0.00,      1, 
14:00:00 03/23/2025,        0.00,      1, 
15:00:00 03/23/2025,        0.00,      1, 
16:00:00 03/23/2025,        0.00,      1, 
17:00:00 03/23/2025,        0.00,      1, 
18:00:00 03/23/2025,        0.00,      1, 
19:00:00 03/23/2025,        0.00,      1, 
20:00:00 03/23/2025,        0.00,      1, 
21:00:00 03/23/2025,        0.00,      1, 
22:00:00 03/23/2025,        0.00,      1, 
23:00:00 03/23/2025,        0.00,      1, 
00:00:00 03/24/2025,        0.00,      1, 
01:00:00 03/24/2025,        0.00,      1, 
02:00:00 03/24/2025,        0.00,      1, 
03:00:00 03/24/2025,        0.00,      1, 
04:00:00 03/24/2025,        0.00,      1, 
05:00:00 03/24/2025,        0.00,      1, 
06:00:00 03/24/2025,        0.00,      1, 
07:00:00 03/24/2025,        0.00,      1, 
08:00:00 03/24/2025,        0.00,      1, 
09:00:00 03/24/2025,        0.00,      1, 
10:00:00 03/24/2025,        0.00,      1, 
11:00:00 03/24/2025,        0.00,      1, 
12:00:00 03/24/2025,        0.00,      1, 
13:00:00 03/24/2025,        0.00,      1, 
14:00:00 03/24/2025,        0.00,      1, 
15:00:00 03/24/2025,        0.00,      1, 
16:00:00 03/24/2025,        0.00,      1, 
17:00:00 03/24/2025,        0.00,      1, 
18:00:00 03/24/2025,        0.00,      1, 
19:00:00 03/24/2025,        0.00,      1, 
20:00:00 03/24/2025,        0.00,      1, 
21:00:00 03/24/2025,        0.00,      1, 
22:00:00 03/24/2025,        0.00,      1, 
23:00:00 03/24/2025,        0.00,      1, 
00:00:00 03/25/2025,        0.00,      1, 
01:00:00 03/25/2025,        0.00,      1, 
02:00:00 03/25/2025,        0.00,      1, 
03:00:00 03/25/2025,        0.00,      1, 
04:00:00 03/25/2025,        0.00,      1, 
05:00:00 03/25/2025,        0.00,      1, 
06:00:00 03/25/2025,        0.00,      1, 
07:00:00 03/25/2025,        0.00,      1, 
08:00:00 03/25/2025,        0.00,      1, 
09:00:00 03/25/2025,        0.00,      1, 
10:00:00 03/25/2025,        0.00,      1, 
11:00:00 03/25/2025,        0.00,      1, 
12:00:00 03/25/2025,        0.00,      1, 
13:00:00 03/25/2025,        0.00,      1, 
14:00:00 03/25/2025,        0.00,      1, 
15:00:00 03/25/2025,        0.00,      1, 
16:00:00 03/25/2025,        0.00,      1, 
17:00:00 03/25/2025,        0.00,      1, 
18:00:00 03/25/2025,        0.00,      1, 
19:00:00 03/25/2025,        0.00,      1, 
20:00:00 03/25/2025,        0.00,      1, 
21:00:00 03/25/2025,        0.00,      1, 
22:00:00 03/25/2025,        0.00,      1, 
23:00:00 03/25/2025,        0.00,      1, 
00:00:00 03/26/2025,        0.00,      1, 
01:00:00 03/26/2025,        0.00,      1, 
02:00:00 03/26/2025,        0.00,      1, 
03:00:00 03/26/2025,        0.00,      1, 
04:00:00 03/26/2025,        0.00,      1, 
05:00:00 03/26/2025,        0.00,      1, 
06:00:00 03/26/2025,        0.00,      1, 
07:00:00 03/26/2025,        0.04,      1, 
08:00:00 03/26/2025,        0.00,      1, 
09:00:00 03/26/2025,        0.00,      1, 
10:00:00 03/26/2025,        0.00,      1, 
11:00:00 03/26/2025,        0.00,      1, 
12:00:00 03/26/2025,        0.00,      1, 
13:00:00 03/26/2025,        0.00,      1, 
14:00:00 03/26/2025,        0.00,      1, 
15:00:00 03/26/2025,        0.00,      1, 
16:00:00 03/26/2025,        0.00,      1, 
17:00:00 03/26/2025,        0.00,      1, 
18:00:00 03/26/2025,        0.00,      1, 
19:00:00 03/26/2025,        0.00,      1, 
20:00:00 03/26/2025,        0.00,      1, 
21:00:00 03/26/2025,        0.00,      1, 
22:00:00 03/26/2025,        0.00,      1, 
23:00:00 03/26/2025,        0.00,      1, 
00:00:00 03/27/2025,        0.00,      1, 
01:00:00 03/27/2025,        0.00,      1, 
02:00:00 03/27/2025,        0.00,      1, 
03:00:00 03/27/2025,        0.00,      1, 
04:00:00 03/27/2025,        0.00,      1, 
05:00:00 03/27/2025,        0.00,      1, 
06:00:00 03/27/2025,        0.00,      1, 
07:00:00 03/27/2025,        0.00,      1, 
08:00:00 03/27/2025,        0.00,      1, 
09:00:00 03/27/2025,        0.00,      1, 
10:00:00 03/27/2025,        0.00,      1, 
11:00:00 03/27/2025,        0.00,      1, 
12:00:00 03/27/2025,        0.00,      1, 
13:00:00 03/27/2025,        0.00,      1, 
14:00:00 03/27/2025,        0.00,      1, 
15:00:00 03/27/2025,        0.00,      1, 
16:00:00 03/27/2025,        0.00,      1, 
17:00:00 03/27/2025,        0.00,      1, 
18:00:00 03/27/2025,        0.00,      1, 
19:00:00 03/27/2025,        0.00,      1, 
20:00:00 03/27/2025,        0.00,      1, 
21:00:00 03/27/2025,        0.00,      1, 
22:00:00 03/27/2025,        0.00,      1, 
23:00:00 03/27/2025,        0.00,      1, 
00:00:00 03/28/2025,        0.00,      1, 
01:00:00 03/28/2025,        0.00,      1, 
02:00:00 03/28/2025,        0.00,      1, 
03:00:00 03/28/2025,        0.00,      1, 
04:00:00 03/28/2025,        0.00,      1, 
05:00:00 03/28/2025,        0.00,      1, 
06:00:00 03/28/2025,        0.00,      1, 
07:00:00 03/28/2025,        0.00,      1, 
08:00:00 03/28/2025,        0.00,      1, 
09:00:00 03/28/2025,        0.00,      1, 
10:00:00 03/28/2025,        0.00,      1, 
11:00:00 03/28/2025,        0.00,      1, 
12:00:00 03/28/2025,        0.00,      1, 
13:00:00 03/28/2025,        0.00,      1, 
14:00:00 03/28/2025,        0.00,      1, 
15:00:00 03/28/2025,        0.00,      1, 
16:00:00 03/28/2025,        0.00,      1, 
17:00:00 03/28/2025,        0.00,      1, 
18:00:00 03/28/2025,        0.00,      1, 
19:00:00 03/28/2025,        0.00,      1, 
20:00:00 03/28/2025,        0.00,      1, 
21:00:00 03/28/2025,        0.00,      1, 
22:00:00 03/28/2025,        0.00,      1, 
23:00:00 03/28/2025,        0.00,      1, 
00:00:00 03/29/2025,        0.00,      1, 
01:00:00 03/29/2025,        0.00,      1, 
02:00:00 03/29/2025,        0.00,      1, 
03:00:00 03/29/2025,        0.00,      1, 
04:00:00 03/29/2025,        0.00,      1, 
05:00:00 03/29/2025,        0.00,      1, 
06:00:00 03/29/2025,        0.00,      1, 
07:00:00 03/29/2025,        0.00,      1, 
08:00:00 03/29/2025,        0.00,      1, 
09:00:00 03/29/2025,        0.00,      1, 
10:00:00 03/29/2025,        0.00,      1, 
11:00:00 03/29/2025,        0.00,      1, 
12:00:00 03/29/2025,        0.00,      1, 
13:00:00 03/29/2025,        0.00,      1, 
14:00:00 03/29/2025,        0.00,      1, 
15:00:00 03/29/2025,        0.00,      1, 
16:00:00 03/29/2025,        0.00,      1, 
17:00:00 03/29/2025,        0.00,      1, 
18:00:00 03/29/2025,        0.00,      1, 
19:00:00 03/29/2025,        0.00,      1, 
20:00:00 03/29/2025,        0.00,      1, 
21:00:00 03/29/2025,        0.00,      1, 
22:00:00 03/29/2025,        0.00,      1, 
23:00:00 03/29/2025,        0.00,      1, 
00:00:00 03/30/2025,        0.00,      1, 
01:00:00 03/30/2025,        0.00,      1, 
02:00:00 03/30/2025,        0.00,      1, 
03:00:00 03/30/2025,        0.00,      1, 
04:00:00 03/30/2025,        0.00,      1, 
05:00:00 03/30/2025,        0.00,      1, 
06:00:00 03/30/2025,        0.00,      1, 
07:00:00 03/30/2025,        0.00,      1, 
08:00:00 03/30/2025,        0.00,      1, 
09:00:00 03/30/2025,        0.00,      1, 
10:00:00 03/30/2025,        0.00,      1, 
11:00:00 03/30/2025,        0.00,      1, 
12:00:00 03/30/2025,        0.00,      1, 
13:00:00 03/30/2025,        0.00,      1, 
14:00:00 03/30/2025,        0.00,      1, 
15:00:00 03/30/2025,        0.00,      1, 
16:00:00 03/30/2025,        0.00,      1, 
17:00:00 03/30/2025,        0.00,      1, 
18:00:00 03/30/2025,        0.00,      1, 
19:00:00 03/30/2025,        0.00,      1, 
20:00:00 03/30/2025,        0.00,      1, 
21:00:00 03/30/2025,        0.00,      1, 
22:00:00 03/30/2025,        0.00,      1, 
23:00:00 03/30/2025,        0.00,      1, 
00:00:00 03/31/2025,        0.00,      1, 
01:00:00 03/31/2025,        0.00,      1, 
02:00:00 03/31/2025,        0.00,      1, 
03:00:00 03/31/2025,        0.00,      1, 
04:00:00 03/31/2025,        0.00,      1, 
05:00:00 03/31/2025,        0.00,      1, 
06:00:00 03/31/2025,        0.04,      1, 
07:00:00 03/31/2025,        0.00,      1, 
08:00:00 03/31/2025,        0.00,      1, 
09:00:00 03/31/2025,        0.00,      1, 
10:00:00 03/31/2025,        0.00,      1, 
11:00:00 03/31/2025,        0.00,      1, 
12:00:00 03/31/2025,        0.00,      1, 
13:00:00 03/31/2025,        0.00,      1, 
14:00:00 03/31/2025,        0.00,      1, 
15:00:00 03/31/2025,        0.00,      1, 
16:00:00 03/31/2025,        0.00,      1, 
17:00:00 03/31/2025,        0.00,      1, 
18:00:00 03/31/2025,        0.00,      1, 
19:00:00 03/31/2025,        0.00,      1, 
20:00:00 03/31/2025,        0.00,      1, 
21:00:00 03/31/2025,        0.00,      1, 
22:00:00 03/31/2025,        0.00,      1, 
23:00:00 03/31/2025,        0.00,      1, 
00:00:00 04/01/2025,        0.00,      1, 
01:00:00 04/01/2025,        0.00,      1, 
02:00:00 04/01/2025,        0.00,      1, 
03:00:00 04/01/2025,        0.00,      1, 
04:00:00 04/01/2025,        0.00,      1, 
05:00:00 04/01/2025,        0.00,      1, 
06:00:00 04/01/2025,        0.00,      1, 
07:00:00 04/01/2025,        0.00,      1, 
08:00:00 04/01/2025,        0.00,      1, 
09:00:00 04/01/2025,        0.00,      1, 
10:00:00 04/01/2025,        0.00,      1, 
11:00:00 04/01/2025,        0.00,      1, 
12:00:00 04/01/2025,        0.00,      1, 
13:00:00 04/01/2025,        0.00,      1, 
14:00:00 04/01/2025,        0.00,      1, 
15:00:00 04/01/2025,        0.00,      1, 
16:00:00 04/01/2025,        0.00,      1, 
17:00:00 04/01/2025,        0.00,      1, 
18:00:00 04/01/2025,        0.00,      1, 
19:00:00 04/01/2025,        0.00,      1, 
20:00:00 04/01/2025,        0.00,      1, 
21:00:00 04/01/2025,        0.00,      1, 
22:00:00 04/01/2025,        0.00,      1, 
23:00:00 04/01/2025,        0.00,      1, 
00:00:00 04/02/2025,        0.00,      1, 
01:00:00 04/02/2025,        0.00,      1, 
02:00:00 04/02/2025,        0.00,      1, 
03:00:00 04/02/2025,        0.00,      1, 
04:00:00 04/02/2025,        0.00,      1, 
05:00:00 04/02/2025,        0.00,      1, 
06:00:00 04/02/2025,        0.00,      1, 
07:00:00 04/02/2025,        0.00,      1, 
08:00:00 04/02/2025,        0.00,      1, 
09:00:00 04/02/2025,        0.00,      1, 
10:00:00 04/02/2025,        0.00,      1, 
11:00:00 04/02/2025,        0.00,      1, 
12:00:00 04/02/2025,        0.00,      1, 
13:00:00 04/02/2025,        0.00,      1, 
14:00:00 04/02/2025,        0.00,      1, 
15:00:00 04/02/2025,        0.00,      1, 
16:00:00 04/02/2025,        0.00,      1, 
17:00:00 04/02/2025,        0.00,      1, 
18:00:00 04/02/2025,        0.00,      1, 
19:00:00 04/02/2025,        0.00,      1, 
20:00:00 04/02/2025,        0.00,      1, 
21:00:00 04/02/2025,        0.00,      1, 
22:00:00 04/02/2025,        0.00,      1, 
23:00:00 04/02/2025,        0.00,      1, 
00:00:00 04/03/2025,        0.00,      1, 
01:00:00 04/03/2025,        0.00,      1, 
02:00:00 04/03/2025,        0.00,      1, 
03:00:00 04/03/2025,        0.00,      1, 
04:00:00 04/03/2025,        0.00,      1, 
05:00:00 04/03/2025,        0.00,      1, 
06:00:00 04/03/2025,        0.00,      1, 
07:00:00 04/03/2025,        0.00,      1, 
08:00:00 04/03/2025,        0.00,      1, 
09:00:00 04/03/2025,        0.00,      1, 
10:00:00 04/03/2025,        0.00,      1, 
11:00:00 04/03/2025,        0.00,      1, 
12:00:00 04/03/2025,        0.00,      1, 
13:00:00 04/03/2025,        0.00,      1, 
14:00:00 04/03/2025,        0.00,      1, 
15:00:00 04/03/2025,        0.00,      1, 
16:00:00 04/03/2025,        0.00,      1, 
17:00:00 04/03/2025,        0.00,      1, 
18:00:00 04/03/2025,        0.00,      1, 
19:00:00 04/03/2025,        0.00,      1, 
20:00:00 04/03/2025,        0.00,      1, 
21:00:00 04/03/2025,        0.00,      1, 
22:00:00 04/03/2025,        0.00,      1, 
23:00:00 04/03/2025,        0.00,      1, 
00:00:00 04/04/2025,        0.00,      1, 
01:00:00 04/04/2025,        0.00,      1, 
02:00:00 04/04/2025,        0.00,      1, 
03:00:00 04/04/2025,        0.00,      1, 
04:00:00 04/04/2025,        0.00,      1, 
05:00:00 04/04/2025,        0.00,      1, 
06:00:00 04/04/2025,        0.00,      1, 
07:00:00 04/04/2025,        0.00,      1, 
08:00:00 04/04/2025,        0.00,      1, 
09:00:00 04/04/2025,        0.00,      1, 
10:00:00 04/04/2025,        0.00,      1, 
11:00:00 04/04/2025,        0.00,      1, 
12:00:00 04/04/2025,        0.00,      1, 
13:00:00 04/04/2025,        0.00,      1, 
14:00:00 04/04/2025,        0.00,      1, 
15:00:00 04/04/2025,        0.00,      1, 
16:00:00 04/04/2025,        0.00,      1, 
17:00:00 04/04/2025,        0.00,      1, 
18:00:00 04/04/2025,        0.00,      1, 
19:00:00 04/04/2025,        0.00,      1, 
20:00:00 04/04/2025,        0.00,      1, 
21:00:00 04/04/2025,        0.00,      1, 
22:00:00 04/04/2025,        0.00,      1, 
23:00:00 04/04/2025,        0.00,      1, 
00:00:00 04/05/2025,        0.00,      1, 
01:00:00 04/05/2025,        0.00,      1, 
02:00:00 04/05/2025,        0.00,      1, 
03:00:00 04/05/2025,        0.00,      1, 
04:00:00 04/05/2025,        0.00,      1, 
05:00:00 04/05/2025,        0.00,      1, 
06:00:00 04/05/2025,        0.00,      1, 
07:00:00 04/05/2025,        0.00,      1, 
08:00:00 04/05/2025,        0.00,      1, 
09:00:00 04/05/2025,        0.00,      1, 
10:00:00 04/05/2025,        0.00,      1, 
11:00:00 04/05/2025,        0.00,      1, 
12:00:00 04/05/2025,        0.00,      1, 
13:00:00 04/05/2025,        0.00,      1, 
14:00:00 04/05/2025,        0.00,      1, 
15:00:00 04/05/2025,        0.00,      1, 
16:00:00 04/05/2025,        0.00,      1, 
17:00:00 04/05/2025,        0.00,      1, 
18:00:00 04/05/2025,        0.00,      1, 
19:00:00 04/05/2025,        0.00,      1, 
20:00:00 04/05/2025,        0.00,      1, 
21:00:00 04/05/2025,        0.00,      1, 
22:00:00 04/05/2025,        0.00,      1, 
23:00:00 04/05/2025,        0.00,      1, 
00:00:00 04/06/2025,        0.00,      1, 
01:00:00 04/06/2025,        0.00,      1, 
02:00:00 04/06/2025,        0.00,      1, 
03:00:00 04/06/2025,        0.00,      1, 
04:00:00 04/06/2025,        0.00,      1, 
05:00:00 04/06/2025,        0.00,      1, 
06:00:00 04/06/2025,        0.00,      1, 
07:00:00 04/06/2025,        0.00,      1, 
08:00:00 04/06/2025,        0.00,      1, 
09:00:00 04/06/2025,        0.00,      1, 
10:00:00 04/06/2025,        0.00,      1, 
11:00:00 04/06/2025,        0.00,      1, 
12:00:00 04/06/2025,        0.00,      1, 
13:00:00 04/06/2025,        0.00,      1, 
14:00:00 04/06/2025,        0.00,      1, 
15:00:00 04/06/2025,        0.00,      1, 
16:00:00 04/06/2025,        0.00,      1, 
17:00:00 04/06/2025,        0.00,      1, 
18:00:00 04/06/2025,        0.00,      1, 
19:00:00 04/06/2025,        0.00,      1, 
20:00:00 04/06/2025,        0.00,      1, 
21:00:00 04/06/2025,        0.00,      1, 
22:00:00 04/06/2025,        0.00,      1, 
23:00:00 04/06/2025,        0.00,      1, 
00:00:00 04/07/2025,        0.00,      1, 
01:00:00 04/07/2025,        0.00,      1, 
02:00:00 04/07/2025,        0.00,      1, 
03:00:00 04/07/2025,        0.00,      1, 
04:00:00 04/07/2025,        0.00,      1, 
05:00:00 04/07/2025,        0.00,      1, 
06:00:00 04/07/2025,        0.00,      1, 
07:00:00 04/07/2025,        0.00,      1, 
08:00:00 04/07/2025,        0.00,      1, 
09:00:00 04/07/2025,        0.00,      1, 
10:00:00 04/07/2025,        0.00,      1, 
11:00:00 04/07/2025,        0.00,      1, 
12:00:00 04/07/2025,        0.00,      1, 
13:00:00 04/07/2025,        0.00,      1, 
14:00:00 04/07/2025,        0.00,      1, 
15:00:00 04/07/2025,        0.00,      1, 
16:00:00 04/07/2025,        0.00,      1, 
17:00:00 04/07/2025,        0.00,      1, 
18:00:00 04/07/2025,        0.00,      1, 
19:00:00 04/07/2025,        0.00,      1, 
20:00:00 04/07/2025,        0.00,      1, 
21:00:00 04/07/2025,        0.00,      1, 
22:00:00 04/07/2025,        0.00,      1, 
23:00:00 04/07/2025,        0.00,      1, 
00:00:00 04/08/2025,        0.00,      1, 
01:00:00 04/08/2025,        0.00,      1, 
02:00:00 04/08/2025,        0.00,      1, 
03:00:00 04/08/2025,        0.00,      1, 
04:00:00 04/08/2025,        0.00,      1, 
05:00:00 04/08/2025,        0.00,      1, 
06:00:00 04/08/2025,        0.00,      1, 
07:00:00 04/08/2025,        0.00,      1, 
08:00:00 04/08/2025,        0.00,      1, 
09:00:00 04/08/2025,        0.00,      1, 
10:00:00 04/08/2025,        0.00,      1, 
11:00:00 04/08/2025,        0.00,      1, 
12:00:00 04/08/2025,        0.00,      1, 
13:00:00 04/08/2025,        0.00,      1, 
14:00:00 04/08/2025,        0.00,      1, 
15:00:00 04/08/2025,        0.00,      1, 
16:00:00 04/08/2025,        0.00,      1, 
17:00:00 04/08/2025,        0.00,      1, 
18:00:00 04/08/2025,        0.00,      1, 
19:00:00 04/08/2025,        0.00,      1, 
20:00:00 04/08/2025,        0.00,      1, 
21:00:00 04/08/2025,        0.00,      1, 
22:00:00 04/08/2025,        0.00,      1, 
23:00:00 04/08/2025,        0.00,      1, 
00:00:00 04/09/2025,        0.00,      1, 
01:00:00 04/09/2025,        0.00,      1, 
02:00:00 04/09/2025,        0.00,      1, 
03:00:00 04/09/2025,        0.00,      1, 
04:00:00 04/09/2025,        0.00,      1, 
05:00:00 04/09/2025,        0.00,      1, 
06:00:00 04/09/2025,        0.00,      1, 
07:00:00 04/09/2025,        0.00,      1, 
08:00:00 04/09/2025,        0.00,      1, 
09:00:00 04/09/2025,        0.00,      1, 
10:00:00 04/09/2025,        0.00,      1, 
11:00:00 04/09/2025,        0.00,      1, 
12:00:00 04/09/2025,        0.00,      1, 
13:00:00 04/09/2025,        0.00,      1, 
14:00:00 04/09/2025,        0.00,      1, 
15:00:00 04/09/2025,        0.00,      1, 
16:00:00 04/09/2025,        0.00,      1, 
17:00:00 04/09/2025,        0.00,      1, 
18:00:00 04/09/2025,        0.00,      1, 
19:00:00 04/09/2025,        0.00,      1, 
20:00:00 04/09/2025,        0.00,      1, 
21:00:00 04/09/2025,        0.00,      1, 
22:00:00 04/09/2025,        0.00,      1, 
23:00:00 04/09/2025,        0.00,      1, 
00:00:00 04/10/2025,        0.00,      1, 
01:00:00 04/10/2025,        0.00,      1, 
02:00:00 04/10/2025,        0.00,      1, 
03:00:00 04/10/2025,        0.00,      1, 
04:00:00 04/10/2025,        0.00,      1, 
05:00:00 04/10/2025,        0.00,      1, 
06:00:00 04/10/2025,        0.00,      1, 
07:00:00 04/10/2025,        0.00,      1, 
08:00:00 04/10/2025,        0.00,      1, 
09:00:00 04/10/2025,        0.00,      1, 
10:00:00 04/10/2025,        0.00,      1, 
11:00:00 04/10/2025,        0.00,      1, 
12:00:00 04/10/2025,        0.00,      1, 
13:00:00 04/10/2025,        0.00,      1, 
14:00:00 04/10/2025,        0.00,      1, 
15:00:00 04/10/2025,        0.00,      1, 
16:00:00 04/10/2025,        0.00,      1, 
17:00:00 04/10/2025,        0.00,      1, 
18:00:00 04/10/2025,        0.00,      1, 
19:00:00 04/10/2025,        0.00,      1, 
20:00:00 04/10/2025,        0.00,      1, 
21:00:00 04/10/2025,        0.00,      1, 
22:00:00 04/10/2025,        0.00,      1, 
23:00:00 04/10/2025,        0.00,      1, 
00:00:00 04/11/2025,        0.00,      1, 
01:00:00 04/11/2025,        0.00,      1, 
02:00:00 04/11/2025,        0.00,      1, 
03:00:00 04/11/2025,        0.00,      1, 
04:00:00 04/11/2025,        0.00,      1, 
05:00:00 04/11/2025,        0.00,      1, 
06:00:00 04/11/2025,        0.00,      1, 
07:00:00 04/11/2025,        0.00,      1, 
08:00:00 04/11/2025,        0.00,      1, 
09:00:00 04/11/2025,        0.00,      1, 
10:00:00 04/11/2025,        0.00,      1, 
11:00:00 04/11/2025,        0.00,      1, 
12:00:00 04/11/2025,        0.00,      1, 
13:00:00 04/11/2025,        0.00,      1, 
14:00:00 04/11/2025,        0.00,      1, 
15:00:00 04/11/2025,        0.00,      1, 
16:00:00 04/11/2025,        0.00,      1, 
17:00:00 04/11/2025,        0.00,      1, 
18:00:00 04/11/2025,        0.00,      1, 
19:00:00 04/11/2025,        0.00,      1, 
20:00:00 04/11/2025,        0.00,      1, 
21:00:00 04/11/2025,        0.00,      1, 
22:00:00 04/11/2025,        0.00,      1, 
23:00:00 04/11/2025,        0.00,      1, 
00:00:00 04/12/2025,        0.00,      1, 
01:00:00 04/12/2025,        0.00,      1, 
02:00:00 04/12/2025,        0.00,      1, 
03:00:00 04/12/2025,        0.00,      1, 
04:00:00 04/12/2025,        0.00,      1, 
05:00:00 04/12/2025,        0.00,      1, 
06:00:00 04/12/2025,        0.00,      1, 
07:00:00 04/12/2025,        0.00,      1, 
08:00:00 04/12/2025,        0.00,      1, 
09:00:00 04/12/2025,        0.00,      1, 
10:00:00 04/12/2025,        0.00,      1, 
11:00:00 04/12/2025,        0.00,      1, 
12:00:00 04/12/2025,        0.00,      1, 
13:00:00 04/12/2025,        0.00,      1, 
14:00:00 04/12/2025,        0.00,      1, 
15:00:00 04/12/2025,        0.00,      1, 
16:00:00 04/12/2025,        0.00,      1, 
17:00:00 04/12/2025,        0.00,      1, 
18:00:00 04/12/2025,        0.00,      1, 
19:00:00 04/12/2025,        0.00,      1, 
20:00:00 04/12/2025,        0.00,      1, 
21:00:00 04/12/2025,        0.00,      1, 
22:00:00 04/12/2025,        0.00,      1, 
23:00:00 04/12/2025,        0.00,      1, 
00:00:00 04/13/2025,        0.00,      1, 
01:00:00 04/13/2025,        0.00,      1, 
02:00:00 04/13/2025,        0.00,      1, 
03:00:00 04/13/2025,        0.00,      1, 
04:00:00 04/13/2025,        0.00,      1, 
05:00:00 04/13/2025,        0.00,      1, 
06:00:00 04/13/2025,        0.00,      1, 
07:00:00 04/13/2025,        0.00,      1, 
08:00:00 04/13/2025,        0.00,      1, 
09:00:00 04/13/2025,        0.00,      1, 
10:00:00 04/13/2025,        0.00,      1, 
11:00:00 04/13/2025,        0.00,      1, 
12:00:00 04/13/2025,        0.00,      1, 
13:00:00 04/13/2025,        0.00,      1, 
14:00:00 04/13/2025,        0.00,      1, 
15:00:00 04/13/2025,        0.00,      1, 
16:00:00 04/13/2025,        0.00,      1, 
17:00:00 04/13/2025,        0.00,      1, 
18:00:00 04/13/2025,        0.00,      1, 
19:00:00 04/13/2025,        0.00,      1, 
20:00:00 04/13/2025,        0.00,      1, 
21:00:00 04/13/2025,        0.00,      1, 
22:00:00 04/13/2025,        0.00,      1, 
23:00:00 04/13/2025,        0.00,      1, 
00:00:00 04/14/2025,        0.00,      1, 
01:00:00 04/14/2025,        0.00,      1, 
02:00:00 04/14/2025,        0.00,      1, 
03:00:00 04/14/2025,        0.00,      1, 
04:00:00 04/14/2025,        0.00,      1, 
05:00:00 04/14/2025,        0.00,      1, 
06:00:00 04/14/2025,        0.00,      1, 
07:00:00 04/14/2025,        0.00,      1, 
08:00:00 04/14/2025,        0.00,      1, 
09:00:00 04/14/2025,        0.00,      1, 
10:00:00 04/14/2025,        0.00,      1, 
11:00:00 04/14/2025,        0.00,      1, 
12:00:00 04/14/2025,        0.00,      1, 
13:00:00 04/14/2025,        0.00,      1, 
14:00:00 04/14/2025,        0.00,      1, 
15:00:00 04/14/2025,        0.00,      1, 
16:00:00 04/14/2025,        0.00,      1, 
17:00:00 04/14/2025,        0.00,      1, 
18:00:00 04/14/2025,        0.00,      1, 
19:00:00 04/14/2025,        0.00,      1, 
20:00:00 04/14/2025,        0.00,      1, 
21:00:00 04/14/2025,        0.00,      1, 
22:00:00 04/14/2025,        0.00,      1, 
23:00:00 04/14/2025,        0.00,      1, 
00:00:00 04/15/2025,        0.00,      1, 
01:00:00 04/15/2025,        0.00,      1, 
02:00:00 04/15/2025,        0.00,      1, 
03:00:00 04/15/2025,        0.00,      1, 
04:00:00 04/15/2025,        0.00,      1, 
05:00:00 04/15/2025,        0.00,      1, 
06:00:00 04/15/2025,        0.00,      1, 
07:00:00 04/15/2025,        0.00,      1, 
08:00:00 04/15/2025,        0.00,      1, 
09:00:00 04/15/2025,        0.00,      1, 
10:00:00 04/15/2025,        0.00,      1, 
11:00:00 04/15/2025,        0.00,      1, 
12:00:00 04/15/2025,        0.00,      1, 
13:00:00 04/15/2025,        0.00,      1, 
14:00:00 04/15/2025,        0.00,      1, 
15:00:00 04/15/2025,        0.00,      1, 
16:00:00 04/15/2025,        0.00,      1, 
17:00:00 04/15/2025,        0.00,      1, 
18:00:00 04/15/2025,        0.00,      1, 
19:00:00 04/15/2025,        0.00,      1, 
20:00:00 04/15/2025,        0.00,      1, 
21:00:00 04/15/2025,        0.00,      1, 
22:00:00 04/15/2025,        0.00,      1, 
23:00:00 04/15/2025,        0.00,      1, 
00:00:00 04/16/2025,        0.00,      1, 
01:00:00 04/16/2025,        0.00,      1, 
02:00:00 04/16/2025,        0.00,      1, 
03:00:00 04/16/2025,        0.00,      1, 
04:00:00 04/16/2025,        0.00,      1, 
05:00:00 04/16/2025,        0.00,      1, 
06:00:00 04/16/2025,        0.00,      1, 
07:00:00 04/16/2025,        0.00,      1, 
08:00:00 04/16/2025,        0.00,      1, 
09:00:00 04/16/2025,        0.00,      1, 
10:00:00 04/16/2025,        0.00,      1, 
11:00:00 04/16/2025,        0.00,      1, 
12:00:00 04/16/2025,        0.00,      1, 
13:00:00 04/16/2025,        0.00,      1, 
14:00:00 04/16/2025,        0.00,      1, 
15:00:00 04/16/2025,        0.00,      1, 
16:00:00 04/16/2025,        0.00,      1, 
17:00:00 04/16/2025,        0.00,      1, 
18:00:00 04/16/2025,        0.00,      1, 
19:00:00 04/16/2025,        0.00,      1, 
20:00:00 04/16/2025,        0.00,      1, 
21:00:00 04/16/2025,        0.00,      1, 
22:00:00 04/16/2025,        0.00,      1, 
23:00:00 04/16/2025,        0.00,      1, 
00:00:00 04/17/2025,        0.00,      1, 
01:00:00 04/17/2025,        0.00,      1, 
02:00:00 04/17/2025,        0.00,      1, 
03:00:00 04/17/2025,        0.00,      1, 
04:00:00 04/17/2025,        0.00,      1, 
05:00:00 04/17/2025,        0.00,      1, 
06:00:00 04/17/2025,        0.00,      1, 
07:00:00 04/17/2025,        0.00,      1, 
08:00:00 04/17/2025,        0.00,      1, 
09:00:00 04/17/2025,        0.00,      1, 
10:00:00 04/17/2025,        0.00,      1, 
11:00:00 04/17/2025,        0.00,      1, 
12:00:00 04/17/2025,        0.00,      1, 
13:00:00 04/17/2025,        0.00,      1, 
14:00:00 04/17/2025,        0.00,      1, 
15:00:00 04/17/2025,        0.00,      1, 
16:00:00 04/17/2025,        0.00,      1, 
17:00:00 04/17/2025,        0.00,      1, 
18:00:00 04/17/2025,        0.00,      1, 
19:00:00 04/17/2025,        0.00,      1, 
20:00:00 04/17/2025,        0.00,      1, 
21:00:00 04/17/2025,        0.00,      1, 
22:00:00 04/17/2025,        0.00,      1, 
23:00:00 04/17/2025,        0.00,      1, 
00:00:00 04/18/2025,        0.00,      1, 
01:00:00 04/18/2025,        0.00,      1, 
02:00:00 04/18/2025,        0.00,      1, 
03:00:00 04/18/2025,        0.00,      1, 
04:00:00 04/18/2025,        0.00,      1, 
05:00:00 04/18/2025,        0.00,      1, 
06:00:00 04/18/2025,        0.00,      1, 
07:00:00 04/18/2025,        0.00,      1, 
08:00:00 04/18/2025,        0.00,      1, 
09:00:00 04/18/2025,        0.00,      1, 
10:00:00 04/18/2025,        0.00,      1, 
11:00:00 04/18/2025,        0.00,      1, 
12:00:00 04/18/2025,        0.00,      1, 
13:00:00 04/18/2025,        0.00,      1, 
14:00:00 04/18/2025,        0.00,      1, 
15:00:00 04/18/2025,        0.00,      1, 
16:00:00 04/18/2025,        0.00,      1, 
17:00:00 04/18/2025,        0.00,      1, 
18:00:00 04/18/2025,        0.00,      1, 
19:00:00 04/18/2025,        0.00,      1, 
20:00:00 04/18/2025,        0.00,      1, 
21:00:00 04/18/2025,        0.00,      1, 
22:00:00 04/18/2025,        0.00,      1, 
23:00:00 04/18/2025,        0.00,      1, 
00:00:00 04/19/2025,        0.00,      1, 
01:00:00 04/19/2025,        0.00,      1, 
02:00:00 04/19/2025,        0.00,      1, 
03:00:00 04/19/2025,        0.00,      1, 
04:00:00 04/19/2025,        0.00,      1, 
05:00:00 04/19/2025,        0.00,      1, 
06:00:00 04/19/2025,        0.00,      1, 
07:00:00 04/19/2025,        0.00,      1, 
08:00:00 04/19/2025,        0.00,      1, 
09:00:00 04/19/2025,        0.00,      1, 
10:00:00 04/19/2025,        0.00,      1, 
11:00:00 04/19/2025,        0.00,      1, 
12:00:00 04/19/2025,        0.00,      1, 
13:00:00 04/19/2025,        0.00,      1, 
14:00:00 04/19/2025,        0.00,      1, 
15:00:00 04/19/2025,        0.00,      1, 
16:00:00 04/19/2025,        0.00,      1, 
17:00:00 04/19/2025,        0.00,      1, 
18:00:00 04/19/2025,        0.00,      1, 
19:00:00 04/19/2025,        0.00,      1, 
20:00:00 04/19/2025,        0.00,      1, 
21:00:00 04/19/2025,        0.00,      1, 
22:00:00 04/19/2025,        0.00,      1, 
23:00:00 04/19/2025,        0.00,      1, 
00:00:00 04/20/2025,        0.00,      1, 

