  Line,  Analysis,             Time Code,           Port,  Inj Nr,  d(18_16)Mean,    d(D_H)Mean,      H2O_Mean,  Ignore, Good,                            Identifier 1,                            Identifier 2,   Gas Configuration,Timestamp Mean,   d(18_16)_SD,     d(D_H)_SD,        H2O_SD,   d(18_16)_Sl,     d(D_H)_Sl,        H2O_Sl,baseline_shift,   slope_shift,     residuals,baseline_curvature,      interval,       ch4_ppm,  h16od_adjust,   h16od_shift,n2_flag,      DAS Temp,      Tray,  Sample,     Job,    Method,Error Code,Pulse Good
1,    P-2599,   2025/07/29 11:18:47,           1-01,1,              ,              ,              ,        ,     ,                                        ,                                        ,                 H2O,              ,              ,              ,              ,              ,              ,              ,              ,              ,              ,              ,              ,              ,              ,              ,     ,              ,1,1,1,SyringeCleaning_NMP_mqH2O_5xRinse,0,1
2,    P-2599,   2025/07/29 11:28:41,           1-01,2,              ,              ,              ,        ,     ,                                        ,                                        ,                 H2O,              ,              ,              ,              ,              ,              ,              ,              ,              ,              ,              ,              ,              ,              ,              ,     ,              ,1,1,1,SyringeCleaning_NMP_mqH2O_5xRinse,0,1
3,    P-2599,   2025/07/29 11:38:36,           1-01,3,              ,              ,              ,        ,     ,                                        ,                                        ,                 H2O,              ,              ,              ,              ,              ,              ,              ,              ,              ,              ,              ,              ,              ,              ,              ,     ,              ,1,1,1,SyringeCleaning_NMP_mqH2O_5xRinse,0,1
4,    P-2599,   2025/07/29 11:48:39,           1-01,4,-10.961,1266.382,18111,0,1,                                        ,                                        ,                 H2O,1753815225,0.105,68.604,49.986,0.001,1.64,1.194,198.21,26.596,2.51,86.835,0.721,-2.409,0,0,1,43.562,1,1,2,20250722_TristanCaro,0,1
5,    P-2599,   2025/07/29 11:57:39,           1-01,5,-10.903,721.156,18549,0,1,                                        ,                                        ,                 H2O,1753815765,0.105,54.086,54.003,0.001,1.293,1.29,201,28.281,2.33,86.997,0.721,-2.521,0,0,1,43.562,1,1,2,20250722_TristanCaro,0,1
6,    P-2599,   2025/07/29 12:06:39,           1-01,6,-10.938,512.081,18466,0,1,                                        ,                                        ,                 H2O,1753816305,0.097,46.23,58.415,0.001,1.104,1.395,199.589,29.077,2.432,88.814,0.721,-1.626,0,0,1,43.5,1,1,2,20250722_TristanCaro,0,1
7,    P-2599,   2025/07/29 12:15:40,           1-01,7,-10.925,408.769,18485,0,1,                                        ,                                        ,                 H2O,1753816845,0.097,40.424,59.013,0.001,0.967,1.411,200.122,29.119,2.33,86.935,0.72,-2.061,0,0,1,43.5,1,1,2,20250722_TristanCaro,0,1
8,    P-2599,   2025/07/29 12:24:40,           1-01,8,-10.964,346.453,18497,0,1,                                        ,                                        ,                 H2O,1753817386,0.094,36.353,60.67,0,0.868,1.449,198.42,30.584,2.672,90.058,0.721,-0.495,0,0,1,43.5,1,1,2,20250722_TristanCaro,0,1
9,    P-2599,   2025/07/29 12:33:40,           1-01,9,-10.981,297.936,18487,0,1,                                        ,                                        ,                 H2O,1753817925,0.095,33.641,62.574,0.001,0.8,1.487,198.257,30.627,2.676,90.324,0.721,-0.297,0,0,1,43.5,1,1,2,20250722_TristanCaro,0,1
10,    P-2599,   2025/07/29 12:42:39,           1-01,10,-11.04,272.08,18482,0,1,                                        ,                                        ,                 H2O,1753818465,0.12,32.503,73.24,0.001,0.773,1.741,197.852,30.745,2.751,91.987,0.721,0.117,0,0,1,43.5,1,1,2,20250722_TristanCaro,0,1
11,    P-2599,   2025/07/29 12:51:39,           1-01,11,-10.901,237.749,18508,0,1,                                        ,                                        ,                 H2O,1753819005,0.114,29.047,63.364,0.001,0.691,1.506,199.619,30.076,2.378,87.46,0.721,-1.495,0,0,1,43.562,1,1,2,20250722_TristanCaro,0,1
12,    P-2599,   2025/07/29 13:00:39,           1-01,12,-10.94,209.292,18513,0,1,                                        ,                                        ,                 H2O,1753819545,0.089,27.393,64.269,0,0.655,1.536,198.442,30.704,2.654,91.055,0.721,-0.288,0,0,1,43.562,1,1,2,20250722_TristanCaro,0,1
13,    P-2599,   2025/07/29 13:09:38,           1-01,13,-10.959,196.401,18491,0,1,                                        ,                                        ,                 H2O,1753820085,0.109,26.199,67.367,0.001,0.623,1.601,199.347,30.23,2.435,88.042,0.721,-1.286,0,0,1,43.562,1,1,2,20250722_TristanCaro,0,1
14,    P-2599,   2025/07/29 13:18:39,           1-01,14,-10.923,175.98,18515,0,1,                                        ,                                        ,                 H2O,1753820625,0.105,24.522,64.41,0,0.586,1.538,199.8,29.708,2.349,88.834,0.721,-1.398,0,0,1,43.562,1,1,2,20250722_TristanCaro,0,1
15,    P-2599,   2025/07/29 13:27:40,           1-01,15,-10.939,160.271,18480,0,1,                                        ,                                        ,                 H2O,1753821166,0.106,23.608,68.061,0.001,0.561,1.618,199.78,29.544,2.348,87.882,0.721,-1.569,0,0,1,43.562,1,1,2,20250722_TristanCaro,0,1
16,    P-2599,   2025/07/29 13:36:41,           1-01,16,-10.965,146.03,18504,0,1,                                        ,                                        ,                 H2O,1753821707,0.095,22.65,68.086,0,0.539,1.619,198.495,30.685,2.592,90.764,0.721,-0.356,0,0,1,43.5,1,1,2,20250722_TristanCaro,0,1
17,    P-2599,   2025/07/29 13:45:41,           1-01,17,-10.937,138.113,18507,0,1,                                        ,                                        ,                 H2O,1753822247,0.103,21.6,64.648,0.001,0.513,1.535,199.338,30.12,2.434,89.279,0.722,-1.041,0,0,1,43.562,1,1,2,20250722_TristanCaro,0,1
18,    P-2599,   2025/07/29 13:54:41,           1-01,18,-10.92,125.505,18519,0,1,                                        ,                                        ,                 H2O,1753822787,0.096,20.75,64.48,0.001,0.495,1.539,199.66,30.426,2.334,87.526,0.722,-1.484,0,0,1,43.562,1,1,2,20250722_TristanCaro,0,1
19,    P-2599,   2025/07/29 14:03:41,           1-01,19,-10.977,117.671,18494,0,1,                                        ,                                        ,                 H2O,1753823327,0.104,20.189,65.64,0.001,0.48,1.561,198.223,31.164,2.618,90.412,0.721,-0.168,0,0,1,43.562,1,1,2,20250722_TristanCaro,0,1
20,    P-2599,   2025/07/29 14:12:40,           1-01,20,-10.97,110.321,18537,0,1,                                        ,                                        ,                 H2O,1753823866,0.103,19.41,66.53,0,0.463,1.588,198.057,31.134,2.759,92.807,0.721,0.34,0,0,1,43.562,1,1,2,20250722_TristanCaro,0,1
21,    P-2599,   2025/07/29 14:21:41,           1-01,21,-10.997,105.107,18461,0,1,                                        ,                                        ,                 H2O,1753824406,0.107,19.213,70.487,0.001,0.457,1.675,197.673,31.222,2.705,91.536,0.721,0.213,0,0,1,43.562,1,1,2,20250722_TristanCaro,0,1
22,    P-2599,   2025/07/29 14:30:42,           1-01,22,-10.942,97.445,18495,0,1,                                        ,                                        ,                 H2O,1753824948,0.11,18.278,66.399,0.001,0.436,1.586,197.893,31.084,2.687,92.373,0.721,0.191,0,0,1,43.562,1,1,3,20250722_TristanCaro,0,1
23,    P-2599,   2025/07/29 14:39:42,           1-01,23,-10.949,92.718,18495,0,1,                                        ,                                        ,                 H2O,1753825489,0.102,17.666,65.405,0,0.42,1.554,197.983,30.995,2.698,92.155,0.721,0.145,0,0,1,43.562,1,1,3,20250722_TristanCaro,0,1
24,    P-2599,   2025/07/29 14:48:42,           1-01,24,-10.945,84.963,18516,0,1,                                        ,                                        ,                 H2O,1753826028,0.102,17.28,65.955,0,0.411,1.568,197.966,31.532,2.678,91.579,0.721,0.181,0,0,1,43.562,1,1,3,20250722_TristanCaro,0,1
25,    P-2599,   2025/07/29 14:57:42,           1-01,25,-11.015,83.241,18455,0,1,                                        ,                                        ,                 H2O,1753826568,0.122,17.504,76.553,0.002,0.418,1.828,197.716,31.472,2.627,90.562,0.721,0.002,0,0,1,43.562,1,1,3,20250722_TristanCaro,0,1
26,    P-2599,   2025/07/29 15:06:42,           1-01,26,-10.961,77.108,18491,0,1,                                        ,                                        ,                 H2O,1753827108,0.097,16.564,68.562,0,0.394,1.631,197.542,31.545,2.748,92.649,0.721,0.375,0,0,1,43.5,1,1,3,20250722_TristanCaro,0,1
27,    P-2599,   2025/07/29 15:15:44,           1-01,27,-10.947,72.957,18518,0,1,                                        ,                                        ,                 H2O,1753827650,0.097,15.992,66.107,0.001,0.38,1.571,197.957,31.456,2.723,92.089,0.721,0.231,0,0,1,43.562,1,1,3,20250722_TristanCaro,0,1
28,    P-2599,   2025/07/29 15:24:44,           1-01,28,-10.92,68.131,18510,0,1,                                        ,                                        ,                 H2O,1753828191,0.1,15.63,65.949,0.001,0.372,1.569,199.447,30.296,2.393,88.511,0.721,-1.111,0,0,1,43.562,1,1,3,20250722_TristanCaro,0,1
29,    P-2599,   2025/07/29 15:33:44,           1-01,29,-10.94,63.66,18519,0,1,                                        ,                                        ,                 H2O,1753828730,0.107,15.466,70.158,0.001,0.369,1.675,198.362,31.259,2.588,90.924,0.722,-0.177,0,0,1,43.562,1,1,3,20250722_TristanCaro,0,1
30,    P-2599,   2025/07/29 15:42:44,           1-01,30,-10.951,61.473,18516,0,1,                                        ,                                        ,                 H2O,1753829270,0.095,14.956,66.131,0,0.356,1.573,197.958,30.962,2.742,93.663,0.721,0.38,0,0,1,43.562,1,1,3,20250722_TristanCaro,0,1
31,    P-2600,   2025/07/29 15:54:00,           1-02,1,-10.646,3114.374,19052,-1,1,                                        ,                                        ,                 H2O,1753829946,0.114,4.089,70.987,0.001,0.094,1.693,204.758,21.692,3.561,91.452,0.722,-3.568,0,0,1,43.562,1,2,3,20250722_TristanCaro,0,1
32,    P-2600,   2025/07/29 16:03:00,           1-02,2,-10.647,3338.389,18698,-1,1,                                        ,                                        ,                 H2O,1753830486,0.131,5.403,80.514,0.002,0.128,1.92,202.952,20.491,3.531,89.684,0.722,-3.912,0,0,1,43.562,1,2,3,20250722_TristanCaro,0,1
33,    P-2600,   2025/07/29 16:12:01,           1-02,3,-10.567,3400.211,18672,-1,1,                                        ,                                        ,                 H2O,1753831027,0.114,5.301,67.398,0.001,0.126,1.61,202.765,20.441,3.53,90.422,0.721,-3.962,0,0,1,43.688,1,2,3,20250722_TristanCaro,0,1
34,    P-2600,   2025/07/29 16:21:00,           1-02,4,-10.616,3425.278,18630,0,1,                                        ,                                        ,                 H2O,1753831566,0.109,6.078,67.507,0,0.144,1.602,202.628,19.941,3.57,89.734,0.722,-3.936,0,0,1,43.625,1,2,3,20250722_TristanCaro,0,1
35,    P-2600,   2025/07/29 16:30:00,           1-02,5,-10.636,3437.549,18648,0,1,                                        ,                                        ,                 H2O,1753832106,0.125,7.401,71.848,0.001,0.176,1.712,202.637,20.344,3.53,90.224,0.723,-3.952,0,0,1,43.688,1,2,3,20250722_TristanCaro,0,1
36,    P-2600,   2025/07/29 16:39:01,           1-02,6,-10.496,3446.915,18575,0,1,                                        ,                                        ,                 H2O,1753832647,0.102,7.113,66.471,0.001,0.169,1.587,203.041,21.154,3.023,90.309,0.722,-5.179,0,0,1,43.625,1,2,3,20250722_TristanCaro,0,1
37,    P-2600,   2025/07/29 16:48:01,           1-02,7,-10.548,3451.56,18700,0,1,                                        ,                                        ,                 H2O,1753833187,0.113,7.291,67.324,0,0.173,1.597,203.096,20.3,3.502,90.568,0.722,-4.069,0,0,1,43.688,1,2,3,20250722_TristanCaro,0,1
38,    P-2600,   2025/07/29 16:57:02,           1-02,8,-10.584,3453.172,18607,0,1,                                        ,                                        ,                 H2O,1753833728,0.124,8.614,77.92,0.002,0.205,1.861,203.225,20.945,3.076,91.072,0.721,-5.084,0,0,1,43.625,1,2,3,20250722_TristanCaro,0,1
39,    P-2600,   2025/07/29 17:06:02,           1-02,9,-10.57,3459.209,18654,0,1,                                        ,                                        ,                 H2O,1753834268,0.117,7.594,67.375,0,0.181,1.609,203.018,20.416,3.435,89.603,0.722,-4.449,0,0,1,43.562,1,2,3,20250722_TristanCaro,0,1
40,    P-2601,   2025/07/29 17:17:19,           1-03,1,-9.914,7347.34,19219,-1,1,                                        ,                                        ,                 H2O,1753834945,0.141,6.373,68.889,0,-0.144,1.646,211.332,10.711,4.074,100.741,0.724,-10.656,0,0,1,43.625,1,3,3,20250722_TristanCaro,0,1
41,    P-2601,   2025/07/29 17:26:19,           1-03,2,-9.6,7255.866,20392,-1,1,                                        ,                                        ,                 H2O,1753835485,0.14,4.442,68.66,0,-0.102,1.624,220.124,7.293,4.982,99.743,0.725,-11.486,0,0,1,43.625,1,3,3,20250722_TristanCaro,0,1
42,    P-2601,   2025/07/29 17:35:20,           1-03,3,-9.757,7708.97,18832,-1,1,                                        ,                                        ,                 H2O,1753836026,0.174,1.948,85.318,0.002,-0.019,2.032,209.485,6.672,4.641,96.381,0.723,-10.603,0,0,1,43.5,1,3,3,20250722_TristanCaro,0,1
43,    P-2601,   2025/07/29 17:44:20,           1-03,4,-10.099,7900.639,18583,0,1,                                        ,                                        ,                 H2O,1753836566,0.143,2.543,73.487,0.001,-0.055,1.749,207.971,6.225,4.648,94.553,0.723,-10.764,0,0,1,43.5,1,3,3,20250722_TristanCaro,0,1
44,    P-2601,   2025/07/29 17:53:20,           1-03,5,-10.115,7940.94,18799,0,1,                                        ,                                        ,                 H2O,1753837106,0.147,2.078,67.71,0,-0.042,1.62,209.617,6.166,4.718,94.405,0.724,-11.158,0,0,1,43.5,1,3,3,20250722_TristanCaro,0,1
45,    P-2601,   2025/07/29 18:02:19,           1-03,6,-10.086,7962.318,18632,0,1,                                        ,                                        ,                 H2O,1753837646,0.141,1.509,66.439,0.001,-0.027,1.582,208.387,5.857,4.689,95.547,0.723,-10.802,0,0,1,43.5,1,3,3,20250722_TristanCaro,0,1
46,    P-2601,   2025/07/29 18:11:20,           1-03,7,-10.12,7973.023,18641,0,1,                                        ,                                        ,                 H2O,1753838186,0.142,1.094,66.165,0,-0.013,1.583,208.486,5.77,4.708,94.926,0.724,-10.916,0,0,1,43.562,1,3,3,20250722_TristanCaro,0,1
47,    P-2601,   2025/07/29 18:20:21,           1-03,8,-9.986,7979.104,18654,0,1,                                        ,                                        ,                 H2O,1753838727,0.141,1.083,65.88,0,0,1.571,208.025,9.11,4.115,99.4,0.722,-10.986,0,0,1,43.562,1,3,3,20250722_TristanCaro,0,1
48,    P-2601,   2025/07/29 18:29:22,           1-03,9,-9.915,7988.565,18646,0,1,                                        ,                                        ,                 H2O,1753839267,0.156,1.259,65.8,0,0.01,1.566,207.755,9.724,4.022,101.322,0.723,-10.884,0,0,1,43.5,1,3,3,20250722_TristanCaro,0,1
49,    P-2602,   2025/07/29 18:40:38,           1-04,1,-8.856,17642.607,19050,-1,1,                                        ,                                        ,                 H2O,1753839945,0.234,32.619,67.569,0.001,-0.766,1.613,219.351,-16.52,7.076,127.972,0.743,-22.913,0,0,1,43.5,1,4,3,20250722_TristanCaro,0,1
50,    P-2602,   2025/07/29 18:49:38,           1-04,2,-8.83,18478.003,19015,-1,1,                                        ,                                        ,                 H2O,1753840483,0.267,32.018,70.625,0,-0.757,1.68,220.01,-18.712,7.368,130.427,0.748,-23.835,0,0,1,43.5,1,4,3,20250722_TristanCaro,0,1
51,    P-2602,   2025/07/29 18:58:39,           1-04,3,-8.563,18871.294,18649,-1,1,                                        ,                                        ,                 H2O,1753841025,0.269,28.718,65.325,0.002,-0.677,1.552,215.11,-13.561,6.78,134.712,0.747,-22.167,0,0,1,43.562,1,4,3,20250722_TristanCaro,0,1
52,    P-2602,   2025/07/29 19:07:40,           1-04,4,-8.888,19024.624,18806,0,1,                                        ,                                        ,                 H2O,1753841565,0.248,24.539,67.627,0,-0.578,1.609,218.272,-18.3,7.251,131.996,0.747,-23.945,0,0,1,43.625,1,4,3,20250722_TristanCaro,0,1
53,    P-2602,   2025/07/29 19:16:40,           1-04,5,-8.952,19087.224,18450,0,1,                                        ,                                        ,                 H2O,1753842106,0.254,21.441,67.84,0,-0.503,1.615,216.008,-18.327,7.207,128.463,0.745,-23.796,0,0,1,43.625,1,4,3,20250722_TristanCaro,0,1
54,    P-2602,   2025/07/29 19:25:41,           1-04,6,-8.967,19124.622,18678,0,1,                                        ,                                        ,                 H2O,1753842647,0.25,19.942,65.912,0,-0.468,1.574,217.851,-18.966,7.324,130.151,0.746,-24.24,0,0,1,43.5,1,4,3,20250722_TristanCaro,0,1
55,    P-2602,   2025/07/29 19:34:41,           1-04,7,-8.968,19158.512,18601,0,1,                                        ,                                        ,                 H2O,1753843188,0.274,18.95,67.249,-0.001,-0.446,1.61,217.275,-19.198,7.297,130.1,0.744,-24.08,0,0,1,43.562,1,4,3,20250722_TristanCaro,0,1
56,    P-2602,   2025/07/29 19:43:42,           1-04,8,-8.947,19174.989,18738,0,1,                                        ,                                        ,                 H2O,1753843728,0.255,16.205,66.712,0,-0.378,1.594,218.285,-19.633,7.411,130.501,0.746,-24.303,0,0,1,43.562,1,4,3,20250722_TristanCaro,0,1
57,    P-2602,   2025/07/29 19:52:43,           1-04,9,-8.979,19194.665,18732,0,1,                                        ,                                        ,                 H2O,1753844269,0.222,16.08,68.02,-0.001,-0.371,1.613,218.195,-19.389,7.375,131.521,0.751,-24.089,0,0,1,43.5,1,4,3,20250722_TristanCaro,0,1
58,    P-2603,   2025/07/29 20:04:00,           1-05,1,-6.89,36309.907,19158,-1,1,                                        ,                                        ,                 H2O,1753844945,0.446,71.913,75.955,-0.002,-1.671,1.802,231.191,-52.439,12.078,195.384,1.057,-41.624,0,0,1,43.562,1,5,3,20250722_TristanCaro,0,1
59,    P-2603,   2025/07/29 20:13:00,           1-05,2,-6.279,36104.784,19935,-1,1,                                        ,                                        ,                 H2O,1753845487,0.501,56.693,102.363,0.002,-1.257,2.351,238.098,-55.06,12.601,199.254,1.155,-44.11,0,0,1,43.5,1,5,3,20250722_TristanCaro,0,1
60,    P-2603,   2025/07/29 20:22:01,           1-05,3,-5.806,38554.157,18672,-1,1,                                        ,                                        ,                 H2O,1753846029,0.468,63.219,68.846,0.003,-1.469,1.64,224.962,-49.611,12.034,201.382,1.165,-39.337,0,0,1,43.5,1,5,3,20250722_TristanCaro,0,1
61,    P-2603,   2025/07/29 20:31:01,           1-05,4,-5.524,38950.923,18577,0,1,                                        ,                                        ,                 H2O,1753846568,0.481,59.881,69.504,0.002,-1.373,1.641,223.415,-48.458,12.003,201.331,1.179,-38.783,0,0,1,43.5,1,5,3,20250722_TristanCaro,0,1
62,    P-2603,   2025/07/29 20:40:01,           1-05,5,-5.515,39079.198,18594,0,1,                                        ,                                        ,                 H2O,1753847106,0.544,53.442,71.674,0,-1.212,1.692,223.096,-47.991,12.028,202.3,1.244,-38.23,0,0,1,43.438,1,5,3,20250722_TristanCaro,0,1
63,    P-2603,   2025/07/29 20:49:02,           1-05,6,-5.427,39185.133,18532,0,1,                                        ,                                        ,                 H2O,1753847646,0.488,51.754,68.343,0,-1.181,1.616,222.802,-48.052,12.013,200.143,1.201,-38.324,0,0,1,43.438,1,5,3,20250722_TristanCaro,0,1
64,    P-2603,   2025/07/29 20:58:02,           1-05,7,-6.153,39186.828,18672,0,1,                                        ,                                        ,                 H2O,1753848190,0.571,33.36,98.409,0.001,-0.629,2.256,227.041,-53.843,12.351,202.006,1.267,-41.269,0,0,1,43.438,1,5,3,20250722_TristanCaro,0,1
65,    P-2603,   2025/07/29 21:07:02,           1-05,8,-6.63,39260.34,18605,0,1,                                        ,                                        ,                 H2O,1753848728,0.513,45.678,69.355,-0.001,-1.019,1.641,227.752,-54.689,12.443,200.185,1.218,-42.468,0,0,1,43.438,1,5,3,20250722_TristanCaro,0,1
66,    P-2603,   2025/07/29 21:16:02,           1-05,9,-5.722,39314.7,18512,0,1,                                        ,                                        ,                 H2O,1753849269,0.543,39.401,67.385,0.003,-0.858,1.588,223.781,-50.433,12.117,202.124,1.269,-39.234,0,0,1,43.5,1,5,3,20250722_TristanCaro,0,1
67,    P-2604,   2025/07/29 21:28:17,           1-01,1,              ,              ,              ,        ,     ,                                        ,                                        ,                 H2O,              ,              ,              ,              ,              ,              ,              ,              ,              ,              ,              ,              ,              ,              ,              ,     ,              ,1,1,4,SyringeCleaning_NMP_mqH2O_5xRinse,0,1
68,    P-2605,   2025/07/29 21:40:39,           1-06,1,-9.48,15068.382,19741,-1,1,                                        ,                                        ,                 H2O,1753850745,0.218,45.138,63.053,0,1.065,1.494,223.077,-12.497,6.726,123.639,0.737,-21.02,0,0,1,43.5,1,6,5,20250722_TristanCaro,0,1
69,    P-2605,   2025/07/29 21:49:39,           1-06,2,-9.025,13919.631,18756,-1,1,                                        ,                                        ,                 H2O,1753851286,0.192,41.861,63.419,0,0.998,1.511,213.284,-3.998,5.589,119.134,0.729,-17.301,0,0,1,43.5,1,6,5,20250722_TristanCaro,0,1
70,    P-2605,   2025/07/29 21:58:40,           1-06,3,-9.158,13778.678,18759,-1,1,                                        ,                                        ,                 H2O,1753851826,0.213,31.896,64.685,0.001,0.758,1.538,212.522,-2.823,5.464,120.597,0.731,-16.821,0,0,1,43.5,1,6,5,20250722_TristanCaro,0,1
71,    P-2605,   2025/07/29 22:07:40,           1-06,4,-9.16,13691.653,18723,0,1,                                        ,                                        ,                 H2O,1753852366,0.186,24.93,65.398,0,0.595,1.564,212.362,-2.663,5.435,119.451,0.731,-16.901,0,0,1,43.5,1,6,5,20250722_TristanCaro,0,1
72,    P-2605,   2025/07/29 22:16:40,           1-06,5,-9.186,13644.223,18644,0,1,                                        ,                                        ,                 H2O,1753852906,0.185,20.942,66.19,0.001,0.496,1.571,211.91,-2.573,5.381,118.114,0.729,-17.077,0,0,1,43.5,1,6,5,20250722_TristanCaro,0,1
73,    P-2605,   2025/07/29 22:25:41,           1-06,6,-9.159,13609.186,18619,0,1,                                        ,                                        ,                 H2O,1753853447,0.214,17.109,64.685,0.001,0.406,1.543,211.401,-1.965,5.341,118.188,0.729,-16.752,0,0,1,43.562,1,6,5,20250722_TristanCaro,0,1
74,    P-2605,   2025/07/29 22:34:41,           1-06,7,-9.175,13578.003,18712,0,1,                                        ,                                        ,                 H2O,1753853987,0.207,14.611,64.993,0,0.347,1.552,212.128,-2.472,5.401,119.499,0.731,-16.78,0,0,1,43.562,1,6,5,20250722_TristanCaro,0,1
75,    P-2605,   2025/07/29 22:43:41,           1-06,8,-9.225,13554.242,18623,0,1,                                        ,                                        ,                 H2O,1753854527,0.192,14.463,69.784,0.001,0.341,1.659,211.07,-1.717,5.325,119.805,0.728,-16.308,0,0,1,43.562,1,6,5,20250722_TristanCaro,0,1
76,    P-2605,   2025/07/29 22:52:42,           1-06,9,-9.247,13533.893,18633,0,1,                                        ,                                        ,                 H2O,1753855068,0.212,11.671,65.901,0.001,0.275,1.57,211.417,-2.507,5.386,119.077,0.729,-16.487,0,0,1,43.562,1,6,5,20250722_TristanCaro,0,1
77,    P-2606,   2025/07/29 23:04:00,           1-07,1,-9.538,13341.74,19029,-1,1,                                        ,                                        ,                 H2O,1753855746,0.192,11.626,68.114,0.001,0.273,1.623,215.192,-4.629,5.673,117.127,0.73,-17.472,0,0,1,43.5,1,7,5,20250722_TristanCaro,0,1
78,    P-2606,   2025/07/29 23:13:00,           1-07,2,-9.395,13278.846,18762,-1,1,                                        ,                                        ,                 H2O,1753856286,0.205,12.445,74.595,0.001,0.293,1.777,212.189,-2.035,5.374,118.139,0.73,-16.433,0,0,1,43.562,1,7,5,20250722_TristanCaro,0,1
79,    P-2606,   2025/07/29 23:22:01,           1-07,3,-9.354,13293.66,18592,-1,1,                                        ,                                        ,                 H2O,1753856827,0.196,9.131,66.83,0,0.215,1.601,211.066,-1.777,5.302,116.918,0.729,-16.395,0,0,1,43.562,1,7,5,20250722_TristanCaro,0,1
80,    P-2606,   2025/07/29 23:31:01,           1-07,4,-9.646,13305.388,18816,0,1,                                        ,                                        ,                 H2O,1753857367,0.185,10.303,73.971,0.001,0.242,1.763,214.312,-6.1,5.817,113.165,0.729,-17.652,0,0,1,43.5,1,7,5,20250722_TristanCaro,0,1
81,    P-2606,   2025/07/29 23:40:01,           1-07,5,-9.401,13308.436,18627,0,1,                                        ,                                        ,                 H2O,1753857907,0.182,7.91,67.639,0.001,0.184,1.614,211.474,-2.646,5.361,117.661,0.729,-16.495,0,0,1,43.562,1,7,5,20250722_TristanCaro,0,1
82,    P-2606,   2025/07/29 23:49:02,           1-07,6,-9.416,13302.223,18758,0,1,                                        ,                                        ,                 H2O,1753858448,0.203,10.214,74.812,0.002,0.238,1.782,212.284,-2.096,5.342,118.513,0.73,-16.583,0,0,1,43.5,1,7,5,20250722_TristanCaro,0,1
83,    P-2606,   2025/07/29 23:58:03,           1-07,7,-9.608,13302.6,18726,0,1,                                        ,                                        ,                 H2O,1753858989,0.185,7.544,71.24,0,0.174,1.691,213.813,-6.557,5.884,111.544,0.729,-17.684,0,0,1,43.562,1,7,5,20250722_TristanCaro,0,1
84,    P-2606,   2025/07/30 00:07:03,           1-07,8,-9.459,13294.143,18471,0,1,                                        ,                                        ,                 H2O,1753859529,0.189,9.525,76.121,0.002,0.222,1.817,210.557,-2.311,5.311,115.752,0.728,-16.497,0,0,1,43.562,1,7,5,20250722_TristanCaro,0,1
85,    P-2606,   2025/07/30 00:16:03,           1-07,9,-9.393,13291.439,18693,0,1,                                        ,                                        ,                 H2O,1753860069,0.223,9.701,77.183,0.002,0.225,1.83,211.99,-1.971,5.338,116.938,0.729,-16.685,0,0,1,43.562,1,7,5,20250722_TristanCaro,0,1
86,    P-2607,   2025/07/30 00:27:19,           1-08,1,-9.557,15074.777,19056,-1,1,                                        ,                                        ,                 H2O,1753860745,0.198,9.515,78.436,0.002,0.221,1.867,214.405,-2.393,5.461,120.129,0.73,-16.918,0,0,1,43.5,1,8,5,20250722_TristanCaro,0,1
87,    P-2607,   2025/07/30 00:36:18,           1-08,2,-9.486,13930.431,18609,-1,1,                                        ,                                        ,                 H2O,1753861284,0.19,9.428,80.562,0.002,0.219,1.921,211.235,-1.779,5.29,118.179,0.729,-16.338,0,0,1,43.562,1,8,5,20250722_TristanCaro,0,1
88,    P-2607,   2025/07/30 00:45:18,           1-08,3,-9.724,13785.344,18540,-1,1,                                        ,                                        ,                 H2O,1753861824,0.199,9.011,81.821,0.002,0.209,1.95,212.294,-5.956,5.765,111.728,0.73,-17.325,0,0,1,43.5,1,8,5,20250722_TristanCaro,0,1
89,    P-2607,   2025/07/30 00:54:17,           1-08,4,-9.487,13702.433,18505,0,1,                                        ,                                        ,                 H2O,1753862363,0.192,5.266,69.104,0.001,0.118,1.647,210.689,-2.733,5.374,117.302,0.73,-16.245,0,0,1,43.5,1,8,5,20250722_TristanCaro,0,1
90,    P-2607,   2025/07/30 01:03:18,           1-08,5,-9.433,13650.232,18709,0,1,                                        ,                                        ,                 H2O,1753862904,0.201,3.821,66.229,0.001,0.082,1.577,211.978,-2.368,5.375,117.791,0.73,-16.567,0,0,1,43.5,1,8,5,20250722_TristanCaro,0,1
91,    P-2607,   2025/07/30 01:12:17,           1-08,6,-9.465,13616.42,18630,0,1,                                        ,                                        ,                 H2O,1753863443,0.183,3.735,66.632,0,0.08,1.584,211.282,-1.607,5.307,117.829,0.728,-16.453,0,0,1,43.5,1,8,5,20250722_TristanCaro,0,1
92,    P-2607,   2025/07/30 01:21:17,           1-08,7,-9.456,13584.844,18638,0,1,                                        ,                                        ,                 H2O,1753863983,0.178,3.602,67.793,0,0.074,1.616,211.341,-1.673,5.286,118.649,0.729,-16.403,0,0,1,43.5,1,8,5,20250722_TristanCaro,0,1
93,    P-2607,   2025/07/30 01:30:17,           1-08,8,-9.785,13555.321,18492,0,1,                                        ,                                        ,                 H2O,1753864522,0.161,4.223,68.405,0,0.091,1.634,211.93,-5.435,5.678,110.087,0.728,-17.426,0,0,1,43.5,1,8,5,20250722_TristanCaro,0,1
94,    P-2607,   2025/07/30 01:39:16,           1-08,9,-9.752,13542.251,18654,0,1,                                        ,                                        ,                 H2O,1753865062,0.195,3.524,67.033,0,0.072,1.599,213.483,-6.898,5.903,110.925,0.729,-17.681,0,0,1,43.438,1,8,5,20250722_TristanCaro,0,1
95,    P-2608,   2025/07/30 01:50:32,           1-09,1,-9.557,13379.914,19092,-1,1,                                        ,                                        ,                 H2O,1753865739,0.221,9.219,83.662,0.002,0.21,1.992,214.983,-3.158,5.53,119.69,0.73,-17.095,0,0,1,43.562,1,9,5,20250722_TristanCaro,0,1
96,    P-2608,   2025/07/30 01:59:32,           1-09,2,-9.666,13355.709,18751,-1,1,                                        ,                                        ,                 H2O,1753866279,0.194,3.432,68.265,0,0.069,1.625,213.829,-6.447,5.842,113.446,0.73,-17.494,0,0,1,43.5,1,9,5,20250722_TristanCaro,0,1
97,    P-2608,   2025/07/30 02:08:33,           1-09,3,-9.496,13387.615,18505,-1,1,                                        ,                                        ,                 H2O,1753866819,0.2,3.241,67.858,0,0.063,1.614,210.65,-2.599,5.351,117.514,0.727,-16.39,0,0,1,43.5,1,9,5,20250722_TristanCaro,0,1
98,    P-2608,   2025/07/30 02:17:34,           1-09,4,-9.422,13411.05,18424,0,1,                                        ,                                        ,                 H2O,1753867360,0.205,3.062,67.251,0,0.056,1.606,209.854,-1.532,5.24,117.208,0.728,-16.253,0,0,1,43.5,1,9,5,20250722_TristanCaro,0,1
99,    P-2608,   2025/07/30 02:26:34,           1-09,5,-9.435,13420.2,18701,0,1,                                        ,                                        ,                 H2O,1753867900,0.182,3.063,67.315,0,0.057,1.604,211.801,-1.991,5.325,119.202,0.73,-16.476,0,0,1,43.5,1,9,5,20250722_TristanCaro,0,1
100,    P-2608,   2025/07/30 02:35:34,           1-09,6,-9.705,13422.453,18345,0,1,                                        ,                                        ,                 H2O,1753868440,0.201,2.693,66.771,0,0.043,1.585,211.161,-6.049,5.726,110.034,0.729,-17.394,0,0,1,43.5,1,9,5,20250722_TristanCaro,0,1
101,    P-2608,   2025/07/30 02:44:35,           1-09,7,-9.542,13422.787,18750,0,1,                                        ,                                        ,                 H2O,1753868981,0.177,2.558,66.58,0,0.046,1.59,212.56,-2.961,5.454,117.617,0.728,-16.869,0,0,1,43.5,1,9,5,20250722_TristanCaro,0,1
102,    P-2608,   2025/07/30 02:53:36,           1-09,8,-9.432,13424.325,18604,0,1,                                        ,                                        ,                 H2O,1753869522,0.186,2.379,66.653,0,0.038,1.586,211.156,-2.271,5.355,117.843,0.727,-16.452,0,0,1,43.5,1,9,5,20250722_TristanCaro,0,1
103,    P-2608,   2025/07/30 03:02:36,           1-09,9,-9.705,13424.091,18688,0,1,                                        ,                                        ,                 H2O,1753870062,0.195,2.438,66.33,0,0.034,1.586,213.601,-6.893,5.886,112.031,0.73,-17.699,0,0,1,43.5,1,9,5,20250722_TristanCaro,0,1
104,    P-2609,   2025/07/30 03:13:52,           1-10,1,-9.353,13261.897,19032,-1,1,                                        ,                                        ,                 H2O,1753870738,0.205,4.039,68.339,0.001,0.084,1.628,214.542,-2.683,5.475,118.167,0.73,-17.21,0,0,1,43.5,1,10,5,20250722_TristanCaro,0,1
105,    P-2609,   2025/07/30 03:22:52,           1-10,2,-9.078,13216.451,19098,-1,1,                                        ,                                        ,                 H2O,1753871278,0.191,3.11,67.14,0.001,0.057,1.599,214.642,-2.12,5.406,120.672,0.73,-16.769,0,0,1,43.5,1,10,5,20250722_TristanCaro,0,1
106,    P-2609,   2025/07/30 03:31:52,           1-10,3,-9.185,13234.227,18373,-1,1,                                        ,                                        ,                 H2O,1753871819,0.2,2.758,65.677,0.001,0.048,1.574,209.441,-1.446,5.227,115.841,0.729,-15.992,0,0,1,43.5,1,10,5,20250722_TristanCaro,0,1
107,    P-2609,   2025/07/30 03:40:53,           1-10,4,-9.538,13251.424,18398,0,1,                                        ,                                        ,                 H2O,1753872358,0.184,3.524,69.17,0,0.069,1.65,211.257,-5.542,5.694,110.435,0.729,-17.064,0,0,1,43.75,1,10,5,20250722_TristanCaro,0,1
108,    P-2609,   2025/07/30 03:49:53,           1-10,5,-9.286,13270.281,18754,0,1,                                        ,                                        ,                 H2O,1753872899,0.168,2.4,66.077,0,0.04,1.576,212.48,-2.478,5.426,116.244,0.729,-16.782,0,0,1,43.562,1,10,5,20250722_TristanCaro,0,1
109,    P-2609,   2025/07/30 03:58:53,           1-10,6,-9.227,13271.771,18724,0,1,                                        ,                                        ,                 H2O,1753873439,0.2,2.347,66.271,0,0.035,1.579,212.065,-2.129,5.354,118.515,0.73,-16.444,0,0,1,43.5,1,10,5,20250722_TristanCaro,0,1
110,    P-2609,   2025/07/30 04:07:53,           1-10,7,-8.98,13219.535,18998,0,1,                                        ,                                        ,                 H2O,1753873979,0.186,2.436,67.293,0,0.038,1.595,214.065,-1.97,5.378,118.671,0.73,-16.957,0,0,1,43.5,1,10,5,20250722_TristanCaro,0,1
111,    P-2609,   2025/07/30 04:16:54,           1-10,8,-9.223,13267.204,18452,0,1,                                        ,                                        ,                 H2O,1753874520,0.207,2.408,67.31,0,0.034,1.605,210.004,-1.438,5.225,116.455,0.729,-16.135,0,0,1,43.5,1,10,5,20250722_TristanCaro,0,1
112,    P-2609,   2025/07/30 04:25:54,           1-10,9,-9.226,13274.312,18753,0,1,                                        ,                                        ,                 H2O,1753875060,0.204,2.485,67.051,0,0.033,1.597,212.223,-1.83,5.347,117.409,0.73,-16.587,0,0,1,43.5,1,10,5,20250722_TristanCaro,0,1
113,    P-2610,   2025/07/30 04:37:11,           1-11,1,-9.433,13195.427,19031,-1,1,                                        ,                                        ,                 H2O,1753875738,0.183,2.933,66.425,0,0.051,1.584,214.275,-1.882,5.375,118.242,0.729,-16.944,0,0,1,43.5,1,11,5,20250722_TristanCaro,0,1
114,    P-2610,   2025/07/30 04:46:11,           1-11,2,-9.382,13164.306,18749,-1,1,                                        ,                                        ,                 H2O,1753876277,0.191,2.97,71.672,0,0.055,1.71,212.085,-1.818,5.32,118.58,0.729,-16.403,0,0,1,43.438,1,11,5,20250722_TristanCaro,0,1
115,    P-2610,   2025/07/30 04:55:11,           1-11,3,-9.635,13192.467,18792,-1,1,                                        ,                                        ,                 H2O,1753876817,0.189,2.476,67.147,0,0.038,1.6,214.144,-6.535,5.882,112.455,0.729,-17.526,0,0,1,43.438,1,11,5,20250722_TristanCaro,0,1
116,    P-2610,   2025/07/30 05:04:11,           1-11,4,-9.393,13211.747,18499,0,1,                                        ,                                        ,                 H2O,1753877358,0.196,2.365,66.257,0,0.03,1.579,210.659,-2.393,5.323,115.175,0.729,-16.425,0,0,1,43.5,1,11,5,20250722_TristanCaro,0,1
117,    P-2610,   2025/07/30 05:13:12,           1-11,5,-9.6,13217.548,18692,0,1,                                        ,                                        ,                 H2O,1753877898,0.204,2.164,66.373,-0.001,0.02,1.574,213.337,-5.649,5.769,110.549,0.729,-17.519,0,0,1,43.5,1,11,5,20250722_TristanCaro,0,1
118,    P-2610,   2025/07/30 05:22:12,           1-11,6,-9.441,13215.6,18660,0,1,                                        ,                                        ,                 H2O,1753878438,0.201,2.204,66.053,0,0.03,1.571,211.718,-2.136,5.359,114.883,0.73,-16.642,0,0,1,43.438,1,11,5,20250722_TristanCaro,0,1
119,    P-2610,   2025/07/30 05:31:12,           1-11,7,-9.379,13221.418,18687,0,1,                                        ,                                        ,                 H2O,1753878978,0.189,2.243,66.957,0,0.029,1.593,211.717,-1.625,5.302,118.383,0.727,-16.353,0,0,1,43.438,1,11,5,20250722_TristanCaro,0,1
120,    P-2610,   2025/07/30 05:40:14,           1-11,8,-9.355,13220.741,18649,0,1,                                        ,                                        ,                 H2O,1753879519,0.195,2.313,66.985,0,0.028,1.604,211.166,-1.376,5.275,118.97,0.73,-16.05,0,0,1,43.438,1,11,5,20250722_TristanCaro,0,1
121,    P-2610,   2025/07/30 05:49:14,           1-11,9,-9.656,13218.635,18701,0,1,                                        ,                                        ,                 H2O,1753880060,0.186,2.241,67.419,0,0.03,1.603,213.471,-5.809,5.754,111.053,0.728,-17.582,0,0,1,43.438,1,11,5,20250722_TristanCaro,0,1
122,    P-2611,   2025/07/30 06:00:31,           1-12,1,-9.615,13327.126,19061,-1,1,                                        ,                                        ,                 H2O,1753880737,0.221,2.656,67.512,0.001,0.035,1.6,214.862,-3.156,5.523,118.21,0.73,-17.283,0,0,1,43.438,1,12,5,20250722_TristanCaro,0,1
123,    P-2611,   2025/07/30 06:09:31,           1-12,2,-9.419,13307.809,18612,-1,1,                                        ,                                        ,                 H2O,1753881277,0.203,2.029,66.551,0,0.019,1.586,211.119,-1.862,5.311,118.178,0.729,-16.207,0,0,1,43.438,1,12,5,20250722_TristanCaro,0,1
124,    P-2611,   2025/07/30 06:18:32,           1-12,3,-9.431,13338.884,18204,-1,1,                                        ,                                        ,                 H2O,1753881818,0.214,1.964,65.596,0,0.019,1.572,208.254,-1.633,5.196,116.132,0.729,-15.908,0,0,1,43.5,1,12,5,20250722_TristanCaro,0,1
125,    P-2611,   2025/07/30 06:27:32,           1-12,4,-9.69,13361.992,18530,0,1,                                        ,                                        ,                 H2O,1753882358,0.215,1.972,66.768,0,0.013,1.591,212.318,-5.996,5.778,111.251,0.729,-17.348,0,0,1,43.438,1,12,5,20250722_TristanCaro,0,1
126,    P-2611,   2025/07/30 06:36:32,           1-12,5,-9.49,13365.963,18326,0,1,                                        ,                                        ,                 H2O,1753882898,0.199,2.124,65.845,0.001,0.016,1.573,209.502,-2.25,5.306,114.609,0.728,-16.329,0,0,1,43.5,1,12,5,20250722_TristanCaro,0,1
127,    P-2611,   2025/07/30 06:45:32,           1-12,6,-9.473,13368.707,18727,0,1,                                        ,                                        ,                 H2O,1753883438,0.216,2.693,68.372,0.001,0.047,1.624,212.076,-1.565,5.329,117.315,0.729,-16.763,0,0,1,43.5,1,12,5,20250722_TristanCaro,0,1
128,    P-2611,   2025/07/30 06:54:33,           1-12,7,-9.432,13376.472,18689,0,1,                                        ,                                        ,                 H2O,1753883979,0.196,1.937,66.362,0,0.008,1.581,211.824,-2.099,5.356,118.268,0.729,-16.561,0,0,1,43.5,1,12,5,20250722_TristanCaro,0,1
129,    P-2611,   2025/07/30 07:03:34,           1-12,8,-9.504,13372.449,18685,0,1,                                        ,                                        ,                 H2O,1753884519,0.204,1.965,66.509,0,0.022,1.584,211.976,-1.943,5.362,116.13,0.729,-16.891,0,0,1,43.562,1,12,5,20250722_TristanCaro,0,1
130,    P-2611,   2025/07/30 07:12:34,           1-12,9,-9.513,13373.167,18703,0,1,                                        ,                                        ,                 H2O,1753885060,0.197,2.294,70.091,0,0.034,1.664,212.095,-2.049,5.37,116.328,0.729,-16.873,0,0,1,43.5,1,12,5,20250722_TristanCaro,0,1
131,    P-2612,   2025/07/30 07:23:51,           1-13,1,-9.502,13263.042,19102,-1,1,                                        ,                                        ,                 H2O,1753885737,0.2,2.313,66.707,0,0.02,1.591,214.704,-2.398,5.497,120.303,0.732,-16.998,0,0,1,43.562,1,13,5,20250722_TristanCaro,0,1
132,    P-2612,   2025/07/30 07:32:51,           1-13,2,-9.51,13221.445,18782,-1,1,                                        ,                                        ,                 H2O,1753886277,0.211,2.164,66.32,0,0.027,1.591,212.502,-2.04,5.365,118.12,0.729,-16.726,0,0,1,43.5,1,13,5,20250722_TristanCaro,0,1
133,    P-2612,   2025/07/30 07:41:52,           1-13,3,-9.445,13240.213,18715,-1,1,                                        ,                                        ,                 H2O,1753886818,0.181,1.943,66.759,0,0.014,1.591,212.086,-2.176,5.381,117.95,0.73,-16.747,0,0,1,43.562,1,13,5,20250722_TristanCaro,0,1
134,    P-2612,   2025/07/30 07:50:53,           1-13,4,-9.471,13255.607,18758,0,1,                                        ,                                        ,                 H2O,1753887358,0.214,2.006,67.211,-0.001,0.006,1.602,212.436,-2.188,5.383,118.154,0.73,-16.866,0,0,1,43.562,1,13,5,20250722_TristanCaro,0,1
135,    P-2612,   2025/07/30 07:59:53,           1-13,5,-9.482,13273.876,18711,0,1,                                        ,                                        ,                 H2O,1753887899,0.191,2.515,69.235,0,0.037,1.656,211.997,-1.739,5.342,117.549,0.73,-16.807,0,0,1,43.562,1,13,5,20250722_TristanCaro,0,1
136,    P-2612,   2025/07/30 08:08:53,           1-13,6,-9.473,13274.4,18729,0,1,                                        ,                                        ,                 H2O,1753888439,0.207,2.025,67.061,0,0.013,1.598,212.075,-1.808,5.342,118.099,0.73,-16.676,0,0,1,43.562,1,13,5,20250722_TristanCaro,0,1
137,    P-2612,   2025/07/30 08:17:54,           1-13,7,-9.475,13221.577,18705,0,1,                                        ,                                        ,                 H2O,1753888981,0.204,2.405,67.181,0.001,0.031,1.599,212.1,-2.625,5.401,117.958,0.731,-16.729,0,0,1,43.5,1,13,5,20250722_TristanCaro,0,1
138,    P-2612,   2025/07/30 08:26:54,           1-13,8,-9.475,13268.224,18716,0,1,                                        ,                                        ,                 H2O,1753889520,0.209,2.028,66.854,0,0.01,1.594,212.066,-2.171,5.378,118.903,0.732,-16.651,0,0,1,43.5,1,13,5,20250722_TristanCaro,0,1
139,    P-2612,   2025/07/30 08:35:54,           1-13,9,-9.46,13275.407,18748,0,1,                                        ,                                        ,                 H2O,1753890060,0.222,2.67,68.543,0.001,0.039,1.631,212.348,-2.205,5.407,117.544,0.73,-16.811,0,0,1,43.5,1,13,5,20250722_TristanCaro,0,1
140,    P-2613,   2025/07/30 08:47:12,           1-14,1,-9.353,13068.489,19054,-1,1,                                        ,                                        ,                 H2O,1753890738,0.199,3.691,69.851,0,0.075,1.657,214.476,-2.222,5.431,118.802,0.729,-16.742,0,0,1,43.5,1,14,5,20250722_TristanCaro,0,1
141,    P-2613,   2025/07/30 08:56:11,           1-14,2,-9.208,13014.86,18814,-1,1,                                        ,                                        ,                 H2O,1753891278,0.204,2.655,66.786,0.001,0.045,1.586,212.288,-0.885,5.241,118.931,0.728,-16.09,0,0,1,43.5,1,14,5,20250722_TristanCaro,0,1
142,    P-2613,   2025/07/30 09:05:13,           1-14,3,-9.198,13034.458,18093,-1,1,                                        ,                                        ,                 H2O,1753891818,0.206,2.593,66.322,0,0.043,1.575,207.119,-0.25,5.053,114.416,0.728,-15.381,0,0,1,43.5,1,14,5,20250722_TristanCaro,0,1
143,    P-2613,   2025/07/30 09:14:13,           1-14,4,-9.249,13051.92,18721,0,1,                                        ,                                        ,                 H2O,1753892359,0.216,2.398,66.465,0.001,0.036,1.574,211.837,-1.763,5.313,117.181,0.73,-16.217,0,0,1,43.5,1,14,5,20250722_TristanCaro,0,1
144,    P-2613,   2025/07/30 09:23:14,           1-14,5,-9.276,13057.518,18716,0,1,                                        ,                                        ,                 H2O,1753892900,0.211,2.427,67.647,0,0.037,1.604,211.685,-1.556,5.277,118.191,0.729,-16.16,0,0,1,43.5,1,14,5,20250722_TristanCaro,0,1
145,    P-2613,   2025/07/30 09:32:15,           1-14,6,-9.275,13060.402,18750,0,1,                                        ,                                        ,                 H2O,1753893441,0.214,2.313,66.912,0,0.031,1.587,212.096,-1.8,5.3,118.442,0.729,-16.287,0,0,1,43.5,1,14,5,20250722_TristanCaro,0,1
146,    P-2613,   2025/07/30 09:41:16,           1-14,7,-9.263,13060.422,18709,0,1,                                        ,                                        ,                 H2O,1753893982,0.234,2.328,67.206,-0.001,0.024,1.595,211.748,-1.148,5.256,117.363,0.728,-16.294,0,0,1,43.438,1,14,5,20250722_TristanCaro,0,1
147,    P-2613,   2025/07/30 09:50:16,           1-14,8,-9.287,13058.949,18723,0,1,                                        ,                                        ,                 H2O,1753894521,0.217,2.69,68.161,0.001,0.048,1.618,211.802,-1.179,5.261,116.996,0.728,-16.283,0,0,1,43.562,1,14,5,20250722_TristanCaro,0,1
148,    P-2613,   2025/07/30 09:59:16,           1-14,9,-9.248,13062.253,18726,0,1,                                        ,                                        ,                 H2O,1753895062,0.188,2.155,66.904,0,0.024,1.603,211.863,-1.145,5.283,115.989,0.728,-16.398,0,0,1,43.5,1,14,5,20250722_TristanCaro,0,1
149,    P-2614,   2025/07/30 10:10:31,           1-15,1,-9.486,13125.082,19052,-1,1,                                        ,                                        ,                 H2O,1753895736,0.214,3.097,68.667,0.001,0.052,1.639,214.49,-1.69,5.378,117.16,0.728,-17.169,0,0,1,43.5,1,15,5,20250722_TristanCaro,0,1
150,    P-2614,   2025/07/30 10:19:32,           1-15,2,-9.621,13103.283,18786,-1,1,                                        ,                                        ,                 H2O,1753896278,0.193,1.882,66.525,0.001,0.018,1.578,214.13,-5.953,5.825,111.03,0.729,-17.587,0,0,1,43.5,1,15,5,20250722_TristanCaro,0,1
151,    P-2614,   2025/07/30 10:28:32,           1-15,3,-9.375,13123.728,18396,-1,1,                                        ,                                        ,                 H2O,1753896818,0.199,2.417,68.038,0,0.039,1.621,209.581,-1.974,5.301,115.433,0.729,-15.86,0,0,1,43.5,1,15,5,20250722_TristanCaro,0,1
152,    P-2614,   2025/07/30 10:37:32,           1-15,4,-9.354,13154.216,18682,0,1,                                        ,                                        ,                 H2O,1753897358,0.202,2.145,66.204,0,0.02,1.574,211.702,-1.459,5.291,116.717,0.731,-16.526,0,0,1,43.5,1,15,5,20250722_TristanCaro,0,1
153,    P-2614,   2025/07/30 10:46:32,           1-15,5,-9.324,13161.187,18323,0,1,                                        ,                                        ,                 H2O,1753897898,0.202,2.151,65.517,0,0.021,1.566,208.887,-1.038,5.175,115.868,0.727,-15.806,0,0,1,43.5,1,15,5,20250722_TristanCaro,0,1
154,    P-2614,   2025/07/30 10:55:32,           1-15,6,-9.385,13164.423,18689,0,1,                                        ,                                        ,                 H2O,1753898438,0.206,2.411,68.291,0,0.035,1.631,211.539,-1.271,5.25,118.474,0.727,-16.243,0,0,1,43.438,1,15,5,20250722_TristanCaro,0,1
155,    P-2614,   2025/07/30 11:04:33,           1-15,7,-9.36,13166.392,18504,0,1,                                        ,                                        ,                 H2O,1753898978,0.205,2.021,66.238,0.001,0.024,1.572,210.457,-1.744,5.255,117.191,0.728,-16.066,0,0,1,43.5,1,15,5,20250722_TristanCaro,0,1
156,    P-2614,   2025/07/30 11:13:33,           1-15,8,-9.402,13165.979,18668,0,1,                                        ,                                        ,                 H2O,1753899519,0.208,1.993,65.854,0,0.013,1.57,211.446,-1.703,5.294,118.206,0.729,-16.151,0,0,1,43.438,1,15,5,20250722_TristanCaro,0,1
157,    P-2614,   2025/07/30 11:22:33,           1-15,9,-9.339,13169.727,18652,0,1,                                        ,                                        ,                 H2O,1753900059,0.202,1.887,66.129,0,0.005,1.574,211.248,-1.453,5.261,118.816,0.73,-16.025,0,0,1,43.438,1,15,5,20250722_TristanCaro,0,1
158,    P-2615,   2025/07/30 11:33:48,           1-16,1,-9.86,13262.325,19104,-1,1,                                        ,                                        ,                 H2O,1753900734,0.21,1.998,67.086,0,0.007,1.589,216.514,-8.161,5.801,127.902,0.729,-16.86,0,0,1,43.438,1,16,5,20250722_TristanCaro,0,1
159,    P-2615,   2025/07/30 11:42:49,           1-16,2,-9.568,13235.85,18676,-1,1,                                        ,                                        ,                 H2O,1753901275,0.213,2.297,67.809,0.001,0.034,1.611,211.844,-2.875,5.368,120.228,0.728,-16.255,0,0,1,43.375,1,16,5,20250722_TristanCaro,0,1
160,    P-2615,   2025/07/30 11:51:48,           1-16,3,-9.479,13265.922,18538,-1,1,                                        ,                                        ,                 H2O,1753901814,0.187,1.891,65.605,0,0.003,1.567,210.721,-1.647,5.282,117.024,0.728,-16.297,0,0,1,43.438,1,16,5,20250722_TristanCaro,0,1
161,    P-2615,   2025/07/30 12:00:48,           1-16,4,-9.524,13290.779,18721,0,1,                                        ,                                        ,                 H2O,1753902354,0.183,2.331,69.218,0.001,0.025,1.646,211.959,-2.132,5.369,118.389,0.728,-16.349,0,0,1,43.438,1,16,5,20250722_TristanCaro,0,1
162,    P-2615,   2025/07/30 12:09:49,           1-16,5,-9.756,13299.046,18750,0,1,                                        ,                                        ,                 H2O,1753902894,0.211,1.854,66.493,0,0.001,1.582,214.006,-6.641,5.893,111.607,0.73,-17.807,0,0,1,43.5,1,16,5,20250722_TristanCaro,0,1
163,    P-2615,   2025/07/30 12:18:48,           1-16,6,-9.605,13301.831,18763,0,1,                                        ,                                        ,                 H2O,1753903434,0.219,1.905,66.576,0,0,1.585,213.129,-3.326,5.494,115.194,0.731,-17.302,0,0,1,43.5,1,16,5,20250722_TristanCaro,0,1
164,    P-2615,   2025/07/30 12:27:48,           1-16,7,-9.499,13303.035,18732,0,1,                                        ,                                        ,                 H2O,1753903974,0.22,1.869,66.709,0.001,0.005,1.586,211.984,-2.29,5.378,118.547,0.731,-16.344,0,0,1,43.562,1,16,5,20250722_TristanCaro,0,1
165,    P-2615,   2025/07/30 12:36:49,           1-16,8,-9.501,13302.696,18774,0,1,                                        ,                                        ,                 H2O,1753904514,0.216,1.883,66.879,0.001,0.014,1.593,212.394,-1.995,5.347,118.58,0.729,-16.6,0,0,1,43.625,1,16,5,20250722_TristanCaro,0,1
166,    P-2615,   2025/07/30 12:45:49,           1-16,9,-9.894,13301.53,18744,0,1,                                        ,                                        ,                 H2O,1753905055,0.194,1.785,68.112,-0.001,0.007,1.615,214.174,-7.51,5.684,123.573,0.729,-16.888,0,0,1,43.625,1,16,5,20250722_TristanCaro,0,1
167,    P-2616,   2025/07/30 12:57:05,           1-17,1,              ,              ,              ,        ,     ,                                        ,                                        ,                 H2O,              ,              ,              ,              ,              ,              ,              ,              ,              ,              ,              ,              ,              ,              ,              ,     ,              ,1,17,5,20250722_TristanCaro,0,1
168,    P-2616,   2025/07/30 13:07:09,           1-17,2,-9.497,13017.249,18662,-1,1,                                        ,                                        ,                 H2O,1753906335,0.196,3.112,60.699,0.001,0.056,1.451,211.943,-3.177,5.359,119.788,0.731,-16.147,0,0,1,43.688,1,17,5,20250722_TristanCaro,0,1
169,    P-2616,   2025/07/30 13:16:09,           1-17,3,-9.447,13039.261,18677,-1,1,                                        ,                                        ,                 H2O,1753906875,0.198,1.973,64.459,0,-0.014,1.53,211.781,-1.967,5.332,118.725,0.732,-16.524,0,0,1,43.75,1,17,5,20250722_TristanCaro,0,1
170,    P-2616,   2025/07/30 13:25:09,           1-17,4,-9.456,13054.291,18744,0,1,                                        ,                                        ,                 H2O,1753907415,0.188,2.062,64.889,0,-0.01,1.544,212.047,-1.994,5.389,118.676,0.734,-16.501,0,0,1,43.812,1,17,5,20250722_TristanCaro,0,1
171,    P-2616,   2025/07/30 13:34:10,           1-17,5,-9.808,13059.141,18740,0,1,                                        ,                                        ,                 H2O,1753907956,0.211,2.045,64.373,0.001,-0.004,1.535,213.804,-7.492,5.68,125.586,0.732,-16.552,0,0,1,43.812,1,17,5,20250722_TristanCaro,0,1
172,    P-2616,   2025/07/30 13:43:10,           1-17,6,-9.899,13061.78,18754,0,1,                                        ,                                        ,                 H2O,1753908496,0.206,2.052,65.409,0.001,-0.004,1.562,214.403,-7.835,5.722,124.46,0.731,-16.95,0,0,1,43.812,1,17,5,20250722_TristanCaro,0,1
173,    P-2616,   2025/07/30 13:52:11,           1-17,7,-9.545,13061.866,18733,0,1,                                        ,                                        ,                 H2O,1753909038,0.184,2.064,67.205,0,0.01,1.604,212.472,-3.474,5.451,121.104,0.735,-16.496,0,0,1,43.938,1,17,5,20250722_TristanCaro,0,1
174,    P-2616,   2025/07/30 14:01:11,           1-17,8,-9.456,13060.051,18750,0,1,                                        ,                                        ,                 H2O,1753909577,0.2,2.04,65.946,0,-0.008,1.567,212.351,-2.524,5.405,119.769,0.734,-16.615,0,0,1,43.938,1,17,5,20250722_TristanCaro,0,1
175,    P-2616,   2025/07/30 14:10:12,           1-17,9,-9.445,13065.317,18746,0,1,                                        ,                                        ,                 H2O,1753910118,0.222,1.961,67.058,0.001,0.01,1.59,212.074,-1.725,5.345,119.449,0.733,-16.509,0,0,1,43.938,1,17,5,20250722_TristanCaro,0,1
176,    P-2617,   2025/07/30 14:21:28,           1-18,1,-9.309,13049.052,19137,-1,1,                                        ,                                        ,                 H2O,1753910794,0.179,2.835,65.794,0.001,0.051,1.558,215.018,-1.748,5.408,118.367,0.734,-16.966,0,0,1,43.938,1,18,5,20250722_TristanCaro,0,1
177,    P-2617,   2025/07/30 14:30:28,           1-18,2,-9.308,12985.711,18799,-1,1,                                        ,                                        ,                 H2O,1753911335,0.184,2.149,66.239,0,0.033,1.581,212.493,-1.584,5.301,116.598,0.732,-16.489,0,0,1,43.938,1,18,5,20250722_TristanCaro,0,1
178,    P-2617,   2025/07/30 14:39:28,           1-18,3,-9.555,13013.543,18752,-1,1,                                        ,                                        ,                 H2O,1753911874,0.198,2.216,66.139,0,0.027,1.58,213.551,-5.517,5.745,111.776,0.732,-17.165,0,0,1,44,1,18,5,20250722_TristanCaro,0,1
179,    P-2617,   2025/07/30 14:48:29,           1-18,4,-9.584,13029.548,18768,0,1,                                        ,                                        ,                 H2O,1753912415,0.198,2.102,67.186,0,0.02,1.599,214.036,-6.256,5.926,109.387,0.733,-17.506,0,0,1,44,1,18,5,20250722_TristanCaro,0,1
180,    P-2617,   2025/07/30 14:57:29,           1-18,5,-9.609,13034.875,18752,0,1,                                        ,                                        ,                 H2O,1753912955,0.212,2.215,67.182,0.001,0.024,1.594,214.285,-7.065,5.988,109.627,0.733,-17.661,0,0,1,44,1,18,5,20250722_TristanCaro,0,1
181,    P-2617,   2025/07/30 15:06:29,           1-18,6,-9.33,13040.441,18769,0,1,                                        ,                                        ,                 H2O,1753913496,0.195,2.023,65.615,0.001,0.01,1.556,212.626,-2.672,5.422,115.866,0.733,-16.582,0,0,1,43.875,1,18,5,20250722_TristanCaro,0,1
182,    P-2617,   2025/07/30 15:15:29,           1-18,7,-9.288,13036.438,18745,0,1,                                        ,                                        ,                 H2O,1753914035,0.201,2.122,66.736,0,0.022,1.585,211.867,-1.163,5.256,117.47,0.732,-16.18,0,0,1,43.875,1,18,5,20250722_TristanCaro,0,1
183,    P-2617,   2025/07/30 15:24:30,           1-18,8,-9.256,13040.671,18789,0,1,                                        ,                                        ,                 H2O,1753914576,0.197,1.775,66.221,0,0.008,1.574,212.109,-1.332,5.279,118.982,0.731,-16.068,0,0,1,43.938,1,18,5,20250722_TristanCaro,0,1
184,    P-2617,   2025/07/30 15:33:30,           1-18,9,-9.346,13035.109,18750,0,1,                                        ,                                        ,                 H2O,1753915116,0.206,2.703,70.585,0.001,0.043,1.684,211.99,-1.47,5.291,117.615,0.732,-16.242,0,0,1,43.938,1,18,5,20250722_TristanCaro,0,1
185,    P-2618,   2025/07/30 15:44:47,           1-19,1,-9.556,12868.775,19159,-1,1,                                        ,                                        ,                 H2O,1753915794,0.221,2.404,66.435,0.001,0.036,1.58,215.819,-3.752,5.621,114.956,0.733,-17.266,0,0,1,43.875,1,19,5,20250722_TristanCaro,0,1
186,    P-2618,   2025/07/30 15:53:49,           1-19,2,-9.434,12824.971,18847,-1,1,                                        ,                                        ,                 H2O,1753916335,0.188,2.343,66.714,0,0.032,1.584,212.699,-1.519,5.283,117.533,0.732,-16.215,0,0,1,43.938,1,19,5,20250722_TristanCaro,0,1
187,    P-2618,   2025/07/30 16:02:49,           1-19,3,-9.669,12856.359,18790,-1,1,                                        ,                                        ,                 H2O,1753916875,0.193,1.771,66.933,0,0.013,1.595,214.113,-5.749,5.785,110.06,0.733,-17.442,0,0,1,43.875,1,19,5,20250722_TristanCaro,0,1
188,    P-2618,   2025/07/30 16:11:50,           1-19,4,-9.493,12868.728,18737,0,1,                                        ,                                        ,                 H2O,1753917416,0.214,2.057,65.964,0.001,0.022,1.575,212.367,-2.154,5.353,113.906,0.731,-16.585,0,0,1,43.938,1,19,5,20250722_TristanCaro,0,1
189,    P-2618,   2025/07/30 16:20:49,           1-19,5,-9.675,12875.593,18795,0,1,                                        ,                                        ,                 H2O,1753917956,0.208,2.024,66.85,0,0.021,1.596,213.968,-5.715,5.79,110.721,0.732,-17.215,0,0,1,43.938,1,19,5,20250722_TristanCaro,0,1
190,    P-2618,   2025/07/30 16:29:49,           1-19,6,-9.49,12878.658,18758,0,1,                                        ,                                        ,                 H2O,1753918495,0.192,1.804,66.49,0,0.014,1.585,212.464,-2.235,5.366,114.957,0.732,-16.419,0,0,1,43.938,1,19,5,20250722_TristanCaro,0,1
191,    P-2618,   2025/07/30 16:38:49,           1-19,7,-9.459,12879.435,18766,0,1,                                        ,                                        ,                 H2O,1753919036,0.193,1.811,66.863,0,0.017,1.596,212.15,-1.149,5.243,115.772,0.732,-16.331,0,0,1,43.875,1,19,5,20250722_TristanCaro,0,1
192,    P-2618,   2025/07/30 16:47:50,           1-19,8,-9.401,12880.571,18757,0,1,                                        ,                                        ,                 H2O,1753919576,0.189,1.893,67.382,0,0.017,1.603,211.97,-0.824,5.225,116.534,0.731,-16.196,0,0,1,43.875,1,19,5,20250722_TristanCaro,0,1
193,    P-2618,   2025/07/30 16:56:50,           1-19,9,-9.445,12879.756,18794,0,1,                                        ,                                        ,                 H2O,1753920116,0.199,2.07,66.962,0.001,0.025,1.602,212.299,-1.045,5.261,116.429,0.73,-16.26,0,0,1,43.812,1,19,5,20250722_TristanCaro,0,1
194,    P-2619,   2025/07/30 17:08:07,           1-20,1,-9.512,13220.681,19164,-1,1,                                        ,                                        ,                 H2O,1753920794,0.209,1.955,66.571,0.001,0.002,1.581,215.213,-2.602,5.51,120.231,0.732,-16.933,0,0,1,43.75,1,20,5,20250722_TristanCaro,0,1
195,    P-2619,   2025/07/30 17:17:07,           1-20,2,-9.442,13223.609,18681,-1,1,                                        ,                                        ,                 H2O,1753921333,0.187,1.798,66.359,0.001,-0.009,1.579,211.654,-1.845,5.324,117.783,0.731,-16.354,0,0,1,43.688,1,20,5,20250722_TristanCaro,0,1
196,    P-2619,   2025/07/30 17:26:07,           1-20,3,-9.484,13257.894,18739,-1,1,                                        ,                                        ,                 H2O,1753921873,0.216,1.882,66.661,0.001,-0.007,1.589,212.159,-2.123,5.359,117.933,0.733,-16.514,0,0,1,43.688,1,20,5,20250722_TristanCaro,0,1
197,    P-2619,   2025/07/30 17:35:08,           1-20,4,-9.754,13277.405,18797,0,1,                                        ,                                        ,                 H2O,1753922414,0.198,2.036,67.482,0,-0.004,1.603,214.382,-6.389,5.878,110.783,0.732,-17.925,0,0,1,43.688,1,20,5,20250722_TristanCaro,0,1
198,    P-2619,   2025/07/30 17:44:08,           1-20,5,-9.548,13288.57,18774,0,1,                                        ,                                        ,                 H2O,1753922954,0.212,1.949,67.119,0.001,-0.009,1.596,212.885,-3.221,5.468,116.717,0.731,-16.93,0,0,1,43.625,1,20,5,20250722_TristanCaro,0,1
199,    P-2619,   2025/07/30 17:53:10,           1-20,6,-9.507,13289.417,18758,0,1,                                        ,                                        ,                 H2O,1753923496,0.201,1.951,67.718,0,-0.012,1.614,212.364,-2.123,5.345,118.15,0.733,-16.611,0,0,1,43.625,1,20,5,20250722_TristanCaro,0,1
200,    P-2619,   2025/07/30 18:02:10,           1-20,7,-9.507,13292.93,18802,0,1,                                        ,                                        ,                 H2O,1753924036,0.196,1.93,66.342,0.001,-0.009,1.578,212.537,-2.105,5.366,119.007,0.731,-16.532,0,0,1,43.562,1,20,5,20250722_TristanCaro,0,1
201,    P-2619,   2025/07/30 18:11:10,           1-20,8,-9.493,13292.319,18742,0,1,                                        ,                                        ,                 H2O,1753924576,0.237,1.902,66.958,0,-0.002,1.593,212.241,-1.81,5.339,117.199,0.73,-16.714,0,0,1,43.625,1,20,5,20250722_TristanCaro,0,1
202,    P-2619,   2025/07/30 18:20:10,           1-20,9,-9.487,13297.335,18776,0,1,                                        ,                                        ,                 H2O,1753925116,0.215,2.08,66.643,0,-0.012,1.592,212.464,-2.126,5.368,118.291,0.731,-16.576,0,0,1,43.562,1,20,5,20250722_TristanCaro,0,1
203,    P-2620,   2025/07/30 18:31:27,           1-21,1,-9.526,13229.995,19202,-1,1,                                        ,                                        ,                 H2O,1753925794,0.214,1.975,67.136,0,0.005,1.596,215.528,-2.604,5.506,120.947,0.731,-16.993,0,0,1,43.5,1,21,5,20250722_TristanCaro,0,1
204,    P-2620,   2025/07/30 18:40:27,           1-21,2,-9.441,13200.587,18838,-1,1,                                        ,                                        ,                 H2O,1753926333,0.205,1.754,66.421,0.001,0.001,1.578,212.652,-2.052,5.369,119.124,0.731,-16.422,0,0,1,43.562,1,21,5,20250722_TristanCaro,0,1
205,    P-2620,   2025/07/30 18:49:28,           1-21,3,-9.489,13230.489,18812,-1,1,                                        ,                                        ,                 H2O,1753926874,0.219,2.019,66.318,0,-0.007,1.588,212.586,-1.493,5.35,117.396,0.729,-16.613,0,0,1,43.562,1,21,5,20250722_TristanCaro,0,1
206,    P-2620,   2025/07/30 18:58:28,           1-21,4,-9.533,13246.747,18793,0,1,                                        ,                                        ,                 H2O,1753927413,0.231,1.79,66.343,0,-0.002,1.578,212.797,-2.413,5.397,117.855,0.731,-16.867,0,0,1,43.562,1,21,5,20250722_TristanCaro,0,1
207,    P-2620,   2025/07/30 19:07:27,           1-21,5,-9.739,13252.144,18817,0,1,                                        ,                                        ,                 H2O,1753927954,0.194,1.869,67.384,-0.001,0.002,1.605,214.332,-5.683,5.811,110.42,0.729,-17.913,0,0,1,43.562,1,21,5,20250722_TristanCaro,0,1
208,    P-2620,   2025/07/30 19:16:28,           1-21,6,-9.54,13254.387,18800,0,1,                                        ,                                        ,                 H2O,1753928493,0.19,1.898,67.092,0,0,1.596,212.718,-2.521,5.438,116.754,0.73,-16.677,0,0,1,43.5,1,21,5,20250722_TristanCaro,0,1
209,    P-2620,   2025/07/30 19:25:28,           1-21,7,-9.502,13257.02,18789,0,1,                                        ,                                        ,                 H2O,1753929034,0.204,1.904,66.801,0,0,1.586,212.621,-1.844,5.357,116.984,0.729,-16.83,0,0,1,43.562,1,21,5,20250722_TristanCaro,0,1
210,    P-2620,   2025/07/30 19:34:28,           1-21,8,-9.457,13259.986,18753,0,1,                                        ,                                        ,                 H2O,1753929574,0.209,1.97,66.779,0.001,0.006,1.598,212.046,-2.277,5.384,119.471,0.73,-16.241,0,0,1,43.5,1,21,5,20250722_TristanCaro,0,1
211,    P-2620,   2025/07/30 19:43:28,           1-21,9,-9.696,13258.431,18792,0,1,                                        ,                                        ,                 H2O,1753930114,0.208,1.897,67.308,0,0,1.603,214.033,-5.878,5.819,111.798,0.729,-17.545,0,0,1,43.5,1,21,5,20250722_TristanCaro,0,1
212,    P-2621,   2025/07/30 19:54:42,           1-22,1,-9.393,12799.48,19118,-1,1,                                        ,                                        ,                 H2O,1753930788,0.208,2.832,66.66,0,0.05,1.581,214.802,-1.885,5.413,117.383,0.729,-16.665,0,0,1,43.5,1,22,5,20250722_TristanCaro,0,1
213,    P-2621,   2025/07/30 20:03:42,           1-22,2,-9.335,12734.82,18789,-1,1,                                        ,                                        ,                 H2O,1753931328,0.227,3.19,68.825,0,0.063,1.64,212.174,-0.751,5.197,116.623,0.729,-16.079,0,0,1,43.5,1,22,5,20250722_TristanCaro,0,1
214,    P-2621,   2025/07/30 20:12:41,           1-22,3,-9.301,12762.692,18739,-1,1,                                        ,                                        ,                 H2O,1753931867,0.215,2.318,66.088,0.001,0.033,1.582,211.801,-1.298,5.242,117.345,0.73,-15.841,0,0,1,43.438,1,22,5,20250722_TristanCaro,0,1
215,    P-2621,   2025/07/30 20:21:42,           1-22,4,-9.304,12775.444,18709,0,1,                                        ,                                        ,                 H2O,1753932407,0.209,2.39,66.743,0,0.033,1.592,211.613,-0.912,5.214,116.335,0.729,-16.01,0,0,1,43.5,1,22,5,20250722_TristanCaro,0,1
216,    P-2621,   2025/07/30 20:30:43,           1-22,5,-9.292,12781.34,18712,0,1,                                        ,                                        ,                 H2O,1753932949,0.203,2.01,67.523,0,0.02,1.601,211.637,-1.093,5.218,117.27,0.73,-15.924,0,0,1,43.5,1,22,5,20250722_TristanCaro,0,1
217,    P-2621,   2025/07/30 20:39:43,           1-22,6,-9.311,12782.906,18749,0,1,                                        ,                                        ,                 H2O,1753933489,0.208,2.26,67.051,0,0.024,1.592,211.968,-0.747,5.229,115.134,0.728,-16.205,0,0,1,43.5,1,22,5,20250722_TristanCaro,0,1
218,    P-2621,   2025/07/30 20:48:44,           1-22,7,-9.306,12779.734,18740,0,1,                                        ,                                        ,                 H2O,1753934030,0.219,1.897,66.604,0,0.012,1.587,211.764,-0.438,5.19,115.488,0.729,-16.157,0,0,1,43.562,1,22,5,20250722_TristanCaro,0,1
219,    P-2621,   2025/07/30 20:57:44,           1-22,8,-9.298,12780.478,18684,0,1,                                        ,                                        ,                 H2O,1753934570,0.219,1.865,67.142,0,0.017,1.595,211.472,-0.454,5.173,115.839,0.728,-16.164,0,0,1,43.5,1,22,5,20250722_TristanCaro,0,1
220,    P-2621,   2025/07/30 21:06:44,           1-22,9,-9.324,12781.532,18687,0,1,                                        ,                                        ,                 H2O,1753935111,0.202,1.893,66.331,0,0.01,1.59,211.583,-0.868,5.227,115.073,0.729,-16.263,0,0,1,43.5,1,22,5,20250722_TristanCaro,0,1
221,    P-2622,   2025/07/30 21:17:59,           1-23,1,-9.356,12722.918,19032,-1,1,                                        ,                                        ,                 H2O,1753935785,0.199,2.164,65.798,0.001,0.003,1.567,213.945,-1.406,5.34,119.766,0.73,-16.503,0,0,1,43.5,1,23,5,20250722_TristanCaro,0,1
222,    P-2622,   2025/07/30 21:26:59,           1-23,2,-9.351,12700.997,18781,-1,1,                                        ,                                        ,                 H2O,1753936325,0.207,2.054,69.22,0.001,0.015,1.638,212.08,-1.373,5.287,118.427,0.731,-16.181,0,0,1,43.5,1,23,5,20250722_TristanCaro,0,1
223,    P-2622,   2025/07/30 21:35:59,           1-23,3,-9.415,12735.199,18709,-1,1,                                        ,                                        ,                 H2O,1753936865,0.207,2.083,68.378,0.001,0.015,1.631,211.744,-1.517,5.293,117.441,0.729,-16.277,0,0,1,43.5,1,23,5,20250722_TristanCaro,0,1
224,    P-2622,   2025/07/30 21:44:59,           1-23,4,-9.641,12748.367,18676,0,1,                                        ,                                        ,                 H2O,1753937405,0.194,1.931,67.087,0,-0.008,1.597,213.33,-5.864,5.772,110.869,0.73,-17.504,0,0,1,43.5,1,23,5,20250722_TristanCaro,0,1
225,    P-2622,   2025/07/30 21:53:59,           1-23,5,-9.438,12759.841,18721,0,1,                                        ,                                        ,                 H2O,1753937945,0.208,2.123,66.363,0,0.001,1.575,212.135,-2.217,5.382,116.222,0.728,-16.558,0,0,1,43.5,1,23,5,20250722_TristanCaro,0,1
226,    P-2622,   2025/07/30 22:02:58,           1-23,6,-9.377,12760.991,18741,0,1,                                        ,                                        ,                 H2O,1753938484,0.212,1.777,67.174,0,0.002,1.6,211.819,-1.152,5.255,118.156,0.727,-16.209,0,0,1,43.562,1,23,5,20250722_TristanCaro,0,1
227,    P-2622,   2025/07/30 22:11:58,           1-23,7,-9.38,12759.427,18715,0,1,                                        ,                                        ,                 H2O,1753939024,0.205,2.085,67.873,0.001,0.016,1.621,211.786,-1.754,5.32,117.791,0.732,-16.352,0,0,1,43.562,1,23,5,20250722_TristanCaro,0,1
228,    P-2622,   2025/07/30 22:20:58,           1-23,8,-9.387,12756.352,18665,0,1,                                        ,                                        ,                 H2O,1753939564,0.209,1.938,66.736,0.001,0.003,1.589,211.517,-2.023,5.354,116.538,0.73,-16.307,0,0,1,43.562,1,23,5,20250722_TristanCaro,0,1
229,    P-2622,   2025/07/30 22:29:58,           1-23,9,-9.389,12764.941,18698,0,1,                                        ,                                        ,                 H2O,1753940104,0.215,2.066,66.184,0,-0.017,1.573,211.9,-2.045,5.331,117.11,0.731,-16.454,0,0,1,43.5,1,23,5,20250722_TristanCaro,0,1
230,    P-2623,   2025/07/30 22:41:14,           1-24,1,-9.541,12931.262,19207,-1,1,                                        ,                                        ,                 H2O,1753940779,0.202,2.115,66.761,-0.001,0.021,1.589,215.4,-2.023,5.42,119.611,0.73,-16.76,0,0,1,43.562,1,24,5,20250722_TristanCaro,0,1
231,    P-2623,   2025/07/30 22:50:14,           1-24,2,-9.475,12885.284,18633,-1,1,                                        ,                                        ,                 H2O,1753941320,0.199,2.014,66.136,0,0.019,1.579,210.915,-0.747,5.188,117.204,0.728,-15.848,0,0,1,43.562,1,24,5,20250722_TristanCaro,0,1
232,    P-2623,   2025/07/30 22:59:14,           1-24,3,-9.527,12914.612,18719,-1,1,                                        ,                                        ,                 H2O,1753941860,0.206,1.985,66.062,0,0.014,1.569,211.817,-1.471,5.273,116.542,0.728,-16.173,0,0,1,43.562,1,24,5,20250722_TristanCaro,0,1
233,    P-2623,   2025/07/30 23:08:14,           1-24,4,-9.554,12930.608,18686,0,1,                                        ,                                        ,                 H2O,1753942400,0.206,2.239,67.95,0,0.024,1.619,211.596,-1.04,5.225,115.407,0.729,-16.334,0,0,1,43.688,1,24,5,20250722_TristanCaro,0,1
234,    P-2623,   2025/07/30 23:17:14,           1-24,5,-9.482,12934.895,18713,0,1,                                        ,                                        ,                 H2O,1753942940,0.204,2.058,66.484,0,0.009,1.585,211.541,-0.717,5.222,116.712,0.729,-16.059,0,0,1,43.562,1,24,5,20250722_TristanCaro,0,1
235,    P-2623,   2025/07/30 23:26:15,           1-24,6,-9.524,12936.84,18710,0,1,                                        ,                                        ,                 H2O,1753943481,0.201,1.918,67.354,0,0.017,1.598,211.758,-1.302,5.253,116.592,0.729,-16.257,0,0,1,43.562,1,24,5,20250722_TristanCaro,0,1
236,    P-2623,   2025/07/30 23:35:15,           1-24,7,-9.546,12940.009,18727,0,1,                                        ,                                        ,                 H2O,1753944021,0.231,1.936,66.606,0,0.001,1.579,212.035,-1.42,5.293,115.938,0.729,-16.346,0,0,1,43.562,1,24,5,20250722_TristanCaro,0,1
237,    P-2623,   2025/07/30 23:44:15,           1-24,8,-9.523,12937.535,18680,0,1,                                        ,                                        ,                 H2O,1753944561,0.195,2.077,66.092,0.001,0.018,1.568,211.501,-1.012,5.209,117.086,0.729,-16.124,0,0,1,43.562,1,24,5,20250722_TristanCaro,0,1
238,    P-2623,   2025/07/30 23:53:15,           1-24,9,-9.478,12940.769,18717,0,1,                                        ,                                        ,                 H2O,1753945101,0.221,1.922,66.769,0.001,0.007,1.583,211.469,-0.907,5.218,118.865,0.729,-15.786,0,0,1,43.562,1,24,5,20250722_TristanCaro,0,1
239,    P-2624,   2025/07/31 00:04:31,           1-25,1,-9.563,12942.562,19074,-1,1,                                        ,                                        ,                 H2O,1753945777,0.189,1.928,66.307,0.001,0.017,1.581,214.388,-1.521,5.35,118.662,0.729,-16.673,0,0,1,43.562,1,25,5,20250722_TristanCaro,0,1
240,    P-2624,   2025/07/31 00:13:31,           1-25,2,-9.465,12919.845,18772,-1,1,                                        ,                                        ,                 H2O,1753946317,0.196,1.85,66.208,0,0.005,1.576,211.944,-1.219,5.263,118.187,0.73,-15.995,0,0,1,43.438,1,25,5,20250722_TristanCaro,0,1
241,    P-2624,   2025/07/31 00:22:31,           1-25,3,-9.554,12952.323,18721,-1,1,                                        ,                                        ,                 H2O,1753946857,0.207,1.882,66.315,0,-0.002,1.583,212.2,-1.994,5.339,114.754,0.728,-16.578,0,0,1,43.562,1,25,5,20250722_TristanCaro,0,1
242,    P-2624,   2025/07/31 00:31:31,           1-25,4,-9.513,12966.901,18729,0,1,                                        ,                                        ,                 H2O,1753947397,0.209,1.875,65.419,0,0,1.561,211.722,-1.497,5.248,118.586,0.729,-15.983,0,0,1,43.5,1,25,5,20250722_TristanCaro,0,1
243,    P-2624,   2025/07/31 00:40:32,           1-25,5,-9.83,12970.755,18723,0,1,                                        ,                                        ,                 H2O,1753947937,0.183,1.879,67.068,0,-0.005,1.593,213.201,-6.401,5.571,124.495,0.728,-15.984,0,0,1,43.5,1,25,5,20250722_TristanCaro,0,1
244,    P-2624,   2025/07/31 00:49:32,           1-25,6,-9.579,12975.712,18713,0,1,                                        ,                                        ,                 H2O,1753948478,0.204,1.935,65.811,0.001,0.006,1.569,212.119,-2.308,5.311,118.205,0.729,-16.28,0,0,1,43.562,1,25,5,20250722_TristanCaro,0,1
245,    P-2624,   2025/07/31 00:58:32,           1-25,7,-9.495,12979.655,18735,0,1,                                        ,                                        ,                 H2O,1753949018,0.223,1.89,66.179,0,0.003,1.579,211.903,-1.163,5.267,117.008,0.728,-16.234,0,0,1,43.5,1,25,5,20250722_TristanCaro,0,1
246,    P-2624,   2025/07/31 01:07:32,           1-25,8,-9.469,12980.071,18700,0,1,                                        ,                                        ,                 H2O,1753949558,0.212,1.724,67.266,0.001,0.002,1.601,211.546,-1.202,5.283,116.571,0.731,-16.131,0,0,1,43.5,1,25,5,20250722_TristanCaro,0,1
247,    P-2624,   2025/07/31 01:16:33,           1-25,9,-9.499,12980.472,18751,0,1,                                        ,                                        ,                 H2O,1753950099,0.21,1.926,65.913,0,-0.006,1.571,211.949,-1.476,5.292,117.948,0.729,-16.117,0,0,1,43.5,1,25,5,20250722_TristanCaro,0,1
248,    P-2625,   2025/07/31 01:27:48,           1-26,1,-9.362,12716.69,19122,-1,1,                                        ,                                        ,                 H2O,1753950774,0.194,1.992,66.647,0,0.025,1.581,214.627,-1.564,5.34,118.238,0.729,-16.469,0,0,1,43.5,1,26,5,20250722_TristanCaro,0,1
249,    P-2625,   2025/07/31 01:36:48,           1-26,2,-9.285,12673.727,18806,-1,1,                                        ,                                        ,                 H2O,1753951314,0.213,2.029,66.756,0,0.02,1.582,212.297,-0.995,5.231,117.434,0.73,-15.971,0,0,1,43.5,1,26,5,20250722_TristanCaro,0,1
250,    P-2625,   2025/07/31 01:45:48,           1-26,3,-9.286,12699.679,18754,-1,1,                                        ,                                        ,                 H2O,1753951855,0.21,1.917,66.182,0,0.014,1.574,211.822,-0.728,5.214,117.191,0.73,-15.877,0,0,1,43.5,1,26,5,20250722_TristanCaro,0,1
251,    P-2625,   2025/07/31 01:54:49,           1-26,4,-9.317,12711.188,18759,0,1,                                        ,                                        ,                 H2O,1753952395,0.205,1.747,66.23,0,0.011,1.576,211.86,-0.86,5.232,116.708,0.73,-15.838,0,0,1,43.562,1,26,5,20250722_TristanCaro,0,1
252,    P-2625,   2025/07/31 02:03:50,           1-26,5,-9.292,12719.307,18737,0,1,                                        ,                                        ,                 H2O,1753952935,0.227,2.152,66.428,0,0.011,1.583,211.614,-0.298,5.167,116.86,0.729,-15.81,0,0,1,43.5,1,26,5,20250722_TristanCaro,0,1
253,    P-2625,   2025/07/31 02:12:50,           1-26,6,-9.291,12718.796,18743,0,1,                                        ,                                        ,                 H2O,1753953475,0.219,1.805,67.755,-0.001,0.008,1.614,211.678,-0.636,5.184,117.287,0.73,-15.766,0,0,1,43.5,1,26,5,20250722_TristanCaro,0,1
254,    P-2625,   2025/07/31 02:21:50,           1-26,7,-9.304,12718.001,18767,0,1,                                        ,                                        ,                 H2O,1753954016,0.193,1.74,66.039,0,0.011,1.574,211.732,-0.848,5.238,117.248,0.73,-15.671,0,0,1,43.562,1,26,5,20250722_TristanCaro,0,1
255,    P-2625,   2025/07/31 02:30:49,           1-26,8,-9.305,12719.21,18732,0,1,                                        ,                                        ,                 H2O,1753954555,0.199,1.918,67.623,0,0.021,1.603,211.664,-0.434,5.178,116.228,0.729,-15.918,0,0,1,43.562,1,26,5,20250722_TristanCaro,0,1
256,    P-2625,   2025/07/31 02:39:50,           1-26,9,-9.329,12719.057,18752,0,1,                                        ,                                        ,                 H2O,1753955096,0.218,1.931,66.907,0,0.006,1.592,211.901,-0.512,5.18,115.492,0.727,-16.147,0,0,1,43.5,1,26,5,20250722_TristanCaro,0,1
257,    P-2626,   2025/07/31 02:51:05,           1-27,1,-9.548,12721.143,19142,-1,1,                                        ,                                        ,                 H2O,1753955772,0.199,2.008,66.545,0,0.015,1.584,214.719,-1.069,5.324,118.467,0.731,-16.424,0,0,1,43.5,1,27,5,20250722_TristanCaro,0,1
258,    P-2626,   2025/07/31 03:00:06,           1-27,2,-9.427,12698.778,18845,-1,1,                                        ,                                        ,                 H2O,1753956312,0.211,1.892,66.608,0.001,0.006,1.577,212.72,-1.213,5.255,116.811,0.73,-16.185,0,0,1,43.5,1,27,5,20250722_TristanCaro,0,1
259,    P-2626,   2025/07/31 03:09:06,           1-27,3,-9.414,12729.178,18767,-1,1,                                        ,                                        ,                 H2O,1753956852,0.206,1.762,66.413,0,0.004,1.58,211.862,-0.329,5.178,116.128,0.73,-15.987,0,0,1,43.5,1,27,5,20250722_TristanCaro,0,1
260,    P-2626,   2025/07/31 03:18:06,           1-27,4,-9.43,12744.145,18786,0,1,                                        ,                                        ,                 H2O,1753957392,0.21,1.964,66.695,0,0.007,1.583,212.15,-1.097,5.259,116.965,0.728,-16.038,0,0,1,43.562,1,27,5,20250722_TristanCaro,0,1
261,    P-2626,   2025/07/31 03:27:06,           1-27,5,-9.447,12748.929,18757,0,1,                                        ,                                        ,                 H2O,1753957932,0.214,1.792,66.241,0,0.004,1.579,211.839,-0.49,5.178,116.298,0.73,-15.975,0,0,1,43.562,1,27,5,20250722_TristanCaro,0,1
262,    P-2626,   2025/07/31 03:36:06,           1-27,6,-9.421,12753.628,18761,0,1,                                        ,                                        ,                 H2O,1753958472,0.191,1.647,66.377,0,0.002,1.585,211.763,-0.396,5.173,116.919,0.728,-15.87,0,0,1,43.562,1,27,5,20250722_TristanCaro,0,1
263,    P-2626,   2025/07/31 03:45:07,           1-27,7,-9.466,12751.592,18747,0,1,                                        ,                                        ,                 H2O,1753959013,0.187,2.016,68.414,0,0.023,1.636,211.711,-0.558,5.202,116.944,0.727,-15.946,0,0,1,43.5,1,27,5,20250722_TristanCaro,0,1
264,    P-2626,   2025/07/31 03:54:07,           1-27,8,-9.76,12751.564,18772,0,1,                                        ,                                        ,                 H2O,1753959553,0.195,1.881,67.03,0,0.009,1.594,213.517,-6.203,5.548,122.987,0.727,-15.896,0,0,1,43.75,1,27,5,20250722_TristanCaro,0,1
265,    P-2626,   2025/07/31 04:03:07,           1-27,9,-9.481,12757.536,18760,0,1,                                        ,                                        ,                 H2O,1753960093,0.212,1.822,67.625,0,-0.006,1.602,212.279,-2.042,5.304,117.671,0.73,-16.081,0,0,1,43.625,1,27,5,20250722_TristanCaro,0,1
266,    P-2627,   2025/07/31 04:14:23,           1-28,1,-9.56,12905.123,19087,-1,1,                                        ,                                        ,                 H2O,1753960769,0.204,2.073,66.737,0,0.004,1.582,214.373,-1.472,5.34,119.461,0.729,-16.5,0,0,1,43.562,1,28,5,20250722_TristanCaro,0,1
267,    P-2627,   2025/07/31 04:23:23,           1-28,2,-9.476,12896.559,18710,-1,1,                                        ,                                        ,                 H2O,1753961309,0.21,1.945,66.751,0,-0.011,1.59,211.813,-1.248,5.267,115.69,0.729,-16.342,0,0,1,43.5,1,28,5,20250722_TristanCaro,0,1
268,    P-2627,   2025/07/31 04:32:23,           1-28,3,-9.493,12930.371,18764,-1,1,                                        ,                                        ,                 H2O,1753961849,0.199,1.802,66.386,0,-0.007,1.585,212.057,-1.359,5.284,117.768,0.728,-16.062,0,0,1,43.5,1,28,5,20250722_TristanCaro,0,1
269,    P-2627,   2025/07/31 04:41:23,           1-28,4,-9.479,12946.732,18773,0,1,                                        ,                                        ,                 H2O,1753962389,0.226,1.943,66.348,0,-0.007,1.581,212.057,-1.247,5.245,118.119,0.729,-16.126,0,0,1,43.5,1,28,5,20250722_TristanCaro,0,1
270,    P-2627,   2025/07/31 04:50:24,           1-28,5,-9.492,12953.499,18768,0,1,                                        ,                                        ,                 H2O,1753962930,0.201,2.133,67.214,0,-0.014,1.596,212.122,-1.304,5.251,118.036,0.729,-16.177,0,0,1,43.5,1,28,5,20250722_TristanCaro,0,1
271,    P-2627,   2025/07/31 04:59:24,           1-28,6,-9.483,12956.527,18781,0,1,                                        ,                                        ,                 H2O,1753963470,0.215,1.941,65.964,0.001,-0.002,1.566,212.123,-0.924,5.243,117.767,0.728,-16.125,0,0,1,43.562,1,28,5,20250722_TristanCaro,0,1
272,    P-2627,   2025/07/31 05:08:24,           1-28,7,-9.434,12961.401,18781,0,1,                                        ,                                        ,                 H2O,1753964010,0.221,1.941,67.096,0,-0.015,1.591,211.989,-0.796,5.26,117.945,0.73,-16.041,0,0,1,43.5,1,28,5,20250722_TristanCaro,0,1
273,    P-2627,   2025/07/31 05:17:24,           1-28,8,-9.499,12960.523,18764,0,1,                                        ,                                        ,                 H2O,1753964550,0.212,1.902,66.896,0,-0.01,1.59,212.177,-0.919,5.229,116.336,0.728,-16.453,0,0,1,43.5,1,28,5,20250722_TristanCaro,0,1
274,    P-2627,   2025/07/31 05:26:28,           1-28,9,-9.53,12957.867,18777,0,1,                                        ,                                        ,                 H2O,1753965094,0.208,2.324,70.405,0.001,0.029,1.68,212.207,-1.221,5.26,116.755,0.729,-16.343,0,0,1,43.625,1,28,5,20250722_TristanCaro,0,1
275,    P-2628,   2025/07/31 05:37:41,           1-29,1,-9.883,12948.383,18883,-1,1,                                        ,                                        ,                 H2O,1753965767,0.215,2.066,66.81,0,0.024,1.587,214.583,-6.816,5.627,124.56,0.728,-16.083,0,0,1,43.562,1,29,5,20250722_TristanCaro,0,1
276,    P-2628,   2025/07/31 05:46:42,           1-29,2,-9.251,12923.832,19350,-1,1,                                        ,                                        ,                 H2O,1753966308,0.22,2.582,67.144,0.001,0.047,1.59,216.589,-1.778,5.382,118.069,0.73,-16.674,0,0,1,43.562,1,29,5,20250722_TristanCaro,0,1
277,    P-2628,   2025/07/31 05:55:42,           1-29,3,-9.453,12954.107,18794,-1,1,                                        ,                                        ,                 H2O,1753966848,0.209,1.904,66.861,0,0.01,1.592,212.186,-1.146,5.246,117.286,0.731,-15.859,0,0,1,43.562,1,29,5,20250722_TristanCaro,0,1
278,    P-2628,   2025/07/31 06:04:42,           1-29,4,-9.503,12972.539,18367,0,1,                                        ,                                        ,                 H2O,1753967388,0.196,2.042,68.451,0,0.02,1.637,209.006,0.08,5.056,114.148,0.727,-15.585,0,0,1,43.562,1,29,5,20250722_TristanCaro,0,1
279,    P-2628,   2025/07/31 06:13:41,           1-29,5,-9.497,12974.176,18679,0,1,                                        ,                                        ,                 H2O,1753967927,0.198,1.885,66.236,0,-0.003,1.58,211.37,-0.807,5.197,116.209,0.729,-15.903,0,0,1,43.5,1,29,5,20250722_TristanCaro,0,1
280,    P-2628,   2025/07/31 06:22:41,           1-29,6,-9.503,12979.839,18701,0,1,                                        ,                                        ,                 H2O,1753968468,0.194,1.913,67.1,0,0.008,1.6,211.549,-0.829,5.207,116.6,0.729,-15.957,0,0,1,43.5,1,29,5,20250722_TristanCaro,0,1
281,    P-2628,   2025/07/31 06:31:41,           1-29,7,-9.519,12982.459,18721,0,1,                                        ,                                        ,                 H2O,1753969007,0.204,1.999,67.196,0,0.009,1.601,211.52,-0.707,5.199,117.343,0.73,-15.836,0,0,1,43.5,1,29,5,20250722_TristanCaro,0,1
282,    P-2628,   2025/07/31 06:40:41,           1-29,8,-9.51,12982.303,18748,0,1,                                        ,                                        ,                 H2O,1753969547,0.21,1.785,67.412,0,-0.002,1.6,211.763,-0.577,5.19,116.977,0.728,-16.033,0,0,1,43.5,1,29,5,20250722_TristanCaro,0,1
283,    P-2628,   2025/07/31 06:49:41,           1-29,9,-9.848,12981.909,18666,0,1,                                        ,                                        ,                 H2O,1753970087,0.213,1.974,66.91,0,0.004,1.593,212.759,-5.636,5.486,122.287,0.726,-15.947,0,0,1,43.562,1,29,5,20250722_TristanCaro,0,1
284,    P-2629,   2025/07/31 07:00:57,           1-01,1,-10.567,1431.66,19367,-1,1,                                        ,                                        ,                 H2O,1753970764,0.112,41.236,70.181,0.001,0.974,1.666,207.044,22.362,3.154,102.232,0.722,-1.893,0,0,1,43.5,1,1,6,20250722_TristanCaro,0,1
285,    P-2629,   2025/07/31 07:09:58,           1-01,2,-10.858,549.643,18840,-1,1,                                        ,                                        ,                 H2O,1753971304,0.107,39.26,66.962,0,0.933,1.592,202.361,28.205,2.532,92.226,0.721,-1.608,0,0,1,43.5,1,1,6,20250722_TristanCaro,0,1
286,    P-2629,   2025/07/31 07:18:59,           1-01,3,-10.921,364.046,18675,-1,1,                                        ,                                        ,                 H2O,1753971845,0.107,33.532,68.05,0.001,0.801,1.626,201.133,29.289,2.399,89.173,0.721,-1.713,0,0,1,43.5,1,1,6,20250722_TristanCaro,0,1
287,    P-2629,   2025/07/31 07:28:00,           1-01,4,-10.933,275.528,18408,0,1,                                        ,                                        ,                 H2O,1753972386,0.105,29.42,66.458,0.001,0.699,1.58,199.438,29.028,2.346,88.236,0.721,-1.58,0,0,1,43.5,1,1,6,20250722_TristanCaro,0,1
288,    P-2629,   2025/07/31 07:37:00,           1-01,5,-10.907,225.987,18674,0,1,                                        ,                                        ,                 H2O,1753972926,0.101,26.325,66.894,0.001,0.625,1.589,201.01,29.792,2.366,88.856,0.721,-1.611,0,0,1,43.5,1,1,6,20250722_TristanCaro,0,1
289,    P-2629,   2025/07/31 07:46:01,           1-01,6,-10.969,185.193,18435,0,1,                                        ,                                        ,                 H2O,1753973468,0.101,24.144,66.541,0,0.574,1.582,199.885,25.98,2.685,95.183,0.721,-0.629,0,0,1,43.5,1,1,6,20250722_TristanCaro,0,1
290,    P-2629,   2025/07/31 07:55:02,           1-01,7,-10.938,157.008,18547,0,1,                                        ,                                        ,                 H2O,1753974008,0.087,22.152,66.325,0,0.528,1.583,200.429,28.856,2.412,89.31,0.722,-1.437,0,0,1,43.562,1,1,6,20250722_TristanCaro,0,1
291,    P-2629,   2025/07/31 08:04:03,           1-01,8,-10.919,138.795,18686,0,1,                                        ,                                        ,                 H2O,1753974549,0.102,20.634,65.858,0,0.49,1.564,201.139,30.045,2.34,88.092,0.722,-1.645,0,0,1,43.5,1,1,6,20250722_TristanCaro,0,1
292,    P-2629,   2025/07/31 08:13:03,           1-01,9,-10.954,123.124,18389,0,1,                                        ,                                        ,                 H2O,1753975089,0.099,19.46,65.496,0,0.463,1.559,199.134,29.856,2.296,87.013,0.72,-1.511,0,0,1,43.5,1,1,6,20250722_TristanCaro,0,1
293,    P-2630,   2025/07/31 08:24:21,           1-02,1,-10.484,3166.778,18883,-1,1,                                        ,                                        ,                 H2O,1753975766,0.115,6.444,65.483,0.001,0.152,1.556,205.139,22.141,2.938,91.562,0.721,-5.212,0,0,1,43.5,1,2,6,20250722_TristanCaro,0,1
294,    P-2630,   2025/07/31 08:33:22,           1-02,2,-10.477,3382.827,18811,-1,1,                                        ,                                        ,                 H2O,1753976308,0.117,6.701,66.393,0.001,0.159,1.576,204.705,21.201,3.026,92.499,0.722,-5.25,0,0,1,43.5,1,2,6,20250722_TristanCaro,0,1
295,    P-2630,   2025/07/31 08:42:22,           1-02,3,-10.484,3433.199,18588,-1,1,                                        ,                                        ,                 H2O,1753976848,0.108,7.545,66.246,0.001,0.179,1.573,203.411,21.087,2.974,91.049,0.721,-5.348,0,0,1,43.562,1,2,6,20250722_TristanCaro,0,1
296,    P-2630,   2025/07/31 08:51:23,           1-02,4,-10.482,3455.252,18613,0,1,                                        ,                                        ,                 H2O,1753977389,0.112,8.088,66.317,0,0.193,1.583,203.55,20.792,3.013,92.223,0.721,-5.261,0,0,1,43.438,1,2,6,20250722_TristanCaro,0,1
297,    P-2630,   2025/07/31 09:00:24,           1-02,5,-10.466,3464.867,18469,0,1,                                        ,                                        ,                 H2O,1753977930,0.114,8.276,66.427,0.001,0.198,1.591,202.861,20.921,2.927,89.893,0.722,-5.539,0,0,1,43.5,1,2,6,20250722_TristanCaro,0,1
298,    P-2630,   2025/07/31 09:09:24,           1-02,6,-10.598,3467.995,18557,0,1,                                        ,                                        ,                 H2O,1753978470,0.106,8.425,66.924,0,0.2,1.589,204.146,16.405,3.295,98.207,0.722,-4.681,0,0,1,43.562,1,2,6,20250722_TristanCaro,0,1
299,    P-2630,   2025/07/31 09:18:25,           1-02,7,-10.507,3469.98,18445,0,1,                                        ,                                        ,                 H2O,1753979011,0.11,8.396,66.641,0,0.199,1.583,202.63,19.871,3.051,92.472,0.722,-5.037,0,0,1,43.562,1,2,6,20250722_TristanCaro,0,1
300,    P-2630,   2025/07/31 09:27:26,           1-02,8,-10.493,3469.39,18331,0,1,                                        ,                                        ,                 H2O,1753979552,0.113,8.207,65.656,0,0.196,1.567,201.716,21.264,2.928,88.553,0.721,-5.405,0,0,1,43.438,1,2,6,20250722_TristanCaro,0,1
301,    P-2630,   2025/07/31 09:36:27,           1-02,9,-10.507,3468.504,18566,0,1,                                        ,                                        ,                 H2O,1753980093,0.119,8.25,66.94,0.001,0.197,1.598,203.393,21.045,2.952,90.576,0.721,-5.524,0,0,1,43.438,1,2,6,20250722_TristanCaro,0,1
302,    P-2631,   2025/07/31 09:47:45,           1-03,1,-9.99,7508.255,19137,-1,1,                                        ,                                        ,                 H2O,1753980771,0.16,6.547,66.418,0,-0.147,1.574,210.792,10.747,4.024,102.438,0.723,-10.564,0,0,1,43.375,1,3,6,20250722_TristanCaro,0,1
303,    P-2631,   2025/07/31 09:56:46,           1-03,2,-9.947,7803.663,18713,-1,1,                                        ,                                        ,                 H2O,1753981312,0.158,6.288,65.832,0,-0.147,1.566,208.131,10.029,4.026,100.028,0.724,-10.821,0,0,1,43.438,1,3,6,20250722_TristanCaro,0,1
304,    P-2631,   2025/07/31 10:05:47,           1-03,3,-9.918,7890.701,18717,-1,1,                                        ,                                        ,                 H2O,1753981853,0.154,4.471,66.572,0,-0.103,1.585,208.099,10.099,4.004,101.721,0.723,-10.752,0,0,1,43.438,1,3,6,20250722_TristanCaro,0,1
305,    P-2631,   2025/07/31 10:14:47,           1-03,4,-10.13,7930.698,18540,0,1,                                        ,                                        ,                 H2O,1753982394,0.15,2.765,66.069,0,-0.06,1.573,208.124,4.919,4.323,107.989,0.723,-10.118,0,0,1,43.5,1,3,6,20250722_TristanCaro,0,1
306,    P-2631,   2025/07/31 10:23:48,           1-03,5,-9.98,7952.019,18635,0,1,                                        ,                                        ,                 H2O,1753982934,0.162,2.025,66.572,0,-0.042,1.584,208.012,8.797,4.108,101.539,0.723,-10.773,0,0,1,43.5,1,3,6,20250722_TristanCaro,0,1
307,    P-2631,   2025/07/31 10:32:49,           1-03,6,-9.921,7965.978,18622,0,1,                                        ,                                        ,                 H2O,1753983475,0.155,1.421,66.878,0,-0.024,1.593,207.608,9.769,4.006,101.169,0.723,-10.777,0,0,1,43.5,1,3,6,20250722_TristanCaro,0,1
308,    P-2631,   2025/07/31 10:41:49,           1-03,7,-9.925,7975.141,18615,0,1,                                        ,                                        ,                 H2O,1753984015,0.151,1.068,66.611,0,-0.011,1.587,207.512,9.628,4.017,101.591,0.723,-10.721,0,0,1,43.5,1,3,6,20250722_TristanCaro,0,1
309,    P-2631,   2025/07/31 10:50:49,           1-03,8,-9.925,7983.953,18621,0,1,                                        ,                                        ,                 H2O,1753984555,0.159,1.109,66.111,0,-0.008,1.58,207.735,9.829,4.004,100.065,0.724,-11.027,0,0,1,43.562,1,3,6,20250722_TristanCaro,0,1
310,    P-2631,   2025/07/31 10:59:50,           1-03,9,-9.931,7985.986,18606,0,1,                                        ,                                        ,                 H2O,1753985096,0.166,1.033,66.304,0.001,0.004,1.578,207.395,10.18,3.981,100.571,0.723,-10.785,0,0,1,43.438,1,3,6,20250722_TristanCaro,0,1
311,    P-2632,   2025/07/31 11:11:08,           1-04,1,-8.562,17987.524,19010,-1,1,                                        ,                                        ,                 H2O,1753985774,0.262,37.56,65.368,0.001,-0.883,1.553,216.719,-11.592,6.627,136.332,0.746,-21.203,0,0,1,43.5,1,4,6,20250722_TristanCaro,0,1
312,    P-2632,   2025/07/31 11:20:09,           1-04,2,-8.536,18701.656,18666,-1,1,                                        ,                                        ,                 H2O,1753986315,0.293,35.58,68.262,-0.002,-0.84,1.62,214.811,-12.36,6.686,134.192,0.746,-21.811,0,0,1,43.562,1,4,6,20250722_TristanCaro,0,1
313,    P-2632,   2025/07/31 11:29:10,           1-04,3,-8.495,18929.969,18752,-1,1,                                        ,                                        ,                 H2O,1753986856,0.279,29.391,67.389,-0.001,-0.688,1.59,215.451,-12.923,6.791,135.632,0.75,-22.042,0,0,1,43.5,1,4,6,20250722_TristanCaro,0,1
314,    P-2632,   2025/07/31 11:38:11,           1-04,4,-8.487,19033.862,18664,0,1,                                        ,                                        ,                 H2O,1753987397,0.269,25.074,67.137,0,-0.589,1.594,214.85,-12.974,6.753,136.244,0.746,-21.938,0,0,1,43.5,1,4,6,20250722_TristanCaro,0,1
315,    P-2632,   2025/07/31 11:47:12,           1-04,5,-8.499,19092.285,18692,0,1,                                        ,                                        ,                 H2O,1753987938,0.279,22.197,67.072,0,-0.521,1.593,215.153,-13.518,6.826,136.343,0.755,-22.037,0,0,1,43.562,1,4,6,20250722_TristanCaro,0,1
316,    P-2632,   2025/07/31 11:56:14,           1-04,6,-8.465,19130.328,18660,0,1,                                        ,                                        ,                 H2O,1753988480,0.291,20.322,67.033,0,-0.476,1.598,214.696,-12.968,6.781,137.21,0.751,-21.796,0,0,1,43.562,1,4,6,20250722_TristanCaro,0,1
317,    P-2632,   2025/07/31 12:05:14,           1-04,7,-8.523,19152.766,18661,0,1,                                        ,                                        ,                 H2O,1753989020,0.252,17.27,69.544,0.001,-0.402,1.657,214.937,-13.58,6.834,137.043,0.756,-21.912,0,0,1,43.562,1,4,6,20250722_TristanCaro,0,1
318,    P-2632,   2025/07/31 12:14:15,           1-04,8,-8.498,19175.484,18617,0,1,                                        ,                                        ,                 H2O,1753989561,0.263,16.934,66.99,0,-0.397,1.599,214.603,-13.613,6.819,137.1,0.75,-21.861,0,0,1,43.625,1,4,6,20250722_TristanCaro,0,1
319,    P-2632,   2025/07/31 12:23:16,           1-04,9,-8.499,19197.098,18620,0,1,                                        ,                                        ,                 H2O,1753990101,0.276,15.262,66.799,0.001,-0.355,1.598,214.711,-13.663,6.817,136.922,0.751,-22.017,0,0,1,43.562,1,4,6,20250722_TristanCaro,0,1
320,    P-2633,   2025/07/31 12:34:33,           1-05,1,-5.719,37022.661,18979,-1,1,                                        ,                                        ,                 H2O,1753990780,0.533,77.352,66.971,-0.001,-1.81,1.594,224.959,-45.589,11.7,199.305,1.236,-37.089,0,0,1,43.562,1,5,6,20250722_TristanCaro,0,1
321,    P-2633,   2025/07/31 12:43:35,           1-05,2,-5.468,38384.176,18672,-1,1,                                        ,                                        ,                 H2O,1753991321,0.471,76.956,71.279,-0.001,-1.793,1.679,223.204,-47.029,11.835,199.457,1.166,-37.716,0,0,1,43.5,1,5,6,20250722_TristanCaro,0,1
322,    P-2633,   2025/07/31 12:52:36,           1-05,3,-5.276,38805.837,18633,-1,1,                                        ,                                        ,                 H2O,1753991861,0.544,67.165,67.865,0.001,-1.542,1.591,222.553,-47.211,11.916,201.491,1.283,-37.389,0,0,1,43.5,1,5,6,20250722_TristanCaro,0,1
323,    P-2633,   2025/07/31 13:01:36,           1-05,4,-5.367,39001.726,18632,0,1,                                        ,                                        ,                 H2O,1753992400,0.485,59.316,65.53,0.001,-1.358,1.547,223.054,-47.717,11.98,201.647,1.256,-38.062,0,0,1,43.438,1,5,6,20250722_TristanCaro,0,1
324,    P-2633,   2025/07/31 13:10:37,           1-05,5,-5.343,39104.842,18581,0,1,                                        ,                                        ,                 H2O,1753992942,0.557,56.371,67.788,0,-1.266,1.587,222.557,-48.004,11.977,202.549,1.241,-37.788,0,0,1,43.438,1,5,6,20250722_TristanCaro,0,1
325,    P-2633,   2025/07/31 13:19:37,           1-05,6,-5.604,39186.789,18654,0,1,                                        ,                                        ,                 H2O,1753993484,0.525,53.602,70.258,0,-1.184,1.62,224.266,-49.857,12.1,201.542,1.345,-39.185,0,0,1,43.375,1,5,6,20250722_TristanCaro,0,1
326,    P-2633,   2025/07/31 13:28:37,           1-05,7,-5.354,39228.828,18634,0,1,                                        ,                                        ,                 H2O,1753994026,0.512,47.304,67.569,0.002,-1.041,1.565,223.322,-48.581,12.039,200.194,1.289,-38.421,0,0,1,43.375,1,5,6,20250722_TristanCaro,0,1
327,    P-2633,   2025/07/31 13:37:38,           1-05,8,-5.154,39284.19,18518,0,1,                                        ,                                        ,                 H2O,1753994562,0.505,43.419,64.954,0.002,-0.967,1.55,221.507,-47.417,11.947,201.378,1.3,-37.144,0,0,1,43.375,1,5,6,20250722_TristanCaro,0,1
328,    P-2633,   2025/07/31 13:46:38,           1-05,9,-5.249,39312.086,18679,0,1,                                        ,                                        ,                 H2O,1753995103,0.546,46.085,70.528,-0.002,-1.01,1.644,223.24,-47.8,12.046,201.414,1.202,-38.1,0,0,1,43.438,1,5,6,20250722_TristanCaro,0,1
329,    P-2634,   2025/07/31 13:58:54,           1-01,1,              ,              ,              ,        ,     ,                                        ,                                        ,                 H2O,              ,              ,              ,              ,              ,              ,              ,              ,              ,              ,              ,              ,              ,              ,              ,     ,              ,1,1,7,SyringeCleaning_NMP_mqH2O_5xRinse,0,1